etapa,arquivo,cenario,P_max,semente,P_realizada_media,mu_cog_medio,defeitos_gerados,S_UR_maximo,fracao_heuristica
confirmatorio,j6010_1.sm,centralizada,0.2,1000,0.1999999999999999,0.9746831265560854,12,16.5,0.180293501048218
confirmatorio,j6010_1.sm,centralizada,0.2,1001,0.2,0.9734344183440412,11,11.5,0.4241803278688524
confirmatorio,j6010_1.sm,centralizada,0.2,1002,0.1999999999999999,0.9871980430681452,14,11.5,0.2434782608695652
confirmatorio,j6010_1.sm,centralizada,0.2,1003,0.1999999999999999,0.9744135626267948,12,9.5,0.360587002096436
confirmatorio,j6010_1.sm,centralizada,0.2,1004,0.1999999999999999,0.9790922968719112,15,13.5,0.2557651991614256
confirmatorio,j6010_1.sm,centralizada,0.2,1005,0.1999999999999999,0.990509112013834,14,14.0,0.4043478260869565
confirmatorio,j6010_1.sm,centralizada,0.2,1006,0.2,0.969741203059313,10,10.0,0.1754032258064516
confirmatorio,j6010_1.sm,centralizada,0.2,1007,0.1999999999999999,0.9905275778865572,14,10.5,0.35
confirmatorio,j6010_1.sm,centralizada,0.2,1008,0.1999999999999999,0.9314375201777828,13,12.242047765003576,0.3653846153846153
confirmatorio,j6010_1.sm,centralizada,0.2,1009,0.1999999999999999,0.9875371122892266,16,16.5,0.2212765957446808
confirmatorio,j6010_1.sm,centralizada,0.2,1010,0.2,0.9835775103191052,18,10.0,0.4585152838427948
confirmatorio,j6010_1.sm,centralizada,0.2,1011,0.1999999999999999,0.9808427845159122,8,13.5,0.3006396588486141
confirmatorio,j6010_1.sm,centralizada,0.2,1012,0.1999999999999999,0.9760278612854956,14,12.5,0.4135802469135802
confirmatorio,j6010_1.sm,centralizada,0.2,1013,0.1999999999999999,0.9653268956086714,11,11.5,0.2028985507246377
confirmatorio,j6010_1.sm,centralizada,0.2,1014,0.1999999999999999,0.981078593089812,10,11.5,0.4968017057569296
confirmatorio,j6010_1.sm,centralizada,0.2,1015,0.1999999999999999,0.9797722070616244,9,7.0,0.3569892473118279
confirmatorio,j6010_1.sm,centralizada,0.2,1016,0.2,0.971709653456784,10,20.5,0.3458333333333333
confirmatorio,j6010_1.sm,centralizada,0.2,1017,0.1999999999999999,0.98665462496232,10,9.0,0.2633832976445396
confirmatorio,j6010_1.sm,centralizada,0.2,1018,0.1999999999999999,0.9826815608829352,14,16.5,0.2250530785562632
confirmatorio,j6010_1.sm,centralizada,0.2,1019,0.1999999999999999,0.9856395221248312,15,14.5,0.3660130718954248
confirmatorio,j6010_1.sm,centralizada,0.2,1020,0.1999999999999999,0.9870504118281026,15,18.0,0.3311827956989247
confirmatorio,j6010_1.sm,centralizada,0.2,1021,0.1999999999999999,0.9667250129635896,12,10.5,0.3140495867768595
confirmatorio,j6010_1.sm,centralizada,0.2,1022,0.1999999999999999,0.9662595716969496,11,16.921478309309936,0.282258064516129
confirmatorio,j6010_1.sm,centralizada,0.2,1023,0.1999999999999999,0.9807658271207588,10,13.0,0.3956989247311828
confirmatorio,j6010_1.sm,centralizada,0.2,1024,0.1999999999999999,0.952306017261541,13,9.85481202949346,0.2114624505928853
confirmatorio,j6010_1.sm,centralizada,0.2,1025,0.2,0.9887026367743668,13,16.5,0.4956521739130435
confirmatorio,j6010_1.sm,centralizada,0.2,1026,0.1999999999999999,0.9783677710107952,13,18.5,0.4076433121019108
confirmatorio,j6010_1.sm,centralizada,0.2,1027,0.1999999999999999,0.9861952325479152,15,17.0,0.2939914163090129
confirmatorio,j6010_1.sm,centralizada,0.2,1028,0.1999999999999999,0.9657827442147824,10,17.5,0.2422360248447205
confirmatorio,j6010_1.sm,centralizada,0.2,1029,0.1999999999999999,0.9845490323115328,10,6.5,0.3806451612903225
confirmatorio,j6010_1.sm,centralizada,0.2,1030,0.1999999999999999,0.9773154784932144,17,22.0,0.134453781512605
confirmatorio,j6010_1.sm,centralizada,0.2,1031,0.1999999999999999,0.9869710662554472,13,17.0,0.3354978354978355
confirmatorio,j6010_1.sm,centralizada,0.2,1032,0.2,0.9774978382820269,14,14.0,0.1524008350730689
confirmatorio,j6010_1.sm,centralizada,0.2,1033,0.1999999999999999,0.984697195125348,16,19.0,0.2933618843683083
confirmatorio,j6010_1.sm,centralizada,0.2,1034,0.1999999999999999,0.9810678515025634,12,11.5,0.1719745222929936
confirmatorio,j6010_1.sm,centralizada,0.2,1035,0.1999999999999999,0.9850643423435518,11,16.5,0.2872117400419287
confirmatorio,j6010_1.sm,centralizada,0.2,1036,0.1999999999999999,0.9780849365657716,16,11.5,0.3565400843881856
confirmatorio,j6010_1.sm,centralizada,0.2,1037,0.1999999999999999,0.9875906864321818,11,11.0,0.3134328358208955
confirmatorio,j6010_1.sm,centralizada,0.2,1038,0.1999999999999999,0.9885116564431958,8,9.5,0.4227467811158798
confirmatorio,j6010_1.sm,centralizada,0.2,1039,0.1999999999999999,0.99324771926747,17,10.5,0.526431718061674
confirmatorio,j6010_1.sm,centralizada,0.2,1040,0.1999999999999999,0.9805817515697028,16,14.5,0.3057851239669421
confirmatorio,j6010_1.sm,centralizada,0.2,1041,0.1999999999999999,0.9867877819633916,15,16.5,0.4236559139784946
confirmatorio,j6010_1.sm,centralizada,0.2,1042,0.1999999999999999,0.9824105204564936,16,17.5,0.1735537190082644
confirmatorio,j6010_1.sm,centralizada,0.2,1043,0.2,0.985908865797044,12,20.0,0.3628509719222462
confirmatorio,j6010_1.sm,centralizada,0.2,1044,0.2,0.9847042012393792,18,30.0,0.5032537960954447
confirmatorio,j6010_1.sm,centralizada,0.2,1045,0.2,0.987196328130188,12,15.0,0.485838779956427
confirmatorio,j6010_1.sm,centralizada,0.2,1046,0.1999999999999999,0.9821709276366342,14,17.5,0.4229934924078091
confirmatorio,j6010_1.sm,centralizada,0.2,1047,0.1999999999999999,0.973422915858992,11,13.5,0.3933054393305439
confirmatorio,j6010_1.sm,centralizada,0.2,1048,0.2,0.9733239132493972,12,14.0,0.2587991718426501
confirmatorio,j6010_1.sm,centralizada,0.2,1049,0.2,0.9827330851368824,11,11.5,0.3582089552238806
confirmatorio,j6010_1.sm,centralizada,0.2,1050,0.1999999999999999,0.9786000289268652,14,12.5,0.2648305084745763
confirmatorio,j6010_1.sm,centralizada,0.2,1051,0.1999999999999999,0.9524657242800026,20,22.85481202949346,0.3232323232323232
confirmatorio,j6010_1.sm,centralizada,0.2,1052,0.1999999999999999,0.9903657449473956,12,12.0,0.462719298245614
confirmatorio,j6010_1.sm,centralizada,0.2,1053,0.1999999999999999,0.9855739614300628,11,13.0,0.3679653679653679
confirmatorio,j6010_1.sm,centralizada,0.2,1054,0.1999999999999999,0.9596503013540508,8,11.685860299845544,0.4174950298210735
confirmatorio,j6010_1.sm,centralizada,0.2,1055,0.2,0.9712863976892528,9,7.5,0.1469979296066252
confirmatorio,j6010_1.sm,centralizada,0.2,1056,0.1999999999999999,0.9685326789372768,13,6.5,0.2809917355371901
confirmatorio,j6010_1.sm,centralizada,0.2,1057,0.2,0.9860380930166998,16,9.0,0.543046357615894
confirmatorio,j6010_1.sm,centralizada,0.2,1058,0.1999999999999999,0.9690989016713656,11,9.0,0.267223382045929
confirmatorio,j6010_1.sm,centralizada,0.2,1059,0.2,0.9599723568420008,19,13.5273109261843,0.367063492063492
confirmatorio,j6010_1.sm,centralizada,0.2,1060,0.1999999999999999,0.9880818330394768,15,22.5,0.3790849673202614
confirmatorio,j6010_1.sm,centralizada,0.2,1061,0.1999999999999999,0.983566329515494,13,12.0,0.2725321888412017
confirmatorio,j6010_1.sm,centralizada,0.2,1062,0.1999999999999999,0.9614271031626505,17,27.0,0.4291581108829568
confirmatorio,j6010_1.sm,centralizada,0.2,1063,0.1999999999999999,0.984440870276552,13,16.0,0.3771551724137931
confirmatorio,j6010_1.sm,centralizada,0.2,1064,0.2,0.9833731323799269,17,20.5,0.4451612903225806
confirmatorio,j6010_1.sm,centralizada,0.2,1065,0.2,0.9532333217793074,14,24.633091701276182,0.2144249512670565
confirmatorio,j6010_1.sm,centralizada,0.2,1066,0.2,0.9775762731103842,11,16.5,0.294238683127572
confirmatorio,j6010_1.sm,centralizada,0.2,1067,0.2,0.9828019931342636,13,13.5,0.4267515923566879
confirmatorio,j6010_1.sm,centralizada,0.2,1068,0.2,0.9895943954146472,9,7.5,0.3515283842794759
confirmatorio,j6010_1.sm,centralizada,0.2,1069,0.1999999999999999,0.982239004068016,10,8.0,0.2978723404255319
confirmatorio,j6010_1.sm,centralizada,0.2,1070,0.1999999999999999,0.9817064929313988,13,16.5,0.3723404255319149
confirmatorio,j6010_1.sm,centralizada,0.2,1071,0.1999999999999999,0.9714238903617956,10,11.0,0.2153209109730849
confirmatorio,j6010_1.sm,centralizada,0.2,1072,0.2,0.9847384607587414,9,11.5,0.4048140043763676
confirmatorio,j6010_1.sm,centralizada,0.2,1073,0.2,0.9846216676638884,13,14.0,0.4248927038626609
confirmatorio,j6010_1.sm,centralizada,0.2,1074,0.1999999999999999,0.9709005684830916,13,14.5,0.1033057851239669
confirmatorio,j6010_1.sm,centralizada,0.2,1075,0.1999999999999999,0.9904586414202992,12,20.5,0.4660831509846827
confirmatorio,j6010_1.sm,centralizada,0.2,1076,0.2,0.975082478424104,14,10.0,0.2871900826446281
confirmatorio,j6010_1.sm,centralizada,0.2,1077,0.1999999999999999,0.9894186523439532,12,16.0,0.5626373626373626
confirmatorio,j6010_1.sm,centralizada,0.2,1078,0.1999999999999999,0.986813818129033,10,13.5,0.2875536480686695
confirmatorio,j6010_1.sm,centralizada,0.2,1079,0.1999999999999999,0.9762568274450576,9,9.5,0.2165605095541401
confirmatorio,j6010_1.sm,centralizada,0.2,1080,0.1999999999999999,0.961304923027516,21,22.107999406712334,0.3205645161290322
confirmatorio,j6010_1.sm,centralizada,0.2,1081,0.1999999999999999,0.9745996915585092,9,10.0,0.2415966386554622
confirmatorio,j6010_1.sm,centralizada,0.2,1082,0.2,0.9890382255152156,15,20.5,0.514161220043573
confirmatorio,j6010_1.sm,centralizada,0.2,1083,0.1999999999999999,0.9737651966064124,14,14.5,0.266384778012685
confirmatorio,j6010_1.sm,centralizada,0.2,1084,0.2,0.9853894084413934,12,12.5,0.4090909090909091
confirmatorio,j6010_1.sm,centralizada,0.2,1085,0.1999999999999999,0.9712351677106243,11,16.0,0.36875
confirmatorio,j6010_1.sm,centralizada,0.2,1086,0.2,0.9780390134546936,19,22.5,0.2291666666666666
confirmatorio,j6010_1.sm,centralizada,0.2,1087,0.2,0.9735660914062828,9,10.03078710414239,0.3229166666666667
confirmatorio,j6010_1.sm,centralizada,0.2,1088,0.2,0.981300308010936,13,13.5,0.3143459915611814
confirmatorio,j6010_1.sm,centralizada,0.2,1089,0.2,0.9801621085523342,9,15.5,0.3961456102783726
confirmatorio,j6010_1.sm,centralizada,0.2,1090,0.1999999999999999,0.9822902989949096,17,11.0,0.4173728813559322
confirmatorio,j6010_1.sm,centralizada,0.2,1091,0.1999999999999999,0.9820671195401116,8,7.0,0.3540772532188841
confirmatorio,j6010_1.sm,centralizada,0.2,1092,0.2,0.9769073052523988,10,9.5,0.4291754756871035
confirmatorio,j6010_1.sm,centralizada,0.2,1093,0.1999999999999999,0.964762845059541,8,10.0,0.1038696537678207
confirmatorio,j6010_1.sm,centralizada,0.2,1094,0.2,0.9890983435655204,12,16.5,0.421978021978022
confirmatorio,j6010_1.sm,centralizada,0.2,1095,0.2,0.9742239908894416,17,13.5,0.2541322314049586
confirmatorio,j6010_1.sm,centralizada,0.2,1096,0.1999999999999999,0.957303622276374,14,11.5,0.1821862348178137
confirmatorio,j6010_1.sm,centralizada,0.2,1097,0.1999999999999999,0.9751490827452276,13,10.5,0.2515337423312883
confirmatorio,j6010_1.sm,centralizada,0.2,1098,0.2,0.9814435419898612,15,12.5,0.230607966457023
confirmatorio,j6010_1.sm,centralizada,0.2,1099,0.2,0.9869763752592456,9,9.5,0.5853131749460043
confirmatorio,j6010_1.sm,centralizada,0.4,1000,0.3128618604989942,0.9041533361490786,16,19.5,0.3611111111111111
confirmatorio,j6010_1.sm,centralizada,0.4,1001,0.3371724678004406,0.9443526390670316,14,11.5,0.4372549019607843
confirmatorio,j6010_1.sm,centralizada,0.4,1002,0.3210472195383591,0.9253727546234916,11,18.5,0.4
confirmatorio,j6010_1.sm,centralizada,0.4,1003,0.3498035641672856,0.9255052230303964,14,21.945685055187525,0.5866666666666667
confirmatorio,j6010_1.sm,centralizada,0.4,1004,0.307886431727714,0.9215349235069168,12,16.0,0.361376673040153
confirmatorio,j6010_1.sm,centralizada,0.4,1005,0.3405513726484014,0.9652252138416632,12,14.5,0.443010752688172
confirmatorio,j6010_1.sm,centralizada,0.4,1006,0.3222424061323297,0.9348991107778284,8,16.1925357816387,0.2935606060606061
confirmatorio,j6010_1.sm,centralizada,0.4,1007,0.3318978628146113,0.9321535031299604,10,9.5,0.4043392504930966
confirmatorio,j6010_1.sm,centralizada,0.4,1008,0.2985574819389369,0.9148535640228423,17,22.16514656477901,0.4040590405904059
confirmatorio,j6010_1.sm,centralizada,0.4,1009,0.3351554031492116,0.9682398514239876,17,16.5,0.2468879668049792
confirmatorio,j6010_1.sm,centralizada,0.4,1010,0.3500625623027566,0.9026490640036484,18,28.88483504315496,0.7070524412296564
confirmatorio,j6010_1.sm,centralizada,0.4,1011,0.3079333054946102,0.96399262708506,9,12.5,0.3270042194092827
confirmatorio,j6010_1.sm,centralizada,0.4,1012,0.3479104202081757,0.9238176341304593,22,29.118644340032205,0.4127579737335834
confirmatorio,j6010_1.sm,centralizada,0.4,1013,0.3130528143976017,0.9036950072473832,13,16.5,0.4510166358595194
confirmatorio,j6010_1.sm,centralizada,0.4,1014,0.32131384017927,0.9363651313895704,13,15.5,0.5109780439121756
confirmatorio,j6010_1.sm,centralizada,0.4,1015,0.3075215769329263,0.9412602269458632,9,8.0,0.3499005964214712
confirmatorio,j6010_1.sm,centralizada,0.4,1016,0.3194211726841862,0.9510004855331006,15,18.5,0.3095723014256619
confirmatorio,j6010_1.sm,centralizada,0.4,1017,0.3285941268728841,0.9411850944654327,7,5.0,0.3704453441295546
confirmatorio,j6010_1.sm,centralizada,0.4,1018,0.2907105677439532,0.9548138619593156,12,11.5,0.2721649484536082
confirmatorio,j6010_1.sm,centralizada,0.4,1019,0.3290628286142084,0.9249662098189338,16,20.5,0.4323809523809523
confirmatorio,j6010_1.sm,centralizada,0.4,1020,0.335492871755582,0.931135188569736,13,14.161934564168458,0.5209923664122137
confirmatorio,j6010_1.sm,centralizada,0.4,1021,0.3432071827094972,0.9134455057050528,14,12.38869118808208,0.5055350553505535
confirmatorio,j6010_1.sm,centralizada,0.4,1022,0.3001594803300857,0.9488207591261354,14,16.0,0.2822085889570552
confirmatorio,j6010_1.sm,centralizada,0.4,1023,0.32721186069666,0.9178830482779524,12,13.50825598577443,0.4555765595463138
confirmatorio,j6010_1.sm,centralizada,0.4,1024,0.2959665539824589,0.9286308120157188,12,9.0,0.2679611650485436
confirmatorio,j6010_1.sm,centralizada,0.4,1025,0.3400187958333641,0.92240390571444,12,11.0,0.5753424657534246
confirmatorio,j6010_1.sm,centralizada,0.4,1026,0.3270864330282101,0.9633125347912378,13,18.5,0.3729166666666667
confirmatorio,j6010_1.sm,centralizada,0.4,1027,0.3134208757397971,0.940270485870332,14,12.5,0.3967935871743487
confirmatorio,j6010_1.sm,centralizada,0.4,1028,0.3384612009170749,0.9611669528722376,12,13.5,0.3034623217922607
confirmatorio,j6010_1.sm,centralizada,0.4,1029,0.3072540986786953,0.9520312893775568,14,8.0,0.3879668049792531
confirmatorio,j6010_1.sm,centralizada,0.4,1030,0.2882849703166126,0.9436836292905366,15,22.0,0.1939393939393939
confirmatorio,j6010_1.sm,centralizada,0.4,1031,0.313950794672499,0.963066180868141,14,17.0,0.3443983402489626
confirmatorio,j6010_1.sm,centralizada,0.4,1032,0.3056224137301932,0.9386985388816322,18,13.0,0.2754491017964072
confirmatorio,j6010_1.sm,centralizada,0.4,1033,0.3061271946189012,0.9255245305378216,10,12.642758011351775,0.4349514563106796
confirmatorio,j6010_1.sm,centralizada,0.4,1034,0.323255939954933,0.9375750150338176,10,16.883275987680037,0.326171875
confirmatorio,j6010_1.sm,centralizada,0.4,1035,0.3414893638602513,0.9302000512533164,15,14.662793608363488,0.3992395437262357
confirmatorio,j6010_1.sm,centralizada,0.4,1036,0.3204909572896386,0.92318218104135,11,16.47893104054519,0.4776699029126213
confirmatorio,j6010_1.sm,centralizada,0.4,1037,0.3275304012077463,0.9391204279937392,12,11.0,0.3359840954274354
confirmatorio,j6010_1.sm,centralizada,0.4,1038,0.3026775489131971,0.9187249681742686,7,7.5,0.4971209213051823
confirmatorio,j6010_1.sm,centralizada,0.4,1039,0.3762269558868467,0.9440615498312912,15,12.5,0.6907407407407408
confirmatorio,j6010_1.sm,centralizada,0.4,1040,0.3443824557807198,0.9423965880615583,17,20.75473998688239,0.4660194174757281
confirmatorio,j6010_1.sm,centralizada,0.4,1041,0.3194977005911408,0.9432503517638716,12,20.5,0.4378818737270876
confirmatorio,j6010_1.sm,centralizada,0.4,1042,0.3029402184267171,0.9355822306347392,20,17.5,0.2380038387715931
confirmatorio,j6010_1.sm,centralizada,0.4,1043,0.3305848554270514,0.937292271988776,17,22.14928471291892,0.413662239089184
confirmatorio,j6010_1.sm,centralizada,0.4,1044,0.3454976786218698,0.9352773630911037,15,13.5,0.5711462450592886
confirmatorio,j6010_1.sm,centralizada,0.4,1045,0.3542246267874889,0.9351900254023844,10,13.0,0.5374015748031497
confirmatorio,j6010_1.sm,centralizada,0.4,1046,0.3282151444664681,0.9394927352161702,13,10.5,0.4779116465863454
confirmatorio,j6010_1.sm,centralizada,0.4,1047,0.3075826897797101,0.926677893899899,16,18.0757905008599,0.4132553606237816
confirmatorio,j6010_1.sm,centralizada,0.4,1048,0.2961766070371517,0.9506127519261008,18,19.5,0.2338709677419354
confirmatorio,j6010_1.sm,centralizada,0.4,1049,0.336711297656084,0.9389098825801678,12,13.0,0.3689516129032258
confirmatorio,j6010_1.sm,centralizada,0.4,1050,0.3555986485523145,0.9703565178966193,11,13.0,0.285132382892057
confirmatorio,j6010_1.sm,centralizada,0.4,1051,0.321820580073873,0.9350288943885804,10,11.0,0.4613899613899614
confirmatorio,j6010_1.sm,centralizada,0.4,1052,0.3390148335653316,0.9077275348775838,6,13.664613346110752,0.6865671641791045
confirmatorio,j6010_1.sm,centralizada,0.4,1053,0.3319185059778836,0.95724459727193,12,12.5,0.3817427385892116
confirmatorio,j6010_1.sm,centralizada,0.4,1054,0.3442206533160387,0.9082874562033988,8,12.5,0.4360902255639097
confirmatorio,j6010_1.sm,centralizada,0.4,1055,0.3169475156146447,0.9212265936254476,12,17.0,0.3295019157088122
confirmatorio,j6010_1.sm,centralizada,0.4,1056,0.3146759632833283,0.899560584507941,17,14.123838350601474,0.5256410256410257
confirmatorio,j6010_1.sm,centralizada,0.4,1057,0.3446596033353206,0.9337323678926732,14,9.0,0.6412825651302605
confirmatorio,j6010_1.sm,centralizada,0.4,1058,0.3087164213965911,0.9353461237261604,13,8.5,0.3280318091451292
confirmatorio,j6010_1.sm,centralizada,0.4,1059,0.3239580655701565,0.9395672990342664,15,15.95236796449124,0.3984526112185687
confirmatorio,j6010_1.sm,centralizada,0.4,1060,0.3475096947069135,0.9517024208986382,7,14.0,0.5172413793103449
confirmatorio,j6010_1.sm,centralizada,0.4,1061,0.3396123737778905,0.9513931510555046,15,16.0,0.322
confirmatorio,j6010_1.sm,centralizada,0.4,1062,0.3406469984550278,0.9316106470786856,15,19.0,0.4383301707779886
confirmatorio,j6010_1.sm,centralizada,0.4,1063,0.3417077030337702,0.959419988133836,21,29.218945087449736,0.4154786150712831
confirmatorio,j6010_1.sm,centralizada,0.4,1064,0.3425725985035291,0.9294663247306012,12,19.49530407601005,0.4285714285714285
confirmatorio,j6010_1.sm,centralizada,0.4,1065,0.3363622103262522,0.9338889044288328,13,18.320267435504142,0.476894639556377
confirmatorio,j6010_1.sm,centralizada,0.4,1066,0.3297097804998681,0.9450407625143292,12,10.0,0.32
confirmatorio,j6010_1.sm,centralizada,0.4,1067,0.3512701226553387,0.9604408702925178,12,18.0,0.4251012145748988
confirmatorio,j6010_1.sm,centralizada,0.4,1068,0.3115651013039412,0.9561934398875436,8,6.5,0.375796178343949
confirmatorio,j6010_1.sm,centralizada,0.4,1069,0.324046180652733,0.9574589612091702,12,12.0,0.2834008097165992
confirmatorio,j6010_1.sm,centralizada,0.4,1070,0.3168798861957616,0.9522329519234556,12,16.5,0.4061855670103093
confirmatorio,j6010_1.sm,centralizada,0.4,1071,0.2778039076662444,0.9179062803158348,11,14.935867306585395,0.275992438563327
confirmatorio,j6010_1.sm,centralizada,0.4,1072,0.3516947198809574,0.9603534314105184,15,22.5,0.5112016293279023
confirmatorio,j6010_1.sm,centralizada,0.4,1073,0.3383130722579654,0.9583683326462884,10,9.0,0.4163179916317991
confirmatorio,j6010_1.sm,centralizada,0.4,1074,0.2898921404481108,0.908053293370342,12,11.640533936203106,0.4283018867924528
confirmatorio,j6010_1.sm,centralizada,0.4,1075,0.3598044804765139,0.9466468083285784,16,19.0,0.5246212121212122
confirmatorio,j6010_1.sm,centralizada,0.4,1076,0.3164741122946413,0.9001404673611636,13,19.95768308123097,0.5
confirmatorio,j6010_1.sm,centralizada,0.4,1077,0.3563503244978733,0.9445159418126884,11,10.5,0.648
confirmatorio,j6010_1.sm,centralizada,0.4,1078,0.2961554761921241,0.9340911571471028,12,23.69011945258022,0.362
confirmatorio,j6010_1.sm,centralizada,0.4,1079,0.3397905991704844,0.9676116949286232,9,9.5,0.2531120331950207
confirmatorio,j6010_1.sm,centralizada,0.4,1080,0.3188410397599992,0.9118208489104224,18,19.512931929350675,0.5148148148148148
confirmatorio,j6010_1.sm,centralizada,0.4,1081,0.3200409707796199,0.9302606390429404,11,11.5,0.3145631067961165
confirmatorio,j6010_1.sm,centralizada,0.4,1082,0.3748961648534495,0.9582393363680212,11,12.335797182183228,0.6944444444444444
confirmatorio,j6010_1.sm,centralizada,0.4,1083,0.2920449577038933,0.9518878067020794,11,13.0,0.3146997929606625
confirmatorio,j6010_1.sm,centralizada,0.4,1084,0.315404020937329,0.9264887711451956,18,17.5,0.4271844660194174
confirmatorio,j6010_1.sm,centralizada,0.4,1085,0.3214034530782937,0.9447388296587884,12,16.0,0.4202334630350194
confirmatorio,j6010_1.sm,centralizada,0.4,1086,0.3109432851385053,0.9281750322464746,14,22.26237737018847,0.3288973384030418
confirmatorio,j6010_1.sm,centralizada,0.4,1087,0.3358316164692874,0.9467085934325472,9,12.965127663050833,0.4491362763915547
confirmatorio,j6010_1.sm,centralizada,0.4,1088,0.3116761928255602,0.9340964765839724,12,15.5,0.4950298210735586
confirmatorio,j6010_1.sm,centralizada,0.4,1089,0.3422937922587992,0.9098200667418344,9,16.0,0.5196261682242991
confirmatorio,j6010_1.sm,centralizada,0.4,1090,0.339890501734055,0.913973887893184,17,21.641954329020333,0.5508317929759704
confirmatorio,j6010_1.sm,centralizada,0.4,1091,0.3247594256206891,0.9348613067274312,15,15.5,0.466796875
confirmatorio,j6010_1.sm,centralizada,0.4,1092,0.3298678990948517,0.9319983705554952,14,17.512937419512063,0.5185909980430529
confirmatorio,j6010_1.sm,centralizada,0.4,1093,0.3033232744798119,0.9045236862791078,12,9.5,0.2953271028037383
confirmatorio,j6010_1.sm,centralizada,0.4,1094,0.3577659305360093,0.9226307252207724,13,17.5,0.6058931860036832
confirmatorio,j6010_1.sm,centralizada,0.4,1095,0.334805451473168,0.9364015873782758,13,11.5,0.4291115311909262
confirmatorio,j6010_1.sm,centralizada,0.4,1096,0.2859673777985274,0.9330319329929082,7,9.5,0.2427745664739884
confirmatorio,j6010_1.sm,centralizada,0.4,1097,0.3107649750645812,0.9527805232196314,20,17.5,0.1935483870967742
confirmatorio,j6010_1.sm,centralizada,0.4,1098,0.3337130879418782,0.950550853041143,18,15.5,0.3093812375249501
confirmatorio,j6010_1.sm,centralizada,0.4,1099,0.356370233562706,0.9301484984793148,14,9.27172059969109,0.7610789980732178
confirmatorio,j6010_1.sm,centralizada,0.6,1000,0.4471974252280585,0.8692655632914427,19,30.828340225456927,0.5495652173913044
confirmatorio,j6010_1.sm,centralizada,0.6,1001,0.4849701645571747,0.8881005776818226,15,21.40864504224384,0.4848484848484848
confirmatorio,j6010_1.sm,centralizada,0.6,1002,0.4343778258217204,0.8584848340642888,15,15.348750111251949,0.6228373702422145
confirmatorio,j6010_1.sm,centralizada,0.6,1003,0.4832546024700632,0.869691158065247,13,16.76733325957532,0.6112115732368897
confirmatorio,j6010_1.sm,centralizada,0.6,1004,0.45760336435222,0.8927898204366269,13,17.26682757532817,0.3834862385321101
confirmatorio,j6010_1.sm,centralizada,0.6,1005,0.4754816797036296,0.8755949549733092,10,18.817239028971947,0.6116152450090744
confirmatorio,j6010_1.sm,centralizada,0.6,1006,0.4017881319370907,0.8700805236357104,5,5.372020482225236,0.3698384201077199
confirmatorio,j6010_1.sm,centralizada,0.6,1007,0.459935180911178,0.8841263617398802,13,11.0,0.4323308270676692
confirmatorio,j6010_1.sm,centralizada,0.6,1008,0.4577847970580159,0.8909671793373274,18,25.088862970496567,0.4568345323741007
confirmatorio,j6010_1.sm,centralizada,0.6,1009,0.4991430680813986,0.9161860067672124,19,21.40274155384217,0.3752380952380952
confirmatorio,j6010_1.sm,centralizada,0.6,1010,0.4924113402385871,0.8190307063396396,13,20.492467051924365,0.6807131280388979
confirmatorio,j6010_1.sm,centralizada,0.6,1011,0.4313741014661562,0.9044712048878784,8,13.922686922759553,0.4236641221374045
confirmatorio,j6010_1.sm,centralizada,0.6,1012,0.5185657996759809,0.8627613553821734,21,18.64708121532855,0.6466666666666666
confirmatorio,j6010_1.sm,centralizada,0.6,1013,0.3757430309578313,0.8793800086419069,8,9.5,0.3021978021978022
confirmatorio,j6010_1.sm,centralizada,0.6,1014,0.4585219778647663,0.8628255146782208,13,21.4193135546395,0.6858638743455497
confirmatorio,j6010_1.sm,centralizada,0.6,1015,0.4190068666547454,0.903138179524826,13,21.5,0.3800383877159309
confirmatorio,j6010_1.sm,centralizada,0.6,1016,0.4697964979091478,0.903808109946114,12,12.625693911670204,0.3764478764478765
confirmatorio,j6010_1.sm,centralizada,0.6,1017,0.4805019200291009,0.8960841885575482,13,15.780939936848217,0.441340782122905
confirmatorio,j6010_1.sm,centralizada,0.6,1018,0.3788567446422388,0.8878831874623718,16,20.0,0.398886827458256
confirmatorio,j6010_1.sm,centralizada,0.6,1019,0.494597809625243,0.8615423005152972,17,22.20648258054633,0.6138279932546374
confirmatorio,j6010_1.sm,centralizada,0.6,1020,0.5016171866229436,0.847794680069039,14,10.539556403305422,0.7145135566188198
confirmatorio,j6010_1.sm,centralizada,0.6,1021,0.5013888374320357,0.849274517641715,13,19.44184898968864,0.5756578947368421
confirmatorio,j6010_1.sm,centralizada,0.6,1022,0.4150570406619396,0.9026363290444104,13,23.0,0.370722433460076
confirmatorio,j6010_1.sm,centralizada,0.6,1023,0.4733119789419193,0.8621848204925598,14,11.640849443856954,0.5950704225352113
confirmatorio,j6010_1.sm,centralizada,0.6,1024,0.4210701261869981,0.8931178303150842,9,10.557249435288329,0.3752310536044362
confirmatorio,j6010_1.sm,centralizada,0.6,1025,0.4600277998009416,0.8720164689136843,10,8.68521269196454,0.5557586837294333
confirmatorio,j6010_1.sm,centralizada,0.6,1026,0.412250888764009,0.9018475291561012,17,19.0,0.4247104247104247
confirmatorio,j6010_1.sm,centralizada,0.6,1027,0.424910427755053,0.8849393925005765,11,17.5,0.4716636197440585
confirmatorio,j6010_1.sm,centralizada,0.6,1028,0.4160774795693621,0.8685661391343142,9,15.41552154625994,0.3651079136690647
confirmatorio,j6010_1.sm,centralizada,0.6,1029,0.4387400925343743,0.9186972926495086,12,12.850669879428786,0.4297029702970297
confirmatorio,j6010_1.sm,centralizada,0.6,1030,0.4282928348453307,0.8946056109410176,15,21.5,0.2908067542213883
confirmatorio,j6010_1.sm,centralizada,0.6,1031,0.4393613723077865,0.8989136367572724,16,19.0,0.483271375464684
confirmatorio,j6010_1.sm,centralizada,0.6,1032,0.3824631655551324,0.8710002272074028,12,19.5,0.3943161634103019
confirmatorio,j6010_1.sm,centralizada,0.6,1033,0.4546300644112473,0.8576137314481547,15,25.162355823416352,0.6275510204081632
confirmatorio,j6010_1.sm,centralizada,0.6,1034,0.4448822002763559,0.866106306889876,7,9.419479301937985,0.5
confirmatorio,j6010_1.sm,centralizada,0.6,1035,0.4816745824109146,0.878995344920532,15,19.0,0.4856115107913669
confirmatorio,j6010_1.sm,centralizada,0.6,1036,0.4546315577136084,0.8548467205506733,13,7.0,0.5711805555555556
confirmatorio,j6010_1.sm,centralizada,0.6,1037,0.4384086867362547,0.8980294765152667,15,17.47601232703221,0.3996101364522417
confirmatorio,j6010_1.sm,centralizada,0.6,1038,0.458860163106096,0.8989388012188305,7,7.5,0.5102420856610801
confirmatorio,j6010_1.sm,centralizada,0.6,1039,0.5369007375836097,0.8615404134454179,15,19.428659185391236,0.7417218543046358
confirmatorio,j6010_1.sm,centralizada,0.6,1040,0.5243230977678378,0.8916078695732338,17,12.564140108158888,0.6363636363636364
confirmatorio,j6010_1.sm,centralizada,0.6,1041,0.447609086350563,0.9019646556984696,14,21.08603078770846,0.4766536964980545
confirmatorio,j6010_1.sm,centralizada,0.6,1042,0.4896468706063354,0.9027287278084324,18,17.5,0.3745519713261648
confirmatorio,j6010_1.sm,centralizada,0.6,1043,0.4567613973249236,0.8558566918269868,18,27.200962542505277,0.5228426395939086
confirmatorio,j6010_1.sm,centralizada,0.6,1044,0.4600635125010134,0.8626070035048319,14,16.5,0.6017699115044248
confirmatorio,j6010_1.sm,centralizada,0.6,1045,0.5082587673938227,0.8466003917790117,13,16.970569598217395,0.6638655462184874
confirmatorio,j6010_1.sm,centralizada,0.6,1046,0.4377880900315044,0.883611725702635,7,9.0,0.525328330206379
confirmatorio,j6010_1.sm,centralizada,0.6,1047,0.4255335876792357,0.8918931912866204,11,14.0,0.4600760456273764
confirmatorio,j6010_1.sm,centralizada,0.6,1048,0.3897902207534193,0.8707917410239199,13,14.0,0.367311072056239
confirmatorio,j6010_1.sm,centralizada,0.6,1049,0.4665697281330726,0.8751387801138351,12,17.43711934447032,0.5215827338129496
confirmatorio,j6010_1.sm,centralizada,0.6,1050,0.4900312967374901,0.8653595082129338,12,17.084461550473826,0.5535117056856187
confirmatorio,j6010_1.sm,centralizada,0.6,1051,0.427552887256797,0.9031222723558924,14,11.0,0.3474088291746641
confirmatorio,j6010_1.sm,centralizada,0.6,1052,0.4998274974117365,0.8424909892413132,13,22.903833553090852,0.7184942716857611
confirmatorio,j6010_1.sm,centralizada,0.6,1053,0.5009204951623862,0.8847145749807548,14,10.99679185117968,0.5141342756183745
confirmatorio,j6010_1.sm,centralizada,0.6,1054,0.5070908161544143,0.8536611536837899,11,17.75636110102407,0.5382059800664452
confirmatorio,j6010_1.sm,centralizada,0.6,1055,0.4374701521978363,0.8671279810042103,13,21.569951353612044,0.4511545293072824
confirmatorio,j6010_1.sm,centralizada,0.6,1056,0.4501691140863312,0.8476419635533194,19,16.5,0.5532994923857868
confirmatorio,j6010_1.sm,centralizada,0.6,1057,0.5037532152874441,0.873874754365802,15,21.50761649779073,0.7925531914893617
confirmatorio,j6010_1.sm,centralizada,0.6,1058,0.4208589839799526,0.9011832809606248,15,9.0,0.3462282398452611
confirmatorio,j6010_1.sm,centralizada,0.6,1059,0.4542975483292176,0.8908675285550066,13,11.5,0.4207650273224044
confirmatorio,j6010_1.sm,centralizada,0.6,1060,0.5083729446462808,0.890281372808763,11,24.419505008314843,0.6357012750455373
confirmatorio,j6010_1.sm,centralizada,0.6,1061,0.4598953680096644,0.8641909721512427,11,17.0,0.597864768683274
confirmatorio,j6010_1.sm,centralizada,0.6,1062,0.4770966915203281,0.8650962316801157,15,19.716669589018004,0.6267605633802817
confirmatorio,j6010_1.sm,centralizada,0.6,1063,0.435448154299507,0.8912431660347605,11,9.5,0.5009671179883946
confirmatorio,j6010_1.sm,centralizada,0.6,1064,0.5159292734376509,0.8564094807274683,13,25.975840652621063,0.6796610169491526
confirmatorio,j6010_1.sm,centralizada,0.6,1065,0.4653533614804229,0.8696412183208543,11,9.0,0.5077720207253886
confirmatorio,j6010_1.sm,centralizada,0.6,1066,0.4258324724261893,0.8926890826919248,11,9.250484349700102,0.4296296296296296
confirmatorio,j6010_1.sm,centralizada,0.6,1067,0.4623523589143073,0.8947075007204586,9,13.338110594833193,0.4007561436672968
confirmatorio,j6010_1.sm,centralizada,0.6,1068,0.4394110854000252,0.9039732463188044,8,9.5,0.4753451676528599
confirmatorio,j6010_1.sm,centralizada,0.6,1069,0.4139468602570982,0.8922435761753811,9,7.5,0.4218455743879473
confirmatorio,j6010_1.sm,centralizada,0.6,1070,0.4185599840390429,0.8533570168398278,12,16.5,0.5536332179930796
confirmatorio,j6010_1.sm,centralizada,0.6,1071,0.3652235148670258,0.902541444028205,12,13.0,0.3527204502814259
confirmatorio,j6010_1.sm,centralizada,0.6,1072,0.4237946495042485,0.8965473080267724,13,13.0,0.4705882352941176
confirmatorio,j6010_1.sm,centralizada,0.6,1073,0.4827347210989155,0.8464531486188194,17,20.46042113975589,0.629059829059829
confirmatorio,j6010_1.sm,centralizada,0.6,1074,0.3879327375143491,0.8849874460692432,11,11.0,0.4100185528756957
confirmatorio,j6010_1.sm,centralizada,0.6,1075,0.5003840630955566,0.8919246089483215,19,19.952116048384248,0.5204460966542751
confirmatorio,j6010_1.sm,centralizada,0.6,1076,0.4353112907281417,0.8438085802798719,16,19.99214558740369,0.5935919055649241
confirmatorio,j6010_1.sm,centralizada,0.6,1077,0.5205656325361065,0.8773628853652141,14,10.5,0.7213403880070547
confirmatorio,j6010_1.sm,centralizada,0.6,1078,0.4295207246329523,0.8973582346683463,7,13.5,0.4660377358490566
confirmatorio,j6010_1.sm,centralizada,0.6,1079,0.4933780978552376,0.9114754651478928,12,20.756833489806567,0.3723608445297505
confirmatorio,j6010_1.sm,centralizada,0.6,1080,0.4629887534033137,0.8642523926953471,16,16.302421228410797,0.6095890410958904
confirmatorio,j6010_1.sm,centralizada,0.6,1081,0.4484503349961156,0.8756181193842285,15,12.682622056902527,0.4301270417422868
confirmatorio,j6010_1.sm,centralizada,0.6,1082,0.514027648409475,0.8188623649230206,10,16.864436088480375,0.8883720930232558
confirmatorio,j6010_1.sm,centralizada,0.6,1083,0.4162522840374213,0.8745238435092456,14,17.196818341206612,0.4018018018018018
confirmatorio,j6010_1.sm,centralizada,0.6,1084,0.424668793182736,0.878193780440373,13,13.5,0.5164835164835165
confirmatorio,j6010_1.sm,centralizada,0.6,1085,0.4841733495303992,0.8933445099899193,14,16.0,0.5150442477876106
confirmatorio,j6010_1.sm,centralizada,0.6,1086,0.3961102636628959,0.8707119296174789,10,17.5,0.4813499111900532
confirmatorio,j6010_1.sm,centralizada,0.6,1087,0.4205939779084385,0.8756864420428933,7,8.05084987329222,0.5044722719141324
confirmatorio,j6010_1.sm,centralizada,0.6,1088,0.4473760125855356,0.8624535119869914,12,17.285638812777144,0.6105263157894737
confirmatorio,j6010_1.sm,centralizada,0.6,1089,0.5028981192372016,0.8613285742431189,16,17.0,0.5945945945945946
confirmatorio,j6010_1.sm,centralizada,0.6,1090,0.4764199632488395,0.8733408495109847,10,9.0,0.6714542190305206
confirmatorio,j6010_1.sm,centralizada,0.6,1091,0.4181645254129611,0.8799568651809218,12,18.5,0.4664179104477612
confirmatorio,j6010_1.sm,centralizada,0.6,1092,0.4863286267577079,0.8956894289026213,15,15.92847737329263,0.5247706422018349
confirmatorio,j6010_1.sm,centralizada,0.6,1093,0.4497809348049167,0.8529448708020089,12,16.07640813236037,0.4182444061962134
confirmatorio,j6010_1.sm,centralizada,0.6,1094,0.4810256608428365,0.8507479201246854,15,18.5,0.6062717770034843
confirmatorio,j6010_1.sm,centralizada,0.6,1095,0.4694057044658558,0.8905998150508618,19,14.368903368585736,0.4926739926739927
confirmatorio,j6010_1.sm,centralizada,0.6,1096,0.378575345108432,0.8970425536857156,10,11.5,0.298311444652908
confirmatorio,j6010_1.sm,centralizada,0.6,1097,0.4654095524721225,0.8983240970384051,11,17.5,0.3666061705989111
confirmatorio,j6010_1.sm,centralizada,0.6,1098,0.4683887931646831,0.9029568720100628,16,15.5,0.4296435272045028
confirmatorio,j6010_1.sm,centralizada,0.6,1099,0.4908696065664433,0.8647598891378931,13,21.751470140910225,0.7216312056737588
confirmatorio,j6010_1.sm,centralizada,0.8,1000,0.5549939548524556,0.8381359282710318,13,19.5,0.4341637010676156
confirmatorio,j6010_1.sm,centralizada,0.8,1001,0.6088066736858062,0.8158136797017187,17,26.461475303422937,0.5526770293609672
confirmatorio,j6010_1.sm,centralizada,0.8,1002,0.6173265898645355,0.8038647194040363,16,30.071841945011307,0.6180904522613065
confirmatorio,j6010_1.sm,centralizada,0.8,1003,0.6195288546057321,0.7790830194129362,22,28.30456504776576,0.7004754358161648
confirmatorio,j6010_1.sm,centralizada,0.8,1004,0.5601612753984763,0.8198791448639172,13,10.0,0.4475043029259897
confirmatorio,j6010_1.sm,centralizada,0.8,1005,0.5760586906755676,0.8355088465955856,16,15.5,0.5334538878842676
confirmatorio,j6010_1.sm,centralizada,0.8,1006,0.4738016559912009,0.8975549760377977,12,19.5,0.2690763052208835
confirmatorio,j6010_1.sm,centralizada,0.8,1007,0.5922690207575173,0.8068788792366454,11,20.30819835493609,0.5711892797319933
confirmatorio,j6010_1.sm,centralizada,0.8,1008,0.5290450040933872,0.8215752714897281,9,15.46721422609459,0.5721649484536082
confirmatorio,j6010_1.sm,centralizada,0.8,1009,0.6061839389118548,0.8376498964116001,19,21.78191770739691,0.3740875912408759
confirmatorio,j6010_1.sm,centralizada,0.8,1010,0.6433944571517549,0.7686398649890069,18,14.458747556748367,0.7120743034055728
confirmatorio,j6010_1.sm,centralizada,0.8,1011,0.5265918061946818,0.8263667157095104,14,18.960195811579496,0.4982269503546099
confirmatorio,j6010_1.sm,centralizada,0.8,1012,0.6272850395530818,0.8074675725480309,11,15.5,0.6114864864864865
confirmatorio,j6010_1.sm,centralizada,0.8,1013,0.4718447254238535,0.854532584551282,12,14.0,0.336380255941499
confirmatorio,j6010_1.sm,centralizada,0.8,1014,0.5807656335045717,0.8289886341280192,16,17.369075373239596,0.6743772241992882
confirmatorio,j6010_1.sm,centralizada,0.8,1015,0.5472418479360472,0.8355330838534908,14,16.0,0.492831541218638
confirmatorio,j6010_1.sm,centralizada,0.8,1016,0.5939297777230979,0.7885672614636139,7,8.59714793557076,0.6557911908646004
confirmatorio,j6010_1.sm,centralizada,0.8,1017,0.670571321408076,0.8150160435403456,14,18.457584238245623,0.5121107266435986
confirmatorio,j6010_1.sm,centralizada,0.8,1018,0.6064378183686338,0.8187479201305945,18,23.82436711320043,0.5178875638841567
confirmatorio,j6010_1.sm,centralizada,0.8,1019,0.5885799367399626,0.7976135299259258,17,21.902929356097392,0.6308724832214765
confirmatorio,j6010_1.sm,centralizada,0.8,1020,0.6300377630755797,0.7940691041883304,17,26.36309775573263,0.6326194398682042
confirmatorio,j6010_1.sm,centralizada,0.8,1021,0.6422962326369647,0.7829953860281093,10,9.0,0.7069243156199678
confirmatorio,j6010_1.sm,centralizada,0.8,1022,0.5215176856724011,0.856989422326747,11,12.661558842730996,0.4471698113207547
confirmatorio,j6010_1.sm,centralizada,0.8,1023,0.5824753333592435,0.820746152067367,6,8.0,0.5573192239858906
confirmatorio,j6010_1.sm,centralizada,0.8,1024,0.5033538480869664,0.8368243300781584,13,8.322212247315614,0.4230088495575221
confirmatorio,j6010_1.sm,centralizada,0.8,1025,0.6530568333143772,0.7843559608573432,17,26.38213329182785,0.6859903381642513
confirmatorio,j6010_1.sm,centralizada,0.8,1026,0.5232147468126787,0.8283166161184019,14,18.5,0.5299295774647887
confirmatorio,j6010_1.sm,centralizada,0.8,1027,0.5698042463340112,0.8259421112297349,10,17.5,0.470383275261324
confirmatorio,j6010_1.sm,centralizada,0.8,1028,0.5469598725169712,0.8187292678119718,17,15.892655659719887,0.5432525951557093
confirmatorio,j6010_1.sm,centralizada,0.8,1029,0.5317607183611064,0.8448015876704802,13,9.5,0.488245931283906
confirmatorio,j6010_1.sm,centralizada,0.8,1030,0.5465417287918735,0.8286389708981882,18,25.596209193732022,0.4475524475524475
confirmatorio,j6010_1.sm,centralizada,0.8,1031,0.5462088143159533,0.8407796566594987,15,20.597997594153775,0.5135623869801085
confirmatorio,j6010_1.sm,centralizada,0.8,1032,0.4922710391653283,0.8280072942954676,15,19.5,0.4206896551724138
confirmatorio,j6010_1.sm,centralizada,0.8,1033,0.5653467810681683,0.7960546894622996,11,15.5,0.6327868852459017
confirmatorio,j6010_1.sm,centralizada,0.8,1034,0.6099098855920765,0.8006904850408073,10,12.645302832336402,0.6212624584717608
confirmatorio,j6010_1.sm,centralizada,0.8,1035,0.607597918741014,0.7993160513149191,15,17.920733418184106,0.610648918469218
confirmatorio,j6010_1.sm,centralizada,0.8,1036,0.6511662862522605,0.793019721163568,16,17.2313499334675,0.6533546325878594
confirmatorio,j6010_1.sm,centralizada,0.8,1037,0.5739860214352234,0.7977400940208695,13,12.535913237239749,0.625
confirmatorio,j6010_1.sm,centralizada,0.8,1038,0.5504686758045896,0.8291906891514659,13,21.84633911712313,0.5473684210526316
confirmatorio,j6010_1.sm,centralizada,0.8,1039,0.6782368527989591,0.779277257403441,14,18.883201040768853,0.7562893081761006
confirmatorio,j6010_1.sm,centralizada,0.8,1040,0.5644938814509955,0.7940315480485461,14,16.79803294057191,0.6726973684210527
confirmatorio,j6010_1.sm,centralizada,0.8,1041,0.5565517938171753,0.8102982952760306,14,24.0,0.5741056218057922
confirmatorio,j6010_1.sm,centralizada,0.8,1042,0.6426032599579925,0.8214858409594187,18,17.5,0.4315424610051993
confirmatorio,j6010_1.sm,centralizada,0.8,1043,0.6016883358826529,0.8097819158239544,14,18.5,0.5229982964224872
confirmatorio,j6010_1.sm,centralizada,0.8,1044,0.5225719207348228,0.8681500393427123,16,27.217835743509625,0.491362763915547
confirmatorio,j6010_1.sm,centralizada,0.8,1045,0.6554556752391727,0.7894721270439877,14,15.140629019117078,0.6720257234726688
confirmatorio,j6010_1.sm,centralizada,0.8,1046,0.5635858694373251,0.8232448959448597,12,16.33129517291031,0.5274336283185841
confirmatorio,j6010_1.sm,centralizada,0.8,1047,0.5585697719706565,0.8167534050565932,13,17.127205331735986,0.5261324041811847
confirmatorio,j6010_1.sm,centralizada,0.8,1048,0.5792238591414639,0.807587101622842,16,14.0,0.5495798319327732
confirmatorio,j6010_1.sm,centralizada,0.8,1049,0.6436671367200894,0.8149869345824987,16,20.270831859485074,0.5547826086956522
confirmatorio,j6010_1.sm,centralizada,0.8,1050,0.6017268285432962,0.820543200674696,15,27.676706700460503,0.4589877835951134
confirmatorio,j6010_1.sm,centralizada,0.8,1051,0.5573106668131941,0.8366976176572094,15,11.0,0.4117647058823529
confirmatorio,j6010_1.sm,centralizada,0.8,1052,0.6361096964537508,0.8121135883393488,12,12.5,0.658493870402802
confirmatorio,j6010_1.sm,centralizada,0.8,1053,0.5314668658175221,0.8450822731331958,7,16.0,0.4697247706422018
confirmatorio,j6010_1.sm,centralizada,0.8,1054,0.6119402869050782,0.7782313844459999,9,20.62061602193823,0.631496062992126
confirmatorio,j6010_1.sm,centralizada,0.8,1055,0.5600095855460753,0.8364268222992528,17,22.57707905504529,0.3917710196779964
confirmatorio,j6010_1.sm,centralizada,0.8,1056,0.5651724746834289,0.8060012493803194,19,18.94848022285193,0.6817420435510888
confirmatorio,j6010_1.sm,centralizada,0.8,1057,0.6050632630857229,0.7812621900918919,11,17.5,0.8755980861244019
confirmatorio,j6010_1.sm,centralizada,0.8,1058,0.5608719135434063,0.8337710022966927,15,15.54918202159284,0.5315315315315315
confirmatorio,j6010_1.sm,centralizada,0.8,1059,0.5373029866675001,0.8260288129890765,13,13.5,0.4850088183421516
confirmatorio,j6010_1.sm,centralizada,0.8,1060,0.668628801581424,0.8095195970018852,14,20.34426331789445,0.6729776247848537
confirmatorio,j6010_1.sm,centralizada,0.8,1061,0.6166333921637839,0.8140664667822182,16,31.163088207400275,0.5435897435897435
confirmatorio,j6010_1.sm,centralizada,0.8,1062,0.5538712686867049,0.8297754355362631,14,19.0,0.5418181818181819
confirmatorio,j6010_1.sm,centralizada,0.8,1063,0.5277120837745618,0.8555299385380637,16,22.09968508051603,0.5009416195856874
confirmatorio,j6010_1.sm,centralizada,0.8,1064,0.6507731811940612,0.7771848915993252,13,17.460924745616396,0.7426810477657936
confirmatorio,j6010_1.sm,centralizada,0.8,1065,0.6959743822225914,0.8044926291182355,16,30.42076242738665,0.6239870340356564
confirmatorio,j6010_1.sm,centralizada,0.8,1066,0.5451693805409332,0.8133812174368622,8,10.0,0.5487179487179488
confirmatorio,j6010_1.sm,centralizada,0.8,1067,0.6014236870649077,0.7946596698537212,12,20.861481745175137,0.5977011494252874
confirmatorio,j6010_1.sm,centralizada,0.8,1068,0.5678414300182951,0.809421144598874,14,13.352541479788917,0.5652173913043478
confirmatorio,j6010_1.sm,centralizada,0.8,1069,0.5150549321924087,0.8556553148872706,8,9.0,0.4417293233082707
confirmatorio,j6010_1.sm,centralizada,0.8,1070,0.5203185834156299,0.8195547543461641,12,16.5,0.503448275862069
confirmatorio,j6010_1.sm,centralizada,0.8,1071,0.4770232806016125,0.836755548296745,10,13.0,0.4270650263620387
confirmatorio,j6010_1.sm,centralizada,0.8,1072,0.5613788681021297,0.8540007658230298,9,10.835443903765924,0.4924528301886792
confirmatorio,j6010_1.sm,centralizada,0.8,1073,0.6319898382053752,0.7817661103672144,16,25.10528079182072,0.7664
confirmatorio,j6010_1.sm,centralizada,0.8,1074,0.5507403238997631,0.8421801697064112,11,11.0,0.3247232472324723
confirmatorio,j6010_1.sm,centralizada,0.8,1075,0.6671809476157674,0.8072389444179255,16,20.034389825788928,0.6109215017064846
confirmatorio,j6010_1.sm,centralizada,0.8,1076,0.570055834002756,0.8079792633897257,13,17.932818161769838,0.5877342419080068
confirmatorio,j6010_1.sm,centralizada,0.8,1077,0.6573201614645938,0.7826066406653259,13,15.88100992491018,0.7725118483412322
confirmatorio,j6010_1.sm,centralizada,0.8,1078,0.5283194509732817,0.8231845096134174,12,14.0,0.53125
confirmatorio,j6010_1.sm,centralizada,0.8,1079,0.6344421142971837,0.8250751285508382,16,15.0,0.4871794871794871
confirmatorio,j6010_1.sm,centralizada,0.8,1080,0.5648953827913091,0.8126388180806497,15,14.0,0.5883361921097771
confirmatorio,j6010_1.sm,centralizada,0.8,1081,0.6042892476241909,0.7908044522145715,17,16.191050940260432,0.6208
confirmatorio,j6010_1.sm,centralizada,0.8,1082,0.6945031570605333,0.7749118324332467,17,18.86514554375145,0.8590909090909091
confirmatorio,j6010_1.sm,centralizada,0.8,1083,0.5210927579287543,0.8372730246582237,15,16.104106508833294,0.4219030520646319
confirmatorio,j6010_1.sm,centralizada,0.8,1084,0.5811863444276609,0.8138221186044275,18,18.5,0.5575221238938053
confirmatorio,j6010_1.sm,centralizada,0.8,1085,0.563553023044728,0.8322649768423489,16,28.71937502262085,0.5385996409335727
confirmatorio,j6010_1.sm,centralizada,0.8,1086,0.5137930505731942,0.8256839530773575,13,26.94489152660165,0.4471403812824956
confirmatorio,j6010_1.sm,centralizada,0.8,1087,0.6649648739848644,0.8136441576821284,11,14.189859057129937,0.5863247863247864
confirmatorio,j6010_1.sm,centralizada,0.8,1088,0.670552554421606,0.7855638991269038,16,24.520277578969328,0.7370892018779343
confirmatorio,j6010_1.sm,centralizada,0.8,1089,0.6000322439765762,0.7940863377097761,10,20.998825069846788,0.6661157024793388
confirmatorio,j6010_1.sm,centralizada,0.8,1090,0.6351928883610447,0.7995302206059872,14,18.186408995936443,0.7466887417218543
confirmatorio,j6010_1.sm,centralizada,0.8,1091,0.5631569754112976,0.815918252780483,14,15.344210350168073,0.5410122164048866
confirmatorio,j6010_1.sm,centralizada,0.8,1092,0.5507087453081099,0.8151852578398026,17,15.741566383384978,0.6417657045840407
confirmatorio,j6010_1.sm,centralizada,0.8,1093,0.6212382748983005,0.8103922677112555,16,22.4978934283526,0.4706896551724138
confirmatorio,j6010_1.sm,centralizada,0.8,1094,0.6512473333301388,0.8006213375942747,15,15.63718387969791,0.6683417085427136
confirmatorio,j6010_1.sm,centralizada,0.8,1095,0.5851435651038184,0.8347375528787886,17,21.539191757614443,0.45750452079566
confirmatorio,j6010_1.sm,centralizada,0.8,1096,0.5293927904084589,0.8395297945316953,15,16.013807926908804,0.4172661870503597
confirmatorio,j6010_1.sm,centralizada,0.8,1097,0.5251176090798942,0.8231952321776181,19,20.74673204021044,0.5147313691507799
confirmatorio,j6010_1.sm,centralizada,0.8,1098,0.5781875085710138,0.8325160669863956,14,12.7891323318768,0.5428051001821493
confirmatorio,j6010_1.sm,centralizada,0.8,1099,0.6342424926428448,0.7906791443199408,11,17.186408995936443,0.8629690048939641
confirmatorio,j6010_1.sm,centralizada,1.0,1000,0.697843104955831,0.7529595587799761,14,32.595549773463084,0.6405750798722045
confirmatorio,j6010_1.sm,centralizada,1.0,1001,0.7623509944433513,0.779619001294403,13,11.771374562521569,0.5837479270315091
confirmatorio,j6010_1.sm,centralizada,1.0,1002,0.6873220583811446,0.7553502530947976,15,35.440709854206226,0.7527733755942948
confirmatorio,j6010_1.sm,centralizada,1.0,1003,0.7957278272824531,0.7603117760572213,17,26.332174827858072,0.7278481012658228
confirmatorio,j6010_1.sm,centralizada,1.0,1004,0.7022038436959224,0.7835330513538373,15,24.79940380053998,0.5008403361344538
confirmatorio,j6010_1.sm,centralizada,1.0,1005,0.7683653061488334,0.7877714836451657,15,16.8109382141575,0.5408695652173913
confirmatorio,j6010_1.sm,centralizada,1.0,1006,0.6407030703834573,0.7810383785044641,12,26.558901890699115,0.5966666666666667
confirmatorio,j6010_1.sm,centralizada,1.0,1007,0.7416860977676827,0.7661285522856578,14,21.69476681836346,0.6435483870967742
confirmatorio,j6010_1.sm,centralizada,1.0,1008,0.6842149105852835,0.7696709995135731,12,23.05541667648287,0.6655791190864601
confirmatorio,j6010_1.sm,centralizada,1.0,1009,0.6915501046229229,0.7947862388448695,14,18.115530901047634,0.4914675767918088
confirmatorio,j6010_1.sm,centralizada,1.0,1010,0.782026731759374,0.7250189465199158,12,18.357698310663988,0.8262150220913107
confirmatorio,j6010_1.sm,centralizada,1.0,1011,0.7801461735478339,0.8023782079187369,9,11.338676847050742,0.4927797833935018
confirmatorio,j6010_1.sm,centralizada,1.0,1012,0.7998015324434714,0.7691654087482056,16,15.5,0.6461038961038961
confirmatorio,j6010_1.sm,centralizada,1.0,1013,0.6760229039048219,0.7852474730133028,13,10.902691316760672,0.5434782608695652
confirmatorio,j6010_1.sm,centralizada,1.0,1014,0.6868028591599011,0.7958702734569565,18,22.35265240653226,0.6048526863084922
confirmatorio,j6010_1.sm,centralizada,1.0,1015,0.6934994978181683,0.785137288956248,14,16.5,0.5756578947368421
confirmatorio,j6010_1.sm,centralizada,1.0,1016,0.8416946312396989,0.7702270205485163,10,15.528449156279738,0.5775577557755776
confirmatorio,j6010_1.sm,centralizada,1.0,1017,0.7968069631040384,0.7827337955372485,12,10.054711730313205,0.5850340136054422
confirmatorio,j6010_1.sm,centralizada,1.0,1018,0.5846876543025071,0.7950020656009684,16,23.5,0.5317324185248714
confirmatorio,j6010_1.sm,centralizada,1.0,1019,0.7360788836487046,0.7628211899018916,16,20.15578995837802,0.6601941747572816
confirmatorio,j6010_1.sm,centralizada,1.0,1020,0.7380529254031136,0.7490010892864943,12,19.131077872960542,0.7706708268330733
confirmatorio,j6010_1.sm,centralizada,1.0,1021,0.7778862629393772,0.752748978238074,14,20.338063800675613,0.7012383900928792
confirmatorio,j6010_1.sm,centralizada,1.0,1022,0.7694085597219504,0.7789265653331722,12,12.463758288358015,0.5431893687707641
confirmatorio,j6010_1.sm,centralizada,1.0,1023,0.7122966385906603,0.79318793843183,10,12.29979936386778,0.583904109589041
confirmatorio,j6010_1.sm,centralizada,1.0,1024,0.5974832428366285,0.8127730628332903,12,14.837435907271905,0.4120781527531083
confirmatorio,j6010_1.sm,centralizada,1.0,1025,0.7834679623653004,0.7544962990931241,13,29.69511133326929,0.7468553459119497
confirmatorio,j6010_1.sm,centralizada,1.0,1026,0.7104124890347914,0.7892735424400118,16,18.5,0.5240549828178694
confirmatorio,j6010_1.sm,centralizada,1.0,1027,0.7157661323147921,0.7912447470177261,12,19.11309245541488,0.4913494809688581
confirmatorio,j6010_1.sm,centralizada,1.0,1028,0.697727337395326,0.7698072663843568,14,16.0,0.6612903225806451
confirmatorio,j6010_1.sm,centralizada,1.0,1029,0.6421587958723817,0.8152878181407819,10,10.5,0.4758497316636851
confirmatorio,j6010_1.sm,centralizada,1.0,1030,0.6590698771174156,0.786388344635213,14,24.0,0.4743150684931507
confirmatorio,j6010_1.sm,centralizada,1.0,1031,0.6869612932118782,0.7718277498022237,11,17.139062829930293,0.6282894736842105
confirmatorio,j6010_1.sm,centralizada,1.0,1032,0.5755571596522719,0.8012816858865632,16,19.5,0.4766031195840554
confirmatorio,j6010_1.sm,centralizada,1.0,1033,0.7711961063836341,0.7491226933443189,14,31.98875335780421,0.7484848484848485
confirmatorio,j6010_1.sm,centralizada,1.0,1034,0.6976678050594952,0.7714743725366896,11,25.504258802966067,0.612012987012987
confirmatorio,j6010_1.sm,centralizada,1.0,1035,0.8059488059725597,0.7525819890789816,18,22.879558787530176,0.6777609682299546
confirmatorio,j6010_1.sm,centralizada,1.0,1036,0.6944455926586697,0.7691421848325446,12,11.5,0.6948051948051948
confirmatorio,j6010_1.sm,centralizada,1.0,1037,0.7495859576574955,0.7587621599193305,19,30.955091201274616,0.6688
confirmatorio,j6010_1.sm,centralizada,1.0,1038,0.6666965897931562,0.7969060236992754,10,32.719432073457405,0.5576592082616179
confirmatorio,j6010_1.sm,centralizada,1.0,1039,0.8015096965746563,0.7233410369129464,15,24.2136917874717,0.8020378457059679
confirmatorio,j6010_1.sm,centralizada,1.0,1040,0.666657663028866,0.7833385275878537,15,19.012373687439364,0.6605042016806723
confirmatorio,j6010_1.sm,centralizada,1.0,1041,0.6890133933076082,0.7454228779402752,16,22.09922088536651,0.6796267496111975
confirmatorio,j6010_1.sm,centralizada,1.0,1042,0.5848344039874691,0.8069533351956928,14,17.5,0.4608695652173913
confirmatorio,j6010_1.sm,centralizada,1.0,1043,0.7554551092611479,0.7845082594670139,12,27.707119640981617,0.5682967959527825
confirmatorio,j6010_1.sm,centralizada,1.0,1044,0.7769376759974167,0.7567055196230885,15,14.557550017027443,0.7665615141955836
confirmatorio,j6010_1.sm,centralizada,1.0,1045,0.8041578168236667,0.7484617854310052,16,20.74359717946835,0.6888544891640866
confirmatorio,j6010_1.sm,centralizada,1.0,1046,0.7098393346012788,0.770692634117891,12,12.317363239992725,0.6325203252032521
confirmatorio,j6010_1.sm,centralizada,1.0,1047,0.715327189986397,0.7643799055318672,15,19.032027474936434,0.6428571428571429
confirmatorio,j6010_1.sm,centralizada,1.0,1048,0.7699925808836083,0.7710639907069731,17,24.080511463969668,0.5925925925925926
confirmatorio,j6010_1.sm,centralizada,1.0,1049,0.742870677180268,0.7528547227083927,19,20.41757760386253,0.6917057902973396
confirmatorio,j6010_1.sm,centralizada,1.0,1050,0.740342865195839,0.785439396714159,14,22.587535979825784,0.4957983193277311
confirmatorio,j6010_1.sm,centralizada,1.0,1051,0.6773207072832825,0.7854557910749272,14,11.211862490992704,0.5218120805369127
confirmatorio,j6010_1.sm,centralizada,1.0,1052,0.811695976600943,0.7302069944507711,12,22.307846764376283,0.8914616497829233
confirmatorio,j6010_1.sm,centralizada,1.0,1053,0.7041353647071967,0.7603319353829429,10,12.606243654202006,0.6788553259141494
confirmatorio,j6010_1.sm,centralizada,1.0,1054,0.7966081010473539,0.7519540323995402,12,25.92068808116136,0.6646058732612056
confirmatorio,j6010_1.sm,centralizada,1.0,1055,0.6898187258321138,0.7871089908841826,13,23.05444587802717,0.4678260869565217
confirmatorio,j6010_1.sm,centralizada,1.0,1056,0.659187983766696,0.7813199045410567,20,20.544286253216548,0.6235294117647059
confirmatorio,j6010_1.sm,centralizada,1.0,1057,0.7622416750008414,0.7412848964471671,18,18.848120697196343,0.8453292496171516
confirmatorio,j6010_1.sm,centralizada,1.0,1058,0.670981615029473,0.7958771236353104,16,18.5,0.5614973262032086
confirmatorio,j6010_1.sm,centralizada,1.0,1059,0.6407603369086726,0.7820520712107072,15,24.136643294705596,0.5859766277128547
confirmatorio,j6010_1.sm,centralizada,1.0,1060,0.8290201769220062,0.7535996296436998,13,24.764448241191367,0.8101071975497703
confirmatorio,j6010_1.sm,centralizada,1.0,1061,0.7122321337946043,0.7714326067527028,12,11.380790504567448,0.5841584158415841
confirmatorio,j6010_1.sm,centralizada,1.0,1062,0.696446060516574,0.7702220088446811,16,18.390633864820465,0.6117455138662317
confirmatorio,j6010_1.sm,centralizada,1.0,1063,0.7678059757534142,0.7819931207759573,14,18.30605304489783,0.5297113752122241
confirmatorio,j6010_1.sm,centralizada,1.0,1064,0.8527871602384175,0.7517729777951433,15,36.97475948001088,0.7862595419847328
confirmatorio,j6010_1.sm,centralizada,1.0,1065,0.760625039448734,0.7648717698830003,11,13.5,0.6768488745980707
confirmatorio,j6010_1.sm,centralizada,1.0,1066,0.7238692462016546,0.7728290495701234,14,24.873657138970408,0.5866666666666667
confirmatorio,j6010_1.sm,centralizada,1.0,1067,0.7702464456323657,0.7474796549915002,15,13.902691316760672,0.7262830482115086
confirmatorio,j6010_1.sm,centralizada,1.0,1068,0.6830932018834001,0.7888148226003098,10,22.97527252053131,0.5672913117546848
confirmatorio,j6010_1.sm,centralizada,1.0,1069,0.6918450928168334,0.8069583308171009,14,18.379497547870603,0.5080789946140036
confirmatorio,j6010_1.sm,centralizada,1.0,1070,0.6513309419436784,0.7678034619901424,14,16.5,0.6546052631578947
confirmatorio,j6010_1.sm,centralizada,1.0,1071,0.608021223498838,0.7945402843250347,18,21.937482709194008,0.475548060708263
confirmatorio,j6010_1.sm,centralizada,1.0,1072,0.6666789133977314,0.8030840851949416,16,18.16192083569363,0.5693950177935944
confirmatorio,j6010_1.sm,centralizada,1.0,1073,0.795941580788241,0.7547025688060676,15,19.297530156697302,0.8025078369905956
confirmatorio,j6010_1.sm,centralizada,1.0,1074,0.6522949449161202,0.7804258459224545,13,13.715946513125951,0.5769230769230769
confirmatorio,j6010_1.sm,centralizada,1.0,1075,0.8733928560160049,0.7735991503913335,19,33.582589197785786,0.5820642978003384
confirmatorio,j6010_1.sm,centralizada,1.0,1076,0.6660709129194451,0.7709938592159687,8,5.838466916809033,0.6320132013201321
confirmatorio,j6010_1.sm,centralizada,1.0,1077,0.8516986344546896,0.7373197003523531,19,23.931249797797047,0.8973988439306358
confirmatorio,j6010_1.sm,centralizada,1.0,1078,0.6471443391648536,0.7902719456241296,14,12.5,0.5280135823429541
confirmatorio,j6010_1.sm,centralizada,1.0,1079,0.6596620896997791,0.7965818594566035,10,9.723476480475767,0.5476603119584056
confirmatorio,j6010_1.sm,centralizada,1.0,1080,0.7416680037223631,0.7847418177455062,16,21.68439656009355,0.6507666098807495
confirmatorio,j6010_1.sm,centralizada,1.0,1081,0.7595912736356566,0.7684134331493605,19,21.46549349744672,0.5314009661835749
confirmatorio,j6010_1.sm,centralizada,1.0,1082,0.8198423223553606,0.7280553614201302,13,14.203543904478575,0.8857979502196194
confirmatorio,j6010_1.sm,centralizada,1.0,1083,0.6518863798496697,0.7818697403703319,13,15.227258656729836,0.53156146179402
confirmatorio,j6010_1.sm,centralizada,1.0,1084,0.7180992191965802,0.7754370635084654,17,30.056826359412423,0.6699346405228758
confirmatorio,j6010_1.sm,centralizada,1.0,1085,0.6957776016564287,0.7751042050895538,13,22.33235950650348,0.65
confirmatorio,j6010_1.sm,centralizada,1.0,1086,0.6360879715656647,0.7799858509116059,12,23.595501270506677,0.5808580858085809
confirmatorio,j6010_1.sm,centralizada,1.0,1087,0.7207147391908896,0.7833395175448625,10,7.5,0.4924623115577889
confirmatorio,j6010_1.sm,centralizada,1.0,1088,0.7396587958090003,0.7381562420482971,15,23.55522430637313,0.8308383233532934
confirmatorio,j6010_1.sm,centralizada,1.0,1089,0.7789800676215012,0.7583276716336896,12,20.5,0.7031746031746032
confirmatorio,j6010_1.sm,centralizada,1.0,1090,0.7068911146782417,0.766225852176664,11,16.70159806527646,0.7430441898527005
confirmatorio,j6010_1.sm,centralizada,1.0,1091,0.6811039844955455,0.7859120695673407,17,14.621837548604946,0.5840407470288624
confirmatorio,j6010_1.sm,centralizada,1.0,1092,0.6794823984772514,0.7749449123202048,12,20.31831156332192,0.6884176182707994
confirmatorio,j6010_1.sm,centralizada,1.0,1093,0.7106166101833377,0.7499282194750605,14,18.98353703604821,0.6172839506172839
confirmatorio,j6010_1.sm,centralizada,1.0,1094,0.831997107585239,0.7552905173026045,13,23.558290259277754,0.7762345679012346
confirmatorio,j6010_1.sm,centralizada,1.0,1095,0.7810364646174552,0.790837677292323,13,11.5,0.5268630849220104
confirmatorio,j6010_1.sm,centralizada,1.0,1096,0.5796867801573282,0.8211575420862988,11,10.218963210396716,0.2795698924731182
confirmatorio,j6010_1.sm,centralizada,1.0,1097,0.6384968583207437,0.7875064520642465,14,20.40887245180526,0.5193929173693086
confirmatorio,j6010_1.sm,centralizada,1.0,1098,0.7139830537477314,0.7934722561552662,18,17.927040187127584,0.5176056338028169
confirmatorio,j6010_1.sm,centralizada,1.0,1099,0.7765002552893872,0.7476723300837242,10,18.0036472235762,0.8935185185185185
confirmatorio,j6010_1.sm,adaptativa,0.2,1000,0.1999999999999999,0.945215657227788,11,4.0,0.0159817351598173
confirmatorio,j6010_1.sm,adaptativa,0.2,1001,0.1999999999999999,0.9433932007445508,14,0.0,0.025
confirmatorio,j6010_1.sm,adaptativa,0.2,1002,0.1999999999999999,0.9541117596879676,16,4.5,0.1032110091743119
confirmatorio,j6010_1.sm,adaptativa,0.2,1003,0.1999999999999999,0.9468822670113656,12,3.0,0.0160550458715596
confirmatorio,j6010_1.sm,adaptativa,0.2,1004,0.2,0.9333788180879476,8,4.0,0.1473214285714285
confirmatorio,j6010_1.sm,adaptativa,0.2,1005,0.2,0.94070750564205,12,0.5,0.0559284116331096
confirmatorio,j6010_1.sm,adaptativa,0.2,1006,0.2,0.9399436624870824,15,6.0,0.0782997762863534
confirmatorio,j6010_1.sm,adaptativa,0.2,1007,0.1999999999999999,0.9432985127316496,8,0.0,0.034090909090909
confirmatorio,j6010_1.sm,adaptativa,0.2,1008,0.2,0.9575651173703196,15,4.0,0.1098130841121495
confirmatorio,j6010_1.sm,adaptativa,0.2,1009,0.1999999999999999,0.964632662985662,9,4.5,0.0233100233100233
confirmatorio,j6010_1.sm,adaptativa,0.2,1010,0.2,0.9544233740260228,9,8.0,0.0250569476082004
confirmatorio,j6010_1.sm,adaptativa,0.2,1011,0.1999999999999999,0.966551643685132,11,5.0,0.0470588235294117
confirmatorio,j6010_1.sm,adaptativa,0.2,1012,0.1999999999999999,0.947297010470598,14,8.0,0.0
confirmatorio,j6010_1.sm,adaptativa,0.2,1013,0.1999999999999999,0.9408100518130929,13,3.5,0.0090497737556561
confirmatorio,j6010_1.sm,adaptativa,0.2,1014,0.2,0.9549021353609262,13,4.0,0.0697674418604651
confirmatorio,j6010_1.sm,adaptativa,0.2,1015,0.1999999999999999,0.9430936420919592,13,4.5,0.0756880733944954
confirmatorio,j6010_1.sm,adaptativa,0.2,1016,0.2,0.958316528967928,6,4.0,0.0346420323325635
confirmatorio,j6010_1.sm,adaptativa,0.2,1017,0.1999999999999999,0.9518517505506484,11,4.5,0.0276497695852534
confirmatorio,j6010_1.sm,adaptativa,0.2,1018,0.1999999999999999,0.9518003199222772,13,7.5,0.1321184510250569
confirmatorio,j6010_1.sm,adaptativa,0.2,1019,0.1999999999999999,0.9479320618386088,18,3.0,0.0850574712643678
confirmatorio,j6010_1.sm,adaptativa,0.2,1020,0.1999999999999999,0.960399730765242,9,4.0,0.0305164319248826
confirmatorio,j6010_1.sm,adaptativa,0.2,1021,0.1999999999999999,0.9470252091914462,11,4.5,0.0091743119266055
confirmatorio,j6010_1.sm,adaptativa,0.2,1022,0.2,0.954943746418593,10,5.0,0.0594965675057208
confirmatorio,j6010_1.sm,adaptativa,0.2,1023,0.1999999999999999,0.9463138831052464,13,3.5,0.0434782608695652
confirmatorio,j6010_1.sm,adaptativa,0.2,1024,0.1999999999999999,0.9462450669154946,11,4.5,0.0344036697247706
confirmatorio,j6010_1.sm,adaptativa,0.2,1025,0.1999999999999999,0.9685547538893508,19,5.0,0.0211764705882352
confirmatorio,j6010_1.sm,adaptativa,0.2,1026,0.1999999999999999,0.9519845313415944,17,5.0,0.055813953488372
confirmatorio,j6010_1.sm,adaptativa,0.2,1027,0.1999999999999999,0.9464057697201678,10,7.5,0.0434782608695652
confirmatorio,j6010_1.sm,adaptativa,0.2,1028,0.1999999999999999,0.9522445358977724,12,5.0,0.0
confirmatorio,j6010_1.sm,adaptativa,0.2,1029,0.1999999999999999,0.950547013326464,13,4.5,0.0525114155251141
confirmatorio,j6010_1.sm,adaptativa,0.2,1030,0.1999999999999999,0.963215906760328,18,3.5,0.0230414746543778
confirmatorio,j6010_1.sm,adaptativa,0.2,1031,0.2,0.9707261244064018,11,1.0,0.0516431924882629
confirmatorio,j6010_1.sm,adaptativa,0.2,1032,0.1999999999999999,0.9553544911054846,14,4.0,0.0208816705336426
confirmatorio,j6010_1.sm,adaptativa,0.2,1033,0.1999999999999999,0.9444719612193044,16,4.0,0.025
confirmatorio,j6010_1.sm,adaptativa,0.2,1034,0.1999999999999999,0.9392810116887012,11,0.0,0.0293453724604966
confirmatorio,j6010_1.sm,adaptativa,0.2,1035,0.2,0.9448401140207188,10,5.0,0.0776255707762557
confirmatorio,j6010_1.sm,adaptativa,0.2,1036,0.1999999999999999,0.9662621649542996,9,0.5,0.0305882352941176
confirmatorio,j6010_1.sm,adaptativa,0.2,1037,0.1999999999999999,0.9520827604022674,11,4.5,0.0138248847926267
confirmatorio,j6010_1.sm,adaptativa,0.2,1038,0.1999999999999999,0.9429968147425704,8,5.5,0.0568181818181818
confirmatorio,j6010_1.sm,adaptativa,0.2,1039,0.2,0.944131920772169,16,3.5,0.0181818181818181
confirmatorio,j6010_1.sm,adaptativa,0.2,1040,0.1999999999999999,0.9502754683584034,16,4.5,0.0045662100456621
confirmatorio,j6010_1.sm,adaptativa,0.2,1041,0.1999999999999999,0.9472045150478596,19,4.0,0.0298165137614678
confirmatorio,j6010_1.sm,adaptativa,0.2,1042,0.2,0.9596908203403908,18,6.0,0.0879629629629629
confirmatorio,j6010_1.sm,adaptativa,0.2,1043,0.2,0.9445567736665292,12,4.5,0.0821917808219178
confirmatorio,j6010_1.sm,adaptativa,0.2,1044,0.1999999999999999,0.9630615612691498,11,4.5,0.0303738317757009
confirmatorio,j6010_1.sm,adaptativa,0.2,1045,0.1999999999999999,0.9597384010113152,8,1.5,0.0258215962441314
confirmatorio,j6010_1.sm,adaptativa,0.2,1046,0.1999999999999999,0.9447201469917196,12,9.0,0.0707762557077625
confirmatorio,j6010_1.sm,adaptativa,0.2,1047,0.2,0.9550285281289964,15,6.0,0.0651162790697674
confirmatorio,j6010_1.sm,adaptativa,0.2,1048,0.2,0.9613395139403242,12,3.0,0.0211267605633802
confirmatorio,j6010_1.sm,adaptativa,0.2,1049,0.1999999999999999,0.947297010470598,12,4.0,0.0
confirmatorio,j6010_1.sm,adaptativa,0.2,1050,0.2,0.9451119226235708,11,3.0,0.0247191011235955
confirmatorio,j6010_1.sm,adaptativa,0.2,1051,0.1999999999999999,0.9597607658738376,11,4.5,0.0258215962441314
confirmatorio,j6010_1.sm,adaptativa,0.2,1052,0.1999999999999999,0.9644233197073994,8,5.0,0.0769230769230769
confirmatorio,j6010_1.sm,adaptativa,0.2,1053,0.1999999999999999,0.965867692162993,11,5.0,0.0506912442396313
confirmatorio,j6010_1.sm,adaptativa,0.2,1054,0.1999999999999999,0.9521147198828774,12,3.0,0.0438799076212471
confirmatorio,j6010_1.sm,adaptativa,0.2,1055,0.2,0.948714565688658,9,4.5,0.0
confirmatorio,j6010_1.sm,adaptativa,0.2,1056,0.1999999999999999,0.9353545849932504,13,5.180729444715239,0.2049549549549549
confirmatorio,j6010_1.sm,adaptativa,0.2,1057,0.2,0.9600594107965298,10,7.0,0.0231481481481481
confirmatorio,j6010_1.sm,adaptativa,0.2,1058,0.1999999999999999,0.9588632040758126,9,4.5,0.0233100233100233
confirmatorio,j6010_1.sm,adaptativa,0.2,1059,0.2,0.945349266335035,11,6.5,0.1301369863013698
confirmatorio,j6010_1.sm,adaptativa,0.2,1060,0.2,0.9549382790788457,11,7.5,0.0253456221198156
confirmatorio,j6010_1.sm,adaptativa,0.2,1061,0.2,0.952779875091698,14,5.5,0.0092165898617511
confirmatorio,j6010_1.sm,adaptativa,0.2,1062,0.1999999999999999,0.9597831996979298,12,5.0,0.0324074074074074
confirmatorio,j6010_1.sm,adaptativa,0.2,1063,0.2,0.9604077318951304,15,4.0,0.0395348837209302
confirmatorio,j6010_1.sm,adaptativa,0.2,1064,0.1999999999999999,0.94134580621645,9,4.0,0.0
confirmatorio,j6010_1.sm,adaptativa,0.2,1065,0.2,0.9482732962218018,9,5.0,0.0717592592592592
confirmatorio,j6010_1.sm,adaptativa,0.2,1066,0.2,0.9421987976227336,11,5.0,0.1116173120728929
confirmatorio,j6010_1.sm,adaptativa,0.2,1067,0.2,0.9549211862253882,13,5.5,0.0671296296296296
confirmatorio,j6010_1.sm,adaptativa,0.2,1068,0.1999999999999999,0.9459235119274668,11,7.5,0.0344036697247706
confirmatorio,j6010_1.sm,adaptativa,0.2,1069,0.2,0.9484137855007714,12,4.5,0.0689655172413793
confirmatorio,j6010_1.sm,adaptativa,0.2,1070,0.2,0.9508495433497616,17,9.0,0.025
confirmatorio,j6010_1.sm,adaptativa,0.2,1071,0.2,0.9334121381096846,12,5.0,0.1434977578475336
confirmatorio,j6010_1.sm,adaptativa,0.2,1072,0.1999999999999999,0.9620943920398844,13,9.0,0.0679156908665105
confirmatorio,j6010_1.sm,adaptativa,0.2,1073,0.2,0.9464333025353544,14,5.0,0.083710407239819
confirmatorio,j6010_1.sm,adaptativa,0.2,1074,0.1999999999999999,0.9430108633429636,11,7.5,0.0316742081447963
confirmatorio,j6010_1.sm,adaptativa,0.2,1075,0.1999999999999999,0.9478240177519212,10,4.5,0.0273972602739726
confirmatorio,j6010_1.sm,adaptativa,0.2,1076,0.1999999999999999,0.9472045150478596,10,1.0,0.0298165137614678
confirmatorio,j6010_1.sm,adaptativa,0.2,1077,0.1999999999999999,0.947739892735551,13,0.0,0.0
confirmatorio,j6010_1.sm,adaptativa,0.2,1078,0.1999999999999999,0.95323937422253,12,4.5,0.036697247706422
confirmatorio,j6010_1.sm,adaptativa,0.2,1079,0.1999999999999999,0.9479479155440066,14,4.5,0.0275229357798165
confirmatorio,j6010_1.sm,adaptativa,0.2,1080,0.1999999999999999,0.953996430779974,8,4.5,0.0779816513761468
confirmatorio,j6010_1.sm,adaptativa,0.2,1081,0.1999999999999999,0.9507189158289616,14,5.0,0.0183908045977011
confirmatorio,j6010_1.sm,adaptativa,0.2,1082,0.2,0.9496974154418268,11,2.5,0.0252293577981651
confirmatorio,j6010_1.sm,adaptativa,0.2,1083,0.1999999999999999,0.9522081299786908,15,4.5,0.057471264367816
confirmatorio,j6010_1.sm,adaptativa,0.2,1084,0.1999999999999999,0.9449412091542804,13,5.0,0.1146067415730337
confirmatorio,j6010_1.sm,adaptativa,0.2,1085,0.1999999999999999,0.9458312186482188,13,8.5,0.034324942791762
confirmatorio,j6010_1.sm,adaptativa,0.2,1086,0.2,0.9674959755565368,15,3.5,0.0639810426540284
confirmatorio,j6010_1.sm,adaptativa,0.2,1087,0.1999999999999999,0.9620569157089726,14,4.5,0.0843091334894613
confirmatorio,j6010_1.sm,adaptativa,0.2,1088,0.1999999999999999,0.9409002588243855,19,4.0,0.0429864253393665
confirmatorio,j6010_1.sm,adaptativa,0.2,1089,0.1999999999999999,0.9487349651198612,16,9.0,0.0577367205542725
confirmatorio,j6010_1.sm,adaptativa,0.2,1090,0.1999999999999999,0.9543297010572344,14,4.0,0.0416666666666666
confirmatorio,j6010_1.sm,adaptativa,0.2,1091,0.1999999999999999,0.9634779444018964,16,7.5,0.0420560747663551
confirmatorio,j6010_1.sm,adaptativa,0.2,1092,0.1999999999999999,0.9377572517543205,10,4.0,0.0495495495495495
confirmatorio,j6010_1.sm,adaptativa,0.2,1093,0.1999999999999999,0.9461005935879182,10,0.5,0.032183908045977
confirmatorio,j6010_1.sm,adaptativa,0.2,1094,0.1999999999999999,0.9457054336314866,16,6.5,0.0684931506849315
confirmatorio,j6010_1.sm,adaptativa,0.2,1095,0.1999999999999999,0.946708731726626,13,4.0,0.0229357798165137
confirmatorio,j6010_1.sm,adaptativa,0.2,1096,0.1999999999999999,0.950922429252876,11,9.5,0.0657596371882086
confirmatorio,j6010_1.sm,adaptativa,0.2,1097,0.2,0.9592631431475378,13,9.0,0.0437788018433179
confirmatorio,j6010_1.sm,adaptativa,0.2,1098,0.2,0.9570832856224198,10,8.5,0.1296296296296296
confirmatorio,j6010_1.sm,adaptativa,0.2,1099,0.1999999999999999,0.9559068227401814,8,4.5,0.0758620689655172
confirmatorio,j6010_1.sm,adaptativa,0.4,1000,0.2374553869082637,0.9249984726340792,14,4.5179657294337785,0.046875
confirmatorio,j6010_1.sm,adaptativa,0.4,1001,0.237334862049952,0.92715314909971,16,1.5,0.0403587443946188
confirmatorio,j6010_1.sm,adaptativa,0.4,1002,0.242001921926018,0.9239222450171845,18,5.910638438504414,0.2212389380530973
confirmatorio,j6010_1.sm,adaptativa,0.4,1003,0.241442784118393,0.9302404454433382,12,2.5,0.0
confirmatorio,j6010_1.sm,adaptativa,0.4,1004,0.2501561925743317,0.9129944897939388,9,4.0,0.2207792207792207
confirmatorio,j6010_1.sm,adaptativa,0.4,1005,0.2524304495475267,0.9170995135630212,15,5.0,0.2375809935205183
confirmatorio,j6010_1.sm,adaptativa,0.4,1006,0.2456674977909743,0.9207985359486744,16,6.0,0.1334792122538293
confirmatorio,j6010_1.sm,adaptativa,0.4,1007,0.2392203004275012,0.9275691077067602,5,0.0,0.0892857142857142
confirmatorio,j6010_1.sm,adaptativa,0.4,1008,0.2286485817594325,0.9497925455738,15,4.0,0.1095571095571095
confirmatorio,j6010_1.sm,adaptativa,0.4,1009,0.237279751407298,0.9558769891770456,8,4.5,0.0739030023094688
confirmatorio,j6010_1.sm,adaptativa,0.4,1010,0.2445644268414507,0.9375333118532554,9,8.0,0.0472972972972973
confirmatorio,j6010_1.sm,adaptativa,0.4,1011,0.2364556219821985,0.9515251484168626,11,5.0,0.0459770114942528
confirmatorio,j6010_1.sm,adaptativa,0.4,1012,0.2438716643301935,0.9281105692977644,14,4.5,0.0334821428571428
confirmatorio,j6010_1.sm,adaptativa,0.4,1013,0.2417525029361269,0.9284289621009516,11,3.5,0.1026785714285714
confirmatorio,j6010_1.sm,adaptativa,0.4,1014,0.2470288670284517,0.939438459295288,12,4.0,0.0791855203619909
confirmatorio,j6010_1.sm,adaptativa,0.4,1015,0.239808800448871,0.932016245785798,13,4.5,0.0067567567567567
confirmatorio,j6010_1.sm,adaptativa,0.4,1016,0.2390895660927429,0.9483584226313568,6,4.0,0.034324942791762
confirmatorio,j6010_1.sm,adaptativa,0.4,1017,0.2369171342309112,0.9373931223326576,13,4.5,0.047945205479452
confirmatorio,j6010_1.sm,adaptativa,0.4,1018,0.2371666241370352,0.9298144254354,12,4.5,0.1169977924944812
confirmatorio,j6010_1.sm,adaptativa,0.4,1019,0.2422252198963268,0.9377440449434832,18,1.0,0.0294117647058823
confirmatorio,j6010_1.sm,adaptativa,0.4,1020,0.2407403661509011,0.9459713248489005,13,5.0,0.1129032258064516
confirmatorio,j6010_1.sm,adaptativa,0.4,1021,0.2411879888106408,0.9326293472929118,8,4.5,0.0878378378378378
confirmatorio,j6010_1.sm,adaptativa,0.4,1022,0.2429500740956068,0.9395201068688304,11,5.0,0.090497737556561
confirmatorio,j6010_1.sm,adaptativa,0.4,1023,0.2374024832575856,0.9287332222997374,11,5.0,0.0402684563758389
confirmatorio,j6010_1.sm,adaptativa,0.4,1024,0.2400535173106718,0.9294523358348908,14,4.5,0.0359550561797752
confirmatorio,j6010_1.sm,adaptativa,0.4,1025,0.2460270305626968,0.9500529444754576,17,8.5,0.0481651376146789
confirmatorio,j6010_1.sm,adaptativa,0.4,1026,0.2371123818172952,0.9381400397503528,12,5.0,0.068649885583524
confirmatorio,j6010_1.sm,adaptativa,0.4,1027,0.2396426127351952,0.9352342035009146,7,4.0,0.0
confirmatorio,j6010_1.sm,adaptativa,0.4,1028,0.2391459401106966,0.936635090776952,11,5.0,0.0907029478458049
confirmatorio,j6010_1.sm,adaptativa,0.4,1029,0.2360861956625319,0.9418125179859204,13,5.0,0.0546697038724373
confirmatorio,j6010_1.sm,adaptativa,0.4,1030,0.2346311407647343,0.9457612764876432,15,4.615263508689777,0.05
confirmatorio,j6010_1.sm,adaptativa,0.4,1031,0.2382383629107213,0.9503122470405816,10,4.5,0.0735632183908046
confirmatorio,j6010_1.sm,adaptativa,0.4,1032,0.238755193805961,0.941971220614124,12,4.0,0.0321100917431192
confirmatorio,j6010_1.sm,adaptativa,0.4,1033,0.241279366199945,0.9215502237421326,13,4.0,0.0489977728285077
confirmatorio,j6010_1.sm,adaptativa,0.4,1034,0.241842489810459,0.9213873841622178,11,0.0,0.0884955752212389
confirmatorio,j6010_1.sm,adaptativa,0.4,1035,0.2478085227811748,0.9370163577835549,14,8.5,0.0067567567567567
confirmatorio,j6010_1.sm,adaptativa,0.4,1036,0.2371285510713678,0.9494926247993666,10,1.5,0.0345622119815668
confirmatorio,j6010_1.sm,adaptativa,0.4,1037,0.2390811131678412,0.9382771412575356,11,4.543908740296779,0.0751708428246013
confirmatorio,j6010_1.sm,adaptativa,0.4,1038,0.2422576333677545,0.9373106658976096,8,4.5,0.0248306997742663
confirmatorio,j6010_1.sm,adaptativa,0.4,1039,0.2446307669191129,0.9273889181452044,12,9.0,0.0801781737193764
confirmatorio,j6010_1.sm,adaptativa,0.4,1040,0.2422252198963268,0.9378689087796076,15,4.0,0.0113122171945701
confirmatorio,j6010_1.sm,adaptativa,0.4,1041,0.2422252198963268,0.9386878068645274,19,4.0,0.0
confirmatorio,j6010_1.sm,adaptativa,0.4,1042,0.2411840839406712,0.935221690019553,17,4.5,0.1540178571428571
confirmatorio,j6010_1.sm,adaptativa,0.4,1043,0.2516044804527434,0.9192333625253524,20,6.5,0.1774891774891775
confirmatorio,j6010_1.sm,adaptativa,0.4,1044,0.2382393239988268,0.9468375107848394,9,5.0,0.0592255125284738
confirmatorio,j6010_1.sm,adaptativa,0.4,1045,0.2389026046477606,0.9470964616665234,8,1.5,0.0578703703703703
confirmatorio,j6010_1.sm,adaptativa,0.4,1046,0.2422252198963268,0.935739670706468,14,9.0,0.0497737556561085
confirmatorio,j6010_1.sm,adaptativa,0.4,1047,0.2422652751992536,0.9368939929588448,12,4.0,0.0680272108843537
confirmatorio,j6010_1.sm,adaptativa,0.4,1048,0.2322714648967564,0.940250394013812,10,1.0,0.0681818181818181
confirmatorio,j6010_1.sm,adaptativa,0.4,1049,0.2404748924392317,0.9266965717791228,9,4.0,0.0604026845637583
confirmatorio,j6010_1.sm,adaptativa,0.4,1050,0.2420626186702472,0.9340435705933564,14,3.0,0.084070796460177
confirmatorio,j6010_1.sm,adaptativa,0.4,1051,0.239419121653963,0.946597409575574,12,4.5,0.0900692840646651
confirmatorio,j6010_1.sm,adaptativa,0.4,1052,0.2319027270294893,0.9569637919859392,7,5.0,0.0792540792540792
confirmatorio,j6010_1.sm,adaptativa,0.4,1053,0.2389089388841744,0.9504907537236268,9,5.0,0.0523917995444191
confirmatorio,j6010_1.sm,adaptativa,0.4,1054,0.2389514592821304,0.9393081060482906,12,3.0,0.1070615034168565
confirmatorio,j6010_1.sm,adaptativa,0.4,1055,0.2385281774787807,0.9372469529442052,9,4.0,0.0
confirmatorio,j6010_1.sm,adaptativa,0.4,1056,0.2445865240246684,0.9207039771301284,16,4.0,0.1479028697571744
confirmatorio,j6010_1.sm,adaptativa,0.4,1057,0.2427625501855688,0.9467550377234708,10,7.0,0.0546697038724373
confirmatorio,j6010_1.sm,adaptativa,0.4,1058,0.2427323807237015,0.9477433445186602,9,4.5,0.0226757369614512
confirmatorio,j6010_1.sm,adaptativa,0.4,1059,0.2428255652053607,0.9305577560612628,10,5.967553297554358,0.1244444444444444
confirmatorio,j6010_1.sm,adaptativa,0.4,1060,0.2425758775420302,0.933461677865186,8,0.0,0.0407239819004524
confirmatorio,j6010_1.sm,adaptativa,0.4,1061,0.2440079455714513,0.935857964560278,13,5.0,0.0474040632054176
confirmatorio,j6010_1.sm,adaptativa,0.4,1062,0.2359450082220802,0.9441001512183126,12,5.0,0.0502283105022831
confirmatorio,j6010_1.sm,adaptativa,0.4,1063,0.2361526707480023,0.9355061566039576,20,4.5,0.0861678004535147
confirmatorio,j6010_1.sm,adaptativa,0.4,1064,0.2441648267731613,0.929365153476918,12,6.5,0.0714285714285714
confirmatorio,j6010_1.sm,adaptativa,0.4,1065,0.2390504995974151,0.931768858360536,9,5.0,0.1376975169300225
confirmatorio,j6010_1.sm,adaptativa,0.4,1066,0.2460316691291962,0.9197687872288522,12,5.0,0.1305309734513274
confirmatorio,j6010_1.sm,adaptativa,0.4,1067,0.2404557026800563,0.939367195520124,13,4.5,0.0683371298405467
confirmatorio,j6010_1.sm,adaptativa,0.4,1068,0.2416673143500271,0.9298905854327052,13,7.5,0.058165548098434
confirmatorio,j6010_1.sm,adaptativa,0.4,1069,0.243951609647271,0.9384372867383703,14,5.794842743184677,0.0975056689342403
confirmatorio,j6010_1.sm,adaptativa,0.4,1070,0.2420209400096193,0.9306507823320854,14,6.5,0.0516853932584269
confirmatorio,j6010_1.sm,adaptativa,0.4,1071,0.2471717892658564,0.9146160603744627,10,5.0,0.2395604395604395
confirmatorio,j6010_1.sm,adaptativa,0.4,1072,0.237193918238747,0.9485116053068636,13,9.0,0.0483870967741935
confirmatorio,j6010_1.sm,adaptativa,0.4,1073,0.2457594203701012,0.93096324217503,14,5.0,0.1096196868008948
confirmatorio,j6010_1.sm,adaptativa,0.4,1074,0.2386273245678536,0.9287899087877058,7,5.0,0.0755555555555555
confirmatorio,j6010_1.sm,adaptativa,0.4,1075,0.2422252198963268,0.9334320747970352,12,5.0,0.0203619909502262
confirmatorio,j6010_1.sm,adaptativa,0.4,1076,0.2450667252297894,0.9264496391034788,12,5.0,0.1222222222222222
confirmatorio,j6010_1.sm,adaptativa,0.4,1077,0.2446892063501789,0.9347191869375752,12,0.0,0.0496613995485327
confirmatorio,j6010_1.sm,adaptativa,0.4,1078,0.2364048850428751,0.9416905412549256,13,5.0,0.0384615384615384
confirmatorio,j6010_1.sm,adaptativa,0.4,1079,0.2390568825090533,0.9328822127797568,17,4.5,0.0589569160997732
confirmatorio,j6010_1.sm,adaptativa,0.4,1080,0.2345731892003772,0.9427492386057512,11,2.0,0.0476190476190476
confirmatorio,j6010_1.sm,adaptativa,0.4,1081,0.2421253711509312,0.9339033881106932,14,5.0,0.0846325167037861
confirmatorio,j6010_1.sm,adaptativa,0.4,1082,0.2473514242296464,0.9386397160732416,10,4.5,0.0706150341685649
confirmatorio,j6010_1.sm,adaptativa,0.4,1083,0.2381801608548477,0.9310730991117744,15,4.5,0.0269662921348314
confirmatorio,j6010_1.sm,adaptativa,0.4,1084,0.2413937129675313,0.9298152155450176,14,6.710993950831452,0.1169977924944812
confirmatorio,j6010_1.sm,adaptativa,0.4,1085,0.2433972252121189,0.9249301554217804,12,8.5,0.072072072072072
confirmatorio,j6010_1.sm,adaptativa,0.4,1086,0.2330946145595142,0.9518889283615002,15,3.5,0.0915492957746478
confirmatorio,j6010_1.sm,adaptativa,0.4,1087,0.2371612346550574,0.9470944733816448,10,4.5,0.0714285714285714
confirmatorio,j6010_1.sm,adaptativa,0.4,1088,0.2494133838541139,0.921515902022575,16,6.5,0.1403508771929824
confirmatorio,j6010_1.sm,adaptativa,0.4,1089,0.2439138168504253,0.921177378762314,18,7.0,0.1015452538631346
confirmatorio,j6010_1.sm,adaptativa,0.4,1090,0.241842489810459,0.940880953726348,14,4.0,0.0751708428246013
confirmatorio,j6010_1.sm,adaptativa,0.4,1091,0.2332277669873072,0.954510893779562,15,7.5,0.0858468677494199
confirmatorio,j6010_1.sm,adaptativa,0.4,1092,0.2459453375827865,0.9194514922547676,9,1.0,0.1736263736263736
confirmatorio,j6010_1.sm,adaptativa,0.4,1093,0.242115953918999,0.9274917588331736,10,0.5,0.1069042316258351
confirmatorio,j6010_1.sm,adaptativa,0.4,1094,0.2422576333677545,0.9346594307855888,13,3.0,0.0564334085778781
confirmatorio,j6010_1.sm,adaptativa,0.4,1095,0.2381801608548477,0.9297280511502648,13,3.0,0.0404494382022471
confirmatorio,j6010_1.sm,adaptativa,0.4,1096,0.2360209001301096,0.9367690029140616,13,9.5,0.1033707865168539
confirmatorio,j6010_1.sm,adaptativa,0.4,1097,0.2336598550428645,0.9428386109425778,14,9.0,0.0296803652968036
confirmatorio,j6010_1.sm,adaptativa,0.4,1098,0.2390233548729872,0.9520990100671672,11,8.5,0.1105990783410138
confirmatorio,j6010_1.sm,adaptativa,0.4,1099,0.2410587520100404,0.9485192206385108,12,4.5,0.022883295194508
confirmatorio,j6010_1.sm,adaptativa,0.6,1000,0.2884936412702777,0.8995666806369579,11,5.147613943539418,0.1010752688172043
confirmatorio,j6010_1.sm,adaptativa,0.6,1001,0.2962988148548041,0.894910449256479,14,0.0,0.2234042553191489
confirmatorio,j6010_1.sm,adaptativa,0.6,1002,0.3126468550317722,0.8975124757002154,15,11.470348149382382,0.2059447983014862
confirmatorio,j6010_1.sm,adaptativa,0.6,1003,0.3034082953755164,0.9090839392369972,13,5.0,0.1555075593952483
confirmatorio,j6010_1.sm,adaptativa,0.6,1004,0.3117350105120293,0.8989716940429193,11,5.5,0.2754237288135593
confirmatorio,j6010_1.sm,adaptativa,0.6,1005,0.3150716643520382,0.9014719493010864,14,2.5,0.1772151898734177
confirmatorio,j6010_1.sm,adaptativa,0.6,1006,0.3024271519022664,0.8812566729949655,17,7.5,0.2431289640591966
confirmatorio,j6010_1.sm,adaptativa,0.6,1007,0.2941141882606756,0.9004885255880423,9,4.0,0.1508620689655172
confirmatorio,j6010_1.sm,adaptativa,0.6,1008,0.258292132792247,0.9394834962016604,15,4.0,0.1134259259259259
confirmatorio,j6010_1.sm,adaptativa,0.6,1009,0.2726993842639759,0.9443417713487736,8,4.5,0.0825688073394495
confirmatorio,j6010_1.sm,adaptativa,0.6,1010,0.291621340214359,0.9187621591567012,11,8.0,0.1216814159292035
confirmatorio,j6010_1.sm,adaptativa,0.6,1011,0.2823172160061043,0.9336086593057752,14,5.0,0.0472972972972973
confirmatorio,j6010_1.sm,adaptativa,0.6,1012,0.2974572512374075,0.9088481648130472,16,10.150051827831714,0.1666666666666666
confirmatorio,j6010_1.sm,adaptativa,0.6,1013,0.2808849579356081,0.9195106985537768,19,7.0,0.0267857142857142
confirmatorio,j6010_1.sm,adaptativa,0.6,1014,0.2807628057212017,0.93440349652074,11,3.5,0.0797266514806378
confirmatorio,j6010_1.sm,adaptativa,0.6,1015,0.2956953869254327,0.9060224812782084,13,4.5,0.2267818574514039
confirmatorio,j6010_1.sm,adaptativa,0.6,1016,0.2876907059859351,0.926414727038418,5,3.5,0.1205357142857142
confirmatorio,j6010_1.sm,adaptativa,0.6,1017,0.2852129866973225,0.9118584320229736,14,5.0,0.1094091903719912
confirmatorio,j6010_1.sm,adaptativa,0.6,1018,0.2819466304902539,0.9124589645397956,15,4.5,0.1406926406926407
confirmatorio,j6010_1.sm,adaptativa,0.6,1019,0.2959602932058235,0.9215317003273832,13,1.5,0.1626373626373626
confirmatorio,j6010_1.sm,adaptativa,0.6,1020,0.2847701768537862,0.9312116041766112,13,7.0,0.0563063063063063
confirmatorio,j6010_1.sm,adaptativa,0.6,1021,0.2973374945948808,0.9082910429337312,12,5.141994662243298,0.1347826086956521
confirmatorio,j6010_1.sm,adaptativa,0.6,1022,0.2989357042917441,0.9279360364257908,12,6.0,0.141280353200883
confirmatorio,j6010_1.sm,adaptativa,0.6,1023,0.2973374945948808,0.9067665103341048,14,3.0,0.158695652173913
confirmatorio,j6010_1.sm,adaptativa,0.6,1024,0.2844538841084031,0.9147020813915404,12,4.5,0.08
confirmatorio,j6010_1.sm,adaptativa,0.6,1025,0.2702996300552685,0.9383149326581286,13,8.5,0.047945205479452
confirmatorio,j6010_1.sm,adaptativa,0.6,1026,0.2803015154499097,0.9194478973173058,13,5.0,0.0986547085201793
confirmatorio,j6010_1.sm,adaptativa,0.6,1027,0.2982955477350946,0.905517020547762,9,4.0,0.2021505376344086
confirmatorio,j6010_1.sm,adaptativa,0.6,1028,0.282026885619105,0.9223525837079706,10,5.0,0.0425055928411633
confirmatorio,j6010_1.sm,adaptativa,0.6,1029,0.2850665245507545,0.9094627610332836,9,4.5,0.0863930885529157
confirmatorio,j6010_1.sm,adaptativa,0.6,1030,0.2746860199127494,0.9347002964623023,19,3.5,0.0538116591928251
confirmatorio,j6010_1.sm,adaptativa,0.6,1031,0.2802484411254312,0.9355062946288234,10,1.0,0.0741573033707865
confirmatorio,j6010_1.sm,adaptativa,0.6,1032,0.284680355438853,0.9239545256018794,17,5.5,0.146067415730337
confirmatorio,j6010_1.sm,adaptativa,0.6,1033,0.2960489185401459,0.9040938809432064,14,6.5,0.2272727272727272
confirmatorio,j6010_1.sm,adaptativa,0.6,1034,0.281019988019087,0.9158591176437852,7,1.5,0.0779510022271715
confirmatorio,j6010_1.sm,adaptativa,0.6,1035,0.2974572512374075,0.9085190829344864,14,6.666341289223092,0.1774891774891775
confirmatorio,j6010_1.sm,adaptativa,0.6,1036,0.2855266215204754,0.942643917009631,11,4.5,0.0480549199084668
confirmatorio,j6010_1.sm,adaptativa,0.6,1037,0.282026885619105,0.9224653368563744,15,4.5,0.0313199105145413
confirmatorio,j6010_1.sm,adaptativa,0.6,1038,0.2941141882606756,0.9005848608160183,9,5.5,0.1228448275862068
confirmatorio,j6010_1.sm,adaptativa,0.6,1039,0.3042344151914136,0.8977106612115346,12,4.0,0.1659574468085106
confirmatorio,j6010_1.sm,adaptativa,0.6,1040,0.2944197675993112,0.9205645772295536,18,6.6283980498564645,0.1269146608315098
confirmatorio,j6010_1.sm,adaptativa,0.6,1041,0.2956953869254327,0.9046812055778608,14,5.404596041465954,0.2526997840172786
confirmatorio,j6010_1.sm,adaptativa,0.6,1042,0.2929663771426554,0.916914390661848,14,4.5,0.2516268980477223
confirmatorio,j6010_1.sm,adaptativa,0.6,1043,0.3150716643520382,0.9015582757061352,15,4.5,0.1434599156118143
confirmatorio,j6010_1.sm,adaptativa,0.6,1044,0.2937843812505201,0.9309485439129346,7,5.0,0.0931263858093126
confirmatorio,j6010_1.sm,adaptativa,0.6,1045,0.2821773083595706,0.9307102063370752,12,1.5,0.0247747747747747
confirmatorio,j6010_1.sm,adaptativa,0.6,1046,0.2984751826988846,0.9028601331164634,14,9.0,0.2381974248927038
confirmatorio,j6010_1.sm,adaptativa,0.6,1047,0.2931219967369549,0.9306359039997556,15,4.0,0.109375
confirmatorio,j6010_1.sm,adaptativa,0.6,1048,0.2645003844019575,0.9390768084815434,9,2.5,0.0250569476082004
confirmatorio,j6010_1.sm,adaptativa,0.6,1049,0.2974572512374075,0.9088473155929018,14,3.5,0.1753246753246753
confirmatorio,j6010_1.sm,adaptativa,0.6,1050,0.2832519716759474,0.9145543662418392,14,3.0,0.0835164835164835
confirmatorio,j6010_1.sm,adaptativa,0.6,1051,0.2821130127850993,0.9308345498898244,9,4.5,0.0518018018018018
confirmatorio,j6010_1.sm,adaptativa,0.6,1052,0.2640065838047607,0.9428479849802748,7,5.0,0.0787037037037037
confirmatorio,j6010_1.sm,adaptativa,0.6,1053,0.2772265491252795,0.9406616380198368,10,5.0,0.0772727272727272
confirmatorio,j6010_1.sm,adaptativa,0.6,1054,0.2936250386765524,0.9190638244741772,12,3.0,0.1094091903719912
confirmatorio,j6010_1.sm,adaptativa,0.6,1055,0.282026885619105,0.9224653368563744,7,0.0,0.0313199105145413
confirmatorio,j6010_1.sm,adaptativa,0.6,1056,0.3021881082511052,0.8990668863218388,13,4.0,0.3070362473347548
confirmatorio,j6010_1.sm,adaptativa,0.6,1057,0.2808990215688581,0.927957038663928,10,7.0,0.0223214285714285
confirmatorio,j6010_1.sm,adaptativa,0.6,1058,0.2821392473005465,0.921490166178356,7,4.5,0.0663716814159292
confirmatorio,j6010_1.sm,adaptativa,0.6,1059,0.2960932316178262,0.913203031168461,8,5.5,0.2021739130434782
confirmatorio,j6010_1.sm,adaptativa,0.6,1060,0.2898221782339637,0.9141491916442578,8,0.0,0.1059602649006622
confirmatorio,j6010_1.sm,adaptativa,0.6,1061,0.2836849796209181,0.9323553181216968,11,7.5,0.0680272108843537
confirmatorio,j6010_1.sm,adaptativa,0.6,1062,0.3079711800004153,0.9213801016625768,15,5.0,0.101511879049676
confirmatorio,j6010_1.sm,adaptativa,0.6,1063,0.2886998816469758,0.9229221543703944,20,4.0,0.0801781737193764
confirmatorio,j6010_1.sm,adaptativa,0.6,1064,0.300866078251143,0.9047023959267352,7,6.5,0.1382289416846652
confirmatorio,j6010_1.sm,adaptativa,0.6,1065,0.2882048584546456,0.9147423596007308,12,5.0,0.2334801762114537
confirmatorio,j6010_1.sm,adaptativa,0.6,1066,0.3063737043056409,0.8875457855480225,9,5.0,0.2893081761006289
confirmatorio,j6010_1.sm,adaptativa,0.6,1067,0.2903167207853573,0.9235159558444612,10,4.5,0.1422222222222222
confirmatorio,j6010_1.sm,adaptativa,0.6,1068,0.2976368862011976,0.9059539745764214,13,7.5,0.2419006479481641
confirmatorio,j6010_1.sm,adaptativa,0.6,1069,0.2949682887131729,0.9186998982719504,14,6.0,0.1406593406593406
confirmatorio,j6010_1.sm,adaptativa,0.6,1070,0.2899612180441067,0.9190817145190489,14,6.5,0.052863436123348
confirmatorio,j6010_1.sm,adaptativa,0.6,1071,0.2965606918884249,0.90558836479583,11,3.0,0.3247311827956989
confirmatorio,j6010_1.sm,adaptativa,0.6,1072,0.2733650325643847,0.9412025764852214,12,9.0,0.0668202764976958
confirmatorio,j6010_1.sm,adaptativa,0.6,1073,0.2984479845405753,0.9122008472183916,14,6.72641808488692,0.2183406113537118
confirmatorio,j6010_1.sm,adaptativa,0.6,1074,0.2937756684107466,0.9086355625718818,13,7.5,0.0881720430107526
confirmatorio,j6010_1.sm,adaptativa,0.6,1075,0.2916414041790384,0.9204604030103256,9,5.0,0.1032967032967032
confirmatorio,j6010_1.sm,adaptativa,0.6,1076,0.2974572512374075,0.9086310802831384,10,3.0,0.1948051948051948
confirmatorio,j6010_1.sm,adaptativa,0.6,1077,0.3035213188200045,0.9020123899627224,13,0.0,0.1892473118279569
confirmatorio,j6010_1.sm,adaptativa,0.6,1078,0.2770714833280251,0.9203164181809724,15,9.5,0.082039911308204
confirmatorio,j6010_1.sm,adaptativa,0.6,1079,0.2907700468717464,0.9192070300687896,16,7.13023791259758,0.125
confirmatorio,j6010_1.sm,adaptativa,0.6,1080,0.2999097866218385,0.9150473835261964,11,5.231717175588103,0.1883116883116883
confirmatorio,j6010_1.sm,adaptativa,0.6,1081,0.282026885619105,0.92270355198939,12,5.0,0.0044742729306487
confirmatorio,j6010_1.sm,adaptativa,0.6,1082,0.2886434159497426,0.91923635359441,12,5.0,0.0866666666666666
confirmatorio,j6010_1.sm,adaptativa,0.6,1083,0.2930198935629365,0.9164592497237958,14,4.5,0.1403508771929824
confirmatorio,j6010_1.sm,adaptativa,0.6,1084,0.2868001483450186,0.9128022636381324,13,5.0,0.1496746203904555
confirmatorio,j6010_1.sm,adaptativa,0.6,1085,0.2906937404656859,0.9169506823624836,13,8.5,0.0879120879120879
confirmatorio,j6010_1.sm,adaptativa,0.6,1086,0.2686996112063421,0.9348925726041606,17,4.0,0.0737327188940092
confirmatorio,j6010_1.sm,adaptativa,0.6,1087,0.2768008605357195,0.9300087100078808,14,5.0,0.0997732426303854
confirmatorio,j6010_1.sm,adaptativa,0.6,1088,0.3112907145266532,0.8973605402289662,16,6.93194396478949,0.2288135593220339
confirmatorio,j6010_1.sm,adaptativa,0.6,1089,0.2934951904962218,0.902234756565606,14,5.0,0.1233766233766233
confirmatorio,j6010_1.sm,adaptativa,0.6,1090,0.2867460762396498,0.9192810705810784,14,4.0,0.042316258351893
confirmatorio,j6010_1.sm,adaptativa,0.6,1091,0.2695506660914356,0.944139514290116,15,7.5,0.0967741935483871
confirmatorio,j6010_1.sm,adaptativa,0.6,1092,0.304802794946272,0.8951224472088298,11,1.229677249379597,0.2302771855010661
confirmatorio,j6010_1.sm,adaptativa,0.6,1093,0.2880337468419208,0.9050368623210152,12,0.5,0.1645021645021645
confirmatorio,j6010_1.sm,adaptativa,0.6,1094,0.2964712910062881,0.9078123293390132,13,3.0,0.2272727272727272
confirmatorio,j6010_1.sm,adaptativa,0.6,1095,0.2871280675938618,0.9027741918149704,13,5.5,0.1508620689655172
confirmatorio,j6010_1.sm,adaptativa,0.6,1096,0.2858760794542351,0.9212040811126916,14,9.5,0.1655773420479303
confirmatorio,j6010_1.sm,adaptativa,0.6,1097,0.2691463784007544,0.9369405214965608,16,9.0,0.0294117647058823
confirmatorio,j6010_1.sm,adaptativa,0.6,1098,0.2825305860666422,0.936228072801041,13,8.5,0.0807174887892376
confirmatorio,j6010_1.sm,adaptativa,0.6,1099,0.2964526374961598,0.9256413901207764,12,4.5,0.118942731277533
confirmatorio,j6010_1.sm,adaptativa,0.8,1000,0.3327404619054167,0.8913733432083005,13,3.5,0.1388888888888889
confirmatorio,j6010_1.sm,adaptativa,0.8,1001,0.3716563086295018,0.8799037101804444,15,0.5,0.3138075313807531
confirmatorio,j6010_1.sm,adaptativa,0.8,1002,0.3761749528614835,0.8855828041965031,17,6.940248887783459,0.2647058823529412
confirmatorio,j6010_1.sm,adaptativa,0.8,1003,0.3488804013129625,0.8906858508482888,11,6.631748614031024,0.1471215351812366
confirmatorio,j6010_1.sm,adaptativa,0.8,1004,0.393471746699462,0.865172122786652,11,5.638166436773479,0.3306122448979592
confirmatorio,j6010_1.sm,adaptativa,0.8,1005,0.383255503862316,0.8693695414483127,16,7.720847149953967,0.2670807453416149
confirmatorio,j6010_1.sm,adaptativa,0.8,1006,0.3657455022902862,0.8641240961535024,17,3.5811713546232133,0.2997946611909651
confirmatorio,j6010_1.sm,adaptativa,0.8,1007,0.3602593005789431,0.8872335836661404,8,2.5,0.1918976545842217
confirmatorio,j6010_1.sm,adaptativa,0.8,1008,0.3216135721849629,0.917598839705304,19,4.5,0.1031390134529148
confirmatorio,j6010_1.sm,adaptativa,0.8,1009,0.3208778887481572,0.9350165290195128,9,4.5,0.0568181818181818
confirmatorio,j6010_1.sm,adaptativa,0.8,1010,0.3466103746940283,0.90360878124136,11,8.0,0.1830065359477124
confirmatorio,j6010_1.sm,adaptativa,0.8,1011,0.3239009938995404,0.9278384295464204,14,5.0,0.0472972972972973
confirmatorio,j6010_1.sm,adaptativa,0.8,1012,0.3603451844484924,0.8862220290815527,12,3.5,0.1727078891257995
confirmatorio,j6010_1.sm,adaptativa,0.8,1013,0.3259101065087186,0.9048605057045938,18,4.0,0.0770925110132158
confirmatorio,j6010_1.sm,adaptativa,0.8,1014,0.3339862140094694,0.9084081749722688,16,4.0,0.1043478260869565
confirmatorio,j6010_1.sm,adaptativa,0.8,1015,0.3482027778692803,0.8772043461400103,11,4.5,0.2378947368421052
confirmatorio,j6010_1.sm,adaptativa,0.8,1016,0.3376472824324821,0.9228957884470196,6,6.769387197705187,0.078125
confirmatorio,j6010_1.sm,adaptativa,0.8,1017,0.3283015882421028,0.9045913906091844,14,5.0,0.1140350877192982
confirmatorio,j6010_1.sm,adaptativa,0.8,1018,0.3239390559039695,0.916652497970084,14,8.0,0.1019955654101995
confirmatorio,j6010_1.sm,adaptativa,0.8,1019,0.3652492977423938,0.888880540990593,17,7.663932290904024,0.2266949152542373
confirmatorio,j6010_1.sm,adaptativa,0.8,1020,0.3375232203225325,0.9189584462715764,10,4.0,0.0577777777777777
confirmatorio,j6010_1.sm,adaptativa,0.8,1021,0.3650812107405616,0.8893095356267113,11,4.5,0.1991525423728813
confirmatorio,j6010_1.sm,adaptativa,0.8,1022,0.3638887390948934,0.9021032882770944,11,6.0,0.1691648822269807
confirmatorio,j6010_1.sm,adaptativa,0.8,1023,0.3603451844484924,0.8840006087444572,13,4.0,0.2196162046908315
confirmatorio,j6010_1.sm,adaptativa,0.8,1024,0.3508417881278356,0.8916829365540248,16,4.5,0.2595744680851063
confirmatorio,j6010_1.sm,adaptativa,0.8,1025,0.3183701843043332,0.9232430346813412,16,5.0,0.1351351351351351
confirmatorio,j6010_1.sm,adaptativa,0.8,1026,0.3315360589789029,0.9158252564935604,10,5.0,0.1133333333333333
confirmatorio,j6010_1.sm,adaptativa,0.8,1027,0.3651264924904158,0.8843386187319735,10,5.501832759941072,0.2279569892473118
confirmatorio,j6010_1.sm,adaptativa,0.8,1028,0.3296906572959811,0.9093432045245028,10,5.0,0.1079295154185022
confirmatorio,j6010_1.sm,adaptativa,0.8,1029,0.3423571064982166,0.8946825616277685,9,4.5,0.1557894736842105
confirmatorio,j6010_1.sm,adaptativa,0.8,1030,0.3217975430922991,0.9228779427161726,20,3.5,0.1415929203539823
confirmatorio,j6010_1.sm,adaptativa,0.8,1031,0.3318548289418133,0.924221073366869,10,4.5,0.1103752759381898
confirmatorio,j6010_1.sm,adaptativa,0.8,1032,0.305462234311303,0.9197967001271956,13,2.5,0.0203160270880361
confirmatorio,j6010_1.sm,adaptativa,0.8,1033,0.3711556239431932,0.8810349082856097,10,4.0,0.2677824267782426
confirmatorio,j6010_1.sm,adaptativa,0.8,1034,0.3411091878482506,0.8983418832803495,10,4.5,0.161925601750547
confirmatorio,j6010_1.sm,adaptativa,0.8,1035,0.3650812107405616,0.8894380525978787,13,2.7471977102841323,0.1779661016949152
confirmatorio,j6010_1.sm,adaptativa,0.8,1036,0.3311654734630525,0.9314186711389848,10,3.0,0.1272727272727272
confirmatorio,j6010_1.sm,adaptativa,0.8,1037,0.3279763017102358,0.9105969121629552,12,4.0,0.0353200883002207
confirmatorio,j6010_1.sm,adaptativa,0.8,1038,0.3712390713909114,0.8843807784373029,10,5.0,0.1953781512605042
confirmatorio,j6010_1.sm,adaptativa,0.8,1039,0.3616497380158521,0.8720807839303272,10,5.0,0.2116182572614107
confirmatorio,j6010_1.sm,adaptativa,0.8,1040,0.3613757908830837,0.883748994856997,17,3.0,0.2144373673036093
confirmatorio,j6010_1.sm,adaptativa,0.8,1041,0.3652492977423938,0.8876119294474062,13,4.0,0.2521186440677966
confirmatorio,j6010_1.sm,adaptativa,0.8,1042,0.3278194800459837,0.9062088728745452,13,4.5,0.2169197396963123
confirmatorio,j6010_1.sm,adaptativa,0.8,1043,0.3713869451769412,0.8699958125322939,15,4.5,0.2376033057851239
confirmatorio,j6010_1.sm,adaptativa,0.8,1044,0.3192795759206408,0.917642948462213,7,5.0,0.0598669623059867
confirmatorio,j6010_1.sm,adaptativa,0.8,1045,0.3416051852794642,0.918986069040948,11,3.0,0.0993377483443708
confirmatorio,j6010_1.sm,adaptativa,0.8,1046,0.3482027778692803,0.8801767410775878,19,9.0,0.2
confirmatorio,j6010_1.sm,adaptativa,0.8,1047,0.349457236150594,0.9034261133326532,14,4.0,0.1666666666666666
confirmatorio,j6010_1.sm,adaptativa,0.8,1048,0.3349217079502156,0.9096251938168664,12,4.0,0.1877729257641921
confirmatorio,j6010_1.sm,adaptativa,0.8,1049,0.3650812107405616,0.8894380525978787,12,5.533446765767109,0.1779661016949152
confirmatorio,j6010_1.sm,adaptativa,0.8,1050,0.3606721101389688,0.9026440639454096,15,5.5,0.1634408602150537
confirmatorio,j6010_1.sm,adaptativa,0.8,1051,0.347671976810863,0.9143442590380672,14,6.0,0.084070796460177
confirmatorio,j6010_1.sm,adaptativa,0.8,1052,0.3174892547912211,0.9422101951019946,7,5.0,0.0406320541760722
confirmatorio,j6010_1.sm,adaptativa,0.8,1053,0.3607246929784323,0.8919582338989152,8,7.5,0.3136842105263158
confirmatorio,j6010_1.sm,adaptativa,0.8,1054,0.3468230368681498,0.9006618426071368,11,4.0738920010511634,0.2159827213822894
confirmatorio,j6010_1.sm,adaptativa,0.8,1055,0.3296906572959811,0.9094761884654212,7,0.0,0.0969162995594713
confirmatorio,j6010_1.sm,adaptativa,0.8,1056,0.364650572268665,0.8717179461652304,15,8.0,0.3547717842323651
confirmatorio,j6010_1.sm,adaptativa,0.8,1057,0.3441170502281648,0.9256539867740844,14,7.0,0.1266666666666666
confirmatorio,j6010_1.sm,adaptativa,0.8,1058,0.3571167834648514,0.9056970851336168,10,4.5,0.1293103448275862
confirmatorio,j6010_1.sm,adaptativa,0.8,1059,0.3463449741648197,0.8981419055808618,12,6.5,0.2073434125269978
confirmatorio,j6010_1.sm,adaptativa,0.8,1060,0.368877999487829,0.8722596993281236,7,4.0,0.320754716981132
confirmatorio,j6010_1.sm,adaptativa,0.8,1061,0.3547759944076465,0.904770856649674,11,7.5,0.1688034188034188
confirmatorio,j6010_1.sm,adaptativa,0.8,1062,0.3201335663331751,0.9092434108625044,11,5.0,0.1041214750542299
confirmatorio,j6010_1.sm,adaptativa,0.8,1063,0.3686522005116506,0.8909300471634375,20,4.5,0.2589473684210526
confirmatorio,j6010_1.sm,adaptativa,0.8,1064,0.3902362633684825,0.8680655842403523,11,5.0,0.2238193018480492
confirmatorio,j6010_1.sm,adaptativa,0.8,1065,0.3431720404886798,0.9009617429410306,12,5.0,0.2993492407809111
confirmatorio,j6010_1.sm,adaptativa,0.8,1066,0.3730749152407093,0.8947708506094417,16,7.5,0.2356687898089172
confirmatorio,j6010_1.sm,adaptativa,0.8,1067,0.3491938162223495,0.9093584988228628,12,4.5,0.1067538126361655
confirmatorio,j6010_1.sm,adaptativa,0.8,1068,0.3650812107405616,0.8890595718868015,16,7.5,0.1906779661016949
confirmatorio,j6010_1.sm,adaptativa,0.8,1069,0.3444871704603591,0.916350518177138,10,4.5,0.1902654867256637
confirmatorio,j6010_1.sm,adaptativa,0.8,1070,0.3381139518852475,0.9067082439512398,15,6.5,0.0919037199124726
confirmatorio,j6010_1.sm,adaptativa,0.8,1071,0.3380124860036625,0.8897101596406144,10,4.5,0.3023758099352052
confirmatorio,j6010_1.sm,adaptativa,0.8,1072,0.3201797749647329,0.9092023391732906,12,9.0,0.12472647702407
confirmatorio,j6010_1.sm,adaptativa,0.8,1073,0.3698204647797039,0.8779051361108795,10,5.0,0.29375
confirmatorio,j6010_1.sm,adaptativa,0.8,1074,0.330406611584328,0.9108073114571542,8,4.5,0.0704845814977973
confirmatorio,j6010_1.sm,adaptativa,0.8,1075,0.3711556239431932,0.8810349082856097,10,8.0,0.2677824267782426
confirmatorio,j6010_1.sm,adaptativa,0.8,1076,0.3734742807599666,0.8809913364214255,10,1.0,0.2320675105485232
confirmatorio,j6010_1.sm,adaptativa,0.8,1077,0.3751664308504905,0.8722526754496969,15,0.0,0.2265306122448979
confirmatorio,j6010_1.sm,adaptativa,0.8,1078,0.3242360692953496,0.9038822655401232,12,5.422117548142763,0.1317494600431965
confirmatorio,j6010_1.sm,adaptativa,0.8,1079,0.342713654683921,0.8997237034146166,12,6.484617714241403,0.2138228941684665
confirmatorio,j6010_1.sm,adaptativa,0.8,1080,0.3174338849553235,0.907324730893594,10,6.924039123254777,0.1764705882352941
confirmatorio,j6010_1.sm,adaptativa,0.8,1081,0.3296906572959811,0.9094833278490752,12,5.0,0.0704845814977973
confirmatorio,j6010_1.sm,adaptativa,0.8,1082,0.3469044167112716,0.8909591786685616,11,1.0,0.1634819532908704
confirmatorio,j6010_1.sm,adaptativa,0.8,1083,0.3649131237387295,0.8899023228047788,14,4.5,0.2250530785562632
confirmatorio,j6010_1.sm,adaptativa,0.8,1084,0.3346045002907185,0.9056107095434748,10,5.0,0.08008658008658
confirmatorio,j6010_1.sm,adaptativa,0.8,1085,0.336793540314579,0.9236520353974912,11,4.5,0.1393805309734513
confirmatorio,j6010_1.sm,adaptativa,0.8,1086,0.3229487206107293,0.923388561513389,18,3.5,0.1291759465478842
confirmatorio,j6010_1.sm,adaptativa,0.8,1087,0.329317130625243,0.8908722176286109,10,9.0,0.1630901287553648
confirmatorio,j6010_1.sm,adaptativa,0.8,1088,0.367105368050818,0.8790546095277714,21,4.5,0.2394067796610169
confirmatorio,j6010_1.sm,adaptativa,0.8,1089,0.3650812107405616,0.8893816663828814,13,5.0,0.1822033898305084
confirmatorio,j6010_1.sm,adaptativa,0.8,1090,0.3444354113526265,0.8893933418976507,13,4.5,0.1075268817204301
confirmatorio,j6010_1.sm,adaptativa,0.8,1091,0.3104365105037093,0.9160158759532964,21,7.5,0.131403118040089
confirmatorio,j6010_1.sm,adaptativa,0.8,1092,0.3588601606596803,0.8847355532046383,11,0.5942444785891766,0.2029598308668076
confirmatorio,j6010_1.sm,adaptativa,0.8,1093,0.3406830962083683,0.8897500327143536,12,0.5,0.2494669509594882
confirmatorio,j6010_1.sm,adaptativa,0.8,1094,0.3571984247281687,0.8906693639405843,15,4.0,0.2008547008547008
confirmatorio,j6010_1.sm,adaptativa,0.8,1095,0.3485211313853823,0.8758223522569093,14,4.0,0.180293501048218
confirmatorio,j6010_1.sm,adaptativa,0.8,1096,0.3111708303535171,0.9067201592553826,10,9.5,0.1550218340611353
confirmatorio,j6010_1.sm,adaptativa,0.8,1097,0.3215614701485494,0.9171373290208216,16,9.0,0.1406593406593406
confirmatorio,j6010_1.sm,adaptativa,0.8,1098,0.349144917460802,0.9100116658512004,13,8.5,0.1973969631236442
confirmatorio,j6010_1.sm,adaptativa,0.8,1099,0.3078867747627665,0.9357270774245048,11,4.5,0.1448275862068965
confirmatorio,j6010_1.sm,adaptativa,1.0,1000,0.3919771592328225,0.8701987802300941,13,6.378417418573611,0.2285115303983228
confirmatorio,j6010_1.sm,adaptativa,1.0,1001,0.4266498129001868,0.8538450649181278,13,1.5,0.1963190184049079
confirmatorio,j6010_1.sm,adaptativa,1.0,1002,0.4426784521232399,0.8557886764638702,17,7.522444276198309,0.3092783505154639
confirmatorio,j6010_1.sm,adaptativa,1.0,1003,0.4624505775704892,0.8518572469656673,10,2.5,0.2932790224032586
confirmatorio,j6010_1.sm,adaptativa,1.0,1004,0.4837053375871091,0.8328545937669503,12,5.827514335669737,0.3084677419354839
confirmatorio,j6010_1.sm,adaptativa,1.0,1005,0.4628476117899882,0.8352871218977133,16,6.925462821012999,0.328740157480315
confirmatorio,j6010_1.sm,adaptativa,1.0,1006,0.4472081206233175,0.8358783614287048,18,3.5,0.3266932270916334
confirmatorio,j6010_1.sm,adaptativa,1.0,1007,0.4266498129001868,0.8526065100434356,6,0.0,0.2290388548057259
confirmatorio,j6010_1.sm,adaptativa,1.0,1008,0.3489508607149082,0.912968563030502,17,4.0,0.1029082774049217
confirmatorio,j6010_1.sm,adaptativa,1.0,1009,0.3617707154445152,0.9163873077763882,9,4.5,0.0623608017817371
confirmatorio,j6010_1.sm,adaptativa,1.0,1010,0.4084115234395688,0.8799458384101053,11,8.0,0.1638297872340425
confirmatorio,j6010_1.sm,adaptativa,1.0,1011,0.4054286828274079,0.892063033785585,14,9.0,0.1487068965517241
confirmatorio,j6010_1.sm,adaptativa,1.0,1012,0.4265385496365626,0.8546691258366511,11,6.5,0.1967213114754098
confirmatorio,j6010_1.sm,adaptativa,1.0,1013,0.4013548007655734,0.858041977362478,14,0.5,0.245798319327731
confirmatorio,j6010_1.sm,adaptativa,1.0,1014,0.3997047681758838,0.8681332040388634,15,4.0,0.1452631578947368
confirmatorio,j6010_1.sm,adaptativa,1.0,1015,0.4265385496365626,0.8548777123939435,11,5.732912805779242,0.1946721311475409
confirmatorio,j6010_1.sm,adaptativa,1.0,1016,0.3788671123762344,0.8918862702848598,6,7.035172048938053,0.1350762527233115
confirmatorio,j6010_1.sm,adaptativa,1.0,1017,0.4533354558437094,0.8406078512004683,13,6.076991724800172,0.2616632860040568
confirmatorio,j6010_1.sm,adaptativa,1.0,1018,0.395294025363999,0.8884954414560773,14,8.0,0.1741935483870967
confirmatorio,j6010_1.sm,adaptativa,1.0,1019,0.4265385496365626,0.8567378778697218,16,4.0,0.1618852459016393
confirmatorio,j6010_1.sm,adaptativa,1.0,1020,0.4087550589177659,0.8814467188777695,11,4.0,0.202991452991453
confirmatorio,j6010_1.sm,adaptativa,1.0,1021,0.4265385496365626,0.856658390507265,11,4.5,0.1680327868852459
confirmatorio,j6010_1.sm,adaptativa,1.0,1022,0.393237909479441,0.8847457276612235,13,4.0,0.1279317697228145
confirmatorio,j6010_1.sm,adaptativa,1.0,1023,0.413750637329882,0.8510671926086142,14,5.0,0.2607802874743326
confirmatorio,j6010_1.sm,adaptativa,1.0,1024,0.4502790904501108,0.8579464181822481,12,5.0,0.2644628099173554
confirmatorio,j6010_1.sm,adaptativa,1.0,1025,0.3647665265783559,0.8995379169470757,16,5.0,0.1431718061674008
confirmatorio,j6010_1.sm,adaptativa,1.0,1026,0.4284300251181726,0.8503840971232952,15,7.642680280327462,0.3264887063655031
confirmatorio,j6010_1.sm,adaptativa,1.0,1027,0.4273173924819314,0.8510578598056708,9,1.5,0.306288032454361
confirmatorio,j6010_1.sm,adaptativa,1.0,1028,0.4652625286429956,0.8388403910426965,12,4.5,0.27
confirmatorio,j6010_1.sm,adaptativa,1.0,1029,0.4329562368060001,0.8690838635371376,13,4.5,0.1946169772256728
confirmatorio,j6010_1.sm,adaptativa,1.0,1030,0.3582839042194122,0.914850630949473,17,3.5,0.0222222222222222
confirmatorio,j6010_1.sm,adaptativa,1.0,1031,0.3963494267758541,0.890382783295197,9,6.252636964623523,0.2158119658119658
confirmatorio,j6010_1.sm,adaptativa,1.0,1032,0.3507637279051842,0.9061592784677271,13,2.5,0.0645879732739421
confirmatorio,j6010_1.sm,adaptativa,1.0,1033,0.4265385496365626,0.8563857757058856,15,5.0,0.1946721311475409
confirmatorio,j6010_1.sm,adaptativa,1.0,1034,0.4227555986733426,0.845805836048535,13,0.0,0.3258655804480652
confirmatorio,j6010_1.sm,adaptativa,1.0,1035,0.4305256829766901,0.8466913091195738,10,8.0,0.2600806451612903
confirmatorio,j6010_1.sm,adaptativa,1.0,1036,0.3806888004008805,0.9152012153976116,12,6.682603947404662,0.1390134529147982
confirmatorio,j6010_1.sm,adaptativa,1.0,1037,0.4090211305136244,0.8677996446302659,14,5.0,0.1923076923076923
confirmatorio,j6010_1.sm,adaptativa,1.0,1038,0.4265385496365626,0.8527593682765395,11,7.0,0.2418032786885245
confirmatorio,j6010_1.sm,adaptativa,1.0,1039,0.4435622898793526,0.8410772462145971,11,5.0,0.3266533066132264
confirmatorio,j6010_1.sm,adaptativa,1.0,1040,0.413750637329882,0.8522120165020863,19,5.0,0.2402464065708419
confirmatorio,j6010_1.sm,adaptativa,1.0,1041,0.4265385496365626,0.8566022744488184,14,7.5,0.165983606557377
confirmatorio,j6010_1.sm,adaptativa,1.0,1042,0.4167465409507725,0.8740752828707806,16,4.5,0.3284518828451883
confirmatorio,j6010_1.sm,adaptativa,1.0,1043,0.4621984481967054,0.8388017415703756,15,5.031059227894873,0.3081510934393638
confirmatorio,j6010_1.sm,adaptativa,1.0,1044,0.3576764866158521,0.8986110333052765,9,5.0,0.1140350877192982
confirmatorio,j6010_1.sm,adaptativa,1.0,1045,0.4035995007486463,0.8908487165574693,11,1.5,0.1132897603485838
confirmatorio,j6010_1.sm,adaptativa,1.0,1046,0.426872339427435,0.8499984344625892,16,9.0,0.2158859470468432
confirmatorio,j6010_1.sm,adaptativa,1.0,1047,0.3978714085834885,0.877605977680616,16,3.5,0.1063829787234042
confirmatorio,j6010_1.sm,adaptativa,1.0,1048,0.3890425367401071,0.8868517007247612,13,4.0,0.2236559139784946
confirmatorio,j6010_1.sm,adaptativa,1.0,1049,0.4265385496365626,0.8567378778697219,12,4.0,0.1618852459016393
confirmatorio,j6010_1.sm,adaptativa,1.0,1050,0.4124817452572275,0.8696982848638831,14,8.139803751293817,0.2651356993736952
confirmatorio,j6010_1.sm,adaptativa,1.0,1051,0.3847364883846684,0.8820439662080837,12,5.0,0.1771058315334773
confirmatorio,j6010_1.sm,adaptativa,1.0,1052,0.3523945944109815,0.9323334049537108,7,5.0,0.0405405405405405
confirmatorio,j6010_1.sm,adaptativa,1.0,1053,0.4225764149312248,0.8732503787490169,13,7.5,0.3319327731092437
confirmatorio,j6010_1.sm,adaptativa,1.0,1054,0.3976372575361601,0.8758847085388942,16,4.0,0.0893617021276595
confirmatorio,j6010_1.sm,adaptativa,1.0,1055,0.4257750550375844,0.8604520161500823,6,4.0,0.2572614107883817
confirmatorio,j6010_1.sm,adaptativa,1.0,1056,0.4075138405364106,0.8655130361775762,14,4.0,0.2935010482180293
confirmatorio,j6010_1.sm,adaptativa,1.0,1057,0.398322887220543,0.905076718498312,14,7.262987635709082,0.1305309734513274
confirmatorio,j6010_1.sm,adaptativa,1.0,1058,0.3930197868183854,0.8862826412346813,15,8.5,0.1914893617021276
confirmatorio,j6010_1.sm,adaptativa,1.0,1059,0.4599571015168202,0.8480744247813943,19,8.098311453869519,0.3456032719836401
confirmatorio,j6010_1.sm,adaptativa,1.0,1060,0.4211917949259095,0.8628369174612137,8,5.299451167148771,0.3194154488517745
confirmatorio,j6010_1.sm,adaptativa,1.0,1061,0.4272061292183072,0.856181544787352,10,7.5,0.2807377049180328
confirmatorio,j6010_1.sm,adaptativa,1.0,1062,0.4096868868738224,0.8724091232648551,11,5.0,0.2203742203742204
confirmatorio,j6010_1.sm,adaptativa,1.0,1063,0.366995425067309,0.8932600812296113,17,8.0,0.1084598698481561
confirmatorio,j6010_1.sm,adaptativa,1.0,1064,0.4325467191229946,0.8401759148838609,14,9.541740438815705,0.323943661971831
confirmatorio,j6010_1.sm,adaptativa,1.0,1065,0.4030559269699748,0.8793542810559627,14,7.294628689427281,0.2857142857142857
confirmatorio,j6010_1.sm,adaptativa,1.0,1066,0.4570742380962267,0.8472955884559609,8,6.126858234803205,0.3123732251521298
confirmatorio,j6010_1.sm,adaptativa,1.0,1067,0.423089388464215,0.8598680462157761,12,7.7945573381748146,0.2354166666666666
confirmatorio,j6010_1.sm,adaptativa,1.0,1068,0.4273173924819314,0.8506383919021611,15,7.5,0.3083164300202839
confirmatorio,j6010_1.sm,adaptativa,1.0,1069,0.3925430114213569,0.8803964168360296,12,4.5,0.1684434968017057
confirmatorio,j6010_1.sm,adaptativa,1.0,1070,0.4025544295300557,0.8870554329138113,16,7.95641142768845,0.1508620689655172
confirmatorio,j6010_1.sm,adaptativa,1.0,1071,0.4319188647337979,0.8550853619210459,13,4.0,0.3755186721991701
confirmatorio,j6010_1.sm,adaptativa,1.0,1072,0.399250577354313,0.8854947909838642,9,9.0,0.1944444444444444
confirmatorio,j6010_1.sm,adaptativa,1.0,1073,0.4083272986193514,0.8690609874572258,14,3.5,0.1763485477178423
confirmatorio,j6010_1.sm,adaptativa,1.0,1074,0.3976011018597343,0.8757240762871354,11,7.0,0.1987315010570824
confirmatorio,j6010_1.sm,adaptativa,1.0,1075,0.4241475277117502,0.8442591253066029,9,4.5,0.3163265306122449
confirmatorio,j6010_1.sm,adaptativa,1.0,1076,0.413750637329882,0.852055667838888,10,0.5,0.24435318275154
confirmatorio,j6010_1.sm,adaptativa,1.0,1077,0.4426784521232398,0.8382527495063936,15,0.0,0.3053892215568862
confirmatorio,j6010_1.sm,adaptativa,1.0,1078,0.3756525776008876,0.8866007617205712,13,4.0,0.1492537313432835
confirmatorio,j6010_1.sm,adaptativa,1.0,1079,0.4182032949666512,0.8766919358407994,13,5.757846060780759,0.2446808510638297
confirmatorio,j6010_1.sm,adaptativa,1.0,1080,0.3835104573835082,0.892688022094735,13,2.0,0.1406926406926407
confirmatorio,j6010_1.sm,adaptativa,1.0,1081,0.3990306348143141,0.8716321856893691,13,5.0,0.2085106382978723
confirmatorio,j6010_1.sm,adaptativa,1.0,1082,0.423371478270551,0.880130664790789,11,3.5,0.1531914893617021
confirmatorio,j6010_1.sm,adaptativa,1.0,1083,0.4306361626962042,0.8468982469554117,14,4.5,0.2414486921529175
confirmatorio,j6010_1.sm,adaptativa,1.0,1084,0.3932393395676091,0.8808630819074541,10,5.0,0.173076923076923
confirmatorio,j6010_1.sm,adaptativa,1.0,1085,0.3790439013586374,0.9042659535634212,9,4.5,0.1266375545851528
confirmatorio,j6010_1.sm,adaptativa,1.0,1086,0.3920865003553758,0.9026805333179184,14,3.5,0.1794310722100656
confirmatorio,j6010_1.sm,adaptativa,1.0,1087,0.4151896967469027,0.8588762252446711,14,4.5,0.1893004115226337
confirmatorio,j6010_1.sm,adaptativa,1.0,1088,0.4216948952631896,0.8524388344308991,17,6.447338798792285,0.2556701030927835
confirmatorio,j6010_1.sm,adaptativa,1.0,1089,0.4267610761638108,0.8512929681566124,17,5.5,0.2428571428571428
confirmatorio,j6010_1.sm,adaptativa,1.0,1090,0.4362898066890923,0.8702029107298344,14,5.982245355794409,0.2415966386554622
confirmatorio,j6010_1.sm,adaptativa,1.0,1091,0.3530831055285961,0.9048451478258204,19,7.5,0.1460176991150442
confirmatorio,j6010_1.sm,adaptativa,1.0,1092,0.4003166870131733,0.8950708889376027,11,1.0,0.1830065359477124
confirmatorio,j6010_1.sm,adaptativa,1.0,1093,0.403029467614481,0.8728086664480263,11,1.0,0.1588983050847457
confirmatorio,j6010_1.sm,adaptativa,1.0,1094,0.4222674543935181,0.8636258908924592,16,4.0,0.3215767634854772
confirmatorio,j6010_1.sm,adaptativa,1.0,1095,0.4265385496365626,0.8541485605911623,15,4.0,0.1700819672131147
confirmatorio,j6010_1.sm,adaptativa,1.0,1096,0.3983820223570318,0.8810560367176464,10,9.5,0.2510548523206751
confirmatorio,j6010_1.sm,adaptativa,1.0,1097,0.3519544770642734,0.8886509236882375,12,9.0,0.1869565217391304
confirmatorio,j6010_1.sm,adaptativa,1.0,1098,0.3871458506495154,0.8929211688234425,13,8.5,0.1533477321814254
confirmatorio,j6010_1.sm,adaptativa,1.0,1099,0.3777385609466382,0.906980842185512,12,4.5,0.1644444444444444
confirmatorio,j6014_1.sm,centralizada,0.2,1000,0.2,0.965428712523394,15,18.5,0.4007858546168958
confirmatorio,j6014_1.sm,centralizada,0.2,1001,0.1999999999999999,0.9824432993239048,6,9.0,0.4097664543524416
confirmatorio,j6014_1.sm,centralizada,0.2,1002,0.1999999999999999,0.9513230908025748,13,16.053630874066663,0.6297029702970297
confirmatorio,j6014_1.sm,centralizada,0.2,1003,0.2,0.9795086876680088,12,14.5,0.4927536231884058
confirmatorio,j6014_1.sm,centralizada,0.2,1004,0.1999999999999999,0.9616705686011592,9,7.5,0.5119047619047619
confirmatorio,j6014_1.sm,centralizada,0.2,1005,0.2,0.9830706453804504,15,9.0,0.5138004246284501
confirmatorio,j6014_1.sm,centralizada,0.2,1006,0.1999999999999999,0.9612905462263328,13,15.0,0.2504930966469428
confirmatorio,j6014_1.sm,centralizada,0.2,1007,0.2,0.9856295597896704,10,8.0,0.4739039665970772
confirmatorio,j6014_1.sm,centralizada,0.2,1008,0.1999999999999999,0.935828161865049,12,14.0,0.3817504655493482
confirmatorio,j6014_1.sm,centralizada,0.2,1009,0.2,0.978341131954829,17,15.0,0.4195519348268839
confirmatorio,j6014_1.sm,centralizada,0.2,1010,0.2,0.9855469599559656,15,15.5,0.5289079229122056
confirmatorio,j6014_1.sm,centralizada,0.2,1011,0.1999999999999999,0.970480578404084,15,7.0,0.4243027888446215
confirmatorio,j6014_1.sm,centralizada,0.2,1012,0.2,0.9774866403339412,15,22.5,0.4547244094488189
confirmatorio,j6014_1.sm,centralizada,0.2,1013,0.1999999999999999,0.9767406066794382,14,16.5,0.3877551020408163
confirmatorio,j6014_1.sm,centralizada,0.2,1014,0.1999999999999999,0.9861848856874722,7,7.5,0.6236559139784946
confirmatorio,j6014_1.sm,centralizada,0.2,1015,0.2,0.9704300851699686,11,10.5,0.4782608695652174
confirmatorio,j6014_1.sm,centralizada,0.2,1016,0.1999999999999999,0.9786707979364142,13,22.5,0.4490644490644491
confirmatorio,j6014_1.sm,centralizada,0.2,1017,0.1999999999999999,0.9860663844481354,16,15.0,0.4483471074380165
confirmatorio,j6014_1.sm,centralizada,0.2,1018,0.1999999999999999,0.978508461117698,9,10.0,0.3744769874476987
confirmatorio,j6014_1.sm,centralizada,0.2,1019,0.1999999999999999,0.9875434510305592,13,14.0,0.5433403805496829
confirmatorio,j6014_1.sm,centralizada,0.2,1020,0.1999999999999999,0.9881088580013764,17,24.0,0.4206008583690987
confirmatorio,j6014_1.sm,centralizada,0.2,1021,0.1999999999999999,0.9826995751556644,11,11.0,0.3936842105263158
confirmatorio,j6014_1.sm,centralizada,0.2,1022,0.2,0.9831127927369092,13,18.5,0.4652631578947368
confirmatorio,j6014_1.sm,centralizada,0.2,1023,0.2,0.98153078081384,12,11.0,0.432712215320911
confirmatorio,j6014_1.sm,centralizada,0.2,1024,0.1999999999999999,0.9439694433307342,10,7.0,0.2350674373795761
confirmatorio,j6014_1.sm,centralizada,0.2,1025,0.2,0.9854232949761448,11,14.5,0.6652452025586354
confirmatorio,j6014_1.sm,centralizada,0.2,1026,0.2,0.9796733218501176,9,9.0,0.4359504132231405
confirmatorio,j6014_1.sm,centralizada,0.2,1027,0.1999999999999999,0.9811855400696752,18,16.5,0.3995771670190274
confirmatorio,j6014_1.sm,centralizada,0.2,1028,0.1999999999999999,0.9545947766040382,10,10.5,0.3850687622789784
confirmatorio,j6014_1.sm,centralizada,0.2,1029,0.2,0.970048788716464,12,10.0,0.5161290322580645
confirmatorio,j6014_1.sm,centralizada,0.2,1030,0.1999999999999999,0.9706542639134972,12,11.96541369930658,0.296969696969697
confirmatorio,j6014_1.sm,centralizada,0.2,1031,0.1999999999999999,0.9800419789251896,15,21.0,0.459915611814346
confirmatorio,j6014_1.sm,centralizada,0.2,1032,0.1999999999999999,0.9753709940994146,16,19.0,0.319755600814664
confirmatorio,j6014_1.sm,centralizada,0.2,1033,0.1999999999999999,0.970031095119798,9,14.0,0.4579055441478439
confirmatorio,j6014_1.sm,centralizada,0.2,1034,0.2,0.9713788879150946,13,20.0,0.374
confirmatorio,j6014_1.sm,centralizada,0.2,1035,0.1999999999999999,0.9558694689755628,15,23.0,0.4891944990176817
confirmatorio,j6014_1.sm,centralizada,0.2,1036,0.2,0.9791028531385813,15,14.5,0.5103305785123967
confirmatorio,j6014_1.sm,centralizada,0.2,1037,0.1999999999999999,0.9871780967529534,12,9.5,0.4754098360655737
confirmatorio,j6014_1.sm,centralizada,0.2,1038,0.1999999999999999,0.9821120705910004,6,9.5,0.5042372881355932
confirmatorio,j6014_1.sm,centralizada,0.2,1039,0.1999999999999999,0.9889007130884307,7,5.5,0.6573275862068966
confirmatorio,j6014_1.sm,centralizada,0.2,1040,0.2,0.9738723267520872,12,14.5,0.4221311475409836
confirmatorio,j6014_1.sm,centralizada,0.2,1041,0.2,0.982481063403942,11,10.5,0.5169491525423728
confirmatorio,j6014_1.sm,centralizada,0.2,1042,0.1999999999999999,0.9632344656865772,11,10.5,0.3196078431372549
confirmatorio,j6014_1.sm,centralizada,0.2,1043,0.1999999999999999,0.9849317517616504,16,21.0,0.4796573875802998
confirmatorio,j6014_1.sm,centralizada,0.2,1044,0.2,0.9860971955665324,13,18.5,0.5437100213219617
confirmatorio,j6014_1.sm,centralizada,0.2,1045,0.1999999999999999,0.9823318695598428,13,14.0,0.511578947368421
confirmatorio,j6014_1.sm,centralizada,0.2,1046,0.1999999999999999,0.9776983946753244,11,13.0,0.5062761506276151
confirmatorio,j6014_1.sm,centralizada,0.2,1047,0.1999999999999999,0.9732087790458568,14,16.0,0.4887983706720977
confirmatorio,j6014_1.sm,centralizada,0.2,1048,0.1999999999999999,0.9895246593648548,14,15.0,0.4736842105263157
confirmatorio,j6014_1.sm,centralizada,0.2,1049,0.1999999999999999,0.9893096792039728,11,10.5,0.4851694915254237
confirmatorio,j6014_1.sm,centralizada,0.2,1050,0.2,0.968022757735886,9,15.0,0.3306288032454361
confirmatorio,j6014_1.sm,centralizada,0.2,1051,0.1999999999999999,0.9618910138191415,12,13.46541369930658,0.4091816367265469
confirmatorio,j6014_1.sm,centralizada,0.2,1052,0.1999999999999999,0.9905305910579602,14,12.0,0.6129032258064516
confirmatorio,j6014_1.sm,centralizada,0.2,1053,0.1999999999999999,0.9721393200718071,12,15.358081545622522,0.5535353535353535
confirmatorio,j6014_1.sm,centralizada,0.2,1054,0.2,0.9699263682141994,8,15.0,0.3593429158110883
confirmatorio,j6014_1.sm,centralizada,0.2,1055,0.2,0.9765636037698152,16,30.5,0.3156822810590631
confirmatorio,j6014_1.sm,centralizada,0.2,1056,0.1999999999999999,0.962760710012494,17,11.0,0.3184584178498986
confirmatorio,j6014_1.sm,centralizada,0.2,1057,0.1999999999999999,0.9886069565113113,14,10.0,0.6375545851528385
confirmatorio,j6014_1.sm,centralizada,0.2,1058,0.2,0.9828080696728494,16,12.5,0.4276729559748428
confirmatorio,j6014_1.sm,centralizada,0.2,1059,0.1999999999999999,0.9755073789230756,15,14.0,0.430672268907563
confirmatorio,j6014_1.sm,centralizada,0.2,1060,0.1999999999999999,0.990041584439939,13,13.5,0.5773420479302832
confirmatorio,j6014_1.sm,centralizada,0.2,1061,0.1999999999999999,0.987758141117148,14,9.5,0.4376321353065539
confirmatorio,j6014_1.sm,centralizada,0.2,1062,0.1999999999999999,0.9776457863530906,10,10.0,0.430062630480167
confirmatorio,j6014_1.sm,centralizada,0.2,1063,0.2,0.9810253845020788,12,19.0,0.524416135881104
confirmatorio,j6014_1.sm,centralizada,0.2,1064,0.2,0.9866280417336356,11,17.5,0.4989339019189765
confirmatorio,j6014_1.sm,centralizada,0.2,1065,0.2,0.9650860069398536,11,22.0,0.2416502946954813
confirmatorio,j6014_1.sm,centralizada,0.2,1066,0.1999999999999999,0.9797525099601856,16,13.0,0.4205020920502092
confirmatorio,j6014_1.sm,centralizada,0.2,1067,0.1999999999999999,0.9777659543813626,16,20.0,0.504149377593361
confirmatorio,j6014_1.sm,centralizada,0.2,1068,0.1999999999999999,0.98378193644224,12,16.5,0.5084388185654009
confirmatorio,j6014_1.sm,centralizada,0.2,1069,0.1999999999999999,0.9608787576139268,7,6.5,0.4282828282828282
confirmatorio,j6014_1.sm,centralizada,0.2,1070,0.2,0.980244285774918,11,16.5,0.4655532359081419
confirmatorio,j6014_1.sm,centralizada,0.2,1071,0.1999999999999999,0.9680514320680916,15,14.5,0.3053892215568862
confirmatorio,j6014_1.sm,centralizada,0.2,1072,0.2,0.9919835498467984,15,12.0,0.4727668845315904
confirmatorio,j6014_1.sm,centralizada,0.2,1073,0.1999999999999999,0.9794282036243644,8,11.5,0.480083857442348
confirmatorio,j6014_1.sm,centralizada,0.2,1074,0.1999999999999999,0.9447962883928164,8,9.5,0.376953125
confirmatorio,j6014_1.sm,centralizada,0.2,1075,0.2,0.985371271390274,14,14.5,0.4615384615384615
confirmatorio,j6014_1.sm,centralizada,0.2,1076,0.2,0.9575968145897282,14,10.46541369930658,0.4576923076923077
confirmatorio,j6014_1.sm,centralizada,0.2,1077,0.1999999999999999,0.988557263004902,8,11.0,0.6329670329670329
confirmatorio,j6014_1.sm,centralizada,0.2,1078,0.1999999999999999,0.9808116532156532,17,14.0,0.48125
confirmatorio,j6014_1.sm,centralizada,0.2,1079,0.1999999999999999,0.9578104100978484,15,18.5,0.3602362204724409
confirmatorio,j6014_1.sm,centralizada,0.2,1080,0.1999999999999999,0.9674000184277036,12,15.5,0.4717741935483871
confirmatorio,j6014_1.sm,centralizada,0.2,1081,0.1999999999999999,0.974604041432916,7,9.5,0.41875
confirmatorio,j6014_1.sm,centralizada,0.2,1082,0.1999999999999999,0.989641100996244,16,10.5,0.6091703056768559
confirmatorio,j6014_1.sm,centralizada,0.2,1083,0.1999999999999999,0.9730383361202752,13,6.812047674354249,0.4959349593495935
confirmatorio,j6014_1.sm,centralizada,0.2,1084,0.2,0.9850231495309836,18,20.5,0.4813278008298755
confirmatorio,j6014_1.sm,centralizada,0.2,1085,0.1999999999999999,0.9737965356474996,9,11.0,0.44375
confirmatorio,j6014_1.sm,centralizada,0.2,1086,0.1999999999999999,0.9776936665762924,13,16.5,0.3305954825462012
confirmatorio,j6014_1.sm,centralizada,0.2,1087,0.1999999999999999,0.963756582788784,12,22.23598679623148,0.3858267716535433
confirmatorio,j6014_1.sm,centralizada,0.2,1088,0.1999999999999999,0.9531374645689372,14,13.0,0.5793650793650794
confirmatorio,j6014_1.sm,centralizada,0.2,1089,0.1999999999999999,0.9864907462807048,12,9.0,0.5127659574468085
confirmatorio,j6014_1.sm,centralizada,0.2,1090,0.1999999999999999,0.982394597333532,15,13.5,0.5365344467640919
confirmatorio,j6014_1.sm,centralizada,0.2,1091,0.1999999999999999,0.982859800595668,18,13.0,0.5052410901467506
confirmatorio,j6014_1.sm,centralizada,0.2,1092,0.1999999999999999,0.9804049599133408,10,8.0,0.510548523206751
confirmatorio,j6014_1.sm,centralizada,0.2,1093,0.2,0.955617690974362,15,15.137036994273624,0.2030947775628626
confirmatorio,j6014_1.sm,centralizada,0.2,1094,0.1999999999999999,0.9861664153591456,11,16.5,0.5671641791044776
confirmatorio,j6014_1.sm,centralizada,0.2,1095,0.1999999999999999,0.9834913830818914,18,12.5,0.3682008368200837
confirmatorio,j6014_1.sm,centralizada,0.2,1096,0.1999999999999999,0.9436103867500468,17,12.0,0.2452471482889733
confirmatorio,j6014_1.sm,centralizada,0.2,1097,0.1999999999999999,0.9664633096031436,10,20.5,0.3339960238568588
confirmatorio,j6014_1.sm,centralizada,0.2,1098,0.2,0.970393227312326,14,14.46541369930658,0.3346774193548387
confirmatorio,j6014_1.sm,centralizada,0.2,1099,0.2,0.9629815000316588,12,17.0,0.7858585858585858
confirmatorio,j6014_1.sm,centralizada,0.4,1000,0.375924086114474,0.8936926764280728,16,20.00624830063107,0.7558528428093646
confirmatorio,j6014_1.sm,centralizada,0.4,1001,0.3652468023456572,0.8830346358580727,18,31.649670781857026,0.5891608391608392
confirmatorio,j6014_1.sm,centralizada,0.4,1002,0.3542770562243832,0.8464869529166513,17,22.5,0.7189097103918228
confirmatorio,j6014_1.sm,centralizada,0.4,1003,0.3686952123700263,0.8819791380893744,12,24.635769482715,0.7215411558669002
confirmatorio,j6014_1.sm,centralizada,0.4,1004,0.3673714930427157,0.8748265484839666,14,22.69990594286023,0.6694772344013491
confirmatorio,j6014_1.sm,centralizada,0.4,1005,0.3711504185677617,0.8851127910062475,11,9.597663031391198,0.7250437828371279
confirmatorio,j6014_1.sm,centralizada,0.4,1006,0.3627618571882535,0.8678519009827352,14,14.0,0.4638655462184874
confirmatorio,j6014_1.sm,centralizada,0.4,1007,0.3739624338329449,0.913834684626562,15,16.40197419738508,0.6544789762340036
confirmatorio,j6014_1.sm,centralizada,0.4,1008,0.3708058513703428,0.8999498668571758,20,26.64248024166227,0.6505016722408027
confirmatorio,j6014_1.sm,centralizada,0.4,1009,0.3688306962840203,0.8956790551813871,10,18.136162486322924,0.4922279792746113
confirmatorio,j6014_1.sm,centralizada,0.4,1010,0.3698246767148799,0.8804257332276629,16,16.0,0.7261698440207972
confirmatorio,j6014_1.sm,centralizada,0.4,1011,0.3729999586912103,0.9348773227880952,16,15.564704307178635,0.4944237918215613
confirmatorio,j6014_1.sm,centralizada,0.4,1012,0.3791639463534562,0.9296741469719648,22,25.103959336397917,0.6156583629893239
confirmatorio,j6014_1.sm,centralizada,0.4,1013,0.3560462474057396,0.8380725152296422,8,17.0,0.6396694214876033
confirmatorio,j6014_1.sm,centralizada,0.4,1014,0.3648277589499167,0.9208321110645676,10,11.0,0.645224171539961
confirmatorio,j6014_1.sm,centralizada,0.4,1015,0.3707929245588632,0.9080259482430272,15,20.19307111074149,0.7062043795620438
confirmatorio,j6014_1.sm,centralizada,0.4,1016,0.363997880269213,0.9086705780213584,6,9.5,0.5066162570888468
confirmatorio,j6014_1.sm,centralizada,0.4,1017,0.3681821829764396,0.8539927832286905,18,19.353308295782625,0.657331136738056
confirmatorio,j6014_1.sm,centralizada,0.4,1018,0.3764245055626228,0.9306901615949548,18,18.1166385047532,0.5200729927007299
confirmatorio,j6014_1.sm,centralizada,0.4,1019,0.3699088286569272,0.8676752402348847,11,14.57253345787556,0.814262023217247
confirmatorio,j6014_1.sm,centralizada,0.4,1020,0.3788924111650987,0.9300670750679424,12,20.0,0.6685082872928176
confirmatorio,j6014_1.sm,centralizada,0.4,1021,0.3695164327860099,0.9003798485516771,16,24.556788155886,0.6311926605504588
confirmatorio,j6014_1.sm,centralizada,0.4,1022,0.3667943836204195,0.8891631796512064,17,17.746527073185895,0.5852372583479789
confirmatorio,j6014_1.sm,centralizada,0.4,1023,0.3751103260317927,0.9214884273590612,14,10.693071110741489,0.5027624309392266
confirmatorio,j6014_1.sm,centralizada,0.4,1024,0.3663541469338636,0.8847305966135863,12,10.5,0.6030664395229983
confirmatorio,j6014_1.sm,centralizada,0.4,1025,0.373083849447342,0.896930739693258,13,29.093959609863333,0.7504332755632582
confirmatorio,j6014_1.sm,centralizada,0.4,1026,0.3731205249105132,0.9186120079557486,15,13.863669019905428,0.5222816399286988
confirmatorio,j6014_1.sm,centralizada,0.4,1027,0.3577682435238957,0.8957464133279921,14,17.0,0.4981203007518797
confirmatorio,j6014_1.sm,centralizada,0.4,1028,0.3728892805190185,0.8990799471512539,16,14.878118075876106,0.5392320534223706
confirmatorio,j6014_1.sm,centralizada,0.4,1029,0.3588502693856993,0.8810978375054406,11,17.0,0.6042780748663101
confirmatorio,j6014_1.sm,centralizada,0.4,1030,0.3651090656539528,0.841224893813803,11,15.026645290200504,0.7215815485996705
confirmatorio,j6014_1.sm,centralizada,0.4,1031,0.3761380351523877,0.93869656673235,13,21.0,0.5132075471698113
confirmatorio,j6014_1.sm,centralizada,0.4,1032,0.3569398201135382,0.8590565203725342,17,24.204801765180108,0.5131810193321616
confirmatorio,j6014_1.sm,centralizada,0.4,1033,0.3658557867727041,0.8786164995032486,19,24.072376353610625,0.6076388888888888
confirmatorio,j6014_1.sm,centralizada,0.4,1034,0.3705168216693741,0.9166363260949676,8,11.0,0.3836363636363636
confirmatorio,j6014_1.sm,centralizada,0.4,1035,0.3757536442455409,0.8622922041660468,13,11.626986146463503,0.7429467084639498
confirmatorio,j6014_1.sm,centralizada,0.4,1036,0.3600119825731424,0.8381455834097047,13,15.29469775900066,0.6838602329450915
confirmatorio,j6014_1.sm,centralizada,0.4,1037,0.3754202323028877,0.900263924338367,13,22.654403162038115,0.6796610169491526
confirmatorio,j6014_1.sm,centralizada,0.4,1038,0.371079308724292,0.9031410218993224,10,18.25231344469297,0.6732142857142858
confirmatorio,j6014_1.sm,centralizada,0.4,1039,0.376541568780695,0.8950202448337298,11,11.325303495188304,0.795774647887324
confirmatorio,j6014_1.sm,centralizada,0.4,1040,0.3767352584397221,0.9224437869168342,18,27.95653864034061,0.6345811051693404
confirmatorio,j6014_1.sm,centralizada,0.4,1041,0.3661338746058184,0.8729370730424159,17,22.252977565590022,0.7125645438898451
confirmatorio,j6014_1.sm,centralizada,0.4,1042,0.3558829549623526,0.8332516544906643,19,30.144065331689816,0.679214402618658
confirmatorio,j6014_1.sm,centralizada,0.4,1043,0.3722450404845677,0.9476223382390728,20,36.5,0.5534979423868313
confirmatorio,j6014_1.sm,centralizada,0.4,1044,0.3635346048552599,0.8956643385888808,15,18.47429315660593,0.6684684684684684
confirmatorio,j6014_1.sm,centralizada,0.4,1045,0.3694072887067676,0.8908698761682885,17,20.906760604241363,0.6619718309859155
confirmatorio,j6014_1.sm,centralizada,0.4,1046,0.3648261922472766,0.8503144233818867,13,11.166163091245044,0.6790540540540541
confirmatorio,j6014_1.sm,centralizada,0.4,1047,0.3611604495238661,0.876615014007022,15,16.5,0.5786618444846293
confirmatorio,j6014_1.sm,centralizada,0.4,1048,0.3697161072908692,0.8656028095906031,13,17.013231823470527,0.7138314785373608
confirmatorio,j6014_1.sm,centralizada,0.4,1049,0.3743220528113493,0.9189234277859102,14,19.104821457825064,0.6067415730337079
confirmatorio,j6014_1.sm,centralizada,0.4,1050,0.3745447391110623,0.9234867765116191,11,20.921758380099696,0.4945255474452554
confirmatorio,j6014_1.sm,centralizada,0.4,1051,0.3586693134127282,0.8629548085319851,13,10.564704307178635,0.6157804459691252
confirmatorio,j6014_1.sm,centralizada,0.4,1052,0.3687704375988401,0.9196462938444548,12,24.666163091245046,0.6628787878787878
confirmatorio,j6014_1.sm,centralizada,0.4,1053,0.3648673701030829,0.8873281787476113,17,27.83084508348276,0.5091240875912408
confirmatorio,j6014_1.sm,centralizada,0.4,1054,0.3721015854121019,0.8664160907522578,13,16.267636741594345,0.6892561983471074
confirmatorio,j6014_1.sm,centralizada,0.4,1055,0.3761722217194266,0.9118981617282508,11,18.58760169215509,0.5750853242320819
confirmatorio,j6014_1.sm,centralizada,0.4,1056,0.3734105093284627,0.8993505066113895,21,17.669318279922695,0.7128547579298832
confirmatorio,j6014_1.sm,centralizada,0.4,1057,0.363353263775934,0.873241543265924,15,19.63979638943211,0.8274647887323944
confirmatorio,j6014_1.sm,centralizada,0.4,1058,0.3634391055974797,0.8742473185588386,10,13.0,0.5139372822299652
confirmatorio,j6014_1.sm,centralizada,0.4,1059,0.3713365811845937,0.9209233563020512,12,14.5,0.6203007518796992
confirmatorio,j6014_1.sm,centralizada,0.4,1060,0.3766655492581073,0.9193374053928598,11,19.78803582289895,0.7586206896551724
confirmatorio,j6014_1.sm,centralizada,0.4,1061,0.3713968754171689,0.9018164354015472,18,19.898894607495947,0.5579322638146168
confirmatorio,j6014_1.sm,centralizada,0.4,1062,0.3702682887336172,0.931358879718718,18,19.5,0.5413385826771654
confirmatorio,j6014_1.sm,centralizada,0.4,1063,0.3710350781225069,0.8965182640204942,11,10.291171756367255,0.5920138888888888
confirmatorio,j6014_1.sm,centralizada,0.4,1064,0.3786018261664801,0.9090103809938452,15,19.847946322806216,0.6637781629116117
confirmatorio,j6014_1.sm,centralizada,0.4,1065,0.3670960096752961,0.9063626569395784,18,23.399065801968614,0.6042031523642732
confirmatorio,j6014_1.sm,centralizada,0.4,1066,0.3612815817754408,0.8797871239580018,17,19.96578989010915,0.6149732620320856
confirmatorio,j6014_1.sm,centralizada,0.4,1067,0.3617027000169152,0.8821759124210666,12,10.5,0.5045537340619308
confirmatorio,j6014_1.sm,centralizada,0.4,1068,0.3780035705418496,0.9212954164842712,15,12.799077834510191,0.6080843585237259
confirmatorio,j6014_1.sm,centralizada,0.4,1069,0.3558991252221449,0.8433827203253397,11,19.48993229667191,0.654424040066778
confirmatorio,j6014_1.sm,centralizada,0.4,1070,0.3730231325172704,0.9109043940141782,10,9.0,0.5985790408525755
confirmatorio,j6014_1.sm,centralizada,0.4,1071,0.34158875500119,0.8640351540113155,18,22.5,0.447787610619469
confirmatorio,j6014_1.sm,centralizada,0.4,1072,0.3753022188063949,0.910237168184329,15,22.26382612263624,0.733102253032929
confirmatorio,j6014_1.sm,centralizada,0.4,1073,0.3677879033628666,0.8817266493463213,13,19.81246446702576,0.627208480565371
confirmatorio,j6014_1.sm,centralizada,0.4,1074,0.3825917055032743,0.9395581389457696,13,8.157261748133328,0.5061295971978984
confirmatorio,j6014_1.sm,centralizada,0.4,1075,0.378702212978827,0.9011246518685953,14,25.92117906259193,0.7818181818181819
confirmatorio,j6014_1.sm,centralizada,0.4,1076,0.3600708036207327,0.8148680942466682,9,12.474713322219422,0.7819905213270142
confirmatorio,j6014_1.sm,centralizada,0.4,1077,0.377455347320862,0.8928180324958759,17,20.83347413753124,0.8305921052631579
confirmatorio,j6014_1.sm,centralizada,0.4,1078,0.3658226866713341,0.892955492064274,17,23.585588105128583,0.5261261261261261
confirmatorio,j6014_1.sm,centralizada,0.4,1079,0.3720256936176606,0.8885148918103877,13,16.880626476454225,0.565359477124183
confirmatorio,j6014_1.sm,centralizada,0.4,1080,0.3667604056735659,0.8890854560836164,15,19.93023151657244,0.6649395509499136
confirmatorio,j6014_1.sm,centralizada,0.4,1081,0.3633160445880686,0.8818887758357663,13,12.863669019905428,0.5204262877442274
confirmatorio,j6014_1.sm,centralizada,0.4,1082,0.3782944868743462,0.9032366990822518,18,21.39817844470987,0.78839590443686
confirmatorio,j6014_1.sm,centralizada,0.4,1083,0.383242196621676,0.9385356460989432,15,20.36366901990543,0.7381370826010545
confirmatorio,j6014_1.sm,centralizada,0.4,1084,0.3678538835818123,0.8664080959680894,14,18.5,0.6498316498316499
confirmatorio,j6014_1.sm,centralizada,0.4,1085,0.3631460682284981,0.8731746100249271,10,13.880905047018777,0.6748681898066784
confirmatorio,j6014_1.sm,centralizada,0.4,1086,0.3556160335785682,0.8729110273031565,13,12.666163091245044,0.4702797202797202
confirmatorio,j6014_1.sm,centralizada,0.4,1087,0.3564553301071612,0.8507552313320331,4,11.863669019905428,0.5769230769230769
confirmatorio,j6014_1.sm,centralizada,0.4,1088,0.3670748067190922,0.8751201251465245,12,18.13314084330613,0.6793760831889082
confirmatorio,j6014_1.sm,centralizada,0.4,1089,0.3659485691824177,0.900903407047544,14,15.880827398613162,0.5469924812030075
confirmatorio,j6014_1.sm,centralizada,0.4,1090,0.370573402183589,0.9491383079402916,19,19.5,0.5313131313131313
confirmatorio,j6014_1.sm,centralizada,0.4,1091,0.3647424521080968,0.8629405526103158,14,21.0643805823074,0.7028862478777589
confirmatorio,j6014_1.sm,centralizada,0.4,1092,0.3690349264903697,0.888746701909476,16,28.056788155886,0.6794425087108014
confirmatorio,j6014_1.sm,centralizada,0.4,1093,0.370050425185127,0.9033942442971944,16,16.802325577567967,0.4608695652173913
confirmatorio,j6014_1.sm,centralizada,0.4,1094,0.3739874770273773,0.9264911206861236,10,11.0,0.6439393939393939
confirmatorio,j6014_1.sm,centralizada,0.4,1095,0.3703263810438404,0.8890455257858987,19,26.46937644878937,0.611864406779661
confirmatorio,j6014_1.sm,centralizada,0.4,1096,0.3501180178246989,0.8724894803682518,17,23.5,0.4458483754512635
confirmatorio,j6014_1.sm,centralizada,0.4,1097,0.3693590274927397,0.9183725687707972,11,10.5,0.5345132743362832
confirmatorio,j6014_1.sm,centralizada,0.4,1098,0.3644636420462488,0.9064836219049798,19,21.666163091245043,0.5074349442379182
confirmatorio,j6014_1.sm,centralizada,0.4,1099,0.3718962631865506,0.9213969083969664,14,14.216253918883424,0.7818532818532818
confirmatorio,j6014_1.sm,centralizada,0.6,1000,0.5318971293039471,0.7712970111516243,19,21.5983945057846,0.7902511078286558
confirmatorio,j6014_1.sm,centralizada,0.6,1001,0.5495702499823368,0.8205488324153656,14,16.19544383517734,0.7960426179604262
confirmatorio,j6014_1.sm,centralizada,0.6,1002,0.5153185393518853,0.7443363467608268,26,24.0,0.881578947368421
confirmatorio,j6014_1.sm,centralizada,0.6,1003,0.552555563623806,0.8152401744813083,18,36.64610305992754,0.8205128205128205
confirmatorio,j6014_1.sm,centralizada,0.6,1004,0.5362613288372191,0.788083553104162,12,12.65274449764326,0.8278443113772455
confirmatorio,j6014_1.sm,centralizada,0.6,1005,0.5355193751297878,0.8021284438944475,17,27.286816455154696,0.764797507788162
confirmatorio,j6014_1.sm,centralizada,0.6,1006,0.5153519353302214,0.7864472051366549,13,21.34135201643693,0.6353503184713376
confirmatorio,j6014_1.sm,centralizada,0.6,1007,0.5446651360644091,0.8336149956768805,19,20.24379860510597,0.7037643207855974
confirmatorio,j6014_1.sm,centralizada,0.6,1008,0.5259521162051782,0.7995519473655495,19,28.107371921733105,0.7728658536585366
confirmatorio,j6014_1.sm,centralizada,0.6,1009,0.5442115253945654,0.8197700056767253,15,23.777114646035432,0.656060606060606
confirmatorio,j6014_1.sm,centralizada,0.6,1010,0.5336643827393466,0.7945991594581012,12,17.41869670053864,0.8058103975535168
confirmatorio,j6014_1.sm,centralizada,0.6,1011,0.5211882835150577,0.7868439945315799,13,22.83257351318727,0.72
confirmatorio,j6014_1.sm,centralizada,0.6,1012,0.5620647244640944,0.8384632021453854,17,22.88644902300671,0.7988077496274217
confirmatorio,j6014_1.sm,centralizada,0.6,1013,0.5254196672891661,0.811149956040462,19,20.5,0.7050473186119873
confirmatorio,j6014_1.sm,centralizada,0.6,1014,0.5383654576740601,0.7763022161016615,18,23.960559453432136,0.9002932551319648
confirmatorio,j6014_1.sm,centralizada,0.6,1015,0.5463895017363961,0.8116128434019962,18,20.54441676347884,0.7947932618683001
confirmatorio,j6014_1.sm,centralizada,0.6,1016,0.5409637916018525,0.8028577139138904,16,21.823702416118397,0.7477477477477478
confirmatorio,j6014_1.sm,centralizada,0.6,1017,0.5477760693680811,0.8401097481720428,11,14.28068180807362,0.679549114331723
confirmatorio,j6014_1.sm,centralizada,0.6,1018,0.5481312021420931,0.7910046769080225,17,33.92901922576421,0.8373408769448374
confirmatorio,j6014_1.sm,centralizada,0.6,1019,0.5293002260223466,0.7684893549074393,13,27.254668342778903,0.9129793510324484
confirmatorio,j6014_1.sm,centralizada,0.6,1020,0.5421558705292145,0.7820043033162768,14,30.94813108103685,0.8759231905465288
confirmatorio,j6014_1.sm,centralizada,0.6,1021,0.5518680517673837,0.8254731763513993,13,14.775711393220377,0.7762345679012346
confirmatorio,j6014_1.sm,centralizada,0.6,1022,0.5154949739377861,0.7509589170749866,20,38.59183659379144,0.7776119402985074
confirmatorio,j6014_1.sm,centralizada,0.6,1023,0.5364845858041661,0.747305626014994,11,11.62070442518004,0.8674188998589563
confirmatorio,j6014_1.sm,centralizada,0.6,1024,0.5018718999212689,0.7707720153713498,11,15.942542531899871,0.608424336973479
confirmatorio,j6014_1.sm,centralizada,0.6,1025,0.5447737664104911,0.8002147672977022,13,15.917325872656708,0.8663663663663663
confirmatorio,j6014_1.sm,centralizada,0.6,1026,0.5404840891960222,0.7967533422341195,15,23.04647124157056,0.7663690476190477
confirmatorio,j6014_1.sm,centralizada,0.6,1027,0.5310871034218388,0.7870847033124962,18,18.81339531518691,0.7063369397217929
confirmatorio,j6014_1.sm,centralizada,0.6,1028,0.5347429547069733,0.8221581408997413,14,16.939859682272804,0.6211878009630819
confirmatorio,j6014_1.sm,centralizada,0.6,1029,0.5058390014350934,0.7407654604966328,13,12.734033124103885,0.7945619335347432
confirmatorio,j6014_1.sm,centralizada,0.6,1030,0.5237234749490952,0.7552546441938192,19,26.412433001035435,0.7961309523809523
confirmatorio,j6014_1.sm,centralizada,0.6,1031,0.526669883495058,0.7835566441396196,19,24.27892780401605,0.7312977099236642
confirmatorio,j6014_1.sm,centralizada,0.6,1032,0.5281665468190849,0.7672541352250922,12,12.060153461845568,0.7308823529411764
confirmatorio,j6014_1.sm,centralizada,0.6,1033,0.5303794370929287,0.7643395338165161,15,34.1880349832776,0.8541973490427098
confirmatorio,j6014_1.sm,centralizada,0.6,1034,0.5183465898224119,0.766705656385109,13,33.33068342082396,0.7408536585365854
confirmatorio,j6014_1.sm,centralizada,0.6,1035,0.545082694201946,0.7622199855685732,13,18.59810914200072,0.8468965517241379
confirmatorio,j6014_1.sm,centralizada,0.6,1036,0.5609046861964915,0.8179104782303849,21,29.595805946095236,0.896358543417367
confirmatorio,j6014_1.sm,centralizada,0.6,1037,0.5492847674092243,0.8047003245792048,16,28.291041620398296,0.7959479015918958
confirmatorio,j6014_1.sm,centralizada,0.6,1038,0.529810346156844,0.7823967628323001,10,20.973248289943133,0.7613981762917933
confirmatorio,j6014_1.sm,centralizada,0.6,1039,0.5396401464994978,0.7758810004267958,13,28.359921082209084,0.8569343065693431
confirmatorio,j6014_1.sm,centralizada,0.6,1040,0.5344304854011055,0.8055019787112581,18,20.36283067383485,0.7454819277108434
confirmatorio,j6014_1.sm,centralizada,0.6,1041,0.53447760065091,0.7739772552144913,18,24.76631399509233,0.7880597014925373
confirmatorio,j6014_1.sm,centralizada,0.6,1042,0.5267223032399853,0.7799203602028288,18,16.64678211644908,0.7856093979441997
confirmatorio,j6014_1.sm,centralizada,0.6,1043,0.5428073252440161,0.8267121897074936,12,24.44967880593951,0.7305863708399366
confirmatorio,j6014_1.sm,centralizada,0.6,1044,0.53057985498315,0.8081753751857231,19,30.193155052929537,0.7441497659906396
confirmatorio,j6014_1.sm,centralizada,0.6,1045,0.5347905976246298,0.8238407942429362,13,17.644809451152486,0.7382875605815832
confirmatorio,j6014_1.sm,centralizada,0.6,1046,0.529454454802695,0.7411865304469506,9,17.19385039559662,0.8242074927953891
confirmatorio,j6014_1.sm,centralizada,0.6,1047,0.5242205514095972,0.7549682213917439,24,18.5,0.7466467958271237
confirmatorio,j6014_1.sm,centralizada,0.6,1048,0.5566346652439732,0.8246235224553939,19,38.96519786519696,0.8063583815028902
confirmatorio,j6014_1.sm,centralizada,0.6,1049,0.5498121232421922,0.7913869089764243,18,27.1307102114865,0.8517441860465116
confirmatorio,j6014_1.sm,centralizada,0.6,1050,0.5642897359225753,0.8484162171019094,11,19.983085398395755,0.806015037593985
confirmatorio,j6014_1.sm,centralizada,0.6,1051,0.5275989215835754,0.7653327612552401,15,11.71593676268522,0.8096632503660323
confirmatorio,j6014_1.sm,centralizada,0.6,1052,0.5608174261386526,0.8490603071602247,15,25.293840484363106,0.7996894409937888
confirmatorio,j6014_1.sm,centralizada,0.6,1053,0.5308433999115664,0.8124400141017398,15,37.61703691546623,0.7657232704402516
confirmatorio,j6014_1.sm,centralizada,0.6,1054,0.5430337327570369,0.7783231242614216,10,21.578122697423765,0.784570596797671
confirmatorio,j6014_1.sm,centralizada,0.6,1055,0.5215239942052894,0.8177048109144563,16,34.979243623228214,0.6221122112211221
confirmatorio,j6014_1.sm,centralizada,0.6,1056,0.5110570729839629,0.7786869363974576,11,10.0,0.7527910685805422
confirmatorio,j6014_1.sm,centralizada,0.6,1057,0.521938069774811,0.8014235669115749,18,18.595055547636925,0.8462783171521036
confirmatorio,j6014_1.sm,centralizada,0.6,1058,0.5301571544456346,0.7825163380609936,13,15.5,0.8070987654320988
confirmatorio,j6014_1.sm,centralizada,0.6,1059,0.5301995291147972,0.7856108841272734,7,14.52130109763552,0.7893939393939394
confirmatorio,j6014_1.sm,centralizada,0.6,1060,0.5491413035449771,0.8274549102550987,13,24.70280092476787,0.8304821150855366
confirmatorio,j6014_1.sm,centralizada,0.6,1061,0.5574161094885034,0.8345003409753368,15,25.106510261859977,0.8126888217522659
confirmatorio,j6014_1.sm,centralizada,0.6,1062,0.5541795045513329,0.8313741741130071,19,35.34194086895123,0.7424698795180723
confirmatorio,j6014_1.sm,centralizada,0.6,1063,0.5527242852888556,0.8144339404580356,12,20.24735524958457,0.8114874815905744
confirmatorio,j6014_1.sm,centralizada,0.6,1064,0.5542351419760847,0.8173820032087289,19,32.969960783652404,0.8074626865671641
confirmatorio,j6014_1.sm,centralizada,0.6,1065,0.5301005716478379,0.8105533018063867,17,23.31618982890577,0.7147239263803681
confirmatorio,j6014_1.sm,centralizada,0.6,1066,0.5362687284266351,0.7930034341102973,15,17.841011979140433,0.7599388379204893
confirmatorio,j6014_1.sm,centralizada,0.6,1067,0.5213061912176601,0.768258748123965,13,9.819519777984857,0.7978883861236803
confirmatorio,j6014_1.sm,centralizada,0.6,1068,0.5442449908638662,0.8279616984309986,15,16.305756197474338,0.658267716535433
confirmatorio,j6014_1.sm,centralizada,0.6,1069,0.517369372840024,0.784226496518004,16,26.441064980310568,0.680952380952381
confirmatorio,j6014_1.sm,centralizada,0.6,1070,0.5482090161969935,0.8314908930731939,14,30.154742505143524,0.644122383252818
confirmatorio,j6014_1.sm,centralizada,0.6,1071,0.4962225263415309,0.7924488844356522,17,22.5,0.568
confirmatorio,j6014_1.sm,centralizada,0.6,1072,0.5364911926274958,0.7884270923898693,12,23.823121264373007,0.7819767441860465
confirmatorio,j6014_1.sm,centralizada,0.6,1073,0.5413924778932044,0.7955838938634552,14,23.396111870183077,0.8287037037037037
confirmatorio,j6014_1.sm,centralizada,0.6,1074,0.5215479147826123,0.7616120191665529,16,23.551274083553597,0.6901197604790419
confirmatorio,j6014_1.sm,centralizada,0.6,1075,0.5453667700701069,0.8132841302748721,7,9.665815677081047,0.7541729893778453
confirmatorio,j6014_1.sm,centralizada,0.6,1076,0.5290995138108229,0.7361022914702875,10,13.741860400193694,0.8446601941747572
confirmatorio,j6014_1.sm,centralizada,0.6,1077,0.5611143057017691,0.8520421230791283,12,17.153921066709888,0.853035143769968
confirmatorio,j6014_1.sm,centralizada,0.6,1078,0.5475692148039807,0.8098045103103233,12,10.0,0.8164464023494861
confirmatorio,j6014_1.sm,centralizada,0.6,1079,0.5283458925209986,0.786706138294063,14,19.39332332532229,0.6796407185628742
confirmatorio,j6014_1.sm,centralizada,0.6,1080,0.5152174444486943,0.804706711507632,10,8.0,0.7285714285714285
confirmatorio,j6014_1.sm,centralizada,0.6,1081,0.5300007841623825,0.7836275624356005,13,21.057651566218084,0.7972768532526475
confirmatorio,j6014_1.sm,centralizada,0.6,1082,0.5520111379197196,0.7938318755259971,17,26.79885660463094,0.8853868194842407
confirmatorio,j6014_1.sm,centralizada,0.6,1083,0.5297782866129906,0.7959056883859739,17,19.595739183954365,0.7307086614173228
confirmatorio,j6014_1.sm,centralizada,0.6,1084,0.527876608677462,0.7631776157195782,12,18.06321143660125,0.8558823529411764
confirmatorio,j6014_1.sm,centralizada,0.6,1085,0.5401457417115176,0.8003619489164239,17,18.7212342829725,0.8404726735598228
confirmatorio,j6014_1.sm,centralizada,0.6,1086,0.5247035897615535,0.8165052260343265,13,19.60249373065148,0.6094771241830066
confirmatorio,j6014_1.sm,centralizada,0.6,1087,0.5124215294757503,0.7682575447933628,8,23.55263223522372,0.7343283582089553
confirmatorio,j6014_1.sm,centralizada,0.6,1088,0.5345128856584042,0.7842783539207878,17,18.202363492844945,0.7734724292101341
confirmatorio,j6014_1.sm,centralizada,0.6,1089,0.5312488658622179,0.7564269202035511,15,32.75095590999567,0.7902511078286558
confirmatorio,j6014_1.sm,centralizada,0.6,1090,0.5358292095647679,0.7940324089396961,19,28.79412187903,0.7647058823529411
confirmatorio,j6014_1.sm,centralizada,0.6,1091,0.5426674253007958,0.8122256937699114,15,16.5,0.8383233532934131
confirmatorio,j6014_1.sm,centralizada,0.6,1092,0.527355944330502,0.7503078062851236,17,23.024380878325136,0.8290229885057471
confirmatorio,j6014_1.sm,centralizada,0.6,1093,0.539805117902126,0.795903336482708,18,15.836663126880188,0.7178362573099415
confirmatorio,j6014_1.sm,centralizada,0.6,1094,0.5586723953458025,0.8344723324720795,16,41.10891434685775,0.8547655068078669
confirmatorio,j6014_1.sm,centralizada,0.6,1095,0.5389747689381423,0.8166029464090844,15,14.584712133119943,0.6992125984251969
confirmatorio,j6014_1.sm,centralizada,0.6,1096,0.5060494456663659,0.7458347281131738,8,12.5,0.7319587628865979
confirmatorio,j6014_1.sm,centralizada,0.6,1097,0.5206554802392835,0.838638731733055,14,20.30604507902784,0.6295681063122923
confirmatorio,j6014_1.sm,centralizada,0.6,1098,0.5383512936967477,0.817736159807503,16,15.471267195541584,0.7777777777777778
confirmatorio,j6014_1.sm,centralizada,0.6,1099,0.5397246599352951,0.79199812000346,12,16.339125818992713,0.8839694656488549
confirmatorio,j6014_1.sm,centralizada,0.8,1000,0.702327768454647,0.7030189642334741,21,29.118599240598304,0.8523035230352304
confirmatorio,j6014_1.sm,centralizada,0.8,1001,0.6920814343496824,0.6983787308222225,17,37.79173446044239,0.9604904632152588
confirmatorio,j6014_1.sm,centralizada,0.8,1002,0.6644898849368879,0.7023267946910919,13,27.09656841346492,0.870604781997187
confirmatorio,j6014_1.sm,centralizada,0.8,1003,0.7179890223043854,0.7404459237944847,12,23.96990823473347,0.8617771509167842
confirmatorio,j6014_1.sm,centralizada,0.8,1004,0.7052498647396059,0.735338913522374,7,17.33348146975856,0.7929078014184398
confirmatorio,j6014_1.sm,centralizada,0.8,1005,0.6937950727642277,0.7007687381348773,14,15.902696705158736,0.8699186991869918
confirmatorio,j6014_1.sm,centralizada,0.8,1006,0.6528546704008801,0.722424190013839,16,27.551996694481407,0.750367107195301
confirmatorio,j6014_1.sm,centralizada,0.8,1007,0.6974236531397592,0.7095462034274075,11,18.09471983205029,0.8645251396648045
confirmatorio,j6014_1.sm,centralizada,0.8,1008,0.7118721698902475,0.7486919885053906,21,37.841426160632906,0.8122270742358079
confirmatorio,j6014_1.sm,centralizada,0.8,1009,0.7041433261753421,0.7288258883796263,16,24.6868205300474,0.8377997179125529
confirmatorio,j6014_1.sm,centralizada,0.8,1010,0.7154748683821125,0.7420778519891141,14,19.824692817885683,0.8458149779735683
confirmatorio,j6014_1.sm,centralizada,0.8,1011,0.681255545431111,0.7286210713983844,12,32.17398286682525,0.8180494905385735
confirmatorio,j6014_1.sm,centralizada,0.8,1012,0.7275534720964256,0.745015506369579,18,25.45858043693756,0.8615819209039548
confirmatorio,j6014_1.sm,centralizada,0.8,1013,0.685297044248147,0.7252699848403481,20,27.822782298992333,0.8357558139534884
confirmatorio,j6014_1.sm,centralizada,0.8,1014,0.6904561786265315,0.6956625270288526,19,30.875847976668226,0.9266304347826086
confirmatorio,j6014_1.sm,centralizada,0.8,1015,0.7160012773621205,0.7228033600514531,19,26.05095730877526,0.8920765027322405
confirmatorio,j6014_1.sm,centralizada,0.8,1016,0.7000199583217009,0.7077031557008335,15,38.53157125048911,0.9159779614325068
confirmatorio,j6014_1.sm,centralizada,0.8,1017,0.7162525821925085,0.7256959810054961,16,25.307927088232788,0.9002695417789758
confirmatorio,j6014_1.sm,centralizada,0.8,1018,0.6900874027421685,0.7019563383785659,18,29.70631175423156,0.8772413793103448
confirmatorio,j6014_1.sm,centralizada,0.8,1019,0.7004104431029772,0.7018879784890873,18,40.60253063070671,0.9500674763832658
confirmatorio,j6014_1.sm,centralizada,0.8,1020,0.6997860124567803,0.6976428955011514,12,22.43035241892117,0.9203187250996016
confirmatorio,j6014_1.sm,centralizada,0.8,1021,0.7200954373724002,0.7228685520638067,13,12.563478352476087,0.8727770177838577
confirmatorio,j6014_1.sm,centralizada,0.8,1022,0.7033804898093219,0.7119141161153902,13,14.345962999685838,0.8717241379310345
confirmatorio,j6014_1.sm,centralizada,0.8,1023,0.7333572000333747,0.7410980105080732,13,19.189953856613368,0.8055555555555556
confirmatorio,j6014_1.sm,centralizada,0.8,1024,0.666683378995562,0.7220441497593969,11,17.05771195627736,0.7231884057971014
confirmatorio,j6014_1.sm,centralizada,0.8,1025,0.7268183847996229,0.7287825721689416,18,34.799419376081765,0.9175824175824177
confirmatorio,j6014_1.sm,centralizada,0.8,1026,0.7210047951607388,0.7459306966400734,17,36.08621375541096,0.771509167842031
confirmatorio,j6014_1.sm,centralizada,0.8,1027,0.695722946669718,0.7204090627174473,18,19.07890889825174,0.8093883357041252
confirmatorio,j6014_1.sm,centralizada,0.8,1028,0.7055354096943588,0.7094190272937122,24,31.6096044434045,0.8606224627875507
confirmatorio,j6014_1.sm,centralizada,0.8,1029,0.6672978557668144,0.714660692996973,16,23.34694043464161,0.8509406657018813
confirmatorio,j6014_1.sm,centralizada,0.8,1030,0.6782210985586598,0.703948010558161,12,22.5,0.8352112676056338
confirmatorio,j6014_1.sm,centralizada,0.8,1031,0.7165216732473785,0.7362138149388836,21,35.07194423831053,0.8403954802259888
confirmatorio,j6014_1.sm,centralizada,0.8,1032,0.6877702843384089,0.7188877915458594,18,24.46810084090375,0.7823613086770982
confirmatorio,j6014_1.sm,centralizada,0.8,1033,0.6868660821837046,0.6971974431404024,11,25.712423823930784,0.9294605809128632
confirmatorio,j6014_1.sm,centralizada,0.8,1034,0.7062807750395199,0.7204335446079123,11,26.292670794222744,0.8193103448275862
confirmatorio,j6014_1.sm,centralizada,0.8,1035,0.7185434203061166,0.7133384206064425,16,35.49292724593788,0.8663101604278075
confirmatorio,j6014_1.sm,centralizada,0.8,1036,0.6958798178432366,0.6938947716516009,16,19.281440828666675,0.9262734584450402
confirmatorio,j6014_1.sm,centralizada,0.8,1037,0.6915698652136715,0.6957370602890793,12,22.333982157961813,0.9178082191780822
confirmatorio,j6014_1.sm,centralizada,0.8,1038,0.727025095235814,0.7518918786539984,17,31.129999103355686,0.8354792560801144
confirmatorio,j6014_1.sm,centralizada,0.8,1039,0.708608032446509,0.6983911475581099,19,31.676982925230572,0.9341238471673254
confirmatorio,j6014_1.sm,centralizada,0.8,1040,0.6757233018078262,0.7176976779091955,16,20.5977970187093,0.833810888252149
confirmatorio,j6014_1.sm,centralizada,0.8,1041,0.692960621488869,0.7312985469383786,24,31.1533790546366,0.7659883720930233
confirmatorio,j6014_1.sm,centralizada,0.8,1042,0.6752222393911321,0.7157408254978519,19,46.86142647705229,0.8152327221438646
confirmatorio,j6014_1.sm,centralizada,0.8,1043,0.7130004545783174,0.7507298609131647,20,31.59025275494156,0.7735294117647059
confirmatorio,j6014_1.sm,centralizada,0.8,1044,0.7064361581351118,0.7371765332201398,15,23.45922932236438,0.8755364806866953
confirmatorio,j6014_1.sm,centralizada,0.8,1045,0.7190453641787249,0.7544764026294829,15,35.90337503920902,0.8163265306122449
confirmatorio,j6014_1.sm,centralizada,0.8,1046,0.6957619802885977,0.7078674757118931,14,23.35917308526794,0.8321775312066574
confirmatorio,j6014_1.sm,centralizada,0.8,1047,0.6806706049356231,0.69486791537001,16,14.541557985873816,0.8784530386740331
confirmatorio,j6014_1.sm,centralizada,0.8,1048,0.6759618259466159,0.7127446173777575,13,19.25394839477017,0.7755395683453238
confirmatorio,j6014_1.sm,centralizada,0.8,1049,0.7247794767480122,0.7380964860325039,19,33.7530068846591,0.8463687150837989
confirmatorio,j6014_1.sm,centralizada,0.8,1050,0.7146569004059503,0.7388672795665225,15,43.882742556487806,0.7583212735166426
confirmatorio,j6014_1.sm,centralizada,0.8,1051,0.6926492802517015,0.7238787580463366,13,21.16233503665241,0.7769886363636364
confirmatorio,j6014_1.sm,centralizada,0.8,1052,0.7387249447093476,0.7511219869753614,17,39.78698219737579,0.8475524475524475
confirmatorio,j6014_1.sm,centralizada,0.8,1053,0.672269435463326,0.7109543522806815,7,10.154145575032722,0.844062947067239
confirmatorio,j6014_1.sm,centralizada,0.8,1054,0.6997184955064765,0.7100297811877969,11,25.231932030675612,0.8644536652835408
confirmatorio,j6014_1.sm,centralizada,0.8,1055,0.684449950834914,0.7073027005038836,21,35.56597740258161,0.8551336146272855
confirmatorio,j6014_1.sm,centralizada,0.8,1056,0.7094525781824986,0.7404877390647822,21,28.630754428944694,0.8575539568345324
confirmatorio,j6014_1.sm,centralizada,0.8,1057,0.6764456405501619,0.6959697369505374,19,28.01057418930324,0.9393511988716502
confirmatorio,j6014_1.sm,centralizada,0.8,1058,0.6974739686820521,0.7310895333748246,14,19.9217411733654,0.8049132947976878
confirmatorio,j6014_1.sm,centralizada,0.8,1059,0.7055580765542462,0.7315935083779594,15,21.43959381100577,0.8304597701149425
confirmatorio,j6014_1.sm,centralizada,0.8,1060,0.7310996689359448,0.7438820005140273,13,33.85724014714306,0.8829337094499294
confirmatorio,j6014_1.sm,centralizada,0.8,1061,0.7332843221719249,0.7552562139156977,17,33.61978219671152,0.8569405099150141
confirmatorio,j6014_1.sm,centralizada,0.8,1062,0.6811412424646406,0.7227459338360654,20,29.5,0.7764705882352941
confirmatorio,j6014_1.sm,centralizada,0.8,1063,0.7159927114545676,0.7364445111868854,15,15.983430517443868,0.8227848101265823
confirmatorio,j6014_1.sm,centralizada,0.8,1064,0.738358359956605,0.7472897225290573,8,18.42072727432845,0.8671232876712329
confirmatorio,j6014_1.sm,centralizada,0.8,1065,0.7230874079236972,0.7613835598021789,15,25.14920320791059,0.7943786982248521
confirmatorio,j6014_1.sm,centralizada,0.8,1066,0.7124191952666289,0.7325959629135487,20,39.69299356776428,0.7906647807637907
confirmatorio,j6014_1.sm,centralizada,0.8,1067,0.7101931782153383,0.7245436326568114,12,13.032832553937851,0.8792134831460674
confirmatorio,j6014_1.sm,centralizada,0.8,1068,0.6761514291421877,0.6951978529278013,8,17.53876237445904,0.8698630136986302
confirmatorio,j6014_1.sm,centralizada,0.8,1069,0.6921937388816564,0.7225817367752306,12,17.093607561928124,0.8051575931232091
confirmatorio,j6014_1.sm,centralizada,0.8,1070,0.7199121798991501,0.7455165765348805,15,17.849265666681376,0.8395953757225434
confirmatorio,j6014_1.sm,centralizada,0.8,1071,0.6490116597888933,0.7077527448577279,11,14.0,0.7911301859799714
confirmatorio,j6014_1.sm,centralizada,0.8,1072,0.6764949680915554,0.6883058481166923,16,34.38119151736586,0.8907103825136612
confirmatorio,j6014_1.sm,centralizada,0.8,1073,0.7133738665622297,0.7311721016072823,12,20.56620517942441,0.8643578643578643
confirmatorio,j6014_1.sm,centralizada,0.8,1074,0.7482908961941974,0.7618180918726293,14,28.45706085962976,0.830110497237569
confirmatorio,j6014_1.sm,centralizada,0.8,1075,0.7063233594925765,0.7212878978913189,13,26.371381323369384,0.8533886583679114
confirmatorio,j6014_1.sm,centralizada,0.8,1076,0.7124235699549342,0.7222113200781628,15,33.07433371827238,0.8797814207650273
confirmatorio,j6014_1.sm,centralizada,0.8,1077,0.735329694107297,0.7335690048295413,18,12.824285058732633,0.9837177747625508
confirmatorio,j6014_1.sm,centralizada,0.8,1078,0.7029020996559007,0.7379093630508782,16,35.855030380110534,0.7957142857142857
confirmatorio,j6014_1.sm,centralizada,0.8,1079,0.7013480840525298,0.7263390174533549,16,19.733724895497986,0.8036723163841808
confirmatorio,j6014_1.sm,centralizada,0.8,1080,0.6915602210953852,0.7529548305731558,19,30.24282009583873,0.7515243902439024
confirmatorio,j6014_1.sm,centralizada,0.8,1081,0.6834063708617751,0.7110858061301687,16,27.900166169573858,0.8396624472573839
confirmatorio,j6014_1.sm,centralizada,0.8,1082,0.7200956842380261,0.7040612981504225,16,24.26747468395609,0.9658344283837056
confirmatorio,j6014_1.sm,centralizada,0.8,1083,0.7013992037641816,0.7104835363466592,12,19.62154421051458,0.9334257975034674
confirmatorio,j6014_1.sm,centralizada,0.8,1084,0.6953163578311984,0.7274019293641006,14,27.404883407951505,0.8255813953488372
confirmatorio,j6014_1.sm,centralizada,0.8,1085,0.7160824144160791,0.7280632474270629,16,20.139496038975377,0.906721536351166
confirmatorio,j6014_1.sm,centralizada,0.8,1086,0.6698355005678104,0.7312103861869695,18,28.15454747548834,0.745985401459854
confirmatorio,j6014_1.sm,centralizada,0.8,1087,0.6950448221070911,0.7469435906548287,15,52.87239126365276,0.7161764705882353
confirmatorio,j6014_1.sm,centralizada,0.8,1088,0.7349693320064199,0.7371186277736782,15,26.350312589517728,0.9185888738127544
confirmatorio,j6014_1.sm,centralizada,0.8,1089,0.7057541011027324,0.7068900202761278,18,31.72705922960602,0.8803301237964236
confirmatorio,j6014_1.sm,centralizada,0.8,1090,0.6964469045372527,0.696740980429932,21,20.89651489967011,0.8941655359565808
confirmatorio,j6014_1.sm,centralizada,0.8,1091,0.7283740845549791,0.7540255311883416,16,23.3604047995893,0.7994227994227994
confirmatorio,j6014_1.sm,centralizada,0.8,1092,0.701891528614533,0.7105789684910928,21,29.285445993926174,0.868421052631579
confirmatorio,j6014_1.sm,centralizada,0.8,1093,0.6807031072122656,0.6938141319587773,12,27.701330004779283,0.8541953232462174
confirmatorio,j6014_1.sm,centralizada,0.8,1094,0.6934103196638569,0.7137904372596302,17,29.291590963089945,0.843441466854725
confirmatorio,j6014_1.sm,centralizada,0.8,1095,0.6948072125521999,0.7155022554985829,19,26.78700034341395,0.8053596614950634
confirmatorio,j6014_1.sm,centralizada,0.8,1096,0.7035679846008478,0.72908912704842,21,27.66855804764428,0.8041958041958042
confirmatorio,j6014_1.sm,centralizada,0.8,1097,0.7147687008640377,0.757624276655959,17,23.76945556952357,0.7337192474674384
confirmatorio,j6014_1.sm,centralizada,0.8,1098,0.6792907861764615,0.712418214061093,16,18.27809723414541,0.7765042979942693
confirmatorio,j6014_1.sm,centralizada,0.8,1099,0.7051757941305464,0.7028969930159866,8,26.500499732185425,0.9497282608695652
confirmatorio,j6014_1.sm,centralizada,1.0,1000,0.8684470150010126,0.6628079451279398,13,27.545714051518704,0.9356499356499356
confirmatorio,j6014_1.sm,centralizada,1.0,1001,0.903276611877034,0.699794829651861,17,27.87858663967629,0.9234760051880676
confirmatorio,j6014_1.sm,centralizada,1.0,1002,0.8296760820094907,0.6757710534460126,18,24.53091238547353,0.9211956521739132
confirmatorio,j6014_1.sm,centralizada,1.0,1003,0.8708409775869981,0.6919515805767618,19,30.63246145762003,0.8780160857908847
confirmatorio,j6014_1.sm,centralizada,1.0,1004,0.8487535947041651,0.6865649921265327,12,14.656381838791932,0.8306010928961749
confirmatorio,j6014_1.sm,centralizada,1.0,1005,0.8716632338802187,0.6799231073505209,17,35.7188827875883,0.8847682119205298
confirmatorio,j6014_1.sm,centralizada,1.0,1006,0.853548827031626,0.7101299596213434,13,22.137239718051298,0.74
confirmatorio,j6014_1.sm,centralizada,1.0,1007,0.9014428099263674,0.693140162144703,16,20.6272495289694,0.8893178893178894
confirmatorio,j6014_1.sm,centralizada,1.0,1008,0.8537572366604461,0.6929955916270991,17,15.639131785439888,0.8360881542699724
confirmatorio,j6014_1.sm,centralizada,1.0,1009,0.8762638008294579,0.6950306185400739,15,32.720019666821386,0.8825100133511349
confirmatorio,j6014_1.sm,centralizada,1.0,1010,0.842483739144976,0.6791675972767499,8,17.799490973580276,0.8734525447042641
confirmatorio,j6014_1.sm,centralizada,1.0,1011,0.8481177190898441,0.6856762356785957,13,36.518117271449526,0.8630872483221477
confirmatorio,j6014_1.sm,centralizada,1.0,1012,0.8779611908082183,0.6765317921378271,15,17.524306900140626,0.8877284595300261
confirmatorio,j6014_1.sm,centralizada,1.0,1013,0.838790395228239,0.6699669019054625,15,15.0,0.9161118508655126
confirmatorio,j6014_1.sm,centralizada,1.0,1014,0.8632146615500333,0.670577902249109,19,32.5350774527181,0.9565217391304348
confirmatorio,j6014_1.sm,centralizada,1.0,1015,0.9087297760235952,0.6975586629820368,19,32.060905085854,0.9770408163265306
confirmatorio,j6014_1.sm,centralizada,1.0,1016,0.8914804320832607,0.701396939601683,14,28.689767715462157,0.8653333333333333
confirmatorio,j6014_1.sm,centralizada,1.0,1017,0.8680991264794798,0.6856423693959467,17,26.530353390128308,0.8982597054886211
confirmatorio,j6014_1.sm,centralizada,1.0,1018,0.8661296409756932,0.6813165573665299,18,26.44647462770776,0.8914209115281502
confirmatorio,j6014_1.sm,centralizada,1.0,1019,0.8451789060119212,0.6606663389754137,8,15.0,0.9686684073107048
confirmatorio,j6014_1.sm,centralizada,1.0,1020,0.8996216376511736,0.6843243008269677,15,33.122690463786114,0.9734513274336284
confirmatorio,j6014_1.sm,centralizada,1.0,1021,0.8961904466433225,0.6890300303855028,16,13.025587829125776,0.9437908496732026
confirmatorio,j6014_1.sm,centralizada,1.0,1022,0.8832075431677231,0.6861151297103225,13,33.323270788690806,0.870026525198939
confirmatorio,j6014_1.sm,centralizada,1.0,1023,0.8590070973386962,0.6628433406391112,7,20.55126642472515,0.9072164948453608
confirmatorio,j6014_1.sm,centralizada,1.0,1024,0.8153634105121755,0.69558642093356,12,12.127068496532903,0.7804878048780488
confirmatorio,j6014_1.sm,centralizada,1.0,1025,0.8669043843712595,0.6709215808297485,13,12.3022147071967,0.931758530183727
confirmatorio,j6014_1.sm,centralizada,1.0,1026,0.889686567756171,0.6988954638811864,18,26.166820947319337,0.8739946380697051
confirmatorio,j6014_1.sm,centralizada,1.0,1027,0.8701138338177298,0.6910192188619125,17,36.91727489103141,0.8440492476060192
confirmatorio,j6014_1.sm,centralizada,1.0,1028,0.8685770045223861,0.6697761852339692,15,26.783322364432276,0.9398976982097188
confirmatorio,j6014_1.sm,centralizada,1.0,1029,0.8028828340378942,0.6789690017991123,14,16.953759354609257,0.8607594936708861
confirmatorio,j6014_1.sm,centralizada,1.0,1030,0.8748012290882972,0.6797280114197123,17,28.14991658857793,0.9231770833333334
confirmatorio,j6014_1.sm,centralizada,1.0,1031,0.8948685281553954,0.7024081669865098,22,41.03426502645053,0.8353253652058433
confirmatorio,j6014_1.sm,centralizada,1.0,1032,0.8388444255931272,0.6806845291709263,11,29.559830866372725,0.8857142857142857
confirmatorio,j6014_1.sm,centralizada,1.0,1033,0.904329861510068,0.7031774953802266,12,18.98076284169075,0.9278215223097112
confirmatorio,j6014_1.sm,centralizada,1.0,1034,0.8585458236133756,0.6733340131537735,12,28.415275635462397,0.8878504672897196
confirmatorio,j6014_1.sm,centralizada,1.0,1035,0.8713638734028744,0.6556680870601812,12,14.192854446622952,0.8828715365239295
confirmatorio,j6014_1.sm,centralizada,1.0,1036,0.8557154805975304,0.6720394785957005,22,39.76836935501338,0.896505376344086
confirmatorio,j6014_1.sm,centralizada,1.0,1037,0.8502643686905268,0.6670677674187421,16,47.95637181296849,0.9341238471673254
confirmatorio,j6014_1.sm,centralizada,1.0,1038,0.844801094169391,0.6840086420307172,16,33.9630441990453,0.8068493150684931
confirmatorio,j6014_1.sm,centralizada,1.0,1039,0.8582826944431541,0.6548977695578738,15,33.12578102996054,0.9540229885057472
confirmatorio,j6014_1.sm,centralizada,1.0,1040,0.831654281451765,0.68396422346545,15,24.456477746485387,0.8178025034770514
confirmatorio,j6014_1.sm,centralizada,1.0,1041,0.8604341073137752,0.675186935139079,21,47.05789062202112,0.8671052631578947
confirmatorio,j6014_1.sm,centralizada,1.0,1042,0.8813656644788586,0.7062603960982913,20,40.11078923401405,0.8438356164383561
confirmatorio,j6014_1.sm,centralizada,1.0,1043,0.8770671123783411,0.6943472162032894,16,26.138325725833848,0.8915989159891599
confirmatorio,j6014_1.sm,centralizada,1.0,1044,0.8904634135258838,0.6997973804779354,10,13.769610007314892,0.9103260869565216
confirmatorio,j6014_1.sm,centralizada,1.0,1045,0.8598123798502498,0.6885084458222138,15,30.803977761056164,0.8922237380627558
confirmatorio,j6014_1.sm,centralizada,1.0,1046,0.8484082542640973,0.6571597387346509,15,30.055491994839773,0.9493506493506494
confirmatorio,j6014_1.sm,centralizada,1.0,1047,0.8503546506241739,0.6585965489267388,18,25.678214570311937,0.9290322580645162
confirmatorio,j6014_1.sm,centralizada,1.0,1048,0.873192425051331,0.6919225073800803,15,13.4951164280961,0.891566265060241
confirmatorio,j6014_1.sm,centralizada,1.0,1049,0.848846469911332,0.6558441351827754,17,48.70264083216651,0.9142125480153648
confirmatorio,j6014_1.sm,centralizada,1.0,1050,0.8894405817469514,0.7004417268382662,13,31.398326311019662,0.8627187079407806
confirmatorio,j6014_1.sm,centralizada,1.0,1051,0.8390072525008427,0.6771575957429564,15,28.917654010785608,0.8486932599724897
confirmatorio,j6014_1.sm,centralizada,1.0,1052,0.8984622211260267,0.6895330714205121,15,35.213655037644,0.9220945083014048
confirmatorio,j6014_1.sm,centralizada,1.0,1053,0.8544367738239002,0.6972289933706002,14,27.38495853202491,0.8264462809917356
confirmatorio,j6014_1.sm,centralizada,1.0,1054,0.8523120395239615,0.6801655511813521,13,30.50398031216226,0.8143631436314364
confirmatorio,j6014_1.sm,centralizada,1.0,1055,0.8624523768756945,0.6810247810594472,12,29.804262107010945,0.8746666666666667
confirmatorio,j6014_1.sm,centralizada,1.0,1056,0.8626887767212191,0.7104058657416961,19,20.68182673594326,0.8290960451977402
confirmatorio,j6014_1.sm,centralizada,1.0,1057,0.8273170158301631,0.6745202282401145,23,21.592817556444327,0.9346049046321526
confirmatorio,j6014_1.sm,centralizada,1.0,1058,0.8539867765982574,0.6822537075545908,14,40.07605059710585,0.8285714285714286
confirmatorio,j6014_1.sm,centralizada,1.0,1059,0.8277503027697178,0.6793387449695221,14,15.940146022765363,0.8335625859697386
confirmatorio,j6014_1.sm,centralizada,1.0,1060,0.9033438348627972,0.7064139955983688,17,37.40143787810469,0.9514824797843666
confirmatorio,j6014_1.sm,centralizada,1.0,1061,0.8829903801589298,0.6990220398639903,16,24.67831608985677,0.9650067294751008
confirmatorio,j6014_1.sm,centralizada,1.0,1062,0.8485946054196443,0.6713299873537296,15,25.717598369404275,0.9022757697456492
confirmatorio,j6014_1.sm,centralizada,1.0,1063,0.874240773997779,0.6996910533559978,20,50.63936276647994,0.9092140921409214
confirmatorio,j6014_1.sm,centralizada,1.0,1064,0.8879432327403275,0.690818061343449,12,21.22649215786772,0.8700787401574803
confirmatorio,j6014_1.sm,centralizada,1.0,1065,0.9001411193463761,0.7196045323264231,19,43.56583314724677,0.8670360110803325
confirmatorio,j6014_1.sm,centralizada,1.0,1066,0.8761586821067399,0.696954690612005,14,31.537243774466337,0.9146005509641874
confirmatorio,j6014_1.sm,centralizada,1.0,1067,0.8603003983467195,0.6738016448298385,13,17.55719345687533,0.9084967320261438
confirmatorio,j6014_1.sm,centralizada,1.0,1068,0.8440470161892649,0.6641043239985783,13,19.327442624364892,0.857331571994716
confirmatorio,j6014_1.sm,centralizada,1.0,1069,0.8582239667330037,0.6813092792184943,13,47.15719932760874,0.9199457259158752
confirmatorio,j6014_1.sm,centralizada,1.0,1070,0.8543880837452245,0.663000300557053,17,29.82577237745297,0.916010498687664
confirmatorio,j6014_1.sm,centralizada,1.0,1071,0.8529769413082302,0.6967046858944124,10,9.866779924475724,0.8372739916550765
confirmatorio,j6014_1.sm,centralizada,1.0,1072,0.8802841820745287,0.686399939221884,17,38.63776179620324,0.9090909090909092
confirmatorio,j6014_1.sm,centralizada,1.0,1073,0.8463087201567548,0.6654030677867105,14,31.026846204784185,0.9157754010695188
confirmatorio,j6014_1.sm,centralizada,1.0,1074,0.8589083492144869,0.6635801506887061,15,15.854535675489243,0.9212903225806452
confirmatorio,j6014_1.sm,centralizada,1.0,1075,0.911417855217618,0.6984476489069639,19,45.82876919784042,0.9293966623876764
confirmatorio,j6014_1.sm,centralizada,1.0,1076,0.8981003543327165,0.69519905422219,14,28.904349697534137,0.9442282749675746
confirmatorio,j6014_1.sm,centralizada,1.0,1077,0.9215981502335908,0.7059610488480974,17,27.33135491482844,0.97279792746114
confirmatorio,j6014_1.sm,centralizada,1.0,1078,0.8740701249386864,0.6900996354303238,16,37.22793268364309,0.8649732620320856
confirmatorio,j6014_1.sm,centralizada,1.0,1079,0.9044265425873044,0.708834260058406,21,37.17087789223023,0.8288770053475936
confirmatorio,j6014_1.sm,centralizada,1.0,1080,0.8401324688913219,0.6999485022115021,19,34.02698508672049,0.8450704225352113
confirmatorio,j6014_1.sm,centralizada,1.0,1081,0.8558966923991722,0.6754355920610899,15,31.85894338151728,0.8915343915343915
confirmatorio,j6014_1.sm,centralizada,1.0,1082,0.8844074300941609,0.6672401959597555,17,28.42507659416102,0.9367088607594936
confirmatorio,j6014_1.sm,centralizada,1.0,1083,0.8872719811225048,0.6852770811698845,16,31.333178957337395,0.9538258575197888
confirmatorio,j6014_1.sm,centralizada,1.0,1084,0.8585093887621006,0.6935040412564656,17,29.75815206555072,0.8450899031811895
confirmatorio,j6014_1.sm,centralizada,1.0,1085,0.8739125716229038,0.6952508047728545,12,19.51271529484373,0.8827493261455526
confirmatorio,j6014_1.sm,centralizada,1.0,1086,0.8160431823110545,0.6976255605426847,15,26.910390070084706,0.7414772727272727
confirmatorio,j6014_1.sm,centralizada,1.0,1087,0.8386726293310651,0.6999761517451754,13,32.631389843285106,0.7594405594405594
confirmatorio,j6014_1.sm,centralizada,1.0,1088,0.8905765494954653,0.6904303532420556,20,65.73897164939328,0.9537037037037036
confirmatorio,j6014_1.sm,centralizada,1.0,1089,0.8873906855541265,0.6747237752527533,20,54.913923320042514,0.9412515964240102
confirmatorio,j6014_1.sm,centralizada,1.0,1090,0.8985695348184487,0.6879556431167775,17,26.19185085092534,0.9743589743589745
confirmatorio,j6014_1.sm,centralizada,1.0,1091,0.8928404273963586,0.7037328125710887,20,38.28896633038664,0.8766937669376694
confirmatorio,j6014_1.sm,centralizada,1.0,1092,0.856988324657545,0.6596190248148642,25,60.20505033341438,0.9474358974358974
confirmatorio,j6014_1.sm,centralizada,1.0,1093,0.8966880268187706,0.6974905240926649,18,33.376386860911964,0.8979057591623036
confirmatorio,j6014_1.sm,centralizada,1.0,1094,0.8456777228978466,0.6598070770970931,13,27.3719182798794,0.9583333333333334
confirmatorio,j6014_1.sm,centralizada,1.0,1095,0.8800571350469397,0.6873423161341041,23,36.70774878079125,0.8828947368421053
confirmatorio,j6014_1.sm,centralizada,1.0,1096,0.8288068768468234,0.669284054697698,17,23.305152137625537,0.8557951482479784
confirmatorio,j6014_1.sm,centralizada,1.0,1097,0.809504876038167,0.6928805869669373,10,12.579314651651355,0.732574679943101
confirmatorio,j6014_1.sm,centralizada,1.0,1098,0.8386833932485364,0.682829812803178,18,24.01487276210216,0.8099861303744799
confirmatorio,j6014_1.sm,centralizada,1.0,1099,0.8595018908727882,0.6599026213133589,14,43.64301060301761,0.9241645244215938
confirmatorio,j6014_1.sm,adaptativa,0.2,1000,0.1999999999999999,0.9256159786308292,18,4.5,0.0512820512820512
confirmatorio,j6014_1.sm,adaptativa,0.2,1001,0.1999999999999999,0.9205390153350438,15,3.5,0.0534188034188034
confirmatorio,j6014_1.sm,adaptativa,0.2,1002,0.1999999999999999,0.9198443372677668,22,5.0,0.0397489539748954
confirmatorio,j6014_1.sm,adaptativa,0.2,1003,0.1999999999999999,0.9184215386631012,14,4.0,0.0897435897435897
confirmatorio,j6014_1.sm,adaptativa,0.2,1004,0.1999999999999999,0.9314362833158228,12,4.5,0.0
confirmatorio,j6014_1.sm,adaptativa,0.2,1005,0.1999999999999999,0.9230736325374987,12,8.5,0.0699152542372881
confirmatorio,j6014_1.sm,adaptativa,0.2,1006,0.1999999999999999,0.9362824107130432,24,14.0,0.1085106382978723
confirmatorio,j6014_1.sm,adaptativa,0.2,1007,0.1999999999999999,0.92824731036176,11,7.5,0.0237068965517241
confirmatorio,j6014_1.sm,adaptativa,0.2,1008,0.1999999999999999,0.9155164821283188,18,8.5,0.171306209850107
confirmatorio,j6014_1.sm,adaptativa,0.2,1009,0.1999999999999999,0.9381556041306046,12,5.0,0.0346320346320346
confirmatorio,j6014_1.sm,adaptativa,0.2,1010,0.1999999999999999,0.9188335795273096,10,2.5,0.0568421052631578
confirmatorio,j6014_1.sm,adaptativa,0.2,1011,0.1999999999999999,0.9157530611270258,10,4.5,0.0736842105263157
confirmatorio,j6014_1.sm,adaptativa,0.2,1012,0.1999999999999999,0.9304181545661254,13,7.5,0.0259740259740259
confirmatorio,j6014_1.sm,adaptativa,0.2,1013,0.1999999999999999,0.927923008510999,11,5.0,0.0107758620689655
confirmatorio,j6014_1.sm,adaptativa,0.2,1014,0.1999999999999999,0.9274065231256448,16,2.0,0.0517241379310344
confirmatorio,j6014_1.sm,adaptativa,0.2,1015,0.1999999999999999,0.919626273657351,16,9.0,0.0428265524625267
confirmatorio,j6014_1.sm,adaptativa,0.2,1016,0.1999999999999999,0.930215638358976,9,2.5,0.0536480686695279
confirmatorio,j6014_1.sm,adaptativa,0.2,1017,0.1999999999999999,0.927351906164325,13,5.0,0.0171673819742489
confirmatorio,j6014_1.sm,adaptativa,0.2,1018,0.1999999999999999,0.9332324431693984,20,5.0,0.1091703056768559
confirmatorio,j6014_1.sm,adaptativa,0.2,1019,0.1999999999999999,0.9319304103025202,15,9.0,0.0323974082073434
confirmatorio,j6014_1.sm,adaptativa,0.2,1020,0.1999999999999999,0.932291176012042,15,8.0,0.0214592274678111
confirmatorio,j6014_1.sm,adaptativa,0.2,1021,0.1999999999999999,0.9273671695144224,13,7.5,0.0129310344827586
confirmatorio,j6014_1.sm,adaptativa,0.2,1022,0.1999999999999999,0.9285400797913336,11,7.5,0.1413276231263383
confirmatorio,j6014_1.sm,adaptativa,0.2,1023,0.1999999999999999,0.9332250028881224,14,5.0,0.0
confirmatorio,j6014_1.sm,adaptativa,0.2,1024,0.1999999999999999,0.9237823420312689,15,4.5,0.0495689655172413
confirmatorio,j6014_1.sm,adaptativa,0.2,1025,0.1999999999999999,0.9261451033620623,15,3.5,0.0793991416309012
confirmatorio,j6014_1.sm,adaptativa,0.2,1026,0.1999999999999999,0.9262738140731258,21,11.0,0.0666666666666666
confirmatorio,j6014_1.sm,adaptativa,0.2,1027,0.1999999999999999,0.9261130469005516,15,5.0,0.0365591397849462
confirmatorio,j6014_1.sm,adaptativa,0.2,1028,0.1999999999999999,0.9279117640626848,16,5.0,0.0128755364806866
confirmatorio,j6014_1.sm,adaptativa,0.2,1029,0.1999999999999999,0.9301848216237684,15,5.0,0.0496760259179265
confirmatorio,j6014_1.sm,adaptativa,0.2,1030,0.1999999999999999,0.9228044559274952,13,5.0,0.0234042553191489
confirmatorio,j6014_1.sm,adaptativa,0.2,1031,0.1999999999999999,0.9175030995381072,9,5.0,0.1125265392781316
confirmatorio,j6014_1.sm,adaptativa,0.2,1032,0.1999999999999999,0.931774096514328,18,6.5,0.0217391304347826
confirmatorio,j6014_1.sm,adaptativa,0.2,1033,0.1999999999999999,0.9266813448468468,12,8.0,0.0128755364806866
confirmatorio,j6014_1.sm,adaptativa,0.2,1034,0.1999999999999999,0.9275491502603548,14,7.5,0.0299785867237687
confirmatorio,j6014_1.sm,adaptativa,0.2,1035,0.1999999999999999,0.9312655035299788,15,9.0,0.0064655172413793
confirmatorio,j6014_1.sm,adaptativa,0.2,1036,0.1999999999999999,0.915771418291494,15,5.0,0.0673684210526315
confirmatorio,j6014_1.sm,adaptativa,0.2,1037,0.1999999999999999,0.916581822697007,11,7.5,0.0655391120507399
confirmatorio,j6014_1.sm,adaptativa,0.2,1038,0.1999999999999999,0.9209940786198618,11,5.0,0.0403397027600849
confirmatorio,j6014_1.sm,adaptativa,0.2,1039,0.1999999999999999,0.9271996922033888,13,3.0,0.025695931477516
confirmatorio,j6014_1.sm,adaptativa,0.2,1040,0.2,0.9262174387333176,17,5.5,0.025531914893617
confirmatorio,j6014_1.sm,adaptativa,0.2,1041,0.1999999999999999,0.9287207947884958,12,9.5,0.0
confirmatorio,j6014_1.sm,adaptativa,0.2,1042,0.1999999999999999,0.9242002136661632,14,5.0,0.0625
confirmatorio,j6014_1.sm,adaptativa,0.2,1043,0.1999999999999999,0.9261757169893724,11,3.5,0.0538793103448275
confirmatorio,j6014_1.sm,adaptativa,0.2,1044,0.1999999999999999,0.9188177044229032,15,7.5,0.1220556745182012
confirmatorio,j6014_1.sm,adaptativa,0.2,1045,0.1999999999999999,0.9172198695771812,9,2.0,0.097457627118644
confirmatorio,j6014_1.sm,adaptativa,0.2,1046,0.1999999999999999,0.924488924366644,12,5.0,0.0406852248394004
confirmatorio,j6014_1.sm,adaptativa,0.2,1047,0.1999999999999999,0.9259731606099268,14,5.0,0.0299145299145299
confirmatorio,j6014_1.sm,adaptativa,0.2,1048,0.1999999999999999,0.9327134722499116,12,1.5,0.0301075268817204
confirmatorio,j6014_1.sm,adaptativa,0.2,1049,0.1999999999999999,0.9277517642496684,11,4.5,0.0366379310344827
confirmatorio,j6014_1.sm,adaptativa,0.2,1050,0.2,0.9234309982382872,12,4.0,0.050632911392405
confirmatorio,j6014_1.sm,adaptativa,0.2,1051,0.1999999999999999,0.926290574141089,15,9.0,0.0472103004291845
confirmatorio,j6014_1.sm,adaptativa,0.2,1052,0.1999999999999999,0.9307116603712944,12,5.0,0.0214592274678111
confirmatorio,j6014_1.sm,adaptativa,0.2,1053,0.1999999999999999,0.922418083908562,10,2.0,0.0382165605095541
confirmatorio,j6014_1.sm,adaptativa,0.2,1054,0.2,0.9240984619440576,16,5.5,0.0
confirmatorio,j6014_1.sm,adaptativa,0.2,1055,0.1999999999999999,0.934993236085414,13,9.0,0.0
confirmatorio,j6014_1.sm,adaptativa,0.2,1056,0.1999999999999999,0.915257509155859,9,4.0,0.0982905982905982
confirmatorio,j6014_1.sm,adaptativa,0.2,1057,0.1999999999999999,0.9295280403497248,15,10.0,0.0982905982905982
confirmatorio,j6014_1.sm,adaptativa,0.2,1058,0.1999999999999999,0.9304571376033668,12,4.5,0.0237068965517241
confirmatorio,j6014_1.sm,adaptativa,0.2,1059,0.1999999999999999,0.9282969820459676,19,5.5,0.0348583877995642
confirmatorio,j6014_1.sm,adaptativa,0.2,1060,0.1999999999999999,0.9270038238849792,13,4.0,0.0474137931034482
confirmatorio,j6014_1.sm,adaptativa,0.2,1061,0.2,0.9196350346453632,16,9.5,0.0579399141630901
confirmatorio,j6014_1.sm,adaptativa,0.2,1062,0.2,0.941202266451065,16,7.0,0.0259740259740259
confirmatorio,j6014_1.sm,adaptativa,0.2,1063,0.1999999999999999,0.9299431797713408,17,4.5,0.0258620689655172
confirmatorio,j6014_1.sm,adaptativa,0.2,1064,0.1999999999999999,0.9287207947884958,14,6.5,0.0
confirmatorio,j6014_1.sm,adaptativa,0.2,1065,0.1999999999999999,0.9082595826279568,13,5.0,0.2038216560509554
confirmatorio,j6014_1.sm,adaptativa,0.2,1066,0.2,0.9207305871968036,9,5.0,0.1148936170212766
confirmatorio,j6014_1.sm,adaptativa,0.2,1067,0.1999999999999999,0.9280226479140564,15,9.0,0.032258064516129
confirmatorio,j6014_1.sm,adaptativa,0.2,1068,0.1999999999999999,0.921590867629236,16,6.0,0.0191489361702127
confirmatorio,j6014_1.sm,adaptativa,0.2,1069,0.1999999999999999,0.9290969358238248,14,4.5,0.0646551724137931
confirmatorio,j6014_1.sm,adaptativa,0.2,1070,0.1999999999999999,0.9211869627042112,15,8.5,0.1047008547008547
confirmatorio,j6014_1.sm,adaptativa,0.2,1071,0.1999999999999999,0.9203001294877104,14,5.489097485370901,0.1146496815286624
confirmatorio,j6014_1.sm,adaptativa,0.2,1072,0.1999999999999999,0.9271991070843792,13,9.0,0.0711206896551724
confirmatorio,j6014_1.sm,adaptativa,0.2,1073,0.1999999999999999,0.9281166507160208,15,5.0,0.0150862068965517
confirmatorio,j6014_1.sm,adaptativa,0.2,1074,0.1999999999999999,0.9313284055829556,7,3.0,0.0
confirmatorio,j6014_1.sm,adaptativa,0.2,1075,0.1999999999999999,0.928533502833855,8,0.0,0.0064655172413793
confirmatorio,j6014_1.sm,adaptativa,0.2,1076,0.1999999999999999,0.919591353520808,8,3.5,0.1108742004264392
confirmatorio,j6014_1.sm,adaptativa,0.2,1077,0.1999999999999999,0.91401395051748,8,4.5,0.0484210526315789
confirmatorio,j6014_1.sm,adaptativa,0.2,1078,0.1999999999999999,0.9248916319937194,17,9.5,0.0494623655913978
confirmatorio,j6014_1.sm,adaptativa,0.2,1079,0.1999999999999999,0.9287064538859388,13,4.0,0.0409482758620689
confirmatorio,j6014_1.sm,adaptativa,0.2,1080,0.1999999999999999,0.924844864043512,9,4.0,0.0810234541577825
confirmatorio,j6014_1.sm,adaptativa,0.2,1081,0.1999999999999999,0.924288910365532,12,4.5,0.038543897216274
confirmatorio,j6014_1.sm,adaptativa,0.2,1082,0.1999999999999999,0.9319121986424572,8,4.5,0.0064655172413793
confirmatorio,j6014_1.sm,adaptativa,0.2,1083,0.1999999999999999,0.9279009112003428,12,5.0,0.0280172413793103
confirmatorio,j6014_1.sm,adaptativa,0.2,1084,0.1999999999999999,0.9233478023443208,15,9.0,0.0257510729613733
confirmatorio,j6014_1.sm,adaptativa,0.2,1085,0.1999999999999999,0.9141933908909736,12,10.0,0.0610526315789473
confirmatorio,j6014_1.sm,adaptativa,0.2,1086,0.1999999999999999,0.9160570858369717,19,3.5,0.1042553191489361
confirmatorio,j6014_1.sm,adaptativa,0.2,1087,0.1999999999999999,0.9197769887893,9,3.0,0.0815450643776824
confirmatorio,j6014_1.sm,adaptativa,0.2,1088,0.1999999999999999,0.9225173451024336,18,5.0,0.03862660944206
confirmatorio,j6014_1.sm,adaptativa,0.2,1089,0.1999999999999999,0.9253655774568156,14,10.0,0.0387931034482758
confirmatorio,j6014_1.sm,adaptativa,0.2,1090,0.1999999999999999,0.9283670696674208,17,5.0,0.0129310344827586
confirmatorio,j6014_1.sm,adaptativa,0.2,1091,0.1999999999999999,0.9253576519487452,16,5.0,0.0343347639484978
confirmatorio,j6014_1.sm,adaptativa,0.2,1092,0.1999999999999999,0.928720794788496,15,5.0,0.0
confirmatorio,j6014_1.sm,adaptativa,0.2,1093,0.1999999999999999,0.93077740160073,8,0.5,0.060475161987041
confirmatorio,j6014_1.sm,adaptativa,0.2,1094,0.1999999999999999,0.9287207947884958,20,8.5,0.0
confirmatorio,j6014_1.sm,adaptativa,0.2,1095,0.1999999999999999,0.923952806372525,11,5.0,0.1182795698924731
confirmatorio,j6014_1.sm,adaptativa,0.2,1096,0.2,0.9280146273362708,18,7.5,0.0128755364806866
confirmatorio,j6014_1.sm,adaptativa,0.2,1097,0.1999999999999999,0.9276528837165188,15,9.5,0.0382165605095541
confirmatorio,j6014_1.sm,adaptativa,0.2,1098,0.1999999999999999,0.9405146844121436,15,11.0,0.0940919037199124
confirmatorio,j6014_1.sm,adaptativa,0.2,1099,0.1999999999999999,0.9395518333102926,9,5.0,0.0869565217391304
confirmatorio,j6014_1.sm,adaptativa,0.4,1000,0.2911806136977382,0.8759241961252239,16,5.5,0.1304347826086956
confirmatorio,j6014_1.sm,adaptativa,0.4,1001,0.2900775393886248,0.8683705408344018,12,0.0,0.125514403292181
confirmatorio,j6014_1.sm,adaptativa,0.4,1002,0.2949394685637488,0.854700010687166,19,5.0,0.1077844311377245
confirmatorio,j6014_1.sm,adaptativa,0.4,1003,0.2954749297373454,0.8631752928735874,13,4.0,0.1849593495934959
confirmatorio,j6014_1.sm,adaptativa,0.4,1004,0.2867288934828286,0.8880891608145327,12,6.395020396083071,0.0775681341719077
confirmatorio,j6014_1.sm,adaptativa,0.4,1005,0.2904246525615739,0.8594211224185636,15,5.0,0.1229838709677419
confirmatorio,j6014_1.sm,adaptativa,0.4,1006,0.29694660109684,0.8574863404440224,21,8.5,0.2415169660678642
confirmatorio,j6014_1.sm,adaptativa,0.4,1007,0.289255780713001,0.8732379901305843,10,5.0,0.0995850622406639
confirmatorio,j6014_1.sm,adaptativa,0.4,1008,0.286678446684908,0.8675108187231648,19,8.5,0.2153209109730849
confirmatorio,j6014_1.sm,adaptativa,0.4,1009,0.2875425244510047,0.8878194594407249,12,5.0,0.0644490644490644
confirmatorio,j6014_1.sm,adaptativa,0.4,1010,0.2998627538766608,0.8687993045770035,12,5.5,0.0582329317269076
confirmatorio,j6014_1.sm,adaptativa,0.4,1011,0.2840658853836305,0.8668835461569127,13,4.5,0.0850622406639004
confirmatorio,j6014_1.sm,adaptativa,0.4,1012,0.2908017708349153,0.8691411246349537,13,4.0,0.1455301455301455
confirmatorio,j6014_1.sm,adaptativa,0.4,1013,0.286276351554819,0.8743189052571237,15,7.5,0.1095041322314049
confirmatorio,j6014_1.sm,adaptativa,0.4,1014,0.2905886091629834,0.8683125409411302,15,2.0,0.1831275720164609
confirmatorio,j6014_1.sm,adaptativa,0.4,1015,0.2902926068956061,0.8649754223938542,15,9.0,0.1422764227642276
confirmatorio,j6014_1.sm,adaptativa,0.4,1016,0.2848709135782227,0.8765303492045188,15,4.5,0.1131687242798353
confirmatorio,j6014_1.sm,adaptativa,0.4,1017,0.2901816060453395,0.8772947729117567,19,9.0,0.081799591002045
confirmatorio,j6014_1.sm,adaptativa,0.4,1018,0.2911234140666915,0.8772209786034354,14,5.0,0.177319587628866
confirmatorio,j6014_1.sm,adaptativa,0.4,1019,0.2994126646303598,0.8776528994914544,17,9.0,0.0699588477366255
confirmatorio,j6014_1.sm,adaptativa,0.4,1020,0.2899596043448065,0.8694133103063901,12,8.0,0.110204081632653
confirmatorio,j6014_1.sm,adaptativa,0.4,1021,0.2889916031228768,0.8713044192698856,15,3.5,0.0432989690721649
confirmatorio,j6014_1.sm,adaptativa,0.4,1022,0.2931786290025354,0.8748806040949545,10,4.5239270205559565,0.1934826883910387
confirmatorio,j6014_1.sm,adaptativa,0.4,1023,0.286842028964831,0.8872650696390033,14,1.5,0.0793319415448851
confirmatorio,j6014_1.sm,adaptativa,0.4,1024,0.2864271988641555,0.8638904250935153,17,5.623371692003013,0.1646090534979424
confirmatorio,j6014_1.sm,adaptativa,0.4,1025,0.2880110956121892,0.8696738900495629,12,3.0,0.1067761806981519
confirmatorio,j6014_1.sm,adaptativa,0.4,1026,0.2910031609887957,0.8826743138282093,17,11.0,0.1325051759834368
confirmatorio,j6014_1.sm,adaptativa,0.4,1027,0.2904221195009808,0.8748747765432875,12,5.0,0.1546391752577319
confirmatorio,j6014_1.sm,adaptativa,0.4,1028,0.284829521319557,0.8744093487823615,16,6.0,0.0328542094455852
confirmatorio,j6014_1.sm,adaptativa,0.4,1029,0.2888075487081152,0.8778635637786478,14,6.5,0.16875
confirmatorio,j6014_1.sm,adaptativa,0.4,1030,0.288765332158872,0.8763539729370182,19,8.5,0.0882956878850102
confirmatorio,j6014_1.sm,adaptativa,0.4,1031,0.2993605949776637,0.8592835050766332,12,5.0,0.2215568862275449
confirmatorio,j6014_1.sm,adaptativa,0.4,1032,0.2876285864892097,0.883186289304151,18,0.0,0.1434511434511434
confirmatorio,j6014_1.sm,adaptativa,0.4,1033,0.289255780713001,0.8770747682958411,16,0.0,0.0456431535269709
confirmatorio,j6014_1.sm,adaptativa,0.4,1034,0.2874663685278445,0.8729234180772365,13,0.0,0.1448979591836734
confirmatorio,j6014_1.sm,adaptativa,0.4,1035,0.286842028964831,0.887901819076009,12,9.0,0.0668058455114822
confirmatorio,j6014_1.sm,adaptativa,0.4,1036,0.2980418113568125,0.8512563004355586,18,4.5,0.1287128712871287
confirmatorio,j6014_1.sm,adaptativa,0.4,1037,0.2907125347288796,0.8786000884324928,12,10.0,0.1275720164609053
confirmatorio,j6014_1.sm,adaptativa,0.4,1038,0.2931457514751129,0.8564846536043924,12,7.5,0.1227364185110664
confirmatorio,j6014_1.sm,adaptativa,0.4,1039,0.2890275649526286,0.8720370583327581,15,3.0,0.0969072164948453
confirmatorio,j6014_1.sm,adaptativa,0.4,1040,0.2952883419614301,0.867872616794081,14,5.5,0.1605691056910569
confirmatorio,j6014_1.sm,adaptativa,0.4,1041,0.2910540930073795,0.8743127941035387,14,9.5,0.0684647302904564
confirmatorio,j6014_1.sm,adaptativa,0.4,1042,0.2911981194008392,0.8818268475524645,17,5.0,0.1041666666666666
confirmatorio,j6014_1.sm,adaptativa,0.4,1043,0.2904406080292948,0.8657978556654566,14,4.025138210669605,0.1543209876543209
confirmatorio,j6014_1.sm,adaptativa,0.4,1044,0.2944629602407979,0.8612655875047216,12,7.0,0.2256097560975609
confirmatorio,j6014_1.sm,adaptativa,0.4,1045,0.295307586532555,0.8582639123515159,12,4.0,0.1146881287726358
confirmatorio,j6014_1.sm,adaptativa,0.4,1046,0.289255780713001,0.8736483665235062,15,5.0,0.0643153526970954
confirmatorio,j6014_1.sm,adaptativa,0.4,1047,0.2903131742220156,0.8798083661562249,16,5.0,0.0865979381443299
confirmatorio,j6014_1.sm,adaptativa,0.4,1048,0.2901010763614776,0.8792064816010067,12,1.0,0.0920245398773006
confirmatorio,j6014_1.sm,adaptativa,0.4,1049,0.289255780713001,0.8737211667589013,10,4.0,0.0767634854771784
confirmatorio,j6014_1.sm,adaptativa,0.4,1050,0.2956532038301978,0.8707628677498858,14,4.0,0.0682730923694779
confirmatorio,j6014_1.sm,adaptativa,0.4,1051,0.2874282905662644,0.8768418704522732,12,9.0,0.0914760914760914
confirmatorio,j6014_1.sm,adaptativa,0.4,1052,0.2879384616650079,0.8786764259641932,15,7.0,0.0843621399176954
confirmatorio,j6014_1.sm,adaptativa,0.4,1053,0.2936565615404193,0.8627728577021386,11,5.0,0.1743486973947896
confirmatorio,j6014_1.sm,adaptativa,0.4,1054,0.2890690173776319,0.8671070096790983,15,8.5,0.1382113821138211
confirmatorio,j6014_1.sm,adaptativa,0.4,1055,0.2878363793641962,0.8836524303771996,8,6.42324732007426,0.1039501039501039
confirmatorio,j6014_1.sm,adaptativa,0.4,1056,0.2952966556444932,0.8542298556939758,15,6.5,0.266
confirmatorio,j6014_1.sm,adaptativa,0.4,1057,0.2932546967540781,0.8641433454942544,17,10.0,0.2068965517241379
confirmatorio,j6014_1.sm,adaptativa,0.4,1058,0.2908215855238535,0.8747329196891797,9,4.5,0.0533880903490759
confirmatorio,j6014_1.sm,adaptativa,0.4,1059,0.2885905938581862,0.8901925296527997,20,13.0,0.081419624217119
confirmatorio,j6014_1.sm,adaptativa,0.4,1060,0.2942641106496215,0.8761312873585941,12,4.0,0.1683778234086242
confirmatorio,j6014_1.sm,adaptativa,0.4,1061,0.2913839833848071,0.8699648727014747,15,9.5,0.1111111111111111
confirmatorio,j6014_1.sm,adaptativa,0.4,1062,0.2940964153769894,0.8945958217545523,13,5.0,0.0461215932914046
confirmatorio,j6014_1.sm,adaptativa,0.4,1063,0.2930193931839189,0.8759277325098509,19,7.5,0.1065573770491803
confirmatorio,j6014_1.sm,adaptativa,0.4,1064,0.2892931333800748,0.8736055275342448,17,11.5,0.1055900621118012
confirmatorio,j6014_1.sm,adaptativa,0.4,1065,0.2952859217093693,0.851728753052438,14,5.0,0.272
confirmatorio,j6014_1.sm,adaptativa,0.4,1066,0.2888030439862061,0.8726471024769549,9,13.5,0.152129817444219
confirmatorio,j6014_1.sm,adaptativa,0.4,1067,0.2862009279001507,0.8655779995654611,13,9.0,0.1322314049586777
confirmatorio,j6014_1.sm,adaptativa,0.4,1068,0.2988328421116074,0.8625985145664066,17,6.0,0.1431411530815109
confirmatorio,j6014_1.sm,adaptativa,0.4,1069,0.2869551644468334,0.8847940180831647,15,3.5,0.0625
confirmatorio,j6014_1.sm,adaptativa,0.4,1070,0.2901446057619173,0.8647638460891426,14,8.5,0.1486761710794297
confirmatorio,j6014_1.sm,adaptativa,0.4,1071,0.2942965807976846,0.8695145532717069,11,4.5,0.2202020202020202
confirmatorio,j6014_1.sm,adaptativa,0.4,1072,0.2901895973898462,0.8637783760119894,13,9.0,0.1356275303643724
confirmatorio,j6014_1.sm,adaptativa,0.4,1073,0.2893304860471486,0.8754678341940016,14,5.0,0.0910973084886128
confirmatorio,j6014_1.sm,adaptativa,0.4,1074,0.286842028964831,0.8868860788124464,9,5.0,0.0981210855949895
confirmatorio,j6014_1.sm,adaptativa,0.4,1075,0.2894051913812963,0.8746340270686774,8,0.0,0.1053719008264462
confirmatorio,j6014_1.sm,adaptativa,0.4,1076,0.2878090701820654,0.8717089118029385,7,3.5,0.1758691206543967
confirmatorio,j6014_1.sm,adaptativa,0.4,1077,0.3028314180243452,0.849470071905951,10,4.5,0.2702169625246548
confirmatorio,j6014_1.sm,adaptativa,0.4,1078,0.2856767043335799,0.8784226415108909,20,9.5,0.1205821205821205
confirmatorio,j6014_1.sm,adaptativa,0.4,1079,0.2882279277594465,0.8722744053766849,14,4.5,0.1563786008230452
confirmatorio,j6014_1.sm,adaptativa,0.4,1080,0.2923646227672477,0.8698604458623695,10,5.0,0.1663286004056795
confirmatorio,j6014_1.sm,adaptativa,0.4,1081,0.2891047386048792,0.8789270656299322,16,5.0,0.0455486542443064
confirmatorio,j6014_1.sm,adaptativa,0.4,1082,0.2899654813874034,0.8847108536330918,12,5.0,0.0438413361169102
confirmatorio,j6014_1.sm,adaptativa,0.4,1083,0.2917505282486155,0.8629238031008417,14,5.0,0.2204081632653061
confirmatorio,j6014_1.sm,adaptativa,0.4,1084,0.2888784676408744,0.8699860318038586,15,9.5,0.1501014198782961
confirmatorio,j6014_1.sm,adaptativa,0.4,1085,0.2935089024049971,0.8551576857596594,11,10.0,0.1943887775551102
confirmatorio,j6014_1.sm,adaptativa,0.4,1086,0.2936513090485342,0.8655613708860376,18,6.45147424406545,0.1599190283400809
confirmatorio,j6014_1.sm,adaptativa,0.4,1087,0.2863894870368214,0.8708088389474467,10,5.623371692003013,0.0969072164948453
confirmatorio,j6014_1.sm,adaptativa,0.4,1088,0.2923736545170898,0.8610626421510876,14,5.0,0.1795918367346938
confirmatorio,j6014_1.sm,adaptativa,0.4,1089,0.2898160707191081,0.8692687441908885,13,4.0,0.2090163934426229
confirmatorio,j6014_1.sm,adaptativa,0.4,1090,0.2892931333800748,0.8678061602415642,18,5.038853050030942,0.1200828157349896
confirmatorio,j6014_1.sm,adaptativa,0.4,1091,0.28710601175617,0.8722941039521488,19,7.0,0.1270491803278688
confirmatorio,j6014_1.sm,adaptativa,0.4,1092,0.2893304860471486,0.8755670952272134,14,8.0,0.1014492753623188
confirmatorio,j6014_1.sm,adaptativa,0.4,1093,0.2885460800385986,0.8819952408764239,7,2.0,0.1033057851239669
confirmatorio,j6014_1.sm,adaptativa,0.4,1094,0.289255780713001,0.8769954878055766,20,4.0,0.0726141078838174
confirmatorio,j6014_1.sm,adaptativa,0.4,1095,0.2868420289648311,0.8828125256342539,13,8.5,0.0890269151138716
confirmatorio,j6014_1.sm,adaptativa,0.4,1096,0.2860123687634801,0.8760371286341587,12,5.0,0.1051546391752577
confirmatorio,j6014_1.sm,adaptativa,0.4,1097,0.2899281287203296,0.8690318590997006,22,9.5,0.0969696969696969
confirmatorio,j6014_1.sm,adaptativa,0.4,1098,0.2931416287191132,0.8842967017900828,16,2.5,0.106029106029106
confirmatorio,j6014_1.sm,adaptativa,0.4,1099,0.2927099703592518,0.881793248171907,10,5.0,0.1673553719008264
confirmatorio,j6014_1.sm,adaptativa,0.6,1000,0.402192013002009,0.812874448612819,14,8.058876250740362,0.2634615384615384
confirmatorio,j6014_1.sm,adaptativa,0.6,1001,0.4112451106793412,0.8156723904655337,14,0.0,0.2685714285714285
confirmatorio,j6014_1.sm,adaptativa,0.6,1002,0.4058255435269182,0.7948306652525949,22,9.712471709470258,0.3605947955390334
confirmatorio,j6014_1.sm,adaptativa,0.6,1003,0.4192894974754382,0.8038915497897283,15,4.0,0.3665413533834586
confirmatorio,j6014_1.sm,adaptativa,0.6,1004,0.3991634278126382,0.8202073292833778,11,4.5,0.2485549132947976
confirmatorio,j6014_1.sm,adaptativa,0.6,1005,0.4186412280468845,0.8021057653052713,14,5.0,0.3351851851851852
confirmatorio,j6014_1.sm,adaptativa,0.6,1006,0.4163074581040911,0.7997307197798191,19,9.001417640356777,0.3227611940298507
confirmatorio,j6014_1.sm,adaptativa,0.6,1007,0.4130332158629195,0.8139008690703661,12,5.0,0.2589118198874296
confirmatorio,j6014_1.sm,adaptativa,0.6,1008,0.4004694943748388,0.823170876050964,19,8.5,0.3249027237354085
confirmatorio,j6014_1.sm,adaptativa,0.6,1009,0.3919514839185846,0.858903801861337,12,5.0,0.1232323232323232
confirmatorio,j6014_1.sm,adaptativa,0.6,1010,0.4173070097134121,0.813986020328873,12,8.186232055740012,0.1695238095238095
confirmatorio,j6014_1.sm,adaptativa,0.6,1011,0.4212179404106417,0.7967614544439929,15,4.5,0.3701657458563536
confirmatorio,j6014_1.sm,adaptativa,0.6,1012,0.4065418574778598,0.7968528739750239,11,6.732704538739042,0.2984790874524715
confirmatorio,j6014_1.sm,adaptativa,0.6,1013,0.3994153545646637,0.798218565726298,17,9.58468030733819,0.3174904942965779
confirmatorio,j6014_1.sm,adaptativa,0.6,1014,0.4208884918396364,0.8065470638858316,15,6.5,0.3149171270718232
confirmatorio,j6014_1.sm,adaptativa,0.6,1015,0.412169109417619,0.8027413805463944,14,9.0,0.3220338983050847
confirmatorio,j6014_1.sm,adaptativa,0.6,1016,0.3993858728384561,0.8130709968137797,7,4.0,0.3179190751445087
confirmatorio,j6014_1.sm,adaptativa,0.6,1017,0.4003604279134201,0.8199822354798028,16,5.0,0.2442307692307692
confirmatorio,j6014_1.sm,adaptativa,0.6,1018,0.4055464345488496,0.8289334621050136,19,7.772923380811594,0.28515625
confirmatorio,j6014_1.sm,adaptativa,0.6,1019,0.3841891668212212,0.8317696058001827,16,9.0,0.2405566600397614
confirmatorio,j6014_1.sm,adaptativa,0.6,1020,0.3942301027831728,0.8131564279708648,10,4.0,0.2942307692307692
confirmatorio,j6014_1.sm,adaptativa,0.6,1021,0.4142644365604992,0.8127783503419715,14,0.0,0.256120527306968
confirmatorio,j6014_1.sm,adaptativa,0.6,1022,0.4195596269692821,0.8006437466552391,14,7.5,0.3638059701492537
confirmatorio,j6014_1.sm,adaptativa,0.6,1023,0.4002075100021508,0.8303990749031833,12,4.5,0.2178988326848249
confirmatorio,j6014_1.sm,adaptativa,0.6,1024,0.3999012697911992,0.8014710338931126,16,5.0,0.3396946564885496
confirmatorio,j6014_1.sm,adaptativa,0.6,1025,0.4002115633737719,0.8373816700156466,18,3.0,0.2425447316103379
confirmatorio,j6014_1.sm,adaptativa,0.6,1026,0.3939825351907231,0.8395071835427272,19,11.0,0.282
confirmatorio,j6014_1.sm,adaptativa,0.6,1027,0.4017253293551843,0.8227040728540228,15,5.0,0.275390625
confirmatorio,j6014_1.sm,adaptativa,0.6,1028,0.4031152219303966,0.8272642343372106,13,7.0,0.2387475538160469
confirmatorio,j6014_1.sm,adaptativa,0.6,1029,0.4120312658917001,0.8398591057317183,20,7.5,0.2116504854368932
confirmatorio,j6014_1.sm,adaptativa,0.6,1030,0.386801088803353,0.8363820541137285,20,8.5,0.1385542168674698
confirmatorio,j6014_1.sm,adaptativa,0.6,1031,0.4080988353882949,0.804075160617519,15,8.880222714307301,0.3440453686200378
confirmatorio,j6014_1.sm,adaptativa,0.6,1032,0.3903793823775636,0.8388529866301255,17,0.0,0.1573705179282868
confirmatorio,j6014_1.sm,adaptativa,0.6,1033,0.4124399676211589,0.8153474415802512,18,4.0,0.2363977485928705
confirmatorio,j6014_1.sm,adaptativa,0.6,1034,0.3993858728384561,0.8313109624769163,11,0.0,0.2222222222222222
confirmatorio,j6014_1.sm,adaptativa,0.6,1035,0.3962207257864122,0.8343185142882553,12,9.0,0.12890625
confirmatorio,j6014_1.sm,adaptativa,0.6,1036,0.4100210012136328,0.8001334774559629,16,4.0,0.2937853107344633
confirmatorio,j6014_1.sm,adaptativa,0.6,1037,0.40859253974872,0.7994250032921171,10,5.471589035495459,0.338403041825095
confirmatorio,j6014_1.sm,adaptativa,0.6,1038,0.4136923805759868,0.8041928123540643,10,9.0,0.2992565055762082
confirmatorio,j6014_1.sm,adaptativa,0.6,1039,0.4177593508840853,0.8163166554066901,18,3.0,0.2832699619771863
confirmatorio,j6014_1.sm,adaptativa,0.6,1040,0.4030872477899644,0.8281783432799774,20,6.733547496829267,0.240234375
confirmatorio,j6014_1.sm,adaptativa,0.6,1041,0.4123081346785455,0.8193128801777687,19,9.5,0.1773584905660377
confirmatorio,j6014_1.sm,adaptativa,0.6,1042,0.4095101059988053,0.8111609831034295,10,8.058876250740362,0.3390804597701149
confirmatorio,j6014_1.sm,adaptativa,0.6,1043,0.4074600206882128,0.8002599333933746,11,0.0,0.291044776119403
confirmatorio,j6014_1.sm,adaptativa,0.6,1044,0.4191669741139369,0.8101218181165303,10,5.0,0.3714821763602251
confirmatorio,j6014_1.sm,adaptativa,0.6,1045,0.4185221728169497,0.7999991847696662,11,4.5,0.3929236499068901
confirmatorio,j6014_1.sm,adaptativa,0.6,1046,0.4177488391025371,0.8102004166127753,15,8.1168627595456,0.2803738317757009
confirmatorio,j6014_1.sm,adaptativa,0.6,1047,0.4106494461114329,0.8186103416122056,16,7.945619420665721,0.27151051625239
confirmatorio,j6014_1.sm,adaptativa,0.6,1048,0.3893198236931926,0.8151815184960725,10,5.0,0.2248062015503876
confirmatorio,j6014_1.sm,adaptativa,0.6,1049,0.4125718005637724,0.8156730616954035,12,4.0,0.2452830188679245
confirmatorio,j6014_1.sm,adaptativa,0.6,1050,0.4020367040285135,0.8153193376819031,14,7.0,0.2523900573613766
confirmatorio,j6014_1.sm,adaptativa,0.6,1051,0.4106026871328181,0.8289463018216316,12,9.0,0.1891891891891892
confirmatorio,j6014_1.sm,adaptativa,0.6,1052,0.3842103900595181,0.8266681606781798,15,7.0,0.2043650793650793
confirmatorio,j6014_1.sm,adaptativa,0.6,1053,0.4020905983190679,0.7992638045873843,16,8.0,0.3289473684210526
confirmatorio,j6014_1.sm,adaptativa,0.6,1054,0.3918768847575227,0.8206040233952535,10,5.0,0.2283464566929134
confirmatorio,j6014_1.sm,adaptativa,0.6,1055,0.3946950352211769,0.8352592762470055,11,4.191364966202293,0.1591355599214145
confirmatorio,j6014_1.sm,adaptativa,0.6,1056,0.4048930021359601,0.7980474061041112,14,10.790757311581771,0.3927893738140417
confirmatorio,j6014_1.sm,adaptativa,0.6,1057,0.4074429792189484,0.8248683903252665,15,10.0,0.2612966601178781
confirmatorio,j6014_1.sm,adaptativa,0.6,1058,0.3909030284810917,0.8191224688553663,14,4.942098697458804,0.2509803921568627
confirmatorio,j6014_1.sm,adaptativa,0.6,1059,0.3991522761835174,0.8215523211823543,16,5.0,0.2644787644787645
confirmatorio,j6014_1.sm,adaptativa,0.6,1060,0.4067346510255993,0.7996004854549251,14,10.804140410886337,0.3771106941838649
confirmatorio,j6014_1.sm,adaptativa,0.6,1061,0.4150381555911418,0.818316795467585,16,13.0,0.238095238095238
confirmatorio,j6014_1.sm,adaptativa,0.6,1062,0.3894390832909274,0.8290551003509623,15,7.5,0.2415841584158415
confirmatorio,j6014_1.sm,adaptativa,0.6,1063,0.4051227503577627,0.8239875248014409,17,6.775011350065901,0.2432432432432432
confirmatorio,j6014_1.sm,adaptativa,0.6,1064,0.4142644365604992,0.816298658735382,13,7.880222714307301,0.2467043314500941
confirmatorio,j6014_1.sm,adaptativa,0.6,1065,0.4092011306174226,0.7851676321728143,14,5.0,0.4155844155844156
confirmatorio,j6014_1.sm,adaptativa,0.6,1066,0.3900941438289999,0.8373147113192837,15,6.5,0.2519685039370078
confirmatorio,j6014_1.sm,adaptativa,0.6,1067,0.3999012697911992,0.7998263469842237,19,9.0,0.3683206106870229
confirmatorio,j6014_1.sm,adaptativa,0.6,1068,0.4111055080500934,0.796625362590791,16,8.187293354115008,0.3146067415730337
confirmatorio,j6014_1.sm,adaptativa,0.6,1069,0.3991522761835174,0.8218402543107428,15,2.208398474985742,0.2577519379844961
confirmatorio,j6014_1.sm,adaptativa,0.6,1070,0.4015672648536063,0.823011804883588,19,8.5,0.2144249512670565
confirmatorio,j6014_1.sm,adaptativa,0.6,1071,0.40980330876889,0.8154926429565856,16,11.080071611929892,0.2595419847328244
confirmatorio,j6014_1.sm,adaptativa,0.6,1072,0.4089546792241626,0.7980677682744683,13,9.0,0.338403041825095
confirmatorio,j6014_1.sm,adaptativa,0.6,1073,0.4105737073663307,0.8188732152487836,15,5.5,0.2110266159695817
confirmatorio,j6014_1.sm,adaptativa,0.6,1074,0.3949727010649114,0.8315770731034132,8,3.5,0.2117647058823529
confirmatorio,j6014_1.sm,adaptativa,0.6,1075,0.4125718005637724,0.8164866934320019,9,4.5,0.2396226415094339
confirmatorio,j6014_1.sm,adaptativa,0.6,1076,0.4039271707826931,0.8154088987926179,7,1.5,0.2591876208897485
confirmatorio,j6014_1.sm,adaptativa,0.6,1077,0.4268395625141675,0.7903796630367622,13,4.5,0.3724770642201835
confirmatorio,j6014_1.sm,adaptativa,0.6,1078,0.3888105703604635,0.8289925744344268,21,9.5,0.2140077821011673
confirmatorio,j6014_1.sm,adaptativa,0.6,1079,0.4015395988182348,0.8142023225897792,14,4.0,0.245136186770428
confirmatorio,j6014_1.sm,adaptativa,0.6,1080,0.4062934186891768,0.8290161899876206,12,3.023790888461016,0.281496062992126
confirmatorio,j6014_1.sm,adaptativa,0.6,1081,0.4067102014293656,0.8038843949551095,14,4.5,0.3333333333333333
confirmatorio,j6014_1.sm,adaptativa,0.6,1082,0.401925696161362,0.8332835572792991,11,6.784194109083087,0.1798839458413926
confirmatorio,j6014_1.sm,adaptativa,0.6,1083,0.4127695499776925,0.8115916796268196,13,5.0,0.2940074906367041
confirmatorio,j6014_1.sm,adaptativa,0.6,1084,0.402506631061694,0.8394847696546205,17,15.7067170240843,0.1146245059288537
confirmatorio,j6014_1.sm,adaptativa,0.6,1085,0.415103522758521,0.7975194730920057,12,10.0,0.2918215613382899
confirmatorio,j6014_1.sm,adaptativa,0.6,1086,0.398422567213921,0.8321032271090607,20,0.5,0.2202380952380952
confirmatorio,j6014_1.sm,adaptativa,0.6,1087,0.412439967621159,0.7944674632735467,9,5.588348112496724,0.3488805970149253
confirmatorio,j6014_1.sm,adaptativa,0.6,1088,0.4066219144728984,0.808629006034407,16,7.988431364188565,0.2514285714285714
confirmatorio,j6014_1.sm,adaptativa,0.6,1089,0.4125718005637724,0.8145202981511307,13,6.5,0.2584905660377358
confirmatorio,j6014_1.sm,adaptativa,0.6,1090,0.4111163761632197,0.8141070579143865,19,7.881132030692858,0.2598870056497175
confirmatorio,j6014_1.sm,adaptativa,0.6,1091,0.4054684302972736,0.819137197498423,18,4.5,0.2923076923076923
confirmatorio,j6014_1.sm,adaptativa,0.6,1092,0.4123081346785455,0.8182060511433162,15,8.5,0.2094339622641509
confirmatorio,j6014_1.sm,adaptativa,0.6,1093,0.4026198274351097,0.8199469630642917,8,5.5,0.240234375
confirmatorio,j6014_1.sm,adaptativa,0.6,1094,0.4119140771888637,0.8047878503277713,15,4.5,0.3488805970149253
confirmatorio,j6014_1.sm,adaptativa,0.6,1095,0.3978187759631902,0.8266549450256016,13,5.0,0.2270058708414872
confirmatorio,j6014_1.sm,adaptativa,0.6,1096,0.3988794393109782,0.8103550851550436,10,5.0,0.2969348659003831
confirmatorio,j6014_1.sm,adaptativa,0.6,1097,0.3989042200261886,0.8349635926551607,18,9.5,0.1476377952755905
confirmatorio,j6014_1.sm,adaptativa,0.6,1098,0.4005260179396018,0.8331083643024912,15,2.5,0.2071713147410358
confirmatorio,j6014_1.sm,adaptativa,0.6,1099,0.4005260179396018,0.834096953893348,10,6.000550058134819,0.2614770459081836
confirmatorio,j6014_1.sm,adaptativa,0.8,1000,0.5338947089970575,0.7662428554986368,17,13.08453619639166,0.3717948717948718
confirmatorio,j6014_1.sm,adaptativa,0.8,1001,0.531709676046966,0.757168554128479,13,3.6688090067119776,0.4039497307001795
confirmatorio,j6014_1.sm,adaptativa,0.8,1002,0.5419277803970581,0.7481374415105994,21,9.047330295169502,0.4912280701754385
confirmatorio,j6014_1.sm,adaptativa,0.8,1003,0.5360992577375197,0.743413682627889,14,14.816922164154876,0.4866785079928952
confirmatorio,j6014_1.sm,adaptativa,0.8,1004,0.5202040153610628,0.7887208965757682,12,7.608037837787354,0.3113207547169811
confirmatorio,j6014_1.sm,adaptativa,0.8,1005,0.5508992591044916,0.7571498018711309,15,5.0,0.4442446043165468
confirmatorio,j6014_1.sm,adaptativa,0.8,1006,0.5307180177801956,0.7463602224331783,19,8.552207523233804,0.4330985915492957
confirmatorio,j6014_1.sm,adaptativa,0.8,1007,0.5357662014821253,0.7578617491725032,12,5.0,0.4096601073345259
confirmatorio,j6014_1.sm,adaptativa,0.8,1008,0.5234734129571906,0.7610051414768926,18,8.5,0.5072202166064982
confirmatorio,j6014_1.sm,adaptativa,0.8,1009,0.509942812042584,0.8007371011325115,12,5.0,0.2325581395348837
confirmatorio,j6014_1.sm,adaptativa,0.8,1010,0.5533875651622026,0.7549250401560257,12,7.23330008436888,0.3859964093357271
confirmatorio,j6014_1.sm,adaptativa,0.8,1011,0.5421589028420092,0.7559362875331138,13,4.993609132871054,0.4244604316546763
confirmatorio,j6014_1.sm,adaptativa,0.8,1012,0.5384680544219944,0.7533706164816572,13,7.760888506203617,0.4545454545454545
confirmatorio,j6014_1.sm,adaptativa,0.8,1013,0.5300991960524606,0.7633899953504465,15,9.5,0.3478260869565217
confirmatorio,j6014_1.sm,adaptativa,0.8,1014,0.5389415416768871,0.7620074010125878,16,6.5,0.4168157423971377
confirmatorio,j6014_1.sm,adaptativa,0.8,1015,0.5430097316676195,0.752473302561086,16,9.0,0.4321428571428571
confirmatorio,j6014_1.sm,adaptativa,0.8,1016,0.5149794495653356,0.7736845709405347,9,8.803178845647492,0.3977485928705441
confirmatorio,j6014_1.sm,adaptativa,0.8,1017,0.5154797956323487,0.7903167358565709,16,8.5,0.2326923076923077
confirmatorio,j6014_1.sm,adaptativa,0.8,1018,0.5079186508620087,0.7776413729224795,16,8.946121692237927,0.4486692015209125
confirmatorio,j6014_1.sm,adaptativa,0.8,1019,0.5290700526286494,0.7689989218539378,17,9.0,0.4132841328413284
confirmatorio,j6014_1.sm,adaptativa,0.8,1020,0.5229744520360118,0.7690970984513876,10,3.7277862822635632,0.3830570902394107
confirmatorio,j6014_1.sm,adaptativa,0.8,1021,0.5352845002342593,0.7706960283716658,13,4.51899675247636,0.3867403314917127
confirmatorio,j6014_1.sm,adaptativa,0.8,1022,0.5375942370154787,0.7486099591461407,15,9.294209693848185,0.4592198581560284
confirmatorio,j6014_1.sm,adaptativa,0.8,1023,0.5116889328345537,0.7883001612474183,15,6.0,0.2650375939849624
confirmatorio,j6014_1.sm,adaptativa,0.8,1024,0.5193520743804589,0.7672669688969489,22,10.644522575552932,0.3498168498168498
confirmatorio,j6014_1.sm,adaptativa,0.8,1025,0.5241807698448364,0.7525290643095209,20,9.326597159674384,0.4162162162162162
confirmatorio,j6014_1.sm,adaptativa,0.8,1026,0.5121953701845074,0.781667667853683,19,11.0,0.3191094619666048
confirmatorio,j6014_1.sm,adaptativa,0.8,1027,0.5261830137251757,0.7751099544077225,14,7.528474166006454,0.3547794117647059
confirmatorio,j6014_1.sm,adaptativa,0.8,1028,0.5083459140322806,0.7867545437157992,13,7.0,0.3243761996161228
confirmatorio,j6014_1.sm,adaptativa,0.8,1029,0.5270090321006334,0.7967024927489462,19,5.0,0.2773584905660377
confirmatorio,j6014_1.sm,adaptativa,0.8,1030,0.5133123624670222,0.774204696654533,13,3.5,0.2740740740740741
confirmatorio,j6014_1.sm,adaptativa,0.8,1031,0.5404875378666879,0.7551739864508812,16,16.537277412868814,0.4759358288770053
confirmatorio,j6014_1.sm,adaptativa,0.8,1032,0.5173725526422679,0.7754146577859505,16,6.74614985330582,0.3407407407407407
confirmatorio,j6014_1.sm,adaptativa,0.8,1033,0.5398828288871472,0.7687985631392014,16,4.0,0.3491773308957952
confirmatorio,j6014_1.sm,adaptativa,0.8,1034,0.5283750068368535,0.7630789230309051,15,0.0,0.3865698729582577
confirmatorio,j6014_1.sm,adaptativa,0.8,1035,0.5205962183653378,0.7742196833841057,11,9.0,0.3643122676579926
confirmatorio,j6014_1.sm,adaptativa,0.8,1036,0.5522893594304625,0.7516034960607393,15,4.0,0.4711033274956217
confirmatorio,j6014_1.sm,adaptativa,0.8,1037,0.5288529037825384,0.7644235897375752,11,7.5,0.4659498207885305
confirmatorio,j6014_1.sm,adaptativa,0.8,1038,0.5385496375445964,0.759582474070507,10,9.128353047048147,0.376130198915009
confirmatorio,j6014_1.sm,adaptativa,0.8,1039,0.5377178683035491,0.7613075715028595,16,3.0,0.3700361010830325
confirmatorio,j6014_1.sm,adaptativa,0.8,1040,0.5231026881382556,0.7655129712405452,20,5.523634395914563,0.3443223443223443
confirmatorio,j6014_1.sm,adaptativa,0.8,1041,0.5352845002342593,0.7712219648362922,19,9.5,0.3627992633517495
confirmatorio,j6014_1.sm,adaptativa,0.8,1042,0.5284740012616971,0.7793604683975038,12,5.0,0.3736059479553903
confirmatorio,j6014_1.sm,adaptativa,0.8,1043,0.5219140556574072,0.7462958649016068,17,8.561337045422354,0.4159132007233273
confirmatorio,j6014_1.sm,adaptativa,0.8,1044,0.5423104174743998,0.7436238467279099,11,18.65911404151476,0.5553602811950791
confirmatorio,j6014_1.sm,adaptativa,0.8,1045,0.542390701996845,0.7458982621895219,11,4.5,0.5096660808435852
confirmatorio,j6014_1.sm,adaptativa,0.8,1046,0.5335487774639991,0.7549482020685577,16,12.19078091637452,0.4129263913824057
confirmatorio,j6014_1.sm,adaptativa,0.8,1047,0.5158768632191852,0.7611249190527833,16,6.261039654788327,0.3963963963963964
confirmatorio,j6014_1.sm,adaptativa,0.8,1048,0.5103309492810949,0.7663125259738216,10,5.0,0.3412844036697248
confirmatorio,j6014_1.sm,adaptativa,0.8,1049,0.5456846855733868,0.7661436183576344,12,4.0,0.3381555153707052
confirmatorio,j6014_1.sm,adaptativa,0.8,1050,0.5358095870925798,0.7701449781684178,18,4.824383964449241,0.36996336996337
confirmatorio,j6014_1.sm,adaptativa,0.8,1051,0.53686210828581,0.7661082738046866,14,9.0,0.429097605893186
confirmatorio,j6014_1.sm,adaptativa,0.8,1052,0.5153995285586939,0.7851212496751175,12,5.0,0.2986767485822306
confirmatorio,j6014_1.sm,adaptativa,0.8,1053,0.5416448582071715,0.7399091057546239,13,7.837598595712578,0.5641476274165202
confirmatorio,j6014_1.sm,adaptativa,0.8,1054,0.5179648785533426,0.7738776636327654,17,5.0,0.343984962406015
confirmatorio,j6014_1.sm,adaptativa,0.8,1055,0.5222026316876074,0.7754258213410131,13,9.0,0.3358208955223881
confirmatorio,j6014_1.sm,adaptativa,0.8,1056,0.5334408667553444,0.7683025950663463,18,12.61748966859539,0.3621013133208255
confirmatorio,j6014_1.sm,adaptativa,0.8,1057,0.5287451715416672,0.7713692610799582,14,10.0,0.3853211009174312
confirmatorio,j6014_1.sm,adaptativa,0.8,1058,0.5131846222576365,0.7831867847420612,13,4.68084317909837,0.3358208955223881
confirmatorio,j6014_1.sm,adaptativa,0.8,1059,0.5239459743685365,0.7708257249798212,13,6.834865580096903,0.388170055452865
confirmatorio,j6014_1.sm,adaptativa,0.8,1060,0.5355992327632424,0.7557251326189295,12,4.0,0.4512635379061371
confirmatorio,j6014_1.sm,adaptativa,0.8,1061,0.5333765388151348,0.770713634937561,17,13.0,0.3605947955390334
confirmatorio,j6014_1.sm,adaptativa,0.8,1062,0.5133944805852142,0.7800376060254564,15,7.5,0.4331450094161959
confirmatorio,j6014_1.sm,adaptativa,0.8,1063,0.5383902882216033,0.7549279625429166,18,10.54713721304492,0.4645390070921986
confirmatorio,j6014_1.sm,adaptativa,0.8,1064,0.5352845002342593,0.7718358665816816,13,9.0,0.3609576427255985
confirmatorio,j6014_1.sm,adaptativa,0.8,1065,0.536853353152344,0.7629865067404833,16,5.0,0.4343065693430657
confirmatorio,j6014_1.sm,adaptativa,0.8,1066,0.5135834727704585,0.7785824510116517,13,5.0,0.339047619047619
confirmatorio,j6014_1.sm,adaptativa,0.8,1067,0.5276351635886188,0.7654089071434992,18,13.223426196624668,0.3419593345656192
confirmatorio,j6014_1.sm,adaptativa,0.8,1068,0.5352224855180484,0.7550779698678274,15,7.509490418881329,0.459605026929982
confirmatorio,j6014_1.sm,adaptativa,0.8,1069,0.5233102001684039,0.7811460735803389,16,7.609342160275567,0.3426443202979516
confirmatorio,j6014_1.sm,adaptativa,0.8,1070,0.5165569380768762,0.7704996146762133,20,10.419620192276517,0.34375
confirmatorio,j6014_1.sm,adaptativa,0.8,1071,0.5215111527569141,0.7674378069015815,15,7.665016186527833,0.3708487084870848
confirmatorio,j6014_1.sm,adaptativa,0.8,1072,0.5388659930081504,0.7653453154936999,13,9.0,0.3985507246376811
confirmatorio,j6014_1.sm,adaptativa,0.8,1073,0.5211318191057405,0.7670344469200989,16,5.225335279095923,0.3296500920810313
confirmatorio,j6014_1.sm,adaptativa,0.8,1074,0.5212005533386115,0.7851974687301679,10,4.002795027903589,0.2998137802607076
confirmatorio,j6014_1.sm,adaptativa,0.8,1075,0.5272970571540094,0.7707149181268316,8,0.0,0.3119266055045872
confirmatorio,j6014_1.sm,adaptativa,0.8,1076,0.5329458307609083,0.7737921624851549,7,9.235856148612132,0.4048059149722736
confirmatorio,j6014_1.sm,adaptativa,0.8,1077,0.552650137893143,0.7394591198784004,8,4.5,0.4991212653778559
confirmatorio,j6014_1.sm,adaptativa,0.8,1078,0.4983191589664673,0.8019240799542008,14,9.5,0.245136186770428
confirmatorio,j6014_1.sm,adaptativa,0.8,1079,0.5265323404614567,0.7385847544562741,14,4.0,0.4804964539007092
confirmatorio,j6014_1.sm,adaptativa,0.8,1080,0.5392560323686816,0.7694324353659715,9,0.0,0.430939226519337
confirmatorio,j6014_1.sm,adaptativa,0.8,1081,0.535070822663278,0.7567808825381921,14,4.5,0.4141048824593128
confirmatorio,j6014_1.sm,adaptativa,0.8,1082,0.5224758888949842,0.7776788637817975,9,1.0,0.3192660550458716
confirmatorio,j6014_1.sm,adaptativa,0.8,1083,0.5331834012100702,0.7664009584300588,20,8.85775796264084,0.3614678899082569
confirmatorio,j6014_1.sm,adaptativa,0.8,1084,0.5221044009986746,0.7587848753313268,18,13.707254416009851,0.4715596330275229
confirmatorio,j6014_1.sm,adaptativa,0.8,1085,0.5424346131224004,0.7525188537351695,12,10.0,0.4050179211469534
confirmatorio,j6014_1.sm,adaptativa,0.8,1086,0.5236518221153302,0.7499786306249128,16,9.326597159674384,0.4767857142857143
confirmatorio,j6014_1.sm,adaptativa,0.8,1087,0.531824298500753,0.7544973872030704,9,3.0,0.4516129032258064
confirmatorio,j6014_1.sm,adaptativa,0.8,1088,0.5319057775491035,0.7505292934759377,18,9.326597159674384,0.4111310592459605
confirmatorio,j6014_1.sm,adaptativa,0.8,1089,0.5376237395825231,0.759370096915219,15,15.880398489270997,0.3759124087591241
confirmatorio,j6014_1.sm,adaptativa,0.8,1090,0.5279777400539908,0.7563612398574058,22,5.0,0.4187725631768953
confirmatorio,j6014_1.sm,adaptativa,0.8,1091,0.514589923269708,0.7763776925029058,17,5.0,0.3264150943396226
confirmatorio,j6014_1.sm,adaptativa,0.8,1092,0.5256439701111973,0.7655656824242519,14,8.5,0.3541284403669725
confirmatorio,j6014_1.sm,adaptativa,0.8,1093,0.5249994891771096,0.7869902099727643,9,4.0,0.2542056074766355
confirmatorio,j6014_1.sm,adaptativa,0.8,1094,0.5323225020113879,0.7579295979139704,15,4.5,0.43327239488117
confirmatorio,j6014_1.sm,adaptativa,0.8,1095,0.5172785232958613,0.77811031334833,14,5.913532269223942,0.3154981549815498
confirmatorio,j6014_1.sm,adaptativa,0.8,1096,0.4982531187223684,0.776731133755102,15,6.09180657462902,0.3745318352059925
confirmatorio,j6014_1.sm,adaptativa,0.8,1097,0.5162824227755095,0.7706978299524484,24,9.5,0.3641404805914972
confirmatorio,j6014_1.sm,adaptativa,0.8,1098,0.5340825674831365,0.777446964627493,18,15.059942629870676,0.4134078212290503
confirmatorio,j6014_1.sm,adaptativa,0.8,1099,0.5255147863856366,0.7836784361309839,7,5.0,0.3158878504672897
confirmatorio,j6014_1.sm,adaptativa,1.0,1000,0.6543499784159686,0.7339995333196221,14,4.5,0.4219858156028369
confirmatorio,j6014_1.sm,adaptativa,1.0,1001,0.6653825721514689,0.728532333836782,13,2.751886595847592,0.4752650176678445
confirmatorio,j6014_1.sm,adaptativa,1.0,1002,0.6731208213484293,0.7097476343080124,20,5.0,0.616695059625213
confirmatorio,j6014_1.sm,adaptativa,1.0,1003,0.6790456386744683,0.7098457720311017,12,4.0,0.5893470790378007
confirmatorio,j6014_1.sm,adaptativa,1.0,1004,0.6502612342619646,0.7319650411234718,13,8.356284171858016,0.4336283185840708
confirmatorio,j6014_1.sm,adaptativa,1.0,1005,0.6837951546719279,0.7144264333991445,17,7.059907885116304,0.588135593220339
confirmatorio,j6014_1.sm,adaptativa,1.0,1006,0.6794858830884478,0.7174535318386981,20,5.0,0.5408163265306123
confirmatorio,j6014_1.sm,adaptativa,1.0,1007,0.6571972232111709,0.7298959168903477,12,5.0,0.4577464788732394
confirmatorio,j6014_1.sm,adaptativa,1.0,1008,0.6352079939223971,0.7386749957272354,17,8.5,0.4512635379061371
confirmatorio,j6014_1.sm,adaptativa,1.0,1009,0.633366043507057,0.7467501363403403,12,5.0,0.4262295081967213
confirmatorio,j6014_1.sm,adaptativa,1.0,1010,0.682245319377152,0.7171814300774909,12,4.5,0.5
confirmatorio,j6014_1.sm,adaptativa,1.0,1011,0.6672091983285126,0.7175474500586151,13,4.5,0.5327586206896552
confirmatorio,j6014_1.sm,adaptativa,1.0,1012,0.6592013433285272,0.7287561107297077,10,4.0,0.4767025089605735
confirmatorio,j6014_1.sm,adaptativa,1.0,1013,0.6517965506078148,0.7249292214441032,17,10.99224541678139,0.5025906735751295
confirmatorio,j6014_1.sm,adaptativa,1.0,1014,0.6601435146846422,0.7259605959823554,20,6.5,0.4814814814814814
confirmatorio,j6014_1.sm,adaptativa,1.0,1015,0.6679766707624218,0.7251281412795075,13,9.0,0.495697074010327
confirmatorio,j6014_1.sm,adaptativa,1.0,1016,0.6160144119819094,0.740746050716931,10,3.8618255448808014,0.4470377019748653
confirmatorio,j6014_1.sm,adaptativa,1.0,1017,0.6671388267346839,0.730351564829198,14,7.582496853428239,0.5131810193321616
confirmatorio,j6014_1.sm,adaptativa,1.0,1018,0.6290985894059482,0.7455693304826818,18,5.704500677860253,0.448087431693989
confirmatorio,j6014_1.sm,adaptativa,1.0,1019,0.6580446459536677,0.721617232871031,19,9.0,0.5627177700348432
confirmatorio,j6014_1.sm,adaptativa,1.0,1020,0.6540845009550201,0.7306092130285067,9,2.0,0.4781849912739965
confirmatorio,j6014_1.sm,adaptativa,1.0,1021,0.6702287545352038,0.7299647227740956,14,0.0,0.4507042253521127
confirmatorio,j6014_1.sm,adaptativa,1.0,1022,0.6802704072511876,0.721420073487403,12,7.668251555694738,0.5438898450946644
confirmatorio,j6014_1.sm,adaptativa,1.0,1023,0.6413974323848133,0.7436684846239628,17,8.5,0.3756708407871199
confirmatorio,j6014_1.sm,adaptativa,1.0,1024,0.6517212867581247,0.7401937717654252,16,5.683340577508584,0.4007220216606498
confirmatorio,j6014_1.sm,adaptativa,1.0,1025,0.7217839519837163,0.7258371366495924,19,8.878013167142614,0.5291095890410958
confirmatorio,j6014_1.sm,adaptativa,1.0,1026,0.652800590298759,0.7329424010251311,22,11.0,0.4586994727592267
confirmatorio,j6014_1.sm,adaptativa,1.0,1027,0.6435399386618039,0.7192645527728969,12,5.0,0.5432098765432098
confirmatorio,j6014_1.sm,adaptativa,1.0,1028,0.6537195372827982,0.7377014344415918,14,10.329011740611866,0.4379432624113475
confirmatorio,j6014_1.sm,adaptativa,1.0,1029,0.652816945583991,0.7466976722972415,18,11.105153112746144,0.4329710144927536
confirmatorio,j6014_1.sm,adaptativa,1.0,1030,0.6431287826298815,0.738144333365662,13,3.5,0.4270462633451957
confirmatorio,j6014_1.sm,adaptativa,1.0,1031,0.6714354689103589,0.7264879897612941,14,5.0,0.5197255574614065
confirmatorio,j6014_1.sm,adaptativa,1.0,1032,0.6491378042031253,0.7341267835095701,16,3.5,0.4537366548042704
confirmatorio,j6014_1.sm,adaptativa,1.0,1033,0.6754093494216336,0.7287299871350807,14,10.91270758110753,0.4548611111111111
confirmatorio,j6014_1.sm,adaptativa,1.0,1034,0.6465090792907842,0.7280365828736098,14,5.0434072065582525,0.4711033274956217
confirmatorio,j6014_1.sm,adaptativa,1.0,1035,0.6341919601482632,0.7378955282755935,14,9.0,0.4117647058823529
confirmatorio,j6014_1.sm,adaptativa,1.0,1036,0.6836179222390162,0.7154568216164595,18,7.748561514960189,0.5557461406518011
confirmatorio,j6014_1.sm,adaptativa,1.0,1037,0.6675065170511918,0.7168613478601153,12,10.91695277460752,0.5601374570446735
confirmatorio,j6014_1.sm,adaptativa,1.0,1038,0.6795460815263743,0.7093175175753592,12,21.6924877959984,0.5532646048109966
confirmatorio,j6014_1.sm,adaptativa,1.0,1039,0.6761214589808581,0.7201311881862311,17,4.637972157025969,0.5316239316239316
confirmatorio,j6014_1.sm,adaptativa,1.0,1040,0.6414088635767405,0.7338807118357222,20,4.5,0.4508050089445438
confirmatorio,j6014_1.sm,adaptativa,1.0,1041,0.6703522830404872,0.732195260466255,19,9.5,0.4391534391534391
confirmatorio,j6014_1.sm,adaptativa,1.0,1042,0.6724514370098197,0.7330819234348509,10,5.0,0.4778761061946903
confirmatorio,j6014_1.sm,adaptativa,1.0,1043,0.6629758960601472,0.7126570118051156,10,0.0,0.5468483816013628
confirmatorio,j6014_1.sm,adaptativa,1.0,1044,0.6846142894215048,0.7168746887101569,15,12.687572371011475,0.5584642233856894
confirmatorio,j6014_1.sm,adaptativa,1.0,1045,0.6675301058834227,0.7190206749790858,11,4.5,0.5443478260869565
confirmatorio,j6014_1.sm,adaptativa,1.0,1046,0.6659929068551419,0.7226097136296421,15,5.0,0.4973913043478261
confirmatorio,j6014_1.sm,adaptativa,1.0,1047,0.6267255964389061,0.7450544970181023,15,11.35519641595608,0.3996383363471971
confirmatorio,j6014_1.sm,adaptativa,1.0,1048,0.6446271720241018,0.7339497294551365,12,5.0,0.4616755793226381
confirmatorio,j6014_1.sm,adaptativa,1.0,1049,0.6558276254184647,0.727695986718723,12,4.0,0.4807017543859649
confirmatorio,j6014_1.sm,adaptativa,1.0,1050,0.6682337194129001,0.7332834045347412,16,4.0,0.4586994727592267
confirmatorio,j6014_1.sm,adaptativa,1.0,1051,0.6629492089512312,0.719734446602313,12,9.0,0.5569176882661997
confirmatorio,j6014_1.sm,adaptativa,1.0,1052,0.6381079878328292,0.7395592861055478,13,5.0,0.4396396396396396
confirmatorio,j6014_1.sm,adaptativa,1.0,1053,0.6813106064220352,0.7147454981753019,14,11.296897592856476,0.61082910321489
confirmatorio,j6014_1.sm,adaptativa,1.0,1054,0.673785599901085,0.7128408721300941,10,5.0,0.583044982698962
confirmatorio,j6014_1.sm,adaptativa,1.0,1055,0.6460233223848868,0.7427359667976304,15,13.292340045688515,0.3960923623445826
confirmatorio,j6014_1.sm,adaptativa,1.0,1056,0.6758408308920358,0.7180414391586258,14,2.5,0.5381944444444444
confirmatorio,j6014_1.sm,adaptativa,1.0,1057,0.658742593791782,0.7371329179666122,15,10.0,0.4547069271758437
confirmatorio,j6014_1.sm,adaptativa,1.0,1058,0.6520476974606495,0.7410703622070732,13,10.99036362184864,0.4618117229129662
confirmatorio,j6014_1.sm,adaptativa,1.0,1059,0.6592160525640237,0.7232593328168584,16,5.940286094530125,0.5486111111111112
confirmatorio,j6014_1.sm,adaptativa,1.0,1060,0.672572114857289,0.7253852301655218,11,4.0,0.4824561403508772
confirmatorio,j6014_1.sm,adaptativa,1.0,1061,0.6780169803855264,0.7253845523785712,17,13.0,0.4824561403508772
confirmatorio,j6014_1.sm,adaptativa,1.0,1062,0.6473308077881064,0.746915491194739,14,7.5,0.4727272727272727
confirmatorio,j6014_1.sm,adaptativa,1.0,1063,0.6496629662645589,0.736062813243115,13,9.35280597855612,0.4577464788732394
confirmatorio,j6014_1.sm,adaptativa,1.0,1064,0.6756544762993054,0.7232896086094556,13,4.5,0.4791666666666667
confirmatorio,j6014_1.sm,adaptativa,1.0,1065,0.6683644611230434,0.7163194853283466,14,5.437346702663657,0.5547826086956522
confirmatorio,j6014_1.sm,adaptativa,1.0,1066,0.6562257288779452,0.7346639983767882,11,5.0,0.4578096947935368
confirmatorio,j6014_1.sm,adaptativa,1.0,1067,0.6589008062098365,0.7272091174864856,17,9.0,0.5261324041811847
confirmatorio,j6014_1.sm,adaptativa,1.0,1068,0.6553143131816686,0.7311695854352548,14,10.59002008814612,0.4654867256637168
confirmatorio,j6014_1.sm,adaptativa,1.0,1069,0.6636531730775004,0.7396179615927799,16,7.668251555694738,0.4096601073345259
confirmatorio,j6014_1.sm,adaptativa,1.0,1070,0.6668384372406703,0.7286046945855492,19,9.307098546286024,0.4385964912280701
confirmatorio,j6014_1.sm,adaptativa,1.0,1071,0.6631004049503932,0.7300985363310746,16,4.5,0.443859649122807
confirmatorio,j6014_1.sm,adaptativa,1.0,1072,0.673389562115317,0.7196404516532676,17,9.241591780340212,0.5429553264604811
confirmatorio,j6014_1.sm,adaptativa,1.0,1073,0.6727299890220322,0.7262238021202875,15,20.191919377040456,0.4939130434782608
confirmatorio,j6014_1.sm,adaptativa,1.0,1074,0.6415239494829664,0.7440547888979946,11,5.183340577508584,0.3393177737881508
confirmatorio,j6014_1.sm,adaptativa,1.0,1075,0.6597729291687917,0.7348693499077392,8,0.0,0.4225352112676056
confirmatorio,j6014_1.sm,adaptativa,1.0,1076,0.6666178572043036,0.7165759471108795,9,1.0,0.5217391304347826
confirmatorio,j6014_1.sm,adaptativa,1.0,1077,0.6850795310479301,0.7028751838101928,10,4.5,0.5682967959527825
confirmatorio,j6014_1.sm,adaptativa,1.0,1078,0.635768656952884,0.7371819167090261,16,9.5,0.4575971731448763
confirmatorio,j6014_1.sm,adaptativa,1.0,1079,0.6509340167658314,0.732311517879378,13,8.964507237185062,0.452930728241563
confirmatorio,j6014_1.sm,adaptativa,1.0,1080,0.6743102734154265,0.737665724681708,9,4.5,0.4219030520646319
confirmatorio,j6014_1.sm,adaptativa,1.0,1081,0.631053015554001,0.7333233132502354,11,4.54389877591662,0.4775583482944344
confirmatorio,j6014_1.sm,adaptativa,1.0,1082,0.6559521343087106,0.7376657449431488,13,18.12481546907442,0.4088495575221239
confirmatorio,j6014_1.sm,adaptativa,1.0,1083,0.6598964576740751,0.7251346240238855,17,18.25231359623863,0.4886164623467601
confirmatorio,j6014_1.sm,adaptativa,1.0,1084,0.6500495015986876,0.729284363805389,16,9.996016020773968,0.4833625218914185
confirmatorio,j6014_1.sm,adaptativa,1.0,1085,0.6686829488630698,0.7116117055975032,14,21.039854074071958,0.5365025466893039
confirmatorio,j6014_1.sm,adaptativa,1.0,1086,0.6509180158782388,0.7227262189982392,17,8.196954227700465,0.5588235294117647
confirmatorio,j6014_1.sm,adaptativa,1.0,1087,0.6767301578028592,0.7331341868938667,13,14.652438939998296,0.4567901234567901
confirmatorio,j6014_1.sm,adaptativa,1.0,1088,0.6770868817606122,0.7183268259463861,17,4.5,0.528695652173913
confirmatorio,j6014_1.sm,adaptativa,1.0,1089,0.6710568925885313,0.7266604420770965,13,11.040063386107182,0.4782608695652174
confirmatorio,j6014_1.sm,adaptativa,1.0,1090,0.6598964576740751,0.7298000457730626,23,11.414830177857526,0.451048951048951
confirmatorio,j6014_1.sm,adaptativa,1.0,1091,0.6481256674178995,0.7390995895713031,20,10.53064016610858,0.4464285714285714
confirmatorio,j6014_1.sm,adaptativa,1.0,1092,0.6562011520892027,0.7365085073002389,14,8.5,0.4210526315789473
confirmatorio,j6014_1.sm,adaptativa,1.0,1093,0.6606620119764969,0.7399583416346918,11,1.5,0.4316163410301953
confirmatorio,j6014_1.sm,adaptativa,1.0,1094,0.6795481588727952,0.7142817758346025,17,6.558172384536724,0.5726643598615917
confirmatorio,j6014_1.sm,adaptativa,1.0,1095,0.6518191968081323,0.7380550091501725,14,5.0,0.3996447602131439
confirmatorio,j6014_1.sm,adaptativa,1.0,1096,0.6466508471917267,0.7284438778403765,13,6.4711639105453305,0.5316901408450704
confirmatorio,j6014_1.sm,adaptativa,1.0,1097,0.6643454938528536,0.7292004560789926,15,9.5,0.5077452667814114
confirmatorio,j6014_1.sm,adaptativa,1.0,1098,0.6391188078052715,0.7453635064442009,13,7.253089901864865,0.4991023339317774
confirmatorio,j6014_1.sm,adaptativa,1.0,1099,0.6639532474643219,0.7409149435000678,12,7.677334192607274,0.4560143626570915
