concluiu,makespan,makespan_cpm,E_total,S_UR_final,S_UR_maximo,S_PV_final,TW,TL,TU,TR,n_limpas,n_com_erro,n_reportadas,n_adiamentos,taxa_omissao,taxa_falha_efetiva,E_plano,retrabalho_sobre_esforco_total,retrabalho_sobre_plano,divida_latente_sobre_plano,retrabalho_sobre_esforco_realizado,p1_omissao,p1_fuga,p2_ajuda,p2_bloqueio,p3_analitica,hiato_encontrado,hiato_sem_colega_capaz,hiato_sem_colega_livre,hiato_colega_capaz_sem_confianca,competencia_maxima_inicial,competencia_minima_inicial,tarefas_acima_da_competencia_maxima_inicial,n_tarefas,N_req,N_fail,N_blocked,N_success,competencia_maxima_final,ablacoes,retrabalho_gerado,retrabalho_pendente,ocupacao_retrabalho,extensoes_horizonte,motivo_termino,confianca_media_final,celula,arquivo,semente,cenario,violacoes,atraso_relativo,fracao_porta1
True,274,85,0.7381266925720553,0.0,31.94145463368455,234.0,456.0,40.0,49.0,72.780124454022,44,16,4,6,0.26666666666666666,0.3333333333333333,323.0,0.18389029654892866,0.22532546270595047,0.09888995242626795,0.11780910646541629,22,6,40,43,38,83,13,1,6,0.6586427040007742,0.39362113220747674,14,60,64,24,6,40,0.6586427040007742,nenhuma,72.780124454022,0.0,78,0,terminal,0.6421988299098991,0,j6010_1.sm,1,adaptativa,0,3.223529411764706,0.36666666666666664
True,237,85,0.6253447420671174,0.0,23.93056006884714,218.0,451.0,102.0,77.0,91.20219402371622,42,18,3,6,0.3,0.35,323.0,0.2201876169166168,0.28235973381955487,0.07408842126578062,0.12645856429648786,26,6,102,71,34,173,4,13,6,0.794910294566222,0.24332019624229823,3,60,163,61,6,102,0.794910294566222,nenhuma,91.20219402371623,0.0,98,0,terminal,0.6937047627072411,0,j6010_1.sm,3,adaptativa,0,2.788235294117647,0.43333333333333335
True,286,76,0.7788968201851227,0.0,23.006523708264993,256.0,493.0,44.0,40.0,55.946479204815894,46,14,1,10,0.23333333333333334,0.25,332.0,0.1442118493238832,0.16851349158077075,0.06929675815742468,0.08839053702471439,26,10,44,30,34,74,4,0,8,0.6586427040007742,0.39362113220747674,17,60,62,18,8,44,0.6586427040007742,nenhuma,55.946479204815894,0.0,63,0,terminal,0.6661075535332224,0,j6021_1.sm,1,adaptativa,0,3.763157894736842,0.43333333333333335
True,239,76,0.6784668253904438,0.0,28.93140642869147,226.0,467.0,84.0,59.0,78.31663173988065,42,18,1,17,0.3,0.31666666666666665,332.0,0.19086877226446258,0.23589346909602604,0.08714279044786588,0.11377994970413124,32,17,84,42,28,126,0,0,11,0.794910294566222,0.24332019624229823,2,60,115,31,11,84,0.794910294566222,nenhuma,78.31663173988065,0.0,86,0,terminal,0.7546077612812203,0,j6021_1.sm,3,adaptativa,0,3.1447368421052633,0.5333333333333333
True,181,69,0.7100646519931864,0.0,26.99330117589618,260.0,479.0,68.0,72.0,55.58646005743763,48,12,2,16,0.2,0.23333333333333334,337.0,0.14159036470413425,0.1649449853336428,0.08009881654568599,0.08240079418834573,24,16,68,56,36,124,12,14,12,0.6586427040007742,0.39362113220747674,13,60,100,32,12,68,0.6586427040007742,nenhuma,55.58646005743763,0.0,61,0,terminal,0.7491906066961723,0,j6032_1.sm,1,adaptativa,0,2.6231884057971016,0.4
True,198,69,0.6598380594492197,0.0,36.20547695736278,224.0,507.0,87.0,81.0,93.37034896593144,41,19,3,26,0.31666666666666665,0.36666666666666664,337.0,0.21695348945455054,0.2770633500472743,0.1074346497251121,0.12151737647293227,34,26,87,55,26,142,0,13,14,0.794910294566222,0.24332019624229823,0,60,128,41,14,87,0.794910294566222,nenhuma,93.37034896593143,0.0,100,0,terminal,0.7209851267899605,0,j6032_1.sm,3,adaptativa,0,2.869565217391304,0.5666666666666667
True,279,108,0.5920299229109004,0.0,22.048552624999527,238.0,381.0,138.0,69.0,55.54855262499953,44,16,2,0,0.26666666666666666,0.3,334.0,0.1425972507167125,0.16631303181137583,0.06601363061377104,0.08631602448396475,17,0,138,69,43,207,24,2,6,0.6586427040007742,0.39362113220747674,20,60,177,39,6,138,0.6586427040007742,nenhuma,55.54855262499953,0.0,60,0,terminal,0.8733333333333334,0,j6043_1.sm,1,adaptativa,0,2.5833333333333335,0.2833333333333333
True,203,108,0.5620767345829616,0.0,19.906245030406602,279.0,414.0,179.0,89.0,54.554236330687935,51,9,3,4,0.15,0.2,334.0,0.14040314383358907,0.16333603691822735,0.05959953601918144,0.07406682853724696,23,4,179,85,37,264,9,3,19,0.794910294566222,0.24332019624229823,4,60,236,57,19,179,0.794910294566222,nenhuma,54.55423633068793,0.0,58,0,terminal,0.7621440403058534,0,j6043_1.sm,3,adaptativa,0,1.8796296296296295,0.38333333333333336
True,154,85,0.75137003421839,0.0,10.653484099104467,253.0,454.0,36.0,57.0,57.22957973333587,47,13,4,5,0.21666666666666667,0.2833333333333333,323.0,0.1505132235463436,0.17718136140351662,0.03298292290744417,0.09471495877211597,24,5,36,52,36,88,11,4,6,0.6586427040007742,0.39362113220747674,14,60,71,35,6,36,0.6586427040007742,nenhuma,57.22957973333587,0.0,63,0,terminal,0.5519964597285781,1,j6010_1.sm,1,adaptativa,0,1.811764705882353,0.4
True,151,85,0.6377910477205008,1.3322676295501878e-15,13.0,231.0,433.0,108.0,84.0,53.90573495436329,44,16,1,12,0.26666666666666666,0.2833333333333333,323.0,0.14302179551842142,0.1668908202921464,0.04024767801857585,0.0794009126436189,22,12,108,72,38,180,5,9,11,0.794910294566222,0.24332019624229823,3,60,164,56,11,108,0.794910294566222,nenhuma,53.90573495436329,0.0,59,0,terminal,0.749820525258322,1,j6010_1.sm,3,adaptativa,0,1.776470588235294,0.36666666666666664
True,235,76,0.7625184746067589,0.0,11.691719159637948,275.0,482.0,50.0,40.0,60.1158320112492,51,9,6,9,0.15,0.25,332.0,0.1533114123520638,0.18107178316641326,0.03521602156517454,0.09510255710567202,24,9,50,31,36,81,4,0,7,0.6586427040007742,0.39362113220747674,17,60,70,20,7,50,0.6586427040007742,nenhuma,60.1158320112492,0.0,66,0,terminal,0.6840303554032623,1,j6021_1.sm,1,adaptativa,0,3.0921052631578947,0.4
True,225,76,0.7231437569452032,0.0,11.285413478534231,261.0,498.0,91.0,52.0,47.6597515599327,50,10,0,11,0.16666666666666666,0.16666666666666666,332.0,0.12553279973478879,0.14355346855401416,0.03399220927269347,0.06920652971510992,27,11,91,41,33,132,0,0,10,0.794910294566222,0.24332019624229823,2,60,122,31,10,91,0.794910294566222,nenhuma,47.6597515599327,0.0,51,0,terminal,0.7346412602161158,1,j6021_1.sm,3,adaptativa,0,2.960526315789474,0.45
True,160,69,0.7078060600511655,0.0,24.62482437802668,205.0,485.0,64.0,57.0,79.2159473810391,41,19,0,3,0.31666666666666665,0.31666666666666665,337.0,0.19032415235286063,0.2350621584007095,0.07307069548375869,0.11560727342060562,31,3,64,54,29,118,10,11,14,0.6586427040007742,0.39362113220747674,13,60,94,30,14,64,0.6586427040007742,nenhuma,79.21594738103911,0.0,86,0,terminal,0.7637653588035097,1,j6032_1.sm,1,adaptativa,0,2.318840579710145,0.5166666666666667
True,150,69,0.6664837513989759,0.0,11.90613085294301,242.0,507.0,98.0,77.0,78.70871785814265,45,15,3,14,0.25,0.3,337.0,0.18933622143811132,0.23355702628528976,0.03532976514226412,0.10346761646133822,30,14,98,63,30,161,0,11,16,0.794910294566222,0.24332019624229823,0,60,145,47,16,98,0.794910294566222,nenhuma,78.70871785814263,0.0,87,0,terminal,0.7126517934566272,1,j6032_1.sm,3,adaptativa,0,2.1739130434782608,0.5
True,165,108,0.5353466026080989,0.0,12.0,228.0,390.0,184.0,83.0,71.5,46,14,5,1,0.23333333333333334,0.31666666666666665,334.0,0.17632552404438964,0.21407185628742514,0.03592814371257485,0.09814687714481812,17,1,184,82,43,266,35,0,7,0.6586427040007742,0.39362113220747674,20,60,224,40,7,184,0.6586427040007742,nenhuma,71.5,0.0,76,0,terminal,0.8821143442114913,1,j6043_1.sm,1,adaptativa,0,1.5277777777777777,0.2833333333333333
True,184,108,0.557228154938938,0.0,10.960495402386814,282.0,412.0,192.0,94.0,41.373982359429874,51,9,2,6,0.15,0.18333333333333332,334.0,0.11022069803392304,0.12387419868092776,0.03281585449816411,0.05595812585587689,24,6,192,88,36,280,9,3,19,0.794910294566222,0.24332019624229823,4,60,252,60,19,192,0.794910294566222,nenhuma,41.373982359429874,0.0,44,0,terminal,0.7673818621871847,1,j6043_1.sm,3,adaptativa,0,1.7037037037037037,0.4
True,153,85,0.7555482963898644,0.0,9.452089646784474,256.0,445.0,36.0,49.0,58.97624695374744,48,12,6,6,0.2,0.3,323.0,0.15439768159429226,0.1825889998568032,0.02926343543896122,0.10013348969297037,23,6,36,43,37,79,11,5,5,0.6586427040007742,0.39362113220747674,14,60,63,27,5,36,0.6586427040007742,nenhuma,58.97624695374744,0.0,64,0,terminal,0.5914790169957566,2,j6010_1.sm,1,adaptativa,0,1.8,0.38333333333333336
True,142,85,0.6374685232886396,1.7763568394002505e-15,8.53805284166388,240.0,418.0,107.0,83.0,47.71865077130047,46,14,2,12,0.23333333333333334,0.26666666666666666,323.0,0.12871931496302977,0.14773576090185903,0.02643360012899034,0.07277305703470624,26,12,107,71,34,178,3,5,6,0.794910294566222,0.24332019624229823,3,60,169,62,6,107,0.794910294566222,nenhuma,47.718650771300474,0.0,53,0,terminal,0.7066666666666667,2,j6010_1.sm,3,adaptativa,0,1.6705882352941177,0.43333333333333335
True,226,76,0.7697715534176632,0.0,6.0,279.0,472.0,49.0,42.0,50.16893032016459,50,10,5,8,0.16666666666666666,0.25,332.0,0.13127422545348005,0.1511112359041102,0.018072289156626505,0.08181910047850763,25,8,49,34,35,83,5,0,9,0.6586427040007742,0.39362113220747674,17,60,69,20,9,49,0.6586427040007742,nenhuma,50.16893032016459,0.0,57,0,terminal,0.6894873355504303,2,j6021_1.sm,1,adaptativa,0,2.973684210526316,0.4166666666666667
True,225,76,0.7368014348021107,1.7763568394002505e-15,19.638101026779466,232.0,505.0,56.0,49.0,75.39497366157045,45,15,1,17,0.25,0.26666666666666666,332.0,0.18506603796295792,0.22709329416135676,0.05915090670716707,0.11000222726873753,30,17,56,32,30,88,0,0,7,0.794910294566222,0.24332019624229823,2,60,81,25,7,56,0.794910294566222,nenhuma,75.39497366157045,0.0,81,0,terminal,0.6262143730496362,2,j6021_1.sm,3,adaptativa,0,2.960526315789474,0.5
True,163,69,0.7078739720057026,0.0,7.0292828730483246,250.0,484.0,68.0,82.0,49.73752834650206,47,13,2,15,0.21666666666666667,0.25,337.0,0.12860796974928984,0.1475891048857628,0.020858406151478708,0.07274359865368726,23,15,68,67,37,135,13,13,9,0.6586427040007742,0.39362113220747674,13,60,113,45,9,68,0.6586427040007742,nenhuma,49.73752834650206,0.0,54,0,terminal,0.73602162523822,2,j6032_1.sm,1,adaptativa,0,2.36231884057971,0.38333333333333336
True,152,69,0.6947836393735404,1.7763568394002505e-15,16.94589963991602,246.0,512.0,81.0,80.0,63.92005825245206,45,15,1,7,0.25,0.26666666666666666,337.0,0.15943342553393217,0.18967376336039188,0.050284568664439235,0.08673947402657685,28,7,81,73,32,154,0,18,11,0.794910294566222,0.24332019624229823,0,60,143,62,11,81,0.794910294566222,nenhuma,63.92005825245206,0.0,71,0,terminal,0.64204600814748,2,j6032_1.sm,3,adaptativa,0,2.2028985507246377,0.4666666666666667
True,152,108,0.6623637584194818,0.0,10.259856280614311,235.0,410.0,94.0,57.0,57.995219452122804,45,15,2,4,0.25,0.2833333333333333,334.0,0.1479487926745142,0.17363838159318204,0.030718132576689556,0.09369251591870903,21,4,94,53,39,147,16,3,7,0.6586427040007742,0.39362113220747674,20,60,124,30,7,94,0.6586427040007742,nenhuma,57.995219452122804,0.0,61,0,terminal,0.875,2,j6043_1.sm,1,adaptativa,0,1.4074074074074074,0.35
True,194,108,0.538855141910425,0.0,9.818609505639404,285.0,410.0,198.0,103.0,49.872390576826234,50,10,4,12,0.16666666666666666,0.23333333333333334,334.0,0.12991919137994123,0.14931853466115638,0.02939703444802217,0.06554632707728743,24,12,198,91,36,289,11,3,20,0.794910294566222,0.24332019624229823,4,60,258,60,20,198,0.794910294566222,nenhuma,49.872390576826234,0.0,55,0,terminal,0.7687525486193243,2,j6043_1.sm,3,adaptativa,0,1.7962962962962963,0.4
True,346,85,0.751559243773596,1.7763568394002505e-15,22.66666278989618,262.0,432.0,48.0,47.0,47.804985207710665,50,10,5,4,0.16666666666666666,0.25,323.0,0.12892217503745845,0.1480030501786708,0.07017542659410582,0.08316731141508095,23,4,48,43,37,91,12,4,4,0.6586427040007742,0.39362113220747674,14,60,75,27,4,48,0.6586427040007742,nenhuma,47.80498520771066,0.0,55,0,terminal,0.7175893842331066,3,j6010_1.sm,1,adaptativa,0,4.070588235294117,0.38333333333333336
True,162,85,0.6331890896238205,1.7763568394002505e-15,28.88947998513764,240.0,436.0,97.0,80.0,75.57787846443934,46,14,5,18,0.23333333333333334,0.31666666666666665,323.0,0.18961884878210147,0.23398723982798555,0.0894411145050701,0.10975937628577542,30,18,97,62,30,159,4,6,7,0.794910294566222,0.24332019624229823,3,60,148,51,7,97,0.794910294566222,nenhuma,75.57787846443934,0.0,82,0,terminal,0.7584125669519889,3,j6010_1.sm,3,adaptativa,0,1.9058823529411764,0.5
True,263,76,0.6984324769276313,0.0,17.664543313018008,268.0,442.0,68.0,50.0,72.84571465567488,50,10,8,7,0.16666666666666666,0.3,332.0,0.17993450842781145,0.21941480317974363,0.053206455762102436,0.11510817402834041,29,7,68,43,31,111,12,0,6,0.6586427040007742,0.39362113220747674,17,60,93,25,6,68,0.6586427040007742,nenhuma,72.84571465567488,0.0,77,0,terminal,0.875,3,j6021_1.sm,1,adaptativa,0,3.460526315789474,0.48333333333333334
True,307,76,0.7569615704856465,0.0,14.516252423772078,279.0,508.0,58.0,41.0,64.10408217167574,48,12,8,13,0.2,0.3333333333333333,332.0,0.16183645929680762,0.19308458485444502,0.04372365187883156,0.09552032817955236,30,13,58,28,30,86,0,0,5,0.794910294566222,0.24332019624229823,2,60,81,23,5,58,0.794910294566222,nenhuma,64.10408217167574,0.0,70,0,terminal,0.6306923794636524,3,j6021_1.sm,3,adaptativa,0,4.0394736842105265,0.5
True,245,69,0.6618103352646635,0.0,19.96951740811048,284.0,469.0,87.0,81.0,71.66224809324413,51,9,10,7,0.15,0.31666666666666665,337.0,0.175358131140347,0.21264762045473035,0.059256728213977684,0.10112327598381533,21,7,87,74,39,161,12,23,12,0.6586427040007742,0.39362113220747674,13,60,137,50,12,87,0.6586427040007742,nenhuma,71.66224809324413,0.0,76,0,terminal,0.720857273362839,3,j6032_1.sm,1,adaptativa,0,3.550724637681159,0.35
True,160,69,0.6642024733555048,1.7763568394002505e-15,18.35867665775745,258.0,502.0,87.0,79.0,87.79363242044377,48,12,10,25,0.2,0.36666666666666664,337.0,0.2066736074177994,0.2605152297342545,0.05447678533459184,0.11616085218829239,35,25,87,54,25,141,0,13,14,0.794910294566222,0.24332019624229823,0,60,127,40,14,87,0.794910294566222,nenhuma,87.79363242044376,0.0,96,0,terminal,0.7226517934566271,3,j6032_1.sm,3,adaptativa,0,2.318840579710145,0.5833333333333334
True,188,108,0.5378438057034819,8.881784197001252e-16,22.494961769214914,253.0,366.0,171.0,86.0,57.49496176921491,48,12,5,3,0.2,0.2833333333333333,334.0,0.1468600298440316,0.17214060409944584,0.0673501849377692,0.08448991542822608,17,3,171,83,43,254,29,1,8,0.6586427040007742,0.39362113220747674,20,60,217,46,8,171,0.6586427040007742,nenhuma,57.49496176921491,0.0,61,0,terminal,0.875,3,j6043_1.sm,1,adaptativa,0,1.7407407407407407,0.2833333333333333
True,213,108,0.5711746516745024,0.0,10.832789856802641,292.0,415.0,176.0,90.0,45.57285960319141,54,6,7,5,0.1,0.21666666666666667,334.0,0.12006353576183937,0.1364456874347048,0.03243350256527737,0.06272304146906953,21,5,176,85,39,261,9,3,20,0.794910294566222,0.24332019624229823,4,60,232,56,20,176,0.794910294566222,nenhuma,45.572859603191404,0.0,50,0,terminal,0.7676835520892884,3,j6043_1.sm,3,adaptativa,0,1.9722222222222223,0.35
True,143,85,0.7300489484647604,0.0,12.578487213645213,283.0,440.0,59.0,51.0,52.69931341629599,53,7,11,2,0.11666666666666667,0.3,323.0,0.14026992207436426,0.16315576909069968,0.0389426848719666,0.0874388144190494,24,2,59,49,36,108,11,4,4,0.6586427040007742,0.39362113220747674,14,60,93,34,4,59,0.6586427040007742,nenhuma,52.69931341629599,0.0,59,0,terminal,0.7082502541608533,4,j6010_1.sm,1,adaptativa,0,1.6823529411764706,0.4
True,145,85,0.6226483459154163,0.0,12.5,235.0,417.0,103.0,78.0,71.71991933412659,45,15,6,13,0.25,0.35,323.0,0.1816982519025506,0.2220430939137046,0.03869969040247678,0.107089422404271,32,13,103,65,28,168,4,6,7,0.794910294566222,0.24332019624229823,3,60,157,54,7,103,0.794910294566222,nenhuma,71.71991933412657,0.0,80,0,terminal,0.7629128311856426,4,j6010_1.sm,3,adaptativa,0,1.7058823529411764,0.5333333333333333
True,219,76,0.6891374925517593,0.0,9.061051072069258,237.0,438.0,68.0,59.0,70.57708691506586,48,12,6,13,0.2,0.3,332.0,0.17531322375025268,0.2125815870935719,0.027292322506232706,0.11104410207364399,28,13,68,46,32,114,13,0,7,0.6586427040007742,0.39362113220747674,17,60,94,26,7,68,0.6586427040007742,nenhuma,70.57708691506586,0.0,76,0,terminal,0.8733333333333334,4,j6021_1.sm,1,adaptativa,0,2.8815789473684212,0.4666666666666667
True,236,76,0.7274942119993828,0.0,11.418099299698289,272.0,506.0,74.0,50.0,65.5381797600189,51,9,7,25,0.15,0.26666666666666666,332.0,0.1648600891606995,0.1974041559036714,0.03439186536053702,0.09422657399286334,31,25,74,25,29,99,0,0,5,0.794910294566222,0.24332019624229823,2,60,94,20,5,74,0.794910294566222,nenhuma,65.53817976001892,0.0,69,0,terminal,0.7265201621945336,4,j6021_1.sm,3,adaptativa,0,3.1052631578947367,0.5166666666666667
True,178,69,0.6892418118947932,0.0,10.088347123736842,257.0,494.0,70.0,71.0,81.72958818610503,49,11,6,17,0.18333333333333332,0.2833333333333333,337.0,0.19518465017041065,0.24252103319319002,0.02993574814165235,0.11403127418381845,28,17,70,54,32,124,10,11,14,0.6586427040007742,0.39362113220747674,13,60,100,30,14,70,0.6586427040007742,nenhuma,81.72958818610503,0.0,88,0,terminal,0.762098692136843,4,j6032_1.sm,1,adaptativa,0,2.579710144927536,0.4666666666666667
True,150,69,0.6664837513989759,0.0,11.90613085294301,242.0,507.0,98.0,77.0,78.70871785814265,45,15,3,14,0.25,0.3,337.0,0.18933622143811132,0.23355702628528976,0.03532976514226412,0.10346761646133822,30,14,98,63,30,161,0,11,16,0.794910294566222,0.24332019624229823,0,60,145,47,16,98,0.794910294566222,nenhuma,78.70871785814263,0.0,87,0,terminal,0.7126517934566272,4,j6032_1.sm,3,adaptativa,0,2.1739130434782608,0.5
True,171,108,0.583914446931414,8.881784197001252e-16,10.325313714511253,253.0,401.0,129.0,79.0,77.74444022978764,50,10,10,4,0.16666666666666666,0.3333333333333333,334.0,0.18881721921102268,0.2327677851191247,0.030914112917698362,0.11320723645578262,23,4,129,75,37,204,26,2,9,0.6586427040007742,0.39362113220747674,20,60,169,40,9,129,0.6586427040007742,nenhuma,77.74444022978764,0.0,81,0,terminal,0.8468366341404879,4,j6043_1.sm,1,adaptativa,0,1.5833333333333333,0.38333333333333336
True,196,108,0.5645837090532607,0.0,11.51729520531529,274.0,416.0,172.0,88.0,60.82607792134522,51,9,5,6,0.15,0.23333333333333334,334.0,0.1540579037777302,0.1821140057525306,0.03448291977639309,0.08255147278845128,23,6,172,82,37,254,9,3,19,0.794910294566222,0.24332019624229823,4,60,226,54,19,172,0.794910294566222,nenhuma,60.82607792134522,0.0,68,0,terminal,0.76381070697252,4,j6043_1.sm,3,adaptativa,0,1.8148148148148149,0.38333333333333336
True,148,85,0.7550037051155616,0.0,9.205849529512761,268.0,477.0,33.0,58.0,63.78497902469225,51,9,7,7,0.15,0.26666666666666666,323.0,0.1649106932371855,0.19747671524672522,0.02850108213471443,0.10095994862549482,18,7,33,51,42,84,13,4,2,0.6586427040007742,0.39362113220747674,14,60,69,36,2,33,0.6586427040007742,nenhuma,63.78497902469225,0.0,68,0,terminal,0.5339009121681358,5,j6010_1.sm,1,adaptativa,0,1.7411764705882353,0.3
True,151,85,0.6493251931733712,8.881784197001252e-16,15.46662568768722,259.0,450.0,100.0,72.0,71.02716840658456,49,11,7,10,0.18333333333333332,0.3,323.0,0.18025957117072142,0.2198983541999522,0.04788429005475919,0.1024882885470291,25,10,100,62,35,162,3,4,7,0.794910294566222,0.24332019624229823,3,60,152,52,7,100,0.794910294566222,nenhuma,71.02716840658456,0.0,78,0,terminal,0.701103734090684,5,j6010_1.sm,3,adaptativa,0,1.776470588235294,0.4166666666666667
True,250,76,0.80547836963022,0.0,6.707180173947807,283.0,532.0,24.0,32.0,72.47707804274272,50,10,9,14,0.16666666666666666,0.31666666666666665,332.0,0.17918710843506383,0.21830445193597203,0.02020234992152954,0.10973443356659891,24,14,24,18,36,42,1,0,2,0.6586427040007742,0.39362113220747674,17,60,39,15,2,24,0.6586427040007742,nenhuma,72.47707804274272,0.0,80,0,terminal,0.4621148867718306,5,j6021_1.sm,1,adaptativa,0,3.289473684210526,0.4
True,245,76,0.6908881612400875,0.0,10.234049649849146,236.0,504.0,74.0,59.0,92.49578278394793,45,15,5,16,0.25,0.3333333333333333,332.0,0.21789564592924293,0.27860175537333715,0.03082545075255767,0.12679412954377842,36,16,74,43,24,117,0,0,8,0.794910294566222,0.24332019624229823,2,60,109,35,8,74,0.794910294566222,nenhuma,92.49578278394793,0.0,102,0,terminal,0.6018712207330035,5,j6021_1.sm,3,adaptativa,0,3.223684210526316,0.6
True,148,69,0.699985793974122,0.0,10.70511121945076,273.0,492.0,67.0,82.0,61.8714071562843,51,9,8,15,0.15,0.2833333333333333,337.0,0.15511617540447584,0.1835946799889742,0.03176590866305864,0.08802663833859317,23,15,67,67,37,134,13,13,9,0.6586427040007742,0.39362113220747674,13,60,112,45,9,67,0.6586427040007742,nenhuma,61.871407156284306,0.0,70,0,terminal,0.7360216252382202,5,j6032_1.sm,1,adaptativa,0,2.1449275362318843,0.38333333333333336
True,165,69,0.6765095557423483,0.0,11.765477731397283,251.0,508.0,85.0,85.0,72.91326602557864,47,13,3,11,0.21666666666666667,0.26666666666666666,337.0,0.1778748629741318,0.21635983983851229,0.03491239682907206,0.09709945119426744,30,11,85,74,30,159,0,19,11,0.794910294566222,0.24332019624229823,0,60,148,63,11,85,0.794910294566222,nenhuma,72.91326602557865,0.0,80,0,terminal,0.6403793414808133,5,j6032_1.sm,3,adaptativa,0,2.391304347826087,0.5
True,160,108,0.5364806866952789,0.0,14.0,269.0,375.0,183.0,85.0,56.0,51,9,9,3,0.15,0.3,334.0,0.14358974358974358,0.16766467065868262,0.041916167664670656,0.08011444921316166,18,3,183,82,42,265,35,4,8,0.6586427040007742,0.39362113220747674,20,60,222,39,8,183,0.6586427040007742,nenhuma,56.0,0.0,58,0,terminal,0.8666666666666666,5,j6043_1.sm,1,adaptativa,0,1.4814814814814814,0.3
True,180,108,0.5672823062472075,0.0,5.0,293.0,408.0,175.0,90.0,46.21862449593784,54,6,7,6,0.1,0.21666666666666667,334.0,0.12155802351136964,0.13837911525729893,0.014970059880239521,0.06426227425399338,23,6,175,84,37,259,9,3,19,0.794910294566222,0.24332019624229823,4,60,231,56,19,175,0.794910294566222,nenhuma,46.21862449593784,0.0,51,0,terminal,0.7604773736391867,5,j6043_1.sm,3,adaptativa,0,1.6666666666666667,0.38333333333333336
True,132,85,0.7557749984040251,0.0,8.0,298.0,421.0,47.0,47.0,42.04409498730234,55,5,9,5,0.08333333333333333,0.23333333333333334,323.0,0.11517538720566017,0.13016747674087412,0.02476780185758514,0.07547713971954181,20,5,47,42,40,89,11,4,5,0.6586427040007742,0.39362113220747674,14,60,73,26,5,47,0.6586427040007742,nenhuma,42.04409498730234,0.0,47,0,terminal,0.701384288723632,6,j6010_1.sm,1,adaptativa,0,1.5529411764705883,0.3333333333333333
True,161,85,0.631838656950335,0.0,7.775637921252702,298.0,428.0,95.0,73.0,81.38812003970575,56,4,17,8,0.06666666666666667,0.35,323.0,0.20126239126835496,0.2519756038380983,0.024073182418739018,0.12014990761121572,27,8,95,65,33,160,3,4,14,0.794910294566222,0.24332019624229823,3,60,143,48,14,95,0.794910294566222,nenhuma,81.38812003970575,0.0,89,0,terminal,0.7213323972355691,6,j6010_1.sm,3,adaptativa,0,1.8941176470588235,0.45
True,243,76,0.7795629245226933,0.0,6.5,305.0,521.0,30.0,43.0,74.32321498485211,55,5,13,17,0.08333333333333333,0.3,332.0,0.18291648678656697,0.22386510537606058,0.01957831325301205,0.11120848912383911,29,17,30,26,31,56,1,0,4,0.6586427040007742,0.39362113220747674,17,60,51,21,4,30,0.6586427040007742,nenhuma,74.32321498485211,0.0,81,0,terminal,0.5086474834374128,6,j6021_1.sm,1,adaptativa,0,3.1973684210526314,0.48333333333333334
True,270,76,0.703418597172097,1.7763568394002505e-15,20.26966311716241,302.0,469.0,69.0,50.0,78.74381639252478,56,4,14,11,0.06666666666666667,0.3,332.0,0.1917102905750716,0.23718016985700235,0.06105320216012774,0.11810205727677389,30,11,69,39,30,108,0,1,11,0.794910294566222,0.24332019624229823,2,60,97,28,11,69,0.794910294566222,nenhuma,78.74381639252476,0.0,88,0,terminal,0.7220907922576784,6,j6021_1.sm,3,adaptativa,0,3.5526315789473686,0.5
True,140,69,0.6853103290550239,0.0,7.124021939502886,299.0,473.0,86.0,84.0,47.19826485356045,53,7,6,11,0.11666666666666667,0.21666666666666667,337.0,0.12284871945361431,0.14005419837851765,0.02113953097775337,0.06838363301822342,19,11,86,73,41,159,12,23,12,0.6586427040007742,0.39362113220747674,13,60,135,49,12,86,0.6586427040007742,nenhuma,47.19826485356045,0.0,50,0,terminal,0.7258572733628389,6,j6032_1.sm,1,adaptativa,0,2.028985507246377,0.31666666666666665
True,177,69,0.5942450555979374,0.0,20.36838751505449,297.0,509.0,144.0,97.0,106.54898632322202,54,6,14,20,0.1,0.3333333333333333,337.0,0.2402192082693159,0.3161690988819645,0.06044031903577,0.12439333654527887,36,20,144,77,24,221,0,17,25,0.794910294566222,0.24332019624229823,0,60,196,52,25,144,0.794910294566222,nenhuma,106.54898632322202,0.0,116,0,terminal,0.7105845800370568,6,j6032_1.sm,3,adaptativa,0,2.5652173913043477,0.6
True,193,108,0.5766353642614807,0.0,4.5,307.0,384.0,146.0,81.0,54.93210163550022,56,4,13,6,0.06666666666666667,0.2833333333333333,334.0,0.1412382814493969,0.1644673701661683,0.01347305389221557,0.08248904280269621,21,6,146,75,39,221,24,4,5,0.6586427040007742,0.39362113220747674,20,60,192,46,5,146,0.6586427040007742,nenhuma,54.93210163550022,0.0,60,0,terminal,0.87,6,j6043_1.sm,1,adaptativa,0,1.787037037037037,0.35
True,173,108,0.5328959853416849,0.0,7.0,308.0,412.0,196.0,112.0,53.133991121798,56,4,12,13,0.06666666666666667,0.26666666666666666,334.0,0.1372496147078991,0.15908380575388623,0.020958083832335328,0.0687254625096769,25,13,196,99,35,295,6,6,24,0.794910294566222,0.24332019624229823,4,60,265,69,24,196,0.794910294566222,nenhuma,53.133991121798,0.0,57,0,terminal,0.7300500232468083,6,j6043_1.sm,3,adaptativa,0,1.6018518518518519,0.4166666666666667
True,141,85,0.7310016402796209,0.0,8.0,289.0,427.0,48.0,52.0,57.130016229053936,55,5,11,9,0.08333333333333333,0.26666666666666666,323.0,0.15029072630410026,0.1768731152602289,0.02476780185758514,0.09780359618885197,24,9,48,43,36,91,11,4,4,0.6586427040007742,0.39362113220747674,14,60,76,28,4,48,0.6586427040007742,nenhuma,57.130016229053936,0.0,62,0,terminal,0.7079101564757039,7,j6010_1.sm,1,adaptativa,0,1.6588235294117648,0.4
True,161,85,0.631838656950335,0.0,7.775637921252702,298.0,428.0,95.0,73.0,81.38812003970575,56,4,17,8,0.06666666666666667,0.35,323.0,0.20126239126835496,0.2519756038380983,0.024073182418739018,0.12014990761121572,27,8,95,65,33,160,3,4,14,0.794910294566222,0.24332019624229823,3,60,143,48,14,95,0.794910294566222,nenhuma,81.38812003970575,0.0,89,0,terminal,0.7213323972355691,7,j6010_1.sm,3,adaptativa,0,1.8941176470588235,0.45
True,252,76,0.7663582182005033,0.0,6.5,300.0,524.0,29.0,42.0,88.75335131188639,53,7,13,18,0.11666666666666667,0.3333333333333333,332.0,0.21093914293292781,0.26732937142134455,0.01957831325301205,0.1298031682646957,30,18,29,24,30,53,1,0,3,0.6586427040007742,0.39362113220747674,17,60,49,20,3,29,0.6586427040007742,nenhuma,88.75335131188639,0.0,97,0,terminal,0.49588479061164237,7,j6021_1.sm,1,adaptativa,0,3.3157894736842106,0.5
True,218,76,0.7005688376351574,1.7763568394002505e-15,20.26966311716241,306.0,464.0,69.0,53.0,76.31892581217286,57,3,14,13,0.05,0.2833333333333333,332.0,0.18691008666906525,0.22987628256678574,0.06105320216012774,0.11522987315904688,33,13,69,40,27,109,0,1,11,0.794910294566222,0.24332019624229823,2,60,98,29,11,69,0.794910294566222,nenhuma,76.31892581217285,0.0,85,0,terminal,0.7183333333333334,7,j6021_1.sm,3,adaptativa,0,2.8684210526315788,0.55
True,132,69,0.6974830753454899,0.0,6.5,302.0,496.0,69.0,73.0,73.12836645435772,55,5,13,18,0.08333333333333333,0.3,337.0,0.1783060437554397,0.2169981200426045,0.019287833827893175,0.10283427001930924,29,18,69,55,31,124,10,11,14,0.6586427040007742,0.39362113220747674,13,60,100,31,14,69,0.6586427040007742,nenhuma,73.12836645435772,0.0,77,0,terminal,0.7604320254701764,7,j6032_1.sm,1,adaptativa,0,1.9130434782608696,0.48333333333333334
True,162,69,0.6178436843759257,0.0,12.780293052450014,308.0,503.0,144.0,92.0,75.12177986098942,55,5,11,11,0.08333333333333333,0.26666666666666666,337.0,0.1822805382582021,0.2229132933560517,0.03792371825652823,0.09227339412761615,39,11,144,81,21,225,0,24,26,0.794910294566222,0.24332019624229823,0,60,199,55,26,144,0.794910294566222,nenhuma,75.12177986098942,0.0,81,0,terminal,0.6963551928790043,7,j6032_1.sm,3,adaptativa,0,2.347826086956522,0.65
True,198,108,0.6128801599176636,0.0,4.0,316.0,436.0,129.0,72.0,74.39519357026286,56,4,16,8,0.06666666666666667,0.3333333333333333,334.0,0.1821647138397662,0.22274010050976906,0.011976047904191617,0.10457646360653267,20,8,129,64,40,193,29,0,7,0.6586427040007742,0.39362113220747674,20,60,157,28,7,129,0.6586427040007742,nenhuma,74.39519357026286,0.0,80,0,terminal,0.875,7,j6043_1.sm,1,adaptativa,0,1.8333333333333333,0.3333333333333333
True,188,108,0.5579848346409545,0.0,12.880398379775176,282.0,426.0,167.0,100.0,70.46160962262982,52,8,14,14,0.13333333333333333,0.36666666666666664,334.0,0.1742108718015829,0.21096290306176593,0.0385640670053149,0.09229227604182767,28,14,167,86,32,253,2,11,20,0.794910294566222,0.24332019624229823,4,60,231,64,20,167,0.794910294566222,nenhuma,70.46160962262982,0.0,79,0,terminal,0.7086901584904339,7,j6043_1.sm,3,adaptativa,0,1.7407407407407407,0.4666666666666667
True,148,85,0.7638153337135238,0.0,9.205849529512761,270.0,473.0,32.0,52.0,62.25962876440907,53,7,9,4,0.11666666666666667,0.26666666666666666,323.0,0.16160434189298767,0.19275426862046152,0.02850108213471443,0.10053881421050154,18,4,32,48,42,80,14,4,2,0.6586427040007742,0.39362113220747674,14,60,64,32,2,32,0.6586427040007742,nenhuma,62.25962876440906,0.0,68,0,terminal,0.5253645747773347,8,j6010_1.sm,1,adaptativa,0,1.7411764705882353,0.3
True,153,85,0.6405166234400496,0.0,7.775637921252702,297.0,417.0,92.0,76.0,66.03696725371563,55,5,16,10,0.08333333333333333,0.35,323.0,0.1697447101746728,0.20444881502698337,0.024073182418739018,0.10143351387906728,26,10,92,66,34,158,3,4,14,0.794910294566222,0.24332019624229823,3,60,141,49,14,92,0.794910294566222,nenhuma,66.03696725371563,0.0,74,0,terminal,0.7196657305689023,8,j6010_1.sm,3,adaptativa,0,1.8,0.43333333333333335
True,243,76,0.7663582182005033,0.0,6.5,300.0,524.0,29.0,42.0,88.75335131188639,53,7,13,18,0.11666666666666667,0.3333333333333333,332.0,0.21093914293292781,0.26732937142134455,0.01957831325301205,0.1298031682646957,30,18,29,24,30,53,1,0,3,0.6586427040007742,0.39362113220747674,17,60,49,20,3,29,0.6586427040007742,nenhuma,88.75335131188639,0.0,97,0,terminal,0.49588479061164237,8,j6021_1.sm,1,adaptativa,0,3.1973684210526314,0.5
True,218,76,0.7005688376351574,1.7763568394002505e-15,20.26966311716241,306.0,464.0,69.0,53.0,76.31892581217286,57,3,14,13,0.05,0.2833333333333333,332.0,0.18691008666906525,0.22987628256678574,0.06105320216012774,0.11522987315904688,33,13,69,40,27,109,0,1,11,0.794910294566222,0.24332019624229823,2,60,98,29,11,69,0.794910294566222,nenhuma,76.31892581217285,0.0,85,0,terminal,0.7183333333333334,8,j6021_1.sm,3,adaptativa,0,2.8684210526315788,0.55
True,135,69,0.6808652299868243,0.0,5.9457794069394385,300.0,484.0,65.0,83.0,78.86020945637955,54,6,16,16,0.1,0.36666666666666664,337.0,0.18963153401828736,0.2340065562503844,0.017643262335131867,0.11093631125687396,27,16,65,67,33,132,10,17,9,0.6586427040007742,0.39362113220747674,13,60,113,48,9,65,0.6586427040007742,nenhuma,78.86020945637956,0.0,89,0,terminal,0.7343549585715534,8,j6032_1.sm,1,adaptativa,0,1.9565217391304348,0.45
True,158,69,0.6170842862620556,0.0,12.780293052450014,313.0,499.0,144.0,92.0,73.64156017107027,56,4,12,15,0.06666666666666667,0.26666666666666666,337.0,0.1793329446254581,0.21852095006252306,0.03792371825652823,0.09106823566611046,39,15,144,77,21,221,0,20,26,0.794910294566222,0.24332019624229823,0,60,195,51,26,144,0.794910294566222,nenhuma,73.64156017107027,0.0,80,0,terminal,0.7022512467037235,8,j6032_1.sm,3,adaptativa,0,2.289855072463768,0.65
True,154,108,0.6048993317198582,0.0,5.735379176476506,300.0,390.0,127.0,71.0,56.735379176476506,55,5,13,2,0.08333333333333333,0.3,334.0,0.14520154099189428,0.16986640471998954,0.017171793941546425,0.0879979306377523,19,2,127,69,41,196,20,0,3,0.6586427040007742,0.39362113220747674,20,60,173,46,3,127,0.6586427040007742,nenhuma,56.735379176476506,0.0,61,0,terminal,0.881607747427917,8,j6043_1.sm,1,adaptativa,0,1.4259259259259258,0.31666666666666665
True,182,108,0.5593485295400334,0.0,9.010360518444337,272.0,428.0,171.0,88.0,78.17587406899116,52,8,12,7,0.13333333333333333,0.3333333333333333,334.0,0.1896663026325162,0.23405950320057234,0.026977127300731547,0.10216719674298373,26,7,171,81,34,252,2,2,20,0.794910294566222,0.24332019624229823,4,60,230,59,20,171,0.794910294566222,nenhuma,78.17587406899116,0.0,86,0,terminal,0.7083333333333334,8,j6043_1.sm,3,adaptativa,0,1.6851851851851851,0.43333333333333335
True,199,85,0.7024022804393274,1.7763568394002505e-15,29.87183076206038,253.0,427.0,68.0,63.0,49.91374386331265,48,12,2,2,0.2,0.23333333333333334,323.0,0.13384795997652466,0.15453171474709798,0.0924824481797535,0.08210662181464938,22,2,68,61,38,129,27,2,13,0.6586427040007742,0.39362113220747674,14,60,89,21,13,68,0.6586427040007742,nenhuma,49.91374386331265,0.0,53,0,terminal,0.7573232692564926,9,j6010_1.sm,1,adaptativa,0,2.3411764705882354,0.36666666666666664
True,177,85,0.6632008797636428,0.0,16.790163322644563,272.0,419.0,89.0,82.0,41.784445384521696,52,8,3,15,0.13333333333333333,0.18333333333333332,323.0,0.11454557866489191,0.12936360800161517,0.051981929791469234,0.06613718601300878,24,15,89,67,36,156,3,6,22,0.794910294566222,0.24332019624229823,3,60,131,42,22,89,0.794910294566222,nenhuma,41.784445384521696,0.0,44,0,terminal,0.7443147128402865,9,j6010_1.sm,3,adaptativa,0,2.0823529411764707,0.4
True,324,76,0.7752470389049485,1.7763568394002505e-15,20.449668125872847,244.0,525.0,29.0,57.0,66.20348953744175,44,16,2,9,0.26666666666666666,0.3,332.0,0.16625542286016773,0.19940810101639084,0.06159538592130376,0.0977601128172885,26,9,29,48,34,77,2,0,22,0.6586427040007742,0.39362113220747674,17,60,53,24,22,29,0.6586427040007742,nenhuma,66.20348953744177,0.0,72,0,terminal,0.5210124644465911,9,j6021_1.sm,1,adaptativa,0,4.2631578947368425,0.43333333333333335
True,233,76,0.7121881512400642,5.329070518200751e-15,34.619081400653855,232.0,487.0,50.0,60.0,86.80806273178526,44,16,2,20,0.26666666666666666,0.3,332.0,0.2072740963140894,0.2614700684692327,0.10427434156823451,0.12694799529708758,33,20,50,40,27,90,0,0,15,0.794910294566222,0.24332019624229823,2,60,75,25,15,50,0.794910294566222,nenhuma,86.80806273178526,0.0,96,0,terminal,0.6778782983391451,9,j6021_1.sm,3,adaptativa,0,3.0657894736842106,0.55
True,229,69,0.7385255194651316,0.0,28.926358344980038,262.0,501.0,50.0,68.0,59.37872462801739,48,12,3,12,0.2,0.25,337.0,0.14980300641448782,0.17619799592883498,0.08583489123139477,0.08753034620974759,28,12,50,56,32,106,11,5,20,0.6586427040007742,0.39362113220747674,13,60,75,25,20,50,0.6586427040007742,nenhuma,59.37872462801739,0.0,65,0,terminal,0.6507148544005704,9,j6032_1.sm,1,adaptativa,0,3.318840579710145,0.4666666666666667
True,230,69,0.6447505749311787,1.2434497875801753e-14,42.518792155497856,198.0,516.0,81.0,97.0,106.30948410566101,38,22,2,14,0.36666666666666664,0.4,337.0,0.2398087293804041,0.31545840980908313,0.12616852271661086,0.13283546704992627,36,14,81,83,24,164,0,20,24,0.794910294566222,0.24332019624229823,0,60,140,59,24,81,0.794910294566222,nenhuma,106.30948410566101,0.0,117,0,terminal,0.6916666666666668,9,j6032_1.sm,3,adaptativa,0,3.3333333333333335,0.6
True,191,108,0.6518211078220278,0.0,22.10942909624954,258.0,413.0,90.0,84.0,46.60942909624954,50,10,2,6,0.16666666666666666,0.2,334.0,0.12245999582018455,0.13954918891092677,0.06619589549775311,0.07356176684859476,22,6,90,78,38,168,26,8,10,0.6586427040007742,0.39362113220747674,20,60,132,42,10,90,0.6586427040007742,nenhuma,46.60942909624954,0.0,49,0,terminal,0.7749919014366848,9,j6043_1.sm,1,adaptativa,0,1.7685185185185186,0.36666666666666664
True,221,108,0.5836140258086632,8.881784197001252e-16,20.596682918886046,243.0,424.0,125.0,106.0,71.50755679235118,46,14,4,5,0.23333333333333334,0.3,334.0,0.17634087354127448,0.2140944814142251,0.06166671532600613,0.09842644597954171,25,5,125,101,35,226,3,9,33,0.794910294566222,0.24332019624229823,4,60,190,65,33,125,0.794910294566222,nenhuma,71.50755679235118,0.0,79,0,terminal,0.7398139039496016,9,j6043_1.sm,3,adaptativa,0,2.0462962962962963,0.4166666666666667
True,189,85,0.6718736825873797,0.0,17.464454943226485,221.0,423.0,69.0,71.0,66.58262983457053,44,16,3,8,0.26666666666666666,0.31666666666666665,323.0,0.17090759375705145,0.20613817286244746,0.05406951994806961,0.10575677707637171,24,8,69,63,36,132,23,2,14,0.6586427040007742,0.39362113220747674,14,60,95,26,14,69,0.6586427040007742,nenhuma,66.58262983457053,0.0,71,0,terminal,0.7192390970981192,10,j6010_1.sm,1,adaptativa,0,2.223529411764706,0.4
True,139,85,0.682284062866996,1.6653345369377348e-15,15.383788178219014,266.0,415.0,83.0,71.0,39.25105346319629,49,11,3,8,0.18333333333333332,0.23333333333333334,323.0,0.10835317961934952,0.12152028935974084,0.04762782717714865,0.06453100777994998,29,8,83,63,31,146,3,7,18,0.794910294566222,0.24332019624229823,3,60,125,42,18,83,0.794910294566222,nenhuma,39.25105346319629,0.0,42,0,terminal,0.7279021611575237,10,j6010_1.sm,3,adaptativa,0,1.6352941176470588,0.48333333333333334
True,258,76,0.7372322607109111,0.0,15.995287890830438,229.0,499.0,45.0,51.0,81.85589276684075,44,16,3,7,0.26666666666666666,0.31666666666666665,332.0,0.1977883949400642,0.24655389387602636,0.04817857798442903,0.12093548071544674,23,7,45,44,37,89,3,0,19,0.6586427040007742,0.39362113220747674,17,60,67,22,19,45,0.6586427040007742,nenhuma,81.85589276684075,0.0,89,0,terminal,0.7012190612860879,10,j6021_1.sm,1,adaptativa,0,3.3947368421052633,0.38333333333333336
True,206,76,0.7321072224304592,0.0,22.402993532511807,235.0,516.0,57.0,65.0,66.81479241111212,46,14,1,16,0.23333333333333334,0.25,332.0,0.1675333856278759,0.20124937473226542,0.06747889618226448,0.0947976590879206,32,16,57,49,28,106,0,0,20,0.794910294566222,0.24332019624229823,2,60,86,29,20,57,0.794910294566222,nenhuma,66.81479241111212,0.0,72,0,terminal,0.6714417763229675,10,j6021_1.sm,3,adaptativa,0,2.710526315789474,0.5333333333333333
True,152,69,0.6951740482116111,0.0,21.875643128189992,232.0,510.0,55.0,82.0,86.62922754670481,42,18,3,18,0.3,0.35,337.0,0.20449303757530282,0.25706002239378284,0.06491288762074182,0.11808311922958353,36,18,55,64,24,119,11,9,19,0.6586427040007742,0.39362113220747674,13,60,89,34,19,55,0.6586427040007742,nenhuma,86.62922754670481,0.0,95,0,terminal,0.6357148544005704,10,j6032_1.sm,1,adaptativa,0,2.2028985507246377,0.6
True,160,69,0.6348318402172082,0.0,19.777055126131792,241.0,494.0,104.0,90.0,90.15882680203545,44,16,5,9,0.26666666666666666,0.35,337.0,0.2110662852902232,0.2675336106885325,0.05868562351967891,0.11586172860437392,26,9,104,81,34,185,0,8,30,0.794910294566222,0.24332019624229823,0,60,155,51,30,104,0.794910294566222,nenhuma,90.15882680203545,0.0,100,0,terminal,0.7238384805626139,10,j6032_1.sm,3,adaptativa,0,2.318840579710145,0.43333333333333335
True,190,108,0.6536381760053916,0.0,10.907287475834174,252.0,409.0,80.0,84.0,52.728445819275876,47,13,3,4,0.21666666666666667,0.26666666666666666,334.0,0.13634488589938557,0.157869598261305,0.03265654932884483,0.08426729865259316,20,4,80,80,40,160,19,3,12,0.6586427040007742,0.39362113220747674,20,60,129,49,12,80,0.6586427040007742,nenhuma,52.728445819275876,0.0,57,0,terminal,0.8078840655492262,10,j6043_1.sm,1,adaptativa,0,1.7592592592592593,0.3333333333333333
True,184,108,0.562226366794305,0.0,10.059270365296838,246.0,447.0,164.0,117.0,67.0534275877148,47,13,3,11,0.21666666666666667,0.26666666666666666,334.0,0.1671932540036688,0.20075876523267902,0.03011757594400251,0.0843382661605054,24,11,164,106,36,270,3,0,44,0.794910294566222,0.24332019624229823,4,60,223,59,44,164,0.794910294566222,nenhuma,67.05342758771478,0.0,74,0,terminal,0.7360772028327895,10,j6043_1.sm,3,adaptativa,0,1.7037037037037037,0.4
True,157,85,0.7539604356769332,0.0,10.739276989548303,257.0,457.0,31.0,61.0,57.13260109555844,48,12,4,15,0.2,0.26666666666666666,323.0,0.15029650424851707,0.1768811179429054,0.03324853557135698,0.09425759477760104,21,15,31,46,39,77,15,6,9,0.6586427040007742,0.39362113220747674,14,60,53,22,9,31,0.6586427040007742,nenhuma,57.13260109555844,0.0,63,0,terminal,0.5426035431965056,11,j6010_1.sm,1,adaptativa,0,1.8470588235294119,0.35
True,141,85,0.6454180290770465,8.881784197001252e-16,8.809287180744654,242.0,422.0,98.0,82.0,51.83980767234498,47,13,1,2,0.21666666666666667,0.23333333333333334,323.0,0.13829856544387942,0.1604947605954953,0.02727333492490605,0.07928518126923709,21,2,98,80,39,178,6,8,21,0.794910294566222,0.24332019624229823,3,60,151,53,21,98,0.794910294566222,nenhuma,51.83980767234498,0.0,55,0,terminal,0.7361797866225382,11,j6010_1.sm,3,adaptativa,0,1.6588235294117648,0.35
True,243,76,0.7527839624281132,0.0,11.691719159637948,251.0,494.0,44.0,49.0,69.23077091945133,47,13,2,4,0.21666666666666667,0.25,332.0,0.17254601575248993,0.20852641843208233,0.03521602156517454,0.10549759930100722,20,4,44,45,40,89,3,0,19,0.6586427040007742,0.39362113220747674,17,60,67,23,19,44,0.6586427040007742,nenhuma,69.23077091945133,0.0,74,0,terminal,0.683205546397085,11,j6021_1.sm,1,adaptativa,0,3.1973684210526314,0.3333333333333333
True,238,76,0.7622242954187033,0.0,13.917609892733168,232.0,515.0,30.0,60.0,70.65413893964299,46,14,0,12,0.23333333333333334,0.23333333333333334,332.0,0.17547103607504183,0.21281367150494876,0.041920511725099904,0.10457145877996998,32,12,30,48,28,78,0,1,19,0.794910294566222,0.24332019624229823,2,60,59,29,19,30,0.794910294566222,nenhuma,70.65413893964299,0.0,74,0,terminal,0.5064352817667283,11,j6021_1.sm,3,adaptativa,0,3.1315789473684212,0.5333333333333333
True,146,69,0.7059844381351744,8.881784197001252e-16,17.39679700428858,213.0,507.0,47.0,73.0,91.14614120846247,39,21,2,6,0.35,0.38333333333333336,337.0,0.21288558376632385,0.2704633270280785,0.051622543039431985,0.12691865343046477,34,6,47,67,26,114,8,14,24,0.6586427040007742,0.39362113220747674,13,60,82,35,24,47,0.6586427040007742,nenhuma,91.14614120846248,0.0,100,0,terminal,0.6349328469023123,11,j6032_1.sm,1,adaptativa,0,2.1159420289855073,0.5666666666666667
True,150,69,0.6213417241193328,8.881784197001252e-16,11.030433512893126,242.0,473.0,110.0,112.0,66.2558140537127,44,16,2,11,0.26666666666666666,0.3,337.0,0.16430219167252375,0.19660478947689228,0.032731256714816394,0.08703488739336948,32,11,110,101,28,211,0,14,38,0.794910294566222,0.24332019624229823,0,60,173,63,38,110,0.794910294566222,nenhuma,66.2558140537127,0.0,74,0,terminal,0.6916666666666665,11,j6032_1.sm,3,adaptativa,0,2.1739130434782608,0.5333333333333333
True,157,108,0.5816478235936694,0.0,11.5,215.0,400.0,132.0,84.0,71.7013611580778,44,16,2,3,0.26666666666666666,0.3,334.0,0.17673433718192536,0.21467473400622097,0.0344311377245509,0.10426235166574904,21,3,132,81,39,213,12,2,16,0.6586427040007742,0.39362113220747674,20,60,185,53,16,132,0.6586427040007742,nenhuma,71.7013611580778,0.0,78,0,terminal,0.7716386607212292,11,j6043_1.sm,1,adaptativa,0,1.4537037037037037,0.35
True,184,108,0.5516870953353438,0.0,11.543418787072099,245.0,429.0,171.0,118.0,59.61470882191244,46,14,2,16,0.23333333333333334,0.26666666666666666,334.0,0.1514544743521884,0.17848715216141448,0.03456113409303024,0.07666355605879525,26,16,171,102,34,273,3,0,41,0.794910294566222,0.24332019624229823,4,60,229,58,41,171,0.794910294566222,nenhuma,59.61470882191244,0.0,66,0,terminal,0.7393480629773134,11,j6043_1.sm,3,adaptativa,0,1.7037037037037037,0.43333333333333335
True,146,85,0.7701731426443088,0.0,20.000460004240974,278.0,478.0,22.0,57.0,63.63966338638748,51,9,10,10,0.15,0.31666666666666665,323.0,0.1645968311398754,0.1970268216296826,0.06192092880569961,0.10253882750443515,26,10,22,47,34,69,1,3,18,0.6586427040007742,0.39362113220747674,14,60,50,28,18,22,0.6586427040007742,nenhuma,63.63966338638748,0.0,71,0,terminal,0.4250792537619102,12,j6010_1.sm,1,adaptativa,0,1.7176470588235293,0.43333333333333335
True,178,85,0.6676061505478464,4.440892098500626e-16,13.477273425510935,273.0,429.0,97.0,73.0,43.59443932318014,52,8,6,10,0.13333333333333333,0.23333333333333334,323.0,0.11891735020221737,0.13496730440613047,0.04172530472294407,0.06784129562200457,26,10,97,63,34,160,3,5,19,0.794910294566222,0.24332019624229823,3,60,138,41,19,97,0.794910294566222,nenhuma,43.59443932318014,0.0,47,0,terminal,0.7362354944908572,12,j6010_1.sm,3,adaptativa,0,2.0941176470588236,0.43333333333333335
True,291,76,0.7399503463320228,0.0,19.040520230826573,251.0,505.0,26.0,45.0,106.47822641521091,48,12,10,7,0.2,0.36666666666666664,332.0,0.24283583539763462,0.32071754944340636,0.05735096455068245,0.15601703071832645,25,7,26,38,35,64,2,2,18,0.6586427040007742,0.39362113220747674,17,60,44,18,18,26,0.6586427040007742,nenhuma,106.4782264152109,0.0,115,0,terminal,0.4854359491631795,12,j6021_1.sm,1,adaptativa,0,3.8289473684210527,0.4166666666666667
True,241,76,0.6973988495631107,0.0,15.100216307317828,247.0,495.0,51.0,64.0,99.78035067034513,46,14,10,22,0.23333333333333334,0.4,332.0,0.2310905313672443,0.3005432249106781,0.04548257923890912,0.14057919548788375,34,22,51,42,26,93,0,2,15,0.794910294566222,0.24332019624229823,2,60,78,27,15,51,0.794910294566222,nenhuma,99.78035067034513,0.0,109,0,terminal,0.7283333333333332,12,j6021_1.sm,3,adaptativa,0,3.1710526315789473,0.5666666666666667
True,198,69,0.6619963752572305,3.552713678800501e-15,31.752902481277903,265.0,479.0,67.0,90.0,87.56891654259579,48,12,11,14,0.2,0.38333333333333336,337.0,0.20625371554681451,0.25984841704034356,0.09422226255572078,0.12102360195490885,28,14,67,76,32,143,16,17,20,0.6586427040007742,0.39362113220747674,13,60,107,40,20,67,0.6586427040007742,nenhuma,87.5689165425958,0.0,96,0,terminal,0.7685167461097023,12,j6032_1.sm,1,adaptativa,0,2.869565217391304,0.4666666666666667
True,161,69,0.6340104248625111,8.881784197001252e-16,23.465789384375405,255.0,509.0,90.0,108.0,95.82591585206141,46,14,7,13,0.23333333333333334,0.35,337.0,0.22139597547762002,0.2843498986708054,0.069631422505565,0.11936076546602101,34,13,90,95,26,185,0,23,24,0.794910294566222,0.24332019624229823,0,60,161,71,24,90,0.794910294566222,nenhuma,95.82591585206143,0.0,105,0,terminal,0.6716666666666665,12,j6032_1.sm,3,adaptativa,0,2.3333333333333335,0.5666666666666667
True,224,108,0.5757063616072622,0.0,13.158754964009656,268.0,375.0,131.0,91.0,54.37372974839399,51,9,6,6,0.15,0.25,334.0,0.14000362430182842,0.1627955980490838,0.03939746995212472,0.08347547232123856,18,6,131,85,42,216,30,7,10,0.6586427040007742,0.39362113220747674,20,60,176,45,10,131,0.6586427040007742,nenhuma,54.37372974839399,0.0,57,0,terminal,0.8733333333333334,12,j6043_1.sm,1,adaptativa,0,2.074074074074074,0.3
True,179,108,0.5871865752462613,0.0,12.349109222656608,281.0,409.0,132.0,99.0,56.541810119668845,53,7,8,8,0.11666666666666667,0.25,334.0,0.1447778666830664,0.1692868566457151,0.03697338090615751,0.08117504117944438,25,8,132,91,35,223,3,5,29,0.794910294566222,0.24332019624229823,4,60,191,59,29,132,0.794910294566222,nenhuma,56.541810119668845,0.0,62,0,terminal,0.7588729605490571,12,j6043_1.sm,3,adaptativa,0,1.6574074074074074,0.4166666666666667
True,150,85,0.7786350665255701,8.881784197001252e-16,20.000460004240974,248.0,496.0,23.0,46.0,72.01215283464445,47,13,5,4,0.21666666666666667,0.3,323.0,0.1823036388067518,0.22294784159332648,0.06192092880569961,0.11304674881663893,25,4,23,42,35,65,1,1,17,0.6586427040007742,0.39362113220747674,14,60,47,24,17,23,0.6586427040007742,nenhuma,72.01215283464445,0.0,81,0,terminal,0.47133510169908255,13,j6010_1.sm,1,adaptativa,0,1.7647058823529411,0.4166666666666667
True,137,85,0.6670326598543685,8.881784197001252e-16,11.0,269.0,417.0,93.0,74.0,41.15679530750786,53,7,3,10,0.11666666666666667,0.16666666666666666,323.0,0.1130194351385191,0.12742041890869307,0.034055727554179564,0.06583435646294668,24,10,93,64,36,157,3,6,17,0.794910294566222,0.24332019624229823,3,60,137,44,17,93,0.794910294566222,nenhuma,41.15679530750786,0.0,43,0,terminal,0.7393960687036016,13,j6010_1.sm,3,adaptativa,0,1.611764705882353,0.4
True,245,76,0.7613551394899365,0.0,19.954272965208112,256.0,479.0,30.0,48.0,72.1413496215472,50,10,6,7,0.16666666666666666,0.26666666666666666,332.0,0.17850524250761032,0.21729322175164822,0.060103231822916,0.11466636180397778,24,7,30,41,36,71,8,3,20,0.6586427040007742,0.39362113220747674,17,60,43,13,20,30,0.6586427040007742,nenhuma,72.1413496215472,0.0,80,0,terminal,0.5398749353753196,13,j6021_1.sm,1,adaptativa,0,3.223684210526316,0.4
True,232,76,0.7353014056816962,0.0,13.520957593310365,260.0,507.0,51.0,56.0,75.51316573366469,48,12,7,13,0.2,0.31666666666666665,332.0,0.18530239531700743,0.2274492943785081,0.04072577588346495,0.1095166408509636,30,13,51,43,30,94,0,0,17,0.794910294566222,0.24332019624229823,2,60,77,26,17,51,0.794910294566222,nenhuma,75.51316573366469,0.0,82,0,terminal,0.6558002697783204,13,j6021_1.sm,3,adaptativa,0,3.0526315789473686,0.5
True,136,69,0.6925558242435759,0.0,7.5,294.0,495.0,65.0,89.0,65.74382666646335,53,7,12,16,0.11666666666666667,0.31666666666666665,337.0,0.16323981229117587,0.19508553906962417,0.02225519287833828,0.09198236376953395,28,16,65,73,32,138,16,15,20,0.6586427040007742,0.39362113220747674,13,60,102,37,20,65,0.6586427040007742,nenhuma,65.74382666646335,0.0,73,0,terminal,0.7534921830860365,13,j6032_1.sm,1,adaptativa,0,1.9710144927536233,0.4666666666666667
True,160,69,0.6348318402172082,0.0,19.777055126131792,241.0,494.0,104.0,90.0,90.15882680203545,44,16,5,9,0.26666666666666666,0.35,337.0,0.2110662852902232,0.2675336106885325,0.05868562351967891,0.11586172860437392,26,9,104,81,34,185,0,8,30,0.794910294566222,0.24332019624229823,0,60,155,51,30,104,0.794910294566222,nenhuma,90.15882680203545,0.0,100,0,terminal,0.7238384805626139,13,j6032_1.sm,3,adaptativa,0,2.318840579710145,0.43333333333333335
True,170,108,0.610412678457143,0.0,4.5,294.0,420.0,130.0,82.0,56.059103001557524,53,7,10,4,0.11666666666666667,0.2833333333333333,334.0,0.14371950960809568,0.16784162575316625,0.01347305389221557,0.08147425527401332,21,4,130,78,39,208,26,1,11,0.6586427040007742,0.39362113220747674,20,60,171,41,11,130,0.6586427040007742,nenhuma,56.059103001557524,0.0,61,0,terminal,0.8716666666666667,13,j6043_1.sm,1,adaptativa,0,1.5740740740740742,0.35
True,167,108,0.5804144760237792,0.0,7.5,279.0,437.0,143.0,116.0,56.910235791735225,51,9,7,9,0.15,0.26666666666666666,334.0,0.14558389773670502,0.17038992752016535,0.02245508982035928,0.07558701301475909,28,9,143,107,32,250,3,15,36,0.794910294566222,0.24332019624229823,4,60,211,68,36,143,0.794910294566222,nenhuma,56.910235791735225,0.0,63,0,terminal,0.7198027945887077,13,j6043_1.sm,3,adaptativa,0,1.5462962962962963,0.4666666666666667
True,137,85,0.7487306152422173,0.0,4.5,294.0,457.0,44.0,70.0,39.366386383383954,55,5,7,8,0.08333333333333333,0.2,323.0,0.10863697037763952,0.12187735722409893,0.01393188854489164,0.06449632099933023,24,8,44,62,36,106,6,5,22,0.6586427040007742,0.39362113220747674,14,60,78,34,22,44,0.6586427040007742,nenhuma,39.366386383383954,0.0,44,0,terminal,0.5624024616002761,14,j6010_1.sm,1,adaptativa,0,1.611764705882353,0.4
True,141,85,0.6454180290770465,8.881784197001252e-16,8.809287180744654,242.0,422.0,98.0,82.0,51.83980767234498,47,13,1,2,0.21666666666666667,0.23333333333333334,323.0,0.13829856544387942,0.1604947605954953,0.02727333492490605,0.07928518126923709,21,2,98,80,39,178,6,8,21,0.794910294566222,0.24332019624229823,3,60,151,53,21,98,0.794910294566222,nenhuma,51.83980767234498,0.0,55,0,terminal,0.7361797866225382,14,j6010_1.sm,3,adaptativa,0,1.6588235294117648,0.35
True,250,76,0.7552952347184301,0.0,7.044856918811644,274.0,473.0,32.0,46.0,75.24517970953673,49,11,9,7,0.18333333333333332,0.3333333333333333,332.0,0.18476628689185357,0.22664210755884556,0.021219448550637482,0.12015290839354123,26,7,32,39,34,71,8,3,19,0.6586427040007742,0.39362113220747674,17,60,44,12,19,32,0.6586427040007742,nenhuma,75.24517970953673,0.0,81,0,terminal,0.5706230911605417,14,j6021_1.sm,1,adaptativa,0,3.289473684210526,0.43333333333333335
True,218,76,0.7450735671340917,0.0,11.917609892733168,287.0,508.0,53.0,55.0,65.8118671878407,54,6,5,7,0.1,0.18333333333333332,332.0,0.16543465043682407,0.19822851562602622,0.03589641533955774,0.0965249658374007,30,7,53,48,30,101,0,0,20,0.794910294566222,0.24332019624229823,2,60,81,28,20,53,0.794910294566222,nenhuma,65.8118671878407,0.0,69,0,terminal,0.6064479824795895,14,j6021_1.sm,3,adaptativa,0,2.8684210526315788,0.5
True,141,69,0.6836244669234228,0.0,7.5,289.0,496.0,65.0,88.0,76.54454089712985,51,9,11,15,0.15,0.3333333333333333,337.0,0.1850938250353315,0.22713513619326364,0.02225519287833828,0.10549943743285994,28,15,65,73,32,138,16,15,20,0.6586427040007742,0.39362113220747674,13,60,102,37,20,65,0.6586427040007742,nenhuma,76.54454089712985,0.0,83,0,terminal,0.7534921830860365,14,j6032_1.sm,1,adaptativa,0,2.0434782608695654,0.4666666666666667
True,158,69,0.6487982015251446,0.0,9.629105919622134,287.0,478.0,90.0,96.0,72.74680181966379,51,9,9,6,0.15,0.3,337.0,0.17754086547252865,0.2158658807705157,0.028573014598285266,0.09874057361360665,28,6,90,90,32,180,0,12,32,0.794910294566222,0.24332019624229823,0,60,148,58,32,90,0.794910294566222,nenhuma,72.74680181966377,0.0,79,0,terminal,0.705,14,j6032_1.sm,3,adaptativa,0,2.289855072463768,0.4666666666666667
True,167,108,0.6251753047886053,0.0,10.449971224826633,267.0,405.0,98.0,66.0,78.8182949611955,50,10,10,6,0.16666666666666666,0.3333333333333333,334.0,0.1909273303127332,0.23598291904549554,0.031287338996486926,0.12166728784020639,24,6,98,60,36,158,9,0,16,0.6586427040007742,0.39362113220747674,20,60,133,35,16,98,0.6586427040007742,nenhuma,78.8182949611955,0.0,86,0,terminal,0.7637739720228803,14,j6043_1.sm,1,adaptativa,0,1.5462962962962963,0.4
True,184,108,0.549359539907857,0.0,11.255221655276635,234.0,440.0,159.0,116.0,85.9326643782327,46,14,9,4,0.23333333333333334,0.38333333333333336,334.0,0.20463438943352424,0.25728342628213385,0.03369826842897196,0.1072907476497323,30,4,159,112,30,271,3,13,35,0.794910294566222,0.24332019624229823,4,60,233,74,35,159,0.794910294566222,nenhuma,85.93266437823272,0.0,94,0,terminal,0.7214694612553744,14,j6043_1.sm,3,adaptativa,0,1.7037037037037037,0.5
True,261,85,0.7251041662438004,0.0,6.853012520218973,294.0,469.0,41.0,75.0,61.80362054671887,55,5,12,3,0.08333333333333333,0.2833333333333333,323.0,0.1606108083362363,0.19134247847281383,0.021216757028541713,0.09555237259568612,22,3,41,72,38,113,12,5,24,0.6586427040007742,0.39362113220747674,14,60,77,36,24,41,0.6586427040007742,nenhuma,61.80362054671887,0.0,67,0,terminal,0.5326127053714801,15,j6010_1.sm,1,adaptativa,0,3.070588235294118,0.36666666666666664
True,158,85,0.6819137823852591,0.0,3.0,315.0,455.0,76.0,83.0,53.23977686513426,58,2,10,6,0.03333333333333333,0.2,323.0,0.141504912927424,0.16482903054221132,0.009287925696594427,0.07979107168230971,28,6,76,77,32,153,3,4,23,0.794910294566222,0.24332019624229823,3,60,127,51,23,76,0.794910294566222,nenhuma,53.23977686513426,0.0,57,0,terminal,0.6655315842862478,15,j6010_1.sm,3,adaptativa,0,1.8588235294117648,0.4666666666666667
True,199,76,0.8305626053109959,8.881784197001252e-16,10.709376589160424,308.0,503.0,13.0,39.0,50.61358864893348,56,4,12,10,0.06666666666666667,0.26666666666666666,332.0,0.13228382407341496,0.15245056821967914,0.03225715840108562,0.08357406372245972,29,10,13,29,31,42,6,0,13,0.6586427040007742,0.39362113220747674,17,60,23,10,13,13,0.6586427040007742,nenhuma,50.61358864893348,0.0,57,0,terminal,0.33231955813705133,15,j6021_1.sm,1,adaptativa,0,2.6184210526315788,0.48333333333333334
True,223,76,0.6958394625933094,0.0,2.0,328.0,463.0,71.0,79.0,52.383360516023416,59,1,14,26,0.016666666666666666,0.25,332.0,0.13627894934291715,0.1577812063735645,0.006024096385542169,0.07872658624255144,28,26,71,53,32,124,0,0,23,0.794910294566222,0.24332019624229823,2,60,101,30,23,71,0.794910294566222,nenhuma,52.38336051602341,0.0,57,0,terminal,0.7496266656369904,15,j6021_1.sm,3,adaptativa,0,2.9342105263157894,0.4666666666666667
True,200,69,0.6836534022750385,0.0,11.804406567479258,313.0,475.0,70.0,86.0,63.796512998123376,56,4,14,14,0.06666666666666667,0.3,337.0,0.15917432145529192,0.1893071602318201,0.0350279126631432,0.09182042771463317,27,14,70,72,33,142,16,12,20,0.6586427040007742,0.39362113220747674,13,60,106,36,20,70,0.6586427040007742,nenhuma,63.79651299812339,0.0,73,0,terminal,0.814853532491434,15,j6032_1.sm,1,adaptativa,0,2.898550724637681,0.45
True,220,69,0.6635569968300502,0.0,13.400894237386847,310.0,527.0,71.0,95.0,101.20457099780214,56,4,15,17,0.06666666666666667,0.31666666666666665,337.0,0.23095279624162054,0.3003102996967422,0.0397652647993675,0.1274288447756645,35,17,71,78,25,149,0,11,19,0.794910294566222,0.24332019624229823,0,60,130,59,19,71,0.794910294566222,nenhuma,101.20457099780212,0.0,108,0,terminal,0.6652660784564722,15,j6032_1.sm,3,adaptativa,0,3.1884057971014492,0.5833333333333334
True,177,108,0.6278816404292309,0.0,3.5,318.0,433.0,118.0,71.0,67.62041907132947,55,5,16,3,0.08333333333333333,0.35,334.0,0.1683689769252489,0.20245634452493852,0.010479041916167664,0.09805454885223647,21,3,118,68,39,186,16,2,16,0.6586427040007742,0.39362113220747674,20,60,154,36,16,118,0.6586427040007742,nenhuma,67.62041907132947,0.0,73,0,terminal,0.8733333333333334,15,j6043_1.sm,1,adaptativa,0,1.6388888888888888,0.35
True,227,108,0.6255630476847635,0.0,20.138942736283617,283.0,474.0,103.0,84.0,96.71739036424071,52,8,12,8,0.13333333333333333,0.3333333333333333,334.0,0.22454953648946152,0.2895730250426369,0.0602962357373761,0.12764309173074134,25,8,103,76,35,179,1,0,36,0.794910294566222,0.24332019624229823,4,60,142,39,36,103,0.794910294566222,nenhuma,96.71739036424073,0.0,105,0,terminal,0.6121906727167383,15,j6043_1.sm,3,adaptativa,0,2.1018518518518516,0.4166666666666667
True,156,85,0.6974131478761417,0.0,6.853012520218973,290.0,456.0,51.0,83.0,63.844857081736684,55,5,14,7,0.08333333333333333,0.31666666666666665,323.0,0.16503995313099604,0.19766209622828695,0.021216757028541713,0.0976452691953429,20,7,51,76,40,127,11,5,25,0.6586427040007742,0.39362113220747674,14,60,91,40,25,51,0.6586427040007742,nenhuma,63.844857081736684,0.0,70,0,terminal,0.5629883241923369,16,j6010_1.sm,1,adaptativa,0,1.8352941176470587,0.3333333333333333
True,158,85,0.6819137823852591,0.0,3.0,315.0,455.0,76.0,83.0,53.23977686513426,58,2,10,6,0.03333333333333333,0.2,323.0,0.141504912927424,0.16482903054221132,0.009287925696594427,0.07979107168230971,28,6,76,77,32,153,3,4,23,0.794910294566222,0.24332019624229823,3,60,127,51,23,76,0.794910294566222,nenhuma,53.23977686513426,0.0,57,0,terminal,0.6655315842862478,16,j6010_1.sm,3,adaptativa,0,1.8588235294117648,0.4666666666666667
True,218,76,0.7657982153059615,0.0,8.0,303.0,491.0,31.0,59.0,60.16106591320451,55,5,14,12,0.08333333333333333,0.31666666666666665,332.0,0.15340907382814928,0.18120802985904974,0.024096385542168676,0.09383143972960556,24,12,31,47,36,78,5,0,19,0.6586427040007742,0.39362113220747674,17,60,54,23,19,31,0.6586427040007742,nenhuma,60.16106591320451,0.0,68,0,terminal,0.5409930872397394,16,j6021_1.sm,1,adaptativa,0,2.8684210526315788,0.4
True,215,76,0.6968868089056145,0.0,2.0,328.0,463.0,71.0,78.0,52.383360516023416,59,1,14,25,0.016666666666666666,0.25,332.0,0.13627894934291715,0.1577812063735645,0.006024096385542169,0.07884508196493287,28,25,71,53,32,124,0,0,23,0.794910294566222,0.24332019624229823,2,60,101,30,23,71,0.794910294566222,nenhuma,52.38336051602341,0.0,57,0,terminal,0.7496266656369904,16,j6021_1.sm,3,adaptativa,0,2.8289473684210527,0.4666666666666667
True,137,69,0.6805773808741605,0.0,4.5,313.0,483.0,69.0,91.0,66.69152600930647,56,4,14,19,0.06666666666666667,0.3,337.0,0.16520417623967912,0.1978977032917106,0.013353115727002967,0.09397255506814649,27,19,69,72,33,141,16,12,20,0.6586427040007742,0.39362113220747674,13,60,105,36,20,69,0.6586427040007742,nenhuma,66.69152600930649,0.0,74,0,terminal,0.8115201991581008,16,j6032_1.sm,1,adaptativa,0,1.9855072463768115,0.45
True,156,69,0.6684487060223878,0.0,7.4849695371706035,314.0,519.0,70.0,95.0,92.4245712858296,56,4,16,17,0.06666666666666667,0.3333333333333333,337.0,0.21522888410665914,0.2742568880885151,0.02221059209842909,0.11903869957743109,36,17,70,78,24,148,0,11,19,0.794910294566222,0.24332019624229823,0,60,129,59,19,70,0.794910294566222,nenhuma,92.4245712858296,0.0,100,0,terminal,0.6602660784564723,16,j6032_1.sm,3,adaptativa,0,2.260869565217391,0.6
True,169,108,0.6096552198803615,0.0,3.5,321.0,408.0,122.0,76.0,63.23071712576447,56,4,16,5,0.06666666666666667,0.3333333333333333,334.0,0.1591788207701607,0.18931352432863613,0.010479041916167664,0.09448268811887471,22,5,122,71,38,193,18,2,16,0.6586427040007742,0.39362113220747674,20,60,159,37,16,122,0.6586427040007742,nenhuma,63.23071712576447,0.0,70,0,terminal,0.875,16,j6043_1.sm,1,adaptativa,0,1.5648148148148149,0.36666666666666664
True,159,108,0.6431252402210473,0.0,10.281236511913201,308.0,450.0,102.0,90.0,57.70819345440607,56,4,12,10,0.06666666666666667,0.26666666666666666,334.0,0.14732444819570303,0.17277902231858105,0.030782145245249106,0.08247465728463906,29,10,102,80,31,182,0,2,33,0.794910294566222,0.24332019624229823,4,60,149,47,33,102,0.794910294566222,nenhuma,57.70819345440607,0.0,63,0,terminal,0.6046279522253523,16,j6043_1.sm,3,adaptativa,0,1.4722222222222223,0.48333333333333334
True,152,85,0.7168302183966241,0.0,6.853012520218973,296.0,457.0,46.0,78.0,56.528927034073,56,4,14,5,0.06666666666666667,0.3,323.0,0.1489449762784432,0.17501215800022601,0.021216757028541713,0.08866880330757412,21,5,46,73,39,119,12,5,24,0.6586427040007742,0.39362113220747674,14,60,83,37,24,46,0.6586427040007742,nenhuma,56.528927034073,0.0,62,0,terminal,0.5475404415195843,17,j6010_1.sm,1,adaptativa,0,1.7882352941176471,0.35
True,158,85,0.6819137823852591,0.0,3.0,315.0,455.0,76.0,83.0,53.23977686513426,58,2,10,6,0.03333333333333333,0.2,323.0,0.141504912927424,0.16482903054221132,0.009287925696594427,0.07979107168230971,28,6,76,77,32,153,3,4,23,0.794910294566222,0.24332019624229823,3,60,127,51,23,76,0.794910294566222,nenhuma,53.23977686513426,0.0,57,0,terminal,0.6655315842862478,17,j6010_1.sm,3,adaptativa,0,1.8588235294117648,0.4666666666666667
True,268,76,0.7843000441007475,0.0,8.600216307317828,293.0,513.0,20.0,42.0,79.0864097339034,54,6,14,8,0.1,0.3333333333333333,332.0,0.19238390727899787,0.23821207751175721,0.02590426598589707,0.12091125661222266,31,8,20,34,29,54,2,0,18,0.6586427040007742,0.39362113220747674,17,60,34,14,18,20,0.6586427040007742,nenhuma,79.08640973390338,0.0,89,0,terminal,0.44410704544407764,17,j6021_1.sm,1,adaptativa,0,3.526315789473684,0.5166666666666667
True,215,76,0.6968868089056145,0.0,2.0,328.0,463.0,71.0,78.0,52.383360516023416,59,1,14,25,0.016666666666666666,0.25,332.0,0.13627894934291715,0.1577812063735645,0.006024096385542169,0.07884508196493287,28,25,71,53,32,124,0,0,23,0.794910294566222,0.24332019624229823,2,60,101,30,23,71,0.794910294566222,nenhuma,52.38336051602341,0.0,57,0,terminal,0.7496266656369904,17,j6021_1.sm,3,adaptativa,0,2.8289473684210527,0.4666666666666667
True,141,69,0.6833851611569918,0.0,4.5,318.0,480.0,69.0,91.0,62.38575152458024,56,4,13,19,0.06666666666666667,0.2833333333333333,337.0,0.15620424936651928,0.18512092440528263,0.013353115727002967,0.08881978512401106,26,19,69,72,34,141,16,12,20,0.6586427040007742,0.39362113220747674,13,60,105,36,20,69,0.6586427040007742,nenhuma,62.38575152458026,0.0,71,0,terminal,0.8115201991581008,17,j6032_1.sm,1,adaptativa,0,2.0434782608695654,0.43333333333333335
True,151,69,0.6723182505203111,0.0,6.5,307.0,516.0,71.0,95.0,85.49366776919197,55,5,15,16,0.08333333333333333,0.3333333333333333,337.0,0.20235490917676216,0.2536904088106587,0.019287833827893175,0.11139332004873616,33,16,71,79,27,150,0,12,19,0.794910294566222,0.24332019624229823,0,60,131,60,19,71,0.794910294566222,nenhuma,85.49366776919196,0.0,91,0,terminal,0.6652660784564722,17,j6032_1.sm,3,adaptativa,0,2.1884057971014492,0.55
True,165,108,0.6501041390580989,0.0,3.5,316.0,408.0,100.0,66.0,53.591758746728395,57,3,11,2,0.05,0.23333333333333334,334.0,0.13826857134428366,0.16045436750517483,0.010479041916167664,0.08539270632512551,21,2,100,64,39,164,15,0,16,0.6586427040007742,0.39362113220747674,20,60,133,33,16,100,0.6586427040007742,nenhuma,53.591758746728395,0.0,59,0,terminal,0.8733333333333334,17,j6043_1.sm,1,adaptativa,0,1.5277777777777777,0.35
True,159,108,0.6431252402210473,0.0,10.281236511913201,308.0,450.0,102.0,90.0,57.70819345440607,56,4,12,10,0.06666666666666667,0.26666666666666666,334.0,0.14732444819570303,0.17277902231858105,0.030782145245249106,0.08247465728463906,29,10,102,80,31,182,0,2,33,0.794910294566222,0.24332019624229823,4,60,149,47,33,102,0.794910294566222,nenhuma,57.70819345440607,0.0,63,0,terminal,0.6046279522253523,17,j6043_1.sm,3,adaptativa,0,1.4722222222222223,0.48333333333333334
True,195,85,0.7635284032810866,0.0,22.925125337390877,225.0,500.0,14.0,67.0,73.85448589910432,42,18,3,13,0.3,0.35,323.0,0.18609966252940624,0.22865165913035393,0.07097562023960025,0.11277999538737729,27,13,14,54,33,68,14,3,20,0.6586427040007742,0.39362113220747674,14,60,34,20,20,14,0.6586427040007742,nenhuma,73.85448589910432,0.0,81,0,terminal,0.33962572187564083,18,j6010_1.sm,1,adaptativa,0,2.2941176470588234,0.45
True,227,85,0.6327631450880039,0.0,30.216445094656798,240.0,435.0,77.0,107.0,68.46102451889925,44,16,2,5,0.26666666666666666,0.3,323.0,0.17488592792357044,0.21195363628142183,0.0935493656181325,0.09958531767936928,23,5,77,102,37,179,3,11,33,0.794910294566222,0.24332019624229823,3,60,143,66,33,77,0.794910294566222,nenhuma,68.46102451889925,0.0,74,0,terminal,0.7203378790730595,18,j6010_1.sm,3,adaptativa,0,2.6705882352941175,0.38333333333333336
True,357,76,0.7465269684644139,3.552713678800501e-15,36.880702671654475,233.0,528.0,18.0,71.0,90.27518536414284,41,19,3,11,0.31666666666666665,0.36666666666666664,332.0,0.21378283283753782,0.2719132089281411,0.11108645383028456,0.12763799329063746,31,11,18,60,29,78,1,0,41,0.6586427040007742,0.39362113220747674,17,60,36,18,41,18,0.6586427040007742,nenhuma,90.27518536414286,0.0,100,0,terminal,0.3747680300711444,18,j6021_1.sm,1,adaptativa,0,4.697368421052632,0.5166666666666667
True,327,76,0.7477234907532737,0.0,13.104854042903884,285.0,527.0,43.0,93.0,41.805996490879416,50,10,2,19,0.16666666666666666,0.2,332.0,0.1118387529449369,0.12592167617734765,0.03947245193645749,0.05931560840717167,26,19,43,74,34,117,2,0,47,0.794910294566222,0.24332019624229823,2,60,68,25,47,43,0.794910294566222,nenhuma,41.805996490879416,0.0,47,0,terminal,0.6228830923284133,18,j6021_1.sm,3,adaptativa,0,4.302631578947368,0.43333333333333335
True,339,69,0.7630513814203481,0.0,51.72175808630722,216.0,555.0,14.0,71.0,87.34289395678685,40,20,2,12,0.3333333333333333,0.36666666666666664,337.0,0.2058309334282889,0.25917772687473845,0.15347702696233595,0.12008489349725619,30,12,14,59,30,73,10,12,24,0.6586427040007742,0.39362113220747674,13,60,39,25,24,14,0.6586427040007742,nenhuma,87.34289395678684,0.0,94,0,terminal,0.3250262339226806,18,j6032_1.sm,1,adaptativa,0,4.913043478260869,0.5
True,173,69,0.6742151466939588,1.7763568394002505e-15,39.343313298359924,239.0,530.0,55.0,123.0,78.09921862313018,45,15,1,10,0.25,0.26666666666666666,337.0,0.18814590613343626,0.23174842321403616,0.11674573679038552,0.0993503323409005,31,10,55,113,29,168,0,14,49,0.794910294566222,0.24332019624229823,0,60,119,64,49,55,0.794910294566222,nenhuma,78.09921862313018,0.0,84,0,terminal,0.5895326691079986,18,j6032_1.sm,3,adaptativa,0,2.5072463768115942,0.5166666666666667
True,264,108,0.6565215772987729,0.0,27.665719481340997,273.0,417.0,82.0,98.0,38.165719481341,52,8,1,4,0.13333333333333333,0.15,334.0,0.10255033573358034,0.11426862120161976,0.08283149545311676,0.060087813795281775,20,4,82,94,40,176,28,4,25,0.6586427040007742,0.39362113220747674,20,60,123,41,25,82,0.6586427040007742,nenhuma,38.165719481341,0.0,42,0,terminal,0.7766949108275149,18,j6043_1.sm,1,adaptativa,0,2.4444444444444446,0.3333333333333333
True,194,108,0.5962885927180724,0.0,9.453283567189661,267.0,422.0,98.0,132.0,55.71100630382717,50,10,4,5,0.16666666666666666,0.23333333333333334,334.0,0.14295466487388261,0.16679942007133883,0.0283032442131427,0.07871999418913926,26,5,98,127,34,225,0,8,68,0.794910294566222,0.24332019624229823,4,60,157,59,68,98,0.794910294566222,nenhuma,55.71100630382716,0.0,61,0,terminal,0.7145280717662924,18,j6043_1.sm,3,adaptativa,0,1.7962962962962963,0.43333333333333335
True,180,85,0.7060841644976901,0.0,15.06771586033155,219.0,453.0,39.0,81.0,68.56657630505748,42,18,1,3,0.3,0.31666666666666665,323.0,0.17510834799045608,0.212280421997082,0.0466492751093856,0.10687367272146496,20,3,39,78,40,117,19,2,25,0.6586427040007742,0.39362113220747674,14,60,73,34,25,39,0.6586427040007742,nenhuma,68.56657630505748,0.0,76,0,terminal,0.590613188999756,19,j6010_1.sm,1,adaptativa,0,2.1176470588235294,0.3333333333333333
True,167,85,0.6204867569422685,0.0,16.71905870620384,211.0,462.0,73.0,115.0,94.57672920646318,40,20,3,10,0.3333333333333333,0.38333333333333336,323.0,0.22648946311302096,0.2928072111655207,0.0517617916600738,0.1270207965097954,29,10,73,105,31,178,3,4,37,0.794910294566222,0.24332019624229823,3,60,138,65,37,73,0.794910294566222,nenhuma,94.57672920646318,0.0,102,0,terminal,0.6573189819705351,19,j6010_1.sm,3,adaptativa,0,1.964705882352941,0.48333333333333334
True,266,76,0.7368069817099016,0.0,18.369792634218296,238.0,501.0,20.0,68.0,90.96098359075488,46,14,4,13,0.23333333333333334,0.3,332.0,0.21505762261695077,0.2739788662372135,0.0553307007054768,0.13377382788995607,33,13,20,55,27,75,1,8,31,0.6586427040007742,0.39362113220747674,17,60,43,23,31,20,0.6586427040007742,nenhuma,90.96098359075485,0.0,99,0,terminal,0.45404820664226625,19,j6021_1.sm,1,adaptativa,0,3.5,0.55
True,267,76,0.6644018790582114,0.0,11.20861204509315,257.0,496.0,74.0,122.0,54.53611862609309,49,11,0,17,0.18333333333333332,0.18333333333333332,332.0,0.14108932127723714,0.16426541754847318,0.03376087965389503,0.07305221712039872,32,17,74,105,28,179,0,0,56,0.794910294566222,0.24332019624229823,2,60,123,49,56,74,0.794910294566222,nenhuma,54.53611862609309,0.0,60,0,terminal,0.6166221084605491,19,j6021_1.sm,3,adaptativa,0,3.513157894736842,0.5333333333333333
True,142,69,0.7845294709345135,0.0,11.929412251978345,269.0,551.0,20.0,80.0,51.331805768445406,49,11,4,7,0.18333333333333332,0.25,337.0,0.13218542752857476,0.15231989842268667,0.03539884941239865,0.07308768497573809,20,7,20,73,40,93,15,11,33,0.6586427040007742,0.39362113220747674,13,60,45,25,33,20,0.6586427040007742,nenhuma,51.331805768445406,0.0,57,0,terminal,0.38056148368009673,19,j6032_1.sm,1,adaptativa,0,2.0579710144927534,0.3333333333333333
True,156,69,0.6315788311389383,8.881784197001252e-16,17.61983321121111,267.0,500.0,59.0,151.0,81.66681235712151,47,13,5,10,0.21666666666666667,0.3,337.0,0.19506397437459164,0.24233475476890656,0.0522843715466205,0.10315805978270762,36,10,59,141,24,200,0,45,45,0.794910294566222,0.24332019624229823,0,60,155,96,45,59,0.794910294566222,nenhuma,81.66681235712151,0.0,90,0,terminal,0.5843857167096435,19,j6032_1.sm,3,adaptativa,0,2.260869565217391,0.6
True,173,108,0.6098746739487003,0.0,17.867967870420067,247.0,407.0,103.0,107.0,50.35022355467554,48,12,1,2,0.2,0.21666666666666667,334.0,0.13100089571695797,0.15074917231938784,0.053496909791676844,0.07544797585663861,20,2,103,105,40,208,30,1,27,0.6586427040007742,0.39362113220747674,20,60,151,48,27,103,0.6586427040007742,nenhuma,50.35022355467554,0.0,54,0,terminal,0.855,19,j6043_1.sm,1,adaptativa,0,1.6018518518518519,0.3333333333333333
True,183,108,0.6084137233408197,0.0,8.53749321723283,266.0,432.0,108.0,127.0,43.04315554861887,49,11,1,2,0.18333333333333332,0.2,334.0,0.11415975841277021,0.1288717231994577,0.025561356937822844,0.06062047808257701,27,2,108,125,33,233,0,1,72,0.794910294566222,0.24332019624229823,4,60,161,53,72,108,0.794910294566222,nenhuma,43.04315554861887,0.0,48,0,terminal,0.7128614050996257,19,j6043_1.sm,3,adaptativa,0,1.6944444444444444,0.45
True,162,85,0.6787163957148011,3.552713678800501e-15,15.06771586033155,201.0,447.0,44.0,90.0,77.59614239793746,39,21,2,9,0.35,0.38333333333333336,323.0,0.19370167154744167,0.24023573497813455,0.0466492751093856,0.1178205236906053,25,9,44,81,35,125,22,2,24,0.6586427040007742,0.39362113220747674,14,60,79,35,24,44,0.6586427040007742,nenhuma,77.59614239793746,0.0,87,0,terminal,0.6284132251661242,20,j6010_1.sm,1,adaptativa,0,1.9058823529411764,0.4166666666666667
True,176,85,0.6502737017377063,0.0,8.884926498607719,260.0,434.0,62.0,118.0,53.41127442219366,49,11,2,12,0.18333333333333332,0.21666666666666667,323.0,0.1418960537358561,0.16535998273124972,0.02750751237959046,0.08002752795633258,27,12,62,106,33,168,10,5,36,0.794910294566222,0.24332019624229823,3,60,122,60,36,62,0.794910294566222,nenhuma,53.41127442219366,0.0,58,0,terminal,0.7624856950524493,20,j6010_1.sm,3,adaptativa,0,2.070588235294118,0.45
True,249,76,0.7738871205898692,0.0,9.61983475567491,219.0,481.0,24.0,59.0,57.537672875824626,42,18,0,6,0.3,0.3,332.0,0.14770759513718784,0.1733062436018814,0.02897540589058708,0.09257310600273126,29,6,24,53,31,77,5,0,31,0.6586427040007742,0.39362113220747674,17,60,41,17,31,24,0.6586427040007742,nenhuma,57.537672875824626,0.0,63,0,terminal,0.4906420164168496,20,j6021_1.sm,1,adaptativa,0,3.276315789473684,0.48333333333333334
True,249,76,0.6545072548261052,0.0,11.20861204509315,247.0,487.0,73.0,126.0,58.071202280851914,47,13,0,20,0.21666666666666667,0.21666666666666667,332.0,0.14887333887068277,0.1749132598820841,0.03376087965389503,0.07804522215460337,32,20,73,106,28,179,0,0,56,0.794910294566222,0.24332019624229823,2,60,123,50,56,73,0.794910294566222,nenhuma,58.071202280851914,0.0,64,0,terminal,0.6149554417938824,20,j6021_1.sm,3,adaptativa,0,3.276315789473684,0.5333333333333333
True,149,69,0.7411955496579046,0.0,11.5,238.0,536.0,19.0,93.0,75.1559879810238,43,17,3,16,0.2833333333333333,0.3333333333333333,337.0,0.18234840733281807,0.2230148011306344,0.03412462908011869,0.10392776832402575,28,16,19,77,32,96,11,24,36,0.6586427040007742,0.39362113220747674,13,60,49,30,36,19,0.6586427040007742,nenhuma,75.1559879810238,0.0,82,0,terminal,0.3658603430428407,20,j6032_1.sm,1,adaptativa,0,2.1594202898550723,0.4666666666666667
True,153,69,0.6415478947034048,0.0,15.820146610388232,238.0,514.0,68.0,132.0,87.18726013063818,45,15,1,21,0.25,0.26666666666666666,337.0,0.20553955369566468,0.2587159054321608,0.04694405522370395,0.10882257428359732,42,21,68,111,18,179,0,32,46,0.794910294566222,0.24332019624229823,0,60,133,65,46,68,0.794910294566222,nenhuma,87.18726013063818,0.0,94,0,terminal,0.6594249414993348,20,j6032_1.sm,3,adaptativa,0,2.217391304347826,0.7
True,149,108,0.6268131961927849,0.0,11.498932824893643,263.0,406.0,94.0,103.0,44.720887923248426,47,13,1,3,0.21666666666666667,0.23333333333333334,334.0,0.11808402797236671,0.1338948740217019,0.03442794258950192,0.06904345491564202,19,3,94,100,41,194,30,0,27,0.6586427040007742,0.39362113220747674,20,60,137,43,27,94,0.6586427040007742,nenhuma,44.720887923248426,0.0,49,0,terminal,0.8583333333333334,20,j6043_1.sm,1,adaptativa,0,1.3796296296296295,0.31666666666666665
True,198,108,0.6249365728135522,0.0,10.377937267898142,270.0,436.0,99.0,114.0,48.67080207366765,50,10,3,8,0.16666666666666666,0.21666666666666667,334.0,0.12718713267362916,0.14572096429241813,0.031071668466760904,0.06976184459634081,27,8,99,106,33,205,0,0,60,0.794910294566222,0.24332019624229823,4,60,145,46,60,99,0.794910294566222,nenhuma,48.67080207366765,0.0,51,0,terminal,0.7116666666666666,20,j6043_1.sm,3,adaptativa,0,1.8333333333333333,0.45
True,165,85,0.7498075947455517,1.5543122344752192e-15,14.476340845633377,281.0,483.0,19.0,78.0,64.16525437289916,52,8,8,9,0.13333333333333333,0.26666666666666666,323.0,0.165730921481653,0.19865403830618933,0.04481839271093925,0.09960992763474122,27,9,19,69,33,88,1,3,38,0.6586427040007742,0.39362113220747674,14,60,49,30,38,19,0.6586427040007742,nenhuma,64.16525437289916,0.0,72,0,terminal,0.4105377533096772,21,j6010_1.sm,1,adaptativa,0,1.9411764705882353,0.45
True,151,85,0.6761889415334974,0.0,7.5,298.0,434.0,78.0,98.0,31.83244259474523,54,6,5,5,0.1,0.18333333333333332,323.0,0.08971119540808484,0.0985524538537004,0.02321981424148607,0.04959618816720414,25,5,78,93,35,171,3,11,32,0.794910294566222,0.24332019624229823,3,60,136,58,32,78,0.794910294566222,nenhuma,31.83244259474523,0.0,35,0,terminal,0.7282008457657637,21,j6010_1.sm,3,adaptativa,0,1.776470588235294,0.4166666666666667
True,266,76,0.7759320164831747,0.0,12.295255018788813,283.0,516.0,16.0,53.0,80.00671326685612,52,8,11,15,0.13333333333333333,0.31666666666666665,332.0,0.1941878874556976,0.24098407610498832,0.03703390065900245,0.12030963247547062,36,15,16,38,24,54,2,0,27,0.6586427040007742,0.39362113220747674,17,60,25,9,27,16,0.6586427040007742,nenhuma,80.00671326685611,0.0,87,0,terminal,0.40711481089197604,21,j6021_1.sm,1,adaptativa,0,3.5,0.6
True,244,76,0.6697653270094837,0.0,16.55253330199715,278.0,501.0,57.0,94.0,96.02319528389981,52,8,11,14,0.13333333333333333,0.31666666666666665,332.0,0.22434110193539727,0.2892264918189753,0.04985702801806371,0.12836927502957418,27,14,57,80,33,137,0,0,46,0.794910294566222,0.24332019624229823,2,60,91,34,46,57,0.794910294566222,nenhuma,96.02319528389982,0.0,103,0,terminal,0.6260364346229185,21,j6021_1.sm,3,adaptativa,0,3.210526315789474,0.45
True,227,69,0.7464250000648146,0.0,20.820793826546463,261.0,533.0,28.0,77.0,76.07040218872326,49,11,10,10,0.18333333333333332,0.35,337.0,0.184158443174944,0.22572819640570702,0.061782770998654195,0.10653067534455579,26,10,28,67,34,95,17,5,31,0.6586427040007742,0.39362113220747674,13,60,47,19,31,28,0.6586427040007742,nenhuma,76.07040218872328,0.0,82,0,terminal,0.4802496686853091,21,j6032_1.sm,1,adaptativa,0,3.289855072463768,0.43333333333333335
True,225,69,0.6804064486255329,0.0,31.425851609086564,261.0,529.0,51.0,120.0,77.47646435247019,47,13,6,11,0.21666666666666667,0.31666666666666665,337.0,0.18692608873102215,0.22990048769278987,0.09325178519016784,0.09965120219683732,31,11,51,109,29,160,0,10,47,0.794910294566222,0.24332019624229823,0,60,113,62,47,51,0.794910294566222,nenhuma,77.4764643524702,0.0,83,0,terminal,0.6176248806597772,21,j6032_1.sm,3,adaptativa,0,3.260869565217391,0.5166666666666667
True,225,108,0.6508702908626416,8.881784197001252e-16,14.102592604976127,297.0,431.0,80.0,101.0,50.19031049760629,53,7,9,3,0.11666666666666667,0.26666666666666666,334.0,0.13063918877235453,0.15027039071139608,0.04222333115262314,0.07579438977276869,25,3,80,98,35,178,29,3,24,0.6586427040007742,0.39362113220747674,20,60,125,45,24,80,0.6586427040007742,nenhuma,50.190310497606305,0.0,55,0,terminal,0.7267879928284473,21,j6043_1.sm,1,adaptativa,0,2.0833333333333335,0.4166666666666667
True,208,108,0.6120621329561168,0.0,15.685740785845004,272.0,470.0,94.0,132.0,71.8958960097891,50,10,7,9,0.16666666666666666,0.2833333333333333,334.0,0.1771289059992249,0.21525717368200328,0.046963295766003006,0.09362713928200571,24,9,94,123,36,217,0,2,65,0.794910294566222,0.24332019624229823,4,60,152,58,65,94,0.794910294566222,nenhuma,71.8958960097891,0.0,79,0,terminal,0.7122640358831461,21,j6043_1.sm,3,adaptativa,0,1.9259259259259258,0.4
True,157,85,0.7583095110583615,8.881784197001252e-16,14.476340845633377,272.0,491.0,21.0,66.0,69.49286780633739,50,10,11,4,0.16666666666666666,0.35,323.0,0.17705510980297953,0.2151481975428402,0.04481839271093925,0.10732607455858871,29,4,21,62,31,83,1,2,38,0.6586427040007742,0.39362113220747674,14,60,44,23,38,21,0.6586427040007742,nenhuma,69.49286780633739,0.0,78,0,terminal,0.4415082479175951,22,j6010_1.sm,1,adaptativa,0,1.8470588235294119,0.48333333333333334
True,153,85,0.6573650444983281,0.0,16.5054226415527,277.0,439.0,59.0,114.0,55.81768162775569,53,7,7,11,0.11666666666666667,0.23333333333333334,323.0,0.1473470863025998,0.1728101598382529,0.05110037969520959,0.08358221587021215,27,11,59,103,33,162,3,7,32,0.794910294566222,0.24332019624229823,3,60,127,68,32,59,0.794910294566222,nenhuma,55.81768162775569,0.0,61,0,terminal,0.6810377427021588,22,j6010_1.sm,3,adaptativa,0,1.8,0.45
True,294,76,0.7536054966130856,0.0,8.600216307317828,283.0,506.0,19.0,54.0,92.43883938493796,50,10,14,13,0.16666666666666666,0.4,332.0,0.21779071754812251,0.2784302391112589,0.02590426598589707,0.13767276178067872,28,13,19,41,32,60,5,0,25,0.6586427040007742,0.39362113220747674,17,60,30,11,25,19,0.6586427040007742,nenhuma,92.43883938493798,0.0,100,0,terminal,0.43843951300685574,22,j6021_1.sm,1,adaptativa,0,3.8684210526315788,0.4666666666666667
True,257,76,0.6677840966066841,8.881784197001252e-16,18.317440866477064,266.0,502.0,64.0,113.0,72.73997486746273,49,11,7,23,0.18333333333333332,0.3,332.0,0.1797202633401417,0.21909630984175524,0.05517301465806344,0.09676214821526197,29,23,64,90,31,154,0,0,51,0.794910294566222,0.24332019624229823,2,60,103,39,51,64,0.794910294566222,nenhuma,72.73997486746272,0.0,80,0,terminal,0.6237474373322444,22,j6021_1.sm,3,adaptativa,0,3.3815789473684212,0.48333333333333334
True,144,69,0.7530004671901864,0.0,18.639393897016706,258.0,553.0,19.0,74.0,88.39529468489421,47,13,9,8,0.21666666666666667,0.36666666666666664,337.0,0.2077956568616299,0.26230057769998283,0.055309774175123755,0.1203647345300896,28,8,19,66,32,85,11,8,31,0.6586427040007742,0.39362113220747674,13,60,43,24,31,19,0.6586427040007742,nenhuma,88.3952946848942,0.0,97,0,terminal,0.38634527976391864,22,j6032_1.sm,1,adaptativa,0,2.0869565217391304,0.4666666666666667
True,144,69,0.6756804961350871,0.0,15.43019337727555,280.0,514.0,67.0,121.0,58.714572849291386,52,8,5,12,0.13333333333333333,0.21666666666666667,337.0,0.14837606921202,0.17422721913736317,0.045786923968176706,0.07718344691278,30,12,67,109,30,176,0,18,47,0.794910294566222,0.24332019624229823,0,60,129,62,47,67,0.794910294566222,nenhuma,58.714572849291386,0.0,63,0,terminal,0.6409503944669407,22,j6032_1.sm,3,adaptativa,0,2.0869565217391304,0.5
True,197,108,0.6128547316750276,0.0,13.126157103118363,292.0,432.0,96.0,114.0,62.89787819582732,52,8,10,7,0.13333333333333333,0.3,334.0,0.15847370734694086,0.18831700058630935,0.039299871566222645,0.08922977376072296,23,7,96,107,37,203,29,3,28,0.6586427040007742,0.39362113220747674,20,60,146,50,28,96,0.6586427040007742,nenhuma,62.89787819582732,0.0,68,0,terminal,0.826681770518226,22,j6043_1.sm,1,adaptativa,0,1.8240740740740742,0.38333333333333336
True,171,108,0.6232563232259302,0.0,10.697627300656487,296.0,451.0,84.0,128.0,60.618811704398304,54,6,10,9,0.1,0.26666666666666666,334.0,0.15361358837045697,0.1814934482167614,0.03202882425346253,0.083771746565872,32,9,84,119,28,203,0,0,62,0.794910294566222,0.24332019624229823,4,60,141,57,62,84,0.794910294566222,nenhuma,60.618811704398304,0.0,66,0,terminal,0.7133333333333333,22,j6043_1.sm,3,adaptativa,0,1.5833333333333333,0.5333333333333333
True,172,85,0.7561438092806858,0.0,5.0734226971392316,281.0,507.0,16.0,80.0,67.50737409634479,53,7,12,13,0.11666666666666667,0.31666666666666665,323.0,0.1728709329818944,0.20900115819301793,0.01570719101281496,0.10068103156557484,28,13,16,67,32,83,1,11,36,0.6586427040007742,0.39362113220747674,14,60,46,30,36,16,0.6586427040007742,nenhuma,67.5073740963448,0.0,75,0,terminal,0.33603213623338357,23,j6010_1.sm,1,adaptativa,0,2.023529411764706,0.4666666666666667
True,157,85,0.6324889957542177,0.0,10.554282740079609,258.0,429.0,80.0,120.0,49.27267016469558,49,11,4,4,0.18333333333333332,0.25,323.0,0.13235639925675197,0.1525469664541659,0.03267579795690281,0.07264433955850143,21,4,80,116,39,196,10,7,42,0.794910294566222,0.24332019624229823,3,60,144,64,42,80,0.794910294566222,nenhuma,49.27267016469558,0.0,53,0,terminal,0.7402854421476146,23,j6010_1.sm,3,adaptativa,0,1.8470588235294119,0.35
True,241,76,0.7729372483941762,0.0,8.150875893391047,299.0,506.0,20.0,55.0,73.64564044655052,52,8,14,15,0.13333333333333333,0.36666666666666664,332.0,0.18155166259269676,0.22182421821250156,0.0245508310041899,0.11249695391893995,23,15,20,40,37,60,5,0,24,0.6586427040007742,0.39362113220747674,17,60,31,11,24,20,0.6586427040007742,nenhuma,73.64564044655052,0.0,82,0,terminal,0.44581569406063365,23,j6021_1.sm,1,adaptativa,0,3.1710526315789473,0.38333333333333336
True,217,76,0.6978175380394946,0.0,10.10609868689889,283.0,502.0,61.0,103.0,53.385760080435325,52,8,6,13,0.13333333333333333,0.23333333333333334,332.0,0.13852551290243048,0.1608004821699859,0.03044005628584003,0.07421019853724405,27,13,61,90,33,151,0,0,52,0.794910294566222,0.24332019624229823,2,60,99,38,52,61,0.794910294566222,nenhuma,53.385760080435325,0.0,59,0,terminal,0.6099385593820781,23,j6021_1.sm,3,adaptativa,0,2.8552631578947367,0.45
True,143,69,0.7387513689852209,0.0,12.083401970741125,298.0,536.0,35.0,93.0,61.5485708761143,54,6,9,5,0.1,0.25,337.0,0.15443179419967407,0.1826367088311997,0.035855792198044883,0.08483039364517413,22,5,35,88,38,123,17,11,45,0.6586427040007742,0.39362113220747674,13,60,61,26,45,35,0.6586427040007742,nenhuma,61.548570876114304,0.0,67,0,terminal,0.5830390208824265,23,j6032_1.sm,1,adaptativa,0,2.072463768115942,0.36666666666666664
True,154,69,0.6498792446958459,0.0,12.081943535626985,282.0,520.0,79.0,124.0,77.14864952852663,50,10,7,11,0.16666666666666666,0.2833333333333333,337.0,0.18628250898887122,0.2289277434080909,0.03585146449740945,0.09641789631712194,36,11,79,113,24,192,0,18,51,0.794910294566222,0.24332019624229823,0,60,141,62,51,79,0.794910294566222,nenhuma,77.14864952852662,0.0,84,0,terminal,0.6423407538631066,23,j6032_1.sm,3,adaptativa,0,2.2318840579710146,0.6
True,182,108,0.6423656349815332,0.0,8.096063676865162,291.0,432.0,86.0,104.0,50.51418269350468,52,8,8,6,0.13333333333333333,0.26666666666666666,334.0,0.13137144211340943,0.1512400679446248,0.024239711607380726,0.07511244222566275,24,6,86,98,36,184,27,5,26,0.6586427040007742,0.39362113220747674,20,60,131,45,26,86,0.6586427040007742,nenhuma,50.51418269350468,0.0,55,0,terminal,0.7774401975523643,23,j6043_1.sm,1,adaptativa,0,1.6851851851851851,0.4
True,206,108,0.5597191359426111,0.0,10.274603133832091,256.0,421.0,119.0,144.0,68.16295632094628,48,12,6,10,0.2,0.3,334.0,0.1694908873370943,0.20408070754774335,0.030762284831832607,0.09062259148516388,26,10,119,134,34,253,0,7,69,0.794910294566222,0.24332019624229823,4,60,184,65,69,119,0.794910294566222,nenhuma,68.16295632094628,0.0,73,0,terminal,0.690623475434117,23,j6043_1.sm,3,adaptativa,0,1.9074074074074074,0.43333333333333335
True,148,85,0.8101189958405809,0.0,8.567925449621308,293.0,506.0,15.0,56.0,47.59959906874361,55,5,11,6,0.08333333333333333,0.26666666666666666,323.0,0.12843942408020312,0.14736717977939198,0.026526084983347704,0.07620818063238106,24,6,15,50,36,65,1,9,28,0.6586427040007742,0.39362113220747674,14,60,36,21,28,15,0.6586427040007742,nenhuma,47.59959906874359,0.0,54,0,terminal,0.3488173503664013,24,j6010_1.sm,1,adaptativa,0,1.7411764705882353,0.4
True,144,85,0.6588117547580733,0.0,7.798936681487794,296.0,436.0,53.0,108.0,64.79754209168064,55,5,12,14,0.08333333333333333,0.2833333333333333,323.0,0.1670911624199042,0.20061158542315988,0.024145314803367783,0.09791142754456476,25,14,53,94,35,147,8,11,34,0.794910294566222,0.24332019624229823,3,60,105,52,34,53,0.794910294566222,nenhuma,64.79754209168063,0.0,71,0,terminal,0.6254761581807298,24,j6010_1.sm,3,adaptativa,0,1.6941176470588235,0.4166666666666667
True,239,76,0.7636425593541829,0.0,14.357801374834839,278.0,510.0,19.0,55.0,83.85172428224799,51,9,9,9,0.15,0.3,332.0,0.2016385153313346,0.2525654345850843,0.04324638968323747,0.12555440262187675,26,9,19,46,34,65,1,0,26,0.6586427040007742,0.39362113220747674,17,60,38,19,26,19,0.6586427040007742,nenhuma,83.85172428224799,0.0,93,0,terminal,0.4204513052397129,24,j6021_1.sm,1,adaptativa,0,3.1447368421052633,0.43333333333333335
True,223,76,0.7328916300292703,0.0,1.0,330.0,494.0,34.0,88.0,58.04235463880329,59,1,12,17,0.016666666666666666,0.21666666666666667,332.0,0.1488103893038824,0.1748263693939858,0.0030120481927710845,0.08611084190682089,26,17,34,71,34,105,0,0,45,0.794910294566222,0.24332019624229823,2,60,60,26,45,34,0.794910294566222,nenhuma,58.04235463880329,0.0,63,0,terminal,0.5601079942137227,24,j6021_1.sm,3,adaptativa,0,2.9342105263157894,0.43333333333333335
True,194,69,0.7326680632954212,4.440892098500626e-16,14.721755785420834,309.0,548.0,22.0,105.0,72.95125849376532,55,5,15,20,0.08333333333333333,0.3333333333333333,337.0,0.177951053893093,0.2164725771328348,0.04368473526831108,0.09753477605034797,29,20,22,85,31,107,15,13,38,0.6586427040007742,0.39362113220747674,13,60,54,32,38,22,0.6586427040007742,nenhuma,72.95125849376532,0.0,79,0,terminal,0.39908710635504124,24,j6032_1.sm,1,adaptativa,0,2.8115942028985508,0.48333333333333334
True,214,69,0.6609448816534538,0.0,8.981717940104348,317.0,505.0,61.0,128.0,70.05766050667638,56,4,11,6,0.06666666666666667,0.25,337.0,0.17210746118737477,0.2078862329574967,0.026651982018113793,0.09169158838119419,34,6,61,122,26,183,0,30,44,0.794910294566222,0.24332019624229823,0,60,139,78,44,61,0.794910294566222,nenhuma,70.05766050667638,0.0,77,0,terminal,0.6542712513465738,24,j6032_1.sm,3,adaptativa,0,3.101449275362319,0.5666666666666667
True,164,108,0.616522769933966,0.0,8.0,310.0,409.0,104.0,101.0,49.39804455852749,57,3,14,5,0.05,0.2833333333333333,334.0,0.12884271388344717,0.1478983370015793,0.023952095808383235,0.07446214978128324,21,5,104,96,39,200,26,7,25,0.6586427040007742,0.39362113220747674,20,60,149,45,25,104,0.6586427040007742,nenhuma,49.39804455852749,0.0,54,0,terminal,0.87,24,j6043_1.sm,1,adaptativa,0,1.5185185185185186,0.35
True,187,108,0.575481397496468,0.0,6.791097005207192,310.0,426.0,115.0,127.0,72.24981841852592,56,4,14,5,0.06666666666666667,0.3,334.0,0.17784578636806392,0.21631682161235305,0.02033262576409339,0.09760194007596092,27,5,115,122,33,237,3,9,63,0.794910294566222,0.24332019624229823,4,60,171,56,63,115,0.794910294566222,nenhuma,72.24981841852592,0.0,79,0,terminal,0.7198436215520091,24,j6043_1.sm,3,adaptativa,0,1.7314814814814814,0.45
True,162,85,0.8044148618795818,0.0,8.567925449621308,298.0,514.0,15.0,55.0,54.97377380496996,55,5,11,5,0.08333333333333333,0.26666666666666666,323.0,0.14544335510784878,0.17019744212065002,0.026526084983347704,0.08603447599673984,23,5,15,50,37,65,1,9,28,0.6586427040007742,0.39362113220747674,14,60,36,21,28,15,0.6586427040007742,nenhuma,54.973773804969944,0.0,61,0,terminal,0.3488173503664013,25,j6010_1.sm,1,adaptativa,0,1.9058823529411764,0.38333333333333336
True,144,85,0.6588117547580733,0.0,7.798936681487794,296.0,436.0,53.0,108.0,64.79754209168064,55,5,12,14,0.08333333333333333,0.2833333333333333,323.0,0.1670911624199042,0.20061158542315988,0.024145314803367783,0.09791142754456476,25,14,53,94,35,147,8,11,34,0.794910294566222,0.24332019624229823,3,60,105,52,34,53,0.794910294566222,nenhuma,64.79754209168063,0.0,71,0,terminal,0.6254761581807298,25,j6010_1.sm,3,adaptativa,0,1.6941176470588235,0.4166666666666667
True,219,76,0.7447476237532299,0.0,7.0,293.0,479.0,35.0,64.0,65.17090074894332,54,6,13,14,0.1,0.31666666666666665,332.0,0.1640878035778826,0.19629789382211846,0.02108433734939759,0.10132750202637397,29,14,35,50,31,85,2,0,35,0.6586427040007742,0.39362113220747674,17,60,48,13,35,35,0.6586427040007742,nenhuma,65.17090074894332,0.0,73,0,terminal,0.5585609311209315,25,j6021_1.sm,1,adaptativa,0,2.8815789473684212,0.48333333333333334
True,223,76,0.7328916300292703,0.0,1.0,330.0,494.0,34.0,88.0,58.04235463880329,59,1,12,17,0.016666666666666666,0.21666666666666667,332.0,0.1488103893038824,0.1748263693939858,0.0030120481927710845,0.08611084190682089,26,17,34,71,34,105,0,0,45,0.794910294566222,0.24332019624229823,2,60,60,26,45,34,0.794910294566222,nenhuma,58.04235463880329,0.0,63,0,terminal,0.5601079942137227,25,j6021_1.sm,3,adaptativa,0,2.9342105263157894,0.43333333333333335
True,147,69,0.726049262229272,0.0,9.136222159854885,308.0,544.0,22.0,105.0,78.26045421449038,55,5,16,20,0.08333333333333333,0.35,337.0,0.18846112944351615,0.2322268671053127,0.027110451512922507,0.10445026662529129,29,20,22,85,31,107,15,13,38,0.6586427040007742,0.39362113220747674,13,60,54,32,38,22,0.6586427040007742,nenhuma,78.26045421449038,0.0,86,0,terminal,0.39908710635504124,25,j6032_1.sm,1,adaptativa,0,2.130434782608696,0.48333333333333334
True,162,69,0.6449381547336669,0.0,8.981717940104348,317.0,503.0,61.0,133.0,82.91974316935621,57,3,13,9,0.05,0.26666666666666666,337.0,0.19746569319060137,0.24605265035417273,0.026651982018113793,0.10631830248635024,35,9,61,124,25,185,0,31,44,0.794910294566222,0.24332019624229823,0,60,141,80,44,61,0.794910294566222,nenhuma,82.91974316935621,0.0,89,0,terminal,0.6509379180132405,25,j6032_1.sm,3,adaptativa,0,2.347826086956522,0.5833333333333334
True,160,108,0.569782800851882,0.0,6.747536492055454,301.0,395.0,126.0,107.0,65.24661855260577,56,4,15,1,0.06666666666666667,0.31666666666666665,334.0,0.16342434856216248,0.19534915734313105,0.020202205066034293,0.09411747105067869,21,1,126,106,39,232,31,8,27,0.6586427040007742,0.39362113220747674,20,60,174,48,27,126,0.6586427040007742,nenhuma,65.24661855260575,0.0,69,0,terminal,0.8566666666666666,25,j6043_1.sm,1,adaptativa,0,1.4814814814814814,0.35
True,187,108,0.575481397496468,0.0,6.791097005207192,310.0,426.0,115.0,127.0,72.24981841852592,56,4,14,5,0.06666666666666667,0.3,334.0,0.17784578636806392,0.21631682161235305,0.02033262576409339,0.09760194007596092,27,5,115,122,33,237,3,9,63,0.794910294566222,0.24332019624229823,4,60,171,56,63,115,0.794910294566222,nenhuma,72.24981841852592,0.0,79,0,terminal,0.7198436215520091,25,j6043_1.sm,3,adaptativa,0,1.7314814814814814,0.45
True,153,85,0.7917355153018689,0.0,8.567925449621308,298.0,510.0,14.0,58.0,62.15450632595381,55,5,12,6,0.08333333333333333,0.2833333333333333,323.0,0.16137551373565612,0.19242881215465577,0.026526084983347704,0.09649005900845552,22,6,14,52,38,66,1,9,28,0.6586427040007742,0.39362113220747674,14,60,37,23,28,14,0.6586427040007742,nenhuma,62.1545063259538,0.0,69,0,terminal,0.3329418024113779,26,j6010_1.sm,1,adaptativa,0,1.8,0.36666666666666664
True,144,85,0.6588117547580733,0.0,7.798936681487794,296.0,436.0,53.0,108.0,64.79754209168064,55,5,12,14,0.08333333333333333,0.2833333333333333,323.0,0.1670911624199042,0.20061158542315988,0.024145314803367783,0.09791142754456476,25,14,53,94,35,147,8,11,34,0.794910294566222,0.24332019624229823,3,60,105,52,34,53,0.794910294566222,nenhuma,64.79754209168063,0.0,71,0,terminal,0.6254761581807298,26,j6010_1.sm,3,adaptativa,0,1.6941176470588235,0.4166666666666667
True,253,76,0.7844208703300469,0.0,11.20861204509315,309.0,511.0,13.0,48.0,79.43600754145609,57,3,15,11,0.05,0.3,332.0,0.19307013991344002,0.23926508295619306,0.03376087965389503,0.12193984769317644,21,11,13,37,39,50,6,0,22,0.6586427040007742,0.39362113220747674,17,60,22,9,22,13,0.6586427040007742,nenhuma,79.43600754145609,0.0,88,0,terminal,0.34802407274470576,26,j6021_1.sm,1,adaptativa,0,3.3289473684210527,0.35
True,223,76,0.7328916300292703,0.0,1.0,330.0,494.0,34.0,88.0,58.04235463880329,59,1,12,17,0.016666666666666666,0.21666666666666667,332.0,0.1488103893038824,0.1748263693939858,0.0030120481927710845,0.08611084190682089,26,17,34,71,34,105,0,0,45,0.794910294566222,0.24332019624229823,2,60,60,26,45,34,0.794910294566222,nenhuma,58.04235463880329,0.0,63,0,terminal,0.5601079942137227,26,j6021_1.sm,3,adaptativa,0,2.9342105263157894,0.43333333333333335
True,147,69,0.726049262229272,0.0,9.136222159854885,308.0,544.0,22.0,105.0,78.26045421449038,55,5,16,20,0.08333333333333333,0.35,337.0,0.18846112944351615,0.2322268671053127,0.027110451512922507,0.10445026662529129,29,20,22,85,31,107,15,13,38,0.6586427040007742,0.39362113220747674,13,60,54,32,38,22,0.6586427040007742,nenhuma,78.26045421449038,0.0,86,0,terminal,0.39908710635504124,26,j6032_1.sm,1,adaptativa,0,2.130434782608696,0.48333333333333334
True,162,69,0.6449381547336669,0.0,8.981717940104348,317.0,503.0,61.0,133.0,82.91974316935621,57,3,13,9,0.05,0.26666666666666666,337.0,0.19746569319060137,0.24605265035417273,0.026651982018113793,0.10631830248635024,35,9,61,124,25,185,0,31,44,0.794910294566222,0.24332019624229823,0,60,141,80,44,61,0.794910294566222,nenhuma,82.91974316935621,0.0,89,0,terminal,0.6509379180132405,26,j6032_1.sm,3,adaptativa,0,2.347826086956522,0.5833333333333334
True,157,108,0.6219122055503223,0.0,4.001190254537067,310.0,401.0,95.0,96.0,52.785544360172366,57,3,11,3,0.05,0.23333333333333334,334.0,0.136472381478194,0.15804055197656397,0.01197961154053014,0.0818652726040129,22,3,95,93,38,188,25,6,26,0.6586427040007742,0.39362113220747674,20,60,137,42,26,95,0.6586427040007742,nenhuma,52.785544360172366,0.0,58,0,terminal,0.8616666666666667,26,j6043_1.sm,1,adaptativa,0,1.4537037037037037,0.36666666666666664
True,185,108,0.5790958085098559,0.0,4.0,298.0,424.0,123.0,122.0,63.17590901071732,54,6,10,5,0.1,0.26666666666666666,334.0,0.15906279202098483,0.18914942817580035,0.011976047904191617,0.08628515119553404,29,5,123,117,31,240,2,1,69,0.794910294566222,0.24332019624229823,4,60,169,46,69,123,0.794910294566222,nenhuma,63.17590901071732,0.0,67,0,terminal,0.7215102882186758,26,j6043_1.sm,3,adaptativa,0,1.712962962962963,0.48333333333333334
True,164,85,0.7129911615209685,0.0,27.5,227.0,400.0,66.0,34.0,61.016772138817466,46,14,3,4,0.23333333333333334,0.2833333333333333,323.0,0.1588909041628021,0.18890641529045654,0.08513931888544891,0.10876104809878934,15,4,66,30,45,96,8,0,1,0.6586427040007742,0.39362113220747674,14,60,87,21,1,66,0.6586427040007742,nenhuma,61.016772138817466,0.0,67,0,terminal,0.9125,27,j6010_1.sm,1,adaptativa,0,1.9294117647058824,0.25
True,190,85,0.6066030894479384,3.552713678800501e-15,27.081298698045995,232.0,399.0,128.0,62.0,68.76123950032088,43,17,3,16,0.2833333333333333,0.3333333333333333,323.0,0.17551823040999073,0.21288309442823802,0.0838430300249102,0.10453829652923374,28,16,128,46,32,174,3,4,2,0.794910294566222,0.24332019624229823,3,60,169,41,2,128,0.794910294566222,nenhuma,68.7612395003209,0.0,77,0,terminal,0.9141666666666666,27,j6010_1.sm,3,adaptativa,0,2.235294117647059,0.4666666666666667
True,341,76,0.7886743948740773,0.0,30.044687884571783,226.0,454.0,25.0,24.0,72.64947328166696,43,17,2,12,0.2833333333333333,0.31666666666666665,332.0,0.17953680426786908,0.21882371470381615,0.09049604784509573,0.12620435986418313,27,12,25,12,33,37,1,0,2,0.6586427040007742,0.39362113220747674,17,60,34,9,2,25,0.6586427040007742,nenhuma,72.64947328166699,0.0,80,0,terminal,0.811655903022618,27,j6021_1.sm,1,adaptativa,0,4.4868421052631575,0.45
True,250,76,0.6673838052586484,0.0,23.917820712043355,215.0,447.0,93.0,54.0,75.77951289477667,42,18,2,15,0.3,0.3333333333333333,332.0,0.1858345269894194,0.22825154486378516,0.07204162865073299,0.11314098361602432,27,15,93,39,33,132,0,0,7,0.794910294566222,0.24332019624229823,2,60,125,32,7,93,0.794910294566222,nenhuma,75.77951289477667,0.0,82,0,terminal,0.9142497745350435,27,j6021_1.sm,3,adaptativa,0,3.289473684210526,0.45
True,147,69,0.7924202856079857,0.0,23.689409415646963,286.0,475.0,31.0,49.0,44.42937936723246,51,9,3,5,0.15,0.2,337.0,0.11648127221069868,0.13183792097101618,0.07029498342921947,0.07411945576330083,19,5,31,44,41,75,9,20,1,0.6586427040007742,0.39362113220747674,13,60,65,34,1,31,0.6586427040007742,nenhuma,44.42937936723246,0.0,49,0,terminal,0.7641170781823045,27,j6032_1.sm,1,adaptativa,0,2.130434782608696,0.31666666666666665
True,200,69,0.6229203453893918,0.0,25.273721101085364,220.0,472.0,107.0,83.0,95.72127767788602,40,20,3,11,0.3333333333333333,0.38333333333333336,337.0,0.22120769792406678,0.28403939963764396,0.07499620504773105,0.12632782066148862,36,11,107,72,24,179,0,29,4,0.794910294566222,0.24332019624229823,0,60,175,68,4,107,0.794910294566222,nenhuma,95.72127767788601,0.0,106,0,terminal,0.7659497908434476,27,j6032_1.sm,3,adaptativa,0,2.898550724637681,0.6
True,199,108,0.5624343173073477,0.0,19.910565736722198,271.0,372.0,181.0,70.0,38.410565736722205,50,10,2,5,0.16666666666666666,0.2,334.0,0.10314037589330044,0.11500169382252157,0.059612472265635326,0.05807371053097407,17,5,181,65,43,246,25,0,1,0.6586427040007742,0.39362113220747674,20,60,220,39,1,181,0.6586427040007742,nenhuma,38.4105657367222,0.0,42,0,terminal,0.9208333333333334,27,j6043_1.sm,1,adaptativa,0,1.8425925925925926,0.2833333333333333
True,185,108,0.5703260251882568,0.0,24.356678399789722,234.0,419.0,185.0,65.0,65.66750857405447,44,16,2,10,0.26666666666666666,0.3,334.0,0.16430534673270025,0.1966093071079475,0.07292418682571773,0.08938398364929893,32,10,185,55,28,240,2,1,5,0.794910294566222,0.24332019624229823,4,60,233,48,5,185,0.794910294566222,nenhuma,65.66750857405445,0.0,74,0,terminal,0.8642913987173501,27,j6043_1.sm,3,adaptativa,0,1.712962962962963,0.5333333333333333
True,146,85,0.7098760582939446,0.0,7.5,265.0,398.0,70.0,40.0,52.66125255233871,49,11,4,3,0.18333333333333332,0.25,323.0,0.1401828168184626,0.16303793359857185,0.02321981424148607,0.0939270411725531,17,3,70,37,43,107,14,3,2,0.6586427040007742,0.39362113220747674,14,60,91,21,2,70,0.6586427040007742,nenhuma,52.66125255233871,0.0,57,0,terminal,0.9291676498983145,28,j6010_1.sm,1,adaptativa,0,1.7176470588235293,0.2833333333333333
True,141,85,0.6170407127336806,1.7763568394002505e-15,15.053374417259523,249.0,388.0,120.0,67.0,53.807778794757915,43,17,2,9,0.2833333333333333,0.31666666666666665,323.0,0.1427990127137643,0.16658755044816692,0.04660487435684063,0.08557110870653002,25,9,120,58,35,178,3,12,5,0.794910294566222,0.24332019624229823,3,60,170,50,5,120,0.794910294566222,nenhuma,53.807778794757915,0.0,61,0,terminal,0.9075000000000001,28,j6010_1.sm,3,adaptativa,0,1.6588235294117648,0.4166666666666667
True,206,76,0.7720204621632654,0.0,12.0,241.0,412.0,44.0,28.0,49.664611486516606,47,13,3,4,0.21666666666666667,0.26666666666666666,332.0,0.13012632031322388,0.1495922032726404,0.03614457831325301,0.09306334056548439,23,4,44,24,37,68,6,0,2,0.6586427040007742,0.39362113220747674,17,60,60,16,2,44,0.6586427040007742,nenhuma,49.664611486516606,0.0,55,0,terminal,0.9015581857620915,28,j6021_1.sm,1,adaptativa,0,2.710526315789474,0.38333333333333336
True,219,76,0.6951975148605262,0.0,13.907915213148819,219.0,436.0,75.0,37.0,79.15989438983026,45,15,3,7,0.25,0.3,332.0,0.1925282486690614,0.23843341683683814,0.04189131088297837,0.12621963728539382,34,7,75,30,26,105,0,0,3,0.794910294566222,0.24332019624229823,2,60,102,27,3,75,0.794910294566222,nenhuma,79.15989438983026,0.0,84,0,terminal,0.8160752318262198,28,j6021_1.sm,3,adaptativa,0,2.8815789473684212,0.5666666666666667
True,121,69,0.741871955586392,0.0,11.5,258.0,443.0,49.0,55.0,50.13808651769702,47,13,2,8,0.21666666666666667,0.25,337.0,0.1295095684557636,0.1487777048002879,0.03412462908011869,0.08396397357617065,21,8,49,47,39,96,12,13,1,0.6586427040007742,0.39362113220747674,13,60,83,34,1,49,0.6586427040007742,nenhuma,50.13808651769702,0.0,53,0,terminal,0.8458673143792895,28,j6032_1.sm,1,adaptativa,0,1.7536231884057971,0.35
True,148,69,0.6671084119307641,3.552713678800501e-15,20.595685428154876,236.0,480.0,97.0,67.0,75.52323103042633,44,16,3,17,0.26666666666666666,0.31666666666666665,337.0,0.1830763102523455,0.22410454311699207,0.06111479355535571,0.10496288065955815,29,17,97,50,31,147,0,9,8,0.794910294566222,0.24332019624229823,0,60,139,42,8,97,0.794910294566222,nenhuma,75.52323103042633,0.0,82,0,terminal,0.7866666666666666,28,j6032_1.sm,3,adaptativa,0,2.1449275362318843,0.48333333333333334
True,161,108,0.5602220073191942,8.881784197001252e-16,12.2424150504782,239.0,364.0,155.0,71.0,59.7424150504782,47,13,3,2,0.21666666666666667,0.26666666666666666,334.0,0.1517296912064177,0.17886950613915628,0.03665393727688084,0.09194784527932787,18,2,155,69,42,224,33,2,4,0.6586427040007742,0.39362113220747674,20,60,187,32,4,155,0.6586427040007742,nenhuma,59.7424150504782,0.0,64,0,terminal,0.9191666666666666,28,j6043_1.sm,1,adaptativa,0,1.4907407407407407,0.3
True,192,108,0.5619993789375465,0.0,11.0,229.0,403.0,179.0,64.0,71.08264297705621,46,14,1,2,0.23333333333333334,0.25,334.0,0.17547689146750806,0.21282228436244374,0.03293413173652695,0.09912754641772938,27,2,179,62,33,241,2,0,8,0.794910294566222,0.24332019624229823,4,60,231,52,8,179,0.794910294566222,nenhuma,71.08264297705621,0.0,77,0,terminal,0.812416210328081,28,j6043_1.sm,3,adaptativa,0,1.7777777777777777,0.45
True,135,85,0.6924017853434534,0.0,7.6193046608668,253.0,395.0,75.0,42.0,58.478020653958,49,11,4,6,0.18333333333333332,0.25,323.0,0.15329328948941967,0.1810465035726254,0.02358917851661548,0.10250705292190344,16,6,75,36,44,111,14,3,2,0.6586427040007742,0.39362113220747674,14,60,95,20,2,75,0.6586427040007742,nenhuma,58.478020653958,0.0,64,0,terminal,0.9358343165649812,29,j6010_1.sm,1,adaptativa,0,1.588235294117647,0.26666666666666666
True,134,85,0.6575512744042312,0.0,15.48490743455209,265.0,383.0,105.0,55.0,39.4640828915036,50,10,1,6,0.16666666666666666,0.18333333333333332,323.0,0.10887722330081567,0.1221798231935096,0.04794088989025415,0.06775367623629873,20,6,105,49,40,154,13,6,1,0.794910294566222,0.24332019624229823,3,60,140,35,1,105,0.794910294566222,nenhuma,39.4640828915036,0.0,42,0,terminal,0.9379798124439788,29,j6010_1.sm,3,adaptativa,0,1.576470588235294,0.3333333333333333
True,214,76,0.7386819035240887,0.0,9.5,254.0,423.0,59.0,35.0,55.64161742958667,46,14,2,7,0.23333333333333334,0.26666666666666666,332.0,0.1435388124694679,0.1675952332216466,0.0286144578313253,0.09716656235944725,23,7,59,28,37,87,12,0,4,0.6586427040007742,0.39362113220747674,17,60,71,12,4,59,0.6586427040007742,nenhuma,55.64161742958667,0.0,62,0,terminal,0.9208333333333334,29,j6021_1.sm,1,adaptativa,0,2.8157894736842106,0.38333333333333336
True,227,76,0.6618103184265207,0.0,17.374159073228807,223.0,442.0,85.0,49.0,91.86507809499233,43,17,2,9,0.2833333333333333,0.31666666666666665,332.0,0.21673188673119342,0.2767020424547962,0.052331804437436166,0.1375503542677015,30,9,85,40,30,125,0,1,3,0.794910294566222,0.24332019624229823,2,60,122,37,3,85,0.794910294566222,nenhuma,91.86507809499234,0.0,99,0,terminal,0.8145774158527176,29,j6021_1.sm,3,adaptativa,0,2.986842105263158,0.5
True,137,69,0.7254044345146317,0.0,5.0,274.0,429.0,60.0,60.0,42.39423415166202,50,10,3,5,0.16666666666666666,0.21666666666666667,337.0,0.11174190416060728,0.1257989143966232,0.01483679525222552,0.07168523415260436,17,5,60,55,43,115,17,19,1,0.6586427040007742,0.39362113220747674,13,60,97,37,1,60,0.6586427040007742,nenhuma,42.39423415166202,0.0,45,0,terminal,0.8542006477126228,29,j6032_1.sm,1,adaptativa,0,1.9855072463768115,0.2833333333333333
True,147,69,0.6890575049704483,8.881784197001252e-16,13.698501086392781,287.0,472.0,95.0,78.0,39.99362766572401,50,10,2,14,0.16666666666666666,0.2,337.0,0.10608568615166596,0.11867545301401784,0.040648371176239706,0.05838540104673915,30,14,95,64,30,159,0,20,9,0.794910294566222,0.24332019624229823,0,60,150,55,9,95,0.794910294566222,nenhuma,39.99362766572401,0.0,46,0,terminal,0.7716666666666666,29,j6032_1.sm,3,adaptativa,0,2.130434782608696,0.5
True,162,108,0.5156482861400894,0.0,15.5,249.0,346.0,188.0,77.0,60.0,49,11,6,1,0.18333333333333332,0.2833333333333333,334.0,0.15228426395939088,0.17964071856287425,0.04640718562874251,0.08941877794336811,18,1,188,76,42,264,33,0,3,0.6586427040007742,0.39362113220747674,20,60,228,40,3,188,0.6586427040007742,nenhuma,60.0,0.0,63,0,terminal,0.9208333333333334,29,j6043_1.sm,1,adaptativa,0,1.5,0.3
True,180,108,0.5734973316836952,0.0,11.0,240.0,413.0,181.0,64.0,62.14284493268511,47,13,1,2,0.21666666666666667,0.23333333333333334,334.0,0.15686979009615784,0.18605642195414704,0.03293413173652695,0.08629238680902797,26,2,181,62,34,243,2,2,7,0.794910294566222,0.24332019624229823,4,60,234,53,7,181,0.794910294566222,nenhuma,62.14284493268511,0.0,67,0,terminal,0.8140828769947478,29,j6043_1.sm,3,adaptativa,0,1.6666666666666667,0.43333333333333335
True,122,85,0.7070091093799827,0.0,6.386100507018725,295.0,379.0,70.0,44.0,43.060985596588765,55,5,7,4,0.08333333333333333,0.2,323.0,0.1176333651793294,0.13331574488107978,0.019771209000057972,0.0803285199885712,19,4,70,40,41,110,13,2,2,0.6586427040007742,0.39362113220747674,14,60,95,25,2,70,0.6586427040007742,nenhuma,43.060985596588765,0.0,45,0,terminal,0.9191666666666666,30,j6010_1.sm,1,adaptativa,0,1.4352941176470588,0.31666666666666665
True,154,85,0.6273128454774152,8.881784197001252e-16,21.452687118723606,275.0,390.0,124.0,60.0,47.69936868292767,50,10,9,12,0.16666666666666666,0.31666666666666665,323.0,0.12867399492046783,0.1476760640338318,0.06641698798366441,0.07672417101529144,25,12,124,48,35,172,3,4,2,0.794910294566222,0.24332019624229823,3,60,167,43,2,124,0.794910294566222,nenhuma,47.69936868292766,0.0,55,0,terminal,0.9108333333333333,30,j6010_1.sm,3,adaptativa,0,1.811764705882353,0.4166666666666667
True,331,76,0.7065132886375567,0.0,19.554679540861937,247.0,445.0,47.0,27.0,110.85368733564789,48,12,12,11,0.2,0.4,332.0,0.25031673102369273,0.33389664860134904,0.05889963717127089,0.175999108308108,25,11,47,16,35,63,2,0,0,0.6586427040007742,0.39362113220747674,17,60,61,14,0,47,0.6586427040007742,nenhuma,110.85368733564789,0.0,120,0,terminal,0.9208333333333334,30,j6021_1.sm,1,adaptativa,0,4.355263157894737,0.4166666666666667
True,233,76,0.6789872564377586,0.0,26.55827669858967,248.0,448.0,81.0,40.0,90.80619776339987,48,12,5,11,0.2,0.2833333333333333,332.0,0.21477026175054922,0.27351264386566226,0.07999480933310141,0.13762556046186475,30,11,81,29,30,110,0,0,1,0.794910294566222,0.24332019624229823,2,60,109,28,1,81,0.794910294566222,nenhuma,90.80619776339987,0.0,97,0,terminal,0.8233075411401201,30,j6021_1.sm,3,adaptativa,0,3.0657894736842106,0.5
True,193,69,0.7185707551524435,0.0,8.561200475165593,300.0,443.0,47.0,68.0,58.50157179861618,53,7,9,9,0.11666666666666667,0.26666666666666666,337.0,0.1479174192217986,0.17359516854188778,0.02540415571265755,0.09489281856644814,19,9,47,59,41,106,6,33,4,0.6586427040007742,0.39362113220747674,13,60,96,49,4,47,0.6586427040007742,nenhuma,58.50157179861618,0.0,64,0,terminal,0.9074999999999999,30,j6032_1.sm,1,adaptativa,0,2.7971014492753623,0.31666666666666665
True,155,69,0.6200179154013848,3.552713678800501e-15,35.42277797932534,245.0,498.0,116.0,59.0,130.2025972630269,48,12,13,14,0.2,0.4166666666666667,337.0,0.27868551678818065,0.38635785537990175,0.10511210082885858,0.16210430308206425,33,14,116,45,27,161,0,6,5,0.794910294566222,0.24332019624229823,0,60,156,40,5,116,0.794910294566222,nenhuma,130.2025972630269,0.0,141,0,terminal,0.8232283474935317,30,j6032_1.sm,3,adaptativa,0,2.246376811594203,0.55
True,153,108,0.6474794455409866,0.0,13.624455066259529,290.0,384.0,110.0,49.0,50.06901963375472,54,6,8,2,0.1,0.23333333333333334,334.0,0.1303646404010929,0.14990724441243927,0.04079178163550757,0.08442359653969865,18,2,110,47,42,157,18,1,1,0.6586427040007742,0.39362113220747674,20,60,138,28,1,110,0.6586427040007742,nenhuma,50.06901963375472,0.0,55,0,terminal,0.9141666666666666,30,j6043_1.sm,1,adaptativa,0,1.4166666666666667,0.3
True,164,108,0.5615376231782797,0.0,13.5657014089887,273.0,407.0,173.0,84.0,60.79560264617149,51,9,8,11,0.15,0.2833333333333333,334.0,0.15399260335900566,0.1820227624136871,0.040615872482002095,0.08387965162069354,23,11,173,73,37,246,5,5,6,0.794910294566222,0.24332019624229823,4,60,235,62,6,173,0.794910294566222,nenhuma,60.79560264617149,0.0,66,0,terminal,0.8437391146249089,30,j6043_1.sm,3,adaptativa,0,1.5185185185185186,0.38333333333333336
True,129,85,0.6958781085886295,0.0,11.03350554855233,274.0,384.0,71.0,44.0,52.820779042501485,53,7,8,3,0.11666666666666667,0.25,323.0,0.14054778763717052,0.1635318236609953,0.03415945990263879,0.0957208953496715,19,3,71,41,41,112,13,2,2,0.6586427040007742,0.39362113220747674,14,60,97,26,2,71,0.6586427040007742,nenhuma,52.820779042501485,0.0,56,0,terminal,0.9208333333333334,31,j6010_1.sm,1,adaptativa,0,1.5176470588235293,0.31666666666666665
True,129,85,0.6025081184717165,0.0,14.093472906263266,266.0,375.0,142.0,68.0,37.39825241060811,50,10,2,7,0.16666666666666666,0.2,323.0,0.10376923905835042,0.11578406319073718,0.04363304305344664,0.0600873351841222,24,7,142,61,36,203,3,12,5,0.794910294566222,0.24332019624229823,3,60,195,53,5,142,0.794910294566222,nenhuma,37.39825241060811,0.0,40,0,terminal,0.9041666666666667,31,j6010_1.sm,3,adaptativa,0,1.5176470588235293,0.4
True,211,76,0.7220304305811864,0.0,14.915063973621606,271.0,444.0,50.0,24.0,96.9325308112146,49,11,14,10,0.18333333333333332,0.4166666666666667,332.0,0.22598549619888206,0.2919654542506464,0.044924891486812064,0.1576311643219491,22,10,50,14,38,64,1,0,1,0.6586427040007742,0.39362113220747674,17,60,62,12,1,50,0.6586427040007742,nenhuma,96.9325308112146,0.0,105,0,terminal,0.9208333333333334,31,j6021_1.sm,1,adaptativa,0,2.776315789473684,0.36666666666666664
True,208,76,0.6730516481083565,1.1102230246251565e-16,18.46547615229056,261.0,440.0,92.0,43.0,78.73883451090393,50,10,7,19,0.16666666666666666,0.2833333333333333,332.0,0.1917004867695646,0.23716516418946967,0.05561890407316433,0.12044386894930689,30,19,92,24,30,116,0,0,4,0.794910294566222,0.24332019624229823,2,60,112,20,4,92,0.794910294566222,nenhuma,78.73883451090393,0.0,84,0,terminal,0.9191666666666668,31,j6021_1.sm,3,adaptativa,0,2.736842105263158,0.5
True,122,69,0.7187909663806613,0.0,6.735179818909613,308.0,446.0,46.0,70.0,58.48637345256347,54,6,10,10,0.1,0.26666666666666666,337.0,0.14788467410895156,0.17355006959217648,0.019985696792016654,0.09425891680284383,17,10,46,60,43,106,6,34,4,0.6586427040007742,0.39362113220747674,13,60,96,50,4,46,0.6586427040007742,nenhuma,58.48637345256347,0.0,63,0,terminal,0.9041666666666667,31,j6032_1.sm,1,adaptativa,0,1.7681159420289856,0.2833333333333333
True,151,69,0.6352946028511834,0.0,10.0,261.0,463.0,104.0,82.0,79.79573968056661,46,14,7,5,0.23333333333333334,0.35,337.0,0.19145046861976633,0.23678261032809084,0.02967359050445104,0.10948985475071703,30,5,104,77,30,181,0,24,8,0.794910294566222,0.24332019624229823,0,60,173,69,8,104,0.794910294566222,nenhuma,79.79573968056661,0.0,88,0,terminal,0.7633333333333333,31,j6032_1.sm,3,adaptativa,0,2.1884057971014492,0.5
True,168,108,0.5156344656623756,0.0,9.183868139561387,270.0,368.0,202.0,79.0,64.68386813956138,51,9,9,4,0.15,0.3,334.0,0.1622435049639843,0.19366427586695026,0.027496611196291577,0.09063378202477797,13,4,202,75,47,277,27,1,3,0.6586427040007742,0.39362113220747674,20,60,247,45,3,202,0.6586427040007742,nenhuma,64.68386813956138,0.0,69,0,terminal,0.9208333333333334,31,j6043_1.sm,1,adaptativa,0,1.5555555555555556,0.21666666666666667
True,176,108,0.5645826160746594,8.881784197001252e-16,18.799459813147504,253.0,425.0,161.0,79.0,87.76848400836835,48,12,9,13,0.2,0.35,334.0,0.2080963546025097,0.2627798922406238,0.05628580782379492,0.11659425955376826,32,13,161,66,28,227,4,11,5,0.794910294566222,0.24332019624229823,4,60,218,57,5,161,0.794910294566222,nenhuma,87.76848400836832,0.0,96,0,terminal,0.822480235699557,31,j6043_1.sm,3,adaptativa,0,1.6296296296296295,0.5333333333333333
True,130,85,0.7027179277250448,0.0,6.386100507018725,291.0,385.0,71.0,44.0,47.87274496665532,55,5,9,3,0.08333333333333333,0.23333333333333334,323.0,0.12908132402924213,0.14821283271410315,0.019771209000057972,0.08737931464279895,19,3,71,41,41,112,13,2,2,0.6586427040007742,0.39362113220747674,14,60,97,26,2,71,0.6586427040007742,nenhuma,47.87274496665532,0.0,51,0,terminal,0.9208333333333334,32,j6010_1.sm,1,adaptativa,0,1.5294117647058822,0.31666666666666665
True,148,85,0.6203119527081362,0.0,11.922694264642823,266.0,396.0,117.0,64.0,61.38847255990639,50,10,6,10,0.16666666666666666,0.26666666666666666,323.0,0.15970424958656657,0.19005719058794548,0.036912366144405025,0.09616162446314488,25,10,117,54,35,171,12,4,1,0.794910294566222,0.24332019624229823,3,60,158,41,1,117,0.794910294566222,nenhuma,61.38847255990639,0.0,66,0,terminal,0.9396464791106455,32,j6010_1.sm,3,adaptativa,0,1.7411764705882353,0.4166666666666667
True,218,76,0.7295400270560312,0.0,10.0,267.0,441.0,50.0,34.0,79.49047844516652,50,10,12,10,0.16666666666666666,0.36666666666666664,332.0,0.19317695696270912,0.23942915194327263,0.030120481927710843,0.1314999677904391,25,10,50,24,35,74,3,4,1,0.6586427040007742,0.39362113220747674,17,60,70,20,1,50,0.6586427040007742,nenhuma,79.49047844516652,0.0,88,0,terminal,0.8599101566688074,32,j6021_1.sm,1,adaptativa,0,2.8684210526315788,0.4166666666666667
True,197,76,0.663822670390374,1.7763568394002505e-15,13.867364649422173,259.0,433.0,93.0,56.0,70.28263407359346,49,11,9,14,0.18333333333333332,0.3333333333333333,332.0,0.1747095900260412,0.2116946809445586,0.04176917063078968,0.10774874326282285,28,14,93,42,32,135,0,0,7,0.794910294566222,0.24332019624229823,2,60,128,35,7,93,0.794910294566222,nenhuma,70.28263407359346,0.0,77,0,terminal,0.8033333333333333,32,j6021_1.sm,3,adaptativa,0,2.5921052631578947,0.4666666666666667
True,119,69,0.708501114933422,0.0,9.617879896698032,291.0,442.0,46.0,72.0,63.85222928200305,52,8,10,12,0.13333333333333333,0.3,337.0,0.15929119166026254,0.18947249045104764,0.028539702957560927,0.10235152859113951,19,12,46,60,41,106,6,34,4,0.6586427040007742,0.39362113220747674,13,60,96,50,4,46,0.6586427040007742,nenhuma,63.85222928200305,0.0,69,0,terminal,0.9041666666666667,32,j6032_1.sm,1,adaptativa,0,1.7246376811594204,0.31666666666666665
True,153,69,0.6383843829681555,0.0,15.000893579073084,274.0,495.0,111.0,73.0,96.3949081562856,48,12,12,13,0.2,0.4,337.0,0.22241818337543742,0.2860383031343786,0.04451303732662636,0.1243171797265099,33,13,111,60,27,171,0,9,9,0.794910294566222,0.24332019624229823,0,60,162,51,9,111,0.794910294566222,nenhuma,96.3949081562856,0.0,106,0,terminal,0.7733333333333333,32,j6032_1.sm,3,adaptativa,0,2.217391304347826,0.55
True,168,108,0.6030597500301638,0.0,8.680605082477072,289.0,391.0,134.0,60.0,63.36029925798076,54,6,10,5,0.1,0.26666666666666666,334.0,0.15945301877489515,0.18970149478437354,0.02598983557627866,0.09772390340755562,18,5,134,55,42,189,19,0,3,0.6586427040007742,0.39362113220747674,20,60,167,33,3,134,0.6586427040007742,nenhuma,63.36029925798076,0.0,68,0,terminal,0.9158333333333334,32,j6043_1.sm,1,adaptativa,0,1.5555555555555556,0.3
True,175,108,0.5856686101019238,0.0,8.977363304190394,276.0,433.0,166.0,67.0,73.32594735552763,52,8,10,6,0.13333333333333333,0.3,334.0,0.18001786488579943,0.21953876453750787,0.026878333246079026,0.09917945882706398,27,6,166,61,33,227,3,1,5,0.794910294566222,0.24332019624229823,4,60,219,53,5,166,0.794910294566222,nenhuma,73.32594735552762,0.0,79,0,terminal,0.8265634062101412,32,j6043_1.sm,3,adaptativa,0,1.6203703703703705,0.45
True,249,85,0.6760241477107295,0.0,7.0,291.0,376.0,79.0,53.0,48.19314971702794,55,5,11,7,0.08333333333333333,0.26666666666666666,323.0,0.1298330794998967,0.14920479788553542,0.021671826625386997,0.08664822596529095,16,7,79,46,44,125,16,2,2,0.6586427040007742,0.39362113220747674,14,60,107,28,2,79,0.6586427040007742,nenhuma,48.19314971702794,0.0,50,0,terminal,0.9191666666666668,33,j6010_1.sm,1,adaptativa,0,2.929411764705882,0.26666666666666666
True,160,85,0.6176846128800806,0.0,14.553650726292886,300.0,404.0,116.0,76.0,58.05547034151869,55,5,14,17,0.08333333333333333,0.31666666666666665,323.0,0.1523543810812815,0.1797382982709557,0.045057742186665285,0.08876230377097023,29,17,116,59,31,175,5,7,3,0.794910294566222,0.24332019624229823,3,60,167,51,3,116,0.794910294566222,nenhuma,58.055470341518685,0.0,65,0,terminal,0.9091666666666667,33,j6010_1.sm,3,adaptativa,0,1.8823529411764706,0.48333333333333334
True,301,76,0.7152664395610997,0.0,12.061051072069258,299.0,423.0,68.0,33.0,67.38801515636658,54,6,13,2,0.1,0.31666666666666665,332.0,0.16872818562165198,0.20297594926616438,0.03632846708454596,0.11394890229310578,29,2,68,31,31,99,8,0,0,0.6586427040007742,0.39362113220747674,17,60,91,23,0,68,0.6586427040007742,nenhuma,67.38801515636658,0.0,76,0,terminal,0.8670294041827885,33,j6021_1.sm,1,adaptativa,0,3.960526315789474,0.48333333333333334
True,244,76,0.7176629796369699,0.0,8.913627808027965,314.0,442.0,73.0,45.0,55.88797602962026,56,4,14,18,0.06666666666666667,0.3,332.0,0.14408277513957404,0.1683372771976514,0.02684827653020471,0.0907437362065539,24,18,73,27,36,100,0,0,5,0.794910294566222,0.24332019624229823,2,60,95,22,5,73,0.794910294566222,nenhuma,55.88797602962025,0.0,61,0,terminal,0.9029312728414175,33,j6021_1.sm,3,adaptativa,0,3.210526315789474,0.4
True,115,69,0.738242409071643,0.0,5.161886744967213,318.0,441.0,46.0,66.0,44.36476065438692,56,4,11,8,0.06666666666666667,0.25,337.0,0.11633156817704148,0.13164617404862589,0.015317171350051078,0.07426745529111438,20,8,46,58,40,104,6,32,4,0.6586427040007742,0.39362113220747674,13,60,94,48,4,46,0.6586427040007742,nenhuma,44.36476065438692,0.0,48,0,terminal,0.9075000000000001,33,j6032_1.sm,1,adaptativa,0,1.6666666666666667,0.3333333333333333
True,221,69,0.6310011830065579,0.0,18.113281696358378,304.0,505.0,108.0,69.0,118.31545676951858,55,5,20,12,0.08333333333333333,0.4166666666666667,337.0,0.2598538112652083,0.3510844414525774,0.05374861037495068,0.1478360261178762,30,12,108,57,30,165,0,13,3,0.794910294566222,0.24332019624229823,0,60,162,54,3,108,0.794910294566222,nenhuma,118.31545676951858,0.0,128,0,terminal,0.7730771040998122,33,j6032_1.sm,3,adaptativa,0,3.2028985507246377,0.5
True,149,108,0.6180190919526923,0.0,4.637052334010789,317.0,373.0,113.0,59.0,58.54122527423817,56,4,14,6,0.06666666666666667,0.3,334.0,0.1491339546141681,0.17527312956358734,0.01388339022158919,0.09699623293775517,21,6,113,53,39,166,17,4,2,0.6586427040007742,0.39362113220747674,20,60,147,34,2,113,0.6586427040007742,nenhuma,58.541225274238165,0.0,63,0,terminal,0.9524127812477124,33,j6043_1.sm,1,adaptativa,0,1.3796296296296295,0.35
True,234,108,0.5813590365357895,0.0,8.5,305.0,384.0,154.0,75.0,47.52125428063296,56,4,7,5,0.06666666666666667,0.18333333333333332,334.0,0.12455729201833164,0.14227920443303282,0.025449101796407185,0.07194507969677354,20,5,154,70,40,224,1,6,13,0.794910294566222,0.24332019624229823,4,60,210,56,13,154,0.794910294566222,nenhuma,47.52125428063296,0.0,51,0,terminal,0.8010350468170394,33,j6043_1.sm,3,adaptativa,0,2.1666666666666665,0.3333333333333333
True,129,85,0.6689966105244148,0.0,9.025284214358512,282.0,378.0,85.0,53.0,49.02528421435851,53,7,9,3,0.11666666666666667,0.26666666666666666,323.0,0.13177944159868032,0.1517810656791285,0.027942056391202823,0.0867665316650845,15,3,85,50,45,135,17,2,2,0.6586427040007742,0.39362113220747674,14,60,116,31,2,85,0.6586427040007742,nenhuma,49.02528421435851,0.0,51,0,terminal,0.9141666666666667,34,j6010_1.sm,1,adaptativa,0,1.5176470588235293,0.25
True,143,85,0.6026719238507601,0.0,14.053650726292886,303.0,407.0,116.0,76.0,76.32596740110552,57,3,17,14,0.05,0.3333333333333333,323.0,0.19113699992477426,0.2363033046473855,0.04350975457056621,0.11302092779703848,32,14,116,62,28,178,5,7,3,0.794910294566222,0.24332019624229823,3,60,170,54,3,116,0.794910294566222,nenhuma,76.3259674011055,0.0,83,0,terminal,0.8670509522080955,34,j6010_1.sm,3,adaptativa,0,1.6823529411764706,0.5333333333333333
True,240,76,0.6750779231311111,0.0,9.061051072069258,296.0,417.0,80.0,45.0,75.70646870792683,54,6,12,12,0.1,0.3,332.0,0.1856886621099002,0.22803153225279166,0.027292322506232706,0.12256058911975469,30,12,80,33,30,113,8,0,0,0.6586427040007742,0.39362113220747674,17,60,105,25,0,80,0.6586427040007742,nenhuma,75.7064687079268,0.0,83,0,terminal,0.8823716582746197,34,j6021_1.sm,1,adaptativa,0,3.1578947368421053,0.5
True,198,76,0.7253467675844505,0.0,8.913627808027965,315.0,442.0,73.0,46.0,48.363713678559805,57,3,12,18,0.05,0.25,332.0,0.1271512290455533,0.14567383638120424,0.02684827653020471,0.07936756421973581,24,18,73,28,36,101,0,0,5,0.794910294566222,0.24332019624229823,2,60,96,23,5,73,0.794910294566222,nenhuma,48.3637136785598,0.0,52,0,terminal,0.9012646061747508,34,j6021_1.sm,3,adaptativa,0,2.6052631578947367,0.4
True,121,69,0.7212487791316919,0.0,5.161886744967213,318.0,441.0,46.0,66.0,58.4395098608248,56,4,13,8,0.06666666666666667,0.2833333333333333,337.0,0.14778368980224718,0.17341100848909435,0.015317171350051078,0.0955769277554974,20,8,46,58,40,104,6,32,4,0.6586427040007742,0.39362113220747674,13,60,94,48,4,46,0.6586427040007742,nenhuma,58.4395098608248,0.0,63,0,terminal,0.9075000000000001,34,j6032_1.sm,1,adaptativa,0,1.7536231884057971,0.3333333333333333
True,144,69,0.6459539365237699,0.0,7.939900280102312,313.0,472.0,96.0,87.0,75.70225802800931,54,6,14,12,0.1,0.3333333333333333,337.0,0.18343068533167936,0.22463578049854394,0.02356053495579321,0.10360205842570079,33,12,96,75,27,171,0,27,18,0.794910294566222,0.24332019624229823,0,60,153,57,18,96,0.794910294566222,nenhuma,75.70225802800931,0.0,80,0,terminal,0.7638264136818241,34,j6032_1.sm,3,adaptativa,0,2.0869565217391304,0.55
True,161,108,0.5416974169741697,0.0,4.5,313.0,367.0,179.0,71.0,60.5,57,3,15,4,0.05,0.3,334.0,0.15335868187579213,0.18113772455089822,0.01347305389221557,0.08929889298892989,18,4,179,67,42,246,27,0,2,0.6586427040007742,0.39362113220747674,20,60,217,38,2,179,0.6586427040007742,nenhuma,60.5,0.0,65,0,terminal,0.9191666666666666,34,j6043_1.sm,1,adaptativa,0,1.4907407407407407,0.3
True,172,108,0.5792817390667941,0.0,6.95324671343101,314.0,389.0,158.0,77.0,47.52125428063296,57,3,8,6,0.05,0.18333333333333332,334.0,0.12455729201833164,0.14227920443303282,0.020818103932428174,0.07076656766663342,20,6,158,71,40,229,1,6,13,0.794910294566222,0.24332019624229823,4,60,215,57,13,158,0.794910294566222,nenhuma,47.52125428063296,0.0,51,0,terminal,0.7939122164391907,34,j6043_1.sm,3,adaptativa,0,1.5925925925925926,0.3333333333333333
True,134,85,0.6622008018660499,0.0,5.0,280.0,381.0,84.0,53.0,57.35418097706979,53,7,11,3,0.11666666666666667,0.3,323.0,0.15079150919213233,0.17756712376801792,0.015479876160990712,0.09968499903775896,16,3,84,50,44,134,15,2,1,0.6586427040007742,0.39362113220747674,14,60,118,34,1,84,0.6586427040007742,nenhuma,57.35418097706979,0.0,61,0,terminal,0.9058333333333334,35,j6010_1.sm,1,adaptativa,0,1.576470588235294,0.26666666666666666
True,135,85,0.6115117154936253,0.0,14.053650726292886,295.0,400.0,118.0,76.0,60.116658545309306,56,4,12,13,0.06666666666666667,0.26666666666666666,323.0,0.15691476004612212,0.1861196858987904,0.04350975457056621,0.0919051024919665,29,13,118,63,31,181,5,7,3,0.794910294566222,0.24332019624229823,3,60,173,55,3,118,0.794910294566222,nenhuma,60.1166585453093,0.0,65,0,terminal,0.9058333333333334,35,j6010_1.sm,3,adaptativa,0,1.588235294117647,0.48333333333333334
True,225,76,0.7106110250752263,0.0,7.5,299.0,413.0,55.0,36.0,77.18996951430528,55,5,13,5,0.08333333333333333,0.3,332.0,0.18864091318251805,0.2324999081756183,0.022590361445783132,0.13281366431497807,22,5,55,31,38,86,12,0,0,0.6586427040007742,0.39362113220747674,17,60,74,19,0,55,0.6586427040007742,nenhuma,77.18996951430528,0.0,83,0,terminal,0.9158333333333334,35,j6021_1.sm,1,adaptativa,0,2.960526315789474,0.36666666666666664
True,199,76,0.7360838086991719,0.0,7.295255018788813,321.0,446.0,75.0,44.0,40.90926566933162,58,2,11,17,0.03333333333333333,0.21666666666666667,332.0,0.10970300133439681,0.12322067972690247,0.021973659695147026,0.06751714817257376,25,17,75,27,35,102,0,0,5,0.794910294566222,0.24332019624229823,2,60,97,22,5,75,0.794910294566222,nenhuma,40.909265669331624,0.0,45,0,terminal,0.8786679382209036,35,j6021_1.sm,3,adaptativa,0,2.6184210526315788,0.4166666666666667
True,121,69,0.7114981953530864,8.881784197001252e-16,10.477641157204314,300.0,438.0,48.0,71.0,58.60240470130661,53,7,11,12,0.11666666666666667,0.3,337.0,0.1481346018246614,0.17389437596826887,0.031090923315146332,0.09519521732495635,20,12,48,59,40,107,6,33,4,0.6586427040007742,0.39362113220747674,13,60,97,49,4,48,0.6586427040007742,nenhuma,58.60240470130661,0.0,64,0,terminal,0.9125,35,j6032_1.sm,1,adaptativa,0,1.7536231884057971,0.3333333333333333
True,147,69,0.62400537410415,0.0,9.989489769601038,293.0,493.0,128.0,88.0,81.05729831697819,52,8,14,14,0.13333333333333333,0.36666666666666664,337.0,0.1938904036439502,0.24052610776551392,0.029642402877154413,0.10259673379342325,33,14,128,74,27,202,0,25,11,0.794910294566222,0.24332019624229823,0,60,191,63,11,128,0.794910294566222,nenhuma,81.05729831697816,0.0,88,0,terminal,0.7692622873765117,35,j6032_1.sm,3,adaptativa,0,2.130434782608696,0.55
True,153,108,0.5856933941508797,0.0,4.5,303.0,369.0,138.0,60.0,63.02247197096165,55,5,14,2,0.08333333333333333,0.31666666666666665,334.0,0.15873779551594533,0.18869003584120253,0.01347305389221557,0.10003210167059948,21,2,138,58,39,196,22,0,2,0.6586427040007742,0.39362113220747674,20,60,172,34,2,138,0.6586427040007742,nenhuma,63.02247197096165,0.0,68,0,terminal,0.9208333333333334,35,j6043_1.sm,1,adaptativa,0,1.4166666666666667,0.35
True,166,108,0.5570019043831322,0.0,4.0,303.0,386.0,178.0,76.0,52.99583531493805,55,5,8,10,0.08333333333333333,0.21666666666666667,334.0,0.13694161662440094,0.15867016561358696,0.011976047904191617,0.07647352641138691,22,10,178,66,38,244,1,3,8,0.794910294566222,0.24332019624229823,4,60,235,57,8,178,0.794910294566222,nenhuma,52.995835314938056,0.0,58,0,terminal,0.8369834519011848,35,j6043_1.sm,3,adaptativa,0,1.537037037037037,0.36666666666666664
True,187,85,0.7150769821009776,1.7763568394002505e-15,21.33351771951672,229.0,395.0,60.0,40.0,57.388078328916485,44,16,2,4,0.26666666666666666,0.3,323.0,0.15086718432667015,0.1776720691297724,0.06604804247528397,0.10389087053168637,19,4,60,36,41,96,9,3,5,0.6586427040007742,0.39362113220747674,14,60,82,22,5,60,0.6586427040007742,nenhuma,57.388078328916485,0.0,62,0,terminal,0.9191666666666666,36,j6010_1.sm,1,adaptativa,0,2.2,0.31666666666666665
True,200,85,0.6078309214245556,0.0,30.097863496265038,240.0,395.0,114.0,83.0,57.851769755724135,43,17,2,16,0.2833333333333333,0.31666666666666665,323.0,0.1519010133334286,0.1791076463025515,0.09318223992651714,0.08902302409281783,25,16,114,67,35,181,6,7,2,0.794910294566222,0.24332019624229823,3,60,173,59,2,114,0.794910294566222,nenhuma,57.85176975572415,0.0,66,0,terminal,0.9091666666666667,36,j6010_1.sm,3,adaptativa,0,2.3529411764705883,0.4166666666666667
True,327,76,0.6925870669165726,0.0,39.99626973466356,203.0,439.0,54.0,37.0,103.85532443516004,39,21,4,7,0.35,0.4166666666666667,332.0,0.2382793523739781,0.31281724227457847,0.12047069197187818,0.16384704905288508,29,7,54,30,31,84,6,0,2,0.6586427040007742,0.39362113220747674,17,60,76,22,2,54,0.6586427040007742,nenhuma,103.85532443516004,0.0,116,0,terminal,0.8931357005659463,36,j6021_1.sm,1,adaptativa,0,4.302631578947368,0.48333333333333334
True,230,76,0.7123846950402096,0.0,19.732520489580228,226.0,465.0,55.0,46.0,86.73721240425257,43,17,3,15,0.2833333333333333,0.3333333333333333,332.0,0.20713996710785693,0.26125666386823065,0.05943530267945852,0.13288228517686315,30,15,55,31,30,86,0,0,8,0.794910294566222,0.24332019624229823,2,60,78,23,8,55,0.794910294566222,nenhuma,86.73721240425257,0.0,93,0,terminal,0.8388663559556565,36,j6021_1.sm,3,adaptativa,0,3.026315789473684,0.5
True,262,69,0.7495532592795318,0.0,35.76119120772975,248.0,460.0,41.0,49.0,63.698885709803456,44,16,2,2,0.26666666666666666,0.3,337.0,0.15896946056380062,0.18901746501425357,0.10611629438495475,0.1037950160788208,18,2,41,47,42,88,9,17,1,0.6586427040007742,0.39362113220747674,13,60,78,37,1,41,0.6586427040007742,nenhuma,63.698885709803456,0.0,70,0,terminal,0.9041666666666667,36,j6032_1.sm,1,adaptativa,0,3.7971014492753623,0.3
True,201,69,0.6515264661911374,1.9984014443252818e-15,31.11814556106335,229.0,491.0,103.0,78.0,81.61481916523715,43,17,3,14,0.2833333333333333,0.3333333333333333,337.0,0.19496399895251165,0.24218047230040698,0.09233871086368947,0.10829778965286288,38,14,103,64,22,167,0,12,10,0.794910294566222,0.24332019624229823,0,60,157,54,10,103,0.794910294566222,nenhuma,81.61481916523715,0.0,90,0,terminal,0.7883333333333332,36,j6032_1.sm,3,adaptativa,0,2.9130434782608696,0.6333333333333333
True,195,108,0.5029585798816568,0.0,28.0,230.0,340.0,196.0,88.0,52.0,45,15,0,3,0.25,0.25,334.0,0.13471502590673576,0.15568862275449102,0.08383233532934131,0.07692307692307693,20,3,196,85,40,281,48,0,9,0.6586427040007742,0.39362113220747674,20,60,224,28,9,196,0.6586427040007742,nenhuma,52.0,0.0,55,0,terminal,0.9208333333333334,36,j6043_1.sm,1,adaptativa,0,1.8055555555555556,0.3333333333333333
True,200,108,0.5566770920889085,0.0,18.524540418737573,230.0,389.0,159.0,91.0,59.78930807138667,43,17,1,2,0.2833333333333333,0.3,334.0,0.15183070450594352,0.1790099044053493,0.05546269586448375,0.08556128060459496,26,2,159,89,34,248,0,13,18,0.794910294566222,0.24332019624229823,4,60,230,71,18,159,0.794910294566222,nenhuma,59.78930807138667,0.0,65,0,terminal,0.780308709918629,36,j6043_1.sm,3,adaptativa,0,1.8518518518518519,0.43333333333333335
True,146,85,0.6794486419821971,0.0,14.023248433441257,241.0,389.0,75.0,54.0,54.52303701004754,48,12,3,4,0.2,0.25,323.0,0.14442307267356627,0.16880197216732984,0.04341562982489553,0.09523291376149581,22,4,75,50,38,125,9,6,3,0.6586427040007742,0.39362113220747674,14,60,113,38,3,75,0.6586427040007742,nenhuma,54.52303701004754,0.0,59,0,terminal,0.9328612231324908,37,j6010_1.sm,1,adaptativa,0,1.7176470588235293,0.36666666666666664
True,135,85,0.658700348501164,0.0,17.959792287700438,232.0,400.0,89.0,57.0,61.2563964937589,45,15,3,7,0.25,0.3,323.0,0.1594154243174813,0.18964828635838668,0.05560307209814377,0.10087402429591118,22,7,89,50,38,139,6,6,1,0.794910294566222,0.24332019624229823,3,60,132,43,1,89,0.794910294566222,nenhuma,61.2563964937589,0.0,66,0,terminal,0.9141666666666667,37,j6010_1.sm,3,adaptativa,0,1.588235294117647,0.36666666666666664
True,200,76,0.7163699588109683,0.0,17.270003518137674,217.0,432.0,55.0,45.0,71.04036299488897,44,16,2,11,0.26666666666666666,0.3,332.0,0.17626116269598002,0.21397699697255712,0.05201808288595685,0.11780366183464086,25,11,55,34,35,89,6,0,2,0.6586427040007742,0.39362113220747674,17,60,81,26,2,55,0.6586427040007742,nenhuma,71.04036299488897,0.0,78,0,terminal,0.8917761965383408,37,j6021_1.sm,1,adaptativa,0,2.6315789473684212,0.4166666666666667
True,247,76,0.6810179973178013,0.0,18.394763848247663,217.0,456.0,70.0,60.0,83.58582856247884,42,18,0,16,0.3,0.3,332.0,0.20112771614856115,0.25176454386288805,0.05540591520556525,0.12483213502580794,28,16,70,44,32,114,0,0,8,0.794910294566222,0.24332019624229823,2,60,106,36,8,70,0.794910294566222,nenhuma,83.58582856247884,0.0,90,0,terminal,0.8147723687389226,37,j6021_1.sm,3,adaptativa,0,3.25,0.4666666666666667
True,115,69,0.71880630517866,0.0,9.429144421629534,286.0,441.0,56.0,75.0,41.51715590528805,52,8,2,9,0.13333333333333333,0.16666666666666666,337.0,0.10968368344095981,0.12319630832429689,0.02797965703747636,0.06767073341906232,20,9,56,66,40,122,11,31,4,0.6586427040007742,0.39362113220747674,13,60,107,51,4,56,0.6586427040007742,nenhuma,41.51715590528806,0.0,43,0,terminal,0.8454928222283833,37,j6032_1.sm,1,adaptativa,0,1.6666666666666667,0.3333333333333333
True,171,69,0.6101940730558575,0.0,19.319253425204728,214.0,469.0,108.0,106.0,85.60792444483067,40,20,2,21,0.3333333333333333,0.36666666666666664,337.0,0.2025705612531796,0.25402944939118893,0.05732716149912382,0.1113804863600199,39,21,108,85,21,193,0,24,9,0.794910294566222,0.24332019624229823,0,60,184,76,9,108,0.794910294566222,nenhuma,85.60792444483067,0.0,96,0,terminal,0.7700064634451578,37,j6032_1.sm,3,adaptativa,0,2.4782608695652173,0.65
True,172,108,0.6123203133872899,0.0,14.550793834487319,231.0,392.0,116.0,73.0,59.187809271749195,46,14,1,2,0.23333333333333334,0.25,334.0,0.1505331749256802,0.17720900979565626,0.04356525100145904,0.09245382122955256,22,2,116,71,38,187,23,1,4,0.6586427040007742,0.39362113220747674,20,60,160,44,4,116,0.6586427040007742,nenhuma,59.187809271749195,0.0,65,0,terminal,0.9191818491169759,37,j6043_1.sm,1,adaptativa,0,1.5925925925925926,0.36666666666666664
True,163,108,0.556679127366621,0.0,14.589943816092292,249.0,388.0,158.0,96.0,54.99038624896873,46,14,1,4,0.23333333333333334,0.25,334.0,0.141366954539007,0.16464187499691238,0.04368246651524638,0.07889690781090038,21,4,158,92,39,250,0,8,24,0.794910294566222,0.24332019624229823,4,60,226,68,24,158,0.794910294566222,nenhuma,54.99038624896873,0.0,60,0,terminal,0.797929133590536,37,j6043_1.sm,3,adaptativa,0,1.5092592592592593,0.35
True,137,85,0.6476412179673069,0.0,11.93309032347883,229.0,381.0,83.0,61.0,63.28868427462098,47,13,3,6,0.21666666666666667,0.26666666666666666,323.0,0.16383778984741804,0.1959401989926346,0.03694455208507377,0.10758099886394717,18,6,83,55,42,138,12,6,3,0.6586427040007742,0.39362113220747674,14,60,123,40,3,83,0.6586427040007742,nenhuma,63.28868427462098,0.0,67,0,terminal,0.9328612231324908,38,j6010_1.sm,1,adaptativa,0,1.611764705882353,0.3
True,146,85,0.6561557738122676,0.0,16.959792287700438,232.0,393.0,93.0,53.0,59.94314076773022,47,13,1,3,0.21666666666666667,0.23333333333333334,323.0,0.1565327443848591,0.1855824791570595,0.05250709686594563,0.10008152141269137,18,3,93,50,42,143,6,6,1,0.794910294566222,0.24332019624229823,3,60,136,43,1,93,0.794910294566222,nenhuma,59.94314076773022,0.0,63,0,terminal,0.9208025379277217,38,j6010_1.sm,3,adaptativa,0,1.7176470588235293,0.3
True,226,76,0.7001876595091703,0.0,11.0,230.0,419.0,59.0,41.0,79.4110035497025,45,15,5,6,0.25,0.3333333333333333,332.0,0.1930210977940187,0.23918976972801959,0.03313253012048193,0.13270311387766254,28,6,59,35,32,94,14,0,3,0.6586427040007742,0.39362113220747674,17,60,77,18,3,59,0.6586427040007742,nenhuma,79.4110035497025,0.0,85,0,terminal,0.9208333333333334,38,j6021_1.sm,1,adaptativa,0,2.973684210526316,0.4666666666666667
True,246,76,0.7034854293969883,6.661338147750939e-16,15.70861204509315,206.0,463.0,64.0,49.0,82.15151338226437,40,20,1,13,0.3333333333333333,0.35,332.0,0.19836101216039265,0.24744431741645895,0.04731509652136491,0.12482158243484813,29,13,64,36,31,100,0,0,9,0.794910294566222,0.24332019624229823,2,60,91,27,9,64,0.794910294566222,nenhuma,82.15151338226437,0.0,89,0,terminal,0.812005327877125,38,j6021_1.sm,3,adaptativa,0,3.236842105263158,0.48333333333333334
True,119,69,0.7275560561426891,0.0,9.951973438202668,239.0,459.0,46.0,67.0,58.87922384083676,45,15,1,15,0.25,0.26666666666666666,337.0,0.14873026997877806,0.1747157977472901,0.029531078451639964,0.09332883635377297,23,15,46,52,37,98,11,23,1,0.6586427040007742,0.39362113220747674,13,60,86,40,1,46,0.6586427040007742,nenhuma,58.87922384083676,0.0,63,0,terminal,0.9008333333333334,38,j6032_1.sm,1,adaptativa,0,1.7246376811594204,0.38333333333333336
True,156,69,0.627827085483515,0.0,9.619493788843748,274.0,465.0,108.0,112.0,55.649791561453135,50,10,2,14,0.16666666666666666,0.2,337.0,0.14172881982223962,0.16513291264526153,0.02854449195502596,0.07513644396514457,27,14,108,98,33,206,0,34,11,0.794910294566222,0.24332019624229823,0,60,195,87,11,108,0.794910294566222,nenhuma,55.649791561453135,0.0,61,0,terminal,0.7748699138991634,38,j6032_1.sm,3,adaptativa,0,2.260869565217391,0.45
True,170,108,0.6109920925594269,0.0,9.078255926870673,230.0,398.0,105.0,71.0,77.3995923135279,45,15,4,5,0.25,0.31666666666666665,334.0,0.18813726060900327,0.23173530632792785,0.02718040696667866,0.11882044942434408,18,5,105,66,42,171,16,1,4,0.6586427040007742,0.39362113220747674,20,60,151,46,4,105,0.6586427040007742,nenhuma,77.3995923135279,0.0,85,0,terminal,0.9308485157836426,38,j6043_1.sm,1,adaptativa,0,1.5740740740740742,0.3
True,172,108,0.5894571929488831,0.0,9.449907468924955,247.0,406.0,144.0,87.0,51.76926917949708,47,13,2,5,0.21666666666666667,0.25,334.0,0.1341974939828839,0.15499781191466191,0.028293136134505854,0.07516199037330412,24,5,144,82,36,226,2,9,13,0.794910294566222,0.24332019624229823,4,60,211,67,13,144,0.794910294566222,nenhuma,51.76926917949708,0.0,56,0,terminal,0.7819833516267046,38,j6043_1.sm,3,adaptativa,0,1.5925925925925926,0.4
True,188,85,0.6629004825546708,0.0,9.653161352519179,304.0,370.0,86.0,67.0,35.15316135251918,56,4,8,4,0.06666666666666667,0.2,323.0,0.09815119659915272,0.10883331688086433,0.0298859484598117,0.0629812097943437,15,4,86,63,45,149,14,8,3,0.6586427040007742,0.39362113220747674,14,60,132,46,3,86,0.6586427040007742,nenhuma,35.15316135251918,0.0,39,0,terminal,0.9175,39,j6010_1.sm,1,adaptativa,0,2.211764705882353,0.25
True,156,85,0.6061582093241086,0.0,28.223715397775756,255.0,400.0,109.0,76.0,74.89372716079609,49,11,6,13,0.18333333333333332,0.2833333333333333,323.0,0.18822545330183146,0.23186912433683,0.08737992383212308,0.11349361886349128,24,13,109,63,36,172,6,7,2,0.794910294566222,0.24332019624229823,3,60,164,55,2,109,0.794910294566222,nenhuma,74.89372716079608,0.0,82,0,terminal,0.9191666666666666,39,j6010_1.sm,3,adaptativa,0,1.8352941176470587,0.4
True,215,76,0.6985518689283338,0.0,4.8119490786454975,293.0,419.0,83.0,47.0,50.812295460319326,54,6,10,9,0.1,0.26666666666666666,332.0,0.1327342304907401,0.1530490827118052,0.014493822526040655,0.08471366099843618,21,9,83,38,39,121,15,0,3,0.6586427040007742,0.39362113220747674,17,60,103,20,3,83,0.6586427040007742,nenhuma,50.812295460319326,0.0,57,0,terminal,0.9175,39,j6021_1.sm,1,adaptativa,0,2.8289473684210527,0.35
True,204,76,0.7142529645655579,0.0,22.696745499066097,233.0,460.0,52.0,40.0,92.0295285015633,47,13,6,7,0.21666666666666667,0.31666666666666665,332.0,0.21703565982014864,0.27719737500470876,0.06836369126224728,0.14289644252133063,32,7,52,33,28,85,0,0,7,0.794910294566222,0.24332019624229823,2,60,78,26,7,52,0.794910294566222,nenhuma,92.02952850156332,0.0,100,0,terminal,0.8188895625364916,39,j6021_1.sm,3,adaptativa,0,2.6842105263157894,0.5333333333333333
True,322,69,0.7485995232930317,3.552713678800501e-15,27.958305097611717,275.0,451.0,50.0,49.0,52.458305097611714,50,10,4,1,0.16666666666666666,0.23333333333333334,337.0,0.13469556152991485,0.15566262640240863,0.08296232966650362,0.0870737520816686,24,1,50,48,36,98,14,14,2,0.6586427040007742,0.39362113220747674,13,60,82,32,2,50,0.6586427040007742,nenhuma,52.458305097611714,0.0,57,0,terminal,0.8922200693563926,39,j6032_1.sm,1,adaptativa,0,4.666666666666667,0.4
True,154,69,0.6496504002927405,0.0,17.536981948547943,264.0,515.0,106.0,86.0,85.73406091635553,48,12,8,23,0.2,0.3333333333333333,337.0,0.20280850029096506,0.25440374159155943,0.05203852210251615,0.10814983882142246,35,23,106,63,25,169,0,12,7,0.794910294566222,0.24332019624229823,0,60,162,56,7,106,0.794910294566222,nenhuma,85.73406091635555,0.0,92,0,terminal,0.7633333333333333,39,j6032_1.sm,3,adaptativa,0,2.2318840579710146,0.5833333333333334
True,155,108,0.5032444124008651,0.0,14.0,275.0,349.0,212.0,93.0,39.5,51,9,3,1,0.15,0.2,334.0,0.10575635876840696,0.11826347305389222,0.041916167664670656,0.05695746214852199,18,1,212,92,42,304,43,1,7,0.6586427040007742,0.39362113220747674,20,60,254,42,7,212,0.6586427040007742,nenhuma,39.5,0.0,42,0,terminal,0.9208333333333334,39,j6043_1.sm,1,adaptativa,0,1.4351851851851851,0.3
True,165,108,0.5482162808903306,0.0,14.589943816092292,257.0,391.0,162.0,102.0,58.222159993126205,49,11,7,8,0.18333333333333332,0.3,334.0,0.14844179123929807,0.17431784429079702,0.04368246651524638,0.08163257293307787,22,8,162,94,38,256,0,8,27,0.794910294566222,0.24332019624229823,4,60,229,67,27,162,0.794910294566222,nenhuma,58.222159993126205,0.0,63,0,terminal,0.8078314145371991,39,j6043_1.sm,3,adaptativa,0,1.5277777777777777,0.36666666666666664
True,123,85,0.6703806870937791,0.0,2.0,312.0,361.0,86.0,64.0,27.5,57,3,7,2,0.05,0.16666666666666666,323.0,0.07845934379457917,0.08513931888544891,0.006191950464396285,0.0510677808727948,17,2,86,62,43,148,14,8,3,0.6586427040007742,0.39362113220747674,14,60,131,45,3,86,0.6586427040007742,nenhuma,27.5,0.0,29,0,terminal,0.9175,40,j6010_1.sm,1,adaptativa,0,1.4470588235294117,0.2833333333333333
True,140,85,0.6399997865728463,0.0,8.211347536225098,291.0,393.0,115.0,65.0,41.06270477758638,53,7,6,8,0.11666666666666667,0.21666666666666667,323.0,0.1127901986078812,0.12712911695847176,0.025422128595124143,0.06687054018768214,24,8,115,57,36,172,6,4,1,0.794910294566222,0.24332019624229823,3,60,165,50,1,115,0.794910294566222,nenhuma,41.06270477758639,0.0,46,0,terminal,0.9108333333333333,40,j6010_1.sm,3,adaptativa,0,1.6470588235294117,0.4
True,211,76,0.713270359426334,0.0,4.526175286744726,296.0,417.0,77.0,45.0,45.63105117025037,52,8,8,10,0.13333333333333333,0.26666666666666666,332.0,0.1208350082146136,0.1374429252115975,0.013633058092604596,0.07805102222831156,21,10,77,35,39,112,13,0,4,0.6586427040007742,0.39362113220747674,17,60,95,18,4,77,0.6586427040007742,nenhuma,45.63105117025037,0.0,51,0,terminal,0.9208333333333334,40,j6021_1.sm,1,adaptativa,0,2.776315789473684,0.35
True,210,76,0.7217879815326304,0.0,12.386203878437177,265.0,450.0,58.0,43.0,72.45177741042298,49,11,6,10,0.18333333333333332,0.2833333333333333,332.0,0.17913576217740673,0.2182282452121174,0.03730784300734089,0.1162107159456014,30,10,58,33,30,91,0,0,9,0.794910294566222,0.24332019624229823,2,60,82,24,9,58,0.794910294566222,nenhuma,72.45177741042296,0.0,78,0,terminal,0.8430822809937291,40,j6021_1.sm,3,adaptativa,0,2.763157894736842,0.5
True,155,69,0.7260059457224741,8.881784197001252e-16,9.359809493019416,280.0,447.0,50.0,57.0,61.69743696131102,49,11,8,7,0.18333333333333332,0.31666666666666665,337.0,0.15474751338142673,0.1830784479564125,0.027773915409553162,0.10020739612919315,25,7,50,50,35,100,14,15,2,0.6586427040007742,0.39362113220747674,13,60,84,34,2,50,0.6586427040007742,nenhuma,61.69743696131102,0.0,68,0,terminal,0.8905534026897258,40,j6032_1.sm,1,adaptativa,0,2.246376811594203,0.4166666666666667
True,158,69,0.6425062001301511,0.0,21.39808150355187,260.0,509.0,94.0,79.0,110.21025399738231,47,13,11,15,0.21666666666666667,0.4,337.0,0.246439461108661,0.3270333946509861,0.06349579081172663,0.1391174292951609,36,15,94,64,24,158,0,17,9,0.794910294566222,0.24332019624229823,0,60,149,55,9,94,0.794910294566222,nenhuma,110.21025399738232,0.0,121,0,terminal,0.800693834866865,40,j6032_1.sm,3,adaptativa,0,2.289855072463768,0.6
True,181,108,0.5288805181869909,0.0,9.372476784020643,281.0,372.0,171.0,107.0,53.37247678402064,53,7,7,10,0.11666666666666667,0.23333333333333334,334.0,0.13778076653024174,0.15979783468269654,0.028061307736588752,0.0758808149958494,17,10,171,97,43,268,40,4,6,0.6586427040007742,0.39362113220747674,20,60,222,51,6,171,0.6586427040007742,nenhuma,53.37247678402064,0.0,57,0,terminal,0.9208333333333334,40,j6043_1.sm,1,adaptativa,0,1.6759259259259258,0.2833333333333333
True,156,108,0.556633617392138,0.0,14.589943816092292,224.0,404.0,157.0,97.0,67.79159320769078,44,16,3,5,0.26666666666666666,0.31666666666666665,334.0,0.16872327433851636,0.20296884193919396,0.04368246651524638,0.09340366276230992,22,5,157,92,38,249,0,12,22,0.794910294566222,0.24332019624229823,4,60,227,70,22,157,0.794910294566222,nenhuma,67.79159320769078,0.0,72,0,terminal,0.7885984904110305,40,j6043_1.sm,3,adaptativa,0,1.4444444444444444,0.36666666666666664
True,128,85,0.6605608517874061,0.0,2.0,312.0,364.0,81.0,65.0,41.04688540814293,57,3,9,2,0.05,0.2,323.0,0.11275164560774675,0.12708014058248585,0.006191950464396285,0.07448891645171138,16,2,81,63,44,144,12,8,3,0.6586427040007742,0.39362113220747674,14,60,129,48,3,81,0.6586427040007742,nenhuma,41.04688540814293,0.0,43,0,terminal,0.9091666666666667,41,j6010_1.sm,1,adaptativa,0,1.5058823529411764,0.26666666666666666
True,140,85,0.650142932209754,0.0,6.330772566181494,284.0,393.0,107.0,60.0,44.482461516950444,51,9,4,9,0.15,0.21666666666666667,323.0,0.12104648840472255,0.13771659912368558,0.019599915065577383,0.07358767929398907,21,9,107,51,39,158,6,4,1,0.794910294566222,0.24332019624229823,3,60,151,44,1,107,0.794910294566222,nenhuma,44.48246151695044,0.0,50,0,terminal,0.9191666666666666,41,j6010_1.sm,3,adaptativa,0,1.6470588235294117,0.35
True,223,76,0.7506685309897596,0.0,4.795448632019328,285.0,439.0,47.0,38.0,60.812046698130125,52,8,8,8,0.13333333333333333,0.26666666666666666,332.0,0.15481207159836222,0.18316881535581364,0.014444122385600385,0.10398562588010479,26,8,47,30,34,77,4,0,1,0.6586427040007742,0.39362113220747674,17,60,72,25,1,47,0.6586427040007742,nenhuma,60.812046698130125,0.0,66,0,terminal,0.867811424390883,41,j6021_1.sm,1,adaptativa,0,2.9342105263157894,0.43333333333333335
True,232,76,0.6725443628639219,8.881784197001252e-16,14.316431540942045,275.0,473.0,85.0,66.0,79.29933030113526,50,10,12,17,0.16666666666666666,0.36666666666666664,332.0,0.19280199226941552,0.23885340452149173,0.043121781749825436,0.11275331410763786,34,17,85,49,26,134,0,0,9,0.794910294566222,0.24332019624229823,2,60,125,40,9,85,0.794910294566222,nenhuma,79.29933030113524,0.0,90,0,terminal,0.7934608192692624,41,j6021_1.sm,3,adaptativa,0,3.0526315789473686,0.5666666666666667
True,124,69,0.6923311594798621,0.0,9.331550415294842,288.0,438.0,56.0,79.0,59.64522187483623,53,7,8,12,0.11666666666666667,0.25,337.0,0.1503742351739652,0.17698878894610157,0.027690060579509918,0.09427909958456393,23,12,56,67,37,123,11,32,1,0.6586427040007742,0.39362113220747674,13,60,111,55,1,56,0.6586427040007742,nenhuma,59.64522187483623,0.0,64,0,terminal,0.8741666666666666,41,j6032_1.sm,1,adaptativa,0,1.7971014492753623,0.38333333333333336
True,149,69,0.6507407655348139,0.0,7.579058593603351,300.0,474.0,106.0,103.0,45.40065522933894,53,7,5,14,0.11666666666666667,0.2,337.0,0.11872535940638121,0.13472004519091674,0.022489788111582646,0.0623292344719877,27,14,106,89,33,195,0,29,11,0.794910294566222,0.24332019624229823,0,60,184,78,11,106,0.794910294566222,nenhuma,45.40065522933894,0.0,50,0,terminal,0.782593237535043,41,j6032_1.sm,3,adaptativa,0,2.1594202898550723,0.45
True,173,108,0.5877734469413792,8.881784197001252e-16,13.35658557871151,249.0,392.0,124.0,73.0,77.92362855087521,47,13,9,3,0.21666666666666667,0.36666666666666664,334.0,0.18917008675857286,0.23330427709842877,0.039989777181770984,0.11684040752940712,26,3,124,70,34,194,16,0,6,0.6586427040007742,0.39362113220747674,20,60,172,48,6,124,0.6586427040007742,nenhuma,77.92362855087521,0.0,86,0,terminal,0.9893159763558369,41,j6043_1.sm,1,adaptativa,0,1.6018518518518519,0.43333333333333335
True,163,108,0.576502400715251,0.0,8.5,263.0,400.0,143.0,86.0,64.83926156028274,50,10,6,6,0.16666666666666666,0.26666666666666666,334.0,0.16256990675047314,0.19412952562958902,0.025449101796407185,0.09344997487526774,24,6,143,80,36,223,2,8,18,0.794910294566222,0.24332019624229823,4,60,203,60,18,143,0.794910294566222,nenhuma,64.83926156028274,0.0,71,0,terminal,0.7870851070038615,41,j6043_1.sm,3,adaptativa,0,1.5092592592592593,0.4
True,188,85,0.6629004825546708,0.0,9.653161352519179,304.0,370.0,86.0,67.0,35.15316135251918,56,4,8,4,0.06666666666666667,0.2,323.0,0.09815119659915272,0.10883331688086433,0.0298859484598117,0.0629812097943437,15,4,86,63,45,149,14,8,3,0.6586427040007742,0.39362113220747674,14,60,132,46,3,86,0.6586427040007742,nenhuma,35.15316135251918,0.0,39,0,terminal,0.9175,42,j6010_1.sm,1,adaptativa,0,2.211764705882353,0.25
True,219,85,0.5988597643882229,0.0,8.18022467881703,299.0,408.0,117.0,83.0,73.29472751738564,55,5,14,9,0.08333333333333333,0.31666666666666665,323.0,0.1849500445704773,0.2269186610445376,0.02532577299943353,0.1075815275783347,22,9,117,74,38,191,3,5,7,0.794910294566222,0.24332019624229823,3,60,181,64,7,117,0.794910294566222,nenhuma,73.29472751738565,0.0,80,0,terminal,0.8349048422765751,42,j6010_1.sm,3,adaptativa,0,2.5764705882352943,0.36666666666666664
True,238,76,0.7276560623521974,0.0,14.80703021133181,286.0,426.0,51.0,37.0,71.44142217811842,52,8,11,8,0.13333333333333333,0.31666666666666665,332.0,0.17708003752420148,0.21518500656059764,0.04459948858834883,0.12203000927457884,23,8,51,29,37,80,4,0,3,0.6586427040007742,0.39362113220747674,17,60,73,22,3,51,0.6586427040007742,nenhuma,71.44142217811843,0.0,78,0,terminal,0.9149471730642955,42,j6021_1.sm,1,adaptativa,0,3.1315789473684212,0.38333333333333336
True,222,76,0.7274115265805591,0.0,8.437017658234954,310.0,455.0,45.0,44.0,81.5056228471929,56,4,13,18,0.06666666666666667,0.2833333333333333,332.0,0.19710886223501858,0.24549886399756896,0.025412703789864318,0.13030358140697995,33,18,45,26,27,71,0,5,3,0.794910294566222,0.24332019624229823,2,60,68,23,3,45,0.794910294566222,nenhuma,81.5056228471929,0.0,87,0,terminal,0.8674241185343985,42,j6021_1.sm,3,adaptativa,0,2.9210526315789473,0.55
True,201,69,0.7227405101132086,8.881784197001252e-16,8.664996929409522,308.0,449.0,57.0,64.0,51.246482959243,55,5,10,3,0.08333333333333333,0.25,337.0,0.13199471265943885,0.1520667150125905,0.02571215706056238,0.08248977558011389,23,3,57,61,37,118,14,20,4,0.6586427040007742,0.39362113220747674,13,60,100,43,4,57,0.6586427040007742,nenhuma,51.24648295924299,0.0,57,0,terminal,0.85715948889505,42,j6032_1.sm,1,adaptativa,0,2.9130434782608696,0.38333333333333336
True,168,69,0.6523712423323739,0.0,11.815829399797641,307.0,494.0,95.0,76.0,92.23754810809704,56,4,18,13,0.06666666666666667,0.36666666666666664,337.0,0.21488695132716676,0.27370192316942743,0.03506180830800487,0.12180794301411209,37,13,95,63,23,158,0,12,8,0.794910294566222,0.24332019624229823,0,60,150,55,8,95,0.794910294566222,nenhuma,92.23754810809704,0.0,100,0,terminal,0.7549999999999999,42,j6032_1.sm,3,adaptativa,0,2.4347826086956523,0.6166666666666667
True,149,108,0.5532530332232787,0.0,4.5,310.0,373.0,160.0,82.0,59.194225067116484,56,4,12,4,0.06666666666666667,0.26666666666666666,334.0,0.1505470357735094,0.1772282187638218,0.01347305389221557,0.08779995862649767,19,4,160,78,41,238,25,0,6,0.6586427040007742,0.39362113220747674,20,60,207,47,6,160,0.6586427040007742,nenhuma,59.194225067116484,0.0,64,0,terminal,0.9125,42,j6043_1.sm,1,adaptativa,0,1.3796296296296295,0.31666666666666665
True,225,108,0.542578898688157,0.0,9.255676691075031,291.0,386.0,172.0,88.0,65.41727209308698,54,6,9,6,0.1,0.25,334.0,0.16378178076846167,0.19586009608708677,0.02771160685950608,0.09195344934572704,19,6,172,82,41,254,6,14,8,0.794910294566222,0.24332019624229823,4,60,240,68,8,172,0.794910294566222,nenhuma,65.41727209308698,0.0,70,0,terminal,0.8941666666666667,42,j6043_1.sm,3,adaptativa,0,2.0833333333333335,0.31666666666666665
True,128,85,0.6426690079016681,0.0,2.5,315.0,366.0,98.0,75.0,30.5,57,3,10,5,0.05,0.21666666666666667,323.0,0.08628005657708628,0.09442724458204334,0.007739938080495356,0.053555750658472345,13,5,98,70,47,168,12,8,4,0.6586427040007742,0.39362113220747674,14,60,152,54,4,98,0.6586427040007742,nenhuma,30.5,0.0,34,0,terminal,0.9191666666666668,43,j6010_1.sm,1,adaptativa,0,1.5058823529411764,0.21666666666666667
True,157,85,0.5961243146711153,0.0,8.409977269730305,296.0,408.0,121.0,83.0,72.42100071877738,54,6,14,10,0.1,0.3333333333333333,323.0,0.1831491007992341,0.22421362451633864,0.02603708133043438,0.10581352799332722,23,10,121,73,37,194,3,5,7,0.794910294566222,0.24332019624229823,3,60,184,63,7,121,0.794910294566222,nenhuma,72.42100071877738,0.0,79,0,terminal,0.8382381756099085,43,j6010_1.sm,3,adaptativa,0,1.8470588235294119,0.38333333333333336
True,228,76,0.7214010564400555,0.0,8.59977592454193,290.0,422.0,50.0,40.0,72.97280567132898,54,6,12,9,0.1,0.3,332.0,0.1801918663411509,0.219797607443762,0.0259029395317528,0.12474563768410332,24,9,50,31,36,81,5,0,2,0.6586427040007742,0.39362113220747674,17,60,74,24,2,50,0.6586427040007742,nenhuma,72.972805671329,0.0,82,0,terminal,0.8913907102369532,43,j6021_1.sm,1,adaptativa,0,3.0,0.4
True,226,76,0.7218772434135173,0.0,8.437017658234954,310.0,455.0,45.0,44.0,86.30107147921223,56,4,14,18,0.06666666666666667,0.3,332.0,0.20631329289698228,0.25994298638316937,0.025412703789864318,0.1369203946880146,33,18,45,26,27,71,0,5,3,0.794910294566222,0.24332019624229823,2,60,68,23,3,45,0.794910294566222,nenhuma,86.30107147921223,0.0,92,0,terminal,0.8674241185343985,43,j6021_1.sm,3,adaptativa,0,2.973684210526316,0.55
True,119,69,0.6994847556985985,1.7763568394002505e-15,11.977352335011528,287.0,445.0,58.0,75.0,58.18255633829193,52,8,9,14,0.13333333333333333,0.2833333333333333,337.0,0.14722956619695873,0.1726485351284627,0.035541104851666255,0.09145575551957319,24,14,58,61,36,119,10,21,4,0.6586427040007742,0.39362113220747674,13,60,105,47,4,58,0.6586427040007742,nenhuma,58.18255633829193,0.0,64,0,terminal,0.8604928222283833,43,j6032_1.sm,1,adaptativa,0,1.7246376811594204,0.4
True,162,69,0.5828764852238957,0.0,4.64004751412378,323.0,480.0,145.0,105.0,93.50208349136165,57,3,19,17,0.05,0.36666666666666664,337.0,0.21719310330175867,0.2774542536835657,0.013768686985530505,0.11354201205532526,35,17,145,88,25,233,0,19,21,0.794910294566222,0.24332019624229823,0,60,212,67,21,145,0.794910294566222,nenhuma,93.50208349136165,0.0,103,0,terminal,0.7992823006214348,43,j6032_1.sm,3,adaptativa,0,2.347826086956522,0.5833333333333334
True,151,108,0.5959743762016776,0.0,4.0,313.0,367.0,130.0,60.0,58.79828706562931,57,3,16,4,0.05,0.31666666666666665,334.0,0.14969079296368012,0.17604277564559673,0.011976047904191617,0.09548303121434766,22,4,130,56,38,186,12,0,4,0.6586427040007742,0.39362113220747674,20,60,170,40,4,130,0.6586427040007742,nenhuma,58.79828706562931,0.0,65,0,terminal,0.9158333333333334,43,j6043_1.sm,1,adaptativa,0,1.3981481481481481,0.36666666666666664
True,181,108,0.5827297773079689,0.0,7.151177968043811,292.0,388.0,152.0,75.0,50.83177161881072,54,6,7,1,0.1,0.21666666666666667,334.0,0.13208829251541465,0.15219093299045125,0.02141071247917309,0.07634326534948223,20,1,152,74,40,226,6,1,11,0.794910294566222,0.24332019624229823,4,60,209,57,11,152,0.794910294566222,nenhuma,50.83177161881072,0.0,55,0,terminal,0.8788062060849321,43,j6043_1.sm,3,adaptativa,0,1.6759259259259258,0.3333333333333333
True,126,85,0.6683814006848535,0.0,4.5,308.0,363.0,82.0,64.0,34.10308399972519,57,3,8,2,0.05,0.18333333333333332,323.0,0.09549927045645855,0.10558230340472197,0.01393188854489164,0.06279302218019157,16,2,82,62,44,144,13,8,3,0.6586427040007742,0.39362113220747674,14,60,128,46,3,82,0.6586427040007742,nenhuma,34.10308399972519,0.0,38,0,terminal,0.9208333333333334,44,j6010_1.sm,1,adaptativa,0,1.4823529411764707,0.26666666666666666
True,157,85,0.5961243146711153,0.0,8.409977269730305,296.0,408.0,121.0,83.0,72.42100071877738,54,6,14,10,0.1,0.3333333333333333,323.0,0.1831491007992341,0.22421362451633864,0.02603708133043438,0.10581352799332722,23,10,121,73,37,194,3,5,7,0.794910294566222,0.24332019624229823,3,60,184,63,7,121,0.794910294566222,nenhuma,72.42100071877738,0.0,79,0,terminal,0.8382381756099085,44,j6010_1.sm,3,adaptativa,0,1.8470588235294119,0.38333333333333336
True,208,76,0.75235993012324,0.0,7.4684288415526865,307.0,433.0,47.0,35.0,60.52240977144095,56,4,11,6,0.06666666666666667,0.25,332.0,0.15418841896614796,0.18229641497421972,0.022495267595038212,0.1051608221397954,27,6,47,29,33,76,4,0,2,0.6586427040007742,0.39362113220747674,17,60,70,23,2,47,0.6586427040007742,nenhuma,60.52240977144095,0.0,67,0,terminal,0.8713839871820971,44,j6021_1.sm,1,adaptativa,0,2.736842105263158,0.45
True,230,76,0.7039762203344759,0.0,6.983114636310178,307.0,463.0,55.0,50.0,89.69267004504444,56,4,14,17,0.06666666666666667,0.3,332.0,0.21269677283094257,0.27015864471398926,0.02103347782021138,0.13637474481645281,29,17,55,33,31,88,0,0,5,0.794910294566222,0.24332019624229823,2,60,83,28,5,55,0.794910294566222,nenhuma,89.69267004504444,0.0,97,0,terminal,0.8435180878278755,44,j6021_1.sm,3,adaptativa,0,3.026315789473684,0.48333333333333334
True,134,69,0.6965586599631536,0.0,7.609688439556788,325.0,449.0,58.0,72.0,65.59754189798045,58,2,13,10,0.03333333333333333,0.25,337.0,0.16293577349909175,0.19465145963792418,0.022580677862186312,0.10176511332145675,22,10,58,62,38,120,11,28,1,0.6586427040007742,0.39362113220747674,13,60,108,50,1,58,0.6586427040007742,nenhuma,65.59754189798046,0.0,70,0,terminal,0.8825,44,j6032_1.sm,1,adaptativa,0,1.9420289855072463,0.36666666666666664
True,139,69,0.6555631677485794,0.0,17.51894657146601,297.0,488.0,107.0,75.0,74.39813584395431,54,6,11,11,0.1,0.2833333333333333,337.0,0.18084218026737472,0.2207659817328021,0.051985004663103886,0.09994401149272913,26,11,107,64,34,171,0,13,18,0.794910294566222,0.24332019624229823,0,60,153,46,18,107,0.794910294566222,nenhuma,74.39813584395431,0.0,82,0,terminal,0.8022514983456928,44,j6032_1.sm,3,adaptativa,0,2.0144927536231885,0.43333333333333335
True,168,108,0.5901726008167212,0.0,7.8213923537604995,303.0,373.0,128.0,57.0,74.01849676487372,56,4,16,3,0.06666666666666667,0.3333333333333333,334.0,0.1814096599829588,0.22161226576309495,0.02341734237652844,0.11711444703557529,22,3,128,54,38,182,12,0,4,0.6586427040007742,0.39362113220747674,20,60,166,38,4,128,0.6586427040007742,nenhuma,74.01849676487372,0.0,80,0,terminal,0.9208333333333334,44,j6043_1.sm,1,adaptativa,0,1.5555555555555556,0.36666666666666664
True,165,108,0.5877582283234853,0.0,6.667664259311342,315.0,384.0,148.0,77.0,44.3298582570542,57,3,8,7,0.05,0.18333333333333332,334.0,0.11717250777213178,0.13272412651812635,0.01996306664464474,0.06785218476822241,21,7,148,70,39,218,0,2,25,0.794910294566222,0.24332019624229823,4,60,193,45,25,148,0.794910294566222,nenhuma,44.329858257054205,0.0,49,0,terminal,0.836851010843886,44,j6043_1.sm,3,adaptativa,0,1.5277777777777777,0.35
True,250,85,0.7596012864795756,0.0,14.0,254.0,428.0,38.0,59.0,38.45349542994522,49,11,0,10,0.18333333333333332,0.18333333333333332,323.0,0.10638573403254872,0.11905106944255486,0.043343653250773995,0.06824608550986652,16,10,38,49,44,87,10,8,12,0.6586427040007742,0.39362113220747674,14,60,65,27,12,38,0.6586427040007742,nenhuma,38.45349542994522,0.0,43,0,terminal,0.8897983253558177,45,j6010_1.sm,1,adaptativa,0,2.9411764705882355,0.26666666666666666
True,148,85,0.6367086931422566,0.0,19.462142579499062,257.0,393.0,98.0,80.0,46.23674300798959,50,10,4,5,0.16666666666666666,0.23333333333333334,323.0,0.12522248634120658,0.14314781117024641,0.06025431139163796,0.07490925245743366,19,5,98,75,41,173,5,16,17,0.794910294566222,0.24332019624229823,3,60,151,53,17,98,0.794910294566222,nenhuma,46.23674300798959,0.0,48,0,terminal,0.8557523531037443,45,j6010_1.sm,3,adaptativa,0,1.7411764705882353,0.31666666666666665
True,249,76,0.7182646468990044,4.440892098500626e-15,18.100335165209778,241.0,423.0,52.0,45.0,68.91942103267445,45,15,3,8,0.25,0.3,332.0,0.17190342352374494,0.20758861756829652,0.05451908182292102,0.1170269116135171,24,8,52,37,36,89,6,0,13,0.6586427040007742,0.39362113220747674,17,60,70,18,13,52,0.6586427040007742,nenhuma,68.91942103267445,0.0,74,0,terminal,0.9208333333333334,45,j6021_1.sm,1,adaptativa,0,3.276315789473684,0.4
True,235,76,0.6827363770132489,0.0,22.57500514220291,193.0,458.0,55.0,55.0,102.8299358584086,38,22,2,15,0.36666666666666664,0.4,332.0,0.23648311070260025,0.30972872246508615,0.06799700344037021,0.15328763724121103,30,15,55,40,30,95,0,0,9,0.794910294566222,0.24332019624229823,2,60,86,31,9,55,0.794910294566222,nenhuma,102.8299358584086,0.0,111,0,terminal,0.8325489717971029,45,j6021_1.sm,3,adaptativa,0,3.0921052631578947,0.5
True,209,69,0.7493670845561017,2.6645352591003757e-15,33.95513903189447,251.0,478.0,39.0,66.0,54.87162507030874,47,13,1,8,0.21666666666666667,0.23333333333333334,337.0,0.14002449159329614,0.16282381326501108,0.10075708911541385,0.08602299101211873,23,8,39,58,37,97,12,15,5,0.6586427040007742,0.39362113220747674,13,60,80,41,5,39,0.6586427040007742,nenhuma,54.87162507030874,0.0,58,0,terminal,0.8333164180475849,45,j6032_1.sm,1,adaptativa,0,3.028985507246377,0.38333333333333336
True,170,69,0.6253626070335928,2.6645352591003757e-15,28.990286313211605,208.0,477.0,96.0,97.0,92.75747004229954,40,20,2,13,0.3333333333333333,0.36666666666666664,337.0,0.21583678355415148,0.27524471822640817,0.08602458846650328,0.1216080781708445,31,13,96,84,29,180,0,25,20,0.794910294566222,0.24332019624229823,0,60,160,64,20,96,0.794910294566222,nenhuma,92.75747004229956,0.0,101,0,terminal,0.7961309668824935,45,j6032_1.sm,3,adaptativa,0,2.463768115942029,0.5166666666666667
True,201,108,0.5067411703005601,0.0,18.843628004473942,250.0,357.0,178.0,107.0,62.501668550544025,48,12,5,5,0.2,0.2833333333333333,334.0,0.15763280083795317,0.18713074416330547,0.05641804791758665,0.08871755929142966,19,5,178,102,41,280,40,2,17,0.6586427040007742,0.39362113220747674,20,60,223,45,17,178,0.6586427040007742,nenhuma,62.501668550544025,0.0,69,0,terminal,0.9208333333333334,45,j6043_1.sm,1,adaptativa,0,1.8611111111111112,0.31666666666666665
True,157,108,0.5870388411127488,0.0,18.95718521515013,260.0,392.0,139.0,90.0,46.758200218835384,49,11,2,7,0.18333333333333332,0.21666666666666667,334.0,0.12280287119742075,0.13999461143363887,0.05675803956631775,0.07002265221679338,23,7,139,83,37,222,3,1,20,0.794910294566222,0.24332019624229823,4,60,199,60,20,139,0.794910294566222,nenhuma,46.758200218835384,0.0,51,0,terminal,0.9070470206066185,45,j6043_1.sm,3,adaptativa,0,1.4537037037037037,0.38333333333333336
True,155,85,0.6351351351351351,0.0,9.5,255.0,376.0,103.0,73.0,40.0,48,12,2,2,0.2,0.23333333333333334,323.0,0.11019283746556474,0.1238390092879257,0.029411764705882353,0.06756756756756757,14,2,103,71,46,174,21,1,10,0.6586427040007742,0.39362113220747674,14,60,143,40,10,103,0.6586427040007742,nenhuma,40.0,0.0,42,0,terminal,0.9141666666666666,46,j6010_1.sm,1,adaptativa,0,1.8235294117647058,0.23333333333333334
True,147,85,0.6255948136749058,1.7763568394002505e-15,12.937198266453823,254.0,401.0,107.0,89.0,43.989968641879024,48,12,0,13,0.2,0.2,323.0,0.11986695114493957,0.1361918533804304,0.04005324540697778,0.06862817016479116,24,13,107,76,36,183,5,16,16,0.794910294566222,0.24332019624229823,3,60,162,55,16,107,0.794910294566222,nenhuma,43.989968641879024,0.0,48,0,terminal,0.897931267398008,46,j6010_1.sm,3,adaptativa,0,1.7294117647058824,0.4
True,213,76,0.7283871005948908,0.0,13.267011027302566,240.0,440.0,48.0,45.0,71.07439895715025,47,13,5,12,0.21666666666666667,0.3,332.0,0.1763307199391395,0.21407951493117547,0.03996087658826074,0.11765835314300728,21,12,48,33,39,81,6,0,10,0.6586427040007742,0.39362113220747674,17,60,65,17,10,48,0.6586427040007742,nenhuma,71.07439895715025,0.0,76,0,terminal,0.9046732051272238,46,j6021_1.sm,1,adaptativa,0,2.8026315789473686,0.35
True,238,76,0.6877714804183497,1.7763568394002505e-15,17.084049991788675,214.0,474.0,73.0,56.0,86.18240068878796,44,16,1,11,0.26666666666666666,0.2833333333333333,332.0,0.20608806240252336,0.25958554424333724,0.051457981902977935,0.1250502052905804,29,11,73,45,31,118,0,0,10,0.794910294566222,0.24332019624229823,2,60,108,35,10,73,0.794910294566222,nenhuma,86.18240068878796,0.0,94,0,terminal,0.751777202593193,46,j6021_1.sm,3,adaptativa,0,3.1315789473684212,0.48333333333333334
True,112,69,0.7536281415853738,0.0,10.950751593646554,288.0,462.0,39.0,71.0,41.0344323768368,53,7,3,8,0.11666666666666667,0.16666666666666666,337.0,0.10854681177806673,0.12176389429328427,0.03249481185058325,0.06693658660858487,26,8,39,63,34,102,11,16,5,0.6586427040007742,0.39362113220747674,13,60,86,47,5,39,0.6586427040007742,nenhuma,41.0344323768368,0.0,44,0,terminal,0.8586532787787059,46,j6032_1.sm,1,adaptativa,0,1.6231884057971016,0.43333333333333335
True,148,69,0.6164104821389909,4.440892098500626e-15,29.993240048935444,203.0,476.0,102.0,90.0,104.21269558597396,37,23,4,22,0.38333333333333336,0.45,337.0,0.2361960492718126,0.3092364854183204,0.08900071231138114,0.1349533569982229,36,22,102,68,24,170,0,9,15,0.794910294566222,0.24332019624229823,0,60,155,53,15,102,0.794910294566222,nenhuma,104.21269558597398,0.0,115,0,terminal,0.7833333333333332,46,j6032_1.sm,3,adaptativa,0,2.1449275362318843,0.6
True,178,108,0.4930167597765363,0.0,11.5,206.0,353.0,182.0,112.0,69.0,38,22,1,3,0.36666666666666664,0.38333333333333336,334.0,0.17121588089330025,0.20658682634730538,0.0344311377245509,0.09636871508379888,18,3,182,109,42,291,29,2,9,0.6586427040007742,0.39362113220747674,20,60,253,71,9,182,0.6586427040007742,nenhuma,69.0,0.0,76,0,terminal,0.9125,46,j6043_1.sm,1,adaptativa,0,1.6481481481481481,0.3
True,164,108,0.6032266729293769,0.0,11.488731334996844,259.0,411.0,126.0,95.0,49.335919720045354,47,13,2,4,0.21666666666666667,0.25,334.0,0.1287015309081287,0.14771233449115376,0.034397399206577375,0.07241056620105546,24,4,126,91,36,217,3,4,21,0.794910294566222,0.24332019624229823,4,60,193,67,21,126,0.794910294566222,nenhuma,49.335919720045354,0.0,55,0,terminal,0.8235905682138207,46,j6043_1.sm,3,adaptativa,0,1.5185185185185186,0.4
True,116,85,0.7505544575349384,8.881784197001252e-16,9.00310068319904,254.0,401.0,40.0,50.0,43.27169204618753,48,12,2,10,0.2,0.23333333333333334,323.0,0.11814096744536537,0.13396808683030195,0.027873376728170404,0.08099192356694562,19,10,40,40,41,80,7,1,8,0.6586427040007742,0.39362113220747674,14,60,65,25,8,40,0.6586427040007742,nenhuma,43.27169204618753,0.0,48,0,terminal,0.9186976490816984,47,j6010_1.sm,1,adaptativa,0,1.3647058823529412,0.31666666666666665
True,138,85,0.6068057421855887,0.0,10.831365657544051,218.0,388.0,113.0,76.0,62.413856900075324,44,16,2,3,0.26666666666666666,0.3,323.0,0.1619398363153744,0.19323175510859233,0.03353363980663793,0.09761104834771993,21,3,113,73,39,186,5,7,15,0.794910294566222,0.24332019624229823,3,60,166,53,15,113,0.794910294566222,nenhuma,62.41385690007532,0.0,66,0,terminal,0.8534855968243446,47,j6010_1.sm,3,adaptativa,0,1.6235294117647059,0.35
True,186,76,0.7477724891056428,0.0,9.0,240.0,436.0,56.0,42.0,49.06504498643499,43,17,1,9,0.2833333333333333,0.3,332.0,0.12875766390008717,0.14778628007962347,0.02710843373493976,0.08415020829721749,25,9,56,33,35,89,6,0,10,0.6586427040007742,0.39362113220747674,17,60,73,17,10,56,0.6586427040007742,nenhuma,49.065044986434984,0.0,54,0,terminal,0.9072981987122236,47,j6021_1.sm,1,adaptativa,0,2.4473684210526314,0.4166666666666667
True,234,76,0.6980274008523647,1.7763568394002505e-15,20.26966311716241,232.0,471.0,76.0,56.0,71.75861180357619,43,17,2,12,0.2833333333333333,0.31666666666666665,332.0,0.17772651704698725,0.21614039699872345,0.06105320216012774,0.10634708553295988,29,12,76,44,31,120,0,0,10,0.794910294566222,0.24332019624229823,2,60,110,34,10,76,0.794910294566222,nenhuma,71.75861180357617,0.0,79,0,terminal,0.7825126771411056,47,j6021_1.sm,3,adaptativa,0,3.0789473684210527,0.48333333333333334
True,128,69,0.73078612082926,0.0,12.446365900085997,268.0,470.0,38.0,76.0,59.1430299561071,48,12,3,10,0.2,0.25,337.0,0.14929716158999487,0.1754986052110003,0.03693283649877151,0.09195937326747282,27,10,38,66,33,104,11,22,5,0.6586427040007742,0.39362113220747674,13,60,88,50,5,38,0.6586427040007742,nenhuma,59.1430299561071,0.0,65,0,terminal,0.8654355324562214,47,j6032_1.sm,1,adaptativa,0,1.855072463768116,0.45
True,162,69,0.6065644865139501,8.881784197001252e-16,24.117514038758486,213.0,466.0,96.0,100.0,106.26126547269043,39,21,4,13,0.35,0.4166666666666667,337.0,0.23972603462062994,0.3153153278121378,0.07156532355714684,0.13831396980207084,37,13,96,87,23,183,0,31,16,0.794910294566222,0.24332019624229823,0,60,167,71,16,96,0.794910294566222,nenhuma,106.26126547269044,0.0,117,0,terminal,0.7951642078330532,47,j6032_1.sm,3,adaptativa,0,2.347826086956522,0.6166666666666667
True,154,108,0.6060113728675873,0.0,11.5,243.0,373.0,124.0,71.0,47.5,47,13,2,5,0.21666666666666667,0.25,334.0,0.12450851900393185,0.14221556886227546,0.0344311377245509,0.07717303005686434,15,5,124,66,45,190,21,2,3,0.6586427040007742,0.39362113220747674,20,60,166,42,3,124,0.6586427040007742,nenhuma,47.5,0.0,52,0,terminal,0.9208333333333334,47,j6043_1.sm,1,adaptativa,0,1.4259259259259258,0.25
True,154,108,0.590603577963661,0.0,15.862991044682326,252.0,397.0,129.0,96.0,50.19369271147023,48,12,3,8,0.2,0.25,334.0,0.13064684211035638,0.15028051710021026,0.04749398516371954,0.0746714723088233,23,8,129,88,37,217,3,6,20,0.794910294566222,0.24332019624229823,4,60,194,65,20,129,0.794910294566222,nenhuma,50.19369271147023,0.0,55,0,terminal,0.8302572348804874,47,j6043_1.sm,3,adaptativa,0,1.4259259259259258,0.38333333333333336
True,251,85,0.674074074074074,0.0,4.5,306.0,364.0,90.0,57.0,29.0,57,3,6,3,0.05,0.15,323.0,0.08238636363636363,0.08978328173374613,0.01393188854489164,0.053703703703703705,14,3,90,54,46,144,13,1,8,0.6586427040007742,0.39362113220747674,14,60,123,33,8,90,0.6586427040007742,nenhuma,29.0,0.0,30,0,terminal,0.9312699058528562,48,j6010_1.sm,1,adaptativa,0,2.9529411764705884,0.23333333333333334
True,226,85,0.6546692297736355,0.0,8.5,296.0,395.0,104.0,80.0,24.358126571152376,56,4,3,1,0.06666666666666667,0.11666666666666667,323.0,0.07012395769057354,0.07541215656703522,0.02631578947368421,0.040370926483708984,21,1,104,79,39,183,5,10,14,0.794910294566222,0.24332019624229823,3,60,164,60,14,104,0.794910294566222,nenhuma,24.358126571152376,0.0,25,0,terminal,0.8412250825460471,48,j6010_1.sm,3,adaptativa,0,2.6588235294117646,0.35
True,349,76,0.6627287423091525,8.881784197001252e-16,22.42801987694907,244.0,426.0,65.0,55.0,96.79692852264708,48,12,10,10,0.2,0.36666666666666664,332.0,0.22574072266829381,0.29155701362243097,0.0675542767377984,0.15058710492770616,33,10,65,45,27,110,10,0,7,0.6586427040007742,0.39362113220747674,17,60,93,28,7,65,0.6586427040007742,nenhuma,96.79692852264708,0.0,107,0,terminal,0.9208333333333334,48,j6021_1.sm,1,adaptativa,0,4.592105263157895,0.55
True,268,76,0.666658786126439,0.0,21.67849883979287,233.0,479.0,83.0,61.0,95.50849335262866,45,15,6,15,0.25,0.35,332.0,0.22340724181554183,0.2876761847970743,0.06529668325238816,0.1329260464368027,32,15,83,46,28,129,0,0,11,0.794910294566222,0.24332019624229823,2,60,118,35,11,83,0.794910294566222,nenhuma,95.50849335262866,0.0,105,0,terminal,0.7811617969803267,48,j6021_1.sm,3,adaptativa,0,3.526315789473684,0.5333333333333333
True,228,69,0.7901050819827394,0.0,9.91648603841427,299.0,480.0,27.0,59.0,41.51412811503223,54,6,6,0,0.1,0.2,337.0,0.10967656166962383,0.12318732378347842,0.0294257745947011,0.06833442416201976,26,0,27,59,34,86,11,18,5,0.6586427040007742,0.39362113220747674,13,60,70,43,5,27,0.6586427040007742,nenhuma,41.51412811503222,0.0,44,0,terminal,0.7343834922641647,48,j6032_1.sm,1,adaptativa,0,3.3043478260869565,0.43333333333333335
True,153,69,0.6227133696355626,1.7763568394002505e-15,24.849741097582175,266.0,485.0,114.0,102.0,77.84950548571312,49,11,7,19,0.18333333333333332,0.3,337.0,0.18765722136890473,0.23100743467570659,0.07373810414712811,0.09995449048550645,39,19,114,83,21,197,0,23,16,0.794910294566222,0.24332019624229823,0,60,181,67,16,114,0.794910294566222,nenhuma,77.84950548571314,0.0,84,0,terminal,0.7616666666666666,48,j6032_1.sm,3,adaptativa,0,2.217391304347826,0.65
True,203,108,0.5503711628654268,0.0,14.0,280.0,359.0,148.0,92.0,53.28708228628679,52,8,9,6,0.13333333333333333,0.2833333333333333,334.0,0.137590652318469,0.15954216253379278,0.041916167664670656,0.08169268368693411,24,6,148,86,36,234,24,3,16,0.6586427040007742,0.39362113220747674,20,60,194,46,16,148,0.6586427040007742,nenhuma,53.28708228628679,0.0,57,0,terminal,0.9191666666666666,48,j6043_1.sm,1,adaptativa,0,1.8796296296296295,0.4
True,180,108,0.5983016382066789,0.0,9.372164179234487,281.0,406.0,126.0,97.0,49.587478411266254,52,8,6,6,0.13333333333333333,0.23333333333333334,334.0,0.12927293303902027,0.14846550422534807,0.02806037179411523,0.07307455558620425,23,6,126,91,37,217,3,5,25,0.794910294566222,0.24332019624229823,4,60,189,63,25,126,0.794910294566222,nenhuma,49.587478411266254,0.0,56,0,terminal,0.8602124728739868,48,j6043_1.sm,3,adaptativa,0,1.6666666666666667,0.38333333333333336
True,118,85,0.6854727547608577,0.0,4.855764790221257,305.0,368.0,85.0,54.0,29.855764790221258,57,3,6,3,0.05,0.15,323.0,0.08461180961000032,0.09243270832885839,0.015033327523904821,0.05561226450066627,14,3,85,51,46,136,13,1,8,0.6586427040007742,0.39362113220747674,14,60,115,30,8,85,0.6586427040007742,nenhuma,29.855764790221258,0.0,31,0,terminal,0.932936572519523,49,j6010_1.sm,1,adaptativa,0,1.388235294117647,0.23333333333333334
True,147,85,0.6469293313685008,0.0,12.855901764955274,287.0,398.0,104.0,80.0,33.214028336107646,55,5,3,1,0.08333333333333333,0.13333333333333333,323.0,0.09324177515201162,0.10282980909011655,0.03980155345187391,0.05398776166716723,21,1,104,79,39,183,5,10,14,0.794910294566222,0.24332019624229823,3,60,164,60,14,104,0.794910294566222,nenhuma,33.214028336107646,0.0,34,0,terminal,0.8412250825460471,49,j6010_1.sm,3,adaptativa,0,1.7294117647058824,0.35
True,203,76,0.7138268876158922,0.0,7.5,278.0,419.0,60.0,54.0,53.977049014525896,51,9,10,6,0.15,0.31666666666666665,332.0,0.1398452295346051,0.16258147293531897,0.022590361445783132,0.09195768234064315,24,6,60,48,36,108,9,0,11,0.6586427040007742,0.39362113220747674,17,60,88,28,11,60,0.6586427040007742,nenhuma,53.977049014525896,0.0,59,0,terminal,0.9158333333333334,49,j6021_1.sm,1,adaptativa,0,2.6710526315789473,0.4
True,194,76,0.7314656715232989,0.0,10.940984121529059,286.0,471.0,66.0,50.0,56.91265145653187,53,7,5,7,0.11666666666666667,0.2,332.0,0.1463378762387546,0.17142364896545745,0.032954771450388734,0.08838567052191834,23,7,66,43,37,109,0,0,12,0.794910294566222,0.24332019624229823,2,60,97,31,12,66,0.794910294566222,nenhuma,56.91265145653187,0.0,61,0,terminal,0.8078702636698004,49,j6021_1.sm,3,adaptativa,0,2.5526315789473686,0.38333333333333336
True,122,69,0.7736974047912297,0.0,10.200607308804129,285.0,481.0,27.0,59.0,54.69007808652333,52,8,6,4,0.13333333333333333,0.23333333333333334,337.0,0.13962589594736283,0.16228509817959444,0.030268864417816406,0.08797000308393514,29,4,27,55,31,82,11,15,5,0.6586427040007742,0.39362113220747674,13,60,66,39,5,27,0.6586427040007742,nenhuma,54.69007808652333,0.0,58,0,terminal,0.7410501589308313,49,j6032_1.sm,1,adaptativa,0,1.7681159420289856,0.48333333333333334
True,143,69,0.6612620665136189,0.0,15.664472233601469,265.0,502.0,99.0,79.0,79.15438888956919,47,13,6,13,0.21666666666666667,0.31666666666666665,337.0,0.19020438328375677,0.23487949225391452,0.04648211345282335,0.10426652344768757,31,13,99,66,29,165,0,7,11,0.794910294566222,0.24332019624229823,0,60,154,55,11,99,0.794910294566222,nenhuma,79.15438888956916,0.0,84,0,terminal,0.7853922255174796,49,j6032_1.sm,3,adaptativa,0,2.072463768115942,0.5166666666666667
True,164,108,0.5545735754446856,0.0,9.695218460067743,256.0,375.0,137.0,98.0,66.19521846006774,49,11,8,2,0.18333333333333332,0.31666666666666665,334.0,0.1654073197445582,0.1981892768265501,0.02902760017984354,0.09789365060997818,17,2,137,96,43,233,22,1,6,0.6586427040007742,0.39362113220747674,20,60,205,68,6,137,0.6586427040007742,nenhuma,66.19521846006775,0.0,73,0,terminal,0.9158333333333334,49,j6043_1.sm,1,adaptativa,0,1.5185185185185186,0.2833333333333333
True,162,108,0.6104970205339562,0.0,8.5,269.0,409.0,123.0,95.0,42.94593952690917,49,11,5,8,0.18333333333333332,0.26666666666666666,334.0,0.11393129630421016,0.12858065726619514,0.025449101796407185,0.06410358954818951,26,8,123,87,34,210,3,5,24,0.794910294566222,0.24332019624229823,4,60,183,60,24,123,0.794910294566222,nenhuma,42.94593952690918,0.0,50,0,terminal,0.8863797238656153,49,j6043_1.sm,3,adaptativa,0,1.5,0.43333333333333335
True,118,85,0.6854727547608577,0.0,4.855764790221257,305.0,368.0,85.0,54.0,29.855764790221258,57,3,6,3,0.05,0.15,323.0,0.08461180961000032,0.09243270832885839,0.015033327523904821,0.05561226450066627,14,3,85,51,46,136,13,1,8,0.6586427040007742,0.39362113220747674,14,60,115,30,8,85,0.6586427040007742,nenhuma,29.855764790221258,0.0,31,0,terminal,0.932936572519523,50,j6010_1.sm,1,adaptativa,0,1.388235294117647,0.23333333333333334
True,147,85,0.6469293313685008,0.0,12.855901764955274,287.0,398.0,104.0,80.0,33.214028336107646,55,5,3,1,0.08333333333333333,0.13333333333333333,323.0,0.09324177515201162,0.10282980909011655,0.03980155345187391,0.05398776166716723,21,1,104,79,39,183,5,10,14,0.794910294566222,0.24332019624229823,3,60,164,60,14,104,0.794910294566222,nenhuma,33.214028336107646,0.0,34,0,terminal,0.8412250825460471,50,j6010_1.sm,3,adaptativa,0,1.7294117647058824,0.35
True,254,76,0.7085285651040352,0.0,16.487027738266132,235.0,446.0,36.0,42.0,105.4735624872268,45,15,10,10,0.25,0.4166666666666667,332.0,0.24109699769641824,0.31769145327477954,0.04965972210321124,0.16755836745624572,30,10,36,32,30,68,2,4,7,0.6586427040007742,0.39362113220747674,17,60,59,23,7,36,0.6586427040007742,nenhuma,105.4735624872268,0.0,115,0,terminal,0.8382658930832706,50,j6021_1.sm,1,adaptativa,0,3.3421052631578947,0.5
True,235,76,0.6782845984999665,1.7763568394002505e-15,24.26966311716241,223.0,474.0,73.0,64.0,87.82170559121644,45,15,6,10,0.25,0.35,332.0,0.2091881015716922,0.26452320961209774,0.07310139493121208,0.1256711188112247,28,10,73,54,32,127,0,3,13,0.794910294566222,0.24332019624229823,2,60,114,41,13,73,0.794910294566222,nenhuma,87.82170559121644,0.0,96,0,terminal,0.7493453743029441,50,j6021_1.sm,3,adaptativa,0,3.0921052631578947,0.4666666666666667
True,123,69,0.7423611563608515,0.0,9.91648603841427,280.0,473.0,29.0,69.0,66.15618192997317,51,9,7,6,0.15,0.26666666666666666,337.0,0.1640956653902042,0.19630914519279874,0.0294257745947011,0.10383040109503966,25,6,29,63,35,92,11,19,5,0.6586427040007742,0.39362113220747674,13,60,76,47,5,29,0.6586427040007742,nenhuma,66.15618192997317,0.0,71,0,terminal,0.7522580383357339,50,j6032_1.sm,1,adaptativa,0,1.7826086956521738,0.4166666666666667
True,146,69,0.6267372256408266,1.7763568394002505e-15,15.529320478917978,258.0,478.0,101.0,102.0,81.68008416327004,48,12,8,18,0.2,0.3333333333333333,337.0,0.19508949016886545,0.24237413698299715,0.046081069670379754,0.10709612832342486,31,18,101,84,29,185,0,12,25,0.794910294566222,0.24332019624229823,0,60,160,59,25,101,0.794910294566222,nenhuma,81.68008416327002,0.0,91,0,terminal,0.7933333333333333,50,j6032_1.sm,3,adaptativa,0,2.1159420289855073,0.5166666666666667
True,161,108,0.5594829471292644,8.881784197001252e-16,10.5,248.0,392.0,140.0,89.0,79.64691338917842,47,13,11,8,0.21666666666666667,0.4,334.0,0.19254806650580003,0.23846381254245036,0.03143712574850299,0.11367624957328269,16,8,140,81,44,221,25,2,7,0.6586427040007742,0.39362113220747674,20,60,189,49,7,140,0.6586427040007742,nenhuma,79.64691338917842,0.0,86,0,terminal,0.9525656332429397,50,j6043_1.sm,1,adaptativa,0,1.4907407407407407,0.26666666666666666
True,164,108,0.5753261203155215,0.0,12.362991044682326,247.0,405.0,132.0,97.0,69.94857055662457,48,12,6,3,0.2,0.3,334.0,0.1731620697660554,0.2094268579539658,0.037014943247551876,0.0993660239998996,22,3,132,94,38,226,3,6,18,0.794910294566222,0.24332019624229823,4,60,205,73,18,132,0.794910294566222,nenhuma,69.94857055662457,0.0,77,0,terminal,0.8085905682138207,50,j6043_1.sm,3,adaptativa,0,1.5185185185185186,0.36666666666666664
True,135,85,0.6711840897973828,0.0,7.294844482666544,301.0,367.0,92.0,55.0,32.79484448266655,57,3,7,2,0.05,0.16666666666666666,323.0,0.09217346735406176,0.10153202626212554,0.022584657841072893,0.0599765063873168,13,2,92,53,47,145,13,1,8,0.6586427040007742,0.39362113220747674,14,60,124,32,8,92,0.6586427040007742,nenhuma,32.79484448266655,0.0,35,0,terminal,0.9279365725195229,51,j6010_1.sm,1,adaptativa,0,1.588235294117647,0.21666666666666667
True,166,85,0.5641601351856728,8.881784197001252e-16,9.836345854272633,297.0,408.0,134.0,99.0,82.19891916099618,57,3,16,4,0.05,0.31666666666666665,323.0,0.20286065750421312,0.2544858178359015,0.03045308314016295,0.11366017976956812,18,4,134,95,42,229,3,8,21,0.794910294566222,0.24332019624229823,3,60,205,71,21,134,0.794910294566222,nenhuma,82.19891916099618,0.0,87,0,terminal,0.8410096596439328,51,j6010_1.sm,3,adaptativa,0,1.9529411764705882,0.3
True,226,76,0.727208353494744,0.0,13.679008358635482,275.0,420.0,49.0,44.0,64.55112132803023,52,8,10,11,0.13333333333333333,0.3,332.0,0.16278133601501793,0.19443108833744047,0.04120183240552856,0.11176693965999124,21,11,49,33,39,82,7,0,7,0.6586427040007742,0.39362113220747674,17,60,68,19,7,49,0.6586427040007742,nenhuma,64.55112132803023,0.0,71,0,terminal,0.9208333333333334,51,j6021_1.sm,1,adaptativa,0,2.973684210526316,0.35
True,211,76,0.690633532053706,0.0,14.640375700373962,312.0,464.0,61.0,66.0,80.84690355277705,57,3,14,16,0.05,0.2833333333333333,332.0,0.195827806523543,0.24351476973728028,0.04409751716980109,0.1203353072333184,32,16,61,50,28,111,0,0,14,0.794910294566222,0.24332019624229823,2,60,97,36,14,61,0.794910294566222,nenhuma,80.84690355277705,0.0,88,0,terminal,0.828976441485119,51,j6021_1.sm,3,adaptativa,0,2.776315789473684,0.5333333333333333
True,194,69,0.7683288060451704,0.0,7.2069383137115715,301.0,489.0,27.0,56.0,64.4462664325141,53,7,11,0,0.11666666666666667,0.3,337.0,0.1605352243158748,0.1912352119659172,0.021385573631191607,0.10125955611894172,24,0,27,56,36,83,11,18,4,0.6586427040007742,0.39362113220747674,13,60,68,41,4,27,0.6586427040007742,nenhuma,64.4462664325141,0.0,72,0,terminal,0.7377168255974978,51,j6032_1.sm,1,adaptativa,0,2.8115942028985508,0.4
True,205,69,0.6121550366719071,0.0,13.37290951535645,316.0,459.0,119.0,88.0,83.81005219762217,56,4,16,7,0.06666666666666667,0.3333333333333333,337.0,0.19916361731364493,0.2486945169068907,0.039682224081176415,0.11177504482899749,25,7,119,81,35,200,0,10,24,0.794910294566222,0.24332019624229823,0,60,176,57,24,119,0.794910294566222,nenhuma,83.81005219762218,0.0,92,0,terminal,0.8179448565096324,51,j6032_1.sm,3,adaptativa,0,2.971014492753623,0.4166666666666667
True,150,108,0.5737308622078968,0.0,6.5,313.0,356.0,137.0,86.0,41.5,57,3,11,1,0.05,0.23333333333333334,334.0,0.11051930758988016,0.12425149700598802,0.019461077844311378,0.06688154713940371,18,1,137,85,42,222,26,2,13,0.6586427040007742,0.39362113220747674,20,60,183,46,13,137,0.6586427040007742,nenhuma,41.5,0.0,45,0,terminal,0.9158333333333334,51,j6043_1.sm,1,adaptativa,0,1.3888888888888888,0.3
True,165,108,0.5948125930496706,0.0,7.588930003253164,324.0,391.0,139.0,88.0,39.34990242102873,59,1,8,4,0.016666666666666666,0.15,334.0,0.10539684667348226,0.11781407910487644,0.022721347315129235,0.059861425819190815,24,4,139,84,36,223,0,1,36,0.794910294566222,0.24332019624229823,4,60,187,48,36,139,0.794910294566222,nenhuma,39.34990242102873,0.0,41,0,terminal,0.8214781491969029,51,j6043_1.sm,3,adaptativa,0,1.5277777777777777,0.4
True,124,85,0.67737816949962,0.0,8.794844482666544,292.0,367.0,88.0,54.0,32.79484448266655,56,4,6,2,0.06666666666666667,0.16666666666666666,323.0,0.09217346735406176,0.10153202626212554,0.027228620689370108,0.060530004699437,13,2,88,52,47,140,13,1,8,0.6586427040007742,0.39362113220747674,14,60,119,31,8,88,0.6586427040007742,nenhuma,32.79484448266655,0.0,35,0,terminal,0.9296032391861896,52,j6010_1.sm,1,adaptativa,0,1.4588235294117646,0.21666666666666667
True,157,85,0.5939372072412321,8.881784197001252e-16,9.836345854272633,293.0,406.0,114.0,88.0,75.57394527583449,55,5,14,6,0.08333333333333333,0.31666666666666665,323.0,0.18961085181705312,0.2339750627734814,0.03045308314016295,0.11055708866337648,17,6,114,82,43,196,3,8,18,0.794910294566222,0.24332019624229823,3,60,175,61,18,114,0.794910294566222,nenhuma,75.57394527583449,0.0,79,0,terminal,0.8529720086923734,52,j6010_1.sm,3,adaptativa,0,1.8470588235294119,0.2833333333333333
True,229,76,0.6799098067909541,0.0,9.314421189881942,288.0,435.0,60.0,48.0,96.79074232377647,54,6,15,4,0.1,0.35,332.0,0.22572955236680586,0.2915383804933026,0.028055485511692596,0.1512849997988779,20,4,60,44,40,104,10,0,9,0.6586427040007742,0.39362113220747674,17,60,85,25,9,60,0.6586427040007742,nenhuma,96.79074232377647,0.0,103,0,terminal,0.9344503554841662,52,j6021_1.sm,1,adaptativa,0,3.013157894736842,0.3333333333333333
True,211,76,0.690633532053706,0.0,14.640375700373962,312.0,464.0,61.0,66.0,80.84690355277705,57,3,14,16,0.05,0.2833333333333333,332.0,0.195827806523543,0.24351476973728028,0.04409751716980109,0.1203353072333184,32,16,61,50,28,111,0,0,14,0.794910294566222,0.24332019624229823,2,60,97,36,14,61,0.794910294566222,nenhuma,80.84690355277705,0.0,88,0,terminal,0.828976441485119,52,j6021_1.sm,3,adaptativa,0,2.776315789473684,0.5333333333333333
True,124,69,0.7766421654369425,0.0,5.0,316.0,484.0,27.0,56.0,56.195625398086996,55,5,12,0,0.08333333333333333,0.2833333333333333,337.0,0.1429202711530483,0.16675259762043618,0.01483679525222552,0.09017333098606102,25,0,27,56,35,83,11,18,4,0.6586427040007742,0.39362113220747674,13,60,68,41,4,27,0.6586427040007742,nenhuma,56.195625398086996,0.0,62,0,terminal,0.7377168255974978,52,j6032_1.sm,1,adaptativa,0,1.7971014492753623,0.4166666666666667
True,158,69,0.6249717790974196,0.0,6.470844113832911,310.0,461.0,116.0,87.0,73.63330668430086,55,5,13,8,0.08333333333333333,0.3,337.0,0.17931644970268062,0.21849645900386014,0.019201317845201515,0.0998237281546929,30,8,116,79,30,195,0,8,24,0.794910294566222,0.24332019624229823,0,60,171,55,24,116,0.794910294566222,nenhuma,73.63330668430086,0.0,81,0,terminal,0.8196115231762992,52,j6032_1.sm,3,adaptativa,0,2.289855072463768,0.5
True,140,108,0.6413454841477969,0.0,4.5,304.0,367.0,89.0,63.0,53.2344805899116,55,5,10,0,0.08333333333333333,0.25,334.0,0.13747350315709073,0.15938467242488502,0.01347305389221557,0.09302913822150778,21,0,89,63,39,152,21,2,8,0.6586427040007742,0.39362113220747674,20,60,123,34,8,89,0.6586427040007742,nenhuma,53.2344805899116,0.0,58,0,terminal,0.9208333333333334,52,j6043_1.sm,1,adaptativa,0,1.2962962962962963,0.35
True,165,108,0.5783652656646314,0.0,7.588930003253164,315.0,385.0,148.0,93.0,39.66929733855166,58,2,8,4,0.03333333333333333,0.16666666666666666,334.0,0.10616151131788198,0.11877035131302892,0.022721347315129235,0.059593100503742044,24,4,148,89,36,237,0,1,38,0.794910294566222,0.24332019624229823,4,60,199,51,38,148,0.794910294566222,nenhuma,39.66929733855166,0.0,42,0,terminal,0.8181448158635695,52,j6043_1.sm,3,adaptativa,0,1.5277777777777777,0.4
True,118,85,0.6748868690528714,0.0,7.294844482666544,292.0,367.0,89.0,55.0,32.79484448266655,56,4,6,2,0.06666666666666667,0.16666666666666666,323.0,0.09217346735406176,0.10153202626212554,0.022584657841072893,0.06030738396180562,13,2,89,53,47,142,13,1,8,0.6586427040007742,0.39362113220747674,14,60,121,32,8,89,0.6586427040007742,nenhuma,32.79484448266655,0.0,35,0,terminal,0.9279365725195229,53,j6010_1.sm,1,adaptativa,0,1.388235294117647,0.21666666666666667
True,161,85,0.5861222489593876,8.881784197001252e-16,9.836345854272633,286.0,405.0,114.0,95.0,76.98212995504706,55,5,13,7,0.08333333333333333,0.3,323.0,0.1924639232350177,0.23833476766268438,0.03045308314016295,0.11140972626897783,17,7,114,88,43,202,3,8,19,0.794910294566222,0.24332019624229823,3,60,180,66,19,114,0.794910294566222,nenhuma,76.98212995504706,0.0,81,0,terminal,0.8491532277274537,53,j6010_1.sm,3,adaptativa,0,1.8941176470588235,0.2833333333333333
True,213,76,0.6908741349982811,0.0,7.9279637919275405,285.0,426.0,59.0,48.0,83.61014419227017,52,8,14,7,0.13333333333333333,0.36666666666666664,332.0,0.20117445486025076,0.25183778371165716,0.02387940901182994,0.1355964461171742,24,7,59,41,36,100,9,0,10,0.6586427040007742,0.39362113220747674,17,60,81,22,10,59,0.6586427040007742,nenhuma,83.61014419227017,0.0,91,0,terminal,0.9158333333333334,53,j6021_1.sm,1,adaptativa,0,2.8026315789473686,0.4
True,211,76,0.690633532053706,0.0,14.640375700373962,312.0,464.0,61.0,66.0,80.84690355277705,57,3,14,16,0.05,0.2833333333333333,332.0,0.195827806523543,0.24351476973728028,0.04409751716980109,0.1203353072333184,32,16,61,50,28,111,0,0,14,0.794910294566222,0.24332019624229823,2,60,97,36,14,61,0.794910294566222,nenhuma,80.84690355277705,0.0,88,0,terminal,0.828976441485119,53,j6021_1.sm,3,adaptativa,0,2.776315789473684,0.5333333333333333
True,126,69,0.7772144134057997,8.881784197001252e-16,9.497015941441628,306.0,482.0,28.0,60.0,50.16348601648724,55,5,10,6,0.08333333333333333,0.25,337.0,0.12956667616726397,0.1488530742328998,0.028181056206058243,0.08088751941637794,21,6,28,54,39,82,11,15,4,0.6586427040007742,0.39362113220747674,13,60,67,39,4,28,0.6586427040007742,nenhuma,50.16348601648725,0.0,55,0,terminal,0.7655913716690672,53,j6032_1.sm,1,adaptativa,0,1.826086956521739,0.35
True,162,69,0.6299274269557826,0.0,5.5,297.0,468.0,116.0,87.0,71.94272637354297,53,7,13,7,0.11666666666666667,0.3333333333333333,337.0,0.17592372167008025,0.21347990021822838,0.016320474777448073,0.0968348216082689,28,7,116,80,32,196,0,9,24,0.794910294566222,0.24332019624229823,0,60,172,56,24,116,0.794910294566222,nenhuma,71.94272637354297,0.0,80,0,terminal,0.8179448565096324,53,j6032_1.sm,3,adaptativa,0,2.347826086956522,0.4666666666666667
True,155,108,0.6237609710747672,0.0,4.5,310.0,377.0,104.0,67.0,56.398186937558194,57,3,14,4,0.05,0.2833333333333333,334.0,0.14446323990377224,0.1688568471184377,0.01347305389221557,0.093312965122089,20,4,104,63,40,167,24,0,7,0.6586427040007742,0.39362113220747674,20,60,136,32,7,104,0.6586427040007742,nenhuma,56.398186937558194,0.0,62,0,terminal,0.9141666666666667,53,j6043_1.sm,1,adaptativa,0,1.4351851851851851,0.3333333333333333
True,165,108,0.5783652656646314,0.0,7.588930003253164,315.0,385.0,148.0,93.0,39.66929733855166,58,2,8,4,0.03333333333333333,0.16666666666666666,334.0,0.10616151131788198,0.11877035131302892,0.022721347315129235,0.059593100503742044,24,4,148,89,36,237,0,1,38,0.794910294566222,0.24332019624229823,4,60,199,51,38,148,0.794910294566222,nenhuma,39.66929733855166,0.0,42,0,terminal,0.8181448158635695,53,j6043_1.sm,3,adaptativa,0,1.5277777777777777,0.4
True,197,85,0.6789667896678967,0.0,14.5,273.0,368.0,99.0,45.0,30.0,50,10,2,2,0.16666666666666666,0.2,323.0,0.08498583569405099,0.09287925696594428,0.04489164086687306,0.055350553505535055,11,2,99,43,49,142,17,2,0,0.6586427040007742,0.39362113220747674,14,60,125,26,0,99,0.6586427040007742,nenhuma,30.0,0.0,34,0,terminal,0.9666666666666667,54,j6010_1.sm,1,adaptativa,0,2.3176470588235296,0.18333333333333332
True,155,85,0.6462131410496476,0.0,18.52734181335635,252.0,393.0,116.0,50.0,49.15847749807114,49,11,2,8,0.18333333333333332,0.21666666666666667,323.0,0.13209017252153266,0.15219342878659797,0.05736019137262028,0.08083168995737143,27,8,116,42,33,158,9,1,2,0.794910294566222,0.24332019624229823,3,60,147,31,2,116,0.794910294566222,nenhuma,49.15847749807115,0.0,53,0,terminal,0.9383333333333334,54,j6010_1.sm,3,adaptativa,0,1.8235294117647058,0.45
True,286,76,0.6820619371044042,2.6645352591003757e-15,41.61842883447797,204.0,410.0,72.0,36.0,83.11842883447795,39,21,1,3,0.35,0.36666666666666664,332.0,0.20022823141783505,0.2503567133568613,0.12535671335686135,0.13827296726809415,25,3,72,33,35,105,10,1,2,0.6586427040007742,0.39362113220747674,17,60,93,21,2,72,0.6586427040007742,nenhuma,83.11842883447795,0.0,89,0,terminal,0.9583333333333334,54,j6021_1.sm,1,adaptativa,0,3.763157894736842,0.4166666666666667
True,268,76,0.7046794308506795,0.0,25.889692222315368,201.0,450.0,66.0,31.0,91.58824353190786,40,20,1,11,0.3333333333333333,0.35,332.0,0.21621998469135686,0.275868203409361,0.0779810006696246,0.14342300294372948,27,11,66,20,33,86,0,0,1,0.794910294566222,0.24332019624229823,2,60,85,19,1,66,0.794910294566222,nenhuma,91.58824353190786,0.0,99,0,terminal,0.9633333333333334,54,j6021_1.sm,3,adaptativa,0,3.526315789473684,0.45
True,202,69,0.721555215715318,1.7763568394002505e-15,34.17704532453215,221.0,433.0,47.0,50.0,70.09267561144708,43,17,1,7,0.2833333333333333,0.3,337.0,0.1721786703879379,0.20799013534554028,0.101415564761223,0.11680308469025752,24,7,47,43,36,90,9,20,0,0.6586427040007742,0.39362113220747674,13,60,81,34,0,47,0.6586427040007742,nenhuma,70.09267561144708,0.0,76,0,terminal,0.9433333333333334,54,j6032_1.sm,1,adaptativa,0,2.927536231884058,0.4
True,175,69,0.6149850026983257,1.7763568394002505e-15,19.017236497837708,280.0,438.0,145.0,85.0,44.21248986271009,50,10,2,11,0.16666666666666666,0.2,337.0,0.11597859733985312,0.1311943319368252,0.05643096883631367,0.06207766711762206,23,11,145,74,37,219,0,16,9,0.794910294566222,0.24332019624229823,0,60,210,65,9,145,0.794910294566222,nenhuma,44.21248986271009,0.0,48,0,terminal,0.9642204548425543,54,j6032_1.sm,3,adaptativa,0,2.536231884057971,0.38333333333333336
True,205,108,0.5088925680931257,0.0,24.0,229.0,368.0,215.0,79.0,61.138876598129414,44,16,1,2,0.26666666666666666,0.2833333333333333,334.0,0.15472756597501255,0.1830505287369144,0.0718562874251497,0.08454652152812712,17,2,215,77,43,292,37,0,3,0.6586427040007742,0.39362113220747674,20,60,252,37,3,215,0.6586427040007742,nenhuma,61.138876598129414,0.0,65,0,terminal,0.9666666666666667,54,j6043_1.sm,1,adaptativa,0,1.8981481481481481,0.2833333333333333
True,186,108,0.5521430880558971,2.4424906541753444e-15,24.16903975488086,244.0,391.0,174.0,82.0,61.14976852597405,45,15,2,7,0.25,0.2833333333333333,334.0,0.1547508651063642,0.18308313929932352,0.07236239447569119,0.08635146298678929,29,7,174,75,31,249,2,4,3,0.794910294566222,0.24332019624229823,4,60,244,70,3,174,0.794910294566222,nenhuma,61.14976852597404,0.0,68,0,terminal,0.9071919102025096,54,j6043_1.sm,3,adaptativa,0,1.7222222222222223,0.48333333333333334
True,122,85,0.6858736059479554,0.0,9.5,273.0,369.0,89.0,48.0,32.0,50,10,2,2,0.16666666666666666,0.2,323.0,0.09014084507042254,0.09907120743034056,0.029411764705882353,0.05947955390334572,12,2,89,46,48,135,17,2,0,0.6586427040007742,0.39362113220747674,14,60,118,29,0,89,0.6586427040007742,nenhuma,32.0,0.0,33,0,terminal,0.9666666666666667,55,j6010_1.sm,1,adaptativa,0,1.4352941176470588,0.2
True,156,85,0.5667097682309093,0.0,11.454094170662078,252.0,399.0,165.0,77.0,63.06409482856316,46,14,5,10,0.23333333333333334,0.31666666666666665,323.0,0.16335135971804784,0.1952448756302265,0.03546159185963491,0.08957152522302535,32,10,165,67,28,232,8,4,1,0.794910294566222,0.24332019624229823,3,60,223,58,1,165,0.794910294566222,nenhuma,63.06409482856316,0.0,71,0,terminal,0.8983333333333333,55,j6010_1.sm,3,adaptativa,0,1.8352941176470587,0.5333333333333333
True,202,76,0.693937457190613,1.3322676295501878e-15,18.875472261951202,209.0,402.0,57.0,28.0,92.30292684802765,39,21,4,3,0.35,0.4166666666666667,332.0,0.21754016059636502,0.2780208640000833,0.05685383211431085,0.1593344735029141,26,3,57,25,34,82,6,0,1,0.6586427040007742,0.39362113220747674,17,60,75,18,1,57,0.6586427040007742,nenhuma,92.30292684802767,0.0,101,0,terminal,0.9566666666666667,55,j6021_1.sm,1,adaptativa,0,2.6578947368421053,0.43333333333333335
True,217,76,0.7155133304280427,0.0,15.5,243.0,424.0,61.0,33.0,74.58155224913808,47,13,4,20,0.21666666666666667,0.2833333333333333,332.0,0.18343565229796083,0.22464322966607858,0.046686746987951805,0.12585871424121195,30,20,61,13,30,74,0,0,1,0.794910294566222,0.24332019624229823,2,60,73,12,1,61,0.794910294566222,nenhuma,74.58155224913808,0.0,82,0,terminal,0.9666666666666667,55,j6021_1.sm,3,adaptativa,0,2.8552631578947367,0.5
True,167,69,0.6510079512310148,0.0,25.964765066694603,200.0,426.0,66.0,69.0,93.36988779393697,41,19,2,5,0.31666666666666665,0.35,337.0,0.21695265036442998,0.2770619815843827,0.0770467806133371,0.14268671211126913,24,5,66,64,36,130,9,31,2,0.6586427040007742,0.39362113220747674,13,60,119,53,2,66,0.6586427040007742,nenhuma,93.36988779393697,0.0,101,0,terminal,0.9433333333333334,55,j6032_1.sm,1,adaptativa,0,2.420289855072464,0.4
True,134,69,0.61548772534524,0.0,11.163170745481423,275.0,426.0,129.0,82.0,55.134030391991466,49,11,3,13,0.18333333333333332,0.23333333333333334,337.0,0.14059996358101712,0.1636024640711913,0.033125135743268315,0.0796580257161553,26,13,129,69,34,198,0,21,9,0.794910294566222,0.24332019624229823,0,60,189,60,9,129,0.794910294566222,nenhuma,55.13403039199146,0.0,61,0,terminal,0.9229753969415593,55,j6032_1.sm,3,adaptativa,0,1.9420289855072463,0.43333333333333335
True,166,108,0.5804705741169512,1.7763568394002505e-15,18.53205348283111,230.0,377.0,145.0,60.0,67.47305997985572,45,15,3,2,0.25,0.3,334.0,0.1680637300625881,0.20201514964028658,0.055485190068356616,0.10388892802104599,19,2,145,58,41,203,21,1,1,0.6586427040007742,0.39362113220747674,20,60,181,36,1,145,0.6586427040007742,nenhuma,67.47305997985572,0.0,73,0,terminal,0.9666666666666667,55,j6043_1.sm,1,adaptativa,0,1.537037037037037,0.31666666666666665
True,160,108,0.5293794415233553,0.0,11.904559179330722,240.0,371.0,188.0,86.0,55.820566307602164,47,13,1,1,0.21666666666666667,0.23333333333333334,334.0,0.14319553951793015,0.167127444034737,0.03564239275248719,0.07965029708203734,24,1,188,85,36,273,2,3,11,0.794910294566222,0.24332019624229823,4,60,260,72,11,188,0.794910294566222,nenhuma,55.82056630760217,0.0,60,0,terminal,0.865229359206396,55,j6043_1.sm,3,adaptativa,0,1.4814814814814814,0.4
True,144,85,0.6375498605420178,8.881784197001252e-16,18.153258307142504,200.0,382.0,89.0,57.0,71.16882371402272,41,19,2,4,0.31666666666666665,0.35,323.0,0.1805541672307831,0.22033691552329016,0.056202038102608376,0.1187792503503001,18,4,89,53,42,142,17,17,2,0.6586427040007742,0.39362113220747674,14,60,123,34,2,89,0.6586427040007742,nenhuma,71.16882371402272,0.0,77,0,terminal,1.0,56,j6010_1.sm,1,adaptativa,0,1.6941176470588235,0.3
True,154,85,0.6045998192759602,0.0,8.377699166796889,254.0,408.0,137.0,69.0,60.826533174623265,48,12,6,5,0.2,0.3,323.0,0.15847401864464128,0.18831744016911228,0.02593714912321018,0.09013654648176575,27,5,137,64,33,201,6,3,2,0.794910294566222,0.24332019624229823,3,60,193,56,2,137,0.794910294566222,nenhuma,60.826533174623265,0.0,67,0,terminal,0.930377581492222,56,j6010_1.sm,3,adaptativa,0,1.811764705882353,0.45
True,188,76,0.7319373129079703,0.0,10.0,229.0,406.0,62.0,26.0,60.69231154095872,42,18,3,6,0.3,0.35,332.0,0.15455436675802697,0.18280816729204433,0.030120481927710843,0.1094161759198589,24,6,62,20,36,82,8,0,1,0.6586427040007742,0.39362113220747674,17,60,73,11,1,62,0.6586427040007742,nenhuma,60.69231154095872,0.0,67,0,terminal,0.9633333333333333,56,j6021_1.sm,1,adaptativa,0,2.473684210526316,0.4
True,189,76,0.6910316023832996,0.0,14.33831457273148,237.0,421.0,74.0,39.0,75.23407634037669,46,14,1,19,0.23333333333333334,0.25,332.0,0.18474405928028015,0.2266086636758334,0.04318769449617916,0.12348960647819002,30,19,74,20,30,94,0,0,2,0.794910294566222,0.24332019624229823,2,60,92,18,2,74,0.794910294566222,nenhuma,75.23407634037669,0.0,84,0,terminal,0.9507870648335749,56,j6021_1.sm,3,adaptativa,0,2.486842105263158,0.5
True,135,69,0.6876739244916182,0.0,17.0,224.0,453.0,63.0,48.0,94.74244153563421,42,18,7,10,0.3,0.4166666666666667,337.0,0.21944203863454217,0.2811348413520303,0.050445103857566766,0.14382319334818383,26,10,63,38,34,101,9,10,1,0.6586427040007742,0.39362113220747674,13,60,91,28,1,63,0.6586427040007742,nenhuma,94.74244153563421,0.0,104,0,terminal,0.9566666666666666,56,j6032_1.sm,1,adaptativa,0,1.9565217391304348,0.43333333333333335
True,156,69,0.6391151548721672,3.552713678800501e-15,27.35653215814917,218.0,473.0,108.0,62.0,97.08572069396038,42,18,1,7,0.3,0.31666666666666665,337.0,0.22365564234352658,0.28808819197020885,0.08117665328827647,0.13118172392641958,33,7,108,55,27,163,0,16,3,0.794910294566222,0.24332019624229823,0,60,160,52,3,108,0.794910294566222,nenhuma,97.0857206939604,0.0,105,0,terminal,0.8679070192869102,56,j6032_1.sm,3,adaptativa,0,2.260869565217391,0.55
True,175,108,0.5289869647729103,0.0,9.5,245.0,350.0,191.0,72.0,48.642012578234464,45,15,2,7,0.25,0.2833333333333333,334.0,0.12712146335026184,0.14563476819830679,0.02844311377245509,0.07351711598344564,17,7,191,65,43,256,27,0,1,0.6586427040007742,0.39362113220747674,20,60,228,37,1,191,0.6586427040007742,nenhuma,48.642012578234464,0.0,54,0,terminal,0.9633333333333333,56,j6043_1.sm,1,adaptativa,0,1.6203703703703705,0.2833333333333333
True,168,108,0.5596513097419763,0.0,6.5,303.0,387.0,189.0,83.0,32.50200001930467,54,6,4,6,0.1,0.16666666666666666,334.0,0.08868164435007912,0.09731137730330738,0.019461077844311378,0.0470020332817509,27,6,189,77,33,266,2,6,9,0.794910294566222,0.24332019624229823,4,60,255,66,9,189,0.794910294566222,nenhuma,32.50200001930467,0.0,36,0,terminal,0.9533333333333333,56,j6043_1.sm,3,adaptativa,0,1.5555555555555556,0.45
True,145,85,0.6473766907523986,0.0,14.045761576248022,279.0,359.0,108.0,50.0,37.545761576248026,53,7,6,1,0.11666666666666667,0.21666666666666667,323.0,0.10413591165821504,0.11624074791408058,0.04348532995742422,0.06770543420894151,16,1,108,49,44,157,10,10,1,0.6586427040007742,0.39362113220747674,14,60,146,38,1,108,0.6586427040007742,nenhuma,37.545761576248026,0.0,41,0,terminal,0.955,57,j6010_1.sm,1,adaptativa,0,1.7058823529411764,0.26666666666666666
True,147,85,0.6548151953848459,0.0,14.5,280.0,398.0,107.0,48.0,54.80507661568349,52,8,9,11,0.13333333333333333,0.2833333333333333,323.0,0.14506177922916882,0.1696751598008777,0.04489164086687306,0.09016883656326692,24,11,107,37,36,144,9,3,0,0.794910294566222,0.24332019624229823,3,60,135,28,0,107,0.794910294566222,nenhuma,54.80507661568349,0.0,60,0,terminal,0.9566666666666667,57,j6010_1.sm,3,adaptativa,0,1.7294117647058824,0.4
True,271,76,0.7645465979204521,1.7763568394002505e-15,20.45098726196985,271.0,415.0,36.0,22.0,69.80537135184406,49,11,9,4,0.18333333333333332,0.3333333333333333,332.0,0.1737293135653939,0.21025714262603631,0.06159935922280075,0.12860110646656905,26,4,36,18,34,54,3,2,0,0.6586427040007742,0.39362113220747674,17,60,51,15,0,36,0.6586427040007742,nenhuma,69.80537135184406,0.0,76,0,terminal,0.9318676372022794,57,j6021_1.sm,1,adaptativa,0,3.5657894736842106,0.43333333333333335
True,238,76,0.7227591596804742,0.0,11.5,295.0,440.0,68.0,39.0,61.77817196328628,53,7,10,19,0.11666666666666667,0.2833333333333333,332.0,0.15688571983377012,0.18607883121471772,0.03463855421686747,0.10147895376086506,32,19,68,20,28,88,0,0,1,0.794910294566222,0.24332019624229823,2,60,87,19,1,68,0.794910294566222,nenhuma,61.778171963286276,0.0,69,0,terminal,0.9480270920510581,57,j6021_1.sm,3,adaptativa,0,3.1315789473684212,0.5333333333333333
True,176,69,0.7136160612141841,0.0,7.852683343412282,306.0,426.0,71.0,52.0,47.95965821618574,54,6,9,6,0.1,0.25,337.0,0.12458359517051665,0.14231352586405263,0.023301730989353953,0.08033986477326983,18,6,71,46,42,117,18,13,1,0.6586427040007742,0.39362113220747674,13,60,98,27,1,71,0.6586427040007742,nenhuma,47.95965821618574,0.0,52,0,terminal,0.9842939874582776,57,j6032_1.sm,1,adaptativa,0,2.550724637681159,0.3
True,183,69,0.6297353859448724,0.0,22.753537030146763,280.0,441.0,126.0,77.0,56.29413916181856,51,9,4,10,0.15,0.21666666666666667,337.0,0.14313495563852444,0.16704492332883847,0.0675179140360438,0.08038642052494824,25,10,126,67,35,193,0,16,8,0.794910294566222,0.24332019624229823,0,60,185,59,8,126,0.794910294566222,nenhuma,56.29413916181857,0.0,60,0,terminal,0.903330952807004,57,j6032_1.sm,3,adaptativa,0,2.652173913043478,0.4166666666666667
True,198,108,0.5018504811250926,0.0,12.5,276.0,339.0,219.0,76.0,41.5,51,9,5,1,0.15,0.23333333333333334,334.0,0.11051930758988016,0.12425149700598802,0.0374251497005988,0.0614359733530718,18,1,219,75,42,294,35,0,1,0.6586427040007742,0.39362113220747674,20,60,258,39,1,219,0.6586427040007742,nenhuma,41.5,0.0,43,0,terminal,0.9666666666666667,57,j6043_1.sm,1,adaptativa,0,1.8333333333333333,0.3
True,229,108,0.5656200714428956,0.0,19.0,278.0,384.0,161.0,88.0,45.900943208074,52,8,6,6,0.13333333333333333,0.23333333333333334,334.0,0.12082345155677536,0.13742797367686826,0.05688622754491018,0.06761066348085185,28,6,161,82,32,243,2,11,4,0.794910294566222,0.24332019624229823,4,60,237,76,4,161,0.794910294566222,nenhuma,45.90094320807399,0.0,51,0,terminal,0.8872655821049754,57,j6043_1.sm,3,adaptativa,0,2.1203703703703702,0.4666666666666667
True,120,85,0.6730145576631942,0.0,7.0,296.0,352.0,87.0,47.0,37.019890122727745,55,5,7,2,0.08333333333333333,0.2,323.0,0.10282734687271855,0.11461266291866175,0.021671826625386997,0.07078103686274904,19,2,87,45,41,132,7,10,2,0.6586427040007742,0.39362113220747674,14,60,123,36,2,87,0.6586427040007742,nenhuma,37.019890122727745,0.0,39,0,terminal,0.9566666666666667,58,j6010_1.sm,1,adaptativa,0,1.411764705882353,0.31666666666666665
True,140,85,0.5768356686402972,0.0,13.880952701973042,252.0,396.0,155.0,70.0,65.50401063693133,49,11,7,7,0.18333333333333332,0.3,323.0,0.16860575140406156,0.20279879454158306,0.042975085764622424,0.0954167923595339,25,7,155,63,35,218,8,5,1,0.794910294566222,0.24332019624229823,3,60,209,54,1,155,0.794910294566222,nenhuma,65.50401063693133,0.0,71,0,terminal,0.9016666666666667,58,j6010_1.sm,3,adaptativa,0,1.6470588235294117,0.4166666666666667
True,239,76,0.7401509755717202,0.0,10.5,274.0,416.0,49.0,29.0,68.0474926465726,50,10,9,13,0.16666666666666666,0.31666666666666665,332.0,0.17009853554235393,0.20496232724871266,0.03162650602409638,0.12107071650858214,28,13,49,16,32,65,3,0,1,0.6586427040007742,0.39362113220747674,17,60,61,12,1,49,0.6586427040007742,nenhuma,68.04749264657259,0.0,75,0,terminal,0.9385343038689461,58,j6021_1.sm,1,adaptativa,0,3.1447368421052633,0.4666666666666667
True,212,76,0.6905622280866994,0.0,15.5,249.0,426.0,60.0,35.0,95.88864909436677,46,14,9,12,0.23333333333333334,0.38333333333333336,332.0,0.22409720215134624,0.2888212322119481,0.046686746987951805,0.1554391529737784,30,12,60,23,30,83,0,0,1,0.794910294566222,0.24332019624229823,2,60,82,22,1,60,0.794910294566222,nenhuma,95.88864909436678,0.0,106,0,terminal,0.9616666666666666,58,j6021_1.sm,3,adaptativa,0,2.789473684210526,0.5
True,121,69,0.691535265058756,0.0,12.0,256.0,447.0,63.0,50.0,86.3878598613779,49,11,9,7,0.18333333333333332,0.3333333333333333,337.0,0.20403952982889562,0.25634379780824307,0.03560830860534125,0.1336470952284041,23,7,63,43,37,106,9,16,0,0.6586427040007742,0.39362113220747674,13,60,97,34,0,63,0.6586427040007742,nenhuma,86.38785986137789,0.0,93,0,terminal,0.9483333333333333,58,j6032_1.sm,1,adaptativa,0,1.7536231884057971,0.38333333333333336
True,143,69,0.6290974780042687,0.0,7.419491276186349,301.0,440.0,129.0,77.0,53.41466208995734,53,7,5,8,0.11666666666666667,0.2,337.0,0.13681520515653636,0.1585004809791019,0.022016294588090058,0.07637052093009633,29,8,129,69,31,198,0,24,8,0.794910294566222,0.24332019624229823,0,60,190,61,8,129,0.794910294566222,nenhuma,53.41466208995733,0.0,58,0,terminal,0.9246160967693137,58,j6032_1.sm,3,adaptativa,0,2.072463768115942,0.48333333333333334
True,165,108,0.49719887955182074,0.0,8.5,280.0,355.0,222.0,87.0,50.0,51,9,11,3,0.15,0.3333333333333333,334.0,0.13020833333333334,0.1497005988023952,0.025449101796407185,0.0700280112044818,15,3,222,84,45,306,43,1,3,0.6586427040007742,0.39362113220747674,20,60,260,38,3,222,0.6586427040007742,nenhuma,50.0,0.0,55,0,terminal,0.9875781977235641,58,j6043_1.sm,1,adaptativa,0,1.5277777777777777,0.25
True,179,108,0.587012015700222,0.0,10.754072321694297,260.0,406.0,145.0,78.0,62.63831257474283,50,10,5,5,0.16666666666666666,0.25,334.0,0.15792300085216607,0.18753985800821205,0.032197821322438015,0.09056512838561663,27,5,145,73,33,218,1,12,3,0.794910294566222,0.24332019624229823,4,60,214,69,3,145,0.794910294566222,nenhuma,62.63831257474284,0.0,69,0,terminal,0.9059244793580392,58,j6043_1.sm,3,adaptativa,0,1.6574074074074074,0.45
True,123,85,0.6547548597340861,0.0,6.781380836012355,277.0,365.0,88.0,46.0,58.460543550965824,52,8,11,5,0.13333333333333333,0.31666666666666665,323.0,0.15325449653787085,0.18099239489463104,0.020994987108397384,0.10486938354161934,18,5,88,41,42,129,9,8,1,0.6586427040007742,0.39362113220747674,14,60,119,31,1,88,0.6586427040007742,nenhuma,58.460543550965824,0.0,65,0,terminal,0.9666666666666667,59,j6010_1.sm,1,adaptativa,0,1.4470588235294117,0.3
True,149,85,0.5913024943947076,0.0,6.5,278.0,419.0,143.0,78.0,68.60516228485282,52,8,10,15,0.13333333333333333,0.3,323.0,0.17518962693078485,0.21239988323483847,0.020123839009287926,0.09681719233266632,28,15,143,63,32,206,6,3,2,0.794910294566222,0.24332019624229823,3,60,198,55,2,143,0.794910294566222,nenhuma,68.60516228485282,0.0,75,0,terminal,0.9616666666666666,59,j6010_1.sm,3,adaptativa,0,1.7529411764705882,0.4666666666666667
True,216,76,0.737228983584127,0.0,11.691719159637948,249.0,399.0,47.0,23.0,72.21583508588296,47,13,8,5,0.21666666666666667,0.35,332.0,0.17865662059117352,0.21751757555988843,0.03521602156517454,0.13343259824321912,23,5,47,18,37,65,2,0,1,0.6586427040007742,0.39362113220747674,17,60,62,15,1,47,0.6586427040007742,nenhuma,72.21583508588296,0.0,79,0,terminal,0.9633333333333334,59,j6021_1.sm,1,adaptativa,0,2.8421052631578947,0.38333333333333336
True,208,76,0.6622675283071325,0.0,26.440374138566884,241.0,419.0,80.0,41.0,92.67483621163592,47,13,8,19,0.21666666666666667,0.35,332.0,0.2182254004931236,0.2791410729266142,0.0796396811402617,0.14648098977123736,32,19,80,22,28,102,0,0,1,0.794910294566222,0.24332019624229823,2,60,101,21,1,80,0.794910294566222,nenhuma,92.67483621163592,0.0,100,0,terminal,0.9666666666666667,59,j6021_1.sm,3,adaptativa,0,2.736842105263158,0.5333333333333333
True,136,69,0.6576023543149213,0.0,14.50374896775509,267.0,426.0,90.0,66.0,65.807899720492,48,12,6,9,0.2,0.3,337.0,0.1633729124134756,0.19527566682638575,0.043037830764851896,0.10158551593595255,20,9,90,57,40,147,15,12,0,0.6586427040007742,0.39362113220747674,13,60,132,42,0,90,0.6586427040007742,nenhuma,65.80789972049199,0.0,71,0,terminal,0.955,59,j6032_1.sm,1,adaptativa,0,1.9710144927536233,0.3333333333333333
True,146,69,0.6424217599150333,8.881784197001252e-16,12.269778182827924,282.0,468.0,128.0,68.0,64.49338114247209,49,11,6,17,0.18333333333333332,0.2833333333333333,337.0,0.16063373438175377,0.19137501822692016,0.03640883733776832,0.08852981071884174,35,17,128,51,25,179,0,10,6,0.794910294566222,0.24332019624229823,0,60,173,45,6,128,0.794910294566222,nenhuma,64.49338114247209,0.0,73,0,terminal,0.8666666666666666,59,j6032_1.sm,3,adaptativa,0,2.1159420289855073,0.5833333333333334
True,156,108,0.5096582466567607,0.0,8.5,292.0,343.0,194.0,82.0,54.0,53,7,10,4,0.11666666666666667,0.2833333333333333,334.0,0.13917525773195877,0.16167664670658682,0.025449101796407185,0.08023774145616643,17,4,194,78,43,272,35,2,6,0.6586427040007742,0.39362113220747674,20,60,231,37,6,194,0.6586427040007742,nenhuma,54.0,0.0,59,0,terminal,0.9666666666666667,59,j6043_1.sm,1,adaptativa,0,1.4444444444444444,0.2833333333333333
True,168,108,0.5650367997655568,0.0,7.955904908151544,287.0,402.0,170.0,83.0,56.4580858570566,54,6,8,7,0.1,0.23333333333333334,334.0,0.14459448504730268,0.16903618520076827,0.023820074575304023,0.07935546306855797,28,7,170,76,32,246,1,8,5,0.794910294566222,0.24332019624229823,4,60,240,70,5,170,0.794910294566222,nenhuma,56.4580858570566,0.0,62,0,terminal,0.9062008108803971,59,j6043_1.sm,3,adaptativa,0,1.5555555555555556,0.4666666666666667
True,138,85,0.6719761485606576,0.0,3.5,308.0,369.0,90.0,42.0,48.126633125865006,57,3,11,3,0.05,0.23333333333333334,323.0,0.12967712050334904,0.14899886416676472,0.010835913312693499,0.08764213975910712,14,3,90,39,46,129,8,5,0,0.6586427040007742,0.39362113220747674,14,60,121,31,0,90,0.6586427040007742,nenhuma,48.126633125865006,0.0,52,0,terminal,0.9583333333333334,60,j6010_1.sm,1,adaptativa,0,1.6235294117647059,0.23333333333333334
True,203,85,0.5443422218467561,0.0,15.272771212249225,269.0,382.0,176.0,81.0,62.76441339422891,53,7,10,12,0.11666666666666667,0.2833333333333333,323.0,0.16270140846322007,0.19431706933197804,0.0472841214001524,0.08943801109927452,27,12,176,69,33,245,6,5,2,0.794910294566222,0.24332019624229823,3,60,237,61,2,176,0.794910294566222,nenhuma,62.76441339422891,0.0,68,0,terminal,0.965,60,j6010_1.sm,3,adaptativa,0,2.388235294117647,0.45
True,302,76,0.7032337721086459,0.0,11.691719159637948,291.0,401.0,45.0,27.0,97.22289870636013,55,5,16,9,0.08333333333333333,0.35,332.0,0.22650911449361474,0.2928400563444582,0.03521602156517454,0.17049981494416566,21,9,45,18,39,63,9,0,0,0.6586427040007742,0.39362113220747674,17,60,54,9,0,45,0.6586427040007742,nenhuma,97.22289870636013,0.0,105,0,terminal,0.9666666666666667,60,j6021_1.sm,1,adaptativa,0,3.973684210526316,0.35
True,212,76,0.7147001060434572,0.0,4.0,320.0,436.0,67.0,31.0,76.04608270407772,58,2,14,9,0.03333333333333333,0.26666666666666666,332.0,0.1863664079314975,0.2290544659761377,0.012048192771084338,0.12465629213943548,27,9,67,22,33,89,0,0,0,0.794910294566222,0.24332019624229823,2,60,89,22,0,67,0.794910294566222,nenhuma,76.04608270407772,0.0,85,0,terminal,0.9198132301966969,60,j6021_1.sm,3,adaptativa,0,2.789473684210526,0.45
True,133,69,0.6475086855577799,0.0,13.066761871351583,307.0,420.0,86.0,62.0,80.63994779962174,56,4,16,10,0.06666666666666667,0.3333333333333333,337.0,0.19308485269304684,0.2392876789306283,0.03877377409896612,0.12432158715043108,22,10,86,52,38,138,14,18,0,0.6586427040007742,0.39362113220747674,13,60,124,38,0,86,0.6586427040007742,nenhuma,80.63994779962174,0.0,86,0,terminal,0.9692939874582777,60,j6032_1.sm,1,adaptativa,0,1.9275362318840579,0.36666666666666664
True,186,69,0.6119632385779055,0.0,13.63010195900038,310.0,480.0,137.0,70.0,97.36084022863085,54,6,19,16,0.1,0.4166666666666667,337.0,0.22414737059948553,0.2889045704113675,0.04044540640652931,0.12412761478537282,37,16,137,54,23,191,0,8,5,0.794910294566222,0.24332019624229823,0,60,186,49,5,137,0.794910294566222,nenhuma,97.36084022863086,0.0,105,0,terminal,0.873990373944574,60,j6032_1.sm,3,adaptativa,0,2.6956521739130435,0.6166666666666667
True,205,108,0.6130965995014261,0.0,6.0,314.0,375.0,126.0,47.0,63.64912724186081,57,3,12,6,0.05,0.25,334.0,0.1600635406478529,0.19056624922712817,0.017964071856287425,0.10406150259524921,22,6,126,41,38,167,17,0,1,0.6586427040007742,0.39362113220747674,20,60,149,23,1,126,0.6586427040007742,nenhuma,63.64912724186081,0.0,68,0,terminal,0.955,60,j6043_1.sm,1,adaptativa,0,1.8981481481481481,0.36666666666666664
True,161,108,0.5318161714915741,0.0,18.741010754048467,266.0,371.0,172.0,77.0,77.6094746413291,50,10,12,6,0.16666666666666666,0.36666666666666664,334.0,0.1885512346598847,0.23236369653092545,0.05611081064086367,0.11125060289817802,24,6,172,71,36,243,4,5,7,0.794910294566222,0.24332019624229823,4,60,232,60,7,172,0.794910294566222,nenhuma,77.60947464132909,0.0,84,0,terminal,0.9049999999999999,60,j6043_1.sm,3,adaptativa,0,1.4907407407407407,0.4
True,138,85,0.6719761485606576,0.0,3.5,308.0,369.0,90.0,42.0,48.126633125865006,57,3,11,3,0.05,0.23333333333333334,323.0,0.12967712050334904,0.14899886416676472,0.010835913312693499,0.08764213975910712,14,3,90,39,46,129,8,5,0,0.6586427040007742,0.39362113220747674,14,60,121,31,0,90,0.6586427040007742,nenhuma,48.126633125865006,0.0,52,0,terminal,0.9583333333333334,61,j6010_1.sm,1,adaptativa,0,1.6235294117647059,0.23333333333333334
True,161,85,0.663781559433107,0.0,4.873619384823885,302.0,407.0,89.0,55.0,62.15352048585436,56,4,13,5,0.06666666666666667,0.2833333333333333,323.0,0.16137336718992054,0.19242576001812495,0.015088604906575497,0.10136697973552328,25,5,89,50,35,139,9,17,1,0.794910294566222,0.24332019624229823,3,60,129,40,1,89,0.794910294566222,nenhuma,62.15352048585436,0.0,69,0,terminal,0.9666666666666667,61,j6010_1.sm,3,adaptativa,0,1.8941176470588235,0.4166666666666667
True,215,76,0.7065296572447988,0.0,8.92323606911129,294.0,405.0,47.0,24.0,97.22434500392859,55,5,14,6,0.08333333333333333,0.31666666666666665,332.0,0.22651172081825582,0.2928444126624355,0.026877217075636416,0.16960958802833515,17,6,47,18,43,65,9,0,0,0.6586427040007742,0.39362113220747674,17,60,56,9,0,47,0.6586427040007742,nenhuma,97.22434500392859,0.0,104,0,terminal,0.9666666666666667,61,j6021_1.sm,1,adaptativa,0,2.8289473684210527,0.2833333333333333
True,212,76,0.7147001060434572,0.0,4.0,320.0,436.0,67.0,31.0,76.04608270407772,58,2,14,9,0.03333333333333333,0.26666666666666666,332.0,0.1863664079314975,0.2290544659761377,0.012048192771084338,0.12465629213943548,27,9,67,22,33,89,0,0,0,0.794910294566222,0.24332019624229823,2,60,89,22,0,67,0.794910294566222,nenhuma,76.04608270407772,0.0,85,0,terminal,0.9198132301966969,61,j6021_1.sm,3,adaptativa,0,2.789473684210526,0.45
True,115,69,0.7060302391412044,0.0,7.535699410059735,308.0,431.0,68.0,53.0,58.455439591732556,56,4,12,6,0.06666666666666667,0.26666666666666666,337.0,0.14781801876864267,0.17345827772027464,0.022361125845874585,0.0957570951138171,25,6,68,47,35,115,10,14,1,0.6586427040007742,0.39362113220747674,13,60,104,36,1,68,0.6586427040007742,nenhuma,58.45543959173255,0.0,64,0,terminal,0.9533333333333333,61,j6032_1.sm,1,adaptativa,0,1.6666666666666667,0.4166666666666667
True,154,69,0.5838976834620309,0.0,9.531462687792569,305.0,466.0,139.0,84.0,109.08502961855402,54,6,21,10,0.1,0.45,337.0,0.24453864706428796,0.3236944499066885,0.028283272070601096,0.13668346801429337,35,10,139,74,25,213,0,28,7,0.794910294566222,0.24332019624229823,0,60,206,67,7,139,0.794910294566222,nenhuma,109.08502961855402,0.0,118,0,terminal,0.8569439109117359,61,j6032_1.sm,3,adaptativa,0,2.2318840579710146,0.5833333333333334
True,153,108,0.5223214285714286,0.0,6.5,304.0,351.0,189.0,76.0,56.0,56,4,13,6,0.06666666666666667,0.2833333333333333,334.0,0.14358974358974358,0.16766467065868262,0.019461077844311378,0.08333333333333333,19,6,189,70,41,259,29,0,3,0.6586427040007742,0.39362113220747674,20,60,227,38,3,189,0.6586427040007742,nenhuma,56.0,0.0,61,0,terminal,0.9633333333333333,61,j6043_1.sm,1,adaptativa,0,1.4166666666666667,0.31666666666666665
True,165,108,0.5541829832024808,0.0,8.0,302.0,386.0,154.0,79.0,77.5208454604747,54,6,14,6,0.1,0.3333333333333333,334.0,0.18837647306476568,0.23209833970202007,0.023952095808383235,0.1112972367815139,24,6,154,73,36,227,0,5,9,0.794910294566222,0.24332019624229823,4,60,218,64,9,154,0.794910294566222,nenhuma,77.52084546047467,0.0,84,0,terminal,0.8520728253123632,61,j6043_1.sm,3,adaptativa,0,1.5277777777777777,0.4
True,127,85,0.6591655725221732,0.0,4.5,301.0,363.0,100.0,52.0,35.6962364721942,57,3,7,3,0.05,0.16666666666666666,323.0,0.09951661836006284,0.11051466400060124,0.01393188854489164,0.06482019325366604,19,3,100,49,41,149,10,8,0,0.6586427040007742,0.39362113220747674,14,60,139,39,0,100,0.6586427040007742,nenhuma,35.6962364721942,0.0,38,0,terminal,0.9516666666666667,62,j6010_1.sm,1,adaptativa,0,1.4941176470588236,0.31666666666666665
True,155,85,0.6387345233536184,0.0,9.780704079097369,294.0,409.0,91.0,59.0,81.32862644183098,54,6,16,8,0.1,0.36666666666666664,323.0,0.20114486366582154,0.25179141313260367,0.030280817582344795,0.12701076148001808,28,8,91,51,32,142,9,18,1,0.794910294566222,0.24332019624229823,3,60,132,41,1,91,0.794910294566222,nenhuma,81.32862644183098,0.0,92,0,terminal,0.9562608529460315,62,j6010_1.sm,3,adaptativa,0,1.8235294117647058,0.4666666666666667
True,198,76,0.7121245409117662,0.0,10.957113100626099,307.0,398.0,66.0,38.0,56.891004501013285,56,4,12,7,0.06666666666666667,0.26666666666666666,332.0,0.14629035859034648,0.1713584472922087,0.033003352712729216,0.1017926644781239,23,7,66,31,37,97,19,0,3,0.6586427040007742,0.39362113220747674,17,60,75,9,3,66,0.6586427040007742,nenhuma,56.891004501013285,0.0,63,0,terminal,0.9666666666666667,62,j6021_1.sm,1,adaptativa,0,2.6052631578947367,0.38333333333333336
True,212,76,0.7147001060434572,0.0,4.0,320.0,436.0,67.0,31.0,76.04608270407772,58,2,14,9,0.03333333333333333,0.26666666666666666,332.0,0.1863664079314975,0.2290544659761377,0.012048192771084338,0.12465629213943548,27,9,67,22,33,89,0,0,0,0.794910294566222,0.24332019624229823,2,60,89,22,0,67,0.794910294566222,nenhuma,76.04608270407772,0.0,85,0,terminal,0.9198132301966969,62,j6021_1.sm,3,adaptativa,0,2.789473684210526,0.45
True,133,69,0.6483788770916323,0.0,5.5,304.0,440.0,84.0,77.0,77.61556806671976,53,7,14,5,0.11666666666666667,0.35,337.0,0.1871988754031298,0.23031325835821886,0.016320474777448073,0.11437339742711118,24,5,84,72,36,156,15,35,0,0.6586427040007742,0.39362113220747674,13,60,141,57,0,84,0.6586427040007742,nenhuma,77.61556806671976,0.0,84,0,terminal,0.9266666666666667,62,j6032_1.sm,1,adaptativa,0,1.9275362318840579,0.4
True,152,69,0.6311518834494909,0.0,11.548443694743286,289.0,467.0,96.0,78.0,98.916987092969,53,7,18,12,0.11666666666666667,0.4166666666666667,337.0,0.22691702783280787,0.29352221689308305,0.034268378916152184,0.133686601089671,31,12,96,66,29,162,0,20,3,0.794910294566222,0.24332019624229823,0,60,159,63,3,96,0.794910294566222,nenhuma,98.91698709296898,0.0,109,0,terminal,0.8399999999999999,62,j6032_1.sm,3,adaptativa,0,2.2028985507246377,0.5166666666666667
True,153,108,0.5223214285714286,0.0,6.5,304.0,351.0,189.0,76.0,56.0,56,4,13,6,0.06666666666666667,0.2833333333333333,334.0,0.14358974358974358,0.16766467065868262,0.019461077844311378,0.08333333333333333,19,6,189,70,41,259,29,0,3,0.6586427040007742,0.39362113220747674,20,60,227,38,3,189,0.6586427040007742,nenhuma,56.0,0.0,61,0,terminal,0.9633333333333333,62,j6043_1.sm,1,adaptativa,0,1.4166666666666667,0.31666666666666665
True,165,108,0.5418944172122504,0.0,8.0,278.0,379.0,183.0,81.0,56.39823692915528,52,8,8,5,0.13333333333333333,0.26666666666666666,334.0,0.1444633494576712,0.16885699679387808,0.023952095808383235,0.0806382314842296,21,5,183,76,39,259,0,0,10,0.794910294566222,0.24332019624229823,4,60,249,66,10,183,0.794910294566222,nenhuma,56.39823692915529,0.0,60,0,terminal,0.8822379071877796,62,j6043_1.sm,3,adaptativa,0,1.5277777777777777,0.35
True,197,85,0.678373382624769,0.0,14.5,273.0,367.0,95.0,49.0,30.0,50,10,2,2,0.16666666666666666,0.2,323.0,0.08498583569405099,0.09287925696594428,0.04489164086687306,0.05545286506469501,11,2,95,47,49,142,17,2,0,0.6586427040007742,0.39362113220747674,14,60,125,30,0,95,0.6586427040007742,nenhuma,30.0,0.0,34,0,terminal,0.9666666666666667,63,j6010_1.sm,1,adaptativa,0,2.3176470588235296,0.18333333333333332
True,231,85,0.5844881964718047,0.0,34.16372837598286,225.0,400.0,144.0,72.0,68.35941463754727,42,18,2,9,0.3,0.3333333333333333,323.0,0.174671700950027,0.21163905460540952,0.10577005689158782,0.09988817743342074,32,9,144,63,28,207,8,10,3,0.794910294566222,0.24332019624229823,3,60,196,52,3,144,0.794910294566222,nenhuma,68.35941463754727,0.0,74,0,terminal,0.9666666666666667,63,j6010_1.sm,3,adaptativa,0,2.7176470588235295,0.5333333333333333
True,286,76,0.7207508651191207,0.0,27.2060254760445,217.0,397.0,41.0,31.0,81.81446199081101,41,19,2,9,0.31666666666666665,0.35,332.0,0.19770807814983457,0.2464291023819609,0.08194585986760392,0.14853361274340668,30,9,41,22,30,63,5,0,0,0.6586427040007742,0.39362113220747674,17,60,58,17,0,41,0.6586427040007742,nenhuma,81.814461990811,0.0,90,0,terminal,0.9666666666666667,63,j6021_1.sm,1,adaptativa,0,3.763157894736842,0.5
True,219,76,0.7087846165154786,0.0,21.560672959651086,219.0,441.0,58.0,50.0,73.19183334994021,40,20,1,17,0.3333333333333333,0.35,332.0,0.18063501612266888,0.2204573293672898,0.06494178602304544,0.11763547739909795,29,17,58,33,31,91,0,0,3,0.794910294566222,0.24332019624229823,2,60,88,30,3,58,0.794910294566222,nenhuma,73.19183334994023,0.0,81,0,terminal,0.9131086428464522,63,j6021_1.sm,3,adaptativa,0,2.8815789473684212,0.48333333333333334
True,220,69,0.7215227752208716,0.0,16.51543720442828,268.0,422.0,65.0,46.0,51.87412247079516,49,11,2,5,0.18333333333333332,0.21666666666666667,337.0,0.13339566577791753,0.15392914679761174,0.04900723206061804,0.08869279812150592,15,5,65,41,45,106,12,17,1,0.6586427040007742,0.39362113220747674,13,60,93,28,1,65,0.6586427040007742,nenhuma,51.87412247079515,0.0,56,0,terminal,0.96,63,j6032_1.sm,1,adaptativa,0,3.1884057971014492,0.25
True,214,69,0.6309355190999487,8.881784197001252e-15,38.778751129741885,227.0,482.0,122.0,74.0,85.94494430681229,43,17,1,17,0.2833333333333333,0.3,337.0,0.2032059857050004,0.2550295083288199,0.11507047812979787,0.11250148973077757,32,17,122,57,28,179,0,4,8,0.794910294566222,0.24332019624229823,0,60,171,49,8,122,0.794910294566222,nenhuma,85.94494430681227,0.0,94,0,terminal,0.8633333333333333,63,j6032_1.sm,3,adaptativa,0,3.101449275362319,0.5333333333333333
True,202,108,0.5395034173475306,0.0,19.048077850040556,257.0,365.0,182.0,81.0,48.548077850040556,49,11,2,4,0.18333333333333332,0.21666666666666667,334.0,0.12690712791679867,0.1453535264971274,0.05703017320371424,0.07175850385137215,17,4,182,77,43,259,24,0,3,0.6586427040007742,0.39362113220747674,20,60,232,50,3,182,0.6586427040007742,nenhuma,48.548077850040556,0.0,53,0,terminal,0.9666666666666667,63,j6043_1.sm,1,adaptativa,0,1.8703703703703705,0.2833333333333333
True,216,108,0.5516652745820302,1.7763568394002505e-15,27.994253471677986,233.0,388.0,176.0,83.0,56.32503762171484,44,16,0,6,0.26666666666666666,0.26666666666666666,334.0,0.14430290704615903,0.168637837190763,0.08381513015472451,0.08008393645728479,22,6,176,77,38,253,5,5,5,0.794910294566222,0.24332019624229823,4,60,243,67,5,176,0.794910294566222,nenhuma,56.32503762171484,0.0,63,0,terminal,0.9355720175307307,63,j6043_1.sm,3,adaptativa,0,2.0,0.36666666666666664
True,122,85,0.6858736059479554,0.0,9.5,273.0,369.0,87.0,50.0,32.0,50,10,2,2,0.16666666666666666,0.2,323.0,0.09014084507042254,0.09907120743034056,0.029411764705882353,0.05947955390334572,12,2,87,48,48,135,17,2,0,0.6586427040007742,0.39362113220747674,14,60,118,31,0,87,0.6586427040007742,nenhuma,32.0,0.0,33,0,terminal,0.965,64,j6010_1.sm,1,adaptativa,0,1.4352941176470588,0.2
True,148,85,0.566502008412827,1.7763568394002505e-15,14.970779194937883,211.0,395.0,142.0,79.0,81.26142914598745,41,19,2,13,0.31666666666666665,0.35,323.0,0.20101207606586236,0.2515833719690014,0.04634916159423493,0.11654370333594564,33,13,142,66,27,208,8,11,3,0.794910294566222,0.24332019624229823,3,60,197,55,3,142,0.794910294566222,nenhuma,81.26142914598748,0.0,89,0,terminal,0.965,64,j6010_1.sm,3,adaptativa,0,1.7411764705882353,0.55
True,208,76,0.7090216206218671,0.0,22.97713263817218,194.0,411.0,40.0,29.0,99.67202698208415,40,20,3,6,0.3333333333333333,0.38333333333333336,332.0,0.23089758138583502,0.3002169487412173,0.069208230837868,0.17194555255840333,25,6,40,23,35,63,3,0,2,0.6586427040007742,0.39362113220747674,17,60,58,18,2,40,0.6586427040007742,nenhuma,99.67202698208415,0.0,107,0,terminal,0.965,64,j6021_1.sm,1,adaptativa,0,2.736842105263158,0.4166666666666667
True,212,76,0.6815442082558356,0.0,15.5,218.0,426.0,76.0,49.0,74.0511629908674,40,20,1,21,0.3333333333333333,0.35,332.0,0.18236904543118598,0.22304567165923914,0.046686746987951805,0.11847216256111398,32,21,76,28,28,104,0,0,1,0.794910294566222,0.24332019624229823,2,60,103,27,1,76,0.794910294566222,nenhuma,74.0511629908674,0.0,81,0,terminal,0.96,64,j6021_1.sm,3,adaptativa,0,2.789473684210526,0.5333333333333333
True,141,69,0.6750828591037122,0.0,22.80051349404121,200.0,441.0,56.0,55.0,101.25314374816568,39,21,4,9,0.35,0.4166666666666667,337.0,0.23103803176902932,0.30045443248713855,0.06765731007133889,0.1549983260198432,24,9,56,46,36,102,6,13,1,0.6586427040007742,0.39362113220747674,13,60,95,39,1,56,0.6586427040007742,nenhuma,101.25314374816568,0.0,112,0,terminal,0.945,64,j6032_1.sm,1,adaptativa,0,2.0434782608695654,0.4
True,160,69,0.6209366574798858,0.0,13.100171323577433,255.0,484.0,116.0,98.0,81.4675900829359,46,14,3,17,0.23333333333333334,0.2833333333333333,337.0,0.1946807638479001,0.24174359075055163,0.03887291193939891,0.10451696917156965,33,17,116,81,27,197,0,29,5,0.794910294566222,0.24332019624229823,0,60,192,76,5,116,0.794910294566222,nenhuma,81.46759008293589,0.0,89,0,terminal,0.8266369257374294,64,j6032_1.sm,3,adaptativa,0,2.318840579710145,0.55
True,189,108,0.5424468045085621,0.0,18.86011008762449,191.0,378.0,156.0,70.0,92.8425232819923,41,19,2,10,0.31666666666666665,0.35,334.0,0.21751001415727308,0.27797162659279134,0.05646739547192962,0.13323314835139816,19,10,156,60,41,216,18,1,1,0.6586427040007742,0.39362113220747674,20,60,197,41,1,156,0.6586427040007742,nenhuma,92.8425232819923,0.0,100,0,terminal,0.9666666666666667,64,j6043_1.sm,1,adaptativa,0,1.75,0.31666666666666665
True,165,108,0.521129440588442,0.0,9.0,254.0,375.0,193.0,93.0,58.590893917953494,47,13,3,4,0.21666666666666667,0.26666666666666666,334.0,0.14924160194657557,0.17542183807770506,0.02694610778443114,0.08142250605610626,18,4,193,89,42,282,5,3,6,0.794910294566222,0.24332019624229823,4,60,271,78,6,193,0.794910294566222,nenhuma,58.590893917953494,0.0,64,0,terminal,0.9333333333333332,64,j6043_1.sm,3,adaptativa,0,1.5277777777777777,0.3
True,119,85,0.6849659939640967,0.0,8.4132427121331,284.0,364.0,82.0,54.0,31.413242712133098,53,7,3,9,0.11666666666666667,0.16666666666666666,323.0,0.08863450606908625,0.09725462139979288,0.026047191059235603,0.05911264565371337,14,9,82,45,46,127,11,6,1,0.6586427040007742,0.39362113220747674,14,60,115,33,1,82,0.6586427040007742,nenhuma,31.413242712133098,0.0,33,0,terminal,0.9633333333333333,65,j6010_1.sm,1,adaptativa,0,1.4,0.23333333333333334
True,160,85,0.5538405177092423,1.7763568394002505e-15,14.851038668834134,223.0,398.0,153.0,83.0,84.61842402968404,41,19,4,10,0.31666666666666665,0.38333333333333336,323.0,0.20759224569182344,0.2619765449835419,0.04597844789112735,0.11775153711643314,35,10,153,73,25,226,4,8,3,0.794910294566222,0.24332019624229823,3,60,219,66,3,153,0.794910294566222,nenhuma,84.61842402968404,0.0,94,0,terminal,0.9376864057524058,65,j6010_1.sm,3,adaptativa,0,1.8823529411764706,0.5833333333333334
True,220,76,0.698346650084805,0.0,20.20864954764552,189.0,412.0,47.0,37.0,93.96488341422997,37,23,1,12,0.38333333333333336,0.4,332.0,0.22059302790660734,0.283026757271777,0.06086942634832988,0.15927199407266204,27,12,47,25,33,72,4,0,1,0.6586427040007742,0.39362113220747674,17,60,67,20,1,47,0.6586427040007742,nenhuma,93.96488341422994,0.0,103,0,terminal,0.9460705621343651,65,j6021_1.sm,1,adaptativa,0,2.8947368421052633,0.45
True,194,76,0.6835537786923139,8.881784197001252e-16,15.353907685496795,204.0,431.0,74.0,41.0,84.52829701934067,40,20,1,12,0.3333333333333333,0.35,332.0,0.20293530505423443,0.2546033042751225,0.046246709896074684,0.13405948221344913,31,12,74,29,29,103,0,0,2,0.794910294566222,0.24332019624229823,2,60,101,27,2,74,0.794910294566222,nenhuma,84.52829701934067,0.0,92,0,terminal,0.96,65,j6021_1.sm,3,adaptativa,0,2.5526315789473686,0.5166666666666667
True,138,69,0.7008185795821967,0.0,9.0,253.0,427.0,70.0,51.0,61.28749956167304,47,13,3,2,0.21666666666666667,0.26666666666666666,337.0,0.1538775372792812,0.18186201650348083,0.026706231454005934,0.1005888018476726,19,2,70,49,41,119,9,18,3,0.6586427040007742,0.39362113220747674,13,60,107,37,3,70,0.6586427040007742,nenhuma,61.28749956167305,0.0,67,0,terminal,0.9333333333333332,65,j6032_1.sm,1,adaptativa,0,2.0,0.31666666666666665
True,136,69,0.6267351965641373,1.7763568394002505e-15,19.033100030899213,245.0,449.0,116.0,81.0,70.41101770171812,45,15,3,15,0.25,0.3,337.0,0.17282551193367293,0.2089347706282437,0.056478041634715766,0.09828299113489368,31,15,116,66,29,182,0,17,2,0.794910294566222,0.24332019624229823,0,60,180,64,2,116,0.794910294566222,nenhuma,70.41101770171812,0.0,76,0,terminal,0.9290170359368718,65,j6032_1.sm,3,adaptativa,0,1.9710144927536233,0.5166666666666667
True,164,108,0.6052070873381902,0.0,9.0,230.0,383.0,131.0,61.0,57.84123403858842,44,16,1,3,0.26666666666666666,0.2833333333333333,334.0,0.14761395436216962,0.17317734742092342,0.02694610778443114,0.09139928141133337,16,3,131,58,44,189,13,2,3,0.6586427040007742,0.39362113220747674,20,60,173,42,3,131,0.6586427040007742,nenhuma,57.84123403858842,0.0,64,0,terminal,0.9616666666666666,65,j6043_1.sm,1,adaptativa,0,1.5185185185185186,0.26666666666666666
True,168,108,0.5717352683680005,0.0,11.317856919296695,266.0,390.0,168.0,77.0,47.13388534389735,50,10,1,2,0.16666666666666666,0.18333333333333332,334.0,0.12366752775437012,0.14111941719729745,0.03388579915957094,0.06909770406748644,20,2,168,75,40,243,5,3,6,0.794910294566222,0.24332019624229823,4,60,232,64,6,168,0.794910294566222,nenhuma,47.13388534389735,0.0,50,0,terminal,0.915,65,j6043_1.sm,3,adaptativa,0,1.5555555555555556,0.3333333333333333
True,249,85,0.6322926362061608,0.0,14.0,266.0,367.0,99.0,66.0,48.42744606682181,51,9,7,4,0.15,0.26666666666666666,323.0,0.13038198059846512,0.14993017358149166,0.043343653250773995,0.08343410773384859,13,4,99,62,47,161,15,5,1,0.6586427040007742,0.39362113220747674,14,60,145,46,1,99,0.6586427040007742,nenhuma,48.42744606682181,0.0,52,0,terminal,0.9633333333333333,66,j6010_1.sm,1,adaptativa,0,2.929411764705882,0.21666666666666667
True,170,85,0.5726076718396821,3.552713678800501e-15,25.199934906804753,241.0,397.0,148.0,78.0,70.31938694518843,45,15,5,10,0.25,0.3333333333333333,323.0,0.1787844415484861,0.21770708032566077,0.07801837432447292,0.10142423285611607,34,10,148,68,26,216,8,10,3,0.794910294566222,0.24332019624229823,3,60,205,57,3,148,0.794910294566222,nenhuma,70.31938694518841,0.0,76,0,terminal,0.9566666666666667,66,j6010_1.sm,3,adaptativa,0,2.0,0.5666666666666667
True,208,76,0.6819473061903969,1.7763568394002505e-15,16.326904344823134,272.0,415.0,70.0,44.0,79.55141773099646,50,10,14,8,0.16666666666666666,0.4,332.0,0.19329642495119256,0.23961270400902548,0.04917742272537089,0.13072259042236148,27,8,70,36,33,106,21,0,2,0.6586427040007742,0.39362113220747674,17,60,83,13,2,70,0.6586427040007742,nenhuma,79.55141773099645,0.0,88,0,terminal,0.9666666666666667,66,j6021_1.sm,1,adaptativa,0,2.736842105263158,0.45
True,238,76,0.7223030050288125,0.0,11.5,295.0,439.0,67.0,40.0,61.77817196328628,53,7,10,19,0.11666666666666667,0.2833333333333333,332.0,0.15688571983377012,0.18607883121471772,0.03463855421686747,0.10164592085254764,32,19,67,21,28,88,0,0,1,0.794910294566222,0.24332019624229823,2,60,87,20,1,67,0.794910294566222,nenhuma,61.778171963286276,0.0,69,0,terminal,0.9503654892258497,66,j6021_1.sm,3,adaptativa,0,3.1315789473684212,0.5333333333333333
True,135,69,0.7133095432189022,0.0,12.998079769951701,300.0,412.0,66.0,63.0,36.5893564255378,53,7,4,6,0.11666666666666667,0.18333333333333332,337.0,0.09794003976885415,0.10857375793928131,0.03856996964377359,0.06334839106449994,20,6,66,57,40,123,10,26,2,0.6586427040007742,0.39362113220747674,13,60,111,45,2,66,0.6586427040007742,nenhuma,36.5893564255378,0.0,40,0,terminal,0.9483333333333334,66,j6032_1.sm,1,adaptativa,0,1.9565217391304348,0.3333333333333333
True,161,69,0.6334768583733525,0.0,26.372322091006144,254.0,489.0,122.0,73.0,87.93032947668921,47,13,5,16,0.21666666666666667,0.3,337.0,0.2069288148600202,0.2609208589812736,0.07825614863800043,0.11390967049616949,32,16,122,57,28,179,0,4,8,0.794910294566222,0.24332019624229823,0,60,171,49,8,122,0.794910294566222,nenhuma,87.9303294766892,0.0,96,0,terminal,0.8633333333333333,66,j6032_1.sm,3,adaptativa,0,2.3333333333333335,0.5333333333333333
True,213,108,0.5443891971898212,0.0,15.088930003253164,271.0,374.0,170.0,82.0,61.00848938703537,50,10,7,5,0.16666666666666666,0.2833333333333333,334.0,0.15444855243923206,0.18266014786537535,0.045176437135488516,0.08880310844698372,20,5,170,77,40,247,26,0,2,0.6586427040007742,0.39362113220747674,20,60,219,49,2,170,0.6586427040007742,nenhuma,61.00848938703537,0.0,67,0,terminal,0.965,66,j6043_1.sm,1,adaptativa,0,1.9722222222222223,0.3333333333333333
True,198,108,0.563588688623913,2.220446049250313e-16,10.019378977407328,287.0,382.0,183.0,77.0,35.79926693119191,52,8,2,3,0.13333333333333333,0.16666666666666666,334.0,0.0968072955586822,0.10718343392572428,0.029998140650920144,0.0528169159776122,23,3,183,74,37,257,5,1,4,0.794910294566222,0.24332019624229823,4,60,248,65,4,183,0.794910294566222,nenhuma,35.79926693119191,0.0,41,0,terminal,0.915,66,j6043_1.sm,3,adaptativa,0,1.8333333333333333,0.38333333333333336
True,160,85,0.6439869867854092,0.0,14.0,246.0,378.0,85.0,57.0,66.96838252409907,48,12,5,1,0.2,0.2833333333333333,323.0,0.17172772338783285,0.20733245363498165,0.043343653250773995,0.11409197585075984,19,1,85,56,41,141,11,5,3,0.6586427040007742,0.39362113220747674,14,60,127,42,3,85,0.6586427040007742,nenhuma,66.96838252409908,0.0,73,0,terminal,0.945,67,j6010_1.sm,1,adaptativa,0,1.8823529411764706,0.31666666666666665
True,152,85,0.5776609942509405,8.881784197001252e-16,12.106566574947982,244.0,396.0,136.0,76.0,77.52317698635272,46,14,6,9,0.23333333333333334,0.3333333333333333,323.0,0.19355478394448625,0.24000983587106106,0.03748163026299685,0.11308615024098016,28,9,136,67,32,203,8,11,4,0.794910294566222,0.24332019624229823,3,60,191,55,4,136,0.794910294566222,nenhuma,77.52317698635271,0.0,85,0,terminal,0.9339425713018782,67,j6010_1.sm,3,adaptativa,0,1.7882352941176471,0.4666666666666667
True,260,76,0.7067687853850853,0.0,11.20861204509315,258.0,418.0,63.0,31.0,79.42396869189886,47,13,10,4,0.21666666666666667,0.38333333333333336,332.0,0.1930465279998714,0.23922882136114115,0.03376087965389503,0.1342927796240105,29,4,63,27,31,90,9,0,0,0.6586427040007742,0.39362113220747674,17,60,81,18,0,63,0.6586427040007742,nenhuma,79.42396869189885,0.0,90,0,terminal,0.965,67,j6021_1.sm,1,adaptativa,0,3.4210526315789473,0.48333333333333334
True,220,76,0.6520271262264384,0.0,15.5,241.0,439.0,87.0,46.0,101.28487165968374,47,13,10,20,0.21666666666666667,0.38333333333333336,332.0,0.2337604617297514,0.30507491463760167,0.046686746987951805,0.15043390386896863,30,20,87,26,30,113,0,0,2,0.794910294566222,0.24332019624229823,2,60,111,24,2,87,0.794910294566222,nenhuma,101.28487165968374,0.0,110,0,terminal,0.965,67,j6021_1.sm,3,adaptativa,0,2.8947368421052633,0.5
True,140,69,0.7016114078003146,0.0,13.5,268.0,441.0,51.0,50.0,86.55306384287412,49,11,14,8,0.18333333333333332,0.4166666666666667,337.0,0.20434998877728056,0.2568340173379054,0.040059347181008904,0.13770207930210754,23,8,51,42,37,93,9,15,2,0.6586427040007742,0.39362113220747674,13,60,82,31,2,51,0.6586427040007742,nenhuma,86.55306384287412,0.0,93,0,terminal,0.9583333333333334,67,j6032_1.sm,1,adaptativa,0,2.028985507246377,0.38333333333333336
True,148,69,0.6366051491320452,0.0,18.200897840800188,279.0,482.0,114.0,79.0,82.14122114337955,51,9,9,12,0.15,0.3,337.0,0.19597504850347502,0.24374249597442005,0.054008598934125185,0.10848863970097397,32,12,114,67,28,181,0,6,13,0.794910294566222,0.24332019624229823,0,60,168,54,13,114,0.794910294566222,nenhuma,82.14122114337955,0.0,90,0,terminal,0.8908718025864478,67,j6032_1.sm,3,adaptativa,0,2.1449275362318843,0.5333333333333333
True,152,108,0.550191570881226,0.0,8.5,302.0,359.0,184.0,74.0,35.5,55,5,8,2,0.08333333333333333,0.21666666666666667,334.0,0.09607577807848444,0.1062874251497006,0.025449101796407185,0.05440613026819923,12,2,184,72,48,256,26,0,8,0.6586427040007742,0.39362113220747674,20,60,222,38,8,184,0.6586427040007742,nenhuma,35.5,0.0,40,0,terminal,0.965,67,j6043_1.sm,1,adaptativa,0,1.4074074074074074,0.2
True,168,108,0.5355522273647468,0.0,10.019378977407328,274.0,386.0,199.0,82.0,53.75136705034788,50,10,4,6,0.16666666666666666,0.23333333333333334,334.0,0.1386232818706439,0.16093223667768827,0.029998140650920144,0.07457685064174577,25,6,199,76,35,275,5,1,4,0.794910294566222,0.24332019624229823,4,60,266,67,4,199,0.794910294566222,nenhuma,53.75136705034789,0.0,61,0,terminal,0.9369209887088631,67,j6043_1.sm,3,adaptativa,0,1.5555555555555556,0.4166666666666667
True,126,85,0.6853596391756149,0.0,5.07519079504636,285.0,367.0,75.0,58.0,35.48528250284194,54,6,4,5,0.1,0.16666666666666666,323.0,0.09898672061261156,0.10986155573635276,0.01571266500014353,0.06626752155910767,15,5,75,53,45,128,8,6,2,0.6586427040007742,0.39362113220747674,14,60,118,43,2,75,0.6586427040007742,nenhuma,35.48528250284194,0.0,40,0,terminal,0.9416666666666665,68,j6010_1.sm,1,adaptativa,0,1.4823529411764707,0.25
True,147,85,0.5551811523107071,0.0,8.676471025882611,281.0,388.0,160.0,91.0,59.870987217620474,51,9,6,20,0.15,0.25,323.0,0.15637378964834003,0.18535909355300456,0.02686213939901737,0.08566815379757255,37,20,160,71,23,231,4,3,3,0.794910294566222,0.24332019624229823,3,60,224,64,3,160,0.794910294566222,nenhuma,59.870987217620474,0.0,65,0,terminal,0.9666666666666667,68,j6010_1.sm,3,adaptativa,0,1.7294117647058824,0.6166666666666667
True,231,76,0.6528715475093776,0.0,10.5,261.0,413.0,82.0,49.0,88.58998125365214,45,15,13,12,0.25,0.4666666666666667,332.0,0.210632647476747,0.26683729293268715,0.03162650602409638,0.14004328851065043,33,12,82,37,27,119,11,0,1,0.6586427040007742,0.39362113220747674,17,60,107,25,1,82,0.6586427040007742,nenhuma,88.58998125365214,0.0,99,0,terminal,0.9876313830849269,68,j6021_1.sm,1,adaptativa,0,3.039473684210526,0.55
True,225,76,0.6270381679115964,0.0,17.160002007449343,197.0,422.0,96.0,44.0,111.0052835627322,40,20,6,8,0.3333333333333333,0.43333333333333335,332.0,0.25057327233211923,0.33435326374316926,0.05168675303448597,0.16493969107507783,30,8,96,36,30,132,0,1,6,0.794910294566222,0.24332019624229823,2,60,126,30,6,96,0.794910294566222,nenhuma,111.00528356273222,0.0,119,0,terminal,0.9507441969819154,68,j6021_1.sm,3,adaptativa,0,2.960526315789474,0.5
True,129,69,0.6555878718975552,0.0,11.589414951581059,282.0,423.0,81.0,69.0,72.22243032906454,50,10,11,18,0.16666666666666666,0.35,337.0,0.17648697866094223,0.2143098822820906,0.03438995534593786,0.11193415934444649,24,18,81,51,36,132,13,12,2,0.6586427040007742,0.39362113220747674,13,60,117,36,2,81,0.6586427040007742,nenhuma,72.22243032906454,0.0,80,0,terminal,0.9499999999999998,68,j6032_1.sm,1,adaptativa,0,1.8695652173913044,0.4
True,161,69,0.5840229838407701,1.7763568394002505e-15,25.132144544640404,254.0,472.0,134.0,104.0,98.18737114751555,47,13,6,13,0.21666666666666667,0.31666666666666665,337.0,0.22562091103106244,0.2913571844139927,0.07457609657163325,0.1214908505785025,33,13,134,91,27,225,0,33,7,0.794910294566222,0.24332019624229823,0,60,218,84,7,134,0.794910294566222,nenhuma,98.18737114751553,0.0,107,0,terminal,0.8383035924040959,68,j6032_1.sm,3,adaptativa,0,2.3333333333333335,0.55
True,152,108,0.550191570881226,0.0,8.5,302.0,359.0,184.0,74.0,35.5,55,5,8,2,0.08333333333333333,0.21666666666666667,334.0,0.09607577807848444,0.1062874251497006,0.025449101796407185,0.05440613026819923,12,2,184,72,48,256,26,0,8,0.6586427040007742,0.39362113220747674,20,60,222,38,8,184,0.6586427040007742,nenhuma,35.5,0.0,40,0,terminal,0.965,68,j6043_1.sm,1,adaptativa,0,1.4074074074074074,0.2
True,168,108,0.5457747776907103,1.7763568394002505e-15,10.019378977407328,273.0,390.0,196.0,78.0,50.58047521025687,52,8,3,3,0.13333333333333333,0.18333333333333332,334.0,0.1315211729940363,0.1514385485337032,0.029998140650920144,0.07078345541889339,25,3,196,75,35,271,5,1,4,0.794910294566222,0.24332019624229823,4,60,262,66,4,196,0.794910294566222,nenhuma,50.580475210256864,0.0,56,0,terminal,0.9393666968928901,68,j6043_1.sm,3,adaptativa,0,1.5555555555555556,0.4166666666666667
True,174,85,0.6587667458029697,0.0,6.0,296.0,368.0,87.0,57.0,46.61957566095015,54,6,10,4,0.1,0.26666666666666666,323.0,0.12612853520429884,0.144333051581889,0.018575851393188854,0.08345496236108549,21,4,87,53,39,140,10,7,3,0.6586427040007742,0.39362113220747674,14,60,127,40,3,87,0.6586427040007742,nenhuma,46.61957566095015,0.0,50,0,terminal,0.96,69,j6010_1.sm,1,adaptativa,0,2.0470588235294116,0.35
True,141,85,0.6153158975380032,0.0,4.5,312.0,394.0,130.0,68.0,48.321502461531566,58,2,12,6,0.03333333333333333,0.23333333333333334,323.0,0.13013386550793032,0.1496021748035033,0.01393188854489164,0.07546443821701047,22,6,130,62,38,192,4,2,5,0.794910294566222,0.24332019624229823,3,60,183,53,5,130,0.794910294566222,nenhuma,48.321502461531566,0.0,54,0,terminal,0.9383403677474201,69,j6010_1.sm,3,adaptativa,0,1.6588235294117648,0.36666666666666664
True,198,76,0.7385828106719896,0.0,17.706628772397224,286.0,392.0,54.0,30.0,54.74617271872883,53,7,7,5,0.11666666666666667,0.23333333333333334,332.0,0.14155582286406854,0.1648981105985808,0.053333219193967545,0.10314944418401259,25,5,54,25,35,79,5,0,2,0.6586427040007742,0.39362113220747674,17,60,72,18,2,54,0.6586427040007742,nenhuma,54.74617271872883,0.0,60,0,terminal,0.96,69,j6021_1.sm,1,adaptativa,0,2.6052631578947367,0.4166666666666667
True,278,76,0.6996386603938091,0.0,13.061051072069258,297.0,439.0,77.0,46.0,65.46675512885167,53,7,13,9,0.11666666666666667,0.3333333333333333,332.0,0.16471001482282088,0.1971890214724448,0.039340515277317044,0.10433501790131962,30,9,77,37,30,114,0,0,2,0.794910294566222,0.24332019624229823,2,60,112,35,2,77,0.794910294566222,nenhuma,65.46675512885167,0.0,71,0,terminal,0.9594738179495135,69,j6021_1.sm,3,adaptativa,0,3.6578947368421053,0.5
True,110,69,0.7136883067630077,0.0,2.5,328.0,399.0,69.0,60.0,31.067587655593737,58,2,9,4,0.03333333333333333,0.18333333333333332,337.0,0.08440729012157445,0.09218868740532266,0.00741839762611276,0.0555703609752682,18,4,69,56,42,125,10,23,2,0.6586427040007742,0.39362113220747674,13,60,113,44,2,69,0.6586427040007742,nenhuma,31.067587655593737,0.0,34,0,terminal,0.96,69,j6032_1.sm,1,adaptativa,0,1.5942028985507246,0.3
True,142,69,0.5952716659859754,0.0,10.75670622068429,307.0,454.0,131.0,98.0,79.67698589016379,55,5,14,21,0.08333333333333333,0.31666666666666665,337.0,0.19122003035504023,0.23643022519336437,0.03191900955692668,0.10447015888012963,36,21,131,77,24,208,0,11,7,0.794910294566222,0.24332019624229823,0,60,201,70,7,131,0.794910294566222,nenhuma,79.67698589016378,0.0,87,0,terminal,0.9234211907361192,69,j6032_1.sm,3,adaptativa,0,2.0579710144927534,0.6
True,153,108,0.5458823529411765,0.0,4.0,313.0,348.0,158.0,78.0,53.5,57,3,13,1,0.05,0.26666666666666666,334.0,0.13806451612903226,0.1601796407185629,0.011976047904191617,0.08392156862745098,16,1,158,77,44,235,32,1,10,0.6586427040007742,0.39362113220747674,20,60,193,35,10,158,0.6586427040007742,nenhuma,53.5,0.0,56,0,terminal,0.9633333333333333,69,j6043_1.sm,1,adaptativa,0,1.4166666666666667,0.26666666666666666
True,162,108,0.5224523254049948,0.0,9.5,284.0,364.0,181.0,93.0,58.714288175163766,54,6,10,8,0.1,0.26666666666666666,334.0,0.1495089176612164,0.17579128196156815,0.02844311377245509,0.08427312195498159,24,8,181,85,36,266,4,0,9,0.794910294566222,0.24332019624229823,4,60,253,72,9,181,0.794910294566222,nenhuma,58.714288175163766,0.0,65,0,terminal,0.9666666666666667,69,j6043_1.sm,3,adaptativa,0,1.5,0.4
True,129,85,0.6663354683718352,0.0,6.0,286.0,361.0,79.0,57.0,44.76914952777388,52,8,9,8,0.13333333333333333,0.2833333333333333,323.0,0.12173166124798326,0.13860417810456307,0.018575851393188854,0.08263510310027128,22,8,79,49,38,128,10,7,3,0.6586427040007742,0.39362113220747674,14,60,115,36,3,79,0.6586427040007742,nenhuma,44.76914952777388,0.0,51,0,terminal,0.9666666666666667,70,j6010_1.sm,1,adaptativa,0,1.5176470588235293,0.36666666666666664
True,151,85,0.6011222572368694,0.0,9.055103771630069,291.0,387.0,126.0,67.0,63.79582579239701,56,4,13,3,0.06666666666666667,0.2833333333333333,323.0,0.16493411132786584,0.1975102965708886,0.02803437700195068,0.09909325788789608,25,3,126,64,35,190,6,4,5,0.794910294566222,0.24332019624229823,3,60,179,53,5,126,0.794910294566222,nenhuma,63.79582579239701,0.0,70,0,terminal,0.9183333333333333,70,j6010_1.sm,3,adaptativa,0,1.776470588235294,0.4166666666666667
True,177,76,0.7317288399584378,0.0,7.0,299.0,387.0,57.0,33.0,51.88444307044333,55,5,10,7,0.08333333333333333,0.25,332.0,0.13515640971395776,0.15627844298326304,0.02108433734939759,0.09810166237680908,26,7,57,26,34,83,8,0,2,0.6586427040007742,0.39362113220747674,17,60,73,16,2,57,0.6586427040007742,nenhuma,51.88444307044333,0.0,57,0,terminal,0.965,70,j6021_1.sm,1,adaptativa,0,2.3289473684210527,0.43333333333333335
True,206,76,0.7124751438218349,4.440892098500626e-16,4.056700041147428,317.0,442.0,60.0,41.0,77.3725194243812,56,4,12,10,0.06666666666666667,0.26666666666666666,332.0,0.18900271941354224,0.233049757302353,0.012218976027552494,0.12471945001073236,31,10,60,31,29,91,0,1,2,0.794910294566222,0.24332019624229823,2,60,89,29,2,60,0.794910294566222,nenhuma,77.3725194243812,0.0,84,0,terminal,0.9216666666666667,70,j6021_1.sm,3,adaptativa,0,2.710526315789474,0.5166666666666667
True,122,69,0.674817340235611,0.0,7.0,304.0,430.0,72.0,58.0,77.20947041738205,54,6,14,9,0.1,0.3333333333333333,337.0,0.18640199206353542,0.22910822082309212,0.020771513353115726,0.121168115041995,20,9,72,49,40,121,12,16,2,0.6586427040007742,0.39362113220747674,13,60,107,35,2,72,0.6586427040007742,nenhuma,77.20947041738204,0.0,82,0,terminal,0.9466666666666667,70,j6032_1.sm,1,adaptativa,0,1.7681159420289856,0.3333333333333333
True,148,69,0.5935719493799205,0.0,10.75670622068429,303.0,453.0,131.0,98.0,81.17622568456929,54,6,13,21,0.1,0.31666666666666665,337.0,0.19411965745226412,0.24087900796608097,0.03191900955692668,0.10636629254502024,36,21,131,77,24,208,0,11,7,0.794910294566222,0.24332019624229823,0,60,201,70,7,131,0.794910294566222,nenhuma,81.17622568456927,0.0,89,0,terminal,0.9234211907361192,70,j6032_1.sm,3,adaptativa,0,2.1449275362318843,0.6
True,145,108,0.5905849131087428,0.0,10.031365005075099,303.0,365.0,143.0,58.0,52.0313650050751,56,4,12,1,0.06666666666666667,0.26666666666666666,334.0,0.13478533021375363,0.15578252995531466,0.030034026961302692,0.08418887446699057,20,1,143,57,40,200,16,0,2,0.6586427040007742,0.39362113220747674,20,60,182,39,2,143,0.6586427040007742,nenhuma,52.0313650050751,0.0,57,0,terminal,0.9583333333333334,70,j6043_1.sm,1,adaptativa,0,1.3425925925925926,0.3333333333333333
True,145,108,0.5553600609260326,0.0,8.0,300.0,364.0,164.0,81.0,46.43063970615724,56,4,9,3,0.06666666666666667,0.21666666666666667,334.0,0.12204758202972303,0.1390138913358001,0.023952095808383235,0.07083989806606086,20,3,164,78,40,242,0,0,11,0.794910294566222,0.24332019624229823,4,60,231,67,11,164,0.794910294566222,nenhuma,46.43063970615724,0.0,50,0,terminal,0.8863027298530274,70,j6043_1.sm,3,adaptativa,0,1.3425925925925926,0.3333333333333333
True,131,85,0.668174664758754,0.0,5.787317508921158,299.0,374.0,93.0,55.0,37.73388355727851,55,5,8,7,0.08333333333333333,0.21666666666666667,323.0,0.10460310294440917,0.116823168907983,0.01791739166848656,0.06741397057735408,15,7,93,48,45,141,10,5,3,0.6586427040007742,0.39362113220747674,14,60,128,35,3,93,0.6586427040007742,nenhuma,37.73388355727851,0.0,42,0,terminal,0.9666666666666667,71,j6010_1.sm,1,adaptativa,0,1.5411764705882354,0.25
True,151,85,0.6011222572368694,0.0,9.055103771630069,291.0,387.0,126.0,67.0,63.79582579239701,56,4,13,3,0.06666666666666667,0.2833333333333333,323.0,0.16493411132786584,0.1975102965708886,0.02803437700195068,0.09909325788789608,25,3,126,64,35,190,6,4,5,0.794910294566222,0.24332019624229823,3,60,179,53,5,126,0.794910294566222,nenhuma,63.79582579239701,0.0,70,0,terminal,0.9183333333333333,71,j6010_1.sm,3,adaptativa,0,1.776470588235294,0.4166666666666667
True,215,76,0.6665255274338332,0.0,4.30356873119249,293.0,395.0,83.0,46.0,68.62546405503146,52,8,11,4,0.13333333333333333,0.31666666666666665,332.0,0.17129581170508124,0.2067032049850345,0.012962556419254487,0.11579904715106684,26,4,83,42,34,125,15,0,2,0.6586427040007742,0.39362113220747674,17,60,108,25,2,83,0.6586427040007742,nenhuma,68.62546405503146,0.0,75,0,terminal,0.9666666666666667,71,j6021_1.sm,1,adaptativa,0,2.8289473684210527,0.43333333333333335
True,205,76,0.6972252061149534,0.0,7.952316994679325,306.0,432.0,70.0,43.0,74.59894193609375,56,4,13,13,0.06666666666666667,0.2833333333333333,332.0,0.18347057565097813,0.22469560824124624,0.023952762032166643,0.12039875617442224,28,13,70,30,32,100,0,0,2,0.794910294566222,0.24332019624229823,2,60,98,28,2,70,0.794910294566222,nenhuma,74.59894193609375,0.0,80,0,terminal,0.9666666666666667,71,j6021_1.sm,3,adaptativa,0,2.6973684210526314,0.4666666666666667
True,143,69,0.6651699497190519,0.0,8.321899768152349,299.0,427.0,82.0,68.0,64.9412064245418,54,6,11,15,0.1,0.2833333333333333,337.0,0.1615689195000053,0.19270387663068783,0.024694064593923884,0.10116379159744038,22,15,82,53,38,135,14,13,2,0.6586427040007742,0.39362113220747674,13,60,119,37,2,82,0.6586427040007742,nenhuma,64.9412064245418,0.0,71,0,terminal,0.9499999999999998,71,j6032_1.sm,1,adaptativa,0,2.072463768115942,0.36666666666666664
True,127,69,0.6497262194260058,0.0,5.336719790201604,316.0,439.0,100.0,82.0,54.66920785162427,56,4,11,10,0.06666666666666667,0.25,337.0,0.13958005060314715,0.16222316869918182,0.015835963769144226,0.08091120213314432,33,10,100,72,27,172,0,15,4,0.794910294566222,0.24332019624229823,0,60,168,68,4,100,0.794910294566222,nenhuma,54.66920785162427,0.0,59,0,terminal,0.8566666666666666,71,j6032_1.sm,3,adaptativa,0,1.8405797101449275,0.55
True,145,108,0.6222471425284395,0.0,4.5,308.0,374.0,123.0,53.0,51.0473563290112,57,3,11,1,0.05,0.23333333333333334,334.0,0.1325742288317201,0.15283639619464431,0.01347305389221557,0.08493067275229484,18,1,123,52,42,175,13,0,2,0.6586427040007742,0.39362113220747674,20,60,160,37,2,123,0.6586427040007742,nenhuma,51.0473563290112,0.0,57,0,terminal,0.96,71,j6043_1.sm,1,adaptativa,0,1.3425925925925926,0.3
True,170,108,0.5860184712435876,0.0,8.0,292.0,388.0,142.0,75.0,57.09517112425927,55,5,10,7,0.08333333333333333,0.25,334.0,0.145987921456895,0.17094362612053673,0.023952095808383235,0.08623408478770475,27,7,142,68,33,210,0,2,5,0.794910294566222,0.24332019624229823,4,60,205,63,5,142,0.794910294566222,nenhuma,57.09517112425927,0.0,62,0,terminal,0.864787193669745,71,j6043_1.sm,3,adaptativa,0,1.5740740740740742,0.45
True,238,85,0.7390438247011952,0.0,11.5,273.0,371.0,61.0,40.0,30.0,51,9,1,2,0.15,0.16666666666666666,323.0,0.08498583569405099,0.09287925696594428,0.03560371517027864,0.05976095617529881,12,2,61,38,48,99,11,2,1,0.6586427040007742,0.39362113220747674,14,60,87,26,1,61,0.6586427040007742,nenhuma,30.0,0.0,33,0,terminal,0.965,72,j6010_1.sm,1,adaptativa,0,2.8,0.2
True,203,85,0.6035946558418162,0.0,19.448664071739618,257.0,367.0,115.0,77.0,49.02393866154366,48,12,3,7,0.2,0.25,323.0,0.13177630137974586,0.15177689988094012,0.060212582265447734,0.08062830349979497,20,7,115,70,40,185,13,1,4,0.794910294566222,0.24332019624229823,3,60,168,53,4,115,0.794910294566222,nenhuma,49.02393866154366,0.0,53,0,terminal,0.9609014847867198,72,j6010_1.sm,3,adaptativa,0,2.388235294117647,0.3333333333333333
True,286,76,0.7207508651191207,0.0,27.2060254760445,217.0,397.0,41.0,31.0,81.81446199081101,41,19,2,9,0.31666666666666665,0.35,332.0,0.19770807814983457,0.2464291023819609,0.08194585986760392,0.14853361274340668,30,9,41,22,30,63,5,0,1,0.6586427040007742,0.39362113220747674,17,60,57,16,1,41,0.6586427040007742,nenhuma,81.814461990811,0.0,90,0,terminal,0.9666666666666667,72,j6021_1.sm,1,adaptativa,0,3.763157894736842,0.5
True,245,76,0.6877128720965615,1.7763568394002505e-15,35.94828312264357,193.0,444.0,53.0,41.0,107.61827764895773,40,20,3,13,0.3333333333333333,0.38333333333333336,332.0,0.24479937054594592,0.3241514387016799,0.10827796121278185,0.166690258585698,28,13,53,28,32,81,0,0,2,0.794910294566222,0.24332019624229823,2,60,79,26,2,53,0.794910294566222,nenhuma,107.61827764895773,0.0,115,0,terminal,0.9666666666666667,72,j6021_1.sm,3,adaptativa,0,3.223684210526316,0.4666666666666667
True,180,69,0.6470520146363393,0.0,26.840102886658322,241.0,405.0,89.0,72.0,59.91567731632972,47,13,2,5,0.21666666666666667,0.25,337.0,0.15095316396026037,0.17779132734815942,0.07964422221560333,0.09572483880452336,21,5,89,67,39,156,15,17,4,0.6586427040007742,0.39362113220747674,13,60,137,48,4,89,0.6586427040007742,nenhuma,59.91567731632972,0.0,66,0,terminal,0.9366666666666665,72,j6032_1.sm,1,adaptativa,0,2.608695652173913,0.35
True,176,69,0.6572373275263806,0.0,32.67045946985507,235.0,471.0,94.0,72.0,79.63610734448841,44,16,2,12,0.26666666666666666,0.3,337.0,0.19114067633759513,0.23630892387088548,0.09694498359007439,0.11112488824988435,31,12,94,60,29,154,0,11,6,0.794910294566222,0.24332019624229823,0,60,148,54,6,94,0.794910294566222,nenhuma,79.6361073444884,0.0,84,0,terminal,0.8583333333333334,72,j6032_1.sm,3,adaptativa,0,2.550724637681159,0.5166666666666667
True,247,108,0.5518945634266886,0.0,24.5,240.0,335.0,149.0,76.0,47.0,45,15,0,0,0.25,0.25,334.0,0.12335958005249344,0.1407185628742515,0.07335329341317365,0.07742998352553541,20,0,149,76,40,225,27,0,9,0.6586427040007742,0.39362113220747674,20,60,189,40,9,149,0.6586427040007742,nenhuma,47.0,0.0,53,0,terminal,0.9666666666666667,72,j6043_1.sm,1,adaptativa,0,2.287037037037037,0.3333333333333333
True,233,108,0.5223670059449883,1.7763568394002505e-15,20.049349835716136,253.0,378.0,182.0,101.0,62.62916435768927,49,11,4,7,0.18333333333333332,0.25,334.0,0.15790357841968689,0.18751246813679423,0.06002799352010819,0.08654870124434581,24,7,182,94,36,276,8,3,14,0.794910294566222,0.24332019624229823,4,60,254,72,14,182,0.794910294566222,nenhuma,62.62916435768927,0.0,69,0,terminal,0.9616666666666666,72,j6043_1.sm,3,adaptativa,0,2.1574074074074074,0.4
True,147,85,0.742491836076614,0.0,9.709242079004996,265.0,374.0,56.0,41.0,32.709242079004994,51,9,2,3,0.15,0.18333333333333332,323.0,0.09195499641176062,0.10126700334057273,0.030059573000015466,0.06493675189282047,13,3,56,38,47,94,10,2,3,0.6586427040007742,0.39362113220747674,14,60,81,25,3,56,0.6586427040007742,nenhuma,32.709242079004994,0.0,34,0,terminal,0.965,73,j6010_1.sm,1,adaptativa,0,1.7294117647058824,0.21666666666666667
True,133,85,0.5984517697347789,0.0,4.8770405781575965,288.0,360.0,132.0,81.0,28.552235628853378,53,7,3,6,0.11666666666666667,0.16666666666666666,323.0,0.08121761927577961,0.08839701433081541,0.015099196836401228,0.04746426650547697,19,6,132,75,41,207,11,5,4,0.794910294566222,0.24332019624229823,3,60,192,60,4,132,0.794910294566222,nenhuma,28.552235628853378,0.0,31,0,terminal,0.9566666666666667,73,j6010_1.sm,3,adaptativa,0,1.5647058823529412,0.31666666666666665
True,222,76,0.7045314036048865,0.0,12.81525459321083,221.0,417.0,50.0,37.0,87.88277182014852,43,17,8,4,0.2833333333333333,0.4166666666666667,332.0,0.20930311438877516,0.2647071440365919,0.03860016443738202,0.148480030175389,21,4,50,33,39,83,5,0,3,0.6586427040007742,0.39362113220747674,17,60,75,25,3,50,0.6586427040007742,nenhuma,87.88277182014852,0.0,96,0,terminal,0.9550000000000001,73,j6021_1.sm,1,adaptativa,0,2.9210526315789473,0.35
True,199,76,0.7183231406215916,0.0,15.5,241.0,423.0,53.0,39.0,73.87146477553597,45,15,4,12,0.25,0.31666666666666665,332.0,0.18200704209740393,0.22250441197450593,0.046686746987951805,0.12544582170184462,30,12,53,27,30,80,0,0,2,0.794910294566222,0.24332019624229823,2,60,78,25,2,53,0.794910294566222,nenhuma,73.87146477553596,0.0,80,0,terminal,0.9583333333333334,73,j6021_1.sm,3,adaptativa,0,2.6184210526315788,0.5
True,162,69,0.7126912069828202,0.0,19.8304260074896,248.0,428.0,54.0,57.0,61.54059290550109,46,14,2,2,0.23333333333333334,0.26666666666666666,337.0,0.15441486764710347,0.1826130353278964,0.05884399408750623,0.1024753257856541,20,2,54,55,40,109,9,17,5,0.6586427040007742,0.39362113220747674,13,60,95,41,5,54,0.6586427040007742,nenhuma,61.54059290550109,0.0,66,0,terminal,0.9383333333333334,73,j6032_1.sm,1,adaptativa,0,2.347826086956522,0.3333333333333333
True,146,69,0.6430848576206365,0.0,15.522447991558206,243.0,465.0,97.0,87.0,74.07720278232566,42,18,3,15,0.3,0.35,337.0,0.18020265361577628,0.21981365810779127,0.04606067653281367,0.10244715570797185,31,15,97,72,29,169,0,21,6,0.794910294566222,0.24332019624229823,0,60,163,66,6,97,0.794910294566222,nenhuma,74.07720278232566,0.0,82,0,terminal,0.8655229451666308,73,j6032_1.sm,3,adaptativa,0,2.1159420289855073,0.5166666666666667
True,161,108,0.5207182269798134,0.0,13.5,224.0,359.0,166.0,92.0,72.43236744796585,46,14,5,5,0.23333333333333334,0.31666666666666665,334.0,0.17821505679475472,0.2168633755927121,0.040419161676646706,0.10506087452215913,24,5,166,87,36,253,20,0,8,0.6586427040007742,0.39362113220747674,20,60,225,59,8,166,0.6586427040007742,nenhuma,72.43236744796585,0.0,77,0,terminal,0.9666666666666667,73,j6043_1.sm,1,adaptativa,0,1.4907407407407407,0.4
True,174,108,0.5303986460781217,0.0,13.83552868797926,259.0,377.0,181.0,101.0,51.78612810876625,48,12,3,6,0.2,0.25,334.0,0.1342353297217726,0.15504828775079715,0.04142373858676425,0.07285753908360154,26,6,181,95,34,276,8,5,15,0.794910294566222,0.24332019624229823,4,60,253,72,15,181,0.794910294566222,nenhuma,51.78612810876625,0.0,58,0,terminal,0.9666666666666667,73,j6043_1.sm,3,adaptativa,0,1.6111111111111112,0.43333333333333335
True,134,85,0.6716248829053143,0.0,10.0,257.0,370.0,80.0,52.0,48.902757502751086,49,11,4,2,0.18333333333333332,0.25,323.0,0.131493398519341,0.15140172601470925,0.030959752321981424,0.08876840211224914,16,2,80,50,44,130,14,7,2,0.6586427040007742,0.39362113220747674,14,60,114,34,2,80,0.6586427040007742,nenhuma,48.902757502751086,0.0,53,0,terminal,0.9566666666666667,74,j6010_1.sm,1,adaptativa,0,1.576470588235294,0.26666666666666666
True,133,85,0.5910661352267623,0.0,4.8770405781575965,288.0,359.0,136.0,84.0,28.377040578157597,53,7,3,8,0.11666666666666667,0.16666666666666666,323.0,0.08075951841209052,0.08785461479305758,0.015099196836401228,0.04672063427215772,19,8,136,76,41,212,11,5,5,0.794910294566222,0.24332019624229823,3,60,196,60,5,136,0.794910294566222,nenhuma,28.377040578157597,0.0,31,0,terminal,0.9666666666666667,74,j6010_1.sm,3,adaptativa,0,1.5647058823529412,0.31666666666666665
True,220,76,0.6988570921743119,0.0,20.20864954764552,189.0,413.0,45.0,39.0,93.96488341422997,37,23,1,12,0.38333333333333336,0.4,332.0,0.22059302790660734,0.283026757271777,0.06086942634832988,0.15900248229870942,27,12,45,27,33,72,4,0,2,0.6586427040007742,0.39362113220747674,17,60,66,21,2,45,0.6586427040007742,nenhuma,93.96488341422994,0.0,103,0,terminal,0.9480009982398611,74,j6021_1.sm,1,adaptativa,0,2.8947368421052633,0.45
True,213,76,0.6770717992476757,0.0,21.479782392074718,190.0,429.0,61.0,44.0,99.61079353279928,40,20,0,19,0.3333333333333333,0.3333333333333333,332.0,0.2307884673538165,0.3000325106409617,0.0646981397351648,0.15721132681058542,29,19,61,25,31,86,0,0,5,0.794910294566222,0.24332019624229823,2,60,81,20,5,61,0.794910294566222,nenhuma,99.61079353279928,0.0,107,0,terminal,0.9545022137879963,74,j6021_1.sm,3,adaptativa,0,2.8026315789473686,0.48333333333333334
True,118,69,0.6919980364135785,0.0,12.0,236.0,411.0,70.0,58.0,54.93232115237154,43,17,1,6,0.2833333333333333,0.3,337.0,0.14015767056633102,0.1630039203334467,0.03560830860534125,0.09248919312185205,20,6,70,52,40,122,11,11,4,0.6586427040007742,0.39362113220747674,13,60,107,37,4,70,0.6586427040007742,nenhuma,54.93232115237154,0.0,61,0,terminal,0.9666666666666667,74,j6032_1.sm,1,adaptativa,0,1.710144927536232,0.3333333333333333
True,131,69,0.6678754752244456,0.0,11.199076680962216,267.0,449.0,83.0,90.0,50.281011440208225,46,14,2,9,0.23333333333333334,0.26666666666666666,337.0,0.12983082039892638,0.1492018143626357,0.03323168154588195,0.07479165792960991,26,9,83,81,34,164,0,21,8,0.794910294566222,0.24332019624229823,0,60,156,73,8,83,0.794910294566222,nenhuma,50.28101144020822,0.0,58,0,terminal,0.8514128867880367,74,j6032_1.sm,3,adaptativa,0,1.8985507246376812,0.43333333333333335
True,169,108,0.6123488459223263,0.0,8.730076272819778,233.0,401.0,114.0,68.0,71.8554842068977,44,16,2,3,0.26666666666666666,0.3,334.0,0.17704697115850007,0.21513618026017275,0.026137952912634065,0.10972723897078242,17,3,114,65,43,179,12,0,8,0.6586427040007742,0.39362113220747674,20,60,159,45,8,114,0.6586427040007742,nenhuma,71.8554842068977,0.0,77,0,terminal,0.9640079016115521,74,j6043_1.sm,1,adaptativa,0,1.5648148148148149,0.2833333333333333
True,172,108,0.5345315329040459,0.0,12.325032863436796,253.0,380.0,177.0,101.0,52.90286841546191,47,13,2,8,0.21666666666666667,0.25,334.0,0.13673423676625227,0.15839182160317938,0.03690129599831376,0.0744164509187839,27,8,177,93,33,270,8,3,15,0.794910294566222,0.24332019624229823,4,60,247,70,15,177,0.794910294566222,nenhuma,52.90286841546191,0.0,60,0,terminal,0.9583333333333334,74,j6043_1.sm,3,adaptativa,0,1.5925925925925926,0.45
True,163,85,0.6685417967318934,0.0,9.0,279.0,365.0,85.0,48.0,47.96436869657179,52,8,8,6,0.13333333333333333,0.26666666666666666,323.0,0.12929643044991196,0.14849649751260616,0.02786377708978328,0.0878525622671701,16,6,85,42,44,127,9,6,2,0.6586427040007742,0.39362113220747674,14,60,116,31,2,85,0.6586427040007742,nenhuma,47.96436869657179,0.0,53,0,terminal,0.9633333333333333,75,j6010_1.sm,1,adaptativa,0,1.9176470588235295,0.26666666666666666
True,165,85,0.6341450858063415,8.881784197001252e-16,8.82754966894111,288.0,372.0,108.0,73.0,33.61654615991655,52,8,3,9,0.13333333333333333,0.18333333333333332,323.0,0.094265245182544,0.10407599430314722,0.02732987513604059,0.05730582674487399,24,9,108,64,36,172,13,3,4,0.794910294566222,0.24332019624229823,3,60,155,47,4,108,0.794910294566222,nenhuma,33.61654615991655,0.0,37,0,terminal,0.9859014847867197,75,j6010_1.sm,3,adaptativa,0,1.9411764705882353,0.4
True,194,76,0.6730953281189966,1.7763568394002505e-15,23.01946312838338,272.0,403.0,66.0,43.0,86.72648518629079,51,9,12,3,0.15,0.35,332.0,0.2071196550839298,0.26122435297075536,0.06933573231440776,0.14485159305973622,23,3,66,40,37,106,17,2,4,0.6586427040007742,0.39362113220747674,17,60,85,19,4,66,0.6586427040007742,nenhuma,86.72648518629079,0.0,95,0,terminal,0.9666666666666667,75,j6021_1.sm,1,adaptativa,0,2.5526315789473686,0.38333333333333336
True,250,76,0.6647212875294101,1.7763568394002505e-15,15.67117813035329,243.0,442.0,62.0,47.0,113.94034160210961,46,14,12,18,0.23333333333333334,0.43333333333333335,332.0,0.2555057952208614,0.34319380000635424,0.047202343766124366,0.17135423206175363,33,18,62,29,27,91,0,0,1,0.794910294566222,0.24332019624229823,2,60,90,28,1,62,0.794910294566222,nenhuma,113.94034160210961,0.0,124,0,terminal,0.9623435986962662,75,j6021_1.sm,3,adaptativa,0,3.289473684210526,0.55
True,134,69,0.6867340544763506,0.0,17.641675176206462,293.0,417.0,76.0,67.0,47.22196209997393,54,6,9,6,0.1,0.25,337.0,0.12290281857362138,0.14012451661713332,0.05234918449912897,0.07776721701017665,19,6,76,61,41,137,12,14,2,0.6586427040007742,0.39362113220747674,13,60,123,47,2,76,0.6586427040007742,nenhuma,47.22196209997393,0.0,52,0,terminal,0.9633333333333334,75,j6032_1.sm,1,adaptativa,0,1.9420289855072463,0.31666666666666665
True,170,69,0.6492241730399007,1.3322676295501878e-15,13.525025761238933,287.0,472.0,106.0,79.0,70.0216045559834,52,8,7,16,0.13333333333333333,0.25,337.0,0.17203412244509578,0.20777924200588546,0.04013360760011553,0.09631296252708742,31,16,106,63,29,169,0,6,12,0.794910294566222,0.24332019624229823,0,60,157,51,12,106,0.794910294566222,nenhuma,70.0216045559834,0.0,75,0,terminal,0.87,75,j6032_1.sm,3,adaptativa,0,2.463768115942029,0.5166666666666667
True,204,108,0.5811688311688312,0.0,11.5,287.0,358.0,129.0,81.0,48.0,53,7,8,1,0.11666666666666667,0.25,334.0,0.1256544502617801,0.1437125748502994,0.0344311377245509,0.07792207792207792,17,1,129,80,43,209,20,1,12,0.6586427040007742,0.39362113220747674,20,60,177,48,12,129,0.6586427040007742,nenhuma,48.0,0.0,52,0,terminal,0.9666666666666667,75,j6043_1.sm,1,adaptativa,0,1.8888888888888888,0.2833333333333333
True,202,108,0.5827779327957829,0.0,12.282465193953136,303.0,385.0,153.0,85.0,37.628994912392564,55,5,4,3,0.08333333333333333,0.15,334.0,0.10125419552170084,0.112661661414349,0.03677384788608724,0.05695934511227837,20,3,153,82,40,235,8,5,14,0.794910294566222,0.24332019624229823,4,60,213,60,14,153,0.794910294566222,nenhuma,37.62899491239256,0.0,41,0,terminal,0.9457346789513169,75,j6043_1.sm,3,adaptativa,0,1.8703703703703705,0.3333333333333333
True,122,85,0.7212234939812332,0.0,9.0,286.0,361.0,65.0,45.0,29.53832551577068,53,7,4,4,0.11666666666666667,0.18333333333333332,323.0,0.08378755833867287,0.09144992419743245,0.02786377708978328,0.059013114500939455,18,4,65,41,42,106,9,6,2,0.6586427040007742,0.39362113220747674,14,60,95,30,2,65,0.6586427040007742,nenhuma,29.53832551577068,0.0,33,0,terminal,0.9666666666666667,76,j6010_1.sm,1,adaptativa,0,1.4352941176470588,0.3
True,129,85,0.6440054789216041,0.0,4.8770405781575965,289.0,374.0,109.0,72.0,25.74040088334037,54,6,5,5,0.1,0.18333333333333332,323.0,0.07380963266126134,0.07969164360167297,0.015099196836401228,0.04432342031687085,19,5,109,67,41,176,11,5,1,0.794910294566222,0.24332019624229823,3,60,164,55,1,109,0.794910294566222,nenhuma,25.74040088334037,0.0,29,0,terminal,0.9616666666666666,76,j6010_1.sm,3,adaptativa,0,1.5176470588235293,0.31666666666666665
True,260,76,0.7067687853850853,0.0,11.20861204509315,258.0,418.0,62.0,32.0,79.42396869189886,47,13,10,4,0.21666666666666667,0.38333333333333336,332.0,0.1930465279998714,0.23922882136114115,0.03376087965389503,0.1342927796240105,29,4,62,28,31,90,9,0,2,0.6586427040007742,0.39362113220747674,17,60,79,17,2,62,0.6586427040007742,nenhuma,79.42396869189885,0.0,90,0,terminal,0.965,76,j6021_1.sm,1,adaptativa,0,3.4210526315789473,0.48333333333333334
True,220,76,0.7035147494825665,0.0,15.5,262.0,427.0,60.0,40.0,79.95244884923517,49,11,7,15,0.18333333333333332,0.3,332.0,0.19408174189175864,0.24082062906396134,0.046686746987951805,0.13172769794540373,31,15,60,25,29,85,0,0,2,0.794910294566222,0.24332019624229823,2,60,83,23,2,60,0.794910294566222,nenhuma,79.95244884923517,0.0,88,0,terminal,0.9666666666666667,76,j6021_1.sm,3,adaptativa,0,2.8947368421052633,0.5166666666666667
True,116,69,0.6724964773666637,0.0,8.5,298.0,410.0,67.0,76.0,56.66862102454796,54,6,11,13,0.1,0.2833333333333333,337.0,0.14395005849606254,0.16815614547343607,0.025222551928783383,0.09294987321032917,21,13,67,63,39,130,11,22,2,0.6586427040007742,0.39362113220747674,13,60,117,50,2,67,0.6586427040007742,nenhuma,56.66862102454797,0.0,60,0,terminal,0.9549841760429176,76,j6032_1.sm,1,adaptativa,0,1.681159420289855,0.35
True,142,69,0.6692693827820616,0.0,16.221285848235578,276.0,481.0,104.0,76.0,57.694164673346535,51,9,5,17,0.15,0.23333333333333334,337.0,0.14617435431581535,0.17119930170132502,0.04813437937161893,0.08027637833899638,31,17,104,59,29,163,0,2,15,0.794910294566222,0.24332019624229823,0,60,148,44,15,104,0.794910294566222,nenhuma,57.69416467334654,0.0,63,0,terminal,0.8799999999999999,76,j6032_1.sm,3,adaptativa,0,2.0579710144927534,0.5166666666666667
True,165,108,0.504343490705261,0.0,11.902698369553564,276.0,357.0,182.0,101.0,67.85091228357173,50,10,11,3,0.16666666666666666,0.35,334.0,0.16884598294924805,0.2031464439627896,0.03563682146572923,0.09585480657880402,17,3,182,98,43,280,35,2,10,0.6586427040007742,0.39362113220747674,20,60,235,53,10,182,0.6586427040007742,nenhuma,67.85091228357173,0.0,73,0,terminal,0.9966666666666667,76,j6043_1.sm,1,adaptativa,0,1.5277777777777777,0.2833333333333333
True,176,108,0.5409614216995547,0.0,6.930668377591283,301.0,378.0,180.0,96.0,44.75592757137111,56,4,7,1,0.06666666666666667,0.18333333333333332,334.0,0.11816561620131344,0.13399978314781769,0.0207505041245248,0.06405087356743708,18,1,180,95,42,275,8,5,18,0.794910294566222,0.24332019624229823,4,60,249,69,18,180,0.794910294566222,nenhuma,44.75592757137111,0.0,49,0,terminal,0.91,76,j6043_1.sm,3,adaptativa,0,1.6296296296296295,0.3
True,130,85,0.6597469398831158,8.881784197001252e-16,9.354038847485043,289.0,366.0,85.0,56.0,47.758162371836725,54,6,8,5,0.1,0.23333333333333334,323.0,0.12881216711808932,0.1478580878385038,0.02895987259283295,0.08608825540781488,18,5,85,51,42,136,7,8,4,0.6586427040007742,0.39362113220747674,14,60,125,40,4,85,0.6586427040007742,nenhuma,47.758162371836725,0.0,52,0,terminal,0.9633333333333334,77,j6010_1.sm,1,adaptativa,0,1.5294117647058822,0.3
True,137,85,0.6368771621254612,0.0,4.8770405781575965,280.0,374.0,110.0,73.0,30.24040088334037,53,7,5,6,0.11666666666666667,0.2,323.0,0.08560855668751048,0.09362353214656462,0.015099196836401228,0.05149577726234787,19,6,110,67,41,177,11,5,1,0.794910294566222,0.24332019624229823,3,60,165,55,1,110,0.794910294566222,nenhuma,30.24040088334037,0.0,34,0,terminal,0.9666666666666667,77,j6010_1.sm,3,adaptativa,0,1.611764705882353,0.31666666666666665
True,215,76,0.6429227156779307,0.0,10.5,255.0,419.0,83.0,46.0,103.71130181360118,47,13,13,6,0.21666666666666667,0.43333333333333335,332.0,0.23802756867199476,0.3123834391975939,0.03162650602409638,0.15913687782456795,26,6,83,40,34,123,9,0,3,0.6586427040007742,0.39362113220747674,17,60,111,28,3,83,0.6586427040007742,nenhuma,103.7113018136012,0.0,115,0,terminal,0.9820179545701664,77,j6021_1.sm,1,adaptativa,0,2.8289473684210527,0.43333333333333335
True,226,76,0.6432290586974228,0.0,20.33492912820965,226.0,432.0,76.0,43.0,120.61144876574114,44,16,9,8,0.26666666666666666,0.4166666666666667,332.0,0.26647900554580584,0.36328749628235285,0.061249786530751964,0.17958515892990765,29,8,76,35,31,111,0,4,8,0.794910294566222,0.24332019624229823,2,60,103,27,8,76,0.794910294566222,nenhuma,120.61144876574114,0.0,128,0,terminal,0.9366666666666666,77,j6021_1.sm,3,adaptativa,0,2.973684210526316,0.48333333333333334
True,121,69,0.6926875570278196,0.0,6.0,294.0,427.0,72.0,62.0,55.4395414177346,53,7,10,6,0.11666666666666667,0.2833333333333333,337.0,0.14126899959533296,0.16450902497844097,0.017804154302670624,0.0899350831554876,16,6,72,56,44,128,12,11,2,0.6586427040007742,0.39362113220747674,13,60,114,42,2,72,0.6586427040007742,nenhuma,55.4395414177346,0.0,60,0,terminal,0.9633333333333334,77,j6032_1.sm,1,adaptativa,0,1.7536231884057971,0.26666666666666666
True,146,69,0.628280031596535,0.0,7.775123498686518,312.0,446.0,112.0,104.0,47.87454251356746,54,6,7,16,0.1,0.21666666666666667,337.0,0.1243899952459958,0.1420609570135533,0.023071583082155837,0.06744084996209378,31,16,112,88,29,200,0,27,9,0.794910294566222,0.24332019624229823,0,60,191,79,9,112,0.794910294566222,nenhuma,47.874542513567455,0.0,55,0,terminal,0.8587362210815869,77,j6032_1.sm,3,adaptativa,0,2.1159420289855073,0.5166666666666667
True,177,108,0.5493070571312487,0.0,16.396383832285444,265.0,371.0,154.0,85.0,65.39638383228545,49,11,8,1,0.18333333333333332,0.31666666666666665,334.0,0.16373804691167837,0.1957975563840882,0.04909096955774085,0.096826671563176,16,1,154,84,44,238,26,1,8,0.6586427040007742,0.39362113220747674,20,60,204,50,8,154,0.6586427040007742,nenhuma,65.39638383228544,0.0,70,0,terminal,0.9976841717393174,77,j6043_1.sm,1,adaptativa,0,1.6388888888888888,0.26666666666666666
True,176,108,0.5409614216995547,0.0,6.930668377591283,301.0,378.0,180.0,96.0,44.75592757137111,56,4,7,1,0.06666666666666667,0.18333333333333332,334.0,0.11816561620131344,0.13399978314781769,0.0207505041245248,0.06405087356743708,18,1,180,95,42,275,8,5,18,0.794910294566222,0.24332019624229823,4,60,249,69,18,180,0.794910294566222,nenhuma,44.75592757137111,0.0,49,0,terminal,0.91,77,j6043_1.sm,3,adaptativa,0,1.6296296296296295,0.3
True,125,85,0.7344025868156081,0.0,6.0,304.0,371.0,63.0,40.0,31.172512543382012,56,4,8,2,0.06666666666666667,0.2,323.0,0.08801505322794846,0.09650932675969663,0.018575851393188854,0.06170666805768663,18,2,63,38,42,101,8,6,2,0.6586427040007742,0.39362113220747674,14,60,91,28,2,63,0.6586427040007742,nenhuma,31.172512543382012,0.0,35,0,terminal,0.9633333333333333,78,j6010_1.sm,1,adaptativa,0,1.4705882352941178,0.3
True,134,85,0.6079848075357037,0.0,6.0,308.0,379.0,123.0,74.0,47.37083970267356,57,3,12,7,0.05,0.25,323.0,0.12790110512129393,0.14665894644790575,0.018575851393188854,0.07599142706974843,20,7,123,67,40,190,3,2,11,0.794910294566222,0.24332019624229823,3,60,176,53,11,123,0.794910294566222,nenhuma,47.37083970267356,0.0,52,0,terminal,0.9869732765648852,78,j6010_1.sm,3,adaptativa,0,1.576470588235294,0.3333333333333333
True,294,76,0.6931844858977922,0.0,7.277309620395327,299.0,395.0,47.0,42.0,85.83387256338781,54,6,16,14,0.1,0.36666666666666664,332.0,0.2054258359591618,0.2585357607330958,0.021919607290347372,0.15062964259612302,31,14,47,28,29,75,2,0,2,0.6586427040007742,0.39362113220747674,17,60,71,24,2,47,0.6586427040007742,nenhuma,85.83387256338783,0.0,95,0,terminal,0.9633333333333333,78,j6021_1.sm,1,adaptativa,0,3.8684210526315788,0.5166666666666667
True,206,76,0.6989270524664136,0.0,13.061051072069258,305.0,440.0,71.0,49.0,69.5363707089358,55,5,13,6,0.08333333333333333,0.3,332.0,0.17317577131597145,0.20944689972571026,0.039340515277317044,0.11045647867910992,30,6,71,43,30,114,0,0,4,0.794910294566222,0.24332019624229823,2,60,110,39,4,71,0.794910294566222,nenhuma,69.5363707089358,0.0,76,0,terminal,0.90808471978279,78,j6021_1.sm,3,adaptativa,0,2.710526315789474,0.5
True,168,69,0.6769438420280072,0.0,6.519387394573624,320.0,414.0,74.0,70.0,53.57214867296415,57,3,12,9,0.05,0.25,337.0,0.13716325870901114,0.15896780021651083,0.019345363188645767,0.08759743031007719,20,9,74,61,40,135,9,15,2,0.6586427040007742,0.39362113220747674,13,60,124,50,2,74,0.6586427040007742,nenhuma,53.57214867296415,0.0,59,0,terminal,0.96,78,j6032_1.sm,1,adaptativa,0,2.4347826086956523,0.3333333333333333
True,150,69,0.6288130283719241,0.0,7.0,313.0,480.0,122.0,88.0,73.34296260174547,56,4,15,15,0.06666666666666667,0.31666666666666665,337.0,0.17873576321796897,0.2176349038627462,0.020771513353115726,0.09608127171535905,33,15,122,73,27,195,0,9,16,0.794910294566222,0.24332019624229823,0,60,179,57,16,122,0.794910294566222,nenhuma,73.34296260174547,0.0,80,0,terminal,0.8870728253123632,78,j6032_1.sm,3,adaptativa,0,2.1739130434782608,0.55
True,288,108,0.4975541579315164,0.0,9.0,302.0,356.0,193.0,107.0,59.5,54,6,12,3,0.1,0.3,334.0,0.15120711562897077,0.1781437125748503,0.02694610778443114,0.08315863032844165,18,3,193,104,42,297,38,3,6,0.6586427040007742,0.39362113220747674,20,60,253,60,6,193,0.6586427040007742,nenhuma,59.5,0.0,64,0,terminal,0.9666666666666667,78,j6043_1.sm,1,adaptativa,0,2.6666666666666665,0.3
True,227,108,0.5895236764553186,0.0,5.0,324.0,380.0,136.0,91.0,37.5881907319818,58,2,10,4,0.03333333333333333,0.2,334.0,0.1011555040485485,0.11253949320952635,0.014970059880239521,0.05831349576742537,18,4,136,87,42,223,1,1,23,0.794910294566222,0.24332019624229823,4,60,199,63,23,136,0.794910294566222,nenhuma,37.5881907319818,0.0,42,0,terminal,0.8633333333333333,78,j6043_1.sm,3,adaptativa,0,2.1018518518518516,0.3
True,125,85,0.7344025868156081,0.0,6.0,304.0,371.0,63.0,40.0,31.172512543382012,56,4,8,2,0.06666666666666667,0.2,323.0,0.08801505322794846,0.09650932675969663,0.018575851393188854,0.06170666805768663,18,2,63,38,42,101,8,6,2,0.6586427040007742,0.39362113220747674,14,60,91,28,2,63,0.6586427040007742,nenhuma,31.172512543382012,0.0,35,0,terminal,0.9633333333333333,79,j6010_1.sm,1,adaptativa,0,1.4705882352941178,0.3
True,134,85,0.6079848075357037,0.0,6.0,308.0,379.0,123.0,74.0,47.37083970267356,57,3,12,7,0.05,0.25,323.0,0.12790110512129393,0.14665894644790575,0.018575851393188854,0.07599142706974843,20,7,123,67,40,190,3,2,11,0.794910294566222,0.24332019624229823,3,60,176,53,11,123,0.794910294566222,nenhuma,47.37083970267356,0.0,52,0,terminal,0.9869732765648852,79,j6010_1.sm,3,adaptativa,0,1.576470588235294,0.3333333333333333
True,184,76,0.7027991381480192,0.0,6.351829349828268,298.0,397.0,51.0,43.0,73.88401657144084,53,7,14,13,0.11666666666666667,0.35,332.0,0.1820323381924459,0.22254221858867723,0.019132016113940567,0.13079502057763875,29,13,51,30,31,81,2,0,2,0.6586427040007742,0.39362113220747674,17,60,77,26,2,51,0.6586427040007742,nenhuma,73.88401657144084,0.0,80,0,terminal,0.965,79,j6021_1.sm,1,adaptativa,0,2.4210526315789473,0.48333333333333334
True,186,76,0.7127314382584392,4.440892098500626e-16,8.844445980758833,317.0,434.0,60.0,43.0,71.92501256922233,57,3,13,9,0.05,0.26666666666666666,332.0,0.17806526045944293,0.21664160412416364,0.026639897532406122,0.11811801303045658,31,9,60,34,29,94,0,1,2,0.794910294566222,0.24332019624229823,2,60,92,32,2,60,0.794910294566222,nenhuma,71.92501256922232,0.0,77,0,terminal,0.9335617507403181,79,j6021_1.sm,3,adaptativa,0,2.4473684210526314,0.5166666666666667
True,114,69,0.7181545566325421,0.0,2.654952542988851,320.0,417.0,80.0,49.0,34.65495254298885,56,4,7,1,0.06666666666666667,0.18333333333333332,337.0,0.09324496365746764,0.10283368707118354,0.007878197456940211,0.05968252297034041,17,1,80,48,43,128,9,9,3,0.6586427040007742,0.39362113220747674,13,60,116,36,3,80,0.6586427040007742,nenhuma,34.65495254298885,0.0,36,0,terminal,0.9433333333333334,79,j6032_1.sm,1,adaptativa,0,1.6521739130434783,0.2833333333333333
True,158,69,0.6133762221251349,0.0,8.978692414022543,297.0,498.0,126.0,83.0,104.89974771862455,53,7,18,11,0.11666666666666667,0.4166666666666667,337.0,0.23738358815587843,0.3112752157822687,0.02664300419591259,0.12920283324805154,30,11,126,72,30,198,0,9,7,0.794910294566222,0.24332019624229823,0,60,191,65,7,126,0.794910294566222,nenhuma,104.89974771862455,0.0,115,0,terminal,0.8738814404441246,79,j6032_1.sm,3,adaptativa,0,2.289855072463768,0.5
True,149,108,0.5445308525191068,0.0,5.773791426278215,305.0,356.0,158.0,90.0,49.773791426278216,56,4,11,3,0.06666666666666667,0.25,334.0,0.12969565024567242,0.14902332762358747,0.017286800677479685,0.07613304797320081,21,3,158,87,39,245,26,3,9,0.6586427040007742,0.39362113220747674,20,60,210,52,9,158,0.6586427040007742,nenhuma,49.773791426278216,0.0,53,0,terminal,0.9583333333333334,79,j6043_1.sm,1,adaptativa,0,1.3796296296296295,0.35
True,177,108,0.5738066814178746,0.0,4.5,317.0,390.0,146.0,91.0,52.67141657589475,58,2,11,4,0.03333333333333333,0.21666666666666667,334.0,0.1362175074700836,0.15769885202363698,0.01347305389221557,0.0774954121820323,21,4,146,87,39,233,0,1,21,0.794910294566222,0.24332019624229823,4,60,212,66,21,146,0.794910294566222,nenhuma,52.67141657589474,0.0,57,0,terminal,0.8633333333333333,79,j6043_1.sm,3,adaptativa,0,1.6388888888888888,0.35
True,130,85,0.6597469398831158,8.881784197001252e-16,9.354038847485043,289.0,366.0,85.0,56.0,47.758162371836725,54,6,8,5,0.1,0.23333333333333334,323.0,0.12881216711808932,0.1478580878385038,0.02895987259283295,0.08608825540781488,18,5,85,51,42,136,7,8,4,0.6586427040007742,0.39362113220747674,14,60,125,40,4,85,0.6586427040007742,nenhuma,47.758162371836725,0.0,52,0,terminal,0.9633333333333334,80,j6010_1.sm,1,adaptativa,0,1.5294117647058822,0.3
True,143,85,0.6005672278916626,0.0,5.0,308.0,380.0,116.0,72.0,64.73515828364332,57,3,15,7,0.05,0.3,323.0,0.16695715335746528,0.2004184466985861,0.015479876160990712,0.10231003830930438,20,7,116,65,40,181,3,2,11,0.794910294566222,0.24332019624229823,3,60,167,51,11,116,0.794910294566222,nenhuma,64.73515828364332,0.0,71,0,terminal,0.9719142450647166,80,j6010_1.sm,3,adaptativa,0,1.6823529411764706,0.3333333333333333
True,230,76,0.7129324682737231,0.0,5.953552579504201,289.0,405.0,51.0,42.0,70.07624567956191,54,6,9,11,0.1,0.25,332.0,0.17428596300466298,0.21107302915530696,0.017932387287663255,0.12335711308564419,29,11,51,31,31,82,2,0,3,0.6586427040007742,0.39362113220747674,17,60,77,26,3,51,0.6586427040007742,nenhuma,70.0762456795619,0.0,75,0,terminal,0.9666666666666667,80,j6021_1.sm,1,adaptativa,0,3.026315789473684,0.48333333333333334
True,202,76,0.6913938129530188,0.0,8.271758034533104,304.0,429.0,71.0,45.0,75.48573759677413,56,4,13,11,0.06666666666666667,0.2833333333333333,332.0,0.18524755747763308,0.22736667950835582,0.02491493383895513,0.12165587864942824,24,11,71,34,36,105,0,0,3,0.794910294566222,0.24332019624229823,2,60,102,31,3,71,0.794910294566222,nenhuma,75.48573759677413,0.0,81,0,terminal,0.9666666666666667,80,j6021_1.sm,3,adaptativa,0,2.6578947368421053,0.4
True,118,69,0.7084543180973094,0.0,4.306116557182709,312.0,417.0,80.0,49.0,42.60534737078584,55,5,8,1,0.08333333333333333,0.21666666666666667,337.0,0.11223589885094626,0.12642536311805888,0.012777793938227623,0.07238355472150858,17,1,80,48,43,128,9,9,3,0.6586427040007742,0.39362113220747674,13,60,116,36,3,80,0.6586427040007742,nenhuma,42.60534737078584,0.0,45,0,terminal,0.9433333333333334,80,j6032_1.sm,1,adaptativa,0,1.710144927536232,0.2833333333333333
True,138,69,0.6309717251616777,8.881784197001252e-16,11.700383856187418,308.0,474.0,106.0,96.0,75.22225148606178,54,6,16,26,0.1,0.36666666666666664,337.0,0.1824798424026977,0.22321142874202307,0.03471923992933952,0.10013315145718558,31,26,106,70,29,176,0,10,10,0.794910294566222,0.24332019624229823,0,60,166,60,10,106,0.794910294566222,nenhuma,75.22225148606178,0.0,84,0,terminal,0.9097561824522099,80,j6032_1.sm,3,adaptativa,0,2.0,0.5166666666666667
True,157,108,0.5575657784209626,0.0,5.957239973298194,305.0,361.0,146.0,88.0,52.45723997329819,56,4,11,6,0.06666666666666667,0.25,334.0,0.1357387947420073,0.15705760471047364,0.017836047824246092,0.08102039290727768,21,6,146,82,39,228,24,4,11,0.6586427040007742,0.39362113220747674,20,60,193,47,11,146,0.6586427040007742,nenhuma,52.45723997329819,0.0,56,0,terminal,0.965,80,j6043_1.sm,1,adaptativa,0,1.4537037037037037,0.35
True,177,108,0.5738066814178746,0.0,4.5,317.0,390.0,146.0,91.0,52.67141657589475,58,2,11,4,0.03333333333333333,0.21666666666666667,334.0,0.1362175074700836,0.15769885202363698,0.01347305389221557,0.0774954121820323,21,4,146,87,39,233,0,1,21,0.794910294566222,0.24332019624229823,4,60,212,66,21,146,0.794910294566222,nenhuma,52.67141657589474,0.0,57,0,terminal,0.8633333333333333,80,j6043_1.sm,3,adaptativa,0,1.6388888888888888,0.35
