ai,ci,metrica,media,ic95_inf,ic95_sup
0,9,atraso_relativo,-0.3493703510516844,-0.8347512223065792,0.1360105202032103
0,9,taxa_omissao,0.008333333333333333,-0.0037715113156448522,0.02043817798231152
0,9,divida_latente_sobre_plano,0.004828883568309383,-0.008244354396853506,0.017902121533472273
0,9,taxa_falha_efetiva,0.015624999999999998,-0.003418502260360152,0.03466850226036015
0,9,fracao_porta1,-0.026041666666666664,-0.06521912306888233,0.013135789735548999
0,18,atraso_relativo,-0.046585250868717676,-0.3288536772770464,0.23568317553961105
0,18,taxa_omissao,-0.004166666666666662,-0.042826440237578034,0.0344931069042447
0,18,divida_latente_sobre_plano,-0.0013185550030705298,-0.0260214187179278,0.023384308711786744
0,18,taxa_falha_efetiva,0.0010416666666666612,-0.04136849915833479,0.04345183249166812
0,18,fracao_porta1,-0.036458333333333336,-0.08187167102679885,0.008955004360132184
1,0,atraso_relativo,-0.42061677709476875,-0.7125314007277824,-0.12870215346175506
1,0,taxa_omissao,-0.01770833333333334,-0.036751835593693494,0.0013351689270268106
1,0,divida_latente_sobre_plano,-0.030797560339102435,-0.03495814468019715,-0.02663697599800772
1,0,taxa_falha_efetiva,-0.018749999999999996,-0.0444282532095065,0.006928253209506512
1,0,fracao_porta1,0.011458333333333327,-0.018864242108880467,0.04178090877554712
1,9,atraso_relativo,-0.7699871281464531,-1.0303787069685038,-0.5095955493244024
1,9,taxa_omissao,-0.009375000000000005,-0.027632862020104194,0.008882862020104184
1,9,divida_latente_sobre_plano,-0.025968676770793054,-0.03984374217867922,-0.01209361136290689
1,9,taxa_falha_efetiva,-0.0031249999999999976,-0.02216850226036015,0.01591850226036015
1,9,fracao_porta1,-0.014583333333333337,-0.027279001506906774,-0.0018876651597599
1,10,atraso_relativo,-0.09854463301974743,-0.40080509135446724,0.2037158253149724
1,10,taxa_omissao,-0.006250000000000004,-0.05170365136114074,0.03920365136114073
1,10,divida_latente_sobre_plano,-0.001028455907761157,-0.009469503782465699,0.007412591966943384
1,10,taxa_falha_efetiva,-0.0052083333333333304,-0.05313342971114114,0.042716763044474484
1,10,fracao_porta1,-0.004166666666666669,-0.035264575635613644,0.026931242302280306
1,18,atraso_relativo,-0.46720202796348637,-0.7649875582756899,-0.16941649765128286
1,18,taxa_omissao,-0.021875,-0.05834053058137581,0.014590530581375813
1,18,divida_latente_sobre_plano,-0.032116115342172964,-0.05898062781166421,-0.00525160287268172
1,18,taxa_falha_efetiva,-0.017708333333333336,-0.06945565934308476,0.03403899267641809
1,18,fracao_porta1,-0.02500000000000001,-0.05312911704035231,0.003129117040352288
1,19,atraso_relativo,-0.046004599716825384,-0.11319788103329016,0.021188681599639395
1,19,taxa_omissao,-0.009375000000000003,-0.021925570057733948,0.0031755700577339417
1,19,divida_latente_sobre_plano,-0.002361133816512157,-0.01767116614028096,0.012948898507256647
1,19,taxa_falha_efetiva,-0.009374999999999994,-0.03554779043371786,0.01679779043371787
1,19,fracao_porta1,-0.03958333333333333,-0.0856772084975077,0.0065105418308410365
2,0,atraso_relativo,-0.5705625133984435,-0.9198107898347532,-0.22131423696213387
2,0,taxa_omissao,-0.023958333333333328,-0.060823498101396326,0.012906831434729666
2,0,divida_latente_sobre_plano,-0.035957147341925566,-0.04204999924726996,-0.02986429543658117
2,0,taxa_falha_efetiva,-0.03020833333333333,-0.06824721780385865,0.007830551137191978
2,0,fracao_porta1,0.031249999999999993,-0.012226450007895746,0.07472645000789574
2,1,atraso_relativo,-0.1499457363036748,-0.3355506268009219,0.035659154193572296
2,1,taxa_omissao,-0.006249999999999992,-0.03411744514791852,0.021617445147918538
2,1,divida_latente_sobre_plano,-0.005159587002823128,-0.014850571498937055,0.0045313974932907975
2,1,taxa_falha_efetiva,-0.011458333333333333,-0.05174219422740662,0.02882552756073995
2,1,fracao_porta1,0.019791666666666666,-0.0027734001915599577,0.04235673352489329
2,9,atraso_relativo,-0.9199328644501279,-1.260908585638569,-0.5789571432616869
2,9,taxa_omissao,-0.015624999999999997,-0.05168646790947472,0.020436467909474728
2,9,divida_latente_sobre_plano,-0.03112826377361618,-0.04746726522157322,-0.014789262325659143
2,9,taxa_falha_efetiva,-0.01458333333333333,-0.06551007063677106,0.0363434039701044
2,9,fracao_porta1,0.005208333333333329,-0.025114242108880473,0.035530908775547126
2,10,atraso_relativo,-0.24849036932342228,-0.6132622404466355,0.11628150179979097
2,10,taxa_omissao,-0.012499999999999997,-0.045428737501180164,0.02042873750118017
2,10,divida_latente_sobre_plano,-0.006188042910584286,-0.01662015002980622,0.004244064208637646
2,10,taxa_falha_efetiva,-0.016666666666666663,-0.06291921312681391,0.029585879793480582
2,10,fracao_porta1,0.015624999999999997,-0.026438246575947313,0.0576882465759473
2,11,atraso_relativo,-0.07645782855476287,-0.2355561513516895,0.08264049424216376
2,11,taxa_omissao,-0.015624999999999997,-0.04289450429834893,0.01164450429834894
2,11,divida_latente_sobre_plano,-0.0026201065703592417,-0.008215569780358381,0.002975356639639898
2,11,taxa_falha_efetiva,-0.028125,-0.06948567947844408,0.013235679478444087
2,11,fracao_porta1,-0.009375000000000001,-0.05347884823663372,0.03472884823663372
2,18,atraso_relativo,-0.6171477642671611,-1.0550288764491018,-0.17926665208522052
2,18,taxa_omissao,-0.02812499999999999,-0.04282628274554455,-0.013423717254455429
2,18,divida_latente_sobre_plano,-0.037275702344996095,-0.05743689100733326,-0.01711451368265893
2,18,taxa_falha_efetiva,-0.029166666666666667,-0.05276335294055699,-0.005569980392776338
2,18,fracao_porta1,-0.005208333333333343,-0.04044777944412967,0.03003111277746298
2,19,atraso_relativo,-0.19595033602050022,-0.35015251783195733,-0.041748154209043126
2,19,taxa_omissao,-0.015624999999999995,-0.03388286202010418,0.002632862020104194
2,19,divida_latente_sobre_plano,-0.007520720819335285,-0.02517061160440164,0.010129169965731068
2,19,taxa_falha_efetiva,-0.02083333333333333,-0.053314039923961096,0.011647373257294438
2,19,fracao_porta1,-0.01979166666666667,-0.08088816451871991,0.04130483118538658
2,20,atraso_relativo,-0.13920404832413513,-0.3392856474954249,0.060877550847154654
2,20,taxa_omissao,-0.020833333333333325,-0.07074288640276312,0.029076219736096472
2,20,divida_latente_sobre_plano,-0.0011680354277593746,-0.007448976633365917,0.005112905777847169
2,20,taxa_falha_efetiva,-0.027083333333333327,-0.0731772084975077,0.019010541830841034
2,20,fracao_porta1,-0.016666666666666673,-0.07670474369955506,0.04337141036622172
3,0,atraso_relativo,-0.03133260296236473,-0.48986099622131385,0.4271957902965844
3,0,taxa_omissao,-0.0625,-0.10681100695399513,-0.018188993046004867
3,0,divida_latente_sobre_plano,-0.02345332188315528,-0.03531539196104864,-0.011591251805261925
3,0,taxa_falha_efetiva,0.005208333333333336,-0.025593680143774385,0.03601034681044106
3,0,fracao_porta1,0.027083333333333334,0.0025728910219189292,0.051593775644747736
3,9,atraso_relativo,-0.38070295401404913,-0.5357472629151349,-0.22565864511296338
3,9,taxa_omissao,-0.05416666666666667,-0.09127941759371898,-0.01705391573961436
3,9,divida_latente_sobre_plano,-0.0186244383148459,-0.03694340225813135,-0.00030547437156044563
3,9,taxa_falha_efetiva,0.020833333333333336,-0.0062339221588564794,0.04790058882552315
3,9,fracao_porta1,0.00104166666666667,-0.05399878375574219,0.05608211708907553
3,12,atraso_relativo,0.012435531675166894,-0.7764539333183174,0.8013249966686511
3,12,taxa_omissao,0.031249999999999997,0.006739557688585595,0.0557604423114144
3,12,divida_latente_sobre_plano,0.007810163704538715,-0.0028875942693550307,0.01850792167843246
3,12,taxa_falha_efetiva,0.04479166666666666,0.03346862131751661,0.05611471201581671
3,12,fracao_porta1,0.015625,-0.03468661382010718,0.06593661382010718
3,18,atraso_relativo,-0.0779178538310824,-0.6348635029740951,0.4790277953119303
3,18,taxa_omissao,-0.06666666666666667,-0.09087635596462304,-0.0424569773687103
3,18,divida_latente_sobre_plano,-0.024771876886225813,-0.03881021799318114,-0.01073353577927048
3,18,taxa_falha_efetiva,0.006249999999999997,-0.04524896579508869,0.05774896579508869
3,18,fracao_porta1,-0.009375000000000001,-0.05997701515729172,0.04122701515729172
3,21,atraso_relativo,-0.041025239551706755,-0.6482322942904435,0.5661818151870299
3,21,taxa_omissao,0.03645833333333333,-0.009595788589151444,0.0825124552558181
3,21,divida_latente_sobre_plano,0.0034296434917268893,-0.021870393098133,0.028729680081586776
3,21,taxa_falha_efetiva,0.026041666666666664,0.002213256146730659,0.04987007718660267
3,21,fracao_porta1,-0.022916666666666675,-0.09822008701307042,0.05238675367973707
4,0,atraso_relativo,-0.4360787990507671,-0.8941307436577447,0.02197314555621055
4,0,taxa_omissao,-0.08541666666666667,-0.1282137553491775,-0.04261957798415582
4,0,divida_latente_sobre_plano,-0.03458930558301578,-0.045312250063744286,-0.02386636110228728
4,0,taxa_falha_efetiva,-0.007291666666666663,-0.04757552756073994,0.03299219422740662
4,0,fracao_porta1,0.029166666666666667,-0.04623398215192614,0.10456731548525947
4,1,atraso_relativo,-0.0154620219559983,-0.22289504524958204,0.19197100133758543
4,1,taxa_omissao,-0.06770833333333333,-0.0965448071653262,-0.038871859501340464
4,1,divida_latente_sobre_plano,-0.003791745243913348,-0.01785792714008579,0.010274436652259092
4,1,taxa_falha_efetiva,0.011458333333333333,-0.01044775690479586,0.03336442357146253
4,1,fracao_porta1,0.01770833333333334,-0.04643021152171678,0.08184687818838346
4,3,atraso_relativo,-0.4047461960884023,-0.8147439654171436,0.005251573240338925
4,3,taxa_omissao,-0.022916666666666665,-0.0795642357325332,0.033730902399199875
4,3,divida_latente_sobre_plano,-0.011135983699860503,-0.02321843656410256,0.0009464691643815502
4,3,taxa_falha_efetiva,-0.012499999999999999,-0.03482023067797567,0.009820230677975673
4,3,fracao_porta1,0.002083333333333333,-0.06942751558316859,0.07359418224983524
4,9,atraso_relativo,-0.7854491501024514,-1.1000548570303978,-0.47084344317450505
4,9,taxa_omissao,-0.07708333333333334,-0.11848827251355652,-0.03567839415311015
4,9,divida_latente_sobre_plano,-0.0297604220147064,-0.051116775268445276,-0.008404068760967526
4,9,taxa_falha_efetiva,0.008333333333333335,-0.02081899300711839,0.03748565967378506
4,9,fracao_porta1,0.0031250000000000028,-0.0677426369916045,0.07399263699160451
4,10,atraso_relativo,-0.11400665497574573,-0.36516000826870254,0.13714669831721105
4,10,taxa_omissao,-0.07395833333333333,-0.13057356007908366,-0.01734310658758302
4,10,divida_latente_sobre_plano,-0.004820201151674505,-0.019664668697005172,0.01002426639365616
4,10,taxa_falha_efetiva,0.006250000000000002,-0.04351254375725422,0.056012543757254216
4,10,fracao_porta1,0.01354166666666667,-0.056702946040560157,0.0837862793738935
4,12,atraso_relativo,-0.3923106644132354,-0.9405124771298152,0.15589114830334433
4,12,taxa_omissao,0.008333333333333331,-0.027165039448988744,0.04383170611565541
4,12,divida_latente_sobre_plano,-0.003325819995321789,-0.0160681994393884,0.009416559448744822
4,12,taxa_falha_efetiva,0.03229166666666666,0.0072636013499676015,0.05731973198336572
4,12,fracao_porta1,0.017708333333333333,-0.0240051088611651,0.05942177552783177
4,13,atraso_relativo,0.05443522756165775,-0.0378499085464115,0.14672036366972702
4,13,taxa_omissao,-0.0031249999999999993,-0.05543557880342996,0.04918557880342997
4,13,divida_latente_sobre_plano,0.0038363532232887063,-0.015229179773991101,0.022901886220568515
4,13,taxa_falha_efetiva,0.0125,-0.022998372782322075,0.04799837278232208
4,13,fracao_porta1,-0.005208333333333336,-0.09154821145910846,0.08113154479244178
4,18,atraso_relativo,-0.4826640499194847,-0.9500157929237154,-0.015312306915254037
4,18,taxa_omissao,-0.08958333333333333,-0.1530616742012005,-0.02610499246546616
4,18,divida_latente_sobre_plano,-0.03590786058608631,-0.06129307664031087,-0.010522644531861754
4,18,taxa_falha_efetiva,-0.006250000000000004,-0.0781694856652154,0.06566948566521538
4,18,fracao_porta1,-0.0072916666666666685,-0.07165826040067169,0.057074927067338355
4,19,atraso_relativo,-0.061466621672823685,-0.2158801688345197,0.09294692548887232
4,19,taxa_omissao,-0.07708333333333334,-0.11153432516527856,-0.042632341501388116
4,19,divida_latente_sobre_plano,-0.006152879060425505,-0.030810338009287674,0.018504579888436665
4,19,taxa_falha_efetiva,0.002083333333333338,-0.032790385868953296,0.036957052535619976
4,19,fracao_porta1,-0.021874999999999995,-0.11284272632664134,0.06909272632664136
4,21,atraso_relativo,-0.44577143564010907,-0.918176280309785,0.026633409029566846
4,21,taxa_omissao,0.013541666666666664,-0.017260346810441068,0.04434368014377439
4,21,divida_latente_sobre_plano,-0.0077063402081336135,-0.030860400822363153,0.015447720406095926
4,21,taxa_falha_efetiva,0.013541666666666667,-0.018197503767266913,0.04528083710060025
4,21,fracao_porta1,-0.020833333333333343,-0.09203616567563556,0.05036949900896888
4,22,atraso_relativo,-0.014760551118489618,-0.10555576992483914,0.07603466768785991
4,22,taxa_omissao,0.006249999999999999,-0.023646760865568106,0.0361467608655681
4,22,divida_latente_sobre_plano,0.0031816713064265955,-0.009919353866698354,0.016282696479551544
4,22,taxa_falha_efetiva,0.010416666666666666,-0.01948009419890144,0.040313427532234776
4,22,fracao_porta1,-0.01875,-0.09188169719841185,0.05438169719841185
5,0,atraso_relativo,-0.5026650283174546,-1.0835452194462518,0.07821516281134244
5,0,taxa_omissao,-0.08333333333333334,-0.1223702843586032,-0.044296382308063494
5,0,divida_latente_sobre_plano,-0.04048489824855236,-0.0525046200712633,-0.028465176425841412
5,0,taxa_falha_efetiva,-0.02187499999999999,-0.06980009637780779,0.026050096377807815
5,0,fracao_porta1,0.010416666666666661,-0.04164823882209874,0.06248157215543207
5,1,atraso_relativo,-0.08204825122268589,-0.39849305221831993,0.23439654977294816
5,1,taxa_omissao,-0.06562499999999999,-0.08753109023812917,-0.0437189097618708
5,1,divida_latente_sobre_plano,-0.009687337909449919,-0.023633754495290166,0.004259078676390329
5,1,taxa_falha_efetiva,-0.0031249999999999976,-0.031448784532933254,0.025198784532933262
5,1,fracao_porta1,-0.0010416666666666664,-0.0332391881959624,0.031155854862629066
5,2,atraso_relativo,0.06789748508098893,-0.2088190728748413,0.34461404303681914
5,2,taxa_omissao,-0.05937500000000001,-0.09702671017320187,-0.02172328982679815
5,2,divida_latente_sobre_plano,-0.00452775090662679,-0.015262827452338042,0.006207325639084462
5,2,taxa_falha_efetiva,0.008333333333333335,-0.04971946221903954,0.0663861288857062
5,2,fracao_porta1,-0.020833333333333332,-0.03166023553020925,-0.010006431136457413
5,3,atraso_relativo,-0.4713324253550899,-0.8329584832485875,-0.10970636746159235
5,3,taxa_omissao,-0.020833333333333332,-0.0571478672802679,0.01548120061360123
5,3,divida_latente_sobre_plano,-0.017031576365397073,-0.03303085999301632,-0.0010322927377778256
5,3,taxa_falha_efetiva,-0.02708333333333333,-0.05794475287040781,0.003778086203741149
5,3,fracao_porta1,-0.016666666666666673,-0.07421244119317075,0.040879107859837394
5,4,atraso_relativo,-0.06658622926668759,-0.24690925896592783,0.11373680043255266
5,4,taxa_omissao,0.0020833333333333337,-0.019906208979331038,0.024072875645997704
5,4,divida_latente_sobre_plano,-0.00589559266553657,-0.011576462743316886,-0.0002147225877562539
5,4,taxa_falha_efetiva,-0.01458333333333333,-0.05454765714016464,0.025380990473497983
5,4,fracao_porta1,-0.018750000000000006,-0.052339580715072914,0.014839580715072905
5,9,atraso_relativo,-0.852035379369139,-1.106090951579972,-0.597979807158306
5,9,taxa_omissao,-0.075,-0.10792873750118016,-0.04207126249881983
5,9,divida_latente_sobre_plano,-0.03565601468024297,-0.05994255219079562,-0.011369477169690327
5,9,taxa_falha_efetiva,-0.006249999999999995,-0.04276572404020837,0.030265724040208383
5,9,fracao_porta1,-0.015625000000000003,-0.05366388447052532,0.02241388447052531
5,10,atraso_relativo,-0.18059288424243333,-0.36633903510781984,0.005153266622953151
5,10,taxa_omissao,-0.071875,-0.1083405305813758,-0.03540946941862419
5,10,divida_latente_sobre_plano,-0.010715793817211074,-0.028163542732441045,0.006731955098018896
5,10,taxa_falha_efetiva,-0.00833333333333333,-0.06688875987123809,0.05022209320457143
5,10,fracao_porta1,-0.005208333333333336,-0.0512624552558181,0.04084578858915143
5,11,atraso_relativo,-0.008560343473773935,-0.20686212219584207,0.1897414352482942
5,11,taxa_omissao,-0.07500000000000001,-0.10206725549218983,-0.047932744507810196
5,11,divida_latente_sobre_plano,-0.007147857476986031,-0.020330885935887725,0.006035170981915663
5,11,taxa_falha_efetiva,-0.019791666666666666,-0.05896912306888232,0.01938578973554899
5,11,fracao_porta1,-0.030208333333333334,-0.07364263456737714,0.01322596790071048
5,12,atraso_relativo,-0.458896893679923,-1.17727642146458,0.2594826341047339
5,12,taxa_omissao,0.010416666666666664,-0.010197140976029962,0.03103047430936329
5,12,divida_latente_sobre_plano,-0.00922141266085836,-0.023368390383104006,0.004925565061387287
5,12,taxa_falha_efetiva,0.017708333333333333,-0.02033055113719197,0.055747217803858634
5,12,fracao_porta1,-0.0010416666666666734,-0.018478526267809985,0.016395192934476638
5,13,atraso_relativo,-0.012151001705029835,-0.24435112224046598,0.22004911883040632
5,13,taxa_omissao,-0.0010416666666666664,-0.04835132696170376,0.04626799362837043
5,13,divida_latente_sobre_plano,-0.002059239442247865,-0.024813305779051498,0.02069482689455577
5,13,taxa_falha_efetiva,-0.0020833333333333277,-0.07023694122048701,0.06607027455382036
5,13,fracao_porta1,-0.023958333333333342,-0.07792340881295193,0.03000674214628524
5,14,atraso_relativo,0.0094195420349681,-0.1325103839799931,0.15134946804992933
5,14,taxa_omissao,0.0031250000000000036,-0.015918502260360155,0.02216850226036016
5,14,divida_latente_sobre_plano,0.0007372793907878469,-0.01771148627779888,0.019186045059374573
5,14,taxa_falha_efetiva,-0.012499999999999995,-0.05372761528539324,0.02872761528539325
5,14,fracao_porta1,-0.016666666666666677,-0.06195884806326692,0.02862551472993357
5,18,atraso_relativo,-0.5492502791861723,-1.150334589177021,0.05183403080467641
5,18,taxa_omissao,-0.08750000000000001,-0.13622105988594166,-0.03877894011405836
5,18,divida_latente_sobre_plano,-0.041803453251622893,-0.07040471064217542,-0.013202195861070364
5,18,taxa_falha_efetiva,-0.020833333333333336,-0.08419615392190519,0.04252948725523852
5,18,fracao_porta1,-0.026041666666666675,-0.06369337683986853,0.011610043506535186
5,19,atraso_relativo,-0.12805285093951127,-0.420210348198811,0.1641046463197884
5,19,taxa_omissao,-0.075,-0.10039133634714686,-0.04960866365285313
5,19,divida_latente_sobre_plano,-0.012048471725962077,-0.039226815881976476,0.015129872430052326
5,19,taxa_falha_efetiva,-0.012499999999999992,-0.06636315834336803,0.041363158343368046
5,19,fracao_porta1,-0.040624999999999994,-0.10981877392809554,0.02856877392809555
5,20,atraso_relativo,-0.07130656324314621,-0.20059436125268498,0.05798123476639255
5,20,taxa_omissao,-0.08020833333333333,-0.12993405685339127,-0.030482609813275392
5,20,divida_latente_sobre_plano,-0.005695786334386164,-0.01907729468544886,0.007685722016676531
5,20,taxa_falha_efetiva,-0.018749999999999992,-0.08775823196703865,0.05025823196703867
5,20,fracao_porta1,-0.037500000000000006,-0.10268658339950776,0.027686583399507747
5,21,atraso_relativo,-0.5123576649067966,-1.0652441320491812,0.04052880223558808
5,21,taxa_omissao,0.015624999999999997,-0.014697575442213794,0.045947575442213784
5,21,divida_latente_sobre_plano,-0.013601932873670185,-0.03522437613469754,0.008020510387357169
5,21,taxa_falha_efetiva,-0.001041666666666663,-0.041687636962973104,0.03960430362963978
5,21,fracao_porta1,-0.039583333333333345,-0.0795476571401647,0.0003809904734980024
5,22,atraso_relativo,-0.0813467803851772,-0.3518891636505448,0.18919560288019036
5,22,taxa_omissao,0.008333333333333331,-0.035645751291995396,0.05231241795866206
5,22,divida_latente_sobre_plano,-0.002713921359109976,-0.015248528344415018,0.009820685626195067
5,22,taxa_falha_efetiva,-0.004166666666666664,-0.05258604526257941,0.044252711929246076
5,22,fracao_porta1,-0.037500000000000006,-0.0865208846228288,0.011520884622828784
5,23,atraso_relativo,-0.024584227601541456,-0.32390024333929934,0.27473178813621646
5,23,taxa_omissao,0.002083333333333333,-0.05482231255411178,0.05898897922077845
5,23,divida_latente_sobre_plano,0.001068465110590337,-0.014852768783978648,0.01698969900515932
5,23,taxa_falha_efetiva,-0.01458333333333333,-0.09496898094120551,0.06580231427453884
5,23,fracao_porta1,-0.04583333333333334,-0.09661600602762707,0.0049493393609603975
6,0,atraso_relativo,-0.19487894350468382,-0.6917523800746488,0.3019944930652812
6,0,taxa_omissao,-0.15729166666666666,-0.2131250575818456,-0.10145827575148772
6,0,divida_latente_sobre_plano,-0.044500911230234114,-0.05661823992760282,-0.032383582532865406
6,0,taxa_falha_efetiva,-0.015625,-0.07814391527015661,0.046893915270156614
6,0,fracao_porta1,0.027083333333333327,-0.007790385868953288,0.06195705253561994
6,3,atraso_relativo,-0.16354634054231906,-0.6732130957035571,0.34612041461891896
6,3,taxa_omissao,-0.09479166666666666,-0.15166511699516266,-0.037918216338170656
6,3,divida_latente_sobre_plano,-0.021047589347078833,-0.03908002900250751,-0.003015149691650152
6,3,taxa_falha_efetiva,-0.020833333333333336,-0.054640324607506,0.01297365794083933
6,3,fracao_porta1,-6.938893903907228e-18,-0.0554713668796237,0.05547136687962369
6,9,atraso_relativo,-0.5442492945563682,-0.9459136321798424,-0.14258495693289397
6,9,taxa_omissao,-0.14895833333333333,-0.20182616438720022,-0.09609050227946644
6,9,divida_latente_sobre_plano,-0.03967202766192473,-0.054700822345201704,-0.024643232978647754
6,9,taxa_falha_efetiva,0.0,-0.058805130982178266,0.058805130982178266
6,9,fracao_porta1,0.001041666666666663,-0.03699721780385864,0.039080551137191964
6,12,atraso_relativo,-0.15111080886715217,-0.6297122927075514,0.3274906749732471
6,12,taxa_omissao,-0.06354166666666666,-0.10490234614511074,-0.022180987188222596
6,12,divida_latente_sobre_plano,-0.013237425642540115,-0.028114999993718585,0.0016401487086383539
6,12,taxa_falha_efetiva,0.023958333333333325,-0.004365451199599944,0.05228211786626659
6,12,fracao_porta1,0.015624999999999993,-0.04759312338991533,0.07884312338991531
6,15,atraso_relativo,-0.05636365307628259,-0.5139591011066699,0.4012317949541047
6,15,taxa_omissao,0.005208333333333334,-0.035437636962973106,0.04585430362963978
6,15,divida_latente_sobre_plano,-0.0008562997904932915,-0.015866414160622393,0.014153814579635809
6,15,taxa_falha_efetiva,-0.012499999999999995,-0.05938186173392048,0.03438186173392049
6,15,fracao_porta1,-0.011458333333333341,-0.039782117866266634,0.016865451199599955
6,18,atraso_relativo,-0.2414641943734015,-0.5325070009766337,0.049578612229830676
6,18,taxa_omissao,-0.16145833333333334,-0.22871923784149312,-0.09419742882517358
6,18,divida_latente_sobre_plano,-0.04581946623330464,-0.07753024428357881,-0.014108688183030474
6,18,taxa_falha_efetiva,-0.014583333333333337,-0.07920552010624463,0.05003885343957795
6,18,fracao_porta1,-0.009375000000000008,-0.06140471460573926,0.04265471460573925
6,21,atraso_relativo,-0.20457158009402585,-0.30753146618417687,-0.10161169400387482
6,21,taxa_omissao,-0.058333333333333334,-0.10330083540835819,-0.013365831258308487
6,21,divida_latente_sobre_plano,-0.017617945855351938,-0.038699141647244535,0.003463249936540659
6,21,taxa_falha_efetiva,0.005208333333333332,-0.051406893412416985,0.06182356007908364
6,21,fracao_porta1,-0.022916666666666682,-0.07878285252794222,0.03294951919460885
6,24,atraso_relativo,-0.030871275855880065,-0.5846958641510034,0.5229533124392431
6,24,taxa_omissao,0.0010416666666666664,-0.032053518756893384,0.034136852090226724
6,24,divida_latente_sobre_plano,-0.0011353425217643241,-0.012545906370698212,0.010275221327169565
6,24,taxa_falha_efetiva,-0.009374999999999996,-0.09672720244243858,0.0779772024424386
6,24,fracao_porta1,-0.02708333333333334,-0.04972942403163346,-0.004437242635033221
7,0,atraso_relativo,-0.4492607642472193,-0.8910293080633831,-0.007492220431055463
7,0,taxa_omissao,-0.15104166666666666,-0.19547650527417368,-0.10660682805915964
7,0,divida_latente_sobre_plano,-0.04329923003239248,-0.05076216205300804,-0.035836298011776915
7,0,taxa_falha_efetiva,-0.0020833333333333346,-0.05898897922077844,0.054822312554111775
7,0,fracao_porta1,0.029166666666666664,-0.011703992849974507,0.07003732618330784
7,1,atraso_relativo,-0.02864398715245063,-0.1861912507853527,0.1289032764804514
7,1,taxa_omissao,-0.13333333333333333,-0.16347415343913926,-0.10319251322752741
7,1,divida_latente_sobre_plano,-0.01250166969329004,-0.02207986063289668,-0.002923478753683399
7,1,taxa_falha_efetiva,0.016666666666666663,-0.029585879793480582,0.06291921312681391
7,1,fracao_porta1,0.017708333333333336,-0.011128140498659515,0.04654480716532619
7,3,atraso_relativo,-0.4179281612848546,-0.8120846123991593,-0.02377171017054991
7,3,taxa_omissao,-0.08854166666666667,-0.14719085695804374,-0.02989247637528962
7,3,divida_latente_sobre_plano,-0.019845908149237194,-0.035278485927036196,-0.004413330371438189
7,3,taxa_falha_efetiva,-0.00729166666666667,-0.04721013351771028,0.03262680018437694
7,3,fracao_porta1,0.0020833333333333294,-0.04464199420153632,0.04880866086820297
7,4,atraso_relativo,-0.01318196519645233,-0.1333388269272266,0.10697489653432192
7,4,taxa_omissao,-0.065625,-0.08466850226036016,-0.04658149773963985
7,4,divida_latente_sobre_plano,-0.008709924449376693,-0.022701102760530528,0.005281253861777144
7,4,taxa_falha_efetiva,0.005208333333333329,-0.03507552756073996,0.045492194227406614
7,4,fracao_porta1,-3.469446951953614e-18,-0.07202128258193347,0.07202128258193347
7,6,atraso_relativo,-0.25438182074253557,-0.5649513277863957,0.056187686301324535
7,6,taxa_omissao,0.0062499999999999995,-0.018260442311414403,0.0307604423114144
7,6,divida_latente_sobre_plano,0.0012016811978416363,-0.0064620071231032035,0.008865369518786475
7,6,taxa_falha_efetiva,0.013541666666666664,-0.03676994715344052,0.06385328048677386
7,6,fracao_porta1,0.0020833333333333363,-0.042720946779952404,0.046887613446619084
7,9,atraso_relativo,-0.7986311152989037,-1.0742968298725075,-0.5229654007253
7,9,taxa_omissao,-0.14270833333333335,-0.18970725358089469,-0.09570941308577202
7,9,divida_latente_sobre_plano,-0.038470346464083094,-0.04684694754195973,-0.030093745386206457
7,9,taxa_falha_efetiva,0.013541666666666664,-0.045605086645958304,0.07268841997929162
7,9,fracao_porta1,0.0031249999999999993,-0.02070341051993599,0.026953410519935987
7,10,atraso_relativo,-0.12718862017219806,-0.3188789631431739,0.06450172279877778
7,10,taxa_omissao,-0.13958333333333334,-0.19725628099731907,-0.08191038566934761
7,10,divida_latente_sobre_plano,-0.013530125601051195,-0.01640050579852254,-0.010659745403579854
7,10,taxa_falha_efetiva,0.011458333333333329,-0.020280837100600253,0.04319750376726691
7,10,fracao_porta1,0.013541666666666667,0.003596521962655074,0.023486811370678262
7,12,atraso_relativo,-0.40549262960968774,-0.9121435131156932,0.10115825389631777
7,12,taxa_omissao,-0.05729166666666667,-0.095330551137192,-0.019252782196141356
7,12,divida_latente_sobre_plano,-0.01203574444469848,-0.021339842588640946,-0.0027316463007560146
7,12,taxa_falha_efetiva,0.03749999999999999,0.006402091031053023,0.06859790896894696
7,12,fracao_porta1,0.01770833333333333,-0.031125376552438248,0.06654204321910491
7,13,atraso_relativo,0.04125326236520542,-0.08543185571041566,0.16793838044082648
7,13,taxa_omissao,-0.06875,-0.10797417968226877,-0.02952582031773123
7,13,divida_latente_sobre_plano,-0.004873571226087985,-0.016744045522437093,0.006996903070261124
7,13,taxa_falha_efetiva,0.017708333333333333,0.0030070505877887663,0.0324096160788779
7,13,fracao_porta1,-0.005208333333333339,-0.03247783763168227,0.022061170965015597
7,15,atraso_relativo,-0.3107454738188181,-0.9758246581468728,0.35433371050923657
7,15,taxa_omissao,0.011458333333333334,-0.011106733524893303,0.03402340019155997
7,15,divida_latente_sobre_plano,0.00034538140734834523,-0.009762143835195724,0.010452906649892414
7,15,taxa_falha_efetiva,0.0010416666666666682,-0.04437167102679882,0.04645500436013216
7,15,fracao_porta1,-0.009375000000000005,-0.050379882076691876,0.03162988207669187
7,16,atraso_relativo,-0.03483026664772189,-0.2926241086712061,0.22296357537576234
7,16,taxa_omissao,0.018749999999999996,-0.006928253209506512,0.0444282532095065
7,16,divida_latente_sobre_plano,0.0077069955717104606,-0.0014123315655977355,0.016826322709018657
7,16,taxa_falha_efetiva,0.0031249999999999993,-0.04130983860750702,0.047559838607507024
7,16,fracao_porta1,-0.015625000000000003,-0.029293294025563955,-0.0019567059744360522
7,18,atraso_relativo,-0.49584601511593707,-0.8878376241065418,-0.10385440612533242
7,18,taxa_omissao,-0.15520833333333334,-0.21484849876750087,-0.0955681678991658
7,18,divida_latente_sobre_plano,-0.04461778503546301,-0.0729101160499111,-0.01632545402101492
7,18,taxa_falha_efetiva,-0.0010416666666666716,-0.07313920261308379,0.07105586927975044
7,18,fracao_porta1,-0.007291666666666672,-0.017236811370678264,0.0026534780373449196
7,19,atraso_relativo,-0.07464858686927602,-0.1907377903377804,0.041440616599228375
7,19,taxa_omissao,-0.14270833333333333,-0.1725437674453681,-0.11287289922129856
7,19,divida_latente_sobre_plano,-0.014862803509802198,-0.029769817761825412,4.4210742221016675e-05
7,19,taxa_falha_efetiva,0.007291666666666667,-0.03262680018437694,0.04721013351771028
7,19,fracao_porta1,-0.021875,-0.07070870988577158,0.02695870988577157
7,21,atraso_relativo,-0.45895340083656144,-0.8164556027979182,-0.1014511988752047
7,21,taxa_omissao,-0.05208333333333334,-0.08737471675471703,-0.016791949911949655
7,21,divida_latente_sobre_plano,-0.016416264657510306,-0.03233856528923727,-0.0004939640257833403
7,21,taxa_falha_efetiva,0.018749999999999996,-0.0347035466319118,0.0722035466319118
7,21,fracao_porta1,-0.020833333333333346,-0.07414964341882577,0.03248297675215907
7,22,atraso_relativo,-0.027942516314941948,-0.1814380385737404,0.1255530059438565
7,22,taxa_omissao,-0.059375000000000004,-0.08717664235207788,-0.03157335764792213
7,22,divida_latente_sobre_plano,-0.0055282531429500965,-0.015014997727299546,0.003958491441399353
7,22,taxa_falha_efetiva,0.015624999999999995,-0.02913838162907688,0.060388381629076865
7,22,fracao_porta1,-0.018750000000000003,-0.08494037084712008,0.04744037084712008
7,24,atraso_relativo,-0.28525309659841563,-0.529369260051531,-0.041136933145300286
7,24,taxa_omissao,0.007291666666666667,-0.009283574506685975,0.02386690784001931
7,24,divida_latente_sobre_plano,6.633867607731174e-05,-0.0063746533454114174,0.00650733069756604
7,24,taxa_falha_efetiva,0.004166666666666666,-0.06366368117884515,0.07199701451217848
7,24,fracao_porta1,-0.025000000000000005,-0.06131453394693456,0.011314533946934557
7,25,atraso_relativo,0.02929560331633292,-0.17667267318436425,0.23526387981703012
7,25,taxa_omissao,0.008333333333333333,-0.014633994554630146,0.031300661221296815
7,25,divida_latente_sobre_plano,0.007055345444030871,0.0023930545507536774,0.011717636337308065
7,25,taxa_falha_efetiva,0.007291666666666663,-0.07938696657338887,0.0939702999067222
7,25,fracao_porta1,-0.021875000000000006,-0.07770839091517892,0.0339583909151789
8,0,atraso_relativo,-0.48171553359457175,-0.9076119782268353,-0.05581908896230825
8,0,taxa_omissao,-0.159375,-0.20850784720024765,-0.11024215279975233
8,0,divida_latente_sobre_plano,-0.049859172567864755,-0.061423960223880185,-0.038294384911849326
8,0,taxa_falha_efetiva,-0.005208333333333334,-0.0893130518004703,0.07889638513380365
8,0,fracao_porta1,0.030208333333333334,-0.05680773625128087,0.11722440291794754
8,1,atraso_relativo,-0.061098756499803106,-0.22359792978484594,0.10140041678523974
8,1,taxa_omissao,-0.14166666666666666,-0.17459540416784686,-0.10873792916548647
8,1,divida_latente_sobre_plano,-0.01906161222876232,-0.0326761580788351,-0.0054470663786895385
8,1,taxa_falha_efetiva,0.013541666666666662,-0.057532431467386444,0.08461576480071976
8,1,fracao_porta1,0.018750000000000006,-0.04403203087629133,0.08153203087629134
8,2,atraso_relativo,0.08884697980387171,-0.06480025432378436,0.24249421393152779
8,2,taxa_omissao,-0.13541666666666669,-0.1857646722555974,-0.08506866107773596
8,2,divida_latente_sobre_plano,-0.013902025225939191,-0.027617998919107187,-0.0001860515327711948
8,2,taxa_falha_efetiva,0.024999999999999994,-0.057986633904907284,0.10798663390490727
8,2,fracao_porta1,-0.0010416666666666595,-0.06563550415689197,0.06355217082355864
8,3,atraso_relativo,-0.450382930632207,-0.8508508812828737,-0.04991497998154032
8,3,taxa_omissao,-0.09687499999999999,-0.15476982846894544,-0.038980171531054535
8,3,divida_latente_sobre_plano,-0.026405850684709475,-0.04581542295548239,-0.00699627841393656
8,3,taxa_falha_efetiva,-0.010416666666666671,-0.07638529360465976,0.05555196027132642
8,3,fracao_porta1,0.0031249999999999993,-0.08991315410559289,0.0961631541055929
8,4,atraso_relativo,-0.045636734543804805,-0.10254492835863707,0.011271459271027462
8,4,taxa_omissao,-0.07395833333333333,-0.08650890339106729,-0.06140776327559938
8,4,divida_latente_sobre_plano,-0.015269866984848971,-0.025824274245329813,-0.004715459724368131
8,4,taxa_falha_efetiva,0.0020833333333333294,-0.053255801255998866,0.05742246792266553
8,4,fracao_porta1,0.0010416666666666664,-0.08341077304958269,0.08549410638291602
8,5,atraso_relativo,0.02094949472288278,-0.19044667854638686,0.2323456679921524
8,5,taxa_omissao,-0.07604166666666666,-0.10164849205155446,-0.05043484128177886
8,5,divida_latente_sobre_plano,-0.009374274319312403,-0.020896932319390226,0.00214838368076542
8,5,taxa_falha_efetiva,0.01666666666666666,-0.07294189355990482,0.10627522689323815
8,5,fracao_porta1,0.019791666666666673,-0.04296118362200311,0.08254451695533646
8,6,atraso_relativo,-0.28683659008988804,-0.662207574075435,0.08853439389565892
8,6,taxa_omissao,-0.0020833333333333346,-0.014779001506906772,0.010612334840240102
8,6,divida_latente_sobre_plano,-0.005358261337630646,-0.011066685021409273,0.000350162346147982
8,6,taxa_falha_efetiva,0.010416666666666664,-0.061706269152282785,0.08253960248561612
8,6,fracao_porta1,0.0031250000000000062,-0.08027992705623364,0.08652992705623365
8,7,atraso_relativo,-0.032454769347352475,-0.10519026447154192,0.04028072577683697
8,7,taxa_omissao,-0.008333333333333333,-0.02043817798231152,0.003771511315644854
8,7,divida_latente_sobre_plano,-0.006559942535472282,-0.01664036835908194,0.0035204832881373747
8,7,taxa_falha_efetiva,-0.0031249999999999993,-0.03709413604745018,0.03084413604745018
8,7,fracao_porta1,0.00104166666666667,-0.04749106217081503,0.04957439550414837
8,9,atraso_relativo,-0.8310858846462562,-1.1312666913872356,-0.530905077905277
8,9,taxa_omissao,-0.15104166666666669,-0.19987537655243828,-0.10220795678089509
8,9,divida_latente_sobre_plano,-0.045030288999555385,-0.06335812085175697,-0.026702457147353798
8,9,taxa_falha_efetiva,0.010416666666666666,-0.07087527392594621,0.09170860725927955
8,9,fracao_porta1,0.004166666666666669,-0.04859712788548834,0.05693046121882167
8,10,atraso_relativo,-0.15964338951955054,-0.39906796951355905,0.07978119047445797
8,10,taxa_omissao,-0.14791666666666667,-0.20218634517976922,-0.09364698815356412
8,10,divida_latente_sobre_plano,-0.020090068136523476,-0.03258738231133701,-0.00759275396170994
8,10,taxa_falha_efetiva,0.008333333333333331,-0.046607194857642906,0.06327386152430957
8,10,fracao_porta1,0.014583333333333337,-0.04232231255411179,0.07148897922077846
8,11,atraso_relativo,0.012389151249108846,-0.02564386234531984,0.05042216484353753
8,11,taxa_omissao,-0.15104166666666666,-0.18087710077870142,-0.12120623255463188
8,11,divida_latente_sobre_plano,-0.016522131796298432,-0.027378475145787628,-0.005665788446809237
8,11,taxa_falha_efetiva,-0.0031250000000000062,-0.06025550678108045,0.054005506781080445
8,11,fracao_porta1,-0.010416666666666661,-0.06522368183357632,0.044390348500242996
8,12,atraso_relativo,-0.43794739895704016,-0.9461995887851757,0.07030479087109542
8,12,taxa_omissao,-0.06562500000000002,-0.1044266447763794,-0.02682335522362063
8,12,divida_latente_sobre_plano,-0.01859568698017076,-0.0334093056737106,-0.0037820682866309234
8,12,taxa_falha_efetiva,0.03437499999999999,-0.023519828468945465,0.09226982846894544
8,12,fracao_porta1,0.01875,-0.05713492257525672,0.09463492257525673
8,13,atraso_relativo,0.008798493017852946,-0.06526070736266229,0.08285769339836818
8,13,taxa_omissao,-0.07708333333333334,-0.12443169274346715,-0.02973497392319953
8,13,divida_latente_sobre_plano,-0.011433513761560267,-0.03225400972488887,0.009386982201768338
8,13,taxa_falha_efetiva,0.01458333333333333,-0.023886464770589026,0.053053131437255686
8,13,fracao_porta1,-0.004166666666666669,-0.06272209320457144,0.05438875987123809
8,14,atraso_relativo,0.03036903675785088,-0.05462130228211924,0.115359375797821
8,14,taxa_omissao,-0.07291666666666666,-0.09742710897808105,-0.04840622435525226
8,14,divida_latente_sobre_plano,-0.008636994928524556,-0.020375663685079176,0.003101673828030064
8,14,taxa_falha_efetiva,0.004166666666666664,-0.04425271192924608,0.052586045262579414
8,14,fracao_porta1,0.003124999999999996,-0.07741998502410183,0.08366998502410183
8,15,atraso_relativo,-0.34320024316617065,-1.0410885799136398,0.35468809358129844
8,15,taxa_omissao,0.003125,-0.02767701347710772,0.03392701347710772
8,15,divida_latente_sobre_plano,-0.006214561128123936,-0.02209725447678533,0.00966813222053746
8,15,taxa_falha_efetiva,-0.002083333333333333,-0.06486536420962466,0.060698697542958
8,15,fracao_porta1,-0.008333333333333335,-0.07351991673284108,0.05685325006617442
8,16,atraso_relativo,-0.06728503599507436,-0.3256529571498955,0.1910828851597468
8,16,taxa_omissao,0.010416666666666666,-0.017450778481251865,0.0382841118145852
8,16,divida_latente_sobre_plano,0.0011470530362381792,-0.007409086883640337,0.009703192956116696
8,16,taxa_falha_efetiva,0.0,-0.06243096364592517,0.06243096364592517
8,16,fracao_porta1,-0.014583333333333334,-0.07044951919460887,0.0412828525279422
8,17,atraso_relativo,-0.0363707604831915,-0.20630895070722538,0.1335674297408424
8,17,taxa_omissao,0.007291666666666668,-0.01591367097602703,0.03049700430936037
8,17,divida_latente_sobre_plano,8.975070176104943e-05,-0.006862652048241274,0.007042153451763372
8,17,taxa_falha_efetiva,-0.004166666666666671,-0.057757098405248126,0.04942376507191478
8,17,fracao_porta1,-0.014583333333333337,-0.07123090239919988,0.0420642357325332
8,18,atraso_relativo,-0.5283007844632895,-0.9426789837010108,-0.11392258522556825
8,18,taxa_omissao,-0.1635416666666667,-0.22722166376570024,-0.09986166956763316
8,18,divida_latente_sobre_plano,-0.05117772757093529,-0.08462203404394679,-0.017733421097923793
8,18,taxa_falha_efetiva,-0.004166666666666669,-0.1098330166318437,0.10149968329851036
8,18,fracao_porta1,-0.006250000000000002,-0.049047088682510856,0.036547088682510845
8,19,atraso_relativo,-0.10710335621662849,-0.21335685982488353,-0.000849852608373447
8,19,taxa_omissao,-0.15104166666666666,-0.18501080271411685,-0.11707253061921646
8,19,divida_latente_sobre_plano,-0.021422746045274478,-0.046064140734467025,0.003218648643918069
8,19,taxa_falha_efetiva,0.0041666666666666675,-0.06409435438073262,0.07242768771406595
8,19,fracao_porta1,-0.02083333333333333,-0.11782328305624284,0.07615661638957619
8,20,atraso_relativo,-0.050357068520263434,-0.1726036502703599,0.07188951322983302
8,20,taxa_omissao,-0.15625,-0.1976549391802232,-0.1148450608197768
8,20,divida_latente_sobre_plano,-0.015070060653698567,-0.026330031271525944,-0.00381009003587119
8,20,taxa_falha_efetiva,-0.002083333333333331,-0.0723540156694804,0.06818734900281374
8,20,fracao_porta1,-0.017708333333333333,-0.07221374845065254,0.03679708178398588
8,21,atraso_relativo,-0.4914081701839139,-0.9110621282057076,-0.07175421216212025
8,21,taxa_omissao,-0.06041666666666668,-0.09888646477058904,-0.021946868562744318
8,21,divida_latente_sobre_plano,-0.022976207192982587,-0.041956928947045,-0.003995485438920168
8,21,taxa_falha_efetiva,0.015624999999999997,-0.06345123530600932,0.09470123530600932
8,21,fracao_porta1,-0.019791666666666676,-0.08639581756486707,0.04681248423153371
8,22,atraso_relativo,-0.06039728566229442,-0.15098600597068917,0.03019143464610033
8,22,taxa_omissao,-0.06770833333333333,-0.10252949226580624,-0.032887174400860426
8,22,divida_latente_sobre_plano,-0.012088195678422377,-0.023977289347261226,-0.00019910200958352803
8,22,taxa_falha_efetiva,0.012499999999999995,-0.05808276684276738,0.08308276684276737
8,22,fracao_porta1,-0.017708333333333333,-0.11323312259820906,0.07781645593154238
8,23,atraso_relativo,-0.0036347328786586752,-0.09964902142940572,0.09237955567208837
8,23,taxa_omissao,-0.07395833333333333,-0.11199721780385866,-0.03591944886280802
8,23,divida_latente_sobre_plano,-0.008305809208722065,-0.024270089341167284,0.007658470923723154
8,23,taxa_falha_efetiva,0.0020833333333333294,-0.04464199420153632,0.048808660868202985
8,23,fracao_porta1,-0.026041666666666664,-0.07209578858915143,0.0200124552558181
8,24,atraso_relativo,-0.3177078659457681,-0.5024853640165943,-0.1329303678749419
8,24,taxa_omissao,-0.0010416666666666673,-0.024870077186602665,0.022786743853269332
8,24,divida_latente_sobre_plano,-0.006493603859394971,-0.020585702756985676,0.007598495038195735
8,24,taxa_falha_efetiva,0.0010416666666666647,-0.08813662246410635,0.09021995579743967
8,24,fracao_porta1,-0.023958333333333335,-0.10576684622838017,0.05785017956171351
8,25,atraso_relativo,-0.003159166031019553,-0.17016638819227786,0.16384805613023878
8,25,taxa_omissao,0.0,-0.029152326340451732,0.029152326340451732
8,25,divida_latente_sobre_plano,0.0004954029085585898,-0.007332021494442698,0.008322827311559878
8,25,taxa_falha_efetiva,0.004166666666666666,-0.10769676946660034,0.11603010279993367
8,25,fracao_porta1,-0.020833333333333332,-0.12297412437728299,0.08130745771061633
8,26,atraso_relativo,-0.01695143033058634,-0.12277401284672891,0.08887115218555623
8,26,taxa_omissao,-0.0020833333333333337,-0.022697140976029966,0.0185304743093633
8,26,divida_latente_sobre_plano,0.002067928955896417,-0.006586428998368193,0.010722286910161027
8,26,taxa_falha_efetiva,0.0,-0.09218775032834872,0.09218775032834872
8,26,fracao_porta1,-0.020833333333333332,-0.13386951081071496,0.09220284414404831
9,18,atraso_relativo,0.3027851001829667,-0.20847394196412655,0.81404414233006
9,18,taxa_omissao,-0.012499999999999995,-0.05039415768906573,0.025394157689065736
9,18,divida_latente_sobre_plano,-0.006147438571379914,-0.03431844480145747,0.02202356765869765
9,18,taxa_falha_efetiva,-0.014583333333333337,-0.07148897922077845,0.04232231255411177
9,18,fracao_porta1,-0.010416666666666671,-0.03370080024966296,0.012867466916329617
10,9,atraso_relativo,-0.6714424951267057,-0.8960637838179915,-0.44682120643541995
10,9,taxa_omissao,-0.0031249999999999993,-0.0565442705484694,0.05029427054846941
10,9,divida_latente_sobre_plano,-0.0249402208630319,-0.031793184465807006,-0.01808725726025679
10,9,taxa_falha_efetiva,0.0020833333333333346,-0.06432804103638184,0.06849470770304852
10,9,fracao_porta1,-0.010416666666666668,-0.04031342753223478,0.019480094198901447
10,18,atraso_relativo,-0.36865739494373895,-0.9021248136843303,0.1648100237968524
10,18,taxa_omissao,-0.015624999999999997,-0.05662988207669184,0.02537988207669185
10,18,divida_latente_sobre_plano,-0.03108765943441181,-0.057510634169691835,-0.004664684699131786
10,18,taxa_falha_efetiva,-0.012500000000000004,-0.07989692265417445,0.05489692265417443
10,18,fracao_porta1,-0.02083333333333334,-0.03707368662864724,-0.004592980038019438
10,19,atraso_relativo,0.05254003330292205,-0.23838157313484548,0.3434616397406896
10,19,taxa_omissao,-0.0031249999999999976,-0.04230245640221566,0.03605245640221567
10,19,divida_latente_sobre_plano,-0.0013326779087509991,-0.01353214128723115,0.010866785469729152
10,19,taxa_falha_efetiva,-0.004166666666666662,-0.0580298250100347,0.04969649167670137
10,19,fracao_porta1,-0.035416666666666666,-0.07786999806602232,0.007036664732688998
11,9,atraso_relativo,-0.8434750358953651,-1.1061107787751538,-0.5808392930155762
11,9,taxa_omissao,0.0,-0.046881861733920484,0.046881861733920484
11,9,divida_latente_sobre_plano,-0.02850815720325694,-0.0404745363311451,-0.016541778075368777
11,9,taxa_falha_efetiva,0.01354166666666667,-0.0321931853966768,0.05927651873001015
11,9,fracao_porta1,0.01458333333333333,-0.028213755349177534,0.057380422015844194
11,10,atraso_relativo,-0.1720325407686594,-0.3897446996232421,0.045679618085923274
11,10,taxa_omissao,0.003125,-0.02814910249773932,0.03439910249773932
11,10,divida_latente_sobre_plano,-0.003567936340225044,-0.009478254982997971,0.002342382302547883
11,10,taxa_falha_efetiva,0.011458333333333336,-0.010447756904795854,0.03336442357146253
11,10,fracao_porta1,0.024999999999999998,0.00548152448736507,0.04451847551263492
11,18,atraso_relativo,-0.5406899357123984,-0.9510489145100192,-0.1303309569147777
11,18,taxa_omissao,-0.012499999999999997,-0.05443241189951693,0.02943241189951694
11,18,divida_latente_sobre_plano,-0.03465559577463685,-0.058075314598438135,-0.011235876950835565
11,18,taxa_falha_efetiva,-0.0010416666666666664,-0.06117119550737214,0.059087862174038816
11,18,fracao_porta1,0.004166666666666659,-0.01748713772708518,0.025820471060418498
11,19,atraso_relativo,-0.11949250746573734,-0.2180208312610818,-0.020964183670392864
11,19,taxa_omissao,1.734723475976807e-18,-0.020966205949758468,0.020966205949758475
11,19,divida_latente_sobre_plano,-0.004900614248976044,-0.020708120472209074,0.010906891974256988
11,19,taxa_falha_efetiva,0.007291666666666674,-0.03262680018437694,0.04721013351771029
11,19,fracao_porta1,-0.010416666666666668,-0.06732231255411178,0.04648897922077844
11,20,atraso_relativo,-0.06274621976937228,-0.15463353478086564,0.02914109524212108
11,20,taxa_omissao,-0.005208333333333329,-0.0540420432191049,0.04362537655243824
11,20,divida_latente_sobre_plano,0.001452071142599867,-0.0019391588246505682,0.004843301109850302
11,20,taxa_falha_efetiva,0.0010416666666666751,-0.054264360450608944,0.0563476937839423
11,20,fracao_porta1,-0.007291666666666672,-0.04684136379499736,0.032258030461664006
12,9,atraso_relativo,-0.39313848568921606,-1.1165578931004077,0.33028092172197543
12,9,taxa_omissao,-0.08541666666666667,-0.10455610657330291,-0.06627722676003042
12,9,divida_latente_sobre_plano,-0.026434602019384613,-0.039262114659127476,-0.013607089379641753
12,9,taxa_falha_efetiva,-0.02395833333333333,-0.06161004350653518,0.013693376839868515
12,9,fracao_porta1,-0.01458333333333333,-0.05267033785405366,0.023503671187387
12,18,atraso_relativo,-0.09035338550624929,-0.3831053082324387,0.20239853721994017
12,18,taxa_omissao,-0.09791666666666665,-0.12781342753223476,-0.06801990580109854
12,18,divida_latente_sobre_plano,-0.03258204059076453,-0.054981525950913865,-0.01018255523061519
12,18,taxa_falha_efetiva,-0.03854166666666666,-0.09384769378394228,0.01676436045060896
12,18,fracao_porta1,-0.025,-0.06931100695399514,0.01931100695399514
12,21,atraso_relativo,-0.05346077122687366,-0.4961992462368506,0.3892777037831033
12,21,taxa_omissao,0.005208333333333331,-0.0173567335248933,0.027773400191559966
12,21,divida_latente_sobre_plano,-0.004380520212811826,-0.01899683569018505,0.0102357952645614
12,21,taxa_falha_efetiva,-0.018749999999999996,-0.0523395807150729,0.014839580715072909
12,21,fracao_porta1,-0.038541666666666675,-0.07580217962840159,-0.001281153704931759
13,9,atraso_relativo,-0.8398843776641092,-1.1248852807702014,-0.5548834745580169
13,9,taxa_omissao,-0.07395833333333333,-0.1221882028709689,-0.02572846379569777
13,9,divida_latente_sobre_plano,-0.03359677523799511,-0.04266131018113582,-0.024532240294854405
13,9,taxa_falha_efetiva,-0.004166666666666666,-0.05523706218864148,0.04690372885530815
13,9,fracao_porta1,0.008333333333333338,-0.007907019961980531,0.024573686628647208
13,10,atraso_relativo,-0.1684418825374035,-0.4507557946182893,0.1138720295434823
13,10,taxa_omissao,-0.07083333333333333,-0.12074288640276312,-0.020923780263903548
13,10,divida_latente_sobre_plano,-0.008656554374963212,-0.018215932401446925,0.0009028236515205013
13,10,taxa_falha_efetiva,-0.00625,-0.05006218047625837,0.037562180476258374
13,10,fracao_porta1,0.018750000000000006,-0.014400482346705292,0.0519004823467053
13,12,atraso_relativo,-0.4467458919748931,-0.9608127258003051,0.06732094185051885
13,12,taxa_omissao,0.01145833333333333,-0.025007197248042488,0.04792386391470915
13,12,divida_latente_sobre_plano,-0.007162173218610495,-0.017854263231662615,0.0035299167944416246
13,12,taxa_falha_efetiva,0.01979166666666666,-0.013303518756893389,0.052886852090226706
13,12,fracao_porta1,0.02291666666666667,-0.029148238822098736,0.07498157215543208
13,18,atraso_relativo,-0.5370992774811424,-0.9383822521184735,-0.13581630284381135
13,18,taxa_omissao,-0.08645833333333335,-0.1195535187568934,-0.05336314790977329
13,18,divida_latente_sobre_plano,-0.03974421380937502,-0.05889120632149336,-0.020597221297256673
13,18,taxa_falha_efetiva,-0.018750000000000003,-0.08902068233614706,0.05152068233614705
13,18,fracao_porta1,-0.002083333333333333,-0.03388015898360355,0.029713492316936888
13,19,atraso_relativo,-0.11590184923448144,-0.20052986562699782,-0.03127383284196504
13,19,taxa_omissao,-0.07395833333333333,-0.09778674385326934,-0.05012992281339733
13,19,divida_latente_sobre_plano,-0.00998923228371421,-0.017760902348492945,-0.002217562218935476
13,19,taxa_falha_efetiva,-0.010416666666666663,-0.041278086203741154,0.020444752870407833
13,19,fracao_porta1,-0.01666666666666666,-0.06508604526257943,0.0317527119292461
13,21,atraso_relativo,-0.5002066632017668,-0.955493225805539,-0.04492010059799456
13,21,taxa_omissao,0.016666666666666663,-0.028300835408358177,0.0616341687416915
13,21,divida_latente_sobre_plano,-0.011542693431422318,-0.033573876000856075,0.01048848913801144
13,21,taxa_falha_efetiva,0.0010416666666666664,-0.04437167102679883,0.046455004360132154
13,21,fracao_porta1,-0.015625000000000007,-0.05590886089407329,0.02465886089407328
13,22,atraso_relativo,-0.06919577868014737,-0.1790040072352741,0.040612449874979376
13,22,taxa_omissao,0.009374999999999998,-0.04064452651103788,0.05939452651103788
13,22,divida_latente_sobre_plano,-0.0006546819168621106,-0.016632221606261047,0.015322857772536825
13,22,taxa_falha_efetiva,-0.0020833333333333363,-0.03737471675471703,0.03320805008805035
13,22,fracao_porta1,-0.013541666666666664,-0.06777758487882667,0.040694251545493346
14,9,atraso_relativo,-0.8614549214041072,-1.1201511964239699,-0.6027586463842446
14,9,taxa_omissao,-0.07812500000000001,-0.10696147383199288,-0.04928852616800715
14,9,divida_latente_sobre_plano,-0.03639329407103081,-0.044476779000710356,-0.028309809141351273
14,9,taxa_falha_efetiva,0.00625,-0.0347995254019191,0.0472995254019191
14,9,fracao_porta1,0.0010416666666666734,-0.027794807165326188,0.029878140498659535
14,10,atraso_relativo,-0.19001242627740145,-0.4147475967599278,0.03472274420512486
14,10,taxa_omissao,-0.07500000000000001,-0.12967317610225582,-0.020326823897744213
14,10,divida_latente_sobre_plano,-0.011453073207998921,-0.015929193144088853,-0.006976953271908988
14,10,taxa_falha_efetiva,0.004166666666666667,-0.03133170611565541,0.03966503944898874
14,10,fracao_porta1,0.011458333333333341,-0.026580551137191953,0.049497217803858636
14,11,atraso_relativo,-0.017979885508742036,-0.0924311163311272,0.05647134531364313
14,11,taxa_omissao,-0.078125,-0.11730245640221566,-0.03894754359778434
14,11,divida_latente_sobre_plano,-0.007885136867773878,-0.01726496774937201,0.0014946940138242555
14,11,taxa_falha_efetiva,-0.00729166666666667,-0.02554952868677085,0.010966195353437508
14,11,fracao_porta1,-0.013541666666666657,-0.06585224547009662,0.03876891213676331
14,12,atraso_relativo,-0.46831643571489107,-1.0569730137655753,0.1203401423357931
14,12,taxa_omissao,0.007291666666666661,-0.019977837631682285,0.034561170965015604
14,12,divida_latente_sobre_plano,-0.009958692051646206,-0.02001430033422718,9.691623093476855e-05
14,12,taxa_falha_efetiva,0.030208333333333327,0.012771473732190015,0.04764519293447664
14,12,fracao_porta1,0.015625000000000003,-0.01834413604745019,0.049594136047450194
14,13,atraso_relativo,-0.021570543739997936,-0.11283713235609157,0.0696960448760957
14,13,taxa_omissao,-0.004166666666666671,-0.05580769884420263,0.04747436551086928
14,13,divida_latente_sobre_plano,-0.0027965188330357116,-0.016385860449758666,0.010792822783687242
14,13,taxa_falha_efetiva,0.010416666666666668,-0.02317291404840625,0.04400624738173958
14,13,fracao_porta1,-0.007291666666666665,-0.03903083710060028,0.024447503767266943
14,18,atraso_relativo,-0.5586698212211404,-1.0370439231260538,-0.08029571931622709
14,18,taxa_omissao,-0.090625,-0.146980819989399,-0.03426918001060101
14,18,divida_latente_sobre_plano,-0.042540732642410733,-0.07322471658089076,-0.01185674870393071
14,18,taxa_falha_efetiva,-0.008333333333333337,-0.0803546159152668,0.06368794924860013
14,18,fracao_porta1,-0.009374999999999998,-0.051785165825001464,0.03303516582500146
14,19,atraso_relativo,-0.13747239297447938,-0.29709920230572295,0.022154416356764156
14,19,taxa_omissao,-0.078125,-0.10844757544221378,-0.04780242455778621
14,19,divida_latente_sobre_plano,-0.012785751116749924,-0.027167576349966686,0.0015960741164668373
14,19,taxa_falha_efetiva,3.469446951953614e-18,-0.04014722784620196,0.04014722784620198
14,19,fracao_porta1,-0.023958333333333325,-0.055697503767266905,0.007780837100600256
14,20,atraso_relativo,-0.08072610527811432,-0.15199489975621544,-0.009457310800013191
14,20,taxa_omissao,-0.08333333333333334,-0.12199310690424472,-0.04467355976242196
14,20,divida_latente_sobre_plano,-0.006433065725174011,-0.013862350290632798,0.0009962188402847768
14,20,taxa_falha_efetiva,-0.006249999999999995,-0.0583149054887654,0.045814905488765406
14,20,fracao_porta1,-0.02083333333333333,-0.07015221999959813,0.02848555333293147
14,21,atraso_relativo,-0.5217772069417648,-1.005672485039605,-0.037881928843924606
14,21,taxa_omissao,0.012499999999999994,-0.007018475512634941,0.032018475512634925
14,21,divida_latente_sobre_plano,-0.01433921226445803,-0.026774710495418574,-0.0019037140334974868
14,21,taxa_falha_efetiva,0.011458333333333333,-0.029546548743358513,0.05246321541002518
14,21,fracao_porta1,-0.022916666666666672,-0.0643216058468899,0.018488272513556548
14,22,atraso_relativo,-0.0907663224201453,-0.23548892853007425,0.05395628368978363
14,22,taxa_omissao,0.005208333333333329,-0.023115451199599936,0.03353211786626659
14,22,divida_latente_sobre_plano,-0.0034512007498978215,-0.012152344898576375,0.005249943398780733
14,22,taxa_falha_efetiva,0.008333333333333331,-0.02994554647993914,0.0466122131466058
14,22,fracao_porta1,-0.02083333333333333,-0.0533140399239611,0.011647373257294445
14,23,atraso_relativo,-0.034003769636509557,-0.19829558223626345,0.13028804296324434
14,23,taxa_omissao,-0.00104166666666667,-0.0606818321008342,0.05859849876750086
14,23,divida_latente_sobre_plano,0.00033118571980248965,-0.009729555712217746,0.010391927151822725
14,23,taxa_falha_efetiva,-0.0020833333333333346,-0.05125344473855878,0.04708677807189211
14,23,fracao_porta1,-0.02916666666666666,-0.07445884806326691,0.0161255147299336
15,9,atraso_relativo,-0.4878856414800856,-1.1935873403746102,0.217816057414439
15,9,taxa_omissao,-0.15416666666666667,-0.1843074867724726,-0.12402584656086076
15,9,divida_latente_sobre_plano,-0.038815727871431435,-0.05192639166516118,-0.025705064077701692
15,9,taxa_falha_efetiva,0.012499999999999995,-0.009820230677975663,0.034820230677975655
15,9,fracao_porta1,0.012500000000000004,-0.02539415768906573,0.05039415768906574
15,12,atraso_relativo,-0.0947471557908696,-0.5961307949132355,0.4066364833314963
15,12,taxa_omissao,-0.06875,-0.09442825320950651,-0.04307174679049349
15,12,divida_latente_sobre_plano,-0.012381125852046825,-0.016134169009108284,-0.008628082694985368
15,12,taxa_falha_efetiva,0.03645833333333332,0.010851507948445534,0.06206515871822111
15,12,fracao_porta1,0.027083333333333334,-0.047240807104960855,0.10140747377162752
15,18,atraso_relativo,-0.1851005412971189,-0.48674687494794316,0.11654579235370538
15,18,taxa_omissao,-0.16666666666666669,-0.20963460268989553,-0.12369873064343784
15,18,divida_latente_sobre_plano,-0.044963166442811356,-0.0642303362185862,-0.0256959966670365
15,18,taxa_falha_efetiva,-0.00208333333333334,-0.06980558493829359,0.0656389182716269
15,18,fracao_porta1,0.002083333333333333,-0.04557348770653868,0.04974015437320534
15,21,atraso_relativo,-0.14820792701774327,-0.6253845960879558,0.32896874205246934
15,21,taxa_omissao,-0.06354166666666668,-0.0833396572499436,-0.043743676083389756
15,21,divida_latente_sobre_plano,-0.01676164606485865,-0.03505584183285766,0.001532549703140356
15,21,taxa_falha_efetiva,0.017708333333333326,-0.008464457100384529,0.04388112376705118
15,21,fracao_porta1,-0.011458333333333341,-0.07035683055210232,0.04744016388543564
15,24,atraso_relativo,0.025492377220402526,-0.8491113387262439,0.900096093167049
15,24,taxa_omissao,-0.0041666666666666675,-0.013543039013450766,0.005209705680117431
15,24,divida_latente_sobre_plano,-0.0002790427312710337,-0.0058144791240890975,0.0052563936615470305
15,24,taxa_falha_efetiva,0.0031249999999999976,-0.04776575938492134,0.054015759384921334
15,24,fracao_porta1,-0.015625,-0.05249016476806302,0.021240164768063022
16,9,atraso_relativo,-0.7638008486511818,-0.8707430086341824,-0.6568586886681812
16,9,taxa_omissao,-0.16145833333333331,-0.18763112376705118,-0.13528554289961545
16,9,divida_latente_sobre_plano,-0.04617734203579355,-0.06265942662740583,-0.029695257444181274
16,9,taxa_falha_efetiva,0.010416666666666664,-0.010197140976029959,0.031030474309363287
16,9,fracao_porta1,0.018750000000000003,-0.003896090698300124,0.04139609069830013
16,10,atraso_relativo,-0.09235835352447617,-0.3205923072173526,0.13587560016840028
16,10,taxa_omissao,-0.15833333333333333,-0.1984805611795353,-0.11818610548713135
16,10,divida_latente_sobre_plano,-0.021237121172761657,-0.031091622524644168,-0.011382619820879146
16,10,taxa_falha_efetiva,0.00833333333333333,-0.04525709840524812,0.061923765071914785
16,10,fracao_porta1,0.02916666666666667,0.011212280552210654,0.04712105278112269
16,12,atraso_relativo,-0.37066236296196586,-1.0989377202189163,0.3576129942949845
16,12,taxa_omissao,-0.07604166666666667,-0.08859223672440064,-0.0634910966089327
16,12,divida_latente_sobre_plano,-0.019742740016408942,-0.028451776935439245,-0.01103370309737864
16,12,taxa_falha_efetiva,0.03437499999999999,0.008202209566282138,0.060547790433717844
16,12,fracao_porta1,0.03333333333333333,-0.020257098405248142,0.08692376507191481
16,13,atraso_relativo,0.07608352901292731,-0.1622979002747562,0.31446495830061083
16,13,taxa_omissao,-0.0875,-0.11859790896894697,-0.05640209103105302
16,13,divida_latente_sobre_plano,-0.012580566797798447,-0.027736567305254624,0.0025754337096577304
16,13,taxa_falha_efetiva,0.014583333333333332,-0.02350367118738697,0.05267033785405363
16,13,fracao_porta1,0.010416666666666664,-0.007124919759577155,0.027958253092910484
16,15,atraso_relativo,-0.2759152071710962,-1.0471559864081306,0.4953255720659382
16,15,taxa_omissao,-0.007291666666666666,-0.02386690784001931,0.00928357450668598
16,15,divida_latente_sobre_plano,-0.007361614164362116,-0.015876233430221348,0.0011530051014971157
16,15,taxa_falha_efetiva,-0.002083333333333331,-0.005911221314660574,0.0017445546479939117
16,15,fracao_porta1,0.006249999999999999,-0.022649920495783495,0.03514992049578349
16,18,atraso_relativo,-0.4610157484682151,-1.008770124290215,0.08673862735378485
16,18,taxa_omissao,-0.17395833333333333,-0.21082349810139633,-0.13709316856527032
16,18,divida_latente_sobre_plano,-0.052324780607173466,-0.07738808333333266,-0.027261477881014264
16,18,taxa_falha_efetiva,-0.004166666666666673,-0.07068826745973278,0.06235493412639944
16,18,fracao_porta1,0.008333333333333331,-0.013986897344642344,0.030653564011309007
16,19,atraso_relativo,-0.03981832022155413,-0.3169472764367817,0.23731063599367347
16,19,taxa_omissao,-0.16145833333333334,-0.16980102177223302,-0.15311564489443366
16,19,divida_latente_sobre_plano,-0.022569799081512656,-0.042758614735885866,-0.0023809834271394485
16,19,taxa_falha_efetiva,0.0041666666666666675,-0.025974153439139253,0.03430748677247259
16,19,fracao_porta1,-0.006249999999999995,-0.04904708868251084,0.03654708868251086
16,21,atraso_relativo,-0.4241231341888395,-0.9699630330594866,0.12171676468180759
16,21,taxa_omissao,-0.07083333333333333,-0.09248713772708518,-0.04917952893958148
16,21,divida_latente_sobre_plano,-0.024123260229220764,-0.04339114103622645,-0.004855379422215082
16,21,taxa_falha_efetiva,0.015624999999999997,-0.008203410519935995,0.03945341051993599
16,21,fracao_porta1,-0.005208333333333343,-0.057798276359971396,0.04738160969330471
16,22,atraso_relativo,0.0068877503327799405,-0.32469022659165747,0.33846572725721735
16,22,taxa_omissao,-0.078125,-0.1133644461107963,-0.0428855538892037
16,22,divida_latente_sobre_plano,-0.013235248714660556,-0.02247214562149229,-0.003998351807828822
16,22,taxa_falha_efetiva,0.012499999999999995,-0.01109668627389033,0.03609668627389032
16,22,fracao_porta1,-0.0031249999999999993,-0.06680499709903354,0.06055499709903353
16,24,atraso_relativo,-0.2504228299506937,-0.5636030151298869,0.06275735522849946
16,24,taxa_omissao,-0.01145833333333333,-0.024008903391067288,0.0010922367244006245
16,24,divida_latente_sobre_plano,-0.00764065689563315,-0.01628291108041571,0.0010015972891494092
16,24,taxa_falha_efetiva,0.0010416666666666664,-0.04626799362837042,0.04835132696170376
16,24,fracao_porta1,-0.009375000000000001,-0.03554779043371786,0.016797790433717864
16,25,atraso_relativo,0.06412586996405481,-0.16811394204501948,0.29636568197312907
16,25,taxa_omissao,-0.010416666666666664,-0.02795825309291048,0.007124919759577152
16,25,divida_latente_sobre_plano,-0.0006516501276795899,-0.005857609231282685,0.004554308975923504
16,25,taxa_falha_efetiva,0.004166666666666664,-0.0582642969792585,0.06659763031259183
16,25,fracao_porta1,-0.006250000000000002,-0.0615891345893322,0.0490891345893322
17,9,atraso_relativo,-0.7947151241630648,-0.995416583402798,-0.5940136649233315
17,9,taxa_omissao,-0.15833333333333335,-0.1962274910223991,-0.12043917564426762
17,9,divida_latente_sobre_plano,-0.04512003970131642,-0.06312992941709315,-0.027110149985539695
17,9,taxa_falha_efetiva,0.014583333333333335,-0.02501264783322049,0.054179314499887166
17,9,fracao_porta1,0.018750000000000006,-0.0018638076426966167,0.03936380764269663
17,10,atraso_relativo,-0.12327262903635904,-0.3717198503709897,0.1251745922982716
17,10,taxa_omissao,-0.15520833333333334,-0.20157952696522372,-0.10883713970144296
17,10,divida_latente_sobre_plano,-0.020179818838284527,-0.03163057031713014,-0.008729067359438918
17,10,taxa_falha_efetiva,0.012500000000000002,-0.05313460642748868,0.07813460642748868
17,10,fracao_porta1,0.029166666666666674,0.014844021325590378,0.04348931200774297
17,11,atraso_relativo,0.04875991173230035,-0.0969925207334314,0.1945123441980321
17,11,taxa_omissao,-0.15833333333333333,-0.17708607802690154,-0.1395805886397651
17,11,divida_latente_sobre_plano,-0.016611882498059484,-0.02345290844160533,-0.009770856554513638
17,11,taxa_falha_efetiva,0.0010416666666666647,-0.050988047939072585,0.05307138127240591
17,11,fracao_porta1,0.004166666666666676,-0.028762070834513504,0.03709540416784686
17,12,atraso_relativo,-0.4015766384738487,-1.0530556015786363,0.24990232463093875
17,12,taxa_omissao,-0.07291666666666667,-0.09859491987617319,-0.04723841345716016
17,12,divida_latente_sobre_plano,-0.01868543768193181,-0.029765953104558797,-0.007604922259304821
17,12,taxa_falha_efetiva,0.03854166666666666,-0.005893171940840346,0.08297650527417366
17,12,fracao_porta1,0.03333333333333334,-0.015387726552608325,0.082054393219275
17,13,atraso_relativo,0.04516925350104445,-0.0947592278275334,0.1850977348296223
17,13,taxa_omissao,-0.084375,-0.10940306531669908,-0.059346934683300934
17,13,divida_latente_sobre_plano,-0.011523264463321317,-0.028800971656637524,0.005754442729994889
17,13,taxa_falha_efetiva,0.018750000000000003,-0.008045215869290724,0.04554521586929073
17,13,fracao_porta1,0.010416666666666668,-0.008722773239969561,0.029556106573302897
17,14,atraso_relativo,0.06673979724104238,-0.029034566903051826,0.16251416138513658
17,14,taxa_omissao,-0.08020833333333333,-0.10904480716532619,-0.05137185950134047
17,14,divida_latente_sobre_plano,-0.008726745630285606,-0.021750763117757737,0.004297271857186525
17,14,taxa_falha_efetiva,0.008333333333333335,-0.03289428195205993,0.04956094861872659
17,14,fracao_porta1,0.017708333333333333,-0.014030837100600255,0.04944750376726692
17,15,atraso_relativo,-0.3068294826829791,-1.0685627949843568,0.45490382961839865
17,15,taxa_omissao,-0.0041666666666666675,-0.01848931200774295,0.010155978674409614
17,15,divida_latente_sobre_plano,-0.006304311829884986,-0.017301045645685447,0.004692421985915476
17,15,taxa_falha_efetiva,0.00208333333333334,-0.03236765849861188,0.03653432516527856
17,15,fracao_porta1,0.006250000000000002,-0.027339580715072916,0.03983958071507292
17,16,atraso_relativo,-0.03091427551188286,-0.14703704073669716,0.08520848971293143
17,16,taxa_omissao,0.0031249999999999976,-0.010543294025563952,0.016793294025563947
17,16,divida_latente_sobre_plano,0.00105730233447713,-0.0014385802740645,0.00355318494301876
17,16,taxa_falha_efetiva,0.004166666666666671,-0.026931242302280306,0.03526457563561365
17,16,fracao_porta1,3.469446951953614e-18,-0.005413451098437956,0.005413451098437963
17,18,atraso_relativo,-0.491930023980098,-0.999542030509973,0.01568198254977704
17,18,taxa_omissao,-0.17083333333333334,-0.214140942120837,-0.12752572454582967
17,18,divida_latente_sobre_plano,-0.05126747827269633,-0.07823614167452314,-0.024298814870869517
17,18,taxa_falha_efetiva,-1.734723475976807e-18,-0.07636612538449658,0.07636612538449658
17,18,fracao_porta1,0.008333333333333335,-0.0111851421793016,0.02785180884596827
17,19,atraso_relativo,-0.07073259573343699,-0.27380578472203443,0.13234059325516045
17,19,taxa_omissao,-0.15833333333333333,-0.17265597867440963,-0.14401068799225702
17,19,divida_latente_sobre_plano,-0.021512496747035526,-0.043901011056847586,0.0008760175627765335
17,19,taxa_falha_efetiva,0.008333333333333338,-0.021807486772472576,0.03847415343913925
17,19,fracao_porta1,-0.006249999999999992,-0.04694100739632312,0.03444100739632314
17,20,atraso_relativo,-0.013986308037071932,-0.10228673645247535,0.07431412037833149
17,20,taxa_omissao,-0.16354166666666667,-0.19386424210888045,-0.13321909122445288
17,20,divida_latente_sobre_plano,-0.015159811355459615,-0.023397565147388808,-0.0069220575635304225
17,20,taxa_falha_efetiva,0.00208333333333334,-0.02242710897808105,0.02659377564474773
17,20,fracao_porta1,-0.003124999999999996,-0.02216850226036015,0.015918502260360158
17,21,atraso_relativo,-0.4550374097007224,-0.988581356694023,0.07850653729257828
17,21,taxa_omissao,-0.06770833333333334,-0.09754376744536811,-0.03787289922129858
17,21,divida_latente_sobre_plano,-0.02306595789474363,-0.04345813669150397,-0.002673779097983296
17,21,taxa_falha_efetiva,0.019791666666666666,-0.01786004350653518,0.05744337683986851
17,21,fracao_porta1,-0.005208333333333339,-0.055810348490625064,0.04539368182395838
17,22,atraso_relativo,-0.02402652517910292,-0.25073185577477475,0.2026788054165689
17,22,taxa_omissao,-0.075,-0.10792873750118018,-0.042071262498819824
17,22,divida_latente_sobre_plano,-0.012177946380183428,-0.022868346394164178,-0.0014875463662026786
17,22,taxa_falha_efetiva,0.016666666666666666,-0.011978624015485898,0.04531195734881923
17,22,fracao_porta1,-0.003124999999999996,-0.06349772307425275,0.05724772307425275
17,23,atraso_relativo,0.03273602760453283,-0.18950643847002818,0.2549784936790938
17,23,taxa_omissao,-0.08125,-0.1189503244092964,-0.0435496755907036
17,23,divida_latente_sobre_plano,-0.008395559910483116,-0.020655262803675925,0.003864142982709694
17,23,taxa_falha_efetiva,0.00625,-0.038554280113285745,0.05105428011328574
17,23,fracao_porta1,-0.011458333333333327,-0.0261596160788779,0.0032429494122112445
17,24,atraso_relativo,-0.2813371054625766,-0.4939425578168176,-0.0687316531083356
17,24,taxa_omissao,-0.008333333333333335,-0.013746784431771294,-0.002919882234895377
17,24,divida_latente_sobre_plano,-0.006583354561156019,-0.01717613774390754,0.004009428621595503
17,24,taxa_falha_efetiva,0.005208333333333337,-0.03165683143472966,0.04207349810139633
17,24,fracao_porta1,-0.009374999999999998,-0.036101773315955904,0.01735177331595591
17,25,atraso_relativo,0.03321159445217195,-0.11423593140158861,0.1806591203059325
17,25,taxa_omissao,-0.007291666666666667,-0.026335168927026815,0.011751835593693484
17,25,divida_latente_sobre_plano,0.0004056522067975401,-0.005990685013364364,0.006801989426959445
17,25,taxa_falha_efetiva,0.008333333333333335,-0.0526731622633468,0.06933982893001348
17,25,fracao_porta1,-0.006249999999999999,-0.05746365076977559,0.04496365076977559
17,26,atraso_relativo,0.019419330152605163,-0.10177436404715949,0.14061302435236983
17,26,taxa_omissao,-0.009375000000000001,-0.034981825384887796,0.016231825384887794
17,26,divida_latente_sobre_plano,0.001978178254135367,-0.0035414516894995965,0.00749780819777033
17,26,taxa_falha_efetiva,0.004166666666666669,-0.043026705881113986,0.05136003921444732
17,26,fracao_porta1,-0.006249999999999999,-0.06392294766398572,0.051422947663985724
19,18,atraso_relativo,-0.421197428246661,-0.7410627101597413,-0.10133214633358067
19,18,taxa_omissao,-0.012499999999999997,-0.042640820105805916,0.017640820105805918
19,18,divida_latente_sobre_plano,-0.029754981525660806,-0.05341081434197931,-0.006099148709342309
19,18,taxa_falha_efetiva,-0.00833333333333334,-0.054585879793480584,0.03791921312681391
19,18,fracao_porta1,0.014583333333333327,-0.04128285252794221,0.07044951919460886
20,18,atraso_relativo,-0.4779437159430261,-0.9528820423535038,-0.0030053895325483637
20,18,taxa_omissao,-0.007291666666666667,-0.06442217344774712,0.04983884011441378
20,18,divida_latente_sobre_plano,-0.03610766691723672,-0.060482347180698004,-0.011732986653775437
20,18,taxa_falha_efetiva,-0.0020833333333333415,-0.05975628099731906,0.05558961433065238
20,18,fracao_porta1,0.01145833333333333,-0.01788187245766937,0.040798539124336036
20,19,atraso_relativo,-0.056746287696365055,-0.229015495293272,0.11552291990054189
20,19,taxa_omissao,0.0052083333333333304,-0.03044449285185003,0.04086115951851669
20,19,divida_latente_sobre_plano,-0.006352685391575911,-0.02072794786189735,0.008022577078745525
20,19,taxa_falha_efetiva,0.006249999999999999,-0.011291586426243817,0.023791586426243815
20,19,fracao_porta1,-0.003124999999999996,-0.05372701515729171,0.04747701515729172
21,18,atraso_relativo,-0.03689261427937564,-0.3521995890101137,0.2784143604513625
21,18,taxa_omissao,-0.103125,-0.14853833769346547,-0.05771166230653451
21,18,divida_latente_sobre_plano,-0.0282015203779527,-0.06422416905611845,0.007821128300213056
21,18,taxa_falha_efetiva,-0.01979166666666667,-0.06741003927668966,0.02782670594335632
21,18,fracao_porta1,0.013541666666666674,-0.03618405685339128,0.06326739018672463
22,18,atraso_relativo,-0.46790349880099513,-0.8926219067029825,-0.043185090899007794
22,18,taxa_omissao,-0.09583333333333333,-0.16011450354763684,-0.03155216311902981
22,18,divida_latente_sobre_plano,-0.03908953189251291,-0.06736914451351095,-0.010809919271514874
22,18,taxa_falha_efetiva,-0.016666666666666666,-0.06657621973609645,0.033242886402763114
22,18,fracao_porta1,0.01145833333333333,-0.05381248863252805,0.07672915529919472
22,19,atraso_relativo,-0.04670607055433407,-0.19128999193504348,0.09787785082637535
22,19,taxa_omissao,-0.08333333333333333,-0.12237028435860317,-0.04429638230806348
22,19,divida_latente_sobre_plano,-0.0093345503668521,-0.02657704318327838,0.007907942449574183
22,19,taxa_falha_efetiva,-0.008333333333333328,-0.017709705680117434,0.0010430390134507778
22,19,fracao_porta1,-0.003124999999999996,-0.06349772307425275,0.05724772307425275
22,21,atraso_relativo,-0.43101088452161945,-0.8943729421985069,0.03235117315526803
22,21,taxa_omissao,0.007291666666666664,-0.01831515871822113,0.03289849205155446
22,21,divida_latente_sobre_plano,-0.010888011514560208,-0.021173399046249014,-0.0006026239828714041
22,21,taxa_falha_efetiva,0.003125000000000001,-0.00819804534915005,0.014448045349150052
22,21,fracao_porta1,-0.0020833333333333433,-0.036534325165278575,0.03236765849861188
23,18,atraso_relativo,-0.5246660515846309,-0.8483823390614813,-0.20094976410778037
23,18,taxa_omissao,-0.08958333333333332,-0.16311466026757648,-0.016052006399090157
23,18,divida_latente_sobre_plano,-0.04287191836221322,-0.06435439975541611,-0.02138943696901033
23,18,taxa_falha_efetiva,-0.006250000000000004,-0.07353813013344317,0.061038130133443155
23,18,fracao_porta1,0.019791666666666662,0.006123372641102713,0.03345996069223061
23,19,atraso_relativo,-0.10346862333796981,-0.14128054219826935,-0.06565670447767026
23,19,taxa_omissao,-0.07708333333333334,-0.12743133892226405,-0.026735327744402612
23,19,divida_latente_sobre_plano,-0.013116936836552412,-0.024472996867412125,-0.001760876805692698
23,19,taxa_falha_efetiva,0.002083333333333338,-0.03751264783322049,0.04167931449988717
23,19,fracao_porta1,0.005208333333333336,-0.04710224547009663,0.0575189121367633
23,20,atraso_relativo,-0.04672233564160476,-0.2346196770000918,0.14117500571688224
23,20,taxa_omissao,-0.08229166666666665,-0.1346022454700966,-0.029981087863236694
23,20,divida_latente_sobre_plano,-0.006764251444976501,-0.011610890743884168,-0.001917612146068834
23,20,taxa_falha_efetiva,-0.0041666666666666605,-0.046447071353778284,0.038113738020444966
23,20,fracao_porta1,0.008333333333333331,-0.007907019961980559,0.024573686628647222
23,21,atraso_relativo,-0.4877734373052552,-0.8699143008599238,-0.10563257375058654
23,21,taxa_omissao,0.013541666666666664,-0.05217660404772091,0.07925993738105423
23,21,divida_latente_sobre_plano,-0.014670397984260522,-0.03011297618260377,0.0007721802140827246
23,21,taxa_falha_efetiva,0.013541666666666667,-0.043844745120953044,0.07092807845428638
23,21,fracao_porta1,0.006249999999999988,-0.05167645634809727,0.06417645634809724
23,22,atraso_relativo,-0.05676255278363575,-0.1735636958610166,0.060038590293745114
23,22,taxa_omissao,0.006250000000000001,-0.05013831109615662,0.06263831109615663
23,22,divida_latente_sobre_plano,-0.003782386469700313,-0.011640210648895487,0.0040754377094948625
23,22,taxa_falha_efetiva,0.010416666666666666,-0.036931692743467144,0.05776502607680047
23,22,fracao_porta1,0.008333333333333331,-0.06389111264960165,0.08055777931626831
24,18,atraso_relativo,-0.21059291851752143,-0.7957020813777849,0.37451624434274194
24,18,taxa_omissao,-0.16249999999999998,-0.2061446380634167,-0.11885536193658325
24,18,divida_latente_sobre_plano,-0.04468412371154031,-0.06661837445733312,-0.022749872965747507
24,18,taxa_falha_efetiva,-0.005208333333333339,-0.06842645672324867,0.05800979005658198
24,18,fracao_porta1,0.017708333333333333,-0.027705004360132186,0.06312167102679886
24,21,atraso_relativo,-0.17370030423814578,-0.7644299153584444,0.4170293068821529
24,21,taxa_omissao,-0.059375,-0.08440306531669907,-0.034346934683300925
24,21,divida_latente_sobre_plano,-0.016482603333587618,-0.035815427345667894,0.002850220678492655
24,21,taxa_falha_efetiva,0.01458333333333333,-0.01812215591578263,0.04728882258244929
24,21,fracao_porta1,0.004166666666666659,-0.06323025598750781,0.07156358932084111
25,18,atraso_relativo,-0.5251416184322699,-0.9208954796691766,-0.12938775719536327
25,18,taxa_omissao,-0.16354166666666667,-0.21085132696170375,-0.11623200637162959
25,18,divida_latente_sobre_plano,-0.05167313047949388,-0.07902162600152801,-0.02432463495745974
25,18,taxa_falha_efetiva,-0.008333333333333337,-0.06536757971447602,0.048700913047809345
25,18,fracao_porta1,0.014583333333333334,-0.04484146840650498,0.07400813507317164
25,19,atraso_relativo,-0.10394419018560894,-0.22957538720823156,0.02168700683701369
25,19,taxa_omissao,-0.15104166666666669,-0.17226833236634453,-0.12981500096698884
25,19,divida_latente_sobre_plano,-0.021918148953833066,-0.039136213399815115,-0.004700084507851022
25,19,taxa_falha_efetiva,3.469446951953614e-18,-0.04719337254778065,0.04719337254778065
25,19,fracao_porta1,6.938893903907228e-18,-0.024807549429533785,0.0248075494295338
25,21,atraso_relativo,-0.4882490041528943,-0.9885828253224762,0.012084817016687621
25,21,taxa_omissao,-0.06041666666666667,-0.0742183130600744,-0.046615020273258936
25,21,divida_latente_sobre_plano,-0.02347161010154118,-0.03876747034384165,-0.008175749859240711
25,21,taxa_falha_efetiva,0.011458333333333333,-0.029902346145110725,0.052819012811777394
25,21,fracao_porta1,0.0010416666666666595,-0.0730603523172767,0.07514368565061003
25,22,atraso_relativo,-0.05723811963127487,-0.24673070613390696,0.13225446687135722
25,22,taxa_omissao,-0.06770833333333333,-0.08596619535343752,-0.04945047131322914
25,22,divida_latente_sobre_plano,-0.012583598586980967,-0.019088761781192728,-0.006078435392769206
25,22,taxa_falha_efetiva,0.008333333333333331,-0.03597767362066179,0.05264434028732845
25,22,fracao_porta1,0.0031250000000000028,-0.05349022674575032,0.05974022674575032
25,24,atraso_relativo,-0.31454869991474854,-0.57878881649054,-0.05030858333895705
25,24,taxa_omissao,-0.0010416666666666673,-0.014709960692230621,0.012626627358897288
25,24,divida_latente_sobre_plano,-0.006989006767953559,-0.014270002523392864,0.0002919889874857459
25,24,taxa_falha_efetiva,-0.0031249999999999976,-0.02873182538488779,0.0224818253848878
25,24,fracao_porta1,-0.0031249999999999993,-0.04722884823663369,0.0409788482366337
26,18,atraso_relativo,-0.5113493541327032,-0.9315339309668556,-0.09116477729855094
26,18,taxa_omissao,-0.16145833333333334,-0.22784212249962804,-0.09507454416703863
26,18,divida_latente_sobre_plano,-0.053245656526831706,-0.07932979110598536,-0.027161521947678055
26,18,taxa_falha_efetiva,-0.004166666666666673,-0.07199701451217849,0.06366368117884513
26,18,fracao_porta1,0.014583333333333334,-0.05733615233188208,0.08650281899854875
26,19,atraso_relativo,-0.09015192588604215,-0.20117393418285626,0.020870082410771956
26,19,taxa_omissao,-0.14895833333333333,-0.1862188462950682,-0.11169782037159845
26,19,divida_latente_sobre_plano,-0.023490675001170892,-0.041264182794492135,-0.005717167207849653
26,19,taxa_falha_efetiva,0.004166666666666669,-0.03880126935656218,0.04713460268989551
26,19,fracao_porta1,6.938893903907228e-18,-0.01951847551263493,0.019518475512634945
26,20,atraso_relativo,-0.033405638189677095,-0.16850099619504966,0.10168971981569547
26,20,taxa_omissao,-0.15416666666666665,-0.17897421609620046,-0.12935911723713284
26,20,divida_latente_sobre_plano,-0.01713798960959498,-0.020614539951898714,-0.013661439267291249
26,20,taxa_falha_efetiva,-0.0020833333333333294,-0.02995077848125185,0.025784111814585193
26,20,fracao_porta1,0.0031250000000000028,-0.06124159373400502,0.06749159373400503
26,21,atraso_relativo,-0.4744567398533276,-0.961292609098795,0.012379129392139754
26,21,taxa_omissao,-0.05833333333333334,-0.09299633326989892,-0.023670333396767752
26,21,divida_latente_sobre_plano,-0.025044136148879,-0.04064416275601179,-0.009444109541746206
26,21,taxa_falha_efetiva,0.015625,-0.03696494302663803,0.06821494302663803
26,21,fracao_porta1,0.0010416666666666595,-0.09072790616122994,0.09281123949456327
26,22,atraso_relativo,-0.04344585533170808,-0.17602641516183012,0.08913470449841396
26,22,taxa_omissao,-0.065625,-0.0838828620201042,-0.047367137979895814
26,22,divida_latente_sobre_plano,-0.014156124634318793,-0.01993950042334701,-0.008372748845290575
26,22,taxa_falha_efetiva,0.012499999999999997,-0.03343465577592696,0.05843465577592696
26,22,fracao_porta1,0.0031250000000000028,-0.0736954761546634,0.07994547615466341
26,23,atraso_relativo,0.013316697451927664,-0.10842934243719624,0.13506273734105156
26,23,taxa_omissao,-0.07187500000000001,-0.11215886089407329,-0.03159113910592672
26,23,divida_latente_sobre_plano,-0.01037373816461848,-0.0179418483164243,-0.0028056280128126625
26,23,taxa_falha_efetiva,0.002083333333333331,-0.0583197201739175,0.06248638684058416
26,23,fracao_porta1,-0.005208333333333329,-0.07246923784149309,0.06205257117482643
26,24,atraso_relativo,-0.3007564356151817,-0.5014125547338544,-0.10010031649650905
26,24,taxa_omissao,0.0010416666666666669,-0.022163670976027033,0.024247004309360366
26,24,divida_latente_sobre_plano,-0.008561532815291385,-0.016301838479723732,-0.0008212271508590361
26,24,taxa_falha_efetiva,0.0010416666666666682,-0.025685106649289226,0.02776843998262256
26,24,fracao_porta1,-0.0031249999999999993,-0.039990164768063,0.033740164768063005
26,25,atraso_relativo,0.013792264299566787,-0.05629566637584239,0.08388019497497597
26,25,taxa_omissao,0.0020833333333333337,-0.020562757364966794,0.02472942403163346
26,25,divida_latente_sobre_plano,-0.0015725260473378267,-0.003941091182350883,0.00079603908767523
26,25,taxa_falha_efetiva,0.004166666666666666,-0.03598056117953529,0.04431389451286862
26,25,fracao_porta1,0.0,-0.03062310385061799,0.03062310385061799
27,0,atraso_relativo,0.1028764121336305,-0.22675493956456874,0.43250776383182976
27,0,taxa_omissao,-0.012499999999999997,-0.05039415768906573,0.025394157689065736
27,0,divida_latente_sobre_plano,-0.009430671801050661,-0.01779190548769958,-0.0010694381144017457
27,0,taxa_falha_efetiva,-0.010416666666666666,-0.046528889658134155,0.025695556324800826
27,0,fracao_porta1,-0.015625000000000007,-0.050864446110796324,0.01961444611079631
27,9,atraso_relativo,-0.2464939389180539,-0.5934714333462165,0.10048355551010871
27,9,taxa_omissao,-0.004166666666666664,-0.05348555333293146,0.04515221999959813
27,9,divida_latente_sobre_plano,-0.004601788232741278,-0.018055625240829102,0.008852048775346545
27,9,taxa_falha_efetiva,0.005208333333333332,-0.03922650527417369,0.04964317194084035
27,9,fracao_porta1,-0.04166666666666667,-0.09157621973609648,0.008242886402763133
27,18,atraso_relativo,0.05629116126491282,-0.12974676252424486,0.2423290850540705
27,18,taxa_omissao,-0.016666666666666656,-0.08049031384018618,0.04715698050685286
27,18,divida_latente_sobre_plano,-0.01074922680412119,-0.03846418286927926,0.016965729261036875
27,18,taxa_falha_efetiva,-0.009375000000000007,-0.07835668523323579,0.05960668523323577
27,18,fracao_porta1,-0.05208333333333334,-0.10213946396673149,-0.002027202699935192
27,36,atraso_relativo,-0.2564452122064182,-0.3441113982379734,-0.168779026174863
27,36,taxa_omissao,-0.0020833333333333277,-0.04974015437320533,0.04557348770653868
27,36,divida_latente_sobre_plano,0.003472504415746396,-0.0023014725136552986,0.009246481345148092
27,36,taxa_falha_efetiva,0.008333333333333333,-0.03597767362066179,0.05264434028732845
27,36,fracao_porta1,0.014583333333333327,0.007953236863992266,0.021213429802674388
27,45,atraso_relativo,0.09739995413370024,-0.3190007599615286,0.5138006682289291
27,45,taxa_omissao,-0.009374999999999994,-0.050020970296306436,0.03127097029630645
27,45,divida_latente_sobre_plano,-0.0030743480528104446,-0.01949002955333809,0.0133413334477172
27,45,taxa_falha_efetiva,-0.005208333333333334,-0.05313342971114114,0.04271676304447447
27,45,fracao_porta1,-0.0020833333333333294,-0.017866119803377937,0.013699453136711278
28,0,atraso_relativo,-0.6524517905306033,-1.0299408458614807,-0.274962735199726
28,0,taxa_omissao,-0.03229166666666666,-0.059561170965015606,-0.005022162368317717
28,0,divida_latente_sobre_plano,-0.030548731508696456,-0.0358363570964863,-0.025261105920906614
28,0,taxa_falha_efetiva,-0.03854166666666666,-0.06414849205155446,-0.012934841281778874
28,0,fracao_porta1,0.010416666666666657,-0.02044475287040784,0.041278086203741154
28,1,atraso_relativo,-0.23183501343583454,-0.3257806805545811,-0.137889346317088
28,1,taxa_omissao,-0.014583333333333328,-0.027279001506906764,-0.0018876651597598947
28,1,divida_latente_sobre_plano,0.00024882883040598116,-0.005152209885507564,0.005649867546319526
28,1,taxa_falha_efetiva,-0.01979166666666667,-0.03958965724994358,6.3239166102450894e-06
28,1,fracao_porta1,-0.00104166666666667,-0.029365451199599935,0.027282117866266595
28,9,atraso_relativo,-1.0018221415822877,-1.2578721423080033,-0.7457721408565721
28,9,taxa_omissao,-0.02395833333333333,-0.050685106649289234,0.002768439982622571
28,9,divida_latente_sobre_plano,-0.02571984794038707,-0.0420546863485584,-0.00938500953221574
28,9,taxa_falha_efetiva,-0.02291666666666667,-0.05562215591578264,0.0097888225824493
28,9,fracao_porta1,-0.015625000000000007,-0.05590886089407329,0.02465886089407328
28,10,atraso_relativo,-0.330379646455582,-0.5654203931284496,-0.09533889978271443
28,10,taxa_omissao,-0.020833333333333332,-0.05794608426038561,0.01627941759371895
28,10,divida_latente_sobre_plano,-0.0007796270773551758,-0.010646409667127548,0.009087155512417197
28,10,taxa_falha_efetiva,-0.025,-0.06622761528539325,0.01622761528539325
28,10,fracao_porta1,-0.005208333333333339,-0.048642634567377135,0.038225967900710464
28,18,atraso_relativo,-0.699037041399321,-1.0606299123167293,-0.3374441704819126
28,18,taxa_omissao,-0.03645833333333333,-0.06425997568541121,-0.00865669098125545
28,18,divida_latente_sobre_plano,-0.031867286511766985,-0.06123816760868302,-0.002496405414850956
28,18,taxa_falha_efetiva,-0.037500000000000006,-0.0746127509270523,-0.00038724907294770267
28,18,fracao_porta1,-0.026041666666666678,-0.07047650527417372,0.018393171940840364
28,19,atraso_relativo,-0.2778396131526599,-0.3351933392636861,-0.22048588704163374
28,19,taxa_omissao,-0.02395833333333333,-0.027273381568003862,-0.0206432850986628
28,19,divida_latente_sobre_plano,-0.0021123049861061756,-0.02189430302591097,0.017669693053698622
28,19,taxa_falha_efetiva,-0.029166666666666664,-0.04868514217930159,-0.009648191154031736
28,19,fracao_porta1,-0.04062500000000001,-0.08885486953763558,0.007604869537635561
28,27,atraso_relativo,-0.7553282026642337,-1.0215701657844052,-0.4890862395440623
28,27,taxa_omissao,-0.019791666666666666,-0.06951739018672459,0.02993405685339126
28,27,divida_latente_sobre_plano,-0.021118059707645798,-0.031052497205008897,-0.011183622210282696
28,27,taxa_falha_efetiva,-0.028124999999999997,-0.08677419029137703,0.03052419029137704
28,27,fracao_porta1,0.026041666666666664,0.014718621317516596,0.03736471201581673
28,36,atraso_relativo,-1.011773414870652,-1.2213308277077708,-0.8022160020335334
28,36,taxa_omissao,-0.021875,-0.04167299058327692,-0.002077009416723081
28,36,divida_latente_sobre_plano,-0.0176455552918994,-0.027684558980826772,-0.0076065516029720295
28,36,taxa_falha_efetiva,-0.019791666666666666,-0.04596445710038453,0.006381123767051196
28,36,fracao_porta1,0.040624999999999994,0.028074429942266027,0.05317557005773396
28,37,atraso_relativo,-0.0333978172377519,-0.22101317914563576,0.15421754467013196
28,37,taxa_omissao,-0.01666666666666667,-0.040263352940556996,0.006930019607223659
28,37,divida_latente_sobre_plano,-0.002541497968486497,-0.018828535605823392,0.0137455396688504
28,37,taxa_falha_efetiva,-0.02291666666666667,-0.047427108978081056,0.0015937756447477192
28,37,fracao_porta1,0.01354166666666666,-0.032193185396676836,0.05927651873001016
28,45,atraso_relativo,-0.6579282485305336,-0.9994367469315514,-0.31641975012951573
28,45,taxa_omissao,-0.029166666666666664,-0.043489312007742954,-0.014844021325590373
28,45,divida_latente_sobre_plano,-0.024192407760456242,-0.03605183498511078,-0.012332980535801704
28,45,taxa_falha_efetiva,-0.03333333333333333,-0.05630066122129682,-0.010366005445369843
28,45,fracao_porta1,0.023958333333333335,0.004914831072973181,0.043001835593693485
28,46,atraso_relativo,-0.1590786762836332,-0.2899379024678954,-0.028219450099370963
28,46,taxa_omissao,-0.019791666666666666,-0.028134355105566354,-0.011448978227766977
28,46,divida_latente_sobre_plano,0.000727857884026655,-0.008069185762326014,0.009524901530379326
28,46,taxa_falha_efetiva,-0.020833333333333332,-0.02624678443177129,-0.015419882234895373
28,46,fracao_porta1,-1.0408340855860843e-17,-0.0693259998731312,0.06932599987313118
29,0,atraso_relativo,-0.622164889347552,-1.0677598053424862,-0.1765699733526177
29,0,taxa_omissao,-0.017708333333333333,-0.06945565934308477,0.034038992676418106
29,0,divida_latente_sobre_plano,-0.034160059513579574,-0.043136678656769886,-0.025183440370389266
29,0,taxa_falha_efetiva,-0.013541666666666667,-0.046636852090226714,0.01955351875689338
29,0,fracao_porta1,-0.006250000000000002,-0.061057015166909645,0.04855701516690965
29,1,atraso_relativo,-0.20154811225278316,-0.3932896963745912,-0.0098065281309751
29,1,taxa_omissao,5.204170427930421e-18,-0.044311006953995126,0.04431100695399514
29,1,divida_latente_sobre_plano,-0.0033624991744771364,-0.015865447451273055,0.009140449102318784
29,1,taxa_falha_efetiva,0.005208333333333329,-0.020398492051554466,0.030815158718221124
29,1,fracao_porta1,-0.01770833333333333,-0.050357772002698545,0.01494110533603189
29,2,atraso_relativo,-0.05160237594910835,-0.1991114289875582,0.0959066770893415
29,2,taxa_omissao,0.006249999999999998,-0.019428253209506516,0.03192825320950651
29,2,divida_latente_sobre_plano,0.0017970878283459927,-0.005177773793191942,0.008771949449883926
29,2,taxa_falha_efetiva,0.016666666666666663,-0.002851808845968258,0.036185142179301584
29,2,fracao_porta1,-0.03749999999999999,-0.05182264534107627,-0.02317735465892371
29,9,atraso_relativo,-0.9715352403992363,-1.287387184195581,-0.6556832966028916
29,9,taxa_omissao,-0.009375,-0.054788337693465514,0.03603833769346551
29,9,divida_latente_sobre_plano,-0.02933117594527019,-0.048349155097138385,-0.010313196793401994
29,9,taxa_falha_efetiva,0.002083333333333331,-0.03714084634893545,0.041307513015602114
29,9,fracao_porta1,-0.03229166666666666,-0.07146912306888233,0.006885789735549
29,10,atraso_relativo,-0.3000927452725306,-0.5499724202274586,-0.05021307031760261
29,10,taxa_omissao,-0.006249999999999999,-0.030760442311414393,0.018260442311414396
29,10,divida_latente_sobre_plano,-0.004390955082238293,-0.016883708585891978,0.008101798421415394
29,10,taxa_falha_efetiva,-1.734723475976807e-18,-0.04193241189951694,0.04193241189951694
29,10,fracao_porta1,-0.021875,-0.07770839091517892,0.033958390915178924
29,11,atraso_relativo,-0.12806020450387123,-0.1916699890248073,-0.06445041998293514
29,11,taxa_omissao,-0.009374999999999998,-0.05247062705071688,0.03372062705071688
29,11,divida_latente_sobre_plano,-0.000823018742013249,-0.008198207630320958,0.006552170146294459
29,11,taxa_falha_efetiva,-0.01145833333333334,-0.04129376744536811,0.01837710077870143
29,11,fracao_porta1,-0.046875,-0.10426141178761973,0.010511411787619732
29,18,atraso_relativo,-0.6687501402162696,-1.1134211867623593,-0.2240790936701798
29,18,taxa_omissao,-0.02187499999999999,-0.04570341051993598,0.0019534105199359997
29,18,divida_latente_sobre_plano,-0.0354786145166501,-0.06135312690747391,-0.009604102125826297
29,18,taxa_falha_efetiva,-0.012500000000000006,-0.043597908968946976,0.01859790896894696
29,18,fracao_porta1,-0.042708333333333334,-0.09001799362837043,0.004601326961703768
29,19,atraso_relativo,-0.24755271196960857,-0.3829215156896004,-0.11218390824961672
29,19,taxa_omissao,-0.009374999999999998,-0.04855245640221567,0.029802456402215672
29,19,divida_latente_sobre_plano,-0.005723632990989293,-0.02861136705441452,0.017164101072435933
29,19,taxa_falha_efetiva,-0.004166666666666666,-0.0361930752669339,0.027859741933600565
29,19,fracao_porta1,-0.05729166666666666,-0.13019760950211473,0.015614276168781416
29,20,atraso_relativo,-0.1908064242732435,-0.3192881163893808,-0.06232473215710618
29,20,taxa_omissao,-0.014583333333333328,-0.08771503053174516,0.05854836386507851
29,20,divida_latente_sobre_plano,0.0006290524005866181,-0.008331385090389042,0.009589489891562277
29,20,taxa_falha_efetiva,-0.010416666666666664,-0.05958677807189211,0.03875344473855878
29,20,fracao_porta1,-0.05416666666666667,-0.12618794924860013,0.017854615915266797
29,27,atraso_relativo,-0.7250413014811825,-1.0948263103029083,-0.35525629265945674
29,27,taxa_omissao,-0.005208333333333337,-0.08755242322741488,0.0771357565607482
29,27,divida_latente_sobre_plano,-0.02472938771252891,-0.04191485032849185,-0.0075439250965659704
29,27,taxa_falha_efetiva,-0.003125000000000001,-0.07125172813541321,0.0650017281354132
29,27,fracao_porta1,0.009375000000000005,-0.02866388447052531,0.047413884470525317
29,28,atraso_relativo,0.030286901183051385,-0.07758356353222276,0.13815736589832553
29,28,taxa_omissao,0.014583333333333335,-0.021528889658134154,0.05069555632480083
29,28,divida_latente_sobre_plano,-0.003611328004883118,-0.012826373414083506,0.005603717404317269
29,28,taxa_falha_efetiva,0.024999999999999998,0.01173980706131788,0.03826019293868212
29,28,fracao_porta1,-0.01666666666666666,-0.046807486772472574,0.013474153439139255
29,36,atraso_relativo,-0.9814865136876005,-1.295586593103159,-0.6673864342720421
29,36,taxa_omissao,-0.0072916666666666624,-0.057311193177704556,0.04272785984437123
29,36,divida_latente_sobre_plano,-0.021256883296782512,-0.038250896902527524,-0.0042628696910375005
29,36,taxa_falha_efetiva,0.005208333333333332,-0.03244337683986853,0.04286004350653519
29,36,fracao_porta1,0.02395833333333333,-0.010439452301869406,0.05835611896853607
29,37,atraso_relativo,-0.0031109160547005132,-0.1802274881462237,0.17400565603682266
29,37,taxa_omissao,-0.0020833333333333346,-0.04943169274346714,0.045265026076800476
29,37,divida_latente_sobre_plano,-0.006152825973369615,-0.02170739272242273,0.009401740775683502
29,37,taxa_falha_efetiva,0.0020833333333333294,-0.03402888965813415,0.03819555632480082
29,37,fracao_porta1,-0.0031249999999999993,-0.0754254850767966,0.06917548507679659
29,38,atraso_relativo,-0.056757894487568725,-0.19228391035054915,0.07876812137541168
29,38,taxa_omissao,-0.007291666666666667,-0.04126080271411687,0.026677469380783532
29,38,divida_latente_sobre_plano,0.002153013835300572,-0.0026372351135820443,0.0069432627841831875
29,38,taxa_falha_efetiva,-0.012499999999999999,-0.026822645341076295,0.0018226453410762969
29,38,fracao_porta1,0.01458333333333334,-0.01986765849861188,0.04903432516527856
29,45,atraso_relativo,-0.6276413473474822,-1.020661492436351,-0.23462120225861344
29,45,taxa_omissao,-0.01458333333333333,-0.05738042201584418,0.02821375534917752
29,45,divida_latente_sobre_plano,-0.027803735765339357,-0.0361910023694713,-0.01941646916120741
29,45,taxa_falha_efetiva,-0.008333333333333335,-0.04081403992396111,0.024147373257294446
29,45,fracao_porta1,0.0072916666666666755,-0.023030908775547115,0.037614242108880466
29,46,atraso_relativo,-0.12879177510058182,-0.36343576902369934,0.10585221882253573
29,46,taxa_omissao,-0.00520833333333333,-0.03960611896853606,0.029189452301869402
29,46,divida_latente_sobre_plano,-0.0028834701208564615,-0.015336363266613308,0.009569423024900386
29,46,taxa_falha_efetiva,0.004166666666666666,-0.0052097056801174366,0.013543039013450768
29,46,fracao_porta1,-0.016666666666666673,-0.10676444923796326,0.0734311159046299
29,47,atraso_relativo,-0.008672516489433332,-0.1093820689504877,0.09203703597162104
29,47,taxa_omissao,-0.015624999999999998,-0.04394878453293327,0.012698784532933277
29,47,divida_latente_sobre_plano,-0.003958265074434569,-0.00885642182794277,0.0009398916790736333
29,47,taxa_falha_efetiva,-0.014583333333333335,-0.03126871021113272,0.0021020435444660517
29,47,fracao_porta1,-0.013541666666666667,-0.0661316096933047,0.03904827635997137
30,0,atraso_relativo,-0.11239137912983654,-0.6829467140322393,0.4581639557725662
30,0,taxa_omissao,-0.08854166666666666,-0.10758516892702681,-0.0694981644063065
30,0,divida_latente_sobre_plano,-0.02766627049988559,-0.03356873348339968,-0.0217638075163715
30,0,taxa_falha_efetiva,-0.011458333333333333,-0.049110043506535195,0.026193376839868526
30,0,fracao_porta1,-0.01562500000000001,-0.04446147383199288,0.013211473831992861
30,3,atraso_relativo,-0.08105877616747183,-0.6030568364430944,0.44093928410815075
30,3,taxa_omissao,-0.026041666666666664,-0.07863160969330471,0.026548276359971375
30,3,divida_latente_sobre_plano,-0.004212948616730312,-0.017348357350649348,0.008922460117188724
30,3,taxa_falha_efetiva,-0.01666666666666667,-0.06998297675215909,0.03664964341882575
30,3,fracao_porta1,-0.04270833333333334,-0.06997783763168228,-0.015438829034984402
30,9,atraso_relativo,-0.461761730181521,-1.0266707197233018,0.10314725936025981
30,9,taxa_omissao,-0.08020833333333333,-0.10000632391661023,-0.060410342750056426
30,9,divida_latente_sobre_plano,-0.02283738693157621,-0.037310893431624415,-0.008363880431528008
30,9,taxa_falha_efetiva,0.004166666666666666,-0.024985659673785073,0.03331899300711841
30,9,fracao_porta1,-0.04166666666666667,-0.0859776736206618,0.0026443402873284616
30,12,atraso_relativo,-0.06862324449230493,-0.9210510008058664,0.7838045118212565
30,12,taxa_omissao,0.005208333333333334,-0.02413187245766936,0.03454853912433603
30,12,divida_latente_sobre_plano,0.0035972150878084037,-0.005248101837003395,0.012442532012620203
30,12,taxa_falha_efetiva,0.02812499999999999,-0.0364688374902253,0.09271883749022528
30,12,fracao_porta1,-0.027083333333333345,-0.051593775644747736,-0.002572891021918957
30,18,atraso_relativo,-0.15897662999855425,-0.9312771703904048,0.6133239103932964
30,18,taxa_omissao,-0.09270833333333334,-0.14640119988677552,-0.03901546677989116
30,18,divida_latente_sobre_plano,-0.028984825502956123,-0.05606746470677191,-0.0019021862991403377
30,18,taxa_falha_efetiva,-0.010416666666666671,-0.07748668235221727,0.05665334901888393
30,18,fracao_porta1,-0.05208333333333334,-0.0948804220158442,-0.009286244650822485
30,21,atraso_relativo,-0.12208401571917861,-1.0261519043044194,0.7819838728660621
30,21,taxa_omissao,0.010416666666666664,0.0018572489301644929,0.018976084403168836
30,21,divida_latente_sobre_plano,-0.0007833051250034217,-0.018441492787788217,0.016874882537781372
30,21,taxa_falha_efetiva,0.009374999999999998,-0.026686467909474734,0.045436467909474726
30,21,fracao_porta1,-0.06562500000000002,-0.12224022674575036,-0.009009773254249683
30,27,atraso_relativo,-0.21526779126346704,-0.9438504392518893,0.5133148567249551
30,27,taxa_omissao,-0.07604166666666667,-0.11668763696297312,-0.03539569637036023
30,27,divida_latente_sobre_plano,-0.01823559869883493,-0.03192749183923667,-0.004543705558433189
30,27,taxa_falha_efetiva,-0.0010416666666666664,-0.051932426051588,0.049849092718254676
30,27,fracao_porta1,-3.469446951953614e-18,-0.009376372346784099,0.009376372346784092
30,36,atraso_relativo,-0.47171300346988526,-1.1618425262593537,0.2184165193195831
30,36,taxa_omissao,-0.078125,-0.09716850226036017,-0.05908149773963984
30,36,divida_latente_sobre_plano,-0.014763094283088534,-0.027100170430276637,-0.002426018135900432
30,36,taxa_falha_efetiva,0.007291666666666667,-0.04032670594335632,0.05491003927668966
30,36,fracao_porta1,0.014583333333333323,0.003099669389351585,0.02606699727731506
30,39,atraso_relativo,0.19409301573413495,-0.211505122712012,0.5996911541802818
30,39,taxa_omissao,0.005208333333333334,-0.012228526267809991,0.022645192934476657
30,39,divida_latente_sobre_plano,-0.001429684014799126,-0.018294780594886068,0.015435412565287814
30,39,taxa_falha_efetiva,0.009374999999999998,-0.05567094335778361,0.0744209433577836
30,39,fracao_porta1,-0.017708333333333336,-0.03428357450668598,-0.0011330921599806872
30,45,atraso_relativo,-0.11786783712976681,-0.5183652287098058,0.28262955445027216
30,45,taxa_omissao,-0.08541666666666667,-0.11109491987617318,-0.05973841345716016
30,45,divida_latente_sobre_plano,-0.021309946751645374,-0.03250809297660052,-0.01011180052669023
30,45,taxa_falha_efetiva,-0.00625,-0.04904708868251084,0.036547088682510845
30,45,fracao_porta1,-0.002083333333333333,-0.0253674669163296,0.021200800249662935
30,48,atraso_relativo,-0.046424874615495895,-0.6634906089995534,0.5706408597685615
30,48,taxa_omissao,-0.012499999999999997,-0.056144638063416755,0.03114463806341676
30,48,divida_latente_sobre_plano,-0.00618459756910753,-0.017890913994695043,0.005521718856479984
30,48,taxa_falha_efetiva,-0.00625,-0.03565256549108913,0.023152565491089128
30,48,fracao_porta1,-0.010416666666666668,-0.0452903858689533,0.02445705253561996
31,0,atraso_relativo,-0.6855881667439414,-1.168468818054951,-0.20270751543293186
31,0,taxa_omissao,-0.09895833333333331,-0.15981452937770307,-0.03810213728896355
31,0,divida_latente_sobre_plano,-0.038314681245118325,-0.04404460590755576,-0.03258475658268089
31,0,taxa_falha_efetiva,-0.0125,-0.07655281720053446,0.051552817200534465
31,0,fracao_porta1,-0.02604166666666667,-0.06369337683986853,0.01161004350653519
31,1,atraso_relativo,-0.2649713896491727,-0.5320722963467828,0.0021295170484373904
31,1,taxa_omissao,-0.08125,-0.1285983594101338,-0.0339016405898662
31,1,divida_latente_sobre_plano,-0.0075171209060158894,-0.016155279805865567,0.001121037993833788
31,1,taxa_falha_efetiva,0.006249999999999995,-0.03789535775004452,0.0503953577500445
31,1,fracao_porta1,-0.0375,-0.07130699127417267,-0.0036930087258273334
31,3,atraso_relativo,-0.6542555637815767,-1.141180999951762,-0.16733012761139143
31,3,taxa_omissao,-0.036458333333333336,-0.10996474706105619,0.03704808039438951
31,3,divida_latente_sobre_plano,-0.014861359361963044,-0.028855169482829172,-0.0008675492410969137
31,3,taxa_falha_efetiva,-0.01770833333333334,-0.060462603507192,0.02504593684052532
31,3,fracao_porta1,-0.053125000000000006,-0.09304346685104362,-0.013206533148956402
31,4,atraso_relativo,-0.24950936769317442,-0.33634379175826407,-0.16267494362808477
31,4,taxa_omissao,-0.013541666666666665,-0.046191105336031914,0.01910777200269858
31,4,divida_latente_sobre_plano,-0.0037253756621025425,-0.014741623741138816,0.007290872416933731
31,4,taxa_falha_efetiva,-0.005208333333333337,-0.029036743853269327,0.01862007718660265
31,4,fracao_porta1,-0.05520833333333334,-0.09400997810971273,-0.01640668855695395
31,9,atraso_relativo,-1.0349585177956258,-1.4350518809000994,-0.6348651546911521
31,9,taxa_omissao,-0.090625,-0.154991593734005,-0.026258406265994974
31,9,divida_latente_sobre_plano,-0.03348579767680895,-0.04464716303903897,-0.022324432314578927
31,9,taxa_falha_efetiva,0.0031249999999999976,-0.04833838792155368,0.05458838792155367
31,9,fracao_porta1,-0.052083333333333336,-0.09688761344661909,-0.007279053220047578
31,10,atraso_relativo,-0.36351602266892014,-0.6889615457343587,-0.03807049960348152
31,10,taxa_omissao,-0.0875,-0.1566143169366102,-0.018385683063389793
31,10,divida_latente_sobre_plano,-0.008545576813777047,-0.013220415525963366,-0.0038707381015907283
31,10,taxa_falha_efetiva,0.0010416666666666638,-0.054528667939956005,0.05661200127328933
31,10,fracao_porta1,-0.041666666666666664,-0.08728121641187098,0.003947883078537655
31,12,atraso_relativo,-0.6418200321064098,-1.172901152303489,-0.11073891190933072
31,12,taxa_omissao,-0.005208333333333333,-0.059981919393645916,0.049565252726979245
31,12,divida_latente_sobre_plano,-0.007051195657424331,-0.015339449967895453,0.001237058653046792
31,12,taxa_falha_efetiva,0.027083333333333327,-0.013966192068585771,0.06813285873525243
31,12,fracao_porta1,-0.037500000000000006,-0.05182264534107628,-0.023177354658923732
31,13,atraso_relativo,-0.19507414013151664,-0.3443450455240701,-0.04580323473896317
31,13,taxa_omissao,-0.016666666666666663,-0.06416950726834855,0.03083617393501522
31,13,divida_latente_sobre_plano,0.00011097756118616368,-0.012793609766513944,0.01301556488888627
31,13,taxa_falha_efetiva,0.007291666666666664,-0.039079526965223724,0.05366286029855705
31,13,fracao_porta1,-0.060416666666666674,-0.11783498638657539,-0.0029983469467579696
31,18,atraso_relativo,-0.7321734176126591,-1.228944011702815,-0.23540282352250314
31,18,taxa_omissao,-0.10312499999999998,-0.17663141372772279,-0.02961858627227716
31,18,divida_latente_sobre_plano,-0.039633236248188854,-0.06712306082962644,-0.012143411666751272
31,18,taxa_falha_efetiva,-0.011458333333333341,-0.10543668635224468,0.08252001968557801
31,18,fracao_porta1,-0.06250000000000001,-0.10811454974520435,-0.01688545025479568
31,19,atraso_relativo,-0.3109759893659981,-0.5167806145352987,-0.10517136419669748
31,19,taxa_omissao,-0.090625,-0.1357145307989067,-0.04553546920109331
31,19,divida_latente_sobre_plano,-0.009878254722528046,-0.026559669584626716,0.006803160139570623
31,19,taxa_falha_efetiva,-0.0031249999999999993,-0.06025550678108045,0.054005506781080445
31,19,fracao_porta1,-0.07708333333333332,-0.13135301184643589,-0.022813654820230754
31,21,atraso_relativo,-0.6952808033332835,-1.2108774280351555,-0.1796841786314114
31,21,taxa_omissao,-1.734723475976807e-18,-0.0522054318050494,0.0522054318050494
31,21,divida_latente_sobre_plano,-0.011431715870236156,-0.02766648412331302,0.004803052382840709
31,21,taxa_falha_efetiva,0.00833333333333333,-0.04713803354629035,0.063804700212957
31,21,fracao_porta1,-0.07604166666666669,-0.1266436818239584,-0.025439651509374966
31,22,atraso_relativo,-0.26426991881166406,-0.33663664586740993,-0.1919031917559182
31,22,taxa_omissao,-0.007291666666666665,-0.04609331144304604,0.03150997810971272
31,22,divida_latente_sobre_plano,-0.0005437043556759471,-0.008683060413863986,0.007595651702512091
31,22,taxa_falha_efetiva,0.005208333333333329,-0.04793593270859627,0.05835259937526293
31,22,fracao_porta1,-0.07395833333333335,-0.11671260350719202,-0.031204063159474674
31,27,atraso_relativo,-0.7884645788775719,-1.2365284103288865,-0.34040074742625737
31,27,taxa_omissao,-0.08645833333333333,-0.13960259937526295,-0.033314067291403716
31,27,divida_latente_sobre_plano,-0.028884009444067667,-0.041096203803544784,-0.01667181508459055
31,27,taxa_falha_efetiva,-0.0020833333333333363,-0.08498163657573701,0.08081496990907033
31,27,fracao_porta1,-0.010416666666666664,-0.018976084403168843,-0.0018572489301644842
31,28,atraso_relativo,-0.03313637621333815,-0.22806663865017765,0.16179388622350135
31,28,taxa_omissao,-0.06666666666666667,-0.1147824724982139,-0.018550860835119434
31,28,divida_latente_sobre_plano,-0.007765949736421871,-0.015074959245300154,-0.0004569402275435867
31,28,taxa_falha_efetiva,0.026041666666666664,-0.03134474512095305,0.08342807845428638
31,28,fracao_porta1,-0.03645833333333333,-0.044801021772233024,-0.028115644894433633
31,30,atraso_relativo,-0.5731967876141049,-1.030606609495098,-0.11578696573311154
31,30,taxa_omissao,-0.010416666666666666,-0.06387021329857848,0.04303687996524514
31,30,divida_latente_sobre_plano,-0.010648410745232734,-0.014099765343029206,-0.007197056147436261
31,30,taxa_falha_efetiva,-0.00104166666666667,-0.07612586261676388,0.07404252928343052
31,30,fracao_porta1,-0.010416666666666661,-0.023112334840240088,0.002279001506906766
31,36,atraso_relativo,-1.04490979108399,-1.4452236363754207,-0.6445959457925592
31,36,taxa_omissao,-0.08854166666666667,-0.13163729371738353,-0.0454460396159498
31,36,divida_latente_sobre_plano,-0.025411505028321266,-0.03517611313868476,-0.015646896917957773
31,36,taxa_falha_efetiva,0.006249999999999999,-0.03722645000789572,0.04972645000789572
31,36,fracao_porta1,0.004166666666666662,-0.001246784431771307,0.009580117765104632
31,37,atraso_relativo,-0.06653419345109005,-0.24130690803802501,0.10823852113584492
31,37,taxa_omissao,-0.08333333333333334,-0.12764434028732846,-0.03902232637933821
31,37,divida_latente_sobre_plano,-0.010307447704908367,-0.02758478464979655,0.006969889239979819
31,37,taxa_falha_efetiva,0.003124999999999996,-0.058923399342502486,0.06517339934250248
31,37,fracao_porta1,-0.02291666666666667,-0.06571375534917753,0.01988042201584419
31,39,atraso_relativo,-0.3791037718799699,-0.9229997928195438,0.164792249059604
31,39,taxa_omissao,-0.005208333333333332,-0.05917340881295191,0.048756742146285253
31,39,divida_latente_sobre_plano,-0.01207809476003186,-0.029205575025763805,0.005049385505700088
31,39,taxa_falha_efetiva,0.008333333333333328,-0.04660719485764289,0.06327386152430955
31,39,fracao_porta1,-0.028124999999999997,-0.0513303376426937,-0.004919662357306294
31,40,atraso_relativo,-0.07426986272515615,-0.20958735067881895,0.06104762522850665
31,40,taxa_omissao,0.009375000000000001,-0.006291306749187108,0.02504130674918711
31,40,divida_latente_sobre_plano,0.004785550490603729,-0.0070530567849654835,0.01662415776617294
31,40,taxa_falha_efetiva,-0.0020833333333333363,-0.059756280997319056,0.05558961433065239
31,40,fracao_porta1,-0.020833333333333332,-0.044430019607223634,0.0027633529405569728
31,45,atraso_relativo,-0.6910646247438716,-1.1354137554469115,-0.24671549404083182
31,45,taxa_omissao,-0.09583333333333334,-0.1496964916767014,-0.04197017498996528
31,45,divida_latente_sobre_plano,-0.03195835749687811,-0.04555682136513327,-0.018359893628622947
31,45,taxa_falha_efetiva,-0.0072916666666666685,-0.05172650527417368,0.037143171940840346
31,45,fracao_porta1,-0.012499999999999994,-0.024604844648978188,-0.00039515535102179963
31,46,atraso_relativo,-0.19221505249697135,-0.5072904776438738,0.12286037264993105
31,46,taxa_omissao,-0.08645833333333333,-0.13987760388180276,-0.03303906278486391
31,46,divida_latente_sobre_plano,-0.007038091852395216,-0.02185383287068114,0.007777649165890708
31,46,taxa_falha_efetiva,0.005208333333333332,-0.05707576827985397,0.06749243494652063
31,46,fracao_porta1,-0.03645833333333334,-0.10239918985252568,0.02948252318585899
31,48,atraso_relativo,-0.6196216622296008,-1.1215295151411098,-0.11771380931809183
31,48,taxa_omissao,-0.022916666666666665,-0.050784111814585184,0.004950778481251857
31,48,divida_latente_sobre_plano,-0.016833008314340266,-0.02597059704157488,-0.0076954195871056525
31,48,taxa_falha_efetiva,-0.007291666666666667,-0.06442217344774712,0.04983884011441378
31,48,fracao_porta1,-0.02083333333333333,-0.04735371921069756,0.005687052544030898
31,49,atraso_relativo,-0.07715792838874685,-0.30237568039615975,0.14805982361866604
31,49,taxa_omissao,-0.013541666666666667,-0.05895500436013216,0.031871671026798824
31,49,divida_latente_sobre_plano,0.0009266570629855809,-0.013631392092421828,0.01548470621839299
31,49,taxa_falha_efetiva,0.013541666666666662,-0.043331783661829326,0.07041511699516265
31,49,fracao_porta1,-0.01145833333333333,-0.04410777200269857,0.02119110533603191
32,0,atraso_relativo,-0.6296085348708516,-1.0456917915104667,-0.21352527823123651
32,0,taxa_omissao,-0.09583333333333333,-0.12876207083451352,-0.06290459583215315
32,0,divida_latente_sobre_plano,-0.0445274801144669,-0.04985756961466055,-0.039197390614273256
32,0,taxa_falha_efetiva,-0.009375000000000001,-0.05002097029630644,0.03127097029630644
32,0,fracao_porta1,-0.009375000000000001,-0.05037988207669187,0.031629882076691866
32,1,atraso_relativo,-0.20899175777608275,-0.3615428144761972,-0.056440701075968325
32,1,taxa_omissao,-0.078125,-0.09556185960114333,-0.06068814039885667
32,1,divida_latente_sobre_plano,-0.01372991977536446,-0.021721594974580385,-0.005738244576148533
32,1,taxa_falha_efetiva,0.009374999999999994,-0.011149762700959558,0.029899762700959547
32,1,fracao_porta1,-0.02083333333333333,-0.04035180884596825,-0.0013148578206984077
32,2,atraso_relativo,-0.05904602147240792,-0.24123885481369606,0.12314681186888021
32,2,taxa_omissao,-0.071875,-0.09690306531669907,-0.04684693468330092
32,2,divida_latente_sobre_plano,-0.008570332772541335,-0.017002142332304952,-0.00013852321277771883
32,2,taxa_falha_efetiva,0.02083333333333333,-0.012973657940839357,0.054640324607506015
32,2,fracao_porta1,-0.040624999999999994,-0.04896768843889968,-0.032282311561100306
32,3,atraso_relativo,-0.5982759319084867,-1.019982270588717,-0.1765695932282566
32,3,taxa_omissao,-0.033333333333333326,-0.0734805611795353,0.006813894512868644
32,3,divida_latente_sobre_plano,-0.021074158231311618,-0.03557655539571447,-0.006571761066908767
32,3,taxa_falha_efetiva,-0.014583333333333337,-0.028384979726741057,-0.0007816869399256167
32,3,fracao_porta1,-0.03645833333333334,-0.085591180533581,0.012674513866914323
32,4,atraso_relativo,-0.19352973582008443,-0.2952560219317013,-0.09180344970846753
32,4,taxa_omissao,-0.010416666666666664,-0.04127808620374116,0.020444752870407833
32,4,divida_latente_sobre_plano,-0.009938174531451113,-0.018800190562040464,-0.0010761585008617642
32,4,taxa_falha_efetiva,-0.002083333333333338,-0.03567291404840626,0.03150624738173958
32,4,fracao_porta1,-0.03854166666666667,-0.08395500436013216,0.006871671026798823
32,5,atraso_relativo,-0.12694350655339687,-0.3775933691115837,0.12370635600478996
32,5,taxa_omissao,-0.012499999999999997,-0.039567255492189805,0.014567255492189811
32,5,divida_latente_sobre_plano,-0.004042581865914542,-0.0144403689387879,0.006355205206958815
32,5,taxa_falha_efetiva,0.012499999999999992,-0.018597908968946975,0.04359790896894696
32,5,fracao_porta1,-0.019791666666666662,-0.0334599606922306,-0.006123372641102725
32,9,atraso_relativo,-0.9789788859225359,-1.2964266399220565,-0.6615311319230153
32,9,taxa_omissao,-0.0875,-0.12258317285248763,-0.052416827147512356
32,9,divida_latente_sobre_plano,-0.03969859654615752,-0.054151748478749685,-0.02524544461356535
32,9,taxa_falha_efetiva,0.006249999999999997,-0.032974179682268775,0.04547417968226877
32,9,fracao_porta1,-0.035416666666666666,-0.06109491987617319,-0.009738413457160141
32,10,atraso_relativo,-0.3075363907958302,-0.5547380024960085,-0.060334779095651936
32,10,taxa_omissao,-0.08437499999999999,-0.1278093012340438,-0.04094069876595619
32,10,divida_latente_sobre_plano,-0.01475837568312562,-0.02249312522398982,-0.0070236261422614195
32,10,taxa_falha_efetiva,0.004166666666666664,-0.026931242302280306,0.03526457563561363
32,10,fracao_porta1,-0.024999999999999998,-0.05923767094600868,0.009237670946008688
32,11,atraso_relativo,-0.1355038500271708,-0.2016215179445302,-0.0693861821098114
32,11,taxa_omissao,-0.08750000000000001,-0.10545438611445601,-0.069545613885544
32,11,divida_latente_sobre_plano,-0.011190439342900574,-0.0169992543034167,-0.005381624382384449
32,11,taxa_falha_efetiva,-0.007291666666666674,-0.020959960692230634,0.006376627358897286
32,11,fracao_porta1,-0.049999999999999996,-0.08631453394693457,-0.01368546605306542
32,12,atraso_relativo,-0.5858404002333197,-1.0542542771889685,-0.11742652327767095
32,12,taxa_omissao,-0.002083333333333333,-0.0240728756459977,0.019906208979331035
32,12,divida_latente_sobre_plano,-0.0132639945267729,-0.02182432791872851,-0.004703661134817291
32,12,taxa_falha_efetiva,0.030208333333333323,0.017657763275599363,0.042758903391067284
32,12,fracao_porta1,-0.020833333333333336,-0.03878771944778935,-0.002878947218877319
32,13,atraso_relativo,-0.13909450825842667,-0.2408310880624392,-0.03735792845441417
32,13,taxa_omissao,-0.013541666666666664,-0.035447756904795846,0.008364423571462522
32,13,divida_latente_sobre_plano,-0.006101821308162407,-0.021694365933960534,0.009490723317635721
32,13,taxa_falha_efetiva,0.010416666666666663,-0.03438761344661909,0.05522094677995242
32,13,fracao_porta1,-0.04375000000000001,-0.08479952540191912,-0.0027004745980808917
32,14,atraso_relativo,-0.11752396451842875,-0.24871100767001533,0.013663078633157827
32,14,taxa_omissao,-0.009374999999999994,-0.039697575442213785,0.020947575442213796
32,14,divida_latente_sobre_plano,-0.003305302475126696,-0.011609534568912182,0.00499892961865879
32,14,taxa_falha_efetiva,-3.469446951953614e-18,-0.02706725549218981,0.027067255492189805
32,14,fracao_porta1,-0.03645833333333334,-0.07042746938078354,-0.002489197285883149
32,18,atraso_relativo,-0.676193785739569,-1.0531013208912046,-0.29928625058793334
32,18,taxa_omissao,-0.09999999999999998,-0.1378941576890657,-0.06210584231093426
32,18,divida_latente_sobre_plano,-0.045846035117537424,-0.07414672844106637,-0.017545341794008476
32,18,taxa_falha_efetiva,-0.008333333333333342,-0.057354217956162135,0.040687551289495444
32,18,fracao_porta1,-0.04583333333333334,-0.07290058882552315,-0.01876607784114352
32,19,atraso_relativo,-0.2549963574929081,-0.34731765377034407,-0.16267506121547215
32,19,taxa_omissao,-0.0875,-0.09687637234678409,-0.0781236276532159
32,19,divida_latente_sobre_plano,-0.016091053591876618,-0.03533360576244233,0.0031514985786890923
32,19,taxa_falha_efetiva,0.0,-0.036314533946934575,0.036314533946934575
32,19,fracao_porta1,-0.06041666666666667,-0.11808961433065239,-0.0027437190026809444
32,20,atraso_relativo,-0.19825006979654308,-0.35322503340368094,-0.043275106189405194
32,20,taxa_omissao,-0.09270833333333334,-0.12444750376726693,-0.06096916289939974
32,20,divida_latente_sobre_plano,-0.009738368200300707,-0.014968033134932512,-0.004508703265668904
32,20,taxa_falha_efetiva,-0.006249999999999999,-0.059703546631911804,0.04720354663191181
32,20,fracao_porta1,-0.05729166666666667,-0.10988160969330471,-0.004701723640028632
32,21,atraso_relativo,-0.6393011714601935,-1.0157642551133188,-0.2628380878070682
32,21,taxa_omissao,0.0031249999999999976,-0.02571147383199287,0.03196147383199287
32,21,divida_latente_sobre_plano,-0.017644514739584727,-0.033388922967342236,-0.0019001065118272181
32,21,taxa_falha_efetiva,0.011458333333333329,-0.02378111277746299,0.046697779444129645
32,21,fracao_porta1,-0.05937500000000001,-0.09502782618518339,-0.02372217381481663
32,22,atraso_relativo,-0.20829028693857407,-0.3101168168970029,-0.10646375698014524
32,22,taxa_omissao,-0.004166666666666666,-0.03966503944898874,0.03133170611565541
32,22,divida_latente_sobre_plano,-0.006756503225024519,-0.013499809882705528,-1.3196567343508152e-05
32,22,taxa_falha_efetiva,0.008333333333333328,-0.027981200613601234,0.044647867280267886
32,22,fracao_porta1,-0.05729166666666667,-0.10238119746557336,-0.012202135867759978
32,23,atraso_relativo,-0.1515277341549383,-0.2252008296375851,-0.07785463867229155
32,23,taxa_omissao,-0.010416666666666668,-0.05182160584688986,0.030988272513556524
32,23,divida_latente_sobre_plano,-0.0029741167553242057,-0.012731418207877293,0.006783184697228881
32,23,taxa_falha_efetiva,-0.002083333333333338,-0.05414823882209874,0.04998157215543206
32,23,fracao_porta1,-0.065625,-0.10480245640221567,-0.026447543597784333
32,27,atraso_relativo,-0.7324849470044821,-1.0367156263769852,-0.4282542676319789
32,27,taxa_omissao,-0.08333333333333333,-0.12830083540835815,-0.038365831258308496
32,27,divida_latente_sobre_plano,-0.03509680831341624,-0.04751190152023395,-0.02268171510659853
32,27,taxa_falha_efetiva,0.0010416666666666647,-0.07384712440834945,0.07593045774168278
32,27,fracao_porta1,0.0062500000000000056,-0.02461141953707449,0.0371114195370745
32,28,atraso_relativo,0.022843255659751815,-0.04946364649696021,0.09515015781646384
32,28,taxa_omissao,-0.06354166666666666,-0.07609223672440063,-0.050991096608932696
32,28,divida_latente_sobre_plano,-0.013978748605770443,-0.018627624585585204,-0.009329872625955683
32,28,taxa_falha_efetiva,0.02916666666666666,0.009648191154031732,0.04868514217930159
32,28,fracao_porta1,-0.01979166666666666,-0.04299700430936037,0.0034136709760270514
32,29,atraso_relativo,-0.007443645523299569,-0.08463238744308883,0.0697450963964897
32,29,taxa_omissao,-0.078125,-0.12512392024756133,-0.031126079752438675
32,29,divida_latente_sobre_plano,-0.010367420600887325,-0.016854732283701573,-0.003880108918073077
32,29,taxa_falha_efetiva,0.004166666666666666,-0.013787719447789351,0.022121052781122683
32,29,fracao_porta1,-0.0031249999999999993,-0.025031090238129182,0.018781090238129183
32,30,atraso_relativo,-0.5172171557410149,-1.0618223587981326,0.02738804731610278
32,30,taxa_omissao,-0.007291666666666667,-0.04253111277746299,0.027947779444129656
32,30,divida_latente_sobre_plano,-0.016861209614581308,-0.01895700082519763,-0.014765418403964987
32,30,taxa_falha_efetiva,0.002083333333333331,-0.06046487166214531,0.06463153832881197
32,30,fracao_porta1,0.006250000000000009,-0.021617445147918524,0.03411744514791854
32,31,atraso_relativo,0.05597963187308996,-0.09458233563707763,0.20654159938325756
32,31,taxa_omissao,0.0031249999999999984,-0.03293646790947473,0.03918646790947472
32,31,divida_latente_sobre_plano,-0.006212798869348571,-0.00977492723956435,-0.002650670499132792
32,31,taxa_falha_efetiva,0.0031249999999999993,-0.046600723520057924,0.05285072352005793
32,31,fracao_porta1,0.01666666666666667,-0.006930019607223652,0.040263352940556996
32,36,atraso_relativo,-0.9889301592109002,-1.2431417923529018,-0.7347185260688986
32,36,taxa_omissao,-0.08541666666666667,-0.10603047430936331,-0.06480285902397002
32,36,divida_latente_sobre_plano,-0.03162430389766984,-0.04264369109511485,-0.02060491670022483
32,36,taxa_falha_efetiva,0.009374999999999998,-0.02586444611079632,0.04461444611079632
32,36,fracao_porta1,0.020833333333333332,-0.006233922158856486,0.04790058882552315
32,37,atraso_relativo,-0.010554561578000082,-0.17671003698862595,0.15560091383262578
32,37,taxa_omissao,-0.08020833333333333,-0.09925183559369348,-0.06116483107297317
32,37,divida_latente_sobre_plano,-0.01652024657425694,-0.033367752985099704,0.0003272598365858248
32,37,taxa_falha_efetiva,0.006249999999999995,-0.03371432380683133,0.046214323806831326
32,37,fracao_porta1,-0.006249999999999999,-0.06903203087629134,0.05653203087629135
32,38,atraso_relativo,-0.0642015400108683,-0.25984055464979466,0.13143747462805805
32,38,taxa_omissao,-0.08541666666666667,-0.13276502607680046,-0.03806830725653286
32,38,divida_latente_sobre_plano,-0.008214406765586754,-0.018714167687398135,0.002285354156224625
32,38,taxa_falha_efetiva,-0.008333333333333333,-0.024573686628647215,0.007907019961980547
32,38,fracao_porta1,0.011458333333333341,-0.01886424210888045,0.04178090877554713
32,39,atraso_relativo,-0.32312414000687995,-0.8777637770321518,0.2315154970183919
32,39,taxa_omissao,-0.002083333333333332,-0.02776158654283984,0.023594919876173175
32,39,divida_latente_sobre_plano,-0.018290893629380432,-0.034197918576054046,-0.002383868682706819
32,39,taxa_falha_efetiva,0.011458333333333327,-0.01044775690479587,0.03336442357146252
32,39,fracao_porta1,-0.011458333333333327,-0.033364423571462534,0.01044775690479588
32,40,atraso_relativo,-0.018290230852066186,-0.15428835985887104,0.11770789815473867
32,40,taxa_omissao,0.0125,-0.009153804393751842,0.034153804393751847
32,40,divida_latente_sobre_plano,-0.001427248378744843,-0.015840133563161607,0.012985636805671922
32,40,taxa_falha_efetiva,0.001041666666666663,-0.02779480716532621,0.029878140498659535
32,40,fracao_porta1,-0.004166666666666662,-0.027133994554630135,0.01880066122129681
32,41,atraso_relativo,-0.01755730483141639,-0.11535362548605539,0.08023901582322261
32,41,taxa_omissao,-0.0125,-0.07155377957951821,0.046553779579518215
32,41,divida_latente_sobre_plano,-0.005017267537193875,-0.008511643666561954,-0.0015228914078257967
32,41,taxa_falha_efetiva,0.014583333333333332,-0.033073487706538666,0.06224015437320533
32,41,fracao_porta1,0.013541666666666667,-0.028868499158334796,0.05595183249166813
32,45,atraso_relativo,-0.6350849928707818,-1.0404285713698553,-0.2297414143717083
32,45,taxa_omissao,-0.09270833333333332,-0.11393499903301116,-0.07148166763365549
32,45,divida_latente_sobre_plano,-0.03817115636622668,-0.05002473968916521,-0.026317573043288148
32,45,taxa_falha_efetiva,-0.004166666666666669,-0.0343074867724726,0.025974153439139256
32,45,fracao_porta1,0.004166666666666676,-0.026931242302280292,0.035264575635613644
32,46,atraso_relativo,-0.1362354206238814,-0.33122272825894017,0.05875188701117737
32,46,taxa_omissao,-0.08333333333333333,-0.10285180884596826,-0.0638148578206984
32,46,divida_latente_sobre_plano,-0.013250890721743786,-0.025400420181072282,-0.0011013612624152912
32,46,taxa_falha_efetiva,0.008333333333333331,-0.01263287261642515,0.029299539283091813
32,46,fracao_porta1,-0.019791666666666666,-0.09209215174346325,0.052508818410129915
32,47,atraso_relativo,-0.0161161620127329,-0.11581540738919496,0.08358308336372916
32,47,taxa_omissao,-0.09375,-0.13221979810392237,-0.055280201896077644
32,47,divida_latente_sobre_plano,-0.014325685675321893,-0.021836827987606916,-0.00681454336303687
32,47,taxa_falha_efetiva,-0.01041666666666667,-0.0382841118145852,0.017450778481251865
32,47,fracao_porta1,-0.016666666666666666,-0.054560824355732396,0.021227491022399066
32,48,atraso_relativo,-0.5636420303565108,-1.0392802118979239,-0.08800384881509782
32,48,taxa_omissao,-0.019791666666666662,-0.05288685209022671,0.013303518756893385
32,48,divida_latente_sobre_plano,-0.023045807183688836,-0.03458939410864276,-0.011502220258734918
32,48,taxa_falha_efetiva,-0.004166666666666669,-0.055523173085679695,0.04718983975234636
32,48,fracao_porta1,-0.004166666666666659,-0.027763352940556988,0.01943001960722367
32,49,atraso_relativo,-0.02117829651565689,-0.3066246965207702,0.2642681034894564
32,49,taxa_omissao,-0.010416666666666664,-0.04652888965813415,0.02569555632480082
32,49,divida_latente_sobre_plano,-0.0052861418063629905,-0.021077774707546966,0.010505491094820983
32,49,taxa_falha_efetiva,0.016666666666666663,-0.03609712788548834,0.06943046121882167
32,49,fracao_porta1,0.005208333333333339,-0.020964457100384522,0.0313811237670512
32,50,atraso_relativo,-0.05147252010389715,-0.2877908942729593,0.18484585406516502
32,50,taxa_omissao,-0.014583333333333328,-0.05149814817745562,0.02233148151078896
32,50,divida_latente_sobre_plano,-0.004176395455249941,-0.012110393219518671,0.0037576023090187885
32,50,taxa_falha_efetiva,0.0020833333333333294,-0.03714084634893544,0.04130751301560211
32,50,fracao_porta1,-0.004166666666666662,-0.022919411360234853,0.014586078026901528
33,0,atraso_relativo,-0.3385646309757058,-1.2441343103246603,0.5670050483732487
33,0,taxa_omissao,-0.15625,-0.1927657240402084,-0.11973427595979161
33,0,divida_latente_sobre_plano,-0.04361885737604719,-0.048536528649791674,-0.038701186102302707
33,0,taxa_falha_efetiva,-0.014583333333333337,-0.04987471675471702,0.020708050088050343
33,0,fracao_porta1,-0.004166666666666669,-0.05407621973609647,0.04574288640276314
33,3,atraso_relativo,-0.3072320280133411,-1.3277777806778652,0.7133137246511829
33,3,taxa_omissao,-0.09375,-0.14232045346722555,-0.04517954653277444
33,3,divida_latente_sobre_plano,-0.020165535492891906,-0.030677839902565146,-0.009653231083218666
33,3,taxa_falha_efetiva,-0.019791666666666673,-0.04481973198336575,0.005236398650032403
33,3,fracao_porta1,-0.03125,-0.1035758136763043,0.04107581367630431
33,6,atraso_relativo,-0.143685687471022,-0.9362339847346965,0.6488626097926524
33,6,taxa_omissao,0.0010416666666666656,-0.018756323916610248,0.02083965724994358
33,6,divida_latente_sobre_plano,0.0008820538541869244,-0.008522031870123067,0.010286139578496917
33,6,taxa_falha_efetiva,0.001041666666666663,-0.05042172125488701,0.052505054588220336
33,6,fracao_porta1,-0.031249999999999997,-0.06211141953707451,-0.00038858046292548215
33,9,atraso_relativo,-0.6879349820273902,-1.59458512790905,0.21871516385426948
33,9,taxa_omissao,-0.14791666666666667,-0.18320805008805036,-0.11262528324528298
33,9,divida_latente_sobre_plano,-0.038789973807737806,-0.04958491886784943,-0.02799502874762618
33,9,taxa_falha_efetiva,0.001041666666666663,-0.0346111595185167,0.03669449285185002
33,9,fracao_porta1,-0.030208333333333334,-0.05853211786626661,-0.0018845488004000585
33,12,atraso_relativo,-0.2947964963381742,-0.9232349566478875,0.3336419639715391
33,12,taxa_omissao,-0.0625,-0.0895672554921898,-0.03543274450781019
33,12,divida_latente_sobre_plano,-0.012355371788353192,-0.018622618958823826,-0.006088124617882558
33,12,taxa_falha_efetiva,0.024999999999999994,0.0014033137261096722,0.04859668627389031
33,12,fracao_porta1,-0.015625000000000003,-0.07119533460662271,0.039945334606622696
33,15,atraso_relativo,-0.20004934054730464,-1.2811142905041706,0.8810156094095613
33,15,taxa_omissao,0.00625,-0.016396090698300128,0.028896090698300132
33,15,divida_latente_sobre_plano,2.5754063693633278e-05,-0.005723743292622466,0.005775251420009732
33,15,taxa_falha_efetiva,-0.011458333333333333,-0.03706515871822113,0.014148492051554462
33,15,fracao_porta1,-0.042708333333333334,-0.07580351875689341,-0.00961314790977326
33,18,atraso_relativo,-0.38514988184442345,-1.1927919022412834,0.4224921385524365
33,18,taxa_omissao,-0.16041666666666665,-0.2146863451797692,-0.10614698815356409
33,18,divida_latente_sobre_plano,-0.04493741237911771,-0.06872777323100199,-0.021147051527233438
33,18,taxa_falha_efetiva,-0.013541666666666678,-0.07629451695533644,0.049211183622003093
33,18,fracao_porta1,-0.040625,-0.09122701515729174,0.009977015157291741
33,21,atraso_relativo,-0.3482572675650479,-1.0923943441536965,0.3958798090236008
33,21,taxa_omissao,-0.05729166666666667,-0.08289849205155447,-0.03168484128177887
33,21,divida_latente_sobre_plano,-0.016735892001165015,-0.0344255004007908,0.0009537163984607681
33,21,taxa_falha_efetiva,0.006249999999999995,-0.02461141953707449,0.03711141953707448
33,21,fracao_porta1,-0.054166666666666675,-0.08526457563561365,-0.0230687576977197
33,24,atraso_relativo,-0.17455696332690207,-0.7601300080556878,0.4110160814018836
33,24,taxa_omissao,0.0020833333333333324,-0.015458253092910483,0.01962491975957715
33,24,divida_latente_sobre_plano,-0.0002532886675774003,-0.003479303129850545,0.002972725794695744
33,24,taxa_falha_efetiva,-0.008333333333333335,-0.054267989109260284,0.03760132244259362
33,24,fracao_porta1,-0.05833333333333334,-0.10705439321927501,-0.009612273447391663
33,27,atraso_relativo,-0.4414410431093363,-1.2786006314715164,0.3957185452528438
33,27,taxa_omissao,-0.14375,-0.1940980055889307,-0.09340199441106928
33,27,divida_latente_sobre_plano,-0.034188185574996525,-0.0461104823405315,-0.02226588880946155
33,27,taxa_falha_efetiva,-0.004166666666666669,-0.05910719485764292,0.050773861524309585
33,27,fracao_porta1,0.011458333333333338,-0.0573106091103457,0.08022727577701237
33,30,atraso_relativo,-0.22617325184586926,-1.1388833631094746,0.686536859417736
33,30,taxa_omissao,-0.06770833333333334,-0.09443510664928924,-0.04098156001737745
33,30,divida_latente_sobre_plano,-0.015952586876161596,-0.020892466013700126,-0.011012707738623066
33,30,taxa_falha_efetiva,-0.0031250000000000028,-0.0677188374902253,0.06146883749022529
33,30,fracao_porta1,0.011458333333333341,-0.053135504156891965,0.07605217082355864
33,36,atraso_relativo,-0.6978862553157545,-1.514637674109283,0.1188651634777741
33,36,taxa_omissao,-0.14583333333333334,-0.15793817798231152,-0.13372848868435516
33,36,divida_latente_sobre_plano,-0.03071568115925013,-0.0413887775226151,-0.02004258479588516
33,36,taxa_falha_efetiva,0.004166666666666664,-0.012952168806337675,0.021285502139671002
33,36,fracao_porta1,0.026041666666666664,-0.043152107261428936,0.09523544059476227
33,39,atraso_relativo,-0.0320802361117343,-0.9991634378189898,0.9350029655955212
33,39,taxa_omissao,-0.0625,-0.08670968929795637,-0.038290310702043626
33,39,divida_latente_sobre_plano,-0.01738227089096072,-0.03336168473538742,-0.0014028570465340166
33,39,taxa_falha_efetiva,0.006249999999999993,-0.016396090698300128,0.02889609069830011
33,39,fracao_porta1,-0.006249999999999995,-0.05659800558893072,0.04409800558893073
33,42,atraso_relativo,0.042459589671108716,-0.7614856152578207,0.8464047946000381
33,42,taxa_omissao,0.008333333333333333,-0.020818993007118397,0.03748565967378507
33,42,divida_latente_sobre_plano,-0.0031593643077688807,-0.012548147112934572,0.00622941849739681
33,42,taxa_falha_efetiva,-0.012500000000000002,-0.08492703949725594,0.05992703949725594
33,42,fracao_porta1,-0.016666666666666666,-0.10277287757610301,0.06943954424276969
33,45,atraso_relativo,-0.3440410889756361,-1.3238658864110138,0.6357837084597415
33,45,taxa_omissao,-0.153125,-0.18439910249773933,-0.12185089750226068
33,45,divida_latente_sobre_plano,-0.037262533627806974,-0.048979384926240085,-0.025545682329373865
33,45,taxa_falha_efetiva,-0.009375000000000003,-0.03194006685822664,0.01319006685822663
33,45,fracao_porta1,0.009375000000000008,-0.06433048359454906,0.08308048359454907
33,48,atraso_relativo,-0.27259812646136516,-1.0729924680488483,0.5277962151261179
33,48,taxa_omissao,-0.08020833333333333,-0.11786004350653519,-0.042556623160131465
33,48,divida_latente_sobre_plano,-0.022137184445269124,-0.029643008836011314,-0.014631360054526935
33,48,taxa_falha_efetiva,-0.009375000000000003,-0.048552456402215664,0.02980245640221566
33,48,fracao_porta1,0.0010416666666666734,-0.07166301714345966,0.07374635047679301
33,51,atraso_relativo,-0.07501226113379494,-1.0179177464986369,0.8678932242310469
33,51,taxa_omissao,-0.007291666666666665,-0.06233211708907553,0.047748783755742194
33,51,divida_latente_sobre_plano,-0.004237179001936749,-0.02568574379867367,0.01721138579480017
33,51,taxa_falha_efetiva,-0.0072916666666666685,-0.054290586914228,0.039707253580894664
33,51,fracao_porta1,0.0031249999999999993,-0.08784272632664136,0.09409272632664137
34,0,atraso_relativo,-0.7071177984923946,-1.1375156486973452,-0.276719948287444
34,0,taxa_omissao,-0.165625,-0.18614976270095956,-0.14510023729904042
34,0,divida_latente_sobre_plano,-0.052551939784004346,-0.06291637149954134,-0.042187508068467355
34,0,taxa_falha_efetiva,-0.027083333333333327,-0.05495077848125186,0.0007841118145852019
34,0,fracao_porta1,-0.018750000000000006,-0.05566481484412229,0.018164814844122277
34,1,atraso_relativo,-0.28650102139762595,-0.5894016244676643,0.016399581672412455
34,1,taxa_omissao,-0.14791666666666667,-0.16705610657330291,-0.12877722676003042
34,1,divida_latente_sobre_plano,-0.02175437944490191,-0.030817001745790204,-0.01269175714401362
34,1,taxa_falha_efetiva,-0.008333333333333333,-0.029987137727085174,0.013320471060418509
34,1,fracao_porta1,-0.030208333333333334,-0.0415313786824834,-0.018885287984183267
34,3,atraso_relativo,-0.6757851955300299,-1.232118790498387,-0.1194516005616727
34,3,taxa_omissao,-0.103125,-0.15599283105386688,-0.05025716894613311
34,3,divida_latente_sobre_plano,-0.02909861790084907,-0.04911252474043823,-0.009084711061259909
34,3,taxa_falha_efetiva,-0.03229166666666666,-0.06212710077870143,-0.0024562325546318986
34,3,fracao_porta1,-0.04583333333333334,-0.10235142207202416,0.01068475540535748
34,4,atraso_relativo,-0.2710389994416276,-0.4780101877211764,-0.06406781116207882
34,4,taxa_omissao,-0.08020833333333334,-0.1133035187568934,-0.047113147909773286
34,4,divida_latente_sobre_plano,-0.017962634200988564,-0.031236131695759256,-0.004689136706217874
34,4,taxa_falha_efetiva,-0.019791666666666666,-0.0524411053360319,0.012857772002698567
34,4,fracao_porta1,-0.04791666666666667,-0.11776906741565549,0.021935734082322154
34,6,atraso_relativo,-0.5122388549877108,-1.051384113533057,0.026906403557635405
34,6,taxa_omissao,-0.008333333333333335,-0.05458587979348059,0.037919213126813914
34,6,divida_latente_sobre_plano,-0.008051028553770236,-0.02480941335906593,0.008707356251525456
34,6,taxa_falha_efetiva,-0.01145833333333333,-0.06858884011441378,0.045672173447747114
34,6,fracao_porta1,-0.04583333333333333,-0.08449310690424469,-0.007173559762421969
34,7,atraso_relativo,-0.2578570342451753,-0.5414878763184763,0.025773807828125717
34,7,taxa_omissao,-0.014583333333333335,-0.042450778481251866,0.013284111814585194
34,7,divida_latente_sobre_plano,-0.009252709751611871,-0.02450796410897818,0.006002544605754438
34,7,taxa_falha_efetiva,-0.024999999999999994,-0.09107959190613768,0.04107959190613769
34,7,fracao_porta1,-0.04791666666666667,-0.08561699107596306,-0.010216342257370281
34,9,atraso_relativo,-1.0564881495440792,-1.5520573360486516,-0.5609189630395068
34,9,taxa_omissao,-0.15729166666666666,-0.18612814049865953,-0.1284551928346738
34,9,divida_latente_sobre_plano,-0.04772305621569497,-0.06956679396472726,-0.02587931846666268
34,9,taxa_falha_efetiva,-0.01145833333333333,-0.0227813786824834,-0.0001352879841832605
34,9,fracao_porta1,-0.04479166666666667,-0.06045797341585377,-0.02912535991747956
34,10,atraso_relativo,-0.3850456544173734,-0.837804814402215,0.06771350556746825
34,10,taxa_omissao,-0.15416666666666667,-0.21659763031259183,-0.09173570302074151
34,10,divida_latente_sobre_plano,-0.02278283535266307,-0.038412881657863204,-0.0071527890474629326
34,10,taxa_falha_efetiva,-0.013541666666666664,-0.08252335189990243,0.055440018566569105
34,10,fracao_porta1,-0.034375,-0.07573567947844406,0.006985679478444064
34,12,atraso_relativo,-0.663349663854863,-1.1216506016389505,-0.20504872607077557
34,12,taxa_omissao,-0.071875,-0.10171043411203476,-0.04203956588796523
34,12,divida_latente_sobre_plano,-0.021288454196310348,-0.033654443101851214,-0.008922465290769484
34,12,taxa_falha_efetiva,0.012499999999999997,-0.028370659516641188,0.05337065951664118
34,12,fracao_porta1,-0.03020833333333334,-0.061482435831072685,0.0010657691644060073
34,13,atraso_relativo,-0.21660377187996988,-0.42915813520726354,-0.004049408552676215
34,13,taxa_omissao,-0.08333333333333333,-0.11799633326989892,-0.04867033339676774
34,13,divida_latente_sobre_plano,-0.014126280977699857,-0.03685898002543652,0.008606418070036807
34,13,taxa_falha_efetiva,-0.007291666666666663,-0.0669318321008342,0.05234849876750087
34,13,fracao_porta1,-0.053125000000000006,-0.07815306531669906,-0.028096934683300944
34,15,atraso_relativo,-0.5686025080639934,-1.3383465896965583,0.20114157356857165
34,15,taxa_omissao,-0.003125000000000002,-0.011467688438899691,0.005217688438899688
34,15,divida_latente_sobre_plano,-0.008907328344263526,-0.02411785360334196,0.00630319691481491
34,15,taxa_falha_efetiva,-0.023958333333333325,-0.04898639865003239,0.0010697319833657438
34,15,fracao_porta1,-0.05729166666666667,-0.10366286029855706,-0.010920473034776272
34,16,atraso_relativo,-0.29268730089289724,-0.726652684327541,0.14127808254174656
34,16,taxa_omissao,0.004166666666666663,-0.01880066122129682,0.027133994554630145
34,16,divida_latente_sobre_plano,-0.0015457141799014107,-0.01332386361617802,0.010232435256375197
34,16,taxa_falha_efetiva,-0.021874999999999995,-0.04690306531669906,0.0031530653166990663
34,16,fracao_porta1,-0.06354166666666666,-0.09878111277746299,-0.028302220555870346
34,18,atraso_relativo,-0.7537030493611123,-1.2253651786818156,-0.282040920040409
34,18,taxa_omissao,-0.16979166666666667,-0.21616286029855705,-0.1234204730347763
34,18,divida_latente_sobre_plano,-0.053870494787074875,-0.08619718608957126,-0.02154380348457849
34,18,taxa_falha_efetiva,-0.026041666666666668,-0.08617119550737214,0.034087862174038794
34,18,fracao_porta1,-0.055208333333333345,-0.09207349810139637,-0.018343168565270324
34,19,atraso_relativo,-0.33250562111445137,-0.5784317917577625,-0.08657945047114027
34,19,taxa_omissao,-0.15729166666666666,-0.18112007718660264,-0.13346325614673069
34,19,divida_latente_sobre_plano,-0.02411551326141407,-0.04848695678630356,0.00025593026347542694
34,19,taxa_falha_efetiva,-0.017708333333333326,-0.056509978109712714,0.02109331144304606
34,19,fracao_porta1,-0.06979166666666667,-0.12210224547009661,-0.017481087863236724
34,21,atraso_relativo,-0.7168104350817367,-1.2778208429691196,-0.15580002719435393
34,21,taxa_omissao,-0.06666666666666667,-0.08378550213967101,-0.04954783119366232
34,21,divida_latente_sobre_plano,-0.025668974409122178,-0.038481609846746055,-0.0128563389714983
34,21,taxa_falha_efetiva,-0.006249999999999999,-0.026863807642696632,0.014363807642696635
34,21,fracao_porta1,-0.06875,-0.08936380764269666,-0.04813619235730335
34,22,atraso_relativo,-0.2857995505601173,-0.41696609332255674,-0.15463300779767783
34,22,taxa_omissao,-0.07395833333333333,-0.09221619535343753,-0.05570047131322914
34,22,divida_latente_sobre_plano,-0.014780962894561968,-0.022010968531965568,-0.007550957257158367
34,22,taxa_falha_efetiva,-0.009375,-0.03969757544221378,0.020947575442213776
34,22,fracao_porta1,-0.06666666666666668,-0.09869307526693391,-0.03464025806639945
34,24,atraso_relativo,-0.5431101308435908,-0.7561998910344528,-0.3300203706527288
34,24,taxa_omissao,-0.007291666666666668,-0.024728526267809987,0.01014519293447665
34,24,divida_latente_sobre_plano,-0.00918637107553456,-0.026607586797742562,0.008234844646673442
34,24,taxa_falha_efetiva,-0.02083333333333333,-0.06740160049932586,0.025734933832659214
34,24,fracao_porta1,-0.07291666666666667,-0.12026502607680048,-0.025568307256532863
34,25,atraso_relativo,-0.2285614309288424,-0.48386014896491136,0.02673728710722656
34,25,taxa_omissao,-0.00625,-0.014809417736502174,0.002309417736502173
34,25,divida_latente_sobre_plano,-0.0021973643075810004,-0.013480748961566162,0.00908602034640416
34,25,taxa_falha_efetiva,-0.01770833333333333,-0.06888620788444319,0.033469541217776524
34,25,fracao_porta1,-0.06979166666666668,-0.12588688031170384,-0.013696453021629522
34,27,atraso_relativo,-0.8099942106260252,-1.285165883969091,-0.3348225372829595
34,27,taxa_omissao,-0.153125,-0.1787318253848878,-0.12751817461511222
34,27,divida_latente_sobre_plano,-0.04312126798295369,-0.055704078457058784,-0.030538457508848593
34,27,taxa_falha_efetiva,-0.016666666666666663,-0.0705298250100347,0.037196491676701374
34,27,fracao_porta1,-0.0031249999999999993,-0.04885985206334348,0.04260985206334349
34,28,atraso_relativo,-0.0546660079617914,-0.3222845467285066,0.21295253080492382
34,28,taxa_omissao,-0.13333333333333333,-0.159295332761134,-0.10737133390553266
34,28,divida_latente_sobre_plano,-0.022003208275307894,-0.02790329999937831,-0.01610311655123748
34,28,taxa_falha_efetiva,0.011458333333333336,-0.02658055113719198,0.04949721780385865
34,28,fracao_porta1,-0.029166666666666664,-0.06382966660323225,0.005496333269898925
34,30,atraso_relativo,-0.5947264193625581,-1.040376461564022,-0.14907637716109406
34,30,taxa_omissao,-0.07708333333333334,-0.0990728756459977,-0.05509379102066897
34,30,divida_latente_sobre_plano,-0.024885669284118755,-0.036610591237982416,-0.013160747330255096
34,30,taxa_falha_efetiva,-0.015624999999999997,-0.040653065316699065,0.009403065316699072
34,30,fracao_porta1,-0.003124999999999996,-0.04553516582500146,0.03928516582500147
34,31,atraso_relativo,-0.02152963174845325,-0.16292917071795576,0.11986990722104925
34,31,taxa_omissao,-0.06666666666666667,-0.10894707135377828,-0.024386261979555054
34,31,divida_latente_sobre_plano,-0.014237258538886022,-0.027385672401709547,-0.001088844676062498
34,31,taxa_falha_efetiva,-0.014583333333333328,-0.06720809261206476,0.038041425945398104
34,31,fracao_porta1,0.007291666666666665,-0.03335430362963979,0.04793763696297311
34,33,atraso_relativo,-0.3685531675166889,-0.9000877827453303,0.16298144771195255
34,33,taxa_omissao,-0.009375000000000001,-0.03664450429834894,0.017894504298348938
34,33,divida_latente_sobre_plano,-0.00893308240795716,-0.023451689764091108,0.005585524948176787
34,33,taxa_falha_efetiva,-0.012499999999999994,-0.05647908462532872,0.031479084625328724
34,33,fracao_porta1,-0.014583333333333337,-0.03909377564474774,0.009927108978081061
34,36,atraso_relativo,-1.0664394228324434,-1.5177937898970009,-0.615085055767886
34,36,taxa_omissao,-0.15520833333333334,-0.17777340019156002,-0.13264326647510666
34,36,divida_latente_sobre_plano,-0.039648763567207285,-0.05383000092993229,-0.025467526204482283
34,36,taxa_falha_efetiva,-0.00833333333333333,-0.03697862401548589,0.020311957348819236
34,36,fracao_porta1,0.011458333333333327,-0.033955004360132185,0.05687167102679884
34,37,atraso_relativo,-0.0880638251995433,-0.20993378471859303,0.03380613431950645
34,37,taxa_omissao,-0.15000000000000002,-0.18508317285248765,-0.11491682714751239
34,37,divida_latente_sobre_plano,-0.02454470624379439,-0.042704830030902946,-0.006384582456685831
34,37,taxa_falha_efetiva,-0.011458333333333333,-0.06569425154549333,0.042777584878826665
34,37,fracao_porta1,-0.015625000000000003,-0.09376924947618001,0.06251924947618001
34,39,atraso_relativo,-0.4006334036284231,-0.8629359216799081,0.06166911442306189
34,39,taxa_omissao,-0.071875,-0.095703410519936,-0.04804658948006399
34,39,divida_latente_sobre_plano,-0.026315353298917883,-0.038395235531721666,-0.014235471066114098
34,39,taxa_falha_efetiva,-0.00625,-0.05138013371645327,0.038880133716453276
34,39,fracao_porta1,-0.020833333333333332,-0.050974153439139254,0.00930748677247259
34,40,atraso_relativo,-0.0957994944736094,-0.24335291427138905,0.05175392532417024
34,40,taxa_omissao,-0.05729166666666667,-0.08663187245766937,-0.027951460875663976
34,40,divida_latente_sobre_plano,-0.009451708048282293,-0.030024943874954295,0.011121527778389708
34,40,taxa_falha_efetiva,-0.016666666666666666,-0.07471946221903958,0.04138612888570624
34,40,fracao_porta1,-0.013541666666666667,-0.05158055113719198,0.024497217803858648
34,42,atraso_relativo,-0.32609357784558013,-0.7971849684893482,0.14499781279818785
34,42,taxa_omissao,-0.0010416666666666682,-0.035862825599139586,0.033779492265806246
34,42,divida_latente_sobre_plano,-0.012092446715726039,-0.02987254811777737,0.00568765468632529
34,42,taxa_falha_efetiva,-0.024999999999999994,-0.11542246031741775,0.06542246031741776
34,42,fracao_porta1,-0.03125,-0.09403203087629135,0.03153203087629135
34,43,atraso_relativo,-0.06383211687929685,-0.25710436191979097,0.12944012816119727
34,43,taxa_omissao,-2.168404344971009e-18,-0.03978057881604635,0.03978057881604635
34,43,divida_latente_sobre_plano,-0.0035338608411432954,-0.018646021522063745,0.011578299839777154
34,43,taxa_falha_efetiva,-0.010416666666666664,-0.08414699620279267,0.06331366286945933
34,43,fracao_porta1,-0.034375,-0.08914858606031259,0.020398586060312578
34,45,atraso_relativo,-0.712594256492325,-1.178185865066176,-0.24700264791847382
34,45,taxa_omissao,-0.1625,-0.1812527446935682,-0.14374725530643181
34,45,divida_latente_sobre_plano,-0.04619561603576412,-0.05956671110237296,-0.03282452096915529
34,45,taxa_falha_efetiva,-0.021875,-0.043781090238129185,3.1090238129187486e-05
34,45,fracao_porta1,-0.005208333333333329,-0.05463850758750791,0.044221840920841256
34,46,atraso_relativo,-0.21374468424542462,-0.5690915202903212,0.14160215179947191
34,46,taxa_omissao,-0.153125,-0.18039450429834894,-0.12585549570165108
34,46,divida_latente_sobre_plano,-0.021275350391281235,-0.02786416848070989,-0.014686532301852582
34,46,taxa_falha_efetiva,-0.009374999999999996,-0.0492934668510436,0.03054346685104361
34,46,fracao_porta1,-0.029166666666666678,-0.1202350099097262,0.06190167657639285
34,48,atraso_relativo,-0.6411512939780539,-1.0353027529663335,-0.2469998349897743
34,48,taxa_omissao,-0.08958333333333333,-0.11526158654283986,-0.06390508012382681
34,48,divida_latente_sobre_plano,-0.031070266853226284,-0.048533319185602115,-0.013607214520850452
34,48,taxa_falha_efetiva,-0.021875,-0.044440066858226636,0.0006900668582266387
34,48,fracao_porta1,-0.013541666666666664,-0.06267451386691435,0.03559118053358103
34,49,atraso_relativo,-0.0986875601372001,-0.23941693687088678,0.04204181659648655
34,49,taxa_omissao,-0.08020833333333333,-0.09490961607887789,-0.06550705058778876
34,49,divida_latente_sobre_plano,-0.01331060147590044,-0.031017248300149,0.004396045348348117
34,49,taxa_falha_efetiva,-0.0010416666666666664,-0.028311170965015613,0.02622783763168228
34,49,fracao_porta1,-0.004166666666666666,-0.04713460268989552,0.03880126935656219
34,51,atraso_relativo,-0.4435654286504838,-0.8879854789522186,0.0008546216512509419
34,51,taxa_omissao,-0.016666666666666666,-0.05377941759371897,0.020446084260385636
34,51,divida_latente_sobre_plano,-0.01317026140989391,-0.02154884593924638,-0.004791676880541438
34,51,taxa_falha_efetiva,-0.019791666666666662,-0.028134355105566354,-0.011448978227766972
34,51,fracao_porta1,-0.011458333333333338,-0.08436427616878142,0.06144760950211475
34,52,atraso_relativo,-0.07706811207829178,-0.272210438258367,0.1180742141017834
34,52,taxa_omissao,-0.01041666666666667,-0.014244554647993915,-0.006588778685339424
34,52,divida_latente_sobre_plano,-0.002731982114751858,-0.013640932640895206,0.00817696841139149
34,52,taxa_falha_efetiva,-0.023958333333333325,-0.05569750376726691,0.007780837100600263
34,52,fracao_porta1,-0.0072916666666666685,-0.04829654874335853,0.03371321541002519
35,0,atraso_relativo,-0.6707250084752945,-1.0562369477935123,-0.2852130691570767
35,0,taxa_omissao,-0.14895833333333333,-0.18335611896853607,-0.1145605476981306
35,0,divida_latente_sobre_plano,-0.0533557814579118,-0.05737724398317288,-0.049334318932650716
35,0,taxa_falha_efetiva,-0.013541666666666655,-0.05991286029855704,0.03282952696522373
35,0,fracao_porta1,-0.010416666666666675,-0.03551780678213458,0.014684473448801225
35,1,atraso_relativo,-0.2501082313805258,-0.49604453376864777,-0.004171928992403845
35,1,taxa_omissao,-0.13125,-0.15576044231141442,-0.1067395576885856
35,1,divida_latente_sobre_plano,-0.022558221118809355,-0.02713503440733496,-0.01798140783028375
35,1,taxa_falha_efetiva,0.005208333333333339,-0.01669775690479585,0.02711442357146253
35,1,fracao_porta1,-0.021875000000000002,-0.037541306749187126,-0.006208693250812875
35,2,atraso_relativo,-0.10016249507685096,-0.2856174307001572,0.08529244054645532
35,2,taxa_omissao,-0.125,-0.16693241189951694,-0.08306758810048306
35,2,divida_latente_sobre_plano,-0.017398634115986227,-0.02668155102285306,-0.008115717209119393
35,2,taxa_falha_efetiva,0.01666666666666667,-0.03324288640276313,0.06657621973609647
35,2,fracao_porta1,-0.04166666666666667,-0.07459540416784685,-0.008737929165486491
35,3,atraso_relativo,-0.6393924055129298,-1.1784056500414901,-0.10037916098436939
35,3,taxa_omissao,-0.08645833333333333,-0.14307356007908367,-0.029843106587582997
35,3,divida_latente_sobre_plano,-0.029902459574756513,-0.04378796363074451,-0.016016955518768514
35,3,taxa_falha_efetiva,-0.018749999999999992,-0.035435376877799366,-0.0020646231222006227
35,3,fracao_porta1,-0.037500000000000006,-0.0850028406016819,0.010002840601681877
35,4,atraso_relativo,-0.23464620942452746,-0.43523292255440976,-0.034059496294645164
35,4,taxa_omissao,-0.06354166666666666,-0.08971445710038452,-0.03736887623294881
35,4,divida_latente_sobre_plano,-0.018766475874896008,-0.033101031297668226,-0.004431920452123785
35,4,taxa_falha_efetiva,-0.006249999999999993,-0.025389439906636238,0.01288943990663625
35,4,fracao_porta1,-0.039583333333333345,-0.11331366286945938,0.034146996202792684
35,5,atraso_relativo,-0.16805998015783988,-0.5486676501853601,0.2125476898696804
35,5,taxa_omissao,-0.06562499999999999,-0.10086444611079631,-0.030385553889203665
35,5,divida_latente_sobre_plano,-0.012870883209359437,-0.028729388866047333,0.0029876224473284595
35,5,taxa_falha_efetiva,0.008333333333333337,-0.024595404167846814,0.04126207083451349
35,5,fracao_porta1,-0.020833333333333336,-0.0644779713967501,0.02281130473008343
35,6,atraso_relativo,-0.4758460649706107,-0.9291579409467721,-0.022534188994449367
35,6,taxa_omissao,0.008333333333333331,-0.027981200613601237,0.0446478672802679
35,6,divida_latente_sobre_plano,-0.008854870227677681,-0.021477564585674683,0.003767824130319321
35,6,taxa_falha_efetiva,0.0020833333333333415,-0.025784111814585182,0.029950778481251862
35,6,fracao_porta1,-0.0375,-0.06906557294008919,-0.0059344270599108115
35,7,atraso_relativo,-0.22146424422807515,-0.456129957905521,0.0132014694493707
35,7,taxa_omissao,0.002083333333333332,-0.011718313060074394,0.01588497972674106
35,7,divida_latente_sobre_plano,-0.010056551425519318,-0.015902458814583284,-0.004210644036455354
35,7,taxa_falha_efetiva,-0.011458333333333322,-0.04911004350653518,0.02619337683986854
35,7,fracao_porta1,-0.03958333333333334,-0.08027434072965645,0.001107674062989776
35,8,atraso_relativo,-0.18900947488072267,-0.37658284374498646,-0.0014361060164588824
35,8,taxa_omissao,0.010416666666666668,-0.014093775644747727,0.03492710897808106
35,8,divida_latente_sobre_plano,-0.0034966088900470356,-0.01657868047372424,0.009585462693630167
35,8,taxa_falha_efetiva,-0.008333333333333323,-0.065367579714476,0.04870091304780936
35,8,fracao_porta1,-0.04062500000000001,-0.11763597979784692,0.0363859797978469
35,9,atraso_relativo,-1.0200953595269788,-1.4883296453286883,-0.5518610737252694
35,9,taxa_omissao,-0.140625,-0.1805434668510436,-0.10070653314895639
35,9,divida_latente_sobre_plano,-0.048526897889602405,-0.05807867459690811,-0.0389751211822967
35,9,taxa_falha_efetiva,0.0020833333333333415,-0.03638646477058901,0.04055313143725569
35,9,fracao_porta1,-0.03645833333333334,-0.06089393442481,-0.012022732241856682
35,10,atraso_relativo,-0.3486528644002732,-0.7691240097003209,0.07181828089977443
35,10,taxa_omissao,-0.1375,-0.19802422324489094,-0.07697577675510907
35,10,divida_latente_sobre_plano,-0.023586677026570517,-0.02758831723901959,-0.019585036814121444
35,10,taxa_falha_efetiva,8.673617379884035e-18,-0.034237670946008665,0.03423767094600868
35,10,fracao_porta1,-0.02604166666666667,-0.06740234614511073,0.015319012811777388
35,11,atraso_relativo,-0.1766203236316138,-0.3947108451407906,0.041470197877562925
35,11,taxa_omissao,-0.140625,-0.17372018542356005,-0.10752981457643995
35,11,divida_latente_sobre_plano,-0.020018740686345467,-0.02682472836315857,-0.013212753009532363
35,11,taxa_falha_efetiva,-0.011458333333333329,-0.025126627358897265,0.0022099606922306066
35,11,fracao_porta1,-0.051041666666666666,-0.10661200127328935,0.004528667939956016
35,12,atraso_relativo,-0.6269568738377629,-1.0069293534144812,-0.24698439426104452
35,12,taxa_omissao,-0.05520833333333334,-0.08960611896853607,-0.020810547698130608
35,12,divida_latente_sobre_plano,-0.0220922958702178,-0.02656644379546795,-0.017618147944967646
35,12,taxa_falha_efetiva,0.026041666666666668,0.012373372641102727,0.03970996069223061
35,12,fracao_porta1,-0.02187500000000001,-0.05497018542356008,0.011220185423560066
35,13,atraso_relativo,-0.1802109818628697,-0.368547280591802,0.008125316866062549
35,13,taxa_omissao,-0.06666666666666667,-0.09959540416784685,-0.03373792916548649
35,13,divida_latente_sobre_plano,-0.014930122651607303,-0.025738764159648646,-0.004121481143565959
35,13,taxa_falha_efetiva,0.006250000000000009,-0.03334598116655382,0.04584598116655385
35,13,fracao_porta1,-0.044791666666666674,-0.07311545119959995,-0.016467882133733406
35,14,atraso_relativo,-0.15864043812287176,-0.408475411711127,0.09119453546538347
35,14,taxa_omissao,-0.06249999999999999,-0.09062911704035229,-0.03437088295964771
35,14,divida_latente_sobre_plano,-0.01213360381857159,-0.017773659740166564,-0.006493547896976617
35,14,taxa_falha_efetiva,-0.004166666666666659,-0.01354303901345076,0.005209705680117442
35,14,fracao_porta1,-0.03750000000000001,-0.046876372346784115,-0.028123627653215907
35,15,atraso_relativo,-0.5322097180468932,-1.2155577020065047,0.15113826591271828
35,15,taxa_omissao,0.013541666666666667,0.0022186213175165986,0.024864712015816734
35,15,divida_latente_sobre_plano,-0.009711170018170972,-0.016647697894675656,-0.002774642141666288
35,15,taxa_falha_efetiva,-0.010416666666666654,-0.031030474309363294,0.010197140976029986
35,15,fracao_porta1,-0.04895833333333334,-0.09688342971114117,-0.0010332369555255128
35,16,atraso_relativo,-0.256294510875797,-0.6821881150711002,0.16959909331950612
35,16,taxa_omissao,0.02083333333333333,-0.0021339945546301545,0.04380066122129681
35,16,divida_latente_sobre_plano,-0.002349555853808856,-0.011841500001294157,0.007142388293676444
35,16,taxa_falha_efetiva,-0.008333333333333323,-0.03130066122129681,0.01463399455463016
35,16,fracao_porta1,-0.05520833333333334,-0.09126980124280806,-0.019146865423858607
35,17,atraso_relativo,-0.22538023536391416,-0.5464006885143093,0.09564021778648102
35,17,taxa_omissao,0.017708333333333333,0.0030070505877887663,0.0324096160788779
35,17,divida_latente_sobre_plano,-0.003406858188285986,-0.014827098706727182,0.00801338233015521
35,17,taxa_falha_efetiva,-0.012499999999999994,-0.05938186173392049,0.034381861733920493
35,17,fracao_porta1,-0.055208333333333345,-0.08830351875689339,-0.022113147909773298
35,18,atraso_relativo,-0.7173102593440123,-1.1000246435651593,-0.3345958751228652
35,18,taxa_omissao,-0.153125,-0.2059928310538669,-0.10025716894613312
35,18,divida_latente_sobre_plano,-0.054674336460982326,-0.08056088630759577,-0.02878778661436888
35,18,taxa_falha_efetiva,-0.012499999999999995,-0.07902160079306611,0.054021600793066116
35,18,fracao_porta1,-0.046875000000000014,-0.08928516582500148,-0.004464834174998544
35,19,atraso_relativo,-0.29611283109735115,-0.48380310536174403,-0.10842255683295826
35,19,taxa_omissao,-0.140625,-0.16565306531669907,-0.11559693468330093
35,19,divida_latente_sobre_plano,-0.024919354935321512,-0.03729002383291753,-0.012548686037725496
35,19,taxa_falha_efetiva,-0.004166666666666655,-0.04431389451286863,0.03598056117953531
35,19,fracao_porta1,-0.06145833333333334,-0.10174219422740662,-0.02117447243926006
35,20,atraso_relativo,-0.23936654340098612,-0.5433142812819043,0.06458119447993205
35,20,taxa_omissao,-0.14583333333333334,-0.16378771944778936,-0.12787894721887733
35,20,divida_latente_sobre_plano,-0.018566669543745605,-0.022191815118681697,-0.014941523968809513
35,20,taxa_falha_efetiva,-0.010416666666666654,-0.06468634517976923,0.04385301184643593
35,20,fracao_porta1,-0.058333333333333334,-0.10882664371382421,-0.00784002295284246
35,21,atraso_relativo,-0.6804176450646365,-1.1517334738624836,-0.20910181626678942
35,21,taxa_omissao,-0.05,-0.07760329278681548,-0.02239670721318453
35,21,divida_latente_sobre_plano,-0.02647281608302962,-0.03901275749018833,-0.01393287467587091
35,21,taxa_falha_efetiva,0.007291666666666674,-0.03113049080213185,0.0457138241354652
35,21,fracao_porta1,-0.06041666666666669,-0.09312215591578267,-0.027711177417550706
35,22,atraso_relativo,-0.24940676054301708,-0.3597624580516472,-0.139051063034387
35,22,taxa_omissao,-0.05729166666666667,-0.07708965724994359,-0.03749367608338976
35,22,divida_latente_sobre_plano,-0.015584804568469415,-0.02123085943843534,-0.009938749698503488
35,22,taxa_falha_efetiva,0.004166666666666673,-0.03372749102239906,0.042060824355732405
35,22,fracao_porta1,-0.058333333333333334,-0.08646245037368563,-0.030204216292981038
35,23,atraso_relativo,-0.19264420775938135,-0.3469095653848894,-0.038378850133873293
35,23,taxa_omissao,-0.06354166666666666,-0.10346013351771027,-0.023623199815623053
35,23,divida_latente_sobre_plano,-0.0118024180987691,-0.016397583008029067,-0.007207253189509134
35,23,taxa_falha_efetiva,-0.006249999999999993,-0.05942871937847684,0.046928719378476855
35,23,fracao_porta1,-0.06666666666666667,-0.11291921312681391,-0.02041412020651942
35,24,atraso_relativo,-0.5067173408264908,-0.7645377235179727,-0.24889695813500884
35,24,taxa_omissao,0.009374999999999998,-0.0019480453491500672,0.02069804534915006
35,24,divida_latente_sobre_plano,-0.009990212749442007,-0.016804908870302837,-0.003175516628581178
35,24,taxa_falha_efetiva,-0.007291666666666656,-0.07389581756486704,0.059312484231533735
35,24,fracao_porta1,-0.06458333333333334,-0.10417931449988718,-0.024987352166779504
35,25,atraso_relativo,-0.19216864091174224,-0.43057309736567523,0.04623581554219075
35,25,taxa_omissao,0.010416666666666666,-0.00338497972674107,0.024218313060074402
35,25,divida_latente_sobre_plano,-0.003001205981488446,-0.008578688416052766,0.0025762764530758743
35,25,taxa_falha_efetiva,-0.0041666666666666605,-0.08391178097816465,0.07557844764483132
35,25,fracao_porta1,-0.06145833333333335,-0.1062217149624102,-0.016694951704256493
35,26,atraso_relativo,-0.205960905211309,-0.4132148727480449,0.0012930623254269191
35,26,taxa_omissao,0.008333333333333331,-0.0059893120077429505,0.02265597867440961
35,26,divida_latente_sobre_plano,-0.0014286799341506192,-0.007495826442160102,0.004638466573858863
35,26,taxa_falha_efetiva,-0.008333333333333323,-0.09025371352102549,0.07358704685435885
35,26,fracao_porta1,-0.061458333333333344,-0.12085230508316411,-0.002064361583502587
35,27,atraso_relativo,-0.773601420608925,-1.1669788215075536,-0.38022401971029635
35,27,taxa_omissao,-0.13645833333333335,-0.1691077720026986,-0.10380889466396809
35,27,divida_latente_sobre_plano,-0.04392510965686113,-0.05054904997505186,-0.037301169338670406
35,27,taxa_falha_efetiva,-0.003124999999999989,-0.07898578230978974,0.07273578230978976
35,27,fracao_porta1,0.005208333333333332,-0.036152346145110745,0.0465690128117774
35,28,atraso_relativo,-0.018273217944691222,-0.23741707538021267,0.20087063949083023
35,28,taxa_omissao,-0.11666666666666667,-0.14479578370701895,-0.08853754962631438
35,28,divida_latente_sobre_plano,-0.022807049949215338,-0.030330524681192142,-0.015283575217238533
35,28,taxa_falha_efetiva,0.02500000000000001,-0.006565572940089193,0.05656557294008921
35,28,fracao_porta1,-0.020833333333333332,-0.051931242302280314,0.010264575635613647
35,29,atraso_relativo,-0.04856011912774261,-0.23521756996101786,0.13809733170553265
35,29,taxa_omissao,-0.13125,-0.19541709528818235,-0.06708290471181765
35,29,divida_latente_sobre_plano,-0.01919572194433222,-0.03148455197778843,-0.006906891910876003
35,29,taxa_falha_efetiva,1.0408340855860843e-17,-0.03590877222891202,0.035908772228912034
35,29,fracao_porta1,-0.004166666666666673,-0.04431389451286864,0.0359805611795353
35,30,atraso_relativo,-0.5583336293454579,-1.073723245313492,-0.04294401337742404
35,30,taxa_omissao,-0.06041666666666667,-0.09127808620374117,-0.02955524712959217
35,30,divida_latente_sobre_plano,-0.0256895109580262,-0.03377187759575552,-0.01760714432029688
35,30,taxa_falha_efetiva,-0.002083333333333324,-0.06625042862151567,0.06208376195484902
35,30,fracao_porta1,0.005208333333333336,-0.03244337683986853,0.0428600435065352
35,31,atraso_relativo,0.014863158268646925,-0.14745113040853824,0.1771774469458321
35,31,taxa_omissao,-0.05,-0.0770672554921898,-0.0229327445078102
35,31,divida_latente_sobre_plano,-0.015041100212793465,-0.021011690517120436,-0.009070509908466496
35,31,taxa_falha_efetiva,-0.001041666666666656,-0.03136424210888045,0.029280908775547135
35,31,fracao_porta1,0.015624999999999997,-0.023176644776379405,0.0544266447763794
35,32,atraso_relativo,-0.04111647360444304,-0.21767741417218983,0.13544446696330376
35,32,taxa_omissao,-0.053125000000000006,-0.07138286202010419,-0.03486713797989582
35,32,divida_latente_sobre_plano,-0.008828301343444894,-0.016171770913411366,-0.0014848317734784218
35,32,taxa_falha_efetiva,-0.004166666666666655,-0.023685142179301576,0.015351808845968266
35,32,fracao_porta1,-0.0010416666666666734,-0.03369110533603194,0.031607772002698584
35,33,atraso_relativo,-0.33216037749958865,-0.869340601213523,0.2050198462143457
35,33,taxa_omissao,0.007291666666666665,-0.013934999033011177,0.028518332366344507
35,33,divida_latente_sobre_plano,-0.009736924081864606,-0.015312385326818556,-0.004161462836910657
35,33,taxa_falha_efetiva,0.0010416666666666786,-0.028298539124336018,0.030381872457669372
35,33,fracao_porta1,-0.0062500000000000056,-0.0351499204957835,0.022649920495783488
35,34,atraso_relativo,0.03639279001710018,-0.060029477015949156,0.1328150570501495
35,34,taxa_omissao,0.01666666666666667,0.0013551147413576794,0.03197821859197566
35,34,divida_latente_sobre_plano,-0.0008038416739074453,-0.013561750153763945,0.011954066805949055
35,34,taxa_falha_efetiva,0.013541666666666672,-0.02563578973554899,0.05271912306888234
35,34,fracao_porta1,0.008333333333333331,-0.005989312007742949,0.02265597867440961
35,36,atraso_relativo,-1.0300466328153433,-1.4073561551500944,-0.6527371104805921
35,36,taxa_omissao,-0.13854166666666667,-0.16237007718660268,-0.11471325614673068
35,36,divida_latente_sobre_plano,-0.040452605241114735,-0.045966209702144836,-0.034939000780084634
35,36,taxa_falha_efetiva,0.005208333333333343,-0.026530837100600245,0.03694750376726693
35,36,fracao_porta1,0.01979166666666666,-0.023303960384050235,0.06288729371738355
35,37,atraso_relativo,-0.05167103518244312,-0.11622150056004599,0.012879430195159747
35,37,taxa_omissao,-0.13333333333333336,-0.16489890627342257,-0.10176776039324416
35,37,divida_latente_sobre_plano,-0.025348547917701837,-0.04014510511511891,-0.010551990720284768
35,37,taxa_falha_efetiva,0.00208333333333334,-0.042720946779952404,0.046887613446619084
35,37,fracao_porta1,-0.007291666666666672,-0.07815930365827117,0.06357597032493784
35,38,atraso_relativo,-0.10531801361531133,-0.29578156044194537,0.08514553321132269
35,38,taxa_omissao,-0.13854166666666667,-0.1966890364803031,-0.08039429685303026
35,38,divida_latente_sobre_plano,-0.01704270810903165,-0.03260889355910736,-0.0014765226589559428
35,38,taxa_falha_efetiva,-0.012499999999999989,-0.042640820105805895,0.017640820105805914
35,38,fracao_porta1,0.010416666666666668,-0.028053131437255702,0.04888646477058904
35,39,atraso_relativo,-0.3642406136113229,-0.8410316273805996,0.11255040015795365
35,39,taxa_omissao,-0.05520833333333333,-0.08648243583107265,-0.023934230835594004
35,39,divida_latente_sobre_plano,-0.027119194972825326,-0.03991290345894096,-0.014325486486709692
35,39,taxa_falha_efetiva,0.007291666666666672,-0.02351034681044105,0.03809368014377439
35,39,fracao_porta1,-0.0125,-0.03846199942780065,0.013461999427800651
35,40,atraso_relativo,-0.059406704456509224,-0.19146044719378733,0.07264703828076888
35,40,taxa_omissao,-0.040625,-0.05532628274554457,-0.025923717254455435
35,40,divida_latente_sobre_plano,-0.010255549722189738,-0.018468838587997527,-0.0020422608563819486
35,40,taxa_falha_efetiva,-0.0031249999999999924,-0.038777826185183356,0.03252782618518338
35,40,fracao_porta1,-0.005208333333333336,-0.0408611595185167,0.03044449285185003
35,41,atraso_relativo,-0.05867377843585943,-0.17021053934202912,0.052862982470310266
35,41,taxa_omissao,-0.065625,-0.12066545042240887,-0.01058454957759114
35,41,divida_latente_sobre_plano,-0.013845568880638768,-0.023774327566051984,-0.003916810195225551
35,41,taxa_falha_efetiva,0.010416666666666675,-0.022288822582449293,0.04312215591578264
35,41,fracao_porta1,0.012499999999999994,0.0003951553510218118,0.024604844648978177
35,42,atraso_relativo,-0.28970078782847997,-0.6707600241404914,0.09135844848353142
35,42,taxa_omissao,0.015624999999999998,-0.014697575442213793,0.04594757544221379
35,42,divida_latente_sobre_plano,-0.012896288389633486,-0.027346550023931666,0.0015539732446646966
35,42,taxa_falha_efetiva,-0.011458333333333327,-0.09071965077738375,0.06780298411071711
35,42,fracao_porta1,-0.022916666666666672,-0.08356181755109426,0.03772848421776091
35,43,atraso_relativo,-0.027439326862196675,-0.14852004375301242,0.09364139002861906
35,43,taxa_omissao,0.016666666666666666,-0.016704087088932094,0.05003742042226543
35,43,divida_latente_sobre_plano,-0.004337702515050741,-0.018396987642382942,0.009721582612281461
35,43,taxa_falha_efetiva,0.003125000000000008,-0.0632587891662947,0.0695087891662947
35,43,fracao_porta1,-0.026041666666666668,-0.08469085695804372,0.03260752362471038
35,44,atraso_relativo,-0.009603427882721852,-0.14528970830275,0.12608285253730628
35,44,taxa_omissao,0.006249999999999999,-0.018260442311414403,0.0307604423114144
35,44,divida_latente_sobre_plano,-0.0026022545811877837,-0.009557985290663623,0.004353476128288057
35,44,taxa_falha_efetiva,-0.002083333333333324,-0.05184587709058752,0.04767921042392087
35,44,fracao_porta1,-0.013541666666666667,-0.08102006860425678,0.05393673527092344
35,45,atraso_relativo,-0.6762014664752248,-1.1355232731482174,-0.21687965980223223
35,45,taxa_omissao,-0.14583333333333331,-0.1744786240154859,-0.11718804265118074
35,45,divida_latente_sobre_plano,-0.04699945770967158,-0.060877422895576024,-0.033121492523767136
35,45,taxa_falha_efetiva,-0.008333333333333325,-0.036978624015485906,0.020311957348819253
35,45,fracao_porta1,0.0031250000000000028,-0.04570870988577159,0.051958709885771594
35,46,atraso_relativo,-0.17735189422832445,-0.4753037293156356,0.12059994085898665
35,46,taxa_omissao,-0.13645833333333332,-0.16865585486262907,-0.10426081180403755
35,46,divida_latente_sobre_plano,-0.022079192065188682,-0.03546426896525195,-0.008694115165125416
35,46,taxa_falha_efetiva,0.004166666666666676,-0.03133170611565539,0.03966503944898875
35,46,fracao_porta1,-0.020833333333333346,-0.10829031235468854,0.06662364568802186
35,47,atraso_relativo,-0.05723263561717594,-0.18948954526689593,0.07502427403254407
35,47,taxa_omissao,-0.146875,-0.1974770151572917,-0.0962729848427083
35,47,divida_latente_sobre_plano,-0.023153987018766788,-0.03558501245149698,-0.0107229615860366
35,47,taxa_falha_efetiva,-0.014583333333333327,-0.05563285873525242,0.026466192068585772
35,47,fracao_porta1,-0.01770833333333334,-0.08342660404772093,0.048009937381054246
35,48,atraso_relativo,-0.6047585039609539,-0.9639600441049092,-0.24555696381699849
35,48,taxa_omissao,-0.07291666666666666,-0.09045825309291047,-0.05537508024042284
35,48,divida_latente_sobre_plano,-0.03187410852713373,-0.03673239321334761,-0.02701582384091985
35,48,taxa_falha_efetiva,-0.008333333333333325,-0.057652219999598124,0.040985553332931475
35,48,fracao_porta1,-0.005208333333333332,-0.059713748450652554,0.04929708178398588
35,49,atraso_relativo,-0.06229477012009993,-0.24900654177741535,0.1244170015372155
35,49,taxa_omissao,-0.06354166666666666,-0.0861067335248933,-0.040976599808440026
35,49,divida_latente_sobre_plano,-0.014114443149807886,-0.02276210604196488,-0.005466780257650889
35,49,taxa_falha_efetiva,0.012500000000000006,-0.03770228023093582,0.06270228023093583
35,49,fracao_porta1,0.004166666666666666,-0.03880126935656219,0.04713460268989552
35,50,atraso_relativo,-0.09258899370834019,-0.3504612989564633,0.16528331153978293
35,50,taxa_omissao,-0.06770833333333333,-0.09603211786626659,-0.039384548800400064
35,50,divida_latente_sobre_plano,-0.013004696798694837,-0.02617205208836063,0.00016265849097095442
35,50,taxa_falha_efetiva,-0.002083333333333326,-0.03198009419890144,0.027813427532234782
35,50,fracao_porta1,-0.005208333333333336,-0.051894445311537855,0.041477778644871184
35,51,atraso_relativo,-0.40717263863338365,-0.9068863445730634,0.09254106730629608
35,51,taxa_omissao,0.0,-0.051641032177535955,0.051641032177535955
35,51,divida_latente_sobre_plano,-0.013974103083801353,-0.03474697231843846,0.006798766150835751
35,51,taxa_falha_efetiva,-0.006249999999999992,-0.05170365136114074,0.039203651361140755
35,51,fracao_porta1,-0.0031250000000000062,-0.07146647012781979,0.06521647012781978
35,52,atraso_relativo,-0.04067532206119161,-0.2389902494575386,0.15763960533515536
35,52,taxa_omissao,0.006249999999999999,-0.009532786470044602,0.0220327864700446
35,52,divida_latente_sobre_plano,-0.0035358237886593037,-0.014068071768769754,0.006996424191451148
35,52,taxa_falha_efetiva,-0.010416666666666654,-0.07593955453414201,0.0551062212008087
35,52,fracao_porta1,0.001041666666666663,-0.04626799362837043,0.04835132696170376
35,53,atraso_relativo,-0.017606988129602194,-0.13867752814976103,0.10346355189055664
35,53,taxa_omissao,0.006249999999999999,-0.011291586426243817,0.023791586426243815
35,53,divida_latente_sobre_plano,-0.0014280768663973815,-0.006957221139629122,0.0041010674068343595
35,53,taxa_falha_efetiva,-0.004166666666666666,-0.062219462219039554,0.05388612888570622
35,53,fracao_porta1,-0.013541666666666674,-0.04619110533603193,0.01910777200269858
36,9,atraso_relativo,0.009951273288364315,-0.2596272900027255,0.2795298365794541
36,9,taxa_omissao,-0.0020833333333333363,-0.025367466916329608,0.021200800249662935
36,9,divida_latente_sobre_plano,-0.008074292648487675,-0.017576960595900887,0.001428375298925538
36,9,taxa_falha_efetiva,-0.003125000000000001,-0.022168502260360143,0.015918502260360144
36,9,fracao_porta1,-0.05625,-0.10482045346722557,-0.007679546532774424
36,18,atraso_relativo,0.31273637347133104,0.049647903340085286,0.5758248436025768
36,18,taxa_omissao,-0.014583333333333332,-0.06003698469447407,0.03087031802780741
36,18,divida_latente_sobre_plano,-0.014221731219867587,-0.044585882389930734,0.016142419950195556
36,18,taxa_falha_efetiva,-0.017708333333333336,-0.07585570314696977,0.0404390364803031
36,18,fracao_porta1,-0.06666666666666667,-0.11386003921444734,-0.019473294118885993
36,45,atraso_relativo,0.3538451663401185,-0.033382716008324875,0.7410730486885618
36,45,taxa_omissao,-0.007291666666666667,-0.028518332366344518,0.013934999033011186
36,45,divida_latente_sobre_plano,-0.0065468524685568415,-0.025406104053413064,0.012312399116299381
36,45,taxa_falha_efetiva,-0.013541666666666667,-0.021884355105566355,-0.0051989782277669806
36,45,fracao_porta1,-0.016666666666666656,-0.028771511315644843,-0.004561822017688471
37,9,atraso_relativo,-0.9684243243445356,-1.3948988845095796,-0.5419497641794917
37,9,taxa_omissao,-0.007291666666666665,-0.055521536204302224,0.04093820287096889
37,9,divida_latente_sobre_plano,-0.023178349971900575,-0.044548710682799086,-0.0018079892610020597
37,9,taxa_falha_efetiva,1.734723475976807e-18,-0.044967502075024826,0.044967502075024826
37,9,fracao_porta1,-0.029166666666666667,-0.10891178097816467,0.05057844764483133
37,10,atraso_relativo,-0.29698182921783006,-0.7056451604128786,0.11168150197721849
37,10,taxa_omissao,-0.004166666666666665,-0.050419213126813904,0.04208587979348057
37,10,divida_latente_sobre_plano,0.001761870891131321,-0.015312827655227453,0.018836569437490094
37,10,taxa_falha_efetiva,-0.002083333333333333,-0.049431692743467134,0.04526502607680047
37,10,fracao_porta1,-0.01875,-0.08427288786747536,0.046772887867475355
37,18,atraso_relativo,-0.665639224161569,-1.021763487027418,-0.3095149612957201
37,18,taxa_omissao,-0.01979166666666666,-0.05418945230186938,0.014606118968536065
37,18,divida_latente_sobre_plano,-0.02932578854328049,-0.043961436318172675,-0.0146901407683883
37,18,taxa_falha_efetiva,-0.014583333333333337,-0.0631537868005589,0.033987120133892226
37,18,fracao_porta1,-0.03958333333333334,-0.11331366286945938,0.03414699620279269
37,19,atraso_relativo,-0.24444179591490806,-0.3915337830831285,-0.09734980874668767
37,19,taxa_omissao,-0.007291666666666663,-0.029197756904795855,0.014614423571462526
37,19,divida_latente_sobre_plano,0.00042919298238032087,-0.018027627107254637,0.01888601307201528
37,19,taxa_falha_efetiva,-0.006249999999999995,-0.02293537687779937,0.010435376877799378
37,19,fracao_porta1,-0.05416666666666667,-0.11322044624618488,0.004887112912851536
37,36,atraso_relativo,-0.9783755976329002,-1.3207435826996106,-0.6360076125661897
37,36,taxa_omissao,-0.005208333333333329,-0.04438578973554899,0.033969123068882334
37,36,divida_latente_sobre_plano,-0.015104057323412901,-0.03433247165827477,0.004124357011448965
37,36,taxa_falha_efetiva,0.0031250000000000028,-0.026710434112034755,0.03296043411203476
37,36,fracao_porta1,0.02708333333333333,-0.01100367118738697,0.06517033785405363
37,45,atraso_relativo,-0.6245304312927817,-1.0220674095809072,-0.22699345300465623
37,45,taxa_omissao,-0.012499999999999995,-0.044065572940089205,0.01906557294008921
37,45,divida_latente_sobre_plano,-0.021650909791969743,-0.030166812005353375,-0.01313500757858611
37,45,taxa_falha_efetiva,-0.010416666666666664,-0.04400624738173958,0.023172914048406254
37,45,fracao_porta1,0.010416666666666675,-0.03372869108337784,0.054562024416711194
37,46,atraso_relativo,-0.12568085904588133,-0.37422096827943707,0.12285925018767438
37,46,taxa_omissao,-0.003124999999999996,-0.034864170433933576,0.028614170433933585
37,46,divida_latente_sobre_plano,0.003269355852513152,-0.009408033361227149,0.015946745066253452
37,46,taxa_falha_efetiva,0.0020833333333333363,-0.025253254717794563,0.029419921384461235
37,46,fracao_porta1,-0.01354166666666667,-0.060540586914228006,0.03345725358089466
38,9,atraso_relativo,-0.9147773459116675,-1.3476672341527045,-0.4818874576706305
38,9,taxa_omissao,-0.002083333333333332,-0.029950778481251862,0.025784111814585196
38,9,divida_latente_sobre_plano,-0.031484189780570764,-0.05215119463471248,-0.010817184926429045
38,9,taxa_falha_efetiva,0.01458333333333333,-0.01627808620374115,0.045444752870407806
38,9,fracao_porta1,-0.046875000000000014,-0.0957087098857716,0.00195870988577157
38,10,atraso_relativo,-0.2433348507849619,-0.5951944376609947,0.10852473609107091
38,10,taxa_omissao,0.0010416666666666682,-0.038135789735548986,0.040219123068882326
38,10,divida_latente_sobre_plano,-0.006543968917538865,-0.02145461183590706,0.00836667400082933
38,10,taxa_falha_efetiva,0.012499999999999994,-0.03438186173392048,0.059381861733920474
38,10,fracao_porta1,-0.03645833333333334,-0.08647785984437123,0.013561193177704538
38,11,atraso_relativo,-0.0713023100163025,-0.2699705004836679,0.1273658804510629
38,11,taxa_omissao,-0.002083333333333331,-0.05125344473855877,0.047086778071892106
38,11,divida_latente_sobre_plano,-0.002976032577313821,-0.012243866129230247,0.006291800974602606
38,11,taxa_falha_efetiva,0.0010416666666666595,-0.028298539124336036,0.030381872457669355
38,11,fracao_porta1,-0.06145833333333334,-0.11320565934308478,-0.009711007323581891
38,18,atraso_relativo,-0.6119922457287008,-1.152516335506101,-0.07146815595130052
38,18,taxa_omissao,-0.014583333333333328,-0.057380422015844174,0.028213755349177513
38,18,divida_latente_sobre_plano,-0.03763162835195067,-0.062224942660316994,-0.013038314043584347
38,18,taxa_falha_efetiva,-6.938893903907228e-18,-0.040870659516641206,0.04087065951664119
38,18,fracao_porta1,-0.05729166666666668,-0.10903899267641812,-0.005544340656915239
38,19,atraso_relativo,-0.1907948174820398,-0.44288043363827084,0.06129079867419124
38,19,taxa_omissao,-0.0020833333333333303,-0.041679314499887155,0.03751264783322049
38,19,divida_latente_sobre_plano,-0.007876646826289864,-0.0324349562715867,0.016681662619006974
38,19,taxa_falha_efetiva,0.008333333333333333,-0.0267498395191543,0.04341650618582096
38,19,fracao_porta1,-0.071875,-0.12362232600975143,-0.02012767399024857
38,20,atraso_relativo,-0.13404852978567477,-0.37608693316634667,0.10798987359499712
38,20,taxa_omissao,-0.00729166666666666,-0.07389581756486703,0.059312484231533714
38,20,divida_latente_sobre_plano,-0.0015239614347139535,-0.013492581688393642,0.010444658818965736
38,20,taxa_falha_efetiva,0.0020833333333333346,-0.049981572155432065,0.05414823882209873
38,20,fracao_porta1,-0.06875,-0.14026084891650195,0.00276084891650194
38,36,atraso_relativo,-0.9247286192000318,-1.3708533960969695,-0.4786038423030941
38,36,taxa_omissao,4.336808689942018e-18,-0.03549837278232205,0.03549837278232206
38,36,divida_latente_sobre_plano,-0.023409897132083086,-0.04398387042008235,-0.0028359238440838173
38,36,taxa_falha_efetiva,0.017708333333333333,-0.01668945230186939,0.05210611896853606
38,36,fracao_porta1,0.009374999999999991,-0.0005701447040115902,0.019320144704011572
38,37,atraso_relativo,0.05364697843286821,-0.1558682973764785,0.2631622542422149
38,37,taxa_omissao,0.005208333333333334,-0.0541856384164974,0.06460230508316407
38,37,divida_latente_sobre_plano,-0.008305839808670185,-0.025225324442881485,0.008613644825541115
38,37,taxa_falha_efetiva,0.014583333333333328,-0.029228847142925042,0.0583955138095917
38,37,fracao_porta1,-0.01770833333333334,-0.05762680018437696,0.022210133517710277
38,45,atraso_relativo,-0.5708834528599134,-1.0447243941717044,-0.09704251154812238
38,45,taxa_omissao,-0.007291666666666663,-0.04533055113719196,0.03074721780385864
38,45,divida_latente_sobre_plano,-0.029956749600639928,-0.0401940520377291,-0.019719447163550757
38,45,taxa_falha_efetiva,0.004166666666666664,-0.022900588825523135,0.031233922158856467
38,45,fracao_porta1,-0.007291666666666665,-0.021992949412211228,0.0074096160788779
38,46,atraso_relativo,-0.07203388061301311,-0.4322237881610308,0.28815602693500453
38,46,taxa_omissao,0.0020833333333333363,-0.027319232157755793,0.031485898824422466
38,46,divida_latente_sobre_plano,-0.005036483956157034,-0.021575679965777462,0.011502712053463395
38,46,taxa_falha_efetiva,0.016666666666666663,-0.0020860780269015347,0.03541941136023486
38,46,fracao_porta1,-0.03125000000000001,-0.09983225115601163,0.037332251156011624
38,47,atraso_relativo,0.04808537799813539,-0.1354175755443269,0.23158833154059769
38,47,taxa_omissao,-0.008333333333333331,-0.040814039923961105,0.024147373257294442
38,47,divida_latente_sobre_plano,-0.00611127890973514,-0.015223410794329484,0.003000852974859203
38,47,taxa_falha_efetiva,-0.0020833333333333363,-0.015884979726741067,0.011718313060074394
38,47,fracao_porta1,-0.028125000000000008,-0.07417912192248478,0.017929121922484772
39,9,atraso_relativo,-0.6558547459156558,-1.276502497928516,-0.03520699390279569
39,9,taxa_omissao,-0.08541666666666667,-0.09690033061064841,-0.07393300272268492
39,9,divida_latente_sobre_plano,-0.021407702916777085,-0.042547462847616485,-0.00026794298593768237
39,9,taxa_falha_efetiva,-0.0052083333333333304,-0.04400997810971271,0.03359331144304605
39,9,fracao_porta1,-0.02395833333333334,-0.05329853912433603,0.005381872457669357
39,12,atraso_relativo,-0.2627162602264399,-0.9041593540506493,0.3787268335977695
39,12,taxa_omissao,-8.673617379884035e-19,-0.012104844648978177,0.012104844648978177
39,12,divida_latente_sobre_plano,0.00502689910260753,-0.004906304261091385,0.014960102466306444
39,12,taxa_falha_efetiva,0.018749999999999996,0.001208413573756173,0.03629158642624382
39,12,fracao_porta1,-0.009375000000000008,-0.03610177331595592,0.0173517733159559
39,18,atraso_relativo,-0.35306964573268923,-0.9056213833573334,0.19948209189195504
39,18,taxa_omissao,-0.09791666666666665,-0.136386464770589,-0.0594468685627443
39,18,divida_latente_sobre_plano,-0.027555141488157,-0.052781682204526656,-0.002328600771787339
39,18,taxa_falha_efetiva,-0.019791666666666666,-0.06288729371738355,0.023303960384050214
39,18,fracao_porta1,-0.03437500000000001,-0.0646975754422138,-0.0040524245577862154
39,21,atraso_relativo,-0.31617703145331355,-1.1221812439160606,0.48982718100943357
39,21,taxa_omissao,0.0052083333333333304,-0.006114712015816743,0.016531378682483402
39,21,divida_latente_sobre_plano,0.0006463788897957041,-0.013343266503047634,0.014636024282639042
39,21,taxa_falha_efetiva,1.734723475976807e-18,-0.03014082010580591,0.03014082010580592
39,21,fracao_porta1,-0.047916666666666684,-0.0955734877065387,-0.0002598456267946733
39,36,atraso_relativo,-0.6658060192040203,-1.2683279311761542,-0.06328410723188627
39,36,taxa_omissao,-0.08333333333333334,-0.09543817798231154,-0.07122848868435515
39,36,divida_latente_sobre_plano,-0.013333410268289408,-0.02772244216764906,0.0010556216310702426
39,36,taxa_falha_efetiva,-0.0020833333333333294,-0.029419921384461232,0.025253254717794573
39,36,fracao_porta1,0.03229166666666666,0.007263601349967584,0.05731973198336574
39,45,atraso_relativo,-0.3119608528639018,-0.6774715873864645,0.053549881658660925
39,45,taxa_omissao,-0.090625,-0.10532628274554456,-0.07592371725445543
39,45,divida_latente_sobre_plano,-0.01988026273684625,-0.033194465932169626,-0.006566059541522878
39,45,taxa_falha_efetiva,-0.015624999999999997,-0.042351773315955896,0.011101773315955906
39,45,fracao_porta1,0.015625000000000003,-0.01961444611079632,0.050864446110796324
39,48,atraso_relativo,-0.24051789034963086,-0.5499998136737467,0.06896403297448503
39,48,taxa_omissao,-0.017708333333333333,-0.06501799362837042,0.029601326961703756
39,48,divida_latente_sobre_plano,-0.004754913554308404,-0.01968704303848577,0.010177215929868963
39,48,taxa_falha_efetiva,-0.015624999999999997,-0.06199619363189039,0.030746193631890403
39,48,fracao_porta1,0.0072916666666666685,-0.03188578973554901,0.046469123068882345
40,9,atraso_relativo,-0.9606886550704697,-1.3157462809352642,-0.6056310292056754
40,9,taxa_omissao,-0.09999999999999999,-0.14902088462282875,-0.050979115377171216
40,9,divida_latente_sobre_plano,-0.03827134816741267,-0.04538385396116584,-0.0311588423736595
40,9,taxa_falha_efetiva,0.005208333333333334,-0.0465389926764181,0.056955659343084775
40,9,fracao_porta1,-0.03125,-0.06570099183194522,0.0032009918319452282
40,10,atraso_relativo,-0.289246159943764,-0.6400494441361222,0.061557124248594164
40,10,taxa_omissao,-0.096875,-0.1542614117876197,-0.039488588212380306
40,10,divida_latente_sobre_plano,-0.013331127304380776,-0.02105890531049812,-0.005603349298263433
40,10,taxa_falha_efetiva,0.003125,-0.02414450429834894,0.03039450429834894
40,10,fracao_porta1,-0.020833333333333336,-0.04380066122129682,0.0021339945546301475
40,12,atraso_relativo,-0.5675501693812537,-1.0463653422623371,-0.08873499650017025
40,12,taxa_omissao,-0.014583333333333334,-0.053807513015602104,0.02464084634893544
40,12,divida_latente_sobre_plano,-0.011836746148028059,-0.020720443924993066,-0.0029530483710630516
40,12,taxa_falha_efetiva,0.02916666666666666,0.006199338778703163,0.05213399455463016
40,12,fracao_porta1,-0.016666666666666673,-0.04680748677247258,0.013474153439139231
40,13,atraso_relativo,-0.1208042774063605,-0.194969353569041,-0.04663920124368001
40,13,taxa_omissao,-0.026041666666666664,-0.06369337683986853,0.011610043506535196
40,13,divida_latente_sobre_plano,-0.004674572929417564,-0.008732047448459582,-0.0006170984103755451
40,13,taxa_falha_efetiva,0.009375000000000001,-0.017351773315955898,0.036101773315955904
40,13,fracao_porta1,-0.039583333333333345,-0.08339551380959173,0.004228847142925048
40,18,atraso_relativo,-0.6579035548875031,-1.0573701423326765,-0.25843696744232963
40,18,taxa_omissao,-0.11249999999999999,-0.17204796208281756,-0.05295203791718242
40,18,divida_latente_sobre_plano,-0.044418786738792584,-0.06620442563816542,-0.022633147839419745
40,18,taxa_falha_efetiva,-0.009375000000000005,-0.05997701515729173,0.04122701515729171
40,18,fracao_porta1,-0.04166666666666667,-0.06979578370701897,-0.013537549626314368
40,19,atraso_relativo,-0.23670612664084195,-0.3536887200978571,-0.11972353318382681
40,19,taxa_omissao,-0.09999999999999999,-0.1301408201058059,-0.06985917989419407
40,19,divida_latente_sobre_plano,-0.014663805213131775,-0.020030885735844356,-0.009296724690419192
40,19,taxa_falha_efetiva,-0.001041666666666663,-0.03136424210888046,0.02928090877554713
40,19,fracao_porta1,-0.05625,-0.09729952540191913,-0.015200474598080875
40,21,atraso_relativo,-0.6210109406081273,-1.1082639906155436,-0.13375789060071108
40,21,taxa_omissao,-0.009375000000000005,-0.04702671017320187,0.028276710173201863
40,21,divida_latente_sobre_plano,-0.016217266360839883,-0.03450775914280788,0.002073226421128116
40,21,taxa_falha_efetiva,0.010416666666666666,-0.03305978334122907,0.0538931166745624
40,21,fracao_porta1,-0.055208333333333345,-0.10944425154549337,-0.0009724151211733256
40,22,atraso_relativo,-0.19000005608650788,-0.2773098323062468,-0.10269027986676897
40,22,taxa_omissao,-0.01666666666666667,-0.04680748677247258,0.013474153439139245
40,22,divida_latente_sobre_plano,-0.005329254846279676,-0.018807795999069368,0.008149286306510014
40,22,taxa_falha_efetiva,0.007291666666666665,-0.029573498101396357,0.04415683143472969
40,22,fracao_porta1,-0.053125000000000006,-0.10681786655344219,0.0005678665534421742
40,36,atraso_relativo,-0.970639928358834,-1.2966283004380548,-0.6446515562796131
40,36,taxa_omissao,-0.09791666666666667,-0.12578411181458518,-0.07004922151874815
40,36,divida_latente_sobre_plano,-0.030197055518924997,-0.0406733768060537,-0.019720734231796294
40,36,taxa_falha_efetiva,0.008333333333333335,-0.029560824355732405,0.04622749102239908
40,36,fracao_porta1,0.024999999999999994,0.0014033137261096756,0.04859668627389031
40,37,atraso_relativo,0.007735669274066104,-0.08121012875829522,0.09668146730642743
40,37,taxa_omissao,-0.09270833333333334,-0.12710611896853607,-0.058310547698130606
40,37,divida_latente_sobre_plano,-0.015092998195512096,-0.030219079630555486,3.308323953129383e-05
40,37,taxa_falha_efetiva,0.005208333333333332,-0.01531642936762622,0.025733096034292885
40,37,fracao_porta1,-0.0020833333333333363,-0.048808660868203,0.044641994201536334
40,39,atraso_relativo,-0.3048339091548138,-0.7364259498578188,0.12675813154819127
40,39,taxa_omissao,-0.014583333333333334,-0.05305313143725569,0.023886464770589023
40,39,divida_latente_sobre_plano,-0.01686364525063559,-0.03347363660153912,-0.0002536538997320592
40,39,taxa_falha_efetiva,0.010416666666666664,-0.003384979726741075,0.024218313060074402
40,39,fracao_porta1,-0.007291666666666665,-0.017236811370678257,0.002653478037344925
40,45,atraso_relativo,-0.6167947620187156,-0.9561694793135829,-0.27742004472384846
40,45,taxa_omissao,-0.10520833333333333,-0.14400997810971272,-0.06640668855695395
40,45,divida_latente_sobre_plano,-0.03674390798748184,-0.05443277742927118,-0.019055038545692495
40,45,taxa_falha_efetiva,-0.005208333333333332,-0.044009978109712744,0.03359331144304607
40,45,fracao_porta1,0.008333333333333338,-0.02632966660323223,0.042996333269898906
40,46,atraso_relativo,-0.11794518977181519,-0.3337730839744023,0.09788270443077195
40,46,taxa_omissao,-0.09583333333333333,-0.13372749102239906,-0.05793917564426761
40,46,divida_latente_sobre_plano,-0.011823642342998944,-0.03140143103264573,0.007754146346647839
40,46,taxa_falha_efetiva,0.0072916666666666685,-0.018315158718221147,0.032898492051554484
40,46,fracao_porta1,-0.015625000000000007,-0.06904427054846943,0.037794270548469414
40,48,atraso_relativo,-0.5453517995044446,-0.9397981733460792,-0.15090542566281
40,48,taxa_omissao,-0.03229166666666667,-0.057319731983365735,-0.0072636013499676085
40,48,divida_latente_sobre_plano,-0.021618558804943996,-0.025191419411685553,-0.01804569819820244
40,48,taxa_falha_efetiva,-0.005208333333333332,-0.0638575236247104,0.05344085695804372
40,48,fracao_porta1,3.469446951953614e-18,-0.035498372782322055,0.035498372782322055
40,49,atraso_relativo,-0.0028880656635907054,-0.15547371503978588,0.14969758371260447
40,49,taxa_omissao,-0.02291666666666667,-0.05902888965813415,0.013195556324800815
40,49,divida_latente_sobre_plano,-0.0038588934276181466,-0.012106707874413165,0.004388921019176872
40,49,taxa_falha_efetiva,0.015624999999999998,-0.04176141178761972,0.07301141178761972
40,49,fracao_porta1,0.009375000000000001,-0.0019480453491500706,0.020698045349150075
41,9,atraso_relativo,-0.9614215810911195,-1.3191878280621006,-0.6036553341201385
41,9,taxa_omissao,-0.075,-0.14063460642748868,-0.009365393572511316
41,9,divida_latente_sobre_plano,-0.03468132900896364,-0.051264587301129705,-0.01809807071679757
41,9,taxa_falha_efetiva,-0.008333333333333333,-0.07702232735729503,0.060355660690628365
41,9,fracao_porta1,-0.04895833333333333,-0.0846111595185167,-0.013305507148149973
41,10,atraso_relativo,-0.2899790859644138,-0.6212525043294149,0.04129433240058733
41,10,taxa_omissao,-0.07187500000000001,-0.14336023155980798,-0.00038976844019203427
41,10,divida_latente_sobre_plano,-0.009741108145931744,-0.01969870361507208,0.00021648732320859142
41,10,taxa_falha_efetiva,-0.010416666666666666,-0.05252343446126638,0.03169010112793305
41,10,fracao_porta1,-0.03854166666666666,-0.09140949772053356,0.014326164387200226
41,11,atraso_relativo,-0.1179465451957544,-0.23389615903670935,-0.0019969313547994333
41,11,taxa_omissao,-0.07500000000000001,-0.1335554265379048,-0.016444573462095227
41,11,divida_latente_sobre_plano,-0.006173171805706699,-0.011970503718770904,-0.0003758398926424931
41,11,taxa_falha_efetiva,-0.021875000000000006,-0.058740164768063,0.014990164768062988
41,11,fracao_porta1,-0.06354166666666666,-0.1305843681520678,0.003501034818734469
41,12,atraso_relativo,-0.5682830954019035,-1.0183486434377125,-0.11821754736609436
41,12,taxa_omissao,0.010416666666666668,-0.049986386840584165,0.0708197201739175
41,12,divida_latente_sobre_plano,-0.008246726989579027,-0.018221378111465514,0.0017279241323074589
41,12,taxa_falha_efetiva,0.015624999999999995,-0.02747062705071688,0.058720627050716866
41,12,fracao_porta1,-0.034375,-0.07279715746879856,0.004047157468798544
41,13,atraso_relativo,-0.1215372034270103,-0.19886577198655706,-0.04420863486746354
41,13,taxa_omissao,-0.001041666666666663,-0.08122198661453436,0.07913865328120104
41,13,divida_latente_sobre_plano,-0.0010845537709685334,-0.017395323865298525,0.015226216323361456
41,13,taxa_falha_efetiva,-0.0041666666666666675,-0.062219462219039554,0.05388612888570622
41,13,fracao_porta1,-0.05729166666666667,-0.09494337683986855,-0.019639956493464797
41,14,atraso_relativo,-0.09996665968701236,-0.24991964239753622,0.04998632302351151
41,14,taxa_omissao,0.0031250000000000062,-0.034913884470525305,0.041163884470525325
41,14,divida_latente_sobre_plano,0.0017119650620671782,-0.009706677593778345,0.013130607717912702
41,14,taxa_falha_efetiva,-0.014583333333333334,-0.04544475287040783,0.01627808620374116
41,14,fracao_porta1,-0.05000000000000001,-0.0662403532953139,-0.03375964670468612
41,18,atraso_relativo,-0.6586364809081527,-1.0349861633405757,-0.2822867984757299
41,18,taxa_omissao,-0.0875,-0.17694489148679154,0.0019448914867915418
41,18,divida_latente_sobre_plano,-0.040828767580343546,-0.06789555944580858,-0.013761975714878506
41,18,taxa_falha_efetiva,-0.022916666666666675,-0.11937640574193778,0.07354307240860444
41,18,fracao_porta1,-0.05937500000000001,-0.11388041511731922,-0.0048695848826808
41,19,atraso_relativo,-0.23743905266149173,-0.33220361685962474,-0.14267448846335876
41,19,taxa_omissao,-0.075,-0.13719581793789395,-0.012804182062106047
41,19,divida_latente_sobre_plano,-0.011073786054682743,-0.03217426101867292,0.010026688909307437
41,19,taxa_falha_efetiva,-0.01458333333333333,-0.08526982215247084,0.05610315548580417
41,19,fracao_porta1,-0.07395833333333333,-0.11739263456737714,-0.030524032099289534
41,20,atraso_relativo,-0.1806927649651267,-0.3787667799506851,0.017381250020431643
41,20,taxa_omissao,-0.08020833333333333,-0.1485498034611531,-0.01186686320551357
41,20,divida_latente_sobre_plano,-0.004721100663106833,-0.011586770450544102,0.0021445691243304355
41,20,taxa_falha_efetiva,-0.02083333333333333,-0.10328856390411985,0.06162189723745319
41,20,fracao_porta1,-0.07083333333333333,-0.13183982893001348,-0.009826837736653181
41,21,atraso_relativo,-0.6217438666287771,-1.0678076057153019,-0.17568012754225237
41,21,taxa_omissao,0.015625,-0.04176141178761973,0.07301141178761973
41,21,divida_latente_sobre_plano,-0.012627247202390852,-0.03163816641818874,0.006383672013407039
41,21,taxa_falha_efetiva,-0.003125000000000001,-0.07357789963644841,0.0673278996364484
41,21,fracao_porta1,-0.07291666666666669,-0.10902888965813419,-0.03680444367519918
41,22,atraso_relativo,-0.19073298210715767,-0.2535415908431897,-0.12792437337112564
41,22,taxa_omissao,0.008333333333333335,-0.046873252240297605,0.06353991890696427
41,22,divida_latente_sobre_plano,-0.001739235687830644,-0.011155355760351201,0.007676884384689914
41,22,taxa_falha_efetiva,-0.00625,-0.07525823196703867,0.06275823196703866
41,22,fracao_porta1,-0.07083333333333333,-0.09179953928309181,-0.04986712738357486
41,23,atraso_relativo,-0.13397042932352193,-0.20490673757769165,-0.06303412106935222
41,23,taxa_omissao,0.002083333333333331,-0.06476785626913242,0.06893452293579908
41,23,divida_latente_sobre_plano,0.002043150781869668,-0.009087692829820842,0.013173994393560179
41,23,taxa_falha_efetiva,-0.01666666666666667,-0.08704153094636016,0.053708197613026816
41,23,fracao_porta1,-0.07916666666666666,-0.13721946221903955,-0.021113871114293775
41,36,atraso_relativo,-0.9713728543794837,-1.2744663031218106,-0.6682794056371568
41,36,taxa_omissao,-0.07291666666666666,-0.1196419942015363,-0.026191339131797012
41,36,divida_latente_sobre_plano,-0.02660703636047597,-0.04088031953270736,-0.012333753188244579
41,36,taxa_falha_efetiva,-0.005208333333333332,-0.06654419154515855,0.05612752487849189
41,36,fracao_porta1,0.007291666666666665,-0.04154204321910493,0.05612537655243825
41,37,atraso_relativo,0.0070027432534163075,-0.07305005617266039,0.087055542679493
41,37,taxa_omissao,-0.06770833333333333,-0.14395444273075547,0.008537776064088828
41,37,divida_latente_sobre_plano,-0.011502979037063064,-0.027810782805535214,0.004804824731409085
41,37,taxa_falha_efetiva,-0.008333333333333337,-0.07994656003871475,0.06327989337204809
41,37,fracao_porta1,-0.019791666666666666,-0.09428811036089314,0.05470477702755981
41,38,atraso_relativo,-0.046644235179451904,-0.21939196489547577,0.12610349453657196
41,38,taxa_omissao,-0.07291666666666667,-0.13821554400539715,-0.007617789327936192
41,38,divida_latente_sobre_plano,-0.003197139228392879,-0.010305307472778769,0.003911029015993011
41,38,taxa_falha_efetiva,-0.022916666666666665,-0.08331972017391749,0.03748638684058417
41,38,fracao_porta1,-0.002083333333333326,-0.04419010112793304,0.04002343446126639
41,39,atraso_relativo,-0.30556683517546357,-0.7729475793869681,0.16181390903604098
41,39,taxa_omissao,0.010416666666666668,-0.04623090239919986,0.0670642357325332
41,39,divida_latente_sobre_plano,-0.013273626092186557,-0.030556556848180035,0.004009304663806921
41,39,taxa_falha_efetiva,-0.003125000000000001,-0.06276516543416753,0.05651516543416753
41,39,fracao_porta1,-0.024999999999999994,-0.060498372782322056,0.010498372782322067
41,40,atraso_relativo,-0.0007329260206497962,-0.04775033036669671,0.046284478325397116
41,40,taxa_omissao,0.025,-0.021881861733920482,0.07188186173392049
41,40,divida_latente_sobre_plano,0.0035900191584490315,-0.012350449979991952,0.019530488296890015
41,40,taxa_falha_efetiva,-0.013541666666666669,-0.0719404857389645,0.044857152405631165
41,40,fracao_porta1,-0.01770833333333333,-0.06312167102679882,0.027705004360132162
41,45,atraso_relativo,-0.6175276880393654,-0.9878771603670977,-0.24717821571163318
41,45,taxa_omissao,-0.08020833333333333,-0.148119640445193,-0.012297026221473648
41,45,divida_latente_sobre_plano,-0.03315388882903281,-0.0432785563564831,-0.023029221301582515
41,45,taxa_falha_efetiva,-0.018750000000000003,-0.07866592415551518,0.041165924155515184
41,45,fracao_porta1,-0.009374999999999991,-0.0625192660419296,0.04376926604192963
41,46,atraso_relativo,-0.11867811579246498,-0.32665587295177767,0.08929964136684773
41,46,taxa_omissao,-0.07083333333333335,-0.1330291512712273,-0.008637515395439388
41,46,divida_latente_sobre_plano,-0.008233623184549914,-0.020734527732905156,0.004267281363805329
41,46,taxa_falha_efetiva,-0.006249999999999999,-0.0726613743697152,0.06016137436971521
41,46,fracao_porta1,-0.03333333333333334,-0.12941255913413502,0.06274589246746835
41,47,atraso_relativo,0.0014411428186834885,-0.021324808617521118,0.024207094254888095
41,47,taxa_omissao,-0.08124999999999999,-0.16467688438899686,0.002176884388996894
41,47,divida_latente_sobre_plano,-0.00930841813812802,-0.015209343734483792,-0.0034074925417722484
41,47,taxa_falha_efetiva,-0.024999999999999998,-0.09783053587560253,0.04783053587560254
41,47,fracao_porta1,-0.030208333333333334,-0.10587571626586333,0.04545904959919665
41,48,atraso_relativo,-0.5460847255250945,-0.9474477927340101,-0.14472165831617884
41,48,taxa_omissao,-0.007291666666666662,-0.07345436016745976,0.058871026834126435
41,48,divida_latente_sobre_plano,-0.01802853964649496,-0.03162392869650909,-0.004433150596480832
41,48,taxa_falha_efetiva,-0.01875,-0.09710491280443133,0.05960491280443132
41,48,fracao_porta1,-0.017708333333333326,-0.08022724860348994,0.04481058193682329
41,49,atraso_relativo,-0.0036209916842405016,-0.19284259617443533,0.1856006128059543
41,49,taxa_omissao,0.002083333333333333,-0.06388529360465975,0.06805196027132643
41,49,divida_latente_sobre_plano,-0.0002688742691691156,-0.018497591769657765,0.017959843231319533
41,49,taxa_falha_efetiva,0.0020833333333333294,-0.07683059901688968,0.08099726568355634
41,49,fracao_porta1,-0.008333333333333328,-0.06219649167670137,0.045529825010034705
41,50,atraso_relativo,-0.03391521527248076,-0.21315109023550186,0.14532065969054034
41,50,taxa_omissao,-0.0020833333333333294,-0.05662234193003121,0.052455675263364546
41,50,divida_latente_sobre_plano,0.0008408720819439323,-0.007146886527402011,0.008828630691289875
41,50,taxa_falha_efetiva,-0.0125,-0.06414103217753597,0.039141032177535964
41,50,fracao_porta1,-0.01770833333333333,-0.07432356007908364,0.03890689341241699
42,9,atraso_relativo,-0.730394571698499,-1.224044849684574,-0.236744293712424
42,9,taxa_omissao,-0.15625,-0.1972995254019191,-0.11520047459808089
42,9,divida_latente_sobre_plano,-0.03563060949996892,-0.05501095360154429,-0.016250265398393558
42,9,taxa_falha_efetiva,0.013541666666666665,-0.07160195543861758,0.0986852887719509
42,9,fracao_porta1,-0.013541666666666667,-0.0760605819368233,0.048977248603489974
42,12,atraso_relativo,-0.3372560860092829,-0.6425351226448306,-0.0319770493737353
42,12,taxa_omissao,-0.07083333333333333,-0.09443001960722366,-0.047236647059443
42,12,divida_latente_sobre_plano,-0.009196007480584311,-0.022044240196983873,0.0036522252358152513
42,12,taxa_falha_efetiva,0.03749999999999999,-0.028579591906137694,0.10357959190613768
42,12,fracao_porta1,0.001041666666666663,-0.03699721780385865,0.03908055113719198
42,15,atraso_relativo,-0.24250893021841333,-0.5496094709056538,0.06459161046882719
42,15,taxa_omissao,-0.0020833333333333346,-0.028878549202624067,0.0247118825359574
42,15,divida_latente_sobre_plano,0.003185118371462514,-0.007458543244107094,0.013828779987032122
42,15,taxa_falha_efetiva,0.0010416666666666716,-0.08631053577577193,0.08839386910910528
42,15,fracao_porta1,-0.02604166666666667,-0.12002001968557804,0.0679366863522447
42,18,atraso_relativo,-0.42760947151553225,-0.45396483818499056,-0.40125410484607393
42,18,taxa_omissao,-0.16875,-0.20320099183194523,-0.1342990081680548
42,18,divida_latente_sobre_plano,-0.041778048071348835,-0.06347561984585451,-0.020080476296843165
42,18,taxa_falha_efetiva,-0.00104166666666667,-0.04204654874335853,0.03996321541002519
42,18,fracao_porta1,-0.02395833333333334,-0.07792340881295193,0.030006742146285244
42,21,atraso_relativo,-0.3907168572361566,-0.682406180999534,-0.09902753347277926
42,21,taxa_omissao,-0.06562499999999999,-0.10404715746879853,-0.027202842531201456
42,21,divida_latente_sobre_plano,-0.013576527693396135,-0.0391043430587433,0.01195128767195103
42,21,taxa_falha_efetiva,0.018749999999999996,-0.05577102592346977,0.09327102592346975
42,21,fracao_porta1,-0.03750000000000001,-0.11113089546588548,0.036130895465885444
42,24,atraso_relativo,-0.21701655299801081,-0.7931745993263716,0.35914149333034995
42,24,taxa_omissao,-0.006250000000000001,-0.02614028940802318,0.013640289408023174
42,24,divida_latente_sobre_plano,0.002906075640191481,-0.007473957525037123,0.013286108805420084
42,24,taxa_falha_efetiva,0.004166666666666669,-0.0829545837487825,0.09128791708211584
42,24,fracao_porta1,-0.04166666666666667,-0.11389111264960167,0.030557779316268324
42,36,atraso_relativo,-0.7403458449868632,-0.9810920684817275,-0.4995996214919989
42,36,taxa_omissao,-0.15416666666666667,-0.182295783707019,-0.12603754962631436
42,36,divida_latente_sobre_plano,-0.02755631685148125,-0.04731389379516532,-0.00779873990779718
42,36,taxa_falha_efetiva,0.01666666666666667,-0.06084215749556488,0.09417549082889823
42,36,fracao_porta1,0.042708333333333334,0.02291034275005641,0.06250632391661026
42,39,atraso_relativo,-0.07453982578284302,-0.6399466632964468,0.49086701173076075
42,39,taxa_omissao,-0.07083333333333333,-0.10285974193360056,-0.03880692473306611
42,39,divida_latente_sobre_plano,-0.01422290658319184,-0.03454943544619523,0.00610362227981155
42,39,taxa_falha_efetiva,0.018749999999999996,-0.03387475927873145,0.07137475927873144
42,39,fracao_porta1,0.010416666666666671,-0.027283657742629745,0.04811699107596309
42,45,atraso_relativo,-0.38650067864674476,-0.8861701554548499,0.11316879816136038
42,45,taxa_omissao,-0.16145833333333331,-0.1897821178662666,-0.13313454880040004
42,45,divida_latente_sobre_plano,-0.03410316932003809,-0.04303862833913523,-0.02516771030094095
42,45,taxa_falha_efetiva,0.003125000000000001,-0.07350449891415203,0.07975449891415204
42,45,fracao_porta1,0.026041666666666675,0.001013601349967596,0.05106973198336576
42,48,atraso_relativo,-0.3150577161324739,-0.682394175577523,0.052278743312575204
42,48,taxa_omissao,-0.08854166666666666,-0.13264551490330034,-0.044437818430032965
42,48,divida_latente_sobre_plano,-0.018977820137500247,-0.03525589019518914,-0.0026997500798113493
42,48,taxa_falha_efetiva,0.0031249999999999993,-0.08800366006824581,0.09425366006824581
42,48,fracao_porta1,0.01770833333333334,-0.014489188195962413,0.04990585486262909
42,51,atraso_relativo,-0.1174718508049037,-0.8324262101583604,0.5974825085485529
42,51,taxa_omissao,-0.015625,-0.081119928451708,0.049869928451708
42,51,divida_latente_sobre_plano,-0.0010778146941678674,-0.022676737453245617,0.02052110806490988
42,51,taxa_falha_efetiva,0.005208333333333336,-0.08331028302001367,0.09372694968668033
42,51,fracao_porta1,0.019791666666666666,-0.04746923784149311,0.08705257117482644
43,9,atraso_relativo,-0.9926560326647823,-1.4255640932861262,-0.5597479720434384
43,9,taxa_omissao,-0.15729166666666666,-0.19970183249166812,-0.11488150084166521
43,9,divida_latente_sobre_plano,-0.04418919537455167,-0.06389849991882307,-0.02447989083028026
43,9,taxa_falha_efetiva,-0.0010416666666666664,-0.07553811036089314,0.07345477702755981
43,9,fracao_porta1,-0.010416666666666671,-0.061343403970104425,0.04051007063677108
43,10,atraso_relativo,-0.3212135375380765,-0.7547502467511324,0.1123231716749794
43,10,taxa_omissao,-0.15416666666666667,-0.18430748677247258,-0.12402584656086076
43,10,divida_latente_sobre_plano,-0.019248974511519773,-0.032827360839522854,-0.005670588183516696
43,10,taxa_falha_efetiva,-0.0031249999999999993,-0.06051141178761971,0.054261411787619715
43,10,fracao_porta1,-3.469446951953614e-18,-0.04431100695399512,0.04431100695399512
43,12,atraso_relativo,-0.5995175469755663,-0.9475916892535512,-0.25144340469758136
43,12,taxa_omissao,-0.071875,-0.09690306531669907,-0.046846934683300916
43,12,divida_latente_sobre_plano,-0.017754593355167058,-0.03113823591762168,-0.004370950792712436
43,12,taxa_falha_efetiva,0.02291666666666666,-0.035009789681430585,0.0808431230147639
43,12,fracao_porta1,0.004166666666666659,-0.030496333269898923,0.03882966660323224
43,13,atraso_relativo,-0.15277165500067305,-0.3393128183158707,0.03376950831452455
43,13,taxa_omissao,-0.08333333333333331,-0.12044608426038561,-0.046220582406281026
43,13,divida_latente_sobre_plano,-0.010592420136556561,-0.028693807373351587,0.0075089671002384634
43,13,taxa_falha_efetiva,0.0031250000000000028,-0.07939684312822733,0.08564684312822733
43,13,fracao_porta1,-0.01875000000000001,-0.08382409568256322,0.04632409568256319
43,15,atraso_relativo,-0.5047703911846966,-1.0830318727539607,0.07349109038456769
43,15,taxa_omissao,-0.0031249999999999993,-0.035322521529295756,0.029072521529295754
43,15,divida_latente_sobre_plano,-0.005373467503120231,-0.01780782484912073,0.007060889842880266
43,15,taxa_falha_efetiva,-0.013541666666666662,-0.09055264646451355,0.06346931313118023
43,15,fracao_porta1,-0.022916666666666675,-0.10773699831666961,0.06190366498333625
43,16,atraso_relativo,-0.22885518401360036,-0.6390244686343345,0.18131410060713374
43,16,taxa_omissao,0.004166666666666667,-0.014586078026901528,0.02291941136023486
43,16,divida_latente_sobre_plano,0.0019881466612418847,-0.0028755778793616415,0.006851871201845411
43,16,taxa_falha_efetiva,-0.01145833333333333,-0.08903801732218393,0.06612135065551726
43,16,fracao_porta1,-0.029166666666666674,-0.08721946221903956,0.028886128885706214
43,18,atraso_relativo,-0.6898709324818155,-0.9739870527135341,-0.4057548122500969
43,18,taxa_omissao,-0.16979166666666667,-0.21520500436013215,-0.1243783289732012
43,18,divida_latente_sobre_plano,-0.050336633945931575,-0.07656280714805697,-0.024110460743806177
43,18,taxa_falha_efetiva,-0.015625000000000003,-0.05288551296173488,0.02163551296173488
43,18,fracao_porta1,-0.020833333333333343,-0.05987028435860319,0.018203617691936506
43,19,atraso_relativo,-0.26867350423515446,-0.41757978138583307,-0.11976722708447587
43,19,taxa_omissao,-0.15729166666666666,-0.17919775690479584,-0.1353855764285375
43,19,divida_latente_sobre_plano,-0.020581652420270775,-0.04463461550281199,0.003471310662270438
43,19,taxa_falha_efetiva,-0.007291666666666663,-0.07520297377852633,0.060619640445193
43,19,fracao_porta1,-0.035416666666666666,-0.10733615233188205,0.03650281899854872
43,21,atraso_relativo,-0.6529783182024399,-1.0906288732376284,-0.21532776316725144
43,21,taxa_omissao,-0.06666666666666667,-0.10570361769193652,-0.02762971564139681
43,21,divida_latente_sobre_plano,-0.02213511356797888,-0.04585591742659602,0.0015856902906382538
43,21,taxa_falha_efetiva,0.004166666666666666,-0.06366368117884515,0.07199701451217848
43,21,fracao_porta1,-0.03437500000000002,-0.09618679829265193,0.0274367982926519
43,22,atraso_relativo,-0.2219674336808204,-0.4003058744160649,-0.0436289929455759
43,22,taxa_omissao,-0.07395833333333333,-0.12249106217081501,-0.02542560449585165
43,22,divida_latente_sobre_plano,-0.011247102053418674,-0.025149779318088816,0.002655575211251468
43,22,taxa_falha_efetiva,0.0010416666666666647,-0.06982597032493783,0.07190930365827115
43,22,fracao_porta1,-0.03229166666666668,-0.10063313679448643,0.03604980346115308
43,24,atraso_relativo,-0.4792780139642941,-0.8135625722830837,-0.14499345564550453
43,24,taxa_omissao,-0.007291666666666666,-0.031120077186602663,0.016536743853269333
43,24,divida_latente_sobre_plano,-0.0056525102343912646,-0.017355861031543775,0.006050840562761247
43,24,taxa_falha_efetiva,-0.010416666666666664,-0.10378889062307567,0.08295555728974235
43,24,fracao_porta1,-0.038541666666666675,-0.11164831447328413,0.034564981139950775
43,25,atraso_relativo,-0.16472931404954558,-0.3611648823154766,0.031706254216385454
43,25,taxa_omissao,-0.006249999999999999,-0.03983958071507292,0.02733958071507292
43,25,divida_latente_sobre_plano,0.001336496533562295,-0.007897200642807205,0.010570193709931794
43,25,taxa_falha_efetiva,-0.007291666666666667,-0.09777487436098518,0.08319154102765185
43,25,fracao_porta1,-0.03541666666666668,-0.09581972017391749,0.02498638684058413
43,36,atraso_relativo,-1.0026073059531466,-1.3111049303598692,-0.694109681546424
43,36,taxa_omissao,-0.15520833333333334,-0.17964393442481,-0.13077273224185668
43,36,divida_latente_sobre_plano,-0.036114902726064,-0.054891093033375,-0.017338712418752997
43,36,taxa_falha_efetiva,0.002083333333333333,-0.07322008701307037,0.07738675367973705
43,36,fracao_porta1,0.04583333333333332,0.017188042651180752,0.0744786240154859
43,37,atraso_relativo,-0.024231708320246445,-0.10136145858662966,0.05289804194613677
43,37,taxa_omissao,-0.15000000000000002,-0.18248070659062782,-0.11751929340937223
43,37,divida_latente_sobre_plano,-0.021010845402651093,-0.03822699285335429,-0.003794697951947895
43,37,taxa_falha_efetiva,-0.0010416666666666682,-0.06852006860425675,0.06643673527092342
43,37,fracao_porta1,0.018749999999999996,-0.0357890085966979,0.07328900859669789
43,39,atraso_relativo,-0.3368012867491263,-0.7473385639391709,0.07373599044091828
43,39,taxa_omissao,-0.071875,-0.10361417043393358,-0.040135829566066414
43,39,divida_latente_sobre_plano,-0.022781492457774586,-0.04329223140047536,-0.0022707535150738103
43,39,taxa_falha_efetiva,0.004166666666666664,-0.04996784431771294,0.05830117765104627
43,39,fracao_porta1,0.013541666666666667,-0.024497217803858648,0.05158055113719198
43,40,atraso_relativo,-0.03196737759431255,-0.17437182213881725,0.11043706695019216
43,40,taxa_omissao,-0.05729166666666667,-0.08509330901874455,-0.02949002431458879
43,40,divida_latente_sobre_plano,-0.005917847207138997,-0.02462353906508104,0.012787844650803046
43,40,taxa_falha_efetiva,-0.00625,-0.06315564588744511,0.05065564588744511
43,40,fracao_porta1,0.020833333333333332,-0.010264575635613619,0.05193124230228029
43,42,atraso_relativo,-0.2622614609662833,-0.547347250418287,0.02282432848572047
43,42,taxa_omissao,-0.0010416666666666656,-0.016707973415853776,0.014624640082520443
43,42,divida_latente_sobre_plano,-0.008558585874582745,-0.013349302950939616,-0.003767868798225874
43,42,taxa_falha_efetiva,-0.014583333333333334,-0.0606772084975077,0.031510541830841024
43,42,fracao_porta1,0.003124999999999996,-0.023047790433717866,0.029297790433717857
43,45,atraso_relativo,-0.6487621396130281,-1.0395405175342542,-0.257983761691802
43,45,taxa_omissao,-0.16249999999999998,-0.1975831728524876,-0.12741682714751235
43,45,divida_latente_sobre_plano,-0.042661755194620836,-0.05283515512309639,-0.03248835526614528
43,45,taxa_falha_efetiva,-0.011458333333333333,-0.08128450828798724,0.05836784162132057
43,45,fracao_porta1,0.02916666666666667,-0.0019312423022802977,0.06026457563561364
43,46,atraso_relativo,-0.14991256736612774,-0.3739264343337615,0.07410129960150605
43,46,taxa_omissao,-0.153125,-0.17873182538488783,-0.1275181746151122
43,46,divida_latente_sobre_plano,-0.01774148955013794,-0.032820112446951315,-0.0026628666533245696
43,46,taxa_falha_efetiva,0.0010416666666666682,-0.04437167102679883,0.04645500436013217
43,46,fracao_porta1,0.005208333333333325,-0.051406893412416985,0.06182356007908364
43,48,atraso_relativo,-0.5773191770987571,-0.8571491083211016,-0.2974892458764127
43,48,taxa_omissao,-0.08958333333333335,-0.13875344473855877,-0.04041322192810791
43,48,divida_latente_sobre_plano,-0.027536406012082987,-0.04454611376111252,-0.010526698263053452
43,48,taxa_falha_efetiva,-0.011458333333333333,-0.0969454510224788,0.07402878435581213
43,48,fracao_porta1,0.020833333333333336,0.006510687992257047,0.03515597867440962
43,49,atraso_relativo,-0.034855443257903254,-0.23439060008912416,0.16467971357331768
43,49,taxa_omissao,-0.08020833333333333,-0.13279827635997135,-0.027618390306695308
43,49,divida_latente_sobre_plano,-0.009776740634757143,-0.03185836210027273,0.01230488083075844
43,49,taxa_falha_efetiva,0.009375,-0.07814478475944715,0.09689478475944714
43,49,fracao_porta1,0.030208333333333334,0.000868127542330642,0.059548539124336025
43,51,atraso_relativo,-0.37973331177118697,-0.8701522074596943,0.11068558391732047
43,51,taxa_omissao,-0.016666666666666666,-0.08535566069062839,0.05202232735729506
43,51,divida_latente_sobre_plano,-0.009636400568750614,-0.028294741099060827,0.0090219399615596
43,51,taxa_falha_efetiva,-0.009375,-0.08228094283544807,0.06353094283544808
43,51,fracao_porta1,0.02291666666666666,-0.05562502807813254,0.10145836141146586
43,52,atraso_relativo,-0.013235995198994932,-0.22121810841655457,0.1947461180185647
43,52,taxa_omissao,-0.010416666666666668,-0.05252343446126638,0.03169010112793305
43,52,divida_latente_sobre_plano,0.0008018787263914364,-0.012393961535392461,0.013997718988175336
43,52,taxa_falha_efetiva,-0.01354166666666666,-0.0860445327833607,0.05896119945002738
43,52,fracao_porta1,0.02708333333333333,-0.006506247381739581,0.060672914048406246
44,9,atraso_relativo,-1.010491931644257,-1.421379581631152,-0.5996042816573621
44,9,taxa_omissao,-0.146875,-0.18787988207669187,-0.10587011792330814
44,9,divida_latente_sobre_plano,-0.04592464330841462,-0.057452195251408385,-0.03439709136542086
44,9,taxa_falha_efetiva,0.004166666666666666,-0.05919615392190519,0.06752948725523852
44,9,fracao_porta1,-0.022916666666666672,-0.09234826599152002,0.04651493265818668
44,10,atraso_relativo,-0.3390494365175514,-0.7544536942355852,0.07635482120048243
44,10,taxa_omissao,-0.14375,-0.1818370045207203,-0.10566299547927968
44,10,divida_latente_sobre_plano,-0.020984422445382726,-0.026370622544755078,-0.015598222346010375
44,10,taxa_falha_efetiva,0.002083333333333333,-0.034028889658134144,0.03819555632480081
44,10,fracao_porta1,-0.012500000000000004,-0.08140198366389045,0.05640198366389044
44,11,atraso_relativo,-0.167016895748892,-0.36877553212506836,0.034741740627284357
44,11,taxa_omissao,-0.146875,-0.1568201447040116,-0.13692985529598842
44,11,divida_latente_sobre_plano,-0.017416486105157683,-0.019321588160129844,-0.015511384050185522
44,11,taxa_falha_efetiva,-0.009375000000000005,-0.04741388447052533,0.028663884470525317
44,11,fracao_porta1,-0.037500000000000006,-0.09850649559668018,0.023506495596680166
44,12,atraso_relativo,-0.6173534459550409,-1.1064077050427361,-0.12829918686734565
44,12,taxa_omissao,-0.06145833333333333,-0.0864863986500324,-0.036430268016634265
44,12,divida_latente_sobre_plano,-0.01949004128903001,-0.027597126116549242,-0.011382956461510782
44,12,taxa_falha_efetiva,0.028124999999999997,-0.01067664477637939,0.06692664477637938
44,12,fracao_porta1,-0.008333333333333342,-0.0438317061156554,0.02716503944898872
44,13,atraso_relativo,-0.17060755398014787,-0.3108865700841338,-0.030328537876161965
44,13,taxa_omissao,-0.07291666666666666,-0.09490620897933102,-0.0509271243540023
44,13,divida_latente_sobre_plano,-0.01232786807041952,-0.023816541677289395,-0.0008391944635496446
44,13,taxa_falha_efetiva,0.008333333333333331,-0.05072044624618487,0.06738711291285154
44,13,fracao_porta1,-0.031250000000000014,-0.11537649315189463,0.052876493151894605
44,14,atraso_relativo,-0.14903701024014995,-0.34989102453369714,0.0518170040533972
44,14,taxa_omissao,-0.06875,-0.10362371920228665,-0.03387628079771336
44,14,divida_latente_sobre_plano,-0.009531349237383809,-0.017844707563148657,-0.0012179909116189595
44,14,taxa_falha_efetiva,-0.0020833333333333346,-0.057422467922665525,0.05325580125599886
44,14,fracao_porta1,-0.023958333333333345,-0.08989918985252567,0.041982523185858975
44,15,atraso_relativo,-0.5226062901641715,-1.2453711333121547,0.20015855298381158
44,15,taxa_omissao,0.007291666666666668,-0.015273400191559969,0.029856733524893306
44,15,divida_latente_sobre_plano,-0.007108915436983188,-0.014812937291661808,0.0005951064176954318
44,15,taxa_falha_efetiva,-0.00833333333333333,-0.07005617240748231,0.053389505740815656
44,15,fracao_porta1,-0.03541666666666668,-0.14129081693081774,0.07045748359748438
44,16,atraso_relativo,-0.24669108299307518,-0.5974553935988529,0.10407322761270249
44,16,taxa_omissao,0.014583333333333334,-0.0011994531367112704,0.030366119803377938
44,16,divida_latente_sobre_plano,0.0002526987273789278,-0.004997191384509851,0.005502588839267707
44,16,taxa_falha_efetiva,-0.006249999999999999,-0.06809142292808988,0.055591422928089884
44,16,fracao_porta1,-0.04166666666666667,-0.12250673082624634,0.039173397492913
44,17,atraso_relativo,-0.21577680748119232,-0.4550326291611837,0.02347901419879908
44,17,taxa_omissao,0.011458333333333336,0.0015131886293217461,0.021403478037344926
44,17,divida_latente_sobre_plano,-0.0008046036070982025,-0.007419975997032413,0.005810768782836008
44,17,taxa_falha_efetiva,-0.01041666666666667,-0.08591441874354871,0.06508108541021537
44,17,fracao_porta1,-0.04166666666666667,-0.11726139727045902,0.03392806393712568
44,18,atraso_relativo,-0.7077068314612904,-1.1430597835483352,-0.2723538793742456
44,18,taxa_omissao,-0.159375,-0.19817664477637936,-0.12057335522362062
44,18,divida_latente_sobre_plano,-0.052072081879794535,-0.07729542652499438,-0.02684873723459469
44,18,taxa_falha_efetiva,-0.010416666666666671,-0.04652888965813416,0.02569555632480082
44,18,fracao_porta1,-0.03333333333333334,-0.09896793976082204,0.032301273094155356
44,19,atraso_relativo,-0.2865094032146293,-0.47026037985739033,-0.10275842657186829
44,19,taxa_omissao,-0.14687499999999998,-0.16054329402556394,-0.133206705974436
44,19,divida_latente_sobre_plano,-0.02231710035413373,-0.038740196368695884,-0.005894004339571577
44,19,taxa_falha_efetiva,-0.002083333333333331,-0.05213946396673147,0.047972797300064804
44,19,fracao_porta1,-0.04791666666666666,-0.1306380256235548,0.03480469229022147
44,20,atraso_relativo,-0.22976311551826423,-0.48982985524819417,0.030303624211665714
44,20,taxa_omissao,-0.15208333333333332,-0.19130751301560212,-0.11285915365106454
44,20,divida_latente_sobre_plano,-0.015964414962557818,-0.019899643958233744,-0.012029185966881894
44,20,taxa_falha_efetiva,-0.00833333333333333,-0.07396793976082201,0.05730127309415535
44,20,fracao_porta1,-0.044791666666666674,-0.13688002316522177,0.04729668983188842
44,21,atraso_relativo,-0.6708142171819147,-1.2198236633489277,-0.12180477101490161
44,21,taxa_omissao,-0.056249999999999994,-0.09236222299146749,-0.020137777008532497
44,21,divida_latente_sobre_plano,-0.023870561501841837,-0.042284388615417154,-0.0054567343882665174
44,21,taxa_falha_efetiva,0.009374999999999998,-0.04593102711727562,0.06468102711727561
44,21,fracao_porta1,-0.046875000000000014,-0.11628021452461322,0.022530214524613193
44,22,atraso_relativo,-0.23980333266029524,-0.36762712208774195,-0.11197954323284853
44,22,taxa_omissao,-0.06354166666666666,-0.10629593684052532,-0.020787396492808002
44,22,divida_latente_sobre_plano,-0.01298254998728163,-0.022632797547994035,-0.003332302426569225
44,22,taxa_falha_efetiva,0.006249999999999997,-0.04855701516690966,0.06105701516690966
44,22,fracao_porta1,-0.044791666666666674,-0.10938550415689198,0.019802170823558632
44,23,atraso_relativo,-0.18304077987665948,-0.3542694013991833,-0.011812158354135682
44,23,taxa_omissao,-0.06979166666666667,-0.10783055113719198,-0.03175278219614135
44,23,divida_latente_sobre_plano,-0.009200163517581317,-0.01749902279982287,-0.0009013042353397619
44,23,taxa_falha_efetiva,-0.004166666666666669,-0.05830117765104627,0.04996784431771294
44,23,fracao_porta1,-0.053125000000000006,-0.1307046839888506,0.024454683988850603
44,24,atraso_relativo,-0.4971139129437689,-0.7102330027482329,-0.28399482313930496
44,24,taxa_omissao,0.0031250000000000006,-0.011576282745544566,0.017826282745544566
44,24,divida_latente_sobre_plano,-0.007387958168254221,-0.012053646724129344,-0.002722269612379099
44,24,taxa_falha_efetiva,-0.005208333333333334,-0.08502232209064374,0.07460565542397708
44,24,fracao_porta1,-0.05104166666666668,-0.14168666833497912,0.03960333500164574
44,25,atraso_relativo,-0.18256521302902037,-0.33351604493397474,-0.031614381124066004
44,25,taxa_omissao,0.004166666666666668,-0.023436626120148792,0.03176995945348213
44,25,divida_latente_sobre_plano,-0.0003989514003006619,-0.004079014578773031,0.003281111778171707
44,25,taxa_falha_efetiva,-0.0020833333333333346,-0.08551021772233022,0.08134355105566354
44,25,fracao_porta1,-0.04791666666666668,-0.11208376195484902,0.01625042862151567
44,26,atraso_relativo,-0.19635747732858716,-0.3293472505947995,-0.06336770406237477
44,26,taxa_omissao,0.0020833333333333346,-0.0327903858689533,0.03695705253561997
44,26,divida_latente_sobre_plano,0.0011735746470371649,-0.0034688160716080693,0.005815965365682399
44,26,taxa_falha_efetiva,-0.00625,-0.09124290625700279,0.07874290625700278
44,26,fracao_porta1,-0.04791666666666668,-0.14175849404098492,0.04592516070765157
44,36,atraso_relativo,-1.0204432049326213,-1.4105192482214437,-0.6303671616437988
44,36,taxa_omissao,-0.14479166666666665,-0.17039849205155444,-0.11918484128177885
44,36,divida_latente_sobre_plano,-0.03785035065992695,-0.04944224751193584,-0.02625845380791806
44,36,taxa_falha_efetiva,0.007291666666666667,-0.051107152405631164,0.0656904857389645
44,36,fracao_porta1,0.033333333333333326,0.00520421629298104,0.06146245037368561
44,37,atraso_relativo,-0.04206760729972127,-0.1404125868691566,0.05627737226971408
44,37,taxa_omissao,-0.13958333333333334,-0.15712491975957715,-0.12204174690708952
44,37,divida_latente_sobre_plano,-0.02274629333651405,-0.03864481765127375,-0.006847769021754352
44,37,taxa_falha_efetiva,0.004166666666666664,-0.041767989109260294,0.050101322442593625
44,37,fracao_porta1,0.006249999999999995,-0.04292011140522545,0.055420111405225445
44,38,atraso_relativo,-0.09571458573258948,-0.27626545572713473,0.08483628426195577
44,38,taxa_omissao,-0.14479166666666665,-0.19362537655243822,-0.09595795678089508
44,38,divida_latente_sobre_plano,-0.014440453527843865,-0.02399910766897778,-0.004881799386709946
44,38,taxa_falha_efetiva,-0.010416666666666664,-0.046932390706875056,0.026099057373541727
44,38,fracao_porta1,0.023958333333333335,-0.009576674509441958,0.05749334117610863
44,39,atraso_relativo,-0.35463718572860115,-0.7440726558540891,0.03479828439688676
44,39,taxa_omissao,-0.06145833333333333,-0.09273243583107266,-0.03018423083559401
44,39,divida_latente_sobre_plano,-0.024516940391637546,-0.04203829246203955,-0.006995588321235539
44,39,taxa_falha_efetiva,0.009374999999999996,-0.023720185423560053,0.04247018542356004
44,39,fracao_porta1,0.0010416666666666664,-0.05070565934308477,0.05278899267641811
44,40,atraso_relativo,-0.04980327657378737,-0.12066207605380504,0.021055522906230292
44,40,taxa_omissao,-0.046875,-0.0700803376426937,-0.023669662357306297
44,40,divida_latente_sobre_plano,-0.007653295141001954,-0.018889659341724534,0.0035830690597206255
44,40,taxa_falha_efetiva,-0.0010416666666666682,-0.03369110533603192,0.03160777200269858
44,40,fracao_porta1,0.008333333333333331,-0.0400860452625794,0.056752711929246066
44,41,atraso_relativo,-0.049070350553137576,-0.15712836917843856,0.05898766807216341
44,41,taxa_omissao,-0.071875,-0.13126897174983074,-0.012481028250169245
44,41,divida_latente_sobre_plano,-0.011243314299450984,-0.016632821730408136,-0.005853806868493832
44,41,taxa_falha_efetiva,0.012499999999999999,-0.059113226705381425,0.08411322670538142
44,41,fracao_porta1,0.02604166666666666,-0.04625881841012992,0.09834215174346324
44,42,atraso_relativo,-0.28009735994575813,-0.7141014784024933,0.15390675851097707
44,42,taxa_omissao,0.009375000000000001,0.003027165913213283,0.01572283408678672
44,42,divida_latente_sobre_plano,-0.010294033808445702,-0.019149331342399982,-0.0014387362744914204
44,42,taxa_falha_efetiva,-0.009375000000000001,-0.04502782618518337,0.026277826185183366
44,42,fracao_porta1,-0.009375000000000005,-0.036644504298348944,0.017894504298348934
44,43,atraso_relativo,-0.017835898979474824,-0.17625353733773114,0.1405817393787815
44,43,taxa_omissao,0.010416666666666668,-0.00536611980337794,0.026199453136711275
44,43,divida_latente_sobre_plano,-0.0017354479338629568,-0.010000274172359134,0.00652937830463322
44,43,taxa_falha_efetiva,0.005208333333333332,-0.01981973198336573,0.030236398650032394
44,43,fracao_porta1,-0.0125,-0.04359790896894698,0.018597908968946978
44,45,atraso_relativo,-0.666598038592503,-1.0194681276105089,-0.3137279495744972
44,45,taxa_omissao,-0.15208333333333335,-0.17995077848125188,-0.1242158881854148
44,45,divida_latente_sobre_plano,-0.04439720312848379,-0.056750224072454364,-0.032044182184513215
44,45,taxa_falha_efetiva,-0.00625,-0.06105701516690966,0.04855701516690966
44,45,fracao_porta1,0.01666666666666667,-0.0028518088459682546,0.03618514217930159
44,46,atraso_relativo,-0.1677484663456026,-0.44180410995016184,0.10630717725895666
44,46,taxa_omissao,-0.14270833333333333,-0.16591367097602702,-0.11950299569063962
44,46,divida_latente_sobre_plano,-0.019476937484000898,-0.03468940751517783,-0.004264467452823965
44,46,taxa_falha_efetiva,0.00625,-0.02315256549108914,0.03565256549108914
44,46,fracao_porta1,-0.0072916666666666755,-0.0793892026130838,0.06480586927975043
44,47,atraso_relativo,-0.04762920773445409,-0.15667926911560592,0.06142085364669776
44,47,taxa_omissao,-0.15312499999999998,-0.19483844219449842,-0.11141155780550155
44,47,divida_latente_sobre_plano,-0.020551732437579004,-0.0308972212289725,-0.010206243646185508
44,47,taxa_falha_efetiva,-0.0125,-0.052647227846201974,0.02764722784620197
44,47,fracao_porta1,-0.004166666666666673,-0.04503732618330786,0.03670399284997451
44,48,atraso_relativo,-0.5951550760782319,-0.964681411549679,-0.22562874060678484
44,48,taxa_omissao,-0.07916666666666666,-0.11744554647993913,-0.040887786853394205
44,48,divida_latente_sobre_plano,-0.029271853945945947,-0.038476949240761116,-0.02006675865113078
44,48,taxa_falha_efetiva,-0.00625,-0.0797813269342432,0.06728132693424319
44,48,fracao_porta1,0.008333333333333335,-0.017628666094467307,0.03429533276113397
44,49,atraso_relativo,-0.05269134223737808,-0.13628847709165726,0.030905792616901115
44,49,taxa_omissao,-0.06979166666666667,-0.11389551490330035,-0.025687818430032976
44,49,divida_latente_sobre_plano,-0.011512188568620102,-0.026661260868461337,0.0036368837312211345
44,49,taxa_falha_efetiva,0.01458333333333333,-0.05974080710496083,0.0889074737716275
44,49,fracao_porta1,0.017708333333333333,-0.03543593270859628,0.07085259937526295
44,50,atraso_relativo,-0.08298556582561833,-0.21864963230879003,0.05267850065755336
44,50,taxa_omissao,-0.07395833333333333,-0.11839317194084036,-0.029523494725826313
44,50,divida_latente_sobre_plano,-0.010402442217507052,-0.022845928779959654,0.00204104434494555
44,50,taxa_falha_efetiva,-1.734723475976807e-18,-0.06995720561025091,0.06995720561025091
44,50,fracao_porta1,0.008333333333333331,-0.0430231730856797,0.05968983975234636
44,51,atraso_relativo,-0.3975692107506618,-0.7626916722121199,-0.03244674928920377
44,51,taxa_omissao,-0.006249999999999999,-0.06995875302603494,0.05745875302603493
44,51,divida_latente_sobre_plano,-0.011371848502613567,-0.03263121637181219,0.009887519366585057
44,51,taxa_falha_efetiva,-0.0041666666666666675,-0.07002414166902701,0.06169080833569368
44,51,fracao_porta1,0.010416666666666661,-0.04544951919460888,0.0662828525279422
44,52,atraso_relativo,-0.031071894178469756,-0.14167505810467135,0.07953126974773185
44,52,taxa_omissao,-8.673617379884035e-19,-0.03202640860026723,0.03202640860026723
44,52,divida_latente_sobre_plano,-0.00093356920747152,-0.01101174243345483,0.009144604018511792
44,52,taxa_falha_efetiva,-0.008333333333333331,-0.07912339215500432,0.06245672548833765
44,52,fracao_porta1,0.01458333333333333,-0.01721349231693689,0.04638015898360355
44,53,atraso_relativo,-0.008003560246880342,-0.08194892095145408,0.06594180045769339
44,53,taxa_omissao,-8.673617379884035e-19,-0.03202640860026723,0.03202640860026723
44,53,divida_latente_sobre_plano,0.0011741777147904026,-0.00857884772558769,0.010927203155168494
44,53,taxa_falha_efetiva,-0.0020833333333333415,-0.07066558448934497,0.06649891782267829
44,53,fracao_porta1,-6.938893903907228e-18,-0.044311006953995126,0.04431100695399511
45,18,atraso_relativo,-0.04110879286878741,-0.5448682986550288,0.46265071291745397
45,18,taxa_omissao,-0.007291666666666665,-0.03663187245766936,0.02204853912433603
45,18,divida_latente_sobre_plano,-0.007674878751310746,-0.02814208822397686,0.012792330721355369
45,18,taxa_falha_efetiva,-0.004166666666666671,-0.05857117688698845,0.050237843553655105
45,18,fracao_porta1,-0.05000000000000002,-0.10494052819097627,0.004940528190976234
46,18,atraso_relativo,-0.5399583651156877,-0.8332988848661391,-0.2466178453652364
46,18,taxa_omissao,-0.016666666666666663,-0.04479578370701894,0.011462450373685616
46,18,divida_latente_sobre_plano,-0.03259514439579364,-0.059718913500464224,-0.005471375291123053
46,18,taxa_falha_efetiva,-0.01666666666666667,-0.0486930752669339,0.015359741933600561
46,18,fracao_porta1,-0.026041666666666668,-0.09264581756486705,0.040562484231533705
46,19,atraso_relativo,-0.11876093686902674,-0.23651060898150356,-0.0010112647565499039
46,19,taxa_omissao,-0.0041666666666666675,-0.014993568863542589,0.006660235530209254
46,19,divida_latente_sobre_plano,-0.0028401628701328306,-0.026237500258481074,0.020557174518215413
46,19,taxa_falha_efetiva,-0.008333333333333331,-0.03130066122129681,0.014633994554630141
46,19,fracao_porta1,-0.040624999999999994,-0.11066070633322057,0.029410706333220585
46,45,atraso_relativo,-0.4988495722469003,-0.7749545973871238,-0.2227445471066768
46,45,taxa_omissao,-0.009375,-0.021925570057733948,0.0031755700577339504
46,45,divida_latente_sobre_plano,-0.024920265644482895,-0.033833875843574675,-0.016006655445391114
46,45,taxa_falha_efetiva,-0.0125,-0.03956725549218981,0.014567255492189807
46,45,fracao_porta1,0.023958333333333342,-0.04670223926538433,0.09461890593205102
47,18,atraso_relativo,-0.6600776237268362,-1.0350232622882083,-0.2851319851654641
47,18,taxa_omissao,-0.006249999999999997,-0.0220327864700446,0.009532786470044604
47,18,divida_latente_sobre_plano,-0.03152034944221553,-0.05806141091421179,-0.004979287970219272
47,18,taxa_falha_efetiva,0.0020833333333333294,-0.029713492316936884,0.03388015898360354
47,18,fracao_porta1,-0.02916666666666667,-0.06931389451286864,0.0109805611795353
47,19,atraso_relativo,-0.23888019548017525,-0.3208721129443125,-0.156888278016038
47,19,taxa_omissao,0.00625,-0.023152565491089128,0.03565256549108913
47,19,divida_latente_sobre_plano,-0.0017653679165547244,-0.025413629232115546,0.021882893399006096
47,19,taxa_falha_efetiva,0.01041666666666667,-0.020444752870407826,0.04127808620374116
47,19,fracao_porta1,-0.04375,-0.11526084891650194,0.02776084891650195
47,20,atraso_relativo,-0.18213390778381017,-0.3662097216152315,0.001941906047611186
47,20,taxa_omissao,0.00104166666666667,-0.05237760388180274,0.05446093721513608
47,20,divida_latente_sobre_plano,0.004587317475021186,-0.005305465704131759,0.01448010065417413
47,20,taxa_falha_efetiva,0.004166666666666671,-0.04208587979348057,0.05041921312681392
47,20,fracao_porta1,-0.040625,-0.10521883749022531,0.023968837490225305
47,45,atraso_relativo,-0.6189688308580488,-0.9674921689148828,-0.27044549280121477
47,45,taxa_omissao,0.0010416666666666682,-0.02152340019155996,0.0236067335248933
47,45,divida_latente_sobre_plano,-0.023845470690904792,-0.030425092835884737,-0.017265848545924847
47,45,taxa_falha_efetiva,0.00625,-0.021086588051127904,0.0335865880511279
47,45,fracao_porta1,0.020833333333333343,-0.02074817355272806,0.062414840219394745
47,46,atraso_relativo,-0.12011925861114847,-0.3108504937582783,0.07061197653598134
47,46,taxa_omissao,0.010416666666666668,-0.012229424031633448,0.033062757364966784
47,46,divida_latente_sobre_plano,0.0010747949535781062,-0.006800940545006561,0.008950530452162772
47,46,taxa_falha_efetiva,0.018750000000000003,0.0012084135737561869,0.03629158642624382
47,46,fracao_porta1,-0.0031250000000000028,-0.047228848236633716,0.04097884823663371
48,18,atraso_relativo,-0.11255175538305835,-0.45924159574067447,0.2341380849745578
48,18,taxa_omissao,-0.08020833333333333,-0.14480217082355862,-0.015614495843108034
48,18,divida_latente_sobre_plano,-0.02280022793384859,-0.04685926191207294,0.0012588060443757543
48,18,taxa_falha_efetiva,-0.004166666666666671,-0.06729781254684508,0.05896447921351174
48,18,fracao_porta1,-0.04166666666666668,-0.08463460268989553,0.0013012693565621833
48,21,atraso_relativo,-0.07565914110368273,-0.7016221753216362,0.5503038931142706
48,21,taxa_omissao,0.02291666666666666,-0.01848827251355653,0.06432160584688985
48,21,divida_latente_sobre_plano,0.00540129244410411,-0.009772085479272653,0.020574670367480872
48,21,taxa_falha_efetiva,0.015624999999999998,-0.002632862020104201,0.033882862020104196
48,21,fracao_porta1,-0.05520833333333335,-0.10751891213676333,-0.0028977545299033736
48,45,atraso_relativo,-0.07144296251427096,-0.5752030992026148,0.4323171741740729
48,45,taxa_omissao,-0.07291666666666666,-0.11502343446126637,-0.03080989887206694
48,45,divida_latente_sobre_plano,-0.015125349182537846,-0.031623479638742374,0.001372781273666683
48,45,taxa_falha_efetiva,0.0,-0.022320230677975658,0.022320230677975658
48,45,fracao_porta1,0.008333333333333335,-0.01647421609620046,0.03314088276286713
49,18,atraso_relativo,-0.6550154892239123,-1.1283351900467526,-0.18169578840107192
49,18,taxa_omissao,-0.08958333333333333,-0.14925420155740285,-0.02991246510926382
49,18,divida_latente_sobre_plano,-0.04055989331117444,-0.0662365783910878,-0.014883208231261071
49,18,taxa_falha_efetiva,-0.025,-0.08928117021430351,0.03928117021430352
49,18,fracao_porta1,-0.05104166666666668,-0.07226833236634451,-0.02981500096698884
49,19,atraso_relativo,-0.23381806097725122,-0.492328578572352,0.02469245661784958
49,19,taxa_omissao,-0.07708333333333334,-0.11555313143725568,-0.03861353522941099
49,19,divida_latente_sobre_plano,-0.010804911785513628,-0.01916271445978167,-0.002447109111245587
49,19,taxa_falha_efetiva,-0.016666666666666663,-0.045818993007118405,0.012485659673785076
49,19,fracao_porta1,-0.06562500000000002,-0.11231111197820454,-0.018938888021795504
49,21,atraso_relativo,-0.6181228749445367,-1.2382452435989597,0.0019994937098863907
49,21,taxa_omissao,0.013541666666666664,-0.012065158718221124,0.03914849205155445
49,21,divida_latente_sobre_plano,-0.012358372933221739,-0.02463548177752875,-8.126408891472904e-05
49,21,taxa_falha_efetiva,-0.005208333333333332,-0.02500632391661025,0.014589657249943586
49,21,fracao_porta1,-0.06458333333333335,-0.12301350747853315,-0.006153159188133549
49,22,atraso_relativo,-0.18711199042291715,-0.39407039945226474,0.019846418606430438
49,22,taxa_omissao,0.00625,-0.005233663943981743,0.017733663943981744
49,22,divida_latente_sobre_plano,-0.0014703614186615285,-0.012703019536020387,0.00976229669869733
49,22,taxa_falha_efetiva,-0.008333333333333333,-0.029299539283091806,0.012632872616425138
49,22,fracao_porta1,-0.0625,-0.1256311458801784,0.000631145880178402
49,45,atraso_relativo,-0.6139066963551248,-0.9796695577855162,-0.24814383492473346
49,45,taxa_omissao,-0.08229166666666665,-0.1144891881959624,-0.0500941451373709
49,45,divida_latente_sobre_plano,-0.032885014559863694,-0.051699448841479256,-0.014070580278248136
49,45,taxa_falha_efetiva,-0.02083333333333333,-0.043800661221296805,0.0021339945546301475
49,45,fracao_porta1,-0.001041666666666663,-0.043451832491668126,0.0413684991583348
49,46,atraso_relativo,-0.11505712410822451,-0.45069382678091263,0.22057957856446364
49,46,taxa_omissao,-0.07291666666666666,-0.11432160584688983,-0.03151172748644348
49,46,divida_latente_sobre_plano,-0.007964748915380798,-0.024914455663517125,0.008984957832755531
49,46,taxa_falha_efetiva,-0.00833333333333333,-0.05330083540835816,0.036634168741691495
49,46,fracao_porta1,-0.02500000000000001,-0.0743188866662648,0.024318886666264784
49,48,atraso_relativo,-0.5424637338408539,-0.8818036298581918,-0.20312383782351595
49,48,taxa_omissao,-0.009374999999999998,-0.033203410519935986,0.014453410519935993
49,48,divida_latente_sobre_plano,-0.017759665377325845,-0.024855577752871477,-0.010663753001780213
49,48,taxa_falha_efetiva,-0.02083333333333333,-0.026246784431771288,-0.015419882234895368
49,48,fracao_porta1,-0.009374999999999998,-0.046240164768063016,0.027490164768063017
50,18,atraso_relativo,-0.6247212656356721,-1.132618927903703,-0.1168236033676412
50,18,taxa_omissao,-0.08541666666666667,-0.14384684081186647,-0.026986492521466877
50,18,divida_latente_sobre_plano,-0.04166963966228748,-0.0727736501150788,-0.010565629209496167
50,18,taxa_falha_efetiva,-0.01041666666666667,-0.08434546312853879,0.06351212979520544
50,18,fracao_porta1,-0.04166666666666667,-0.06979578370701897,-0.013537549626314375
50,19,atraso_relativo,-0.20352383738901098,-0.41980557176879385,0.012757896990771928
50,19,taxa_omissao,-0.07291666666666667,-0.10943239070687505,-0.036400942626458294
50,19,divida_latente_sobre_plano,-0.011914658136626675,-0.037204912024155844,0.013375595750902492
50,19,taxa_falha_efetiva,-0.0020833333333333294,-0.049431692743467134,0.04526502607680048
50,19,fracao_porta1,-0.056249999999999994,-0.129980329536126,0.01748032953612602
50,20,atraso_relativo,-0.14677754969264592,-0.34786797522981994,0.054312875844528125
50,20,taxa_omissao,-0.078125,-0.10539450429834894,-0.05085549570165106
50,20,divida_latente_sobre_plano,-0.005561972745050765,-0.01722610725319557,0.0061021617630940385
50,20,taxa_falha_efetiva,-0.008333333333333328,-0.06638612888570622,0.049719462219039556
50,20,fracao_porta1,-0.053125000000000006,-0.10895839091517893,0.0027083909151789237
50,21,atraso_relativo,-0.5878286513562964,-1.1830435240881827,0.007386221375589974
50,21,taxa_omissao,0.017708333333333326,0.004040039307769375,0.03137662735889728
50,21,divida_latente_sobre_plano,-0.013468119284334786,-0.03022872749668883,0.0032924889280192583
50,21,taxa_falha_efetiva,0.009375,-0.024594136047450185,0.04334413604745019
50,21,fracao_porta1,-0.055208333333333345,-0.09246884629506824,-0.01794782037159845
50,22,atraso_relativo,-0.1568177668346769,-0.35063073896519403,0.036995205295840244
50,22,taxa_omissao,0.010416666666666664,-0.006268710211132712,0.02710204354446604
50,22,divida_latente_sobre_plano,-0.002580107769774577,-0.011391278412898491,0.006231062873349336
50,22,taxa_falha_efetiva,0.006249999999999999,-0.03334598116655382,0.04584598116655382
50,22,fracao_porta1,-0.053125000000000006,-0.11127236981363645,0.005022369813636428
50,23,atraso_relativo,-0.10005521405104116,-0.3233222690714478,0.12321184096936545
50,23,taxa_omissao,0.004166666666666662,-0.06323025598750778,0.07156358932084111
50,23,divida_latente_sobre_plano,0.001202278699925736,-0.013331179742474384,0.015735737142325856
50,23,taxa_falha_efetiva,-0.0041666666666666675,-0.07937273284134155,0.07103939950800822
50,23,fracao_porta1,-0.06145833333333334,-0.10281901281177741,-0.02009765385488927
50,45,atraso_relativo,-0.5836124727668847,-0.8574348501688935,-0.30979009536487584
50,45,taxa_omissao,-0.078125,-0.10746520579100269,-0.04878479420899731
50,45,divida_latente_sobre_plano,-0.03399476091097674,-0.0451492831903009,-0.022840238631652576
50,45,taxa_falha_efetiva,-0.006249999999999999,-0.03411744514791852,0.021617445147918524
50,45,fracao_porta1,0.008333333333333338,-0.035977673620661794,0.05264434028732847
50,46,atraso_relativo,-0.08476290051998424,-0.3563414867738122,0.18681568573384372
50,46,taxa_omissao,-0.06874999999999999,-0.10362371920228662,-0.03387628079771336
50,46,divida_latente_sobre_plano,-0.009074495266493844,-0.017006982239299133,-0.001142008293688556
50,46,taxa_falha_efetiva,0.006250000000000002,-0.04171329893180371,0.054213298931803725
50,46,fracao_porta1,-0.015625000000000007,-0.09635169982928804,0.06510169982928801
50,47,atraso_relativo,0.03535635809116425,-0.13019823163103056,0.20091094781335905
50,47,taxa_omissao,-0.07916666666666666,-0.1275860452625794,-0.03074728807075392
50,47,divida_latente_sobre_plano,-0.010149290220071952,-0.015177018570966167,-0.005121561869177738
50,47,taxa_falha_efetiva,-0.012499999999999997,-0.0547804046871116,0.029780404687111607
50,47,fracao_porta1,-0.012500000000000004,-0.0533706595166412,0.028370659516641195
50,48,atraso_relativo,-0.5121695102526136,-0.9827234319702348,-0.041615588534992365
50,48,taxa_omissao,-0.005208333333333335,-0.04363049080213186,0.03321382413546519
50,48,divida_latente_sobre_plano,-0.018869411728438895,-0.03673097036643787,-0.001007853090439926
50,48,taxa_falha_efetiva,-0.006249999999999999,-0.04154138342138367,0.029041383421383675
50,48,fracao_porta1,3.469446951953614e-18,-0.025961999427800656,0.025961999427800662
50,49,atraso_relativo,0.030294223588240257,-0.1419721391571882,0.20256058633366875
50,49,taxa_omissao,0.004166666666666663,-0.015351808845968262,0.023685142179301587
50,49,divida_latente_sobre_plano,-0.0011097463511130484,-0.020974443603883258,0.018754950901657158
50,49,taxa_falha_efetiva,0.014583333333333332,-0.023886464770589026,0.053053131437255686
50,49,fracao_porta1,0.009375000000000001,-0.027090530581375817,0.04584053058137582
51,18,atraso_relativo,-0.31013762071062856,-1.024250148688401,0.4039749072671438
51,18,taxa_omissao,-0.15312499999999998,-0.21251897174983073,-0.09373102825016924
51,18,divida_latente_sobre_plano,-0.04070023337718097,-0.07696694091656286,-0.004433525837799074
51,18,taxa_falha_efetiva,-0.006250000000000004,-0.06211618586127554,0.04961618586127553
51,18,fracao_porta1,-0.043750000000000004,-0.1394471995331812,0.051947199533181186
51,21,atraso_relativo,-0.27324500643125293,-1.1326494785125418,0.586159465650036
51,21,taxa_omissao,-0.05,-0.08014082010580592,-0.01985917989419409
51,21,divida_latente_sobre_plano,-0.012498712999228268,-0.03259745234498574,0.007600026346529204
51,21,taxa_falha_efetiva,0.013541666666666665,-0.0055018355936934955,0.03258516892702683
51,21,fracao_porta1,-0.05729166666666668,-0.13079808039438953,0.016214747061056183
51,24,atraso_relativo,-0.0995447021931071,-0.5204409282131318,0.3213515238269177
51,24,taxa_omissao,0.009375,-0.042935578803429957,0.06168557880342996
51,24,divida_latente_sobre_plano,0.00398389033435935,-0.02043083933277801,0.02839862000149671
51,24,taxa_falha_efetiva,-0.0010416666666666647,-0.04345183249166812,0.04136849915833479
51,24,fracao_porta1,-0.06145833333333334,-0.16147907592182992,0.03856240925516326
51,45,atraso_relativo,-0.2690288278418411,-0.583458144307293,0.045400488623610735
51,45,taxa_omissao,-0.14583333333333331,-0.18372749102239905,-0.1079391756442676
51,45,divida_latente_sobre_plano,-0.033025354625870224,-0.04937772285587798,-0.01667298639586247
51,45,taxa_falha_efetiva,-0.002083333333333333,-0.026593775644747727,0.022427108978081062
51,45,fracao_porta1,0.006250000000000009,-0.04140682103987199,0.053906821039872016
51,48,atraso_relativo,-0.19758586532757016,-0.7702263209682547,0.3750545903131144
51,48,taxa_omissao,-0.07291666666666666,-0.13134684081186646,-0.014486492521466866
51,48,divida_latente_sobre_plano,-0.017900005443332378,-0.04331754060662443,0.007517529719959681
51,48,taxa_falha_efetiva,-0.002083333333333333,-0.022697140976029966,0.0185304743093633
51,48,fracao_porta1,-0.002083333333333326,-0.07151493265818669,0.06734826599152004
52,18,atraso_relativo,-0.6766349372828206,-1.1222773771601673,-0.23099249740547395
52,18,taxa_omissao,-0.159375,-0.20637392024756132,-0.11237607975243866
52,18,divida_latente_sobre_plano,-0.05113851267232302,-0.08563787850463374,-0.016639146840012303
52,18,taxa_falha_efetiva,-0.0020833333333333415,-0.050653786800558896,0.04648712013389222
52,18,fracao_porta1,-0.04791666666666667,-0.09826467225559737,0.002431338922264034
52,19,atraso_relativo,-0.2554375090361596,-0.39463009493933876,-0.11624492313298038
52,19,taxa_omissao,-0.14687499999999998,-0.17248182538488777,-0.12126817461511218
52,19,divida_latente_sobre_plano,-0.021383531146662207,-0.04336443664932163,0.0005973743559972156
52,19,taxa_falha_efetiva,0.006249999999999999,-0.041713298931803734,0.05421329893180373
52,19,fracao_porta1,-0.0625,-0.13886612538449658,0.01386612538449658
52,21,atraso_relativo,-0.639742323003445,-1.1541944266559065,-0.1252902193509834
52,21,taxa_omissao,-0.05625,-0.07686380764269662,-0.03563619235730337
52,21,divida_latente_sobre_plano,-0.02293699229437032,-0.03683766883526496,-0.009036315753475684
52,21,taxa_falha_efetiva,0.017708333333333333,-0.014941105336031914,0.05035777200269858
52,21,fracao_porta1,-0.061458333333333344,-0.10025997810971274,-0.022656688556953943
52,22,atraso_relativo,-0.20873143848182546,-0.3309426954066656,-0.08652018155698533
52,22,taxa_omissao,-0.06354166666666666,-0.08258516892702682,-0.04449816440630651
52,22,divida_latente_sobre_plano,-0.012048980779810108,-0.021212516213558543,-0.0028854453460616727
52,22,taxa_falha_efetiva,0.014583333333333328,-0.027869998066022347,0.05703666473268901
52,22,fracao_porta1,-0.059375,-0.10380983860750702,-0.014940161392492976
52,24,atraso_relativo,-0.46604201876529916,-0.6399721121355845,-0.29211192539501385
52,24,taxa_omissao,0.0031250000000000015,-0.015918502260360148,0.022168502260360153
52,24,divida_latente_sobre_plano,-0.006454388960782702,-0.02038043760986842,0.007471659688303017
52,24,taxa_falha_efetiva,0.0031249999999999976,-0.041309838607507025,0.04755983860750702
52,24,fracao_porta1,-0.06562500000000002,-0.1441433713011536,0.012893371301153561
52,25,atraso_relativo,-0.15149331885055062,-0.2431443504738643,-0.059842287227236945
52,25,taxa_omissao,0.004166666666666669,-0.00793817798231152,0.01627151131564486
52,25,divida_latente_sobre_plano,0.0005346178071708582,-0.006644586391977781,0.007713822006319497
52,25,taxa_falha_efetiva,0.006249999999999995,-0.02554682565027021,0.038046825650270205
52,25,fracao_porta1,-0.06250000000000001,-0.12835747500236033,0.003357475002360319
52,45,atraso_relativo,-0.6355261444140331,-0.9394707104877649,-0.3315815783403013
52,45,taxa_omissao,-0.15208333333333335,-0.17269714097602998,-0.13146952569063672
52,45,divida_latente_sobre_plano,-0.04346363392101227,-0.06128919298426799,-0.025638074857756543
52,45,taxa_falha_efetiva,0.0020833333333333294,-0.040713755349177524,0.044880422015844176
52,45,fracao_porta1,0.00208333333333334,-0.022427108978081048,0.026593775644747727
52,46,atraso_relativo,-0.1366765721671328,-0.35316097413086317,0.07980782979659756
52,46,taxa_omissao,-0.14270833333333333,-0.1725437674453681,-0.11287289922129858
52,46,divida_latente_sobre_plano,-0.01854336827652938,-0.03425905509116386,-0.002827681461894903
52,46,taxa_falha_efetiva,0.01458333333333333,-0.032765026076800464,0.061931692743467125
52,46,fracao_porta1,-0.021875000000000006,-0.10804500117197702,0.064295001171977
52,48,atraso_relativo,-0.5640831818997623,-1.014333350429359,-0.11383301337016538
52,48,taxa_omissao,-0.07916666666666666,-0.102763352940557,-0.05556998039277633
52,48,divida_latente_sobre_plano,-0.02833828473847443,-0.042984787032460066,-0.013691782444488793
52,48,taxa_falha_efetiva,0.0020833333333333294,-0.032367658498611895,0.03653432516527856
52,48,fracao_porta1,-0.006249999999999995,-0.02614028940802317,0.013640289408023181
52,49,atraso_relativo,-0.021619448058908322,-0.20348550506983448,0.1602466089520178
52,49,taxa_omissao,-0.06979166666666667,-0.08345996069223062,-0.05612337264110272
52,49,divida_latente_sobre_plano,-0.01057861936114858,-0.02864025424341552,0.007483015521118359
52,49,taxa_falha_efetiva,0.02291666666666666,-0.015553131437255695,0.06138646477058902
52,49,fracao_porta1,0.0031250000000000028,-0.04449337261002298,0.050743372610022985
52,51,atraso_relativo,-0.36649731657219203,-0.7311977620379972,-0.001796871106386766
52,51,taxa_omissao,-0.006249999999999996,-0.0443370045207203,0.0318370045207203
52,51,divida_latente_sobre_plano,-0.01043827929514205,-0.02794105725998937,0.007064498669705271
52,51,taxa_falha_efetiva,0.004166666666666662,-0.019430019607223667,0.02776335294055699
52,51,fracao_porta1,-0.004166666666666669,-0.06120091304780938,0.05286757971447603
53,18,atraso_relativo,-0.69970327121441,-1.0683651923924495,-0.3310413500363705
53,18,taxa_omissao,-0.159375,-0.20939452651103785,-0.10935547348896213
53,18,divida_latente_sobre_plano,-0.05324625959458494,-0.08028593312101234,-0.026206586068157536
53,18,taxa_falha_efetiva,-0.00833333333333333,-0.06562391469763847,0.04895724803097181
53,18,fracao_porta1,-0.03333333333333334,-0.09238711291285155,0.025720446246184872
53,19,atraso_relativo,-0.278505842967749,-0.39390613946901176,-0.16310554646648623
53,19,taxa_omissao,-0.146875,-0.1771975754422138,-0.11655242455778622
53,19,divida_latente_sobre_plano,-0.023491278068924135,-0.040157776135195805,-0.0068247800026524676
53,19,taxa_falha_efetiva,1.0408340855860843e-17,-0.05855542653790477,0.0585554265379048
53,19,fracao_porta1,-0.04791666666666666,-0.1037828525279422,0.007949519194608873
53,20,atraso_relativo,-0.2217595552713839,-0.45240741509196514,0.00888830454919734
53,20,taxa_omissao,-0.15208333333333335,-0.16477900150690677,-0.13938766515975992
53,20,divida_latente_sobre_plano,-0.01713859267734822,-0.023479746601521242,-0.010797438753175199
53,20,taxa_falha_efetiva,-0.006249999999999988,-0.0767288922215926,0.06422889222159262
53,20,fracao_porta1,-0.04479166666666667,-0.12161214282133007,0.032028809487996725
53,21,atraso_relativo,-0.6628106569350343,-1.1423786551291797,-0.1832426587408889
53,21,taxa_omissao,-0.056249999999999994,-0.09070099183194522,-0.021799008168054773
53,21,divida_latente_sobre_plano,-0.025044739216632243,-0.035946678866972955,-0.014142799566291534
53,21,taxa_falha_efetiva,0.01145833333333334,-0.02954654874335852,0.0524632154100252
53,21,fracao_porta1,-0.046875000000000014,-0.09097884823663374,-0.0027711517633662933
53,22,atraso_relativo,-0.2317997724134149,-0.3434745064892912,-0.12012503833753863
53,22,taxa_omissao,-0.06354166666666666,-0.09081117096501562,-0.036272162368317706
53,22,divida_latente_sobre_plano,-0.014156727702072033,-0.015570890642118933,-0.012742564762025134
53,22,taxa_falha_efetiva,0.008333333333333337,-0.04387209847171606,0.06053876513838274
53,22,fracao_porta1,-0.04479166666666667,-0.06735673352489331,-0.022226599808440023
53,23,atraso_relativo,-0.17503721962977914,-0.2787721314979105,-0.07130230776164775
53,23,taxa_omissao,-0.06979166666666667,-0.11520500436013217,-0.02437832897320117
53,23,divida_latente_sobre_plano,-0.010374341232371718,-0.017279628279418133,-0.003469054185325301
53,23,taxa_falha_efetiva,-0.002083333333333326,-0.09623692843485719,0.09207026176819054
53,23,fracao_porta1,-0.053125,-0.1208202005746799,0.014570200574679913
53,24,atraso_relativo,-0.4891103526968886,-0.7306576114616343,-0.24756309393214285
53,24,taxa_omissao,0.003125000000000001,-0.019440066858226634,0.02569006685822664
53,24,divida_latente_sobre_plano,-0.008562135883044624,-0.01952237673004517,0.002398104963955922
53,24,taxa_falha_efetiva,-0.0031249999999999906,-0.06817094335778359,0.061920943357783614
53,24,fracao_porta1,-0.051041666666666666,-0.11631248863252805,0.014229155299194718
53,25,atraso_relativo,-0.17456165278214003,-0.2937571397690207,-0.055366165795259395
53,25,taxa_omissao,0.004166666666666669,-0.019430019607223663,0.027763352940557002
53,25,divida_latente_sobre_plano,-0.0015731291150910647,-0.008538403633259393,0.0053921454030772635
53,25,taxa_falha_efetiva,6.938893903907228e-18,-0.05805279555237288,0.058052795552372895
53,25,fracao_porta1,-0.04791666666666667,-0.09172884714292506,-0.004104486190408284
53,26,atraso_relativo,-0.1883539170817068,-0.2947234672195133,-0.08198436694390027
53,26,taxa_omissao,0.0020833333333333355,-0.026816587162450146,0.03098325382911682
53,26,divida_latente_sobre_plano,-6.030677532378693e-07,-0.005921305568257547,0.005920099432751071
53,26,taxa_falha_efetiva,-0.0041666666666666605,-0.09162364568802187,0.08329031235468853
53,26,fracao_porta1,-0.04791666666666666,-0.11839555888825931,0.022562225554925985
53,45,atraso_relativo,-0.6585944783456226,-0.9971950218802491,-0.31999393481099603
53,45,taxa_omissao,-0.15208333333333332,-0.18198009419890143,-0.12218657246776521
53,45,divida_latente_sobre_plano,-0.045571380843274195,-0.057214414027060075,-0.033928347659488316
53,45,taxa_falha_efetiva,-0.004166666666666659,-0.05041921312681391,0.04208587979348059
53,45,fracao_porta1,0.016666666666666677,-0.009295332761133965,0.04262866609446732
53,46,atraso_relativo,-0.15974490609872222,-0.36875922072916656,0.049269408531722125
53,46,taxa_omissao,-0.14270833333333333,-0.18074721780385863,-0.10466944886280802
53,46,divida_latente_sobre_plano,-0.0206511151987913,-0.02892155502126486,-0.01238067537631774
53,46,taxa_falha_efetiva,0.008333333333333342,-0.04215997704715754,0.058826643713824234
53,46,fracao_porta1,-0.0072916666666666685,-0.09346166783864368,0.07887833450531034
53,47,atraso_relativo,-0.039625647487573745,-0.09495947271931116,0.015708177744163665
53,47,taxa_omissao,-0.153125,-0.20285072352005795,-0.10339927647994207
53,47,divida_latente_sobre_plano,-0.02172591015236941,-0.031228764587781566,-0.012223055716957254
53,47,taxa_falha_efetiva,-0.01041666666666666,-0.04400624738173957,0.023172914048406254
53,47,fracao_porta1,-0.004166666666666666,-0.06588950574081565,0.05755617240748232
53,48,atraso_relativo,-0.5871515158313516,-0.9426404714639613,-0.23166256019874187
53,48,taxa_omissao,-0.07916666666666666,-0.09540701996198055,-0.06292631337135278
53,48,divida_latente_sobre_plano,-0.030446031660736353,-0.04032462067166295,-0.02056744264980975
53,48,taxa_falha_efetiva,-0.004166666666666659,-0.050101322442593625,0.04176798910926031
53,48,fracao_porta1,0.008333333333333342,-0.035645751291995376,0.052312417958662066
53,49,atraso_relativo,-0.044687781990497735,-0.18972968310740562,0.10035411912641017
53,49,taxa_omissao,-0.06979166666666667,-0.09169775690479585,-0.04788557642853748
53,49,divida_latente_sobre_plano,-0.012686366283410504,-0.02326602371612127,-0.002106708850699737
53,49,taxa_falha_efetiva,0.01666666666666667,-0.03440372885530816,0.0677370621886415
53,49,fracao_porta1,0.01770833333333334,-0.032893681823958375,0.06831034849062506
53,50,atraso_relativo,-0.07498200557873799,-0.23829885696898379,0.0883348458115078
53,50,taxa_omissao,-0.07395833333333332,-0.11001980124280805,-0.037896865423858596
53,50,divida_latente_sobre_plano,-0.011576619932297456,-0.020865432520232333,-0.0022878073443625795
53,50,taxa_falha_efetiva,0.00208333333333334,-0.039321605846889866,0.043488272513556546
53,50,fracao_porta1,0.008333333333333338,-0.043307698844202616,0.05997436551086929
53,51,atraso_relativo,-0.3895656505037815,-0.8014096331820485,0.022278332174485493
53,51,taxa_omissao,-0.006249999999999995,-0.0565980055889307,0.044098005588930705
53,51,divida_latente_sobre_plano,-0.012546026217403975,-0.028242706743029037,0.003150654308221087
53,51,taxa_falha_efetiva,-0.002083333333333326,-0.02776158654283984,0.02359491987617319
53,51,fracao_porta1,0.010416666666666668,-0.02728365774262975,0.04811699107596308
53,52,atraso_relativo,-0.023068333931589413,-0.12809995751483472,0.08196328965165589
53,52,taxa_omissao,-4.336808689942018e-19,-0.014322645341076285,0.014322645341076285
53,52,divida_latente_sobre_plano,-0.002107746922261923,-0.012560732509939197,0.00834523866541535
53,52,taxa_falha_efetiva,-0.006249999999999988,-0.033045215869290726,0.020545215869290746
53,52,fracao_porta1,0.014583333333333337,-0.01856714901337194,0.047733815680038615
54,0,atraso_relativo,-0.1573494825084878,-0.45500967517898283,0.14031071016200725
54,0,taxa_omissao,-0.025,-0.0672804046871116,0.017280404687111603
54,0,divida_latente_sobre_plano,-0.011891110214736364,-0.02595084257303757,0.0021686221435648426
54,0,taxa_falha_efetiva,-0.029166666666666667,-0.07144707135377829,0.013113738020444958
54,0,fracao_porta1,-0.034374999999999996,-0.09828468223460429,0.029534682234604308
54,9,atraso_relativo,-0.5067198335601721,-1.2250264966369953,0.21158682951665098
54,9,taxa_omissao,-0.01666666666666667,-0.04959540416784684,0.016262070834513503
54,9,divida_latente_sobre_plano,-0.007062226646426981,-0.03302876400087022,0.018904310708016264
54,9,taxa_falha_efetiva,-0.013541666666666665,-0.05595183249166814,0.028868499158334802
54,9,fracao_porta1,-0.06041666666666667,-0.12106181755109426,0.00022848421776092143
54,18,atraso_relativo,-0.20393473337720547,-0.4856587621969023,0.07778929544249136
54,18,taxa_omissao,-0.029166666666666664,-0.06424983951915429,0.005916506185820968
54,18,divida_latente_sobre_plano,-0.013209665217806893,-0.035685569425802546,0.009266238990188764
54,18,taxa_falha_efetiva,-0.028125000000000004,-0.06692664477637938,0.010676644776379383
54,18,fracao_porta1,-0.07083333333333333,-0.13231831857833531,-0.009348348088331335
54,27,atraso_relativo,-0.26022589464211826,-0.712061460038411,0.19160967075417445
54,27,taxa_omissao,-0.012500000000000004,-0.0918767746319005,0.0668767746319005
54,27,divida_latente_sobre_plano,-0.0024604384136857026,-0.023000518051246362,0.018079641223874957
54,27,taxa_falha_efetiva,-0.018749999999999996,-0.09578475962851954,0.058284759628519554
54,27,fracao_porta1,-0.018749999999999992,-0.05145548924911596,0.013955489249115969
54,36,atraso_relativo,-0.5166711068485366,-1.0336154486834253,0.0002732349863521222
54,36,taxa_omissao,-0.014583333333333334,-0.0631537868005589,0.033987120133892226
54,36,divida_latente_sobre_plano,0.0010120660020606948,-0.02184863175841855,0.02387276376253994
54,36,taxa_falha_efetiva,-0.010416666666666664,-0.061630317436442275,0.040796984103108946
54,36,fracao_porta1,-0.004166666666666666,-0.03229578370701895,0.02396245037368562
54,45,atraso_relativo,-0.16282594050841803,-0.7708992634180029,0.4452473824011668
54,45,taxa_omissao,-0.021875,-0.06323567947844407,0.019485679478444068
54,45,divida_latente_sobre_plano,-0.005534786466496147,-0.01010883365802782,-0.0009607392749644734
54,45,taxa_falha_efetiva,-0.02395833333333333,-0.06739263456737715,0.01947596790071049
54,45,fracao_porta1,-0.020833333333333322,-0.03795216880633766,-0.0037144978603289892
54,63,atraso_relativo,-0.27012985272929413,-0.7205600978066483,0.18030039234806006
54,63,taxa_omissao,-0.009375000000000001,-0.05850784720024767,0.039757847200247665
54,63,divida_latente_sobre_plano,-0.007778501914683059,-0.028214756510658214,0.012657752681292097
54,63,taxa_falha_efetiva,-0.010416666666666671,-0.060472797300064794,0.03963946396673145
54,63,fracao_porta1,-0.015625,-0.05480245640221566,0.023552456402215663
54,72,atraso_relativo,-0.2754945116236171,-0.8651203953131377,0.3141313720659034
54,72,taxa_omissao,-0.022916666666666665,-0.053778086203741166,0.007944752870407832
54,72,divida_latente_sobre_plano,-0.005636923793067523,-0.016868154475865378,0.005594306889730331
54,72,taxa_falha_efetiva,-0.021875,-0.06887392024756132,0.025123920247561327
54,72,fracao_porta1,-0.010416666666666664,-0.042213492316936864,0.021380158983603535
55,0,atraso_relativo,-0.5194313887517885,-0.9175697695260363,-0.12129300797754078
55,0,taxa_omissao,-0.019791666666666662,-0.04169775690479585,0.0021144235714625273
55,0,divida_latente_sobre_plano,-0.032076972462314585,-0.038935845921677266,-0.025218099002951907
55,0,taxa_falha_efetiva,-0.02604166666666666,-0.05869110533603189,0.006607772002698572
55,0,fracao_porta1,-0.017708333333333343,-0.07734849876750087,0.04193183210083419
55,1,atraso_relativo,-0.09881461165701984,-0.31066137958150025,0.11303215626746059
55,1,taxa_omissao,-0.002083333333333324,-0.03148589882442246,0.027319232157755807
55,1,divida_latente_sobre_plano,-0.0012794121232121514,-0.0075998503774599374,0.005041026131035635
55,1,taxa_falha_efetiva,-0.007291666666666665,-0.04375719724804247,0.02917386391470914
55,1,fracao_porta1,-0.02916666666666667,-0.0734776736206618,0.015144340287328455
55,9,atraso_relativo,-0.868801739803473,-1.1766860954748937,-0.5609173841320523
55,9,taxa_omissao,-0.011458333333333329,-0.024008903391067288,0.0010922367244006297
55,9,divida_latente_sobre_plano,-0.027248088894005203,-0.04656207352915846,-0.00793410425885194
55,9,taxa_falha_efetiva,-0.010416666666666663,-0.04221349231693687,0.021380158983603542
55,9,fracao_porta1,-0.04375000000000001,-0.09692871937847689,0.00942871937847687
55,10,atraso_relativo,-0.19735924467676727,-0.5330715483457633,0.13835305899222874
55,10,taxa_omissao,-0.00833333333333333,-0.06327386152430957,0.046607194857642906
55,10,divida_latente_sobre_plano,-0.002307868030973309,-0.015211903110359677,0.01059616704841306
55,10,taxa_falha_efetiva,-0.012499999999999997,-0.0894395962078447,0.0644395962078447
55,10,fracao_porta1,-0.03333333333333334,-0.10433007889797749,0.03766341223131081
55,18,atraso_relativo,-0.5660166396205062,-1.0543714503340504,-0.07766182890696188
55,18,taxa_omissao,-0.023958333333333325,-0.06199721780385864,0.01408055113719199
55,18,divida_latente_sobre_plano,-0.03339552746538512,-0.061798275903523915,-0.004992779027246326
55,18,taxa_falha_efetiva,-0.025,-0.06931100695399511,0.019311006953995118
55,18,fracao_porta1,-0.05416666666666668,-0.11935325006617446,0.011019916732841098
55,19,atraso_relativo,-0.14481921137384524,-0.33058739718346125,0.04094897443577078
55,19,taxa_omissao,-0.011458333333333327,-0.04871884629506821,0.025802179628401554
55,19,divida_latente_sobre_plano,-0.003640545939724308,-0.024946297931503145,0.01766520605205453
55,19,taxa_falha_efetiva,-0.01666666666666666,-0.06478247249821388,0.03144913916488057
55,19,fracao_porta1,-0.06875,-0.14635328955275878,0.00885328955275877
55,27,atraso_relativo,-0.6223078008854191,-1.0407956274407213,-0.203819974330117
55,27,taxa_omissao,-0.007291666666666665,-0.0669318321008342,0.05234849876750086
55,27,divida_latente_sobre_plano,-0.022646300661263927,-0.03317852885549935,-0.012114072467028506
55,27,taxa_falha_efetiva,-0.015624999999999995,-0.07672149785205323,0.04547149785205324
55,27,fracao_porta1,-0.0020833333333333363,-0.04419010112793306,0.0400234344612664
55,28,atraso_relativo,0.13302040177881472,-0.046715755164438266,0.3127565587220677
55,28,taxa_omissao,0.012500000000000004,-0.022583172852487628,0.047583172852487636
55,28,divida_latente_sobre_plano,-0.0015282409536181325,-0.005553768848685688,0.0024972869414494232
55,28,taxa_falha_efetiva,0.012500000000000004,-0.02943241189951694,0.05443241189951695
55,28,fracao_porta1,-0.028125,-0.06336444611079631,0.00711444611079631
55,36,atraso_relativo,-0.8787530130918373,-1.2477286998881272,-0.5097773262955474
55,36,taxa_omissao,-0.009374999999999993,-0.043772785635202725,0.025022785635202736
55,36,divida_latente_sobre_plano,-0.01917379624551753,-0.03174855564460695,-0.006599036846428111
55,36,taxa_falha_efetiva,-0.007291666666666662,-0.05429058691422798,0.03970725358089466
55,36,fracao_porta1,0.01249999999999999,-0.02837065951664121,0.05337065951664119
55,37,atraso_relativo,0.09962258454106282,-0.101274710200801,0.30051987928292667
55,37,taxa_omissao,-0.004166666666666664,-0.060684755405357484,0.05235142207202415
55,37,divida_latente_sobre_plano,-0.0040697389221046295,-0.018497945188174672,0.010358467343965415
55,37,taxa_falha_efetiva,-0.010416666666666664,-0.07225808959475655,0.05142475626142321
55,37,fracao_porta1,-0.01458333333333334,-0.08930072593694094,0.060134059270274265
55,45,atraso_relativo,-0.5249078467517188,-0.8113621935789022,-0.2384534999245353
55,45,taxa_omissao,-0.01666666666666666,-0.043733922158856464,0.010400588825523149
55,45,divida_latente_sobre_plano,-0.025720648714074375,-0.0357140762268439,-0.015727221201304847
55,45,taxa_falha_efetiva,-0.02083333333333333,-0.06061391214937967,0.01894724548271301
55,45,fracao_porta1,-0.004166666666666666,-0.03797365794083936,0.029640324607506027
55,46,atraso_relativo,-0.026058274504818485,-0.27415292102418315,0.22203637201454618
55,46,taxa_omissao,-0.00729166666666666,-0.0345611709650156,0.019977837631682274
55,46,divida_latente_sobre_plano,-0.0008003830695914773,-0.005606633012793694,0.004005866873610739
55,46,taxa_falha_efetiva,-0.008333333333333328,-0.04848056117953528,0.03181389451286863
55,46,fracao_porta1,-0.02812500000000001,-0.1300324081423506,0.07378240814235057
55,54,atraso_relativo,-0.3620819062433008,-0.950637146487104,0.22647333400050246
55,54,taxa_omissao,0.00520833333333334,-0.01799700430936036,0.02841367097602704
55,54,divida_latente_sobre_plano,-0.02018586224757822,-0.03273995865861419,-0.007631765836542247
55,54,taxa_falha_efetiva,0.0031250000000000028,-0.020703410519935996,0.026953410519936
55,54,fracao_porta1,0.016666666666666656,-0.013474153439139287,0.046807486772472595
55,63,atraso_relativo,-0.6322117589725949,-1.2904639956489268,0.026040477703737075
55,63,taxa_omissao,-0.0041666666666666605,-0.05228247249821389,0.04394913916488057
55,63,divida_latente_sobre_plano,-0.027964364162261283,-0.043008860465009555,-0.012919867859513011
55,63,taxa_falha_efetiva,-0.007291666666666665,-0.050725967900710475,0.03614263456737715
55,63,fracao_porta1,0.001041666666666656,-0.0515482763599714,0.05363160969330471
55,64,atraso_relativo,0.11330791056570097,-0.05489262503839759,0.28150844616979953
55,64,taxa_omissao,4.336808689942018e-18,-0.03903695102526984,0.039036951025269856
55,64,divida_latente_sobre_plano,-0.0028451029017249646,-0.015013873180499118,0.00932366737704919
55,64,taxa_falha_efetiva,-0.009374999999999996,-0.05314535499610252,0.03439535499610253
55,64,fracao_porta1,-0.0031249999999999993,-0.04587927017385868,0.03962927017385867
55,72,atraso_relativo,-0.6375764178669179,-0.9504165591995094,-0.32473627653432635
55,72,taxa_omissao,-0.017708333333333326,-0.07029827635997137,0.03488160969330471
55,72,divida_latente_sobre_plano,-0.02582278604064575,-0.04887822282166085,-0.002767349259630656
55,72,taxa_falha_efetiva,-0.018749999999999996,-0.08291709528818234,0.04541709528818235
55,72,fracao_porta1,0.006249999999999992,-0.05065564588744514,0.06315564588744513
55,73,atraso_relativo,0.06071372262355233,-0.21425861883545677,0.33568606408256146
55,73,taxa_omissao,3.469446951953614e-18,-0.07826135466622366,0.07826135466622366
55,73,divida_latente_sobre_plano,-0.0018947840823494628,-0.017987441578893662,0.014197873414194736
55,73,taxa_falha_efetiva,-0.011458333333333327,-0.08903801732218392,0.06612135065551727
55,73,fracao_porta1,-0.00104166666666667,-0.05500674214628526,0.05292340881295192
56,0,atraso_relativo,-0.6733865625451808,-1.0521157241493673,-0.29465740094099424
56,0,taxa_omissao,0.007291666666666665,-0.026677469380783515,0.04126080271411685
56,0,divida_latente_sobre_plano,-0.03578344565120245,-0.039648786922627216,-0.031918104379777684
56,0,taxa_falha_efetiva,0.006250000000000002,-0.010435376877799368,0.022935376877799372
56,0,fracao_porta1,0.007291666666666665,-0.0010510217722330215,0.01563435510556635
56,1,atraso_relativo,-0.25276978545041207,-0.5182316396500356,0.012692068749211471
56,1,taxa_omissao,0.025,0.0020326721120365217,0.047967327887963485
56,1,divida_latente_sobre_plano,-0.004985885312100013,-0.01119437635495614,0.0012226057307561135
56,1,taxa_falha_efetiva,0.024999999999999994,0.007045613885543988,0.042954386114456
56,1,fracao_porta1,-0.004166666666666662,-0.0343074867724726,0.02597415343913927
56,2,atraso_relativo,-0.10282404914673726,-0.224557781510441,0.018909683216966483
56,2,taxa_omissao,0.031249999999999997,0.02269058226349783,0.039809417736502165
56,2,divida_latente_sobre_plano,0.00017370169072311646,-0.005080166398764816,0.0054275697802110496
56,2,taxa_falha_efetiva,0.03645833333333333,0.010285542899615464,0.0626311237670512
56,2,fracao_porta1,-0.023958333333333328,-0.06496321541002519,0.017046548743358533
56,9,atraso_relativo,-1.0227569135968653,-1.4797416318784145,-0.5657721953153161
56,9,taxa_omissao,0.015624999999999998,-0.015177013477107723,0.04642701347710772
56,9,divida_latente_sobre_plano,-0.030954562082893065,-0.047805565057568555,-0.014103559108217579
56,9,taxa_falha_efetiva,0.021875,-0.0031530653166990594,0.04690306531669906
56,9,fracao_porta1,-0.01875,-0.05944100739632313,0.02194100739632313
56,10,atraso_relativo,-0.35131441847015954,-0.7961576742078829,0.09352883726756372
56,10,taxa_omissao,0.018749999999999996,-0.010149920495783483,0.047649920495783475
56,10,divida_latente_sobre_plano,-0.0060143412198611695,-0.01625278627793905,0.004224103838216709
56,10,taxa_falha_efetiva,0.019791666666666666,-0.03195565934308476,0.07153899267641808
56,10,fracao_porta1,-0.008333333333333331,-0.04991484021939472,0.03324817355272806
56,11,atraso_relativo,-0.17928187770150011,-0.4125972274744522,0.05403347207145198
56,11,taxa_omissao,0.015624999999999998,-0.009981825384887797,0.041231825384887795
56,11,divida_latente_sobre_plano,-0.0024464048796361253,-0.009667922003249625,0.004775112243977374
56,11,taxa_falha_efetiva,0.00833333333333333,-0.027165039448988744,0.04383170611565541
56,11,fracao_porta1,-0.033333333333333326,-0.08719649167670138,0.02052982501003473
56,18,atraso_relativo,-0.7199718134138986,-1.1723958956513958,-0.2675477311764014
56,18,taxa_omissao,0.0031250000000000028,-0.01591850226036014,0.022168502260360146
56,18,divida_latente_sobre_plano,-0.03710200065427298,-0.061802275832826256,-0.012401725475719702
56,18,taxa_falha_efetiva,0.007291666666666663,-0.02752949226580626,0.042112825599139585
56,18,fracao_porta1,-0.02916666666666667,-0.07848555333293149,0.020152219999598143
56,19,atraso_relativo,-0.2987743851672375,-0.5165269161895228,-0.08102185414495214
56,19,taxa_omissao,0.015625,-4.1306749187109554e-05,0.031291306749187106
56,19,divida_latente_sobre_plano,-0.007347019128612169,-0.02622151726707829,0.011527479009853951
56,19,taxa_falha_efetiva,0.015625000000000003,-0.004172990583276911,0.035422990583276914
56,19,fracao_porta1,-0.04375,-0.0682604423114144,-0.019239557688585603
56,20,atraso_relativo,-0.2420280974708724,-0.5390898968023248,0.05503370186057993
56,20,taxa_omissao,0.01041666666666667,-0.039639463966731465,0.06047279730006481
56,20,divida_latente_sobre_plano,-0.0009943337370362582,-0.006864150955491053,0.004875483481418536
56,20,taxa_falha_efetiva,0.009375000000000005,-0.02668646790947472,0.045436467909474726
56,20,fracao_porta1,-0.040625,-0.09645839091517894,0.015208390915178928
56,27,atraso_relativo,-0.7762629746788112,-1.2250188384414353,-0.327507110916187
56,27,taxa_omissao,0.019791666666666662,-0.040581056407586066,0.0801643897409194
56,27,divida_latente_sobre_plano,-0.02635277385015179,-0.03716681055473304,-0.015538737145570539
56,27,taxa_falha_efetiva,0.01666666666666667,-0.035538765138382715,0.06887209847171605
56,27,fracao_porta1,0.022916666666666672,-0.008880158983603541,0.05471349231693688
56,28,atraso_relativo,-0.020934772014577524,-0.26511327131996576,0.22324372729081074
56,28,taxa_omissao,0.03958333333333333,0.026887665159759898,0.052279001506906765
56,28,divida_latente_sobre_plano,-0.005234714142505994,-0.010231978227973504,-0.0002374500570384826
56,28,taxa_falha_efetiva,0.044791666666666674,0.033468621317516614,0.056114712015816734
56,28,fracao_porta1,-0.0031249999999999924,-0.029851773315955895,0.02360177331595591
56,29,atraso_relativo,-0.05122167319762891,-0.24810406413505276,0.14566071773979494
56,29,taxa_omissao,0.024999999999999994,0.0014033137261096618,0.04859668627389033
56,29,divida_latente_sobre_plano,-0.001623386137622876,-0.008658706605688784,0.0054119343304430325
56,29,taxa_falha_efetiva,0.01979166666666667,0.0032164254933140166,0.03636690784001932
56,29,fracao_porta1,0.013541666666666667,-0.03734909271825467,0.064432426051588
56,36,atraso_relativo,-1.0327081868852295,-1.457948277051949,-0.60746809671851
56,36,taxa_omissao,0.017708333333333333,-0.012127100778701431,0.0475437674453681
56,36,divida_latente_sobre_plano,-0.022880269434405392,-0.03518897538441275,-0.010571563484398035
56,36,taxa_falha_efetiva,0.025,0.00019245057046620925,0.04980754942953379
56,36,fracao_porta1,0.0375,0.0011854660530654232,0.07381453394693457
56,37,atraso_relativo,-0.05433258925232942,-0.15577834276499233,0.04711316426033349
56,37,taxa_omissao,0.02291666666666666,-0.004950778481251871,0.0507841118145852
56,37,divida_latente_sobre_plano,-0.007776212110992491,-0.01949909933665745,0.003946675114672468
56,37,taxa_falha_efetiva,0.021875,-0.008927013477107715,0.05267701347710771
56,37,fracao_porta1,0.010416666666666668,-0.042208092612064804,0.06304142594539813
56,38,atraso_relativo,-0.10797956768519763,-0.2797355887648262,0.06377645339443093
56,38,taxa_omissao,0.017708333333333333,-0.015386852090226714,0.05080351875689338
56,38,divida_latente_sobre_plano,0.0005296276976776955,-0.010661011098626272,0.011720266493981665
56,38,taxa_falha_efetiva,0.00729166666666667,-0.010145192934476644,0.024728526267809983
56,38,fracao_porta1,0.028125000000000008,-0.0026770134771077238,0.05892701347710774
56,45,atraso_relativo,-0.678863020545111,-1.0800810006215393,-0.2776450404686828
56,45,taxa_omissao,0.010416666666666668,-0.011572875645997696,0.03240620897933103
56,45,divida_latente_sobre_plano,-0.029427121902962233,-0.03653982851558604,-0.02231441529033842
56,45,taxa_falha_efetiva,0.011458333333333334,-0.008339657249943584,0.03125632391661025
56,45,fracao_porta1,0.020833333333333343,-0.024134168741691504,0.06580083540835818
56,46,atraso_relativo,-0.18001344829821073,-0.49593853594263404,0.13591163934621256
56,46,taxa_omissao,0.019791666666666666,0.0061233726411027145,0.03345996069223062
56,46,divida_latente_sobre_plano,-0.004506856258479338,-0.011735082691880994,0.0027213701749223187
56,46,taxa_falha_efetiva,0.023958333333333335,0.012635287984183279,0.03528137868248339
56,46,fracao_porta1,-0.0031250000000000028,-0.07702901724332392,0.07077901724332392
56,47,atraso_relativo,-0.05989418968706224,-0.20010966282758974,0.08032128345346527
56,47,taxa_omissao,0.009375,-0.011851665699677836,0.030601665699677837
56,47,divida_latente_sobre_plano,-0.0055816512120574445,-0.010598862148637145,-0.000564440275477745
56,47,taxa_falha_efetiva,0.005208333333333334,-0.006114712015816731,0.0165313786824834
56,47,fracao_porta1,0.0,-0.06219581793789397,0.06219581793789397
56,54,atraso_relativo,-0.516037080036693,-1.0025424890708092,-0.02953167100257692
56,54,taxa_omissao,0.03229166666666666,-0.0033611595185166973,0.06794449285185003
56,54,divida_latente_sobre_plano,-0.023892335436466086,-0.03451986747856751,-0.013264803394364665
56,54,taxa_falha_efetiva,0.035416666666666666,0.004555247129592162,0.06627808620374118
56,54,fracao_porta1,0.04166666666666666,-0.017881295416150925,0.10121462874948424
56,55,atraso_relativo,-0.15395517379339224,-0.3264498878508142,0.018539540264029736
56,55,taxa_omissao,0.027083333333333327,-0.007790385868953302,0.06195705253561996
56,55,divida_latente_sobre_plano,-0.0037064731888878603,-0.008341659177046646,0.0009287127992709246
56,55,taxa_falha_efetiva,0.03229166666666666,0.0005524962327330823,0.06403083710060024
56,55,fracao_porta1,0.02500000000000001,-0.02831631008549241,0.07831631008549242
56,63,atraso_relativo,-0.7861669327659871,-1.431852339475758,-0.14048152605621622
56,63,taxa_omissao,0.02291666666666667,-0.024431692743467133,0.07026502607680046
56,63,divida_latente_sobre_plano,-0.031670837351149145,-0.04801129489667473,-0.015330379805623559
56,63,taxa_falha_efetiva,0.024999999999999994,-0.03305279555237291,0.0830527955523729
56,63,fracao_porta1,0.026041666666666664,-0.029528667939956024,0.08161200127328935
56,64,atraso_relativo,-0.04064726322769127,-0.12179327259961799,0.040498746144235445
56,64,taxa_omissao,0.02708333333333333,0.004437242635033204,0.049729424031633454
56,64,divida_latente_sobre_plano,-0.006551576090612826,-0.016937235947884835,0.0038340837666591843
56,64,taxa_falha_efetiva,0.02291666666666667,0.007133880196622068,0.03869945313671127
56,64,fracao_porta1,0.02187500000000001,0.010551954650849947,0.03319804534915007
56,65,atraso_relativo,-0.0025860398189278128,-0.07594566567232042,0.07077358603446479
56,65,taxa_omissao,0.03020833333333333,0.005180268016634251,0.05523639865003241
56,65,divida_latente_sobre_plano,0.001963500794431907,-0.005700560556167239,0.009627562145031054
56,65,taxa_falha_efetiva,0.029166666666666664,0.0055699803927763344,0.05276335294055699
56,65,fracao_porta1,0.016666666666666673,-0.009295332761133972,0.04262866609446732
56,72,atraso_relativo,-0.7915315916603102,-1.2010013555157562,-0.38206182780486425
56,72,taxa_omissao,0.009375000000000003,-0.03667912192248477,0.055429121922484774
56,72,divida_latente_sobre_plano,-0.02952925922953361,-0.04950688404034346,-0.00955163441872376
56,72,taxa_falha_efetiva,0.013541666666666667,-0.03987760388180276,0.0669609372151361
56,72,fracao_porta1,0.03125,-0.031532030876291334,0.09403203087629133
56,73,atraso_relativo,-0.09324145116983991,-0.289511750548316,0.10302884820863618
56,73,taxa_omissao,0.027083333333333327,-0.019641994201536332,0.07380866086820298
56,73,divida_latente_sobre_plano,-0.0056012572712373235,-0.017664961520716962,0.006462446978242315
56,73,taxa_falha_efetiva,0.020833333333333336,-0.027887726552608315,0.06955439321927498
56,73,fracao_porta1,0.02395833333333334,-0.03902758312540671,0.08694424979207338
56,74,atraso_relativo,-0.008670615780001292,-0.061404296073099,0.04406306451309642
56,74,taxa_omissao,0.019791666666666666,-0.000733096034292887,0.04031642936762622
56,74,divida_latente_sobre_plano,-0.002357528831035666,-0.007463598325905694,0.0027485406638343623
56,74,taxa_falha_efetiva,0.02291666666666667,0.014357248930164494,0.03147608440316885
56,74,fracao_porta1,0.029166666666666667,-0.018336173935015222,0.07666950726834856
57,0,atraso_relativo,0.08485947837054991,-0.4611188811714528,0.6308378379125525
57,0,taxa_omissao,-0.09062500000000001,-0.14321494302663804,-0.03803505697336198
57,0,divida_latente_sobre_plano,-0.027582466766668486,-0.040856121233964975,-0.014308812299371998
57,0,taxa_falha_efetiva,-0.007291666666666663,-0.07877689822647467,0.06419356489314133
57,0,fracao_porta1,-0.01770833333333334,-0.10005242322741488,0.0646357565607482
57,3,atraso_relativo,0.11619208133291466,-0.4342183766091728,0.6666025392750021
57,3,taxa_omissao,-0.028124999999999994,-0.07385985206334347,0.01760985206334349
57,3,divida_latente_sobre_plano,-0.004129144883513205,-0.018910030137983796,0.010651740370957386
57,3,taxa_falha_efetiva,-0.012499999999999999,-0.07989692265417443,0.05489692265417444
57,3,fracao_porta1,-0.044791666666666674,-0.1253366516907685,0.03575331835743514
57,9,atraso_relativo,-0.2645108726811345,-0.8038853771543336,0.27486363179206463
57,9,taxa_omissao,-0.08229166666666665,-0.12572596790071044,-0.038857365432622845
57,9,divida_latente_sobre_plano,-0.0227535831983591,-0.046481798322486736,0.0009746319257685349
57,9,taxa_falha_efetiva,0.008333333333333337,-0.06245672548833766,0.07912339215500433
57,9,fracao_porta1,-0.043750000000000004,-0.11982776894105063,0.032327768941050626
57,12,atraso_relativo,0.12862761300808156,-0.5819676791615904,0.8392229051777536
57,12,taxa_omissao,0.003125000000000002,-0.048338387921553684,0.05458838792155369
57,12,divida_latente_sobre_plano,0.003681018821025511,-0.011836250862263894,0.019198288504314917
57,12,taxa_falha_efetiva,0.03229166666666667,-0.04121474706105618,0.10579808039438951
57,12,fracao_porta1,-0.02916666666666667,-0.07445884806326691,0.016125514729933576
57,18,atraso_relativo,0.03827422750183225,-0.39508248888664554,0.47163094389031
57,18,taxa_omissao,-0.09479166666666665,-0.14821093721513606,-0.04137239611819723
57,18,divida_latente_sobre_plano,-0.028901021769739015,-0.056643256962033206,-0.0011587865774448196
57,18,taxa_falha_efetiva,-0.006250000000000002,-0.06392294766398572,0.051422947663985724
57,18,fracao_porta1,-0.05416666666666667,-0.12618794924860013,0.017854615915266797
57,21,atraso_relativo,0.0751668417812079,-0.3850291921351895,0.5353628756976053
57,21,taxa_omissao,0.008333333333333335,-0.04946650765823364,0.06613317432490032
57,21,divida_latente_sobre_plano,-0.000699501391786314,-0.025553385553611013,0.024154382770038386
57,21,taxa_falha_efetiva,0.013541666666666665,-0.05670294604056016,0.08378627937389349
57,21,fracao_porta1,-0.06770833333333334,-0.1396023472479127,0.004185680581246007
57,27,atraso_relativo,-0.01801693376308057,-0.3673126630975902,0.3312787955714291
57,27,taxa_omissao,-0.078125,-0.16779485898660312,0.01154485898660311
57,27,divida_latente_sobre_plano,-0.018151794965617824,-0.03931042120052619,0.0030068312692905427
57,27,taxa_falha_efetiva,0.003125000000000001,-0.10021025227260737,0.10646025227260737
57,27,fracao_porta1,-0.002083333333333331,-0.05184587709058755,0.047679210423920884
57,30,atraso_relativo,0.19725085750038648,-0.7946200608156523,1.1891217758164252
57,30,taxa_omissao,-0.002083333333333331,-0.06248638684058416,0.0583197201739175
57,30,divida_latente_sobre_plano,8.380373321710695e-05,-0.009533443563505386,0.0097010510299396
57,30,taxa_falha_efetiva,0.0041666666666666675,-0.0634473158816787,0.07178064921501204
57,30,fracao_porta1,-0.0020833333333333277,-0.05742246792266552,0.053255801255998866
57,36,atraso_relativo,-0.2744621459694988,-0.6632291317123721,0.11430483977337447
57,36,taxa_omissao,-0.08020833333333333,-0.14272724860348995,-0.0176894180631767
57,36,divida_latente_sobre_plano,-0.014679290549871427,-0.03601936193814037,0.006660780838397513
57,36,taxa_falha_efetiva,0.011458333333333334,-0.07088575656074819,0.09380242322741486
57,36,fracao_porta1,0.012499999999999995,-0.03181100695399512,0.056811006953995116
57,39,atraso_relativo,0.39134387323452147,-0.4191648627671125,1.2018526092361554
57,39,taxa_omissao,0.0031250000000000045,-0.048622326009751436,0.05487232600975144
57,39,divida_latente_sobre_plano,-0.001345880281582019,-0.021914614642156906,0.01922285407899287
57,39,taxa_falha_efetiva,0.013541666666666667,-0.06193182130800529,0.08901515464133863
57,39,fracao_porta1,-0.019791666666666662,-0.08461195125805684,0.04502861792472351
57,45,atraso_relativo,0.07938302037061967,-0.5263758555007318,0.6851418962419711
57,45,taxa_omissao,-0.0875,-0.1437582340807046,-0.03124176591929541
57,45,divida_latente_sobre_plano,-0.02122614301842827,-0.03078747383914508,-0.011664812197711458
57,45,taxa_falha_efetiva,-0.0020833333333333294,-0.0764074737716275,0.07224080710496085
57,45,fracao_porta1,-0.0041666666666666605,-0.03924983951915429,0.030916506185820973
57,48,atraso_relativo,0.15082598288489063,-0.5732394394775588,0.87489140524734
57,48,taxa_omissao,-0.014583333333333328,-0.11179963097135945,0.0826329643046928
57,48,divida_latente_sobre_plano,-0.006100793835890425,-0.026439214652999365,0.014237626981218518
57,48,taxa_falha_efetiva,-0.0020833333333333294,-0.08409309748671705,0.0799264308200504
57,48,fracao_porta1,-0.012499999999999995,-0.04165232634045172,0.01665232634045173
57,54,atraso_relativo,0.2422089608790377,-0.423723504302244,0.9081414260603193
57,54,taxa_omissao,-0.06562499999999999,-0.08614976270095955,-0.04510023729904043
57,54,divida_latente_sobre_plano,-0.01569135655193212,-0.024198370765285727,-0.007184342338578516
57,54,taxa_falha_efetiva,0.021875000000000006,-0.009864170433933575,0.053614170433933586
57,54,fracao_porta1,0.016666666666666663,-0.004987137727085183,0.03832047106041851
57,63,atraso_relativo,-0.027920891850256438,-0.3588229496877962,0.30298116598728336
57,63,taxa_omissao,-0.075,-0.1340537795795182,-0.015946220420481785
57,63,divida_latente_sobre_plano,-0.02346985846661518,-0.04884284545308753,0.0019031285198571682
57,63,taxa_falha_efetiva,0.011458333333333333,-0.041131609693304684,0.06404827635997135
57,63,fracao_porta1,0.0010416666666666612,-0.049849092718254676,0.051932426051588
57,66,atraso_relativo,0.2341116582661542,-0.37179108317228793,0.8400143997045963
57,66,taxa_omissao,0.0010416666666666656,-0.050705659343084776,0.0527889926764181
57,66,divida_latente_sobre_plano,-0.004762482027642135,-0.018118529022423148,0.008593564967138876
57,66,taxa_falha_efetiva,0.015625000000000003,-0.038610918212160006,0.06986091821216
57,66,fracao_porta1,-0.010416666666666666,-0.048886464770589014,0.028053131437255685
57,72,atraso_relativo,-0.03328555074457944,-0.6564104983628146,0.5898393968736558
57,72,taxa_omissao,-0.08854166666666666,-0.13163729371738353,-0.04544603961594978
57,72,divida_latente_sobre_plano,-0.02132828034499965,-0.037956829473541315,-0.004699731216457982
57,72,taxa_falha_efetiva,1.734723475976807e-18,-0.05754577452650408,0.05754577452650408
57,72,fracao_porta1,0.006249999999999997,-0.029041383421383682,0.04154138342138368
57,75,atraso_relativo,0.31248409324319615,-0.5775206266448973,1.2024888131312896
57,75,taxa_omissao,0.011458333333333338,-0.04489748665606565,0.06781415332273233
57,75,divida_latente_sobre_plano,0.0009114298306549368,-0.010577967876831712,0.012400827538141587
57,75,taxa_falha_efetiva,0.020833333333333336,-0.01297365794083935,0.05464032460750602
57,75,fracao_porta1,-0.012499999999999994,-0.04961275092705228,0.024612750927052295
58,0,atraso_relativo,-0.6743426661282362,-1.1122020788587321,-0.2364832533977404
58,0,taxa_omissao,-0.08541666666666667,-0.13151054183084102,-0.03932279150249232
58,0,divida_latente_sobre_plano,-0.03890157896495991,-0.04563938498814774,-0.03216377294177208
58,0,taxa_falha_efetiva,-0.01979166666666667,-0.06892451386691432,0.02934118053358099
58,0,fracao_porta1,-0.01458333333333334,-0.06831030142502029,0.03914363475835361
58,1,atraso_relativo,-0.2537258890334675,-0.550120705278808,0.04266892721187304
58,1,taxa_omissao,-0.06770833333333331,-0.10942177552783176,-0.025994891138834866
58,1,divida_latente_sobre_plano,-0.00810401862585747,-0.017210682856935194,0.0010026456052202558
58,1,taxa_falha_efetiva,-0.0010416666666666716,-0.03413685209022672,0.03205351875689338
58,1,fracao_porta1,-0.026041666666666668,-0.0780713812724059,0.025988047939072566
58,3,atraso_relativo,-0.6430100631658714,-1.1467368718188187,-0.13928325451292423
58,3,taxa_omissao,-0.022916666666666665,-0.0435304743093633,-0.002302859023970028
58,3,divida_latente_sobre_plano,-0.015448257081804624,-0.029096659625134767,-0.001799854538474482
58,3,taxa_falha_efetiva,-0.025,-0.06211275092705229,0.012112750927052288
58,3,fracao_porta1,-0.04166666666666667,-0.10707764516489861,0.023744311831565265
58,4,atraso_relativo,-0.23826386707746916,-0.4162107171691961,-0.06031701698574221
58,4,taxa_omissao,1.734723475976807e-18,-0.060038077032888375,0.060038077032888375
58,4,divida_latente_sobre_plano,-0.004312273381944122,-0.0100259269298052,0.0014013801659169562
58,4,taxa_falha_efetiva,-0.012500000000000004,-0.05779218139660025,0.03279218139660024
58,4,fracao_porta1,-0.04375000000000001,-0.10606350170999254,0.018563501709992526
58,9,atraso_relativo,-1.0237130171799207,-1.4759787473400894,-0.571447287019752
58,9,taxa_omissao,-0.07708333333333334,-0.11237471675471702,-0.041791949911949657
58,9,divida_latente_sobre_plano,-0.03407269539665052,-0.05285685536082404,-0.015288535432476998
58,9,taxa_falha_efetiva,-0.004166666666666669,-0.041279417593718976,0.03294608426038563
58,9,fracao_porta1,-0.04062500000000001,-0.10430499709903354,0.023054997099033525
58,10,atraso_relativo,-0.35227052205321485,-0.7806338213777466,0.07609277727131686
58,10,taxa_omissao,-0.07395833333333333,-0.11042386391470915,-0.037492802751957516
58,10,divida_latente_sobre_plano,-0.009132474533618627,-0.02106579007483038,0.0028008410075931276
58,10,taxa_falha_efetiva,-0.006250000000000002,-0.07310118960246574,0.06060118960246573
58,10,fracao_porta1,-0.03020833333333334,-0.10664637785985721,0.04622971119319054
58,12,atraso_relativo,-0.6305745314907045,-1.1648213776014567,-0.0963276853799524
58,12,taxa_omissao,0.008333333333333331,-0.02323223960675587,0.03989890627342253
58,12,divida_latente_sobre_plano,-0.0076380933772659115,-0.017014880300916482,0.001738693546384661
58,12,taxa_falha_efetiva,0.01979166666666666,-0.025621671026798833,0.06520500436013216
58,12,fracao_porta1,-0.026041666666666675,-0.060010802714116865,0.007927469380783519
58,13,atraso_relativo,-0.1838286395158114,-0.3704056642202329,0.002748385188610092
58,13,taxa_omissao,-0.0031249999999999984,-0.06587785028866978,0.059627850288669786
58,13,divida_latente_sobre_plano,-0.0004759201586554163,-0.018515666712357836,0.017563826395047003
58,13,taxa_falha_efetiva,-3.469446951953614e-18,-0.0744226482886014,0.0744226482886014
58,13,fracao_porta1,-0.04895833333333334,-0.12246474706105617,0.024548080394389493
58,18,atraso_relativo,-0.7209279169969539,-1.2324835997290386,-0.20937223426486928
58,18,taxa_omissao,-0.08958333333333332,-0.12880751301560212,-0.05035915365106454
58,18,divida_latente_sobre_plano,-0.04022013396803044,-0.06737547469927385,-0.013064793236787022
58,18,taxa_falha_efetiva,-0.018750000000000006,-0.0838240956825632,0.046324095682563196
58,18,fracao_porta1,-0.05104166666666667,-0.12690244897645642,0.02481911564312308
58,19,atraso_relativo,-0.29973048875029284,-0.5455141956091583,-0.053946781891427376
58,19,taxa_omissao,-0.07708333333333334,-0.12122869108337785,-0.03293797558328883
58,19,divida_latente_sobre_plano,-0.010465152442369627,-0.03252975124555093,0.011599446360811677
58,19,taxa_falha_efetiva,-0.010416666666666666,-0.06808961433065239,0.04725628099731906
58,19,fracao_porta1,-0.065625,-0.13503021452461317,0.0037802145246131763
58,21,atraso_relativo,-0.6840353027175782,-1.2802464510933929,-0.08782415434176338
58,21,taxa_omissao,0.013541666666666664,-0.033767993628370435,0.060851326961703756
58,21,divida_latente_sobre_plano,-0.012018613590077736,-0.029555780908616033,0.005518553728460563
58,21,taxa_falha_efetiva,0.001041666666666663,-0.0413684991583348,0.043451832491668126
58,21,fracao_porta1,-0.06458333333333335,-0.11692891420076909,-0.012237752465897624
58,22,atraso_relativo,-0.2530244181959588,-0.3901537845140163,-0.11589505187790125
58,22,taxa_omissao,0.006250000000000001,-0.06566948566521538,0.0781694856652154
58,22,divida_latente_sobre_plano,-0.0011306020755175274,-0.008869751136829782,0.006608546985794728
58,22,taxa_falha_efetiva,-0.002083333333333338,-0.05358229912842203,0.04941563246175535
58,22,fracao_porta1,-0.0625,-0.08730754942953378,-0.03769245057046621
58,27,atraso_relativo,-0.7772190782618666,-1.2672776552593736,-0.2871605012643597
58,27,taxa_omissao,-0.07291666666666667,-0.15563802562355483,0.009804692290221476
58,27,divida_latente_sobre_plano,-0.029470907163909245,-0.043399719433516615,-0.015542094894301877
58,27,taxa_falha_efetiva,-0.009375000000000001,-0.0895553199478677,0.0708053199478677
58,27,fracao_porta1,0.0010416666666666664,-0.037759978109712725,0.039843311443046064
58,28,atraso_relativo,-0.021890875597632906,-0.27907987879316315,0.2352981275978973
58,28,taxa_omissao,-0.053125,-0.09412988207669185,-0.012120117923308145
58,28,divida_latente_sobre_plano,-0.00835284745626345,-0.013611829234244012,-0.0030938656782828903
58,28,taxa_falha_efetiva,0.018749999999999996,-0.028598359410133813,0.06609835941013381
58,28,fracao_porta1,-0.024999999999999998,-0.060083172852487626,0.010083172852487634
58,30,atraso_relativo,-0.5619512869983996,-0.9322128799896408,-0.1916896940071584
58,30,taxa_omissao,0.0031249999999999984,-0.04833838792155369,0.05458838792155368
58,30,divida_latente_sobre_plano,-0.011235308465074315,-0.016605487655767106,-0.0058651292743815255
58,30,taxa_falha_efetiva,-0.008333333333333335,-0.05061373802044496,0.03394707135377828
58,30,fracao_porta1,0.00104166666666667,-0.044371671026798835,0.046455004360132175
58,31,atraso_relativo,0.011245500615705242,-0.11148785721935577,0.13397885845076624
58,31,taxa_omissao,0.013541666666666667,-0.07056305180047032,0.09764638513380366
58,31,divida_latente_sobre_plano,-0.0005868977198415803,-0.008861975002153737,0.007688179562470577
58,31,taxa_falha_efetiva,-0.007291666666666667,-0.06619016388543561,0.05160683055210228
58,31,fracao_porta1,0.01145833333333333,-0.026580551137191998,0.049497217803858656
58,36,atraso_relativo,-1.033664290468285,-1.4892171541788704,-0.5781114267576994
58,36,taxa_omissao,-0.075,-0.11964046135595133,-0.030359538644048667
58,36,divida_latente_sobre_plano,-0.025998402748162848,-0.04046839036687921,-0.011528415129446487
58,36,taxa_falha_efetiva,-0.0010416666666666682,-0.05047184092084125,0.04838850758750791
58,36,fracao_porta1,0.015624999999999993,-0.02573567947844408,0.056985679478444067
58,37,atraso_relativo,-0.0552886928353848,-0.21290548935819148,0.10232810368742189
58,37,taxa_omissao,-0.06979166666666667,-0.13112752487849189,-0.008455808454841465
58,37,divida_latente_sobre_plano,-0.010894345424749947,-0.025637396760765305,0.0038487059112654095
58,37,taxa_falha_efetiva,-0.004166666666666671,-0.07391410507123992,0.06558077173790659
58,37,fracao_porta1,-0.011458333333333338,-0.07605217082355864,0.05313550415689197
58,39,atraso_relativo,-0.3678582712642646,-0.812090926427333,0.07637438389880385
58,39,taxa_omissao,0.008333333333333331,-0.028779417593718958,0.04544608426038562
58,39,divida_latente_sobre_plano,-0.01266499247987344,-0.026966735585955602,0.0016367506262087213
58,39,taxa_falha_efetiva,0.0010416666666666612,-0.05373191939364592,0.05581525272697924
58,39,fracao_porta1,-0.016666666666666666,-0.06802317308567969,0.034689839752346366
58,40,atraso_relativo,-0.06302436210945091,-0.19443677285921274,0.06838804864031091
58,40,taxa_omissao,0.022916666666666665,-0.04609156530037198,0.09192489863370532
58,40,divida_latente_sobre_plano,0.0041986527707621474,-0.012975047877972974,0.021372353419497267
58,40,taxa_falha_efetiva,-0.009375000000000003,-0.0750932707143876,0.056343270714387585
58,40,fracao_porta1,-0.009375000000000001,-0.06676141178761971,0.048011411787619716
58,45,atraso_relativo,-0.6798191241281665,-1.094559895885527,-0.26507835237080596
58,45,taxa_omissao,-0.08229166666666667,-0.12538729371738355,-0.039196039615949786
58,45,divida_latente_sobre_plano,-0.032545255216719686,-0.04062013163026534,-0.024470378803174035
58,45,taxa_falha_efetiva,-0.014583333333333335,-0.05598827251355653,0.026821605846889855
58,45,fracao_porta1,-0.001041666666666663,-0.037507197248042495,0.03542386391470917
58,46,atraso_relativo,-0.18096955188126612,-0.5267409354203177,0.1648018316577855
58,46,taxa_omissao,-0.07291666666666666,-0.10736765849861188,-0.038465674834721436
58,46,divida_latente_sobre_plano,-0.0076249895722367966,-0.01607825986139433,0.0008282807169207353
58,46,taxa_falha_efetiva,-0.0020833333333333346,-0.04974015437320533,0.045573487706538664
58,46,fracao_porta1,-0.02500000000000001,-0.12569601117786144,0.07569601117786143
58,48,atraso_relativo,-0.6083761616138955,-1.042907048021785,-0.173845275206006
58,48,taxa_omissao,-0.009374999999999998,-0.09171908989408152,0.07296908989408153
58,48,divida_latente_sobre_plano,-0.017419906034181844,-0.032064844480953474,-0.002774967587410214
58,48,taxa_falha_efetiva,-0.014583333333333335,-0.06434587709058755,0.03517921042392088
58,48,fracao_porta1,-0.009374999999999998,-0.06547021364503718,0.04672021364503717
58,49,atraso_relativo,-0.06591242777304161,-0.18352990658649182,0.05170505104040861
58,49,taxa_omissao,8.673617379884035e-19,-0.07202128258193347,0.07202128258193347
58,49,divida_latente_sobre_plano,0.00033975934314400065,-0.017390223946761357,0.01806974263304936
58,49,taxa_falha_efetiva,0.006249999999999995,-0.04801967851310257,0.06051967851310257
58,49,fracao_porta1,0.0,-0.06783034784551183,0.06783034784551183
58,54,atraso_relativo,-0.5169931836197484,-1.0737647563136474,0.039778389074150655
58,54,taxa_omissao,-0.06041666666666666,-0.0742183130600744,-0.04661502027325892
58,54,divida_latente_sobre_plano,-0.027010468750223542,-0.037112029677642905,-0.01690890782280418
58,54,taxa_falha_efetiva,0.009374999999999996,-0.019461473831992863,0.03821147383199286
58,54,fracao_porta1,0.01979166666666666,-0.021569012811777415,0.06115234614511073
58,55,atraso_relativo,-0.15491127737644764,-0.3088390077545684,-0.0009835469983268397
58,55,taxa_omissao,-0.065625,-0.09446147383199287,-0.03678852616800714
58,55,divida_latente_sobre_plano,-0.006824606502645319,-0.012343799127689431,-0.0013054138776012062
58,55,taxa_falha_efetiva,0.006249999999999993,-0.025546825650270215,0.0380468256502702
58,55,fracao_porta1,0.0031250000000000028,-0.021903065316699055,0.02815306531669906
58,57,atraso_relativo,-0.7592021444987862,-1.583479536025452,0.06507524702787959
58,57,taxa_omissao,0.00520833333333333,-0.024131872457669366,0.034548539124336024
58,57,divida_latente_sobre_plano,-0.01131911219829142,-0.01876035170176152,-0.003877872694821324
58,57,taxa_falha_efetiva,-0.012500000000000004,-0.05875254646014725,0.03375254646014724
58,57,fracao_porta1,0.0031249999999999976,-0.058686798292651915,0.0649367982926519
58,63,atraso_relativo,-0.7871230363490425,-1.4844522608274882,-0.08979381187059676
58,63,taxa_omissao,-0.06979166666666667,-0.1294318321008342,-0.010151501232499138
58,63,divida_latente_sobre_plano,-0.034788970664906604,-0.05427175387069848,-0.015306187459114735
58,63,taxa_falha_efetiva,-0.0010416666666666768,-0.07334215174346324,0.07125881841012989
58,63,fracao_porta1,0.004166666666666659,-0.03670399284997456,0.04503732618330788
58,64,atraso_relativo,-0.04160336681074665,-0.18137048838154723,0.09816375476005394
58,64,taxa_omissao,-0.065625,-0.10905930123404381,-0.022190698765956196
58,64,divida_latente_sobre_plano,-0.009669709404370282,-0.01935021620856339,1.0797399822824044e-05
58,64,taxa_falha_efetiva,-0.0031250000000000028,-0.05458838792155369,0.048338387921553684
58,64,fracao_porta1,3.469446951953614e-18,-0.03508317285248763,0.03508317285248763
58,66,atraso_relativo,-0.5250904862326319,-1.0498951915482633,-0.0002857809170005998
58,66,taxa_omissao,0.006249999999999996,-0.027339580715072923,0.03983958071507292
58,66,divida_latente_sobre_plano,-0.016081594225933558,-0.029942712098384942,-0.002220476353482173
58,66,taxa_falha_efetiva,0.0031249999999999993,-0.046007847200247656,0.05225784720024765
58,66,fracao_porta1,-0.0072916666666666685,-0.060710937215136096,0.04612760388180276
58,67,atraso_relativo,-0.021771582711396273,-0.06196137417005972,0.018418208747267177
58,67,taxa_omissao,0.0041666666666666675,-0.035980561179535304,0.044313894512868636
58,67,divida_latente_sobre_plano,0.0003704351968532116,-0.002168098490285886,0.0029089688839923087
58,67,taxa_falha_efetiva,-0.008333333333333333,-0.05061373802044494,0.03394707135377828
58,67,fracao_porta1,-0.014583333333333334,-0.09237520953004491,0.06320854286337824
58,72,atraso_relativo,-0.7924876952433655,-1.2203063498060622,-0.3646690406806688
58,72,taxa_omissao,-0.08333333333333334,-0.11581403992396111,-0.05085262674270557
58,72,divida_latente_sobre_plano,-0.03264739254329107,-0.05273477719757534,-0.012560007889006797
58,72,taxa_falha_efetiva,-0.012500000000000002,-0.0865278303930252,0.061527830393025194
58,72,fracao_porta1,0.009374999999999994,-0.04593102711727564,0.06468102711727564
58,73,atraso_relativo,-0.09419755475289529,-0.34976531609290784,0.16137020658711723
58,73,taxa_omissao,-0.065625,-0.14507096840470707,0.013820968404707076
58,73,divida_latente_sobre_plano,-0.008719390584994782,-0.02366754583285068,0.0062287646628611144
58,73,taxa_falha_efetiva,-0.005208333333333334,-0.09487819231993644,0.08446152565326978
58,73,fracao_porta1,0.002083333333333333,-0.06922231903703338,0.07338898570370006
58,75,atraso_relativo,-0.44671805125558994,-0.9252109580071941,0.03177485549601422
58,75,taxa_omissao,0.016666666666666666,-0.016262070834513507,0.04959540416784684
58,75,divida_latente_sobre_plano,-0.010407682367636483,-0.028652325614453855,0.007836960879180887
58,75,taxa_falha_efetiva,0.008333333333333331,-0.05884582809681249,0.07551249476347915
58,75,fracao_porta1,-0.009374999999999998,-0.09171908989408153,0.07296908989408155
58,76,atraso_relativo,-0.0001497821350762707,-0.14131272849108448,0.14101316422093194
58,76,taxa_omissao,0.017708333333333333,-0.02572596790071048,0.061142634567377147
58,76,divida_latente_sobre_plano,0.0024182403131261295,-0.00611533283227042,0.01095181345852268
58,76,taxa_falha_efetiva,0.0020833333333333294,-0.06069869754295801,0.06486536420962466
58,76,fracao_porta1,-0.005208333333333339,-0.07203211929062124,0.061615452623954556
59,0,atraso_relativo,-0.6475617481292033,-1.0404336935325194,-0.2546898027258872
59,0,taxa_omissao,-0.07916666666666666,-0.11209540416784683,-0.04623792916548649
59,0,divida_latente_sobre_plano,-0.04440662101923441,-0.04719831094049981,-0.041614931097969016
59,0,taxa_falha_efetiva,0.0031250000000000028,-0.058210858211825214,0.06446085821182522
59,0,fracao_porta1,0.020833333333333336,-0.02213460268989552,0.06380126935656219
59,1,atraso_relativo,-0.22694497103443462,-0.4239641484422776,-0.029925793626591674
59,1,taxa_omissao,-0.06145833333333333,-0.08872783763168227,-0.034188829034984394
59,1,divida_latente_sobre_plano,-0.013609060680131983,-0.020313062955094403,-0.006905058405169562
59,1,taxa_falha_efetiva,0.021875,-0.024811111978204514,0.06856111197820451
59,1,fracao_porta1,0.009375000000000008,-0.04321494302663803,0.06196494302663805
59,2,atraso_relativo,-0.07699923473075981,-0.1258251535452435,-0.028173315916276122
59,2,taxa_omissao,-0.05520833333333333,-0.10779827635997136,-0.002618390306695313
59,2,divida_latente_sobre_plano,-0.008449473677308854,-0.011839040219429397,-0.005059907135188311
59,2,taxa_falha_efetiva,0.03333333333333333,-0.0508802022558661,0.11754686892253277
59,2,fracao_porta1,-0.010416666666666657,-0.05682734195205407,0.035994008618720756
59,3,atraso_relativo,-0.6162291451668387,-0.9938304363180338,-0.23862785401564357
59,3,taxa_omissao,-0.01666666666666667,-0.06715997704715754,0.033826643713824205
59,3,divida_latente_sobre_plano,-0.02095329913607914,-0.03017840040471438,-0.011728197867443897
59,3,taxa_falha_efetiva,-0.002083333333333333,-0.05414823882209874,0.04998157215543207
59,3,fracao_porta1,-0.006249999999999999,-0.05297532753486964,0.04047532753486964
59,4,atraso_relativo,-0.21148294907843634,-0.31789695247100525,-0.10506894568586746
59,4,taxa_omissao,0.006249999999999998,-0.01942825320950651,0.031928253209506506
59,4,divida_latente_sobre_plano,-0.009817315436218634,-0.018923451315340747,-0.0007111795570965227
59,4,taxa_falha_efetiva,0.010416666666666666,-0.03724015437320533,0.05807348770653866
59,4,fracao_porta1,-0.008333333333333331,-0.06738711291285156,0.050720446246184894
59,5,atraso_relativo,-0.14489671981174873,-0.37528891109359563,0.0854954714700982
59,5,taxa_omissao,0.004166666666666665,-0.020640882762867123,0.028974216096200454
59,5,divida_latente_sobre_plano,-0.003921722770682063,-0.015321596524288515,0.007478150982924388
59,5,taxa_falha_efetiva,0.024999999999999994,-0.006097908968946981,0.056097908968946966
59,5,fracao_porta1,0.010416666666666675,-0.04079698410310893,0.061630317436442275
59,9,atraso_relativo,-0.9969320991808878,-1.319382528019563,-0.6744816703422125
59,9,taxa_omissao,-0.07083333333333333,-0.09735371921069756,-0.0443129474559691
59,9,divida_latente_sobre_plano,-0.039577737450925035,-0.05347388330359102,-0.02568159159825905
59,9,taxa_falha_efetiva,0.018750000000000003,-0.024726450007895744,0.06222645000789575
59,9,fracao_porta1,-0.005208333333333329,-0.07047915529919471,0.060062488632528055
59,10,atraso_relativo,-0.3254896040541821,-0.6546680676958272,0.003688859587463067
59,10,taxa_omissao,-0.06770833333333334,-0.12585570314696976,-0.00956096351969693
59,10,divida_latente_sobre_plano,-0.014637516587893138,-0.022239607006442487,-0.007035426169343789
59,10,taxa_falha_efetiva,0.01666666666666667,-0.06667235368069202,0.10000568701402535
59,10,fracao_porta1,0.005208333333333339,-0.06270297377852634,0.07311964044519302
59,11,atraso_relativo,-0.15345706328552267,-0.28749028342218663,-0.01942384314885867
59,11,taxa_omissao,-0.07083333333333333,-0.12015221999959813,-0.02151444666706854
59,11,divida_latente_sobre_plano,-0.011069580247668095,-0.015222847820490368,-0.006916312674845823
59,11,taxa_falha_efetiva,0.0052083333333333304,-0.057310581936823285,0.06772724860348994
59,11,fracao_porta1,-0.01979166666666666,-0.09148158076868348,0.051898247435350174
59,12,atraso_relativo,-0.6037936134916717,-1.1607116694693438,-0.04687555751399963
59,12,taxa_omissao,0.01458333333333333,-0.016278086203741157,0.04544475287040782
59,12,divida_latente_sobre_plano,-0.013143135431540423,-0.016993124270952523,-0.009293146592128324
59,12,taxa_falha_efetiva,0.042708333333333334,-0.01742119550737213,0.1028378621740388
59,12,fracao_porta1,0.009375000000000001,-0.026277826185183373,0.045027826185183376
59,13,atraso_relativo,-0.15704772151677857,-0.2369166882890848,-0.07717875474447232
59,13,taxa_omissao,0.0031249999999999984,-0.05844928810287866,0.06469928810287866
59,13,divida_latente_sobre_plano,-0.005980962212929928,-0.017610716816436816,0.005648792390576959
59,13,taxa_falha_efetiva,0.02291666666666667,-0.05962736870160909,0.10546070203494243
59,13,fracao_porta1,-0.013541666666666667,-0.08764368565061001,0.06056035231727668
59,14,atraso_relativo,-0.13547717777678064,-0.24181412493258383,-0.029140230620977453
59,14,taxa_omissao,0.0072916666666666685,-0.006376627358897283,0.02095996069223062
59,14,divida_latente_sobre_plano,-0.003184443379894217,-0.013662209387509358,0.0072933226277209235
59,14,taxa_falha_efetiva,0.012499999999999999,-0.04297136687962371,0.06797136687962371
59,14,fracao_porta1,-0.006250000000000002,-0.05006218047625838,0.03756218047625837
59,18,atraso_relativo,-0.694146998997921,-1.158817171355984,-0.22947682663985786
59,18,taxa_omissao,-0.08333333333333331,-0.14288129541615088,-0.023785371250515754
59,18,divida_latente_sobre_plano,-0.04572517602230494,-0.06821497177833272,-0.02323538026627716
59,18,taxa_falha_efetiva,0.004166666666666662,-0.0842898531400318,0.09262318647336513
59,18,fracao_porta1,-0.015625,-0.08731491410201682,0.05606491410201682
59,19,atraso_relativo,-0.27294957075126003,-0.4329259103443531,-0.11297323115816693
59,19,taxa_omissao,-0.07083333333333333,-0.1094931069042447,-0.03217355976242196
59,19,divida_latente_sobre_plano,-0.01597019449664414,-0.031853046123034696,-8.734287025358167e-05
59,19,taxa_falha_efetiva,0.012500000000000004,-0.05724743840457327,0.08224743840457327
59,19,fracao_porta1,-0.030208333333333327,-0.08630354697837049,0.025886880311703834
59,20,atraso_relativo,-0.21620328305489497,-0.3816586424152254,-0.05074792369456457
59,20,taxa_omissao,-0.07604166666666667,-0.12427153620430223,-0.02781179712903111
59,20,divida_latente_sobre_plano,-0.009617509105068228,-0.01277672295055843,-0.006458295259578027
59,20,taxa_falha_efetiva,0.0062500000000000056,-0.07377025640890342,0.08627025640890343
59,20,fracao_porta1,-0.02708333333333333,-0.11479126546455241,0.060624598797885745
59,21,atraso_relativo,-0.6572543847185452,-1.1905778180351825,-0.12393095140190791
59,21,taxa_omissao,0.01979166666666666,-0.0027734001915599785,0.042356733524893296
59,21,divida_latente_sobre_plano,-0.017523655644352248,-0.03439807021613339,-0.0006492410725711072
59,21,taxa_falha_efetiva,0.02395833333333333,-0.02946093721513609,0.07737760388180276
59,21,fracao_porta1,-0.029166666666666674,-0.09435325006617445,0.036019916732841106
59,22,atraso_relativo,-0.22624350019692596,-0.3495614660443559,-0.102925534349496
59,22,taxa_omissao,0.012499999999999997,-0.024612750927052292,0.049612750927052286
59,22,divida_latente_sobre_plano,-0.006635644129792039,-0.013678664468929052,0.0004073762093449746
59,22,taxa_falha_efetiva,0.020833333333333332,-0.04065165191166867,0.08231831857833533
59,22,fracao_porta1,-0.02708333333333333,-0.06667931449988718,0.012512647833220512
59,23,atraso_relativo,-0.1694809474132902,-0.3294557434907187,-0.009506151335861718
59,23,taxa_omissao,0.006249999999999995,-0.06688169719841185,0.07938169719841183
59,23,divida_latente_sobre_plano,-0.002853257660091726,-0.007803800270677839,0.0020972849504943872
59,23,taxa_falha_efetiva,0.010416666666666668,-0.0890347803734492,0.10986811370678254
59,23,fracao_porta1,-0.035416666666666666,-0.11451606092332804,0.04368272758999471
59,27,atraso_relativo,-0.7504381602628338,-1.1528143231220198,-0.3480619974036479
59,27,taxa_omissao,-0.06666666666666668,-0.12471946221903957,-0.008613871114293792
59,27,divida_latente_sobre_plano,-0.034975949218183755,-0.045572502761801775,-0.024379395674565735
59,27,taxa_falha_efetiva,0.013541666666666669,-0.07003875753691605,0.0971220908702494
59,27,fracao_porta1,0.03645833333333334,0.011430268016634274,0.061486398650032414
59,28,atraso_relativo,0.004890042401399924,-0.15262188887829015,0.16240197368109
59,28,taxa_omissao,-0.04687500000000001,-0.08529715746879854,-0.00845284253120148
59,28,divida_latente_sobre_plano,-0.013857889510537964,-0.021117969285745594,-0.006597809735330334
59,28,taxa_falha_efetiva,0.04166666666666667,-0.023967939760822024,0.10730127309415537
59,28,fracao_porta1,0.010416666666666678,-0.017450778481251854,0.038284111814585214
59,29,atraso_relativo,-0.02539685878165146,-0.14038621850190203,0.0895925009385991
59,29,taxa_omissao,-0.061458333333333344,-0.1218310564075861,-0.001085610259080598
59,29,divida_latente_sobre_plano,-0.010246561505654846,-0.017845042646789308,-0.002648080364520383
59,29,taxa_falha_efetiva,0.01666666666666667,-0.049412925239471016,0.08274625857280435
59,29,fracao_porta1,0.027083333333333338,-0.022679210423920893,0.07684587709058757
59,30,atraso_relativo,-0.5351703689993668,-0.9133133405793845,-0.15702739741934907
59,30,taxa_omissao,0.009374999999999996,-0.008882862020104193,0.027632862020104183
59,30,divida_latente_sobre_plano,-0.01674035051934883,-0.022506672131137946,-0.01097402890755971
59,30,taxa_falha_efetiva,0.014583333333333335,-0.02889311667456239,0.05805978334122906
59,30,fracao_porta1,0.03645833333333334,0.004719162899399748,0.06819750376726694
59,31,atraso_relativo,0.03802641861473807,-0.09376320044784778,0.16981603767732392
59,31,taxa_omissao,0.019791666666666666,-0.03733884011441379,0.07692217344774713
59,31,divida_latente_sobre_plano,-0.006091939774116092,-0.012469027787556913,0.00028514823932472913
59,31,taxa_falha_efetiva,0.015625,-0.03861091821216002,0.06986091821216002
59,31,fracao_porta1,0.04687500000000001,0.017039565887965225,0.07671043411203479
59,32,atraso_relativo,-0.01795321325835189,-0.18445869016050764,0.14855226364380386
59,32,taxa_omissao,0.016666666666666663,-0.024560948618726597,0.05789428195205992
59,32,divida_latente_sobre_plano,0.00012085909523247952,-0.006028874870243018,0.0062705930607079765
59,32,taxa_falha_efetiva,0.012500000000000004,-0.045552795552372884,0.0705527955523729
59,32,fracao_porta1,0.030208333333333337,-0.0203936818239584,0.08081034849062507
59,36,atraso_relativo,-1.006883372469252,-1.3622222499745371,-0.651544494963967
59,36,taxa_omissao,-0.06874999999999999,-0.08936380764269662,-0.04813619235730336
59,36,divida_latente_sobre_plano,-0.03150344480243736,-0.04288393981863697,-0.02012294978623775
59,36,taxa_falha_efetiva,0.021875000000000002,-0.03448081998939899,0.07823081998939899
59,36,fracao_porta1,0.05104166666666667,0.020719091224452882,0.08136424210888046
59,37,atraso_relativo,-0.028507774836351973,-0.19354766236599483,0.13653211269329088
59,37,taxa_omissao,-0.06354166666666668,-0.12318183210083421,-0.0039015012324991466
59,37,divida_latente_sobre_plano,-0.01639938747902446,-0.027378431185628688,-0.005420343772420231
59,37,taxa_falha_efetiva,0.018750000000000003,-0.0646768843889969,0.1021768843889969
59,37,fracao_porta1,0.02395833333333334,-0.017402346145110728,0.0653190128117774
59,38,atraso_relativo,-0.08215475326922018,-0.2430840461758934,0.07877453963745305
59,38,taxa_omissao,-0.06875,-0.1023395807150729,-0.0351604192849271
59,38,divida_latente_sobre_plano,-0.008093547670354275,-0.018735554112167208,0.002548458771458659
59,38,taxa_falha_efetiva,0.004166666666666671,-0.04775733218893461,0.056090665522267956
59,38,fracao_porta1,0.041666666666666685,0.020012862272914825,0.06332047106041855
59,39,atraso_relativo,-0.3410773532652318,-0.7869316976039574,0.10477699107349381
59,39,taxa_omissao,0.01458333333333333,-0.00740620897933103,0.03657287564599769
59,39,divida_latente_sobre_plano,-0.01817003453414795,-0.03063908529982181,-0.00570098376847409
59,39,taxa_falha_efetiva,0.02395833333333333,-0.04752689822647467,0.09544356489314133
59,39,fracao_porta1,0.01875000000000001,-0.02404708868251084,0.06154708868251086
59,40,atraso_relativo,-0.03624344411041808,-0.11458787660000908,0.04210098837917292
59,40,taxa_omissao,0.029166666666666664,-0.014812417958662057,0.07314575129199538
59,40,divida_latente_sobre_plano,-0.0013063892835123638,-0.012182801761608403,0.009570023194583674
59,40,taxa_falha_efetiva,0.013541666666666669,-0.06862428545274471,0.09570761878607806
59,40,fracao_porta1,0.026041666666666675,-0.020644445311537838,0.07272777864487119
59,41,atraso_relativo,-0.03551051808976828,-0.14779056943157295,0.07676953325203639
59,41,taxa_omissao,0.004166666666666662,-0.03741484021939474,0.04574817355272806
59,41,divida_latente_sobre_plano,-0.004896408441961395,-0.011412949602367075,0.0016201327184442857
59,41,taxa_falha_efetiva,0.02708333333333333,-0.03843955453414202,0.09260622120080869
59,41,fracao_porta1,0.043750000000000004,-0.002343875164174357,0.08984387516417436
59,45,atraso_relativo,-0.6530382061291337,-0.9670287438893574,-0.3390476683689099
59,45,taxa_omissao,-0.07604166666666666,-0.11210313457614138,-0.039980198757191936
59,45,divida_latente_sobre_plano,-0.038050297270994196,-0.04621892092637686,-0.029881673615611528
59,45,taxa_falha_efetiva,0.008333333333333335,-0.04215997704715756,0.05882664371382422
59,45,fracao_porta1,0.03437500000000002,0.0040524245577862154,0.06469757544221381
59,46,atraso_relativo,-0.15418863388223325,-0.39345431651254126,0.08507704874807473
59,46,taxa_omissao,-0.06666666666666668,-0.09959540416784685,-0.03373792916548651
59,46,divida_latente_sobre_plano,-0.013130031626511308,-0.023774678687515684,-0.002485384565506933
59,46,taxa_falha_efetiva,0.020833333333333336,-0.046780649215012036,0.0884473158816787
59,46,fracao_porta1,0.010416666666666668,-0.07069482544461017,0.09152815877794351
59,47,atraso_relativo,-0.03406937527108479,-0.13459774777301065,0.06645899723084105
59,47,taxa_omissao,-0.07708333333333334,-0.1256537868005589,-0.028512879866107774
59,47,divida_latente_sobre_plano,-0.014204826580089414,-0.02207943887423193,-0.006330214285946899
59,47,taxa_falha_efetiva,0.0020833333333333346,-0.05533498638657536,0.059501653053242023
59,47,fracao_porta1,0.01354166666666667,-0.052399189852525674,0.07948252318585902
59,48,atraso_relativo,-0.5815952436148627,-1.0381404200860063,-0.12505006714371908
59,48,taxa_omissao,-0.003125000000000001,-0.058958390915178925,0.05270839091517892
59,48,divida_latente_sobre_plano,-0.022924948088456357,-0.031830301329764256,-0.014019594847148459
59,48,taxa_falha_efetiva,0.008333333333333335,-0.04330769884420263,0.05997436551086931
59,48,fracao_porta1,0.026041666666666678,-0.02819425154549334,0.08027758487882669
59,49,atraso_relativo,-0.03913150977400878,-0.21156963681669558,0.133306617268678
59,49,taxa_omissao,0.006249999999999996,-0.036547088682510845,0.04904708868251084
59,49,divida_latente_sobre_plano,-0.005165282711130511,-0.017924818739571566,0.007594253317310543
59,49,taxa_falha_efetiva,0.029166666666666664,-0.02683050691454342,0.08516384024787675
59,49,fracao_porta1,0.03541666666666668,-0.022256280997319043,0.09308961433065241
59,50,atraso_relativo,-0.06942573336224904,-0.14221719228945925,0.003365725564961175
59,50,taxa_omissao,0.0020833333333333337,-0.022427108978081062,0.026593775644747727
59,50,divida_latente_sobre_plano,-0.004055536360017462,-0.014740162986143985,0.006629090266109061
59,50,taxa_falha_efetiva,0.014583333333333334,-0.009927108978081075,0.03909377564474774
59,50,fracao_porta1,0.026041666666666675,-0.04186964044519302,0.09395297377852636
59,54,atraso_relativo,-0.4902122656207156,-1.0554921345402568,0.07506760329882556
59,54,taxa_omissao,-0.05416666666666667,-0.10407621973609646,-0.004257113597236885
59,54,divida_latente_sobre_plano,-0.032515510804498056,-0.04476816325951206,-0.020262858349484054
59,54,taxa_falha_efetiva,0.03229166666666666,-0.023014360450608957,0.08759769378394228
59,54,fracao_porta1,0.05520833333333334,0.011774032099289525,0.09864263456737715
59,55,atraso_relativo,-0.1281303593774148,-0.1693362413717582,-0.08692447738307138
59,55,taxa_omissao,-0.059375000000000004,-0.09334413604745018,-0.025405863952549824
59,55,divida_latente_sobre_plano,-0.01232964855691983,-0.020507349157049746,-0.004151947956789914
59,55,taxa_falha_efetiva,0.02916666666666666,-0.020742886402763137,0.07907621973609646
59,55,fracao_porta1,0.03854166666666668,-0.003868499158334787,0.08095183249166815
59,56,atraso_relativo,0.02582481441597745,-0.1182837345251711,0.169933363357126
59,56,taxa_omissao,-0.08645833333333333,-0.1318716710267988,-0.04104499563986785
59,56,divida_latente_sobre_plano,-0.00862317536803197,-0.012467415850291895,-0.004778934885772045
59,56,taxa_falha_efetiva,-0.0031249999999999993,-0.06349772307425275,0.05724772307425274
59,56,fracao_porta1,0.01354166666666667,-0.02251980124280806,0.049603134576141406
59,57,atraso_relativo,-0.7324212264997533,-1.453987862221208,-0.010854590778298756
59,57,taxa_omissao,0.011458333333333327,-0.04643649513561213,0.06935316180227878
59,57,divida_latente_sobre_plano,-0.016824154252565934,-0.0287421887391966,-0.004906119765935269
59,57,taxa_falha_efetiva,0.010416666666666666,-0.05985401566948039,0.08068734900281373
59,57,fracao_porta1,0.038541666666666675,-0.023742434946520653,0.10082576827985401
59,58,atraso_relativo,0.02678091799903283,-0.10383480800969373,0.15739664400775938
59,58,taxa_omissao,0.006249999999999998,-0.039203651361140734,0.05170365136114073
59,58,divida_latente_sobre_plano,-0.005505042054274512,-0.012094949313694365,0.0010848652051453408
59,58,taxa_falha_efetiva,0.02291666666666667,-0.0044199213844612305,0.05025325471779457
59,58,fracao_porta1,0.03541666666666668,0.010906224355252275,0.05992710897808108
59,63,atraso_relativo,-0.7603421183500098,-1.395925262827861,-0.12475897387215862
59,63,taxa_omissao,-0.06354166666666666,-0.14036214282133003,0.013278809487996701
59,63,divida_latente_sobre_plano,-0.040294012719181115,-0.05785248362077942,-0.022735541817582812
59,63,taxa_falha_efetiva,0.021875,-0.07084763592988333,0.11459763592988334
59,63,fracao_porta1,0.03958333333333333,0.015072891021918916,0.06409377564474775
59,64,atraso_relativo,-0.014822448811713823,-0.15392516066128284,0.1242802630378552
59,64,taxa_omissao,-0.059375,-0.08969757544221377,-0.02905242455778622
59,64,divida_latente_sobre_plano,-0.015174751458644794,-0.024707507628184414,-0.005641995289105174
59,64,taxa_falha_efetiva,0.019791666666666666,-0.04388833043236687,0.0834716637657002
59,64,fracao_porta1,0.03541666666666668,0.0055199058010985645,0.06531342753223479
59,65,atraso_relativo,0.023238774597049636,-0.11817898723978983,0.1646565364338891
59,65,taxa_omissao,-0.05625,-0.0898395807150729,-0.022660419284927097
59,65,divida_latente_sobre_plano,-0.006659674573600063,-0.012024371257323512,-0.0012949778898766152
59,65,taxa_falha_efetiva,0.026041666666666664,-0.031853161802278804,0.08393649513561213
59,65,fracao_porta1,0.030208333333333344,0.005180268016634276,0.05523639865003241
59,66,atraso_relativo,-0.498309568233599,-1.020991750687422,0.02437261422022402
59,66,taxa_omissao,0.012499999999999994,-0.029081506886061394,0.05408150688606138
59,66,divida_latente_sobre_plano,-0.021586636280208068,-0.032055543147945384,-0.011117729412470752
59,66,taxa_falha_efetiva,0.02604166666666667,-0.04564824743535012,0.09773158076868346
59,66,fracao_porta1,0.028125000000000008,-0.013588442194498448,0.06983844219449846
59,67,atraso_relativo,0.005009335287636557,-0.12954985791829102,0.13956852849356413
59,67,taxa_omissao,0.010416666666666664,-0.03169010112793304,0.052523434461266366
59,67,divida_latente_sobre_plano,-0.0051346068574213005,-0.010201995541349623,-6.721817349297863e-05
59,67,taxa_falha_efetiva,0.014583333333333335,-0.04678237927705296,0.07594904594371964
59,67,fracao_porta1,0.020833333333333343,-0.035424900747371244,0.07709156741403793
59,68,atraso_relativo,0.06937841816106052,-0.04788453584499716,0.1866413721671182
59,68,taxa_omissao,0.016666666666666666,-0.00985371921069756,0.04318705254403089
59,68,divida_latente_sobre_plano,-0.002918233930715247,-0.011291849029837812,0.005455381168407318
59,68,taxa_falha_efetiva,0.02395833333333333,-0.01596013351771028,0.06387680018437694
59,68,fracao_porta1,0.025000000000000012,-0.016932411899516952,0.06693241189951697
59,72,atraso_relativo,-0.7657067772443328,-1.1047613030731676,-0.42665225141549806
59,72,taxa_omissao,-0.07708333333333334,-0.15335346103640635,-0.0008132056302603274
59,72,divida_latente_sobre_plano,-0.03815243459756558,-0.05793468613145737,-0.018370183063673783
59,72,taxa_falha_efetiva,0.010416666666666668,-0.09006083573033374,0.11089416906366709
59,72,fracao_porta1,0.04479166666666667,0.002728420090719358,0.08685491324261398
59,73,atraso_relativo,-0.06741663675386246,-0.30942197315789366,0.1745886996501687
59,73,taxa_omissao,-0.059375000000000004,-0.1395553199478677,0.020805319947867697
59,73,divida_latente_sobre_plano,-0.014224432639269292,-0.02344546002203304,-0.005003405256505545
59,73,taxa_falha_efetiva,0.017708333333333336,-0.08883836899260697,0.12425503565927365
59,73,fracao_porta1,0.037500000000000006,-0.034113226705381416,0.10911322670538143
59,74,atraso_relativo,0.017154198635976156,-0.09888492180984886,0.13319331908180115
59,74,taxa_omissao,-0.06666666666666667,-0.11943046121882167,-0.013902872114511668
59,74,divida_latente_sobre_plano,-0.010980704199067635,-0.014596168015755098,-0.007365240382380171
59,74,taxa_falha_efetiva,0.01979166666666667,-0.04876387280336347,0.0883472061366968
59,74,fracao_porta1,0.042708333333333334,0.004669448862807998,0.08074721780385867
59,75,atraso_relativo,-0.4199371332565571,-0.8216430737138907,-0.018231192799223528
59,75,taxa_omissao,0.02291666666666666,-0.046091565300371985,0.09192489863370532
59,75,divida_latente_sobre_plano,-0.015912724421910995,-0.03603777958852507,0.004212330744703074
59,75,taxa_falha_efetiva,0.03125,-0.06274784049512265,0.12524784049512266
59,75,fracao_porta1,0.026041666666666678,-0.045032431467386426,0.09711576480071979
59,76,atraso_relativo,0.02663113586395656,-0.09083231044330621,0.14409458217121934
59,76,taxa_omissao,0.023958333333333328,-0.02778899267641809,0.07570565934308475
59,76,divida_latente_sobre_plano,-0.0030868017411483824,-0.008978051497873188,0.002804448015576424
59,76,taxa_falha_efetiva,0.024999999999999998,-0.0641166522457703,0.11411665224577029
59,76,fracao_porta1,0.030208333333333337,-0.022935932708596285,0.08335259937526296
59,77,atraso_relativo,0.06051190467287858,-0.12004434813218458,0.24106815747794175
59,77,taxa_omissao,0.009374999999999996,-0.016231825384887787,0.03498182538488778
59,77,divida_latente_sobre_plano,-0.004350570211679986,-0.01199182686438208,0.0032906864410221087
59,77,taxa_falha_efetiva,0.030208333333333334,-0.012201832491668136,0.0726184991583348
59,77,fracao_porta1,0.03854166666666667,0.007739653189558944,0.0693436801437744
60,0,atraso_relativo,-0.4959676916787564,-0.7299520118595857,-0.2619833714979271
60,0,taxa_omissao,-0.1625,-0.19630699127417267,-0.12869300872582734
60,0,divida_latente_sobre_plano,-0.04846635613390422,-0.05837175639785889,-0.03856095586994956
60,0,taxa_falha_efetiva,-0.004166666666666664,-0.04644707135377827,0.03811373802044494
60,0,fracao_porta1,-0.012500000000000008,-0.05000548938713639,0.025005489387136374
60,3,atraso_relativo,-0.4646350887163916,-0.9080888916884469,-0.021181285744336364
60,3,taxa_omissao,-0.09999999999999999,-0.151356506419013,-0.04864349358098698
60,3,divida_latente_sobre_plano,-0.02501303425074894,-0.03526733137098523,-0.01475873713051265
60,3,taxa_falha_efetiva,-0.009375,-0.053478848236633694,0.03472884823663369
60,3,fracao_porta1,-0.03958333333333334,-0.09492246792266554,0.015755801255998854
60,6,atraso_relativo,-0.30108874817407255,-0.6380723193477749,0.03589482299962976
60,6,taxa_omissao,-0.005208333333333336,-0.053438202870968905,0.043021536204302234
60,6,divida_latente_sobre_plano,-0.003965444903670111,-0.020019021871383116,0.012088132064042896
60,6,taxa_falha_efetiva,0.011458333333333333,-0.05199114718256795,0.07490781384923462
60,6,fracao_porta1,-0.03958333333333333,-0.09079698410310892,0.011630317436442258
60,9,atraso_relativo,-0.8453380427304408,-1.238042141844085,-0.4526339436167965
60,9,taxa_omissao,-0.15416666666666667,-0.19503732618330788,-0.11329600715002547
60,9,divida_latente_sobre_plano,-0.043637472565594845,-0.052311116306492544,-0.034963828824697146
60,9,taxa_falha_efetiva,0.011458333333333334,-0.043847693783942265,0.06676436045060893
60,9,fracao_porta1,-0.03854166666666667,-0.0729394523018694,-0.004143881031463931
60,12,atraso_relativo,-0.4521995570412247,-0.8030807558871825,-0.10131835819526691
60,12,taxa_omissao,-0.06875,-0.10233958071507293,-0.03516041928492709
60,12,divida_latente_sobre_plano,-0.017202870546210225,-0.02540959213980556,-0.008996148952614889
60,12,taxa_falha_efetiva,0.03541666666666666,-0.00598827251355652,0.07682160584688984
60,12,fracao_porta1,-0.023958333333333342,-0.044483096034292915,-0.0034335706323737718
60,15,atraso_relativo,-0.35745240125035516,-0.860916989904291,0.14601218740358068
60,15,taxa_omissao,0.0,-0.01432264534107629,0.01432264534107629
60,15,divida_latente_sobre_plano,-0.0048217446941634014,-0.011151847011331434,0.0015083576230046306
60,15,taxa_falha_efetiva,-0.0010416666666666612,-0.05608211708907551,0.053998783755742186
60,15,fracao_porta1,-0.05104166666666668,-0.1165365951183747,0.014453261785041346
60,18,atraso_relativo,-0.5425529425474741,-0.7562119651492863,-0.32889391994566186
60,18,taxa_omissao,-0.16666666666666669,-0.20789428195205994,-0.12543905138127343
60,18,divida_latente_sobre_plano,-0.04978491113697476,-0.0695540901767649,-0.030015732097184628
60,18,taxa_falha_efetiva,-0.0031250000000000028,-0.051050096377807816,0.04480009637780781
60,18,fracao_porta1,-0.04895833333333334,-0.09926994715344054,0.0013532804867738626
60,21,atraso_relativo,-0.5056603282680985,-0.885799530458164,-0.125521126078033
60,21,taxa_omissao,-0.06354166666666668,-0.09663685209022674,-0.030446481243106623
60,21,divida_latente_sobre_plano,-0.02158339075902205,-0.04156750782458858,-0.0015992736934555205
60,21,taxa_falha_efetiva,0.016666666666666666,-0.02830083540835816,0.06163416874169149
60,21,fracao_porta1,-0.06250000000000001,-0.08956725549218986,-0.03543274450781018
60,24,atraso_relativo,-0.3319600240299526,-0.713979012290333,0.05005896423042777
60,24,taxa_omissao,-0.0041666666666666675,-0.020407019961980556,0.01207368662864722
60,24,divida_latente_sobre_plano,-0.005100787425434435,-0.00997178025822861,-0.00022979459264025996
60,24,taxa_falha_efetiva,0.0020833333333333363,-0.04913031743644225,0.05329698410310893
60,24,fracao_porta1,-0.06666666666666668,-0.12497131934757016,-0.008362013985763202
60,27,atraso_relativo,-0.5988441038123868,-0.820368589801742,-0.3773196178230317
60,27,taxa_omissao,-0.15,-0.18292873750118016,-0.11707126249881983
60,27,divida_latente_sobre_plano,-0.039035684332853565,-0.05157436979450132,-0.02649699887120581
60,27,taxa_falha_efetiva,0.006250000000000002,-0.05218017414519978,0.06468017414519979
60,27,fracao_porta1,0.0031249999999999993,-0.03211444611079631,0.0383644461107963
60,30,atraso_relativo,-0.3835763125489199,-0.956483323203075,0.18933069810523528
60,30,taxa_omissao,-0.07395833333333335,-0.11350803046166404,-0.03440863620500266
60,30,divida_latente_sobre_plano,-0.020800085634018632,-0.03338701099697196,-0.00821316027106531
60,30,taxa_falha_efetiva,0.00729166666666667,-0.07252232209064373,0.08710565542397707
60,30,fracao_porta1,0.0031250000000000028,-0.03293646790947472,0.03918646790947473
60,33,atraso_relativo,-0.15740306070305055,-0.8615411677710202,0.5467350463649191
60,33,taxa_omissao,-0.00625,-0.03983958071507292,0.02733958071507292
60,33,divida_latente_sobre_plano,-0.0048474987578570345,-0.012506661215184196,0.0028116636994701266
60,33,taxa_falha_efetiva,0.010416666666666671,-0.022733815680038613,0.043567149013371956
60,33,fracao_porta1,-0.008333333333333338,-0.04920399284997454,0.03253732618330786
60,36,atraso_relativo,-0.8552893160188051,-1.0879216832939893,-0.6226569487436209
60,36,taxa_omissao,-0.15208333333333335,-0.18388015898360358,-0.12028650768306312
60,36,divida_latente_sobre_plano,-0.03556317991710717,-0.04770101081830606,-0.02342534901590828
60,36,taxa_falha_efetiva,0.014583333333333335,-0.02646619206858577,0.05563285873525244
60,36,fracao_porta1,0.017708333333333326,-0.018353134576141406,0.05376980124280806
60,39,atraso_relativo,-0.18948329681478487,-0.62254238976682,0.24357579613725022
60,39,taxa_omissao,-0.06875,-0.10320099183194523,-0.034299008168054784
60,39,divida_latente_sobre_plano,-0.02222976964881776,-0.03912351760509082,-0.005336021692544695
60,39,taxa_falha_efetiva,0.016666666666666663,-0.008724669680480194,0.042058003013813516
60,39,fracao_porta1,-0.014583333333333334,-0.04638015898360354,0.017213492316936873
60,42,atraso_relativo,-0.11494347103194183,-0.3261029473454943,0.09621600528161059
60,42,taxa_omissao,0.0020833333333333337,-0.02359491987617318,0.027761586542839847
60,42,divida_latente_sobre_plano,-0.008006863065625916,-0.02215100550120523,0.0061372793699533985
60,42,taxa_falha_efetiva,-0.002083333333333333,-0.04753698469447408,0.043370318027807414
60,42,fracao_porta1,-0.025000000000000005,-0.08073489029583707,0.03073489029583706
60,45,atraso_relativo,-0.5014441496786866,-0.8686383118461904,-0.13424998751118272
60,45,taxa_omissao,-0.159375,-0.18381060109147665,-0.13493939890852333
60,45,divida_latente_sobre_plano,-0.042110032385664006,-0.057603903108079835,-0.026616161663248178
60,45,taxa_falha_efetiva,0.0010416666666666682,-0.04339317194084035,0.04547650527417369
60,45,fracao_porta1,0.00104166666666667,-0.03582349810139633,0.03790683143472967
60,48,atraso_relativo,-0.43000118716441565,-0.7300365852332624,-0.12996578909556894
60,48,taxa_omissao,-0.08645833333333333,-0.11028674385326934,-0.06262992281339733
60,48,divida_latente_sobre_plano,-0.02698468320312616,-0.03207148731670948,-0.02189787908954284
60,48,taxa_falha_efetiva,0.0010416666666666682,-0.05634474512095305,0.05842807845428639
60,48,fracao_porta1,-0.007291666666666665,-0.052705004360132174,0.03812167102679884
60,51,atraso_relativo,-0.23241532183684555,-0.7569211613937085,0.2920905177200174
60,51,taxa_omissao,-0.013541666666666667,-0.06696093721513609,0.03987760388180275
60,51,divida_latente_sobre_plano,-0.009084677759793783,-0.036537915494590525,0.018368559975002963
60,51,taxa_falha_efetiva,0.003125000000000001,-0.06055499709903352,0.06680499709903352
60,51,fracao_porta1,-0.005208333333333339,-0.0575189121367633,0.04710224547009663
60,54,atraso_relativo,-0.3386182091702686,-0.6849645983907662,0.007728180050228961
60,54,taxa_omissao,-0.13749999999999998,-0.20155281720053445,-0.07344718279946552
60,54,divida_latente_sobre_plano,-0.036575245919167866,-0.05635741879506874,-0.016793073043266993
60,54,taxa_falha_efetiva,0.025,-0.040410978498231935,0.09041097849823193
60,54,fracao_porta1,0.02187499999999999,-0.021220627050716888,0.06497062705071688
60,57,atraso_relativo,-0.5808271700493064,-1.1356426920886649,-0.02601164800994793
60,57,taxa_omissao,-0.071875,-0.15223785933027525,0.008487859330275266
60,57,divida_latente_sobre_plano,-0.020883889367235738,-0.0407330725235852,-0.0010347062108862805
60,57,taxa_falha_efetiva,0.0031249999999999976,-0.09178423850141353,0.09803423850141353
60,57,fracao_porta1,0.0052083333333333304,-0.058701348901270975,0.06911801556793763
60,63,atraso_relativo,-0.6087480618995628,-1.0151377865543092,-0.2023583372448164
60,63,taxa_omissao,-0.146875,-0.20270839091517892,-0.09104160908482109
60,63,divida_latente_sobre_plano,-0.04435374783385092,-0.06516434609313226,-0.02354314957456958
60,63,taxa_falha_efetiva,0.014583333333333332,-0.06670860725927956,0.09587527392594623
60,63,fracao_porta1,0.006249999999999992,-0.05039756906586656,0.06289756906586655
60,66,atraso_relativo,-0.3467155117831521,-0.6327426231552808,-0.0606884004110233
60,66,taxa_omissao,-0.07083333333333333,-0.10239890627342253,-0.03926776039324413
60,66,divida_latente_sobre_plano,-0.025646371394877875,-0.036733606448745175,-0.014559136341010574
60,66,taxa_falha_efetiva,0.018750000000000003,-0.022654939180223183,0.06015493918022319
60,66,fracao_porta1,-0.005208333333333336,-0.07159212249962807,0.06117545583296139
60,69,atraso_relativo,-0.04177647158532875,-0.3775594355780802,0.29400649240742266
60,69,taxa_omissao,-0.0041666666666666675,-0.027763352940557,0.019430019607223667
60,69,divida_latente_sobre_plano,-0.005080587495346669,-0.012792849888653694,0.002631674897960355
60,69,taxa_falha_efetiva,0.021875,-0.012094136047450181,0.05584413604745018
60,69,fracao_porta1,0.0,-0.009376372346784095,0.009376372346784095
60,72,atraso_relativo,-0.6141127207938857,-0.9918287833606638,-0.23639665822710754
60,72,taxa_omissao,-0.16041666666666665,-0.23895836141146587,-0.08187497192186745
60,72,divida_latente_sobre_plano,-0.04221216971223539,-0.0659224242946879,-0.01850191512978287
60,72,taxa_falha_efetiva,0.003125000000000001,-0.057731196044369784,0.06398119604436979
60,72,fracao_porta1,0.011458333333333327,-0.050590066009169155,0.07350673267583581
60,75,atraso_relativo,-0.26834307680611014,-0.8881030118386024,0.35141685822638213
60,75,taxa_omissao,-0.06041666666666666,-0.12660703751378677,0.0057737041804534345
60,75,divida_latente_sobre_plano,-0.019972459536580802,-0.04497723534461641,0.005032316271454805
60,75,taxa_falha_efetiva,0.023958333333333335,-0.058207618786078025,0.10612428545274469
60,75,fracao_porta1,-0.007291666666666665,-0.09174410638291602,0.07716077304958269
60,78,atraso_relativo,0.011507580403124953,-0.23145960378690783,0.2544747645931577
60,78,taxa_omissao,0.010416666666666668,-0.010197140976029966,0.0310304743093633
60,78,divida_latente_sobre_plano,-0.003078035160077468,-0.020609261506382034,0.014453191186227097
60,78,taxa_falha_efetiva,0.008333333333333335,-0.038548528400587145,0.05521519506725382
60,78,fracao_porta1,0.007291666666666662,-0.023982435831072665,0.03856576916440599
61,0,atraso_relativo,-0.6896772159156059,-1.0994586487696378,-0.27989578306157403
61,0,taxa_omissao,-0.15833333333333333,-0.1912620708345135,-0.12540459583215316
61,0,divida_latente_sobre_plano,-0.04994396532212272,-0.052247831694014195,-0.04764009895023124
61,0,taxa_falha_efetiva,0.003125000000000001,-0.05164858606031256,0.05789858606031256
61,0,fracao_porta1,-0.011458333333333338,-0.055562181569967034,0.03264551490330035
61,1,atraso_relativo,-0.2690604388208373,-0.46873406606477674,-0.06938681157689786
61,1,taxa_omissao,-0.140625,-0.16445341051993598,-0.11679658948006401
61,1,divida_latente_sobre_plano,-0.01914640498302028,-0.024491829803607718,-0.013800980162432839
61,1,taxa_falha_efetiva,0.021875,-0.012094136047450181,0.05584413604745018
61,1,fracao_porta1,-0.022916666666666665,-0.04556275736496677,-0.0002705759683665626
61,3,atraso_relativo,-0.6583446129532413,-1.089046189920038,-0.22764303598644453
61,3,taxa_omissao,-0.09583333333333334,-0.14208587979348059,-0.04958078687318608
61,3,divida_latente_sobre_plano,-0.026490643438967433,-0.03672342620062992,-0.016257860677304944
61,3,taxa_falha_efetiva,-0.0020833333333333346,-0.02941992138446122,0.025253254717794556
61,3,fracao_porta1,-0.03854166666666667,-0.09028899267641809,0.01320565934308475
61,4,atraso_relativo,-0.25359841686483897,-0.32895268250417226,-0.1782441512255057
61,4,taxa_omissao,-0.07291666666666666,-0.11288099047349799,-0.032952342859835324
61,4,divida_latente_sobre_plano,-0.015354659739106932,-0.026874286495287836,-0.003835032982926029
61,4,taxa_falha_efetiva,0.010416666666666664,-0.033059783341229054,0.05389311667456238
61,4,fracao_porta1,-0.040625,-0.08303516582500146,0.0017851658250014613
61,6,atraso_relativo,-0.4947982724109222,-0.947369877560952,-0.04222666726089236
61,6,taxa_omissao,-0.0010416666666666664,-0.04709578858915145,0.04501245525581812
61,6,divida_latente_sobre_plano,-0.005443054091888604,-0.018518818469752635,0.007632710285975428
61,6,taxa_falha_efetiva,0.01875,0.010190582263497831,0.027309417736502167
61,6,fracao_porta1,-0.03854166666666666,-0.0996381645187199,0.02255483118538657
61,7,atraso_relativo,-0.24041645166838665,-0.40344332223187174,-0.07738958110490157
61,7,taxa_omissao,-0.007291666666666666,-0.03509330901874455,0.020509975685411217
61,7,divida_latente_sobre_plano,-0.00664473528973024,-0.014462223173461675,0.0011727525940011946
61,7,taxa_falha_efetiva,0.005208333333333336,-0.04179058691422798,0.052207253580894654
61,7,fracao_porta1,-0.040625,-0.0770905305813758,-0.004159469418624204
61,9,atraso_relativo,-1.0390475669672905,-1.3952986403403291,-0.682796493594252
61,9,taxa_omissao,-0.15,-0.18865977357091135,-0.11134022642908863
61,9,divida_latente_sobre_plano,-0.04511508175381333,-0.05731104908964511,-0.03291911441798156
61,9,taxa_falha_efetiva,0.01875,-0.033874759278731445,0.07137475927873145
61,9,fracao_porta1,-0.037500000000000006,-0.06614529068215258,-0.008854709317847428
61,10,atraso_relativo,-0.3676050718405847,-0.6887612598307047,-0.04644888385046475
61,10,taxa_omissao,-0.146875,-0.19890471460573922,-0.09484528539426078
61,10,divida_latente_sobre_plano,-0.020174860890781438,-0.026478238294846093,-0.013871483486716782
61,10,taxa_falha_efetiva,0.016666666666666663,-0.008724669680480204,0.04205800301381353
61,10,fracao_porta1,-0.027083333333333334,-0.06478365774262973,0.010616991075963055
61,12,atraso_relativo,-0.6459090812780743,-1.153269500850166,-0.13854866170598257
61,12,taxa_omissao,-0.06458333333333333,-0.09398589882442246,-0.03518076784224419
61,12,divida_latente_sobre_plano,-0.01868047973442872,-0.020585887365478506,-0.016775072103378932
61,12,taxa_falha_efetiva,0.04270833333333333,0.020143266475106694,0.06527340019155996
61,12,fracao_porta1,-0.022916666666666672,-0.03960204354446605,-0.006231289788867292
61,13,atraso_relativo,-0.19916318930318122,-0.2804736250341,-0.11785275357226246
61,13,taxa_omissao,-0.07604166666666666,-0.09074294941221123,-0.061340383921122094
61,13,divida_latente_sobre_plano,-0.011518306515818226,-0.02188092624446357,-0.0011556867871728802
61,13,taxa_falha_efetiva,0.02291666666666667,-0.03053687996524513,0.07637021329857846
61,13,fracao_porta1,-0.04583333333333334,-0.09014434028732846,-0.001522326379338218
61,15,atraso_relativo,-0.5511619254872048,-1.2840285678827417,0.18170471690833212
61,15,taxa_omissao,0.0041666666666666675,-0.010155978674409618,0.018489312007742953
61,15,divida_latente_sobre_plano,-0.006299353882381894,-0.009784017330654425,-0.002814690434109363
61,15,taxa_falha_efetiva,0.006250000000000004,-0.036547088682510845,0.049047088682510856
61,15,fracao_porta1,-0.05,-0.11607959190613769,0.016079591906137683
61,16,atraso_relativo,-0.2752467183161086,-0.5714598184006887,0.020966381768471487
61,16,taxa_omissao,0.011458333333333334,-0.009768332366344508,0.032684999033011176
61,16,divida_latente_sobre_plano,0.0010622602819802215,-0.006106952004147535,0.00823147256810798
61,16,taxa_falha_efetiva,0.008333333333333335,-0.036307128022617985,0.05297379468928465
61,16,fracao_porta1,-0.05625,-0.10006218047625838,-0.012437819523741622
61,18,atraso_relativo,-0.7362624667843236,-1.1783506644529873,-0.29417426911566
61,18,taxa_omissao,-0.16249999999999998,-0.19961275092705227,-0.12538724907294768
61,18,divida_latente_sobre_plano,-0.05126252032519324,-0.0739843839603085,-0.028540656690077982
61,18,taxa_falha_efetiva,0.004166666666666662,-0.05235142207202416,0.06068475540535748
61,18,fracao_porta1,-0.04791666666666668,-0.07781342753223479,-0.01801990580109857
61,19,atraso_relativo,-0.31506503853766266,-0.45810728116660854,-0.17202279590871677
61,19,taxa_omissao,-0.15000000000000002,-0.16624035329531392,-0.13375964670468612
61,19,divida_latente_sobre_plano,-0.021507538799532433,-0.035232266341966266,-0.007782811257098598
61,19,taxa_falha_efetiva,0.012500000000000002,-0.03740955306942979,0.0624095530694298
61,19,fracao_porta1,-0.0625,-0.12350649559668014,-0.0014935044033198633
61,21,atraso_relativo,-0.6993698525049481,-1.1925022032480892,-0.206237501761807
61,21,taxa_omissao,-0.059375000000000004,-0.09157252152929576,-0.02717747847070425
61,21,divida_latente_sobre_plano,-0.02306099994724054,-0.03839535209261674,-0.00772664780186434
61,21,taxa_falha_efetiva,0.02395833333333333,-0.02547184092084124,0.0733885075875079
61,21,fracao_porta1,-0.06145833333333335,-0.09711115951851673,-0.02580550714814997
61,22,atraso_relativo,-0.2683589679833286,-0.31964253005480125,-0.2170754059118559
61,22,taxa_omissao,-0.06666666666666667,-0.10216503944898873,-0.031168293884344597
61,22,divida_latente_sobre_plano,-0.012172988432680335,-0.018510898803488073,-0.005835078061872596
61,22,taxa_falha_efetiva,0.02083333333333333,-0.029659977047157546,0.0713266437138242
61,22,fracao_porta1,-0.059375,-0.10478833769346549,-0.013961662306534506
61,24,atraso_relativo,-0.5256695482668022,-0.6727882374380805,-0.378550859095524
61,24,taxa_omissao,8.673617379884035e-19,-0.014322645341076284,0.014322645341076287
61,24,divida_latente_sobre_plano,-0.006578396613652927,-0.012377280174221166,-0.0007795130530846885
61,24,taxa_falha_efetiva,0.009375000000000001,-0.0706223640449937,0.08937236404499369
61,24,fracao_porta1,-0.065625,-0.12551034700417166,-0.005739652995828341
61,25,atraso_relativo,-0.21112084835205375,-0.3639154206276246,-0.058326276076482886
61,25,taxa_omissao,0.0010416666666666682,-0.021523400191559974,0.023606733524893314
61,25,divida_latente_sobre_plano,0.0004106101543006318,-0.005332574373536418,0.006153794682137681
61,25,taxa_falha_efetiva,0.0125,-0.07529142375615126,0.10029142375615126
61,25,fracao_porta1,-0.06250000000000001,-0.11744052819097624,-0.007559471809023791
61,27,atraso_relativo,-0.7925536280492365,-1.1843234713617274,-0.40078378473674553
61,27,taxa_omissao,-0.14583333333333334,-0.18333882272046975,-0.10832784394619695
61,27,divida_latente_sobre_plano,-0.04051329352107206,-0.04905193415386579,-0.03197465288827833
61,27,taxa_falha_efetiva,0.013541666666666665,-0.07563662246410635,0.10271995579743967
61,27,fracao_porta1,0.004166666666666669,-0.026931242302280306,0.035264575635613644
61,28,atraso_relativo,-0.03722542538500273,-0.18023646119919423,0.10578561042918877
61,28,taxa_omissao,-0.12604166666666666,-0.1450851689270268,-0.10699816440630651
61,28,divida_latente_sobre_plano,-0.01939523381342626,-0.026982006108642157,-0.011808461518210366
61,28,taxa_falha_efetiva,0.04166666666666667,0.009185960076038904,0.07414737325729444
61,28,fracao_porta1,-0.021874999999999995,-0.04570341051993598,0.001953410519935996
61,30,atraso_relativo,-0.5772858367857694,-1.0127284133696268,-0.1418432602019119
61,30,taxa_omissao,-0.06979166666666667,-0.10896912306888233,-0.030614210264451006
61,30,divida_latente_sobre_plano,-0.02227769482223712,-0.02941785326475979,-0.015137536379714447
61,30,taxa_falha_efetiva,0.014583333333333334,-0.059740807104960825,0.0889074737716275
61,30,fracao_porta1,0.004166666666666673,-0.024985659673785052,0.033318993007118394
61,31,atraso_relativo,-0.004089049171664583,-0.08101893813253754,0.07284083978920837
61,31,taxa_omissao,-0.059375000000000004,-0.09855245640221567,-0.020197543597784334
61,31,divida_latente_sobre_plano,-0.011629284077004389,-0.018209831541810523,-0.005048736612198256
61,31,taxa_falha_efetiva,0.015625,-0.03861091821216,0.06986091821216
61,31,fracao_porta1,0.014583333333333334,-0.008700800249662924,0.03786746691632959
61,33,atraso_relativo,-0.35111258493990016,-0.9573008181466701,0.2550756482668698
61,33,taxa_omissao,-0.002083333333333331,-0.03388015898360354,0.029713492316936874
61,33,divida_latente_sobre_plano,-0.006325107946075527,-0.010731153569942,-0.0019190623222090529
61,33,taxa_falha_efetiva,0.017708333333333336,-0.028345788589151436,0.06376245525581811
61,33,fracao_porta1,-0.0072916666666666685,-0.05960224547009663,0.045018912136763296
61,34,atraso_relativo,0.01744058257678867,-0.12473062414902682,0.15961178930260417
61,34,taxa_omissao,0.007291666666666669,-0.013233096034292891,0.027816429367626228
61,34,divida_latente_sobre_plano,0.0026079744618816318,-0.009845581211178518,0.015061530134941783
61,34,taxa_falha_efetiva,0.03020833333333333,-0.021538992676418095,0.08195565934308476
61,34,fracao_porta1,0.0072916666666666685,-0.021544807165326193,0.03612814049865953
61,36,atraso_relativo,-1.0489988402556547,-1.3968831643216835,-0.701114516189626
61,36,taxa_omissao,-0.14791666666666667,-0.1773192321577558,-0.11851410117557754
61,36,divida_latente_sobre_plano,-0.037040789105325655,-0.04643759097893761,-0.0276439872317137
61,36,taxa_falha_efetiva,0.021875,-0.02695870988577158,0.07070870988577158
61,36,fracao_porta1,0.018749999999999996,-0.008045215869290741,0.04554521586929074
61,37,atraso_relativo,-0.07062324262275463,-0.1964492352924983,0.055202750046989046
61,37,taxa_omissao,-0.14270833333333333,-0.15740961607887788,-0.12800705058778877
61,37,divida_latente_sobre_plano,-0.021936731781912758,-0.03319828789104488,-0.01067517567278064
61,37,taxa_falha_efetiva,0.018749999999999996,-0.03217673730343774,0.06967673730343774
61,37,fracao_porta1,-0.008333333333333335,-0.0716961539219052,0.05502948725523854
61,39,atraso_relativo,-0.3831928210516345,-0.866681483130957,0.10029584102768813
61,39,taxa_omissao,-0.06458333333333334,-0.09638015898360355,-0.03278650768306313
61,39,divida_latente_sobre_plano,-0.023707378837036247,-0.03533680290295053,-0.012077954771121968
61,39,taxa_falha_efetiva,0.02395833333333333,-0.009136852090226716,0.05705351875689338
61,39,fracao_porta1,-0.013541666666666664,-0.038569731983365725,0.011486398650032398
61,40,atraso_relativo,-0.07835891189682073,-0.13975980968767027,-0.016958014105971184
61,40,taxa_omissao,-0.05,-0.0770672554921898,-0.022932744507810205
61,40,divida_latente_sobre_plano,-0.006843733586400661,-0.015779151884678863,0.002091684711877542
61,40,taxa_falha_efetiva,0.013541666666666665,-0.021697779444129657,0.04878111277746299
61,40,fracao_porta1,-0.006249999999999999,-0.031928253209506485,0.019428253209506488
61,42,atraso_relativo,-0.3086529952687915,-0.7435088249761845,0.12620283443860164
61,42,taxa_omissao,0.006250000000000003,-0.014363807642696631,0.026863807642696635
61,42,divida_latente_sobre_plano,-0.009484472253844408,-0.020884523454540786,0.0019155789468519695
61,42,taxa_falha_efetiva,0.005208333333333332,-0.060062488632528055,0.07047915529919471
61,42,fracao_porta1,-0.023958333333333335,-0.06424219422740662,0.016325527560739957
61,43,atraso_relativo,-0.04639153430250818,-0.23675548816466224,0.1439724195596459
61,43,taxa_omissao,0.0072916666666666685,-0.024905854862629077,0.039489188195962414
61,43,divida_latente_sobre_plano,-0.0009258863792616631,-0.012715659225508547,0.010863886466985221
61,43,taxa_falha_efetiva,0.019791666666666666,-0.024643171940840355,0.06422650527417369
61,43,fracao_porta1,-0.02708333333333333,-0.05387854920262407,-0.00028811746404259694
61,45,atraso_relativo,-0.6951536739155363,-1.0708935325667968,-0.31941381526427587
61,45,taxa_omissao,-0.15520833333333334,-0.1771144235714625,-0.13330224309520416
61,45,divida_latente_sobre_plano,-0.0435876415738825,-0.05367460338590118,-0.03350067976186382
61,45,taxa_falha_efetiva,0.008333333333333333,-0.035645751291995396,0.05231241795866206
61,45,fracao_porta1,0.00208333333333334,-0.027319232157755793,0.03148589882442247
61,46,atraso_relativo,-0.19630410166863593,-0.44497254868418623,0.05236434534691439
61,46,taxa_omissao,-0.14583333333333334,-0.17179533276113398,-0.1198713339055327
61,46,divida_latente_sobre_plano,-0.018667375929399606,-0.03003732027898062,-0.0072974315798185925
61,46,taxa_falha_efetiva,0.020833333333333336,-0.012095404167846845,0.053762070834513516
61,46,fracao_porta1,-0.02187500000000001,-0.09558048359454904,0.05183048359454903
61,48,atraso_relativo,-0.6237107114012653,-1.0725197967583284,-0.17490162604420223
61,48,taxa_omissao,-0.08229166666666667,-0.11061545119959992,-0.0539678821337334
61,48,divida_latente_sobre_plano,-0.02846229239134465,-0.035182886673861935,-0.021741698108827364
61,48,taxa_falha_efetiva,0.008333333333333333,-0.05685325006617442,0.07351991673284108
61,48,fracao_porta1,-0.006249999999999995,-0.026863807642696642,0.014363807642696652
61,49,atraso_relativo,-0.08124697756041144,-0.2650198656846614,0.10252591056383856
61,49,taxa_omissao,-0.07291666666666666,-0.10562215591578261,-0.0402111774175507
61,49,divida_latente_sobre_plano,-0.010702627014018808,-0.02106759638981378,-0.00033765763822383825
61,49,taxa_falha_efetiva,0.029166666666666667,-0.03757484084453085,0.09590817417786418
61,49,fracao_porta1,0.0031250000000000028,-0.025711473831992848,0.031961473831992854
61,51,atraso_relativo,-0.4261248460736951,-0.8440659153729875,-0.00818377677440274
61,51,taxa_omissao,-0.009374999999999994,-0.06361091821216,0.04486091821216001
61,51,divida_latente_sobre_plano,-0.010562286948012275,-0.030211069019207552,0.009086495123183
61,51,taxa_falha_efetiva,0.010416666666666666,-0.04544951919460887,0.06628285252794221
61,51,fracao_porta1,-0.004166666666666669,-0.07306865033055712,0.06473531699722379
61,52,atraso_relativo,-0.059627529501503115,-0.13382359245059977,0.014568533447593526
61,52,taxa_omissao,-0.003125,-0.022922990583276914,0.016672990583276915
61,52,divida_latente_sobre_plano,-0.00012400765287022596,-0.012432813512375506,0.012184798206635055
61,52,taxa_falha_efetiva,0.006250000000000004,-0.06360240074898879,0.0761024007489888
61,52,fracao_porta1,0.0,-0.02096620594975847,0.02096620594975847
61,54,atraso_relativo,-0.5323277334071183,-1.0776298652410539,0.012974398426817246
61,54,taxa_omissao,-0.13333333333333333,-0.19337141036622169,-0.07329525630044496
61,54,divida_latente_sobre_plano,-0.03805285510738635,-0.052424922671006235,-0.023680787543766468
61,54,taxa_falha_efetiva,0.03229166666666666,-0.005747217803858652,0.07033055113719197
61,54,fracao_porta1,0.02291666666666666,-0.010233815680038644,0.05606714901337197
61,55,atraso_relativo,-0.17024582716381742,-0.28318880938571483,-0.05730284494192002
61,55,taxa_omissao,-0.13854166666666667,-0.18737537655243827,-0.08970795678089508
61,55,divida_latente_sobre_plano,-0.01786699285980813,-0.02662718783167887,-0.009106797887937387
61,55,taxa_falha_efetiva,0.02916666666666666,-0.027091567414037912,0.08542490074737123
61,55,fracao_porta1,0.0062500000000000056,-0.030664814844122305,0.043164814844122316
61,57,atraso_relativo,-0.7745366942861559,-1.5010624543007798,-0.048010934271532024
61,57,taxa_omissao,-0.06770833333333334,-0.14471931313118028,0.009302646464513592
61,57,divida_latente_sobre_plano,-0.02236149855545423,-0.0366494337816694,-0.008073563329239067
61,57,taxa_falha_efetiva,0.010416666666666664,-0.05142475626142323,0.07225808959475656
61,57,fracao_porta1,0.00625,-0.041406821039872005,0.053906821039872
61,58,atraso_relativo,-0.015334549787369825,-0.13245888397833605,0.10178978440359639
61,58,taxa_omissao,-0.07291666666666666,-0.1325875348907362,-0.013245798442597129
61,58,divida_latente_sobre_plano,-0.011042386357162808,-0.019472054246743413,-0.002612718467582204
61,58,taxa_falha_efetiva,0.02291666666666667,-0.02055978334122905,0.06639311667456238
61,58,fracao_porta1,0.0031250000000000028,-0.047186613820107186,0.05343661382010719
61,60,atraso_relativo,-0.19370952423684962,-0.429182528001108,0.04176347952740875
61,60,taxa_omissao,0.004166666666666668,-0.001246784431771294,0.009580117765104632
61,60,divida_latente_sobre_plano,-0.0014776091882184924,-0.009299563105620776,0.0063443447291837915
61,60,taxa_falha_efetiva,0.007291666666666665,-0.04906415332273231,0.06364748665606565
61,60,fracao_porta1,0.00104166666666667,-0.028793767445368094,0.030877100778701434
61,63,atraso_relativo,-0.8024575861364124,-1.4124330282766837,-0.19248214399614116
61,63,taxa_omissao,-0.14270833333333333,-0.1969442515454933,-0.08847241512117335
61,63,divida_latente_sobre_plano,-0.04583135702206942,-0.06245778963298568,-0.029204924411153164
61,63,taxa_falha_efetiva,0.021874999999999995,-0.06170542420358273,0.10545542420358271
61,63,fracao_porta1,0.007291666666666662,-0.05060316180227881,0.06518649513561213
61,64,atraso_relativo,-0.05693791659811648,-0.18180372971630984,0.06792789652007689
61,64,taxa_omissao,-0.13854166666666667,-0.16356973198336572,-0.11351360134996762
61,64,divida_latente_sobre_plano,-0.020712095761533093,-0.03049738530716726,-0.010926806215898926
61,64,taxa_falha_efetiva,0.019791666666666666,-0.025943185396676817,0.06552651873001014
61,64,fracao_porta1,0.0031250000000000062,-0.03567664477637937,0.04192664477637939
61,66,atraso_relativo,-0.5404250360200017,-1.0374844957308245,-0.04336557630917903
61,66,taxa_omissao,-0.06666666666666668,-0.0937339221588565,-0.039599411174476865
61,66,divida_latente_sobre_plano,-0.027123980583096362,-0.038935477631898294,-0.015312483534294432
61,66,taxa_falha_efetiva,0.026041666666666668,-0.014963215410025179,0.06704654874335851
61,66,fracao_porta1,-0.004166666666666666,-0.06420474369955506,0.05587141036622172
61,67,atraso_relativo,-0.0371061324987661,-0.13709185522834166,0.06287959023080945
61,67,taxa_omissao,-0.06874999999999999,-0.10645032440929639,-0.03104967559070359
61,67,divida_latente_sobre_plano,-0.010671951160309598,-0.017474236066014812,-0.0038696662546043826
61,67,taxa_falha_efetiva,0.014583333333333334,-0.0458197201739175,0.07498638684058416
61,67,fracao_porta1,-0.01145833333333333,-0.07806248423153372,0.055145817564867056
61,69,atraso_relativo,-0.23548599582217838,-0.7116332163579216,0.24066122471356488
61,69,taxa_omissao,0.0,-0.022967327887963483,0.022967327887963483
61,69,divida_latente_sobre_plano,-0.006558196683565162,-0.013728701906482819,0.0006123085393524965
61,69,taxa_falha_efetiva,0.029166666666666667,-0.01771519506725381,0.07604852840058715
61,69,fracao_porta1,0.00104166666666667,-0.028793767445368088,0.030877100778701427
61,70,atraso_relativo,0.01930313760388465,-0.014617018915436493,0.05322329412320579
61,70,taxa_omissao,-0.002083333333333331,-0.026593775644747727,0.022427108978081062
61,70,divida_latente_sobre_plano,7.63306970108066e-05,-0.004620556774997843,0.004773218169019456
61,70,taxa_falha_efetiva,0.0072916666666666685,-0.04093820287096887,0.05552153620430221
61,70,fracao_porta1,0.008333333333333335,-0.027981200613601227,0.0446478672802679
61,72,atraso_relativo,-0.8078222450307354,-1.207850423940899,-0.4077940661205718
61,72,taxa_omissao,-0.15625,-0.22998032953612602,-0.08251967046387397
61,72,divida_latente_sobre_plano,-0.04368977890045388,-0.06535184016418358,-0.022027717636724172
61,72,taxa_falha_efetiva,0.010416666666666666,-0.04164823882209874,0.06248157215543207
61,72,fracao_porta1,0.012499999999999997,-0.03857039552197483,0.06357039552197483
61,73,atraso_relativo,-0.10953210454026512,-0.3154400993674595,0.09637589028692926
61,73,taxa_omissao,-0.13854166666666667,-0.173781112777463,-0.10330222055587035
61,73,divida_latente_sobre_plano,-0.01976177694215759,-0.02894051768534813,-0.010583036198967046
61,73,taxa_falha_efetiva,0.017708333333333333,-0.04756248863252804,0.0829791552991947
61,73,fracao_porta1,0.005208333333333336,-0.0173567335248933,0.027773400191559973
61,75,atraso_relativo,-0.46205260104295975,-0.9001191044440036,-0.02398609764191595
61,75,taxa_omissao,-0.05625,-0.11713628563634149,0.00463628563634149
61,75,divida_latente_sobre_plano,-0.021450068724799293,-0.04389651512203521,0.0009963776724366304
61,75,taxa_falha_efetiva,0.03125,-0.031532030876291334,0.09403203087629133
61,75,fracao_porta1,-0.006249999999999995,-0.0708721867729113,0.05837218677291131
61,76,atraso_relativo,-0.015484331922446096,-0.06254478562995998,0.03157612178506779
61,76,taxa_omissao,-0.05520833333333333,-0.08553090877554712,-0.024885757891119548
61,76,divida_latente_sobre_plano,-0.00862414604403668,-0.015283123369424046,-0.0019651687186493143
61,76,taxa_falha_efetiva,0.024999999999999998,-0.011314533946934578,0.06131453394693458
61,76,fracao_porta1,-0.0020833333333333363,-0.03653432516527856,0.03236765849861188
61,78,atraso_relativo,-0.18220194383372468,-0.5666790813599896,0.20227519369254027
61,78,taxa_omissao,0.014583333333333335,-0.002102043544466045,0.031268710211132714
61,78,divida_latente_sobre_plano,-0.004555644348295961,-0.015886871485322175,0.006775582788730255
61,78,taxa_falha_efetiva,0.015625,-0.03380517425417457,0.06505517425417456
61,78,fracao_porta1,0.008333333333333331,-0.01263287261642514,0.029299539283091803
61,79,atraso_relativo,-0.04206988191920555,-0.07436770382262199,-0.009772060015789105
61,79,taxa_omissao,0.009375000000000001,-0.003175570057733954,0.021925570057733955
61,79,divida_latente_sobre_plano,0.001271840321518851,-0.005375184952451048,0.00791886559548875
61,79,taxa_falha_efetiva,0.011458333333333334,-0.042506742146285234,0.0654234088129519
61,79,fracao_porta1,0.005208333333333332,-0.01669775690479586,0.027114423571462525
62,0,atraso_relativo,-0.6571437073430948,-1.0598553689027865,-0.2544320457834031
62,0,taxa_omissao,-0.16041666666666668,-0.21076467225559742,-0.11006866107773595
62,0,divida_latente_sobre_plano,-0.053492798888020825,-0.061846672381507546,-0.0451389253945341
62,0,taxa_falha_efetiva,0.0010416666666666664,-0.04956034849062503,0.05164368182395837
62,0,fracao_porta1,-0.010416666666666678,-0.05001264783322051,0.02917931449988715
62,1,atraso_relativo,-0.23652693024832613,-0.40594187596150466,-0.0671119845351476
62,1,taxa_omissao,-0.14270833333333333,-0.17957349810139633,-0.10584316856527032
62,1,divida_latente_sobre_plano,-0.022695238548918386,-0.034126596100922606,-0.011263880996914168
62,1,taxa_falha_efetiva,0.019791666666666662,-0.01148243583107265,0.05106576916440597
62,1,fracao_porta1,-0.021875000000000006,-0.05627278563520273,0.012522785635202718
62,2,atraso_relativo,-0.08658119394465133,-0.18031580948538078,0.007153421596078111
62,2,taxa_omissao,-0.13645833333333335,-0.1662937674453681,-0.10662289922129858
62,2,divida_latente_sobre_plano,-0.01753565154609526,-0.02618055684330363,-0.008890746248886887
62,2,taxa_falha_efetiva,0.031249999999999993,-0.004862222991467505,0.06736222299146749
62,2,fracao_porta1,-0.04166666666666667,-0.07276457563561364,-0.010568757697719703
62,3,atraso_relativo,-0.6258111043807302,-1.017840403872746,-0.23378180488871436
62,3,taxa_omissao,-0.09791666666666667,-0.14648712013389223,-0.0493462131994411
62,3,divida_latente_sobre_plano,-0.03003947700486554,-0.04014396590819303,-0.01993498810153805
62,3,taxa_falha_efetiva,-0.004166666666666669,-0.02776335294055698,0.019430019607223643
62,3,fracao_porta1,-0.03750000000000001,-0.09244052819097623,0.01744052819097621
62,4,atraso_relativo,-0.22106490829232783,-0.27856220611732097,-0.1635676104673347
62,4,taxa_omissao,-0.075,-0.12125254646014724,-0.028747453539852745
62,4,divida_latente_sobre_plano,-0.01890349330500504,-0.032935471385204015,-0.004871515224806064
62,4,taxa_falha_efetiva,0.00833333333333333,-0.031813894512868625,0.04848056117953529
62,4,fracao_porta1,-0.039583333333333345,-0.10022848421776093,0.021061817551094236
62,5,atraso_relativo,-0.15447867902564028,-0.37375657726658584,0.06479921921530529
62,5,taxa_omissao,-0.07708333333333334,-0.1198804220158442,-0.03428624465082248
62,5,divida_latente_sobre_plano,-0.013007900639468467,-0.030921689833605322,0.004905888554668388
62,5,taxa_falha_efetiva,0.02291666666666666,-0.01667931449988716,0.06251264783322048
62,5,fracao_porta1,-0.02083333333333334,-0.06024385221020803,0.01857718554354135
62,6,atraso_relativo,-0.4622647638384111,-0.8879916517129779,-0.03653787596384428
62,6,taxa_omissao,-0.0031250000000000028,-0.0482145307989067,0.0419645307989067
62,6,divida_latente_sobre_plano,-0.008991887657786711,-0.020871278639235036,0.0028875033236616145
62,6,taxa_falha_efetiva,0.016666666666666663,0.0013551147413576811,0.031978218591975645
62,6,fracao_porta1,-0.037500000000000006,-0.09630513098217827,0.02130513098217826
62,7,atraso_relativo,-0.20788294309587552,-0.3405292853647153,-0.07523660082703576
62,7,taxa_omissao,-0.009375000000000001,-0.04111417043393359,0.022364170433933586
62,7,divida_latente_sobre_plano,-0.010193568855628346,-0.01699837933989768,-0.0033887583713590134
62,7,taxa_falha_efetiva,0.003125000000000001,-0.03605245640221566,0.042302456402215666
62,7,fracao_porta1,-0.039583333333333345,-0.10094904594371963,0.02178237927705294
62,8,atraso_relativo,-0.17542817374852304,-0.23839282907214365,-0.11246351842490244
62,8,taxa_omissao,-0.0010416666666666664,-0.03946382413546519,0.03738049080213186
62,8,divida_latente_sobre_plano,-0.0036336263201560653,-0.018558851649991187,0.011291599009679057
62,8,taxa_falha_efetiva,0.00625,-0.059940370847120096,0.0724403708471201
62,8,fracao_porta1,-0.04062500000000001,-0.1331894735359658,0.051939473535965786
62,9,atraso_relativo,-1.0065140583947794,-1.319530612891242,-0.6934975038983167
62,9,taxa_omissao,-0.15208333333333335,-0.20553687996524517,-0.09862978670142154
62,9,divida_latente_sobre_plano,-0.04866391531971144,-0.05730216703518088,-0.040025663604242
62,9,taxa_falha_efetiva,0.016666666666666663,-0.033535613564269144,0.06686894689760248
62,9,fracao_porta1,-0.03645833333333334,-0.08251245525581812,0.00959578858915143
62,10,atraso_relativo,-0.3350715632680736,-0.6209916013672409,-0.04915152516890631
62,10,taxa_omissao,-0.14895833333333333,-0.1953295269652237,-0.10258713970144295
62,10,divida_latente_sobre_plano,-0.023723694456679545,-0.029061248238042924,-0.018386140675316166
62,10,taxa_falha_efetiva,0.01458333333333333,-0.0060304743093633,0.03519714097602996
62,10,fracao_porta1,-0.026041666666666675,-0.0864143897409194,0.03433105640758606
62,11,atraso_relativo,-0.1630390224994142,-0.24074623694186192,-0.08533180805696648
62,11,taxa_omissao,-0.15208333333333335,-0.17122277323996957,-0.13294389342669713
62,11,divida_latente_sobre_plano,-0.0201557581164545,-0.025037009437039327,-0.015274506795869676
62,11,taxa_falha_efetiva,0.003124999999999994,-0.008198045349150074,0.014448045349150063
62,11,fracao_porta1,-0.05104166666666668,-0.11895297377852636,0.016869640445193
62,12,atraso_relativo,-0.6133755727055632,-1.1343502527042288,-0.09240089270689755
62,12,taxa_omissao,-0.06666666666666667,-0.10532644023757806,-0.028006893095755277
62,12,divida_latente_sobre_plano,-0.022229313300326826,-0.030384212451886716,-0.014074414148766937
62,12,taxa_falha_efetiva,0.040624999999999994,0.02404975882664735,0.05720024117335264
62,12,fracao_porta1,-0.021875000000000012,-0.04444006685822665,0.0006900668582266248
62,13,atraso_relativo,-0.16662968073067008,-0.21121659210166538,-0.12204276935967479
62,13,taxa_omissao,-0.078125,-0.09282628274554457,-0.06342371725445543
62,13,divida_latente_sobre_plano,-0.015067140081716331,-0.02107438640473366,-0.009059893758699002
62,13,taxa_falha_efetiva,0.02083333333333333,-0.02478121641187101,0.06644788307853766
62,13,fracao_porta1,-0.04479166666666668,-0.10036200127328934,0.010778667939955987
62,14,atraso_relativo,-0.14505913699067216,-0.2251295685077387,-0.06498870547360563
62,14,taxa_omissao,-0.07395833333333333,-0.12309118053358101,-0.024825486133085668
62,14,divida_latente_sobre_plano,-0.012270621248680622,-0.022050746610975933,-0.002490495886385311
62,14,taxa_falha_efetiva,0.010416666666666664,-0.018985898824422465,0.03981923215775579
62,14,fracao_porta1,-0.03750000000000001,-0.06764082010580594,-0.007359179894194091
62,15,atraso_relativo,-0.5186284169146936,-1.2349039671095845,0.19764713328019712
62,15,taxa_omissao,0.0020833333333333316,-0.028778086203741164,0.03294475287040783
62,15,divida_latente_sobre_plano,-0.009848187448280001,-0.01622280778882699,-0.0034735671077330155
62,15,taxa_falha_efetiva,0.004166666666666669,-0.035980561179535284,0.04431389451286863
62,15,fracao_porta1,-0.04895833333333334,-0.12520444273075554,0.027287776064088845
62,16,atraso_relativo,-0.24271320974359742,-0.49935054378070365,0.013924124293508838
62,16,taxa_omissao,0.009374999999999998,-0.020947575442213793,0.03969757544221379
62,16,divida_latente_sobre_plano,-0.0024865732839178863,-0.012265284733071058,0.007292138165235286
62,16,taxa_falha_efetiva,0.00625,-0.03515493918022319,0.047654939180223184
62,16,fracao_porta1,-0.055208333333333345,-0.11654419154515856,0.006127524878491872
62,17,atraso_relativo,-0.21179893423171456,-0.3621577801124597,-0.06144008835096945
62,17,taxa_omissao,0.0062499999999999995,-0.014363807642696638,0.026863807642696635
62,17,divida_latente_sobre_plano,-0.0035438756183950168,-0.015195387587863714,0.008107636351073678
62,17,taxa_falha_efetiva,0.0020833333333333294,-0.05856181755109424,0.0627284842177609
62,17,fracao_porta1,-0.055208333333333345,-0.11233884011441381,0.0019221734477471095
62,18,atraso_relativo,-0.7037289582118125,-1.1351164002181067,-0.27234151620551833
62,18,taxa_omissao,-0.16458333333333336,-0.20738042201584422,-0.1217862446508225
62,18,divida_latente_sobre_plano,-0.05481135389109135,-0.07670560234425679,-0.032917105437925906
62,18,taxa_falha_efetiva,0.0020833333333333277,-0.05164363475835364,0.05581030142502029
62,18,fracao_porta1,-0.046875000000000014,-0.10651516543416756,0.012765165434167537
62,19,atraso_relativo,-0.2825315299651515,-0.400166194643474,-0.16489686528682898
62,19,taxa_omissao,-0.15208333333333335,-0.17776158654283988,-0.1264050801238268
62,19,divida_latente_sobre_plano,-0.025056372365430544,-0.03698108528255015,-0.013131659448310939
62,19,taxa_falha_efetiva,0.010416666666666668,-0.03305978334122907,0.0538931166745624
62,19,fracao_porta1,-0.06145833333333334,-0.11807356007908365,-0.004843106587583024
62,20,atraso_relativo,-0.22578524226878646,-0.36448650344051203,-0.08708398109706089
62,20,taxa_omissao,-0.15729166666666666,-0.19970183249166812,-0.1148815008416652
62,20,divida_latente_sobre_plano,-0.018703686973854633,-0.02465995190824573,-0.012747422039463534
62,20,taxa_falha_efetiva,0.004166666666666669,-0.0558714103662217,0.06420474369955503
62,20,fracao_porta1,-0.05833333333333335,-0.13431474027378357,0.01764807360711687
62,21,atraso_relativo,-0.6668363439324368,-1.1399573110651373,-0.19371537679973633
62,21,taxa_omissao,-0.06145833333333334,-0.1096882028709689,-0.013228463795697767
62,21,divida_latente_sobre_plano,-0.026609833513138652,-0.0465240683963722,-0.006695598629905108
62,21,taxa_falha_efetiva,0.021875,-0.023859852063343477,0.06760985206334347
62,21,fracao_porta1,-0.06041666666666669,-0.09888646477058907,-0.02194686856274431
62,22,atraso_relativo,-0.23582545941081745,-0.31380849561006885,-0.15784242321156605
62,22,taxa_omissao,-0.06875,-0.11909800558893072,-0.0184019944110693
62,22,divida_latente_sobre_plano,-0.015721821998578443,-0.028016366045940804,-0.003427277951216081
62,22,taxa_falha_efetiva,0.018749999999999996,-0.026380133716453272,0.06388013371645326
62,22,fracao_porta1,-0.05833333333333334,-0.07265597867440964,-0.04401068799225705
62,23,atraso_relativo,-0.17906290662718172,-0.2895409862135113,-0.06858482704085209
62,23,taxa_omissao,-0.07500000000000001,-0.10609790896894697,-0.043902091031053046
62,23,divida_latente_sobre_plano,-0.01193943552887813,-0.018911241560150296,-0.0049676294976059646
62,23,taxa_falha_efetiva,0.00833333333333333,-0.04157621973609645,0.058242886402763115
62,23,fracao_porta1,-0.06666666666666668,-0.1344970145121785,0.0011636811788451329
62,24,atraso_relativo,-0.4931360396942911,-0.6535227828895328,-0.3327492964990494
62,24,taxa_omissao,-0.0020833333333333346,-0.027184473448801247,0.023017806782134574
62,24,divida_latente_sobre_plano,-0.010127230179551035,-0.011341006563307322,-0.008913453795794748
62,24,taxa_falha_efetiva,0.007291666666666667,-0.06740120833411392,0.08198454166744726
62,24,fracao_porta1,-0.06458333333333335,-0.12897837639192486,-0.000188290274741848
62,25,atraso_relativo,-0.17858733977954258,-0.30752852336003267,-0.049646156199052494
62,25,taxa_omissao,-0.0010416666666666669,-0.03908055113719199,0.03699721780385865
62,25,divida_latente_sobre_plano,-0.0031382234115974756,-0.011402620638426878,0.005126173815231927
62,25,taxa_falha_efetiva,0.010416666666666666,-0.07353547087157943,0.09436880420491277
62,25,fracao_porta1,-0.06145833333333335,-0.10938342971114116,-0.013533236955525538
62,26,atraso_relativo,-0.19237960407910937,-0.25398156556292284,-0.13077764259529587
62,26,taxa_omissao,-0.003125000000000001,-0.04448567947844407,0.038235679478444064
62,26,divida_latente_sobre_plano,-0.0015656973642596491,-0.010450079207417407,0.0073186844788981084
62,26,taxa_falha_efetiva,0.006249999999999999,-0.07925854034771734,0.09175854034771733
62,26,fracao_porta1,-0.06145833333333335,-0.13375881841012993,0.010842151743463244
62,27,atraso_relativo,-0.7600201194767253,-1.1243445031184447,-0.39569573583500595
62,27,taxa_omissao,-0.1479166666666667,-0.2021863451797693,-0.09364698815356409
62,27,divida_latente_sobre_plano,-0.04406212708697016,-0.05745670114137359,-0.03066755303256673
62,27,taxa_falha_efetiva,0.011458333333333333,-0.07247198428575585,0.09538865095242252
62,27,fracao_porta1,0.005208333333333329,-0.026530837100600252,0.03694750376726691
62,28,atraso_relativo,-0.004691916812491592,-0.11144143468024233,0.10205760105525914
62,28,taxa_omissao,-0.128125,-0.15592664235207787,-0.10032335764792209
62,28,divida_latente_sobre_plano,-0.022944067379324366,-0.03586943733425496,-0.010018697424393768
62,28,taxa_falha_efetiva,0.03958333333333333,0.012788117464042605,0.06637854920262407
62,28,fracao_porta1,-0.020833333333333336,-0.04443001960722365,0.0027633529405569762
62,29,atraso_relativo,-0.03497881799554298,-0.08935214267763333,0.01939450668654738
62,29,taxa_omissao,-0.14270833333333333,-0.19501891213676328,-0.09039775452990337
62,29,divida_latente_sobre_plano,-0.01933273937444125,-0.03142735675356442,-0.0072381219953180816
62,29,taxa_falha_efetiva,0.014583333333333334,-0.009927108978081061,0.039093775644747725
62,29,fracao_porta1,-0.004166666666666676,-0.03526457563561364,0.02693124230228029
62,30,atraso_relativo,-0.5447523282132584,-0.9889025708574595,-0.10060208556905731
62,30,taxa_omissao,-0.07187500000000001,-0.1266485860603126,-0.017101413939687428
62,30,divida_latente_sobre_plano,-0.025826528388135234,-0.03491538431824674,-0.016737672458023725
62,30,taxa_falha_efetiva,0.012499999999999999,-0.0615278303930252,0.0865278303930252
62,30,fracao_porta1,0.005208333333333332,-0.03003111277746297,0.04044777944412964
62,31,atraso_relativo,0.028444459400846556,-0.0768847201672988,0.13377363896899191
62,31,taxa_omissao,-0.06145833333333334,-0.09871884629506823,-0.02419782037159844
62,31,divida_latente_sobre_plano,-0.015178117642902498,-0.022448304252958164,-0.007907931032846833
62,31,taxa_falha_efetiva,0.013541666666666669,-0.03876891213676328,0.06585224547009662
62,31,fracao_porta1,0.015624999999999993,-0.013715205791002702,0.04496520579100269
62,32,atraso_relativo,-0.027535172472243408,-0.128308369657398,0.0732380247129112
62,32,taxa_omissao,-0.06458333333333333,-0.0844736227413565,-0.04469304392531016
62,32,divida_latente_sobre_plano,-0.008965318773553924,-0.01904314245641007,0.0011125049093022223
62,32,taxa_falha_efetiva,0.010416666666666668,-0.0010669972773150668,0.021900330610648402
62,32,fracao_porta1,-0.0010416666666666768,-0.037906831434729685,0.03582349810139633
62,33,atraso_relativo,-0.318579076367389,-0.9555526853843387,0.31839453264956064
62,33,taxa_omissao,-0.0041666666666666675,-0.04282644023757804,0.03449310690424471
62,33,divida_latente_sobre_plano,-0.009873941511973634,-0.014203473641999661,-0.005544409381947607
62,33,taxa_falha_efetiva,0.015625,-0.023552456402215663,0.05480245640221566
62,33,fracao_porta1,-0.006250000000000009,-0.05831490548876542,0.04581490548876539
62,34,atraso_relativo,0.04997409114929981,-0.1348726785369343,0.23482086083553388
62,34,taxa_omissao,0.005208333333333334,-0.0332138241354652,0.04363049080213187
62,34,divida_latente_sobre_plano,-0.000940859104016476,-0.019483095812727707,0.017601377604694757
62,34,taxa_falha_efetiva,0.028124999999999997,-0.023052874551109846,0.07930287455110985
62,34,fracao_porta1,0.008333333333333328,-0.024595404167846852,0.04126207083451351
62,35,atraso_relativo,0.01358130113219963,-0.1595786063018134,0.18674120856621265
62,35,taxa_omissao,-0.011458333333333334,-0.04226034681044105,0.019343680143774387
62,35,divida_latente_sobre_plano,-0.00013701743010903012,-0.007630260468868373,0.007356225608650312
62,35,taxa_falha_efetiva,0.014583333333333323,-0.00870080024966293,0.03786746691632958
62,35,fracao_porta1,-3.469446951953614e-18,-0.028645290682152585,0.028645290682152578
62,36,atraso_relativo,-1.0164653316831436,-1.3309868310657103,-0.7019438323005769
62,36,taxa_omissao,-0.15,-0.19014722784620194,-0.10985277215379805
62,36,divida_latente_sobre_plano,-0.04058962267122376,-0.05250469150433817,-0.028674553838109358
62,36,taxa_falha_efetiva,0.019791666666666666,-0.023978688329435865,0.0635620216627692
62,36,fracao_porta1,0.019791666666666655,-0.014177469380783531,0.053760802714116845
62,37,atraso_relativo,-0.03808973405024349,-0.18588829072241717,0.10970882262193019
62,37,taxa_omissao,-0.14479166666666668,-0.15473681137067827,-0.1348465219626551
62,37,divida_latente_sobre_plano,-0.025485565347810865,-0.04030252349160649,-0.010668607204015239
62,37,taxa_falha_efetiva,0.016666666666666663,-0.026301269356562185,0.05963460268989551
62,37,fracao_porta1,-0.0072916666666666755,-0.07027758312540672,0.05569424979207337
62,38,atraso_relativo,-0.0917367124831117,-0.2390702435643825,0.055596818598159084
62,38,taxa_omissao,-0.15,-0.21289861784927538,-0.08710138215072459
62,38,divida_latente_sobre_plano,-0.017179725539140676,-0.030165548233809257,-0.004193902844472096
62,38,taxa_falha_efetiva,0.0020833333333333346,-0.024711882535957387,0.02887854920262406
62,38,fracao_porta1,0.010416666666666664,-0.015261586542839843,0.03609491987617317
62,39,atraso_relativo,-0.35065931247912335,-0.8420645825327577,0.14074595757451097
62,39,taxa_omissao,-0.06666666666666667,-0.11163416874169149,-0.02169916459164184
62,39,divida_latente_sobre_plano,-0.027256212402934358,-0.04523599187977691,-0.009276432926091809
62,39,taxa_falha_efetiva,0.021874999999999995,-0.0037318253848878068,0.047481825384887794
62,39,fracao_porta1,-0.012500000000000004,-0.048814533946934566,0.023814533946934557
62,40,atraso_relativo,-0.045825403324309594,-0.11729930187582455,0.02564849522720536
62,40,taxa_omissao,-0.05208333333333333,-0.08148589882442246,-0.022680767842244196
62,40,divida_latente_sobre_plano,-0.01039256715229877,-0.01708406841776086,-0.0037010658868366787
62,40,taxa_falha_efetiva,0.01145833333333333,-0.015268439982622579,0.038185106649289244
62,40,fracao_porta1,-0.005208333333333339,-0.04897868832943586,0.03856202166276919
62,41,atraso_relativo,-0.0450924773036598,-0.11808279629354627,0.02789784168622668
62,41,taxa_omissao,-0.07708333333333334,-0.14859418224983528,-0.005572484416831391
62,41,divida_latente_sobre_plano,-0.0139825863107478,-0.02460919639564453,-0.0033559762258510706
62,41,taxa_falha_efetiva,0.024999999999999994,-0.019311006953995125,0.06931100695399511
62,41,fracao_porta1,0.01249999999999999,-0.013461999427800655,0.03846199942780064
62,42,atraso_relativo,-0.27611948669628034,-0.6983900779625394,0.14615110456997865
62,42,taxa_omissao,0.004166666666666667,-0.012952168806337677,0.02128550213967101
62,42,divida_latente_sobre_plano,-0.013033305819742515,-0.024183795378143413,-0.0018828162613416174
62,42,taxa_falha_efetiva,0.0031249999999999976,-0.05724772307425276,0.06349772307425275
62,42,fracao_porta1,-0.022916666666666675,-0.07637021329857849,0.03053687996524513
62,43,atraso_relativo,-0.013858025729997045,-0.21371084400253548,0.18599479254254137
62,43,taxa_omissao,0.005208333333333332,-0.024131872457669363,0.03454853912433603
62,43,divida_latente_sobre_plano,-0.004474719945159771,-0.01709964368963742,0.008150203799317881
62,43,taxa_falha_efetiva,0.017708333333333333,-0.028345788589151433,0.0637624552558181
62,43,fracao_porta1,-0.02604166666666667,-0.08265689341241698,0.030573560079083642
62,44,atraso_relativo,0.0039778732494777785,-0.1258540281448141,0.1338097746437697
62,44,taxa_omissao,-0.005208333333333336,-0.02087464008252044,0.01045797341585377
62,44,divida_latente_sobre_plano,-0.0027392720112968142,-0.008302198246810924,0.002823654224217296
62,44,taxa_falha_efetiva,0.012499999999999999,-0.015629117040352296,0.0406291170403523
62,44,fracao_porta1,-0.01354166666666667,-0.06471954121777651,0.037636207884443176
62,45,atraso_relativo,-0.662620165343025,-1.0128608074514953,-0.31237952323455476
62,45,taxa_omissao,-0.15729166666666666,-0.1949433768398685,-0.1196399564934648
62,45,divida_latente_sobre_plano,-0.047136475139780615,-0.06143613341412532,-0.03283681686543591
62,45,taxa_falha_efetiva,0.006249999999999999,-0.03371432380683133,0.046214323806831326
62,45,fracao_porta1,0.0031249999999999993,-0.02997018542356004,0.036220185423560036
62,46,atraso_relativo,-0.1637705930961248,-0.37893987142147745,0.051398685229227886
62,46,taxa_omissao,-0.14791666666666667,-0.18402888965813416,-0.11180444367519918
62,46,divida_latente_sobre_plano,-0.02221620949529771,-0.04017969864817615,-0.004252720342419268
62,46,taxa_falha_efetiva,0.01875,-0.00911744514791854,0.04661744514791854
62,46,fracao_porta1,-0.020833333333333346,-0.11317989127350314,0.07151322460683646
62,47,atraso_relativo,-0.04365133448497631,-0.10831767574263275,0.02101500677268013
62,47,taxa_omissao,-0.15833333333333333,-0.20824288640276312,-0.10842378026390352
62,47,divida_latente_sobre_plano,-0.023291004448875822,-0.03783457766451274,-0.008747431233238906
62,47,taxa_falha_efetiva,-1.734723475976807e-18,-0.03789415768906573,0.03789415768906573
62,47,fracao_porta1,-0.017708333333333343,-0.08475103481873446,0.04933436815206778
62,48,atraso_relativo,-0.5911772028287542,-1.0546897852411776,-0.12766462041633087
62,48,taxa_omissao,-0.08437499999999999,-0.12241388447052529,-0.04633611552947469
62,48,divida_latente_sobre_plano,-0.032011125957242766,-0.03832892183078378,-0.025693330083701754
62,48,taxa_falha_efetiva,0.006249999999999999,-0.055591422928089884,0.06809142292808988
62,48,fracao_porta1,-0.005208333333333336,-0.05343820287096889,0.04302153620430222
62,49,atraso_relativo,-0.0487134689879003,-0.259976526086213,0.16254958811041245
62,49,taxa_omissao,-0.07500000000000001,-0.1249095530694298,-0.025090446930570227
62,49,divida_latente_sobre_plano,-0.014251460579916914,-0.027310738867219846,-0.0011921822926139834
62,49,taxa_falha_efetiva,0.027083333333333327,-0.035698697542958006,0.08986536420962465
62,49,fracao_porta1,0.004166666666666662,-0.04969649167670137,0.0580298250100347
62,50,atraso_relativo,-0.07900769257614056,-0.21715756351197957,0.05914217835969847
62,50,taxa_omissao,-0.07916666666666666,-0.13463803354629036,-0.023695299787042955
62,50,divida_latente_sobre_plano,-0.013141714228803867,-0.030318605482567568,0.004035177024959834
62,50,taxa_falha_efetiva,0.012499999999999997,-0.035919378595912745,0.06091937859591274
62,50,fracao_porta1,-0.005208333333333339,-0.057238047939072584,0.04682138127240591
62,51,atraso_relativo,-0.393591337501184,-0.8135982150162384,0.02641554001387031
62,51,taxa_omissao,-0.01145833333333333,-0.08436427616878141,0.06144760950211474
62,51,divida_latente_sobre_plano,-0.014111120513910383,-0.03971855912004019,0.011496318092219423
62,51,taxa_falha_efetiva,0.008333333333333331,-0.046607194857642906,0.06327386152430957
62,51,fracao_porta1,-0.0031250000000000097,-0.04340886089407331,0.03715886089407329
62,52,atraso_relativo,-0.027094020928991977,-0.08460290069036039,0.030414858832376428
62,52,taxa_omissao,-0.0052083333333333365,-0.04324721780385865,0.03283055113719198
62,52,divida_latente_sobre_plano,-0.003672841218768334,-0.018343511225262923,0.010997828787726253
62,52,taxa_falha_efetiva,0.004166666666666669,-0.06473531699722378,0.07306865033055711
62,52,fracao_porta1,0.0010416666666666595,-0.03419777944412963,0.03628111277746296
62,53,atraso_relativo,-0.004025686997402564,-0.1122524533196012,0.10420107932479607
62,53,taxa_omissao,-0.005208333333333335,-0.036947503767266916,0.026530837100600245
62,53,divida_latente_sobre_plano,-0.0015650942965064114,-0.013521111924444423,0.0103909233314316
62,53,taxa_falha_efetiva,0.010416666666666657,-0.05142475626142324,0.07225808959475655
62,53,fracao_porta1,-0.013541666666666678,-0.021884355105566362,-0.005198978227766991
62,54,atraso_relativo,-0.4997942248346071,-1.054314439727963,0.054725990058748675
62,54,taxa_omissao,-0.13541666666666666,-0.20399891782267826,-0.06683441551065504
62,54,divida_latente_sobre_plano,-0.04160168867328446,-0.0598018870090366,-0.02340149033753232
62,54,taxa_falha_efetiva,0.03020833333333333,-0.010437636962973118,0.07085430362963978
62,54,fracao_porta1,0.02395833333333332,-0.01668763696297312,0.06460430362963976
62,55,atraso_relativo,-0.1377123185913063,-0.23954318480442918,-0.03588145237818344
62,55,taxa_omissao,-0.140625,-0.20314391527015663,-0.07810608472984337
62,55,divida_latente_sobre_plano,-0.021415826425706237,-0.036523623748746445,-0.00630802910266603
62,55,taxa_falha_efetiva,0.027083333333333327,-0.029822312554111767,0.08398897922077841
62,55,fracao_porta1,0.007291666666666665,-0.015913670976027028,0.030497004309360358
62,56,atraso_relativo,0.016242855202085932,-0.1446982486218758,0.17718395902604767
62,56,taxa_omissao,-0.16770833333333335,-0.20080351875689342,-0.13461314790977327
62,56,divida_latente_sobre_plano,-0.017709353236818375,-0.028855556298084374,-0.006563150175552375
62,56,taxa_falha_efetiva,-0.005208333333333336,-0.040447779444129646,0.030031112777462975
62,56,fracao_porta1,-0.017708333333333343,-0.04990585486262909,0.014489188195962403
62,57,atraso_relativo,-0.7420031857136448,-1.435402370182683,-0.04860400124460662
62,57,taxa_omissao,-0.06979166666666667,-0.15747871347025755,0.01789538013692421
62,57,divida_latente_sobre_plano,-0.025910332121352336,-0.04257186677410348,-0.009248797468601189
62,57,taxa_falha_efetiva,0.00833333333333333,-0.05862735870059366,0.07529402536726032
62,57,fracao_porta1,0.00729166666666666,-0.05499243494652064,0.06957576827985396
62,58,atraso_relativo,0.017198958785141313,-0.13882048267504776,0.17321840024533042
62,58,taxa_omissao,-0.07500000000000001,-0.1406346064274887,-0.009365393572511316
62,58,divida_latente_sobre_plano,-0.014591219923060915,-0.027607840386476346,-0.0015745994596454843
62,58,taxa_falha_efetiva,0.020833333333333336,-0.026669507268348533,0.0683361739350152
62,58,fracao_porta1,0.004166666666666662,-0.013787719447789348,0.022121052781122672
62,59,atraso_relativo,-0.009581959213891517,-0.07635658211252509,0.05719266368474206
62,59,taxa_omissao,-0.08124999999999999,-0.14189515088442756,-0.020604849115572407
62,59,divida_latente_sobre_plano,-0.009086177868786405,-0.016502491957322805,-0.001669863780250005
62,59,taxa_falha_efetiva,-0.0020833333333333363,-0.06893452293579908,0.0647678562691324
62,59,fracao_porta1,-0.031250000000000014,-0.05911744514791854,-0.003382554852081481
62,60,atraso_relativo,-0.16117601566433848,-0.38979050534046644,0.06743847401178948
62,60,taxa_omissao,0.0020833333333333324,-0.01990620897933103,0.024072875645997697
62,60,divida_latente_sobre_plano,-0.0050264427541166,-0.009342245776902111,-0.0007106397313310885
62,60,taxa_falha_efetiva,0.0052083333333333304,-0.04302153620430223,0.053438202870968884
62,60,fracao_porta1,0.0020833333333333294,-0.010612334840240097,0.014779001506906756
62,61,atraso_relativo,0.03253350857251114,-0.011226987957777684,0.07629400510279996
62,61,taxa_omissao,-0.002083333333333336,-0.021222773239969572,0.0170561065733029
62,61,divida_latente_sobre_plano,-0.0035488335658981074,-0.010386979715772522,0.0032893125839763065
62,61,taxa_falha_efetiva,-0.0020833333333333346,-0.010642751069835497,0.006476084403168828
62,61,fracao_porta1,0.0010416666666666595,-0.035823498101396345,0.03790683143472966
62,63,atraso_relativo,-0.7699240775639012,-1.3617563430047777,-0.17809181212302472
62,63,taxa_omissao,-0.14479166666666668,-0.20961195125805684,-0.07997138207527651
62,63,divida_latente_sobre_plano,-0.049380190587967526,-0.07194401770905409,-0.026816363466880964
62,63,taxa_falha_efetiva,0.01979166666666666,-0.06343739318901401,0.10302072652234734
62,63,fracao_porta1,0.008333333333333321,-0.03886003921444735,0.05552670588111398
62,64,atraso_relativo,-0.02440440802560534,-0.1689456940016504,0.12013687795043973
62,64,taxa_omissao,-0.140625,-0.17189910249773932,-0.10935089750226068
62,64,divida_latente_sobre_plano,-0.0242609293274312,-0.034273222669274725,-0.014248635985587677
62,64,taxa_falha_efetiva,0.017708333333333333,-0.022210133517710277,0.05762680018437694
62,64,fracao_porta1,0.004166666666666666,-0.01679953928309181,0.02513287261642514
62,65,atraso_relativo,0.013656815383158119,-0.11150945789877496,0.1388230886650912
62,65,taxa_omissao,-0.1375,-0.16764082010580592,-0.1073591798941941
62,65,divida_latente_sobre_plano,-0.015745852442386465,-0.0216517129523872,-0.00983999193238573
62,65,taxa_falha_efetiva,0.023958333333333328,-0.023040586914227997,0.07095725358089465
62,65,fracao_porta1,-0.00104166666666667,-0.028311170965015606,0.026227837631682266
62,66,atraso_relativo,-0.5078915274474906,-1.010741281785261,-0.0050417731097200935
62,66,taxa_omissao,-0.06875,-0.1048622229914675,-0.032637777008532515
62,66,divida_latente_sobre_plano,-0.030672814148994473,-0.03945541329793029,-0.021890215000058652
62,66,taxa_falha_efetiva,0.02395833333333333,-0.01408055113719197,0.06199721780385863
62,66,fracao_porta1,-0.0031250000000000062,-0.06202349721876897,0.05577349721876895
62,67,atraso_relativo,-0.0045726239262549595,-0.14736302887685915,0.13821778102434923
62,67,taxa_omissao,-0.07083333333333335,-0.12414964341882576,-0.017517023247840928
62,67,divida_latente_sobre_plano,-0.014220784726207705,-0.02645894269005166,-0.001982626762363748
62,67,taxa_falha_efetiva,0.012499999999999999,-0.04778164021161183,0.07278164021161183
62,67,fracao_porta1,-0.010416666666666671,-0.08513405927027425,0.0643007259369409
62,68,atraso_relativo,0.05979645894716901,-0.0500246007115262,0.16961751860586421
62,68,taxa_omissao,-0.06458333333333333,-0.09945705253561997,-0.029709614131046683
62,68,divida_latente_sobre_plano,-0.012004411799501652,-0.023934264914041575,-7.45586849617303e-05
62,68,taxa_falha_efetiva,0.021874999999999995,-0.005926642352077877,0.04967664235207787
62,68,fracao_porta1,-0.006250000000000002,-0.0583149054887654,0.04581490548876539
62,69,atraso_relativo,-0.20295248724966725,-0.6857029357296953,0.2797979612303608
62,69,taxa_omissao,-0.0020833333333333355,-0.01588497972674107,0.011718313060074398
62,69,divida_latente_sobre_plano,-0.010107030249463269,-0.0138531064599349,-0.006360954038991639
62,69,taxa_falha_efetiva,0.027083333333333334,-0.013607674062989773,0.06777434072965643
62,69,fracao_porta1,0.0020833333333333294,-0.013699453136711271,0.01786611980337793
62,70,atraso_relativo,0.05183664617639579,0.023391152518607218,0.08028213983418436
62,70,taxa_omissao,-0.0041666666666666675,-0.023685142179301594,0.01535180884596826
62,70,divida_latente_sobre_plano,-0.003472502868887301,-0.010274662842456365,0.0033296571046817634
62,70,taxa_falha_efetiva,0.005208333333333334,-0.03507552756073994,0.045492194227406614
62,70,fracao_porta1,0.009374999999999994,-0.012531090238129192,0.03128109023812918
62,71,atraso_relativo,0.05454549986788515,-0.11580473522096577,0.22489573495673607
62,71,taxa_omissao,-0.01666666666666667,-0.038986897344642335,0.005653564011308995
62,71,divida_latente_sobre_plano,-0.0041719364455000095,-0.013707030298196476,0.0053631574071964574
62,71,taxa_falha_efetiva,0.0010416666666666664,-0.03887680018437693,0.04096013351771027
62,71,fracao_porta1,-0.005208333333333343,-0.015153478037344938,0.0047368113706782525
62,72,atraso_relativo,-0.7752887364582243,-1.1541910408511458,-0.3963864320653027
62,72,taxa_omissao,-0.15833333333333333,-0.23392806393712567,-0.08273860272954096
62,72,divida_latente_sobre_plano,-0.047238612466351984,-0.07009018572638227,-0.024387039206321695
62,72,taxa_falha_efetiva,0.008333333333333331,-0.0430231730856797,0.05968983975234636
62,72,fracao_porta1,0.013541666666666657,-0.04307356007908367,0.07015689341241697
62,73,atraso_relativo,-0.07699859596775398,-0.2904133442900204,0.13641615235451243
62,73,taxa_omissao,-0.140625,-0.16042299058327691,-0.12082700941672309
62,73,divida_latente_sobre_plano,-0.0233106105080557,-0.03262470133679221,-0.013996519679319194
62,73,taxa_falha_efetiva,0.015625,-0.04176141178761972,0.07301141178761972
62,73,fracao_porta1,0.006249999999999995,-0.05267958642506097,0.06517958642506097
62,74,atraso_relativo,0.0075722394220846395,-0.12235326240169093,0.13749774124586023
62,74,taxa_omissao,-0.14791666666666667,-0.16369945313671128,-0.13213388019662206
62,74,divida_latente_sobre_plano,-0.02006688206785404,-0.02847132115248284,-0.011662442983225238
62,74,taxa_falha_efetiva,0.017708333333333333,-0.0183531345761414,0.053769801242808064
62,74,fracao_porta1,0.011458333333333324,-0.013569731983365738,0.036486398650032385
62,75,atraso_relativo,-0.4295190924704486,-0.8453528724878646,-0.013685312453032616
62,75,taxa_omissao,-0.058333333333333334,-0.11638612888570622,-0.00028053778096044646
62,75,divida_latente_sobre_plano,-0.024998902290697397,-0.04694839015649101,-0.0030494144249037826
62,75,taxa_falha_efetiva,0.029166666666666664,-0.03601991673284109,0.09435325006617441
62,75,fracao_porta1,-0.005208333333333336,-0.08701684622838016,0.0766001795617135
62,76,atraso_relativo,0.017049176650065043,-0.05179259958971057,0.08589095288984065
62,76,taxa_omissao,-0.05729166666666667,-0.08231973198336573,-0.03226360134996761
62,76,divida_latente_sobre_plano,-0.012172979609934787,-0.018032246146694696,-0.006313713073174877
62,76,taxa_falha_efetiva,0.02291666666666666,-0.015553131437255709,0.06138646477058903
62,76,fracao_porta1,-0.0010416666666666768,-0.05765689341241699,0.055573560079083636
62,77,atraso_relativo,0.05092994545898706,-0.14254884036531656,0.24440873128329071
62,77,taxa_omissao,-0.07187500000000001,-0.10991388447052533,-0.033836115529474686
62,77,divida_latente_sobre_plano,-0.013436748080466389,-0.01853187507605141,-0.008341621084881366
62,77,taxa_falha_efetiva,0.028125,-0.004970185423560033,0.06122018542356003
62,77,fracao_porta1,0.007291666666666658,-0.04774878375574221,0.06233211708907552
62,78,atraso_relativo,-0.14966843526121354,-0.5151566360668287,0.21581976554440163
62,78,taxa_omissao,0.0125,-0.017640820105805925,0.04264082010580593
62,78,divida_latente_sobre_plano,-0.008104477914194068,-0.024916299491384394,0.00870734366299626
62,78,taxa_falha_efetiva,0.013541666666666665,-0.03314444531153784,0.06022777864487117
62,78,fracao_porta1,0.009374999999999991,-0.032338442194498454,0.05108844219449844
62,79,atraso_relativo,-0.00953637334669441,-0.054268951048639526,0.035196204355250706
62,79,taxa_omissao,0.007291666666666665,-0.016536743853269337,0.031120077186602667
62,79,divida_latente_sobre_plano,-0.0022769932443792557,-0.01505550689398028,0.010501520405221768
62,79,taxa_falha_efetiva,0.009375,-0.03603833769346549,0.05478833769346549
62,79,fracao_porta1,0.006249999999999992,-0.04380613063339816,0.05630613063339814
62,80,atraso_relativo,0.017720314034589194,-0.05591779560162789,0.09135842367080628
62,80,taxa_omissao,0.005208333333333332,-0.03720183249166813,0.0476184991583348
62,80,divida_latente_sobre_plano,-0.0024225312102768492,-0.013294394089496293,0.008449331668942593
62,80,taxa_falha_efetiva,0.003125000000000001,-0.04292912192248477,0.049179121922484775
62,80,fracao_porta1,0.011458333333333327,-0.03095183249166813,0.05386849915833478
63,9,atraso_relativo,-0.23658998083087807,-0.8319215406315248,0.3587415789697687
63,9,taxa_omissao,-0.0072916666666666685,-0.05789368182395838,0.043310348490625046
63,9,divida_latente_sobre_plano,0.0007162752682560785,-0.02450375575390447,0.025936306290416627
63,9,taxa_falha_efetiva,-0.0031249999999999976,-0.07231877392809558,0.06606877392809557
63,9,fracao_porta1,-0.04479166666666666,-0.12442185785416097,0.034838524520827654
63,18,atraso_relativo,0.06619511935208869,-0.14967039889206332,0.28206063759624067
63,18,taxa_omissao,-0.019791666666666662,-0.05011424210888045,0.010530908775547122
63,18,divida_latente_sobre_plano,-0.0054311633031238335,-0.03176232322664318,0.02089999662039551
63,18,taxa_falha_efetiva,-0.017708333333333333,-0.05536004350653519,0.019943376839868528
63,18,fracao_porta1,-0.05520833333333333,-0.13538865328120103,0.02497198661453437
63,36,atraso_relativo,-0.24654125411924235,-0.5791638219984389,0.08608131375995418
63,36,taxa_omissao,-0.005208333333333329,-0.07092660404772089,0.06050993738105423
63,36,divida_latente_sobre_plano,0.008790567916743753,-0.009831491604085522,0.02741262743757303
63,36,taxa_falha_efetiva,5.204170427930421e-18,-0.07919196233310767,0.07919196233310767
63,36,fracao_porta1,0.011458333333333334,-0.021636852090226713,0.04455351875689338
63,45,atraso_relativo,0.10730391222087608,-0.5467309514268424,0.7613387758685946
63,45,taxa_omissao,-0.012499999999999999,-0.05746750207502482,0.03246750207502483
63,45,divida_latente_sobre_plano,0.0022437154481869132,-0.015221600624888353,0.01970903152126218
63,45,taxa_falha_efetiva,-0.013541666666666662,-0.08764368565061,0.060560352317276675
63,45,fracao_porta1,-0.005208333333333322,-0.03454853912433603,0.024131872457669387
63,72,atraso_relativo,-0.005364658894323013,-0.6724918793132953,0.6617625615246493
63,72,taxa_omissao,-0.013541666666666664,-0.06911200127328933,0.04202866793995601
63,72,divida_latente_sobre_plano,0.002141578121615536,-0.025349003920646235,0.029632160163877305
63,72,taxa_falha_efetiva,-0.01145833333333333,-0.07010752362471037,0.0471908569580437
63,72,fracao_porta1,0.005208333333333336,-0.018620077186602652,0.029036743853269324
64,9,atraso_relativo,-0.982109650369174,-1.3951345703080809,-0.5690847304302672
64,9,taxa_omissao,-0.011458333333333333,-0.04079853912433602,0.01788187245766936
64,9,divida_latente_sobre_plano,-0.02440298599228024,-0.03664159483819693,-0.012164377146363554
64,9,taxa_falha_efetiva,-0.0010416666666666664,-0.02487007718660265,0.022786743853269318
64,9,fracao_porta1,-0.04062500000000001,-0.08090886089407329,-0.000341139105926723
64,10,atraso_relativo,-0.3106671552424683,-0.7305752504796905,0.10924093999475387
64,10,taxa_omissao,-0.008333333333333333,-0.04622749102239905,0.029560824355732387
64,10,divida_latente_sobre_plano,0.000537234870751656,-0.006257495898606889,0.0073319656401102
64,10,taxa_falha_efetiva,-0.0031249999999999993,-0.055154714605739244,0.04890471460573925
64,10,fracao_porta1,-0.03020833333333334,-0.07751799362837043,0.017101326961703755
64,18,atraso_relativo,-0.6793245501862072,-1.0576129895040927,-0.3010361108683216
64,18,taxa_omissao,-0.023958333333333328,-0.06424219422740661,0.01632552756073995
64,18,divida_latente_sobre_plano,-0.030550424563660153,-0.06124095281849735,0.00014010369117704174
64,18,taxa_falha_efetiva,-0.015625000000000003,-0.06199619363189039,0.030746193631890382
64,18,fracao_porta1,-0.05104166666666668,-0.10278899267641813,0.0007056593430847663
64,19,atraso_relativo,-0.25812712193954623,-0.4148444047713702,-0.1014098391077223
64,19,taxa_omissao,-0.01145833333333333,-0.02400890339106728,0.001092236724400621
64,19,divida_latente_sobre_plano,-0.0007954430379993442,-0.01975487715453063,0.018163991078531942
64,19,taxa_falha_efetiva,-0.007291666666666663,-0.013639500753453387,-0.0009438325798799396
64,19,fracao_porta1,-0.06562500000000002,-0.10127782618518338,-0.029972173814816656
64,36,atraso_relativo,-0.9920609236575383,-1.3474616170190836,-0.636660230295993
64,36,taxa_omissao,-0.009374999999999998,-0.020698045349150058,0.001948045349150062
64,36,divida_latente_sobre_plano,-0.016328693343792566,-0.027102061769584344,-0.005555324918000789
64,36,taxa_falha_efetiva,0.0020833333333333346,-0.010612334840240097,0.014779001506906767
64,36,fracao_porta1,0.01562499999999999,-0.01747018542356007,0.04872018542356005
64,37,atraso_relativo,-0.01368532602463815,-0.06882944724778355,0.041458795198507245
64,37,taxa_omissao,-0.004166666666666669,-0.03526457563561364,0.0269312423022803
64,37,divida_latente_sobre_plano,-0.0012246360203796653,-0.02172865650854535,0.019279384467786022
64,37,taxa_falha_efetiva,-0.0010416666666666682,-0.022268332366344512,0.020184999033011172
64,37,fracao_porta1,-0.011458333333333341,-0.0664987837557422,0.04358211708907552
64,45,atraso_relativo,-0.6382157573174198,-0.9930635816998077,-0.28336793293503176
64,45,taxa_omissao,-0.016666666666666663,-0.03898689734464233,0.005653564011309002
64,45,divida_latente_sobre_plano,-0.022875545812349407,-0.03903650063256657,-0.00671459099213224
64,45,taxa_falha_efetiva,-0.011458333333333333,-0.025126627358897285,0.0022099606922306187
64,45,fracao_porta1,-0.0010416666666666664,-0.04021912306888234,0.038135789735549014
64,46,atraso_relativo,-0.13936618507051945,-0.3845009160599975,0.1057685459189586
64,46,taxa_omissao,-0.007291666666666663,-0.021992949412211235,0.007409616078877907
64,46,divida_latente_sobre_plano,0.0020447198321334875,-0.01463279743336771,0.018722237097634684
64,46,taxa_falha_efetiva,0.0010416666666666682,-0.019483096034292886,0.02156642936762622
64,46,fracao_porta1,-0.02500000000000001,-0.10529445569240395,0.05529445569240393
64,63,atraso_relativo,-0.745519669538296,-1.3184399342644437,-0.1725994048121482
64,63,taxa_omissao,-0.004166666666666666,-0.06844783688097018,0.06011450354763685
64,63,divida_latente_sobre_plano,-0.02511926126053632,-0.04995330091469961,-0.00028522160637303035
64,63,taxa_falha_efetiva,0.0020833333333333277,-0.06839555888825931,0.07256222555492596
64,63,fracao_porta1,0.004166666666666655,-0.04690372885530818,0.055237062188641495
64,72,atraso_relativo,-0.7508843284326189,-1.1144060135313583,-0.38736264333387954
64,72,taxa_omissao,-0.017708333333333326,-0.08320326178504132,0.04778659511837467
64,72,divida_latente_sobre_plano,-0.022977683138920783,-0.049822985466860495,0.0038676191890189247
64,72,taxa_falha_efetiva,-0.009374999999999998,-0.07464582196586138,0.05589582196586139
64,72,fracao_porta1,0.009374999999999991,-0.050265165434167564,0.06901516543416754
64,73,atraso_relativo,-0.05259418794214864,-0.18532408716720922,0.08013571128291193
64,73,taxa_omissao,0.0,-0.05049331038049089,0.05049331038049089
64,73,divida_latente_sobre_plano,0.0009503188193755018,-0.01654010299282286,0.01844074063157386
64,73,taxa_falha_efetiva,-0.002083333333333331,-0.04622869108337784,0.042062024416711176
64,73,fracao_porta1,0.0020833333333333294,-0.058561817551094256,0.06272848421776091
65,9,atraso_relativo,-1.0201708737779374,-1.4517513685374541,-0.5885903790184206
65,9,taxa_omissao,-0.014583333333333332,-0.04987471675471701,0.02070805008805035
65,9,divida_latente_sobre_plano,-0.032918062877324974,-0.042529288362811134,-0.023306837391838815
65,9,taxa_falha_efetiva,-0.007291666666666663,-0.024728526267809976,0.010145192934476651
65,9,fracao_porta1,-0.03541666666666667,-0.08022094677995242,0.009387613446619085
65,10,atraso_relativo,-0.34872837865123174,-0.7429164243276192,0.04545966702515564
65,10,taxa_omissao,-0.011458333333333333,-0.04669777944412965,0.023781112777462983
65,10,divida_latente_sobre_plano,-0.007977842014293076,-0.010739093918007484,-0.005216590110578668
65,10,taxa_falha_efetiva,-0.009374999999999998,-0.06852175331262496,0.049771753312624956
65,10,fracao_porta1,-0.025000000000000005,-0.06931100695399513,0.019311006953995114
65,11,atraso_relativo,-0.17669583788257232,-0.36220168710563394,0.008810011340489282
65,11,taxa_omissao,-0.014583333333333332,-0.03036611980337793,0.0011994531367112687
65,11,divida_latente_sobre_plano,-0.004409905674068032,-0.008515713209804737,-0.00030409813833132734
65,11,taxa_falha_efetiva,-0.020833333333333336,-0.062060948618726595,0.020394281952059924
65,11,fracao_porta1,-0.05,-0.09719337254778068,-0.0028066274522193166
65,18,atraso_relativo,-0.7173857735949707,-1.1329305954941753,-0.3018409516957662
65,18,taxa_omissao,-0.027083333333333327,-0.07055978334122906,0.016393116674562405
65,18,divida_latente_sobre_plano,-0.03906550144870488,-0.06511407896952592,-0.013016923927883832
65,18,taxa_falha_efetiva,-0.021875,-0.07770839091517892,0.033958390915178924
65,18,fracao_porta1,-0.045833333333333344,-0.09302670588111402,0.0013600392144473283
65,19,atraso_relativo,-0.2961883453483096,-0.4683339663622236,-0.12404272433439567
65,19,taxa_omissao,-0.01458333333333333,-0.031268710211132714,0.00210204354446605
65,19,divida_latente_sobre_plano,-0.009310519923044075,-0.02350399057707217,0.004882950730984022
65,19,taxa_falha_efetiva,-0.01354166666666666,-0.02824294941221123,0.0011596160788779099
65,19,fracao_porta1,-0.06041666666666667,-0.10651054183084102,-0.014322791502492306
65,20,atraso_relativo,-0.2394420576519446,-0.5020880819438909,0.023203966640001683
65,20,taxa_omissao,-0.01979166666666666,-0.06288729371738352,0.023303960384050207
65,20,divida_latente_sobre_plano,-0.002957834531468165,-0.005210457074777751,-0.0007052119881585791
65,20,taxa_falha_efetiva,-0.01979166666666666,-0.04235673352489329,0.002773400191559975
65,20,fracao_porta1,-0.05729166666666667,-0.12300993738105424,0.008426604047720901
65,36,atraso_relativo,-1.0301221470663018,-1.4077415010698648,-0.6525027930627387
65,36,taxa_omissao,-0.012499999999999995,-0.028740353295313874,0.003740353295313881
65,36,divida_latente_sobre_plano,-0.024843770228837297,-0.032837869582256325,-0.01684967087541827
65,36,taxa_falha_efetiva,-0.004166666666666662,-0.009580117765104618,0.001246784431771294
65,36,fracao_porta1,0.020833333333333325,0.010006431136457395,0.03166023553020925
65,37,atraso_relativo,-0.05174654943340161,-0.11660223953145742,0.013109140664654198
65,37,taxa_omissao,-0.007291666666666667,-0.03903083710060025,0.024447503767266912
65,37,divida_latente_sobre_plano,-0.009739712905424398,-0.025486112143321277,0.0060066863324724825
65,37,taxa_falha_efetiva,-0.007291666666666665,-0.03712710077870142,0.02254376744536809
65,37,fracao_porta1,-0.0062500000000000056,-0.04584598116655384,0.03334598116655383
65,38,atraso_relativo,-0.10539352786626982,-0.25255610655458194,0.04176905082204227
65,38,taxa_omissao,-0.0125,-0.05153695102526985,0.026536951025269855
65,38,divida_latente_sobre_plano,-0.001433873096754211,-0.014262094304484964,0.011394348110976543
65,38,taxa_falha_efetiva,-0.02187499999999999,-0.057114446110796295,0.013364446110796312
65,38,fracao_porta1,0.011458333333333334,0.005110499246546616,0.017806167420120055
65,45,atraso_relativo,-0.6762769807261833,-1.0955453700919517,-0.2570085913604147
65,45,taxa_omissao,-0.019791666666666666,-0.04811545119959994,0.008532117866266602
65,45,divida_latente_sobre_plano,-0.031390622697394135,-0.04477705423634989,-0.018004191158438383
65,45,taxa_falha_efetiva,-0.01770833333333333,-0.027653478037344914,-0.007763188629321745
65,45,fracao_porta1,0.004166666666666669,-0.015351808845968259,0.023685142179301597
65,46,atraso_relativo,-0.1774274084792829,-0.46082411436613196,0.10596929740756617
65,46,taxa_omissao,-0.010416666666666663,-0.030306956074689848,0.00947362274135652
65,46,divida_latente_sobre_plano,-0.006470357052911244,-0.020828711357478727,0.007887997251656238
65,46,taxa_falha_efetiva,-0.005208333333333329,-0.036010346810441046,0.025593680143774392
65,46,fracao_porta1,-0.019791666666666676,-0.08506248863252806,0.045479155299194704
65,47,atraso_relativo,-0.05730814986813443,-0.15488972703210568,0.04027342729583684
65,47,taxa_omissao,-0.02083333333333333,-0.06276574523285028,0.02109907856618362
65,47,divida_latente_sobre_plano,-0.007545152006489351,-0.018869132053685768,0.0037788280407070668
65,47,taxa_falha_efetiva,-0.02395833333333333,-0.05660777200269857,0.008691105336031908
65,47,fracao_porta1,-0.016666666666666673,-0.060977673620661824,0.027644340287328473
65,63,atraso_relativo,-0.7835808929470593,-1.3808908024169395,-0.1862709834771792
65,63,taxa_omissao,-0.007291666666666662,-0.07627335189990242,0.0616900185665691
65,63,divida_latente_sobre_plano,-0.033634338145581054,-0.05413292900893773,-0.013135747282224379
65,63,taxa_falha_efetiva,-0.004166666666666666,-0.07976139727045903,0.0714280639371257
65,63,fracao_porta1,0.009374999999999991,-0.026277826185183376,0.04502782618518336
65,64,atraso_relativo,-0.03806122340876346,-0.12327671795558208,0.04715427113805516
65,64,taxa_omissao,-0.0031249999999999976,-0.009472834086786714,0.0032228340867867192
65,64,divida_latente_sobre_plano,-0.008515076885044732,-0.01417807581048798,-0.002852077959601482
65,64,taxa_falha_efetiva,-0.006249999999999997,-0.017733663943981733,0.0052336639439817395
65,64,fracao_porta1,0.005208333333333336,-0.017356733524893305,0.027773400191559976
65,72,atraso_relativo,-0.7889455518413824,-1.2231748763418147,-0.35471622734095015
65,72,taxa_omissao,-0.020833333333333325,-0.08779402536726033,0.046127358700593674
65,72,divida_latente_sobre_plano,-0.03149276002396551,-0.055998792159538305,-0.006986727888392715
65,72,taxa_falha_efetiva,-0.015624999999999997,-0.09148578230978975,0.06023578230978975
65,72,fracao_porta1,0.014583333333333327,-0.02350367118738698,0.05267033785405363
65,73,atraso_relativo,-0.0906554113509121,-0.24862447054691275,0.06731364784508856
65,73,taxa_omissao,-0.003124999999999996,-0.052257847200247655,0.04600784720024766
65,73,divida_latente_sobre_plano,-0.00756475806566923,-0.02010016239273909,0.004970646261400631
65,73,taxa_falha_efetiva,-0.008333333333333328,-0.061923765071914785,0.04525709840524812
65,73,fracao_porta1,0.007291666666666665,-0.04184118053358099,0.05642451386691433
65,74,atraso_relativo,-0.0060845759610734795,-0.07748266701326721,0.06531351509112025
65,74,taxa_omissao,-0.010416666666666663,-0.03721188253595739,0.016378549202624063
65,74,divida_latente_sobre_plano,-0.004321029625467572,-0.01152740346267747,0.002885344211742325
65,74,taxa_falha_efetiva,-0.006249999999999995,-0.03565256549108914,0.023152565491089145
65,74,fracao_porta1,0.012499999999999994,-0.016145290682152584,0.04114529068215257
66,9,atraso_relativo,-0.4986225309472887,-1.1574993456740184,0.16025428377944106
66,9,taxa_omissao,-0.08333333333333333,-0.10693001960722366,-0.059736647059442996
66,9,divida_latente_sobre_plano,-0.01799110117071697,-0.035106160025641375,-0.0008760423157925662
66,9,taxa_falha_efetiva,-0.0072916666666666685,-0.0479376369629731,0.033354303629639766
66,9,fracao_porta1,-0.03333333333333334,-0.11909852820625352,0.052431861539586844
66,12,atraso_relativo,-0.10548404525807266,-0.3099954173568716,0.09902732684072628
66,12,taxa_omissao,0.002083333333333337,-0.009400330610648409,0.013566997277315081
66,12,divida_latente_sobre_plano,0.008443500848667646,-0.004713698614056679,0.02160070031139197
66,12,taxa_falha_efetiva,0.016666666666666663,-0.02083882272046972,0.054172156053803044
66,12,fracao_porta1,-0.018750000000000006,-0.0690980055889307,0.031598005588930694
66,18,atraso_relativo,-0.19583743076432197,-0.3950468061305995,0.003371944601955529
66,18,taxa_omissao,-0.09583333333333333,-0.11458607802690152,-0.07708058863976514
66,18,divida_latente_sobre_plano,-0.02413853974209688,-0.04259088883600967,-0.00568619064818409
66,18,taxa_falha_efetiva,-0.021875000000000006,-0.040918502260360166,-0.0028314977396398447
66,18,fracao_porta1,-0.04375000000000001,-0.12647135895688816,0.038971358956888136
66,21,atraso_relativo,-0.15894481648494632,-0.6405090991574388,0.3226194661875462
66,21,taxa_omissao,0.007291666666666669,-0.021544807165326193,0.03612814049865953
66,21,divida_latente_sobre_plano,0.00406298063585582,-0.022806220399251422,0.030932181670963062
66,21,taxa_falha_efetiva,-0.0020833333333333363,-0.03388015898360354,0.029713492316936863
66,21,fracao_porta1,-0.057291666666666685,-0.14363154479244183,0.029048211459108464
66,36,atraso_relativo,-0.508573804235653,-0.9497257603609441,-0.06742184811036189
66,36,taxa_omissao,-0.08124999999999999,-0.10804521586929071,-0.05445478413070927
66,36,divida_latente_sobre_plano,-0.009916808522229294,-0.029769355814603684,0.009935738770145097
66,36,taxa_falha_efetiva,-0.0041666666666666675,-0.045748173552728054,0.03741484021939472
66,36,fracao_porta1,0.02291666666666666,-0.01517033785405364,0.06100367118738696
66,39,atraso_relativo,0.15723221496836723,-0.3390226262477335,0.653487056184468
66,39,taxa_omissao,0.002083333333333338,-0.018530474309363283,0.022697140976029963
66,39,divida_latente_sobre_plano,0.0034166017460601156,-0.018222230031258575,0.025055433523378804
66,39,taxa_falha_efetiva,-0.002083333333333338,-0.02995077848125187,0.02578411181458519
66,39,fracao_porta1,-0.009374999999999998,-0.07212785028866978,0.05337785028866979
66,45,atraso_relativo,-0.15472863789553454,-0.7376191044035656,0.42816182861249646
66,45,taxa_omissao,-0.08854166666666666,-0.10324294941221124,-0.07384038392112208
66,45,divida_latente_sobre_plano,-0.01646366099078613,-0.02855839561157883,-0.004368926369993434
66,45,taxa_falha_efetiva,-0.017708333333333333,-0.05457349810139634,0.019156831434729675
66,45,fracao_porta1,0.0062500000000000056,-0.025546825650270208,0.03804682565027022
66,48,atraso_relativo,-0.08328567538126361,-0.2952961900880182,0.12872483932549098
66,48,taxa_omissao,-0.015624999999999993,-0.06821494302663803,0.03696494302663804
66,48,divida_latente_sobre_plano,-0.001338311808248289,-0.015998628845212626,0.01332200522871605
66,48,taxa_falha_efetiva,-0.017708333333333333,-0.06684118053358098,0.031424513866914326
66,48,fracao_porta1,-0.0020833333333333294,-0.05004663226513706,0.04587996559847041
66,63,atraso_relativo,-0.26203255011641063,-0.6336911986193623,0.10962609838654097
66,63,taxa_omissao,-0.07604166666666667,-0.11913729371738355,-0.0329460396159498
66,63,divida_latente_sobre_plano,-0.018707376438973047,-0.04475164994289499,0.007336897064948899
66,63,taxa_falha_efetiva,-0.004166666666666672,-0.05166950726834856,0.04333617393501522
66,63,fracao_porta1,0.011458333333333327,-0.007585168927026813,0.030501835593693467
66,72,atraso_relativo,-0.26739720901073366,-0.8396960282718564,0.30490161025038914
66,72,taxa_omissao,-0.08958333333333332,-0.1381537868005589,-0.04101287986610776
66,72,divida_latente_sobre_plano,-0.01656579831735751,-0.03231472437803931,-0.0008168722566757082
66,72,taxa_falha_efetiva,-0.015625,-0.053276710173201874,0.022026710173201874
66,72,fracao_porta1,0.016666666666666663,0.0034064737279845495,0.029926859605348778
66,75,atraso_relativo,0.07837243497704195,-0.8263870709011396,0.9831319408552235
66,75,taxa_omissao,0.010416666666666671,-0.029179314499887164,0.05001264783322051
66,75,divida_latente_sobre_plano,0.0056739118582970725,-0.008750982066991195,0.02009880578358534
66,75,taxa_falha_efetiva,0.005208333333333332,-0.04052651873001015,0.05094318539667682
66,75,fracao_porta1,-0.0020833333333333294,-0.038599057373541704,0.03443239070687505
67,9,atraso_relativo,-1.0019414344685242,-1.452598561117176,-0.5512843078198726
67,9,taxa_omissao,-0.08125,-0.0970327864700446,-0.06546721352995541
67,9,divida_latente_sobre_plano,-0.034443130593503735,-0.052622145767763154,-0.016264115419244315
67,9,taxa_falha_efetiva,0.004166666666666666,-0.034112213146605806,0.04244554647993914
67,9,fracao_porta1,-0.02604166666666667,-0.11014638513380366,0.05806305180047032
67,10,atraso_relativo,-0.3304989393418186,-0.7458385093086981,0.08484063062506092
67,10,taxa_omissao,-0.078125,-0.13551141178761972,-0.02073858821238029
67,10,divida_latente_sobre_plano,-0.00950290973047184,-0.020953899582123486,0.0019480801211798054
67,10,taxa_falha_efetiva,0.0020833333333333294,-0.07756985574379208,0.08173652241045873
67,10,fracao_porta1,-0.015625000000000003,-0.08134327071438756,0.05009327071438756
67,12,atraso_relativo,-0.6088029487793083,-1.1081086562407512,-0.10949724131786542
67,12,taxa_omissao,0.004166666666666666,-0.021795332761133976,0.030128666094467307
67,12,divida_latente_sobre_plano,-0.008008528574119121,-0.015422583060145734,-0.0005944740880925083
67,12,taxa_falha_efetiva,0.028124999999999994,-0.02900550678108046,0.08525550678108045
67,12,fracao_porta1,-0.011458333333333341,-0.07536801556793765,0.05245134890127096
67,13,atraso_relativo,-0.16205705680441515,-0.33618191478423876,0.012067801175408455
67,13,taxa_omissao,-0.007291666666666666,-0.05139551490330037,0.03681218156996703
67,13,divida_latente_sobre_plano,-0.0008463553555086281,-0.01753617053405755,0.01584345982304029
67,13,taxa_falha_efetiva,0.008333333333333331,-0.06917549082889822,0.08584215749556488
67,13,fracao_porta1,-0.03437500000000001,-0.12709763592988335,0.058347635929883325
67,18,atraso_relativo,-0.6991563342855577,-1.182184393536327,-0.21612827503478838
67,18,taxa_omissao,-0.09374999999999999,-0.12315256549108913,-0.06434743450891084
67,18,divida_latente_sobre_plano,-0.04059056916488365,-0.0659007004441287,-0.015280437885638595
67,18,taxa_falha_efetiva,-0.010416666666666671,-0.04652888965813415,0.025695556324800806
67,18,fracao_porta1,-0.03645833333333334,-0.10976513660776334,0.036848469941096654
67,19,atraso_relativo,-0.2779589060388966,-0.5019206153414479,-0.05399719673634523
67,19,taxa_omissao,-0.08124999999999999,-0.11211141953707449,-0.05038858046292549
67,19,divida_latente_sobre_plano,-0.010835587639222839,-0.03131928393254071,0.00964810865409503
67,19,taxa_falha_efetiva,-0.002083333333333331,-0.050653786800558896,0.04648712013389223
67,19,fracao_porta1,-0.051041666666666666,-0.11895297377852634,0.016869640445193013
67,21,atraso_relativo,-0.662263720006182,-1.2245361413497253,-0.0999912986626389
67,21,taxa_omissao,0.009374999999999998,-0.01565306531669906,0.03440306531669905
67,21,divida_latente_sobre_plano,-0.012389048786930947,-0.02922931712239802,0.0044512195485361256
67,21,taxa_falha_efetiva,0.009374999999999998,-0.02627782618518337,0.04502782618518336
67,21,fracao_porta1,-0.05000000000000002,-0.14908242370059904,0.04908242370059902
67,22,atraso_relativo,-0.2312528354845625,-0.33800324988215286,-0.12450242108697214
67,22,taxa_omissao,0.002083333333333332,-0.04464199420153631,0.04880866086820298
67,22,divida_latente_sobre_plano,-0.0015010372723707388,-0.008237116658670555,0.005235042113929078
67,22,taxa_falha_efetiva,0.006249999999999997,-0.03888013371645327,0.051380133716453266
67,22,fracao_porta1,-0.04791666666666668,-0.13612436313993406,0.04029102980660071
67,36,atraso_relativo,-1.0118927077568887,-1.4453654579974713,-0.578419957516306
67,36,taxa_omissao,-0.07916666666666666,-0.11382966660323227,-0.04450366673010107
67,36,divida_latente_sobre_plano,-0.02636883794501606,-0.04004631300650189,-0.012691362883530233
67,36,taxa_falha_efetiva,0.007291666666666667,-0.0438862078844432,0.05846954121777654
67,36,fracao_porta1,0.03020833333333333,-0.014226505274173684,0.07464317194084034
67,37,atraso_relativo,-0.03351711012398853,-0.16129083540279784,0.09425661515482078
67,37,taxa_omissao,-0.07395833333333333,-0.11969318539667681,-0.02822348126998985
67,37,divida_latente_sobre_plano,-0.011264780621603158,-0.023674254909678373,0.001144693666472055
67,37,taxa_falha_efetiva,0.004166666666666666,-0.05683982893001347,0.0651731622633468
67,37,fracao_porta1,0.003124999999999996,-0.014311859601143326,0.020561859601143317
67,39,atraso_relativo,-0.3460866885528684,-0.8043567339074049,0.11218335680166813
67,39,taxa_omissao,0.004166666666666667,-0.01943001960722366,0.02776335294055699
67,39,divida_latente_sobre_plano,-0.013035427676726651,-0.025092525850403245,-0.0009783295030500547
67,39,taxa_falha_efetiva,0.009374999999999996,-0.04321494302663804,0.06196494302663803
67,39,fracao_porta1,-0.002083333333333333,-0.058471644429489954,0.05430497776282329
67,40,atraso_relativo,-0.041252779398054634,-0.15667040294827855,0.07416484415216928
67,40,taxa_omissao,0.01875,-0.03711618586127553,0.07461618586127554
67,40,divida_latente_sobre_plano,0.0038282175739089374,-0.011894855038571421,0.019551290186389295
67,40,taxa_falha_efetiva,-0.0010416666666666664,-0.06653659511837469,0.06445326178504136
67,40,fracao_porta1,0.005208333333333332,-0.0445173901867246,0.05493405685339127
67,45,atraso_relativo,-0.6580475414167702,-1.0848571959775701,-0.23123788685597035
67,45,taxa_omissao,-0.08645833333333333,-0.10389519293447665,-0.06902147373219002
67,45,divida_latente_sobre_plano,-0.0329156904135729,-0.03951187409543851,-0.026319506731707295
67,45,taxa_falha_efetiva,-0.00625,-0.051054280113285756,0.03855428011328576
67,45,fracao_porta1,0.01354166666666667,-0.03706034849062505,0.06414368182395838
67,46,atraso_relativo,-0.15919796916986984,-0.48975489992792415,0.17135896158818448
67,46,taxa_omissao,-0.07708333333333332,-0.1015937756447477,-0.05257289102191894
67,46,divida_latente_sobre_plano,-0.007995424769090008,-0.014961275916124943,-0.0010295736220550722
67,46,taxa_falha_efetiva,0.00625,-0.033714323806831314,0.04621432380683131
67,46,fracao_porta1,-0.010416666666666675,-0.04400624738173961,0.023172914048406257
67,48,atraso_relativo,-0.5866045789024992,-1.0080412086327075,-0.16516794917229088
67,48,taxa_omissao,-0.013541666666666667,-0.06989748665606565,0.042814153322732314
67,48,divida_latente_sobre_plano,-0.017790341231035057,-0.03114745043891841,-0.004433232023151703
67,48,taxa_falha_efetiva,-0.00625,-0.051054280113285756,0.03855428011328576
67,48,fracao_porta1,0.005208333333333336,-0.05467701367083831,0.06509368033750498
67,49,atraso_relativo,-0.04414084506164534,-0.174341063953453,0.08605937383016232
67,49,taxa_omissao,-0.0041666666666666675,-0.04539428195205992,0.03706094861872659
67,49,divida_latente_sobre_plano,-3.06758537092105e-05,-0.015946775468656468,0.015885423761238044
67,49,taxa_falha_efetiva,0.014583333333333328,-0.03398712013389223,0.06315378680055889
67,49,fracao_porta1,0.014583333333333334,-0.037762247534102386,0.06692891420076906
67,63,atraso_relativo,-0.7653514536376462,-1.431784319303162,-0.09891858797213038
67,63,taxa_omissao,-0.07395833333333333,-0.10919777944412964,-0.03871888722253703
67,63,divida_latente_sobre_plano,-0.035159405861759814,-0.05238446019699582,-0.017934351526523805
67,63,taxa_falha_efetiva,0.007291666666666662,-0.025357772002698578,0.0399411053360319
67,63,fracao_porta1,0.018749999999999992,-0.02605428011328575,0.06355428011328573
67,64,atraso_relativo,-0.01983178409935038,-0.14252681259218425,0.10286324439348347
67,64,taxa_omissao,-0.06979166666666667,-0.10744337683986853,-0.03213995649346481
67,64,divida_latente_sobre_plano,-0.010040144601223495,-0.020758328767314232,0.0006780395648672416
67,64,taxa_falha_efetiva,0.005208333333333332,-0.04020500436013218,0.050621671026798834
67,64,fracao_porta1,0.014583333333333337,-0.05226785626913241,0.08143452293579909
67,66,atraso_relativo,-0.5033189035212355,-1.0016371156493338,-0.005000691393137302
67,66,taxa_omissao,0.0020833333333333285,-0.020562757364966797,0.024729424031633456
67,66,divida_latente_sobre_plano,-0.01645202942278677,-0.029929696855689213,-0.002974361989884329
67,66,taxa_falha_efetiva,0.011458333333333334,-0.018864242108880457,0.041780908775547125
67,66,fracao_porta1,0.007291666666666665,-0.03714317194084035,0.05172650527417369
67,72,atraso_relativo,-0.7707161125319693,-1.2117095038823176,-0.32972272118162094
67,72,taxa_omissao,-0.0875,-0.14401808873869082,-0.030981911261309177
67,72,divida_latente_sobre_plano,-0.03301782774014428,-0.052384839861162415,-0.013650815619126143
67,72,taxa_falha_efetiva,-0.0041666666666666675,-0.06297179764884493,0.0546384643155116
67,72,fracao_porta1,0.023958333333333328,-0.012103134576141397,0.06001980124280805
67,73,atraso_relativo,-0.07242597204149902,-0.2973864247210012,0.15253448063800312
67,73,taxa_omissao,-0.06979166666666667,-0.13705257117482644,-0.002530762158506908
67,73,divida_latente_sobre_plano,-0.009089825781847994,-0.022139024923583085,0.003959373359887098
67,73,taxa_falha_efetiva,0.003125000000000001,-0.07038141372772282,0.07663141372772282
67,73,fracao_porta1,0.016666666666666666,-0.058539399508008225,0.09187273284134155
67,75,atraso_relativo,-0.4249464685441937,-0.9201392343934953,0.07024629730510795
67,75,taxa_omissao,0.012499999999999997,-0.043758234080704596,0.06875823408070458
67,75,divida_latente_sobre_plano,-0.010778117564489695,-0.030026327284251537,0.008470092155272148
67,75,taxa_falha_efetiva,0.016666666666666666,-0.03324288640276313,0.06657621973609647
67,75,fracao_porta1,0.005208333333333336,-0.03955504829574352,0.049971714962410194
67,76,atraso_relativo,0.021621800576320002,-0.09314409299245463,0.13638769414509463
67,76,taxa_omissao,0.013541666666666667,-0.032193185396676816,0.05927651873001015
67,76,divida_latente_sobre_plano,0.0020478051162729173,-0.006735157978884169,0.010830768211430003
67,76,taxa_falha_efetiva,0.010416666666666664,-0.050949045943719636,0.07178237927705297
67,76,fracao_porta1,0.009374999999999994,-0.027490164768063013,0.046240164768063
68,9,atraso_relativo,-1.0663105173419483,-1.4881116873519162,-0.6445093473319804
68,9,taxa_omissao,-0.0875,-0.11812310385061797,-0.056876896149382024
68,9,divida_latente_sobre_plano,-0.03665950352020979,-0.05622587564535241,-0.017093131395067164
68,9,taxa_falha_efetiva,-0.0052083333333333304,-0.03917746938078351,0.02876080271411685
68,9,fracao_porta1,-0.03020833333333334,-0.09681248423153374,0.03639581756486707
68,10,atraso_relativo,-0.3948680222152426,-0.7757417826627451,-0.013994261767740157
68,10,taxa_omissao,-0.084375,-0.12678516582500146,-0.04196483417499856
68,10,divida_latente_sobre_plano,-0.011719282657177891,-0.02512810275939157,0.0016895374450357874
68,10,taxa_falha_efetiva,-0.007291666666666664,-0.053977778644871174,0.03939444531153785
68,10,fracao_porta1,-0.019791666666666673,-0.07992119550737214,0.040337862174038806
68,11,atraso_relativo,-0.22283548144658322,-0.4018645840215524,-0.04380637887161404
68,11,taxa_omissao,-0.08750000000000001,-0.11109668627389034,-0.06390331372610968
68,11,divida_latente_sobre_plano,-0.008151346316952848,-0.01587858073869416,-0.00042411189521153383
68,11,taxa_falha_efetiva,-0.018750000000000003,-0.04554521586929072,0.00804521586929072
68,11,fracao_porta1,-0.044791666666666674,-0.09653899267641812,0.006955659343084772
68,12,atraso_relativo,-0.6731720316527322,-1.1583296782696237,-0.18801438503584067
68,12,taxa_omissao,-0.0020833333333333355,-0.021222773239969572,0.0170561065733029
68,12,divida_latente_sobre_plano,-0.010224901500825175,-0.022422561013076298,0.0019727580114259503
68,12,taxa_falha_efetiva,0.018749999999999996,-0.006928253209506505,0.044428253209506496
68,12,fracao_porta1,-0.01562500000000001,-0.05209053058137582,0.0208405305813758
68,13,atraso_relativo,-0.2264261396778391,-0.36841693456893565,-0.08443534478674253
68,13,taxa_omissao,-0.013541666666666667,-0.052343311443046055,0.02525997810971272
68,13,divida_latente_sobre_plano,-0.003062728282214681,-0.020087424059511978,0.013961967495082614
68,13,taxa_falha_efetiva,-0.0010416666666666647,-0.057915116995162635,0.05583178366182931
68,13,fracao_porta1,-0.03854166666666668,-0.11835565542397711,0.04127232209064374
68,14,atraso_relativo,-0.20485559593784114,-0.38376836117590624,-0.025942830699776043
68,14,taxa_omissao,-0.009374999999999998,-0.025041306749187104,0.006291306749187108
68,14,divida_latente_sobre_plano,-0.0002662094491789693,-0.01619387437601292,0.015661455477654983
68,14,taxa_falha_efetiva,-0.01145833333333333,-0.04226034681044104,0.019343680143774373
68,14,fracao_porta1,-0.031250000000000014,-0.09189515088442758,0.029395150884427554
68,18,atraso_relativo,-0.7635254171589815,-1.2201825533723474,-0.30686828094561563
68,18,taxa_omissao,-0.1,-0.14625254646014724,-0.05374745353985276
68,18,divida_latente_sobre_plano,-0.042806942091589695,-0.06693998191657904,-0.018673902266600352
68,18,taxa_falha_efetiva,-0.019791666666666666,-0.07793903648030309,0.03835570314696976
68,18,fracao_porta1,-0.04062500000000001,-0.10075452884070549,0.01950452884070547
68,19,atraso_relativo,-0.3423279889123205,-0.5311340598304395,-0.15352191799420162
68,19,taxa_omissao,-0.0875,-0.10545438611445601,-0.06954561388554398
68,19,divida_latente_sobre_plano,-0.01305196056592889,-0.03614676609950017,0.01004284496764239
68,19,taxa_falha_efetiva,-0.011458333333333327,-0.056547864132240014,0.03363119746557336
68,19,fracao_porta1,-0.05520833333333334,-0.12730586927975046,0.016889202613083777
68,20,atraso_relativo,-0.2855817012159555,-0.5309786607817713,-0.040184741650139744
68,20,taxa_omissao,-0.09270833333333332,-0.13074721780385865,-0.05466944886280801
68,20,divida_latente_sobre_plano,-0.00669927517435298,-0.016684398111644537,0.0032858477629385758
68,20,taxa_falha_efetiva,-0.017708333333333326,-0.07880483118538657,0.04338816451871992
68,20,fracao_porta1,-0.05208333333333334,-0.13638382148631473,0.03221715481964803
68,21,atraso_relativo,-0.7266328028796059,-1.2513572936879416,-0.20190831207127014
68,21,taxa_omissao,0.003124999999999996,-0.020703410519936006,0.026953410519935998
68,21,divida_latente_sobre_plano,-0.014605421713637,-0.038194032728516764,0.008983189301242762
68,21,taxa_falha_efetiva,1.734723475976807e-18,-0.03549837278232206,0.03549837278232206
68,21,fracao_porta1,-0.05416666666666668,-0.12699720254226926,0.018663869208935896
68,22,atraso_relativo,-0.29562191835798646,-0.3631079225892644,-0.22813591412670853
68,22,taxa_omissao,-0.0041666666666666675,-0.03797365794083934,0.029640324607506006
68,22,divida_latente_sobre_plano,-0.0037174101990767915,-0.01718548647430106,0.009750666076147475
68,22,taxa_falha_efetiva,-0.0031249999999999993,-0.04412988207669184,0.03787988207669185
68,22,fracao_porta1,-0.05208333333333334,-0.11827370418045345,0.014107037513786766
68,23,atraso_relativo,-0.23885936557435072,-0.40356822413717836,-0.07415050701152309
68,23,taxa_omissao,-0.010416666666666668,-0.05958677807189211,0.03875344473855878
68,23,divida_latente_sobre_plano,6.497627062352089e-05,-0.013032851012082234,0.013162803553329277
68,23,taxa_falha_efetiva,-0.013541666666666665,-0.0818831367944864,0.054799803461153075
68,23,fracao_porta1,-0.060416666666666674,-0.13089555888825932,0.010062225554925974
68,36,atraso_relativo,-1.0762617906303127,-1.4734263673618317,-0.6790972138987936
68,36,taxa_omissao,-0.08541666666666667,-0.09397608440316883,-0.0768572489301645
68,36,divida_latente_sobre_plano,-0.02858521087172211,-0.047164830815625364,-0.010005590927818855
68,36,taxa_falha_efetiva,-0.0020833333333333294,-0.040170337854053634,0.03600367118738697
68,36,fracao_porta1,0.026041666666666657,0.004815000966988819,0.04726833236634449
68,37,atraso_relativo,-0.0978861929974125,-0.20601521960258795,0.010242833607762958
68,37,taxa_omissao,-0.08020833333333335,-0.11586115951851672,-0.04455550714814999
68,37,divida_latente_sobre_plano,-0.013481153548309213,-0.02855315772038576,0.001590850623767336
68,37,taxa_falha_efetiva,-0.005208333333333332,-0.0591734088129519,0.04875674214628524
68,37,fracao_porta1,-0.0010416666666666734,-0.036281112777463,0.03419777944412965
68,38,atraso_relativo,-0.15153317143028072,-0.2581493610798562,-0.04491698178070526
68,38,taxa_omissao,-0.08541666666666667,-0.12388646477058901,-0.046946868562744326
68,38,divida_latente_sobre_plano,-0.005175313739639026,-0.007787204899311258,-0.0025634225799667943
68,38,taxa_falha_efetiva,-0.019791666666666662,-0.037228526267809973,-0.002354807065523351
68,38,fracao_porta1,0.016666666666666666,-0.011978624015485904,0.04531195734881924
68,39,atraso_relativo,-0.41045577142629236,-0.8822889610654477,0.06137741821286302
68,39,taxa_omissao,-0.0020833333333333346,-0.021222773239969565,0.017056106573302893
68,39,divida_latente_sobre_plano,-0.015251800603432702,-0.03437907852155153,0.0038754773146861266
68,39,taxa_falha_efetiva,0.0,-0.03750548938713639,0.03750548938713639
68,39,fracao_porta1,-0.006250000000000002,-0.05039535775004453,0.03789535775004452
68,40,atraso_relativo,-0.1056218622714786,-0.19416177197022202,-0.017081952572735176
68,40,taxa_omissao,0.012499999999999997,-0.010467327887963482,0.03546732788796347
68,40,divida_latente_sobre_plano,0.0016118446472028836,-0.01614202506219552,0.019365714356601286
68,40,taxa_falha_efetiva,-0.010416666666666664,-0.05714199420153633,0.036308660868203
68,40,fracao_porta1,0.001041666666666663,-0.03813578973554899,0.04021912306888232
68,41,atraso_relativo,-0.1048889362508288,-0.19991795032908416,-0.009859922172573449
68,41,taxa_omissao,-0.012500000000000002,-0.05681100695399513,0.03181100695399512
68,41,divida_latente_sobre_plano,-0.001978174511246148,-0.007201946453685412,0.003245597431193116
68,41,taxa_falha_efetiva,0.0031250000000000028,-0.044493372610022994,0.050743372610023
68,41,fracao_porta1,0.018749999999999992,-0.05110240074898882,0.0886024007489888
68,45,atraso_relativo,-0.7224166242901942,-1.1387126536342445,-0.3061205949461439
68,45,taxa_omissao,-0.09270833333333334,-0.11831515871822114,-0.06710150794844554
68,45,divida_latente_sobre_plano,-0.03513206334027895,-0.043296911010190536,-0.02696721567036736
68,45,taxa_falha_efetiva,-0.015624999999999997,-0.04642701347710772,0.015177013477107724
68,45,fracao_porta1,0.009375000000000001,-0.01042299058327692,0.029172990583276923
68,46,atraso_relativo,-0.22356705204329377,-0.5223793213466372,0.07524521726004965
68,46,taxa_omissao,-0.08333333333333333,-0.10285180884596826,-0.0638148578206984
68,46,divida_latente_sobre_plano,-0.010211797695796061,-0.024222896408759263,0.003799301017167139
68,46,taxa_falha_efetiva,-0.003124999999999996,-0.036660007842775295,0.030410007842775304
68,46,fracao_porta1,-0.014583333333333344,-0.07200165305324205,0.04283498638657537
68,47,atraso_relativo,-0.10344779343214532,-0.21190307132418634,0.0050074844598956975
68,47,taxa_omissao,-0.09375,-0.1358567677945997,-0.0516432322054003
68,47,divida_latente_sobre_plano,-0.011286592649374167,-0.0180208565657723,-0.0045523287329760345
68,47,taxa_falha_efetiva,-0.021874999999999995,-0.05171043411203475,0.007960434112034759
68,47,fracao_porta1,-0.011458333333333341,-0.04410777200269858,0.0211911053360319
68,48,atraso_relativo,-0.6509736617759232,-1.0748972888243724,-0.22705003472747393
68,48,taxa_omissao,-0.019791666666666666,-0.06043763696297311,0.020854303629639775
68,48,divida_latente_sobre_plano,-0.02000671415774111,-0.03628663764230894,-0.0037267906731732817
68,48,taxa_falha_efetiva,-0.015624999999999997,-0.063243372610023,0.031993372610022996
68,48,fracao_porta1,0.0010416666666666664,-0.02779480716532619,0.029878140498659524
68,49,atraso_relativo,-0.1085099279350693,-0.2597189224922063,0.04269906662206771
68,49,taxa_omissao,-0.010416666666666668,-0.048886464770589014,0.02805313143725568
68,49,divida_latente_sobre_plano,-0.0022470487804152643,-0.02334542611056069,0.01885132854973016
68,49,taxa_falha_efetiva,0.005208333333333334,-0.04539368182395838,0.05581034849062505
68,49,fracao_porta1,0.010416666666666664,-0.03339551380959172,0.05422884714292505
68,50,atraso_relativo,-0.13880415152330955,-0.31167802343887635,0.03406972039225725
68,50,taxa_omissao,-0.01458333333333333,-0.045444752870407806,0.01627808620374115
68,50,divida_latente_sobre_plano,-0.0011373024293022153,-0.01204363878232144,0.009769033923717009
68,50,taxa_falha_efetiva,-0.009374999999999998,-0.03498182538488778,0.01623182538488779
68,50,fracao_porta1,0.001041666666666663,-0.051826164387200245,0.05390949772053357
68,63,atraso_relativo,-0.8297205365110704,-1.4642677617045101,-0.1951733113176305
68,63,taxa_omissao,-0.08020833333333334,-0.14940210726142888,-0.011014559405237795
68,63,divida_latente_sobre_plano,-0.03737577878846587,-0.06144137481875818,-0.013310182758173555
68,63,taxa_falha_efetiva,-0.002083333333333333,-0.07816110227438397,0.07399443560771729
68,63,fracao_porta1,0.014583333333333323,-0.015313427532234785,0.044480094198901435
68,64,atraso_relativo,-0.08420086697277435,-0.19618348787815115,0.02778175393260246
68,64,taxa_omissao,-0.07604166666666667,-0.08238950075345339,-0.06969383257987996
68,64,divida_latente_sobre_plano,-0.012256517527929549,-0.02367229285090377,-0.0008407422049553307
68,64,taxa_falha_efetiva,-0.004166666666666664,-0.04320361769193651,0.034870284358603176
68,64,fracao_porta1,0.010416666666666668,-0.043310301425020306,0.06414363475835363
68,65,atraso_relativo,-0.04613964356401089,-0.09329460192617389,0.0010153147981521102
68,65,taxa_omissao,-0.07291666666666666,-0.08147608440316882,-0.06435724893016449
68,65,divida_latente_sobre_plano,-0.003741440642884816,-0.014832864270560134,0.007349982984790503
68,65,taxa_falha_efetiva,0.002083333333333333,-0.03860767406298978,0.04277434072965645
68,65,fracao_porta1,0.005208333333333332,-0.026065769164405995,0.03648243583107266
68,66,atraso_relativo,-0.5676879863946596,-1.053079522959122,-0.08229644983019702
68,66,taxa_omissao,-0.004166666666666673,-0.032295783707018966,0.023962450373685624
68,66,divida_latente_sobre_plano,-0.01866840234949282,-0.027205152521255944,-0.010131652177729695
68,66,taxa_falha_efetiva,0.002083333333333338,-0.03788099047349797,0.04204765714016465
68,66,fracao_porta1,0.003124999999999996,-0.020703410519936002,0.026953410519935994
68,67,atraso_relativo,-0.06436908287342397,-0.10405054215448109,-0.02468762359236685
68,67,taxa_omissao,-0.006250000000000002,-0.04694100739632312,0.03444100739632312
68,67,divida_latente_sobre_plano,-0.0022163729267060525,-0.010007508212413557,0.005574762359001451
68,67,taxa_falha_efetiva,-0.009374999999999994,-0.056061111978204514,0.037311111978204525
68,67,fracao_porta1,-0.004166666666666669,-0.0400754388955787,0.031742105562245354
68,72,atraso_relativo,-0.8350851954053933,-1.2689797397633034,-0.40119065104748314
68,72,taxa_omissao,-0.09375,-0.1644364888191375,-0.0230635111808625
68,72,divida_latente_sobre_plano,-0.03523420066685033,-0.051120626615143924,-0.019347774718556743
68,72,taxa_falha_efetiva,-0.013541666666666664,-0.07790826040067168,0.05082492706733836
68,72,fracao_porta1,0.01979166666666666,0.008468621317516595,0.031114712015816722
68,73,atraso_relativo,-0.136795054914923,-0.3390507265410271,0.06546061671118109
68,73,taxa_omissao,-0.07604166666666666,-0.13054708178398589,-0.02153625154934745
68,73,divida_latente_sobre_plano,-0.011306198708554045,-0.024804011940792983,0.002191614523684892
68,73,taxa_falha_efetiva,-0.006249999999999995,-0.0801787964618721,0.06767879646187212
68,73,fracao_porta1,0.012499999999999997,-0.03799331038049087,0.06299331038049086
68,74,atraso_relativo,-0.05222421952508437,-0.13607469233463104,0.03162625328446231
68,74,taxa_omissao,-0.08333333333333334,-0.11347415343913926,-0.053192513227527424
68,74,divida_latente_sobre_plano,-0.008062470268352388,-0.012858203220406908,-0.003266737316297867
68,74,taxa_falha_efetiva,-0.004166666666666662,-0.0420608243557324,0.03372749102239907
68,74,fracao_porta1,0.017708333333333326,-0.02033055113719199,0.05574721780385864
68,75,atraso_relativo,-0.48931555141761757,-0.973737368352797,-0.004893734482438183
68,75,taxa_omissao,0.006249999999999998,-0.05065564588744511,0.0631556458874451
68,75,divida_latente_sobre_plano,-0.012994490491195748,-0.025067167099975605,-0.0009218138824158926
68,75,taxa_falha_efetiva,0.0072916666666666685,-0.05887102683412644,0.07345436016745978
68,75,fracao_porta1,0.0010416666666666664,-0.029760346810441048,0.03184368014377438
68,76,atraso_relativo,-0.042747282297103964,-0.11967215369420414,0.034177589099996214
68,76,taxa_omissao,0.007291666666666665,-0.02204853912433603,0.03663187245766936
68,76,divida_latente_sobre_plano,-0.0001685678104331352,-0.0082431581536295,0.00790602253276323
68,76,taxa_falha_efetiva,0.0010416666666666682,-0.050988047939072585,0.053071381272405925
68,76,fracao_porta1,0.005208333333333325,-0.02462710077870144,0.03504376744536809
68,77,atraso_relativo,-0.008866513488181946,-0.1115841581911946,0.09385113121483071
68,77,taxa_omissao,-0.007291666666666669,-0.018614712015816732,0.004031378682483394
68,77,divida_latente_sobre_plano,-0.0014323362809647384,-0.015099760692494135,0.012235088130564658
68,77,taxa_falha_efetiva,0.006250000000000004,-0.00755164639340773,0.020051646393407736
68,77,fracao_porta1,0.01354166666666666,-0.016293767445368104,0.043377100778701425
69,9,atraso_relativo,-0.803561571145112,-1.4257105843390527,-0.18141255795117128
69,9,taxa_omissao,-0.15000000000000002,-0.20703424638114273,-0.09296575361885731
69,9,divida_latente_sobre_plano,-0.038556885070248174,-0.05022195117054651,-0.026891818969949844
69,9,taxa_falha_efetiva,-0.010416666666666666,-0.03721188253595739,0.016378549202624056
69,9,fracao_porta1,-0.03854166666666667,-0.07028083710060026,-0.006802496232733074
69,12,atraso_relativo,-0.410423085455896,-0.8868725560181967,0.06602638510640474
69,12,taxa_omissao,-0.06458333333333334,-0.10839551380959173,-0.020771152857074954
69,12,divida_latente_sobre_plano,-0.012122283050863557,-0.021035681853266115,-0.0032088842484610004
69,12,taxa_falha_efetiva,0.013541666666666662,-0.011486398650032396,0.03856973198336572
69,12,fracao_porta1,-0.023958333333333342,-0.045864423571462545,-0.002052243095204142
69,15,atraso_relativo,-0.31567592966502644,-0.8770090354725495,0.2456571761424966
69,15,taxa_omissao,0.004166666666666668,-0.025974153439139253,0.03430748677247259
69,15,divida_latente_sobre_plano,0.00025884280118326775,-0.0067253953992468425,0.007243081001613378
69,15,taxa_falha_efetiva,-0.02291666666666666,-0.04556275736496678,-0.0002705759683665418
69,15,fracao_porta1,-0.05104166666666668,-0.11213816451871994,0.010054831185386588
69,18,atraso_relativo,-0.5007764709621453,-0.893419239058874,-0.10813370286541651
69,18,taxa_omissao,-0.16249999999999998,-0.21690451022032178,-0.10809548977967817
69,18,divida_latente_sobre_plano,-0.04470432364162808,-0.06712913140552333,-0.022279515877732827
69,18,taxa_falha_efetiva,-0.025000000000000005,-0.08203424638114269,0.032034246381142675
69,18,fracao_porta1,-0.04895833333333334,-0.09532952696522375,-0.0025871397014429337
69,21,atraso_relativo,-0.46388385668276966,-1.1454878585065749,0.21772014514103555
69,21,taxa_omissao,-0.059375000000000004,-0.1079077288374817,-0.010842271162518312
69,21,divida_latente_sobre_plano,-0.016502803263675384,-0.037545805412770306,0.004540198885419535
69,21,taxa_falha_efetiva,-0.005208333333333334,-0.026434999033011164,0.0160183323663445
69,21,fracao_porta1,-0.06250000000000001,-0.09542873750118022,-0.029571262498819813
69,24,atraso_relativo,-0.2901835524446239,-0.8929532050284036,0.3125861001391558
69,24,taxa_omissao,4.336808689942018e-19,-0.023596686273890333,0.023596686273890333
69,24,divida_latente_sobre_plano,-2.019993008776531e-05,-0.0031497382723987997,0.003109338412223269
69,24,taxa_falha_efetiva,-0.019791666666666666,-0.05783055113719198,0.01824721780385865
69,24,fracao_porta1,-0.06666666666666668,-0.11657621973609648,-0.016757113597236875
69,36,atraso_relativo,-0.8135128444334763,-1.331065874734223,-0.29595981413272954
69,36,taxa_omissao,-0.14791666666666664,-0.18751264783322047,-0.1083206855001128
69,36,divida_latente_sobre_plano,-0.03048259242176049,-0.04417661832823577,-0.016788566515285208
69,36,taxa_falha_efetiva,-0.007291666666666665,-0.015634355105566357,0.001051021772233025
69,36,fracao_porta1,0.017708333333333326,-0.015386852090226721,0.05080351875689337
69,39,atraso_relativo,-0.1477068252294561,-0.34797557562307324,0.052561925164161055
69,39,taxa_omissao,-0.06458333333333333,-0.11193169274346713,-0.017234973923199517
69,39,divida_latente_sobre_plano,-0.01714918215347109,-0.035765476339066724,0.0014671120321245491
69,39,taxa_falha_efetiva,-0.005208333333333336,-0.02711442357146252,0.016697756904795847
69,39,fracao_porta1,-0.014583333333333334,-0.03909377564474773,0.009927108978081065
69,42,atraso_relativo,-0.07316699944661308,-0.4841753874447824,0.3378413885515562
69,42,taxa_omissao,0.006250000000000002,-0.0182604423114144,0.030760442311414404
69,42,divida_latente_sobre_plano,-0.0029262755702792456,-0.010655468385814243,0.004802917245255751
69,42,taxa_falha_efetiva,-0.02395833333333333,-0.09605586927975042,0.048139202613083756
69,42,fracao_porta1,-0.025000000000000005,-0.07720543180504941,0.027205431805049394
69,45,atraso_relativo,-0.45966767809335785,-0.8788255263517923,-0.04050982983492335
69,45,taxa_omissao,-0.15520833333333334,-0.19761849915833482,-0.11279816750833185
69,45,divida_latente_sobre_plano,-0.037029444890317335,-0.04939694842406761,-0.02466194135656706
69,45,taxa_falha_efetiva,-0.020833333333333332,-0.035155978674409616,-0.00651068799225705
69,45,fracao_porta1,0.00104166666666667,-0.03582349810139634,0.03790683143472968
69,48,atraso_relativo,-0.3882247155790869,-0.5331489272398076,-0.24330050391836616
69,48,taxa_omissao,-0.08229166666666665,-0.1121271007787014,-0.0524562325546319
69,48,divida_latente_sobre_plano,-0.021904095707779493,-0.031304784481851256,-0.01250340693370773
69,48,taxa_falha_efetiva,-0.02083333333333333,-0.05097415343913925,0.009307486772472593
69,48,fracao_porta1,-0.007291666666666665,-0.05366286029855706,0.03907952696522374
69,51,atraso_relativo,-0.19063885025151678,-0.6936504396384464,0.3123727391354129
69,51,taxa_omissao,-0.009374999999999996,-0.08347701898394332,0.06472701898394333
69,51,divida_latente_sobre_plano,-0.0040040902644471145,-0.027741377481701822,0.01973319695280759
69,51,taxa_falha_efetiva,-0.01875,-0.0568370045207203,0.0193370045207203
69,51,fracao_porta1,-0.005208333333333339,-0.060778667939956024,0.05036200127328934
69,63,atraso_relativo,-0.5669715903142339,-1.1603254167989072,0.026382236170439444
69,63,taxa_omissao,-0.14270833333333333,-0.21798742694017592,-0.06742923972649072
69,63,divida_latente_sobre_plano,-0.03927316033850425,-0.06277688083740063,-0.01576943983960786
69,63,taxa_falha_efetiva,-0.007291666666666665,-0.0889208730165012,0.07433753968316786
69,63,fracao_porta1,0.006249999999999992,-0.04908913458933221,0.06158913458933219
69,66,atraso_relativo,-0.30493904019782336,-0.6128154036546686,0.002937323259021851
69,66,taxa_omissao,-0.06666666666666667,-0.1109776736206618,-0.022355659712671533
69,66,divida_latente_sobre_plano,-0.020565783899531204,-0.027090447825337788,-0.014041119973724618
69,66,taxa_falha_efetiva,-0.0031249999999999976,-0.04412988207669184,0.03787988207669185
69,66,fracao_porta1,-0.005208333333333336,-0.07137102683412644,0.06095436016745976
69,72,atraso_relativo,-0.572336249208557,-0.9562386193268363,-0.18843387909027765
69,72,taxa_omissao,-0.15625,-0.2431186024680876,-0.06938139753191239
69,72,divida_latente_sobre_plano,-0.03713158221688871,-0.057780881652590994,-0.01648228278118643
69,72,taxa_falha_efetiva,-0.018750000000000003,-0.09228132693424318,0.054781326934243174
69,72,fracao_porta1,0.011458333333333327,-0.04939786271103645,0.07231452937770311
69,75,atraso_relativo,-0.22656660522078137,-1.0520605495693827,0.5989273391278198
69,75,taxa_omissao,-0.056249999999999994,-0.12525823196703867,0.012758231967038666
69,75,divida_latente_sobre_plano,-0.014891872041234131,-0.033316399242361794,0.0035326551598935316
69,75,taxa_falha_efetiva,0.0020833333333333346,-0.08342520701438398,0.08759187368105066
69,75,fracao_porta1,-0.007291666666666665,-0.09087209087024939,0.07628875753691605
69,78,atraso_relativo,0.05328405198845372,-0.493663209032236,0.6002313130091435
69,78,taxa_omissao,0.014583333333333334,-0.021932390706875058,0.05109905737354173
69,78,divida_latente_sobre_plano,0.0020025523352692025,-0.013338833261224902,0.01734393793176331
69,78,taxa_falha_efetiva,-0.013541666666666665,-0.04751080271411685,0.020427469380783513
69,78,fracao_porta1,0.007291666666666662,-0.020509975685411228,0.03509330901874455
70,9,atraso_relativo,-1.058350704571175,-1.3889779513968576,-0.7277234577454925
70,9,taxa_omissao,-0.14791666666666667,-0.210698697542958,-0.08513463579037533
70,9,divida_latente_sobre_plano,-0.045191412450824135,-0.053792983265479676,-0.036589841636168595
70,9,taxa_falha_efetiva,0.01145833333333333,-0.04277758487882666,0.06569425154549331
70,9,fracao_porta1,-0.04583333333333334,-0.07597415343913926,-0.015692513227527415
70,10,atraso_relativo,-0.38690820944446935,-0.7004696178838348,-0.07334680100510393
70,10,taxa_omissao,-0.14479166666666668,-0.21050993738105422,-0.07907339595227912
70,10,divida_latente_sobre_plano,-0.020251191587792244,-0.02521605595294686,-0.015286327222637626
70,10,taxa_falha_efetiva,0.009374999999999998,-0.026686467909474727,0.045436467909474726
70,10,fracao_porta1,-0.035416666666666666,-0.08398712013389223,0.013153786800558898
70,12,atraso_relativo,-0.6652122188819591,-1.173608202838833,-0.15681623492508534
70,12,taxa_omissao,-0.0625,-0.1147054318050494,-0.010294568194950601
70,12,divida_latente_sobre_plano,-0.018756810431439525,-0.02327933536483741,-0.014234285498041642
70,12,taxa_falha_efetiva,0.03541666666666666,0.005519905801098554,0.06531342753223476
70,12,fracao_porta1,-0.03125000000000001,-0.06211141953707451,-0.00038858046292550297
70,13,atraso_relativo,-0.21846632690706588,-0.2693457424650558,-0.16758691134907594
70,13,taxa_omissao,-0.07395833333333333,-0.09778674385326934,-0.05012992281339733
70,13,divida_latente_sobre_plano,-0.01159463721282903,-0.020018048077374055,-0.003171226348284005
70,13,taxa_falha_efetiva,0.015624999999999997,0.007282311561100303,0.02396768843889969
70,13,fracao_porta1,-0.05416666666666667,-0.08966503944898875,-0.018668293884344586
70,15,atraso_relativo,-0.5704650630910895,-1.2812714278456299,0.14034130166345093
70,15,taxa_omissao,0.006250000000000002,-0.02820099183194522,0.04070099183194523
70,15,divida_latente_sobre_plano,-0.006375684579392701,-0.012510003434715165,-0.00024136572407023552
70,15,taxa_falha_efetiva,-0.0010416666666666647,-0.042755108861165105,0.04067177552783178
70,15,fracao_porta1,-0.05833333333333334,-0.1132738615243096,-0.003392805142357083
70,16,atraso_relativo,-0.29454985591999316,-0.5687089145113063,-0.020390797328679988
70,16,taxa_omissao,0.013541666666666665,-0.028521579909280635,0.05560491324261397
70,16,divida_latente_sobre_plano,0.000985929584969415,-0.01035278727832733,0.01232464644826616
70,16,taxa_falha_efetiva,0.0010416666666666664,-0.039242194227406615,0.04132552756073994
70,16,fracao_porta1,-0.06458333333333334,-0.10872869108337786,-0.020437975583288817
70,18,atraso_relativo,-0.7555656043882082,-1.1797870574241047,-0.33134415135231154
70,18,taxa_omissao,-0.16041666666666665,-0.2170642357325332,-0.10376909760080012
70,18,divida_latente_sobre_plano,-0.05133885102220405,-0.07526206877570668,-0.027415633268701417
70,18,taxa_falha_efetiva,-0.0031250000000000062,-0.0727410129280811,0.0664910129280811
70,18,fracao_porta1,-0.05625000000000001,-0.1048204534672256,-0.007679546532774424
70,19,atraso_relativo,-0.33436817614154735,-0.453385411393643,-0.21535094088945167
70,19,taxa_omissao,-0.14791666666666667,-0.18638646477058904,-0.1094468685627443
70,19,divida_latente_sobre_plano,-0.021583869496543243,-0.031153650913151656,-0.012014088079934829
70,19,taxa_falha_efetiva,0.005208333333333334,-0.02918945230186939,0.03960611896853606
70,19,fracao_porta1,-0.07083333333333333,-0.11644788307853766,-0.025218783588129
70,21,atraso_relativo,-0.7186729901088327,-1.2028448157429321,-0.23450116447473335
70,21,taxa_omissao,-0.05729166666666667,-0.11152758487882668,-0.0030557484545066654
70,21,divida_latente_sobre_plano,-0.02313733064425135,-0.03703898164822113,-0.009235679640281573
70,21,taxa_falha_efetiva,0.016666666666666663,-0.031752711929246086,0.06508604526257941
70,21,fracao_porta1,-0.06979166666666668,-0.10011424210888048,-0.03946909122445288
70,22,atraso_relativo,-0.2876621055872133,-0.36229088927124076,-0.2130333219031858
70,22,taxa_omissao,-0.06458333333333334,-0.11193169274346715,-0.01723497392319954
70,22,divida_latente_sobre_plano,-0.012249319129691143,-0.020292466399217925,-0.0042061718601643615
70,22,taxa_falha_efetiva,0.013541666666666662,-0.025635789735549003,0.05271912306888232
70,22,fracao_porta1,-0.06770833333333334,-0.08750632391661026,-0.047910342750056435
70,24,atraso_relativo,-0.5449726858706869,-0.7144423353613036,-0.3755030363800702
70,24,taxa_omissao,0.002083333333333333,-0.029713492316936874,0.03388015898360354
70,24,divida_latente_sobre_plano,-0.006654727310663735,-0.0130898541791957,-0.00021960044213177078
70,24,taxa_falha_efetiva,0.002083333333333333,-0.05928237927705295,0.06344904594371961
70,24,fracao_porta1,-0.07395833333333335,-0.12126799362837046,-0.026648673038296246
70,25,atraso_relativo,-0.23042398595593838,-0.35022593647978884,-0.11062203543208793
70,25,taxa_omissao,0.0031250000000000006,-0.03858844219449845,0.04483844219449846
70,25,divida_latente_sobre_plano,0.000334279457289825,-0.007819420645382647,0.008487979559962298
70,25,taxa_falha_efetiva,0.005208333333333332,-0.07551836649595467,0.08593503316262133
70,25,fracao_porta1,-0.07083333333333335,-0.118026705881114,-0.023639960785552687
70,36,atraso_relativo,-1.0683019778595393,-1.3920455110724457,-0.7445584446466329
70,36,taxa_omissao,-0.14583333333333331,-0.19515221999959811,-0.09651444666706852
70,36,divida_latente_sobre_plano,-0.037117119802336465,-0.04365594347688957,-0.030578296127783355
70,36,taxa_falha_efetiva,0.014583333333333332,-0.02152888965813416,0.05069555632480082
70,36,fracao_porta1,0.010416666666666661,-0.03238042201584419,0.05321375534917751
70,37,atraso_relativo,-0.08992638022663928,-0.21550180411803704,0.035649043664758504
70,37,taxa_omissao,-0.140625,-0.16383033764269372,-0.11741966235730629
70,37,divida_latente_sobre_plano,-0.022013062478923564,-0.035803347619773405,-0.008222777338073724
70,37,taxa_falha_efetiva,0.011458333333333329,-0.014148492051554466,0.03706515871822112
70,37,fracao_porta1,-0.01666666666666667,-0.08827989337204808,0.05494656003871475
70,39,atraso_relativo,-0.4024959586555191,-0.8690599739536746,0.06406805664263643
70,39,taxa_omissao,-0.0625,-0.11744052819097624,-0.007559471809023763
70,39,divida_latente_sobre_plano,-0.023783709534047057,-0.036569730145225646,-0.010997688922868468
70,39,taxa_falha_efetiva,0.016666666666666663,-0.011462450373685616,0.04479578370701894
70,39,fracao_porta1,-0.021875,-0.05219757544221378,0.008447575442213785
70,40,atraso_relativo,-0.09766204950070538,-0.14215824977320984,-0.05316584922820092
70,40,taxa_omissao,-0.04791666666666666,-0.07877808620374116,-0.01705524712959217
70,40,divida_latente_sobre_plano,-0.006920064283411468,-0.012366614995679218,-0.0014735135711437175
70,40,taxa_falha_efetiva,0.006249999999999997,-0.015739542312664355,0.028239542312664352
70,40,fracao_porta1,-0.014583333333333334,-0.05454765714016466,0.025380990473497986
70,42,atraso_relativo,-0.3279561328726761,-0.7446956217377811,0.08878335599242898
70,42,taxa_omissao,0.008333333333333335,-0.026329666603232254,0.04299633326989892
70,42,divida_latente_sobre_plano,-0.009560802950855214,-0.024852265310062082,0.005730659408351654
70,42,taxa_falha_efetiva,-0.0020833333333333346,-0.07002160542823371,0.06585493876156703
70,42,fracao_porta1,-0.03229166666666667,-0.09386595476954535,0.029282621436212
70,43,atraso_relativo,-0.06569467190639283,-0.2460735659874334,0.11468422217464774
70,43,taxa_omissao,0.009375,-0.03538838162907686,0.05413838162907686
70,43,divida_latente_sobre_plano,-0.0010022170762724696,-0.01678510234333065,0.014780668190785709
70,43,taxa_falha_efetiva,0.012499999999999997,-0.06576135466622364,0.09076135466622363
70,43,fracao_porta1,-0.035416666666666666,-0.09581972017391749,0.024986386840584164
70,45,atraso_relativo,-0.714456811519421,-1.0590529135665923,-0.36986070947224975
70,45,taxa_omissao,-0.153125,-0.19949619363189042,-0.10675380636810962
70,45,divida_latente_sobre_plano,-0.04366397227089331,-0.058244658780221954,-0.029083285761564666
70,45,taxa_falha_efetiva,0.0010416666666666647,-0.039604303629639785,0.04168763696297311
70,45,fracao_porta1,-0.006249999999999995,-0.05297532753486965,0.040475327534869654
70,46,atraso_relativo,-0.21560723927252057,-0.4340120422682711,0.002797563723229979
70,46,taxa_omissao,-0.14375,-0.19292011140522544,-0.09457988859477454
70,46,divida_latente_sobre_plano,-0.018743706626410412,-0.033573865699661344,-0.003913547553159478
70,46,taxa_falha_efetiva,0.013541666666666665,-0.028171775527831774,0.05525510886116511
70,46,fracao_porta1,-0.030208333333333344,-0.12229668983188843,0.06188002316522174
70,48,atraso_relativo,-0.64301384900515,-1.0816554144025436,-0.20437228360775644
70,48,taxa_omissao,-0.08020833333333334,-0.10747783763168228,-0.0529388290349844
70,48,divida_latente_sobre_plano,-0.02853862308835546,-0.030978958874875954,-0.026098287301834968
70,48,taxa_falha_efetiva,0.0010416666666666647,-0.05710570314696977,0.059189036480303096
70,48,fracao_porta1,-0.01458333333333333,-0.06912234193003122,0.03995567526336456
70,49,atraso_relativo,-0.10055011516429609,-0.2843979806988391,0.08329775037024693
70,49,taxa_omissao,-0.07083333333333333,-0.11676798910926028,-0.024898677557406372
70,49,divida_latente_sobre_plano,-0.010778957711029616,-0.017520224201840948,-0.004037691220218285
70,49,taxa_falha_efetiva,0.021874999999999995,-0.033695334606622676,0.07744533460662266
70,49,fracao_porta1,-0.005208333333333332,-0.0534382028709689,0.04302153620430224
70,51,atraso_relativo,-0.44542798367757974,-0.8520752971957126,-0.038780670159446806
70,51,taxa_omissao,-0.007291666666666666,-0.08237586261676387,0.06779252928343053
70,51,divida_latente_sobre_plano,-0.010638617645023081,-0.033720876510756156,0.012443641220709995
70,51,taxa_falha_efetiva,0.0031249999999999976,-0.06192094335778361,0.0681709433577836
70,51,fracao_porta1,-0.012500000000000004,-0.07398498524500202,0.048984985245002007
70,52,atraso_relativo,-0.07893066710538776,-0.12803443325450364,-0.02982690095627187
70,52,taxa_omissao,-0.0010416666666666682,-0.038693376839868523,0.036610043506535184
70,52,divida_latente_sobre_plano,-0.000200338349881033,-0.013704107311861793,0.013303430612099727
70,52,taxa_falha_efetiva,-0.0010416666666666664,-0.08140452599694192,0.0793211926636086
70,52,fracao_porta1,-0.008333333333333335,-0.05297379468928465,0.036307128022617985
70,63,atraso_relativo,-0.8217607237402971,-1.4142724832322404,-0.22924896424835373
70,63,taxa_omissao,-0.140625,-0.2127225359464171,-0.06852746405358291
70,63,divida_latente_sobre_plano,-0.04590768771908022,-0.06310984206392724,-0.028705533374233205
70,63,taxa_falha_efetiva,0.014583333333333328,-0.08705412093575322,0.11622078760241987
70,63,fracao_porta1,-0.0010416666666666734,-0.06563550415689198,0.06355217082355863
70,64,atraso_relativo,-0.07624105420200113,-0.193593716841997,0.04111160843799476
70,64,taxa_omissao,-0.13645833333333335,-0.1802286883294359,-0.0926879783372308
70,64,divida_latente_sobre_plano,-0.020788426458543896,-0.03175108716418859,-0.009825765752899203
70,64,taxa_falha_efetiva,0.012499999999999997,-0.022998372782322078,0.04799837278232207
70,64,fracao_porta1,-0.005208333333333329,-0.023466195353437507,0.01304952868677085
70,66,atraso_relativo,-0.5597281736238864,-1.0457489280507621,-0.07370741919701057
70,66,taxa_omissao,-0.06458333333333334,-0.11463946396673147,-0.014527202699935203
70,66,divida_latente_sobre_plano,-0.027200311280107168,-0.04161897339834746,-0.012781649161866873
70,66,taxa_falha_efetiva,0.01875,-0.037116185861275505,0.07461618586127551
70,66,fracao_porta1,-0.0125,-0.08848140694045022,0.06348140694045022
70,67,atraso_relativo,-0.056409270102650746,-0.1801419476199938,0.06732340741469231
70,67,taxa_omissao,-0.06666666666666667,-0.12838950574081565,-0.004943827592517679
70,67,divida_latente_sobre_plano,-0.010748281857320404,-0.021958355899981054,0.0004617921853402474
70,67,taxa_falha_efetiva,0.007291666666666665,-0.07141309865653976,0.0859964319898731
70,67,fracao_porta1,-0.019791666666666666,-0.10160017956171348,0.06201684622838015
70,69,atraso_relativo,-0.254789133426063,-0.7131150529966231,0.2035367861444971
70,69,taxa_omissao,0.0020833333333333324,-0.013699453136711268,0.017866119803377933
70,69,divida_latente_sobre_plano,-0.006634527380575969,-0.015778571284870438,0.0025095165237185
70,69,taxa_falha_efetiva,0.021875,-0.0064487845329332695,0.05019878453293326
70,69,fracao_porta1,-0.007291666666666665,-0.01723681137067825,0.0026534780373449196
70,72,atraso_relativo,-0.8271253826346201,-1.196761364835893,-0.4574894004333472
70,72,taxa_omissao,-0.15416666666666667,-0.24714574267077555,-0.061187590662557786
70,72,divida_latente_sobre_plano,-0.043766109597464686,-0.06937389072502588,-0.018158328469903496
70,72,taxa_falha_efetiva,0.0031249999999999976,-0.0738859797978469,0.08013597979784691
70,72,fracao_porta1,0.004166666666666662,-0.06662339215500432,0.07495672548833765
70,73,atraso_relativo,-0.12883524214414976,-0.3264581782385315,0.06878769395023202
70,73,taxa_omissao,-0.13645833333333335,-0.16148639865003245,-0.11143026801663425
70,73,divida_latente_sobre_plano,-0.0198381076391684,-0.030568918651645974,-0.009107296626690825
70,73,taxa_falha_efetiva,0.010416666666666666,-0.03203666473268901,0.05286999806602234
70,73,fracao_porta1,-0.0031249999999999993,-0.059740226745750316,0.053490226745750324
70,75,atraso_relativo,-0.4813557386468444,-0.9162450767854009,-0.04646640050828782
70,75,taxa_omissao,-0.05416666666666667,-0.13110626287451138,0.022772929541178044
70,75,divida_latente_sobre_plano,-0.0215263994218101,-0.04801196884795024,0.004959170004330046
70,75,taxa_falha_efetiva,0.02395833333333333,-0.0726342312545539,0.12055089792122056
70,75,fracao_porta1,-0.01458333333333333,-0.10779849708779243,0.07863183042112576
70,76,atraso_relativo,-0.034787469526330744,-0.10711481298265599,0.0375398739299945
70,76,taxa_omissao,-0.053125000000000006,-0.09722884823663372,-0.009021151763366292
70,76,divida_latente_sobre_plano,-0.008700476741047486,-0.01761055504295573,0.00020960156086075737
70,76,taxa_falha_efetiva,0.01770833333333333,-0.05499635047679299,0.09041301714345965
70,76,fracao_porta1,-0.010416666666666671,-0.06783498638657537,0.04700165305324203
70,78,atraso_relativo,-0.20150508143760934,-0.5732100859831075,0.1701999231078888
70,78,taxa_omissao,0.01666666666666667,-0.02420399284997453,0.05753732618330787
70,78,divida_latente_sobre_plano,-0.004631975045306766,-0.020140040260247575,0.010876090169634041
70,78,taxa_falha_efetiva,0.008333333333333331,-0.049212441193170746,0.06587910785983742
70,78,fracao_porta1,-3.469446951953614e-18,-0.029152326340451742,0.029152326340451735
70,79,atraso_relativo,-0.0613730195230902,-0.11586097855634547,-0.006885060489834921
70,79,taxa_omissao,0.011458333333333333,-0.014714457100384529,0.037631123767051196
70,79,divida_latente_sobre_plano,0.0011955096245080447,-0.009185607978745725,0.011576627227761815
70,79,taxa_falha_efetiva,0.004166666666666666,-0.015351808845968255,0.023685142179301587
70,79,fracao_porta1,-0.0031250000000000028,-0.04230245640221568,0.036052456402215674
71,9,atraso_relativo,-1.0610595582626643,-1.4815902810682375,-0.640528835457091
71,9,taxa_omissao,-0.13541666666666666,-0.18276502607680045,-0.08806830725653285
71,9,divida_latente_sobre_plano,-0.044491978874211434,-0.056655930388377324,-0.032328027360045544
71,9,taxa_falha_efetiva,0.015624999999999998,-0.00820341051993599,0.039453410519935984
71,9,fracao_porta1,-0.03125,-0.08217673730343775,0.019676737303437754
71,10,atraso_relativo,-0.3896170631359588,-0.8208523802325967,0.04161825396067914
71,10,taxa_omissao,-0.13229166666666667,-0.19362752487849186,-0.07095580845484148
71,10,divida_latente_sobre_plano,-0.019551758011179532,-0.02609600498288331,-0.013007511039475755
71,10,taxa_falha_efetiva,0.013541666666666664,-0.03848804793907257,0.0655713812724059
71,10,fracao_porta1,-0.020833333333333332,-0.08779402536726033,0.046127358700593674
71,11,atraso_relativo,-0.21758452236729933,-0.433494707719125,-0.0016743370154736203
71,11,taxa_omissao,-0.13541666666666666,-0.17152888965813415,-0.09930444367519917
71,11,divida_latente_sobre_plano,-0.015983821670954492,-0.02382619149906927,-0.008141451842839716
71,11,taxa_falha_efetiva,0.0020833333333333277,-0.034028889658134165,0.03819555632480082
71,11,fracao_porta1,-0.04583333333333333,-0.1186638692089359,0.026997202542269248
71,12,atraso_relativo,-0.6679210725734483,-1.0698119386349538,-0.26603020651194287
71,12,taxa_omissao,-0.049999999999999996,-0.09014722784620197,-0.009852772153798026
71,12,divida_latente_sobre_plano,-0.018057376854826817,-0.0217757725231955,-0.014338981186458134
71,12,taxa_falha_efetiva,0.039583333333333325,0.012788117464042598,0.06637854920262405
71,12,fracao_porta1,-0.01666666666666667,-0.040263352940557016,0.006930019607223677
71,13,atraso_relativo,-0.22117518059855523,-0.38202209166163315,-0.06032826953547735
71,13,taxa_omissao,-0.06145833333333334,-0.0761596160788779,-0.046757050587788763
71,13,divida_latente_sobre_plano,-0.010895203636216324,-0.02364197626890217,0.0018515689964695228
71,13,taxa_falha_efetiva,0.019791666666666662,-0.012857772002698577,0.0524411053360319
71,13,fracao_porta1,-0.03958333333333333,-0.10142475626142322,0.022258089594756565
71,14,atraso_relativo,-0.19960463685855734,-0.44628709314709214,0.04707781942997749
71,14,taxa_omissao,-0.05729166666666666,-0.10612537655243824,-0.008457956780895073
71,14,divida_latente_sobre_plano,-0.00809868480318061,-0.015500724836696747,-0.0006966447696644743
71,14,taxa_falha_efetiva,0.009374999999999998,-0.026686467909474727,0.045436467909474726
71,14,fracao_porta1,-0.03229166666666668,-0.07146912306888235,0.006885789735549
71,15,atraso_relativo,-0.5731739167825789,-1.1998456506330017,0.053497817067843956
71,15,taxa_omissao,0.018750000000000003,-0.0038960906983001274,0.041396090698300136
71,15,divida_latente_sobre_plano,-0.0056762510027799935,-0.012845491276021777,0.0014929892704617902
71,15,taxa_falha_efetiva,0.0031250000000000028,-0.02467664235207788,0.030926642352077885
71,15,fracao_porta1,-0.043750000000000004,-0.1266483032424037,0.03914830324240368
71,16,atraso_relativo,-0.29725870961148254,-0.681890644359995,0.08737322513702989
71,16,taxa_omissao,0.026041666666666668,-0.006607772002698579,0.05869110533603192
71,16,divida_latente_sobre_plano,0.0016853631615821227,-0.007500380162617412,0.010871106485781658
71,16,taxa_falha_efetiva,0.005208333333333334,-0.019819731983365736,0.0302363986500324
71,16,fracao_porta1,-0.05,-0.1182610210473993,0.018261021047399295
71,17,atraso_relativo,-0.2663444340995997,-0.5529372652737536,0.020248397074554336
71,17,taxa_omissao,0.022916666666666672,-0.0015937756447477296,0.04742710897808107
71,17,divida_latente_sobre_plano,0.0006280608271049928,-0.010487163026971407,0.011743284681181394
71,17,taxa_falha_efetiva,0.001041666666666663,-0.030232435831072657,0.03231576916440598
71,17,fracao_porta1,-0.05,-0.11405281720053449,0.014052817200534487
71,18,atraso_relativo,-0.7582744580796976,-1.096211798272855,-0.42033711788654027
71,18,taxa_omissao,-0.14791666666666667,-0.19002343446126638,-0.10580989887206696
71,18,divida_latente_sobre_plano,-0.05063941744559134,-0.07673951575524686,-0.02453931913593582
71,18,taxa_falha_efetiva,0.0010416666666666612,-0.04532952696522372,0.04741286029855705
71,18,fracao_porta1,-0.04166666666666667,-0.10594783688097022,0.022614503547636874
71,19,atraso_relativo,-0.3370770298330367,-0.4887464954791749,-0.18540756418689855
71,19,taxa_omissao,-0.13541666666666669,-0.16275325471779462,-0.10808007861553877
71,19,divida_latente_sobre_plano,-0.020884435919930534,-0.034973986818712104,-0.006794885021148965
71,19,taxa_falha_efetiva,0.009375000000000001,0.0030271659132132785,0.015722834086786725
71,19,fracao_porta1,-0.056249999999999994,-0.1226613743697152,0.010161374369715218
71,20,atraso_relativo,-0.2803307421366716,-0.5706594840803089,0.009997999806965696
71,20,taxa_omissao,-0.140625,-0.16679779043371787,-0.11445220956628212
71,20,divida_latente_sobre_plano,-0.014531750528354622,-0.01900560096549449,-0.010057900091214753
71,20,taxa_falha_efetiva,0.0031250000000000028,-0.019440066858226634,0.02569006685822664
71,20,fracao_porta1,-0.053125,-0.13600120586676323,0.02975120586676324
71,21,atraso_relativo,-0.721381843800322,-1.2068750871926857,-0.23588860040795834
71,21,taxa_omissao,-0.04479166666666667,-0.08543763696297312,-0.004145696370360219
71,21,divida_latente_sobre_plano,-0.022437897067638643,-0.03385472665282175,-0.011021067482455535
71,21,taxa_falha_efetiva,0.02083333333333333,0.0065106879922570485,0.03515597867440961
71,21,fracao_porta1,-0.055208333333333345,-0.09324721780385867,-0.017169448862808023
71,22,atraso_relativo,-0.2903709592787026,-0.4481238294449461,-0.1326180891124591
71,22,taxa_omissao,-0.05208333333333333,-0.09167931449988716,-0.0124873521667795
71,22,divida_latente_sobre_plano,-0.011549885553078435,-0.01485610803807476,-0.00824366306808211
71,22,taxa_falha_efetiva,0.01770833333333333,0.011360499246546606,0.024056167420120053
71,22,fracao_porta1,-0.053125000000000006,-0.07056185960114332,-0.03568814039885669
71,23,atraso_relativo,-0.23360840649506687,-0.371844151495347,-0.09537266149478671
71,23,taxa_omissao,-0.05833333333333333,-0.10130126935656217,-0.01536539731010448
71,23,divida_latente_sobre_plano,-0.007767499083378122,-0.012662818293345023,-0.002872179873411221
71,23,taxa_falha_efetiva,0.007291666666666663,-0.035803960384050204,0.05038729371738353
71,23,fracao_porta1,-0.06145833333333333,-0.1351638169278824,0.012247150261215735
71,24,atraso_relativo,-0.5476815395621762,-0.8435727437922345,-0.251790335332118
71,24,taxa_omissao,0.014583333333333334,-0.009927108978081061,0.039093775644747725
71,24,divida_latente_sobre_plano,-0.005955293734051027,-0.014621761690935634,0.00271117422283358
71,24,taxa_falha_efetiva,0.00625,-0.02862371920228663,0.04112371920228663
71,24,fracao_porta1,-0.059375000000000004,-0.13288141372772286,0.014131413727722857
71,25,atraso_relativo,-0.23313283964742776,-0.3948906187341854,-0.07137506056067008
71,25,taxa_omissao,0.015625000000000003,-0.015177013477107721,0.04642701347710773
71,25,divida_latente_sobre_plano,0.001033713033902533,-0.004956464370831692,0.007023890438636758
71,25,taxa_falha_efetiva,0.009374999999999998,-0.03885486953763556,0.057604869537635564
71,25,fracao_porta1,-0.05625,-0.11289756906586657,0.00039756906586655566
71,26,atraso_relativo,-0.24692510394699452,-0.41336093594677853,-0.0804892719472105
71,26,taxa_omissao,0.01354166666666667,-0.024497217803858645,0.05158055113719198
71,26,divida_latente_sobre_plano,0.0026062390812403597,-0.0030159694426311378,0.008228447605111856
71,26,taxa_falha_efetiva,0.005208333333333332,-0.04302153620430223,0.0534382028709689
71,26,fracao_porta1,-0.05625000000000001,-0.13825976415338376,0.02575976415338374
71,36,atraso_relativo,-1.0710108315510287,-1.4072309376107386,-0.7347907254913189
71,36,taxa_omissao,-0.13333333333333333,-0.1734805611795353,-0.09318610548713135
71,36,divida_latente_sobre_plano,-0.036417686225723764,-0.042729408827881524,-0.030105963623566004
71,36,taxa_falha_efetiva,0.01875,0.006054331826426559,0.03144566817357344
71,36,fracao_porta1,0.024999999999999998,-0.012112750927052312,0.062112750927052304
71,37,atraso_relativo,-0.09263523391812864,-0.14782542766442214,-0.037445040171835135
71,37,taxa_omissao,-0.128125,-0.14556185960114332,-0.11068814039885666
71,37,divida_latente_sobre_plano,-0.021313628902310852,-0.03511668275347649,-0.00751057505114521
71,37,taxa_falha_efetiva,0.015624999999999997,-0.005601665699677842,0.036851665699677835
71,37,fracao_porta1,-0.002083333333333333,-0.06980558493829359,0.06563891827162693
71,38,atraso_relativo,-0.14628221235099687,-0.3980571281099006,0.1054927034079069
71,38,taxa_omissao,-0.13333333333333333,-0.19919080833569366,-0.067475858330973
71,38,divida_latente_sobre_plano,-0.013007789093640669,-0.028658865171077248,0.0026432869837959092
71,38,taxa_falha_efetiva,0.0010416666666666682,-0.028793767445368088,0.03087710077870142
71,38,fracao_porta1,0.015625000000000007,-0.014210434112034768,0.04546043411203478
71,39,atraso_relativo,-0.4052048123470085,-0.7834530945638268,-0.02695653013019017
71,39,taxa_omissao,-0.05,-0.09193241189951695,-0.00806758810048306
71,39,divida_latente_sobre_plano,-0.02308427595743435,-0.03360806889329058,-0.01256048302157812
71,39,taxa_falha_efetiva,0.02083333333333333,0.002080588639765138,0.03958607802690152
71,39,fracao_porta1,-0.007291666666666662,-0.05072596790071048,0.03614263456737716
71,40,atraso_relativo,-0.10037090319219474,-0.2025146826388501,0.0017728762544606258
71,40,taxa_omissao,-0.035416666666666666,-0.06900624738173958,-0.0018270859515937474
71,40,divida_latente_sobre_plano,-0.00622063070679876,-0.016396050342750886,0.003954788929153368
71,40,taxa_falha_efetiva,0.010416666666666664,-0.020444752870407833,0.04127808620374116
71,40,fracao_porta1,3.469446951953614e-18,-0.04990955306942979,0.049909553069429805
71,41,atraso_relativo,-0.09963797717154495,-0.20942461258211842,0.010148658239028524
71,41,taxa_omissao,-0.06041666666666667,-0.138771579471098,0.01793824613776466
71,41,divida_latente_sobre_plano,-0.009810649865247791,-0.01953709009238782,-8.420963810776456e-05
71,41,taxa_falha_efetiva,0.02395833333333333,-0.04264581756486706,0.09056248423153372
71,41,fracao_porta1,0.017708333333333333,-0.016260802714116868,0.05167746938078353
71,42,atraso_relativo,-0.3306649865641655,-0.6694345712052115,0.008104598076880576
71,42,taxa_omissao,0.020833333333333336,-0.009307486772472586,0.05097415343913926
71,42,divida_latente_sobre_plano,-0.008861369374242508,-0.023511392332292512,0.005788653583807498
71,42,taxa_falha_efetiva,0.002083333333333331,-0.06343955453414203,0.06760622120080868
71,42,fracao_porta1,-0.017708333333333333,-0.07380354697837052,0.03838688031170386
71,43,atraso_relativo,-0.0684035255978822,-0.12921255720433328,-0.0075944939914311255
71,43,taxa_omissao,0.021875000000000002,-0.020879270173858665,0.06462927017385867
71,43,divida_latente_sobre_plano,-0.00030278349965976196,-0.01430886537497869,0.013703298375659164
71,43,taxa_falha_efetiva,0.016666666666666663,-0.04919080833569367,0.082524141669027
71,43,fracao_porta1,-0.02083333333333333,-0.07837910785983743,0.036712441193170776
71,44,atraso_relativo,-0.05056762661840737,-0.15239195120404667,0.05125669796723192
71,44,taxa_omissao,0.011458333333333334,-0.015811170965015612,0.03872783763168228
71,44,divida_latente_sobre_plano,0.0014326644342031948,-0.006762027797788115,0.009627356666194504
71,44,taxa_falha_efetiva,0.011458333333333333,-0.03737537655243824,0.06029204321910491
71,44,fracao_porta1,-0.008333333333333328,-0.057054393219274996,0.04038772655260833
71,45,atraso_relativo,-0.7171656652109102,-1.076899300839514,-0.3574320295823064
71,45,taxa_omissao,-0.140625,-0.17094757544221378,-0.11030242455778623
71,45,divida_latente_sobre_plano,-0.0429645386942806,-0.0555317829704912,-0.03039729441807
71,45,taxa_falha_efetiva,0.005208333333333332,-0.008459960692230626,0.01887662735889729
71,45,fracao_porta1,0.008333333333333342,-0.02459540416784684,0.041262070834513526
71,46,atraso_relativo,-0.21831609296400994,-0.4504374735000023,0.013805287571982378
71,46,taxa_omissao,-0.13125,-0.1677657240402084,-0.09473427595979163
71,46,divida_latente_sobre_plano,-0.018044273049797704,-0.028911997111809806,-0.0071765489877855995
71,46,taxa_falha_efetiva,0.017708333333333333,-0.002816429367626213,0.03823309603429288
71,46,fracao_porta1,-0.015625000000000007,-0.11342360508221272,0.08217360508221272
71,47,atraso_relativo,-0.09819683435286146,-0.21030080877610186,0.013907140070378923
71,47,taxa_omissao,-0.14166666666666666,-0.18760132244259362,-0.09573201089073971
71,47,divida_latente_sobre_plano,-0.01911906800337581,-0.030090275089746918,-0.008147860917004703
71,47,taxa_falha_efetiva,-0.0010416666666666682,-0.02776843998262256,0.025685106649289226
71,47,fracao_porta1,-0.0125,-0.08182599987313119,0.056825999873131194
71,48,atraso_relativo,-0.6457227026966393,-0.9396489019915517,-0.35179650340172697
71,48,taxa_omissao,-0.06770833333333333,-0.09443510664928922,-0.04098156001737743
71,48,divida_latente_sobre_plano,-0.027839189511742753,-0.034872125392859596,-0.020806253630625906
71,48,taxa_falha_efetiva,0.005208333333333332,-0.023115451199599943,0.03353211786626661
71,48,fracao_porta1,6.938893903907228e-18,-0.047193372547780665,0.04719337254778068
71,49,atraso_relativo,-0.10325896885578545,-0.244844147031506,0.038326209319935106
71,49,taxa_omissao,-0.058333333333333334,-0.09299633326989892,-0.023670333396767752
71,49,divida_latente_sobre_plano,-0.010079524134416906,-0.018961590097836843,-0.0011974581709969685
71,49,taxa_falha_efetiva,0.02604166666666666,-0.0012278376316822923,0.053311170965015614
71,49,fracao_porta1,0.009375000000000005,-0.05001897174983076,0.06876897174983078
71,50,atraso_relativo,-0.1335531924440257,-0.34626878491186514,0.07916240002381375
71,50,taxa_omissao,-0.0625,-0.10843465577592697,-0.016565344224073034
71,50,divida_latente_sobre_plano,-0.008969777783303857,-0.020354960345478706,0.0024154047788709915
71,50,taxa_falha_efetiva,0.01145833333333333,-0.02990234614511073,0.052819012811777394
71,50,fracao_porta1,3.469446951953614e-18,-0.0522054318050494,0.0522054318050494
71,51,atraso_relativo,-0.4481368373690692,-0.8807405551305966,-0.015533119607541779
71,51,taxa_omissao,0.0052083333333333365,-0.05293903648030309,0.06335570314696977
71,51,divida_latente_sobre_plano,-0.009939184068410375,-0.028390113129485247,0.008511744992664497
71,51,taxa_falha_efetiva,0.007291666666666665,-0.025803518756893382,0.040386852090226716
71,51,fracao_porta1,0.002083333333333333,-0.034028889658134165,0.03819555632480083
71,52,atraso_relativo,-0.08163952079687713,-0.2477580745870812,0.08447903299332697
71,52,taxa_omissao,0.011458333333333334,-0.012370077186602664,0.03528674385326933
71,52,divida_latente_sobre_plano,0.0004990952267316753,-0.009999744680950348,0.010997935134413698
71,52,taxa_falha_efetiva,0.0031250000000000028,-0.041964530798906684,0.04821453079890669
71,52,fracao_porta1,0.006250000000000002,-0.025082613498374217,0.03758261349837422
71,53,atraso_relativo,-0.058571186865287714,-0.12171788701658821,0.004575513286012786
71,53,taxa_omissao,0.011458333333333334,-0.002209960692230617,0.025126627358897285
71,53,divida_latente_sobre_plano,0.0026068421489935977,-0.0002913504531136973,0.005505034751100892
71,53,taxa_falha_efetiva,0.009374999999999991,-0.04404427054846943,0.06279427054846941
71,53,fracao_porta1,-0.008333333333333335,-0.021593526272015467,0.004926859605348798
71,63,atraso_relativo,-0.8244695774317865,-1.3606485990412576,-0.28829055582231544
71,63,taxa_omissao,-0.128125,-0.18236091821215997,-0.07388908178784001
71,63,divida_latente_sobre_plano,-0.045208254142467506,-0.060803235378445175,-0.029613272906489838
71,63,taxa_falha_efetiva,0.018749999999999996,-0.05172889222159264,0.08922889222159264
71,63,fracao_porta1,0.013541666666666664,-0.034076705943356364,0.061160039276689684
71,64,atraso_relativo,-0.07894990789349049,-0.12188415645907327,-0.036015659327907706
71,64,taxa_omissao,-0.12395833333333334,-0.16042386391470914,-0.08749280275195752
71,64,divida_latente_sobre_plano,-0.02008899288193119,-0.029609545822006072,-0.01056843994185631
71,64,taxa_falha_efetiva,0.016666666666666663,0.016666666666666653,0.016666666666666673
71,64,fracao_porta1,0.009375000000000008,-0.02142701347710773,0.04017701347710775
71,65,atraso_relativo,-0.04088868448472703,-0.15217492687093426,0.0703975579014802
71,65,taxa_omissao,-0.12083333333333335,-0.1598702843586032,-0.08179638230806349
71,65,divida_latente_sobre_plano,-0.01157391599688646,-0.01679050619685892,-0.006357325796913996
71,65,taxa_falha_efetiva,0.02291666666666666,0.011433002722684917,0.03440033061064841
71,65,fracao_porta1,0.004166666666666673,-0.028762070834513508,0.03709540416784685
71,66,atraso_relativo,-0.5624370273153757,-0.9181290882697013,-0.20674496636105005
71,66,taxa_omissao,-0.052083333333333336,-0.08819555632480083,-0.015971110341865845
71,66,divida_latente_sobre_plano,-0.026500877703494463,-0.04205206060935482,-0.010949694797634106
71,66,taxa_falha_efetiva,0.02291666666666667,-0.007944752870407811,0.05377808620374115
71,66,fracao_porta1,0.0020833333333333363,-0.05533498638657537,0.05950165305324205
71,67,atraso_relativo,-0.05911812379414011,-0.21965469619565078,0.10141844860737056
71,67,taxa_omissao,-0.054166666666666655,-0.0978113047300834,-0.010522028603249904
71,67,divida_latente_sobre_plano,-0.010048848280707696,-0.01778112108412595,-0.0023165754772894427
71,67,taxa_falha_efetiva,0.011458333333333333,-0.033955004360132164,0.05687167102679883
71,67,fracao_porta1,-0.005208333333333329,-0.08409905228921673,0.07368238562255007
71,68,atraso_relativo,0.005250959079283857,-0.14172703606374415,0.15222895422231186
71,68,taxa_omissao,-0.04791666666666666,-0.08714084634893544,-0.008692486984397882
71,68,divida_latente_sobre_plano,-0.007832475354001642,-0.021187723307080637,0.005522772599077354
71,68,taxa_falha_efetiva,0.02083333333333333,-0.018203617691936513,0.05987028435860317
71,68,fracao_porta1,-0.0010416666666666595,-0.053631609693304716,0.05154827635997139
71,69,atraso_relativo,-0.2574979871175524,-0.587697050324197,0.07270107608909221
71,69,taxa_omissao,0.014583333333333337,-0.011094919876173177,0.04026158654283985
71,69,divida_latente_sobre_plano,-0.00593509380396326,-0.01614937183010626,0.004279184222179739
71,69,taxa_falha_efetiva,0.026041666666666664,0.014718621317516603,0.037364712015816724
71,69,fracao_porta1,0.007291666666666672,-0.01653674385326933,0.031120077186602674
71,70,atraso_relativo,-0.002708853691489363,-0.1484159851496703,0.14299827776669155
71,70,taxa_omissao,0.0125,-0.007018475512634927,0.032018475512634925
71,70,divida_latente_sobre_plano,0.000699433576612708,-0.004051192520458992,0.005450059673684409
71,70,taxa_falha_efetiva,0.0041666666666666675,-0.0313317061156554,0.039665039448988734
71,70,fracao_porta1,0.014583333333333337,-0.014819232157755803,0.04398589882442248
71,72,atraso_relativo,-0.8298342363261094,-1.196116131502894,-0.46355234114932475
71,72,taxa_omissao,-0.14166666666666666,-0.22250673082624634,-0.06082660250708699
71,72,divida_latente_sobre_plano,-0.04306667602085197,-0.06806444892741643,-0.018068903114287507
71,72,taxa_falha_efetiva,0.007291666666666665,-0.057979155299194715,0.07256248863252805
71,72,fracao_porta1,0.01875,-0.037638311096156646,0.07513831109615664
71,73,atraso_relativo,-0.13154409583563914,-0.22840701632592905,-0.03468117534534923
71,73,taxa_omissao,-0.12395833333333334,-0.1566077720026986,-0.09130889466396809
71,73,divida_latente_sobre_plano,-0.019138674062555688,-0.03183368069366678,-0.006443667431444599
71,73,taxa_falha_efetiva,0.014583333333333334,-0.029562024416711175,0.058728691083377846
71,73,fracao_porta1,0.011458333333333338,-0.04768841997929166,0.07060508664595833
71,74,atraso_relativo,-0.04697326044580051,-0.12729560865062356,0.03334908775902255
71,74,taxa_omissao,-0.13124999999999998,-0.1503894399066362,-0.11211056009336376
71,74,divida_latente_sobre_plano,-0.01589494562235403,-0.024815312477609715,-0.006974578767098347
71,74,taxa_falha_efetiva,0.016666666666666666,-0.002851808845968258,0.03618514217930159
71,74,fracao_porta1,0.016666666666666666,-0.004299539283091819,0.03763287261642515
71,75,atraso_relativo,-0.48406459233833377,-1.0571567690643504,0.08902758438768288
71,75,taxa_omissao,-0.041666666666666664,-0.11035566069062838,0.02702232735729506
71,75,divida_latente_sobre_plano,-0.020826965845197394,-0.046214349646395134,0.004560417956000349
71,75,taxa_falha_efetiva,0.028124999999999997,-0.04792868988713492,0.10417868988713491
71,75,fracao_porta1,6.938893903907228e-18,-0.08084006415957967,0.08084006415957967
71,76,atraso_relativo,-0.03749632321782011,-0.2127717370850784,0.13777909064943816
71,76,taxa_omissao,-0.040624999999999994,-0.07980245640221566,-0.0014475435977843315
71,76,divida_latente_sobre_plano,-0.008001043164434778,-0.016579122662851806,0.0005770363339822511
71,76,taxa_falha_efetiva,0.021875,-0.04271883749022531,0.0864688374902253
71,76,fracao_porta1,0.004166666666666666,-0.056839828930013506,0.06517316226334684
71,77,atraso_relativo,-0.003615554408898089,-0.12440380812491711,0.11717269930712093
71,77,taxa_omissao,-0.05520833333333334,-0.09585430362963979,-0.01456236303702689
71,77,divida_latente_sobre_plano,-0.009264811634966381,-0.015814836070531187,-0.0027147871994015757
71,77,taxa_falha_efetiva,0.027083333333333334,-0.0037780862037411454,0.05794475287040782
71,77,fracao_porta1,0.0125,-0.0450457745265041,0.07004577452650411
71,78,atraso_relativo,-0.2042139351290987,-0.5593830014110006,0.1509551311528033
71,78,taxa_omissao,0.029166666666666667,0.003204667238866022,0.055128666094467316
71,78,divida_latente_sobre_plano,-0.003932541468694059,-0.016722477291275992,0.008857394353887875
71,78,taxa_falha_efetiva,0.012499999999999999,-0.01109668627389033,0.03609668627389033
71,78,fracao_porta1,0.014583333333333334,-0.032141994201536336,0.061308660868203
71,79,atraso_relativo,-0.06408187321457956,-0.24963791757949333,0.12147417115033421
71,79,taxa_omissao,0.02395833333333334,0.015615644894433648,0.03230102177223303
71,79,divida_latente_sobre_plano,0.0018949432011207523,-0.004276130181729243,0.008066016583970747
71,79,taxa_falha_efetiva,0.008333333333333333,-0.030703617691936518,0.04737028435860318
71,79,fracao_porta1,0.011458333333333334,-0.0416859327085963,0.06460259937526297
71,80,atraso_relativo,-0.036825185833295956,-0.1828224735885962,0.10917210192200431
71,80,taxa_omissao,0.021875000000000002,0.001350237299040439,0.04239976270095956
71,80,divida_latente_sobre_plano,0.0017494052352231594,-0.0037062501758647753,0.007205060646311094
71,80,taxa_falha_efetiva,0.0020833333333333346,-0.030622155915782635,0.0347888225824493
71,80,fracao_porta1,0.01666666666666667,-0.022743852210208026,0.056077185543541366
72,18,atraso_relativo,0.07155977824641169,-0.437470502463827,0.5805900589566504
72,18,taxa_omissao,-0.00625,-0.046214323806831326,0.03371432380683133
72,18,divida_latente_sobre_plano,-0.0075727414247393696,-0.024657875204694264,0.009512392355215525
72,18,taxa_falha_efetiva,-0.006250000000000004,-0.037111419537074496,0.02461141953707449
72,18,fracao_porta1,-0.060416666666666674,-0.1317223190370334,0.01088898570370006
72,45,atraso_relativo,0.1126685711151991,0.05800417965781021,0.16733296257258798
72,45,taxa_omissao,0.0010416666666666647,-0.060532621436212006,0.06261595476954533
72,45,divida_latente_sobre_plano,0.00010213732657137625,-0.013062266712562737,0.01326654136570549
72,45,taxa_falha_efetiva,-0.002083333333333333,-0.07400281899854874,0.06983615233188209
72,45,fracao_porta1,-0.010416666666666657,-0.03609491987617317,0.015261586542839857
73,18,atraso_relativo,-0.6267303622440585,-0.8873107502690205,-0.3661499742190966
73,18,taxa_omissao,-0.02395833333333333,-0.07456034849062504,0.02664368182395837
73,18,divida_latente_sobre_plano,-0.031500743383035656,-0.045106814399898484,-0.01789467236617283
73,18,taxa_falha_efetiva,-0.013541666666666672,-0.06237537655243826,0.03529204321910491
73,18,fracao_porta1,-0.05312500000000001,-0.08196147383199287,-0.02428852616800715
73,19,atraso_relativo,-0.20553293399739753,-0.35623683359351405,-0.05482903440128101
73,19,taxa_omissao,-0.011458333333333333,-0.05489263456737715,0.03197596790071048
73,19,divida_latente_sobre_plano,-0.0017457618573748458,-0.01586921420715596,0.012377690492406269
73,19,taxa_falha_efetiva,-0.005208333333333332,-0.04438578973554899,0.03396912306888232
73,19,fracao_porta1,-0.06770833333333334,-0.1449093466830269,0.009492680016360236
73,45,atraso_relativo,-0.5856215693752711,-1.0018434052337577,-0.16939973351678445
73,45,taxa_omissao,-0.016666666666666663,-0.07052982501003471,0.03719649167670138
73,45,divida_latente_sobre_plano,-0.02382586463172491,-0.034673897935701026,-0.012977831327748799
73,45,taxa_falha_efetiva,-0.009375000000000001,-0.06676141178761971,0.048011411787619716
73,45,fracao_porta1,-0.003124999999999996,-0.048859852063343465,0.04260985206334347
73,46,atraso_relativo,-0.08677199712837082,-0.3121448099550834,0.13860081569834182
73,46,taxa_omissao,-0.007291666666666665,-0.06043593270859628,0.045852599375262953
73,46,divida_latente_sobre_plano,0.001094401012757985,-0.015285804042634176,0.017474606068150145
73,46,taxa_falha_efetiva,0.0031249999999999993,-0.03928516582500147,0.04553516582500146
73,46,fracao_porta1,-0.02708333333333334,-0.10238675367973707,0.04822008701307038
73,72,atraso_relativo,-0.6982901404904702,-1.123807337518969,-0.2727729434619715
73,72,taxa_omissao,-0.01770833333333333,-0.10005242322741485,0.0646357565607482
73,72,divida_latente_sobre_plano,-0.023928001958296287,-0.04090119662151341,-0.006954807295079166
73,72,taxa_falha_efetiva,-0.007291666666666667,-0.0669318321008342,0.05234849876750086
73,72,fracao_porta1,0.007291666666666662,-0.053804831185386585,0.0683881645187199
74,18,atraso_relativo,-0.7113011976338972,-1.1252006901877936,-0.2974017050800008
74,18,taxa_omissao,-0.016666666666666663,-0.04531195734881922,0.011978624015485898
74,18,divida_latente_sobre_plano,-0.03474447182323732,-0.05729686424587134,-0.012192079400603292
74,18,taxa_falha_efetiva,-0.015625000000000007,-0.04342664235207789,0.012176642352077875
74,18,fracao_porta1,-0.058333333333333334,-0.11246784431771295,-0.004198822348953718
74,19,atraso_relativo,-0.29010376938723614,-0.4609101947512736,-0.11929734402319866
74,19,taxa_omissao,-0.004166666666666666,-0.018489312007742953,0.010155978674409623
74,19,divida_latente_sobre_plano,-0.004989490297576504,-0.0236665768332962,0.013687596238143192
74,19,taxa_falha_efetiva,-0.007291666666666665,-0.028518332366344507,0.013934999033011177
74,19,fracao_porta1,-0.07291666666666666,-0.14360315548580416,-0.0022301778475291717
74,20,atraso_relativo,-0.23335748169087114,-0.49588882240443233,0.02917385902269007
74,20,taxa_omissao,-0.009374999999999996,-0.04741388447052531,0.02866388447052532
74,20,divida_latente_sobre_plano,0.001363195093999407,-0.004226338293718617,0.00695272848171743
74,20,taxa_falha_efetiva,-0.013541666666666664,-0.05040683143472968,0.02332349810139635
74,20,fracao_porta1,-0.06979166666666667,-0.14812320041260224,0.00853986707926889
74,45,atraso_relativo,-0.6701924047651097,-1.030045631816825,-0.3103391777133945
74,45,taxa_omissao,-0.009374999999999998,-0.033203410519936,0.014453410519936004
74,45,divida_latente_sobre_plano,-0.027069593071926565,-0.03420289637133234,-0.019936289772520786
74,45,taxa_falha_efetiva,-0.011458333333333334,-0.03872783763168229,0.01581117096501562
74,45,fracao_porta1,-0.008333333333333325,-0.02785180884596826,0.01118514217930161
74,46,atraso_relativo,-0.17134283251820942,-0.4354154000223443,0.09272973498592546
74,46,taxa_omissao,1.734723475976807e-18,-0.023596686273890326,0.023596686273890333
74,46,divida_latente_sobre_plano,-0.002149327427443673,-0.013934355316317527,0.009635700461430183
74,46,taxa_falha_efetiva,0.0010416666666666664,-0.007301021772233017,0.00938435510556635
74,46,fracao_porta1,-0.03229166666666667,-0.11880108816264526,0.05421775482931191
74,47,atraso_relativo,-0.05122357390706095,-0.14919998934067347,0.04675284152655157
74,47,taxa_omissao,-0.010416666666666666,-0.044867658498611886,0.024034325165278557
74,47,divida_latente_sobre_plano,-0.0032241223810217786,-0.009726248409421304,0.0032780036473777467
74,47,taxa_falha_efetiva,-0.017708333333333333,-0.0324096160788779,-0.0030070505877887663
74,47,fracao_porta1,-0.029166666666666667,-0.08137209847171606,0.02303876513838273
74,72,atraso_relativo,-0.7828609758803088,-1.1532416051948782,-0.4124803465657393
74,72,taxa_omissao,-0.010416666666666664,-0.07458376195484903,0.053750428621515696
74,72,divida_latente_sobre_plano,-0.02717173039849794,-0.044791100934044134,-0.009552359862951745
74,72,taxa_falha_efetiva,-0.009375000000000001,-0.056373920247561334,0.03762392024756133
74,72,fracao_porta1,0.002083333333333333,-0.04172884714292506,0.045895513809591726
74,73,atraso_relativo,-0.08457083538983862,-0.24975937494969544,0.0806177041700182
74,73,taxa_omissao,0.007291666666666667,-0.023030908775547122,0.03761424210888046
74,73,divida_latente_sobre_plano,-0.0032437284402016585,-0.013433535413914427,0.006946078533511109
74,73,taxa_falha_efetiva,-0.002083333333333333,-0.04453666473268901,0.040369998066022345
74,73,fracao_porta1,-0.005208333333333329,-0.04727157990928062,0.03685491324261396
75,18,atraso_relativo,-0.2742098657413639,-1.072009655607779,0.5235899241250512
75,18,taxa_omissao,-0.10624999999999998,-0.1411237192022866,-0.07137628079771335
75,18,divida_latente_sobre_plano,-0.02981245160039395,-0.05691560374242645,-0.002709299458361448
75,18,taxa_falha_efetiva,-0.027083333333333338,-0.06630751301560209,0.012140846348935416
75,18,fracao_porta1,-0.04166666666666668,-0.12085862899977434,0.03752529566644099
75,21,atraso_relativo,-0.2373172514619883,-0.9880740101853791,0.5134395072614026
75,21,taxa_omissao,-0.0031250000000000036,-0.06884327071438756,0.06259327071438756
75,21,divida_latente_sobre_plano,-0.0016109312224412517,-0.03714003948850037,0.033918177043617874
75,21,taxa_falha_efetiva,-0.0072916666666666685,-0.08119568390999057,0.06661235057665724
75,21,fracao_porta1,-0.05520833333333335,-0.1528569979592842,0.042440331292617504
75,45,atraso_relativo,-0.23310107287257653,-0.7197936579355342,0.2535915121903811
75,45,taxa_omissao,-0.09895833333333333,-0.15319425154549332,-0.04472241512117332
75,45,divida_latente_sobre_plano,-0.022137572849083208,-0.03887340828169644,-0.00540173741646997
75,45,taxa_falha_efetiva,-0.022916666666666665,-0.10183059901688968,0.05599726568355634
75,45,fracao_porta1,0.008333333333333335,-0.04038772655260833,0.057054393219274996
75,48,atraso_relativo,-0.16165811035830557,-1.0114815746925605,0.6881653539759492
75,48,taxa_omissao,-0.026041666666666664,-0.11406228403967475,0.061978950706341414
75,48,divida_latente_sobre_plano,-0.007012223666545361,-0.034453789811928405,0.020429342478837684
75,48,taxa_falha_efetiva,-0.02291666666666667,-0.1122796113735547,0.06644627804022137
75,48,fracao_porta1,0.0,-0.04625254646014724,0.04625254646014724
75,72,atraso_relativo,-0.3457696439877756,-0.877965394333386,0.1864261063578348
75,72,taxa_omissao,-0.1,-0.12359668627389034,-0.07640331372610967
75,72,divida_latente_sobre_plano,-0.022239710175654584,-0.03610128892545264,-0.008378131425856528
75,72,taxa_falha_efetiva,-0.020833333333333336,-0.05097415343913924,0.009307486772472569
75,72,fracao_porta1,0.018749999999999992,-0.010652565491089148,0.048152565491089136
76,18,atraso_relativo,-0.7207781348618776,-1.1593970432218286,-0.28215922650192665
76,18,taxa_omissao,-0.10729166666666667,-0.13809368014377438,-0.07648965318955897
76,18,divida_latente_sobre_plano,-0.04263837428115656,-0.06813778305034854,-0.01713896551196458
76,18,taxa_falha_efetiva,-0.020833333333333336,-0.06481241795866206,0.023145751291995392
76,18,fracao_porta1,-0.04583333333333334,-0.08294608426038563,-0.008720582406281034
76,19,atraso_relativo,-0.29958070661521663,-0.44841537599362025,-0.150746037236813
76,19,taxa_omissao,-0.09479166666666666,-0.11531642936762622,-0.0742669039657071
76,19,divida_latente_sobre_plano,-0.012883392755495757,-0.02969087059220028,0.003924085081208766
76,19,taxa_falha_efetiva,-0.012499999999999995,-0.079460692033927,0.054460692033927005
76,19,fracao_porta1,-0.06041666666666667,-0.11495567526336455,-0.005877658069968789
76,21,atraso_relativo,-0.683885520582502,-1.1506491137606836,-0.21712192740432046
76,21,taxa_omissao,-0.004166666666666669,-0.04880712802261801,0.040473794689284665
76,21,divida_latente_sobre_plano,-0.014436853903203865,-0.03311049801380049,0.004236790207392763
76,21,taxa_falha_efetiva,-0.0010416666666666664,-0.06873686724134659,0.06665353390801326
76,21,fracao_porta1,-0.05937500000000001,-0.12793053947003016,0.009180539470030141
76,22,atraso_relativo,-0.2528746360608825,-0.27435693139906436,-0.23139234072270065
76,22,taxa_omissao,-0.011458333333333334,-0.0693531618022788,0.04643649513561212
76,22,divida_latente_sobre_plano,-0.003548842388643657,-0.013483940156763895,0.006386255379476581
76,22,taxa_falha_efetiva,-0.0041666666666666675,-0.0741238722769176,0.06579053894358426
76,22,fracao_porta1,-0.05729166666666667,-0.1258472061366968,0.011263872803363453
76,45,atraso_relativo,-0.6796693419930903,-1.0956601621774267,-0.26367852180875395
76,45,taxa_omissao,-0.09999999999999999,-0.13337075375559873,-0.06662924624440125
76,45,divida_latente_sobre_plano,-0.034963495529845824,-0.04749860103606015,-0.0224283900236315
76,45,taxa_falha_efetiva,-0.016666666666666663,-0.0844970145121785,0.05116368117884518
76,45,fracao_porta1,0.004166666666666676,-0.0313317061156554,0.03966503944898875
76,46,atraso_relativo,-0.18081976974618985,-0.4426032965446163,0.08096375705223657
76,46,taxa_omissao,-0.09062500000000001,-0.11506060109147667,-0.06618939890852335
76,46,divida_latente_sobre_plano,-0.010043229885362926,-0.02549078320509945,0.005404323434373599
76,46,taxa_falha_efetiva,-0.004166666666666664,-0.04847767362066181,0.04014434028732848
76,46,fracao_porta1,-0.01979166666666667,-0.059341363794997354,0.019758030461664012
76,48,atraso_relativo,-0.6082263794788193,-1.0730338751604522,-0.14341888379718637
76,48,taxa_omissao,-0.02708333333333333,-0.08242246792266553,0.02825580125599886
76,48,divida_latente_sobre_plano,-0.019838146347307975,-0.029450860401165034,-0.010225432293450918
76,48,taxa_falha_efetiva,-0.016666666666666663,-0.10226084403168836,0.06892751069835504
76,48,fracao_porta1,-0.004166666666666659,-0.03709540416784683,0.028762070834513515
76,49,atraso_relativo,-0.06576264563796534,-0.2837238111396119,0.15219851986368121
76,49,taxa_omissao,-0.01770833333333333,-0.07610715240563114,0.040690485738964485
76,49,divida_latente_sobre_plano,-0.002078480969982128,-0.017666581901240305,0.013509619961276047
76,49,taxa_falha_efetiva,0.004166666666666664,-0.08329031235468855,0.09162364568802188
76,49,fracao_porta1,0.005208333333333339,-0.012228526267809986,0.022645192934476664
76,72,atraso_relativo,-0.7923379131082893,-1.2341195413463395,-0.350556284870239
76,72,taxa_omissao,-0.10104166666666667,-0.15473453322010886,-0.04734880011322449
76,72,divida_latente_sobre_plano,-0.03506563285641719,-0.05742408145530396,-0.012707184257530424
76,72,taxa_falha_efetiva,-0.014583333333333332,-0.03657287564599769,0.007406208979331029
76,72,fracao_porta1,0.014583333333333334,-0.025380990473497993,0.05454765714016466
76,73,atraso_relativo,-0.09404777261781902,-0.2987559241529936,0.11066037891735558
76,73,taxa_omissao,-0.08333333333333334,-0.12122749102239908,-0.04543917564426761
76,73,divida_latente_sobre_plano,-0.011137630898120912,-0.023727617128010525,0.0014523553317687017
76,73,taxa_falha_efetiva,-0.007291666666666663,-0.07541839480207987,0.060835061468746544
76,73,fracao_porta1,0.007291666666666672,-0.03335430362963977,0.04793763696297311
76,75,atraso_relativo,-0.4465682691205137,-0.898542824994004,0.005406286752976552
76,75,taxa_omissao,-0.0010416666666666664,-0.03586282559913957,0.033779492265806246
76,75,divida_latente_sobre_plano,-0.012825922680762613,-0.03192539916883219,0.0062735538073069655
76,75,taxa_falha_efetiva,0.006250000000000002,-0.02904138342138367,0.04154138342138368
76,75,fracao_porta1,-0.004166666666666659,-0.052887726552608316,0.044554393219275
77,18,atraso_relativo,-0.7546589036707996,-1.2030663851713896,-0.30625142217020956
77,18,taxa_omissao,-0.09270833333333334,-0.13036004350653518,-0.055056623160131477
77,18,divida_latente_sobre_plano,-0.041374605810624965,-0.06741558931348962,-0.015333622307760315
77,18,taxa_falha_efetiva,-0.02604166666666667,-0.07427153620430221,0.022188202870968878
77,18,fracao_porta1,-0.054166666666666675,-0.13317338438973858,0.024840051056405237
77,19,atraso_relativo,-0.33346147542413856,-0.5723866677741279,-0.09453628307414921
77,19,taxa_omissao,-0.08020833333333333,-0.09490961607887789,-0.06550705058778876
77,19,divida_latente_sobre_plano,-0.011619624284964153,-0.023243436582881048,4.188012952740031e-06
77,19,taxa_falha_efetiva,-0.017708333333333333,-0.054573498101396334,0.019156831434729668
77,19,fracao_porta1,-0.06875,-0.1366882720949004,-0.0008117279050996185
77,20,atraso_relativo,-0.27671518772777354,-0.6076171938860921,0.054186818430545125
77,20,taxa_omissao,-0.08541666666666667,-0.12682160584688987,-0.04401172748644347
77,20,divida_latente_sobre_plano,-0.005266938893388242,-0.009911344030362111,-0.0006225337564143736
77,20,taxa_falha_efetiva,-0.023958333333333328,-0.07654827635997136,0.028631609693304704
77,20,fracao_porta1,-0.065625,-0.16267158619472769,0.03142158619472768
77,21,atraso_relativo,-0.717766289391424,-1.2902465404698,-0.14528603831304787
77,21,taxa_omissao,0.010416666666666664,-0.010197140976029969,0.031030474309363298
77,21,divida_latente_sobre_plano,-0.013173085432672262,-0.02851670905980867,0.002170538194464146
77,21,taxa_falha_efetiva,-0.006250000000000002,-0.030760442311414393,0.01826044231141439
77,21,fracao_porta1,-0.06770833333333334,-0.15506053577577197,0.01964386910910529
77,22,atraso_relativo,-0.28675540486980455,-0.44501401591644996,-0.12849679382315918
77,22,taxa_omissao,0.003125,-0.03567664477637938,0.04192664477637938
77,22,divida_latente_sobre_plano,-0.0022850739181120537,-0.011462172280228672,0.006892024444004564
77,22,taxa_falha_efetiva,-0.009375000000000003,-0.04157252152929574,0.022822521529295738
77,22,fracao_porta1,-0.065625,-0.13418053947003017,0.0029305394700301496
77,23,atraso_relativo,-0.22999285208616876,-0.44700430400361063,-0.012981400168726898
77,23,taxa_omissao,-0.003125,-0.06101982846894546,0.05476982846894545
77,23,divida_latente_sobre_plano,0.0014973125515882586,-0.005142327897944571,0.008136953001121088
77,23,taxa_falha_efetiva,-0.01979166666666667,-0.08639581756486703,0.046812484231533696
77,23,fracao_porta1,-0.07395833333333333,-0.16046775482931191,0.01255108816264526
77,45,atraso_relativo,-0.7135501108020121,-1.1387858541653935,-0.2883143674386307
77,45,taxa_omissao,-0.08541666666666667,-0.10455610657330291,-0.06627722676003042
77,45,divida_latente_sobre_plano,-0.03369972705931422,-0.04947581675513826,-0.017923637363490178
77,45,taxa_falha_efetiva,-0.021875,-0.04570341051993599,0.0019534105199359927
77,45,fracao_porta1,-0.004166666666666659,-0.039665039448988734,0.03133170611565542
77,46,atraso_relativo,-0.21470053855511187,-0.551381133415827,0.12198005630560319
77,46,taxa_omissao,-0.07604166666666666,-0.08598681137067826,-0.06609652196265506
77,46,divida_latente_sobre_plano,-0.008779461414831323,-0.02558022260704515,0.008021299777382503
77,46,taxa_falha_efetiva,-0.009375,-0.03554779043371784,0.016797790433717846
77,46,fracao_porta1,-0.028125000000000004,-0.09157448051590131,0.035324480515901306
77,47,atraso_relativo,-0.09458127994396337,-0.26006681615465355,0.0709042562667268
77,47,taxa_omissao,-0.08645833333333333,-0.11819750376726691,-0.05471916289939975
77,47,divida_latente_sobre_plano,-0.009854256368409428,-0.024202640600464256,0.004494127863645399
77,47,taxa_falha_efetiva,-0.028124999999999997,-0.0455618596011433,-0.010688140398856693
77,47,fracao_porta1,-0.025,-0.08254577452650409,0.03254577452650409
77,48,atraso_relativo,-0.6421071482877414,-0.9846466550786663,-0.2995676414968165
77,48,taxa_omissao,-0.012499999999999997,-0.059693372547780656,0.03469337254778066
77,48,divida_latente_sobre_plano,-0.01857437787677637,-0.0229318005451862,-0.01421695520836654
77,48,taxa_falha_efetiva,-0.021875,-0.059913884470525314,0.016163884470525317
77,48,fracao_porta1,-0.012499999999999994,-0.06849717358121007,0.04349717358121008
77,49,atraso_relativo,-0.09964341444688736,-0.18553272325081446,-0.013754105642960257
77,49,taxa_omissao,-0.0031249999999999993,-0.04412988207669184,0.03787988207669185
77,49,divida_latente_sobre_plano,-0.0008147124994505252,-0.011498288606122457,0.009868863607221407
77,49,taxa_falha_efetiva,-0.00104166666666667,-0.042402346145110736,0.0403190128117774
77,49,fracao_porta1,-0.003124999999999996,-0.06301034700417166,0.056760347004171666
77,50,atraso_relativo,-0.1299376380351276,-0.3410631420733571,0.0811878660031019
77,50,taxa_omissao,-0.0072916666666666624,-0.03903083710060024,0.02444750376726692
77,50,divida_latente_sobre_plano,0.0002950338516625236,-0.015189918102557485,0.01577998580588253
77,50,taxa_falha_efetiva,-0.015625,-0.04289450429834894,0.011644504298348946
77,50,fracao_porta1,-0.012499999999999997,-0.08943959620784472,0.06443959620784473
77,72,atraso_relativo,-0.8262186819172113,-1.2562047421776426,-0.3962326216567799
77,72,taxa_omissao,-0.08645833333333332,-0.14707327492528396,-0.02584339174138267
77,72,divida_latente_sobre_plano,-0.03380186438588559,-0.06016820331786585,-0.007435525453905332
77,72,taxa_falha_efetiva,-0.01979166666666667,-0.08016438974091941,0.04058105640758608
77,72,fracao_porta1,0.006249999999999999,-0.018260442311414393,0.03076044231141439
77,73,atraso_relativo,-0.12792854142674104,-0.3202577207949764,0.06440063794149434
77,73,taxa_omissao,-0.06875,-0.12539756906586655,-0.01210243093413347
77,73,divida_latente_sobre_plano,-0.009873862427589308,-0.022648478095561263,0.002900753240382647
77,73,taxa_falha_efetiva,-0.012499999999999997,-0.08033034784551181,0.055330347845511815
77,73,fracao_porta1,-0.001041666666666663,-0.07767116558081869,0.07558783224748536
77,74,atraso_relativo,-0.04335770603690242,-0.1211393864546297,0.034423974380824854
77,74,taxa_omissao,-0.07604166666666666,-0.10487814049865953,-0.047205192834673795
77,74,divida_latente_sobre_plano,-0.00663013398738765,-0.016358686640753944,0.003098418665978645
77,74,taxa_falha_efetiva,-0.010416666666666666,-0.03828411181458518,0.01745077848125185
77,74,fracao_porta1,0.004166666666666666,-0.04914964341882576,0.05748297675215909
77,75,atraso_relativo,-0.48044903792943566,-1.046365319490503,0.08546724363163166
77,75,taxa_omissao,0.013541666666666669,-0.03559118053358099,0.06267451386691433
77,75,divida_latente_sobre_plano,-0.011562154210231011,-0.03645054292577309,0.01332623450531107
77,75,taxa_falha_efetiva,0.0010416666666666664,-0.060054831185386584,0.06213816451871991
77,75,fracao_porta1,-0.012499999999999994,-0.06299331038049089,0.03799331038049089
77,76,atraso_relativo,-0.03388076880892202,-0.2077370165201108,0.13997547890226678
77,76,taxa_omissao,0.014583333333333335,-0.012211882535957399,0.04137854920262407
77,76,divida_latente_sobre_plano,0.0012637684705316032,-0.004764723816650364,0.007292260757713571
77,76,taxa_falha_efetiva,-0.005208333333333336,-0.05779827635997137,0.047381609693304697
77,76,fracao_porta1,-0.008333333333333335,-0.055526705881114,0.038860039214447334
78,18,atraso_relativo,-0.554060522950599,-0.7603267917160612,-0.3477942541851369
78,18,taxa_omissao,-0.17708333333333334,-0.20276158654283985,-0.15140508012382684
78,18,divida_latente_sobre_plano,-0.046706875976897294,-0.0689972254277853,-0.02441652652600928
78,18,taxa_falha_efetiva,-0.011458333333333338,-0.044993341176108634,0.022076674509441962
78,18,fracao_porta1,-0.05625000000000001,-0.0761402894080232,-0.03635971059197682
78,21,atraso_relativo,-0.5171679086712234,-0.655608582859385,-0.3787272344830619
78,21,taxa_omissao,-0.07395833333333333,-0.09778674385326933,-0.050129922813397336
78,21,divida_latente_sobre_plano,-0.018505355598944583,-0.039451488894070505,0.0024407776961813364
78,21,taxa_falha_efetiva,0.008333333333333331,-0.007907019961980555,0.02457368662864722
78,21,fracao_porta1,-0.06979166666666668,-0.10288685209022674,-0.036696481243106614
78,24,atraso_relativo,-0.3434676044330776,-0.8451239958562962,0.158188786990141
78,24,taxa_omissao,-0.014583333333333334,-0.03372277323996957,0.004556106573302906
78,24,divida_latente_sobre_plano,-0.0020227522653569674,-0.017717353316668072,0.013671848785954135
78,24,taxa_falha_efetiva,-0.006249999999999999,-0.046214323806831326,0.03371432380683133
78,24,fracao_porta1,-0.07395833333333333,-0.1163684991583348,-0.03154816750833187
78,45,atraso_relativo,-0.5129517300818116,-1.040046491310854,0.014143031147230811
78,45,taxa_omissao,-0.16979166666666667,-0.17813435510556636,-0.161448978227767
78,45,divida_latente_sobre_plano,-0.039031997225586534,-0.04301412444067594,-0.03504987001049713
78,45,taxa_falha_efetiva,-0.007291666666666667,-0.032898492051554463,0.018315158718221126
78,45,fracao_porta1,-0.006249999999999992,-0.05234387516417435,0.03984387516417437
78,48,atraso_relativo,-0.44150876756754065,-0.938600825713257,0.055583290578175626
78,48,taxa_omissao,-0.096875,-0.13823567947844406,-0.055514320521555936
78,48,divida_latente_sobre_plano,-0.023906648043048696,-0.041608817837442774,-0.006204478248654621
78,48,taxa_falha_efetiva,-0.007291666666666667,-0.03809368014377439,0.023510346810441056
78,48,fracao_porta1,-0.014583333333333327,-0.055274340729656465,0.026107674062989816
78,51,atraso_relativo,-0.2439229022399705,-0.9789539424801514,0.49110813800021047
78,51,taxa_omissao,-0.02395833333333333,-0.0700124552558181,0.02209578858915144
78,51,divida_latente_sobre_plano,-0.006006642599716316,-0.01998682199227725,0.007973536792844616
78,51,taxa_falha_efetiva,-0.005208333333333334,-0.028413670976027032,0.017997004309360368
78,51,fracao_porta1,-0.0125,-0.09261176044841507,0.06761176044841508
78,72,atraso_relativo,-0.6256203011970107,-1.1779431298613847,-0.07329747253263663
78,72,taxa_omissao,-0.17083333333333336,-0.2306268550644696,-0.11103981160219714
78,72,divida_latente_sobre_plano,-0.03913413455215791,-0.05456198521793788,-0.02370628388637794
78,72,taxa_falha_efetiva,-0.005208333333333334,-0.06233884011441379,0.05192217344774712
78,72,fracao_porta1,0.004166666666666666,-0.0634473158816787,0.07178064921501204
78,75,atraso_relativo,-0.2798506572092351,-0.968172661391717,0.40847134697324683
78,75,taxa_omissao,-0.07083333333333333,-0.12074288640276314,-0.020923780263903527
78,75,divida_latente_sobre_plano,-0.016894424376503334,-0.03691071285544309,0.003121864102436419
78,75,taxa_falha_efetiva,0.015625,-0.04376897174983075,0.07501897174983074
78,75,fracao_porta1,-0.014583333333333327,-0.09659309748671704,0.0674264308200504
79,18,atraso_relativo,-0.6941925848651181,-1.1504086831733957,-0.23797648655684056
79,18,taxa_omissao,-0.17187499999999997,-0.2062727856352027,-0.13747721436479723
79,18,divida_latente_sobre_plano,-0.052534360646712096,-0.07928147206900252,-0.025787249224421677
79,18,taxa_falha_efetiva,-0.007291666666666672,-0.06838816451871992,0.05380483118538658
79,18,fracao_porta1,-0.053125000000000006,-0.07056185960114332,-0.03568814039885669
79,19,atraso_relativo,-0.27299515661845714,-0.42423213409538046,-0.1217581791415338
79,19,taxa_omissao,-0.159375,-0.18440306531669906,-0.13434693468330092
79,19,divida_latente_sobre_plano,-0.022779379121051286,-0.042581824268131827,-0.002976933973970749
79,19,taxa_falha_efetiva,0.0010416666666666682,-0.03461115951851669,0.03669449285185003
79,19,fracao_porta1,-0.06770833333333334,-0.1288048311853866,-0.006611835481280096
79,21,atraso_relativo,-0.6572999705857425,-1.1432374702109793,-0.17136247096050572
79,21,taxa_omissao,-0.06875,-0.10871432380683134,-0.02878567619316867
79,21,divida_latente_sobre_plano,-0.024332840268759395,-0.038591806938501894,-0.010073873599016892
79,21,taxa_falha_efetiva,0.012499999999999997,-0.040816310085492406,0.06581631008549241
79,21,fracao_porta1,-0.06666666666666668,-0.09959540416784687,-0.033737929165486485
79,22,atraso_relativo,-0.22628908606412304,-0.2803647765132958,-0.1722133956149503
79,22,taxa_omissao,-0.07604166666666667,-0.11981202166276922,-0.032271311670564136
79,22,divida_latente_sobre_plano,-0.013444828754199186,-0.01782974254148775,-0.009059914966910623
79,22,taxa_falha_efetiva,0.009374999999999996,-0.03439535499610255,0.05314535499610254
79,22,fracao_porta1,-0.06458333333333333,-0.1183103014250203,-0.010856365241646355
79,24,atraso_relativo,-0.48359966634759666,-0.6125490093286757,-0.3546503233665176
79,24,taxa_omissao,-0.009375000000000001,-0.036101773315955904,0.0173517733159559
79,24,divida_latente_sobre_plano,-0.00785023693517178,-0.019456680307310917,0.003756206436967356
79,24,taxa_falha_efetiva,-0.002083333333333333,-0.06463153832881197,0.06046487166214531
79,24,fracao_porta1,-0.07083333333333333,-0.12275733218893464,-0.018909334477732027
79,25,atraso_relativo,-0.16905096643284817,-0.3398083646803832,0.0017064318146868818
79,25,taxa_omissao,-0.008333333333333333,-0.04081403992396111,0.02414737325729445
79,25,divida_latente_sobre_plano,-0.0008612301672182194,-0.007572075635311354,0.005849615300874915
79,25,taxa_falha_efetiva,0.001041666666666663,-0.07803456863934266,0.08011790197267599
79,25,fracao_porta1,-0.06770833333333334,-0.13138833043236686,-0.004028336234299809
79,45,atraso_relativo,-0.6530837919963307,-1.0439471893087215,-0.2622203946839398
79,45,taxa_omissao,-0.16458333333333333,-0.19137854920262407,-0.1377881174640426
79,45,divida_latente_sobre_plano,-0.04485948189540135,-0.05357559821702733,-0.03614336557377537
79,45,taxa_falha_efetiva,-0.003125000000000001,-0.05225784720024766,0.046007847200247656
79,45,fracao_porta1,-0.0031249999999999924,-0.05401575938492134,0.04776575938492135
79,46,atraso_relativo,-0.15423421974943038,-0.4103545783085797,0.10188613880971895
79,46,taxa_omissao,-0.15520833333333334,-0.18830351875689338,-0.12211314790977329
79,46,divida_latente_sobre_plano,-0.019939216250918455,-0.02614884922216285,-0.013729583279674062
79,46,taxa_falha_efetiva,0.009375,-0.03127097029630644,0.05002097029630644
79,46,fracao_porta1,-0.02708333333333334,-0.10746898094120552,0.053302314274538846
79,48,atraso_relativo,-0.5816408294820598,-1.0602536220705363,-0.10302803689358309
79,48,taxa_omissao,-0.09166666666666665,-0.12590433761267533,-0.05742899572065797
79,48,divida_latente_sobre_plano,-0.029734132712863504,-0.04240378004395004,-0.01706448538177697
79,48,taxa_falha_efetiva,-0.003125000000000001,-0.06839582196586137,0.06214582196586137
79,48,fracao_porta1,-0.011458333333333327,-0.050635789735549004,0.02771912306888235
79,49,atraso_relativo,-0.03917709564120589,-0.25310934333392937,0.1747551520515176
79,49,taxa_omissao,-0.08229166666666667,-0.12033055113719196,-0.044252782196141364
79,49,divida_latente_sobre_plano,-0.01197446733553766,-0.026400196032265066,0.0024512613611897462
79,49,taxa_falha_efetiva,0.017708333333333326,-0.04481058193682329,0.08022724860348994
79,49,fracao_porta1,-0.0020833333333333294,-0.033880158983603526,0.02971349231693687
79,51,atraso_relativo,-0.3840549641544896,-0.8191083122603136,0.050998383951334436
79,51,taxa_omissao,-0.018749999999999996,-0.07513831109615662,0.037638311096156625
79,51,divida_latente_sobre_plano,-0.011834127269531126,-0.02486272845157106,0.0011944739125088078
79,51,taxa_falha_efetiva,-0.0010416666666666682,-0.07273158076868345,0.07064824743535013
79,51,fracao_porta1,-0.009375000000000001,-0.09655929800571661,0.07780929800571662
79,52,atraso_relativo,-0.017557647582297567,-0.10673769052529927,0.07162239536070414
79,52,taxa_omissao,-0.0125,-0.03846199942780064,0.013461999427800641
79,52,divida_latente_sobre_plano,-0.0013958479743890774,-0.011761649676857859,0.008969953728079705
79,52,taxa_falha_efetiva,-0.005208333333333329,-0.08719576063102466,0.076779093964358
79,52,fracao_porta1,-0.005208333333333332,-0.04512680018437694,0.03471013351771028
79,72,atraso_relativo,-0.7657523631115297,-1.1842161528853747,-0.3472885733376846
79,72,taxa_omissao,-0.165625,-0.23933048359454906,-0.09191951640545093
79,72,divida_latente_sobre_plano,-0.044961619221972726,-0.06671917385780535,-0.023204064586140098
79,72,taxa_falha_efetiva,-0.0010416666666666682,-0.06895297377852634,0.06686964044519302
79,72,fracao_porta1,0.007291666666666665,-0.06439824743535015,0.07898158076868349
79,73,atraso_relativo,-0.06746222262105957,-0.2938854265160181,0.15896098127389896
79,73,taxa_omissao,-0.14791666666666667,-0.18106714901337195,-0.11476618431996138
79,73,divida_latente_sobre_plano,-0.02103361726367644,-0.03515773731739408,-0.006909497209958797
79,73,taxa_falha_efetiva,0.00625,-0.018260442311414403,0.0307604423114144
79,73,fracao_porta1,3.469446951953614e-18,-0.024807549429533803,0.02480754942953381
79,75,atraso_relativo,-0.4199827191237542,-0.8389755082391894,-0.0009899300083189844
79,75,taxa_omissao,-0.06562500000000002,-0.1283778502886698,-0.0028721497113302352
79,75,divida_latente_sobre_plano,-0.022721909046318142,-0.044523587469619166,-0.0009202306230171181
79,75,taxa_falha_efetiva,0.019791666666666666,-0.07133699340157913,0.11092032673491246
79,75,fracao_porta1,-0.011458333333333327,-0.09380242322741486,0.07088575656074822
79,76,atraso_relativo,0.026585549996759453,-0.010762524454489032,0.06393362444800793
79,76,taxa_omissao,-0.06458333333333333,-0.10069555632480082,-0.028471110341865835
79,76,divida_latente_sobre_plano,-0.00989598636555553,-0.01942822037313119,-0.00036375235797986814
79,76,taxa_falha_efetiva,0.013541666666666664,-0.055013872803363464,0.08209720613669678
79,76,fracao_porta1,-0.0072916666666666685,-0.052705004360132174,0.03812167102679884
79,78,atraso_relativo,-0.1401320619145191,-0.5238726620925074,0.24360853826346912
79,78,taxa_omissao,0.005208333333333334,-0.016697756904795857,0.027114423571462522
79,78,divida_latente_sobre_plano,-0.00582748466981481,-0.014264875556800128,0.0026099062171705077
79,78,taxa_falha_efetiva,0.004166666666666666,-0.05388612888570622,0.062219462219039554
79,78,fracao_porta1,0.0031249999999999993,-0.009425570057733966,0.015675570057733963
80,18,atraso_relativo,-0.7214492722464017,-1.167960868269013,-0.2749376762237902
80,18,taxa_omissao,-0.16979166666666665,-0.21647777864487117,-0.12310555468846213
80,18,divida_latente_sobre_plano,-0.052388822680814504,-0.07422586125611222,-0.030551784105516785
80,18,taxa_falha_efetiva,-0.0010416666666666734,-0.031843680143774394,0.029760346810441048
80,18,fracao_porta1,-0.058333333333333334,-0.10458587979348058,-0.012080786873186089
80,19,atraso_relativo,-0.30025184399974075,-0.4615691099920428,-0.1389345780074387
80,19,taxa_omissao,-0.15729166666666666,-0.1949433768398685,-0.11963995649346482
80,19,divida_latente_sobre_plano,-0.022633841155153694,-0.03708727827360918,-0.008180404036698211
80,19,taxa_falha_efetiva,0.007291666666666667,-0.022048539124336027,0.036631872457669364
80,19,fracao_porta1,-0.07291666666666667,-0.15127157947109798,0.005438246137764655
80,20,atraso_relativo,-0.24350555630337567,-0.45341923657726224,-0.0335918760294891
80,20,taxa_omissao,-0.1625,-0.18482023067797568,-0.14017976932202433
80,20,divida_latente_sobre_plano,-0.016281155763577783,-0.023474167418815473,-0.009088144108340093
80,20,taxa_falha_efetiva,0.0010416666666666682,-0.036997217803858645,0.039080551137191985
80,20,fracao_porta1,-0.06979166666666667,-0.14389368565061,0.004310352317276653
80,21,atraso_relativo,-0.6845566579670261,-1.1922368349596422,-0.17687648097441022
80,21,taxa_omissao,-0.06666666666666668,-0.10570361769193654,-0.027629715641396824
80,21,divida_latente_sobre_plano,-0.024187302302861802,-0.03891167193548856,-0.009462932670235043
80,21,taxa_falha_efetiva,0.018749999999999996,-0.024047088682510848,0.06154708868251084
80,21,fracao_porta1,-0.07187500000000001,-0.1132356794784441,-0.030514320521555928
80,22,atraso_relativo,-0.2535457734454067,-0.3050342463416325,-0.20205730054918083
80,22,taxa_omissao,-0.07395833333333333,-0.1116100435065352,-0.036306623160131474
80,22,divida_latente_sobre_plano,-0.013299290788301596,-0.020225091787848305,-0.006373489788754888
80,22,taxa_falha_efetiva,0.015624999999999995,-0.022026710173201867,0.053276710173201854
80,22,fracao_porta1,-0.06979166666666667,-0.12125505458822036,-0.01832827874511298
80,23,atraso_relativo,-0.1967832206617709,-0.3377674801787889,-0.055798961144752884
80,23,taxa_omissao,-0.08020833333333334,-0.1413048311853866,-0.019111835481280093
80,23,divida_latente_sobre_plano,-0.009516904318601282,-0.013742763293821306,-0.0052910453433812595
80,23,taxa_falha_efetiva,0.005208333333333329,-0.03244337683986853,0.04286004350653519
80,23,fracao_porta1,-0.078125,-0.13776516543416753,-0.01848483456583247
80,24,atraso_relativo,-0.5108563537288803,-0.6625195579611932,-0.35919314949656733
80,24,taxa_omissao,-0.0072916666666666685,-0.042944492851850036,0.0283611595185167
80,24,divida_latente_sobre_plano,-0.007704698969274186,-0.01768975549937367,0.002280357560825296
80,24,taxa_falha_efetiva,0.004166666666666666,-0.04914964341882574,0.05748297675215907
80,24,fracao_porta1,-0.07604166666666666,-0.15493238562255002,0.002849052289216711
80,25,atraso_relativo,-0.1963076538141318,-0.3651522855111302,-0.02746302211713339
80,25,taxa_omissao,-0.006250000000000002,-0.03983958071507292,0.027339580715072916
80,25,divida_latente_sobre_plano,-0.0007156922013206268,-0.01049622776418335,0.009064843361542096
80,25,taxa_falha_efetiva,0.007291666666666663,-0.05234849876750087,0.0669318321008342
80,25,fracao_porta1,-0.07291666666666667,-0.14149891782267826,-0.004334415510655068
80,26,atraso_relativo,-0.21009991811369857,-0.3259421148011277,-0.09425772142626943
80,26,taxa_omissao,-0.008333333333333335,-0.053300835408358185,0.03663416874169151
80,26,divida_latente_sobre_plano,0.0008568338460172001,-0.007434599639302481,0.009148267331336881
80,26,taxa_falha_efetiva,0.0031249999999999976,-0.04833838792155369,0.05458838792155368
80,26,fracao_porta1,-0.07291666666666669,-0.16738100055058322,0.02154766721724985
80,45,atraso_relativo,-0.6803404793776143,-1.0709413673596708,-0.28973959139555777
80,45,taxa_omissao,-0.16249999999999998,-0.1940655729400892,-0.13093442705991076
80,45,divida_latente_sobre_plano,-0.04471394392950376,-0.05439805577228414,-0.035029832086723375
80,45,taxa_falha_efetiva,0.0031249999999999976,-0.04228833769346551,0.0485383376934655
80,45,fracao_porta1,-0.008333333333333328,-0.03646245037368562,0.019795783707018965
80,46,atraso_relativo,-0.18149090713071397,-0.45080954776673743,0.08782773350530948
80,46,taxa_omissao,-0.153125,-0.19587927017385867,-0.11037072982614135
80,46,divida_latente_sobre_plano,-0.019793678285020863,-0.028919467738988562,-0.010667888831053166
80,46,taxa_falha_efetiva,0.015624999999999998,-0.009981825384887797,0.041231825384887795
80,46,fracao_porta1,-0.03229166666666668,-0.11534448691778938,0.05076115358445603
80,47,atraso_relativo,-0.0613716485195655,-0.14304386529051571,0.020300568251384724
80,47,taxa_omissao,-0.16354166666666667,-0.20959578858915143,-0.11748754474418191
80,47,divida_latente_sobre_plano,-0.02086847323859897,-0.031876395555666695,-0.009860550921531243
80,47,taxa_falha_efetiva,-0.0031250000000000028,-0.0419266447763794,0.03567664477637939
80,47,fracao_porta1,-0.02916666666666667,-0.07144707135377827,0.013113738020444934
80,48,atraso_relativo,-0.6088975168633433,-1.0428768049607204,-0.17491822876596597
80,48,taxa_omissao,-0.08958333333333333,-0.12138015898360355,-0.05778650768306312
80,48,divida_latente_sobre_plano,-0.029588594746965912,-0.038646876971238496,-0.020530312522693328
80,48,taxa_falha_efetiva,0.0031249999999999976,-0.05476982846894547,0.061019828468945464
80,48,fracao_porta1,-0.016666666666666663,-0.03098931200774295,-0.0023440213255903775
80,49,atraso_relativo,-0.06643378302248949,-0.22996574246081986,0.09709817641584086
80,49,taxa_omissao,-0.08020833333333334,-0.10800997568541122,-0.05240669098125546
80,49,divida_latente_sobre_plano,-0.011828929369640067,-0.021066323615721895,-0.0025915351235582407
80,49,taxa_falha_efetiva,0.023958333333333325,-0.03265689341241699,0.08057356007908364
80,49,fracao_porta1,-0.007291666666666665,-0.05205504829574352,0.03747171496241018
80,50,atraso_relativo,-0.09672800661072975,-0.2481564770108763,0.05470046378941679
80,50,taxa_omissao,-0.08437499999999999,-0.1264382465759473,-0.04231175342405268
80,50,divida_latente_sobre_plano,-0.010719183018527019,-0.023608065204492823,0.0021696991674387857
80,50,taxa_falha_efetiva,0.009374999999999998,-0.061699098134053096,0.08044909813405308
80,50,fracao_porta1,-0.016666666666666666,-0.03963399455463014,0.006300661221296806
80,51,atraso_relativo,-0.4113116515357732,-0.8279423747327348,0.005319071661188446
80,51,taxa_omissao,-0.016666666666666663,-0.06163416874169149,0.028300835408358163
80,51,divida_latente_sobre_plano,-0.011688589303633534,-0.03041889476380921,0.00704171615654214
80,51,taxa_falha_efetiva,0.0052083333333333304,-0.05418563841649742,0.06460230508316409
80,51,fracao_porta1,-0.014583333333333337,-0.07965742901589656,0.05049076234922989
80,52,atraso_relativo,-0.04481433496358117,-0.13835537024958372,0.04872670032242139
80,52,taxa_omissao,-0.010416666666666668,-0.03240620897933103,0.011572875645997696
80,52,divida_latente_sobre_plano,-0.0012503100084914841,-0.016592267547588503,0.014091647530605536
80,52,taxa_falha_efetiva,0.0010416666666666682,-0.06005483118538656,0.0621381645187199
80,52,fracao_porta1,-0.010416666666666668,-0.018976084403168843,-0.0018572489301644911
80,53,atraso_relativo,-0.021746001031991757,-0.11754766152524344,0.07405565946125993
80,53,taxa_omissao,-0.010416666666666668,-0.02795825309291049,0.007124919759577155
80,53,divida_latente_sobre_plano,0.000857436913770438,-0.004689163243740241,0.006404037071281118
80,53,taxa_falha_efetiva,0.007291666666666655,-0.06460234724791267,0.07918568058124598
80,53,fracao_porta1,-0.025000000000000005,-0.06514722784620196,0.015147227846201951
80,72,atraso_relativo,-0.7930090504928134,-1.2045015407240498,-0.38151656026157704
80,72,taxa_omissao,-0.16354166666666667,-0.24920001560938787,-0.07788331772394548
80,72,divida_latente_sobre_plano,-0.044816081256075134,-0.06638178033219322,-0.023250382179957053
80,72,taxa_falha_efetiva,0.0052083333333333304,-0.040526518730010154,0.05094318539667681
80,72,fracao_porta1,0.0020833333333333294,-0.04526502607680048,0.049431692743467134
80,73,atraso_relativo,-0.09471891000234317,-0.2951317070978473,0.105693887093161
80,73,taxa_omissao,-0.14583333333333334,-0.19747436551086933,-0.09419230115579737
80,73,divida_latente_sobre_plano,-0.020888079297778847,-0.03024323003460254,-0.011532928560955153
80,73,taxa_falha_efetiva,0.012499999999999999,-0.0070184755126349255,0.032018475512634925
80,73,fracao_porta1,-0.005208333333333332,-0.03081515871822111,0.020398492051554445
80,74,atraso_relativo,-0.010148074612504554,-0.09610933631397998,0.07581318708897088
80,74,taxa_omissao,-0.153125,-0.18752278563520275,-0.11872721436479727
80,74,divida_latente_sobre_plano,-0.01764435085757719,-0.02669663498298125,-0.00859206673217313
80,74,taxa_falha_efetiva,0.014583333333333332,-0.00992710897808107,0.03909377564474773
80,74,fracao_porta1,-3.469446951953614e-18,-0.019518475512634925,0.019518475512634918
80,75,atraso_relativo,-0.44723940650503785,-0.9063890004041997,0.011910187394123972
80,75,taxa_omissao,-0.06354166666666666,-0.14224643198987308,0.015163098656539767
80,75,divida_latente_sobre_plano,-0.02257637108042055,-0.047399123311919235,0.002246381151078135
80,75,taxa_falha_efetiva,0.026041666666666664,-0.03989918985252567,0.091982523185859
80,75,fracao_porta1,-0.016666666666666663,-0.07471946221903955,0.041386128885706225
80,76,atraso_relativo,-0.0006711373845241508,-0.056437719018418986,0.055095444249370684
80,76,taxa_omissao,-0.0625,-0.11663451098437962,-0.008365489015620384
80,76,divida_latente_sobre_plano,-0.009750448399657937,-0.021023625742343618,0.0015227289430277437
80,76,taxa_falha_efetiva,0.019791666666666662,-0.034173408812951916,0.07375674214628525
80,76,fracao_porta1,-0.012500000000000004,-0.05714046135595133,0.03214046135595132
80,77,atraso_relativo,0.03320963142439787,-0.09544288434234885,0.16186214719114458
80,77,taxa_omissao,-0.07708333333333334,-0.12504663226513707,-0.02912003440152959
80,77,divida_latente_sobre_plano,-0.01101421687018954,-0.021243394503380163,-0.00078503923699892
80,77,taxa_falha_efetiva,0.024999999999999998,-0.026356506419013017,0.07635650641901301
80,77,fracao_porta1,-0.004166666666666669,-0.06729781254684507,0.058964479213511736
80,78,atraso_relativo,-0.16738874929580275,-0.564868265804284,0.2300907672126785
80,78,taxa_omissao,0.007291666666666665,-0.02490585486262908,0.03948918819596241
80,78,divida_latente_sobre_plano,-0.005681946703917219,-0.015122900712758236,0.003759007304923799
80,78,taxa_falha_efetiva,0.010416666666666664,-0.028053131437255685,0.048886464770589014
80,78,fracao_porta1,-0.0020833333333333363,-0.04130751301560211,0.03714084634893544
80,79,atraso_relativo,-0.027256687381283604,-0.0825552942838957,0.028041919521328493
80,79,taxa_omissao,0.002083333333333331,-0.018530474309363304,0.022697140976029963
80,79,divida_latente_sobre_plano,0.00014553796589759297,-0.006998263735597521,0.007289339667392707
80,79,taxa_falha_efetiva,0.006249999999999999,-0.025546825650270208,0.038046825650270205
80,79,fracao_porta1,-0.005208333333333336,-0.04207349810139635,0.03165683143472968
