fonte,modelo,metrica,termo,numero,ANTES,DEPOIS,delta,CONTROLE_mesmo_ambiente,delta_vs_controle
modelo_10_fatorial_decomposicao.csv,legado,atraso_relativo,A,parcela_media,-0.5967631177136437,-0.5967631177136437,0.0,-0.5967631177136437,0.0
modelo_10_fatorial_decomposicao.csv,legado,atraso_relativo,A,pct_do_contraste,52.55976151279914,52.55976151279914,0.0,52.55976151279914,0.0
modelo_10_fatorial_decomposicao.csv,legado,atraso_relativo,A,p_valor,3.0517578125e-05,3.0517578125e-05,0.0,3.0517578125e-05,0.0
modelo_10_fatorial_decomposicao.csv,legado,atraso_relativo,A,n_instancias,16.0,16.0,0.0,16.0,0.0
modelo_10_fatorial_decomposicao.csv,legado,atraso_relativo,B,parcela_media,0.0,0.0,0.0,0.0,0.0
modelo_10_fatorial_decomposicao.csv,legado,atraso_relativo,B,pct_do_contraste,-0.0,-0.0,0.0,-0.0,0.0
modelo_10_fatorial_decomposicao.csv,legado,atraso_relativo,B,p_valor,,,,,
modelo_10_fatorial_decomposicao.csv,legado,atraso_relativo,B,n_instancias,16.0,16.0,0.0,16.0,0.0
modelo_10_fatorial_decomposicao.csv,legado,atraso_relativo,C,parcela_media,-0.3161998532438221,-0.316199853243821,1.1102230246251565e-15,-0.316199853243821,0.0
modelo_10_fatorial_decomposicao.csv,legado,atraso_relativo,C,pct_do_contraste,27.84922255341554,27.84922255341544,-9.947598300641403e-14,27.84922255341544,0.0
modelo_10_fatorial_decomposicao.csv,legado,atraso_relativo,C,p_valor,3.0517578125e-05,3.0517578125e-05,0.0,3.0517578125e-05,0.0
modelo_10_fatorial_decomposicao.csv,legado,atraso_relativo,C,n_instancias,16.0,16.0,0.0,16.0,0.0
modelo_10_fatorial_decomposicao.csv,legado,atraso_relativo,D,parcela_media,-0.4365124252325411,-0.43651242523254186,-7.771561172376096e-16,-0.43651242523254186,0.0
modelo_10_fatorial_decomposicao.csv,legado,atraso_relativo,D,pct_do_contraste,38.445722073938725,38.445722073938796,7.105427357601002e-14,38.445722073938796,0.0
modelo_10_fatorial_decomposicao.csv,legado,atraso_relativo,D,p_valor,3.0517578125e-05,3.0517578125e-05,0.0,3.0517578125e-05,0.0
modelo_10_fatorial_decomposicao.csv,legado,atraso_relativo,D,n_instancias,16.0,16.0,0.0,16.0,0.0
modelo_10_fatorial_decomposicao.csv,legado,atraso_relativo,AB,parcela_media,0.0,-2.80709041835082e-15,-2.80709041835082e-15,-2.80709041835082e-15,0.0
modelo_10_fatorial_decomposicao.csv,legado,atraso_relativo,AB,pct_do_contraste,-0.0,2.47233782641674e-13,2.47233782641674e-13,2.47233782641674e-13,0.0
modelo_10_fatorial_decomposicao.csv,legado,atraso_relativo,AB,p_valor,,,,,
modelo_10_fatorial_decomposicao.csv,legado,atraso_relativo,AB,n_instancias,16.0,16.0,0.0,16.0,0.0
modelo_10_fatorial_decomposicao.csv,legado,atraso_relativo,AC,parcela_media,0.0252616375462101,0.025261637546209317,-7.840950111415168e-16,0.025261637546209317,0.0
modelo_10_fatorial_decomposicao.csv,legado,atraso_relativo,AC,pct_do_contraste,-2.224912373838585,-2.224912373838512,7.327471962526033e-14,-2.224912373838512,0.0
modelo_10_fatorial_decomposicao.csv,legado,atraso_relativo,AC,p_valor,0.632171630859375,0.632171630859375,0.0,0.632171630859375,0.0
modelo_10_fatorial_decomposicao.csv,legado,atraso_relativo,AC,n_instancias,16.0,16.0,0.0,16.0,0.0
modelo_10_fatorial_decomposicao.csv,legado,atraso_relativo,AD,parcela_media,-0.1062305695199935,-0.10623056951999307,4.3021142204224816e-16,-0.10623056951999307,0.0
modelo_10_fatorial_decomposicao.csv,legado,atraso_relativo,AD,pct_do_contraste,9.356230694570009,9.356230694569971,-3.730349362740526e-14,9.356230694569971,0.0
modelo_10_fatorial_decomposicao.csv,legado,atraso_relativo,AD,p_valor,0.02496337890625,0.02496337890625,0.0,0.02496337890625,0.0
modelo_10_fatorial_decomposicao.csv,legado,atraso_relativo,AD,n_instancias,16.0,16.0,0.0,16.0,0.0
modelo_10_fatorial_decomposicao.csv,legado,atraso_relativo,BC,parcela_media,0.0,-2.207238274837701e-16,-2.207238274837701e-16,-2.207238274837701e-16,0.0
modelo_10_fatorial_decomposicao.csv,legado,atraso_relativo,BC,pct_do_contraste,-0.0,1.9440195595844448e-14,1.9440195595844448e-14,1.9440195595844448e-14,0.0
modelo_10_fatorial_decomposicao.csv,legado,atraso_relativo,BC,p_valor,,,,,
modelo_10_fatorial_decomposicao.csv,legado,atraso_relativo,BC,n_instancias,16.0,16.0,0.0,16.0,0.0
modelo_10_fatorial_decomposicao.csv,legado,atraso_relativo,BD,parcela_media,0.0,7.303062963018761e-16,7.303062963018761e-16,7.303062963018761e-16,0.0
modelo_10_fatorial_decomposicao.csv,legado,atraso_relativo,BD,pct_do_contraste,-0.0,-6.432154338221202e-14,-6.432154338221202e-14,-6.432154338221202e-14,0.0
modelo_10_fatorial_decomposicao.csv,legado,atraso_relativo,BD,p_valor,,,,,
modelo_10_fatorial_decomposicao.csv,legado,atraso_relativo,BD,n_instancias,16.0,16.0,0.0,16.0,0.0
modelo_10_fatorial_decomposicao.csv,legado,atraso_relativo,CD,parcela_media,0.296959186377781,0.29695918637777985,-1.1657341758564144e-15,0.29695918637777985,0.0
modelo_10_fatorial_decomposicao.csv,legado,atraso_relativo,CD,pct_do_contraste,-26.15460565802021,-26.154605658020103,1.0658141036401503e-13,-26.154605658020103,0.0
modelo_10_fatorial_decomposicao.csv,legado,atraso_relativo,CD,p_valor,3.0517578125e-05,3.0517578125e-05,0.0,3.0517578125e-05,0.0
modelo_10_fatorial_decomposicao.csv,legado,atraso_relativo,CD,n_instancias,16.0,16.0,0.0,16.0,0.0
modelo_10_fatorial_decomposicao.csv,legado,atraso_relativo,ABC,parcela_media,0.0,4.35150983929072e-16,4.35150983929072e-16,4.35150983929072e-16,0.0
modelo_10_fatorial_decomposicao.csv,legado,atraso_relativo,ABC,pct_do_contraste,-0.0,-3.8325813473524274e-14,-3.8325813473524274e-14,-3.8325813473524274e-14,0.0
modelo_10_fatorial_decomposicao.csv,legado,atraso_relativo,ABC,p_valor,,,,,
modelo_10_fatorial_decomposicao.csv,legado,atraso_relativo,ABC,n_instancias,16.0,16.0,0.0,16.0,0.0
modelo_10_fatorial_decomposicao.csv,legado,atraso_relativo,ABD,parcela_media,0.0,1.769030051699297e-15,1.769030051699297e-15,1.769030051699297e-15,0.0
modelo_10_fatorial_decomposicao.csv,legado,atraso_relativo,ABD,pct_do_contraste,-0.0,-1.558068769104227e-13,-1.558068769104227e-13,-1.558068769104227e-13,0.0
modelo_10_fatorial_decomposicao.csv,legado,atraso_relativo,ABD,p_valor,,,,,
modelo_10_fatorial_decomposicao.csv,legado,atraso_relativo,ABD,n_instancias,16.0,16.0,0.0,16.0,0.0
modelo_10_fatorial_decomposicao.csv,legado,atraso_relativo,ACD,parcela_media,-0.0019140695827911,-0.0019140695827905823,5.175981171445798e-16,-0.0019140695827905823,0.0
modelo_10_fatorial_decomposicao.csv,legado,atraso_relativo,ACD,pct_do_contraste,0.1685811971353806,0.16858119713532674,-5.387357226993572e-14,0.16858119713532674,0.0
modelo_10_fatorial_decomposicao.csv,legado,atraso_relativo,ACD,p_valor,0.781951904296875,0.781951904296875,0.0,0.781951904296875,0.0
modelo_10_fatorial_decomposicao.csv,legado,atraso_relativo,ACD,n_instancias,16.0,16.0,0.0,16.0,0.0
modelo_10_fatorial_decomposicao.csv,legado,atraso_relativo,BCD,parcela_media,0.0,-1.1215571940833597e-15,-1.1215571940833597e-15,-1.1215571940833597e-15,0.0
modelo_10_fatorial_decomposicao.csv,legado,atraso_relativo,BCD,pct_do_contraste,-0.0,9.878086780871081e-14,9.878086780871081e-14,9.878086780871081e-14,0.0
modelo_10_fatorial_decomposicao.csv,legado,atraso_relativo,BCD,p_valor,,,,,
modelo_10_fatorial_decomposicao.csv,legado,atraso_relativo,BCD,n_instancias,16.0,16.0,0.0,16.0,0.0
modelo_10_fatorial_decomposicao.csv,legado,atraso_relativo,ABCD,parcela_media,1.3877787807814457e-17,-3.201379327626154e-15,-3.2152571154339684e-15,-3.201379327626154e-15,0.0
modelo_10_fatorial_decomposicao.csv,legado,atraso_relativo,ABCD,pct_do_contraste,-1.222282671051343e-15,2.8196067916646475e-13,2.831829618375161e-13,2.8196067916646475e-13,0.0
modelo_10_fatorial_decomposicao.csv,legado,atraso_relativo,ABCD,p_valor,,,,,
modelo_10_fatorial_decomposicao.csv,legado,atraso_relativo,ABCD,n_instancias,16.0,16.0,0.0,16.0,0.0
modelo_10_fatorial_decomposicao.csv,legado,atraso_relativo,SOMA_principais,parcela_media,-1.349475396190007,-1.3494753961900066,4.440892098500626e-16,-1.3494753961900066,0.0
modelo_10_fatorial_decomposicao.csv,legado,atraso_relativo,SOMA_principais,pct_do_contraste,118.85470614015344,118.85470614015338,-5.684341886080802e-14,118.85470614015338,0.0
modelo_10_fatorial_decomposicao.csv,legado,atraso_relativo,SOMA_principais,p_valor,,,,,
modelo_10_fatorial_decomposicao.csv,legado,atraso_relativo,SOMA_principais,n_instancias,16.0,16.0,0.0,16.0,0.0
modelo_10_fatorial_decomposicao.csv,legado,atraso_relativo,SOMA_interacoes,parcela_media,0.2140761848212065,0.2140761848212011,-5.384581669432009e-15,0.2140761848212011,0.0
modelo_10_fatorial_decomposicao.csv,legado,atraso_relativo,SOMA_interacoes,pct_do_contraste,-18.854706140153407,-18.854706140152928,4.796163466380676e-13,-18.854706140152928,0.0
modelo_10_fatorial_decomposicao.csv,legado,atraso_relativo,SOMA_interacoes,p_valor,,,,,
modelo_10_fatorial_decomposicao.csv,legado,atraso_relativo,SOMA_interacoes,n_instancias,16.0,16.0,0.0,16.0,0.0
modelo_07_ablacao_parametros.csv,legado,atraso_relativo,centralizada,dif_absoluta,0.0,0.0,0.0,0.0,0.0
modelo_07_ablacao_parametros.csv,legado,atraso_relativo,centralizada,dif_relativa_pct,0.0,0.0,0.0,0.0,0.0
modelo_07_ablacao_parametros.csv,legado,atraso_relativo,centralizada,p_valor,,,,,
modelo_07_ablacao_parametros.csv,legado,atraso_relativo,centralizada,d_cohen_pareado,,,,,
modelo_07_ablacao_parametros.csv,legado,atraso_relativo,centralizada,prop_instancias_com_dif,0.0,0.0,0.0,0.0,0.0
modelo_07_ablacao_parametros.csv,legado,atraso_relativo,centralizada,n_instancias,16.0,16.0,0.0,16.0,0.0
modelo_07_ablacao_parametros.csv,legado,atraso_relativo,centralizada,media_referencia_centralizada,3.134532505799728,3.1345325057997275,-4.440892098500626e-16,3.1345325057997275,0.0
modelo_07_ablacao_parametros.csv,legado,atraso_relativo,centralizada,media_braco,3.134532505799728,3.1345325057997275,-4.440892098500626e-16,3.1345325057997275,0.0
modelo_07_ablacao_parametros.csv,legado,atraso_relativo,centralizada,efeito_total_adaptativa,-1.1353992113688005,-1.1353992113688003,2.220446049250313e-16,-1.1353992113688003,0.0
modelo_07_ablacao_parametros.csv,legado,atraso_relativo,centralizada,fracao_do_efeito_total_pct,-0.0,-0.0,0.0,-0.0,0.0
modelo_07_ablacao_parametros.csv,legado,atraso_relativo,adaptativa,dif_absoluta,-1.1353992113688005,-1.1353992113688003,2.220446049250313e-16,-1.1353992113688003,0.0
modelo_07_ablacao_parametros.csv,legado,atraso_relativo,adaptativa,dif_relativa_pct,-36.222282246810536,-36.222282246810536,0.0,-36.222282246810536,0.0
modelo_07_ablacao_parametros.csv,legado,atraso_relativo,adaptativa,p_valor,3.0517578125e-05,3.0517578125e-05,0.0,3.0517578125e-05,0.0
modelo_07_ablacao_parametros.csv,legado,atraso_relativo,adaptativa,d_cohen_pareado,-5.54647837551483,-5.546478375514831,-8.881784197001252e-16,-5.546478375514831,0.0
modelo_07_ablacao_parametros.csv,legado,atraso_relativo,adaptativa,prop_instancias_com_dif,1.0,1.0,0.0,1.0,0.0
modelo_07_ablacao_parametros.csv,legado,atraso_relativo,adaptativa,n_instancias,16.0,16.0,0.0,16.0,0.0
modelo_07_ablacao_parametros.csv,legado,atraso_relativo,adaptativa,media_referencia_centralizada,3.134532505799728,3.1345325057997275,-4.440892098500626e-16,3.1345325057997275,0.0
modelo_07_ablacao_parametros.csv,legado,atraso_relativo,adaptativa,media_braco,1.9991332944309277,1.9991332944309277,0.0,1.9991332944309277,0.0
modelo_07_ablacao_parametros.csv,legado,atraso_relativo,adaptativa,efeito_total_adaptativa,-1.1353992113688005,-1.1353992113688003,2.220446049250313e-16,-1.1353992113688003,0.0
modelo_07_ablacao_parametros.csv,legado,atraso_relativo,adaptativa,fracao_do_efeito_total_pct,100.0,100.0,0.0,100.0,0.0
modelo_07_ablacao_parametros.csv,legado,atraso_relativo,so_tau_inicial,dif_absoluta,-0.5967631177136437,-0.5967631177136437,0.0,-0.5967631177136437,0.0
modelo_07_ablacao_parametros.csv,legado,atraso_relativo,so_tau_inicial,dif_relativa_pct,-19.0383451634166,-19.038345163416604,-3.552713678800501e-15,-19.038345163416604,0.0
modelo_07_ablacao_parametros.csv,legado,atraso_relativo,so_tau_inicial,p_valor,3.0517578125e-05,3.0517578125e-05,0.0,3.0517578125e-05,0.0
modelo_07_ablacao_parametros.csv,legado,atraso_relativo,so_tau_inicial,d_cohen_pareado,-2.855828554614112,-2.855828554614112,0.0,-2.855828554614112,0.0
modelo_07_ablacao_parametros.csv,legado,atraso_relativo,so_tau_inicial,prop_instancias_com_dif,1.0,1.0,0.0,1.0,0.0
modelo_07_ablacao_parametros.csv,legado,atraso_relativo,so_tau_inicial,n_instancias,16.0,16.0,0.0,16.0,0.0
modelo_07_ablacao_parametros.csv,legado,atraso_relativo,so_tau_inicial,media_referencia_centralizada,3.134532505799728,3.1345325057997275,-4.440892098500626e-16,3.1345325057997275,0.0
modelo_07_ablacao_parametros.csv,legado,atraso_relativo,so_tau_inicial,media_braco,2.537769388086084,2.537769388086084,0.0,2.537769388086084,0.0
modelo_07_ablacao_parametros.csv,legado,atraso_relativo,so_tau_inicial,efeito_total_adaptativa,-1.1353992113688005,-1.1353992113688003,2.220446049250313e-16,-1.1353992113688003,0.0
modelo_07_ablacao_parametros.csv,legado,atraso_relativo,so_tau_inicial,fracao_do_efeito_total_pct,52.55976151279914,52.55976151279914,0.0,52.55976151279914,0.0
modelo_07_ablacao_parametros.csv,legado,atraso_relativo,so_tau_min,dif_absoluta,0.0,0.0,0.0,0.0,0.0
modelo_07_ablacao_parametros.csv,legado,atraso_relativo,so_tau_min,dif_relativa_pct,0.0,0.0,0.0,0.0,0.0
modelo_07_ablacao_parametros.csv,legado,atraso_relativo,so_tau_min,p_valor,,,,,
modelo_07_ablacao_parametros.csv,legado,atraso_relativo,so_tau_min,d_cohen_pareado,,,,,
modelo_07_ablacao_parametros.csv,legado,atraso_relativo,so_tau_min,prop_instancias_com_dif,0.0,0.0,0.0,0.0,0.0
modelo_07_ablacao_parametros.csv,legado,atraso_relativo,so_tau_min,n_instancias,16.0,16.0,0.0,16.0,0.0
modelo_07_ablacao_parametros.csv,legado,atraso_relativo,so_tau_min,media_referencia_centralizada,3.134532505799728,3.1345325057997275,-4.440892098500626e-16,3.1345325057997275,0.0
modelo_07_ablacao_parametros.csv,legado,atraso_relativo,so_tau_min,media_braco,3.134532505799728,3.1345325057997275,-4.440892098500626e-16,3.1345325057997275,0.0
modelo_07_ablacao_parametros.csv,legado,atraso_relativo,so_tau_min,efeito_total_adaptativa,-1.1353992113688005,-1.1353992113688003,2.220446049250313e-16,-1.1353992113688003,0.0
modelo_07_ablacao_parametros.csv,legado,atraso_relativo,so_tau_min,fracao_do_efeito_total_pct,-0.0,-0.0,0.0,-0.0,0.0
modelo_07_ablacao_parametros.csv,legado,atraso_relativo,so_p_reporte,dif_absoluta,-0.3161998532438221,-0.3161998532438221,0.0,-0.3161998532438221,0.0
modelo_07_ablacao_parametros.csv,legado,atraso_relativo,so_p_reporte,dif_relativa_pct,-10.087623996840591,-10.087623996840595,-3.552713678800501e-15,-10.087623996840595,0.0
modelo_07_ablacao_parametros.csv,legado,atraso_relativo,so_p_reporte,p_valor,3.0517578125e-05,3.0517578125e-05,0.0,3.0517578125e-05,0.0
modelo_07_ablacao_parametros.csv,legado,atraso_relativo,so_p_reporte,d_cohen_pareado,-1.930382561501532,-1.9303825615015329,-8.881784197001252e-16,-1.9303825615015329,0.0
modelo_07_ablacao_parametros.csv,legado,atraso_relativo,so_p_reporte,prop_instancias_com_dif,1.0,1.0,0.0,1.0,0.0
modelo_07_ablacao_parametros.csv,legado,atraso_relativo,so_p_reporte,n_instancias,16.0,16.0,0.0,16.0,0.0
modelo_07_ablacao_parametros.csv,legado,atraso_relativo,so_p_reporte,media_referencia_centralizada,3.134532505799728,3.1345325057997275,-4.440892098500626e-16,3.1345325057997275,0.0
modelo_07_ablacao_parametros.csv,legado,atraso_relativo,so_p_reporte,media_braco,2.818332652555906,2.818332652555906,0.0,2.818332652555906,0.0
modelo_07_ablacao_parametros.csv,legado,atraso_relativo,so_p_reporte,efeito_total_adaptativa,-1.1353992113688005,-1.1353992113688003,2.220446049250313e-16,-1.1353992113688003,0.0
modelo_07_ablacao_parametros.csv,legado,atraso_relativo,so_p_reporte,fracao_do_efeito_total_pct,27.84922255341554,27.84922255341554,0.0,27.84922255341554,0.0
modelo_07_ablacao_parametros.csv,legado,atraso_relativo,so_p_deteccao,dif_absoluta,-0.4365124252325411,-0.4365124252325411,0.0,-0.4365124252325411,0.0
modelo_07_ablacao_parametros.csv,legado,atraso_relativo,so_p_deteccao,dif_relativa_pct,-13.925917961446428,-13.925917961446428,0.0,-13.925917961446428,0.0
modelo_07_ablacao_parametros.csv,legado,atraso_relativo,so_p_deteccao,p_valor,3.0517578125e-05,3.0517578125e-05,0.0,3.0517578125e-05,0.0
modelo_07_ablacao_parametros.csv,legado,atraso_relativo,so_p_deteccao,d_cohen_pareado,-2.895007702714042,-2.895007702714042,0.0,-2.895007702714042,0.0
modelo_07_ablacao_parametros.csv,legado,atraso_relativo,so_p_deteccao,prop_instancias_com_dif,1.0,1.0,0.0,1.0,0.0
modelo_07_ablacao_parametros.csv,legado,atraso_relativo,so_p_deteccao,n_instancias,16.0,16.0,0.0,16.0,0.0
modelo_07_ablacao_parametros.csv,legado,atraso_relativo,so_p_deteccao,media_referencia_centralizada,3.134532505799728,3.1345325057997275,-4.440892098500626e-16,3.1345325057997275,0.0
modelo_07_ablacao_parametros.csv,legado,atraso_relativo,so_p_deteccao,media_braco,2.6980200805671872,2.6980200805671872,0.0,2.6980200805671872,0.0
modelo_07_ablacao_parametros.csv,legado,atraso_relativo,so_p_deteccao,efeito_total_adaptativa,-1.1353992113688005,-1.1353992113688003,2.220446049250313e-16,-1.1353992113688003,0.0
modelo_07_ablacao_parametros.csv,legado,atraso_relativo,so_p_deteccao,fracao_do_efeito_total_pct,38.445722073938725,38.445722073938725,0.0,38.445722073938725,0.0
modelo_07_ablacao_parametros.csv,legado,atraso_relativo,so_par_tau,dif_absoluta,-0.5967631177136437,-0.5967631177136437,0.0,-0.5967631177136437,0.0
modelo_07_ablacao_parametros.csv,legado,atraso_relativo,so_par_tau,dif_relativa_pct,-19.0383451634166,-19.038345163416604,-3.552713678800501e-15,-19.038345163416604,0.0
modelo_07_ablacao_parametros.csv,legado,atraso_relativo,so_par_tau,p_valor,3.0517578125e-05,3.0517578125e-05,0.0,3.0517578125e-05,0.0
modelo_07_ablacao_parametros.csv,legado,atraso_relativo,so_par_tau,d_cohen_pareado,-2.855828554614112,-2.855828554614112,0.0,-2.855828554614112,0.0
modelo_07_ablacao_parametros.csv,legado,atraso_relativo,so_par_tau,prop_instancias_com_dif,1.0,1.0,0.0,1.0,0.0
modelo_07_ablacao_parametros.csv,legado,atraso_relativo,so_par_tau,n_instancias,16.0,16.0,0.0,16.0,0.0
modelo_07_ablacao_parametros.csv,legado,atraso_relativo,so_par_tau,media_referencia_centralizada,3.134532505799728,3.1345325057997275,-4.440892098500626e-16,3.1345325057997275,0.0
modelo_07_ablacao_parametros.csv,legado,atraso_relativo,so_par_tau,media_braco,2.537769388086084,2.537769388086084,0.0,2.537769388086084,0.0
modelo_07_ablacao_parametros.csv,legado,atraso_relativo,so_par_tau,efeito_total_adaptativa,-1.1353992113688005,-1.1353992113688003,2.220446049250313e-16,-1.1353992113688003,0.0
modelo_07_ablacao_parametros.csv,legado,atraso_relativo,so_par_tau,fracao_do_efeito_total_pct,52.55976151279914,52.55976151279914,0.0,52.55976151279914,0.0
modelo_07_ablacao_parametros.csv,legado,atraso_relativo,sem_par_tau,dif_absoluta,-0.4557530920985821,-0.45575309209858217,-5.551115123125783e-17,-0.45575309209858217,0.0
modelo_07_ablacao_parametros.csv,legado,atraso_relativo,sem_par_tau,dif_relativa_pct,-14.539746876298665,-14.539746876298667,-1.7763568394002505e-15,-14.539746876298667,0.0
modelo_07_ablacao_parametros.csv,legado,atraso_relativo,sem_par_tau,p_valor,3.0517578125e-05,3.0517578125e-05,0.0,3.0517578125e-05,0.0
modelo_07_ablacao_parametros.csv,legado,atraso_relativo,sem_par_tau,d_cohen_pareado,-2.944959227714318,-2.9449592277143184,-4.440892098500626e-16,-2.9449592277143184,0.0
modelo_07_ablacao_parametros.csv,legado,atraso_relativo,sem_par_tau,prop_instancias_com_dif,1.0,1.0,0.0,1.0,0.0
modelo_07_ablacao_parametros.csv,legado,atraso_relativo,sem_par_tau,n_instancias,16.0,16.0,0.0,16.0,0.0
modelo_07_ablacao_parametros.csv,legado,atraso_relativo,sem_par_tau,media_referencia_centralizada,3.134532505799728,3.1345325057997275,-4.440892098500626e-16,3.1345325057997275,0.0
modelo_07_ablacao_parametros.csv,legado,atraso_relativo,sem_par_tau,media_braco,2.678779413701146,2.678779413701146,0.0,2.678779413701146,0.0
modelo_07_ablacao_parametros.csv,legado,atraso_relativo,sem_par_tau,efeito_total_adaptativa,-1.1353992113688005,-1.1353992113688003,2.220446049250313e-16,-1.1353992113688003,0.0
modelo_07_ablacao_parametros.csv,legado,atraso_relativo,sem_par_tau,fracao_do_efeito_total_pct,40.14033896933407,40.14033896933407,0.0,40.14033896933407,0.0
modelo_10_fatorial_decomposicao.csv,legado,E_total,A,parcela_media,0.1029490097953219,0.10294900979532196,5.551115123125783e-17,0.10294900979532196,0.0
modelo_10_fatorial_decomposicao.csv,legado,E_total,A,pct_do_contraste,98.39240130627078,98.39240130627078,0.0,98.39240130627078,0.0
modelo_10_fatorial_decomposicao.csv,legado,E_total,A,p_valor,3.0517578125e-05,3.0517578125e-05,0.0,3.0517578125e-05,0.0
modelo_10_fatorial_decomposicao.csv,legado,E_total,A,n_instancias,16.0,16.0,0.0,16.0,0.0
modelo_10_fatorial_decomposicao.csv,legado,E_total,B,parcela_media,0.0,0.0,0.0,0.0,0.0
modelo_10_fatorial_decomposicao.csv,legado,E_total,B,pct_do_contraste,0.0,0.0,0.0,0.0,0.0
modelo_10_fatorial_decomposicao.csv,legado,E_total,B,p_valor,,,,,
modelo_10_fatorial_decomposicao.csv,legado,E_total,B,n_instancias,16.0,16.0,0.0,16.0,0.0
modelo_10_fatorial_decomposicao.csv,legado,E_total,C,parcela_media,0.0044849474580656,0.004484947458066008,4.0852737859253807e-16,0.004484947458066008,0.0
modelo_10_fatorial_decomposicao.csv,legado,E_total,C,pct_do_contraste,4.28643996682309,4.286439966823478,3.8813396940895473e-13,4.286439966823478,0.0
modelo_10_fatorial_decomposicao.csv,legado,E_total,C,p_valor,0.033538818359375,0.033538818359375,0.0,0.033538818359375,0.0
modelo_10_fatorial_decomposicao.csv,legado,E_total,C,n_instancias,16.0,16.0,0.0,16.0,0.0
modelo_10_fatorial_decomposicao.csv,legado,E_total,D,parcela_media,0.0018999282493706,0.0018999282493703906,-2.0946785972419946e-16,0.0018999282493703906,0.0
modelo_10_fatorial_decomposicao.csv,legado,E_total,D,pct_do_contraste,1.81583585055223,1.8158358505519745,-2.5557334026871104e-13,1.8158358505519745,0.0
modelo_10_fatorial_decomposicao.csv,legado,E_total,D,p_valor,0.743560791015625,0.743560791015625,0.0,0.743560791015625,0.0
modelo_10_fatorial_decomposicao.csv,legado,E_total,D,n_instancias,16.0,16.0,0.0,16.0,0.0
modelo_10_fatorial_decomposicao.csv,legado,E_total,AB,parcela_media,0.0,-8.017915242331827e-16,-8.017915242331827e-16,-8.017915242331827e-16,0.0
modelo_10_fatorial_decomposicao.csv,legado,E_total,AB,pct_do_contraste,0.0,-7.663035669130122e-13,-7.663035669130122e-13,-7.663035669130122e-13,0.0
modelo_10_fatorial_decomposicao.csv,legado,E_total,AB,p_valor,,,,,
modelo_10_fatorial_decomposicao.csv,legado,E_total,AB,n_instancias,16.0,16.0,0.0,16.0,0.0
modelo_10_fatorial_decomposicao.csv,legado,E_total,AC,parcela_media,-0.0020731423959219,-0.0020731423959222976,-3.9768535686768303e-16,-0.0020731423959222976,0.0
modelo_10_fatorial_decomposicao.csv,legado,E_total,AC,pct_do_contraste,-1.981383395431754,-1.9813833954321278,-3.739231146937527e-13,-1.9813833954321278,0.0
modelo_10_fatorial_decomposicao.csv,legado,E_total,AC,p_valor,0.2978515625,0.2978515625,0.0,0.2978515625,0.0
modelo_10_fatorial_decomposicao.csv,legado,E_total,AC,n_instancias,16.0,16.0,0.0,16.0,0.0
modelo_10_fatorial_decomposicao.csv,legado,E_total,AD,parcela_media,-0.002693559924181,-0.0026935599241808897,1.1015494072452725e-16,-0.0026935599241808897,0.0
modelo_10_fatorial_decomposicao.csv,legado,E_total,AD,pct_do_contraste,-2.574340729740109,-2.57434072973995,1.5898393712632242e-13,-2.57434072973995,0.0
modelo_10_fatorial_decomposicao.csv,legado,E_total,AD,p_valor,0.820892333984375,0.820892333984375,0.0,0.820892333984375,0.0
modelo_10_fatorial_decomposicao.csv,legado,E_total,AD,n_instancias,16.0,16.0,0.0,16.0,0.0
modelo_10_fatorial_decomposicao.csv,legado,E_total,BC,parcela_media,0.0,3.1398206651645983e-17,3.1398206651645983e-17,3.1398206651645983e-17,0.0
modelo_10_fatorial_decomposicao.csv,legado,E_total,BC,pct_do_contraste,0.0,3.000849600504223e-14,3.000849600504223e-14,3.000849600504223e-14,0.0
modelo_10_fatorial_decomposicao.csv,legado,E_total,BC,p_valor,,,,,
modelo_10_fatorial_decomposicao.csv,legado,E_total,BC,n_instancias,16.0,16.0,0.0,16.0,0.0
modelo_10_fatorial_decomposicao.csv,legado,E_total,BD,parcela_media,0.0,2.2738022214047173e-16,2.2738022214047173e-16,2.2738022214047173e-16,0.0
modelo_10_fatorial_decomposicao.csv,legado,E_total,BD,pct_do_contraste,0.0,2.1731618507486515e-13,2.1731618507486515e-13,2.1731618507486515e-13,0.0
modelo_10_fatorial_decomposicao.csv,legado,E_total,BD,p_valor,,,,,
modelo_10_fatorial_decomposicao.csv,legado,E_total,BD,n_instancias,16.0,16.0,0.0,16.0,0.0
modelo_10_fatorial_decomposicao.csv,legado,E_total,CD,parcela_media,-0.0024271034235933,-0.002427103423593711,-4.106957829375091e-16,-0.002427103423593711,0.0
modelo_10_fatorial_decomposicao.csv,legado,E_total,CD,pct_do_contraste,-2.3196778146852663,-2.3196778146855737,-3.0730973321624333e-13,-2.3196778146855737,0.0
modelo_10_fatorial_decomposicao.csv,legado,E_total,CD,p_valor,0.632171630859375,0.632171630859375,0.0,0.632171630859375,0.0
modelo_10_fatorial_decomposicao.csv,legado,E_total,CD,n_instancias,16.0,16.0,0.0,16.0,0.0
modelo_10_fatorial_decomposicao.csv,legado,E_total,ABC,parcela_media,0.0,-1.3615938759081824e-16,-1.3615938759081824e-16,-1.3615938759081824e-16,0.0
modelo_10_fatorial_decomposicao.csv,legado,E_total,ABC,pct_do_contraste,0.0,-1.3013286025856095e-13,-1.3013286025856095e-13,-1.3013286025856095e-13,0.0
modelo_10_fatorial_decomposicao.csv,legado,E_total,ABC,p_valor,,,,,
modelo_10_fatorial_decomposicao.csv,legado,E_total,ABC,n_instancias,16.0,16.0,0.0,16.0,0.0
modelo_10_fatorial_decomposicao.csv,legado,E_total,ABD,parcela_media,0.0,6.34900277534575e-16,6.34900277534575e-16,6.34900277534575e-16,0.0
modelo_10_fatorial_decomposicao.csv,legado,E_total,ABD,pct_do_contraste,0.0,6.067990650987615e-13,6.067990650987615e-13,6.067990650987615e-13,0.0
modelo_10_fatorial_decomposicao.csv,legado,E_total,ABD,p_valor,,,,,
modelo_10_fatorial_decomposicao.csv,legado,E_total,ABD,n_instancias,16.0,16.0,0.0,16.0,0.0
modelo_10_fatorial_decomposicao.csv,legado,E_total,ACD,parcela_media,0.0024909775467432,0.0024909775467434146,2.1467203015212988e-16,0.0024909775467434146,0.0
modelo_10_fatorial_decomposicao.csv,legado,E_total,ACD,pct_do_contraste,2.3807248162110177,2.380724816211152,1.341149413747189e-13,2.380724816211152,0.0
modelo_10_fatorial_decomposicao.csv,legado,E_total,ACD,p_valor,0.781951904296875,0.781951904296875,0.0,0.781951904296875,0.0
modelo_10_fatorial_decomposicao.csv,legado,E_total,ACD,n_instancias,16.0,16.0,0.0,16.0,0.0
modelo_10_fatorial_decomposicao.csv,legado,E_total,BCD,parcela_media,0.0,-4.676618496379311e-16,-4.676618496379311e-16,-4.676618496379311e-16,0.0
modelo_10_fatorial_decomposicao.csv,legado,E_total,BCD,pct_do_contraste,0.0,-4.469627486140143e-13,-4.469627486140143e-13,-4.469627486140143e-13,0.0
modelo_10_fatorial_decomposicao.csv,legado,E_total,BCD,p_valor,,,,,
modelo_10_fatorial_decomposicao.csv,legado,E_total,BCD,n_instancias,16.0,16.0,0.0,16.0,0.0
modelo_10_fatorial_decomposicao.csv,legado,E_total,ABCD,parcela_media,0.0,-9.642377267001572e-16,-9.642377267001572e-16,-9.642377267001572e-16,0.0
modelo_10_fatorial_decomposicao.csv,legado,E_total,ABCD,pct_do_contraste,0.0,-9.21559765837002e-13,-9.21559765837002e-13,-9.21559765837002e-13,0.0
modelo_10_fatorial_decomposicao.csv,legado,E_total,ABCD,p_valor,,,,,
modelo_10_fatorial_decomposicao.csv,legado,E_total,ABCD,n_instancias,16.0,16.0,0.0,16.0,0.0
modelo_10_fatorial_decomposicao.csv,legado,E_total,SOMA_principais,parcela_media,0.1093338855027582,0.10933388550275838,1.8041124150158794e-16,0.10933388550275838,0.0
modelo_10_fatorial_decomposicao.csv,legado,E_total,SOMA_principais,pct_do_contraste,104.49467712364611,104.49467712364627,1.5631940186722204e-13,104.49467712364627,0.0
modelo_10_fatorial_decomposicao.csv,legado,E_total,SOMA_principais,p_valor,,,,,
modelo_10_fatorial_decomposicao.csv,legado,E_total,SOMA_principais,n_instancias,16.0,16.0,0.0,16.0,0.0
modelo_10_fatorial_decomposicao.csv,legado,E_total,SOMA_interacoes,parcela_media,-0.004702828196953,-0.004702828196954959,-1.9593701661158036e-15,-0.004702828196954959,0.0
modelo_10_fatorial_decomposicao.csv,legado,E_total,SOMA_interacoes,pct_do_contraste,-4.494677123646112,-4.494677123647911,-1.7985612998927536e-12,-4.494677123647911,0.0
modelo_10_fatorial_decomposicao.csv,legado,E_total,SOMA_interacoes,p_valor,,,,,
modelo_10_fatorial_decomposicao.csv,legado,E_total,SOMA_interacoes,n_instancias,16.0,16.0,0.0,16.0,0.0
modelo_07_ablacao_parametros.csv,legado,E_total,centralizada,dif_absoluta,0.0,0.0,0.0,0.0,0.0
modelo_07_ablacao_parametros.csv,legado,E_total,centralizada,dif_relativa_pct,0.0,0.0,0.0,0.0,0.0
modelo_07_ablacao_parametros.csv,legado,E_total,centralizada,p_valor,,,,,
modelo_07_ablacao_parametros.csv,legado,E_total,centralizada,d_cohen_pareado,,,,,
modelo_07_ablacao_parametros.csv,legado,E_total,centralizada,prop_instancias_com_dif,0.0,0.0,0.0,0.0,0.0
modelo_07_ablacao_parametros.csv,legado,E_total,centralizada,n_instancias,16.0,16.0,0.0,16.0,0.0
modelo_07_ablacao_parametros.csv,legado,E_total,centralizada,media_referencia_centralizada,0.7839008771073722,0.7839008771073722,0.0,0.7839008771073722,0.0
modelo_07_ablacao_parametros.csv,legado,E_total,centralizada,media_braco,0.7839008771073722,0.7839008771073722,0.0,0.7839008771073722,0.0
modelo_07_ablacao_parametros.csv,legado,E_total,centralizada,efeito_total_adaptativa,0.1046310573058051,0.10463105730580514,4.163336342344337e-17,0.10463105730580514,0.0
modelo_07_ablacao_parametros.csv,legado,E_total,centralizada,fracao_do_efeito_total_pct,0.0,0.0,0.0,0.0,0.0
modelo_07_ablacao_parametros.csv,legado,E_total,adaptativa,dif_absoluta,0.1046310573058051,0.10463105730580514,4.163336342344337e-17,0.10463105730580514,0.0
modelo_07_ablacao_parametros.csv,legado,E_total,adaptativa,dif_relativa_pct,13.347485678533518,13.347485678533518,0.0,13.347485678533518,0.0
modelo_07_ablacao_parametros.csv,legado,E_total,adaptativa,p_valor,3.0517578125e-05,3.0517578125e-05,0.0,3.0517578125e-05,0.0
modelo_07_ablacao_parametros.csv,legado,E_total,adaptativa,d_cohen_pareado,3.752444045375827,3.7524440453758268,-4.440892098500626e-16,3.7524440453758268,0.0
modelo_07_ablacao_parametros.csv,legado,E_total,adaptativa,prop_instancias_com_dif,1.0,1.0,0.0,1.0,0.0
modelo_07_ablacao_parametros.csv,legado,E_total,adaptativa,n_instancias,16.0,16.0,0.0,16.0,0.0
modelo_07_ablacao_parametros.csv,legado,E_total,adaptativa,media_referencia_centralizada,0.7839008771073722,0.7839008771073722,0.0,0.7839008771073722,0.0
modelo_07_ablacao_parametros.csv,legado,E_total,adaptativa,media_braco,0.8885319344131772,0.8885319344131772,0.0,0.8885319344131772,0.0
modelo_07_ablacao_parametros.csv,legado,E_total,adaptativa,efeito_total_adaptativa,0.1046310573058051,0.10463105730580514,4.163336342344337e-17,0.10463105730580514,0.0
modelo_07_ablacao_parametros.csv,legado,E_total,adaptativa,fracao_do_efeito_total_pct,100.0,100.0,0.0,100.0,0.0
modelo_07_ablacao_parametros.csv,legado,E_total,so_tau_inicial,dif_absoluta,0.1029490097953219,0.10294900979532196,5.551115123125783e-17,0.10294900979532196,0.0
modelo_07_ablacao_parametros.csv,legado,E_total,so_tau_inicial,dif_relativa_pct,13.13291167311972,13.13291167311972,0.0,13.13291167311972,0.0
modelo_07_ablacao_parametros.csv,legado,E_total,so_tau_inicial,p_valor,3.0517578125e-05,3.0517578125e-05,0.0,3.0517578125e-05,0.0
modelo_07_ablacao_parametros.csv,legado,E_total,so_tau_inicial,d_cohen_pareado,3.279640666523442,3.279640666523442,0.0,3.279640666523442,0.0
modelo_07_ablacao_parametros.csv,legado,E_total,so_tau_inicial,prop_instancias_com_dif,1.0,1.0,0.0,1.0,0.0
modelo_07_ablacao_parametros.csv,legado,E_total,so_tau_inicial,n_instancias,16.0,16.0,0.0,16.0,0.0
modelo_07_ablacao_parametros.csv,legado,E_total,so_tau_inicial,media_referencia_centralizada,0.7839008771073722,0.7839008771073722,0.0,0.7839008771073722,0.0
modelo_07_ablacao_parametros.csv,legado,E_total,so_tau_inicial,media_braco,0.8868498869026942,0.8868498869026942,0.0,0.8868498869026942,0.0
modelo_07_ablacao_parametros.csv,legado,E_total,so_tau_inicial,efeito_total_adaptativa,0.1046310573058051,0.10463105730580514,4.163336342344337e-17,0.10463105730580514,0.0
modelo_07_ablacao_parametros.csv,legado,E_total,so_tau_inicial,fracao_do_efeito_total_pct,98.39240130627078,98.39240130627078,0.0,98.39240130627078,0.0
modelo_07_ablacao_parametros.csv,legado,E_total,so_tau_min,dif_absoluta,0.0,0.0,0.0,0.0,0.0
modelo_07_ablacao_parametros.csv,legado,E_total,so_tau_min,dif_relativa_pct,0.0,0.0,0.0,0.0,0.0
modelo_07_ablacao_parametros.csv,legado,E_total,so_tau_min,p_valor,,,,,
modelo_07_ablacao_parametros.csv,legado,E_total,so_tau_min,d_cohen_pareado,,,,,
modelo_07_ablacao_parametros.csv,legado,E_total,so_tau_min,prop_instancias_com_dif,0.0,0.0,0.0,0.0,0.0
modelo_07_ablacao_parametros.csv,legado,E_total,so_tau_min,n_instancias,16.0,16.0,0.0,16.0,0.0
modelo_07_ablacao_parametros.csv,legado,E_total,so_tau_min,media_referencia_centralizada,0.7839008771073722,0.7839008771073722,0.0,0.7839008771073722,0.0
modelo_07_ablacao_parametros.csv,legado,E_total,so_tau_min,media_braco,0.7839008771073722,0.7839008771073722,0.0,0.7839008771073722,0.0
modelo_07_ablacao_parametros.csv,legado,E_total,so_tau_min,efeito_total_adaptativa,0.1046310573058051,0.10463105730580514,4.163336342344337e-17,0.10463105730580514,0.0
modelo_07_ablacao_parametros.csv,legado,E_total,so_tau_min,fracao_do_efeito_total_pct,0.0,0.0,0.0,0.0,0.0
modelo_07_ablacao_parametros.csv,legado,E_total,so_p_reporte,dif_absoluta,0.0044849474580656,0.004484947458065602,2.6020852139652106e-18,0.004484947458065602,0.0
modelo_07_ablacao_parametros.csv,legado,E_total,so_p_reporte,dif_relativa_pct,0.5721319606906489,0.5721319606906489,0.0,0.5721319606906489,0.0
modelo_07_ablacao_parametros.csv,legado,E_total,so_p_reporte,p_valor,0.033538818359375,0.033538818359375,0.0,0.033538818359375,0.0
modelo_07_ablacao_parametros.csv,legado,E_total,so_p_reporte,d_cohen_pareado,0.4817549144706958,0.48175491447069585,5.551115123125783e-17,0.48175491447069585,0.0
modelo_07_ablacao_parametros.csv,legado,E_total,so_p_reporte,prop_instancias_com_dif,1.0,1.0,0.0,1.0,0.0
modelo_07_ablacao_parametros.csv,legado,E_total,so_p_reporte,n_instancias,16.0,16.0,0.0,16.0,0.0
modelo_07_ablacao_parametros.csv,legado,E_total,so_p_reporte,media_referencia_centralizada,0.7839008771073722,0.7839008771073722,0.0,0.7839008771073722,0.0
modelo_07_ablacao_parametros.csv,legado,E_total,so_p_reporte,media_braco,0.7883858245654378,0.7883858245654378,0.0,0.7883858245654378,0.0
modelo_07_ablacao_parametros.csv,legado,E_total,so_p_reporte,efeito_total_adaptativa,0.1046310573058051,0.10463105730580514,4.163336342344337e-17,0.10463105730580514,0.0
modelo_07_ablacao_parametros.csv,legado,E_total,so_p_reporte,fracao_do_efeito_total_pct,4.28643996682309,4.28643996682309,0.0,4.28643996682309,0.0
modelo_07_ablacao_parametros.csv,legado,E_total,so_p_deteccao,dif_absoluta,0.0018999282493706,0.0018999282493706582,5.811323644522304e-17,0.0018999282493706582,0.0
modelo_07_ablacao_parametros.csv,legado,E_total,so_p_deteccao,dif_relativa_pct,0.2423684300981362,0.24236843009813622,2.7755575615628914e-17,0.24236843009813622,0.0
modelo_07_ablacao_parametros.csv,legado,E_total,so_p_deteccao,p_valor,0.743560791015625,0.743560791015625,0.0,0.743560791015625,0.0
modelo_07_ablacao_parametros.csv,legado,E_total,so_p_deteccao,d_cohen_pareado,0.1467890623865849,0.14678906238658496,5.551115123125783e-17,0.14678906238658496,0.0
modelo_07_ablacao_parametros.csv,legado,E_total,so_p_deteccao,prop_instancias_com_dif,1.0,1.0,0.0,1.0,0.0
modelo_07_ablacao_parametros.csv,legado,E_total,so_p_deteccao,n_instancias,16.0,16.0,0.0,16.0,0.0
modelo_07_ablacao_parametros.csv,legado,E_total,so_p_deteccao,media_referencia_centralizada,0.7839008771073722,0.7839008771073722,0.0,0.7839008771073722,0.0
modelo_07_ablacao_parametros.csv,legado,E_total,so_p_deteccao,media_braco,0.7858008053567429,0.7858008053567429,0.0,0.7858008053567429,0.0
modelo_07_ablacao_parametros.csv,legado,E_total,so_p_deteccao,efeito_total_adaptativa,0.1046310573058051,0.10463105730580514,4.163336342344337e-17,0.10463105730580514,0.0
modelo_07_ablacao_parametros.csv,legado,E_total,so_p_deteccao,fracao_do_efeito_total_pct,1.81583585055223,1.81583585055223,0.0,1.81583585055223,0.0
modelo_07_ablacao_parametros.csv,legado,E_total,so_par_tau,dif_absoluta,0.1029490097953219,0.10294900979532196,5.551115123125783e-17,0.10294900979532196,0.0
modelo_07_ablacao_parametros.csv,legado,E_total,so_par_tau,dif_relativa_pct,13.13291167311972,13.13291167311972,0.0,13.13291167311972,0.0
modelo_07_ablacao_parametros.csv,legado,E_total,so_par_tau,p_valor,3.0517578125e-05,3.0517578125e-05,0.0,3.0517578125e-05,0.0
modelo_07_ablacao_parametros.csv,legado,E_total,so_par_tau,d_cohen_pareado,3.279640666523442,3.279640666523442,0.0,3.279640666523442,0.0
modelo_07_ablacao_parametros.csv,legado,E_total,so_par_tau,prop_instancias_com_dif,1.0,1.0,0.0,1.0,0.0
modelo_07_ablacao_parametros.csv,legado,E_total,so_par_tau,n_instancias,16.0,16.0,0.0,16.0,0.0
modelo_07_ablacao_parametros.csv,legado,E_total,so_par_tau,media_referencia_centralizada,0.7839008771073722,0.7839008771073722,0.0,0.7839008771073722,0.0
modelo_07_ablacao_parametros.csv,legado,E_total,so_par_tau,media_braco,0.8868498869026942,0.8868498869026942,0.0,0.8868498869026942,0.0
modelo_07_ablacao_parametros.csv,legado,E_total,so_par_tau,efeito_total_adaptativa,0.1046310573058051,0.10463105730580514,4.163336342344337e-17,0.10463105730580514,0.0
modelo_07_ablacao_parametros.csv,legado,E_total,so_par_tau,fracao_do_efeito_total_pct,98.39240130627078,98.39240130627078,0.0,98.39240130627078,0.0
modelo_07_ablacao_parametros.csv,legado,E_total,sem_par_tau,dif_absoluta,0.0039577722838428,0.003957772283842871,7.112366251504909e-17,0.003957772283842871,0.0
modelo_07_ablacao_parametros.csv,legado,E_total,sem_par_tau,dif_relativa_pct,0.5048817266855499,0.5048817266855499,0.0,0.5048817266855499,0.0
modelo_07_ablacao_parametros.csv,legado,E_total,sem_par_tau,p_valor,0.07391357421875,0.07391357421875,0.0,0.07391357421875,0.0
modelo_07_ablacao_parametros.csv,legado,E_total,sem_par_tau,d_cohen_pareado,0.4343213054149416,0.4343213054149416,0.0,0.4343213054149416,0.0
modelo_07_ablacao_parametros.csv,legado,E_total,sem_par_tau,prop_instancias_com_dif,1.0,1.0,0.0,1.0,0.0
modelo_07_ablacao_parametros.csv,legado,E_total,sem_par_tau,n_instancias,16.0,16.0,0.0,16.0,0.0
modelo_07_ablacao_parametros.csv,legado,E_total,sem_par_tau,media_referencia_centralizada,0.7839008771073722,0.7839008771073722,0.0,0.7839008771073722,0.0
modelo_07_ablacao_parametros.csv,legado,E_total,sem_par_tau,media_braco,0.7878586493912151,0.7878586493912151,0.0,0.7878586493912151,0.0
modelo_07_ablacao_parametros.csv,legado,E_total,sem_par_tau,efeito_total_adaptativa,0.1046310573058051,0.10463105730580514,4.163336342344337e-17,0.10463105730580514,0.0
modelo_07_ablacao_parametros.csv,legado,E_total,sem_par_tau,fracao_do_efeito_total_pct,3.7825980026900536,3.7825980026900536,0.0,3.7825980026900536,0.0
modelo_10_fatorial_decomposicao.csv,legado,TL,A,parcela_media,10.385416666666668,10.385416666666668,0.0,10.385416666666668,0.0
modelo_10_fatorial_decomposicao.csv,legado,TL,A,pct_do_contraste,99.00695134061569,99.00695134061569,0.0,99.00695134061569,0.0
modelo_10_fatorial_decomposicao.csv,legado,TL,A,p_valor,0.0004358423668112,3.0517578125e-05,-0.0004053247886862,3.0517578125e-05,0.0
modelo_10_fatorial_decomposicao.csv,legado,TL,A,n_instancias,16.0,16.0,0.0,16.0,0.0
modelo_10_fatorial_decomposicao.csv,legado,TL,B,parcela_media,0.0,0.0,0.0,0.0,0.0
modelo_10_fatorial_decomposicao.csv,legado,TL,B,pct_do_contraste,0.0,0.0,0.0,0.0,0.0
modelo_10_fatorial_decomposicao.csv,legado,TL,B,p_valor,,,,,
modelo_10_fatorial_decomposicao.csv,legado,TL,B,n_instancias,16.0,16.0,0.0,16.0,0.0
modelo_10_fatorial_decomposicao.csv,legado,TL,C,parcela_media,0.0,-5.300688514663224e-16,-5.300688514663224e-16,-5.300688514663224e-16,0.0
modelo_10_fatorial_decomposicao.csv,legado,TL,C,pct_do_contraste,0.0,-5.053287958368118e-15,-5.053287958368118e-15,-5.053287958368118e-15,0.0
modelo_10_fatorial_decomposicao.csv,legado,TL,C,p_valor,,,,,
modelo_10_fatorial_decomposicao.csv,legado,TL,C,n_instancias,16.0,16.0,0.0,16.0,0.0
modelo_10_fatorial_decomposicao.csv,legado,TL,D,parcela_media,0.0,2.4681934736777324e-15,2.4681934736777324e-15,2.4681934736777324e-15,0.0
modelo_10_fatorial_decomposicao.csv,legado,TL,D,pct_do_contraste,0.0,2.352994771331304e-14,2.352994771331304e-14,2.352994771331304e-14,0.0
modelo_10_fatorial_decomposicao.csv,legado,TL,D,p_valor,,,,,
modelo_10_fatorial_decomposicao.csv,legado,TL,D,n_instancias,16.0,16.0,0.0,16.0,0.0
modelo_10_fatorial_decomposicao.csv,legado,TL,AB,parcela_media,0.0,-3.653544480841653e-15,-3.653544480841653e-15,-3.653544480841653e-15,0.0
modelo_10_fatorial_decomposicao.csv,legado,TL,AB,pct_do_contraste,0.0,-3.4830215507527176e-14,-3.4830215507527176e-14,-3.4830215507527176e-14,0.0
modelo_10_fatorial_decomposicao.csv,legado,TL,AB,p_valor,,,,,
modelo_10_fatorial_decomposicao.csv,legado,TL,AB,n_instancias,16.0,16.0,0.0,16.0,0.0
modelo_10_fatorial_decomposicao.csv,legado,TL,AC,parcela_media,0.0052083333333335,0.005208333333334952,1.452830911130576e-15,0.005208333333334952,0.0
modelo_10_fatorial_decomposicao.csv,legado,TL,AC,pct_do_contraste,0.0496524329692179,0.04965243296923092,1.3024303857633868e-14,0.04965243296923092,0.0
modelo_10_fatorial_decomposicao.csv,legado,TL,AC,p_valor,0.9686762703046428,0.781951904296875,-0.18672436600776776,0.781951904296875,0.0
modelo_10_fatorial_decomposicao.csv,legado,TL,AC,n_instancias,16.0,16.0,0.0,16.0,0.0
modelo_10_fatorial_decomposicao.csv,legado,TL,AD,parcela_media,-0.0156249999999997,-0.015625000000006016,-6.316128176031555e-15,-0.015625000000006016,0.0
modelo_10_fatorial_decomposicao.csv,legado,TL,AD,pct_do_contraste,-0.1489572989076443,-0.14895729890770382,-5.950795411990839e-14,-0.14895729890770382,0.0
modelo_10_fatorial_decomposicao.csv,legado,TL,AD,p_valor,0.5995101785600032,0.40374755859375,-0.19576261996625322,0.40374755859375,0.0
modelo_10_fatorial_decomposicao.csv,legado,TL,AD,n_instancias,16.0,16.0,0.0,16.0,0.0
modelo_10_fatorial_decomposicao.csv,legado,TL,BC,parcela_media,0.0,7.552986014403018e-15,7.552986014403018e-15,7.552986014403018e-15,0.0
modelo_10_fatorial_decomposicao.csv,legado,TL,BC,pct_do_contraste,0.0,7.200463330513304e-14,7.200463330513304e-14,7.200463330513304e-14,0.0
modelo_10_fatorial_decomposicao.csv,legado,TL,BC,p_valor,,,,,
modelo_10_fatorial_decomposicao.csv,legado,TL,BC,n_instancias,16.0,16.0,0.0,16.0,0.0
modelo_10_fatorial_decomposicao.csv,legado,TL,BD,parcela_media,0.0,-2.4681934736777324e-15,-2.4681934736777324e-15,-2.4681934736777324e-15,0.0
modelo_10_fatorial_decomposicao.csv,legado,TL,BD,pct_do_contraste,0.0,-2.352994771331304e-14,-2.352994771331304e-14,-2.352994771331304e-14,0.0
modelo_10_fatorial_decomposicao.csv,legado,TL,BD,p_valor,,,,,
modelo_10_fatorial_decomposicao.csv,legado,TL,BD,n_instancias,16.0,16.0,0.0,16.0,0.0
modelo_10_fatorial_decomposicao.csv,legado,TL,CD,parcela_media,0.0,-1.938124622211409e-15,-1.938124622211409e-15,-1.938124622211409e-15,0.0
modelo_10_fatorial_decomposicao.csv,legado,TL,CD,pct_do_contraste,0.0,-1.847665975494491e-14,-1.847665975494491e-14,-1.847665975494491e-14,0.0
modelo_10_fatorial_decomposicao.csv,legado,TL,CD,p_valor,,,,,
modelo_10_fatorial_decomposicao.csv,legado,TL,CD,n_instancias,16.0,16.0,0.0,16.0,0.0
modelo_10_fatorial_decomposicao.csv,legado,TL,ABC,parcela_media,0.0,-1.1879675484068505e-14,-1.1879675484068505e-14,-1.1879675484068505e-14,0.0
modelo_10_fatorial_decomposicao.csv,legado,TL,ABC,pct_do_contraste,0.0,-1.1325211980839886e-13,-1.1325211980839886e-13,-1.1325211980839886e-13,0.0
modelo_10_fatorial_decomposicao.csv,legado,TL,ABC,p_valor,,,,,
modelo_10_fatorial_decomposicao.csv,legado,TL,ABC,n_instancias,16.0,16.0,0.0,16.0,0.0
modelo_10_fatorial_decomposicao.csv,legado,TL,ABD,parcela_media,0.0,6.765132435730217e-15,6.765132435730217e-15,6.765132435730217e-15,0.0
modelo_10_fatorial_decomposicao.csv,legado,TL,ABD,pct_do_contraste,0.0,6.449381468024835e-14,6.449381468024835e-14,6.449381468024835e-14,0.0
modelo_10_fatorial_decomposicao.csv,legado,TL,ABD,p_valor,,,,,
modelo_10_fatorial_decomposicao.csv,legado,TL,ABD,n_instancias,16.0,16.0,0.0,16.0,0.0
modelo_10_fatorial_decomposicao.csv,legado,TL,ACD,parcela_media,0.1145833333333332,0.11458333333333676,3.552713678800501e-15,0.11458333333333676,0.0
modelo_10_fatorial_decomposicao.csv,legado,TL,ACD,pct_do_contraste,1.0923535253227394,1.0923535253227734,3.397282455352979e-14,1.0923535253227734,0.0
modelo_10_fatorial_decomposicao.csv,legado,TL,ACD,p_valor,0.3196692802025596,0.322509765625,0.0028404854224404197,0.322509765625,0.0
modelo_10_fatorial_decomposicao.csv,legado,TL,ACD,n_instancias,16.0,16.0,0.0,16.0,0.0
modelo_10_fatorial_decomposicao.csv,legado,TL,BCD,parcela_media,0.0,-5.605469792039722e-15,-5.605469792039722e-15,-5.605469792039722e-15,0.0
modelo_10_fatorial_decomposicao.csv,legado,TL,BCD,pct_do_contraste,0.0,-5.3438440917161206e-14,-5.3438440917161206e-14,-5.3438440917161206e-14,0.0
modelo_10_fatorial_decomposicao.csv,legado,TL,BCD,p_valor,,,,,
modelo_10_fatorial_decomposicao.csv,legado,TL,BCD,n_instancias,16.0,16.0,0.0,16.0,0.0
modelo_10_fatorial_decomposicao.csv,legado,TL,ABCD,parcela_media,-5.551115123125783e-17,1.0249324537229638e-15,1.0804436049542216e-15,1.0249324537229638e-15,0.0
modelo_10_fatorial_decomposicao.csv,legado,TL,ABCD,pct_do_contraste,-5.292026333863705e-16,9.770954871638979e-15,1.030015750502535e-14,9.770954871638979e-15,0.0
modelo_10_fatorial_decomposicao.csv,legado,TL,ABCD,p_valor,,,,,
modelo_10_fatorial_decomposicao.csv,legado,TL,ABCD,n_instancias,16.0,16.0,0.0,16.0,0.0
modelo_10_fatorial_decomposicao.csv,legado,TL,SOMA_principais,parcela_media,10.385416666666668,10.385416666666668,0.0,10.385416666666668,0.0
modelo_10_fatorial_decomposicao.csv,legado,TL,SOMA_principais,pct_do_contraste,99.00695134061569,99.00695134061569,0.0,99.00695134061569,0.0
modelo_10_fatorial_decomposicao.csv,legado,TL,SOMA_principais,p_valor,,,,,
modelo_10_fatorial_decomposicao.csv,legado,TL,SOMA_principais,n_instancias,16.0,16.0,0.0,16.0,0.0
modelo_10_fatorial_decomposicao.csv,legado,TL,SOMA_interacoes,parcela_media,0.1041666666666669,0.10416666666665547,-1.1421419365831298e-14,0.10416666666665547,0.0
modelo_10_fatorial_decomposicao.csv,legado,TL,SOMA_interacoes,pct_do_contraste,0.9930486593843126,0.9930486593842031,-1.0957901253050295e-13,0.9930486593842031,0.0
modelo_10_fatorial_decomposicao.csv,legado,TL,SOMA_interacoes,p_valor,,,,,
modelo_10_fatorial_decomposicao.csv,legado,TL,SOMA_interacoes,n_instancias,16.0,16.0,0.0,16.0,0.0
modelo_07_ablacao_parametros.csv,legado,TL,centralizada,dif_absoluta,0.0,0.0,0.0,0.0,0.0
modelo_07_ablacao_parametros.csv,legado,TL,centralizada,dif_relativa_pct,0.0,,,,
modelo_07_ablacao_parametros.csv,legado,TL,centralizada,p_valor,,,,,
modelo_07_ablacao_parametros.csv,legado,TL,centralizada,d_cohen_pareado,,,,,
modelo_07_ablacao_parametros.csv,legado,TL,centralizada,prop_instancias_com_dif,0.0,0.0,0.0,0.0,0.0
modelo_07_ablacao_parametros.csv,legado,TL,centralizada,n_instancias,16.0,16.0,0.0,16.0,0.0
modelo_07_ablacao_parametros.csv,legado,TL,centralizada,media_referencia_centralizada,0.0,0.0,0.0,0.0,0.0
modelo_07_ablacao_parametros.csv,legado,TL,centralizada,media_braco,0.0,0.0,0.0,0.0,0.0
modelo_07_ablacao_parametros.csv,legado,TL,centralizada,efeito_total_adaptativa,10.489583333333334,10.489583333333334,0.0,10.489583333333334,0.0
modelo_07_ablacao_parametros.csv,legado,TL,centralizada,fracao_do_efeito_total_pct,0.0,0.0,0.0,0.0,0.0
modelo_07_ablacao_parametros.csv,legado,TL,adaptativa,dif_absoluta,10.489583333333334,10.489583333333334,0.0,10.489583333333334,0.0
modelo_07_ablacao_parametros.csv,legado,TL,adaptativa,dif_relativa_pct,,,,,
modelo_07_ablacao_parametros.csv,legado,TL,adaptativa,p_valor,0.0004368090232114,3.0517578125e-05,-0.0004062914450864,3.0517578125e-05,0.0
modelo_07_ablacao_parametros.csv,legado,TL,adaptativa,d_cohen_pareado,6.443840540614198,6.443840540614198,0.0,6.443840540614198,0.0
modelo_07_ablacao_parametros.csv,legado,TL,adaptativa,prop_instancias_com_dif,1.0,1.0,0.0,1.0,0.0
modelo_07_ablacao_parametros.csv,legado,TL,adaptativa,n_instancias,16.0,16.0,0.0,16.0,0.0
modelo_07_ablacao_parametros.csv,legado,TL,adaptativa,media_referencia_centralizada,0.0,0.0,0.0,0.0,0.0
modelo_07_ablacao_parametros.csv,legado,TL,adaptativa,media_braco,10.489583333333334,10.489583333333334,0.0,10.489583333333334,0.0
modelo_07_ablacao_parametros.csv,legado,TL,adaptativa,efeito_total_adaptativa,10.489583333333334,10.489583333333334,0.0,10.489583333333334,0.0
modelo_07_ablacao_parametros.csv,legado,TL,adaptativa,fracao_do_efeito_total_pct,100.0,100.00000000000001,1.4210854715202004e-14,100.00000000000001,0.0
modelo_07_ablacao_parametros.csv,legado,TL,so_tau_inicial,dif_absoluta,10.385416666666668,10.385416666666668,0.0,10.385416666666668,0.0
modelo_07_ablacao_parametros.csv,legado,TL,so_tau_inicial,dif_relativa_pct,,,,,
modelo_07_ablacao_parametros.csv,legado,TL,so_tau_inicial,p_valor,0.0004358423668112,3.0517578125e-05,-0.0004053247886862,3.0517578125e-05,0.0
modelo_07_ablacao_parametros.csv,legado,TL,so_tau_inicial,d_cohen_pareado,5.911889257336124,5.911889257336124,0.0,5.911889257336124,0.0
modelo_07_ablacao_parametros.csv,legado,TL,so_tau_inicial,prop_instancias_com_dif,1.0,1.0,0.0,1.0,0.0
modelo_07_ablacao_parametros.csv,legado,TL,so_tau_inicial,n_instancias,16.0,16.0,0.0,16.0,0.0
modelo_07_ablacao_parametros.csv,legado,TL,so_tau_inicial,media_referencia_centralizada,0.0,0.0,0.0,0.0,0.0
modelo_07_ablacao_parametros.csv,legado,TL,so_tau_inicial,media_braco,10.385416666666668,10.385416666666668,0.0,10.385416666666668,0.0
modelo_07_ablacao_parametros.csv,legado,TL,so_tau_inicial,efeito_total_adaptativa,10.489583333333334,10.489583333333334,0.0,10.489583333333334,0.0
modelo_07_ablacao_parametros.csv,legado,TL,so_tau_inicial,fracao_do_efeito_total_pct,99.00695134061569,99.00695134061569,0.0,99.00695134061569,0.0
modelo_07_ablacao_parametros.csv,legado,TL,so_tau_min,dif_absoluta,0.0,0.0,0.0,0.0,0.0
modelo_07_ablacao_parametros.csv,legado,TL,so_tau_min,dif_relativa_pct,0.0,,,,
modelo_07_ablacao_parametros.csv,legado,TL,so_tau_min,p_valor,,,,,
modelo_07_ablacao_parametros.csv,legado,TL,so_tau_min,d_cohen_pareado,,,,,
modelo_07_ablacao_parametros.csv,legado,TL,so_tau_min,prop_instancias_com_dif,0.0,0.0,0.0,0.0,0.0
modelo_07_ablacao_parametros.csv,legado,TL,so_tau_min,n_instancias,16.0,16.0,0.0,16.0,0.0
modelo_07_ablacao_parametros.csv,legado,TL,so_tau_min,media_referencia_centralizada,0.0,0.0,0.0,0.0,0.0
modelo_07_ablacao_parametros.csv,legado,TL,so_tau_min,media_braco,0.0,0.0,0.0,0.0,0.0
modelo_07_ablacao_parametros.csv,legado,TL,so_tau_min,efeito_total_adaptativa,10.489583333333334,10.489583333333334,0.0,10.489583333333334,0.0
modelo_07_ablacao_parametros.csv,legado,TL,so_tau_min,fracao_do_efeito_total_pct,0.0,0.0,0.0,0.0,0.0
modelo_07_ablacao_parametros.csv,legado,TL,so_p_reporte,dif_absoluta,0.0,0.0,0.0,0.0,0.0
modelo_07_ablacao_parametros.csv,legado,TL,so_p_reporte,dif_relativa_pct,0.0,,,,
modelo_07_ablacao_parametros.csv,legado,TL,so_p_reporte,p_valor,,,,,
modelo_07_ablacao_parametros.csv,legado,TL,so_p_reporte,d_cohen_pareado,,,,,
modelo_07_ablacao_parametros.csv,legado,TL,so_p_reporte,prop_instancias_com_dif,0.0,0.0,0.0,0.0,0.0
modelo_07_ablacao_parametros.csv,legado,TL,so_p_reporte,n_instancias,16.0,16.0,0.0,16.0,0.0
modelo_07_ablacao_parametros.csv,legado,TL,so_p_reporte,media_referencia_centralizada,0.0,0.0,0.0,0.0,0.0
modelo_07_ablacao_parametros.csv,legado,TL,so_p_reporte,media_braco,0.0,0.0,0.0,0.0,0.0
modelo_07_ablacao_parametros.csv,legado,TL,so_p_reporte,efeito_total_adaptativa,10.489583333333334,10.489583333333334,0.0,10.489583333333334,0.0
modelo_07_ablacao_parametros.csv,legado,TL,so_p_reporte,fracao_do_efeito_total_pct,0.0,0.0,0.0,0.0,0.0
modelo_07_ablacao_parametros.csv,legado,TL,so_p_deteccao,dif_absoluta,0.0,0.0,0.0,0.0,0.0
modelo_07_ablacao_parametros.csv,legado,TL,so_p_deteccao,dif_relativa_pct,0.0,,,,
modelo_07_ablacao_parametros.csv,legado,TL,so_p_deteccao,p_valor,,,,,
modelo_07_ablacao_parametros.csv,legado,TL,so_p_deteccao,d_cohen_pareado,,,,,
modelo_07_ablacao_parametros.csv,legado,TL,so_p_deteccao,prop_instancias_com_dif,0.0,0.0,0.0,0.0,0.0
modelo_07_ablacao_parametros.csv,legado,TL,so_p_deteccao,n_instancias,16.0,16.0,0.0,16.0,0.0
modelo_07_ablacao_parametros.csv,legado,TL,so_p_deteccao,media_referencia_centralizada,0.0,0.0,0.0,0.0,0.0
modelo_07_ablacao_parametros.csv,legado,TL,so_p_deteccao,media_braco,0.0,0.0,0.0,0.0,0.0
modelo_07_ablacao_parametros.csv,legado,TL,so_p_deteccao,efeito_total_adaptativa,10.489583333333334,10.489583333333334,0.0,10.489583333333334,0.0
modelo_07_ablacao_parametros.csv,legado,TL,so_p_deteccao,fracao_do_efeito_total_pct,0.0,0.0,0.0,0.0,0.0
modelo_07_ablacao_parametros.csv,legado,TL,so_par_tau,dif_absoluta,10.385416666666668,10.385416666666668,0.0,10.385416666666668,0.0
modelo_07_ablacao_parametros.csv,legado,TL,so_par_tau,dif_relativa_pct,,,,,
modelo_07_ablacao_parametros.csv,legado,TL,so_par_tau,p_valor,0.0004358423668112,3.0517578125e-05,-0.0004053247886862,3.0517578125e-05,0.0
modelo_07_ablacao_parametros.csv,legado,TL,so_par_tau,d_cohen_pareado,5.911889257336124,5.911889257336124,0.0,5.911889257336124,0.0
modelo_07_ablacao_parametros.csv,legado,TL,so_par_tau,prop_instancias_com_dif,1.0,1.0,0.0,1.0,0.0
modelo_07_ablacao_parametros.csv,legado,TL,so_par_tau,n_instancias,16.0,16.0,0.0,16.0,0.0
modelo_07_ablacao_parametros.csv,legado,TL,so_par_tau,media_referencia_centralizada,0.0,0.0,0.0,0.0,0.0
modelo_07_ablacao_parametros.csv,legado,TL,so_par_tau,media_braco,10.385416666666668,10.385416666666668,0.0,10.385416666666668,0.0
modelo_07_ablacao_parametros.csv,legado,TL,so_par_tau,efeito_total_adaptativa,10.489583333333334,10.489583333333334,0.0,10.489583333333334,0.0
modelo_07_ablacao_parametros.csv,legado,TL,so_par_tau,fracao_do_efeito_total_pct,99.00695134061569,99.00695134061569,0.0,99.00695134061569,0.0
modelo_07_ablacao_parametros.csv,legado,TL,sem_par_tau,dif_absoluta,0.0,0.0,0.0,0.0,0.0
modelo_07_ablacao_parametros.csv,legado,TL,sem_par_tau,dif_relativa_pct,0.0,,,,
modelo_07_ablacao_parametros.csv,legado,TL,sem_par_tau,p_valor,,,,,
modelo_07_ablacao_parametros.csv,legado,TL,sem_par_tau,d_cohen_pareado,,,,,
modelo_07_ablacao_parametros.csv,legado,TL,sem_par_tau,prop_instancias_com_dif,0.0,0.0,0.0,0.0,0.0
modelo_07_ablacao_parametros.csv,legado,TL,sem_par_tau,n_instancias,16.0,16.0,0.0,16.0,0.0
modelo_07_ablacao_parametros.csv,legado,TL,sem_par_tau,media_referencia_centralizada,0.0,0.0,0.0,0.0,0.0
modelo_07_ablacao_parametros.csv,legado,TL,sem_par_tau,media_braco,0.0,0.0,0.0,0.0,0.0
modelo_07_ablacao_parametros.csv,legado,TL,sem_par_tau,efeito_total_adaptativa,10.489583333333334,10.489583333333334,0.0,10.489583333333334,0.0
modelo_07_ablacao_parametros.csv,legado,TL,sem_par_tau,fracao_do_efeito_total_pct,0.0,0.0,0.0,0.0,0.0
modelo_10_fatorial_decomposicao.csv,legado,TU,A,parcela_media,-120.08854166666666,-120.08854166666666,0.0,-120.08854166666666,0.0
modelo_10_fatorial_decomposicao.csv,legado,TU,A,pct_do_contraste,99.80521166998528,99.80521166998528,0.0,99.80521166998528,0.0
modelo_10_fatorial_decomposicao.csv,legado,TU,A,p_valor,3.0517578125e-05,3.0517578125e-05,0.0,3.0517578125e-05,0.0
modelo_10_fatorial_decomposicao.csv,legado,TU,A,n_instancias,16.0,16.0,0.0,16.0,0.0
modelo_10_fatorial_decomposicao.csv,legado,TU,B,parcela_media,0.0,0.0,0.0,0.0,0.0
modelo_10_fatorial_decomposicao.csv,legado,TU,B,pct_do_contraste,-0.0,-0.0,0.0,-0.0,0.0
modelo_10_fatorial_decomposicao.csv,legado,TU,B,p_valor,,,,,
modelo_10_fatorial_decomposicao.csv,legado,TU,B,n_instancias,16.0,16.0,0.0,16.0,0.0
modelo_10_fatorial_decomposicao.csv,legado,TU,C,parcela_media,-3.276041666666667,-3.276041666666594,7.283063041541027e-14,-3.276041666666594,0.0
modelo_10_fatorial_decomposicao.csv,legado,TU,C,pct_do_contraste,2.7227079906501603,2.7227079906501,-6.039613253960852e-14,2.7227079906501,0.0
modelo_10_fatorial_decomposicao.csv,legado,TU,C,p_valor,0.1270936481596567,0.14385986328125,0.016766215121593292,0.14385986328125,0.0
modelo_10_fatorial_decomposicao.csv,legado,TU,C,n_instancias,16.0,16.0,0.0,16.0,0.0
modelo_10_fatorial_decomposicao.csv,legado,TU,D,parcela_media,-0.0520833333333339,-0.05208333333341919,-8.529288386682765e-14,-0.05208333333341919,0.0
modelo_10_fatorial_decomposicao.csv,legado,TU,D,pct_do_contraste,0.0432862955588265,0.04328629555889744,7.09363123796436e-14,0.04328629555889744,0.0
modelo_10_fatorial_decomposicao.csv,legado,TU,D,p_valor,0.899932861328125,0.899932861328125,0.0,0.899932861328125,0.0
modelo_10_fatorial_decomposicao.csv,legado,TU,D,n_instancias,16.0,16.0,0.0,16.0,0.0
modelo_10_fatorial_decomposicao.csv,legado,TU,AB,parcela_media,0.0,-1.0734801358010711e-13,-1.0734801358010711e-13,-1.0734801358010711e-13,0.0
modelo_10_fatorial_decomposicao.csv,legado,TU,AB,pct_do_contraste,-0.0,8.921659859484272e-14,8.921659859484272e-14,8.921659859484272e-14,0.0
modelo_10_fatorial_decomposicao.csv,legado,TU,AB,p_valor,,,,,
modelo_10_fatorial_decomposicao.csv,legado,TU,AB,n_instancias,16.0,16.0,0.0,16.0,0.0
modelo_10_fatorial_decomposicao.csv,legado,TU,AC,parcela_media,2.921875,2.9218749999999094,-9.059419880941277e-14,2.9218749999999094,0.0
modelo_10_fatorial_decomposicao.csv,legado,TU,AC,pct_do_contraste,-2.428361180850143,-2.428361180850068,7.505107646466058e-14,-2.428361180850068,0.0
modelo_10_fatorial_decomposicao.csv,legado,TU,AC,p_valor,0.17535400390625,0.17535400390625,0.0,0.17535400390625,0.0
modelo_10_fatorial_decomposicao.csv,legado,TU,AC,n_instancias,16.0,16.0,0.0,16.0,0.0
modelo_10_fatorial_decomposicao.csv,legado,TU,AD,parcela_media,0.0104166666666668,0.010416666666813346,1.465459698035687e-13,0.010416666666813346,0.0
modelo_10_fatorial_decomposicao.csv,legado,TU,AD,pct_do_contraste,-0.0086572591117653,-0.00865725911188712,-1.218192213769953e-13,-0.00865725911188712,0.0
modelo_10_fatorial_decomposicao.csv,legado,TU,AD,p_valor,0.860260009765625,0.860260009765625,0.0,0.860260009765625,0.0
modelo_10_fatorial_decomposicao.csv,legado,TU,AD,n_instancias,16.0,16.0,0.0,16.0,0.0
modelo_10_fatorial_decomposicao.csv,legado,TU,BC,parcela_media,0.0,-1.1846180864953187e-13,-1.1846180864953187e-13,-1.1846180864953187e-13,0.0
modelo_10_fatorial_decomposicao.csv,legado,TU,BC,pct_do_contraste,-0.0,9.845323894342534e-14,9.845323894342534e-14,9.845323894342534e-14,0.0
modelo_10_fatorial_decomposicao.csv,legado,TU,BC,p_valor,,,,,
modelo_10_fatorial_decomposicao.csv,legado,TU,BC,n_instancias,16.0,16.0,0.0,16.0,0.0
modelo_10_fatorial_decomposicao.csv,legado,TU,BD,parcela_media,0.0,8.885108119928277e-14,8.885108119928277e-14,8.885108119928277e-14,0.0
modelo_10_fatorial_decomposicao.csv,legado,TU,BD,pct_do_contraste,-0.0,-7.384385590105745e-14,-7.384385590105745e-14,-7.384385590105745e-14,0.0
modelo_10_fatorial_decomposicao.csv,legado,TU,BD,p_valor,,,,,
modelo_10_fatorial_decomposicao.csv,legado,TU,BD,n_instancias,16.0,16.0,0.0,16.0,0.0
modelo_10_fatorial_decomposicao.csv,legado,TU,CD,parcela_media,0.484375,0.4843749999999931,-6.8833827526759706e-15,0.4843749999999931,0.0
modelo_10_fatorial_decomposicao.csv,legado,TU,CD,pct_do_contraste,-0.4025625486970825,-0.4025625486970768,5.717648576819556e-15,-0.4025625486970768,0.0
modelo_10_fatorial_decomposicao.csv,legado,TU,CD,p_valor,0.705718994140625,0.668548583984375,-0.03717041015625,0.668548583984375,0.0
modelo_10_fatorial_decomposicao.csv,legado,TU,CD,n_instancias,16.0,16.0,0.0,16.0,0.0
modelo_10_fatorial_decomposicao.csv,legado,TU,ABC,parcela_media,0.0,1.845822395392845e-13,1.845822395392845e-13,1.845822395392845e-13,0.0
modelo_10_fatorial_decomposicao.csv,legado,TU,ABC,pct_do_contraste,-0.0,-1.5340572241166405e-13,-1.5340572241166405e-13,-1.5340572241166405e-13,0.0
modelo_10_fatorial_decomposicao.csv,legado,TU,ABC,p_valor,,,,,
modelo_10_fatorial_decomposicao.csv,legado,TU,ABC,n_instancias,16.0,16.0,0.0,16.0,0.0
modelo_10_fatorial_decomposicao.csv,legado,TU,ABD,parcela_media,0.0,-1.0390270819652752e-14,-1.0390270819652752e-14,-1.0390270819652752e-14,0.0
modelo_10_fatorial_decomposicao.csv,legado,TU,ABD,pct_do_contraste,-0.0,8.635321605806114e-15,8.635321605806114e-15,8.635321605806114e-15,0.0
modelo_10_fatorial_decomposicao.csv,legado,TU,ABD,p_valor,,,,,
modelo_10_fatorial_decomposicao.csv,legado,TU,ABD,n_instancias,16.0,16.0,0.0,16.0,0.0
modelo_10_fatorial_decomposicao.csv,legado,TU,ACD,parcela_media,-0.3229166666666661,-0.3229166666667219,-5.5844218138645374e-14,-0.3229166666667219,0.0
modelo_10_fatorial_decomposicao.csv,legado,TU,ACD,pct_do_contraste,0.2683750324647212,0.2683750324647676,4.6407322429331543e-14,0.2683750324647676,0.0
modelo_10_fatorial_decomposicao.csv,legado,TU,ACD,p_valor,0.781951904296875,0.820892333984375,0.0389404296875,0.820892333984375,0.0
modelo_10_fatorial_decomposicao.csv,legado,TU,ACD,n_instancias,16.0,16.0,0.0,16.0,0.0
modelo_10_fatorial_decomposicao.csv,legado,TU,BCD,parcela_media,2.6645352591003757e-15,-2.5465740627339418e-15,-5.2111093218343175e-15,-2.5465740627339418e-15,0.0
modelo_10_fatorial_decomposicao.csv,legado,TU,BCD,pct_do_contraste,-2.2144869264447762e-15,2.1164497448052846e-15,4.330936671250061e-15,2.1164497448052846e-15,0.0
modelo_10_fatorial_decomposicao.csv,legado,TU,BCD,p_valor,,,,,
modelo_10_fatorial_decomposicao.csv,legado,TU,BCD,n_instancias,16.0,16.0,0.0,16.0,0.0
modelo_10_fatorial_decomposicao.csv,legado,TU,ABCD,parcela_media,-2.6645352591003757e-15,-1.3573025805143263e-13,-1.3306572279233225e-13,-1.3573025805143263e-13,0.0
modelo_10_fatorial_decomposicao.csv,legado,TU,ABCD,pct_do_contraste,2.2144869264447762e-15,1.1280499327276889e-13,1.1059050634632412e-13,1.1280499327276889e-13,0.0
modelo_10_fatorial_decomposicao.csv,legado,TU,ABCD,p_valor,,,,,
modelo_10_fatorial_decomposicao.csv,legado,TU,ABCD,n_instancias,16.0,16.0,0.0,16.0,0.0
modelo_10_fatorial_decomposicao.csv,legado,TU,SOMA_principais,parcela_media,-123.41666666666666,-123.41666666666667,-1.4210854715202004e-14,-123.41666666666667,0.0
modelo_10_fatorial_decomposicao.csv,legado,TU,SOMA_principais,pct_do_contraste,102.57120595619428,102.57120595619429,1.4210854715202004e-14,102.57120595619429,0.0
modelo_10_fatorial_decomposicao.csv,legado,TU,SOMA_principais,p_valor,,,,,
modelo_10_fatorial_decomposicao.csv,legado,TU,SOMA_principais,n_instancias,16.0,16.0,0.0,16.0,0.0
modelo_10_fatorial_decomposicao.csv,legado,TU,SOMA_interacoes,parcela_media,3.093750000000001,3.093749999999895,-1.056932319443149e-13,3.093749999999895,0.0
modelo_10_fatorial_decomposicao.csv,legado,TU,SOMA_interacoes,pct_do_contraste,-2.57120595619427,-2.571205956194182,8.79296635503124e-14,-2.571205956194182,0.0
modelo_10_fatorial_decomposicao.csv,legado,TU,SOMA_interacoes,p_valor,,,,,
modelo_10_fatorial_decomposicao.csv,legado,TU,SOMA_interacoes,n_instancias,16.0,16.0,0.0,16.0,0.0
modelo_07_ablacao_parametros.csv,legado,TU,centralizada,dif_absoluta,0.0,0.0,0.0,0.0,0.0
modelo_07_ablacao_parametros.csv,legado,TU,centralizada,dif_relativa_pct,0.0,0.0,0.0,0.0,0.0
modelo_07_ablacao_parametros.csv,legado,TU,centralizada,p_valor,,,,,
modelo_07_ablacao_parametros.csv,legado,TU,centralizada,d_cohen_pareado,,,,,
modelo_07_ablacao_parametros.csv,legado,TU,centralizada,prop_instancias_com_dif,0.0,0.0,0.0,0.0,0.0
modelo_07_ablacao_parametros.csv,legado,TU,centralizada,n_instancias,16.0,16.0,0.0,16.0,0.0
modelo_07_ablacao_parametros.csv,legado,TU,centralizada,media_referencia_centralizada,126.265625,126.265625,0.0,126.265625,0.0
modelo_07_ablacao_parametros.csv,legado,TU,centralizada,media_braco,126.265625,126.265625,0.0,126.265625,0.0
modelo_07_ablacao_parametros.csv,legado,TU,centralizada,efeito_total_adaptativa,-120.32291666666666,-120.32291666666666,0.0,-120.32291666666666,0.0
modelo_07_ablacao_parametros.csv,legado,TU,centralizada,fracao_do_efeito_total_pct,-0.0,-0.0,0.0,-0.0,0.0
modelo_07_ablacao_parametros.csv,legado,TU,adaptativa,dif_absoluta,-120.32291666666666,-120.32291666666666,0.0,-120.32291666666666,0.0
modelo_07_ablacao_parametros.csv,legado,TU,adaptativa,dif_relativa_pct,-95.29348677968898,-95.29348677968898,0.0,-95.29348677968898,0.0
modelo_07_ablacao_parametros.csv,legado,TU,adaptativa,p_valor,3.0517578125e-05,3.0517578125e-05,0.0,3.0517578125e-05,0.0
modelo_07_ablacao_parametros.csv,legado,TU,adaptativa,d_cohen_pareado,-4.4932606136434945,-4.4932606136434945,0.0,-4.4932606136434945,0.0
modelo_07_ablacao_parametros.csv,legado,TU,adaptativa,prop_instancias_com_dif,1.0,1.0,0.0,1.0,0.0
modelo_07_ablacao_parametros.csv,legado,TU,adaptativa,n_instancias,16.0,16.0,0.0,16.0,0.0
modelo_07_ablacao_parametros.csv,legado,TU,adaptativa,media_referencia_centralizada,126.265625,126.265625,0.0,126.265625,0.0
modelo_07_ablacao_parametros.csv,legado,TU,adaptativa,media_braco,5.942708333333333,5.942708333333333,0.0,5.942708333333333,0.0
modelo_07_ablacao_parametros.csv,legado,TU,adaptativa,efeito_total_adaptativa,-120.32291666666666,-120.32291666666666,0.0,-120.32291666666666,0.0
modelo_07_ablacao_parametros.csv,legado,TU,adaptativa,fracao_do_efeito_total_pct,100.0,100.0,0.0,100.0,0.0
modelo_07_ablacao_parametros.csv,legado,TU,so_tau_inicial,dif_absoluta,-120.08854166666666,-120.08854166666666,0.0,-120.08854166666666,0.0
modelo_07_ablacao_parametros.csv,legado,TU,so_tau_inicial,dif_relativa_pct,-95.10786618817802,-95.10786618817802,0.0,-95.10786618817802,0.0
modelo_07_ablacao_parametros.csv,legado,TU,so_tau_inicial,p_valor,3.0517578125e-05,3.0517578125e-05,0.0,3.0517578125e-05,0.0
modelo_07_ablacao_parametros.csv,legado,TU,so_tau_inicial,d_cohen_pareado,-4.480756109212074,-4.480756109212074,0.0,-4.480756109212074,0.0
modelo_07_ablacao_parametros.csv,legado,TU,so_tau_inicial,prop_instancias_com_dif,1.0,1.0,0.0,1.0,0.0
modelo_07_ablacao_parametros.csv,legado,TU,so_tau_inicial,n_instancias,16.0,16.0,0.0,16.0,0.0
modelo_07_ablacao_parametros.csv,legado,TU,so_tau_inicial,media_referencia_centralizada,126.265625,126.265625,0.0,126.265625,0.0
modelo_07_ablacao_parametros.csv,legado,TU,so_tau_inicial,media_braco,6.177083333333334,6.177083333333334,0.0,6.177083333333334,0.0
modelo_07_ablacao_parametros.csv,legado,TU,so_tau_inicial,efeito_total_adaptativa,-120.32291666666666,-120.32291666666666,0.0,-120.32291666666666,0.0
modelo_07_ablacao_parametros.csv,legado,TU,so_tau_inicial,fracao_do_efeito_total_pct,99.80521166998528,99.80521166998528,0.0,99.80521166998528,0.0
modelo_07_ablacao_parametros.csv,legado,TU,so_tau_min,dif_absoluta,0.0,0.0,0.0,0.0,0.0
modelo_07_ablacao_parametros.csv,legado,TU,so_tau_min,dif_relativa_pct,0.0,0.0,0.0,0.0,0.0
modelo_07_ablacao_parametros.csv,legado,TU,so_tau_min,p_valor,,,,,
modelo_07_ablacao_parametros.csv,legado,TU,so_tau_min,d_cohen_pareado,,,,,
modelo_07_ablacao_parametros.csv,legado,TU,so_tau_min,prop_instancias_com_dif,0.0,0.0,0.0,0.0,0.0
modelo_07_ablacao_parametros.csv,legado,TU,so_tau_min,n_instancias,16.0,16.0,0.0,16.0,0.0
modelo_07_ablacao_parametros.csv,legado,TU,so_tau_min,media_referencia_centralizada,126.265625,126.265625,0.0,126.265625,0.0
modelo_07_ablacao_parametros.csv,legado,TU,so_tau_min,media_braco,126.265625,126.265625,0.0,126.265625,0.0
modelo_07_ablacao_parametros.csv,legado,TU,so_tau_min,efeito_total_adaptativa,-120.32291666666666,-120.32291666666666,0.0,-120.32291666666666,0.0
modelo_07_ablacao_parametros.csv,legado,TU,so_tau_min,fracao_do_efeito_total_pct,-0.0,-0.0,0.0,-0.0,0.0
modelo_07_ablacao_parametros.csv,legado,TU,so_p_reporte,dif_absoluta,-3.276041666666667,-3.276041666666667,0.0,-3.276041666666667,0.0
modelo_07_ablacao_parametros.csv,legado,TU,so_p_reporte,dif_relativa_pct,-2.594563379119746,-2.594563379119746,0.0,-2.594563379119746,0.0
modelo_07_ablacao_parametros.csv,legado,TU,so_p_reporte,p_valor,0.1270936481596567,0.129730224609375,0.002636576449718292,0.129730224609375,0.0
modelo_07_ablacao_parametros.csv,legado,TU,so_p_reporte,d_cohen_pareado,-0.3738035009426415,-0.3738035009426415,0.0,-0.3738035009426415,0.0
modelo_07_ablacao_parametros.csv,legado,TU,so_p_reporte,prop_instancias_com_dif,1.0,1.0,0.0,1.0,0.0
modelo_07_ablacao_parametros.csv,legado,TU,so_p_reporte,n_instancias,16.0,16.0,0.0,16.0,0.0
modelo_07_ablacao_parametros.csv,legado,TU,so_p_reporte,media_referencia_centralizada,126.265625,126.265625,0.0,126.265625,0.0
modelo_07_ablacao_parametros.csv,legado,TU,so_p_reporte,media_braco,122.98958333333331,122.98958333333333,1.4210854715202004e-14,122.98958333333333,0.0
modelo_07_ablacao_parametros.csv,legado,TU,so_p_reporte,efeito_total_adaptativa,-120.32291666666666,-120.32291666666666,0.0,-120.32291666666666,0.0
modelo_07_ablacao_parametros.csv,legado,TU,so_p_reporte,fracao_do_efeito_total_pct,2.7227079906501603,2.7227079906501603,0.0,2.7227079906501603,0.0
modelo_07_ablacao_parametros.csv,legado,TU,so_p_deteccao,dif_absoluta,-0.0520833333333339,-0.052083333333333925,-2.7755575615628914e-17,-0.052083333333333925,0.0
modelo_07_ablacao_parametros.csv,legado,TU,so_p_deteccao,dif_relativa_pct,-0.0412490203357674,-0.041249020335767494,-9.71445146547012e-17,-0.041249020335767494,0.0
modelo_07_ablacao_parametros.csv,legado,TU,so_p_deteccao,p_valor,0.899932861328125,0.899932861328125,0.0,0.899932861328125,0.0
modelo_07_ablacao_parametros.csv,legado,TU,so_p_deteccao,d_cohen_pareado,-0.0054984190579099,-0.005498419057909921,-2.0816681711721685e-17,-0.005498419057909921,0.0
modelo_07_ablacao_parametros.csv,legado,TU,so_p_deteccao,prop_instancias_com_dif,1.0,1.0,0.0,1.0,0.0
modelo_07_ablacao_parametros.csv,legado,TU,so_p_deteccao,n_instancias,16.0,16.0,0.0,16.0,0.0
modelo_07_ablacao_parametros.csv,legado,TU,so_p_deteccao,media_referencia_centralizada,126.265625,126.265625,0.0,126.265625,0.0
modelo_07_ablacao_parametros.csv,legado,TU,so_p_deteccao,media_braco,126.21354166666666,126.21354166666666,0.0,126.21354166666666,0.0
modelo_07_ablacao_parametros.csv,legado,TU,so_p_deteccao,efeito_total_adaptativa,-120.32291666666666,-120.32291666666666,0.0,-120.32291666666666,0.0
modelo_07_ablacao_parametros.csv,legado,TU,so_p_deteccao,fracao_do_efeito_total_pct,0.0432862955588265,0.04328629555882657,6.938893903907228e-17,0.04328629555882657,0.0
modelo_07_ablacao_parametros.csv,legado,TU,so_par_tau,dif_absoluta,-120.08854166666666,-120.08854166666666,0.0,-120.08854166666666,0.0
modelo_07_ablacao_parametros.csv,legado,TU,so_par_tau,dif_relativa_pct,-95.10786618817802,-95.10786618817802,0.0,-95.10786618817802,0.0
modelo_07_ablacao_parametros.csv,legado,TU,so_par_tau,p_valor,3.0517578125e-05,3.0517578125e-05,0.0,3.0517578125e-05,0.0
modelo_07_ablacao_parametros.csv,legado,TU,so_par_tau,d_cohen_pareado,-4.480756109212074,-4.480756109212074,0.0,-4.480756109212074,0.0
modelo_07_ablacao_parametros.csv,legado,TU,so_par_tau,prop_instancias_com_dif,1.0,1.0,0.0,1.0,0.0
modelo_07_ablacao_parametros.csv,legado,TU,so_par_tau,n_instancias,16.0,16.0,0.0,16.0,0.0
modelo_07_ablacao_parametros.csv,legado,TU,so_par_tau,media_referencia_centralizada,126.265625,126.265625,0.0,126.265625,0.0
modelo_07_ablacao_parametros.csv,legado,TU,so_par_tau,media_braco,6.177083333333334,6.177083333333334,0.0,6.177083333333334,0.0
modelo_07_ablacao_parametros.csv,legado,TU,so_par_tau,efeito_total_adaptativa,-120.32291666666666,-120.32291666666666,0.0,-120.32291666666666,0.0
modelo_07_ablacao_parametros.csv,legado,TU,so_par_tau,fracao_do_efeito_total_pct,99.80521166998528,99.80521166998528,0.0,99.80521166998528,0.0
modelo_07_ablacao_parametros.csv,legado,TU,sem_par_tau,dif_absoluta,-2.8437499999999982,-2.8437499999999982,0.0,-2.8437499999999982,0.0
modelo_07_ablacao_parametros.csv,legado,TU,sem_par_tau,dif_relativa_pct,-2.2521965103328783,-2.2521965103328783,0.0,-2.2521965103328783,0.0
modelo_07_ablacao_parametros.csv,legado,TU,sem_par_tau,p_valor,0.2774499442058431,0.2978515625,0.020401618294156876,0.2978515625,0.0
modelo_07_ablacao_parametros.csv,legado,TU,sem_par_tau,d_cohen_pareado,-0.2861438619749355,-0.2861438619749355,0.0,-0.2861438619749355,0.0
modelo_07_ablacao_parametros.csv,legado,TU,sem_par_tau,prop_instancias_com_dif,1.0,1.0,0.0,1.0,0.0
modelo_07_ablacao_parametros.csv,legado,TU,sem_par_tau,n_instancias,16.0,16.0,0.0,16.0,0.0
modelo_07_ablacao_parametros.csv,legado,TU,sem_par_tau,media_referencia_centralizada,126.265625,126.265625,0.0,126.265625,0.0
modelo_07_ablacao_parametros.csv,legado,TU,sem_par_tau,media_braco,123.421875,123.421875,0.0,123.421875,0.0
modelo_07_ablacao_parametros.csv,legado,TU,sem_par_tau,efeito_total_adaptativa,-120.32291666666666,-120.32291666666666,0.0,-120.32291666666666,0.0
modelo_07_ablacao_parametros.csv,legado,TU,sem_par_tau,fracao_do_efeito_total_pct,2.3634317375119025,2.3634317375119025,0.0,2.3634317375119025,0.0
modelo_10_fatorial_decomposicao.csv,legado,TR,A,parcela_media,-14.925628250186318,-14.925628250186318,0.0,-14.925628250186318,0.0
modelo_10_fatorial_decomposicao.csv,legado,TR,A,pct_do_contraste,91.2524520713784,91.25245207137839,-1.4210854715202004e-14,91.25245207137839,0.0
modelo_10_fatorial_decomposicao.csv,legado,TR,A,p_valor,3.0517578125e-05,3.0517578125e-05,0.0,3.0517578125e-05,0.0
modelo_10_fatorial_decomposicao.csv,legado,TR,A,n_instancias,16.0,16.0,0.0,16.0,0.0
modelo_10_fatorial_decomposicao.csv,legado,TR,B,parcela_media,0.0,0.0,0.0,0.0,0.0
modelo_10_fatorial_decomposicao.csv,legado,TR,B,pct_do_contraste,-0.0,-0.0,0.0,-0.0,0.0
modelo_10_fatorial_decomposicao.csv,legado,TR,B,p_valor,,,,,
modelo_10_fatorial_decomposicao.csv,legado,TR,B,n_instancias,16.0,16.0,0.0,16.0,0.0
modelo_10_fatorial_decomposicao.csv,legado,TR,C,parcela_media,-1.6575759961244496,-1.6575759961244207,2.886579864025407e-14,-1.6575759961244207,0.0
modelo_10_fatorial_decomposicao.csv,legado,TR,C,pct_do_contraste,10.13410434760932,10.134104347609144,-1.758593271006248e-13,10.134104347609144,0.0
modelo_10_fatorial_decomposicao.csv,legado,TR,C,p_valor,0.231201171875,0.231201171875,0.0,0.231201171875,0.0
modelo_10_fatorial_decomposicao.csv,legado,TR,C,n_instancias,16.0,16.0,0.0,16.0,0.0
modelo_10_fatorial_decomposicao.csv,legado,TR,D,parcela_media,-0.6666267539751964,-0.6666267539752186,-2.220446049250313e-14,-0.6666267539752186,0.0
modelo_10_fatorial_decomposicao.csv,legado,TR,D,pct_do_contraste,4.075629172652134,4.0756291726522695,1.3589129821411916e-13,4.0756291726522695,0.0
modelo_10_fatorial_decomposicao.csv,legado,TR,D,p_valor,0.4637451171875,0.4637451171875,0.0,0.4637451171875,0.0
modelo_10_fatorial_decomposicao.csv,legado,TR,D,n_instancias,16.0,16.0,0.0,16.0,0.0
modelo_10_fatorial_decomposicao.csv,legado,TR,AB,parcela_media,0.0,-7.174756104420399e-14,-7.174756104420399e-14,-7.174756104420399e-14,0.0
modelo_10_fatorial_decomposicao.csv,legado,TR,AB,pct_do_contraste,-0.0,4.386509408970971e-13,4.386509408970971e-13,4.386509408970971e-13,0.0
modelo_10_fatorial_decomposicao.csv,legado,TR,AB,p_valor,,,,,
modelo_10_fatorial_decomposicao.csv,legado,TR,AB,n_instancias,16.0,16.0,0.0,16.0,0.0
modelo_10_fatorial_decomposicao.csv,legado,TR,AC,parcela_media,0.0097950242023023,0.009795024202277847,-2.4452662117369073e-14,0.009795024202277847,0.0
modelo_10_fatorial_decomposicao.csv,legado,TR,AC,pct_do_contraste,-0.0598849148307999,-0.05988491483064996,1.499356194756274e-13,-0.05988491483064996,0.0
modelo_10_fatorial_decomposicao.csv,legado,TR,AC,p_valor,0.860260009765625,0.860260009765625,0.0,0.860260009765625,0.0
modelo_10_fatorial_decomposicao.csv,legado,TR,AC,n_instancias,16.0,16.0,0.0,16.0,0.0
modelo_10_fatorial_decomposicao.csv,legado,TR,AD,parcela_media,1.0234581591183094,1.0234581591183263,1.687538997430238e-14,1.0234581591183263,0.0
modelo_10_fatorial_decomposicao.csv,legado,TR,AD,pct_do_contraste,-6.257228509683595,-6.257228509683698,-1.0302869668521453e-13,-6.257228509683698,0.0
modelo_10_fatorial_decomposicao.csv,legado,TR,AD,p_valor,0.705718994140625,0.705718994140625,0.0,0.705718994140625,0.0
modelo_10_fatorial_decomposicao.csv,legado,TR,AD,n_instancias,16.0,16.0,0.0,16.0,0.0
modelo_10_fatorial_decomposicao.csv,legado,TR,BC,parcela_media,0.0,-1.296710829319559e-14,-1.296710829319559e-14,-1.296710829319559e-14,0.0
modelo_10_fatorial_decomposicao.csv,legado,TR,BC,pct_do_contraste,-0.0,7.927843359052125e-14,7.927843359052125e-14,7.927843359052125e-14,0.0
modelo_10_fatorial_decomposicao.csv,legado,TR,BC,p_valor,,,,,
modelo_10_fatorial_decomposicao.csv,legado,TR,BC,n_instancias,16.0,16.0,0.0,16.0,0.0
modelo_10_fatorial_decomposicao.csv,legado,TR,BD,parcela_media,0.0,2.3067569509638453e-14,2.3067569509638453e-14,2.3067569509638453e-14,0.0
modelo_10_fatorial_decomposicao.csv,legado,TR,BD,pct_do_contraste,-0.0,-1.4103073222764986e-13,-1.4103073222764986e-13,-1.4103073222764986e-13,0.0
modelo_10_fatorial_decomposicao.csv,legado,TR,BD,p_valor,,,,,
modelo_10_fatorial_decomposicao.csv,legado,TR,BD,n_instancias,16.0,16.0,0.0,16.0,0.0
modelo_10_fatorial_decomposicao.csv,legado,TR,CD,parcela_media,1.396911076262401,1.3969110762623806,-2.042810365310288e-14,1.3969110762623806,0.0
modelo_10_fatorial_decomposicao.csv,legado,TR,CD,pct_do_contraste,-8.540448609459446,-8.540448609459322,1.2434497875801753e-13,-8.540448609459322,0.0
modelo_10_fatorial_decomposicao.csv,legado,TR,CD,p_valor,0.433197021484375,0.433197021484375,0.0,0.433197021484375,0.0
modelo_10_fatorial_decomposicao.csv,legado,TR,CD,n_instancias,16.0,16.0,0.0,16.0,0.0
modelo_10_fatorial_decomposicao.csv,legado,TR,ABC,parcela_media,0.0,2.2113911785435513e-14,2.2113911785435513e-14,2.2113911785435513e-14,0.0
modelo_10_fatorial_decomposicao.csv,legado,TR,ABC,pct_do_contraste,-0.0,-1.352002503000806e-13,-1.352002503000806e-13,-1.352002503000806e-13,0.0
modelo_10_fatorial_decomposicao.csv,legado,TR,ABC,p_valor,,,,,
modelo_10_fatorial_decomposicao.csv,legado,TR,ABC,n_instancias,16.0,16.0,0.0,16.0,0.0
modelo_10_fatorial_decomposicao.csv,legado,TR,ABD,parcela_media,0.0,3.990185751488739e-14,3.990185751488739e-14,3.990185751488739e-14,0.0
modelo_10_fatorial_decomposicao.csv,legado,TR,ABD,pct_do_contraste,-0.0,-2.439523669893613e-13,-2.439523669893613e-13,-2.439523669893613e-13,0.0
modelo_10_fatorial_decomposicao.csv,legado,TR,ABD,p_valor,,,,,
modelo_10_fatorial_decomposicao.csv,legado,TR,ABD,n_instancias,16.0,16.0,0.0,16.0,0.0
modelo_10_fatorial_decomposicao.csv,legado,TR,ACD,parcela_media,-1.536746606427022,-1.5367466064270165,5.551115123125783e-15,-1.5367466064270165,0.0
modelo_10_fatorial_decomposicao.csv,legado,TR,ACD,pct_do_contraste,9.395376442333989,9.395376442333959,-3.019806626980426e-14,9.395376442333959,0.0
modelo_10_fatorial_decomposicao.csv,legado,TR,ACD,p_valor,0.705718994140625,0.705718994140625,0.0,0.705718994140625,0.0
modelo_10_fatorial_decomposicao.csv,legado,TR,ACD,n_instancias,16.0,16.0,0.0,16.0,0.0
modelo_10_fatorial_decomposicao.csv,legado,TR,BCD,parcela_media,0.0,-2.7546172787134178e-14,-2.7546172787134178e-14,-2.7546172787134178e-14,0.0
modelo_10_fatorial_decomposicao.csv,legado,TR,BCD,pct_do_contraste,-0.0,1.6841206077717309e-13,1.6841206077717309e-13,1.6841206077717309e-13,0.0
modelo_10_fatorial_decomposicao.csv,legado,TR,BCD,p_valor,,,,,
modelo_10_fatorial_decomposicao.csv,legado,TR,BCD,n_instancias,16.0,16.0,0.0,16.0,0.0
modelo_10_fatorial_decomposicao.csv,legado,TR,ABCD,parcela_media,-4.440892098500626e-16,-6.663676458214607e-14,-6.619267537229601e-14,-6.663676458214607e-14,0.0
modelo_10_fatorial_decomposicao.csv,legado,TR,ABCD,pct_do_contraste,2.7150769574308055e-15,4.074045034685963e-13,4.0468942651116546e-13,4.074045034685963e-13,0.0
modelo_10_fatorial_decomposicao.csv,legado,TR,ABCD,p_valor,,,,,
modelo_10_fatorial_decomposicao.csv,legado,TR,ABCD,n_instancias,16.0,16.0,0.0,16.0,0.0
modelo_10_fatorial_decomposicao.csv,legado,TR,SOMA_principais,parcela_media,-17.249831000285965,-17.24983100028596,7.105427357601002e-15,-17.24983100028596,0.0
modelo_10_fatorial_decomposicao.csv,legado,TR,SOMA_principais,pct_do_contraste,105.46218559163988,105.46218559163982,-5.684341886080802e-14,105.46218559163982,0.0
modelo_10_fatorial_decomposicao.csv,legado,TR,SOMA_principais,p_valor,,,,,
modelo_10_fatorial_decomposicao.csv,legado,TR,SOMA_principais,n_instancias,16.0,16.0,0.0,16.0,0.0
modelo_10_fatorial_decomposicao.csv,legado,TR,SOMA_interacoes,parcela_media,0.8934176531559905,0.8934176531558733,-1.1723955140041653e-13,0.8934176531558733,0.0
modelo_10_fatorial_decomposicao.csv,legado,TR,SOMA_interacoes,pct_do_contraste,-5.462185591639849,-5.462185591639132,7.167599846980011e-13,-5.462185591639132,0.0
modelo_10_fatorial_decomposicao.csv,legado,TR,SOMA_interacoes,p_valor,,,,,
modelo_10_fatorial_decomposicao.csv,legado,TR,SOMA_interacoes,n_instancias,16.0,16.0,0.0,16.0,0.0
modelo_07_ablacao_parametros.csv,legado,TR,centralizada,dif_absoluta,0.0,0.0,0.0,0.0,0.0
modelo_07_ablacao_parametros.csv,legado,TR,centralizada,dif_relativa_pct,0.0,0.0,0.0,0.0,0.0
modelo_07_ablacao_parametros.csv,legado,TR,centralizada,p_valor,,,,,
modelo_07_ablacao_parametros.csv,legado,TR,centralizada,d_cohen_pareado,,,,,
modelo_07_ablacao_parametros.csv,legado,TR,centralizada,prop_instancias_com_dif,0.0,0.0,0.0,0.0,0.0
modelo_07_ablacao_parametros.csv,legado,TR,centralizada,n_instancias,16.0,16.0,0.0,16.0,0.0
modelo_07_ablacao_parametros.csv,legado,TR,centralizada,media_referencia_centralizada,68.86531966000788,68.86531966000788,0.0,68.86531966000788,0.0
modelo_07_ablacao_parametros.csv,legado,TR,centralizada,media_braco,68.86531966000788,68.86531966000788,0.0,68.86531966000788,0.0
modelo_07_ablacao_parametros.csv,legado,TR,centralizada,efeito_total_adaptativa,-16.356413347129973,-16.356413347129973,0.0,-16.356413347129973,0.0
modelo_07_ablacao_parametros.csv,legado,TR,centralizada,fracao_do_efeito_total_pct,-0.0,-0.0,0.0,-0.0,0.0
modelo_07_ablacao_parametros.csv,legado,TR,adaptativa,dif_absoluta,-16.356413347129973,-16.356413347129973,0.0,-16.356413347129973,0.0
modelo_07_ablacao_parametros.csv,legado,TR,adaptativa,dif_relativa_pct,-23.751306794018447,-23.751306794018447,0.0,-23.751306794018447,0.0
modelo_07_ablacao_parametros.csv,legado,TR,adaptativa,p_valor,3.0517578125e-05,3.0517578125e-05,0.0,3.0517578125e-05,0.0
modelo_07_ablacao_parametros.csv,legado,TR,adaptativa,d_cohen_pareado,-3.142964173418213,-3.142964173418213,0.0,-3.142964173418213,0.0
modelo_07_ablacao_parametros.csv,legado,TR,adaptativa,prop_instancias_com_dif,1.0,1.0,0.0,1.0,0.0
modelo_07_ablacao_parametros.csv,legado,TR,adaptativa,n_instancias,16.0,16.0,0.0,16.0,0.0
modelo_07_ablacao_parametros.csv,legado,TR,adaptativa,media_referencia_centralizada,68.86531966000788,68.86531966000788,0.0,68.86531966000788,0.0
modelo_07_ablacao_parametros.csv,legado,TR,adaptativa,media_braco,52.50890631287791,52.50890631287791,0.0,52.50890631287791,0.0
modelo_07_ablacao_parametros.csv,legado,TR,adaptativa,efeito_total_adaptativa,-16.356413347129973,-16.356413347129973,0.0,-16.356413347129973,0.0
modelo_07_ablacao_parametros.csv,legado,TR,adaptativa,fracao_do_efeito_total_pct,100.0,100.0,0.0,100.0,0.0
modelo_07_ablacao_parametros.csv,legado,TR,so_tau_inicial,dif_absoluta,-14.925628250186318,-14.925628250186318,0.0,-14.925628250186318,0.0
modelo_07_ablacao_parametros.csv,legado,TR,so_tau_inicial,dif_relativa_pct,-21.67364984853772,-21.67364984853772,0.0,-21.67364984853772,0.0
modelo_07_ablacao_parametros.csv,legado,TR,so_tau_inicial,p_valor,3.0517578125e-05,3.0517578125e-05,0.0,3.0517578125e-05,0.0
modelo_07_ablacao_parametros.csv,legado,TR,so_tau_inicial,d_cohen_pareado,-2.338208549696021,-2.338208549696021,0.0,-2.338208549696021,0.0
modelo_07_ablacao_parametros.csv,legado,TR,so_tau_inicial,prop_instancias_com_dif,1.0,1.0,0.0,1.0,0.0
modelo_07_ablacao_parametros.csv,legado,TR,so_tau_inicial,n_instancias,16.0,16.0,0.0,16.0,0.0
modelo_07_ablacao_parametros.csv,legado,TR,so_tau_inicial,media_referencia_centralizada,68.86531966000788,68.86531966000788,0.0,68.86531966000788,0.0
modelo_07_ablacao_parametros.csv,legado,TR,so_tau_inicial,media_braco,53.93969140982156,53.93969140982156,0.0,53.93969140982156,0.0
modelo_07_ablacao_parametros.csv,legado,TR,so_tau_inicial,efeito_total_adaptativa,-16.356413347129973,-16.356413347129973,0.0,-16.356413347129973,0.0
modelo_07_ablacao_parametros.csv,legado,TR,so_tau_inicial,fracao_do_efeito_total_pct,91.2524520713784,91.25245207137839,-1.4210854715202004e-14,91.25245207137839,0.0
modelo_07_ablacao_parametros.csv,legado,TR,so_tau_min,dif_absoluta,0.0,0.0,0.0,0.0,0.0
modelo_07_ablacao_parametros.csv,legado,TR,so_tau_min,dif_relativa_pct,0.0,0.0,0.0,0.0,0.0
modelo_07_ablacao_parametros.csv,legado,TR,so_tau_min,p_valor,,,,,
modelo_07_ablacao_parametros.csv,legado,TR,so_tau_min,d_cohen_pareado,,,,,
modelo_07_ablacao_parametros.csv,legado,TR,so_tau_min,prop_instancias_com_dif,0.0,0.0,0.0,0.0,0.0
modelo_07_ablacao_parametros.csv,legado,TR,so_tau_min,n_instancias,16.0,16.0,0.0,16.0,0.0
modelo_07_ablacao_parametros.csv,legado,TR,so_tau_min,media_referencia_centralizada,68.86531966000788,68.86531966000788,0.0,68.86531966000788,0.0
modelo_07_ablacao_parametros.csv,legado,TR,so_tau_min,media_braco,68.86531966000788,68.86531966000788,0.0,68.86531966000788,0.0
modelo_07_ablacao_parametros.csv,legado,TR,so_tau_min,efeito_total_adaptativa,-16.356413347129973,-16.356413347129973,0.0,-16.356413347129973,0.0
modelo_07_ablacao_parametros.csv,legado,TR,so_tau_min,fracao_do_efeito_total_pct,-0.0,-0.0,0.0,-0.0,0.0
modelo_07_ablacao_parametros.csv,legado,TR,so_p_reporte,dif_absoluta,-1.6575759961244496,-1.6575759961244496,0.0,-1.6575759961244496,0.0
modelo_07_ablacao_parametros.csv,legado,TR,so_p_reporte,dif_relativa_pct,-2.406982214426651,-2.406982214426651,0.0,-2.406982214426651,0.0
modelo_07_ablacao_parametros.csv,legado,TR,so_p_reporte,p_valor,0.231201171875,0.231201171875,0.0,0.231201171875,0.0
modelo_07_ablacao_parametros.csv,legado,TR,so_p_reporte,d_cohen_pareado,-0.338049801367616,-0.338049801367616,0.0,-0.338049801367616,0.0
modelo_07_ablacao_parametros.csv,legado,TR,so_p_reporte,prop_instancias_com_dif,1.0,1.0,0.0,1.0,0.0
modelo_07_ablacao_parametros.csv,legado,TR,so_p_reporte,n_instancias,16.0,16.0,0.0,16.0,0.0
modelo_07_ablacao_parametros.csv,legado,TR,so_p_reporte,media_referencia_centralizada,68.86531966000788,68.86531966000788,0.0,68.86531966000788,0.0
modelo_07_ablacao_parametros.csv,legado,TR,so_p_reporte,media_braco,67.20774366388343,67.20774366388343,0.0,67.20774366388343,0.0
modelo_07_ablacao_parametros.csv,legado,TR,so_p_reporte,efeito_total_adaptativa,-16.356413347129973,-16.356413347129973,0.0,-16.356413347129973,0.0
modelo_07_ablacao_parametros.csv,legado,TR,so_p_reporte,fracao_do_efeito_total_pct,10.13410434760932,10.13410434760932,0.0,10.13410434760932,0.0
modelo_07_ablacao_parametros.csv,legado,TR,so_p_deteccao,dif_absoluta,-0.6666267539751964,-0.6666267539751969,-4.440892098500626e-16,-0.6666267539751969,0.0
modelo_07_ablacao_parametros.csv,legado,TR,so_p_deteccao,dif_relativa_pct,-0.968015188583124,-0.9680151885831246,-6.661338147750939e-16,-0.9680151885831246,0.0
modelo_07_ablacao_parametros.csv,legado,TR,so_p_deteccao,p_valor,0.4637451171875,0.4637451171875,0.0,0.4637451171875,0.0
modelo_07_ablacao_parametros.csv,legado,TR,so_p_deteccao,d_cohen_pareado,-0.0906558851852066,-0.0906558851852067,-9.71445146547012e-17,-0.0906558851852067,0.0
modelo_07_ablacao_parametros.csv,legado,TR,so_p_deteccao,prop_instancias_com_dif,1.0,1.0,0.0,1.0,0.0
modelo_07_ablacao_parametros.csv,legado,TR,so_p_deteccao,n_instancias,16.0,16.0,0.0,16.0,0.0
modelo_07_ablacao_parametros.csv,legado,TR,so_p_deteccao,media_referencia_centralizada,68.86531966000788,68.86531966000788,0.0,68.86531966000788,0.0
modelo_07_ablacao_parametros.csv,legado,TR,so_p_deteccao,media_braco,68.19869290603268,68.19869290603268,0.0,68.19869290603268,0.0
modelo_07_ablacao_parametros.csv,legado,TR,so_p_deteccao,efeito_total_adaptativa,-16.356413347129973,-16.356413347129973,0.0,-16.356413347129973,0.0
modelo_07_ablacao_parametros.csv,legado,TR,so_p_deteccao,fracao_do_efeito_total_pct,4.075629172652134,4.075629172652136,2.6645352591003757e-15,4.075629172652136,0.0
modelo_07_ablacao_parametros.csv,legado,TR,so_par_tau,dif_absoluta,-14.925628250186318,-14.925628250186318,0.0,-14.925628250186318,0.0
modelo_07_ablacao_parametros.csv,legado,TR,so_par_tau,dif_relativa_pct,-21.67364984853772,-21.67364984853772,0.0,-21.67364984853772,0.0
modelo_07_ablacao_parametros.csv,legado,TR,so_par_tau,p_valor,3.0517578125e-05,3.0517578125e-05,0.0,3.0517578125e-05,0.0
modelo_07_ablacao_parametros.csv,legado,TR,so_par_tau,d_cohen_pareado,-2.338208549696021,-2.338208549696021,0.0,-2.338208549696021,0.0
modelo_07_ablacao_parametros.csv,legado,TR,so_par_tau,prop_instancias_com_dif,1.0,1.0,0.0,1.0,0.0
modelo_07_ablacao_parametros.csv,legado,TR,so_par_tau,n_instancias,16.0,16.0,0.0,16.0,0.0
modelo_07_ablacao_parametros.csv,legado,TR,so_par_tau,media_referencia_centralizada,68.86531966000788,68.86531966000788,0.0,68.86531966000788,0.0
modelo_07_ablacao_parametros.csv,legado,TR,so_par_tau,media_braco,53.93969140982156,53.93969140982156,0.0,53.93969140982156,0.0
modelo_07_ablacao_parametros.csv,legado,TR,so_par_tau,efeito_total_adaptativa,-16.356413347129973,-16.356413347129973,0.0,-16.356413347129973,0.0
modelo_07_ablacao_parametros.csv,legado,TR,so_par_tau,fracao_do_efeito_total_pct,91.2524520713784,91.25245207137839,-1.4210854715202004e-14,91.25245207137839,0.0
modelo_07_ablacao_parametros.csv,legado,TR,sem_par_tau,dif_absoluta,-0.927291673837245,-0.927291673837245,0.0,-0.927291673837245,0.0
modelo_07_ablacao_parametros.csv,legado,TR,sem_par_tau,dif_relativa_pct,-1.3465292521915797,-1.3465292521915797,0.0,-1.3465292521915797,0.0
modelo_07_ablacao_parametros.csv,legado,TR,sem_par_tau,p_valor,0.2978515625,0.2978515625,0.0,0.2978515625,0.0
modelo_07_ablacao_parametros.csv,legado,TR,sem_par_tau,d_cohen_pareado,-0.2155709264297818,-0.21557092642978185,-5.551115123125783e-17,-0.21557092642978185,0.0
modelo_07_ablacao_parametros.csv,legado,TR,sem_par_tau,prop_instancias_com_dif,1.0,1.0,0.0,1.0,0.0
modelo_07_ablacao_parametros.csv,legado,TR,sem_par_tau,n_instancias,16.0,16.0,0.0,16.0,0.0
modelo_07_ablacao_parametros.csv,legado,TR,sem_par_tau,media_referencia_centralizada,68.86531966000788,68.86531966000788,0.0,68.86531966000788,0.0
modelo_07_ablacao_parametros.csv,legado,TR,sem_par_tau,media_braco,67.93802798617062,67.93802798617062,0.0,67.93802798617062,0.0
modelo_07_ablacao_parametros.csv,legado,TR,sem_par_tau,efeito_total_adaptativa,-16.356413347129973,-16.356413347129973,0.0,-16.356413347129973,0.0
modelo_07_ablacao_parametros.csv,legado,TR,sem_par_tau,fracao_do_efeito_total_pct,5.6692849108020065,5.6692849108020065,0.0,5.6692849108020065,0.0
modelo_10_fatorial_decomposicao.csv,legado,TW,A,parcela_media,-147.26041666666669,-147.26041666666669,0.0,-147.26041666666669,0.0
modelo_10_fatorial_decomposicao.csv,legado,TW,A,pct_do_contraste,98.43336582648656,98.43336582648655,-1.4210854715202004e-14,98.43336582648655,0.0
modelo_10_fatorial_decomposicao.csv,legado,TW,A,p_valor,3.0517578125e-05,3.0517578125e-05,0.0,3.0517578125e-05,0.0
modelo_10_fatorial_decomposicao.csv,legado,TW,A,n_instancias,16.0,16.0,0.0,16.0,0.0
modelo_10_fatorial_decomposicao.csv,legado,TW,B,parcela_media,0.0,0.0,0.0,0.0,0.0
modelo_10_fatorial_decomposicao.csv,legado,TW,B,pct_do_contraste,-0.0,-0.0,0.0,-0.0,0.0
modelo_10_fatorial_decomposicao.csv,legado,TW,B,p_valor,,,,,
modelo_10_fatorial_decomposicao.csv,legado,TW,B,n_instancias,16.0,16.0,0.0,16.0,0.0
modelo_10_fatorial_decomposicao.csv,legado,TW,C,parcela_media,0.4166666666666643,0.4166666666669018,2.37476704967321e-13,0.4166666666669018,0.0
modelo_10_fatorial_decomposicao.csv,legado,TW,C,pct_do_contraste,-0.2785127419579429,-0.27851274195810166,-1.5876189252139739e-13,-0.27851274195810166,0.0
modelo_10_fatorial_decomposicao.csv,legado,TW,C,p_valor,0.7173356752327977,0.743560791015625,0.02622511578282727,0.743560791015625,0.0
modelo_10_fatorial_decomposicao.csv,legado,TW,C,n_instancias,16.0,16.0,0.0,16.0,0.0
modelo_10_fatorial_decomposicao.csv,legado,TW,D,parcela_media,1.374999999999993,1.3749999999998268,-1.6608936448392342e-13,1.3749999999998268,0.0
modelo_10_fatorial_decomposicao.csv,legado,TW,D,pct_do_contraste,-0.9190920484612124,-0.9190920484611013,1.1113332476497817e-13,-0.9190920484611013,0.0
modelo_10_fatorial_decomposicao.csv,legado,TW,D,p_valor,0.5618896484375,0.5618896484375,0.0,0.5618896484375,0.0
modelo_10_fatorial_decomposicao.csv,legado,TW,D,n_instancias,16.0,16.0,0.0,16.0,0.0
modelo_10_fatorial_decomposicao.csv,legado,TW,AB,parcela_media,0.0,-6.252815105967091e-13,-6.252815105967091e-13,-6.252815105967091e-13,0.0
modelo_10_fatorial_decomposicao.csv,legado,TW,AB,pct_do_contraste,-0.0,4.1795728322854803e-13,4.1795728322854803e-13,4.1795728322854803e-13,0.0
modelo_10_fatorial_decomposicao.csv,legado,TW,AB,p_valor,,,,,
modelo_10_fatorial_decomposicao.csv,legado,TW,AB,n_instancias,16.0,16.0,0.0,16.0,0.0
modelo_10_fatorial_decomposicao.csv,legado,TW,AC,parcela_media,-1.421875000000007,-1.4218750000000981,-9.103828801926284e-14,-1.4218750000000981,0.0
modelo_10_fatorial_decomposicao.csv,legado,TW,AC,pct_do_contraste,0.9504247319314904,0.9504247319315513,6.09512440519211e-14,0.9504247319315513,0.0
modelo_10_fatorial_decomposicao.csv,legado,TW,AC,p_valor,0.528167724609375,0.528167724609375,0.0,0.528167724609375,0.0
modelo_10_fatorial_decomposicao.csv,legado,TW,AC,n_instancias,16.0,16.0,0.0,16.0,0.0
modelo_10_fatorial_decomposicao.csv,legado,TW,AD,parcela_media,-2.411458333333332,-2.4114583333333113,2.0872192862952943e-14,-2.4114583333333113,0.0
modelo_10_fatorial_decomposicao.csv,legado,TW,AD,pct_do_contraste,1.611892494081603,1.6118924940815893,-1.3766765505351941e-14,1.6118924940815893,0.0
modelo_10_fatorial_decomposicao.csv,legado,TW,AD,p_valor,0.322509765625,0.322509765625,0.0,0.322509765625,0.0
modelo_10_fatorial_decomposicao.csv,legado,TW,AD,n_instancias,16.0,16.0,0.0,16.0,0.0
modelo_10_fatorial_decomposicao.csv,legado,TW,BC,parcela_media,0.0,-3.487141131408578e-14,-3.487141131408578e-14,-3.487141131408578e-14,0.0
modelo_10_fatorial_decomposicao.csv,legado,TW,BC,pct_do_contraste,-0.0,2.3309117714470374e-14,2.3309117714470374e-14,2.3309117714470374e-14,0.0
modelo_10_fatorial_decomposicao.csv,legado,TW,BC,p_valor,,,,,
modelo_10_fatorial_decomposicao.csv,legado,TW,BC,n_instancias,16.0,16.0,0.0,16.0,0.0
modelo_10_fatorial_decomposicao.csv,legado,TW,BD,parcela_media,0.0,1.6121960537407452e-13,1.6121960537407452e-13,1.6121960537407452e-13,0.0
modelo_10_fatorial_decomposicao.csv,legado,TW,BD,pct_do_contraste,-0.0,-1.0776411444026704e-13,-1.0776411444026704e-13,-1.0776411444026704e-13,0.0
modelo_10_fatorial_decomposicao.csv,legado,TW,BD,p_valor,,,,,
modelo_10_fatorial_decomposicao.csv,legado,TW,BD,n_instancias,16.0,16.0,0.0,16.0,0.0
modelo_10_fatorial_decomposicao.csv,legado,TW,CD,parcela_media,-0.953125,-0.9531250000002589,-2.589040093425865e-13,-0.9531250000002589,0.0
modelo_10_fatorial_decomposicao.csv,legado,TW,CD,pct_do_contraste,0.6370978972287982,0.6370978972289713,1.730837695390619e-13,0.6370978972289713,0.0
modelo_10_fatorial_decomposicao.csv,legado,TW,CD,p_valor,0.820892333984375,0.820892333984375,0.0,0.820892333984375,0.0
modelo_10_fatorial_decomposicao.csv,legado,TW,CD,n_instancias,16.0,16.0,0.0,16.0,0.0
modelo_10_fatorial_decomposicao.csv,legado,TW,ABC,parcela_media,0.0,4.1092997060676595e-14,4.1092997060676595e-14,4.1092997060676595e-14,0.0
modelo_10_fatorial_decomposicao.csv,legado,TW,ABC,pct_do_contraste,-0.0,-2.7467815887933105e-14,-2.7467815887933105e-14,-2.7467815887933105e-14,0.0
modelo_10_fatorial_decomposicao.csv,legado,TW,ABC,p_valor,,,,,
modelo_10_fatorial_decomposicao.csv,legado,TW,ABC,n_instancias,16.0,16.0,0.0,16.0,0.0
modelo_10_fatorial_decomposicao.csv,legado,TW,ABD,parcela_media,0.0,4.306479941170356e-13,4.306479941170356e-13,4.306479941170356e-13,0.0
modelo_10_fatorial_decomposicao.csv,legado,TW,ABD,pct_do_contraste,-0.0,-2.8785828878453845e-13,-2.8785828878453845e-13,-2.8785828878453845e-13,0.0
modelo_10_fatorial_decomposicao.csv,legado,TW,ABD,p_valor,,,,,
modelo_10_fatorial_decomposicao.csv,legado,TW,ABD,n_instancias,16.0,16.0,0.0,16.0,0.0
modelo_10_fatorial_decomposicao.csv,legado,TW,ACD,parcela_media,0.6510416666666785,0.6510416666668034,1.249000902703301e-13,0.6510416666668034,0.0
modelo_10_fatorial_decomposicao.csv,legado,TW,ACD,pct_do_contraste,-0.4351761593092962,-0.43517615930937975,-8.354428260304303e-14,-0.43517615930937975,0.0
modelo_10_fatorial_decomposicao.csv,legado,TW,ACD,p_valor,0.93988037109375,0.93988037109375,0.0,0.93988037109375,0.0
modelo_10_fatorial_decomposicao.csv,legado,TW,ACD,n_instancias,16.0,16.0,0.0,16.0,0.0
modelo_10_fatorial_decomposicao.csv,legado,TW,BCD,parcela_media,0.0,-3.069260702074731e-13,-3.069260702074731e-13,-3.069260702074731e-13,0.0
modelo_10_fatorial_decomposicao.csv,legado,TW,BCD,pct_do_contraste,-0.0,2.0515877134046382e-13,2.0515877134046382e-13,2.0515877134046382e-13,0.0
modelo_10_fatorial_decomposicao.csv,legado,TW,BCD,p_valor,,,,,
modelo_10_fatorial_decomposicao.csv,legado,TW,BCD,n_instancias,16.0,16.0,0.0,16.0,0.0
modelo_10_fatorial_decomposicao.csv,legado,TW,ABCD,parcela_media,0.0,-5.904196402617412e-13,-5.904196402617412e-13,-5.904196402617412e-13,0.0
modelo_10_fatorial_decomposicao.csv,legado,TW,ABCD,pct_do_contraste,-0.0,3.9465454299628987e-13,3.9465454299628987e-13,3.9465454299628987e-13,0.0
modelo_10_fatorial_decomposicao.csv,legado,TW,ABCD,p_valor,,,,,
modelo_10_fatorial_decomposicao.csv,legado,TW,ABCD,n_instancias,16.0,16.0,0.0,16.0,0.0
modelo_10_fatorial_decomposicao.csv,legado,TW,SOMA_principais,parcela_media,-145.46875000000003,-145.46874999999994,8.526512829121202e-14,-145.46874999999994,0.0
modelo_10_fatorial_decomposicao.csv,legado,TW,SOMA_principais,pct_do_contraste,97.23576103606742,97.23576103606734,-7.105427357601002e-14,97.23576103606734,0.0
modelo_10_fatorial_decomposicao.csv,legado,TW,SOMA_principais,p_valor,,,,,
modelo_10_fatorial_decomposicao.csv,legado,TW,SOMA_principais,n_instancias,16.0,16.0,0.0,16.0,0.0
modelo_10_fatorial_decomposicao.csv,legado,TW,SOMA_interacoes,parcela_media,-4.135416666666661,-4.135416666667788,-1.127098414599459e-12,-4.135416666667788,0.0
modelo_10_fatorial_decomposicao.csv,legado,TW,SOMA_interacoes,pct_do_contraste,2.7642389639325957,2.764238963933349,7.531752999057062e-13,2.764238963933349,0.0
modelo_10_fatorial_decomposicao.csv,legado,TW,SOMA_interacoes,p_valor,,,,,
modelo_10_fatorial_decomposicao.csv,legado,TW,SOMA_interacoes,n_instancias,16.0,16.0,0.0,16.0,0.0
modelo_07_ablacao_parametros.csv,legado,TW,centralizada,dif_absoluta,0.0,0.0,0.0,0.0,0.0
modelo_07_ablacao_parametros.csv,legado,TW,centralizada,dif_relativa_pct,0.0,0.0,0.0,0.0,0.0
modelo_07_ablacao_parametros.csv,legado,TW,centralizada,p_valor,,,,,
modelo_07_ablacao_parametros.csv,legado,TW,centralizada,d_cohen_pareado,,,,,
modelo_07_ablacao_parametros.csv,legado,TW,centralizada,prop_instancias_com_dif,0.0,0.0,0.0,0.0,0.0
modelo_07_ablacao_parametros.csv,legado,TW,centralizada,n_instancias,16.0,16.0,0.0,16.0,0.0
modelo_07_ablacao_parametros.csv,legado,TW,centralizada,media_referencia_centralizada,696.796875,696.796875,0.0,696.796875,0.0
modelo_07_ablacao_parametros.csv,legado,TW,centralizada,media_braco,696.796875,696.796875,0.0,696.796875,0.0
modelo_07_ablacao_parametros.csv,legado,TW,centralizada,efeito_total_adaptativa,-149.60416666666669,-149.60416666666669,0.0,-149.60416666666669,0.0
modelo_07_ablacao_parametros.csv,legado,TW,centralizada,fracao_do_efeito_total_pct,-0.0,-0.0,0.0,-0.0,0.0
modelo_07_ablacao_parametros.csv,legado,TW,adaptativa,dif_absoluta,-149.60416666666669,-149.60416666666669,0.0,-149.60416666666669,0.0
modelo_07_ablacao_parametros.csv,legado,TW,adaptativa,dif_relativa_pct,-21.47026946219681,-21.47026946219681,0.0,-21.47026946219681,0.0
modelo_07_ablacao_parametros.csv,legado,TW,adaptativa,p_valor,3.0517578125e-05,3.0517578125e-05,0.0,3.0517578125e-05,0.0
modelo_07_ablacao_parametros.csv,legado,TW,adaptativa,d_cohen_pareado,-6.498852419526266,-6.498852419526266,0.0,-6.498852419526266,0.0
modelo_07_ablacao_parametros.csv,legado,TW,adaptativa,prop_instancias_com_dif,1.0,1.0,0.0,1.0,0.0
modelo_07_ablacao_parametros.csv,legado,TW,adaptativa,n_instancias,16.0,16.0,0.0,16.0,0.0
modelo_07_ablacao_parametros.csv,legado,TW,adaptativa,media_referencia_centralizada,696.796875,696.796875,0.0,696.796875,0.0
modelo_07_ablacao_parametros.csv,legado,TW,adaptativa,media_braco,547.1927083333333,547.1927083333333,0.0,547.1927083333333,0.0
modelo_07_ablacao_parametros.csv,legado,TW,adaptativa,efeito_total_adaptativa,-149.60416666666669,-149.60416666666669,0.0,-149.60416666666669,0.0
modelo_07_ablacao_parametros.csv,legado,TW,adaptativa,fracao_do_efeito_total_pct,100.0,100.0,0.0,100.0,0.0
modelo_07_ablacao_parametros.csv,legado,TW,so_tau_inicial,dif_absoluta,-147.26041666666669,-147.26041666666669,0.0,-147.26041666666669,0.0
modelo_07_ablacao_parametros.csv,legado,TW,so_tau_inicial,dif_relativa_pct,-21.133908883656616,-21.133908883656616,0.0,-21.133908883656616,0.0
modelo_07_ablacao_parametros.csv,legado,TW,so_tau_inicial,p_valor,3.0517578125e-05,3.0517578125e-05,0.0,3.0517578125e-05,0.0
modelo_07_ablacao_parametros.csv,legado,TW,so_tau_inicial,d_cohen_pareado,-6.783549266150521,-6.783549266150521,0.0,-6.783549266150521,0.0
modelo_07_ablacao_parametros.csv,legado,TW,so_tau_inicial,prop_instancias_com_dif,1.0,1.0,0.0,1.0,0.0
modelo_07_ablacao_parametros.csv,legado,TW,so_tau_inicial,n_instancias,16.0,16.0,0.0,16.0,0.0
modelo_07_ablacao_parametros.csv,legado,TW,so_tau_inicial,media_referencia_centralizada,696.796875,696.796875,0.0,696.796875,0.0
modelo_07_ablacao_parametros.csv,legado,TW,so_tau_inicial,media_braco,549.5364583333333,549.5364583333333,0.0,549.5364583333333,0.0
modelo_07_ablacao_parametros.csv,legado,TW,so_tau_inicial,efeito_total_adaptativa,-149.60416666666669,-149.60416666666669,0.0,-149.60416666666669,0.0
modelo_07_ablacao_parametros.csv,legado,TW,so_tau_inicial,fracao_do_efeito_total_pct,98.43336582648656,98.43336582648655,-1.4210854715202004e-14,98.43336582648655,0.0
modelo_07_ablacao_parametros.csv,legado,TW,so_tau_min,dif_absoluta,0.0,0.0,0.0,0.0,0.0
modelo_07_ablacao_parametros.csv,legado,TW,so_tau_min,dif_relativa_pct,0.0,0.0,0.0,0.0,0.0
modelo_07_ablacao_parametros.csv,legado,TW,so_tau_min,p_valor,,,,,
modelo_07_ablacao_parametros.csv,legado,TW,so_tau_min,d_cohen_pareado,,,,,
modelo_07_ablacao_parametros.csv,legado,TW,so_tau_min,prop_instancias_com_dif,0.0,0.0,0.0,0.0,0.0
modelo_07_ablacao_parametros.csv,legado,TW,so_tau_min,n_instancias,16.0,16.0,0.0,16.0,0.0
modelo_07_ablacao_parametros.csv,legado,TW,so_tau_min,media_referencia_centralizada,696.796875,696.796875,0.0,696.796875,0.0
modelo_07_ablacao_parametros.csv,legado,TW,so_tau_min,media_braco,696.796875,696.796875,0.0,696.796875,0.0
modelo_07_ablacao_parametros.csv,legado,TW,so_tau_min,efeito_total_adaptativa,-149.60416666666669,-149.60416666666669,0.0,-149.60416666666669,0.0
modelo_07_ablacao_parametros.csv,legado,TW,so_tau_min,fracao_do_efeito_total_pct,-0.0,-0.0,0.0,-0.0,0.0
modelo_07_ablacao_parametros.csv,legado,TW,so_p_reporte,dif_absoluta,0.4166666666666643,0.4166666666666643,0.0,0.4166666666666643,0.0
modelo_07_ablacao_parametros.csv,legado,TW,so_p_reporte,dif_relativa_pct,0.0597974361849232,0.05979743618492323,3.469446951953614e-17,0.05979743618492323,0.0
modelo_07_ablacao_parametros.csv,legado,TW,so_p_reporte,p_valor,0.7173356752327977,0.743560791015625,0.02622511578282727,0.743560791015625,0.0
modelo_07_ablacao_parametros.csv,legado,TW,so_p_reporte,d_cohen_pareado,0.0485566590231655,0.0485566590231655,0.0,0.0485566590231655,0.0
modelo_07_ablacao_parametros.csv,legado,TW,so_p_reporte,prop_instancias_com_dif,1.0,1.0,0.0,1.0,0.0
modelo_07_ablacao_parametros.csv,legado,TW,so_p_reporte,n_instancias,16.0,16.0,0.0,16.0,0.0
modelo_07_ablacao_parametros.csv,legado,TW,so_p_reporte,media_referencia_centralizada,696.796875,696.796875,0.0,696.796875,0.0
modelo_07_ablacao_parametros.csv,legado,TW,so_p_reporte,media_braco,697.2135416666667,697.2135416666667,0.0,697.2135416666667,0.0
modelo_07_ablacao_parametros.csv,legado,TW,so_p_reporte,efeito_total_adaptativa,-149.60416666666669,-149.60416666666669,0.0,-149.60416666666669,0.0
modelo_07_ablacao_parametros.csv,legado,TW,so_p_reporte,fracao_do_efeito_total_pct,-0.2785127419579429,-0.27851274195794296,-5.551115123125783e-17,-0.27851274195794296,0.0
modelo_07_ablacao_parametros.csv,legado,TW,so_p_deteccao,dif_absoluta,1.374999999999993,1.374999999999993,0.0,1.374999999999993,0.0
modelo_07_ablacao_parametros.csv,legado,TW,so_p_deteccao,dif_relativa_pct,0.1973315394102467,0.19733153941024675,5.551115123125783e-17,0.19733153941024675,0.0
modelo_07_ablacao_parametros.csv,legado,TW,so_p_deteccao,p_valor,0.5618896484375,0.5618896484375,0.0,0.5618896484375,0.0
modelo_07_ablacao_parametros.csv,legado,TW,so_p_deteccao,d_cohen_pareado,0.1667477833359507,0.16674778333595078,8.326672684688674e-17,0.16674778333595078,0.0
modelo_07_ablacao_parametros.csv,legado,TW,so_p_deteccao,prop_instancias_com_dif,1.0,1.0,0.0,1.0,0.0
modelo_07_ablacao_parametros.csv,legado,TW,so_p_deteccao,n_instancias,16.0,16.0,0.0,16.0,0.0
modelo_07_ablacao_parametros.csv,legado,TW,so_p_deteccao,media_referencia_centralizada,696.796875,696.796875,0.0,696.796875,0.0
modelo_07_ablacao_parametros.csv,legado,TW,so_p_deteccao,media_braco,698.171875,698.171875,0.0,698.171875,0.0
modelo_07_ablacao_parametros.csv,legado,TW,so_p_deteccao,efeito_total_adaptativa,-149.60416666666669,-149.60416666666669,0.0,-149.60416666666669,0.0
modelo_07_ablacao_parametros.csv,legado,TW,so_p_deteccao,fracao_do_efeito_total_pct,-0.9190920484612124,-0.9190920484612123,1.1102230246251565e-16,-0.9190920484612123,0.0
modelo_07_ablacao_parametros.csv,legado,TW,so_par_tau,dif_absoluta,-147.26041666666669,-147.26041666666669,0.0,-147.26041666666669,0.0
modelo_07_ablacao_parametros.csv,legado,TW,so_par_tau,dif_relativa_pct,-21.133908883656616,-21.133908883656616,0.0,-21.133908883656616,0.0
modelo_07_ablacao_parametros.csv,legado,TW,so_par_tau,p_valor,3.0517578125e-05,3.0517578125e-05,0.0,3.0517578125e-05,0.0
modelo_07_ablacao_parametros.csv,legado,TW,so_par_tau,d_cohen_pareado,-6.783549266150521,-6.783549266150521,0.0,-6.783549266150521,0.0
modelo_07_ablacao_parametros.csv,legado,TW,so_par_tau,prop_instancias_com_dif,1.0,1.0,0.0,1.0,0.0
modelo_07_ablacao_parametros.csv,legado,TW,so_par_tau,n_instancias,16.0,16.0,0.0,16.0,0.0
modelo_07_ablacao_parametros.csv,legado,TW,so_par_tau,media_referencia_centralizada,696.796875,696.796875,0.0,696.796875,0.0
modelo_07_ablacao_parametros.csv,legado,TW,so_par_tau,media_braco,549.5364583333333,549.5364583333333,0.0,549.5364583333333,0.0
modelo_07_ablacao_parametros.csv,legado,TW,so_par_tau,efeito_total_adaptativa,-149.60416666666669,-149.60416666666669,0.0,-149.60416666666669,0.0
modelo_07_ablacao_parametros.csv,legado,TW,so_par_tau,fracao_do_efeito_total_pct,98.43336582648656,98.43336582648655,-1.4210854715202004e-14,98.43336582648655,0.0
modelo_07_ablacao_parametros.csv,legado,TW,sem_par_tau,dif_absoluta,0.8385416666666572,0.8385416666666572,0.0,0.8385416666666572,0.0
modelo_07_ablacao_parametros.csv,legado,TW,sem_par_tau,dif_relativa_pct,0.1203423403221573,0.12034234032215733,2.7755575615628914e-17,0.12034234032215733,0.0
modelo_07_ablacao_parametros.csv,legado,TW,sem_par_tau,p_valor,0.899932861328125,0.899932861328125,0.0,0.899932861328125,0.0
modelo_07_ablacao_parametros.csv,legado,TW,sem_par_tau,d_cohen_pareado,0.0828718684222649,0.08287186842226499,8.326672684688674e-17,0.08287186842226499,0.0
modelo_07_ablacao_parametros.csv,legado,TW,sem_par_tau,prop_instancias_com_dif,1.0,1.0,0.0,1.0,0.0
modelo_07_ablacao_parametros.csv,legado,TW,sem_par_tau,n_instancias,16.0,16.0,0.0,16.0,0.0
modelo_07_ablacao_parametros.csv,legado,TW,sem_par_tau,media_referencia_centralizada,696.796875,696.796875,0.0,696.796875,0.0
modelo_07_ablacao_parametros.csv,legado,TW,sem_par_tau,media_braco,697.6354166666667,697.6354166666667,0.0,697.6354166666667,0.0
modelo_07_ablacao_parametros.csv,legado,TW,sem_par_tau,efeito_total_adaptativa,-149.60416666666669,-149.60416666666669,0.0,-149.60416666666669,0.0
modelo_07_ablacao_parametros.csv,legado,TW,sem_par_tau,fracao_do_efeito_total_pct,-0.5605068931903571,-0.5605068931903571,0.0,-0.5605068931903571,0.0
modelo_10_fatorial_decomposicao.csv,legado,n_com_erro,A,parcela_media,-0.9791666666666664,-0.9791666666666665,-1.1102230246251565e-16,-0.9791666666666665,0.0
modelo_10_fatorial_decomposicao.csv,legado,n_com_erro,A,pct_do_contraste,10.645526613816534,10.645526613816534,0.0,10.645526613816534,0.0
modelo_10_fatorial_decomposicao.csv,legado,n_com_erro,A,p_valor,0.00771400871124,0.005157470703125,-0.0025565380081149997,0.005157470703125,0.0
modelo_10_fatorial_decomposicao.csv,legado,n_com_erro,A,n_instancias,16.0,16.0,0.0,16.0,0.0
modelo_10_fatorial_decomposicao.csv,legado,n_com_erro,B,parcela_media,0.0,0.0,0.0,0.0,0.0
modelo_10_fatorial_decomposicao.csv,legado,n_com_erro,B,pct_do_contraste,-0.0,-0.0,0.0,-0.0,0.0
modelo_10_fatorial_decomposicao.csv,legado,n_com_erro,B,p_valor,,,,,
modelo_10_fatorial_decomposicao.csv,legado,n_com_erro,B,n_instancias,16.0,16.0,0.0,16.0,0.0
modelo_10_fatorial_decomposicao.csv,legado,n_com_erro,C,parcela_media,-9.255208333333334,-9.255208333333327,7.105427357601002e-15,-9.255208333333327,0.0
modelo_10_fatorial_decomposicao.csv,legado,n_com_erro,C,pct_do_contraste,100.6228765571914,100.62287655719133,-7.105427357601002e-14,100.62287655719133,0.0
modelo_10_fatorial_decomposicao.csv,legado,n_com_erro,C,p_valor,0.0004358423668112,3.0517578125e-05,-0.0004053247886862,3.0517578125e-05,0.0
modelo_10_fatorial_decomposicao.csv,legado,n_com_erro,C,n_instancias,16.0,16.0,0.0,16.0,0.0
modelo_10_fatorial_decomposicao.csv,legado,n_com_erro,D,parcela_media,-0.0937499999999998,-0.09375000000000214,-2.3314683517128287e-15,-0.09375000000000214,0.0
modelo_10_fatorial_decomposicao.csv,legado,n_com_erro,D,pct_do_contraste,1.0192525481313692,1.0192525481313937,2.4424906541753444e-14,1.0192525481313937,0.0
modelo_10_fatorial_decomposicao.csv,legado,n_com_erro,D,p_valor,0.5345151908359941,0.528167724609375,-0.006347466226619081,0.528167724609375,0.0
modelo_10_fatorial_decomposicao.csv,legado,n_com_erro,D,n_instancias,16.0,16.0,0.0,16.0,0.0
modelo_10_fatorial_decomposicao.csv,legado,n_com_erro,AB,parcela_media,0.0,-9.172494939517032e-15,-9.172494939517032e-15,-9.172494939517032e-15,0.0
modelo_10_fatorial_decomposicao.csv,legado,n_com_erro,AB,pct_do_contraste,-0.0,9.972361429146489e-14,9.972361429146489e-14,9.972361429146489e-14,0.0
modelo_10_fatorial_decomposicao.csv,legado,n_com_erro,AB,p_valor,,,,,
modelo_10_fatorial_decomposicao.csv,legado,n_com_erro,AB,n_instancias,16.0,16.0,0.0,16.0,0.0
modelo_10_fatorial_decomposicao.csv,legado,n_com_erro,AC,parcela_media,1.078125,1.0781249999999896,-1.0436096431476471e-14,1.0781249999999896,0.0
modelo_10_fatorial_decomposicao.csv,legado,n_com_erro,AC,pct_do_contraste,-11.72140430351076,-11.721404303510647,1.1191048088221578e-13,-11.721404303510647,0.0
modelo_10_fatorial_decomposicao.csv,legado,n_com_erro,AC,p_valor,0.00762939453125,0.00762939453125,0.0,0.00762939453125,0.0
modelo_10_fatorial_decomposicao.csv,legado,n_com_erro,AC,n_instancias,16.0,16.0,0.0,16.0,0.0
modelo_10_fatorial_decomposicao.csv,legado,n_com_erro,AD,parcela_media,0.4114583333333331,0.4114583333333369,3.83026943495679e-15,0.4114583333333369,0.0
modelo_10_fatorial_decomposicao.csv,legado,n_com_erro,AD,pct_do_contraste,-4.473386183465457,-4.4733861834654975,-4.085620730620576e-14,-4.4733861834654975,0.0
modelo_10_fatorial_decomposicao.csv,legado,n_com_erro,AD,p_valor,0.1786647779062852,0.17535400390625,-0.0033107740000352104,0.17535400390625,0.0
modelo_10_fatorial_decomposicao.csv,legado,n_com_erro,AD,n_instancias,16.0,16.0,0.0,16.0,0.0
modelo_10_fatorial_decomposicao.csv,legado,n_com_erro,BC,parcela_media,8.326672684688674e-17,-6.305719835175694e-16,-7.138387103644561e-16,-6.305719835175694e-16,0.0
modelo_10_fatorial_decomposicao.csv,legado,n_com_erro,BC,pct_do_contraste,-9.052781174746463e-16,6.855595743792374e-15,7.760873861267021e-15,6.855595743792374e-15,0.0
modelo_10_fatorial_decomposicao.csv,legado,n_com_erro,BC,p_valor,,,,,
modelo_10_fatorial_decomposicao.csv,legado,n_com_erro,BC,n_instancias,16.0,16.0,0.0,16.0,0.0
modelo_10_fatorial_decomposicao.csv,legado,n_com_erro,BD,parcela_media,0.0,1.7254764361145871e-15,1.7254764361145871e-15,1.7254764361145871e-15,0.0
modelo_10_fatorial_decomposicao.csv,legado,n_com_erro,BD,pct_do_contraste,-0.0,-1.8759426712004572e-14,-1.8759426712004572e-14,-1.8759426712004572e-14,0.0
modelo_10_fatorial_decomposicao.csv,legado,n_com_erro,BD,p_valor,,,,,
modelo_10_fatorial_decomposicao.csv,legado,n_com_erro,BD,n_instancias,16.0,16.0,0.0,16.0,0.0
modelo_10_fatorial_decomposicao.csv,legado,n_com_erro,CD,parcela_media,0.1979166666666664,0.19791666666666397,-2.4424906541753444e-15,0.19791666666666397,0.0
modelo_10_fatorial_decomposicao.csv,legado,n_com_erro,CD,pct_do_contraste,-2.1517553793884465,-2.1517553793884194,2.708944180085382e-14,-2.1517553793884194,0.0
modelo_10_fatorial_decomposicao.csv,legado,n_com_erro,CD,p_valor,0.2890504586462975,0.322509765625,0.033459306978702474,0.322509765625,0.0
modelo_10_fatorial_decomposicao.csv,legado,n_com_erro,CD,n_instancias,16.0,16.0,0.0,16.0,0.0
modelo_10_fatorial_decomposicao.csv,legado,n_com_erro,ABC,parcela_media,-2.498001805406602e-16,5.171210681886862e-15,5.421010862427522e-15,5.171210681886862e-15,0.0
modelo_10_fatorial_decomposicao.csv,legado,n_com_erro,ABC,pct_do_contraste,2.715834352423939e-15,-5.6221543087331685e-14,-5.893737743975562e-14,-5.6221543087331685e-14,0.0
modelo_10_fatorial_decomposicao.csv,legado,n_com_erro,ABC,p_valor,,,,,
modelo_10_fatorial_decomposicao.csv,legado,n_com_erro,ABC,n_instancias,16.0,16.0,0.0,16.0,0.0
modelo_10_fatorial_decomposicao.csv,legado,n_com_erro,ABD,parcela_media,0.0,3.3286452298201624e-15,3.3286452298201624e-15,3.3286452298201624e-15,0.0
modelo_10_fatorial_decomposicao.csv,legado,n_com_erro,ABD,pct_do_contraste,-0.0,-3.618912141140834e-14,-3.618912141140834e-14,-3.618912141140834e-14,0.0
modelo_10_fatorial_decomposicao.csv,legado,n_com_erro,ABD,p_valor,,,,,
modelo_10_fatorial_decomposicao.csv,legado,n_com_erro,ABD,n_instancias,16.0,16.0,0.0,16.0,0.0
modelo_10_fatorial_decomposicao.csv,legado,n_com_erro,ACD,parcela_media,-0.5572916666666665,-0.5572916666666623,4.218847493575595e-15,-0.5572916666666623,0.0
modelo_10_fatorial_decomposicao.csv,legado,n_com_erro,ACD,pct_do_contraste,6.058890147225367,6.058890147225321,-4.618527782440651e-14,6.058890147225321,0.0
modelo_10_fatorial_decomposicao.csv,legado,n_com_erro,ACD,p_valor,0.21142578125,0.21142578125,0.0,0.21142578125,0.0
modelo_10_fatorial_decomposicao.csv,legado,n_com_erro,ACD,n_instancias,16.0,16.0,0.0,16.0,0.0
modelo_10_fatorial_decomposicao.csv,legado,n_com_erro,BCD,parcela_media,-2.7755575615628914e-17,-1.7566966400058468e-15,-1.7289410643902179e-15,-1.7566966400058468e-15,0.0
modelo_10_fatorial_decomposicao.csv,legado,n_com_erro,BCD,pct_do_contraste,3.017593724915488e-16,1.909885361727761e-14,1.8797094244786062e-14,1.909885361727761e-14,0.0
modelo_10_fatorial_decomposicao.csv,legado,n_com_erro,BCD,p_valor,,,,,
modelo_10_fatorial_decomposicao.csv,legado,n_com_erro,BCD,n_instancias,16.0,16.0,0.0,16.0,0.0
modelo_10_fatorial_decomposicao.csv,legado,n_com_erro,ABCD,parcela_media,2.220446049250313e-16,-1.272882262555915e-14,-1.2950867230484182e-14,-1.272882262555915e-14,0.0
modelo_10_fatorial_decomposicao.csv,legado,n_com_erro,ABCD,pct_do_contraste,-2.4140749799323904e-15,1.38388105555343e-13,1.4080218053527537e-13,1.38388105555343e-13,0.0
modelo_10_fatorial_decomposicao.csv,legado,n_com_erro,ABCD,p_valor,,,,,
modelo_10_fatorial_decomposicao.csv,legado,n_com_erro,ABCD,n_instancias,16.0,16.0,0.0,16.0,0.0
modelo_10_fatorial_decomposicao.csv,legado,n_com_erro,SOMA_principais,parcela_media,-10.328125,-10.328124999999996,3.552713678800501e-15,-10.328124999999996,0.0
modelo_10_fatorial_decomposicao.csv,legado,n_com_erro,SOMA_principais,pct_do_contraste,112.28765571913932,112.28765571913925,-7.105427357601002e-14,112.28765571913925,0.0
modelo_10_fatorial_decomposicao.csv,legado,n_com_erro,SOMA_principais,p_valor,,,,,
modelo_10_fatorial_decomposicao.csv,legado,n_com_erro,SOMA_principais,n_instancias,16.0,16.0,0.0,16.0,0.0
modelo_10_fatorial_decomposicao.csv,legado,n_com_erro,SOMA_interacoes,parcela_media,1.130208333333333,1.1302083333333144,-1.865174681370263e-14,1.1302083333333144,0.0
modelo_10_fatorial_decomposicao.csv,legado,n_com_erro,SOMA_interacoes,pct_do_contraste,-12.287655719139297,-12.287655719139092,2.042810365310288e-13,-12.287655719139092,0.0
modelo_10_fatorial_decomposicao.csv,legado,n_com_erro,SOMA_interacoes,p_valor,,,,,
modelo_10_fatorial_decomposicao.csv,legado,n_com_erro,SOMA_interacoes,n_instancias,16.0,16.0,0.0,16.0,0.0
modelo_07_ablacao_parametros.csv,legado,n_com_erro,centralizada,dif_absoluta,0.0,0.0,0.0,0.0,0.0
modelo_07_ablacao_parametros.csv,legado,n_com_erro,centralizada,dif_relativa_pct,0.0,0.0,0.0,0.0,0.0
modelo_07_ablacao_parametros.csv,legado,n_com_erro,centralizada,p_valor,,,,,
modelo_07_ablacao_parametros.csv,legado,n_com_erro,centralizada,d_cohen_pareado,,,,,
modelo_07_ablacao_parametros.csv,legado,n_com_erro,centralizada,prop_instancias_com_dif,0.0,0.0,0.0,0.0,0.0
modelo_07_ablacao_parametros.csv,legado,n_com_erro,centralizada,n_instancias,16.0,16.0,0.0,16.0,0.0
modelo_07_ablacao_parametros.csv,legado,n_com_erro,centralizada,media_referencia_centralizada,13.020833333333332,13.020833333333332,0.0,13.020833333333332,0.0
modelo_07_ablacao_parametros.csv,legado,n_com_erro,centralizada,media_braco,13.020833333333332,13.020833333333332,0.0,13.020833333333332,0.0
modelo_07_ablacao_parametros.csv,legado,n_com_erro,centralizada,efeito_total_adaptativa,-9.197916666666666,-9.197916666666666,0.0,-9.197916666666666,0.0
modelo_07_ablacao_parametros.csv,legado,n_com_erro,centralizada,fracao_do_efeito_total_pct,-0.0,-0.0,0.0,-0.0,0.0
modelo_07_ablacao_parametros.csv,legado,n_com_erro,adaptativa,dif_absoluta,-9.197916666666666,-9.197916666666666,0.0,-9.197916666666666,0.0
modelo_07_ablacao_parametros.csv,legado,n_com_erro,adaptativa,dif_relativa_pct,-70.64,-70.64,0.0,-70.64,0.0
modelo_07_ablacao_parametros.csv,legado,n_com_erro,adaptativa,p_valor,0.0004368090232114,3.0517578125e-05,-0.0004062914450864,3.0517578125e-05,0.0
modelo_07_ablacao_parametros.csv,legado,n_com_erro,adaptativa,d_cohen_pareado,-7.815444732066754,-7.815444732066754,0.0,-7.815444732066754,0.0
modelo_07_ablacao_parametros.csv,legado,n_com_erro,adaptativa,prop_instancias_com_dif,1.0,1.0,0.0,1.0,0.0
modelo_07_ablacao_parametros.csv,legado,n_com_erro,adaptativa,n_instancias,16.0,16.0,0.0,16.0,0.0
modelo_07_ablacao_parametros.csv,legado,n_com_erro,adaptativa,media_referencia_centralizada,13.020833333333332,13.020833333333332,0.0,13.020833333333332,0.0
modelo_07_ablacao_parametros.csv,legado,n_com_erro,adaptativa,media_braco,3.8229166666666665,3.8229166666666665,0.0,3.8229166666666665,0.0
modelo_07_ablacao_parametros.csv,legado,n_com_erro,adaptativa,efeito_total_adaptativa,-9.197916666666666,-9.197916666666666,0.0,-9.197916666666666,0.0
modelo_07_ablacao_parametros.csv,legado,n_com_erro,adaptativa,fracao_do_efeito_total_pct,100.0,100.0,0.0,100.0,0.0
modelo_07_ablacao_parametros.csv,legado,n_com_erro,so_tau_inicial,dif_absoluta,-0.9791666666666664,-0.9791666666666665,-1.1102230246251565e-16,-0.9791666666666665,0.0
modelo_07_ablacao_parametros.csv,legado,n_com_erro,so_tau_inicial,dif_relativa_pct,-7.52,-7.52,0.0,-7.52,0.0
modelo_07_ablacao_parametros.csv,legado,n_com_erro,so_tau_inicial,p_valor,0.00771400871124,0.005157470703125,-0.0025565380081149997,0.005157470703125,0.0
modelo_07_ablacao_parametros.csv,legado,n_com_erro,so_tau_inicial,d_cohen_pareado,-0.8411474543578362,-0.8411474543578362,0.0,-0.8411474543578362,0.0
modelo_07_ablacao_parametros.csv,legado,n_com_erro,so_tau_inicial,prop_instancias_com_dif,1.0,1.0,0.0,1.0,0.0
modelo_07_ablacao_parametros.csv,legado,n_com_erro,so_tau_inicial,n_instancias,16.0,16.0,0.0,16.0,0.0
modelo_07_ablacao_parametros.csv,legado,n_com_erro,so_tau_inicial,media_referencia_centralizada,13.020833333333332,13.020833333333332,0.0,13.020833333333332,0.0
modelo_07_ablacao_parametros.csv,legado,n_com_erro,so_tau_inicial,media_braco,12.041666666666668,12.041666666666668,0.0,12.041666666666668,0.0
modelo_07_ablacao_parametros.csv,legado,n_com_erro,so_tau_inicial,efeito_total_adaptativa,-9.197916666666666,-9.197916666666666,0.0,-9.197916666666666,0.0
modelo_07_ablacao_parametros.csv,legado,n_com_erro,so_tau_inicial,fracao_do_efeito_total_pct,10.645526613816534,10.645526613816534,0.0,10.645526613816534,0.0
modelo_07_ablacao_parametros.csv,legado,n_com_erro,so_tau_min,dif_absoluta,0.0,0.0,0.0,0.0,0.0
modelo_07_ablacao_parametros.csv,legado,n_com_erro,so_tau_min,dif_relativa_pct,0.0,0.0,0.0,0.0,0.0
modelo_07_ablacao_parametros.csv,legado,n_com_erro,so_tau_min,p_valor,,,,,
modelo_07_ablacao_parametros.csv,legado,n_com_erro,so_tau_min,d_cohen_pareado,,,,,
modelo_07_ablacao_parametros.csv,legado,n_com_erro,so_tau_min,prop_instancias_com_dif,0.0,0.0,0.0,0.0,0.0
modelo_07_ablacao_parametros.csv,legado,n_com_erro,so_tau_min,n_instancias,16.0,16.0,0.0,16.0,0.0
modelo_07_ablacao_parametros.csv,legado,n_com_erro,so_tau_min,media_referencia_centralizada,13.020833333333332,13.020833333333332,0.0,13.020833333333332,0.0
modelo_07_ablacao_parametros.csv,legado,n_com_erro,so_tau_min,media_braco,13.020833333333332,13.020833333333332,0.0,13.020833333333332,0.0
modelo_07_ablacao_parametros.csv,legado,n_com_erro,so_tau_min,efeito_total_adaptativa,-9.197916666666666,-9.197916666666666,0.0,-9.197916666666666,0.0
modelo_07_ablacao_parametros.csv,legado,n_com_erro,so_tau_min,fracao_do_efeito_total_pct,-0.0,-0.0,0.0,-0.0,0.0
modelo_07_ablacao_parametros.csv,legado,n_com_erro,so_p_reporte,dif_absoluta,-9.255208333333334,-9.255208333333334,0.0,-9.255208333333334,0.0
modelo_07_ablacao_parametros.csv,legado,n_com_erro,so_p_reporte,dif_relativa_pct,-71.08000000000001,-71.08000000000001,0.0,-71.08000000000001,0.0
modelo_07_ablacao_parametros.csv,legado,n_com_erro,so_p_reporte,p_valor,0.0004358423668112,3.0517578125e-05,-0.0004053247886862,3.0517578125e-05,0.0
modelo_07_ablacao_parametros.csv,legado,n_com_erro,so_p_reporte,d_cohen_pareado,-11.253749820692567,-11.253749820692569,-1.7763568394002505e-15,-11.253749820692569,0.0
modelo_07_ablacao_parametros.csv,legado,n_com_erro,so_p_reporte,prop_instancias_com_dif,1.0,1.0,0.0,1.0,0.0
modelo_07_ablacao_parametros.csv,legado,n_com_erro,so_p_reporte,n_instancias,16.0,16.0,0.0,16.0,0.0
modelo_07_ablacao_parametros.csv,legado,n_com_erro,so_p_reporte,media_referencia_centralizada,13.020833333333332,13.020833333333332,0.0,13.020833333333332,0.0
modelo_07_ablacao_parametros.csv,legado,n_com_erro,so_p_reporte,media_braco,3.765625,3.765625,0.0,3.765625,0.0
modelo_07_ablacao_parametros.csv,legado,n_com_erro,so_p_reporte,efeito_total_adaptativa,-9.197916666666666,-9.197916666666666,0.0,-9.197916666666666,0.0
modelo_07_ablacao_parametros.csv,legado,n_com_erro,so_p_reporte,fracao_do_efeito_total_pct,100.6228765571914,100.6228765571914,0.0,100.6228765571914,0.0
modelo_07_ablacao_parametros.csv,legado,n_com_erro,so_p_deteccao,dif_absoluta,-0.0937499999999998,-0.09374999999999989,-8.326672684688674e-17,-0.09374999999999989,0.0
modelo_07_ablacao_parametros.csv,legado,n_com_erro,so_p_deteccao,dif_relativa_pct,-0.7199999999999992,-0.7199999999999992,0.0,-0.7199999999999992,0.0
modelo_07_ablacao_parametros.csv,legado,n_com_erro,so_p_deteccao,p_valor,0.5345151908359941,0.5618896484375,0.02737445760150592,0.5618896484375,0.0
modelo_07_ablacao_parametros.csv,legado,n_com_erro,so_p_deteccao,d_cohen_pareado,-0.0737989247083014,-0.07379892470830143,-2.7755575615628914e-17,-0.07379892470830143,0.0
modelo_07_ablacao_parametros.csv,legado,n_com_erro,so_p_deteccao,prop_instancias_com_dif,1.0,1.0,0.0,1.0,0.0
modelo_07_ablacao_parametros.csv,legado,n_com_erro,so_p_deteccao,n_instancias,16.0,16.0,0.0,16.0,0.0
modelo_07_ablacao_parametros.csv,legado,n_com_erro,so_p_deteccao,media_referencia_centralizada,13.020833333333332,13.020833333333332,0.0,13.020833333333332,0.0
modelo_07_ablacao_parametros.csv,legado,n_com_erro,so_p_deteccao,media_braco,12.927083333333332,12.927083333333332,0.0,12.927083333333332,0.0
modelo_07_ablacao_parametros.csv,legado,n_com_erro,so_p_deteccao,efeito_total_adaptativa,-9.197916666666666,-9.197916666666666,0.0,-9.197916666666666,0.0
modelo_07_ablacao_parametros.csv,legado,n_com_erro,so_p_deteccao,fracao_do_efeito_total_pct,1.0192525481313692,1.0192525481313692,0.0,1.0192525481313692,0.0
modelo_07_ablacao_parametros.csv,legado,n_com_erro,so_par_tau,dif_absoluta,-0.9791666666666664,-0.9791666666666665,-1.1102230246251565e-16,-0.9791666666666665,0.0
modelo_07_ablacao_parametros.csv,legado,n_com_erro,so_par_tau,dif_relativa_pct,-7.52,-7.52,0.0,-7.52,0.0
modelo_07_ablacao_parametros.csv,legado,n_com_erro,so_par_tau,p_valor,0.00771400871124,0.005157470703125,-0.0025565380081149997,0.005157470703125,0.0
modelo_07_ablacao_parametros.csv,legado,n_com_erro,so_par_tau,d_cohen_pareado,-0.8411474543578362,-0.8411474543578362,0.0,-0.8411474543578362,0.0
modelo_07_ablacao_parametros.csv,legado,n_com_erro,so_par_tau,prop_instancias_com_dif,1.0,1.0,0.0,1.0,0.0
modelo_07_ablacao_parametros.csv,legado,n_com_erro,so_par_tau,n_instancias,16.0,16.0,0.0,16.0,0.0
modelo_07_ablacao_parametros.csv,legado,n_com_erro,so_par_tau,media_referencia_centralizada,13.020833333333332,13.020833333333332,0.0,13.020833333333332,0.0
modelo_07_ablacao_parametros.csv,legado,n_com_erro,so_par_tau,media_braco,12.041666666666668,12.041666666666668,0.0,12.041666666666668,0.0
modelo_07_ablacao_parametros.csv,legado,n_com_erro,so_par_tau,efeito_total_adaptativa,-9.197916666666666,-9.197916666666666,0.0,-9.197916666666666,0.0
modelo_07_ablacao_parametros.csv,legado,n_com_erro,so_par_tau,fracao_do_efeito_total_pct,10.645526613816534,10.645526613816534,0.0,10.645526613816534,0.0
modelo_07_ablacao_parametros.csv,legado,n_com_erro,sem_par_tau,dif_absoluta,-9.151041666666666,-9.151041666666666,0.0,-9.151041666666666,0.0
modelo_07_ablacao_parametros.csv,legado,n_com_erro,sem_par_tau,dif_relativa_pct,-70.28,-70.28,0.0,-70.28,0.0
modelo_07_ablacao_parametros.csv,legado,n_com_erro,sem_par_tau,p_valor,0.0004329514754108,3.0517578125e-05,-0.0004024338972858,3.0517578125e-05,0.0
modelo_07_ablacao_parametros.csv,legado,n_com_erro,sem_par_tau,d_cohen_pareado,-9.720236059224272,-9.720236059224273,-1.7763568394002505e-15,-9.720236059224273,0.0
modelo_07_ablacao_parametros.csv,legado,n_com_erro,sem_par_tau,prop_instancias_com_dif,1.0,1.0,0.0,1.0,0.0
modelo_07_ablacao_parametros.csv,legado,n_com_erro,sem_par_tau,n_instancias,16.0,16.0,0.0,16.0,0.0
modelo_07_ablacao_parametros.csv,legado,n_com_erro,sem_par_tau,media_referencia_centralizada,13.020833333333332,13.020833333333332,0.0,13.020833333333332,0.0
modelo_07_ablacao_parametros.csv,legado,n_com_erro,sem_par_tau,media_braco,3.8697916666666665,3.8697916666666665,0.0,3.8697916666666665,0.0
modelo_07_ablacao_parametros.csv,legado,n_com_erro,sem_par_tau,efeito_total_adaptativa,-9.197916666666666,-9.197916666666666,0.0,-9.197916666666666,0.0
modelo_07_ablacao_parametros.csv,legado,n_com_erro,sem_par_tau,fracao_do_efeito_total_pct,99.49037372593432,99.49037372593432,0.0,99.49037372593432,0.0
modelo_10_fatorial_decomposicao.csv,legado,taxa_omissao,A,parcela_media,-0.0163194444444444,-0.01631944444444445,-4.85722573273506e-17,-0.01631944444444445,0.0
modelo_10_fatorial_decomposicao.csv,legado,taxa_omissao,A,pct_do_contraste,10.64552661381654,10.64552661381654,0.0,10.64552661381654,0.0
modelo_10_fatorial_decomposicao.csv,legado,taxa_omissao,A,p_valor,0.0071504467930583,0.005157470703125,-0.0019929760899333,0.005157470703125,0.0
modelo_10_fatorial_decomposicao.csv,legado,taxa_omissao,A,n_instancias,16.0,16.0,0.0,16.0,0.0
modelo_10_fatorial_decomposicao.csv,legado,taxa_omissao,B,parcela_media,0.0,0.0,0.0,0.0,0.0
modelo_10_fatorial_decomposicao.csv,legado,taxa_omissao,B,pct_do_contraste,-0.0,-0.0,0.0,-0.0,0.0
modelo_10_fatorial_decomposicao.csv,legado,taxa_omissao,B,p_valor,,,,,
modelo_10_fatorial_decomposicao.csv,legado,taxa_omissao,B,n_instancias,16.0,16.0,0.0,16.0,0.0
modelo_10_fatorial_decomposicao.csv,legado,taxa_omissao,C,parcela_media,-0.1542534722222222,-0.15425347222222213,5.551115123125783e-17,-0.15425347222222213,0.0
modelo_10_fatorial_decomposicao.csv,legado,taxa_omissao,C,pct_do_contraste,100.6228765571914,100.62287655719135,-5.684341886080802e-14,100.62287655719135,0.0
modelo_10_fatorial_decomposicao.csv,legado,taxa_omissao,C,p_valor,0.0004339135941093,3.0517578125e-05,-0.0004033960159843,3.0517578125e-05,0.0
modelo_10_fatorial_decomposicao.csv,legado,taxa_omissao,C,n_instancias,16.0,16.0,0.0,16.0,0.0
modelo_10_fatorial_decomposicao.csv,legado,taxa_omissao,D,parcela_media,-0.0015624999999999,-0.001562500000000033,-1.3314002678121994e-16,-0.001562500000000033,0.0
modelo_10_fatorial_decomposicao.csv,legado,taxa_omissao,D,pct_do_contraste,1.0192525481313703,1.019252548131392,2.1760371282653068e-14,1.019252548131392,0.0
modelo_10_fatorial_decomposicao.csv,legado,taxa_omissao,D,p_valor,0.596588134765625,0.5618896484375,-0.034698486328125,0.5618896484375,0.0
modelo_10_fatorial_decomposicao.csv,legado,taxa_omissao,D,n_instancias,16.0,16.0,0.0,16.0,0.0
modelo_10_fatorial_decomposicao.csv,legado,taxa_omissao,AB,parcela_media,0.0,-1.672152963933588e-16,-1.672152963933588e-16,-1.672152963933588e-16,0.0
modelo_10_fatorial_decomposicao.csv,legado,taxa_omissao,AB,pct_do_contraste,-0.0,1.0907815483870292e-13,1.0907815483870292e-13,1.0907815483870292e-13,0.0
modelo_10_fatorial_decomposicao.csv,legado,taxa_omissao,AB,p_valor,,,,,
modelo_10_fatorial_decomposicao.csv,legado,taxa_omissao,AB,n_instancias,16.0,16.0,0.0,16.0,0.0
modelo_10_fatorial_decomposicao.csv,legado,taxa_omissao,AC,parcela_media,0.01796875,0.017968749999999846,-1.5265566588595902e-16,0.017968749999999846,0.0
modelo_10_fatorial_decomposicao.csv,legado,taxa_omissao,AC,pct_do_contraste,-11.721404303510766,-11.72140430351066,1.0658141036401503e-13,-11.72140430351066,0.0
modelo_10_fatorial_decomposicao.csv,legado,taxa_omissao,AC,p_valor,0.00762939453125,0.00762939453125,0.0,0.00762939453125,0.0
modelo_10_fatorial_decomposicao.csv,legado,taxa_omissao,AC,n_instancias,16.0,16.0,0.0,16.0,0.0
modelo_10_fatorial_decomposicao.csv,legado,taxa_omissao,AD,parcela_media,0.0068576388888888,0.006857638888888953,1.5265566588595902e-16,0.006857638888888953,0.0
modelo_10_fatorial_decomposicao.csv,legado,taxa_omissao,AD,pct_do_contraste,-4.47338618346546,-4.473386183465501,-4.085620730620576e-14,-4.473386183465501,0.0
modelo_10_fatorial_decomposicao.csv,legado,taxa_omissao,AD,p_valor,0.17535400390625,0.17535400390625,0.0,0.17535400390625,0.0
modelo_10_fatorial_decomposicao.csv,legado,taxa_omissao,AD,n_instancias,16.0,16.0,0.0,16.0,0.0
modelo_10_fatorial_decomposicao.csv,legado,taxa_omissao,BC,parcela_media,3.469446951953614e-18,-8.427864887453986e-18,-1.18973118394076e-17,-8.427864887453986e-18,0.0
modelo_10_fatorial_decomposicao.csv,legado,taxa_omissao,BC,pct_do_contraste,-2.2631952936866162e-15,5.497678567580404e-15,7.760873861267021e-15,5.497678567580404e-15,0.0
modelo_10_fatorial_decomposicao.csv,legado,taxa_omissao,BC,p_valor,,,,,
modelo_10_fatorial_decomposicao.csv,legado,taxa_omissao,BC,n_instancias,16.0,16.0,0.0,16.0,0.0
modelo_10_fatorial_decomposicao.csv,legado,taxa_omissao,BD,parcela_media,0.0,2.7948402979787256e-17,2.7948402979787256e-17,2.7948402979787256e-17,0.0
modelo_10_fatorial_decomposicao.csv,legado,taxa_omissao,BD,pct_do_contraste,-0.0,-1.823134781014435e-14,-1.823134781014435e-14,-1.823134781014435e-14,0.0
modelo_10_fatorial_decomposicao.csv,legado,taxa_omissao,BD,p_valor,,,,,
modelo_10_fatorial_decomposicao.csv,legado,taxa_omissao,BD,n_instancias,16.0,16.0,0.0,16.0,0.0
modelo_10_fatorial_decomposicao.csv,legado,taxa_omissao,CD,parcela_media,0.0032986111111111,0.0032986111111110725,-2.7321894746634712e-17,0.0032986111111110725,0.0
modelo_10_fatorial_decomposicao.csv,legado,taxa_omissao,CD,pct_do_contraste,-2.151755379388452,-2.151755379388424,2.7977620220553945e-14,-2.151755379388424,0.0
modelo_10_fatorial_decomposicao.csv,legado,taxa_omissao,CD,p_valor,0.2552110754513822,0.322509765625,0.06729869017361778,0.322509765625,0.0
modelo_10_fatorial_decomposicao.csv,legado,taxa_omissao,CD,n_instancias,16.0,16.0,0.0,16.0,0.0
modelo_10_fatorial_decomposicao.csv,legado,taxa_omissao,ABC,parcela_media,-2.1684043449710093e-18,8.349802331035035e-17,8.566642765532136e-17,8.349802331035035e-17,0.0
modelo_10_fatorial_decomposicao.csv,legado,taxa_omissao,ABC,pct_do_contraste,1.414497058554135e-15,-5.446756673472459e-14,-5.5882063793278727e-14,-5.446756673472459e-14,0.0
modelo_10_fatorial_decomposicao.csv,legado,taxa_omissao,ABC,p_valor,,,,,
modelo_10_fatorial_decomposicao.csv,legado,taxa_omissao,ABC,n_instancias,16.0,16.0,0.0,16.0,0.0
modelo_10_fatorial_decomposicao.csv,legado,taxa_omissao,ABD,parcela_media,0.0,7.108993178079398e-17,7.108993178079398e-17,7.108993178079398e-17,0.0
modelo_10_fatorial_decomposicao.csv,legado,taxa_omissao,ABD,pct_do_contraste,-0.0,-4.6373500232998124e-14,-4.6373500232998124e-14,-4.6373500232998124e-14,0.0
modelo_10_fatorial_decomposicao.csv,legado,taxa_omissao,ABD,p_valor,,,,,
modelo_10_fatorial_decomposicao.csv,legado,taxa_omissao,ABD,n_instancias,16.0,16.0,0.0,16.0,0.0
modelo_10_fatorial_decomposicao.csv,legado,taxa_omissao,ACD,parcela_media,-0.0092881944444444,-0.009288194444444366,3.2959746043559335e-17,-0.009288194444444366,0.0
modelo_10_fatorial_decomposicao.csv,legado,taxa_omissao,ACD,pct_do_contraste,6.0588901472253704,6.058890147225318,-5.240252676230739e-14,6.058890147225318,0.0
modelo_10_fatorial_decomposicao.csv,legado,taxa_omissao,ACD,p_valor,0.21142578125,0.21142578125,0.0,0.21142578125,0.0
modelo_10_fatorial_decomposicao.csv,legado,taxa_omissao,ACD,n_instancias,16.0,16.0,0.0,16.0,0.0
modelo_10_fatorial_decomposicao.csv,legado,taxa_omissao,BCD,parcela_media,3.903127820947816e-18,-3.4395711587562336e-17,-3.829883940851015e-17,-3.4395711587562336e-17,0.0
modelo_10_fatorial_decomposicao.csv,legado,taxa_omissao,BCD,pct_do_contraste,-2.546094705397443e-15,2.2437066675465354e-14,2.4983161380862796e-14,2.2437066675465354e-14,0.0
modelo_10_fatorial_decomposicao.csv,legado,taxa_omissao,BCD,p_valor,,,,,
modelo_10_fatorial_decomposicao.csv,legado,taxa_omissao,BCD,n_instancias,16.0,16.0,0.0,16.0,0.0
modelo_10_fatorial_decomposicao.csv,legado,taxa_omissao,ABCD,parcela_media,-6.5052130349130266e-18,-2.186811688521652e-16,-2.1217595581725217e-16,-2.186811688521652e-16,0.0
modelo_10_fatorial_decomposicao.csv,legado,taxa_omissao,ABCD,pct_do_contraste,4.2434911756624046e-15,1.4265045669178615e-13,1.3840696551612374e-13,1.4265045669178615e-13,0.0
modelo_10_fatorial_decomposicao.csv,legado,taxa_omissao,ABCD,p_valor,,,,,
modelo_10_fatorial_decomposicao.csv,legado,taxa_omissao,ABCD,n_instancias,16.0,16.0,0.0,16.0,0.0
modelo_10_fatorial_decomposicao.csv,legado,taxa_omissao,SOMA_principais,parcela_media,-0.1721354166666666,-0.17213541666666662,-2.7755575615628914e-17,-0.17213541666666662,0.0
modelo_10_fatorial_decomposicao.csv,legado,taxa_omissao,SOMA_principais,pct_do_contraste,112.2876557191393,112.28765571913927,-2.842170943040401e-14,112.28765571913927,0.0
modelo_10_fatorial_decomposicao.csv,legado,taxa_omissao,SOMA_principais,p_valor,,,,,
modelo_10_fatorial_decomposicao.csv,legado,taxa_omissao,SOMA_principais,n_instancias,16.0,16.0,0.0,16.0,0.0
modelo_10_fatorial_decomposicao.csv,legado,taxa_omissao,SOMA_interacoes,parcela_media,0.0188368055555555,0.018836805555555267,-2.3245294578089215e-16,0.018836805555555267,0.0
modelo_10_fatorial_decomposicao.csv,legado,taxa_omissao,SOMA_interacoes,pct_do_contraste,-12.287655719139304,-12.287655719139112,1.9184653865522705e-13,-12.287655719139112,0.0
modelo_10_fatorial_decomposicao.csv,legado,taxa_omissao,SOMA_interacoes,p_valor,,,,,
modelo_10_fatorial_decomposicao.csv,legado,taxa_omissao,SOMA_interacoes,n_instancias,16.0,16.0,0.0,16.0,0.0
modelo_07_ablacao_parametros.csv,legado,taxa_omissao,centralizada,dif_absoluta,0.0,0.0,0.0,0.0,0.0
modelo_07_ablacao_parametros.csv,legado,taxa_omissao,centralizada,dif_relativa_pct,0.0,0.0,0.0,0.0,0.0
modelo_07_ablacao_parametros.csv,legado,taxa_omissao,centralizada,p_valor,,,,,
modelo_07_ablacao_parametros.csv,legado,taxa_omissao,centralizada,d_cohen_pareado,,,,,
modelo_07_ablacao_parametros.csv,legado,taxa_omissao,centralizada,prop_instancias_com_dif,0.0,0.0,0.0,0.0,0.0
modelo_07_ablacao_parametros.csv,legado,taxa_omissao,centralizada,n_instancias,16.0,16.0,0.0,16.0,0.0
modelo_07_ablacao_parametros.csv,legado,taxa_omissao,centralizada,media_referencia_centralizada,0.2170138888888888,0.21701388888888884,2.7755575615628914e-17,0.21701388888888884,0.0
modelo_07_ablacao_parametros.csv,legado,taxa_omissao,centralizada,media_braco,0.2170138888888888,0.21701388888888884,2.7755575615628914e-17,0.21701388888888884,0.0
modelo_07_ablacao_parametros.csv,legado,taxa_omissao,centralizada,efeito_total_adaptativa,-0.1532986111111111,-0.1532986111111111,0.0,-0.1532986111111111,0.0
modelo_07_ablacao_parametros.csv,legado,taxa_omissao,centralizada,fracao_do_efeito_total_pct,-0.0,-0.0,0.0,-0.0,0.0
modelo_07_ablacao_parametros.csv,legado,taxa_omissao,adaptativa,dif_absoluta,-0.1532986111111111,-0.1532986111111111,0.0,-0.1532986111111111,0.0
modelo_07_ablacao_parametros.csv,legado,taxa_omissao,adaptativa,dif_relativa_pct,-70.64,-70.64,0.0,-70.64,0.0
modelo_07_ablacao_parametros.csv,legado,taxa_omissao,adaptativa,p_valor,3.0517578125e-05,3.0517578125e-05,0.0,3.0517578125e-05,0.0
modelo_07_ablacao_parametros.csv,legado,taxa_omissao,adaptativa,d_cohen_pareado,-7.815444732066755,-7.815444732066755,0.0,-7.815444732066755,0.0
modelo_07_ablacao_parametros.csv,legado,taxa_omissao,adaptativa,prop_instancias_com_dif,1.0,1.0,0.0,1.0,0.0
modelo_07_ablacao_parametros.csv,legado,taxa_omissao,adaptativa,n_instancias,16.0,16.0,0.0,16.0,0.0
modelo_07_ablacao_parametros.csv,legado,taxa_omissao,adaptativa,media_referencia_centralizada,0.2170138888888888,0.21701388888888884,2.7755575615628914e-17,0.21701388888888884,0.0
modelo_07_ablacao_parametros.csv,legado,taxa_omissao,adaptativa,media_braco,0.0637152777777777,0.06371527777777775,4.163336342344337e-17,0.06371527777777775,0.0
modelo_07_ablacao_parametros.csv,legado,taxa_omissao,adaptativa,efeito_total_adaptativa,-0.1532986111111111,-0.1532986111111111,0.0,-0.1532986111111111,0.0
modelo_07_ablacao_parametros.csv,legado,taxa_omissao,adaptativa,fracao_do_efeito_total_pct,100.0,100.0,0.0,100.0,0.0
modelo_07_ablacao_parametros.csv,legado,taxa_omissao,so_tau_inicial,dif_absoluta,-0.0163194444444444,-0.01631944444444445,-4.85722573273506e-17,-0.01631944444444445,0.0
modelo_07_ablacao_parametros.csv,legado,taxa_omissao,so_tau_inicial,dif_relativa_pct,-7.520000000000004,-7.520000000000004,0.0,-7.520000000000004,0.0
modelo_07_ablacao_parametros.csv,legado,taxa_omissao,so_tau_inicial,p_valor,0.0071504467930583,0.005157470703125,-0.0019929760899333,0.005157470703125,0.0
modelo_07_ablacao_parametros.csv,legado,taxa_omissao,so_tau_inicial,d_cohen_pareado,-0.8411474543578371,-0.8411474543578371,0.0,-0.8411474543578371,0.0
modelo_07_ablacao_parametros.csv,legado,taxa_omissao,so_tau_inicial,prop_instancias_com_dif,1.0,1.0,0.0,1.0,0.0
modelo_07_ablacao_parametros.csv,legado,taxa_omissao,so_tau_inicial,n_instancias,16.0,16.0,0.0,16.0,0.0
modelo_07_ablacao_parametros.csv,legado,taxa_omissao,so_tau_inicial,media_referencia_centralizada,0.2170138888888888,0.21701388888888884,2.7755575615628914e-17,0.21701388888888884,0.0
modelo_07_ablacao_parametros.csv,legado,taxa_omissao,so_tau_inicial,media_braco,0.2006944444444444,0.2006944444444444,0.0,0.2006944444444444,0.0
modelo_07_ablacao_parametros.csv,legado,taxa_omissao,so_tau_inicial,efeito_total_adaptativa,-0.1532986111111111,-0.1532986111111111,0.0,-0.1532986111111111,0.0
modelo_07_ablacao_parametros.csv,legado,taxa_omissao,so_tau_inicial,fracao_do_efeito_total_pct,10.64552661381654,10.64552661381654,0.0,10.64552661381654,0.0
modelo_07_ablacao_parametros.csv,legado,taxa_omissao,so_tau_min,dif_absoluta,0.0,0.0,0.0,0.0,0.0
modelo_07_ablacao_parametros.csv,legado,taxa_omissao,so_tau_min,dif_relativa_pct,0.0,0.0,0.0,0.0,0.0
modelo_07_ablacao_parametros.csv,legado,taxa_omissao,so_tau_min,p_valor,,,,,
modelo_07_ablacao_parametros.csv,legado,taxa_omissao,so_tau_min,d_cohen_pareado,,,,,
modelo_07_ablacao_parametros.csv,legado,taxa_omissao,so_tau_min,prop_instancias_com_dif,0.0,0.0,0.0,0.0,0.0
modelo_07_ablacao_parametros.csv,legado,taxa_omissao,so_tau_min,n_instancias,16.0,16.0,0.0,16.0,0.0
modelo_07_ablacao_parametros.csv,legado,taxa_omissao,so_tau_min,media_referencia_centralizada,0.2170138888888888,0.21701388888888884,2.7755575615628914e-17,0.21701388888888884,0.0
modelo_07_ablacao_parametros.csv,legado,taxa_omissao,so_tau_min,media_braco,0.2170138888888888,0.21701388888888884,2.7755575615628914e-17,0.21701388888888884,0.0
modelo_07_ablacao_parametros.csv,legado,taxa_omissao,so_tau_min,efeito_total_adaptativa,-0.1532986111111111,-0.1532986111111111,0.0,-0.1532986111111111,0.0
modelo_07_ablacao_parametros.csv,legado,taxa_omissao,so_tau_min,fracao_do_efeito_total_pct,-0.0,-0.0,0.0,-0.0,0.0
modelo_07_ablacao_parametros.csv,legado,taxa_omissao,so_p_reporte,dif_absoluta,-0.1542534722222222,-0.15425347222222222,-2.7755575615628914e-17,-0.15425347222222222,0.0
modelo_07_ablacao_parametros.csv,legado,taxa_omissao,so_p_reporte,dif_relativa_pct,-71.08000000000001,-71.08000000000001,0.0,-71.08000000000001,0.0
modelo_07_ablacao_parametros.csv,legado,taxa_omissao,so_p_reporte,p_valor,0.0004339135941093,3.0517578125e-05,-0.0004033960159843,3.0517578125e-05,0.0
modelo_07_ablacao_parametros.csv,legado,taxa_omissao,so_p_reporte,d_cohen_pareado,-11.253749820692567,-11.253749820692569,-1.7763568394002505e-15,-11.253749820692569,0.0
modelo_07_ablacao_parametros.csv,legado,taxa_omissao,so_p_reporte,prop_instancias_com_dif,1.0,1.0,0.0,1.0,0.0
modelo_07_ablacao_parametros.csv,legado,taxa_omissao,so_p_reporte,n_instancias,16.0,16.0,0.0,16.0,0.0
modelo_07_ablacao_parametros.csv,legado,taxa_omissao,so_p_reporte,media_referencia_centralizada,0.2170138888888888,0.21701388888888884,2.7755575615628914e-17,0.21701388888888884,0.0
modelo_07_ablacao_parametros.csv,legado,taxa_omissao,so_p_reporte,media_braco,0.0627604166666666,0.06276041666666662,2.7755575615628914e-17,0.06276041666666662,0.0
modelo_07_ablacao_parametros.csv,legado,taxa_omissao,so_p_reporte,efeito_total_adaptativa,-0.1532986111111111,-0.1532986111111111,0.0,-0.1532986111111111,0.0
modelo_07_ablacao_parametros.csv,legado,taxa_omissao,so_p_reporte,fracao_do_efeito_total_pct,100.6228765571914,100.6228765571914,0.0,100.6228765571914,0.0
modelo_07_ablacao_parametros.csv,legado,taxa_omissao,so_p_deteccao,dif_absoluta,-0.0015624999999999,-0.0015624999999999997,-9.974659986866641e-17,-0.0015624999999999997,0.0
modelo_07_ablacao_parametros.csv,legado,taxa_omissao,so_p_deteccao,dif_relativa_pct,-0.7200000000000001,-0.7200000000000001,0.0,-0.7200000000000001,0.0
modelo_07_ablacao_parametros.csv,legado,taxa_omissao,so_p_deteccao,p_valor,0.596588134765625,0.596588134765625,0.0,0.596588134765625,0.0
modelo_07_ablacao_parametros.csv,legado,taxa_omissao,so_p_deteccao,d_cohen_pareado,-0.0737989247083015,-0.07379892470830153,-2.7755575615628914e-17,-0.07379892470830153,0.0
modelo_07_ablacao_parametros.csv,legado,taxa_omissao,so_p_deteccao,prop_instancias_com_dif,1.0,1.0,0.0,1.0,0.0
modelo_07_ablacao_parametros.csv,legado,taxa_omissao,so_p_deteccao,n_instancias,16.0,16.0,0.0,16.0,0.0
modelo_07_ablacao_parametros.csv,legado,taxa_omissao,so_p_deteccao,media_referencia_centralizada,0.2170138888888888,0.21701388888888884,2.7755575615628914e-17,0.21701388888888884,0.0
modelo_07_ablacao_parametros.csv,legado,taxa_omissao,so_p_deteccao,media_braco,0.2154513888888888,0.21545138888888887,8.326672684688674e-17,0.21545138888888887,0.0
modelo_07_ablacao_parametros.csv,legado,taxa_omissao,so_p_deteccao,efeito_total_adaptativa,-0.1532986111111111,-0.1532986111111111,0.0,-0.1532986111111111,0.0
modelo_07_ablacao_parametros.csv,legado,taxa_omissao,so_p_deteccao,fracao_do_efeito_total_pct,1.0192525481313703,1.0192525481313703,0.0,1.0192525481313703,0.0
modelo_07_ablacao_parametros.csv,legado,taxa_omissao,so_par_tau,dif_absoluta,-0.0163194444444444,-0.01631944444444445,-4.85722573273506e-17,-0.01631944444444445,0.0
modelo_07_ablacao_parametros.csv,legado,taxa_omissao,so_par_tau,dif_relativa_pct,-7.520000000000004,-7.520000000000004,0.0,-7.520000000000004,0.0
modelo_07_ablacao_parametros.csv,legado,taxa_omissao,so_par_tau,p_valor,0.0071504467930583,0.005157470703125,-0.0019929760899333,0.005157470703125,0.0
modelo_07_ablacao_parametros.csv,legado,taxa_omissao,so_par_tau,d_cohen_pareado,-0.8411474543578371,-0.8411474543578371,0.0,-0.8411474543578371,0.0
modelo_07_ablacao_parametros.csv,legado,taxa_omissao,so_par_tau,prop_instancias_com_dif,1.0,1.0,0.0,1.0,0.0
modelo_07_ablacao_parametros.csv,legado,taxa_omissao,so_par_tau,n_instancias,16.0,16.0,0.0,16.0,0.0
modelo_07_ablacao_parametros.csv,legado,taxa_omissao,so_par_tau,media_referencia_centralizada,0.2170138888888888,0.21701388888888884,2.7755575615628914e-17,0.21701388888888884,0.0
modelo_07_ablacao_parametros.csv,legado,taxa_omissao,so_par_tau,media_braco,0.2006944444444444,0.2006944444444444,0.0,0.2006944444444444,0.0
modelo_07_ablacao_parametros.csv,legado,taxa_omissao,so_par_tau,efeito_total_adaptativa,-0.1532986111111111,-0.1532986111111111,0.0,-0.1532986111111111,0.0
modelo_07_ablacao_parametros.csv,legado,taxa_omissao,so_par_tau,fracao_do_efeito_total_pct,10.64552661381654,10.64552661381654,0.0,10.64552661381654,0.0
modelo_07_ablacao_parametros.csv,legado,taxa_omissao,sem_par_tau,dif_absoluta,-0.1525173611111111,-0.1525173611111111,0.0,-0.1525173611111111,0.0
modelo_07_ablacao_parametros.csv,legado,taxa_omissao,sem_par_tau,dif_relativa_pct,-70.28000000000002,-70.28000000000002,0.0,-70.28000000000002,0.0
modelo_07_ablacao_parametros.csv,legado,taxa_omissao,sem_par_tau,p_valor,0.0004358423668112,3.0517578125e-05,-0.0004053247886862,3.0517578125e-05,0.0
modelo_07_ablacao_parametros.csv,legado,taxa_omissao,sem_par_tau,d_cohen_pareado,-9.720236059224275,-9.720236059224275,0.0,-9.720236059224275,0.0
modelo_07_ablacao_parametros.csv,legado,taxa_omissao,sem_par_tau,prop_instancias_com_dif,1.0,1.0,0.0,1.0,0.0
modelo_07_ablacao_parametros.csv,legado,taxa_omissao,sem_par_tau,n_instancias,16.0,16.0,0.0,16.0,0.0
modelo_07_ablacao_parametros.csv,legado,taxa_omissao,sem_par_tau,media_referencia_centralizada,0.2170138888888888,0.21701388888888884,2.7755575615628914e-17,0.21701388888888884,0.0
modelo_07_ablacao_parametros.csv,legado,taxa_omissao,sem_par_tau,media_braco,0.0644965277777777,0.06449652777777774,4.163336342344337e-17,0.06449652777777774,0.0
modelo_07_ablacao_parametros.csv,legado,taxa_omissao,sem_par_tau,efeito_total_adaptativa,-0.1532986111111111,-0.1532986111111111,0.0,-0.1532986111111111,0.0
modelo_07_ablacao_parametros.csv,legado,taxa_omissao,sem_par_tau,fracao_do_efeito_total_pct,99.49037372593432,99.49037372593432,0.0,99.49037372593432,0.0
modelo_10_fatorial_decomposicao.csv,legado,retrabalho_sobre_plano,A,parcela_media,-0.0444834410668884,-0.044483441066888466,-6.245004513516506e-17,-0.044483441066888466,0.0
modelo_10_fatorial_decomposicao.csv,legado,retrabalho_sobre_plano,A,pct_do_contraste,91.4721239280996,91.47212392809959,-1.4210854715202004e-14,91.47212392809959,0.0
modelo_10_fatorial_decomposicao.csv,legado,retrabalho_sobre_plano,A,p_valor,3.0517578125e-05,3.0517578125e-05,0.0,3.0517578125e-05,0.0
modelo_10_fatorial_decomposicao.csv,legado,retrabalho_sobre_plano,A,n_instancias,16.0,16.0,0.0,16.0,0.0
modelo_10_fatorial_decomposicao.csv,legado,retrabalho_sobre_plano,B,parcela_media,0.0,0.0,0.0,0.0,0.0
modelo_10_fatorial_decomposicao.csv,legado,retrabalho_sobre_plano,B,pct_do_contraste,-0.0,-0.0,0.0,-0.0,0.0
modelo_10_fatorial_decomposicao.csv,legado,retrabalho_sobre_plano,B,p_valor,,,,,
modelo_10_fatorial_decomposicao.csv,legado,retrabalho_sobre_plano,B,n_instancias,16.0,16.0,0.0,16.0,0.0
modelo_10_fatorial_decomposicao.csv,legado,retrabalho_sobre_plano,C,parcela_media,-0.0051794380037939,-0.005179438003793893,6.938893903907228e-18,-0.005179438003793893,0.0
modelo_10_fatorial_decomposicao.csv,legado,retrabalho_sobre_plano,C,pct_do_contraste,10.650574317048704,10.65057431704852,-1.8474111129762605e-13,10.65057431704852,0.0
modelo_10_fatorial_decomposicao.csv,legado,retrabalho_sobre_plano,C,p_valor,0.21142578125,0.21142578125,0.0,0.21142578125,0.0
modelo_10_fatorial_decomposicao.csv,legado,retrabalho_sobre_plano,C,n_instancias,16.0,16.0,0.0,16.0,0.0
modelo_10_fatorial_decomposicao.csv,legado,retrabalho_sobre_plano,D,parcela_media,-0.00248648420245,-0.0024864842024501666,-1.6653345369377348e-16,-0.0024864842024501666,0.0
modelo_10_fatorial_decomposicao.csv,legado,retrabalho_sobre_plano,D,pct_do_contraste,5.113003527981923,5.113003527982076,1.5276668818842154e-13,5.113003527982076,0.0
modelo_10_fatorial_decomposicao.csv,legado,retrabalho_sobre_plano,D,p_valor,0.49542236328125,0.49542236328125,0.0,0.49542236328125,0.0
modelo_10_fatorial_decomposicao.csv,legado,retrabalho_sobre_plano,D,n_instancias,16.0,16.0,0.0,16.0,0.0
modelo_10_fatorial_decomposicao.csv,legado,retrabalho_sobre_plano,AB,parcela_media,0.0,-1.8454352143966659e-16,-1.8454352143966659e-16,-1.8454352143966659e-16,0.0
modelo_10_fatorial_decomposicao.csv,legado,retrabalho_sobre_plano,AB,pct_do_contraste,-0.0,3.7948026183213285e-13,3.7948026183213285e-13,3.7948026183213285e-13,0.0
modelo_10_fatorial_decomposicao.csv,legado,retrabalho_sobre_plano,AB,p_valor,,,,,
modelo_10_fatorial_decomposicao.csv,legado,retrabalho_sobre_plano,AB,n_instancias,16.0,16.0,0.0,16.0,0.0
modelo_10_fatorial_decomposicao.csv,legado,retrabalho_sobre_plano,AC,parcela_media,0.0004552273962489,0.000455227396248873,-2.699663409488906e-17,0.000455227396248873,0.0
modelo_10_fatorial_decomposicao.csv,legado,retrabalho_sobre_plano,AC,pct_do_contraste,-0.9360925280608726,-0.936092528060705,1.6764367671839864e-13,-0.936092528060705,0.0
modelo_10_fatorial_decomposicao.csv,legado,retrabalho_sobre_plano,AC,p_valor,0.899932861328125,0.899932861328125,0.0,0.899932861328125,0.0
modelo_10_fatorial_decomposicao.csv,legado,retrabalho_sobre_plano,AC,n_instancias,16.0,16.0,0.0,16.0,0.0
modelo_10_fatorial_decomposicao.csv,legado,retrabalho_sobre_plano,AD,parcela_media,0.0035372245375128,0.0035372245375129585,1.5829351718288365e-16,0.0035372245375129585,0.0
modelo_10_fatorial_decomposicao.csv,legado,retrabalho_sobre_plano,AD,pct_do_contraste,-7.273660344090046,-7.2736603440902,-1.545430450278218e-13,-7.2736603440902,0.0
modelo_10_fatorial_decomposicao.csv,legado,retrabalho_sobre_plano,AD,p_valor,0.705718994140625,0.705718994140625,0.0,0.705718994140625,0.0
modelo_10_fatorial_decomposicao.csv,legado,retrabalho_sobre_plano,AD,n_instancias,16.0,16.0,0.0,16.0,0.0
modelo_10_fatorial_decomposicao.csv,legado,retrabalho_sobre_plano,BC,parcela_media,0.0,-3.5742690656020074e-17,-3.5742690656020074e-17,-3.5742690656020074e-17,0.0
modelo_10_fatorial_decomposicao.csv,legado,retrabalho_sobre_plano,BC,pct_do_contraste,-0.0,7.349835693455016e-14,7.349835693455016e-14,7.349835693455016e-14,0.0
modelo_10_fatorial_decomposicao.csv,legado,retrabalho_sobre_plano,BC,p_valor,,,,,
modelo_10_fatorial_decomposicao.csv,legado,retrabalho_sobre_plano,BC,n_instancias,16.0,16.0,0.0,16.0,0.0
modelo_10_fatorial_decomposicao.csv,legado,retrabalho_sobre_plano,BD,parcela_media,0.0,7.129903353073965e-17,7.129903353073965e-17,7.129903353073965e-17,0.0
modelo_10_fatorial_decomposicao.csv,legado,retrabalho_sobre_plano,BD,pct_do_contraste,-0.0,-1.4661352347429218e-13,-1.4661352347429218e-13,-1.4661352347429218e-13,0.0
modelo_10_fatorial_decomposicao.csv,legado,retrabalho_sobre_plano,BD,p_valor,,,,,
modelo_10_fatorial_decomposicao.csv,legado,retrabalho_sobre_plano,BD,n_instancias,16.0,16.0,0.0,16.0,0.0
modelo_10_fatorial_decomposicao.csv,legado,retrabalho_sobre_plano,CD,parcela_media,0.0044229407694575,0.00442294076945747,-2.949029909160572e-17,0.00442294076945747,0.0
modelo_10_fatorial_decomposicao.csv,legado,retrabalho_sobre_plano,CD,pct_do_contraste,-9.094975039860673,-9.09497503986054,1.3322676295501878e-13,-9.09497503986054,0.0
modelo_10_fatorial_decomposicao.csv,legado,retrabalho_sobre_plano,CD,p_valor,0.40374755859375,0.40374755859375,0.0,0.40374755859375,0.0
modelo_10_fatorial_decomposicao.csv,legado,retrabalho_sobre_plano,CD,n_instancias,16.0,16.0,0.0,16.0,0.0
modelo_10_fatorial_decomposicao.csv,legado,retrabalho_sobre_plano,ABC,parcela_media,0.0,2.076127361359953e-17,2.076127361359953e-17,2.076127361359953e-17,0.0
modelo_10_fatorial_decomposicao.csv,legado,retrabalho_sobre_plano,ABC,pct_do_contraste,-0.0,-4.2691791537277245e-14,-4.2691791537277245e-14,-4.2691791537277245e-14,0.0
modelo_10_fatorial_decomposicao.csv,legado,retrabalho_sobre_plano,ABC,p_valor,,,,,
modelo_10_fatorial_decomposicao.csv,legado,retrabalho_sobre_plano,ABC,n_instancias,16.0,16.0,0.0,16.0,0.0
modelo_10_fatorial_decomposicao.csv,legado,retrabalho_sobre_plano,ABD,parcela_media,0.0,1.0709855457882807e-16,1.0709855457882807e-16,1.0709855457882807e-16,0.0
modelo_10_fatorial_decomposicao.csv,legado,retrabalho_sobre_plano,ABD,pct_do_contraste,-0.0,-2.202287417968438e-13,-2.202287417968438e-13,-2.202287417968438e-13,0.0
modelo_10_fatorial_decomposicao.csv,legado,retrabalho_sobre_plano,ABD,p_valor,,,,,
modelo_10_fatorial_decomposicao.csv,legado,retrabalho_sobre_plano,ABD,n_instancias,16.0,16.0,0.0,16.0,0.0
modelo_10_fatorial_decomposicao.csv,legado,retrabalho_sobre_plano,ACD,parcela_media,-0.0048966276458384,-0.004896627645838398,1.734723475976807e-18,-0.004896627645838398,0.0
modelo_10_fatorial_decomposicao.csv,legado,retrabalho_sobre_plano,ACD,pct_do_contraste,10.06902613888139,10.06902613888136,-3.019806626980426e-14,10.06902613888136,0.0
modelo_10_fatorial_decomposicao.csv,legado,retrabalho_sobre_plano,ACD,p_valor,0.668548583984375,0.668548583984375,0.0,0.668548583984375,0.0
modelo_10_fatorial_decomposicao.csv,legado,retrabalho_sobre_plano,ACD,n_instancias,16.0,16.0,0.0,16.0,0.0
modelo_10_fatorial_decomposicao.csv,legado,retrabalho_sobre_plano,BCD,parcela_media,0.0,-8.336745612377301e-17,-8.336745612377301e-17,-8.336745612377301e-17,0.0
modelo_10_fatorial_decomposicao.csv,legado,retrabalho_sobre_plano,BCD,pct_do_contraste,-0.0,1.7143004442164169e-13,1.7143004442164169e-13,1.7143004442164169e-13,0.0
modelo_10_fatorial_decomposicao.csv,legado,retrabalho_sobre_plano,BCD,p_valor,,,,,
modelo_10_fatorial_decomposicao.csv,legado,retrabalho_sobre_plano,BCD,n_instancias,16.0,16.0,0.0,16.0,0.0
modelo_10_fatorial_decomposicao.csv,legado,retrabalho_sobre_plano,ABCD,parcela_media,0.0,-2.1145211882892297e-16,-2.1145211882892297e-16,-2.1145211882892297e-16,0.0
modelo_10_fatorial_decomposicao.csv,legado,retrabalho_sobre_plano,ABCD,pct_do_contraste,-0.0,4.34812909129366e-13,4.34812909129366e-13,4.34812909129366e-13,0.0
modelo_10_fatorial_decomposicao.csv,legado,retrabalho_sobre_plano,ABCD,p_valor,,,,,
modelo_10_fatorial_decomposicao.csv,legado,retrabalho_sobre_plano,ABCD,n_instancias,16.0,16.0,0.0,16.0,0.0
modelo_10_fatorial_decomposicao.csv,legado,retrabalho_sobre_plano,SOMA_principais,parcela_media,-0.0521493632731325,-0.05214936327313252,-2.0816681711721685e-17,-0.05214936327313252,0.0
modelo_10_fatorial_decomposicao.csv,legado,retrabalho_sobre_plano,SOMA_principais,pct_do_contraste,107.2357017731302,107.23570177313017,-2.842170943040401e-14,107.23570177313017,0.0
modelo_10_fatorial_decomposicao.csv,legado,retrabalho_sobre_plano,SOMA_principais,p_valor,,,,,
modelo_10_fatorial_decomposicao.csv,legado,retrabalho_sobre_plano,SOMA_principais,n_instancias,16.0,16.0,0.0,16.0,0.0
modelo_10_fatorial_decomposicao.csv,legado,retrabalho_sobre_plano,SOMA_interacoes,parcela_media,0.0035187650573809,0.0035187650573805873,-3.126839065448195e-16,0.0035187650573805873,0.0
modelo_10_fatorial_decomposicao.csv,legado,retrabalho_sobre_plano,SOMA_interacoes,pct_do_contraste,-7.235701773130199,-7.235701773129434,7.647216193618078e-13,-7.235701773129434,0.0
modelo_10_fatorial_decomposicao.csv,legado,retrabalho_sobre_plano,SOMA_interacoes,p_valor,,,,,
modelo_10_fatorial_decomposicao.csv,legado,retrabalho_sobre_plano,SOMA_interacoes,n_instancias,16.0,16.0,0.0,16.0,0.0
modelo_07_ablacao_parametros.csv,legado,retrabalho_sobre_plano,centralizada,dif_absoluta,0.0,0.0,0.0,0.0,0.0
modelo_07_ablacao_parametros.csv,legado,retrabalho_sobre_plano,centralizada,dif_relativa_pct,0.0,0.0,0.0,0.0,0.0
modelo_07_ablacao_parametros.csv,legado,retrabalho_sobre_plano,centralizada,p_valor,,,,,
modelo_07_ablacao_parametros.csv,legado,retrabalho_sobre_plano,centralizada,d_cohen_pareado,,,,,
modelo_07_ablacao_parametros.csv,legado,retrabalho_sobre_plano,centralizada,prop_instancias_com_dif,0.0,0.0,0.0,0.0,0.0
modelo_07_ablacao_parametros.csv,legado,retrabalho_sobre_plano,centralizada,n_instancias,16.0,16.0,0.0,16.0,0.0
modelo_07_ablacao_parametros.csv,legado,retrabalho_sobre_plano,centralizada,media_referencia_centralizada,0.20309877307027,0.20309877307027008,8.326672684688674e-17,0.20309877307027008,0.0
modelo_07_ablacao_parametros.csv,legado,retrabalho_sobre_plano,centralizada,media_braco,0.20309877307027,0.20309877307027008,8.326672684688674e-17,0.20309877307027008,0.0
modelo_07_ablacao_parametros.csv,legado,retrabalho_sobre_plano,centralizada,efeito_total_adaptativa,-0.0486305982157515,-0.04863059821575157,-7.632783294297951e-17,-0.04863059821575157,0.0
modelo_07_ablacao_parametros.csv,legado,retrabalho_sobre_plano,centralizada,fracao_do_efeito_total_pct,-0.0,-0.0,0.0,-0.0,0.0
modelo_07_ablacao_parametros.csv,legado,retrabalho_sobre_plano,adaptativa,dif_absoluta,-0.0486305982157515,-0.04863059821575157,-7.632783294297951e-17,-0.04863059821575157,0.0
modelo_07_ablacao_parametros.csv,legado,retrabalho_sobre_plano,adaptativa,dif_relativa_pct,-23.944309205120547,-23.944309205120547,0.0,-23.944309205120547,0.0
modelo_07_ablacao_parametros.csv,legado,retrabalho_sobre_plano,adaptativa,p_valor,3.0517578125e-05,3.0517578125e-05,0.0,3.0517578125e-05,0.0
modelo_07_ablacao_parametros.csv,legado,retrabalho_sobre_plano,adaptativa,d_cohen_pareado,-3.0736131015502792,-3.0736131015502792,0.0,-3.0736131015502792,0.0
modelo_07_ablacao_parametros.csv,legado,retrabalho_sobre_plano,adaptativa,prop_instancias_com_dif,1.0,1.0,0.0,1.0,0.0
modelo_07_ablacao_parametros.csv,legado,retrabalho_sobre_plano,adaptativa,n_instancias,16.0,16.0,0.0,16.0,0.0
modelo_07_ablacao_parametros.csv,legado,retrabalho_sobre_plano,adaptativa,media_referencia_centralizada,0.20309877307027,0.20309877307027008,8.326672684688674e-17,0.20309877307027008,0.0
modelo_07_ablacao_parametros.csv,legado,retrabalho_sobre_plano,adaptativa,media_braco,0.1544681748545185,0.15446817485451853,2.7755575615628914e-17,0.15446817485451853,0.0
modelo_07_ablacao_parametros.csv,legado,retrabalho_sobre_plano,adaptativa,efeito_total_adaptativa,-0.0486305982157515,-0.04863059821575157,-7.632783294297951e-17,-0.04863059821575157,0.0
modelo_07_ablacao_parametros.csv,legado,retrabalho_sobre_plano,adaptativa,fracao_do_efeito_total_pct,100.0,100.0,0.0,100.0,0.0
modelo_07_ablacao_parametros.csv,legado,retrabalho_sobre_plano,so_tau_inicial,dif_absoluta,-0.0444834410668884,-0.044483441066888466,-6.245004513516506e-17,-0.044483441066888466,0.0
modelo_07_ablacao_parametros.csv,legado,retrabalho_sobre_plano,so_tau_inicial,dif_relativa_pct,-21.902368189835222,-21.902368189835226,-3.552713678800501e-15,-21.902368189835226,0.0
modelo_07_ablacao_parametros.csv,legado,retrabalho_sobre_plano,so_tau_inicial,p_valor,3.0517578125e-05,3.0517578125e-05,0.0,3.0517578125e-05,0.0
modelo_07_ablacao_parametros.csv,legado,retrabalho_sobre_plano,so_tau_inicial,d_cohen_pareado,-2.257574843125025,-2.257574843125025,0.0,-2.257574843125025,0.0
modelo_07_ablacao_parametros.csv,legado,retrabalho_sobre_plano,so_tau_inicial,prop_instancias_com_dif,1.0,1.0,0.0,1.0,0.0
modelo_07_ablacao_parametros.csv,legado,retrabalho_sobre_plano,so_tau_inicial,n_instancias,16.0,16.0,0.0,16.0,0.0
modelo_07_ablacao_parametros.csv,legado,retrabalho_sobre_plano,so_tau_inicial,media_referencia_centralizada,0.20309877307027,0.20309877307027008,8.326672684688674e-17,0.20309877307027008,0.0
modelo_07_ablacao_parametros.csv,legado,retrabalho_sobre_plano,so_tau_inicial,media_braco,0.1586153320033816,0.15861533200338163,2.7755575615628914e-17,0.15861533200338163,0.0
modelo_07_ablacao_parametros.csv,legado,retrabalho_sobre_plano,so_tau_inicial,efeito_total_adaptativa,-0.0486305982157515,-0.04863059821575157,-7.632783294297951e-17,-0.04863059821575157,0.0
modelo_07_ablacao_parametros.csv,legado,retrabalho_sobre_plano,so_tau_inicial,fracao_do_efeito_total_pct,91.4721239280996,91.47212392809959,-1.4210854715202004e-14,91.47212392809959,0.0
modelo_07_ablacao_parametros.csv,legado,retrabalho_sobre_plano,so_tau_min,dif_absoluta,0.0,0.0,0.0,0.0,0.0
modelo_07_ablacao_parametros.csv,legado,retrabalho_sobre_plano,so_tau_min,dif_relativa_pct,0.0,0.0,0.0,0.0,0.0
modelo_07_ablacao_parametros.csv,legado,retrabalho_sobre_plano,so_tau_min,p_valor,,,,,
modelo_07_ablacao_parametros.csv,legado,retrabalho_sobre_plano,so_tau_min,d_cohen_pareado,,,,,
modelo_07_ablacao_parametros.csv,legado,retrabalho_sobre_plano,so_tau_min,prop_instancias_com_dif,0.0,0.0,0.0,0.0,0.0
modelo_07_ablacao_parametros.csv,legado,retrabalho_sobre_plano,so_tau_min,n_instancias,16.0,16.0,0.0,16.0,0.0
modelo_07_ablacao_parametros.csv,legado,retrabalho_sobre_plano,so_tau_min,media_referencia_centralizada,0.20309877307027,0.20309877307027008,8.326672684688674e-17,0.20309877307027008,0.0
modelo_07_ablacao_parametros.csv,legado,retrabalho_sobre_plano,so_tau_min,media_braco,0.20309877307027,0.20309877307027008,8.326672684688674e-17,0.20309877307027008,0.0
modelo_07_ablacao_parametros.csv,legado,retrabalho_sobre_plano,so_tau_min,efeito_total_adaptativa,-0.0486305982157515,-0.04863059821575157,-7.632783294297951e-17,-0.04863059821575157,0.0
modelo_07_ablacao_parametros.csv,legado,retrabalho_sobre_plano,so_tau_min,fracao_do_efeito_total_pct,-0.0,-0.0,0.0,-0.0,0.0
modelo_07_ablacao_parametros.csv,legado,retrabalho_sobre_plano,so_p_reporte,dif_absoluta,-0.0051794380037939,-0.005179438003793982,-8.239936510889834e-17,-0.005179438003793982,0.0
modelo_07_ablacao_parametros.csv,legado,retrabalho_sobre_plano,so_p_reporte,dif_relativa_pct,-2.550206446595298,-2.550206446595298,0.0,-2.550206446595298,0.0
modelo_07_ablacao_parametros.csv,legado,retrabalho_sobre_plano,so_p_reporte,p_valor,0.21142578125,0.21142578125,0.0,0.21142578125,0.0
modelo_07_ablacao_parametros.csv,legado,retrabalho_sobre_plano,so_p_reporte,d_cohen_pareado,-0.3621864355205799,-0.36218643552057994,-5.551115123125783e-17,-0.36218643552057994,0.0
modelo_07_ablacao_parametros.csv,legado,retrabalho_sobre_plano,so_p_reporte,prop_instancias_com_dif,1.0,1.0,0.0,1.0,0.0
modelo_07_ablacao_parametros.csv,legado,retrabalho_sobre_plano,so_p_reporte,n_instancias,16.0,16.0,0.0,16.0,0.0
modelo_07_ablacao_parametros.csv,legado,retrabalho_sobre_plano,so_p_reporte,media_referencia_centralizada,0.20309877307027,0.20309877307027008,8.326672684688674e-17,0.20309877307027008,0.0
modelo_07_ablacao_parametros.csv,legado,retrabalho_sobre_plano,so_p_reporte,media_braco,0.197919335066476,0.19791933506647608,8.326672684688674e-17,0.19791933506647608,0.0
modelo_07_ablacao_parametros.csv,legado,retrabalho_sobre_plano,so_p_reporte,efeito_total_adaptativa,-0.0486305982157515,-0.04863059821575157,-7.632783294297951e-17,-0.04863059821575157,0.0
modelo_07_ablacao_parametros.csv,legado,retrabalho_sobre_plano,so_p_reporte,fracao_do_efeito_total_pct,10.650574317048704,10.650574317048704,0.0,10.650574317048704,0.0
modelo_07_ablacao_parametros.csv,legado,retrabalho_sobre_plano,so_p_deteccao,dif_absoluta,-0.00248648420245,-0.002486484202450092,-9.194034422677078e-17,-0.002486484202450092,0.0
modelo_07_ablacao_parametros.csv,legado,retrabalho_sobre_plano,so_p_deteccao,dif_relativa_pct,-1.224273374408714,-1.224273374408714,0.0,-1.224273374408714,0.0
modelo_07_ablacao_parametros.csv,legado,retrabalho_sobre_plano,so_p_deteccao,p_valor,0.49542236328125,0.49542236328125,0.0,0.49542236328125,0.0
modelo_07_ablacao_parametros.csv,legado,retrabalho_sobre_plano,so_p_deteccao,d_cohen_pareado,-0.1191415271431575,-0.11914152714315758,-8.326672684688674e-17,-0.11914152714315758,0.0
modelo_07_ablacao_parametros.csv,legado,retrabalho_sobre_plano,so_p_deteccao,prop_instancias_com_dif,1.0,1.0,0.0,1.0,0.0
modelo_07_ablacao_parametros.csv,legado,retrabalho_sobre_plano,so_p_deteccao,n_instancias,16.0,16.0,0.0,16.0,0.0
modelo_07_ablacao_parametros.csv,legado,retrabalho_sobre_plano,so_p_deteccao,media_referencia_centralizada,0.20309877307027,0.20309877307027008,8.326672684688674e-17,0.20309877307027008,0.0
modelo_07_ablacao_parametros.csv,legado,retrabalho_sobre_plano,so_p_deteccao,media_braco,0.20061228886782,0.20061228886782,0.0,0.20061228886782,0.0
modelo_07_ablacao_parametros.csv,legado,retrabalho_sobre_plano,so_p_deteccao,efeito_total_adaptativa,-0.0486305982157515,-0.04863059821575157,-7.632783294297951e-17,-0.04863059821575157,0.0
modelo_07_ablacao_parametros.csv,legado,retrabalho_sobre_plano,so_p_deteccao,fracao_do_efeito_total_pct,5.113003527981923,5.113003527981923,0.0,5.113003527981923,0.0
modelo_07_ablacao_parametros.csv,legado,retrabalho_sobre_plano,so_par_tau,dif_absoluta,-0.0444834410668884,-0.044483441066888466,-6.245004513516506e-17,-0.044483441066888466,0.0
modelo_07_ablacao_parametros.csv,legado,retrabalho_sobre_plano,so_par_tau,dif_relativa_pct,-21.902368189835222,-21.902368189835226,-3.552713678800501e-15,-21.902368189835226,0.0
modelo_07_ablacao_parametros.csv,legado,retrabalho_sobre_plano,so_par_tau,p_valor,3.0517578125e-05,3.0517578125e-05,0.0,3.0517578125e-05,0.0
modelo_07_ablacao_parametros.csv,legado,retrabalho_sobre_plano,so_par_tau,d_cohen_pareado,-2.257574843125025,-2.257574843125025,0.0,-2.257574843125025,0.0
modelo_07_ablacao_parametros.csv,legado,retrabalho_sobre_plano,so_par_tau,prop_instancias_com_dif,1.0,1.0,0.0,1.0,0.0
modelo_07_ablacao_parametros.csv,legado,retrabalho_sobre_plano,so_par_tau,n_instancias,16.0,16.0,0.0,16.0,0.0
modelo_07_ablacao_parametros.csv,legado,retrabalho_sobre_plano,so_par_tau,media_referencia_centralizada,0.20309877307027,0.20309877307027008,8.326672684688674e-17,0.20309877307027008,0.0
modelo_07_ablacao_parametros.csv,legado,retrabalho_sobre_plano,so_par_tau,media_braco,0.1586153320033816,0.15861533200338163,2.7755575615628914e-17,0.15861533200338163,0.0
modelo_07_ablacao_parametros.csv,legado,retrabalho_sobre_plano,so_par_tau,efeito_total_adaptativa,-0.0486305982157515,-0.04863059821575157,-7.632783294297951e-17,-0.04863059821575157,0.0
modelo_07_ablacao_parametros.csv,legado,retrabalho_sobre_plano,so_par_tau,fracao_do_efeito_total_pct,91.4721239280996,91.47212392809959,-1.4210854715202004e-14,91.47212392809959,0.0
modelo_07_ablacao_parametros.csv,legado,retrabalho_sobre_plano,sem_par_tau,dif_absoluta,-0.0032429814367865,-0.00324298143678654,-3.9898639947466563e-17,-0.00324298143678654,0.0
modelo_07_ablacao_parametros.csv,legado,retrabalho_sobre_plano,sem_par_tau,dif_relativa_pct,-1.596750875331237,-1.596750875331237,0.0,-1.596750875331237,0.0
modelo_07_ablacao_parametros.csv,legado,retrabalho_sobre_plano,sem_par_tau,p_valor,0.21142578125,0.21142578125,0.0,0.21142578125,0.0
modelo_07_ablacao_parametros.csv,legado,retrabalho_sobre_plano,sem_par_tau,d_cohen_pareado,-0.2564796005055047,-0.2564796005055047,0.0,-0.2564796005055047,0.0
modelo_07_ablacao_parametros.csv,legado,retrabalho_sobre_plano,sem_par_tau,prop_instancias_com_dif,1.0,1.0,0.0,1.0,0.0
modelo_07_ablacao_parametros.csv,legado,retrabalho_sobre_plano,sem_par_tau,n_instancias,16.0,16.0,0.0,16.0,0.0
modelo_07_ablacao_parametros.csv,legado,retrabalho_sobre_plano,sem_par_tau,media_referencia_centralizada,0.20309877307027,0.20309877307027008,8.326672684688674e-17,0.20309877307027008,0.0
modelo_07_ablacao_parametros.csv,legado,retrabalho_sobre_plano,sem_par_tau,media_braco,0.1998557916334835,0.19985579163348355,5.551115123125783e-17,0.19985579163348355,0.0
modelo_07_ablacao_parametros.csv,legado,retrabalho_sobre_plano,sem_par_tau,efeito_total_adaptativa,-0.0486305982157515,-0.04863059821575157,-7.632783294297951e-17,-0.04863059821575157,0.0
modelo_07_ablacao_parametros.csv,legado,retrabalho_sobre_plano,sem_par_tau,fracao_do_efeito_total_pct,6.668602805169956,6.668602805169956,0.0,6.668602805169956,0.0
modelo_10_fatorial_decomposicao.csv,legado,divida_latente_sobre_plano,A,parcela_media,-0.0122009072310122,-0.012200907231012213,-1.3877787807814457e-17,-0.012200907231012213,0.0
modelo_10_fatorial_decomposicao.csv,legado,divida_latente_sobre_plano,A,pct_do_contraste,22.60142987565434,22.60142987565434,0.0,22.60142987565434,0.0
modelo_10_fatorial_decomposicao.csv,legado,divida_latente_sobre_plano,A,p_valor,0.000762939453125,0.000762939453125,0.0,0.000762939453125,0.0
modelo_10_fatorial_decomposicao.csv,legado,divida_latente_sobre_plano,A,n_instancias,16.0,16.0,0.0,16.0,0.0
modelo_10_fatorial_decomposicao.csv,legado,divida_latente_sobre_plano,B,parcela_media,0.0,0.0,0.0,0.0,0.0
modelo_10_fatorial_decomposicao.csv,legado,divida_latente_sobre_plano,B,pct_do_contraste,-0.0,-0.0,0.0,-0.0,0.0
modelo_10_fatorial_decomposicao.csv,legado,divida_latente_sobre_plano,B,p_valor,,,,,
modelo_10_fatorial_decomposicao.csv,legado,divida_latente_sobre_plano,B,n_instancias,16.0,16.0,0.0,16.0,0.0
modelo_10_fatorial_decomposicao.csv,legado,divida_latente_sobre_plano,C,parcela_media,-0.044364713116417,-0.044364713116417015,-1.3877787807814457e-17,-0.044364713116417015,0.0
modelo_10_fatorial_decomposicao.csv,legado,divida_latente_sobre_plano,C,pct_do_contraste,82.18290111292283,82.18290111292282,-1.4210854715202004e-14,82.18290111292282,0.0
modelo_10_fatorial_decomposicao.csv,legado,divida_latente_sobre_plano,C,p_valor,3.0517578125e-05,3.0517578125e-05,0.0,3.0517578125e-05,0.0
modelo_10_fatorial_decomposicao.csv,legado,divida_latente_sobre_plano,C,n_instancias,16.0,16.0,0.0,16.0,0.0
modelo_10_fatorial_decomposicao.csv,legado,divida_latente_sobre_plano,D,parcela_media,-0.0307988885774996,-0.030798888577499645,-4.5102810375396984e-17,-0.030798888577499645,0.0
modelo_10_fatorial_decomposicao.csv,legado,divida_latente_sobre_plano,D,pct_do_contraste,57.05304591310295,57.05304591310296,1.4210854715202004e-14,57.05304591310296,0.0
modelo_10_fatorial_decomposicao.csv,legado,divida_latente_sobre_plano,D,p_valor,3.0517578125e-05,3.0517578125e-05,0.0,3.0517578125e-05,0.0
modelo_10_fatorial_decomposicao.csv,legado,divida_latente_sobre_plano,D,n_instancias,16.0,16.0,0.0,16.0,0.0
modelo_10_fatorial_decomposicao.csv,legado,divida_latente_sobre_plano,AB,parcela_media,0.0,-5.983300479246322e-17,-5.983300479246322e-17,-5.983300479246322e-17,0.0
modelo_10_fatorial_decomposicao.csv,legado,divida_latente_sobre_plano,AB,pct_do_contraste,-0.0,1.108369596179904e-13,1.108369596179904e-13,1.108369596179904e-13,0.0
modelo_10_fatorial_decomposicao.csv,legado,divida_latente_sobre_plano,AB,p_valor,,,,,
modelo_10_fatorial_decomposicao.csv,legado,divida_latente_sobre_plano,AB,n_instancias,16.0,16.0,0.0,16.0,0.0
modelo_10_fatorial_decomposicao.csv,legado,divida_latente_sobre_plano,AC,parcela_media,0.0093779237111922,0.009377923711192244,4.336808689942018e-17,0.009377923711192244,0.0
modelo_10_fatorial_decomposicao.csv,legado,divida_latente_sobre_plano,AC,pct_do_contraste,-17.372026614463834,-17.37202661446377,6.394884621840902e-14,-17.37202661446377,0.0
modelo_10_fatorial_decomposicao.csv,legado,divida_latente_sobre_plano,AC,p_valor,0.00335693359375,0.00335693359375,0.0,0.00335693359375,0.0
modelo_10_fatorial_decomposicao.csv,legado,divida_latente_sobre_plano,AC,n_instancias,16.0,16.0,0.0,16.0,0.0
modelo_10_fatorial_decomposicao.csv,legado,divida_latente_sobre_plano,AD,parcela_media,0.0062930646126398,0.006293064612639854,5.377642775528102e-17,0.006293064612639854,0.0
modelo_10_fatorial_decomposicao.csv,legado,divida_latente_sobre_plano,AD,pct_do_contraste,-11.657514957905413,-11.65751495790544,-2.6645352591003757e-14,-11.65751495790544,0.0
modelo_10_fatorial_decomposicao.csv,legado,divida_latente_sobre_plano,AD,p_valor,0.01824951171875,0.01824951171875,0.0,0.01824951171875,0.0
modelo_10_fatorial_decomposicao.csv,legado,divida_latente_sobre_plano,AD,n_instancias,16.0,16.0,0.0,16.0,0.0
modelo_10_fatorial_decomposicao.csv,legado,divida_latente_sobre_plano,BC,parcela_media,-2.1684043449710093e-19,5.432139298764881e-18,5.648979733261982e-18,5.432139298764881e-18,0.0
modelo_10_fatorial_decomposicao.csv,legado,divida_latente_sobre_plano,BC,pct_do_contraste,4.0168356186133013e-16,-1.0062703790071765e-14,-1.0464387351933095e-14,-1.0062703790071765e-14,0.0
modelo_10_fatorial_decomposicao.csv,legado,divida_latente_sobre_plano,BC,p_valor,,,,,
modelo_10_fatorial_decomposicao.csv,legado,divida_latente_sobre_plano,BC,n_instancias,16.0,16.0,0.0,16.0,0.0
modelo_10_fatorial_decomposicao.csv,legado,divida_latente_sobre_plano,BD,parcela_media,0.0,4.127234550920572e-18,4.127234550920572e-18,4.127234550920572e-18,0.0
modelo_10_fatorial_decomposicao.csv,legado,divida_latente_sobre_plano,BD,pct_do_contraste,-0.0,-7.645448040610193e-15,-7.645448040610193e-15,-7.645448040610193e-15,0.0
modelo_10_fatorial_decomposicao.csv,legado,divida_latente_sobre_plano,BD,p_valor,,,,,
modelo_10_fatorial_decomposicao.csv,legado,divida_latente_sobre_plano,BD,n_instancias,16.0,16.0,0.0,16.0,0.0
modelo_10_fatorial_decomposicao.csv,legado,divida_latente_sobre_plano,CD,parcela_media,0.0245507276291564,0.02455072762915648,7.979727989493313e-17,0.02455072762915648,0.0
modelo_10_fatorial_decomposicao.csv,legado,divida_latente_sobre_plano,CD,pct_do_contraste,-45.47871223020814,-45.47871223020812,2.1316282072803006e-14,-45.47871223020812,0.0
modelo_10_fatorial_decomposicao.csv,legado,divida_latente_sobre_plano,CD,p_valor,3.0517578125e-05,3.0517578125e-05,0.0,3.0517578125e-05,0.0
modelo_10_fatorial_decomposicao.csv,legado,divida_latente_sobre_plano,CD,n_instancias,16.0,16.0,0.0,16.0,0.0
modelo_10_fatorial_decomposicao.csv,legado,divida_latente_sobre_plano,ABC,parcela_media,-8.673617379884035e-19,7.66593871667799e-18,8.533300454666393e-18,7.66593871667799e-18,0.0
modelo_10_fatorial_decomposicao.csv,legado,divida_latente_sobre_plano,ABC,pct_do_contraste,1.6067342474453205e-15,-1.4200679757294336e-14,-1.5807414004739656e-14,-1.4200679757294336e-14,0.0
modelo_10_fatorial_decomposicao.csv,legado,divida_latente_sobre_plano,ABC,p_valor,,,,,
modelo_10_fatorial_decomposicao.csv,legado,divida_latente_sobre_plano,ABC,n_instancias,16.0,16.0,0.0,16.0,0.0
modelo_10_fatorial_decomposicao.csv,legado,divida_latente_sobre_plano,ABD,parcela_media,0.0,3.1633257889298e-17,3.1633257889298e-17,3.1633257889298e-17,0.0
modelo_10_fatorial_decomposicao.csv,legado,divida_latente_sobre_plano,ABD,pct_do_contraste,-0.0,-5.859866372118494e-14,-5.859866372118494e-14,-5.859866372118494e-14,0.0
modelo_10_fatorial_decomposicao.csv,legado,divida_latente_sobre_plano,ABD,p_valor,,,,,
modelo_10_fatorial_decomposicao.csv,legado,divida_latente_sobre_plano,ABD,n_instancias,16.0,16.0,0.0,16.0,0.0
modelo_10_fatorial_decomposicao.csv,legado,divida_latente_sobre_plano,ACD,parcela_media,-0.0068401067743926,-0.006840106774392594,6.071532165918825e-18,-0.006840106774392594,0.0
modelo_10_fatorial_decomposicao.csv,legado,divida_latente_sobre_plano,ACD,pct_do_contraste,12.67087690089726,12.670876900897213,-4.796163466380676e-14,12.670876900897213,0.0
modelo_10_fatorial_decomposicao.csv,legado,divida_latente_sobre_plano,ACD,p_valor,0.0155029296875,0.0155029296875,0.0,0.0155029296875,0.0
modelo_10_fatorial_decomposicao.csv,legado,divida_latente_sobre_plano,ACD,n_instancias,16.0,16.0,0.0,16.0,0.0
modelo_10_fatorial_decomposicao.csv,legado,divida_latente_sobre_plano,BCD,parcela_media,-6.505213034913028e-19,-8.58860610178048e-18,-7.938084798289178e-18,-8.58860610178048e-18,0.0
modelo_10_fatorial_decomposicao.csv,legado,divida_latente_sobre_plano,BCD,pct_do_contraste,1.2050506855839904e-15,1.5909864312844575e-14,1.4704813627260585e-14,1.5909864312844575e-14,0.0
modelo_10_fatorial_decomposicao.csv,legado,divida_latente_sobre_plano,BCD,p_valor,,,,,
modelo_10_fatorial_decomposicao.csv,legado,divida_latente_sobre_plano,BCD,n_instancias,16.0,16.0,0.0,16.0,0.0
modelo_10_fatorial_decomposicao.csv,legado,divida_latente_sobre_plano,ABCD,parcela_media,2.1684043449710093e-19,-6.956086097198106e-17,-6.977770140647816e-17,-6.956086097198106e-17,0.0
modelo_10_fatorial_decomposicao.csv,legado,divida_latente_sobre_plano,ABCD,pct_do_contraste,-4.0168356186133013e-16,1.2885721459730662e-13,1.2925889815916795e-13,1.2885721459730662e-13,0.0
modelo_10_fatorial_decomposicao.csv,legado,divida_latente_sobre_plano,ABCD,p_valor,,,,,
modelo_10_fatorial_decomposicao.csv,legado,divida_latente_sobre_plano,ABCD,n_instancias,16.0,16.0,0.0,16.0,0.0
modelo_10_fatorial_decomposicao.csv,legado,divida_latente_sobre_plano,SOMA_principais,parcela_media,-0.0873645089249288,-0.08736450892492886,-6.938893903907228e-17,-0.08736450892492886,0.0
modelo_10_fatorial_decomposicao.csv,legado,divida_latente_sobre_plano,SOMA_principais,pct_do_contraste,161.83737690168013,161.8373769016801,-2.842170943040401e-14,161.8373769016801,0.0
modelo_10_fatorial_decomposicao.csv,legado,divida_latente_sobre_plano,SOMA_principais,p_valor,,,,,
modelo_10_fatorial_decomposicao.csv,legado,divida_latente_sobre_plano,SOMA_principais,n_instancias,16.0,16.0,0.0,16.0,0.0
modelo_10_fatorial_decomposicao.csv,legado,divida_latente_sobre_plano,SOMA_interacoes,parcela_media,0.0333816091785959,0.033381609178595895,-6.938893903907228e-18,0.033381609178595895,0.0
modelo_10_fatorial_decomposicao.csv,legado,divida_latente_sobre_plano,SOMA_interacoes,pct_do_contraste,-61.83737690168013,-61.837376901679946,1.8474111129762605e-13,-61.837376901679946,0.0
modelo_10_fatorial_decomposicao.csv,legado,divida_latente_sobre_plano,SOMA_interacoes,p_valor,,,,,
modelo_10_fatorial_decomposicao.csv,legado,divida_latente_sobre_plano,SOMA_interacoes,n_instancias,16.0,16.0,0.0,16.0,0.0
modelo_07_ablacao_parametros.csv,legado,divida_latente_sobre_plano,centralizada,dif_absoluta,0.0,0.0,0.0,0.0,0.0
modelo_07_ablacao_parametros.csv,legado,divida_latente_sobre_plano,centralizada,dif_relativa_pct,0.0,0.0,0.0,0.0,0.0
modelo_07_ablacao_parametros.csv,legado,divida_latente_sobre_plano,centralizada,p_valor,,,,,
modelo_07_ablacao_parametros.csv,legado,divida_latente_sobre_plano,centralizada,d_cohen_pareado,,,,,
modelo_07_ablacao_parametros.csv,legado,divida_latente_sobre_plano,centralizada,prop_instancias_com_dif,0.0,0.0,0.0,0.0,0.0
modelo_07_ablacao_parametros.csv,legado,divida_latente_sobre_plano,centralizada,n_instancias,16.0,16.0,0.0,16.0,0.0
modelo_07_ablacao_parametros.csv,legado,divida_latente_sobre_plano,centralizada,media_referencia_centralizada,0.0741273581498496,0.07412735814984966,6.938893903907228e-17,0.07412735814984966,0.0
modelo_07_ablacao_parametros.csv,legado,divida_latente_sobre_plano,centralizada,media_braco,0.0741273581498496,0.07412735814984966,6.938893903907228e-17,0.07412735814984966,0.0
modelo_07_ablacao_parametros.csv,legado,divida_latente_sobre_plano,centralizada,efeito_total_adaptativa,-0.0539828997463328,-0.053982899746332885,-8.326672684688674e-17,-0.053982899746332885,0.0
modelo_07_ablacao_parametros.csv,legado,divida_latente_sobre_plano,centralizada,fracao_do_efeito_total_pct,-0.0,-0.0,0.0,-0.0,0.0
modelo_07_ablacao_parametros.csv,legado,divida_latente_sobre_plano,adaptativa,dif_absoluta,-0.0539828997463328,-0.053982899746332885,-8.326672684688674e-17,-0.053982899746332885,0.0
modelo_07_ablacao_parametros.csv,legado,divida_latente_sobre_plano,adaptativa,dif_relativa_pct,-72.8245294230041,-72.8245294230041,0.0,-72.8245294230041,0.0
modelo_07_ablacao_parametros.csv,legado,divida_latente_sobre_plano,adaptativa,p_valor,3.0517578125e-05,3.0517578125e-05,0.0,3.0517578125e-05,0.0
modelo_07_ablacao_parametros.csv,legado,divida_latente_sobre_plano,adaptativa,d_cohen_pareado,-6.725609296516638,-6.725609296516638,0.0,-6.725609296516638,0.0
modelo_07_ablacao_parametros.csv,legado,divida_latente_sobre_plano,adaptativa,prop_instancias_com_dif,1.0,1.0,0.0,1.0,0.0
modelo_07_ablacao_parametros.csv,legado,divida_latente_sobre_plano,adaptativa,n_instancias,16.0,16.0,0.0,16.0,0.0
modelo_07_ablacao_parametros.csv,legado,divida_latente_sobre_plano,adaptativa,media_referencia_centralizada,0.0741273581498496,0.07412735814984966,6.938893903907228e-17,0.07412735814984966,0.0
modelo_07_ablacao_parametros.csv,legado,divida_latente_sobre_plano,adaptativa,media_braco,0.0201444584035167,0.020144458403516783,8.326672684688674e-17,0.020144458403516783,0.0
modelo_07_ablacao_parametros.csv,legado,divida_latente_sobre_plano,adaptativa,efeito_total_adaptativa,-0.0539828997463328,-0.053982899746332885,-8.326672684688674e-17,-0.053982899746332885,0.0
modelo_07_ablacao_parametros.csv,legado,divida_latente_sobre_plano,adaptativa,fracao_do_efeito_total_pct,100.0,100.0,0.0,100.0,0.0
modelo_07_ablacao_parametros.csv,legado,divida_latente_sobre_plano,so_tau_inicial,dif_absoluta,-0.0122009072310122,-0.012200907231012213,-1.3877787807814457e-17,-0.012200907231012213,0.0
modelo_07_ablacao_parametros.csv,legado,divida_latente_sobre_plano,so_tau_inicial,dif_relativa_pct,-16.459384949815533,-16.459384949815533,0.0,-16.459384949815533,0.0
modelo_07_ablacao_parametros.csv,legado,divida_latente_sobre_plano,so_tau_inicial,p_valor,0.000762939453125,0.000762939453125,0.0,0.000762939453125,0.0
modelo_07_ablacao_parametros.csv,legado,divida_latente_sobre_plano,so_tau_inicial,d_cohen_pareado,-1.2892940443806935,-1.2892940443806935,0.0,-1.2892940443806935,0.0
modelo_07_ablacao_parametros.csv,legado,divida_latente_sobre_plano,so_tau_inicial,prop_instancias_com_dif,1.0,1.0,0.0,1.0,0.0
modelo_07_ablacao_parametros.csv,legado,divida_latente_sobre_plano,so_tau_inicial,n_instancias,16.0,16.0,0.0,16.0,0.0
modelo_07_ablacao_parametros.csv,legado,divida_latente_sobre_plano,so_tau_inicial,media_referencia_centralizada,0.0741273581498496,0.07412735814984966,6.938893903907228e-17,0.07412735814984966,0.0
modelo_07_ablacao_parametros.csv,legado,divida_latente_sobre_plano,so_tau_inicial,media_braco,0.0619264509188374,0.06192645091883746,5.551115123125783e-17,0.06192645091883746,0.0
modelo_07_ablacao_parametros.csv,legado,divida_latente_sobre_plano,so_tau_inicial,efeito_total_adaptativa,-0.0539828997463328,-0.053982899746332885,-8.326672684688674e-17,-0.053982899746332885,0.0
modelo_07_ablacao_parametros.csv,legado,divida_latente_sobre_plano,so_tau_inicial,fracao_do_efeito_total_pct,22.60142987565434,22.60142987565434,0.0,22.60142987565434,0.0
modelo_07_ablacao_parametros.csv,legado,divida_latente_sobre_plano,so_tau_min,dif_absoluta,0.0,0.0,0.0,0.0,0.0
modelo_07_ablacao_parametros.csv,legado,divida_latente_sobre_plano,so_tau_min,dif_relativa_pct,0.0,0.0,0.0,0.0,0.0
modelo_07_ablacao_parametros.csv,legado,divida_latente_sobre_plano,so_tau_min,p_valor,,,,,
modelo_07_ablacao_parametros.csv,legado,divida_latente_sobre_plano,so_tau_min,d_cohen_pareado,,,,,
modelo_07_ablacao_parametros.csv,legado,divida_latente_sobre_plano,so_tau_min,prop_instancias_com_dif,0.0,0.0,0.0,0.0,0.0
modelo_07_ablacao_parametros.csv,legado,divida_latente_sobre_plano,so_tau_min,n_instancias,16.0,16.0,0.0,16.0,0.0
modelo_07_ablacao_parametros.csv,legado,divida_latente_sobre_plano,so_tau_min,media_referencia_centralizada,0.0741273581498496,0.07412735814984966,6.938893903907228e-17,0.07412735814984966,0.0
modelo_07_ablacao_parametros.csv,legado,divida_latente_sobre_plano,so_tau_min,media_braco,0.0741273581498496,0.07412735814984966,6.938893903907228e-17,0.07412735814984966,0.0
modelo_07_ablacao_parametros.csv,legado,divida_latente_sobre_plano,so_tau_min,efeito_total_adaptativa,-0.0539828997463328,-0.053982899746332885,-8.326672684688674e-17,-0.053982899746332885,0.0
modelo_07_ablacao_parametros.csv,legado,divida_latente_sobre_plano,so_tau_min,fracao_do_efeito_total_pct,-0.0,-0.0,0.0,-0.0,0.0
modelo_07_ablacao_parametros.csv,legado,divida_latente_sobre_plano,so_p_reporte,dif_absoluta,-0.044364713116417,-0.04436471311641703,-2.7755575615628914e-17,-0.04436471311641703,0.0
modelo_07_ablacao_parametros.csv,legado,divida_latente_sobre_plano,so_p_reporte,dif_relativa_pct,-59.84931100165884,-59.84931100165884,0.0,-59.84931100165884,0.0
modelo_07_ablacao_parametros.csv,legado,divida_latente_sobre_plano,so_p_reporte,p_valor,3.0517578125e-05,3.0517578125e-05,0.0,3.0517578125e-05,0.0
modelo_07_ablacao_parametros.csv,legado,divida_latente_sobre_plano,so_p_reporte,d_cohen_pareado,-5.312237738399955,-5.312237738399955,0.0,-5.312237738399955,0.0
modelo_07_ablacao_parametros.csv,legado,divida_latente_sobre_plano,so_p_reporte,prop_instancias_com_dif,1.0,1.0,0.0,1.0,0.0
modelo_07_ablacao_parametros.csv,legado,divida_latente_sobre_plano,so_p_reporte,n_instancias,16.0,16.0,0.0,16.0,0.0
modelo_07_ablacao_parametros.csv,legado,divida_latente_sobre_plano,so_p_reporte,media_referencia_centralizada,0.0741273581498496,0.07412735814984966,6.938893903907228e-17,0.07412735814984966,0.0
modelo_07_ablacao_parametros.csv,legado,divida_latente_sobre_plano,so_p_reporte,media_braco,0.0297626450334326,0.02976264503343264,3.8163916471489756e-17,0.02976264503343264,0.0
modelo_07_ablacao_parametros.csv,legado,divida_latente_sobre_plano,so_p_reporte,efeito_total_adaptativa,-0.0539828997463328,-0.053982899746332885,-8.326672684688674e-17,-0.053982899746332885,0.0
modelo_07_ablacao_parametros.csv,legado,divida_latente_sobre_plano,so_p_reporte,fracao_do_efeito_total_pct,82.18290111292283,82.18290111292283,0.0,82.18290111292283,0.0
modelo_07_ablacao_parametros.csv,legado,divida_latente_sobre_plano,so_p_deteccao,dif_absoluta,-0.0307988885774996,-0.030798888577499635,-3.469446951953614e-17,-0.030798888577499635,0.0
modelo_07_ablacao_parametros.csv,legado,divida_latente_sobre_plano,so_p_deteccao,dif_relativa_pct,-41.54861220770768,-41.548612207707684,-7.105427357601002e-15,-41.548612207707684,0.0
modelo_07_ablacao_parametros.csv,legado,divida_latente_sobre_plano,so_p_deteccao,p_valor,3.0517578125e-05,3.0517578125e-05,0.0,3.0517578125e-05,0.0
modelo_07_ablacao_parametros.csv,legado,divida_latente_sobre_plano,so_p_deteccao,d_cohen_pareado,-4.486623976831026,-4.486623976831026,0.0,-4.486623976831026,0.0
modelo_07_ablacao_parametros.csv,legado,divida_latente_sobre_plano,so_p_deteccao,prop_instancias_com_dif,1.0,1.0,0.0,1.0,0.0
modelo_07_ablacao_parametros.csv,legado,divida_latente_sobre_plano,so_p_deteccao,n_instancias,16.0,16.0,0.0,16.0,0.0
modelo_07_ablacao_parametros.csv,legado,divida_latente_sobre_plano,so_p_deteccao,media_referencia_centralizada,0.0741273581498496,0.07412735814984966,6.938893903907228e-17,0.07412735814984966,0.0
modelo_07_ablacao_parametros.csv,legado,divida_latente_sobre_plano,so_p_deteccao,media_braco,0.04332846957235,0.04332846957235004,3.469446951953614e-17,0.04332846957235004,0.0
modelo_07_ablacao_parametros.csv,legado,divida_latente_sobre_plano,so_p_deteccao,efeito_total_adaptativa,-0.0539828997463328,-0.053982899746332885,-8.326672684688674e-17,-0.053982899746332885,0.0
modelo_07_ablacao_parametros.csv,legado,divida_latente_sobre_plano,so_p_deteccao,fracao_do_efeito_total_pct,57.05304591310295,57.05304591310295,0.0,57.05304591310295,0.0
modelo_07_ablacao_parametros.csv,legado,divida_latente_sobre_plano,so_par_tau,dif_absoluta,-0.0122009072310122,-0.012200907231012213,-1.3877787807814457e-17,-0.012200907231012213,0.0
modelo_07_ablacao_parametros.csv,legado,divida_latente_sobre_plano,so_par_tau,dif_relativa_pct,-16.459384949815533,-16.459384949815533,0.0,-16.459384949815533,0.0
modelo_07_ablacao_parametros.csv,legado,divida_latente_sobre_plano,so_par_tau,p_valor,0.000762939453125,0.000762939453125,0.0,0.000762939453125,0.0
modelo_07_ablacao_parametros.csv,legado,divida_latente_sobre_plano,so_par_tau,d_cohen_pareado,-1.2892940443806935,-1.2892940443806935,0.0,-1.2892940443806935,0.0
modelo_07_ablacao_parametros.csv,legado,divida_latente_sobre_plano,so_par_tau,prop_instancias_com_dif,1.0,1.0,0.0,1.0,0.0
modelo_07_ablacao_parametros.csv,legado,divida_latente_sobre_plano,so_par_tau,n_instancias,16.0,16.0,0.0,16.0,0.0
modelo_07_ablacao_parametros.csv,legado,divida_latente_sobre_plano,so_par_tau,media_referencia_centralizada,0.0741273581498496,0.07412735814984966,6.938893903907228e-17,0.07412735814984966,0.0
modelo_07_ablacao_parametros.csv,legado,divida_latente_sobre_plano,so_par_tau,media_braco,0.0619264509188374,0.06192645091883746,5.551115123125783e-17,0.06192645091883746,0.0
modelo_07_ablacao_parametros.csv,legado,divida_latente_sobre_plano,so_par_tau,efeito_total_adaptativa,-0.0539828997463328,-0.053982899746332885,-8.326672684688674e-17,-0.053982899746332885,0.0
modelo_07_ablacao_parametros.csv,legado,divida_latente_sobre_plano,so_par_tau,fracao_do_efeito_total_pct,22.60142987565434,22.60142987565434,0.0,22.60142987565434,0.0
modelo_07_ablacao_parametros.csv,legado,divida_latente_sobre_plano,sem_par_tau,dif_absoluta,-0.0506128740647601,-0.05061287406476017,-6.938893903907228e-17,-0.05061287406476017,0.0
modelo_07_ablacao_parametros.csv,legado,divida_latente_sobre_plano,sem_par_tau,dif_relativa_pct,-68.27826504007525,-68.27826504007525,0.0,-68.27826504007525,0.0
modelo_07_ablacao_parametros.csv,legado,divida_latente_sobre_plano,sem_par_tau,p_valor,3.0517578125e-05,3.0517578125e-05,0.0,3.0517578125e-05,0.0
modelo_07_ablacao_parametros.csv,legado,divida_latente_sobre_plano,sem_par_tau,d_cohen_pareado,-6.123736114329508,-6.123736114329508,0.0,-6.123736114329508,0.0
modelo_07_ablacao_parametros.csv,legado,divida_latente_sobre_plano,sem_par_tau,prop_instancias_com_dif,1.0,1.0,0.0,1.0,0.0
modelo_07_ablacao_parametros.csv,legado,divida_latente_sobre_plano,sem_par_tau,n_instancias,16.0,16.0,0.0,16.0,0.0
modelo_07_ablacao_parametros.csv,legado,divida_latente_sobre_plano,sem_par_tau,media_referencia_centralizada,0.0741273581498496,0.07412735814984966,6.938893903907228e-17,0.07412735814984966,0.0
modelo_07_ablacao_parametros.csv,legado,divida_latente_sobre_plano,sem_par_tau,media_braco,0.0235144840850894,0.023514484085089497,9.71445146547012e-17,0.023514484085089497,0.0
modelo_07_ablacao_parametros.csv,legado,divida_latente_sobre_plano,sem_par_tau,efeito_total_adaptativa,-0.0539828997463328,-0.053982899746332885,-8.326672684688674e-17,-0.053982899746332885,0.0
modelo_07_ablacao_parametros.csv,legado,divida_latente_sobre_plano,sem_par_tau,fracao_do_efeito_total_pct,93.75723479581764,93.75723479581765,1.4210854715202004e-14,93.75723479581765,0.0
modelo_10_fatorial_decomposicao.csv,legado,S_UR_maximo,A,parcela_media,-4.086631023865824,-4.0866310238658246,-8.881784197001252e-16,-4.0866310238658246,0.0
modelo_10_fatorial_decomposicao.csv,legado,S_UR_maximo,A,pct_do_contraste,22.345016801130097,22.3450168011301,3.552713678800501e-15,22.3450168011301,0.0
modelo_10_fatorial_decomposicao.csv,legado,S_UR_maximo,A,p_valor,0.000762939453125,0.000762939453125,0.0,0.000762939453125,0.0
modelo_10_fatorial_decomposicao.csv,legado,S_UR_maximo,A,n_instancias,16.0,16.0,0.0,16.0,0.0
modelo_10_fatorial_decomposicao.csv,legado,S_UR_maximo,B,parcela_media,0.0,0.0,0.0,0.0,0.0
modelo_10_fatorial_decomposicao.csv,legado,S_UR_maximo,B,pct_do_contraste,-0.0,-0.0,0.0,-0.0,0.0
modelo_10_fatorial_decomposicao.csv,legado,S_UR_maximo,B,p_valor,,,,,
modelo_10_fatorial_decomposicao.csv,legado,S_UR_maximo,B,n_instancias,16.0,16.0,0.0,16.0,0.0
modelo_10_fatorial_decomposicao.csv,legado,S_UR_maximo,C,parcela_media,-15.01705397632761,-15.017053976327604,5.329070518200751e-15,-15.017053976327604,0.0
modelo_10_fatorial_decomposicao.csv,legado,S_UR_maximo,C,pct_do_contraste,82.11074634457512,82.11074634457509,-2.842170943040401e-14,82.11074634457509,0.0
modelo_10_fatorial_decomposicao.csv,legado,S_UR_maximo,C,p_valor,3.0517578125e-05,3.0517578125e-05,0.0,3.0517578125e-05,0.0
modelo_10_fatorial_decomposicao.csv,legado,S_UR_maximo,C,n_instancias,16.0,16.0,0.0,16.0,0.0
modelo_10_fatorial_decomposicao.csv,legado,S_UR_maximo,D,parcela_media,-10.46757679157066,-10.467576791570664,-3.552713678800501e-15,-10.467576791570664,0.0
modelo_10_fatorial_decomposicao.csv,legado,S_UR_maximo,D,pct_do_contraste,57.23496393699513,57.23496393699514,1.4210854715202004e-14,57.23496393699514,0.0
modelo_10_fatorial_decomposicao.csv,legado,S_UR_maximo,D,p_valor,3.0517578125e-05,3.0517578125e-05,0.0,3.0517578125e-05,0.0
modelo_10_fatorial_decomposicao.csv,legado,S_UR_maximo,D,n_instancias,16.0,16.0,0.0,16.0,0.0
modelo_10_fatorial_decomposicao.csv,legado,S_UR_maximo,AB,parcela_media,0.0,-2.1539853606165595e-14,-2.1539853606165595e-14,-2.1539853606165595e-14,0.0
modelo_10_fatorial_decomposicao.csv,legado,S_UR_maximo,AB,pct_do_contraste,-0.0,1.1777632673780037e-13,1.1777632673780037e-13,1.1777632673780037e-13,0.0
modelo_10_fatorial_decomposicao.csv,legado,S_UR_maximo,AB,p_valor,,,,,
modelo_10_fatorial_decomposicao.csv,legado,S_UR_maximo,AB,n_instancias,16.0,16.0,0.0,16.0,0.0
modelo_10_fatorial_decomposicao.csv,legado,S_UR_maximo,AC,parcela_media,3.1185612775843703,3.1185612775843623,-7.993605777301127e-15,3.1185612775843623,0.0
modelo_10_fatorial_decomposicao.csv,legado,S_UR_maximo,AC,pct_do_contraste,-17.05177289949151,-17.051772899491464,4.618527782440651e-14,-17.051772899491464,0.0
modelo_10_fatorial_decomposicao.csv,legado,S_UR_maximo,AC,p_valor,0.00335693359375,0.00335693359375,0.0,0.00335693359375,0.0
modelo_10_fatorial_decomposicao.csv,legado,S_UR_maximo,AC,n_instancias,16.0,16.0,0.0,16.0,0.0
modelo_10_fatorial_decomposicao.csv,legado,S_UR_maximo,AD,parcela_media,2.130550047168557,2.130550047168562,4.884981308350689e-15,2.130550047168562,0.0
modelo_10_fatorial_decomposicao.csv,legado,S_UR_maximo,AD,pct_do_contraste,-11.649492288783886,-11.649492288783916,-3.019806626980426e-14,-11.649492288783916,0.0
modelo_10_fatorial_decomposicao.csv,legado,S_UR_maximo,AD,p_valor,0.0155029296875,0.0155029296875,0.0,0.0155029296875,0.0
modelo_10_fatorial_decomposicao.csv,legado,S_UR_maximo,AD,n_instancias,16.0,16.0,0.0,16.0,0.0
modelo_10_fatorial_decomposicao.csv,legado,S_UR_maximo,BC,parcela_media,-2.220446049250313e-16,1.2347788883908584e-15,1.4568234933158897e-15,1.2347788883908584e-15,0.0
modelo_10_fatorial_decomposicao.csv,legado,S_UR_maximo,BC,pct_do_contraste,1.214102863379286e-15,-6.751565004435883e-15,-7.96566786781517e-15,-6.751565004435883e-15,0.0
modelo_10_fatorial_decomposicao.csv,legado,S_UR_maximo,BC,p_valor,,,,,
modelo_10_fatorial_decomposicao.csv,legado,S_UR_maximo,BC,n_instancias,16.0,16.0,0.0,16.0,0.0
modelo_10_fatorial_decomposicao.csv,legado,S_UR_maximo,BD,parcela_media,0.0,2.9044723083133673e-15,2.9044723083133673e-15,2.9044723083133673e-15,0.0
modelo_10_fatorial_decomposicao.csv,legado,S_UR_maximo,BD,pct_do_contraste,-0.0,-1.588117012489312e-14,-1.588117012489312e-14,-1.588117012489312e-14,0.0
modelo_10_fatorial_decomposicao.csv,legado,S_UR_maximo,BD,p_valor,,,,,
modelo_10_fatorial_decomposicao.csv,legado,S_UR_maximo,BD,n_instancias,16.0,16.0,0.0,16.0,0.0
modelo_10_fatorial_decomposicao.csv,legado,S_UR_maximo,CD,parcela_media,8.36173940932899,8.361739409328983,-7.105427357601002e-15,8.361739409328983,0.0
modelo_10_fatorial_decomposicao.csv,legado,S_UR_maximo,CD,pct_do_contraste,-45.720596378035665,-45.720596378035616,4.973799150320701e-14,-45.720596378035616,0.0
modelo_10_fatorial_decomposicao.csv,legado,S_UR_maximo,CD,p_valor,3.0517578125e-05,3.0517578125e-05,0.0,3.0517578125e-05,0.0
modelo_10_fatorial_decomposicao.csv,legado,S_UR_maximo,CD,n_instancias,16.0,16.0,0.0,16.0,0.0
modelo_10_fatorial_decomposicao.csv,legado,S_UR_maximo,ABC,parcela_media,0.0,1.2667355692167735e-15,1.2667355692167735e-15,1.2667355692167735e-15,0.0
modelo_10_fatorial_decomposicao.csv,legado,S_UR_maximo,ABC,pct_do_contraste,-0.0,-6.926298804916831e-15,-6.926298804916831e-15,-6.926298804916831e-15,0.0
modelo_10_fatorial_decomposicao.csv,legado,S_UR_maximo,ABC,p_valor,,,,,
modelo_10_fatorial_decomposicao.csv,legado,S_UR_maximo,ABC,n_instancias,16.0,16.0,0.0,16.0,0.0
modelo_10_fatorial_decomposicao.csv,legado,S_UR_maximo,ABD,parcela_media,0.0,1.2025081360858434e-14,1.2025081360858434e-14,1.2025081360858434e-14,0.0
modelo_10_fatorial_decomposicao.csv,legado,S_UR_maximo,ABD,pct_do_contraste,-0.0,-6.575113913493364e-14,-6.575113913493364e-14,-6.575113913493364e-14,0.0
modelo_10_fatorial_decomposicao.csv,legado,S_UR_maximo,ABD,p_valor,,,,,
modelo_10_fatorial_decomposicao.csv,legado,S_UR_maximo,ABD,n_instancias,16.0,16.0,0.0,16.0,0.0
modelo_10_fatorial_decomposicao.csv,legado,S_UR_maximo,ACD,parcela_media,-2.328369211478966,-2.3283692114789574,8.43769498715119e-15,-2.3283692114789574,0.0
modelo_10_fatorial_decomposicao.csv,legado,S_UR_maximo,ACD,pct_do_contraste,12.73113448361071,12.731134483610663,-4.618527782440651e-14,12.731134483610663,0.0
modelo_10_fatorial_decomposicao.csv,legado,S_UR_maximo,ACD,p_valor,0.0155029296875,0.0155029296875,0.0,0.0155029296875,0.0
modelo_10_fatorial_decomposicao.csv,legado,S_UR_maximo,ACD,n_instancias,16.0,16.0,0.0,16.0,0.0
modelo_10_fatorial_decomposicao.csv,legado,S_UR_maximo,BCD,parcela_media,-1.6653345369377348e-16,-3.806036841743923e-15,-3.63950338805015e-15,-3.806036841743923e-15,0.0
modelo_10_fatorial_decomposicao.csv,legado,S_UR_maximo,BCD,pct_do_contraste,9.105771475344644e-16,2.0810774615526046e-14,1.9900197467991582e-14,2.0810774615526046e-14,0.0
modelo_10_fatorial_decomposicao.csv,legado,S_UR_maximo,BCD,p_valor,,,,,
modelo_10_fatorial_decomposicao.csv,legado,S_UR_maximo,BCD,n_instancias,16.0,16.0,0.0,16.0,0.0
modelo_10_fatorial_decomposicao.csv,legado,S_UR_maximo,ABCD,parcela_media,2.775557561562891e-16,-2.2238493941577966e-14,-2.2516049697734255e-14,-2.2238493941577966e-14,0.0
modelo_10_fatorial_decomposicao.csv,legado,S_UR_maximo,ABCD,pct_do_contraste,-1.5176285792241072e-15,1.2159637556079613e-13,1.2311400414002024e-13,1.2159637556079613e-13,0.0
modelo_10_fatorial_decomposicao.csv,legado,S_UR_maximo,ABCD,p_valor,,,,,
modelo_10_fatorial_decomposicao.csv,legado,S_UR_maximo,ABCD,n_instancias,16.0,16.0,0.0,16.0,0.0
modelo_10_fatorial_decomposicao.csv,legado,S_UR_maximo,SOMA_principais,parcela_media,-29.571261791764098,-29.571261791764094,3.552713678800501e-15,-29.571261791764094,0.0
modelo_10_fatorial_decomposicao.csv,legado,S_UR_maximo,SOMA_principais,pct_do_contraste,161.6907270827003,161.69072708270033,2.842170943040401e-14,161.69072708270033,0.0
modelo_10_fatorial_decomposicao.csv,legado,S_UR_maximo,SOMA_principais,p_valor,,,,,
modelo_10_fatorial_decomposicao.csv,legado,S_UR_maximo,SOMA_principais,n_instancias,16.0,16.0,0.0,16.0,0.0
modelo_10_fatorial_decomposicao.csv,legado,S_UR_maximo,SOMA_interacoes,parcela_media,11.282481522602952,11.28248152260292,-3.197442310920451e-14,11.28248152260292,0.0
modelo_10_fatorial_decomposicao.csv,legado,S_UR_maximo,SOMA_interacoes,pct_do_contraste,-61.69072708270035,-61.69072708270018,1.7053025658242404e-13,-61.69072708270018,0.0
modelo_10_fatorial_decomposicao.csv,legado,S_UR_maximo,SOMA_interacoes,p_valor,,,,,
modelo_10_fatorial_decomposicao.csv,legado,S_UR_maximo,SOMA_interacoes,n_instancias,16.0,16.0,0.0,16.0,0.0
modelo_07_ablacao_parametros.csv,legado,S_UR_maximo,centralizada,dif_absoluta,0.0,0.0,0.0,0.0,0.0
modelo_07_ablacao_parametros.csv,legado,S_UR_maximo,centralizada,dif_relativa_pct,0.0,0.0,0.0,0.0,0.0
modelo_07_ablacao_parametros.csv,legado,S_UR_maximo,centralizada,p_valor,,,,,
modelo_07_ablacao_parametros.csv,legado,S_UR_maximo,centralizada,d_cohen_pareado,,,,,
modelo_07_ablacao_parametros.csv,legado,S_UR_maximo,centralizada,prop_instancias_com_dif,0.0,0.0,0.0,0.0,0.0
modelo_07_ablacao_parametros.csv,legado,S_UR_maximo,centralizada,n_instancias,16.0,16.0,0.0,16.0,0.0
modelo_07_ablacao_parametros.csv,legado,S_UR_maximo,centralizada,media_referencia_centralizada,25.112262752683552,25.112262752683552,0.0,25.112262752683552,0.0
modelo_07_ablacao_parametros.csv,legado,S_UR_maximo,centralizada,media_braco,25.112262752683552,25.112262752683552,0.0,25.112262752683552,0.0
modelo_07_ablacao_parametros.csv,legado,S_UR_maximo,centralizada,efeito_total_adaptativa,-18.288780269161144,-18.288780269161144,0.0,-18.288780269161144,0.0
modelo_07_ablacao_parametros.csv,legado,S_UR_maximo,centralizada,fracao_do_efeito_total_pct,-0.0,-0.0,0.0,-0.0,0.0
modelo_07_ablacao_parametros.csv,legado,S_UR_maximo,adaptativa,dif_absoluta,-18.288780269161144,-18.288780269161144,0.0,-18.288780269161144,0.0
modelo_07_ablacao_parametros.csv,legado,S_UR_maximo,adaptativa,dif_relativa_pct,-72.82808582116625,-72.82808582116625,0.0,-72.82808582116625,0.0
modelo_07_ablacao_parametros.csv,legado,S_UR_maximo,adaptativa,p_valor,3.0517578125e-05,3.0517578125e-05,0.0,3.0517578125e-05,0.0
modelo_07_ablacao_parametros.csv,legado,S_UR_maximo,adaptativa,d_cohen_pareado,-6.4857647609398485,-6.4857647609398485,0.0,-6.4857647609398485,0.0
modelo_07_ablacao_parametros.csv,legado,S_UR_maximo,adaptativa,prop_instancias_com_dif,1.0,1.0,0.0,1.0,0.0
modelo_07_ablacao_parametros.csv,legado,S_UR_maximo,adaptativa,n_instancias,16.0,16.0,0.0,16.0,0.0
modelo_07_ablacao_parametros.csv,legado,S_UR_maximo,adaptativa,media_referencia_centralizada,25.112262752683552,25.112262752683552,0.0,25.112262752683552,0.0
modelo_07_ablacao_parametros.csv,legado,S_UR_maximo,adaptativa,media_braco,6.82348248352241,6.82348248352241,0.0,6.82348248352241,0.0
modelo_07_ablacao_parametros.csv,legado,S_UR_maximo,adaptativa,efeito_total_adaptativa,-18.288780269161144,-18.288780269161144,0.0,-18.288780269161144,0.0
modelo_07_ablacao_parametros.csv,legado,S_UR_maximo,adaptativa,fracao_do_efeito_total_pct,100.0,100.0,0.0,100.0,0.0
modelo_07_ablacao_parametros.csv,legado,S_UR_maximo,so_tau_inicial,dif_absoluta,-4.086631023865824,-4.0866310238658246,-8.881784197001252e-16,-4.0866310238658246,0.0
modelo_07_ablacao_parametros.csv,legado,S_UR_maximo,so_tau_inicial,dif_relativa_pct,-16.273448012681044,-16.273448012681047,-3.552713678800501e-15,-16.273448012681047,0.0
modelo_07_ablacao_parametros.csv,legado,S_UR_maximo,so_tau_inicial,p_valor,0.000762939453125,0.000762939453125,0.0,0.000762939453125,0.0
modelo_07_ablacao_parametros.csv,legado,S_UR_maximo,so_tau_inicial,d_cohen_pareado,-1.3055789005376832,-1.3055789005376832,0.0,-1.3055789005376832,0.0
modelo_07_ablacao_parametros.csv,legado,S_UR_maximo,so_tau_inicial,prop_instancias_com_dif,1.0,1.0,0.0,1.0,0.0
modelo_07_ablacao_parametros.csv,legado,S_UR_maximo,so_tau_inicial,n_instancias,16.0,16.0,0.0,16.0,0.0
modelo_07_ablacao_parametros.csv,legado,S_UR_maximo,so_tau_inicial,media_referencia_centralizada,25.112262752683552,25.112262752683552,0.0,25.112262752683552,0.0
modelo_07_ablacao_parametros.csv,legado,S_UR_maximo,so_tau_inicial,media_braco,21.02563172881773,21.02563172881773,0.0,21.02563172881773,0.0
modelo_07_ablacao_parametros.csv,legado,S_UR_maximo,so_tau_inicial,efeito_total_adaptativa,-18.288780269161144,-18.288780269161144,0.0,-18.288780269161144,0.0
modelo_07_ablacao_parametros.csv,legado,S_UR_maximo,so_tau_inicial,fracao_do_efeito_total_pct,22.345016801130097,22.3450168011301,3.552713678800501e-15,22.3450168011301,0.0
modelo_07_ablacao_parametros.csv,legado,S_UR_maximo,so_tau_min,dif_absoluta,0.0,0.0,0.0,0.0,0.0
modelo_07_ablacao_parametros.csv,legado,S_UR_maximo,so_tau_min,dif_relativa_pct,0.0,0.0,0.0,0.0,0.0
modelo_07_ablacao_parametros.csv,legado,S_UR_maximo,so_tau_min,p_valor,,,,,
modelo_07_ablacao_parametros.csv,legado,S_UR_maximo,so_tau_min,d_cohen_pareado,,,,,
modelo_07_ablacao_parametros.csv,legado,S_UR_maximo,so_tau_min,prop_instancias_com_dif,0.0,0.0,0.0,0.0,0.0
modelo_07_ablacao_parametros.csv,legado,S_UR_maximo,so_tau_min,n_instancias,16.0,16.0,0.0,16.0,0.0
modelo_07_ablacao_parametros.csv,legado,S_UR_maximo,so_tau_min,media_referencia_centralizada,25.112262752683552,25.112262752683552,0.0,25.112262752683552,0.0
modelo_07_ablacao_parametros.csv,legado,S_UR_maximo,so_tau_min,media_braco,25.112262752683552,25.112262752683552,0.0,25.112262752683552,0.0
modelo_07_ablacao_parametros.csv,legado,S_UR_maximo,so_tau_min,efeito_total_adaptativa,-18.288780269161144,-18.288780269161144,0.0,-18.288780269161144,0.0
modelo_07_ablacao_parametros.csv,legado,S_UR_maximo,so_tau_min,fracao_do_efeito_total_pct,-0.0,-0.0,0.0,-0.0,0.0
modelo_07_ablacao_parametros.csv,legado,S_UR_maximo,so_p_reporte,dif_absoluta,-15.01705397632761,-15.01705397632761,0.0,-15.01705397632761,0.0
modelo_07_ablacao_parametros.csv,legado,S_UR_maximo,so_p_reporte,dif_relativa_pct,-59.7996848162273,-59.7996848162273,0.0,-59.7996848162273,0.0
modelo_07_ablacao_parametros.csv,legado,S_UR_maximo,so_p_reporte,p_valor,3.0517578125e-05,3.0517578125e-05,0.0,3.0517578125e-05,0.0
modelo_07_ablacao_parametros.csv,legado,S_UR_maximo,so_p_reporte,d_cohen_pareado,-5.441431151973885,-5.441431151973885,0.0,-5.441431151973885,0.0
modelo_07_ablacao_parametros.csv,legado,S_UR_maximo,so_p_reporte,prop_instancias_com_dif,1.0,1.0,0.0,1.0,0.0
modelo_07_ablacao_parametros.csv,legado,S_UR_maximo,so_p_reporte,n_instancias,16.0,16.0,0.0,16.0,0.0
modelo_07_ablacao_parametros.csv,legado,S_UR_maximo,so_p_reporte,media_referencia_centralizada,25.112262752683552,25.112262752683552,0.0,25.112262752683552,0.0
modelo_07_ablacao_parametros.csv,legado,S_UR_maximo,so_p_reporte,media_braco,10.095208776355944,10.095208776355943,-1.7763568394002505e-15,10.095208776355943,0.0
modelo_07_ablacao_parametros.csv,legado,S_UR_maximo,so_p_reporte,efeito_total_adaptativa,-18.288780269161144,-18.288780269161144,0.0,-18.288780269161144,0.0
modelo_07_ablacao_parametros.csv,legado,S_UR_maximo,so_p_reporte,fracao_do_efeito_total_pct,82.11074634457512,82.11074634457512,0.0,82.11074634457512,0.0
modelo_07_ablacao_parametros.csv,legado,S_UR_maximo,so_p_deteccao,dif_absoluta,-10.46757679157066,-10.46757679157066,0.0,-10.46757679157066,0.0
modelo_07_ablacao_parametros.csv,legado,S_UR_maximo,so_p_deteccao,dif_relativa_pct,-41.68312865574837,-41.68312865574837,0.0,-41.68312865574837,0.0
modelo_07_ablacao_parametros.csv,legado,S_UR_maximo,so_p_deteccao,p_valor,3.0517578125e-05,3.0517578125e-05,0.0,3.0517578125e-05,0.0
modelo_07_ablacao_parametros.csv,legado,S_UR_maximo,so_p_deteccao,d_cohen_pareado,-4.112902160393344,-4.112902160393344,0.0,-4.112902160393344,0.0
modelo_07_ablacao_parametros.csv,legado,S_UR_maximo,so_p_deteccao,prop_instancias_com_dif,1.0,1.0,0.0,1.0,0.0
modelo_07_ablacao_parametros.csv,legado,S_UR_maximo,so_p_deteccao,n_instancias,16.0,16.0,0.0,16.0,0.0
modelo_07_ablacao_parametros.csv,legado,S_UR_maximo,so_p_deteccao,media_referencia_centralizada,25.112262752683552,25.112262752683552,0.0,25.112262752683552,0.0
modelo_07_ablacao_parametros.csv,legado,S_UR_maximo,so_p_deteccao,media_braco,14.644685961112891,14.644685961112891,0.0,14.644685961112891,0.0
modelo_07_ablacao_parametros.csv,legado,S_UR_maximo,so_p_deteccao,efeito_total_adaptativa,-18.288780269161144,-18.288780269161144,0.0,-18.288780269161144,0.0
modelo_07_ablacao_parametros.csv,legado,S_UR_maximo,so_p_deteccao,fracao_do_efeito_total_pct,57.23496393699513,57.23496393699513,0.0,57.23496393699513,0.0
modelo_07_ablacao_parametros.csv,legado,S_UR_maximo,so_par_tau,dif_absoluta,-4.086631023865824,-4.0866310238658246,-8.881784197001252e-16,-4.0866310238658246,0.0
modelo_07_ablacao_parametros.csv,legado,S_UR_maximo,so_par_tau,dif_relativa_pct,-16.273448012681044,-16.273448012681047,-3.552713678800501e-15,-16.273448012681047,0.0
modelo_07_ablacao_parametros.csv,legado,S_UR_maximo,so_par_tau,p_valor,0.000762939453125,0.000762939453125,0.0,0.000762939453125,0.0
modelo_07_ablacao_parametros.csv,legado,S_UR_maximo,so_par_tau,d_cohen_pareado,-1.3055789005376832,-1.3055789005376832,0.0,-1.3055789005376832,0.0
modelo_07_ablacao_parametros.csv,legado,S_UR_maximo,so_par_tau,prop_instancias_com_dif,1.0,1.0,0.0,1.0,0.0
modelo_07_ablacao_parametros.csv,legado,S_UR_maximo,so_par_tau,n_instancias,16.0,16.0,0.0,16.0,0.0
modelo_07_ablacao_parametros.csv,legado,S_UR_maximo,so_par_tau,media_referencia_centralizada,25.112262752683552,25.112262752683552,0.0,25.112262752683552,0.0
modelo_07_ablacao_parametros.csv,legado,S_UR_maximo,so_par_tau,media_braco,21.02563172881773,21.02563172881773,0.0,21.02563172881773,0.0
modelo_07_ablacao_parametros.csv,legado,S_UR_maximo,so_par_tau,efeito_total_adaptativa,-18.288780269161144,-18.288780269161144,0.0,-18.288780269161144,0.0
modelo_07_ablacao_parametros.csv,legado,S_UR_maximo,so_par_tau,fracao_do_efeito_total_pct,22.345016801130097,22.3450168011301,3.552713678800501e-15,22.3450168011301,0.0
modelo_07_ablacao_parametros.csv,legado,S_UR_maximo,sem_par_tau,dif_absoluta,-17.12289135856928,-17.12289135856928,0.0,-17.12289135856928,0.0
modelo_07_ablacao_parametros.csv,legado,S_UR_maximo,sem_par_tau,dif_relativa_pct,-68.18537830383082,-68.18537830383082,0.0,-68.18537830383082,0.0
modelo_07_ablacao_parametros.csv,legado,S_UR_maximo,sem_par_tau,p_valor,3.0517578125e-05,3.0517578125e-05,0.0,3.0517578125e-05,0.0
modelo_07_ablacao_parametros.csv,legado,S_UR_maximo,sem_par_tau,d_cohen_pareado,-6.271458891979094,-6.271458891979094,0.0,-6.271458891979094,0.0
modelo_07_ablacao_parametros.csv,legado,S_UR_maximo,sem_par_tau,prop_instancias_com_dif,1.0,1.0,0.0,1.0,0.0
modelo_07_ablacao_parametros.csv,legado,S_UR_maximo,sem_par_tau,n_instancias,16.0,16.0,0.0,16.0,0.0
modelo_07_ablacao_parametros.csv,legado,S_UR_maximo,sem_par_tau,media_referencia_centralizada,25.112262752683552,25.112262752683552,0.0,25.112262752683552,0.0
modelo_07_ablacao_parametros.csv,legado,S_UR_maximo,sem_par_tau,media_braco,7.989371394114272,7.989371394114272,0.0,7.989371394114272,0.0
modelo_07_ablacao_parametros.csv,legado,S_UR_maximo,sem_par_tau,efeito_total_adaptativa,-18.288780269161144,-18.288780269161144,0.0,-18.288780269161144,0.0
modelo_07_ablacao_parametros.csv,legado,S_UR_maximo,sem_par_tau,fracao_do_efeito_total_pct,93.62511390353458,93.62511390353458,0.0,93.62511390353458,0.0
modelo_10_fatorial_decomposicao.csv,mvp,atraso_relativo,A,parcela_media,-0.5967631177136437,-0.3224227272368635,0.27434039047678016,-0.5967631177136437,0.27434039047678016
modelo_10_fatorial_decomposicao.csv,mvp,atraso_relativo,A,pct_do_contraste,52.55976151279914,31.504406951332772,-21.05535456146637,52.55976151279914,-21.05535456146637
modelo_10_fatorial_decomposicao.csv,mvp,atraso_relativo,A,p_valor,3.0517578125e-05,3.0517578125e-05,0.0,3.0517578125e-05,0.0
modelo_10_fatorial_decomposicao.csv,mvp,atraso_relativo,A,n_instancias,16.0,16.0,0.0,16.0,0.0
modelo_10_fatorial_decomposicao.csv,mvp,atraso_relativo,B,parcela_media,0.0,0.0,0.0,0.0,0.0
modelo_10_fatorial_decomposicao.csv,mvp,atraso_relativo,B,pct_do_contraste,-0.0,-0.0,0.0,-0.0,0.0
modelo_10_fatorial_decomposicao.csv,mvp,atraso_relativo,B,p_valor,,,,,
modelo_10_fatorial_decomposicao.csv,mvp,atraso_relativo,B,n_instancias,16.0,16.0,0.0,16.0,0.0
modelo_10_fatorial_decomposicao.csv,mvp,atraso_relativo,C,parcela_media,-0.3161998532438221,-0.2682503391456753,0.047949514098146795,-0.316199853243821,0.047949514098145685
modelo_10_fatorial_decomposicao.csv,mvp,atraso_relativo,C,pct_do_contraste,27.84922255341554,26.211141881043407,-1.6380806723721335,27.84922255341544,-1.638080672372034
modelo_10_fatorial_decomposicao.csv,mvp,atraso_relativo,C,p_valor,3.0517578125e-05,3.0517578125e-05,0.0,3.0517578125e-05,0.0
modelo_10_fatorial_decomposicao.csv,mvp,atraso_relativo,C,n_instancias,16.0,16.0,0.0,16.0,0.0
modelo_10_fatorial_decomposicao.csv,mvp,atraso_relativo,D,parcela_media,-0.4365124252325411,-0.5890033438769384,-0.15249091864439734,-0.43651242523254186,-0.15249091864439657
modelo_10_fatorial_decomposicao.csv,mvp,atraso_relativo,D,pct_do_contraste,38.445722073938725,57.55239774881876,19.106675674880037,38.445722073938796,19.106675674879966
modelo_10_fatorial_decomposicao.csv,mvp,atraso_relativo,D,p_valor,3.0517578125e-05,3.0517578125e-05,0.0,3.0517578125e-05,0.0
modelo_10_fatorial_decomposicao.csv,mvp,atraso_relativo,D,n_instancias,16.0,16.0,0.0,16.0,0.0
modelo_10_fatorial_decomposicao.csv,mvp,atraso_relativo,AB,parcela_media,0.0,0.003580972108823914,0.003580972108823914,-2.80709041835082e-15,0.003580972108826721
modelo_10_fatorial_decomposicao.csv,mvp,atraso_relativo,AB,pct_do_contraste,-0.0,-0.3499021410946687,-0.3499021410946687,2.47233782641674e-13,-0.34990214109491596
modelo_10_fatorial_decomposicao.csv,mvp,atraso_relativo,AB,p_valor,,0.860260009765625,,,
modelo_10_fatorial_decomposicao.csv,mvp,atraso_relativo,AB,n_instancias,16.0,16.0,0.0,16.0,0.0
modelo_10_fatorial_decomposicao.csv,mvp,atraso_relativo,AC,parcela_media,0.0252616375462101,-0.11918591131286849,-0.1444475488590786,0.025261637546209317,-0.1444475488590778
modelo_10_fatorial_decomposicao.csv,mvp,atraso_relativo,AC,pct_do_contraste,-2.224912373838585,11.64583367011716,13.870746043955744,-2.224912373838512,13.870746043955672
modelo_10_fatorial_decomposicao.csv,mvp,atraso_relativo,AC,p_valor,0.632171630859375,0.013092041015625,-0.61907958984375,0.632171630859375,-0.61907958984375
modelo_10_fatorial_decomposicao.csv,mvp,atraso_relativo,AC,n_instancias,16.0,16.0,0.0,16.0,0.0
modelo_10_fatorial_decomposicao.csv,mvp,atraso_relativo,AD,parcela_media,-0.1062305695199935,-0.10427270992629065,0.001957859593702857,-0.10623056951999307,0.001957859593702427
modelo_10_fatorial_decomposicao.csv,mvp,atraso_relativo,AD,pct_do_contraste,9.356230694570009,10.188642455786995,0.8324117612169868,9.356230694569971,0.8324117612170241
modelo_10_fatorial_decomposicao.csv,mvp,atraso_relativo,AD,p_valor,0.02496337890625,0.013092041015625,-0.011871337890625,0.02496337890625,-0.011871337890625
modelo_10_fatorial_decomposicao.csv,mvp,atraso_relativo,AD,n_instancias,16.0,16.0,0.0,16.0,0.0
modelo_10_fatorial_decomposicao.csv,mvp,atraso_relativo,BC,parcela_media,0.0,-1.3897564158186125e-16,-1.3897564158186125e-16,-2.207238274837701e-16,8.174818590190884e-17
modelo_10_fatorial_decomposicao.csv,mvp,atraso_relativo,BC,pct_do_contraste,-0.0,1.3579517815755678e-14,1.3579517815755678e-14,1.9440195595844448e-14,-5.86067778008877e-15
modelo_10_fatorial_decomposicao.csv,mvp,atraso_relativo,BC,p_valor,,,,,
modelo_10_fatorial_decomposicao.csv,mvp,atraso_relativo,BC,n_instancias,16.0,16.0,0.0,16.0,0.0
modelo_10_fatorial_decomposicao.csv,mvp,atraso_relativo,BD,parcela_media,0.0,7.573471645272533e-16,7.573471645272533e-16,7.303062963018761e-16,2.704086822537721e-17
modelo_10_fatorial_decomposicao.csv,mvp,atraso_relativo,BD,pct_do_contraste,-0.0,-7.400152426964713e-14,-7.400152426964713e-14,-6.432154338221202e-14,-9.679980887435102e-15
modelo_10_fatorial_decomposicao.csv,mvp,atraso_relativo,BD,p_valor,,,,,
modelo_10_fatorial_decomposicao.csv,mvp,atraso_relativo,BD,n_instancias,16.0,16.0,0.0,16.0,0.0
modelo_10_fatorial_decomposicao.csv,mvp,atraso_relativo,CD,parcela_media,0.296959186377781,0.2664470950901897,-0.030512091287591303,0.29695918637777985,-0.030512091287590137
modelo_10_fatorial_decomposicao.csv,mvp,atraso_relativo,CD,pct_do_contraste,-26.15460565802021,-26.03494420712802,0.11966145089218827,-26.154605658020103,0.11966145089208169
modelo_10_fatorial_decomposicao.csv,mvp,atraso_relativo,CD,p_valor,3.0517578125e-05,3.0517578125e-05,0.0,3.0517578125e-05,0.0
modelo_10_fatorial_decomposicao.csv,mvp,atraso_relativo,CD,n_instancias,16.0,16.0,0.0,16.0,0.0
modelo_10_fatorial_decomposicao.csv,mvp,atraso_relativo,ABC,parcela_media,0.0,-0.013476432185992794,-0.013476432185992794,4.35150983929072e-16,-0.01347643218599323
modelo_10_fatorial_decomposicao.csv,mvp,atraso_relativo,ABC,pct_do_contraste,-0.0,1.3168023466523615,1.3168023466523615,-3.8325813473524274e-14,1.3168023466524
modelo_10_fatorial_decomposicao.csv,mvp,atraso_relativo,ABC,p_valor,,0.899932861328125,,,
modelo_10_fatorial_decomposicao.csv,mvp,atraso_relativo,ABC,n_instancias,16.0,16.0,0.0,16.0,0.0
modelo_10_fatorial_decomposicao.csv,mvp,atraso_relativo,ABD,parcela_media,0.0,-0.0031105118176232146,-0.0031105118176232146,1.769030051699297e-15,-0.0031105118176249836
modelo_10_fatorial_decomposicao.csv,mvp,atraso_relativo,ABD,pct_do_contraste,-0.0,0.30393276233700783,0.30393276233700783,-1.558068769104227e-13,0.30393276233716365
modelo_10_fatorial_decomposicao.csv,mvp,atraso_relativo,ABD,p_valor,,0.743560791015625,,,
modelo_10_fatorial_decomposicao.csv,mvp,atraso_relativo,ABD,n_instancias,16.0,16.0,0.0,16.0,0.0
modelo_10_fatorial_decomposicao.csv,mvp,atraso_relativo,ACD,parcela_media,-0.0019140695827911,0.12107383048006953,0.12298790006286063,-0.0019140695827905823,0.12298790006286012
modelo_10_fatorial_decomposicao.csv,mvp,atraso_relativo,ACD,pct_do_contraste,0.1685811971353806,-11.830305075853481,-11.998886272988862,0.16858119713532674,-11.998886272988807
modelo_10_fatorial_decomposicao.csv,mvp,atraso_relativo,ACD,p_valor,0.781951904296875,0.03863525390625,-0.743316650390625,0.781951904296875,-0.743316650390625
modelo_10_fatorial_decomposicao.csv,mvp,atraso_relativo,ACD,n_instancias,16.0,16.0,0.0,16.0,0.0
modelo_10_fatorial_decomposicao.csv,mvp,atraso_relativo,BCD,parcela_media,0.0,-1.1828950105835116e-15,-1.1828950105835116e-15,-1.1215571940833597e-15,-6.133781650015186e-17
modelo_10_fatorial_decomposicao.csv,mvp,atraso_relativo,BCD,pct_do_contraste,-0.0,1.1558244083316986e-13,1.1558244083316986e-13,9.878086780871081e-14,1.6801573024459045e-14
modelo_10_fatorial_decomposicao.csv,mvp,atraso_relativo,BCD,p_valor,,,,,
modelo_10_fatorial_decomposicao.csv,mvp,atraso_relativo,BCD,n_instancias,16.0,16.0,0.0,16.0,0.0
modelo_10_fatorial_decomposicao.csv,mvp,atraso_relativo,ABCD,parcela_media,1.3877787807814457e-17,0.005199044267655741,0.005199044267655727,-3.201379327626154e-15,0.005199044267658943
modelo_10_fatorial_decomposicao.csv,mvp,atraso_relativo,ABCD,pct_do_contraste,-1.222282671051343e-15,-0.5080063920118515,-0.5080063920118503,2.8196067916646475e-13,-0.5080063920121335
modelo_10_fatorial_decomposicao.csv,mvp,atraso_relativo,ABCD,p_valor,,0.899932861328125,,,
modelo_10_fatorial_decomposicao.csv,mvp,atraso_relativo,ABCD,n_instancias,16.0,16.0,0.0,16.0,0.0
modelo_10_fatorial_decomposicao.csv,mvp,atraso_relativo,SOMA_principais,parcela_media,-1.349475396190007,-1.1796764102594772,0.16979898593052978,-1.3494753961900066,0.16979898593052933
modelo_10_fatorial_decomposicao.csv,mvp,atraso_relativo,SOMA_principais,pct_do_contraste,118.85470614015344,115.26794658119495,-3.586759558958491,118.85470614015338,-3.586759558958434
modelo_10_fatorial_decomposicao.csv,mvp,atraso_relativo,SOMA_principais,p_valor,,,,,
modelo_10_fatorial_decomposicao.csv,mvp,atraso_relativo,SOMA_principais,n_instancias,16.0,16.0,0.0,16.0,0.0
modelo_10_fatorial_decomposicao.csv,mvp,atraso_relativo,SOMA_interacoes,parcela_media,0.2140761848212065,0.15625537670396322,-0.05782080811724327,0.2140761848212011,-0.05782080811723789
modelo_10_fatorial_decomposicao.csv,mvp,atraso_relativo,SOMA_interacoes,pct_do_contraste,-18.854706140153407,-15.26794658119445,3.586759558958958,-18.854706140152928,3.5867595589584784
modelo_10_fatorial_decomposicao.csv,mvp,atraso_relativo,SOMA_interacoes,p_valor,,,,,
modelo_10_fatorial_decomposicao.csv,mvp,atraso_relativo,SOMA_interacoes,n_instancias,16.0,16.0,0.0,16.0,0.0
modelo_07_ablacao_parametros.csv,mvp,atraso_relativo,centralizada,dif_absoluta,0.0,0.0,0.0,0.0,0.0
modelo_07_ablacao_parametros.csv,mvp,atraso_relativo,centralizada,dif_relativa_pct,0.0,0.0,0.0,0.0,0.0
modelo_07_ablacao_parametros.csv,mvp,atraso_relativo,centralizada,p_valor,,,,,
modelo_07_ablacao_parametros.csv,mvp,atraso_relativo,centralizada,d_cohen_pareado,,,,,
modelo_07_ablacao_parametros.csv,mvp,atraso_relativo,centralizada,prop_instancias_com_dif,0.0,0.0,0.0,0.0,0.0
modelo_07_ablacao_parametros.csv,mvp,atraso_relativo,centralizada,n_instancias,16.0,16.0,0.0,16.0,0.0
modelo_07_ablacao_parametros.csv,mvp,atraso_relativo,centralizada,media_referencia_centralizada,3.134532505799728,3.0608024318896927,-0.07373007391003528,3.1345325057997275,-0.07373007391003483
modelo_07_ablacao_parametros.csv,mvp,atraso_relativo,centralizada,media_braco,3.134532505799728,3.0608024318896927,-0.07373007391003528,3.1345325057997275,-0.07373007391003483
modelo_07_ablacao_parametros.csv,mvp,atraso_relativo,centralizada,efeito_total_adaptativa,-1.1353992113688005,-1.023421033555509,0.11197817781329156,-1.1353992113688003,0.11197817781329134
modelo_07_ablacao_parametros.csv,mvp,atraso_relativo,centralizada,fracao_do_efeito_total_pct,-0.0,-0.0,0.0,-0.0,0.0
modelo_07_ablacao_parametros.csv,mvp,atraso_relativo,adaptativa,dif_absoluta,-1.1353992113688005,-1.023421033555509,0.11197817781329156,-1.1353992113688003,0.11197817781329134
modelo_07_ablacao_parametros.csv,mvp,atraso_relativo,adaptativa,dif_relativa_pct,-36.222282246810536,-33.436363709488575,2.7859185373219617,-36.222282246810536,2.7859185373219617
modelo_07_ablacao_parametros.csv,mvp,atraso_relativo,adaptativa,p_valor,3.0517578125e-05,3.0517578125e-05,0.0,3.0517578125e-05,0.0
modelo_07_ablacao_parametros.csv,mvp,atraso_relativo,adaptativa,d_cohen_pareado,-5.54647837551483,-6.029314220163443,-0.48283584464861296,-5.546478375514831,-0.48283584464861207
modelo_07_ablacao_parametros.csv,mvp,atraso_relativo,adaptativa,prop_instancias_com_dif,1.0,1.0,0.0,1.0,0.0
modelo_07_ablacao_parametros.csv,mvp,atraso_relativo,adaptativa,n_instancias,16.0,16.0,0.0,16.0,0.0
modelo_07_ablacao_parametros.csv,mvp,atraso_relativo,adaptativa,media_referencia_centralizada,3.134532505799728,3.0608024318896927,-0.07373007391003528,3.1345325057997275,-0.07373007391003483
modelo_07_ablacao_parametros.csv,mvp,atraso_relativo,adaptativa,media_braco,1.9991332944309277,2.0373813983341833,0.038248103903255615,1.9991332944309277,0.038248103903255615
modelo_07_ablacao_parametros.csv,mvp,atraso_relativo,adaptativa,efeito_total_adaptativa,-1.1353992113688005,-1.023421033555509,0.11197817781329156,-1.1353992113688003,0.11197817781329134
modelo_07_ablacao_parametros.csv,mvp,atraso_relativo,adaptativa,fracao_do_efeito_total_pct,100.0,100.0,0.0,100.0,0.0
modelo_07_ablacao_parametros.csv,mvp,atraso_relativo,so_tau_inicial,dif_absoluta,-0.5967631177136437,-0.3224227272368635,0.27434039047678016,-0.5967631177136437,0.27434039047678016
modelo_07_ablacao_parametros.csv,mvp,atraso_relativo,so_tau_inicial,dif_relativa_pct,-19.0383451634166,-10.533928092765027,8.504417070651574,-19.038345163416604,8.504417070651577
modelo_07_ablacao_parametros.csv,mvp,atraso_relativo,so_tau_inicial,p_valor,3.0517578125e-05,3.0517578125e-05,0.0,3.0517578125e-05,0.0
modelo_07_ablacao_parametros.csv,mvp,atraso_relativo,so_tau_inicial,d_cohen_pareado,-2.855828554614112,-2.9251577319616113,-0.06932917734749955,-2.855828554614112,-0.06932917734749955
modelo_07_ablacao_parametros.csv,mvp,atraso_relativo,so_tau_inicial,prop_instancias_com_dif,1.0,1.0,0.0,1.0,0.0
modelo_07_ablacao_parametros.csv,mvp,atraso_relativo,so_tau_inicial,n_instancias,16.0,16.0,0.0,16.0,0.0
modelo_07_ablacao_parametros.csv,mvp,atraso_relativo,so_tau_inicial,media_referencia_centralizada,3.134532505799728,3.0608024318896927,-0.07373007391003528,3.1345325057997275,-0.07373007391003483
modelo_07_ablacao_parametros.csv,mvp,atraso_relativo,so_tau_inicial,media_braco,2.537769388086084,2.738379704652829,0.200610316566745,2.537769388086084,0.200610316566745
modelo_07_ablacao_parametros.csv,mvp,atraso_relativo,so_tau_inicial,efeito_total_adaptativa,-1.1353992113688005,-1.023421033555509,0.11197817781329156,-1.1353992113688003,0.11197817781329134
modelo_07_ablacao_parametros.csv,mvp,atraso_relativo,so_tau_inicial,fracao_do_efeito_total_pct,52.55976151279914,31.504406951332772,-21.05535456146637,52.55976151279914,-21.05535456146637
modelo_07_ablacao_parametros.csv,mvp,atraso_relativo,so_tau_min,dif_absoluta,0.0,0.0,0.0,0.0,0.0
modelo_07_ablacao_parametros.csv,mvp,atraso_relativo,so_tau_min,dif_relativa_pct,0.0,0.0,0.0,0.0,0.0
modelo_07_ablacao_parametros.csv,mvp,atraso_relativo,so_tau_min,p_valor,,,,,
modelo_07_ablacao_parametros.csv,mvp,atraso_relativo,so_tau_min,d_cohen_pareado,,,,,
modelo_07_ablacao_parametros.csv,mvp,atraso_relativo,so_tau_min,prop_instancias_com_dif,0.0,0.0,0.0,0.0,0.0
modelo_07_ablacao_parametros.csv,mvp,atraso_relativo,so_tau_min,n_instancias,16.0,16.0,0.0,16.0,0.0
modelo_07_ablacao_parametros.csv,mvp,atraso_relativo,so_tau_min,media_referencia_centralizada,3.134532505799728,3.0608024318896927,-0.07373007391003528,3.1345325057997275,-0.07373007391003483
modelo_07_ablacao_parametros.csv,mvp,atraso_relativo,so_tau_min,media_braco,3.134532505799728,3.0608024318896927,-0.07373007391003528,3.1345325057997275,-0.07373007391003483
modelo_07_ablacao_parametros.csv,mvp,atraso_relativo,so_tau_min,efeito_total_adaptativa,-1.1353992113688005,-1.023421033555509,0.11197817781329156,-1.1353992113688003,0.11197817781329134
modelo_07_ablacao_parametros.csv,mvp,atraso_relativo,so_tau_min,fracao_do_efeito_total_pct,-0.0,-0.0,0.0,-0.0,0.0
modelo_07_ablacao_parametros.csv,mvp,atraso_relativo,so_p_reporte,dif_absoluta,-0.3161998532438221,-0.2682503391456764,0.047949514098145685,-0.3161998532438221,0.047949514098145685
modelo_07_ablacao_parametros.csv,mvp,atraso_relativo,so_p_reporte,dif_relativa_pct,-10.087623996840591,-8.764052731755795,1.3235712650847962,-10.087623996840595,1.3235712650847997
modelo_07_ablacao_parametros.csv,mvp,atraso_relativo,so_p_reporte,p_valor,3.0517578125e-05,3.0517578125e-05,0.0,3.0517578125e-05,0.0
modelo_07_ablacao_parametros.csv,mvp,atraso_relativo,so_p_reporte,d_cohen_pareado,-1.930382561501532,-2.4437319747988537,-0.5133494132973218,-1.9303825615015329,-0.5133494132973209
modelo_07_ablacao_parametros.csv,mvp,atraso_relativo,so_p_reporte,prop_instancias_com_dif,1.0,1.0,0.0,1.0,0.0
modelo_07_ablacao_parametros.csv,mvp,atraso_relativo,so_p_reporte,n_instancias,16.0,16.0,0.0,16.0,0.0
modelo_07_ablacao_parametros.csv,mvp,atraso_relativo,so_p_reporte,media_referencia_centralizada,3.134532505799728,3.0608024318896927,-0.07373007391003528,3.1345325057997275,-0.07373007391003483
modelo_07_ablacao_parametros.csv,mvp,atraso_relativo,so_p_reporte,media_braco,2.818332652555906,2.7925520927440157,-0.025780559811890313,2.818332652555906,-0.025780559811890313
modelo_07_ablacao_parametros.csv,mvp,atraso_relativo,so_p_reporte,efeito_total_adaptativa,-1.1353992113688005,-1.023421033555509,0.11197817781329156,-1.1353992113688003,0.11197817781329134
modelo_07_ablacao_parametros.csv,mvp,atraso_relativo,so_p_reporte,fracao_do_efeito_total_pct,27.84922255341554,26.211141881043513,-1.638080672372027,27.84922255341554,-1.638080672372027
modelo_07_ablacao_parametros.csv,mvp,atraso_relativo,so_p_deteccao,dif_absoluta,-0.4365124252325411,-0.5890033438769378,-0.15249091864439668,-0.4365124252325411,-0.15249091864439668
modelo_07_ablacao_parametros.csv,mvp,atraso_relativo,so_p_deteccao,dif_relativa_pct,-13.925917961446428,-19.243429034826534,-5.317511073380105,-13.925917961446428,-5.317511073380105
modelo_07_ablacao_parametros.csv,mvp,atraso_relativo,so_p_deteccao,p_valor,3.0517578125e-05,3.0517578125e-05,0.0,3.0517578125e-05,0.0
modelo_07_ablacao_parametros.csv,mvp,atraso_relativo,so_p_deteccao,d_cohen_pareado,-2.895007702714042,-3.5266161810559113,-0.6316084783418692,-2.895007702714042,-0.6316084783418692
modelo_07_ablacao_parametros.csv,mvp,atraso_relativo,so_p_deteccao,prop_instancias_com_dif,1.0,1.0,0.0,1.0,0.0
modelo_07_ablacao_parametros.csv,mvp,atraso_relativo,so_p_deteccao,n_instancias,16.0,16.0,0.0,16.0,0.0
modelo_07_ablacao_parametros.csv,mvp,atraso_relativo,so_p_deteccao,media_referencia_centralizada,3.134532505799728,3.0608024318896927,-0.07373007391003528,3.1345325057997275,-0.07373007391003483
modelo_07_ablacao_parametros.csv,mvp,atraso_relativo,so_p_deteccao,media_braco,2.6980200805671872,2.4717990880127543,-0.22622099255443295,2.6980200805671872,-0.22622099255443295
modelo_07_ablacao_parametros.csv,mvp,atraso_relativo,so_p_deteccao,efeito_total_adaptativa,-1.1353992113688005,-1.023421033555509,0.11197817781329156,-1.1353992113688003,0.11197817781329134
modelo_07_ablacao_parametros.csv,mvp,atraso_relativo,so_p_deteccao,fracao_do_efeito_total_pct,38.445722073938725,57.55239774881869,19.106675674879966,38.445722073938725,19.106675674879966
modelo_07_ablacao_parametros.csv,mvp,atraso_relativo,so_par_tau,dif_absoluta,-0.5967631177136437,-0.3188417551280366,0.27792136258560707,-0.5967631177136437,0.27792136258560707
modelo_07_ablacao_parametros.csv,mvp,atraso_relativo,so_par_tau,dif_relativa_pct,-19.0383451634166,-10.416933540241228,8.621411623175373,-19.038345163416604,8.621411623175376
modelo_07_ablacao_parametros.csv,mvp,atraso_relativo,so_par_tau,p_valor,3.0517578125e-05,3.0517578125e-05,0.0,3.0517578125e-05,0.0
modelo_07_ablacao_parametros.csv,mvp,atraso_relativo,so_par_tau,d_cohen_pareado,-2.855828554614112,-2.758960192772091,0.09686836184202097,-2.855828554614112,0.09686836184202097
modelo_07_ablacao_parametros.csv,mvp,atraso_relativo,so_par_tau,prop_instancias_com_dif,1.0,1.0,0.0,1.0,0.0
modelo_07_ablacao_parametros.csv,mvp,atraso_relativo,so_par_tau,n_instancias,16.0,16.0,0.0,16.0,0.0
modelo_07_ablacao_parametros.csv,mvp,atraso_relativo,so_par_tau,media_referencia_centralizada,3.134532505799728,3.0608024318896927,-0.07373007391003528,3.1345325057997275,-0.07373007391003483
modelo_07_ablacao_parametros.csv,mvp,atraso_relativo,so_par_tau,media_braco,2.537769388086084,2.741960676761656,0.20419128867557168,2.537769388086084,0.20419128867557168
modelo_07_ablacao_parametros.csv,mvp,atraso_relativo,so_par_tau,efeito_total_adaptativa,-1.1353992113688005,-1.023421033555509,0.11197817781329156,-1.1353992113688003,0.11197817781329134
modelo_07_ablacao_parametros.csv,mvp,atraso_relativo,so_par_tau,fracao_do_efeito_total_pct,52.55976151279914,31.154504810237814,-21.405256702561328,52.55976151279914,-21.405256702561328
modelo_07_ablacao_parametros.csv,mvp,atraso_relativo,sem_par_tau,dif_absoluta,-0.4557530920985821,-0.5908065879324235,-0.13505349583384135,-0.45575309209858217,-0.1350534958338413
modelo_07_ablacao_parametros.csv,mvp,atraso_relativo,sem_par_tau,dif_relativa_pct,-14.539746876298665,-19.302343129924544,-4.76259625362588,-14.539746876298667,-4.762596253625878
modelo_07_ablacao_parametros.csv,mvp,atraso_relativo,sem_par_tau,p_valor,3.0517578125e-05,3.0517578125e-05,0.0,3.0517578125e-05,0.0
modelo_07_ablacao_parametros.csv,mvp,atraso_relativo,sem_par_tau,d_cohen_pareado,-2.944959227714318,-3.3239380084334558,-0.3789787807191378,-2.9449592277143184,-0.3789787807191374
modelo_07_ablacao_parametros.csv,mvp,atraso_relativo,sem_par_tau,prop_instancias_com_dif,1.0,1.0,0.0,1.0,0.0
modelo_07_ablacao_parametros.csv,mvp,atraso_relativo,sem_par_tau,n_instancias,16.0,16.0,0.0,16.0,0.0
modelo_07_ablacao_parametros.csv,mvp,atraso_relativo,sem_par_tau,media_referencia_centralizada,3.134532505799728,3.0608024318896927,-0.07373007391003528,3.1345325057997275,-0.07373007391003483
modelo_07_ablacao_parametros.csv,mvp,atraso_relativo,sem_par_tau,media_braco,2.678779413701146,2.469995843957269,-0.2087835697438769,2.678779413701146,-0.2087835697438769
modelo_07_ablacao_parametros.csv,mvp,atraso_relativo,sem_par_tau,efeito_total_adaptativa,-1.1353992113688005,-1.023421033555509,0.11197817781329156,-1.1353992113688003,0.11197817781329134
modelo_07_ablacao_parametros.csv,mvp,atraso_relativo,sem_par_tau,fracao_do_efeito_total_pct,40.14033896933407,57.728595422734095,17.588256453400028,40.14033896933407,17.588256453400028
modelo_10_fatorial_decomposicao.csv,mvp,E_total,A,parcela_media,0.1029490097953219,-0.04985682244448729,-0.1528058322398092,0.10294900979532196,-0.15280583223980926
modelo_10_fatorial_decomposicao.csv,mvp,E_total,A,pct_do_contraste,98.39240130627078,98.05731601826177,-0.3350852880090116,98.39240130627078,-0.3350852880090116
modelo_10_fatorial_decomposicao.csv,mvp,E_total,A,p_valor,3.0517578125e-05,3.0517578125e-05,0.0,3.0517578125e-05,0.0
modelo_10_fatorial_decomposicao.csv,mvp,E_total,A,n_instancias,16.0,16.0,0.0,16.0,0.0
modelo_10_fatorial_decomposicao.csv,mvp,E_total,B,parcela_media,0.0,0.0,0.0,0.0,0.0
modelo_10_fatorial_decomposicao.csv,mvp,E_total,B,pct_do_contraste,0.0,-0.0,-0.0,0.0,-0.0
modelo_10_fatorial_decomposicao.csv,mvp,E_total,B,p_valor,,,,,
modelo_10_fatorial_decomposicao.csv,mvp,E_total,B,n_instancias,16.0,16.0,0.0,16.0,0.0
modelo_10_fatorial_decomposicao.csv,mvp,E_total,C,parcela_media,0.0044849474580656,0.0028539485646687595,-0.0016309988933968403,0.004484947458066008,-0.0016309988933972488
modelo_10_fatorial_decomposicao.csv,mvp,E_total,C,pct_do_contraste,4.28643996682309,-5.613084079258896,-9.899524046081986,4.286439966823478,-9.899524046082373
modelo_10_fatorial_decomposicao.csv,mvp,E_total,C,p_valor,0.033538818359375,0.14385986328125,0.110321044921875,0.033538818359375,0.110321044921875
modelo_10_fatorial_decomposicao.csv,mvp,E_total,C,n_instancias,16.0,16.0,0.0,16.0,0.0
modelo_10_fatorial_decomposicao.csv,mvp,E_total,D,parcela_media,0.0018999282493706,0.005272041995233768,0.0033721137458631676,0.0018999282493703906,0.003372113745863377
modelo_10_fatorial_decomposicao.csv,mvp,E_total,D,pct_do_contraste,1.81583585055223,-10.368937742949678,-12.184773593501907,1.8158358505519745,-12.184773593501653
modelo_10_fatorial_decomposicao.csv,mvp,E_total,D,p_valor,0.743560791015625,0.1590576171875,-0.584503173828125,0.743560791015625,-0.584503173828125
modelo_10_fatorial_decomposicao.csv,mvp,E_total,D,n_instancias,16.0,16.0,0.0,16.0,0.0
modelo_10_fatorial_decomposicao.csv,mvp,E_total,AB,parcela_media,0.0,-9.540140275333852e-05,-9.540140275333852e-05,-8.017915242331827e-16,-9.540140275253673e-05
modelo_10_fatorial_decomposicao.csv,mvp,E_total,AB,pct_do_contraste,0.0,0.1876334078206774,0.1876334078206774,-7.663035669130122e-13,0.1876334078214437
modelo_10_fatorial_decomposicao.csv,mvp,E_total,AB,p_valor,,0.231201171875,,,
modelo_10_fatorial_decomposicao.csv,mvp,E_total,AB,n_instancias,16.0,16.0,0.0,16.0,0.0
modelo_10_fatorial_decomposicao.csv,mvp,E_total,AC,parcela_media,-0.0020731423959219,-0.0059419730623071505,-0.0038688306663852506,-0.0020731423959222976,-0.003868830666384853
modelo_10_fatorial_decomposicao.csv,mvp,E_total,AC,pct_do_contraste,-1.981383395431754,11.686543621816307,13.667927017248061,-1.9813833954321278,13.667927017248434
modelo_10_fatorial_decomposicao.csv,mvp,E_total,AC,p_valor,0.2978515625,0.083251953125,-0.214599609375,0.2978515625,-0.214599609375
modelo_10_fatorial_decomposicao.csv,mvp,E_total,AC,n_instancias,16.0,16.0,0.0,16.0,0.0
modelo_10_fatorial_decomposicao.csv,mvp,E_total,AD,parcela_media,-0.002693559924181,-0.004831917283647419,-0.002138357359466419,-0.0026935599241808897,-0.002138357359466529
modelo_10_fatorial_decomposicao.csv,mvp,E_total,AD,pct_do_contraste,-2.574340729740109,9.50331001507909,12.0776507448192,-2.57434072973995,12.07765074481904
modelo_10_fatorial_decomposicao.csv,mvp,E_total,AD,p_valor,0.820892333984375,0.40374755859375,-0.417144775390625,0.820892333984375,-0.417144775390625
modelo_10_fatorial_decomposicao.csv,mvp,E_total,AD,n_instancias,16.0,16.0,0.0,16.0,0.0
modelo_10_fatorial_decomposicao.csv,mvp,E_total,BC,parcela_media,0.0,-7.351992885423207e-17,-7.351992885423207e-17,3.1398206651645983e-17,-1.0491813550587805e-16
modelo_10_fatorial_decomposicao.csv,mvp,E_total,BC,pct_do_contraste,0.0,1.4459739999127603e-13,1.4459739999127603e-13,3.000849600504223e-14,1.145889039862338e-13
modelo_10_fatorial_decomposicao.csv,mvp,E_total,BC,p_valor,,,,,
modelo_10_fatorial_decomposicao.csv,mvp,E_total,BC,n_instancias,16.0,16.0,0.0,16.0,0.0
modelo_10_fatorial_decomposicao.csv,mvp,E_total,BD,parcela_media,0.0,2.3026602596799023e-16,2.3026602596799023e-16,2.2738022214047173e-16,2.8858038275185013e-18
modelo_10_fatorial_decomposicao.csv,mvp,E_total,BD,pct_do_contraste,0.0,-4.5288222091877624e-13,-4.5288222091877624e-13,2.1731618507486515e-13,-6.701984059936414e-13
modelo_10_fatorial_decomposicao.csv,mvp,E_total,BD,p_valor,,,,,
modelo_10_fatorial_decomposicao.csv,mvp,E_total,BD,n_instancias,16.0,16.0,0.0,16.0,0.0
modelo_10_fatorial_decomposicao.csv,mvp,E_total,CD,parcela_media,-0.0024271034235933,-0.004047331927648125,-0.0016202285040548253,-0.002427103423593711,-0.0016202285040544146
modelo_10_fatorial_decomposicao.csv,mvp,E_total,CD,pct_do_contraste,-2.3196778146852663,7.960204569837666,10.279882384522931,-2.3196778146855737,10.27988238452324
modelo_10_fatorial_decomposicao.csv,mvp,E_total,CD,p_valor,0.632171630859375,0.348388671875,-0.283782958984375,0.632171630859375,-0.283782958984375
modelo_10_fatorial_decomposicao.csv,mvp,E_total,CD,n_instancias,16.0,16.0,0.0,16.0,0.0
modelo_10_fatorial_decomposicao.csv,mvp,E_total,ABC,parcela_media,0.0,0.0005658799601831349,0.0005658799601831349,-1.3615938759081824e-16,0.000565879960183271
modelo_10_fatorial_decomposicao.csv,mvp,E_total,ABC,pct_do_contraste,0.0,-1.1129604207300314,-1.1129604207300314,-1.3013286025856095e-13,-1.1129604207299013
modelo_10_fatorial_decomposicao.csv,mvp,E_total,ABC,p_valor,,0.252227783203125,,,
modelo_10_fatorial_decomposicao.csv,mvp,E_total,ABC,n_instancias,16.0,16.0,0.0,16.0,0.0
modelo_10_fatorial_decomposicao.csv,mvp,E_total,ABD,parcela_media,0.0,0.0003581975927433135,0.0003581975927433135,6.34900277534575e-16,0.0003581975927426786
modelo_10_fatorial_decomposicao.csv,mvp,E_total,ABD,pct_do_contraste,0.0,-0.7044952491250354,-0.7044952491250354,6.067990650987615e-13,-0.7044952491256422
modelo_10_fatorial_decomposicao.csv,mvp,E_total,ABD,p_valor,,0.274444580078125,,,
modelo_10_fatorial_decomposicao.csv,mvp,E_total,ABD,n_instancias,16.0,16.0,0.0,16.0,0.0
modelo_10_fatorial_decomposicao.csv,mvp,E_total,ACD,parcela_media,0.0024909775467432,0.0053430297992005365,0.0028520522524573366,0.0024909775467434146,0.002852052252457122
modelo_10_fatorial_decomposicao.csv,mvp,E_total,ACD,pct_do_contraste,2.3807248162110177,-10.508555014683399,-12.889279830894417,2.380724816211152,-12.889279830894552
modelo_10_fatorial_decomposicao.csv,mvp,E_total,ACD,p_valor,0.781951904296875,0.274444580078125,-0.50750732421875,0.781951904296875,-0.50750732421875
modelo_10_fatorial_decomposicao.csv,mvp,E_total,ACD,n_instancias,16.0,16.0,0.0,16.0,0.0
modelo_10_fatorial_decomposicao.csv,mvp,E_total,BCD,parcela_media,0.0,-3.412011386110816e-16,-3.412011386110816e-16,-4.676618496379311e-16,1.2646071102684955e-16
modelo_10_fatorial_decomposicao.csv,mvp,E_total,BCD,pct_do_contraste,0.0,6.71066992121897e-13,6.71066992121897e-13,-4.469627486140143e-13,1.1180297407359113e-12
modelo_10_fatorial_decomposicao.csv,mvp,E_total,BCD,p_valor,,,,,
modelo_10_fatorial_decomposicao.csv,mvp,E_total,BCD,n_instancias,16.0,16.0,0.0,16.0,0.0
modelo_10_fatorial_decomposicao.csv,mvp,E_total,ABCD,parcela_media,0.0,-0.0004642235875454175,-0.0004642235875454175,-9.642377267001572e-16,-0.00046422358754445324
modelo_10_fatorial_decomposicao.csv,mvp,E_total,ABCD,pct_do_contraste,0.0,0.9130248739328846,0.9130248739328846,-9.21559765837002e-13,0.9130248739338062
modelo_10_fatorial_decomposicao.csv,mvp,E_total,ABCD,p_valor,,0.668548583984375,,,
modelo_10_fatorial_decomposicao.csv,mvp,E_total,ABCD,n_instancias,16.0,16.0,0.0,16.0,0.0
modelo_10_fatorial_decomposicao.csv,mvp,E_total,SOMA_principais,parcela_media,0.1093338855027582,-0.04173083188458476,-0.15106471738734295,0.10933388550275838,-0.15106471738734314
modelo_10_fatorial_decomposicao.csv,mvp,E_total,SOMA_principais,pct_do_contraste,104.49467712364611,82.07529419605322,-22.419382927592892,104.49467712364627,-22.41938292759305
modelo_10_fatorial_decomposicao.csv,mvp,E_total,SOMA_principais,p_valor,,,,,
modelo_10_fatorial_decomposicao.csv,mvp,E_total,SOMA_principais,n_instancias,16.0,16.0,0.0,16.0,0.0
modelo_10_fatorial_decomposicao.csv,mvp,E_total,SOMA_interacoes,parcela_media,-0.004702828196953,-0.009113739911774653,-0.004410911714821653,-0.004702828196954959,-0.004410911714819694
modelo_10_fatorial_decomposicao.csv,mvp,E_total,SOMA_interacoes,pct_do_contraste,-4.494677123646112,17.924705803948527,22.41938292759464,-4.494677123647911,22.419382927596438
modelo_10_fatorial_decomposicao.csv,mvp,E_total,SOMA_interacoes,p_valor,,,,,
modelo_10_fatorial_decomposicao.csv,mvp,E_total,SOMA_interacoes,n_instancias,16.0,16.0,0.0,16.0,0.0
modelo_07_ablacao_parametros.csv,mvp,E_total,centralizada,dif_absoluta,0.0,0.0,0.0,0.0,0.0
modelo_07_ablacao_parametros.csv,mvp,E_total,centralizada,dif_relativa_pct,0.0,0.0,0.0,0.0,0.0
modelo_07_ablacao_parametros.csv,mvp,E_total,centralizada,p_valor,,,,,
modelo_07_ablacao_parametros.csv,mvp,E_total,centralizada,d_cohen_pareado,,,,,
modelo_07_ablacao_parametros.csv,mvp,E_total,centralizada,prop_instancias_com_dif,0.0,0.0,0.0,0.0,0.0
modelo_07_ablacao_parametros.csv,mvp,E_total,centralizada,n_instancias,16.0,16.0,0.0,16.0,0.0
modelo_07_ablacao_parametros.csv,mvp,E_total,centralizada,media_referencia_centralizada,0.7839008771073722,0.7067130346128632,-0.07718784249450905,0.7839008771073722,-0.07718784249450905
modelo_07_ablacao_parametros.csv,mvp,E_total,centralizada,media_braco,0.7839008771073722,0.7067130346128632,-0.07718784249450905,0.7839008771073722,-0.07718784249450905
modelo_07_ablacao_parametros.csv,mvp,E_total,centralizada,efeito_total_adaptativa,0.1046310573058051,-0.05084457179635853,-0.15547562910216364,0.10463105730580514,-0.15547562910216367
modelo_07_ablacao_parametros.csv,mvp,E_total,centralizada,fracao_do_efeito_total_pct,0.0,-0.0,-0.0,0.0,-0.0
modelo_07_ablacao_parametros.csv,mvp,E_total,adaptativa,dif_absoluta,0.1046310573058051,-0.05084457179635853,-0.15547562910216364,0.10463105730580514,-0.15547562910216367
modelo_07_ablacao_parametros.csv,mvp,E_total,adaptativa,dif_relativa_pct,13.347485678533518,-7.194514506756077,-20.542000185289595,13.347485678533518,-20.542000185289595
modelo_07_ablacao_parametros.csv,mvp,E_total,adaptativa,p_valor,3.0517578125e-05,3.0517578125e-05,0.0,3.0517578125e-05,0.0
modelo_07_ablacao_parametros.csv,mvp,E_total,adaptativa,d_cohen_pareado,3.752444045375827,-3.034337403696734,-6.786781449072562,3.7524440453758268,-6.786781449072561
modelo_07_ablacao_parametros.csv,mvp,E_total,adaptativa,prop_instancias_com_dif,1.0,1.0,0.0,1.0,0.0
modelo_07_ablacao_parametros.csv,mvp,E_total,adaptativa,n_instancias,16.0,16.0,0.0,16.0,0.0
modelo_07_ablacao_parametros.csv,mvp,E_total,adaptativa,media_referencia_centralizada,0.7839008771073722,0.7067130346128632,-0.07718784249450905,0.7839008771073722,-0.07718784249450905
modelo_07_ablacao_parametros.csv,mvp,E_total,adaptativa,media_braco,0.8885319344131772,0.6558684628165047,-0.23266347159667256,0.8885319344131772,-0.23266347159667256
modelo_07_ablacao_parametros.csv,mvp,E_total,adaptativa,efeito_total_adaptativa,0.1046310573058051,-0.05084457179635853,-0.15547562910216364,0.10463105730580514,-0.15547562910216367
modelo_07_ablacao_parametros.csv,mvp,E_total,adaptativa,fracao_do_efeito_total_pct,100.0,100.0,0.0,100.0,0.0
modelo_07_ablacao_parametros.csv,mvp,E_total,so_tau_inicial,dif_absoluta,0.1029490097953219,-0.04985682244448729,-0.1528058322398092,0.10294900979532196,-0.15280583223980926
modelo_07_ablacao_parametros.csv,mvp,E_total,so_tau_inicial,dif_relativa_pct,13.13291167311972,-7.054747825869494,-20.187659498989213,13.13291167311972,-20.187659498989213
modelo_07_ablacao_parametros.csv,mvp,E_total,so_tau_inicial,p_valor,3.0517578125e-05,3.0517578125e-05,0.0,3.0517578125e-05,0.0
modelo_07_ablacao_parametros.csv,mvp,E_total,so_tau_inicial,d_cohen_pareado,3.279640666523442,-3.1179138927897028,-6.397554559313145,3.279640666523442,-6.397554559313145
modelo_07_ablacao_parametros.csv,mvp,E_total,so_tau_inicial,prop_instancias_com_dif,1.0,1.0,0.0,1.0,0.0
modelo_07_ablacao_parametros.csv,mvp,E_total,so_tau_inicial,n_instancias,16.0,16.0,0.0,16.0,0.0
modelo_07_ablacao_parametros.csv,mvp,E_total,so_tau_inicial,media_referencia_centralizada,0.7839008771073722,0.7067130346128632,-0.07718784249450905,0.7839008771073722,-0.07718784249450905
modelo_07_ablacao_parametros.csv,mvp,E_total,so_tau_inicial,media_braco,0.8868498869026942,0.6568562121683759,-0.2299936747343183,0.8868498869026942,-0.2299936747343183
modelo_07_ablacao_parametros.csv,mvp,E_total,so_tau_inicial,efeito_total_adaptativa,0.1046310573058051,-0.05084457179635853,-0.15547562910216364,0.10463105730580514,-0.15547562910216367
modelo_07_ablacao_parametros.csv,mvp,E_total,so_tau_inicial,fracao_do_efeito_total_pct,98.39240130627078,98.05731601826177,-0.3350852880090116,98.39240130627078,-0.3350852880090116
modelo_07_ablacao_parametros.csv,mvp,E_total,so_tau_min,dif_absoluta,0.0,0.0,0.0,0.0,0.0
modelo_07_ablacao_parametros.csv,mvp,E_total,so_tau_min,dif_relativa_pct,0.0,0.0,0.0,0.0,0.0
modelo_07_ablacao_parametros.csv,mvp,E_total,so_tau_min,p_valor,,,,,
modelo_07_ablacao_parametros.csv,mvp,E_total,so_tau_min,d_cohen_pareado,,,,,
modelo_07_ablacao_parametros.csv,mvp,E_total,so_tau_min,prop_instancias_com_dif,0.0,0.0,0.0,0.0,0.0
modelo_07_ablacao_parametros.csv,mvp,E_total,so_tau_min,n_instancias,16.0,16.0,0.0,16.0,0.0
modelo_07_ablacao_parametros.csv,mvp,E_total,so_tau_min,media_referencia_centralizada,0.7839008771073722,0.7067130346128632,-0.07718784249450905,0.7839008771073722,-0.07718784249450905
modelo_07_ablacao_parametros.csv,mvp,E_total,so_tau_min,media_braco,0.7839008771073722,0.7067130346128632,-0.07718784249450905,0.7839008771073722,-0.07718784249450905
modelo_07_ablacao_parametros.csv,mvp,E_total,so_tau_min,efeito_total_adaptativa,0.1046310573058051,-0.05084457179635853,-0.15547562910216364,0.10463105730580514,-0.15547562910216367
modelo_07_ablacao_parametros.csv,mvp,E_total,so_tau_min,fracao_do_efeito_total_pct,0.0,-0.0,-0.0,0.0,-0.0
modelo_07_ablacao_parametros.csv,mvp,E_total,so_p_reporte,dif_absoluta,0.0044849474580656,0.0028539485646685014,-0.0016309988933970983,0.004484947458065602,-0.001630998893397101
modelo_07_ablacao_parametros.csv,mvp,E_total,so_p_reporte,dif_relativa_pct,0.5721319606906489,0.4038341483586605,-0.16829781233198837,0.5721319606906489,-0.16829781233198837
modelo_07_ablacao_parametros.csv,mvp,E_total,so_p_reporte,p_valor,0.033538818359375,0.14385986328125,0.110321044921875,0.033538818359375,0.110321044921875
modelo_07_ablacao_parametros.csv,mvp,E_total,so_p_reporte,d_cohen_pareado,0.4817549144706958,0.40511801721926965,-0.07663689725142614,0.48175491447069585,-0.0766368972514262
modelo_07_ablacao_parametros.csv,mvp,E_total,so_p_reporte,prop_instancias_com_dif,1.0,1.0,0.0,1.0,0.0
modelo_07_ablacao_parametros.csv,mvp,E_total,so_p_reporte,n_instancias,16.0,16.0,0.0,16.0,0.0
modelo_07_ablacao_parametros.csv,mvp,E_total,so_p_reporte,media_referencia_centralizada,0.7839008771073722,0.7067130346128632,-0.07718784249450905,0.7839008771073722,-0.07718784249450905
modelo_07_ablacao_parametros.csv,mvp,E_total,so_p_reporte,media_braco,0.7883858245654378,0.7095669831775318,-0.07881884138790607,0.7883858245654378,-0.07881884138790607
modelo_07_ablacao_parametros.csv,mvp,E_total,so_p_reporte,efeito_total_adaptativa,0.1046310573058051,-0.05084457179635853,-0.15547562910216364,0.10463105730580514,-0.15547562910216367
modelo_07_ablacao_parametros.csv,mvp,E_total,so_p_reporte,fracao_do_efeito_total_pct,4.28643996682309,-5.613084079258388,-9.899524046081478,4.28643996682309,-9.899524046081478
modelo_07_ablacao_parametros.csv,mvp,E_total,so_p_deteccao,dif_absoluta,0.0018999282493706,0.005272041995234011,0.0033721137458634113,0.0018999282493706582,0.0033721137458633532
modelo_07_ablacao_parametros.csv,mvp,E_total,so_p_deteccao,dif_relativa_pct,0.2423684300981362,0.7459947301130553,0.503626300014919,0.24236843009813622,0.503626300014919
modelo_07_ablacao_parametros.csv,mvp,E_total,so_p_deteccao,p_valor,0.743560791015625,0.1590576171875,-0.584503173828125,0.743560791015625,-0.584503173828125
modelo_07_ablacao_parametros.csv,mvp,E_total,so_p_deteccao,d_cohen_pareado,0.1467890623865849,0.364820528518058,0.21803146613147312,0.14678906238658496,0.21803146613147306
modelo_07_ablacao_parametros.csv,mvp,E_total,so_p_deteccao,prop_instancias_com_dif,1.0,1.0,0.0,1.0,0.0
modelo_07_ablacao_parametros.csv,mvp,E_total,so_p_deteccao,n_instancias,16.0,16.0,0.0,16.0,0.0
modelo_07_ablacao_parametros.csv,mvp,E_total,so_p_deteccao,media_referencia_centralizada,0.7839008771073722,0.7067130346128632,-0.07718784249450905,0.7839008771073722,-0.07718784249450905
modelo_07_ablacao_parametros.csv,mvp,E_total,so_p_deteccao,media_braco,0.7858008053567429,0.7119850766080973,-0.07381572874864561,0.7858008053567429,-0.07381572874864561
modelo_07_ablacao_parametros.csv,mvp,E_total,so_p_deteccao,efeito_total_adaptativa,0.1046310573058051,-0.05084457179635853,-0.15547562910216364,0.10463105730580514,-0.15547562910216367
modelo_07_ablacao_parametros.csv,mvp,E_total,so_p_deteccao,fracao_do_efeito_total_pct,1.81583585055223,-10.368937742950159,-12.184773593502388,1.81583585055223,-12.184773593502388
modelo_07_ablacao_parametros.csv,mvp,E_total,so_par_tau,dif_absoluta,0.1029490097953219,-0.04995222384723994,-0.15290123364256183,0.10294900979532196,-0.1529012336425619
modelo_07_ablacao_parametros.csv,mvp,E_total,so_par_tau,dif_relativa_pct,13.13291167311972,-7.068247138614576,-20.201158811734295,13.13291167311972,-20.201158811734295
modelo_07_ablacao_parametros.csv,mvp,E_total,so_par_tau,p_valor,3.0517578125e-05,3.0517578125e-05,0.0,3.0517578125e-05,0.0
modelo_07_ablacao_parametros.csv,mvp,E_total,so_par_tau,d_cohen_pareado,3.279640666523442,-3.032179668538234,-6.311820335061675,3.279640666523442,-6.311820335061675
modelo_07_ablacao_parametros.csv,mvp,E_total,so_par_tau,prop_instancias_com_dif,1.0,1.0,0.0,1.0,0.0
modelo_07_ablacao_parametros.csv,mvp,E_total,so_par_tau,n_instancias,16.0,16.0,0.0,16.0,0.0
modelo_07_ablacao_parametros.csv,mvp,E_total,so_par_tau,media_referencia_centralizada,0.7839008771073722,0.7067130346128632,-0.07718784249450905,0.7839008771073722,-0.07718784249450905
modelo_07_ablacao_parametros.csv,mvp,E_total,so_par_tau,media_braco,0.8868498869026942,0.6567608107656233,-0.23008907613707086,0.8868498869026942,-0.23008907613707086
modelo_07_ablacao_parametros.csv,mvp,E_total,so_par_tau,efeito_total_adaptativa,0.1046310573058051,-0.05084457179635853,-0.15547562910216364,0.10463105730580514,-0.15547562910216367
modelo_07_ablacao_parametros.csv,mvp,E_total,so_par_tau,fracao_do_efeito_total_pct,98.39240130627078,98.2449494260811,-0.1474518801896778,98.39240130627078,-0.1474518801896778
modelo_07_ablacao_parametros.csv,mvp,E_total,sem_par_tau,dif_absoluta,0.0039577722838428,0.004078658632254609,0.00012088634841180869,0.003957772283842871,0.00012088634841173757
modelo_07_ablacao_parametros.csv,mvp,E_total,sem_par_tau,dif_relativa_pct,0.5048817266855499,0.577130805927316,0.07224907924176616,0.5048817266855499,0.07224907924176616
modelo_07_ablacao_parametros.csv,mvp,E_total,sem_par_tau,p_valor,0.07391357421875,0.274444580078125,0.200531005859375,0.07391357421875,0.200531005859375
modelo_07_ablacao_parametros.csv,mvp,E_total,sem_par_tau,d_cohen_pareado,0.4343213054149416,0.35424124277921054,-0.08008006263573109,0.4343213054149416,-0.08008006263573109
modelo_07_ablacao_parametros.csv,mvp,E_total,sem_par_tau,prop_instancias_com_dif,1.0,1.0,0.0,1.0,0.0
modelo_07_ablacao_parametros.csv,mvp,E_total,sem_par_tau,n_instancias,16.0,16.0,0.0,16.0,0.0
modelo_07_ablacao_parametros.csv,mvp,E_total,sem_par_tau,media_referencia_centralizada,0.7839008771073722,0.7067130346128632,-0.07718784249450905,0.7839008771073722,-0.07718784249450905
modelo_07_ablacao_parametros.csv,mvp,E_total,sem_par_tau,media_braco,0.7878586493912151,0.7107916932451179,-0.07706695614609715,0.7878586493912151,-0.07706695614609715
modelo_07_ablacao_parametros.csv,mvp,E_total,sem_par_tau,efeito_total_adaptativa,0.1046310573058051,-0.05084457179635853,-0.15547562910216364,0.10463105730580514,-0.15547562910216367
modelo_07_ablacao_parametros.csv,mvp,E_total,sem_par_tau,fracao_do_efeito_total_pct,3.7825980026900536,-8.021817252371315,-11.804415255061368,3.7825980026900536,-11.804415255061368
modelo_10_fatorial_decomposicao.csv,mvp,TL,A,parcela_media,10.385416666666668,103.66666666666667,93.28125,10.385416666666668,93.28125
modelo_10_fatorial_decomposicao.csv,mvp,TL,A,pct_do_contraste,99.00695134061569,100.784849865816,1.7778985252003139,99.00695134061569,1.7778985252003139
modelo_10_fatorial_decomposicao.csv,mvp,TL,A,p_valor,0.0004358423668112,3.0517578125e-05,-0.0004053247886862,3.0517578125e-05,0.0
modelo_10_fatorial_decomposicao.csv,mvp,TL,A,n_instancias,16.0,16.0,0.0,16.0,0.0
modelo_10_fatorial_decomposicao.csv,mvp,TL,B,parcela_media,0.0,0.0,0.0,0.0,0.0
modelo_10_fatorial_decomposicao.csv,mvp,TL,B,pct_do_contraste,0.0,0.0,0.0,0.0,0.0
modelo_10_fatorial_decomposicao.csv,mvp,TL,B,p_valor,,,,,
modelo_10_fatorial_decomposicao.csv,mvp,TL,B,n_instancias,16.0,16.0,0.0,16.0,0.0
modelo_10_fatorial_decomposicao.csv,mvp,TL,C,parcela_media,0.0,-3.0371643022055433e-15,-3.0371643022055433e-15,-5.300688514663224e-16,-2.507095450739221e-15
modelo_10_fatorial_decomposicao.csv,mvp,TL,C,pct_do_contraste,0.0,-2.9527345487035514e-15,-2.9527345487035514e-15,-5.053287958368118e-15,2.100553409664567e-15
modelo_10_fatorial_decomposicao.csv,mvp,TL,C,p_valor,,,,,
modelo_10_fatorial_decomposicao.csv,mvp,TL,C,n_instancias,16.0,16.0,0.0,16.0,0.0
modelo_10_fatorial_decomposicao.csv,mvp,TL,D,parcela_media,0.0,2.0769014562430162e-14,2.0769014562430162e-14,2.4681934736777324e-15,1.830082108875243e-14
modelo_10_fatorial_decomposicao.csv,mvp,TL,D,pct_do_contraste,0.0,2.0191659304200673e-14,2.0191659304200673e-14,2.352994771331304e-14,-3.338288409112366e-15
modelo_10_fatorial_decomposicao.csv,mvp,TL,D,p_valor,,,,,
modelo_10_fatorial_decomposicao.csv,mvp,TL,D,n_instancias,16.0,16.0,0.0,16.0,0.0
modelo_10_fatorial_decomposicao.csv,mvp,TL,AB,parcela_media,0.0,-0.09895833333337084,-0.09895833333337084,-3.653544480841653e-15,-0.09895833333336719
modelo_10_fatorial_decomposicao.csv,mvp,TL,AB,pct_do_contraste,0.0,-0.09620740290651274,-0.09620740290651274,-3.4830215507527176e-14,-0.0962074029064779
modelo_10_fatorial_decomposicao.csv,mvp,TL,AB,p_valor,,0.09344482421875,,,
modelo_10_fatorial_decomposicao.csv,mvp,TL,AB,n_instancias,16.0,16.0,0.0,16.0,0.0
modelo_10_fatorial_decomposicao.csv,mvp,TL,AC,parcela_media,0.0052083333333335,0.6822916666666685,0.677083333333335,0.005208333333334952,0.6770833333333336
modelo_10_fatorial_decomposicao.csv,mvp,TL,AC,pct_do_contraste,0.0496524329692179,0.6633247253025488,0.6136722923333309,0.04965243296923092,0.6136722923333179
modelo_10_fatorial_decomposicao.csv,mvp,TL,AC,p_valor,0.9686762703046428,0.668548583984375,-0.30012768632026776,0.781951904296875,-0.1134033203125
modelo_10_fatorial_decomposicao.csv,mvp,TL,AC,n_instancias,16.0,16.0,0.0,16.0,0.0
modelo_10_fatorial_decomposicao.csv,mvp,TL,AD,parcela_media,-0.0156249999999997,-0.7343750000000554,-0.7187500000000557,-0.015625000000006016,-0.7187500000000494
modelo_10_fatorial_decomposicao.csv,mvp,TL,AD,pct_do_contraste,-0.1489572989076443,-0.7139602005165357,-0.5650029016088914,-0.14895729890770382,-0.5650029016088319
modelo_10_fatorial_decomposicao.csv,mvp,TL,AD,p_valor,0.5995101785600032,0.781951904296875,0.18244172573687178,0.40374755859375,0.378204345703125
modelo_10_fatorial_decomposicao.csv,mvp,TL,AD,n_instancias,16.0,16.0,0.0,16.0,0.0
modelo_10_fatorial_decomposicao.csv,mvp,TL,BC,parcela_media,0.0,7.014932616270878e-14,7.014932616270878e-14,7.552986014403018e-15,6.259634014830576e-14
modelo_10_fatorial_decomposicao.csv,mvp,TL,BC,pct_do_contraste,0.0,6.819925375077262e-14,6.819925375077262e-14,7.200463330513304e-14,-3.805379554360418e-15
modelo_10_fatorial_decomposicao.csv,mvp,TL,BC,p_valor,,,,,
modelo_10_fatorial_decomposicao.csv,mvp,TL,BC,n_instancias,16.0,16.0,0.0,16.0,0.0
modelo_10_fatorial_decomposicao.csv,mvp,TL,BD,parcela_media,0.0,-2.0769014562430162e-14,-2.0769014562430162e-14,-2.4681934736777324e-15,-1.830082108875243e-14
modelo_10_fatorial_decomposicao.csv,mvp,TL,BD,pct_do_contraste,0.0,-2.0191659304200673e-14,-2.0191659304200673e-14,-2.352994771331304e-14,3.338288409112366e-15
modelo_10_fatorial_decomposicao.csv,mvp,TL,BD,p_valor,,,,,
modelo_10_fatorial_decomposicao.csv,mvp,TL,BD,n_instancias,16.0,16.0,0.0,16.0,0.0
modelo_10_fatorial_decomposicao.csv,mvp,TL,CD,parcela_media,0.0,-1.7731850260224616e-14,-1.7731850260224616e-14,-1.938124622211409e-15,-1.5793725638013206e-14
modelo_10_fatorial_decomposicao.csv,mvp,TL,CD,pct_do_contraste,0.0,-1.723892475549712e-14,-1.723892475549712e-14,-1.847665975494491e-14,1.2377349994477883e-15
modelo_10_fatorial_decomposicao.csv,mvp,TL,CD,p_valor,,,,,
modelo_10_fatorial_decomposicao.csv,mvp,TL,CD,n_instancias,16.0,16.0,0.0,16.0,0.0
modelo_10_fatorial_decomposicao.csv,mvp,TL,ABC,parcela_media,0.0,0.4843749999999014,0.4843749999999014,-1.1879675484068505e-14,0.4843749999999133
modelo_10_fatorial_decomposicao.csv,mvp,TL,ABC,pct_do_contraste,0.0,0.4709099194894985,0.4709099194894985,-1.1325211980839886e-13,0.47090991948961175
modelo_10_fatorial_decomposicao.csv,mvp,TL,ABC,p_valor,,0.07391357421875,,,
modelo_10_fatorial_decomposicao.csv,mvp,TL,ABC,n_instancias,16.0,16.0,0.0,16.0,0.0
modelo_10_fatorial_decomposicao.csv,mvp,TL,ABD,parcela_media,0.0,-0.02083333333326587,-0.02083333333326587,6.765132435730217e-15,-0.020833333333272634
modelo_10_fatorial_decomposicao.csv,mvp,TL,ABD,pct_do_contraste,0.0,-0.020254190085508363,-0.020254190085508363,6.449381468024835e-14,-0.020254190085572856
modelo_10_fatorial_decomposicao.csv,mvp,TL,ABD,p_valor,,0.820892333984375,,,
modelo_10_fatorial_decomposicao.csv,mvp,TL,ABD,n_instancias,16.0,16.0,0.0,16.0,0.0
modelo_10_fatorial_decomposicao.csv,mvp,TL,ACD,parcela_media,0.1145833333333332,-0.7031249999999527,-0.817708333333286,0.11458333333333676,-0.8177083333332895
modelo_10_fatorial_decomposicao.csv,mvp,TL,ACD,pct_do_contraste,1.0923535253227394,-0.6835789153880749,-1.7759324407108144,1.0923535253227734,-1.7759324407108483
modelo_10_fatorial_decomposicao.csv,mvp,TL,ACD,p_valor,0.3196692802025596,0.781951904296875,0.4622826240943154,0.322509765625,0.459442138671875
modelo_10_fatorial_decomposicao.csv,mvp,TL,ACD,n_instancias,16.0,16.0,0.0,16.0,0.0
modelo_10_fatorial_decomposicao.csv,mvp,TL,BCD,parcela_media,0.0,-5.238604688928561e-14,-5.238604688928561e-14,-5.605469792039722e-15,-4.678057709724589e-14
modelo_10_fatorial_decomposicao.csv,mvp,TL,BCD,pct_do_contraste,0.0,-5.092977367331428e-14,-5.092977367331428e-14,-5.3438440917161206e-14,2.508667243846928e-15
modelo_10_fatorial_decomposicao.csv,mvp,TL,BCD,p_valor,,,,,
modelo_10_fatorial_decomposicao.csv,mvp,TL,BCD,n_instancias,16.0,16.0,0.0,16.0,0.0
modelo_10_fatorial_decomposicao.csv,mvp,TL,ABCD,parcela_media,-5.551115123125783e-17,-0.41666666666666907,-0.416666666666669,1.0249324537229638e-15,-0.41666666666667007
modelo_10_fatorial_decomposicao.csv,mvp,TL,ABCD,pct_do_contraste,-5.292026333863705e-16,-0.4050838017114814,-0.40508380171148084,9.770954871638979e-15,-0.40508380171149116
modelo_10_fatorial_decomposicao.csv,mvp,TL,ABCD,p_valor,,0.49542236328125,,,
modelo_10_fatorial_decomposicao.csv,mvp,TL,ABCD,n_instancias,16.0,16.0,0.0,16.0,0.0
modelo_10_fatorial_decomposicao.csv,mvp,TL,SOMA_principais,parcela_media,10.385416666666668,103.66666666666669,93.28125000000001,10.385416666666668,93.28125000000001
modelo_10_fatorial_decomposicao.csv,mvp,TL,SOMA_principais,pct_do_contraste,99.00695134061569,100.784849865816,1.7778985252003139,99.00695134061569,1.7778985252003139
modelo_10_fatorial_decomposicao.csv,mvp,TL,SOMA_principais,p_valor,,,,,
modelo_10_fatorial_decomposicao.csv,mvp,TL,SOMA_principais,n_instancias,16.0,16.0,0.0,16.0,0.0
modelo_10_fatorial_decomposicao.csv,mvp,TL,SOMA_interacoes,parcela_media,0.1041666666666669,-0.8072916666667657,-0.9114583333334325,0.10416666666665547,-0.9114583333334212
modelo_10_fatorial_decomposicao.csv,mvp,TL,SOMA_interacoes,pct_do_contraste,0.9930486593843126,-0.7848498658160868,-1.7778985252003996,0.9930486593842031,-1.77789852520029
modelo_10_fatorial_decomposicao.csv,mvp,TL,SOMA_interacoes,p_valor,,,,,
modelo_10_fatorial_decomposicao.csv,mvp,TL,SOMA_interacoes,n_instancias,16.0,16.0,0.0,16.0,0.0
modelo_07_ablacao_parametros.csv,mvp,TL,centralizada,dif_absoluta,0.0,0.0,0.0,0.0,0.0
modelo_07_ablacao_parametros.csv,mvp,TL,centralizada,dif_relativa_pct,0.0,,,,
modelo_07_ablacao_parametros.csv,mvp,TL,centralizada,p_valor,,,,,
modelo_07_ablacao_parametros.csv,mvp,TL,centralizada,d_cohen_pareado,,,,,
modelo_07_ablacao_parametros.csv,mvp,TL,centralizada,prop_instancias_com_dif,0.0,0.0,0.0,0.0,0.0
modelo_07_ablacao_parametros.csv,mvp,TL,centralizada,n_instancias,16.0,16.0,0.0,16.0,0.0
modelo_07_ablacao_parametros.csv,mvp,TL,centralizada,media_referencia_centralizada,0.0,0.0,0.0,0.0,0.0
modelo_07_ablacao_parametros.csv,mvp,TL,centralizada,media_braco,0.0,0.0,0.0,0.0,0.0
modelo_07_ablacao_parametros.csv,mvp,TL,centralizada,efeito_total_adaptativa,10.489583333333334,102.859375,92.36979166666667,10.489583333333334,92.36979166666667
modelo_07_ablacao_parametros.csv,mvp,TL,centralizada,fracao_do_efeito_total_pct,0.0,0.0,0.0,0.0,0.0
modelo_07_ablacao_parametros.csv,mvp,TL,adaptativa,dif_absoluta,10.489583333333334,102.859375,92.36979166666667,10.489583333333334,92.36979166666667
modelo_07_ablacao_parametros.csv,mvp,TL,adaptativa,dif_relativa_pct,,,,,
modelo_07_ablacao_parametros.csv,mvp,TL,adaptativa,p_valor,0.0004368090232114,3.0517578125e-05,-0.0004062914450864,3.0517578125e-05,0.0
modelo_07_ablacao_parametros.csv,mvp,TL,adaptativa,d_cohen_pareado,6.443840540614198,3.983453388720767,-2.4603871518934306,6.443840540614198,-2.4603871518934306
modelo_07_ablacao_parametros.csv,mvp,TL,adaptativa,prop_instancias_com_dif,1.0,1.0,0.0,1.0,0.0
modelo_07_ablacao_parametros.csv,mvp,TL,adaptativa,n_instancias,16.0,16.0,0.0,16.0,0.0
modelo_07_ablacao_parametros.csv,mvp,TL,adaptativa,media_referencia_centralizada,0.0,0.0,0.0,0.0,0.0
modelo_07_ablacao_parametros.csv,mvp,TL,adaptativa,media_braco,10.489583333333334,102.859375,92.36979166666667,10.489583333333334,92.36979166666667
modelo_07_ablacao_parametros.csv,mvp,TL,adaptativa,efeito_total_adaptativa,10.489583333333334,102.859375,92.36979166666667,10.489583333333334,92.36979166666667
modelo_07_ablacao_parametros.csv,mvp,TL,adaptativa,fracao_do_efeito_total_pct,100.0,100.0,0.0,100.00000000000001,-1.4210854715202004e-14
modelo_07_ablacao_parametros.csv,mvp,TL,so_tau_inicial,dif_absoluta,10.385416666666668,103.66666666666667,93.28125,10.385416666666668,93.28125
modelo_07_ablacao_parametros.csv,mvp,TL,so_tau_inicial,dif_relativa_pct,,,,,
modelo_07_ablacao_parametros.csv,mvp,TL,so_tau_inicial,p_valor,0.0004358423668112,3.0517578125e-05,-0.0004053247886862,3.0517578125e-05,0.0
modelo_07_ablacao_parametros.csv,mvp,TL,so_tau_inicial,d_cohen_pareado,5.911889257336124,4.010322315676814,-1.9015669416593104,5.911889257336124,-1.9015669416593104
modelo_07_ablacao_parametros.csv,mvp,TL,so_tau_inicial,prop_instancias_com_dif,1.0,1.0,0.0,1.0,0.0
modelo_07_ablacao_parametros.csv,mvp,TL,so_tau_inicial,n_instancias,16.0,16.0,0.0,16.0,0.0
modelo_07_ablacao_parametros.csv,mvp,TL,so_tau_inicial,media_referencia_centralizada,0.0,0.0,0.0,0.0,0.0
modelo_07_ablacao_parametros.csv,mvp,TL,so_tau_inicial,media_braco,10.385416666666668,103.66666666666667,93.28125,10.385416666666668,93.28125
modelo_07_ablacao_parametros.csv,mvp,TL,so_tau_inicial,efeito_total_adaptativa,10.489583333333334,102.859375,92.36979166666667,10.489583333333334,92.36979166666667
modelo_07_ablacao_parametros.csv,mvp,TL,so_tau_inicial,fracao_do_efeito_total_pct,99.00695134061569,100.784849865816,1.7778985252003139,99.00695134061569,1.7778985252003139
modelo_07_ablacao_parametros.csv,mvp,TL,so_tau_min,dif_absoluta,0.0,0.0,0.0,0.0,0.0
modelo_07_ablacao_parametros.csv,mvp,TL,so_tau_min,dif_relativa_pct,0.0,,,,
modelo_07_ablacao_parametros.csv,mvp,TL,so_tau_min,p_valor,,,,,
modelo_07_ablacao_parametros.csv,mvp,TL,so_tau_min,d_cohen_pareado,,,,,
modelo_07_ablacao_parametros.csv,mvp,TL,so_tau_min,prop_instancias_com_dif,0.0,0.0,0.0,0.0,0.0
modelo_07_ablacao_parametros.csv,mvp,TL,so_tau_min,n_instancias,16.0,16.0,0.0,16.0,0.0
modelo_07_ablacao_parametros.csv,mvp,TL,so_tau_min,media_referencia_centralizada,0.0,0.0,0.0,0.0,0.0
modelo_07_ablacao_parametros.csv,mvp,TL,so_tau_min,media_braco,0.0,0.0,0.0,0.0,0.0
modelo_07_ablacao_parametros.csv,mvp,TL,so_tau_min,efeito_total_adaptativa,10.489583333333334,102.859375,92.36979166666667,10.489583333333334,92.36979166666667
modelo_07_ablacao_parametros.csv,mvp,TL,so_tau_min,fracao_do_efeito_total_pct,0.0,0.0,0.0,0.0,0.0
modelo_07_ablacao_parametros.csv,mvp,TL,so_p_reporte,dif_absoluta,0.0,0.0,0.0,0.0,0.0
modelo_07_ablacao_parametros.csv,mvp,TL,so_p_reporte,dif_relativa_pct,0.0,,,,
modelo_07_ablacao_parametros.csv,mvp,TL,so_p_reporte,p_valor,,,,,
modelo_07_ablacao_parametros.csv,mvp,TL,so_p_reporte,d_cohen_pareado,,,,,
modelo_07_ablacao_parametros.csv,mvp,TL,so_p_reporte,prop_instancias_com_dif,0.0,0.0,0.0,0.0,0.0
modelo_07_ablacao_parametros.csv,mvp,TL,so_p_reporte,n_instancias,16.0,16.0,0.0,16.0,0.0
modelo_07_ablacao_parametros.csv,mvp,TL,so_p_reporte,media_referencia_centralizada,0.0,0.0,0.0,0.0,0.0
modelo_07_ablacao_parametros.csv,mvp,TL,so_p_reporte,media_braco,0.0,0.0,0.0,0.0,0.0
modelo_07_ablacao_parametros.csv,mvp,TL,so_p_reporte,efeito_total_adaptativa,10.489583333333334,102.859375,92.36979166666667,10.489583333333334,92.36979166666667
modelo_07_ablacao_parametros.csv,mvp,TL,so_p_reporte,fracao_do_efeito_total_pct,0.0,0.0,0.0,0.0,0.0
modelo_07_ablacao_parametros.csv,mvp,TL,so_p_deteccao,dif_absoluta,0.0,0.0,0.0,0.0,0.0
modelo_07_ablacao_parametros.csv,mvp,TL,so_p_deteccao,dif_relativa_pct,0.0,,,,
modelo_07_ablacao_parametros.csv,mvp,TL,so_p_deteccao,p_valor,,,,,
modelo_07_ablacao_parametros.csv,mvp,TL,so_p_deteccao,d_cohen_pareado,,,,,
modelo_07_ablacao_parametros.csv,mvp,TL,so_p_deteccao,prop_instancias_com_dif,0.0,0.0,0.0,0.0,0.0
modelo_07_ablacao_parametros.csv,mvp,TL,so_p_deteccao,n_instancias,16.0,16.0,0.0,16.0,0.0
modelo_07_ablacao_parametros.csv,mvp,TL,so_p_deteccao,media_referencia_centralizada,0.0,0.0,0.0,0.0,0.0
modelo_07_ablacao_parametros.csv,mvp,TL,so_p_deteccao,media_braco,0.0,0.0,0.0,0.0,0.0
modelo_07_ablacao_parametros.csv,mvp,TL,so_p_deteccao,efeito_total_adaptativa,10.489583333333334,102.859375,92.36979166666667,10.489583333333334,92.36979166666667
modelo_07_ablacao_parametros.csv,mvp,TL,so_p_deteccao,fracao_do_efeito_total_pct,0.0,0.0,0.0,0.0,0.0
modelo_07_ablacao_parametros.csv,mvp,TL,so_par_tau,dif_absoluta,10.385416666666668,103.56770833333334,93.18229166666667,10.385416666666668,93.18229166666667
modelo_07_ablacao_parametros.csv,mvp,TL,so_par_tau,dif_relativa_pct,,,,,
modelo_07_ablacao_parametros.csv,mvp,TL,so_par_tau,p_valor,0.0004358423668112,3.0517578125e-05,-0.0004053247886862,3.0517578125e-05,0.0
modelo_07_ablacao_parametros.csv,mvp,TL,so_par_tau,d_cohen_pareado,5.911889257336124,4.002510624833471,-1.9093786325026532,5.911889257336124,-1.9093786325026532
modelo_07_ablacao_parametros.csv,mvp,TL,so_par_tau,prop_instancias_com_dif,1.0,1.0,0.0,1.0,0.0
modelo_07_ablacao_parametros.csv,mvp,TL,so_par_tau,n_instancias,16.0,16.0,0.0,16.0,0.0
modelo_07_ablacao_parametros.csv,mvp,TL,so_par_tau,media_referencia_centralizada,0.0,0.0,0.0,0.0,0.0
modelo_07_ablacao_parametros.csv,mvp,TL,so_par_tau,media_braco,10.385416666666668,103.56770833333334,93.18229166666667,10.385416666666668,93.18229166666667
modelo_07_ablacao_parametros.csv,mvp,TL,so_par_tau,efeito_total_adaptativa,10.489583333333334,102.859375,92.36979166666667,10.489583333333334,92.36979166666667
modelo_07_ablacao_parametros.csv,mvp,TL,so_par_tau,fracao_do_efeito_total_pct,99.00695134061569,100.68864246290953,1.6816911222938415,99.00695134061569,1.6816911222938415
modelo_07_ablacao_parametros.csv,mvp,TL,sem_par_tau,dif_absoluta,0.0,0.0,0.0,0.0,0.0
modelo_07_ablacao_parametros.csv,mvp,TL,sem_par_tau,dif_relativa_pct,0.0,,,,
modelo_07_ablacao_parametros.csv,mvp,TL,sem_par_tau,p_valor,,,,,
modelo_07_ablacao_parametros.csv,mvp,TL,sem_par_tau,d_cohen_pareado,,,,,
modelo_07_ablacao_parametros.csv,mvp,TL,sem_par_tau,prop_instancias_com_dif,0.0,0.0,0.0,0.0,0.0
modelo_07_ablacao_parametros.csv,mvp,TL,sem_par_tau,n_instancias,16.0,16.0,0.0,16.0,0.0
modelo_07_ablacao_parametros.csv,mvp,TL,sem_par_tau,media_referencia_centralizada,0.0,0.0,0.0,0.0,0.0
modelo_07_ablacao_parametros.csv,mvp,TL,sem_par_tau,media_braco,0.0,0.0,0.0,0.0,0.0
modelo_07_ablacao_parametros.csv,mvp,TL,sem_par_tau,efeito_total_adaptativa,10.489583333333334,102.859375,92.36979166666667,10.489583333333334,92.36979166666667
modelo_07_ablacao_parametros.csv,mvp,TL,sem_par_tau,fracao_do_efeito_total_pct,0.0,0.0,0.0,0.0,0.0
modelo_10_fatorial_decomposicao.csv,mvp,TU,A,parcela_media,-120.08854166666666,-91.125,28.963541666666657,-120.08854166666666,28.963541666666657
modelo_10_fatorial_decomposicao.csv,mvp,TU,A,pct_do_contraste,99.80521166998528,99.8516151124301,0.04640344244481298,99.80521166998528,0.04640344244481298
modelo_10_fatorial_decomposicao.csv,mvp,TU,A,p_valor,3.0517578125e-05,3.0517578125e-05,0.0,3.0517578125e-05,0.0
modelo_10_fatorial_decomposicao.csv,mvp,TU,A,n_instancias,16.0,16.0,0.0,16.0,0.0
modelo_10_fatorial_decomposicao.csv,mvp,TU,B,parcela_media,0.0,0.0,0.0,0.0,0.0
modelo_10_fatorial_decomposicao.csv,mvp,TU,B,pct_do_contraste,-0.0,-0.0,0.0,-0.0,0.0
modelo_10_fatorial_decomposicao.csv,mvp,TU,B,p_valor,,,,,
modelo_10_fatorial_decomposicao.csv,mvp,TU,B,n_instancias,16.0,16.0,0.0,16.0,0.0
modelo_10_fatorial_decomposicao.csv,mvp,TU,C,parcela_media,-3.276041666666667,-1.56249999999992,1.713541666666747,-3.276041666666594,1.713541666666674
modelo_10_fatorial_decomposicao.csv,mvp,TU,C,pct_do_contraste,2.7227079906501603,1.7121333181142833,-1.010574672535877,2.7227079906501,-1.0105746725358167
modelo_10_fatorial_decomposicao.csv,mvp,TU,C,p_valor,0.1270936481596567,0.375457763671875,0.2483641155122183,0.14385986328125,0.231597900390625
modelo_10_fatorial_decomposicao.csv,mvp,TU,C,n_instancias,16.0,16.0,0.0,16.0,0.0
modelo_10_fatorial_decomposicao.csv,mvp,TU,D,parcela_media,-0.0520833333333339,-4.973958333333419,-4.921875000000085,-0.05208333333341919,-4.921875
modelo_10_fatorial_decomposicao.csv,mvp,TU,D,pct_do_contraste,0.0432862955588265,5.450291062664174,5.407004767105348,0.04328629555889744,5.407004767105277
modelo_10_fatorial_decomposicao.csv,mvp,TU,D,p_valor,0.899932861328125,0.104583740234375,-0.79534912109375,0.899932861328125,-0.79534912109375
modelo_10_fatorial_decomposicao.csv,mvp,TU,D,n_instancias,16.0,16.0,0.0,16.0,0.0
modelo_10_fatorial_decomposicao.csv,mvp,TU,AB,parcela_media,0.0,-0.0052083333334695114,-0.0052083333334695114,-1.0734801358010711e-13,-0.005208333333362163
modelo_10_fatorial_decomposicao.csv,mvp,TU,AB,pct_do_contraste,-0.0,0.005707111060530455,0.005707111060530455,8.921659859484272e-14,0.005707111060441238
modelo_10_fatorial_decomposicao.csv,mvp,TU,AB,p_valor,,0.375457763671875,,,
modelo_10_fatorial_decomposicao.csv,mvp,TU,AB,n_instancias,16.0,16.0,0.0,16.0,0.0
modelo_10_fatorial_decomposicao.csv,mvp,TU,AC,parcela_media,2.921875,3.5729166666665644,0.6510416666665644,2.9218749999999094,0.651041666666655
modelo_10_fatorial_decomposicao.csv,mvp,TU,AC,pct_do_contraste,-2.428361180850143,-3.9150781874214156,-1.4867170065712725,-2.428361180850068,-1.4867170065713475
modelo_10_fatorial_decomposicao.csv,mvp,TU,AC,p_valor,0.17535400390625,0.033538818359375,-0.141815185546875,0.17535400390625,-0.141815185546875
modelo_10_fatorial_decomposicao.csv,mvp,TU,AC,n_instancias,16.0,16.0,0.0,16.0,0.0
modelo_10_fatorial_decomposicao.csv,mvp,TU,AD,parcela_media,0.0104166666666668,5.312500000000136,5.302083333333469,0.010416666666813346,5.302083333333322
modelo_10_fatorial_decomposicao.csv,mvp,TU,AD,pct_do_contraste,-0.0086572591117653,-5.8212532815890095,-5.812596022477244,-0.00865725911188712,-5.8125960224771225
modelo_10_fatorial_decomposicao.csv,mvp,TU,AD,p_valor,0.860260009765625,0.083251953125,-0.777008056640625,0.860260009765625,-0.777008056640625
modelo_10_fatorial_decomposicao.csv,mvp,TU,AD,n_instancias,16.0,16.0,0.0,16.0,0.0
modelo_10_fatorial_decomposicao.csv,mvp,TU,BC,parcela_media,0.0,-1.028164821799867e-13,-1.028164821799867e-13,-1.1846180864953187e-13,1.5645326469545167e-14
modelo_10_fatorial_decomposicao.csv,mvp,TU,BC,pct_do_contraste,-0.0,1.1266273586666733e-13,1.1266273586666733e-13,9.845323894342534e-14,1.4209496923241997e-14
modelo_10_fatorial_decomposicao.csv,mvp,TU,BC,p_valor,,,,,
modelo_10_fatorial_decomposicao.csv,mvp,TU,BC,n_instancias,16.0,16.0,0.0,16.0,0.0
modelo_10_fatorial_decomposicao.csv,mvp,TU,BD,parcela_media,0.0,8.851308639224309e-14,8.851308639224309e-14,8.885108119928277e-14,-3.379948070396777e-16
modelo_10_fatorial_decomposicao.csv,mvp,TU,BD,pct_do_contraste,-0.0,-9.698957075282888e-14,-9.698957075282888e-14,-7.384385590105745e-14,-2.3145714851771436e-14
modelo_10_fatorial_decomposicao.csv,mvp,TU,BD,p_valor,,,,,
modelo_10_fatorial_decomposicao.csv,mvp,TU,BD,n_instancias,16.0,16.0,0.0,16.0,0.0
modelo_10_fatorial_decomposicao.csv,mvp,TU,CD,parcela_media,0.484375,4.322916666666645,3.8385416666666448,0.4843749999999931,3.838541666666652
modelo_10_fatorial_decomposicao.csv,mvp,TU,CD,pct_do_contraste,-0.4025625486970825,-4.7369021801164015,-4.3343396314193186,-0.4025625486970768,-4.334339631419325
modelo_10_fatorial_decomposicao.csv,mvp,TU,CD,p_valor,0.705718994140625,0.252227783203125,-0.4534912109375,0.668548583984375,-0.41632080078125
modelo_10_fatorial_decomposicao.csv,mvp,TU,CD,n_instancias,16.0,16.0,0.0,16.0,0.0
modelo_10_fatorial_decomposicao.csv,mvp,TU,ABC,parcela_media,0.0,-0.28645833333318044,-0.28645833333318044,1.845822395392845e-13,-0.286458333333365
modelo_10_fatorial_decomposicao.csv,mvp,TU,ABC,pct_do_contraste,-0.0,0.3138911083208004,0.3138911083208004,-1.5340572241166405e-13,0.31389110832095385
modelo_10_fatorial_decomposicao.csv,mvp,TU,ABC,p_valor,,0.93988037109375,,,
modelo_10_fatorial_decomposicao.csv,mvp,TU,ABC,n_instancias,16.0,16.0,0.0,16.0,0.0
modelo_10_fatorial_decomposicao.csv,mvp,TU,ABD,parcela_media,0.0,-0.3749999999999787,-0.3749999999999787,-1.0390270819652752e-14,-0.3749999999999683
modelo_10_fatorial_decomposicao.csv,mvp,TU,ABD,pct_do_contraste,-0.0,0.4109119963474256,0.4109119963474256,8.635321605806114e-15,0.41091199634741693
modelo_10_fatorial_decomposicao.csv,mvp,TU,ABD,p_valor,,0.17535400390625,,,
modelo_10_fatorial_decomposicao.csv,mvp,TU,ABD,n_instancias,16.0,16.0,0.0,16.0,0.0
modelo_10_fatorial_decomposicao.csv,mvp,TU,ACD,parcela_media,-0.3229166666666661,-6.250000000000035,-5.927083333333369,-0.3229166666667219,-5.927083333333313
modelo_10_fatorial_decomposicao.csv,mvp,TU,ACD,pct_do_contraste,0.2683750324647212,6.84853327245752,6.580158239992799,0.2683750324647676,6.580158239992753
modelo_10_fatorial_decomposicao.csv,mvp,TU,ACD,p_valor,0.781951904296875,0.0506591796875,-0.731292724609375,0.820892333984375,-0.770233154296875
modelo_10_fatorial_decomposicao.csv,mvp,TU,ACD,n_instancias,16.0,16.0,0.0,16.0,0.0
modelo_10_fatorial_decomposicao.csv,mvp,TU,BCD,parcela_media,2.6645352591003757e-15,-1.9166381444909066e-14,-2.183091670400944e-14,-2.5465740627339418e-15,-1.6619807382175126e-14
modelo_10_fatorial_decomposicao.csv,mvp,TU,BCD,pct_do_contraste,-2.2144869264447762e-15,2.1001856166091432e-14,2.3216343092536208e-14,2.1164497448052846e-15,1.8885406421286145e-14
modelo_10_fatorial_decomposicao.csv,mvp,TU,BCD,p_valor,,,,,
modelo_10_fatorial_decomposicao.csv,mvp,TU,BCD,n_instancias,16.0,16.0,0.0,16.0,0.0
modelo_10_fatorial_decomposicao.csv,mvp,TU,ABCD,parcela_media,-2.6645352591003757e-15,0.10937499999985092,0.10937499999985359,-1.3573025805143263e-13,0.10937499999998665
modelo_10_fatorial_decomposicao.csv,mvp,TU,ABCD,pct_do_contraste,2.2144869264447762e-15,-0.1198493322678426,-0.11984933226784482,1.1280499327276889e-13,-0.1198493322679554
modelo_10_fatorial_decomposicao.csv,mvp,TU,ABCD,p_valor,,0.820892333984375,,,
modelo_10_fatorial_decomposicao.csv,mvp,TU,ABCD,n_instancias,16.0,16.0,0.0,16.0,0.0
modelo_10_fatorial_decomposicao.csv,mvp,TU,SOMA_principais,parcela_media,-123.41666666666666,-97.66145833333334,25.755208333333314,-123.41666666666667,25.75520833333333
modelo_10_fatorial_decomposicao.csv,mvp,TU,SOMA_principais,pct_do_contraste,102.57120595619428,107.01403949320856,4.44283353701428,102.57120595619429,4.442833537014266
modelo_10_fatorial_decomposicao.csv,mvp,TU,SOMA_principais,p_valor,,,,,
modelo_10_fatorial_decomposicao.csv,mvp,TU,SOMA_principais,n_instancias,16.0,16.0,0.0,16.0,0.0
modelo_10_fatorial_decomposicao.csv,mvp,TU,SOMA_interacoes,parcela_media,3.093750000000001,6.401041666666501,3.3072916666665,3.093749999999895,3.3072916666666057
modelo_10_fatorial_decomposicao.csv,mvp,TU,SOMA_interacoes,pct_do_contraste,-2.57120595619427,-7.014039493208357,-4.442833537014087,-2.571205956194182,-4.442833537014176
modelo_10_fatorial_decomposicao.csv,mvp,TU,SOMA_interacoes,p_valor,,,,,
modelo_10_fatorial_decomposicao.csv,mvp,TU,SOMA_interacoes,n_instancias,16.0,16.0,0.0,16.0,0.0
modelo_07_ablacao_parametros.csv,mvp,TU,centralizada,dif_absoluta,0.0,0.0,0.0,0.0,0.0
modelo_07_ablacao_parametros.csv,mvp,TU,centralizada,dif_relativa_pct,0.0,0.0,0.0,0.0,0.0
modelo_07_ablacao_parametros.csv,mvp,TU,centralizada,p_valor,,,,,
modelo_07_ablacao_parametros.csv,mvp,TU,centralizada,d_cohen_pareado,,,,,
modelo_07_ablacao_parametros.csv,mvp,TU,centralizada,prop_instancias_com_dif,0.0,0.0,0.0,0.0,0.0
modelo_07_ablacao_parametros.csv,mvp,TU,centralizada,n_instancias,16.0,16.0,0.0,16.0,0.0
modelo_07_ablacao_parametros.csv,mvp,TU,centralizada,media_referencia_centralizada,126.265625,140.78125,14.515625,126.265625,14.515625
modelo_07_ablacao_parametros.csv,mvp,TU,centralizada,media_braco,126.265625,140.78125,14.515625,126.265625,14.515625
modelo_07_ablacao_parametros.csv,mvp,TU,centralizada,efeito_total_adaptativa,-120.32291666666666,-91.26041666666666,29.0625,-120.32291666666666,29.0625
modelo_07_ablacao_parametros.csv,mvp,TU,centralizada,fracao_do_efeito_total_pct,-0.0,-0.0,0.0,-0.0,0.0
modelo_07_ablacao_parametros.csv,mvp,TU,adaptativa,dif_absoluta,-120.32291666666666,-91.26041666666666,29.0625,-120.32291666666666,29.0625
modelo_07_ablacao_parametros.csv,mvp,TU,adaptativa,dif_relativa_pct,-95.29348677968898,-64.82426933037365,30.469217449315323,-95.29348677968898,30.469217449315323
modelo_07_ablacao_parametros.csv,mvp,TU,adaptativa,p_valor,3.0517578125e-05,3.0517578125e-05,0.0,3.0517578125e-05,0.0
modelo_07_ablacao_parametros.csv,mvp,TU,adaptativa,d_cohen_pareado,-4.4932606136434945,-4.727933315676768,-0.23467270203327306,-4.4932606136434945,-0.23467270203327306
modelo_07_ablacao_parametros.csv,mvp,TU,adaptativa,prop_instancias_com_dif,1.0,1.0,0.0,1.0,0.0
modelo_07_ablacao_parametros.csv,mvp,TU,adaptativa,n_instancias,16.0,16.0,0.0,16.0,0.0
modelo_07_ablacao_parametros.csv,mvp,TU,adaptativa,media_referencia_centralizada,126.265625,140.78125,14.515625,126.265625,14.515625
modelo_07_ablacao_parametros.csv,mvp,TU,adaptativa,media_braco,5.942708333333333,49.520833333333336,43.578125,5.942708333333333,43.578125
modelo_07_ablacao_parametros.csv,mvp,TU,adaptativa,efeito_total_adaptativa,-120.32291666666666,-91.26041666666666,29.0625,-120.32291666666666,29.0625
modelo_07_ablacao_parametros.csv,mvp,TU,adaptativa,fracao_do_efeito_total_pct,100.0,100.0,0.0,100.0,0.0
modelo_07_ablacao_parametros.csv,mvp,TU,so_tau_inicial,dif_absoluta,-120.08854166666666,-91.125,28.963541666666657,-120.08854166666666,28.963541666666657
modelo_07_ablacao_parametros.csv,mvp,TU,so_tau_inicial,dif_relativa_pct,-95.10786618817802,-64.72807991120976,30.37978627696826,-95.10786618817802,30.37978627696826
modelo_07_ablacao_parametros.csv,mvp,TU,so_tau_inicial,p_valor,3.0517578125e-05,3.0517578125e-05,0.0,3.0517578125e-05,0.0
modelo_07_ablacao_parametros.csv,mvp,TU,so_tau_inicial,d_cohen_pareado,-4.480756109212074,-4.76210193188116,-0.2813458226690866,-4.480756109212074,-0.2813458226690866
modelo_07_ablacao_parametros.csv,mvp,TU,so_tau_inicial,prop_instancias_com_dif,1.0,1.0,0.0,1.0,0.0
modelo_07_ablacao_parametros.csv,mvp,TU,so_tau_inicial,n_instancias,16.0,16.0,0.0,16.0,0.0
modelo_07_ablacao_parametros.csv,mvp,TU,so_tau_inicial,media_referencia_centralizada,126.265625,140.78125,14.515625,126.265625,14.515625
modelo_07_ablacao_parametros.csv,mvp,TU,so_tau_inicial,media_braco,6.177083333333334,49.65625,43.479166666666664,6.177083333333334,43.479166666666664
modelo_07_ablacao_parametros.csv,mvp,TU,so_tau_inicial,efeito_total_adaptativa,-120.32291666666666,-91.26041666666666,29.0625,-120.32291666666666,29.0625
modelo_07_ablacao_parametros.csv,mvp,TU,so_tau_inicial,fracao_do_efeito_total_pct,99.80521166998528,99.8516151124301,0.04640344244481298,99.80521166998528,0.04640344244481298
modelo_07_ablacao_parametros.csv,mvp,TU,so_tau_min,dif_absoluta,0.0,0.0,0.0,0.0,0.0
modelo_07_ablacao_parametros.csv,mvp,TU,so_tau_min,dif_relativa_pct,0.0,0.0,0.0,0.0,0.0
modelo_07_ablacao_parametros.csv,mvp,TU,so_tau_min,p_valor,,,,,
modelo_07_ablacao_parametros.csv,mvp,TU,so_tau_min,d_cohen_pareado,,,,,
modelo_07_ablacao_parametros.csv,mvp,TU,so_tau_min,prop_instancias_com_dif,0.0,0.0,0.0,0.0,0.0
modelo_07_ablacao_parametros.csv,mvp,TU,so_tau_min,n_instancias,16.0,16.0,0.0,16.0,0.0
modelo_07_ablacao_parametros.csv,mvp,TU,so_tau_min,media_referencia_centralizada,126.265625,140.78125,14.515625,126.265625,14.515625
modelo_07_ablacao_parametros.csv,mvp,TU,so_tau_min,media_braco,126.265625,140.78125,14.515625,126.265625,14.515625
modelo_07_ablacao_parametros.csv,mvp,TU,so_tau_min,efeito_total_adaptativa,-120.32291666666666,-91.26041666666666,29.0625,-120.32291666666666,29.0625
modelo_07_ablacao_parametros.csv,mvp,TU,so_tau_min,fracao_do_efeito_total_pct,-0.0,-0.0,0.0,-0.0,0.0
modelo_07_ablacao_parametros.csv,mvp,TU,so_p_reporte,dif_absoluta,-3.276041666666667,-1.5625000000000009,1.713541666666666,-3.276041666666667,1.713541666666666
modelo_07_ablacao_parametros.csv,mvp,TU,so_p_reporte,dif_relativa_pct,-2.594563379119746,-1.1098779134295234,1.4846854656902229,-2.594563379119746,1.4846854656902229
modelo_07_ablacao_parametros.csv,mvp,TU,so_p_reporte,p_valor,0.1270936481596567,0.375457763671875,0.2483641155122183,0.129730224609375,0.2457275390625
modelo_07_ablacao_parametros.csv,mvp,TU,so_p_reporte,d_cohen_pareado,-0.3738035009426415,-0.2333864170120363,0.14041708393060517,-0.3738035009426415,0.14041708393060517
modelo_07_ablacao_parametros.csv,mvp,TU,so_p_reporte,prop_instancias_com_dif,1.0,1.0,0.0,1.0,0.0
modelo_07_ablacao_parametros.csv,mvp,TU,so_p_reporte,n_instancias,16.0,16.0,0.0,16.0,0.0
modelo_07_ablacao_parametros.csv,mvp,TU,so_p_reporte,media_referencia_centralizada,126.265625,140.78125,14.515625,126.265625,14.515625
modelo_07_ablacao_parametros.csv,mvp,TU,so_p_reporte,media_braco,122.98958333333331,139.21875,16.229166666666686,122.98958333333333,16.22916666666667
modelo_07_ablacao_parametros.csv,mvp,TU,so_p_reporte,efeito_total_adaptativa,-120.32291666666666,-91.26041666666666,29.0625,-120.32291666666666,29.0625
modelo_07_ablacao_parametros.csv,mvp,TU,so_p_reporte,fracao_do_efeito_total_pct,2.7227079906501603,1.7121333181143716,-1.0105746725357887,2.7227079906501603,-1.0105746725357887
modelo_07_ablacao_parametros.csv,mvp,TU,so_p_deteccao,dif_absoluta,-0.0520833333333339,-4.973958333333334,-4.921875,-0.052083333333333925,-4.921875
modelo_07_ablacao_parametros.csv,mvp,TU,so_p_deteccao,dif_relativa_pct,-0.0412490203357674,-3.5331113577506477,-3.4918623374148803,-0.041249020335767494,-3.4918623374148803
modelo_07_ablacao_parametros.csv,mvp,TU,so_p_deteccao,p_valor,0.899932861328125,0.104583740234375,-0.79534912109375,0.899932861328125,-0.79534912109375
modelo_07_ablacao_parametros.csv,mvp,TU,so_p_deteccao,d_cohen_pareado,-0.0054984190579099,-0.4820311151910394,-0.47653269613312954,-0.005498419057909921,-0.4765326961331295
modelo_07_ablacao_parametros.csv,mvp,TU,so_p_deteccao,prop_instancias_com_dif,1.0,1.0,0.0,1.0,0.0
modelo_07_ablacao_parametros.csv,mvp,TU,so_p_deteccao,n_instancias,16.0,16.0,0.0,16.0,0.0
modelo_07_ablacao_parametros.csv,mvp,TU,so_p_deteccao,media_referencia_centralizada,126.265625,140.78125,14.515625,126.265625,14.515625
modelo_07_ablacao_parametros.csv,mvp,TU,so_p_deteccao,media_braco,126.21354166666666,135.80729166666669,9.593750000000028,126.21354166666666,9.593750000000028
modelo_07_ablacao_parametros.csv,mvp,TU,so_p_deteccao,efeito_total_adaptativa,-120.32291666666666,-91.26041666666666,29.0625,-120.32291666666666,29.0625
modelo_07_ablacao_parametros.csv,mvp,TU,so_p_deteccao,fracao_do_efeito_total_pct,0.0432862955588265,5.45029106266408,5.407004767105254,0.04328629555882657,5.407004767105254
modelo_07_ablacao_parametros.csv,mvp,TU,so_par_tau,dif_absoluta,-120.08854166666666,-91.13020833333334,28.958333333333314,-120.08854166666666,28.958333333333314
modelo_07_ablacao_parametros.csv,mvp,TU,so_par_tau,dif_relativa_pct,-95.10786618817802,-64.73177950425453,30.37608668392349,-95.10786618817802,30.37608668392349
modelo_07_ablacao_parametros.csv,mvp,TU,so_par_tau,p_valor,3.0517578125e-05,3.0517578125e-05,0.0,3.0517578125e-05,0.0
modelo_07_ablacao_parametros.csv,mvp,TU,so_par_tau,d_cohen_pareado,-4.480756109212074,-4.72685837951915,-0.24610227030707676,-4.480756109212074,-0.24610227030707676
modelo_07_ablacao_parametros.csv,mvp,TU,so_par_tau,prop_instancias_com_dif,1.0,1.0,0.0,1.0,0.0
modelo_07_ablacao_parametros.csv,mvp,TU,so_par_tau,n_instancias,16.0,16.0,0.0,16.0,0.0
modelo_07_ablacao_parametros.csv,mvp,TU,so_par_tau,media_referencia_centralizada,126.265625,140.78125,14.515625,126.265625,14.515625
modelo_07_ablacao_parametros.csv,mvp,TU,so_par_tau,media_braco,6.177083333333334,49.65104166666667,43.473958333333336,6.177083333333334,43.473958333333336
modelo_07_ablacao_parametros.csv,mvp,TU,so_par_tau,efeito_total_adaptativa,-120.32291666666666,-91.26041666666666,29.0625,-120.32291666666666,29.0625
modelo_07_ablacao_parametros.csv,mvp,TU,so_par_tau,fracao_do_efeito_total_pct,99.80521166998528,99.85732222349048,0.05211055350520155,99.80521166998528,0.05211055350520155
modelo_07_ablacao_parametros.csv,mvp,TU,sem_par_tau,dif_absoluta,-2.8437499999999982,-2.213541666666666,0.6302083333333321,-2.8437499999999982,0.6302083333333321
modelo_07_ablacao_parametros.csv,mvp,TU,sem_par_tau,dif_relativa_pct,-2.2521965103328783,-1.5723270440251567,0.6798694663077216,-2.2521965103328783,0.6798694663077216
modelo_07_ablacao_parametros.csv,mvp,TU,sem_par_tau,p_valor,0.2774499442058431,0.433197021484375,0.15574707727853188,0.2978515625,0.135345458984375
modelo_07_ablacao_parametros.csv,mvp,TU,sem_par_tau,d_cohen_pareado,-0.2861438619749355,-0.273513915195611,0.012629946779324497,-0.2861438619749355,0.012629946779324497
modelo_07_ablacao_parametros.csv,mvp,TU,sem_par_tau,prop_instancias_com_dif,1.0,1.0,0.0,1.0,0.0
modelo_07_ablacao_parametros.csv,mvp,TU,sem_par_tau,n_instancias,16.0,16.0,0.0,16.0,0.0
modelo_07_ablacao_parametros.csv,mvp,TU,sem_par_tau,media_referencia_centralizada,126.265625,140.78125,14.515625,126.265625,14.515625
modelo_07_ablacao_parametros.csv,mvp,TU,sem_par_tau,media_braco,123.421875,138.56770833333334,15.145833333333343,123.421875,15.145833333333343
modelo_07_ablacao_parametros.csv,mvp,TU,sem_par_tau,efeito_total_adaptativa,-120.32291666666666,-91.26041666666666,29.0625,-120.32291666666666,29.0625
modelo_07_ablacao_parametros.csv,mvp,TU,sem_par_tau,fracao_do_efeito_total_pct,2.3634317375119025,2.4255222006620243,0.06209046315012179,2.3634317375119025,0.06209046315012179
modelo_10_fatorial_decomposicao.csv,mvp,TR,A,parcela_media,-14.925628250186318,-22.79131026699318,-7.865682016806861,-14.925628250186318,-7.865682016806861
modelo_10_fatorial_decomposicao.csv,mvp,TR,A,pct_do_contraste,91.2524520713784,123.6108032103044,32.358351138926,91.25245207137839,32.35835113892601
modelo_10_fatorial_decomposicao.csv,mvp,TR,A,p_valor,3.0517578125e-05,3.0517578125e-05,0.0,3.0517578125e-05,0.0
modelo_10_fatorial_decomposicao.csv,mvp,TR,A,n_instancias,16.0,16.0,0.0,16.0,0.0
modelo_10_fatorial_decomposicao.csv,mvp,TR,B,parcela_media,0.0,0.0,0.0,0.0,0.0
modelo_10_fatorial_decomposicao.csv,mvp,TR,B,pct_do_contraste,-0.0,-0.0,0.0,-0.0,0.0
modelo_10_fatorial_decomposicao.csv,mvp,TR,B,p_valor,,,,,
modelo_10_fatorial_decomposicao.csv,mvp,TR,B,n_instancias,16.0,16.0,0.0,16.0,0.0
modelo_10_fatorial_decomposicao.csv,mvp,TR,C,parcela_media,-1.6575759961244496,-1.4622085184639724,0.19536747766047724,-1.6575759961244207,0.19536747766044837
modelo_10_fatorial_decomposicao.csv,mvp,TR,C,pct_do_contraste,10.13410434760932,7.930424679885077,-2.203679667724243,10.134104347609144,-2.2036796677240673
modelo_10_fatorial_decomposicao.csv,mvp,TR,C,p_valor,0.231201171875,0.348388671875,0.1171875,0.231201171875,0.1171875
modelo_10_fatorial_decomposicao.csv,mvp,TR,C,n_instancias,16.0,16.0,0.0,16.0,0.0
modelo_10_fatorial_decomposicao.csv,mvp,TR,D,parcela_media,-0.6666267539751964,-0.6927250127995519,-0.026098258824355458,-0.6666267539752186,-0.026098258824333254
modelo_10_fatorial_decomposicao.csv,mvp,TR,D,pct_do_contraste,4.075629172652134,3.757058906789996,-0.31857026586213744,4.0756291726522695,-0.3185702658622733
modelo_10_fatorial_decomposicao.csv,mvp,TR,D,p_valor,0.4637451171875,0.860260009765625,0.396514892578125,0.4637451171875,0.396514892578125
modelo_10_fatorial_decomposicao.csv,mvp,TR,D,n_instancias,16.0,16.0,0.0,16.0,0.0
modelo_10_fatorial_decomposicao.csv,mvp,TR,AB,parcela_media,0.0,0.32374095723972374,0.32374095723972374,-7.174756104420399e-14,0.32374095723979546
modelo_10_fatorial_decomposicao.csv,mvp,TR,AB,pct_do_contraste,-0.0,-1.7558393654282236,-1.7558393654282236,4.386509408970971e-13,-1.7558393654286624
modelo_10_fatorial_decomposicao.csv,mvp,TR,AB,p_valor,,0.2978515625,,,
modelo_10_fatorial_decomposicao.csv,mvp,TR,AB,n_instancias,16.0,16.0,0.0,16.0,0.0
modelo_10_fatorial_decomposicao.csv,mvp,TR,AC,parcela_media,0.0097950242023023,3.9094265366544296,3.8996315124521272,0.009795024202277847,3.8996315124521517
modelo_10_fatorial_decomposicao.csv,mvp,TR,AC,pct_do_contraste,-0.0598849148307999,-21.203140522700917,-21.143255607870117,-0.05988491483064996,-21.143255607870266
modelo_10_fatorial_decomposicao.csv,mvp,TR,AC,p_valor,0.860260009765625,0.231201171875,-0.629058837890625,0.860260009765625,-0.629058837890625
modelo_10_fatorial_decomposicao.csv,mvp,TR,AC,n_instancias,16.0,16.0,0.0,16.0,0.0
modelo_10_fatorial_decomposicao.csv,mvp,TR,AD,parcela_media,1.0234581591183094,2.6546749213907694,1.63121676227246,1.0234581591183263,1.6312167622724432
modelo_10_fatorial_decomposicao.csv,mvp,TR,AD,pct_do_contraste,-6.257228509683595,-14.397877763552405,-8.140649253868808,-6.257228509683698,-8.140649253868705
modelo_10_fatorial_decomposicao.csv,mvp,TR,AD,p_valor,0.705718994140625,0.668548583984375,-0.03717041015625,0.705718994140625,-0.03717041015625
modelo_10_fatorial_decomposicao.csv,mvp,TR,AD,n_instancias,16.0,16.0,0.0,16.0,0.0
modelo_10_fatorial_decomposicao.csv,mvp,TR,BC,parcela_media,0.0,-1.4503992764481445e-14,-1.4503992764481445e-14,-1.296710829319559e-14,-1.5368844712858557e-15
modelo_10_fatorial_decomposicao.csv,mvp,TR,BC,pct_do_contraste,-0.0,7.866376151135265e-14,7.866376151135265e-14,7.927843359052125e-14,-6.146720791685925e-16
modelo_10_fatorial_decomposicao.csv,mvp,TR,BC,p_valor,,,,,
modelo_10_fatorial_decomposicao.csv,mvp,TR,BC,n_instancias,16.0,16.0,0.0,16.0,0.0
modelo_10_fatorial_decomposicao.csv,mvp,TR,BD,parcela_media,0.0,3.1258435885871796e-14,3.1258435885871796e-14,2.3067569509638453e-14,8.190866376233343e-15
modelo_10_fatorial_decomposicao.csv,mvp,TR,BD,pct_do_contraste,-0.0,-1.695330510482393e-13,-1.695330510482393e-13,-1.4103073222764986e-13,-2.850231882058945e-14
modelo_10_fatorial_decomposicao.csv,mvp,TR,BD,p_valor,,,,,
modelo_10_fatorial_decomposicao.csv,mvp,TR,BD,n_instancias,16.0,16.0,0.0,16.0,0.0
modelo_10_fatorial_decomposicao.csv,mvp,TR,CD,parcela_media,1.396911076262401,0.30338387834486924,-1.0935271979175318,1.3969110762623806,-1.0935271979175114
modelo_10_fatorial_decomposicao.csv,mvp,TR,CD,pct_do_contraste,-8.540448609459446,-1.6454308437710579,6.895017765688388,-8.540448609459322,6.895017765688264
modelo_10_fatorial_decomposicao.csv,mvp,TR,CD,p_valor,0.433197021484375,0.860260009765625,0.42706298828125,0.433197021484375,0.42706298828125
modelo_10_fatorial_decomposicao.csv,mvp,TR,CD,n_instancias,16.0,16.0,0.0,16.0,0.0
modelo_10_fatorial_decomposicao.csv,mvp,TR,ABC,parcela_media,0.0,-1.164085335742659,-1.164085335742659,2.2113911785435513e-14,-1.1640853357426812
modelo_10_fatorial_decomposicao.csv,mvp,TR,ABC,pct_do_contraste,-0.0,6.313525710931871,6.313525710931871,-1.352002503000806e-13,6.313525710932006
modelo_10_fatorial_decomposicao.csv,mvp,TR,ABC,p_valor,,0.02899169921875,,,
modelo_10_fatorial_decomposicao.csv,mvp,TR,ABC,n_instancias,16.0,16.0,0.0,16.0,0.0
modelo_10_fatorial_decomposicao.csv,mvp,TR,ABD,parcela_media,0.0,-0.10102918844697761,-0.10102918844697761,3.990185751488739e-14,-0.10102918844701751
modelo_10_fatorial_decomposicao.csv,mvp,TR,ABD,pct_do_contraste,-0.0,0.5479412541586917,0.5479412541586917,-2.439523669893613e-13,0.5479412541589356
modelo_10_fatorial_decomposicao.csv,mvp,TR,ABD,p_valor,,0.93988037109375,,,
modelo_10_fatorial_decomposicao.csv,mvp,TR,ABD,n_instancias,16.0,16.0,0.0,16.0,0.0
modelo_10_fatorial_decomposicao.csv,mvp,TR,ACD,parcela_media,-1.536746606427022,-0.20471706303538406,1.332029543391638,-1.5367466064270165,1.3320295433916325
modelo_10_fatorial_decomposicao.csv,mvp,TR,ACD,pct_do_contraste,9.395376442333989,1.1103021413080354,-8.285074301025954,9.395376442333959,-8.285074301025922
modelo_10_fatorial_decomposicao.csv,mvp,TR,ACD,p_valor,0.705718994140625,1.0,0.294281005859375,0.705718994140625,0.294281005859375
modelo_10_fatorial_decomposicao.csv,mvp,TR,ACD,n_instancias,16.0,16.0,0.0,16.0,0.0
modelo_10_fatorial_decomposicao.csv,mvp,TR,BCD,parcela_media,0.0,-4.135441199994957e-14,-4.135441199994957e-14,-2.7546172787134178e-14,-1.3808239212815394e-14
modelo_10_fatorial_decomposicao.csv,mvp,TR,BCD,pct_do_contraste,-0.0,2.242895219151442e-13,2.242895219151442e-13,1.6841206077717309e-13,5.587746113797112e-14
modelo_10_fatorial_decomposicao.csv,mvp,TR,BCD,p_valor,,,,,
modelo_10_fatorial_decomposicao.csv,mvp,TR,BCD,n_instancias,16.0,16.0,0.0,16.0,0.0
modelo_10_fatorial_decomposicao.csv,mvp,TR,ABCD,parcela_media,-4.440892098500626e-16,0.786889241192662,0.7868892411926625,-6.663676458214607e-14,0.7868892411927286
modelo_10_fatorial_decomposicao.csv,mvp,TR,ABCD,pct_do_contraste,2.7150769574308055e-15,-4.267767407924648,-4.267767407924651,4.074045034685963e-13,-4.267767407925056
modelo_10_fatorial_decomposicao.csv,mvp,TR,ABCD,p_valor,,0.375457763671875,,,
modelo_10_fatorial_decomposicao.csv,mvp,TR,ABCD,n_instancias,16.0,16.0,0.0,16.0,0.0
modelo_10_fatorial_decomposicao.csv,mvp,TR,SOMA_principais,parcela_media,-17.249831000285965,-24.946243798256702,-7.696412797970737,-17.24983100028596,-7.696412797970744
modelo_10_fatorial_decomposicao.csv,mvp,TR,SOMA_principais,pct_do_contraste,105.46218559163988,135.29828679697945,29.836101205339574,105.46218559163982,29.83610120533963
modelo_10_fatorial_decomposicao.csv,mvp,TR,SOMA_principais,p_valor,,,,,
modelo_10_fatorial_decomposicao.csv,mvp,TR,SOMA_principais,n_instancias,16.0,16.0,0.0,16.0,0.0
modelo_10_fatorial_decomposicao.csv,mvp,TR,SOMA_interacoes,parcela_media,0.8934176531559905,6.508283947597409,5.614866294441418,0.8934176531558733,5.614866294441535
modelo_10_fatorial_decomposicao.csv,mvp,TR,SOMA_interacoes,pct_do_contraste,-5.462185591639849,-35.29828679697852,-29.836101205338675,-5.462185591639132,-29.83610120533939
modelo_10_fatorial_decomposicao.csv,mvp,TR,SOMA_interacoes,p_valor,,,,,
modelo_10_fatorial_decomposicao.csv,mvp,TR,SOMA_interacoes,n_instancias,16.0,16.0,0.0,16.0,0.0
modelo_07_ablacao_parametros.csv,mvp,TR,centralizada,dif_absoluta,0.0,0.0,0.0,0.0,0.0
modelo_07_ablacao_parametros.csv,mvp,TR,centralizada,dif_relativa_pct,0.0,0.0,0.0,0.0,0.0
modelo_07_ablacao_parametros.csv,mvp,TR,centralizada,p_valor,,,,,
modelo_07_ablacao_parametros.csv,mvp,TR,centralizada,d_cohen_pareado,,,,,
modelo_07_ablacao_parametros.csv,mvp,TR,centralizada,prop_instancias_com_dif,0.0,0.0,0.0,0.0,0.0
modelo_07_ablacao_parametros.csv,mvp,TR,centralizada,n_instancias,16.0,16.0,0.0,16.0,0.0
modelo_07_ablacao_parametros.csv,mvp,TR,centralizada,media_referencia_centralizada,68.86531966000788,98.57459165903293,29.70927199902505,68.86531966000788,29.70927199902505
modelo_07_ablacao_parametros.csv,mvp,TR,centralizada,media_braco,68.86531966000788,98.57459165903293,29.70927199902505,68.86531966000788,29.70927199902505
modelo_07_ablacao_parametros.csv,mvp,TR,centralizada,efeito_total_adaptativa,-16.356413347129973,-18.43795985065912,-2.0815465035291467,-16.356413347129973,-2.0815465035291467
modelo_07_ablacao_parametros.csv,mvp,TR,centralizada,fracao_do_efeito_total_pct,-0.0,-0.0,0.0,-0.0,0.0
modelo_07_ablacao_parametros.csv,mvp,TR,adaptativa,dif_absoluta,-16.356413347129973,-18.43795985065912,-2.0815465035291467,-16.356413347129973,-2.0815465035291467
modelo_07_ablacao_parametros.csv,mvp,TR,adaptativa,dif_relativa_pct,-23.751306794018447,-18.70457644342628,5.046730350592167,-23.751306794018447,5.046730350592167
modelo_07_ablacao_parametros.csv,mvp,TR,adaptativa,p_valor,3.0517578125e-05,3.0517578125e-05,0.0,3.0517578125e-05,0.0
modelo_07_ablacao_parametros.csv,mvp,TR,adaptativa,d_cohen_pareado,-3.142964173418213,-2.4368805211190248,0.7060836522991885,-3.142964173418213,0.7060836522991885
modelo_07_ablacao_parametros.csv,mvp,TR,adaptativa,prop_instancias_com_dif,1.0,1.0,0.0,1.0,0.0
modelo_07_ablacao_parametros.csv,mvp,TR,adaptativa,n_instancias,16.0,16.0,0.0,16.0,0.0
modelo_07_ablacao_parametros.csv,mvp,TR,adaptativa,media_referencia_centralizada,68.86531966000788,98.57459165903293,29.70927199902505,68.86531966000788,29.70927199902505
modelo_07_ablacao_parametros.csv,mvp,TR,adaptativa,media_braco,52.50890631287791,80.13663180837382,27.62772549549591,52.50890631287791,27.62772549549591
modelo_07_ablacao_parametros.csv,mvp,TR,adaptativa,efeito_total_adaptativa,-16.356413347129973,-18.43795985065912,-2.0815465035291467,-16.356413347129973,-2.0815465035291467
modelo_07_ablacao_parametros.csv,mvp,TR,adaptativa,fracao_do_efeito_total_pct,100.0,100.0,0.0,100.0,0.0
modelo_07_ablacao_parametros.csv,mvp,TR,so_tau_inicial,dif_absoluta,-14.925628250186318,-22.79131026699318,-7.865682016806861,-14.925628250186318,-7.865682016806861
modelo_07_ablacao_parametros.csv,mvp,TR,so_tau_inicial,dif_relativa_pct,-21.67364984853772,-23.12087717880461,-1.4472273302668874,-21.67364984853772,-1.4472273302668874
modelo_07_ablacao_parametros.csv,mvp,TR,so_tau_inicial,p_valor,3.0517578125e-05,3.0517578125e-05,0.0,3.0517578125e-05,0.0
modelo_07_ablacao_parametros.csv,mvp,TR,so_tau_inicial,d_cohen_pareado,-2.338208549696021,-2.170513822561703,0.1676947271343181,-2.338208549696021,0.1676947271343181
modelo_07_ablacao_parametros.csv,mvp,TR,so_tau_inicial,prop_instancias_com_dif,1.0,1.0,0.0,1.0,0.0
modelo_07_ablacao_parametros.csv,mvp,TR,so_tau_inicial,n_instancias,16.0,16.0,0.0,16.0,0.0
modelo_07_ablacao_parametros.csv,mvp,TR,so_tau_inicial,media_referencia_centralizada,68.86531966000788,98.57459165903293,29.70927199902505,68.86531966000788,29.70927199902505
modelo_07_ablacao_parametros.csv,mvp,TR,so_tau_inicial,media_braco,53.93969140982156,75.78328139203975,21.84358998221819,53.93969140982156,21.84358998221819
modelo_07_ablacao_parametros.csv,mvp,TR,so_tau_inicial,efeito_total_adaptativa,-16.356413347129973,-18.43795985065912,-2.0815465035291467,-16.356413347129973,-2.0815465035291467
modelo_07_ablacao_parametros.csv,mvp,TR,so_tau_inicial,fracao_do_efeito_total_pct,91.2524520713784,123.6108032103044,32.358351138926,91.25245207137839,32.35835113892601
modelo_07_ablacao_parametros.csv,mvp,TR,so_tau_min,dif_absoluta,0.0,0.0,0.0,0.0,0.0
modelo_07_ablacao_parametros.csv,mvp,TR,so_tau_min,dif_relativa_pct,0.0,0.0,0.0,0.0,0.0
modelo_07_ablacao_parametros.csv,mvp,TR,so_tau_min,p_valor,,,,,
modelo_07_ablacao_parametros.csv,mvp,TR,so_tau_min,d_cohen_pareado,,,,,
modelo_07_ablacao_parametros.csv,mvp,TR,so_tau_min,prop_instancias_com_dif,0.0,0.0,0.0,0.0,0.0
modelo_07_ablacao_parametros.csv,mvp,TR,so_tau_min,n_instancias,16.0,16.0,0.0,16.0,0.0
modelo_07_ablacao_parametros.csv,mvp,TR,so_tau_min,media_referencia_centralizada,68.86531966000788,98.57459165903293,29.70927199902505,68.86531966000788,29.70927199902505
modelo_07_ablacao_parametros.csv,mvp,TR,so_tau_min,media_braco,68.86531966000788,98.57459165903293,29.70927199902505,68.86531966000788,29.70927199902505
modelo_07_ablacao_parametros.csv,mvp,TR,so_tau_min,efeito_total_adaptativa,-16.356413347129973,-18.43795985065912,-2.0815465035291467,-16.356413347129973,-2.0815465035291467
modelo_07_ablacao_parametros.csv,mvp,TR,so_tau_min,fracao_do_efeito_total_pct,-0.0,-0.0,0.0,-0.0,0.0
modelo_07_ablacao_parametros.csv,mvp,TR,so_p_reporte,dif_absoluta,-1.6575759961244496,-1.4622085184640135,0.19536747766043616,-1.6575759961244496,0.19536747766043616
modelo_07_ablacao_parametros.csv,mvp,TR,so_p_reporte,dif_relativa_pct,-2.406982214426651,-1.4833523465374894,0.9236298678891615,-2.406982214426651,0.9236298678891615
modelo_07_ablacao_parametros.csv,mvp,TR,so_p_reporte,p_valor,0.231201171875,0.348388671875,0.1171875,0.231201171875,0.1171875
modelo_07_ablacao_parametros.csv,mvp,TR,so_p_reporte,d_cohen_pareado,-0.338049801367616,-0.2494816801035562,0.08856812126405977,-0.338049801367616,0.08856812126405977
modelo_07_ablacao_parametros.csv,mvp,TR,so_p_reporte,prop_instancias_com_dif,1.0,1.0,0.0,1.0,0.0
modelo_07_ablacao_parametros.csv,mvp,TR,so_p_reporte,n_instancias,16.0,16.0,0.0,16.0,0.0
modelo_07_ablacao_parametros.csv,mvp,TR,so_p_reporte,media_referencia_centralizada,68.86531966000788,98.57459165903293,29.70927199902505,68.86531966000788,29.70927199902505
modelo_07_ablacao_parametros.csv,mvp,TR,so_p_reporte,media_braco,67.20774366388343,97.11238314056892,29.90463947668549,67.20774366388343,29.90463947668549
modelo_07_ablacao_parametros.csv,mvp,TR,so_p_reporte,efeito_total_adaptativa,-16.356413347129973,-18.43795985065912,-2.0815465035291467,-16.356413347129973,-2.0815465035291467
modelo_07_ablacao_parametros.csv,mvp,TR,so_p_reporte,fracao_do_efeito_total_pct,10.13410434760932,7.930424679885299,-2.203679667724021,10.13410434760932,-2.203679667724021
modelo_07_ablacao_parametros.csv,mvp,TR,so_p_deteccao,dif_absoluta,-0.6666267539751964,-0.6927250127995213,-0.026098258824324816,-0.6666267539751969,-0.026098258824324372
modelo_07_ablacao_parametros.csv,mvp,TR,so_p_deteccao,dif_relativa_pct,-0.968015188583124,-0.7027419552450593,0.26527323333806463,-0.9680151885831246,0.2652732333380653
modelo_07_ablacao_parametros.csv,mvp,TR,so_p_deteccao,p_valor,0.4637451171875,0.860260009765625,0.396514892578125,0.4637451171875,0.396514892578125
modelo_07_ablacao_parametros.csv,mvp,TR,so_p_deteccao,d_cohen_pareado,-0.0906558851852066,-0.083472820674729,0.0071830645104776075,-0.0906558851852067,0.007183064510477705
modelo_07_ablacao_parametros.csv,mvp,TR,so_p_deteccao,prop_instancias_com_dif,1.0,1.0,0.0,1.0,0.0
modelo_07_ablacao_parametros.csv,mvp,TR,so_p_deteccao,n_instancias,16.0,16.0,0.0,16.0,0.0
modelo_07_ablacao_parametros.csv,mvp,TR,so_p_deteccao,media_referencia_centralizada,68.86531966000788,98.57459165903293,29.70927199902505,68.86531966000788,29.70927199902505
modelo_07_ablacao_parametros.csv,mvp,TR,so_p_deteccao,media_braco,68.19869290603268,97.88186664623342,29.683173740200743,68.19869290603268,29.683173740200743
modelo_07_ablacao_parametros.csv,mvp,TR,so_p_deteccao,efeito_total_adaptativa,-16.356413347129973,-18.43795985065912,-2.0815465035291467,-16.356413347129973,-2.0815465035291467
modelo_07_ablacao_parametros.csv,mvp,TR,so_p_deteccao,fracao_do_efeito_total_pct,4.075629172652134,3.7570589067898297,-0.31857026586230397,4.075629172652136,-0.31857026586230663
modelo_07_ablacao_parametros.csv,mvp,TR,so_par_tau,dif_absoluta,-14.925628250186318,-22.467569309753365,-7.541941059567048,-14.925628250186318,-7.541941059567048
modelo_07_ablacao_parametros.csv,mvp,TR,so_par_tau,dif_relativa_pct,-21.67364984853772,-22.792454862474226,-1.1188050139365053,-21.67364984853772,-1.1188050139365053
modelo_07_ablacao_parametros.csv,mvp,TR,so_par_tau,p_valor,3.0517578125e-05,3.0517578125e-05,0.0,3.0517578125e-05,0.0
modelo_07_ablacao_parametros.csv,mvp,TR,so_par_tau,d_cohen_pareado,-2.338208549696021,-2.1083855864484478,0.22982296324757323,-2.338208549696021,0.22982296324757323
modelo_07_ablacao_parametros.csv,mvp,TR,so_par_tau,prop_instancias_com_dif,1.0,1.0,0.0,1.0,0.0
modelo_07_ablacao_parametros.csv,mvp,TR,so_par_tau,n_instancias,16.0,16.0,0.0,16.0,0.0
modelo_07_ablacao_parametros.csv,mvp,TR,so_par_tau,media_referencia_centralizada,68.86531966000788,98.57459165903293,29.70927199902505,68.86531966000788,29.70927199902505
modelo_07_ablacao_parametros.csv,mvp,TR,so_par_tau,media_braco,53.93969140982156,76.10702234927956,22.167330939457997,53.93969140982156,22.167330939457997
modelo_07_ablacao_parametros.csv,mvp,TR,so_par_tau,efeito_total_adaptativa,-16.356413347129973,-18.43795985065912,-2.0815465035291467,-16.356413347129973,-2.0815465035291467
modelo_07_ablacao_parametros.csv,mvp,TR,so_par_tau,fracao_do_efeito_total_pct,91.2524520713784,121.8549638448757,30.602511773497298,91.25245207137839,30.602511773497312
modelo_07_ablacao_parametros.csv,mvp,TR,sem_par_tau,dif_absoluta,-0.927291673837245,-1.8515496529186324,-0.9242579790813874,-0.927291673837245,-0.9242579790813874
modelo_07_ablacao_parametros.csv,mvp,TR,sem_par_tau,dif_relativa_pct,-1.3465292521915797,-1.8783234317856439,-0.5317941795940642,-1.3465292521915797,-0.5317941795940642
modelo_07_ablacao_parametros.csv,mvp,TR,sem_par_tau,p_valor,0.2978515625,0.433197021484375,0.135345458984375,0.2978515625,0.135345458984375
modelo_07_ablacao_parametros.csv,mvp,TR,sem_par_tau,d_cohen_pareado,-0.2155709264297818,-0.20116370444243659,0.014407221987345203,-0.21557092642978185,0.014407221987345259
modelo_07_ablacao_parametros.csv,mvp,TR,sem_par_tau,prop_instancias_com_dif,1.0,1.0,0.0,1.0,0.0
modelo_07_ablacao_parametros.csv,mvp,TR,sem_par_tau,n_instancias,16.0,16.0,0.0,16.0,0.0
modelo_07_ablacao_parametros.csv,mvp,TR,sem_par_tau,media_referencia_centralizada,68.86531966000788,98.57459165903293,29.70927199902505,68.86531966000788,29.70927199902505
modelo_07_ablacao_parametros.csv,mvp,TR,sem_par_tau,media_braco,67.93802798617062,96.7230420061143,28.785014019943674,67.93802798617062,28.785014019943674
modelo_07_ablacao_parametros.csv,mvp,TR,sem_par_tau,efeito_total_adaptativa,-16.356413347129973,-18.43795985065912,-2.0815465035291467,-16.356413347129973,-2.0815465035291467
modelo_07_ablacao_parametros.csv,mvp,TR,sem_par_tau,fracao_do_efeito_total_pct,5.6692849108020065,10.042052742903893,4.372767832101887,5.6692849108020065,4.372767832101887
modelo_10_fatorial_decomposicao.csv,mvp,TW,A,parcela_media,-147.26041666666669,-136.40104166666666,10.859375000000028,-147.26041666666669,10.859375000000028
modelo_10_fatorial_decomposicao.csv,mvp,TW,A,pct_do_contraste,98.43336582648656,103.62442131919441,5.1910554927078465,98.43336582648655,5.191055492707861
modelo_10_fatorial_decomposicao.csv,mvp,TW,A,p_valor,3.0517578125e-05,3.0517578125e-05,0.0,3.0517578125e-05,0.0
modelo_10_fatorial_decomposicao.csv,mvp,TW,A,n_instancias,16.0,16.0,0.0,16.0,0.0
modelo_10_fatorial_decomposicao.csv,mvp,TW,B,parcela_media,0.0,0.0,0.0,0.0,0.0
modelo_10_fatorial_decomposicao.csv,mvp,TW,B,pct_do_contraste,-0.0,-0.0,0.0,-0.0,0.0
modelo_10_fatorial_decomposicao.csv,mvp,TW,B,p_valor,,,,,
modelo_10_fatorial_decomposicao.csv,mvp,TW,B,n_instancias,16.0,16.0,0.0,16.0,0.0
modelo_10_fatorial_decomposicao.csv,mvp,TW,C,parcela_media,0.4166666666666643,2.0937500000002363,1.677083333333572,0.4166666666669018,1.6770833333333344
modelo_10_fatorial_decomposicao.csv,mvp,TW,C,pct_do_contraste,-0.2785127419579429,-1.5906303169392055,-1.3121175749812626,-0.27851274195810166,-1.3121175749811038
modelo_10_fatorial_decomposicao.csv,mvp,TW,C,p_valor,0.7173356752327977,0.129730224609375,-0.5876054506234227,0.743560791015625,-0.61383056640625
modelo_10_fatorial_decomposicao.csv,mvp,TW,C,n_instancias,16.0,16.0,0.0,16.0,0.0
modelo_10_fatorial_decomposicao.csv,mvp,TW,D,parcela_media,1.374999999999993,1.8020833333332145,0.42708333333322157,1.3749999999998268,0.42708333333338766
modelo_10_fatorial_decomposicao.csv,mvp,TW,D,pct_do_contraste,-0.9190920484612124,-1.369049974280763,-0.4499579258195505,-0.9190920484611013,-0.44995792581966165
modelo_10_fatorial_decomposicao.csv,mvp,TW,D,p_valor,0.5618896484375,0.1590576171875,-0.40283203125,0.5618896484375,-0.40283203125
modelo_10_fatorial_decomposicao.csv,mvp,TW,D,n_instancias,16.0,16.0,0.0,16.0,0.0
modelo_10_fatorial_decomposicao.csv,mvp,TW,AB,parcela_media,0.0,0.140624999999413,0.140624999999413,-6.252815105967091e-13,0.14062500000003827
modelo_10_fatorial_decomposicao.csv,mvp,TW,AB,pct_do_contraste,-0.0,-0.10683337949545879,-0.10683337949545879,4.1795728322854803e-13,-0.10683337949587675
modelo_10_fatorial_decomposicao.csv,mvp,TW,AB,p_valor,,0.820892333984375,,,
modelo_10_fatorial_decomposicao.csv,mvp,TW,AB,n_instancias,16.0,16.0,0.0,16.0,0.0
modelo_10_fatorial_decomposicao.csv,mvp,TW,AC,parcela_media,-1.421875000000007,0.8229166666664908,2.2447916666664978,-1.4218750000000981,2.244791666666589
modelo_10_fatorial_decomposicao.csv,mvp,TW,AC,pct_do_contraste,0.9504247319314904,-0.6251731096425681,-1.5755978415740586,0.9504247319315513,-1.5755978415741194
modelo_10_fatorial_decomposicao.csv,mvp,TW,AC,p_valor,0.528167724609375,0.979949951171875,0.4517822265625,0.528167724609375,0.4517822265625
modelo_10_fatorial_decomposicao.csv,mvp,TW,AC,n_instancias,16.0,16.0,0.0,16.0,0.0
modelo_10_fatorial_decomposicao.csv,mvp,TW,AD,parcela_media,-2.411458333333332,1.6145833333333608,4.026041666666693,-2.4114583333333113,4.026041666666672
modelo_10_fatorial_decomposicao.csv,mvp,TW,AD,pct_do_contraste,1.611892494081603,-1.2266054682863345,-2.8384979623679376,1.6118924940815893,-2.838497962367924
modelo_10_fatorial_decomposicao.csv,mvp,TW,AD,p_valor,0.322509765625,0.375457763671875,0.052947998046875,0.322509765625,0.052947998046875
modelo_10_fatorial_decomposicao.csv,mvp,TW,AD,n_instancias,16.0,16.0,0.0,16.0,0.0
modelo_10_fatorial_decomposicao.csv,mvp,TW,BC,parcela_media,0.0,-8.674846142346185e-14,-8.674846142346185e-14,-3.487141131408578e-14,-5.1877050109376066e-14
modelo_10_fatorial_decomposicao.csv,mvp,TW,BC,pct_do_contraste,-0.0,6.590315591067415e-14,6.590315591067415e-14,2.3309117714470374e-14,4.259403819620378e-14
modelo_10_fatorial_decomposicao.csv,mvp,TW,BC,p_valor,,,,,
modelo_10_fatorial_decomposicao.csv,mvp,TW,BC,n_instancias,16.0,16.0,0.0,16.0,0.0
modelo_10_fatorial_decomposicao.csv,mvp,TW,BD,parcela_media,0.0,1.5635395820135375e-13,1.5635395820135375e-13,1.6121960537407452e-13,-4.8656471727207704e-15
modelo_10_fatorial_decomposicao.csv,mvp,TW,BD,pct_do_contraste,-0.0,-1.187827324601746e-13,-1.187827324601746e-13,-1.0776411444026704e-13,-1.1018618019907551e-14
modelo_10_fatorial_decomposicao.csv,mvp,TW,BD,p_valor,,,,,
modelo_10_fatorial_decomposicao.csv,mvp,TW,BD,n_instancias,16.0,16.0,0.0,16.0,0.0
modelo_10_fatorial_decomposicao.csv,mvp,TW,CD,parcela_media,-0.953125,-2.072916666666872,-1.1197916666668721,-0.9531250000002589,-1.1197916666666132
modelo_10_fatorial_decomposicao.csv,mvp,TW,CD,pct_do_contraste,0.6370978972287982,1.5748031496064554,0.9377052523776572,0.6370978972289713,0.9377052523774841
modelo_10_fatorial_decomposicao.csv,mvp,TW,CD,p_valor,0.820892333984375,0.21142578125,-0.609466552734375,0.820892333984375,-0.609466552734375
modelo_10_fatorial_decomposicao.csv,mvp,TW,CD,n_instancias,16.0,16.0,0.0,16.0,0.0
modelo_10_fatorial_decomposicao.csv,mvp,TW,ABC,parcela_media,0.0,-0.7604166666665293,-0.7604166666665293,4.1092997060676595e-14,-0.7604166666665704
modelo_10_fatorial_decomposicao.csv,mvp,TW,ABC,pct_do_contraste,-0.0,0.5776916076444175,0.5776916076444175,-2.7467815887933105e-14,0.5776916076444449
modelo_10_fatorial_decomposicao.csv,mvp,TW,ABC,p_valor,,0.09344482421875,,,
modelo_10_fatorial_decomposicao.csv,mvp,TW,ABC,n_instancias,16.0,16.0,0.0,16.0,0.0
modelo_10_fatorial_decomposicao.csv,mvp,TW,ABD,parcela_media,0.0,-0.4218749999996284,-0.4218749999996284,4.306479941170356e-13,-0.42187500000005906
modelo_10_fatorial_decomposicao.csv,mvp,TW,ABD,pct_do_contraste,-0.0,0.3205001384874319,0.3205001384874319,-2.8785828878453845e-13,0.3205001384877198
modelo_10_fatorial_decomposicao.csv,mvp,TW,ABD,p_valor,,0.899932861328125,,,
modelo_10_fatorial_decomposicao.csv,mvp,TW,ABD,n_instancias,16.0,16.0,0.0,16.0,0.0
modelo_10_fatorial_decomposicao.csv,mvp,TW,ACD,parcela_media,0.6510416666666785,1.0625000000001086,0.41145833333343007,0.6510416666668034,0.41145833333330517
modelo_10_fatorial_decomposicao.csv,mvp,TW,ACD,pct_do_contraste,-0.4351761593092962,-0.8071855339691405,-0.3720093746598443,-0.43517615930937975,-0.37200937465976075
modelo_10_fatorial_decomposicao.csv,mvp,TW,ACD,p_valor,0.93988037109375,0.322509765625,-0.61737060546875,0.93988037109375,-0.61737060546875
modelo_10_fatorial_decomposicao.csv,mvp,TW,ACD,n_instancias,16.0,16.0,0.0,16.0,0.0
modelo_10_fatorial_decomposicao.csv,mvp,TW,BCD,parcela_media,0.0,-2.0869186008927915e-13,-2.0869186008927915e-13,-3.069260702074731e-13,9.823421011819394e-14
modelo_10_fatorial_decomposicao.csv,mvp,TW,BCD,pct_do_contraste,-0.0,1.5854404754932776e-13,1.5854404754932776e-13,2.0515877134046382e-13,-4.661472379113606e-14
modelo_10_fatorial_decomposicao.csv,mvp,TW,BCD,p_valor,,,,,
modelo_10_fatorial_decomposicao.csv,mvp,TW,BCD,n_instancias,16.0,16.0,0.0,16.0,0.0
modelo_10_fatorial_decomposicao.csv,mvp,TW,ABCD,parcela_media,0.0,0.48958333333270404,0.48958333333270404,-5.904196402617412e-13,0.48958333333329446
modelo_10_fatorial_decomposicao.csv,mvp,TW,ABCD,pct_do_contraste,-0.0,-0.3719384323185977,-0.3719384323185977,3.9465454299628987e-13,-0.3719384323189923
modelo_10_fatorial_decomposicao.csv,mvp,TW,ABCD,p_valor,,0.899932861328125,,,
modelo_10_fatorial_decomposicao.csv,mvp,TW,ABCD,n_instancias,16.0,16.0,0.0,16.0,0.0
modelo_10_fatorial_decomposicao.csv,mvp,TW,SOMA_principais,parcela_media,-145.46875000000003,-132.5052083333332,12.963541666666828,-145.46874999999994,12.963541666666742
modelo_10_fatorial_decomposicao.csv,mvp,TW,SOMA_principais,pct_do_contraste,97.23576103606742,100.66474102797443,3.4289799919070134,97.23576103606734,3.4289799919070845
modelo_10_fatorial_decomposicao.csv,mvp,TW,SOMA_principais,p_valor,,,,,
modelo_10_fatorial_decomposicao.csv,mvp,TW,SOMA_principais,n_instancias,16.0,16.0,0.0,16.0,0.0
modelo_10_fatorial_decomposicao.csv,mvp,TW,SOMA_interacoes,parcela_media,-4.135416666666661,0.8749999999989089,5.01041666666557,-4.135416666667788,5.010416666666696
modelo_10_fatorial_decomposicao.csv,mvp,TW,SOMA_interacoes,pct_do_contraste,2.7642389639325957,-0.6647410279736894,-3.428979991906285,2.764238963933349,-3.4289799919070383
modelo_10_fatorial_decomposicao.csv,mvp,TW,SOMA_interacoes,p_valor,,,,,
modelo_10_fatorial_decomposicao.csv,mvp,TW,SOMA_interacoes,n_instancias,16.0,16.0,0.0,16.0,0.0
modelo_07_ablacao_parametros.csv,mvp,TW,centralizada,dif_absoluta,0.0,0.0,0.0,0.0,0.0
modelo_07_ablacao_parametros.csv,mvp,TW,centralizada,dif_relativa_pct,0.0,0.0,0.0,0.0,0.0
modelo_07_ablacao_parametros.csv,mvp,TW,centralizada,p_valor,,,,,
modelo_07_ablacao_parametros.csv,mvp,TW,centralizada,d_cohen_pareado,,,,,
modelo_07_ablacao_parametros.csv,mvp,TW,centralizada,prop_instancias_com_dif,0.0,0.0,0.0,0.0,0.0
modelo_07_ablacao_parametros.csv,mvp,TW,centralizada,n_instancias,16.0,16.0,0.0,16.0,0.0
modelo_07_ablacao_parametros.csv,mvp,TW,centralizada,media_referencia_centralizada,696.796875,564.6458333333333,-132.15104166666674,696.796875,-132.15104166666674
modelo_07_ablacao_parametros.csv,mvp,TW,centralizada,media_braco,696.796875,564.6458333333333,-132.15104166666674,696.796875,-132.15104166666674
modelo_07_ablacao_parametros.csv,mvp,TW,centralizada,efeito_total_adaptativa,-149.60416666666669,-131.63020833333331,17.97395833333337,-149.60416666666669,17.97395833333337
modelo_07_ablacao_parametros.csv,mvp,TW,centralizada,fracao_do_efeito_total_pct,-0.0,-0.0,0.0,-0.0,0.0
modelo_07_ablacao_parametros.csv,mvp,TW,adaptativa,dif_absoluta,-149.60416666666669,-131.63020833333331,17.97395833333337,-149.60416666666669,17.97395833333337
modelo_07_ablacao_parametros.csv,mvp,TW,adaptativa,dif_relativa_pct,-21.47026946219681,-23.311994982105304,-1.8417255199084934,-21.47026946219681,-1.8417255199084934
modelo_07_ablacao_parametros.csv,mvp,TW,adaptativa,p_valor,3.0517578125e-05,3.0517578125e-05,0.0,3.0517578125e-05,0.0
modelo_07_ablacao_parametros.csv,mvp,TW,adaptativa,d_cohen_pareado,-6.498852419526266,-12.010442458079442,-5.511590038553177,-6.498852419526266,-5.511590038553177
modelo_07_ablacao_parametros.csv,mvp,TW,adaptativa,prop_instancias_com_dif,1.0,1.0,0.0,1.0,0.0
modelo_07_ablacao_parametros.csv,mvp,TW,adaptativa,n_instancias,16.0,16.0,0.0,16.0,0.0
modelo_07_ablacao_parametros.csv,mvp,TW,adaptativa,media_referencia_centralizada,696.796875,564.6458333333333,-132.15104166666674,696.796875,-132.15104166666674
modelo_07_ablacao_parametros.csv,mvp,TW,adaptativa,media_braco,547.1927083333333,433.015625,-114.17708333333326,547.1927083333333,-114.17708333333326
modelo_07_ablacao_parametros.csv,mvp,TW,adaptativa,efeito_total_adaptativa,-149.60416666666669,-131.63020833333331,17.97395833333337,-149.60416666666669,17.97395833333337
modelo_07_ablacao_parametros.csv,mvp,TW,adaptativa,fracao_do_efeito_total_pct,100.0,100.0,0.0,100.0,0.0
modelo_07_ablacao_parametros.csv,mvp,TW,so_tau_inicial,dif_absoluta,-147.26041666666669,-136.40104166666666,10.859375000000028,-147.26041666666669,10.859375000000028
modelo_07_ablacao_parametros.csv,mvp,TW,so_tau_inicial,dif_relativa_pct,-21.133908883656616,-24.156919898166258,-3.023011014509642,-21.133908883656616,-3.023011014509642
modelo_07_ablacao_parametros.csv,mvp,TW,so_tau_inicial,p_valor,3.0517578125e-05,3.0517578125e-05,0.0,3.0517578125e-05,0.0
modelo_07_ablacao_parametros.csv,mvp,TW,so_tau_inicial,d_cohen_pareado,-6.783549266150521,-10.07891970390829,-3.2953704377577697,-6.783549266150521,-3.2953704377577697
modelo_07_ablacao_parametros.csv,mvp,TW,so_tau_inicial,prop_instancias_com_dif,1.0,1.0,0.0,1.0,0.0
modelo_07_ablacao_parametros.csv,mvp,TW,so_tau_inicial,n_instancias,16.0,16.0,0.0,16.0,0.0
modelo_07_ablacao_parametros.csv,mvp,TW,so_tau_inicial,media_referencia_centralizada,696.796875,564.6458333333333,-132.15104166666674,696.796875,-132.15104166666674
modelo_07_ablacao_parametros.csv,mvp,TW,so_tau_inicial,media_braco,549.5364583333333,428.2447916666667,-121.29166666666657,549.5364583333333,-121.29166666666657
modelo_07_ablacao_parametros.csv,mvp,TW,so_tau_inicial,efeito_total_adaptativa,-149.60416666666669,-131.63020833333331,17.97395833333337,-149.60416666666669,17.97395833333337
modelo_07_ablacao_parametros.csv,mvp,TW,so_tau_inicial,fracao_do_efeito_total_pct,98.43336582648656,103.62442131919441,5.1910554927078465,98.43336582648655,5.191055492707861
modelo_07_ablacao_parametros.csv,mvp,TW,so_tau_min,dif_absoluta,0.0,0.0,0.0,0.0,0.0
modelo_07_ablacao_parametros.csv,mvp,TW,so_tau_min,dif_relativa_pct,0.0,0.0,0.0,0.0,0.0
modelo_07_ablacao_parametros.csv,mvp,TW,so_tau_min,p_valor,,,,,
modelo_07_ablacao_parametros.csv,mvp,TW,so_tau_min,d_cohen_pareado,,,,,
modelo_07_ablacao_parametros.csv,mvp,TW,so_tau_min,prop_instancias_com_dif,0.0,0.0,0.0,0.0,0.0
modelo_07_ablacao_parametros.csv,mvp,TW,so_tau_min,n_instancias,16.0,16.0,0.0,16.0,0.0
modelo_07_ablacao_parametros.csv,mvp,TW,so_tau_min,media_referencia_centralizada,696.796875,564.6458333333333,-132.15104166666674,696.796875,-132.15104166666674
modelo_07_ablacao_parametros.csv,mvp,TW,so_tau_min,media_braco,696.796875,564.6458333333333,-132.15104166666674,696.796875,-132.15104166666674
modelo_07_ablacao_parametros.csv,mvp,TW,so_tau_min,efeito_total_adaptativa,-149.60416666666669,-131.63020833333331,17.97395833333337,-149.60416666666669,17.97395833333337
modelo_07_ablacao_parametros.csv,mvp,TW,so_tau_min,fracao_do_efeito_total_pct,-0.0,-0.0,0.0,-0.0,0.0
modelo_07_ablacao_parametros.csv,mvp,TW,so_p_reporte,dif_absoluta,0.4166666666666643,2.093750000000007,1.6770833333333428,0.4166666666666643,1.6770833333333428
modelo_07_ablacao_parametros.csv,mvp,TW,so_p_reporte,dif_relativa_pct,0.0597974361849232,0.3708076596686727,0.3110102234837495,0.05979743618492323,0.31101022348374946
modelo_07_ablacao_parametros.csv,mvp,TW,so_p_reporte,p_valor,0.7173356752327977,0.129730224609375,-0.5876054506234227,0.743560791015625,-0.61383056640625
modelo_07_ablacao_parametros.csv,mvp,TW,so_p_reporte,d_cohen_pareado,0.0485566590231655,0.41366502158716717,0.3651083625640017,0.0485566590231655,0.3651083625640017
modelo_07_ablacao_parametros.csv,mvp,TW,so_p_reporte,prop_instancias_com_dif,1.0,1.0,0.0,1.0,0.0
modelo_07_ablacao_parametros.csv,mvp,TW,so_p_reporte,n_instancias,16.0,16.0,0.0,16.0,0.0
modelo_07_ablacao_parametros.csv,mvp,TW,so_p_reporte,media_referencia_centralizada,696.796875,564.6458333333333,-132.15104166666674,696.796875,-132.15104166666674
modelo_07_ablacao_parametros.csv,mvp,TW,so_p_reporte,media_braco,697.2135416666667,566.7395833333334,-130.47395833333337,697.2135416666667,-130.47395833333337
modelo_07_ablacao_parametros.csv,mvp,TW,so_p_reporte,efeito_total_adaptativa,-149.60416666666669,-131.63020833333331,17.97395833333337,-149.60416666666669,17.97395833333337
modelo_07_ablacao_parametros.csv,mvp,TW,so_p_reporte,fracao_do_efeito_total_pct,-0.2785127419579429,-1.5906303169390315,-1.3121175749810885,-0.27851274195794296,-1.3121175749810885
modelo_07_ablacao_parametros.csv,mvp,TW,so_p_deteccao,dif_absoluta,1.374999999999993,1.8020833333333393,0.42708333333334636,1.374999999999993,0.42708333333334636
modelo_07_ablacao_parametros.csv,mvp,TW,so_p_deteccao,dif_relativa_pct,0.1973315394102467,0.31915286130686754,0.12182132189662084,0.19733153941024675,0.12182132189662079
modelo_07_ablacao_parametros.csv,mvp,TW,so_p_deteccao,p_valor,0.5618896484375,0.13959615615824425,-0.4222934922792557,0.5618896484375,-0.4222934922792557
modelo_07_ablacao_parametros.csv,mvp,TW,so_p_deteccao,d_cohen_pareado,0.1667477833359507,0.41790137998895804,0.25115359665300735,0.16674778333595078,0.2511535966530073
modelo_07_ablacao_parametros.csv,mvp,TW,so_p_deteccao,prop_instancias_com_dif,1.0,0.9375,-0.0625,1.0,-0.0625
modelo_07_ablacao_parametros.csv,mvp,TW,so_p_deteccao,n_instancias,16.0,16.0,0.0,16.0,0.0
modelo_07_ablacao_parametros.csv,mvp,TW,so_p_deteccao,media_referencia_centralizada,696.796875,564.6458333333333,-132.15104166666674,696.796875,-132.15104166666674
modelo_07_ablacao_parametros.csv,mvp,TW,so_p_deteccao,media_braco,698.171875,566.4479166666666,-131.72395833333337,698.171875,-131.72395833333337
modelo_07_ablacao_parametros.csv,mvp,TW,so_p_deteccao,efeito_total_adaptativa,-149.60416666666669,-131.63020833333331,17.97395833333337,-149.60416666666669,17.97395833333337
modelo_07_ablacao_parametros.csv,mvp,TW,so_p_deteccao,fracao_do_efeito_total_pct,-0.9190920484612124,-1.369049974280858,-0.44995792581964555,-0.9190920484612123,-0.44995792581964567
modelo_07_ablacao_parametros.csv,mvp,TW,so_par_tau,dif_absoluta,-147.26041666666669,-136.26041666666666,11.000000000000028,-147.26041666666669,11.000000000000028
modelo_07_ablacao_parametros.csv,mvp,TW,so_par_tau,dif_relativa_pct,-21.133908883656616,-24.13201490609896,-2.998106022442343,-21.133908883656616,-2.998106022442343
modelo_07_ablacao_parametros.csv,mvp,TW,so_par_tau,p_valor,3.0517578125e-05,3.0517578125e-05,0.0,3.0517578125e-05,0.0
modelo_07_ablacao_parametros.csv,mvp,TW,so_par_tau,d_cohen_pareado,-6.783549266150521,-10.07812068287522,-3.2945714167246987,-6.783549266150521,-3.2945714167246987
modelo_07_ablacao_parametros.csv,mvp,TW,so_par_tau,prop_instancias_com_dif,1.0,1.0,0.0,1.0,0.0
modelo_07_ablacao_parametros.csv,mvp,TW,so_par_tau,n_instancias,16.0,16.0,0.0,16.0,0.0
modelo_07_ablacao_parametros.csv,mvp,TW,so_par_tau,media_referencia_centralizada,696.796875,564.6458333333333,-132.15104166666674,696.796875,-132.15104166666674
modelo_07_ablacao_parametros.csv,mvp,TW,so_par_tau,media_braco,549.5364583333333,428.3854166666667,-121.15104166666657,549.5364583333333,-121.15104166666657
modelo_07_ablacao_parametros.csv,mvp,TW,so_par_tau,efeito_total_adaptativa,-149.60416666666669,-131.63020833333331,17.97395833333337,-149.60416666666669,17.97395833333337
modelo_07_ablacao_parametros.csv,mvp,TW,so_par_tau,fracao_do_efeito_total_pct,98.43336582648656,103.5175879396985,5.084222113211936,98.43336582648655,5.0842221132119505
modelo_07_ablacao_parametros.csv,mvp,TW,sem_par_tau,dif_absoluta,0.8385416666666572,1.8229166666666643,0.9843750000000071,0.8385416666666572,0.9843750000000071
modelo_07_ablacao_parametros.csv,mvp,TW,sem_par_tau,dif_relativa_pct,0.1203423403221573,0.32284248976128066,0.20250014943912337,0.12034234032215733,0.2025001494391233
modelo_07_ablacao_parametros.csv,mvp,TW,sem_par_tau,p_valor,0.899932861328125,0.05767822265625,-0.842254638671875,0.899932861328125,-0.842254638671875
modelo_07_ablacao_parametros.csv,mvp,TW,sem_par_tau,d_cohen_pareado,0.0828718684222649,0.37989130680412786,0.29701943838186295,0.08287186842226499,0.29701943838186284
modelo_07_ablacao_parametros.csv,mvp,TW,sem_par_tau,prop_instancias_com_dif,1.0,1.0,0.0,1.0,0.0
modelo_07_ablacao_parametros.csv,mvp,TW,sem_par_tau,n_instancias,16.0,16.0,0.0,16.0,0.0
modelo_07_ablacao_parametros.csv,mvp,TW,sem_par_tau,media_referencia_centralizada,696.796875,564.6458333333333,-132.15104166666674,696.796875,-132.15104166666674
modelo_07_ablacao_parametros.csv,mvp,TW,sem_par_tau,media_braco,697.6354166666667,566.46875,-131.16666666666674,697.6354166666667,-131.16666666666674
modelo_07_ablacao_parametros.csv,mvp,TW,sem_par_tau,efeito_total_adaptativa,-149.60416666666669,-131.63020833333331,17.97395833333337,-149.60416666666669,17.97395833333337
modelo_07_ablacao_parametros.csv,mvp,TW,sem_par_tau,fracao_do_efeito_total_pct,-0.5605068931903571,-1.384877141613578,-0.824370248423221,-0.5605068931903571,-0.824370248423221
modelo_10_fatorial_decomposicao.csv,mvp,n_com_erro,A,parcela_media,-0.9791666666666664,-2.505208333333334,-1.5260416666666674,-0.9791666666666665,-1.5260416666666674
modelo_10_fatorial_decomposicao.csv,mvp,n_com_erro,A,pct_do_contraste,10.645526613816534,18.295930011411187,7.650403397594653,10.645526613816534,7.650403397594653
modelo_10_fatorial_decomposicao.csv,mvp,n_com_erro,A,p_valor,0.00771400871124,0.0006533107814151376,-0.007060697929824862,0.005157470703125,-0.004504159921709863
modelo_10_fatorial_decomposicao.csv,mvp,n_com_erro,A,n_instancias,16.0,16.0,0.0,16.0,0.0
modelo_10_fatorial_decomposicao.csv,mvp,n_com_erro,B,parcela_media,0.0,0.0,0.0,0.0,0.0
modelo_10_fatorial_decomposicao.csv,mvp,n_com_erro,B,pct_do_contraste,-0.0,-0.0,0.0,-0.0,0.0
modelo_10_fatorial_decomposicao.csv,mvp,n_com_erro,B,p_valor,,,,,
modelo_10_fatorial_decomposicao.csv,mvp,n_com_erro,B,n_instancias,16.0,16.0,0.0,16.0,0.0
modelo_10_fatorial_decomposicao.csv,mvp,n_com_erro,C,parcela_media,-9.255208333333334,-13.161458333333329,-3.9062499999999947,-9.255208333333327,-3.9062500000000018
modelo_10_fatorial_decomposicao.csv,mvp,n_com_erro,C,pct_do_contraste,100.6228765571914,96.12019779383792,-4.502678763353487,100.62287655719133,-4.5026787633534155
modelo_10_fatorial_decomposicao.csv,mvp,n_com_erro,C,p_valor,0.0004358423668112,3.0517578125e-05,-0.0004053247886862,3.0517578125e-05,0.0
modelo_10_fatorial_decomposicao.csv,mvp,n_com_erro,C,n_instancias,16.0,16.0,0.0,16.0,0.0
modelo_10_fatorial_decomposicao.csv,mvp,n_com_erro,D,parcela_media,-0.0937499999999998,-0.08854166666666885,0.005208333333330956,-0.09375000000000214,0.005208333333333287
modelo_10_fatorial_decomposicao.csv,mvp,n_com_erro,D,pct_do_contraste,1.0192525481313692,0.6466337010270223,-0.3726188471043469,1.0192525481313937,-0.3726188471043713
modelo_10_fatorial_decomposicao.csv,mvp,n_com_erro,D,p_valor,0.5345151908359941,0.860260009765625,0.3257448189296309,0.528167724609375,0.33209228515625
modelo_10_fatorial_decomposicao.csv,mvp,n_com_erro,D,n_instancias,16.0,16.0,0.0,16.0,0.0
modelo_10_fatorial_decomposicao.csv,mvp,n_com_erro,AB,parcela_media,0.0,0.026041666666654334,0.026041666666654334,-9.172494939517032e-15,0.026041666666663507
modelo_10_fatorial_decomposicao.csv,mvp,n_com_erro,AB,pct_do_contraste,-0.0,-0.1901863826549118,-0.1901863826549118,9.972361429146489e-14,-0.19018638265501153
modelo_10_fatorial_decomposicao.csv,mvp,n_com_erro,AB,p_valor,,0.632171630859375,,,
modelo_10_fatorial_decomposicao.csv,mvp,n_com_erro,AB,n_instancias,16.0,16.0,0.0,16.0,0.0
modelo_10_fatorial_decomposicao.csv,mvp,n_com_erro,AC,parcela_media,1.078125,1.8281249999999907,0.7499999999999907,1.0781249999999896,0.7500000000000011
modelo_10_fatorial_decomposicao.csv,mvp,n_com_erro,AC,pct_do_contraste,-11.72140430351076,-13.351084062381064,-1.6296797588703047,-11.721404303510647,-1.6296797588704166
modelo_10_fatorial_decomposicao.csv,mvp,n_com_erro,AC,p_valor,0.00762939453125,0.000213623046875,-0.007415771484375,0.00762939453125,-0.007415771484375
modelo_10_fatorial_decomposicao.csv,mvp,n_com_erro,AC,n_instancias,16.0,16.0,0.0,16.0,0.0
modelo_10_fatorial_decomposicao.csv,mvp,n_com_erro,AD,parcela_media,0.4114583333333331,-0.041666666666663466,-0.45312499999999656,0.4114583333333369,-0.4531250000000004
modelo_10_fatorial_decomposicao.csv,mvp,n_com_erro,AD,pct_do_contraste,-4.473386183465457,0.30429821224797965,4.777684395713436,-4.4733861834654975,4.777684395713477
modelo_10_fatorial_decomposicao.csv,mvp,n_com_erro,AD,p_valor,0.1786647779062852,0.860260009765625,0.6815952318593398,0.17535400390625,0.684906005859375
modelo_10_fatorial_decomposicao.csv,mvp,n_com_erro,AD,n_instancias,16.0,16.0,0.0,16.0,0.0
modelo_10_fatorial_decomposicao.csv,mvp,n_com_erro,BC,parcela_media,8.326672684688674e-17,-4.540638698369297e-16,-5.373305966838164e-16,-6.305719835175694e-16,1.7650811368063973e-16
modelo_10_fatorial_decomposicao.csv,mvp,n_com_erro,BC,pct_do_contraste,-9.052781174746463e-16,3.316099772106903e-15,4.22137788958155e-15,6.855595743792374e-15,-3.539495971685471e-15
modelo_10_fatorial_decomposicao.csv,mvp,n_com_erro,BC,p_valor,,,,,
modelo_10_fatorial_decomposicao.csv,mvp,n_com_erro,BC,n_instancias,16.0,16.0,0.0,16.0,0.0
modelo_10_fatorial_decomposicao.csv,mvp,n_com_erro,BD,parcela_media,0.0,1.7983532936981814e-15,1.7983532936981814e-15,1.7254764361145871e-15,7.28768575835943e-17
modelo_10_fatorial_decomposicao.csv,mvp,n_com_erro,BD,pct_do_contraste,-0.0,-1.3133656614303949e-14,-1.3133656614303949e-14,-1.8759426712004572e-14,5.625770097700623e-15
modelo_10_fatorial_decomposicao.csv,mvp,n_com_erro,BD,p_valor,,,,,
modelo_10_fatorial_decomposicao.csv,mvp,n_com_erro,BD,n_instancias,16.0,16.0,0.0,16.0,0.0
modelo_10_fatorial_decomposicao.csv,mvp,n_com_erro,CD,parcela_media,0.1979166666666664,-0.09375000000000316,-0.29166666666666957,0.19791666666666397,-0.29166666666666713
modelo_10_fatorial_decomposicao.csv,mvp,n_com_erro,CD,pct_do_contraste,-2.1517553793884465,0.6846709775580299,2.8364263569464763,-2.1517553793884194,2.836426356946449
modelo_10_fatorial_decomposicao.csv,mvp,n_com_erro,CD,p_valor,0.2890504586462975,0.781951904296875,0.4929014456505775,0.322509765625,0.459442138671875
modelo_10_fatorial_decomposicao.csv,mvp,n_com_erro,CD,n_instancias,16.0,16.0,0.0,16.0,0.0
modelo_10_fatorial_decomposicao.csv,mvp,n_com_erro,ABC,parcela_media,-2.498001805406602e-16,-0.0364583333333269,-0.036458333333326653,5.171210681886862e-15,-0.03645833333333207
modelo_10_fatorial_decomposicao.csv,mvp,n_com_erro,ABC,pct_do_contraste,2.715834352423939e-15,0.2662609357169557,0.266260935716953,-5.6221543087331685e-14,0.2662609357170119
modelo_10_fatorial_decomposicao.csv,mvp,n_com_erro,ABC,p_valor,,0.781951904296875,,,
modelo_10_fatorial_decomposicao.csv,mvp,n_com_erro,ABC,n_instancias,16.0,16.0,0.0,16.0,0.0
modelo_10_fatorial_decomposicao.csv,mvp,n_com_erro,ABD,parcela_media,0.0,8.409939411535561e-15,8.409939411535561e-15,3.3286452298201624e-15,5.081294181715398e-15
modelo_10_fatorial_decomposicao.csv,mvp,n_com_erro,ABD,pct_do_contraste,-0.0,-6.141910867306306e-14,-6.141910867306306e-14,-3.618912141140834e-14,-2.5229987261654717e-14
modelo_10_fatorial_decomposicao.csv,mvp,n_com_erro,ABD,p_valor,,0.528167724609375,,,
modelo_10_fatorial_decomposicao.csv,mvp,n_com_erro,ABD,n_instancias,16.0,16.0,0.0,16.0,0.0
modelo_10_fatorial_decomposicao.csv,mvp,n_com_erro,ACD,parcela_media,-0.5572916666666665,0.4010416666666711,0.9583333333333377,-0.5572916666666623,0.9583333333333335
modelo_10_fatorial_decomposicao.csv,mvp,n_com_erro,ACD,pct_do_contraste,6.058890147225367,-2.9288702928870616,-8.987760440112428,6.058890147225321,-8.987760440112382
modelo_10_fatorial_decomposicao.csv,mvp,n_com_erro,ACD,p_valor,0.21142578125,0.322509765625,0.111083984375,0.21142578125,0.111083984375
modelo_10_fatorial_decomposicao.csv,mvp,n_com_erro,ACD,n_instancias,16.0,16.0,0.0,16.0,0.0
modelo_10_fatorial_decomposicao.csv,mvp,n_com_erro,BCD,parcela_media,-2.7755575615628914e-17,-2.024422296464934e-15,-1.996666720849305e-15,-1.7566966400058468e-15,-2.677256564590871e-16
modelo_10_fatorial_decomposicao.csv,mvp,n_com_erro,BCD,pct_do_contraste,3.017593724915488e-16,1.4784674055582627e-14,1.448291468309108e-14,1.909885361727761e-14,-4.314179561694982e-15
modelo_10_fatorial_decomposicao.csv,mvp,n_com_erro,BCD,p_valor,,,,,
modelo_10_fatorial_decomposicao.csv,mvp,n_com_erro,BCD,n_instancias,16.0,16.0,0.0,16.0,0.0
modelo_10_fatorial_decomposicao.csv,mvp,n_com_erro,ABCD,parcela_media,2.220446049250313e-16,-0.020833333333349496,-0.02083333333334972,-1.272882262555915e-14,-0.020833333333336767
modelo_10_fatorial_decomposicao.csv,mvp,n_com_erro,ABCD,pct_do_contraste,-2.4140749799323904e-15,0.15214910612411955,0.15214910612412197,1.38388105555343e-13,0.15214910612398116
modelo_10_fatorial_decomposicao.csv,mvp,n_com_erro,ABCD,p_valor,,0.322509765625,,,
modelo_10_fatorial_decomposicao.csv,mvp,n_com_erro,ABCD,n_instancias,16.0,16.0,0.0,16.0,0.0
modelo_10_fatorial_decomposicao.csv,mvp,n_com_erro,SOMA_principais,parcela_media,-10.328125,-15.755208333333332,-5.427083333333332,-10.328124999999996,-5.427083333333336
modelo_10_fatorial_decomposicao.csv,mvp,n_com_erro,SOMA_principais,pct_do_contraste,112.28765571913932,115.06276150627615,2.775105787136823,112.28765571913925,2.7751057871368943
modelo_10_fatorial_decomposicao.csv,mvp,n_com_erro,SOMA_principais,p_valor,,,,,
modelo_10_fatorial_decomposicao.csv,mvp,n_com_erro,SOMA_principais,n_instancias,16.0,16.0,0.0,16.0,0.0
modelo_10_fatorial_decomposicao.csv,mvp,n_com_erro,SOMA_interacoes,parcela_media,1.130208333333333,2.0624999999999805,0.9322916666666474,1.1302083333333144,0.9322916666666661
modelo_10_fatorial_decomposicao.csv,mvp,n_com_erro,SOMA_interacoes,pct_do_contraste,-12.287655719139297,-15.062761506276006,-2.7751057871367095,-12.287655719139092,-2.775105787136914
modelo_10_fatorial_decomposicao.csv,mvp,n_com_erro,SOMA_interacoes,p_valor,,,,,
modelo_10_fatorial_decomposicao.csv,mvp,n_com_erro,SOMA_interacoes,n_instancias,16.0,16.0,0.0,16.0,0.0
modelo_07_ablacao_parametros.csv,mvp,n_com_erro,centralizada,dif_absoluta,0.0,0.0,0.0,0.0,0.0
modelo_07_ablacao_parametros.csv,mvp,n_com_erro,centralizada,dif_relativa_pct,0.0,0.0,0.0,0.0,0.0
modelo_07_ablacao_parametros.csv,mvp,n_com_erro,centralizada,p_valor,,,,,
modelo_07_ablacao_parametros.csv,mvp,n_com_erro,centralizada,d_cohen_pareado,,,,,
modelo_07_ablacao_parametros.csv,mvp,n_com_erro,centralizada,prop_instancias_com_dif,0.0,0.0,0.0,0.0,0.0
modelo_07_ablacao_parametros.csv,mvp,n_com_erro,centralizada,n_instancias,16.0,16.0,0.0,16.0,0.0
modelo_07_ablacao_parametros.csv,mvp,n_com_erro,centralizada,media_referencia_centralizada,13.020833333333332,18.75,5.729166666666668,13.020833333333332,5.729166666666668
modelo_07_ablacao_parametros.csv,mvp,n_com_erro,centralizada,media_braco,13.020833333333332,18.75,5.729166666666668,13.020833333333332,5.729166666666668
modelo_07_ablacao_parametros.csv,mvp,n_com_erro,centralizada,efeito_total_adaptativa,-9.197916666666666,-13.692708333333334,-4.494791666666668,-9.197916666666666,-4.494791666666668
modelo_07_ablacao_parametros.csv,mvp,n_com_erro,centralizada,fracao_do_efeito_total_pct,-0.0,-0.0,0.0,-0.0,0.0
modelo_07_ablacao_parametros.csv,mvp,n_com_erro,adaptativa,dif_absoluta,-9.197916666666666,-13.692708333333334,-4.494791666666668,-9.197916666666666,-4.494791666666668
modelo_07_ablacao_parametros.csv,mvp,n_com_erro,adaptativa,dif_relativa_pct,-70.64,-73.02777777777779,-2.387777777777785,-70.64,-2.387777777777785
modelo_07_ablacao_parametros.csv,mvp,n_com_erro,adaptativa,p_valor,0.0004368090232114,3.0517578125e-05,-0.0004062914450864,3.0517578125e-05,0.0
modelo_07_ablacao_parametros.csv,mvp,n_com_erro,adaptativa,d_cohen_pareado,-7.815444732066754,-8.313583629588218,-0.49813889752146334,-7.815444732066754,-0.49813889752146334
modelo_07_ablacao_parametros.csv,mvp,n_com_erro,adaptativa,prop_instancias_com_dif,1.0,1.0,0.0,1.0,0.0
modelo_07_ablacao_parametros.csv,mvp,n_com_erro,adaptativa,n_instancias,16.0,16.0,0.0,16.0,0.0
modelo_07_ablacao_parametros.csv,mvp,n_com_erro,adaptativa,media_referencia_centralizada,13.020833333333332,18.75,5.729166666666668,13.020833333333332,5.729166666666668
modelo_07_ablacao_parametros.csv,mvp,n_com_erro,adaptativa,media_braco,3.8229166666666665,5.057291666666666,1.2343749999999996,3.8229166666666665,1.2343749999999996
modelo_07_ablacao_parametros.csv,mvp,n_com_erro,adaptativa,efeito_total_adaptativa,-9.197916666666666,-13.692708333333334,-4.494791666666668,-9.197916666666666,-4.494791666666668
modelo_07_ablacao_parametros.csv,mvp,n_com_erro,adaptativa,fracao_do_efeito_total_pct,100.0,100.0,0.0,100.0,0.0
modelo_07_ablacao_parametros.csv,mvp,n_com_erro,so_tau_inicial,dif_absoluta,-0.9791666666666664,-2.505208333333334,-1.5260416666666674,-0.9791666666666665,-1.5260416666666674
modelo_07_ablacao_parametros.csv,mvp,n_com_erro,so_tau_inicial,dif_relativa_pct,-7.52,-13.361111111111114,-5.841111111111115,-7.52,-5.841111111111115
modelo_07_ablacao_parametros.csv,mvp,n_com_erro,so_tau_inicial,p_valor,0.00771400871124,0.0006533107814151376,-0.007060697929824862,0.005157470703125,-0.004504159921709863
modelo_07_ablacao_parametros.csv,mvp,n_com_erro,so_tau_inicial,d_cohen_pareado,-0.8411474543578362,-1.7895745511533931,-0.9484270967955569,-0.8411474543578362,-0.9484270967955569
modelo_07_ablacao_parametros.csv,mvp,n_com_erro,so_tau_inicial,prop_instancias_com_dif,1.0,0.9375,-0.0625,1.0,-0.0625
modelo_07_ablacao_parametros.csv,mvp,n_com_erro,so_tau_inicial,n_instancias,16.0,16.0,0.0,16.0,0.0
modelo_07_ablacao_parametros.csv,mvp,n_com_erro,so_tau_inicial,media_referencia_centralizada,13.020833333333332,18.75,5.729166666666668,13.020833333333332,5.729166666666668
modelo_07_ablacao_parametros.csv,mvp,n_com_erro,so_tau_inicial,media_braco,12.041666666666668,16.244791666666664,4.2031249999999964,12.041666666666668,4.2031249999999964
modelo_07_ablacao_parametros.csv,mvp,n_com_erro,so_tau_inicial,efeito_total_adaptativa,-9.197916666666666,-13.692708333333334,-4.494791666666668,-9.197916666666666,-4.494791666666668
modelo_07_ablacao_parametros.csv,mvp,n_com_erro,so_tau_inicial,fracao_do_efeito_total_pct,10.645526613816534,18.295930011411187,7.650403397594653,10.645526613816534,7.650403397594653
modelo_07_ablacao_parametros.csv,mvp,n_com_erro,so_tau_min,dif_absoluta,0.0,0.0,0.0,0.0,0.0
modelo_07_ablacao_parametros.csv,mvp,n_com_erro,so_tau_min,dif_relativa_pct,0.0,0.0,0.0,0.0,0.0
modelo_07_ablacao_parametros.csv,mvp,n_com_erro,so_tau_min,p_valor,,,,,
modelo_07_ablacao_parametros.csv,mvp,n_com_erro,so_tau_min,d_cohen_pareado,,,,,
modelo_07_ablacao_parametros.csv,mvp,n_com_erro,so_tau_min,prop_instancias_com_dif,0.0,0.0,0.0,0.0,0.0
modelo_07_ablacao_parametros.csv,mvp,n_com_erro,so_tau_min,n_instancias,16.0,16.0,0.0,16.0,0.0
modelo_07_ablacao_parametros.csv,mvp,n_com_erro,so_tau_min,media_referencia_centralizada,13.020833333333332,18.75,5.729166666666668,13.020833333333332,5.729166666666668
modelo_07_ablacao_parametros.csv,mvp,n_com_erro,so_tau_min,media_braco,13.020833333333332,18.75,5.729166666666668,13.020833333333332,5.729166666666668
modelo_07_ablacao_parametros.csv,mvp,n_com_erro,so_tau_min,efeito_total_adaptativa,-9.197916666666666,-13.692708333333334,-4.494791666666668,-9.197916666666666,-4.494791666666668
modelo_07_ablacao_parametros.csv,mvp,n_com_erro,so_tau_min,fracao_do_efeito_total_pct,-0.0,-0.0,0.0,-0.0,0.0
modelo_07_ablacao_parametros.csv,mvp,n_com_erro,so_p_reporte,dif_absoluta,-9.255208333333334,-13.161458333333334,-3.90625,-9.255208333333334,-3.90625
modelo_07_ablacao_parametros.csv,mvp,n_com_erro,so_p_reporte,dif_relativa_pct,-71.08000000000001,-70.19444444444446,0.8855555555555554,-71.08000000000001,0.8855555555555554
modelo_07_ablacao_parametros.csv,mvp,n_com_erro,so_p_reporte,p_valor,0.0004358423668112,3.0517578125e-05,-0.0004053247886862,3.0517578125e-05,0.0
modelo_07_ablacao_parametros.csv,mvp,n_com_erro,so_p_reporte,d_cohen_pareado,-11.253749820692567,-9.67052395813855,1.583225862554018,-11.253749820692569,1.5832258625540199
modelo_07_ablacao_parametros.csv,mvp,n_com_erro,so_p_reporte,prop_instancias_com_dif,1.0,1.0,0.0,1.0,0.0
modelo_07_ablacao_parametros.csv,mvp,n_com_erro,so_p_reporte,n_instancias,16.0,16.0,0.0,16.0,0.0
modelo_07_ablacao_parametros.csv,mvp,n_com_erro,so_p_reporte,media_referencia_centralizada,13.020833333333332,18.75,5.729166666666668,13.020833333333332,5.729166666666668
modelo_07_ablacao_parametros.csv,mvp,n_com_erro,so_p_reporte,media_braco,3.765625,5.588541666666666,1.822916666666666,3.765625,1.822916666666666
modelo_07_ablacao_parametros.csv,mvp,n_com_erro,so_p_reporte,efeito_total_adaptativa,-9.197916666666666,-13.692708333333334,-4.494791666666668,-9.197916666666666,-4.494791666666668
modelo_07_ablacao_parametros.csv,mvp,n_com_erro,so_p_reporte,fracao_do_efeito_total_pct,100.6228765571914,96.12019779383797,-4.50267876335343,100.6228765571914,-4.50267876335343
modelo_07_ablacao_parametros.csv,mvp,n_com_erro,so_p_deteccao,dif_absoluta,-0.0937499999999998,-0.08854166666666718,0.005208333333332621,-0.09374999999999989,0.005208333333332704
modelo_07_ablacao_parametros.csv,mvp,n_com_erro,so_p_deteccao,dif_relativa_pct,-0.7199999999999992,-0.47222222222222493,0.24777777777777427,-0.7199999999999992,0.24777777777777427
modelo_07_ablacao_parametros.csv,mvp,n_com_erro,so_p_deteccao,p_valor,0.5345151908359941,0.899932861328125,0.3654176704921309,0.5618896484375,0.338043212890625
modelo_07_ablacao_parametros.csv,mvp,n_com_erro,so_p_deteccao,d_cohen_pareado,-0.0737989247083014,-0.0587927289193368,0.015006195788964609,-0.07379892470830143,0.015006195788964637
modelo_07_ablacao_parametros.csv,mvp,n_com_erro,so_p_deteccao,prop_instancias_com_dif,1.0,1.0,0.0,1.0,0.0
modelo_07_ablacao_parametros.csv,mvp,n_com_erro,so_p_deteccao,n_instancias,16.0,16.0,0.0,16.0,0.0
modelo_07_ablacao_parametros.csv,mvp,n_com_erro,so_p_deteccao,media_referencia_centralizada,13.020833333333332,18.75,5.729166666666668,13.020833333333332,5.729166666666668
modelo_07_ablacao_parametros.csv,mvp,n_com_erro,so_p_deteccao,media_braco,12.927083333333332,18.661458333333332,5.734375,12.927083333333332,5.734375
modelo_07_ablacao_parametros.csv,mvp,n_com_erro,so_p_deteccao,efeito_total_adaptativa,-9.197916666666666,-13.692708333333334,-4.494791666666668,-9.197916666666666,-4.494791666666668
modelo_07_ablacao_parametros.csv,mvp,n_com_erro,so_p_deteccao,fracao_do_efeito_total_pct,1.0192525481313692,0.6466337010270101,-0.3726188471043591,1.0192525481313692,-0.3726188471043591
modelo_07_ablacao_parametros.csv,mvp,n_com_erro,so_par_tau,dif_absoluta,-0.9791666666666664,-2.479166666666667,-1.5000000000000004,-0.9791666666666665,-1.5000000000000004
modelo_07_ablacao_parametros.csv,mvp,n_com_erro,so_par_tau,dif_relativa_pct,-7.52,-13.222222222222223,-5.702222222222224,-7.52,-5.702222222222224
modelo_07_ablacao_parametros.csv,mvp,n_com_erro,so_par_tau,p_valor,0.00771400871124,0.0006516660806139112,-0.007062342630626089,0.005157470703125,-0.004505804622511089
modelo_07_ablacao_parametros.csv,mvp,n_com_erro,so_par_tau,d_cohen_pareado,-0.8411474543578362,-1.6577310835205241,-0.8165836291626879,-0.8411474543578362,-0.8165836291626879
modelo_07_ablacao_parametros.csv,mvp,n_com_erro,so_par_tau,prop_instancias_com_dif,1.0,0.9375,-0.0625,1.0,-0.0625
modelo_07_ablacao_parametros.csv,mvp,n_com_erro,so_par_tau,n_instancias,16.0,16.0,0.0,16.0,0.0
modelo_07_ablacao_parametros.csv,mvp,n_com_erro,so_par_tau,media_referencia_centralizada,13.020833333333332,18.75,5.729166666666668,13.020833333333332,5.729166666666668
modelo_07_ablacao_parametros.csv,mvp,n_com_erro,so_par_tau,media_braco,12.041666666666668,16.270833333333336,4.229166666666668,12.041666666666668,4.229166666666668
modelo_07_ablacao_parametros.csv,mvp,n_com_erro,so_par_tau,efeito_total_adaptativa,-9.197916666666666,-13.692708333333334,-4.494791666666668,-9.197916666666666,-4.494791666666668
modelo_07_ablacao_parametros.csv,mvp,n_com_erro,so_par_tau,fracao_do_efeito_total_pct,10.645526613816534,18.10574362875618,7.460217014939646,10.645526613816534,7.460217014939646
modelo_07_ablacao_parametros.csv,mvp,n_com_erro,sem_par_tau,dif_absoluta,-9.151041666666666,-13.34375,-4.192708333333334,-9.151041666666666,-4.192708333333334
modelo_07_ablacao_parametros.csv,mvp,n_com_erro,sem_par_tau,dif_relativa_pct,-70.28,-71.16666666666667,-0.8866666666666703,-70.28,-0.8866666666666703
modelo_07_ablacao_parametros.csv,mvp,n_com_erro,sem_par_tau,p_valor,0.0004329514754108,3.0517578125e-05,-0.0004024338972858,3.0517578125e-05,0.0
modelo_07_ablacao_parametros.csv,mvp,n_com_erro,sem_par_tau,d_cohen_pareado,-9.720236059224272,-8.753137044109033,0.9670990151152381,-9.720236059224273,0.9670990151152399
modelo_07_ablacao_parametros.csv,mvp,n_com_erro,sem_par_tau,prop_instancias_com_dif,1.0,1.0,0.0,1.0,0.0
modelo_07_ablacao_parametros.csv,mvp,n_com_erro,sem_par_tau,n_instancias,16.0,16.0,0.0,16.0,0.0
modelo_07_ablacao_parametros.csv,mvp,n_com_erro,sem_par_tau,media_referencia_centralizada,13.020833333333332,18.75,5.729166666666668,13.020833333333332,5.729166666666668
modelo_07_ablacao_parametros.csv,mvp,n_com_erro,sem_par_tau,media_braco,3.8697916666666665,5.40625,1.5364583333333335,3.8697916666666665,1.5364583333333335
modelo_07_ablacao_parametros.csv,mvp,n_com_erro,sem_par_tau,efeito_total_adaptativa,-9.197916666666666,-13.692708333333334,-4.494791666666668,-9.197916666666666,-4.494791666666668
modelo_07_ablacao_parametros.csv,mvp,n_com_erro,sem_par_tau,fracao_do_efeito_total_pct,99.49037372593432,97.45150247242297,-2.0388712535113456,99.49037372593432,-2.0388712535113456
modelo_10_fatorial_decomposicao.csv,mvp,taxa_omissao,A,parcela_media,-0.0163194444444444,-0.04175347222222223,-0.025434027777777826,-0.01631944444444445,-0.025434027777777778
modelo_10_fatorial_decomposicao.csv,mvp,taxa_omissao,A,pct_do_contraste,10.64552661381654,18.29593001141118,7.650403397594641,10.64552661381654,7.650403397594641
modelo_10_fatorial_decomposicao.csv,mvp,taxa_omissao,A,p_valor,0.0071504467930583,0.0006533107814151376,-0.006497136011643163,0.005157470703125,-0.004504159921709863
modelo_10_fatorial_decomposicao.csv,mvp,taxa_omissao,A,n_instancias,16.0,16.0,0.0,16.0,0.0
modelo_10_fatorial_decomposicao.csv,mvp,taxa_omissao,B,parcela_media,0.0,0.0,0.0,0.0,0.0
modelo_10_fatorial_decomposicao.csv,mvp,taxa_omissao,B,pct_do_contraste,-0.0,-0.0,0.0,-0.0,0.0
modelo_10_fatorial_decomposicao.csv,mvp,taxa_omissao,B,p_valor,,,,,
modelo_10_fatorial_decomposicao.csv,mvp,taxa_omissao,B,n_instancias,16.0,16.0,0.0,16.0,0.0
modelo_10_fatorial_decomposicao.csv,mvp,taxa_omissao,C,parcela_media,-0.1542534722222222,-0.21935763888888882,-0.06510416666666663,-0.15425347222222213,-0.06510416666666669
modelo_10_fatorial_decomposicao.csv,mvp,taxa_omissao,C,pct_do_contraste,100.6228765571914,96.12019779383792,-4.502678763353487,100.62287655719135,-4.50267876335343
modelo_10_fatorial_decomposicao.csv,mvp,taxa_omissao,C,p_valor,0.0004339135941093,3.0517578125e-05,-0.0004033960159843,3.0517578125e-05,0.0
modelo_10_fatorial_decomposicao.csv,mvp,taxa_omissao,C,n_instancias,16.0,16.0,0.0,16.0,0.0
modelo_10_fatorial_decomposicao.csv,mvp,taxa_omissao,D,parcela_media,-0.0015624999999999,-0.0014756944444444813,8.680555555541864e-05,-0.001562500000000033,8.680555555555178e-05
modelo_10_fatorial_decomposicao.csv,mvp,taxa_omissao,D,pct_do_contraste,1.0192525481313703,0.6466337010270226,-0.3726188471043478,1.019252548131392,-0.37261884710436954
modelo_10_fatorial_decomposicao.csv,mvp,taxa_omissao,D,p_valor,0.596588134765625,0.860260009765625,0.263671875,0.5618896484375,0.298370361328125
modelo_10_fatorial_decomposicao.csv,mvp,taxa_omissao,D,n_instancias,16.0,16.0,0.0,16.0,0.0
modelo_10_fatorial_decomposicao.csv,mvp,taxa_omissao,AB,parcela_media,0.0,0.00043402777777757934,0.00043402777777757934,-1.672152963933588e-16,0.0004340277777777466
modelo_10_fatorial_decomposicao.csv,mvp,taxa_omissao,AB,pct_do_contraste,-0.0,-0.19018638265491492,-0.19018638265491492,1.0907815483870292e-13,-0.190186382655024
modelo_10_fatorial_decomposicao.csv,mvp,taxa_omissao,AB,p_valor,,0.632171630859375,,,
modelo_10_fatorial_decomposicao.csv,mvp,taxa_omissao,AB,n_instancias,16.0,16.0,0.0,16.0,0.0
modelo_10_fatorial_decomposicao.csv,mvp,taxa_omissao,AC,parcela_media,0.01796875,0.03046874999999986,0.012499999999999862,0.017968749999999846,0.012500000000000015
modelo_10_fatorial_decomposicao.csv,mvp,taxa_omissao,AC,pct_do_contraste,-11.721404303510766,-13.351084062381071,-1.6296797588703047,-11.72140430351066,-1.6296797588704113
modelo_10_fatorial_decomposicao.csv,mvp,taxa_omissao,AC,p_valor,0.00762939453125,0.000213623046875,-0.007415771484375,0.00762939453125,-0.007415771484375
modelo_10_fatorial_decomposicao.csv,mvp,taxa_omissao,AC,n_instancias,16.0,16.0,0.0,16.0,0.0
modelo_10_fatorial_decomposicao.csv,mvp,taxa_omissao,AD,parcela_media,0.0068576388888888,-0.0006944444444443656,-0.007552083333333166,0.006857638888888953,-0.007552083333333319
modelo_10_fatorial_decomposicao.csv,mvp,taxa_omissao,AD,pct_do_contraste,-4.47338618346546,0.3042982122479685,4.777684395713429,-4.473386183465501,4.77768439571347
modelo_10_fatorial_decomposicao.csv,mvp,taxa_omissao,AD,p_valor,0.17535400390625,0.899932861328125,0.724578857421875,0.17535400390625,0.724578857421875
modelo_10_fatorial_decomposicao.csv,mvp,taxa_omissao,AD,n_instancias,16.0,16.0,0.0,16.0,0.0
modelo_10_fatorial_decomposicao.csv,mvp,taxa_omissao,BC,parcela_media,3.469446951953614e-18,-7.365346758418183e-18,-1.0834793710371797e-17,-8.427864887453986e-18,1.0625181290358033e-18
modelo_10_fatorial_decomposicao.csv,mvp,taxa_omissao,BC,pct_do_contraste,-2.2631952936866162e-15,3.2274170656895193e-15,5.4906123593761355e-15,5.497678567580404e-15,-2.270261501890885e-15
modelo_10_fatorial_decomposicao.csv,mvp,taxa_omissao,BC,p_valor,,,,,
modelo_10_fatorial_decomposicao.csv,mvp,taxa_omissao,BC,n_instancias,16.0,16.0,0.0,16.0,0.0
modelo_10_fatorial_decomposicao.csv,mvp,taxa_omissao,BD,parcela_media,0.0,3.193857483441005e-17,3.193857483441005e-17,2.7948402979787256e-17,3.990171854622796e-18
modelo_10_fatorial_decomposicao.csv,mvp,taxa_omissao,BD,pct_do_contraste,-0.0,-1.3995145762358453e-14,-1.3995145762358453e-14,-1.823134781014435e-14,4.236202047785896e-15
modelo_10_fatorial_decomposicao.csv,mvp,taxa_omissao,BD,p_valor,,,,,
modelo_10_fatorial_decomposicao.csv,mvp,taxa_omissao,BD,n_instancias,16.0,16.0,0.0,16.0,0.0
modelo_10_fatorial_decomposicao.csv,mvp,taxa_omissao,CD,parcela_media,0.0032986111111111,-0.001562500000000063,-0.004861111111111163,0.0032986111111110725,-0.0048611111111111355
modelo_10_fatorial_decomposicao.csv,mvp,taxa_omissao,CD,pct_do_contraste,-2.151755379388452,0.6846709775580343,2.836426356946486,-2.151755379388424,2.836426356946458
modelo_10_fatorial_decomposicao.csv,mvp,taxa_omissao,CD,p_valor,0.2552110754513822,0.781951904296875,0.5267408288454928,0.322509765625,0.459442138671875
modelo_10_fatorial_decomposicao.csv,mvp,taxa_omissao,CD,n_instancias,16.0,16.0,0.0,16.0,0.0
modelo_10_fatorial_decomposicao.csv,mvp,taxa_omissao,ABC,parcela_media,-2.1684043449710093e-18,-0.0006076388888887965,-0.0006076388888887944,8.349802331035035e-17,-0.00060763888888888
modelo_10_fatorial_decomposicao.csv,mvp,taxa_omissao,ABC,pct_do_contraste,1.414497058554135e-15,0.26626093571696213,0.26626093571696074,-5.446756673472459e-14,0.2662609357170166
modelo_10_fatorial_decomposicao.csv,mvp,taxa_omissao,ABC,p_valor,,0.781951904296875,,,
modelo_10_fatorial_decomposicao.csv,mvp,taxa_omissao,ABC,n_instancias,16.0,16.0,0.0,16.0,0.0
modelo_10_fatorial_decomposicao.csv,mvp,taxa_omissao,ABD,parcela_media,0.0,1.1405806854547507e-16,1.1405806854547507e-16,7.108993178079398e-17,4.296813676468108e-17
modelo_10_fatorial_decomposicao.csv,mvp,taxa_omissao,ABD,pct_do_contraste,-0.0,-4.9979039545221475e-14,-4.9979039545221475e-14,-4.6373500232998124e-14,-3.605539312223351e-15
modelo_10_fatorial_decomposicao.csv,mvp,taxa_omissao,ABD,p_valor,,0.528167724609375,,,
modelo_10_fatorial_decomposicao.csv,mvp,taxa_omissao,ABD,n_instancias,16.0,16.0,0.0,16.0,0.0
modelo_10_fatorial_decomposicao.csv,mvp,taxa_omissao,ACD,parcela_media,-0.0092881944444444,0.00668402777777788,0.01597222222222228,-0.009288194444444366,0.015972222222222245
modelo_10_fatorial_decomposicao.csv,mvp,taxa_omissao,ACD,pct_do_contraste,6.0588901472253704,-2.9288702928870736,-8.987760440112444,6.058890147225318,-8.987760440112393
modelo_10_fatorial_decomposicao.csv,mvp,taxa_omissao,ACD,p_valor,0.21142578125,0.322509765625,0.111083984375,0.21142578125,0.111083984375
modelo_10_fatorial_decomposicao.csv,mvp,taxa_omissao,ACD,n_instancias,16.0,16.0,0.0,16.0,0.0
modelo_10_fatorial_decomposicao.csv,mvp,taxa_omissao,BCD,parcela_media,3.903127820947816e-18,-2.940356291780686e-17,-3.3306690738754676e-17,-3.4395711587562336e-17,4.992148669755476e-18
modelo_10_fatorial_decomposicao.csv,mvp,taxa_omissao,BCD,pct_do_contraste,-2.546094705397443e-15,1.2884330346638835e-14,1.5430425052036278e-14,2.2437066675465354e-14,-9.55273632882652e-15
modelo_10_fatorial_decomposicao.csv,mvp,taxa_omissao,BCD,p_valor,,,,,
modelo_10_fatorial_decomposicao.csv,mvp,taxa_omissao,BCD,n_instancias,16.0,16.0,0.0,16.0,0.0
modelo_10_fatorial_decomposicao.csv,mvp,taxa_omissao,ABCD,parcela_media,-6.5052130349130266e-18,-0.0003472222222224771,-0.00034722222222247057,-2.186811688521652e-16,-0.0003472222222222584
modelo_10_fatorial_decomposicao.csv,mvp,taxa_omissao,ABCD,pct_do_contraste,4.2434911756624046e-15,0.15214910612411317,0.15214910612410892,1.4265045669178615e-13,0.1521491061239705
modelo_10_fatorial_decomposicao.csv,mvp,taxa_omissao,ABCD,p_valor,,0.322509765625,,,
modelo_10_fatorial_decomposicao.csv,mvp,taxa_omissao,ABCD,n_instancias,16.0,16.0,0.0,16.0,0.0
modelo_10_fatorial_decomposicao.csv,mvp,taxa_omissao,SOMA_principais,parcela_media,-0.1721354166666666,-0.2625868055555556,-0.09045138888888898,-0.17213541666666662,-0.09045138888888896
modelo_10_fatorial_decomposicao.csv,mvp,taxa_omissao,SOMA_principais,pct_do_contraste,112.2876557191393,115.06276150627615,2.7751057871368516,112.28765571913927,2.77510578713688
modelo_10_fatorial_decomposicao.csv,mvp,taxa_omissao,SOMA_principais,p_valor,,,,,
modelo_10_fatorial_decomposicao.csv,mvp,taxa_omissao,SOMA_principais,n_instancias,16.0,16.0,0.0,16.0,0.0
modelo_10_fatorial_decomposicao.csv,mvp,taxa_omissao,SOMA_interacoes,parcela_media,0.0188368055555555,0.034374999999999725,0.015538194444444226,0.018836805555555267,0.015538194444444459
modelo_10_fatorial_decomposicao.csv,mvp,taxa_omissao,SOMA_interacoes,pct_do_contraste,-12.287655719139304,-15.062761506276027,-2.7751057871367237,-12.287655719139112,-2.7751057871369156
modelo_10_fatorial_decomposicao.csv,mvp,taxa_omissao,SOMA_interacoes,p_valor,,,,,
modelo_10_fatorial_decomposicao.csv,mvp,taxa_omissao,SOMA_interacoes,n_instancias,16.0,16.0,0.0,16.0,0.0
modelo_07_ablacao_parametros.csv,mvp,taxa_omissao,centralizada,dif_absoluta,0.0,0.0,0.0,0.0,0.0
modelo_07_ablacao_parametros.csv,mvp,taxa_omissao,centralizada,dif_relativa_pct,0.0,0.0,0.0,0.0,0.0
modelo_07_ablacao_parametros.csv,mvp,taxa_omissao,centralizada,p_valor,,,,,
modelo_07_ablacao_parametros.csv,mvp,taxa_omissao,centralizada,d_cohen_pareado,,,,,
modelo_07_ablacao_parametros.csv,mvp,taxa_omissao,centralizada,prop_instancias_com_dif,0.0,0.0,0.0,0.0,0.0
modelo_07_ablacao_parametros.csv,mvp,taxa_omissao,centralizada,n_instancias,16.0,16.0,0.0,16.0,0.0
modelo_07_ablacao_parametros.csv,mvp,taxa_omissao,centralizada,media_referencia_centralizada,0.2170138888888888,0.3125,0.09548611111111119,0.21701388888888884,0.09548611111111116
modelo_07_ablacao_parametros.csv,mvp,taxa_omissao,centralizada,media_braco,0.2170138888888888,0.3125,0.09548611111111119,0.21701388888888884,0.09548611111111116
modelo_07_ablacao_parametros.csv,mvp,taxa_omissao,centralizada,efeito_total_adaptativa,-0.1532986111111111,-0.2282118055555556,-0.0749131944444445,-0.1532986111111111,-0.0749131944444445
modelo_07_ablacao_parametros.csv,mvp,taxa_omissao,centralizada,fracao_do_efeito_total_pct,-0.0,-0.0,0.0,-0.0,0.0
modelo_07_ablacao_parametros.csv,mvp,taxa_omissao,adaptativa,dif_absoluta,-0.1532986111111111,-0.2282118055555556,-0.0749131944444445,-0.1532986111111111,-0.0749131944444445
modelo_07_ablacao_parametros.csv,mvp,taxa_omissao,adaptativa,dif_relativa_pct,-70.64,-73.0277777777778,-2.3877777777777993,-70.64,-2.3877777777777993
modelo_07_ablacao_parametros.csv,mvp,taxa_omissao,adaptativa,p_valor,3.0517578125e-05,3.0517578125e-05,0.0,3.0517578125e-05,0.0
modelo_07_ablacao_parametros.csv,mvp,taxa_omissao,adaptativa,d_cohen_pareado,-7.815444732066755,-8.31358362958822,-0.49813889752146423,-7.815444732066755,-0.49813889752146423
modelo_07_ablacao_parametros.csv,mvp,taxa_omissao,adaptativa,prop_instancias_com_dif,1.0,1.0,0.0,1.0,0.0
modelo_07_ablacao_parametros.csv,mvp,taxa_omissao,adaptativa,n_instancias,16.0,16.0,0.0,16.0,0.0
modelo_07_ablacao_parametros.csv,mvp,taxa_omissao,adaptativa,media_referencia_centralizada,0.2170138888888888,0.3125,0.09548611111111119,0.21701388888888884,0.09548611111111116
modelo_07_ablacao_parametros.csv,mvp,taxa_omissao,adaptativa,media_braco,0.0637152777777777,0.08428819444444441,0.020572916666666705,0.06371527777777775,0.020572916666666663
modelo_07_ablacao_parametros.csv,mvp,taxa_omissao,adaptativa,efeito_total_adaptativa,-0.1532986111111111,-0.2282118055555556,-0.0749131944444445,-0.1532986111111111,-0.0749131944444445
modelo_07_ablacao_parametros.csv,mvp,taxa_omissao,adaptativa,fracao_do_efeito_total_pct,100.0,100.0,0.0,100.0,0.0
modelo_07_ablacao_parametros.csv,mvp,taxa_omissao,so_tau_inicial,dif_absoluta,-0.0163194444444444,-0.04175347222222223,-0.025434027777777826,-0.01631944444444445,-0.025434027777777778
modelo_07_ablacao_parametros.csv,mvp,taxa_omissao,so_tau_inicial,dif_relativa_pct,-7.520000000000004,-13.36111111111111,-5.841111111111107,-7.520000000000004,-5.841111111111107
modelo_07_ablacao_parametros.csv,mvp,taxa_omissao,so_tau_inicial,p_valor,0.0071504467930583,0.0006533107814151376,-0.006497136011643163,0.005157470703125,-0.004504159921709863
modelo_07_ablacao_parametros.csv,mvp,taxa_omissao,so_tau_inicial,d_cohen_pareado,-0.8411474543578371,-1.7895745511533936,-0.9484270967955565,-0.8411474543578371,-0.9484270967955565
modelo_07_ablacao_parametros.csv,mvp,taxa_omissao,so_tau_inicial,prop_instancias_com_dif,1.0,0.9375,-0.0625,1.0,-0.0625
modelo_07_ablacao_parametros.csv,mvp,taxa_omissao,so_tau_inicial,n_instancias,16.0,16.0,0.0,16.0,0.0
modelo_07_ablacao_parametros.csv,mvp,taxa_omissao,so_tau_inicial,media_referencia_centralizada,0.2170138888888888,0.3125,0.09548611111111119,0.21701388888888884,0.09548611111111116
modelo_07_ablacao_parametros.csv,mvp,taxa_omissao,so_tau_inicial,media_braco,0.2006944444444444,0.27074652777777775,0.07005208333333335,0.2006944444444444,0.07005208333333335
modelo_07_ablacao_parametros.csv,mvp,taxa_omissao,so_tau_inicial,efeito_total_adaptativa,-0.1532986111111111,-0.2282118055555556,-0.0749131944444445,-0.1532986111111111,-0.0749131944444445
modelo_07_ablacao_parametros.csv,mvp,taxa_omissao,so_tau_inicial,fracao_do_efeito_total_pct,10.64552661381654,18.29593001141118,7.650403397594641,10.64552661381654,7.650403397594641
modelo_07_ablacao_parametros.csv,mvp,taxa_omissao,so_tau_min,dif_absoluta,0.0,0.0,0.0,0.0,0.0
modelo_07_ablacao_parametros.csv,mvp,taxa_omissao,so_tau_min,dif_relativa_pct,0.0,0.0,0.0,0.0,0.0
modelo_07_ablacao_parametros.csv,mvp,taxa_omissao,so_tau_min,p_valor,,,,,
modelo_07_ablacao_parametros.csv,mvp,taxa_omissao,so_tau_min,d_cohen_pareado,,,,,
modelo_07_ablacao_parametros.csv,mvp,taxa_omissao,so_tau_min,prop_instancias_com_dif,0.0,0.0,0.0,0.0,0.0
modelo_07_ablacao_parametros.csv,mvp,taxa_omissao,so_tau_min,n_instancias,16.0,16.0,0.0,16.0,0.0
modelo_07_ablacao_parametros.csv,mvp,taxa_omissao,so_tau_min,media_referencia_centralizada,0.2170138888888888,0.3125,0.09548611111111119,0.21701388888888884,0.09548611111111116
modelo_07_ablacao_parametros.csv,mvp,taxa_omissao,so_tau_min,media_braco,0.2170138888888888,0.3125,0.09548611111111119,0.21701388888888884,0.09548611111111116
modelo_07_ablacao_parametros.csv,mvp,taxa_omissao,so_tau_min,efeito_total_adaptativa,-0.1532986111111111,-0.2282118055555556,-0.0749131944444445,-0.1532986111111111,-0.0749131944444445
modelo_07_ablacao_parametros.csv,mvp,taxa_omissao,so_tau_min,fracao_do_efeito_total_pct,-0.0,-0.0,0.0,-0.0,0.0
modelo_07_ablacao_parametros.csv,mvp,taxa_omissao,so_p_reporte,dif_absoluta,-0.1542534722222222,-0.2193576388888889,-0.06510416666666671,-0.15425347222222222,-0.06510416666666669
modelo_07_ablacao_parametros.csv,mvp,taxa_omissao,so_p_reporte,dif_relativa_pct,-71.08000000000001,-70.19444444444444,0.8855555555555696,-71.08000000000001,0.8855555555555696
modelo_07_ablacao_parametros.csv,mvp,taxa_omissao,so_p_reporte,p_valor,0.0004339135941093,3.0517578125e-05,-0.0004033960159843,3.0517578125e-05,0.0
modelo_07_ablacao_parametros.csv,mvp,taxa_omissao,so_p_reporte,d_cohen_pareado,-11.253749820692567,-9.670523958138551,1.5832258625540163,-11.253749820692569,1.583225862554018
modelo_07_ablacao_parametros.csv,mvp,taxa_omissao,so_p_reporte,prop_instancias_com_dif,1.0,1.0,0.0,1.0,0.0
modelo_07_ablacao_parametros.csv,mvp,taxa_omissao,so_p_reporte,n_instancias,16.0,16.0,0.0,16.0,0.0
modelo_07_ablacao_parametros.csv,mvp,taxa_omissao,so_p_reporte,media_referencia_centralizada,0.2170138888888888,0.3125,0.09548611111111119,0.21701388888888884,0.09548611111111116
modelo_07_ablacao_parametros.csv,mvp,taxa_omissao,so_p_reporte,media_braco,0.0627604166666666,0.09314236111111107,0.030381944444444475,0.06276041666666662,0.030381944444444448
modelo_07_ablacao_parametros.csv,mvp,taxa_omissao,so_p_reporte,efeito_total_adaptativa,-0.1532986111111111,-0.2282118055555556,-0.0749131944444445,-0.1532986111111111,-0.0749131944444445
modelo_07_ablacao_parametros.csv,mvp,taxa_omissao,so_p_reporte,fracao_do_efeito_total_pct,100.6228765571914,96.12019779383795,-4.502678763353458,100.6228765571914,-4.502678763353458
modelo_07_ablacao_parametros.csv,mvp,taxa_omissao,so_p_deteccao,dif_absoluta,-0.0015624999999999,-0.0014756944444444461,8.680555555545377e-05,-0.0015624999999999997,8.680555555555351e-05
modelo_07_ablacao_parametros.csv,mvp,taxa_omissao,so_p_deteccao,dif_relativa_pct,-0.7200000000000001,-0.47222222222222276,0.24777777777777732,-0.7200000000000001,0.24777777777777732
modelo_07_ablacao_parametros.csv,mvp,taxa_omissao,so_p_deteccao,p_valor,0.596588134765625,0.93988037109375,0.343292236328125,0.596588134765625,0.343292236328125
modelo_07_ablacao_parametros.csv,mvp,taxa_omissao,so_p_deteccao,d_cohen_pareado,-0.0737989247083015,-0.05879272891933653,0.01500619578896497,-0.07379892470830153,0.015006195788964997
modelo_07_ablacao_parametros.csv,mvp,taxa_omissao,so_p_deteccao,prop_instancias_com_dif,1.0,1.0,0.0,1.0,0.0
modelo_07_ablacao_parametros.csv,mvp,taxa_omissao,so_p_deteccao,n_instancias,16.0,16.0,0.0,16.0,0.0
modelo_07_ablacao_parametros.csv,mvp,taxa_omissao,so_p_deteccao,media_referencia_centralizada,0.2170138888888888,0.3125,0.09548611111111119,0.21701388888888884,0.09548611111111116
modelo_07_ablacao_parametros.csv,mvp,taxa_omissao,so_p_deteccao,media_braco,0.2154513888888888,0.31102430555555555,0.09557291666666676,0.21545138888888887,0.09557291666666667
modelo_07_ablacao_parametros.csv,mvp,taxa_omissao,so_p_deteccao,efeito_total_adaptativa,-0.1532986111111111,-0.2282118055555556,-0.0749131944444445,-0.1532986111111111,-0.0749131944444445
modelo_07_ablacao_parametros.csv,mvp,taxa_omissao,so_p_deteccao,fracao_do_efeito_total_pct,1.0192525481313703,0.6466337010270071,-0.3726188471043632,1.0192525481313703,-0.3726188471043632
modelo_07_ablacao_parametros.csv,mvp,taxa_omissao,so_par_tau,dif_absoluta,-0.0163194444444444,-0.04131944444444445,-0.02500000000000005,-0.01631944444444445,-0.025
modelo_07_ablacao_parametros.csv,mvp,taxa_omissao,so_par_tau,dif_relativa_pct,-7.520000000000004,-13.222222222222223,-5.702222222222219,-7.520000000000004,-5.702222222222219
modelo_07_ablacao_parametros.csv,mvp,taxa_omissao,so_par_tau,p_valor,0.0071504467930583,0.0006533107814151376,-0.006497136011643163,0.005157470703125,-0.004504159921709863
modelo_07_ablacao_parametros.csv,mvp,taxa_omissao,so_par_tau,d_cohen_pareado,-0.8411474543578371,-1.6577310835205241,-0.816583629162687,-0.8411474543578371,-0.816583629162687
modelo_07_ablacao_parametros.csv,mvp,taxa_omissao,so_par_tau,prop_instancias_com_dif,1.0,0.9375,-0.0625,1.0,-0.0625
modelo_07_ablacao_parametros.csv,mvp,taxa_omissao,so_par_tau,n_instancias,16.0,16.0,0.0,16.0,0.0
modelo_07_ablacao_parametros.csv,mvp,taxa_omissao,so_par_tau,media_referencia_centralizada,0.2170138888888888,0.3125,0.09548611111111119,0.21701388888888884,0.09548611111111116
modelo_07_ablacao_parametros.csv,mvp,taxa_omissao,so_par_tau,media_braco,0.2006944444444444,0.27118055555555554,0.07048611111111114,0.2006944444444444,0.07048611111111114
modelo_07_ablacao_parametros.csv,mvp,taxa_omissao,so_par_tau,efeito_total_adaptativa,-0.1532986111111111,-0.2282118055555556,-0.0749131944444445,-0.1532986111111111,-0.0749131944444445
modelo_07_ablacao_parametros.csv,mvp,taxa_omissao,so_par_tau,fracao_do_efeito_total_pct,10.64552661381654,18.10574362875618,7.460217014939641,10.64552661381654,7.460217014939641
modelo_07_ablacao_parametros.csv,mvp,taxa_omissao,sem_par_tau,dif_absoluta,-0.1525173611111111,-0.22239583333333335,-0.06987847222222224,-0.1525173611111111,-0.06987847222222224
modelo_07_ablacao_parametros.csv,mvp,taxa_omissao,sem_par_tau,dif_relativa_pct,-70.28000000000002,-71.16666666666667,-0.8866666666666561,-70.28000000000002,-0.8866666666666561
modelo_07_ablacao_parametros.csv,mvp,taxa_omissao,sem_par_tau,p_valor,0.0004358423668112,3.0517578125e-05,-0.0004053247886862,3.0517578125e-05,0.0
modelo_07_ablacao_parametros.csv,mvp,taxa_omissao,sem_par_tau,d_cohen_pareado,-9.720236059224275,-8.753137044109035,0.9670990151152399,-9.720236059224275,0.9670990151152399
modelo_07_ablacao_parametros.csv,mvp,taxa_omissao,sem_par_tau,prop_instancias_com_dif,1.0,1.0,0.0,1.0,0.0
modelo_07_ablacao_parametros.csv,mvp,taxa_omissao,sem_par_tau,n_instancias,16.0,16.0,0.0,16.0,0.0
modelo_07_ablacao_parametros.csv,mvp,taxa_omissao,sem_par_tau,media_referencia_centralizada,0.2170138888888888,0.3125,0.09548611111111119,0.21701388888888884,0.09548611111111116
modelo_07_ablacao_parametros.csv,mvp,taxa_omissao,sem_par_tau,media_braco,0.0644965277777777,0.09010416666666664,0.025607638888888937,0.06449652777777774,0.025607638888888895
modelo_07_ablacao_parametros.csv,mvp,taxa_omissao,sem_par_tau,efeito_total_adaptativa,-0.1532986111111111,-0.2282118055555556,-0.0749131944444445,-0.1532986111111111,-0.0749131944444445
modelo_07_ablacao_parametros.csv,mvp,taxa_omissao,sem_par_tau,fracao_do_efeito_total_pct,99.49037372593432,97.45150247242297,-2.0388712535113456,99.49037372593432,-2.0388712535113456
modelo_10_fatorial_decomposicao.csv,mvp,retrabalho_sobre_plano,A,parcela_media,-0.0444834410668884,-0.06639829657245146,-0.021914855505563054,-0.044483441066888466,-0.02191485550556299
modelo_10_fatorial_decomposicao.csv,mvp,retrabalho_sobre_plano,A,pct_do_contraste,91.4721239280996,122.39079356275221,30.918669634652602,91.47212392809959,30.918669634652616
modelo_10_fatorial_decomposicao.csv,mvp,retrabalho_sobre_plano,A,p_valor,3.0517578125e-05,3.0517578125e-05,0.0,3.0517578125e-05,0.0
modelo_10_fatorial_decomposicao.csv,mvp,retrabalho_sobre_plano,A,n_instancias,16.0,16.0,0.0,16.0,0.0
modelo_10_fatorial_decomposicao.csv,mvp,retrabalho_sobre_plano,B,parcela_media,0.0,0.0,0.0,0.0,0.0
modelo_10_fatorial_decomposicao.csv,mvp,retrabalho_sobre_plano,B,pct_do_contraste,-0.0,-0.0,0.0,-0.0,0.0
modelo_10_fatorial_decomposicao.csv,mvp,retrabalho_sobre_plano,B,p_valor,,,,,
modelo_10_fatorial_decomposicao.csv,mvp,retrabalho_sobre_plano,B,n_instancias,16.0,16.0,0.0,16.0,0.0
modelo_10_fatorial_decomposicao.csv,mvp,retrabalho_sobre_plano,C,parcela_media,-0.0051794380037939,-0.003907590641279193,0.001271847362514707,-0.005179438003793893,0.0012718473625147001
modelo_10_fatorial_decomposicao.csv,mvp,retrabalho_sobre_plano,C,pct_do_contraste,10.650574317048704,7.20279200209137,-3.447782314957334,10.65057431704852,-3.4477823149571494
modelo_10_fatorial_decomposicao.csv,mvp,retrabalho_sobre_plano,C,p_valor,0.21142578125,0.375457763671875,0.164031982421875,0.21142578125,0.164031982421875
modelo_10_fatorial_decomposicao.csv,mvp,retrabalho_sobre_plano,C,n_instancias,16.0,16.0,0.0,16.0,0.0
modelo_10_fatorial_decomposicao.csv,mvp,retrabalho_sobre_plano,D,parcela_media,-0.00248648420245,-0.0016455757757480463,0.0008409084267019537,-0.0024864842024501666,0.0008409084267021203
modelo_10_fatorial_decomposicao.csv,mvp,retrabalho_sobre_plano,D,pct_do_contraste,5.113003527981923,3.0332604216989334,-2.0797431062829896,5.113003527982076,-2.0797431062831424
modelo_10_fatorial_decomposicao.csv,mvp,retrabalho_sobre_plano,D,p_valor,0.49542236328125,0.781951904296875,0.286529541015625,0.49542236328125,0.286529541015625
modelo_10_fatorial_decomposicao.csv,mvp,retrabalho_sobre_plano,D,n_instancias,16.0,16.0,0.0,16.0,0.0
modelo_10_fatorial_decomposicao.csv,mvp,retrabalho_sobre_plano,AB,parcela_media,0.0,0.0010109158614573979,0.0010109158614573979,-1.8454352143966659e-16,0.0010109158614575824
modelo_10_fatorial_decomposicao.csv,mvp,retrabalho_sobre_plano,AB,pct_do_contraste,-0.0,-1.8634031427890312,-1.8634031427890312,3.7948026183213285e-13,-1.8634031427894107
modelo_10_fatorial_decomposicao.csv,mvp,retrabalho_sobre_plano,AB,p_valor,,0.274444580078125,,,
modelo_10_fatorial_decomposicao.csv,mvp,retrabalho_sobre_plano,AB,n_instancias,16.0,16.0,0.0,16.0,0.0
modelo_10_fatorial_decomposicao.csv,mvp,retrabalho_sobre_plano,AC,parcela_media,0.0004552273962489,0.010553247720761983,0.010098020324513082,0.000455227396248873,0.01009802032451311
modelo_10_fatorial_decomposicao.csv,mvp,retrabalho_sobre_plano,AC,pct_do_contraste,-0.9360925280608726,-19.45261294164369,-18.516520413582818,-0.936092528060705,-18.516520413582985
modelo_10_fatorial_decomposicao.csv,mvp,retrabalho_sobre_plano,AC,p_valor,0.899932861328125,0.231201171875,-0.668731689453125,0.899932861328125,-0.668731689453125
modelo_10_fatorial_decomposicao.csv,mvp,retrabalho_sobre_plano,AC,n_instancias,16.0,16.0,0.0,16.0,0.0
modelo_10_fatorial_decomposicao.csv,mvp,retrabalho_sobre_plano,AD,parcela_media,0.0035372245375128,0.0070693828991667575,0.0035321583616539573,0.0035372245375129585,0.003532158361653799
modelo_10_fatorial_decomposicao.csv,mvp,retrabalho_sobre_plano,AD,pct_do_contraste,-7.273660344090046,-13.030867171176055,-5.7572068270860095,-7.2736603440902,-5.757206827085855
modelo_10_fatorial_decomposicao.csv,mvp,retrabalho_sobre_plano,AD,p_valor,0.705718994140625,0.632171630859375,-0.07354736328125,0.705718994140625,-0.07354736328125
modelo_10_fatorial_decomposicao.csv,mvp,retrabalho_sobre_plano,AD,n_instancias,16.0,16.0,0.0,16.0,0.0
modelo_10_fatorial_decomposicao.csv,mvp,retrabalho_sobre_plano,BC,parcela_media,0.0,-4.7373931976416045e-17,-4.7373931976416045e-17,-3.5742690656020074e-17,-1.1631241320395971e-17
modelo_10_fatorial_decomposicao.csv,mvp,retrabalho_sobre_plano,BC,pct_do_contraste,-0.0,8.732352226016348e-14,8.732352226016348e-14,7.349835693455016e-14,1.3825165325613328e-14
modelo_10_fatorial_decomposicao.csv,mvp,retrabalho_sobre_plano,BC,p_valor,,,,,
modelo_10_fatorial_decomposicao.csv,mvp,retrabalho_sobre_plano,BC,n_instancias,16.0,16.0,0.0,16.0,0.0
modelo_10_fatorial_decomposicao.csv,mvp,retrabalho_sobre_plano,BD,parcela_media,0.0,9.034100661182894e-17,9.034100661182894e-17,7.129903353073965e-17,1.904197308108929e-17
modelo_10_fatorial_decomposicao.csv,mvp,retrabalho_sobre_plano,BD,pct_do_contraste,-0.0,-1.6652396313231748e-13,-1.6652396313231748e-13,-1.4661352347429218e-13,-1.9910439658025298e-14
modelo_10_fatorial_decomposicao.csv,mvp,retrabalho_sobre_plano,BD,p_valor,,,,,
modelo_10_fatorial_decomposicao.csv,mvp,retrabalho_sobre_plano,BD,n_instancias,16.0,16.0,0.0,16.0,0.0
modelo_10_fatorial_decomposicao.csv,mvp,retrabalho_sobre_plano,CD,parcela_media,0.0044229407694575,0.0005523651709310167,-0.003870575598526483,0.00442294076945747,-0.0038705755985264535
modelo_10_fatorial_decomposicao.csv,mvp,retrabalho_sobre_plano,CD,pct_do_contraste,-9.094975039860673,-1.0181648490470667,8.076810190813607,-9.09497503986054,8.076810190813474
modelo_10_fatorial_decomposicao.csv,mvp,retrabalho_sobre_plano,CD,p_valor,0.40374755859375,0.899932861328125,0.496185302734375,0.40374755859375,0.496185302734375
modelo_10_fatorial_decomposicao.csv,mvp,retrabalho_sobre_plano,CD,n_instancias,16.0,16.0,0.0,16.0,0.0
modelo_10_fatorial_decomposicao.csv,mvp,retrabalho_sobre_plano,ABC,parcela_media,0.0,-0.003553285772709969,-0.003553285772709969,2.076127361359953e-17,-0.00355328577270999
modelo_10_fatorial_decomposicao.csv,mvp,retrabalho_sobre_plano,ABC,pct_do_contraste,-0.0,6.549708169134647,6.549708169134647,-4.2691791537277245e-14,6.549708169134689
modelo_10_fatorial_decomposicao.csv,mvp,retrabalho_sobre_plano,ABC,p_valor,,0.02899169921875,,,
modelo_10_fatorial_decomposicao.csv,mvp,retrabalho_sobre_plano,ABC,n_instancias,16.0,16.0,0.0,16.0,0.0
modelo_10_fatorial_decomposicao.csv,mvp,retrabalho_sobre_plano,ABD,parcela_media,0.0,-0.00042180752078054164,-0.00042180752078054164,1.0709855457882807e-16,-0.00042180752078064876
modelo_10_fatorial_decomposicao.csv,mvp,retrabalho_sobre_plano,ABD,pct_do_contraste,-0.0,0.7775102655342344,0.7775102655342344,-2.202287417968438e-13,0.7775102655344547
modelo_10_fatorial_decomposicao.csv,mvp,retrabalho_sobre_plano,ABD,p_valor,,0.979949951171875,,,
modelo_10_fatorial_decomposicao.csv,mvp,retrabalho_sobre_plano,ABD,n_instancias,16.0,16.0,0.0,16.0,0.0
modelo_10_fatorial_decomposicao.csv,mvp,retrabalho_sobre_plano,ACD,parcela_media,-0.0048966276458384,-3.86562911800295e-05,0.00485797135465837,-0.004896627645838398,0.004857971354658369
modelo_10_fatorial_decomposicao.csv,mvp,retrabalho_sobre_plano,ACD,pct_do_contraste,10.06902613888139,0.07125445076070801,-9.997771688120682,10.06902613888136,-9.997771688120652
modelo_10_fatorial_decomposicao.csv,mvp,retrabalho_sobre_plano,ACD,p_valor,0.668548583984375,0.979949951171875,0.3114013671875,0.668548583984375,0.3114013671875
modelo_10_fatorial_decomposicao.csv,mvp,retrabalho_sobre_plano,ACD,n_instancias,16.0,16.0,0.0,16.0,0.0
modelo_10_fatorial_decomposicao.csv,mvp,retrabalho_sobre_plano,BCD,parcela_media,0.0,-1.0980841605178406e-16,-1.0980841605178406e-16,-8.336745612377301e-17,-2.6440959928011047e-17
modelo_10_fatorial_decomposicao.csv,mvp,retrabalho_sobre_plano,BCD,pct_do_contraste,-0.0,2.0240789107868094e-13,2.0240789107868094e-13,1.7143004442164169e-13,3.097784665703925e-14
modelo_10_fatorial_decomposicao.csv,mvp,retrabalho_sobre_plano,BCD,p_valor,,,,,
modelo_10_fatorial_decomposicao.csv,mvp,retrabalho_sobre_plano,BCD,n_instancias,16.0,16.0,0.0,16.0,0.0
modelo_10_fatorial_decomposicao.csv,mvp,retrabalho_sobre_plano,ABCD,parcela_media,0.0,0.002528246051100934,0.002528246051100934,-2.1145211882892297e-16,0.0025282460511011455
modelo_10_fatorial_decomposicao.csv,mvp,retrabalho_sobre_plano,ABCD,pct_do_contraste,-0.0,-4.660270767315461,-4.660270767315461,4.34812909129366e-13,-4.660270767315896
modelo_10_fatorial_decomposicao.csv,mvp,retrabalho_sobre_plano,ABCD,p_valor,,0.348388671875,,,
modelo_10_fatorial_decomposicao.csv,mvp,retrabalho_sobre_plano,ABCD,n_instancias,16.0,16.0,0.0,16.0,0.0
modelo_10_fatorial_decomposicao.csv,mvp,retrabalho_sobre_plano,SOMA_principais,parcela_media,-0.0521493632731325,-0.0719514629894787,-0.0198020997163462,-0.05214936327313252,-0.01980209971634618
modelo_10_fatorial_decomposicao.csv,mvp,retrabalho_sobre_plano,SOMA_principais,pct_do_contraste,107.2357017731302,132.62684598654252,25.391144213412318,107.23570177313017,25.391144213412346
modelo_10_fatorial_decomposicao.csv,mvp,retrabalho_sobre_plano,SOMA_principais,p_valor,,,,,
modelo_10_fatorial_decomposicao.csv,mvp,retrabalho_sobre_plano,SOMA_principais,n_instancias,16.0,16.0,0.0,16.0,0.0
modelo_10_fatorial_decomposicao.csv,mvp,retrabalho_sobre_plano,SOMA_interacoes,parcela_media,0.0035187650573809,0.017700408118747478,0.014181643061366577,0.0035187650573805873,0.014181643061366891
modelo_10_fatorial_decomposicao.csv,mvp,retrabalho_sobre_plano,SOMA_interacoes,pct_do_contraste,-7.235701773130199,-32.62684598654158,-25.391144213411383,-7.235701773129434,-25.391144213412147
modelo_10_fatorial_decomposicao.csv,mvp,retrabalho_sobre_plano,SOMA_interacoes,p_valor,,,,,
modelo_10_fatorial_decomposicao.csv,mvp,retrabalho_sobre_plano,SOMA_interacoes,n_instancias,16.0,16.0,0.0,16.0,0.0
modelo_07_ablacao_parametros.csv,mvp,retrabalho_sobre_plano,centralizada,dif_absoluta,0.0,0.0,0.0,0.0,0.0
modelo_07_ablacao_parametros.csv,mvp,retrabalho_sobre_plano,centralizada,dif_relativa_pct,0.0,0.0,0.0,0.0,0.0
modelo_07_ablacao_parametros.csv,mvp,retrabalho_sobre_plano,centralizada,p_valor,,,,,
modelo_07_ablacao_parametros.csv,mvp,retrabalho_sobre_plano,centralizada,d_cohen_pareado,,,,,
modelo_07_ablacao_parametros.csv,mvp,retrabalho_sobre_plano,centralizada,prop_instancias_com_dif,0.0,0.0,0.0,0.0,0.0
modelo_07_ablacao_parametros.csv,mvp,retrabalho_sobre_plano,centralizada,n_instancias,16.0,16.0,0.0,16.0,0.0
modelo_07_ablacao_parametros.csv,mvp,retrabalho_sobre_plano,centralizada,media_referencia_centralizada,0.20309877307027,0.2892036315045449,0.08610485843427493,0.20309877307027008,0.08610485843427484
modelo_07_ablacao_parametros.csv,mvp,retrabalho_sobre_plano,centralizada,media_braco,0.20309877307027,0.2892036315045449,0.08610485843427493,0.20309877307027008,0.08610485843427484
modelo_07_ablacao_parametros.csv,mvp,retrabalho_sobre_plano,centralizada,efeito_total_adaptativa,-0.0486305982157515,-0.05425105487073072,-0.0056204566549792195,-0.04863059821575157,-0.005620456654979143
modelo_07_ablacao_parametros.csv,mvp,retrabalho_sobre_plano,centralizada,fracao_do_efeito_total_pct,-0.0,-0.0,0.0,-0.0,0.0
modelo_07_ablacao_parametros.csv,mvp,retrabalho_sobre_plano,adaptativa,dif_absoluta,-0.0486305982157515,-0.05425105487073072,-0.0056204566549792195,-0.04863059821575157,-0.005620456654979143
modelo_07_ablacao_parametros.csv,mvp,retrabalho_sobre_plano,adaptativa,dif_relativa_pct,-23.944309205120547,-18.75877373617217,5.185535468948377,-23.944309205120547,5.185535468948377
modelo_07_ablacao_parametros.csv,mvp,retrabalho_sobre_plano,adaptativa,p_valor,3.0517578125e-05,3.0517578125e-05,0.0,3.0517578125e-05,0.0
modelo_07_ablacao_parametros.csv,mvp,retrabalho_sobre_plano,adaptativa,d_cohen_pareado,-3.0736131015502792,-2.5596455281703894,0.5139675733798899,-3.0736131015502792,0.5139675733798899
modelo_07_ablacao_parametros.csv,mvp,retrabalho_sobre_plano,adaptativa,prop_instancias_com_dif,1.0,1.0,0.0,1.0,0.0
modelo_07_ablacao_parametros.csv,mvp,retrabalho_sobre_plano,adaptativa,n_instancias,16.0,16.0,0.0,16.0,0.0
modelo_07_ablacao_parametros.csv,mvp,retrabalho_sobre_plano,adaptativa,media_referencia_centralizada,0.20309877307027,0.2892036315045449,0.08610485843427493,0.20309877307027008,0.08610485843427484
modelo_07_ablacao_parametros.csv,mvp,retrabalho_sobre_plano,adaptativa,media_braco,0.1544681748545185,0.2349525766338142,0.0804844017792957,0.15446817485451853,0.08048440177929567
modelo_07_ablacao_parametros.csv,mvp,retrabalho_sobre_plano,adaptativa,efeito_total_adaptativa,-0.0486305982157515,-0.05425105487073072,-0.0056204566549792195,-0.04863059821575157,-0.005620456654979143
modelo_07_ablacao_parametros.csv,mvp,retrabalho_sobre_plano,adaptativa,fracao_do_efeito_total_pct,100.0,100.0,0.0,100.0,0.0
modelo_07_ablacao_parametros.csv,mvp,retrabalho_sobre_plano,so_tau_inicial,dif_absoluta,-0.0444834410668884,-0.06639829657245146,-0.021914855505563054,-0.044483441066888466,-0.02191485550556299
modelo_07_ablacao_parametros.csv,mvp,retrabalho_sobre_plano,so_tau_inicial,dif_relativa_pct,-21.902368189835222,-22.959012038342262,-1.05664384850704,-21.902368189835226,-1.0566438485070364
modelo_07_ablacao_parametros.csv,mvp,retrabalho_sobre_plano,so_tau_inicial,p_valor,3.0517578125e-05,3.0517578125e-05,0.0,3.0517578125e-05,0.0
modelo_07_ablacao_parametros.csv,mvp,retrabalho_sobre_plano,so_tau_inicial,d_cohen_pareado,-2.257574843125025,-2.4393712824862317,-0.18179643936120682,-2.257574843125025,-0.18179643936120682
modelo_07_ablacao_parametros.csv,mvp,retrabalho_sobre_plano,so_tau_inicial,prop_instancias_com_dif,1.0,1.0,0.0,1.0,0.0
modelo_07_ablacao_parametros.csv,mvp,retrabalho_sobre_plano,so_tau_inicial,n_instancias,16.0,16.0,0.0,16.0,0.0
modelo_07_ablacao_parametros.csv,mvp,retrabalho_sobre_plano,so_tau_inicial,media_referencia_centralizada,0.20309877307027,0.2892036315045449,0.08610485843427493,0.20309877307027008,0.08610485843427484
modelo_07_ablacao_parametros.csv,mvp,retrabalho_sobre_plano,so_tau_inicial,media_braco,0.1586153320033816,0.22280533493209348,0.06419000292871188,0.15861533200338163,0.06419000292871185
modelo_07_ablacao_parametros.csv,mvp,retrabalho_sobre_plano,so_tau_inicial,efeito_total_adaptativa,-0.0486305982157515,-0.05425105487073072,-0.0056204566549792195,-0.04863059821575157,-0.005620456654979143
modelo_07_ablacao_parametros.csv,mvp,retrabalho_sobre_plano,so_tau_inicial,fracao_do_efeito_total_pct,91.4721239280996,122.39079356275221,30.918669634652602,91.47212392809959,30.918669634652616
modelo_07_ablacao_parametros.csv,mvp,retrabalho_sobre_plano,so_tau_min,dif_absoluta,0.0,0.0,0.0,0.0,0.0
modelo_07_ablacao_parametros.csv,mvp,retrabalho_sobre_plano,so_tau_min,dif_relativa_pct,0.0,0.0,0.0,0.0,0.0
modelo_07_ablacao_parametros.csv,mvp,retrabalho_sobre_plano,so_tau_min,p_valor,,,,,
modelo_07_ablacao_parametros.csv,mvp,retrabalho_sobre_plano,so_tau_min,d_cohen_pareado,,,,,
modelo_07_ablacao_parametros.csv,mvp,retrabalho_sobre_plano,so_tau_min,prop_instancias_com_dif,0.0,0.0,0.0,0.0,0.0
modelo_07_ablacao_parametros.csv,mvp,retrabalho_sobre_plano,so_tau_min,n_instancias,16.0,16.0,0.0,16.0,0.0
modelo_07_ablacao_parametros.csv,mvp,retrabalho_sobre_plano,so_tau_min,media_referencia_centralizada,0.20309877307027,0.2892036315045449,0.08610485843427493,0.20309877307027008,0.08610485843427484
modelo_07_ablacao_parametros.csv,mvp,retrabalho_sobre_plano,so_tau_min,media_braco,0.20309877307027,0.2892036315045449,0.08610485843427493,0.20309877307027008,0.08610485843427484
modelo_07_ablacao_parametros.csv,mvp,retrabalho_sobre_plano,so_tau_min,efeito_total_adaptativa,-0.0486305982157515,-0.05425105487073072,-0.0056204566549792195,-0.04863059821575157,-0.005620456654979143
modelo_07_ablacao_parametros.csv,mvp,retrabalho_sobre_plano,so_tau_min,fracao_do_efeito_total_pct,-0.0,-0.0,0.0,-0.0,0.0
modelo_07_ablacao_parametros.csv,mvp,retrabalho_sobre_plano,so_p_reporte,dif_absoluta,-0.0051794380037939,-0.00390759064127932,0.0012718473625145795,-0.005179438003793982,0.001271847362514662
modelo_07_ablacao_parametros.csv,mvp,retrabalho_sobre_plano,so_p_reporte,dif_relativa_pct,-2.550206446595298,-1.3511554543594697,1.1990509922358281,-2.550206446595298,1.1990509922358281
modelo_07_ablacao_parametros.csv,mvp,retrabalho_sobre_plano,so_p_reporte,p_valor,0.21142578125,0.375457763671875,0.164031982421875,0.21142578125,0.164031982421875
modelo_07_ablacao_parametros.csv,mvp,retrabalho_sobre_plano,so_p_reporte,d_cohen_pareado,-0.3621864355205799,-0.2367832144579057,0.12540322106267418,-0.36218643552057994,0.12540322106267424
modelo_07_ablacao_parametros.csv,mvp,retrabalho_sobre_plano,so_p_reporte,prop_instancias_com_dif,1.0,1.0,0.0,1.0,0.0
modelo_07_ablacao_parametros.csv,mvp,retrabalho_sobre_plano,so_p_reporte,n_instancias,16.0,16.0,0.0,16.0,0.0
modelo_07_ablacao_parametros.csv,mvp,retrabalho_sobre_plano,so_p_reporte,media_referencia_centralizada,0.20309877307027,0.2892036315045449,0.08610485843427493,0.20309877307027008,0.08610485843427484
modelo_07_ablacao_parametros.csv,mvp,retrabalho_sobre_plano,so_p_reporte,media_braco,0.197919335066476,0.2852960408632656,0.0873767057967896,0.19791933506647608,0.08737670579678952
modelo_07_ablacao_parametros.csv,mvp,retrabalho_sobre_plano,so_p_reporte,efeito_total_adaptativa,-0.0486305982157515,-0.05425105487073072,-0.0056204566549792195,-0.04863059821575157,-0.005620456654979143
modelo_07_ablacao_parametros.csv,mvp,retrabalho_sobre_plano,so_p_reporte,fracao_do_efeito_total_pct,10.650574317048704,7.202792002091606,-3.4477823149570987,10.650574317048704,-3.4477823149570987
modelo_07_ablacao_parametros.csv,mvp,retrabalho_sobre_plano,so_p_deteccao,dif_absoluta,-0.00248648420245,-0.0016455757757479674,0.0008409084267020327,-0.002486484202450092,0.0008409084267021246
modelo_07_ablacao_parametros.csv,mvp,retrabalho_sobre_plano,so_p_deteccao,dif_relativa_pct,-1.224273374408714,-0.5690024593353374,0.6552709150733765,-1.224273374408714,0.6552709150733765
modelo_07_ablacao_parametros.csv,mvp,retrabalho_sobre_plano,so_p_deteccao,p_valor,0.49542236328125,0.781951904296875,0.286529541015625,0.49542236328125,0.286529541015625
modelo_07_ablacao_parametros.csv,mvp,retrabalho_sobre_plano,so_p_deteccao,d_cohen_pareado,-0.1191415271431575,-0.0691402523929765,0.050001274750181,-0.11914152714315758,0.05000127475018108
modelo_07_ablacao_parametros.csv,mvp,retrabalho_sobre_plano,so_p_deteccao,prop_instancias_com_dif,1.0,1.0,0.0,1.0,0.0
modelo_07_ablacao_parametros.csv,mvp,retrabalho_sobre_plano,so_p_deteccao,n_instancias,16.0,16.0,0.0,16.0,0.0
modelo_07_ablacao_parametros.csv,mvp,retrabalho_sobre_plano,so_p_deteccao,media_referencia_centralizada,0.20309877307027,0.2892036315045449,0.08610485843427493,0.20309877307027008,0.08610485843427484
modelo_07_ablacao_parametros.csv,mvp,retrabalho_sobre_plano,so_p_deteccao,media_braco,0.20061228886782,0.28755805572879695,0.08694576686097694,0.20061228886782,0.08694576686097694
modelo_07_ablacao_parametros.csv,mvp,retrabalho_sobre_plano,so_p_deteccao,efeito_total_adaptativa,-0.0486305982157515,-0.05425105487073072,-0.0056204566549792195,-0.04863059821575157,-0.005620456654979143
modelo_07_ablacao_parametros.csv,mvp,retrabalho_sobre_plano,so_p_deteccao,fracao_do_efeito_total_pct,5.113003527981923,3.033260421698788,-2.079743106283135,5.113003527981923,-2.079743106283135
modelo_07_ablacao_parametros.csv,mvp,retrabalho_sobre_plano,so_par_tau,dif_absoluta,-0.0444834410668884,-0.06538738071099377,-0.02090393964410537,-0.044483441066888466,-0.020903939644105307
modelo_07_ablacao_parametros.csv,mvp,retrabalho_sobre_plano,so_par_tau,dif_relativa_pct,-21.902368189835222,-22.609460458993645,-0.7070922691584229,-21.902368189835226,-0.7070922691584194
modelo_07_ablacao_parametros.csv,mvp,retrabalho_sobre_plano,so_par_tau,p_valor,3.0517578125e-05,3.0517578125e-05,0.0,3.0517578125e-05,0.0
modelo_07_ablacao_parametros.csv,mvp,retrabalho_sobre_plano,so_par_tau,d_cohen_pareado,-2.257574843125025,-2.361658550224746,-0.10408370709972115,-2.257574843125025,-0.10408370709972115
modelo_07_ablacao_parametros.csv,mvp,retrabalho_sobre_plano,so_par_tau,prop_instancias_com_dif,1.0,1.0,0.0,1.0,0.0
modelo_07_ablacao_parametros.csv,mvp,retrabalho_sobre_plano,so_par_tau,n_instancias,16.0,16.0,0.0,16.0,0.0
modelo_07_ablacao_parametros.csv,mvp,retrabalho_sobre_plano,so_par_tau,media_referencia_centralizada,0.20309877307027,0.2892036315045449,0.08610485843427493,0.20309877307027008,0.08610485843427484
modelo_07_ablacao_parametros.csv,mvp,retrabalho_sobre_plano,so_par_tau,media_braco,0.1586153320033816,0.22381625079355116,0.06520091879016957,0.15861533200338163,0.06520091879016954
modelo_07_ablacao_parametros.csv,mvp,retrabalho_sobre_plano,so_par_tau,efeito_total_adaptativa,-0.0486305982157515,-0.05425105487073072,-0.0056204566549792195,-0.04863059821575157,-0.005620456654979143
modelo_07_ablacao_parametros.csv,mvp,retrabalho_sobre_plano,so_par_tau,fracao_do_efeito_total_pct,91.4721239280996,120.52739041996264,29.055266491863037,91.47212392809959,29.05526649186305
modelo_07_ablacao_parametros.csv,mvp,retrabalho_sobre_plano,sem_par_tau,dif_absoluta,-0.0032429814367865,-0.005000801246096174,-0.0017578198093096738,-0.00324298143678654,-0.001757819809309634
modelo_07_ablacao_parametros.csv,mvp,retrabalho_sobre_plano,sem_par_tau,dif_relativa_pct,-1.596750875331237,-1.7291626734007952,-0.13241179806955827,-1.596750875331237,-0.13241179806955827
modelo_07_ablacao_parametros.csv,mvp,retrabalho_sobre_plano,sem_par_tau,p_valor,0.21142578125,0.433197021484375,0.221771240234375,0.21142578125,0.221771240234375
modelo_07_ablacao_parametros.csv,mvp,retrabalho_sobre_plano,sem_par_tau,d_cohen_pareado,-0.2564796005055047,-0.18817342442747353,0.06830617607803119,-0.2564796005055047,0.06830617607803119
modelo_07_ablacao_parametros.csv,mvp,retrabalho_sobre_plano,sem_par_tau,prop_instancias_com_dif,1.0,1.0,0.0,1.0,0.0
modelo_07_ablacao_parametros.csv,mvp,retrabalho_sobre_plano,sem_par_tau,n_instancias,16.0,16.0,0.0,16.0,0.0
modelo_07_ablacao_parametros.csv,mvp,retrabalho_sobre_plano,sem_par_tau,media_referencia_centralizada,0.20309877307027,0.2892036315045449,0.08610485843427493,0.20309877307027008,0.08610485843427484
modelo_07_ablacao_parametros.csv,mvp,retrabalho_sobre_plano,sem_par_tau,media_braco,0.1998557916334835,0.2842028302584487,0.08434703862496523,0.19985579163348355,0.08434703862496518
modelo_07_ablacao_parametros.csv,mvp,retrabalho_sobre_plano,sem_par_tau,efeito_total_adaptativa,-0.0486305982157515,-0.05425105487073072,-0.0056204566549792195,-0.04863059821575157,-0.005620456654979143
modelo_07_ablacao_parametros.csv,mvp,retrabalho_sobre_plano,sem_par_tau,fracao_do_efeito_total_pct,6.668602805169956,9.217887574743147,2.54928476957319,6.668602805169956,2.54928476957319
modelo_10_fatorial_decomposicao.csv,mvp,divida_latente_sobre_plano,A,parcela_media,-0.0122009072310122,-0.015367172247348107,-0.003166265016335908,-0.012200907231012213,-0.003166265016335894
modelo_10_fatorial_decomposicao.csv,mvp,divida_latente_sobre_plano,A,pct_do_contraste,22.60142987565434,19.74844939629482,-2.8529804793595197,22.60142987565434,-2.8529804793595197
modelo_10_fatorial_decomposicao.csv,mvp,divida_latente_sobre_plano,A,p_valor,0.000762939453125,9.1552734375e-05,-0.00067138671875,0.000762939453125,-0.00067138671875
modelo_10_fatorial_decomposicao.csv,mvp,divida_latente_sobre_plano,A,n_instancias,16.0,16.0,0.0,16.0,0.0
modelo_10_fatorial_decomposicao.csv,mvp,divida_latente_sobre_plano,B,parcela_media,0.0,0.0,0.0,0.0,0.0
modelo_10_fatorial_decomposicao.csv,mvp,divida_latente_sobre_plano,B,pct_do_contraste,-0.0,-0.0,0.0,-0.0,0.0
modelo_10_fatorial_decomposicao.csv,mvp,divida_latente_sobre_plano,B,p_valor,,,,,
modelo_10_fatorial_decomposicao.csv,mvp,divida_latente_sobre_plano,B,n_instancias,16.0,16.0,0.0,16.0,0.0
modelo_10_fatorial_decomposicao.csv,mvp,divida_latente_sobre_plano,C,parcela_media,-0.044364713116417,-0.06045418860009913,-0.016089475483682128,-0.044364713116417015,-0.016089475483682114
modelo_10_fatorial_decomposicao.csv,mvp,divida_latente_sobre_plano,C,pct_do_contraste,82.18290111292283,77.6900567747034,-4.492844338219442,82.18290111292282,-4.492844338219427
modelo_10_fatorial_decomposicao.csv,mvp,divida_latente_sobre_plano,C,p_valor,3.0517578125e-05,3.0517578125e-05,0.0,3.0517578125e-05,0.0
modelo_10_fatorial_decomposicao.csv,mvp,divida_latente_sobre_plano,C,n_instancias,16.0,16.0,0.0,16.0,0.0
modelo_10_fatorial_decomposicao.csv,mvp,divida_latente_sobre_plano,D,parcela_media,-0.0307988885774996,-0.049523682616922776,-0.018724794039423176,-0.030798888577499645,-0.01872479403942313
modelo_10_fatorial_decomposicao.csv,mvp,divida_latente_sobre_plano,D,pct_do_contraste,57.05304591310295,63.643195009234034,6.590149096131086,57.05304591310296,6.590149096131071
modelo_10_fatorial_decomposicao.csv,mvp,divida_latente_sobre_plano,D,p_valor,3.0517578125e-05,3.0517578125e-05,0.0,3.0517578125e-05,0.0
modelo_10_fatorial_decomposicao.csv,mvp,divida_latente_sobre_plano,D,n_instancias,16.0,16.0,0.0,16.0,0.0
modelo_10_fatorial_decomposicao.csv,mvp,divida_latente_sobre_plano,AB,parcela_media,0.0,6.239337877060818e-05,6.239337877060818e-05,-5.983300479246322e-17,6.239337877066801e-05
modelo_10_fatorial_decomposicao.csv,mvp,divida_latente_sobre_plano,AB,pct_do_contraste,-0.0,-0.08018212222016613,-0.08018212222016613,1.108369596179904e-13,-0.08018212222027697
modelo_10_fatorial_decomposicao.csv,mvp,divida_latente_sobre_plano,AB,p_valor,,0.4637451171875,,,
modelo_10_fatorial_decomposicao.csv,mvp,divida_latente_sobre_plano,AB,n_instancias,16.0,16.0,0.0,16.0,0.0
modelo_10_fatorial_decomposicao.csv,mvp,divida_latente_sobre_plano,AC,parcela_media,0.0093779237111922,0.00797586347390844,-0.0014020602372837605,0.009377923711192244,-0.0014020602372838038
modelo_10_fatorial_decomposicao.csv,mvp,divida_latente_sobre_plano,AC,pct_do_contraste,-17.372026614463834,-10.249832153304489,7.122194461159346,-17.37202661446377,7.122194461159282
modelo_10_fatorial_decomposicao.csv,mvp,divida_latente_sobre_plano,AC,p_valor,0.00335693359375,0.00213623046875,-0.001220703125,0.00335693359375,-0.001220703125
modelo_10_fatorial_decomposicao.csv,mvp,divida_latente_sobre_plano,AC,n_instancias,16.0,16.0,0.0,16.0,0.0
modelo_10_fatorial_decomposicao.csv,mvp,divida_latente_sobre_plano,AD,parcela_media,0.0062930646126398,0.011255328720231182,0.004962264107591382,0.006293064612639854,0.004962264107591328
modelo_10_fatorial_decomposicao.csv,mvp,divida_latente_sobre_plano,AD,pct_do_contraste,-11.657514957905413,-14.46429350126579,-2.8067785433603767,-11.65751495790544,-2.80677854336035
modelo_10_fatorial_decomposicao.csv,mvp,divida_latente_sobre_plano,AD,p_valor,0.01824951171875,0.00030517578125,-0.0179443359375,0.01824951171875,-0.0179443359375
modelo_10_fatorial_decomposicao.csv,mvp,divida_latente_sobre_plano,AD,n_instancias,16.0,16.0,0.0,16.0,0.0
modelo_10_fatorial_decomposicao.csv,mvp,divida_latente_sobre_plano,BC,parcela_media,-2.1684043449710093e-19,1.0604866845208828e-17,1.0821707279705929e-17,5.432139298764881e-18,5.172727546443947e-18
modelo_10_fatorial_decomposicao.csv,mvp,divida_latente_sobre_plano,BC,pct_do_contraste,4.0168356186133013e-16,-1.3628380867741768e-14,-1.4030064429603098e-14,-1.0062703790071765e-14,-3.565677077670003e-15
modelo_10_fatorial_decomposicao.csv,mvp,divida_latente_sobre_plano,BC,p_valor,,,,,
modelo_10_fatorial_decomposicao.csv,mvp,divida_latente_sobre_plano,BC,n_instancias,16.0,16.0,0.0,16.0,0.0
modelo_10_fatorial_decomposicao.csv,mvp,divida_latente_sobre_plano,BD,parcela_media,0.0,7.704262601848781e-18,7.704262601848781e-18,4.127234550920572e-18,3.577028050928209e-18
modelo_10_fatorial_decomposicao.csv,mvp,divida_latente_sobre_plano,BD,pct_do_contraste,-0.0,-9.900796169876547e-15,-9.900796169876547e-15,-7.645448040610193e-15,-2.255348129266354e-15
modelo_10_fatorial_decomposicao.csv,mvp,divida_latente_sobre_plano,BD,p_valor,,,,,
modelo_10_fatorial_decomposicao.csv,mvp,divida_latente_sobre_plano,BD,n_instancias,16.0,16.0,0.0,16.0,0.0
modelo_10_fatorial_decomposicao.csv,mvp,divida_latente_sobre_plano,CD,parcela_media,0.0245507276291564,0.03569045340100123,0.01113972577184483,0.02455072762915648,0.011139725771844751
modelo_10_fatorial_decomposicao.csv,mvp,divida_latente_sobre_plano,CD,pct_do_contraste,-45.47871223020814,-45.86602541935605,-0.38731318914791046,-45.47871223020812,-0.3873131891479318
modelo_10_fatorial_decomposicao.csv,mvp,divida_latente_sobre_plano,CD,p_valor,3.0517578125e-05,3.0517578125e-05,0.0,3.0517578125e-05,0.0
modelo_10_fatorial_decomposicao.csv,mvp,divida_latente_sobre_plano,CD,n_instancias,16.0,16.0,0.0,16.0,0.0
modelo_10_fatorial_decomposicao.csv,mvp,divida_latente_sobre_plano,ABC,parcela_media,-8.673617379884035e-19,-0.00018718178772028873,-0.00018718178772028787,7.66593871667799e-18,-0.0001871817877202964
modelo_10_fatorial_decomposicao.csv,mvp,divida_latente_sobre_plano,ABC,pct_do_contraste,1.6067342474453205e-15,0.2405484888958689,0.2405484888958673,-1.4200679757294336e-14,0.24054848889588312
modelo_10_fatorial_decomposicao.csv,mvp,divida_latente_sobre_plano,ABC,p_valor,,0.820892333984375,,,
modelo_10_fatorial_decomposicao.csv,mvp,divida_latente_sobre_plano,ABC,n_instancias,16.0,16.0,0.0,16.0,0.0
modelo_10_fatorial_decomposicao.csv,mvp,divida_latente_sobre_plano,ABD,parcela_media,0.0,-0.00021102691849799048,-0.00021102691849799048,3.1633257889298e-17,-0.00021102691849802211
modelo_10_fatorial_decomposicao.csv,mvp,divida_latente_sobre_plano,ABD,pct_do_contraste,-0.0,0.2711920159502844,0.2711920159502844,-5.859866372118494e-14,0.27119201595034303
modelo_10_fatorial_decomposicao.csv,mvp,divida_latente_sobre_plano,ABD,p_valor,,0.49542236328125,,,
modelo_10_fatorial_decomposicao.csv,mvp,divida_latente_sobre_plano,ABD,n_instancias,16.0,16.0,0.0,16.0,0.0
modelo_10_fatorial_decomposicao.csv,mvp,divida_latente_sobre_plano,ACD,parcela_media,-0.0068401067743926,-0.007161732803140712,-0.00032162602874811173,-0.006840106774392594,-0.0003216260287481178
modelo_10_fatorial_decomposicao.csv,mvp,divida_latente_sobre_plano,ACD,pct_do_contraste,12.67087690089726,9.20358772428128,-3.4672891766159815,12.670876900897213,-3.4672891766159335
modelo_10_fatorial_decomposicao.csv,mvp,divida_latente_sobre_plano,ACD,p_valor,0.0155029296875,0.00762939453125,-0.00787353515625,0.0155029296875,-0.00787353515625
modelo_10_fatorial_decomposicao.csv,mvp,divida_latente_sobre_plano,ACD,n_instancias,16.0,16.0,0.0,16.0,0.0
modelo_10_fatorial_decomposicao.csv,mvp,divida_latente_sobre_plano,BCD,parcela_media,-6.505213034913028e-19,-1.171439872869001e-17,-1.1063877425198708e-17,-8.58860610178048e-18,-3.12579262690953e-18
modelo_10_fatorial_decomposicao.csv,mvp,divida_latente_sobre_plano,BCD,pct_do_contraste,1.2050506855839904e-15,1.50542472471783e-14,1.3849196561594312e-14,1.5909864312844575e-14,-8.556170656662735e-16
modelo_10_fatorial_decomposicao.csv,mvp,divida_latente_sobre_plano,BCD,p_valor,,,,,
modelo_10_fatorial_decomposicao.csv,mvp,divida_latente_sobre_plano,BCD,n_instancias,16.0,16.0,0.0,16.0,0.0
modelo_10_fatorial_decomposicao.csv,mvp,divida_latente_sobre_plano,ABCD,parcela_media,2.1684043449710093e-19,0.00010636957929460993,0.00010636957929460972,-6.956086097198106e-17,0.0001063695792946795
modelo_10_fatorial_decomposicao.csv,mvp,divida_latente_sobre_plano,ABCD,pct_do_contraste,-4.0168356186133013e-16,-0.13669621321302475,-0.13669621321302436,1.2885721459730662e-13,-0.13669621321315362
modelo_10_fatorial_decomposicao.csv,mvp,divida_latente_sobre_plano,ABCD,p_valor,,0.93988037109375,,,
modelo_10_fatorial_decomposicao.csv,mvp,divida_latente_sobre_plano,ABCD,n_instancias,16.0,16.0,0.0,16.0,0.0
modelo_10_fatorial_decomposicao.csv,mvp,divida_latente_sobre_plano,SOMA_principais,parcela_media,-0.0873645089249288,-0.12534504346437003,-0.03798053453944124,-0.08736450892492886,-0.03798053453944117
modelo_10_fatorial_decomposicao.csv,mvp,divida_latente_sobre_plano,SOMA_principais,pct_do_contraste,161.83737690168013,161.08170118023227,-0.755675721447858,161.8373769016801,-0.7556757214478296
modelo_10_fatorial_decomposicao.csv,mvp,divida_latente_sobre_plano,SOMA_principais,p_valor,,,,,
modelo_10_fatorial_decomposicao.csv,mvp,divida_latente_sobre_plano,SOMA_principais,n_instancias,16.0,16.0,0.0,16.0,0.0
modelo_10_fatorial_decomposicao.csv,mvp,divida_latente_sobre_plano,SOMA_interacoes,parcela_media,0.0333816091785959,0.047530467043847086,0.014148857865251184,0.033381609178595895,0.014148857865251191
modelo_10_fatorial_decomposicao.csv,mvp,divida_latente_sobre_plano,SOMA_interacoes,pct_do_contraste,-61.83737690168013,-61.08170118023209,0.7556757214480427,-61.837376901679946,0.755675721447858
modelo_10_fatorial_decomposicao.csv,mvp,divida_latente_sobre_plano,SOMA_interacoes,p_valor,,,,,
modelo_10_fatorial_decomposicao.csv,mvp,divida_latente_sobre_plano,SOMA_interacoes,n_instancias,16.0,16.0,0.0,16.0,0.0
modelo_07_ablacao_parametros.csv,mvp,divida_latente_sobre_plano,centralizada,dif_absoluta,0.0,0.0,0.0,0.0,0.0
modelo_07_ablacao_parametros.csv,mvp,divida_latente_sobre_plano,centralizada,dif_relativa_pct,0.0,0.0,0.0,0.0,0.0
modelo_07_ablacao_parametros.csv,mvp,divida_latente_sobre_plano,centralizada,p_valor,,,,,
modelo_07_ablacao_parametros.csv,mvp,divida_latente_sobre_plano,centralizada,d_cohen_pareado,,,,,
modelo_07_ablacao_parametros.csv,mvp,divida_latente_sobre_plano,centralizada,prop_instancias_com_dif,0.0,0.0,0.0,0.0,0.0
modelo_07_ablacao_parametros.csv,mvp,divida_latente_sobre_plano,centralizada,n_instancias,16.0,16.0,0.0,16.0,0.0
modelo_07_ablacao_parametros.csv,mvp,divida_latente_sobre_plano,centralizada,media_referencia_centralizada,0.0741273581498496,0.10327218484475534,0.029144826694905743,0.07412735814984966,0.029144826694905673
modelo_07_ablacao_parametros.csv,mvp,divida_latente_sobre_plano,centralizada,media_braco,0.0741273581498496,0.10327218484475534,0.029144826694905743,0.07412735814984966,0.029144826694905673
modelo_07_ablacao_parametros.csv,mvp,divida_latente_sobre_plano,centralizada,efeito_total_adaptativa,-0.0539828997463328,-0.07781457642052281,-0.023831676674190005,-0.053982899746332885,-0.023831676674189922
modelo_07_ablacao_parametros.csv,mvp,divida_latente_sobre_plano,centralizada,fracao_do_efeito_total_pct,-0.0,-0.0,0.0,-0.0,0.0
modelo_07_ablacao_parametros.csv,mvp,divida_latente_sobre_plano,adaptativa,dif_absoluta,-0.0539828997463328,-0.07781457642052281,-0.023831676674190005,-0.053982899746332885,-0.023831676674189922
modelo_07_ablacao_parametros.csv,mvp,divida_latente_sobre_plano,adaptativa,dif_relativa_pct,-72.8245294230041,-75.34901729589447,-2.5244878728903757,-72.8245294230041,-2.5244878728903757
modelo_07_ablacao_parametros.csv,mvp,divida_latente_sobre_plano,adaptativa,p_valor,3.0517578125e-05,3.0517578125e-05,0.0,3.0517578125e-05,0.0
modelo_07_ablacao_parametros.csv,mvp,divida_latente_sobre_plano,adaptativa,d_cohen_pareado,-6.725609296516638,-4.944432572693784,1.7811767238228544,-6.725609296516638,1.7811767238228544
modelo_07_ablacao_parametros.csv,mvp,divida_latente_sobre_plano,adaptativa,prop_instancias_com_dif,1.0,1.0,0.0,1.0,0.0
modelo_07_ablacao_parametros.csv,mvp,divida_latente_sobre_plano,adaptativa,n_instancias,16.0,16.0,0.0,16.0,0.0
modelo_07_ablacao_parametros.csv,mvp,divida_latente_sobre_plano,adaptativa,media_referencia_centralizada,0.0741273581498496,0.10327218484475534,0.029144826694905743,0.07412735814984966,0.029144826694905673
modelo_07_ablacao_parametros.csv,mvp,divida_latente_sobre_plano,adaptativa,media_braco,0.0201444584035167,0.025457608424232524,0.005313150020715824,0.020144458403516783,0.005313150020715741
modelo_07_ablacao_parametros.csv,mvp,divida_latente_sobre_plano,adaptativa,efeito_total_adaptativa,-0.0539828997463328,-0.07781457642052281,-0.023831676674190005,-0.053982899746332885,-0.023831676674189922
modelo_07_ablacao_parametros.csv,mvp,divida_latente_sobre_plano,adaptativa,fracao_do_efeito_total_pct,100.0,100.0,0.0,100.0,0.0
modelo_07_ablacao_parametros.csv,mvp,divida_latente_sobre_plano,so_tau_inicial,dif_absoluta,-0.0122009072310122,-0.015367172247348107,-0.003166265016335908,-0.012200907231012213,-0.003166265016335894
modelo_07_ablacao_parametros.csv,mvp,divida_latente_sobre_plano,so_tau_inicial,dif_relativa_pct,-16.459384949815533,-14.88026255128515,1.5791223985303837,-16.459384949815533,1.5791223985303837
modelo_07_ablacao_parametros.csv,mvp,divida_latente_sobre_plano,so_tau_inicial,p_valor,0.000762939453125,9.1552734375e-05,-0.00067138671875,0.000762939453125,-0.00067138671875
modelo_07_ablacao_parametros.csv,mvp,divida_latente_sobre_plano,so_tau_inicial,d_cohen_pareado,-1.2892940443806935,-1.8438340472393313,-0.5545400028586378,-1.2892940443806935,-0.5545400028586378
modelo_07_ablacao_parametros.csv,mvp,divida_latente_sobre_plano,so_tau_inicial,prop_instancias_com_dif,1.0,1.0,0.0,1.0,0.0
modelo_07_ablacao_parametros.csv,mvp,divida_latente_sobre_plano,so_tau_inicial,n_instancias,16.0,16.0,0.0,16.0,0.0
modelo_07_ablacao_parametros.csv,mvp,divida_latente_sobre_plano,so_tau_inicial,media_referencia_centralizada,0.0741273581498496,0.10327218484475534,0.029144826694905743,0.07412735814984966,0.029144826694905673
modelo_07_ablacao_parametros.csv,mvp,divida_latente_sobre_plano,so_tau_inicial,media_braco,0.0619264509188374,0.08790501259740724,0.025978561678569836,0.06192645091883746,0.02597856167856978
modelo_07_ablacao_parametros.csv,mvp,divida_latente_sobre_plano,so_tau_inicial,efeito_total_adaptativa,-0.0539828997463328,-0.07781457642052281,-0.023831676674190005,-0.053982899746332885,-0.023831676674189922
modelo_07_ablacao_parametros.csv,mvp,divida_latente_sobre_plano,so_tau_inicial,fracao_do_efeito_total_pct,22.60142987565434,19.74844939629482,-2.8529804793595197,22.60142987565434,-2.8529804793595197
modelo_07_ablacao_parametros.csv,mvp,divida_latente_sobre_plano,so_tau_min,dif_absoluta,0.0,0.0,0.0,0.0,0.0
modelo_07_ablacao_parametros.csv,mvp,divida_latente_sobre_plano,so_tau_min,dif_relativa_pct,0.0,0.0,0.0,0.0,0.0
modelo_07_ablacao_parametros.csv,mvp,divida_latente_sobre_plano,so_tau_min,p_valor,,,,,
modelo_07_ablacao_parametros.csv,mvp,divida_latente_sobre_plano,so_tau_min,d_cohen_pareado,,,,,
modelo_07_ablacao_parametros.csv,mvp,divida_latente_sobre_plano,so_tau_min,prop_instancias_com_dif,0.0,0.0,0.0,0.0,0.0
modelo_07_ablacao_parametros.csv,mvp,divida_latente_sobre_plano,so_tau_min,n_instancias,16.0,16.0,0.0,16.0,0.0
modelo_07_ablacao_parametros.csv,mvp,divida_latente_sobre_plano,so_tau_min,media_referencia_centralizada,0.0741273581498496,0.10327218484475534,0.029144826694905743,0.07412735814984966,0.029144826694905673
modelo_07_ablacao_parametros.csv,mvp,divida_latente_sobre_plano,so_tau_min,media_braco,0.0741273581498496,0.10327218484475534,0.029144826694905743,0.07412735814984966,0.029144826694905673
modelo_07_ablacao_parametros.csv,mvp,divida_latente_sobre_plano,so_tau_min,efeito_total_adaptativa,-0.0539828997463328,-0.07781457642052281,-0.023831676674190005,-0.053982899746332885,-0.023831676674189922
modelo_07_ablacao_parametros.csv,mvp,divida_latente_sobre_plano,so_tau_min,fracao_do_efeito_total_pct,-0.0,-0.0,0.0,-0.0,0.0
modelo_07_ablacao_parametros.csv,mvp,divida_latente_sobre_plano,so_p_reporte,dif_absoluta,-0.044364713116417,-0.06045418860009915,-0.01608947548368215,-0.04436471311641703,-0.01608947548368212
modelo_07_ablacao_parametros.csv,mvp,divida_latente_sobre_plano,so_p_reporte,dif_relativa_pct,-59.84931100165884,-58.53869431636151,1.310616685297333,-59.84931100165884,1.310616685297333
modelo_07_ablacao_parametros.csv,mvp,divida_latente_sobre_plano,so_p_reporte,p_valor,3.0517578125e-05,3.0517578125e-05,0.0,3.0517578125e-05,0.0
modelo_07_ablacao_parametros.csv,mvp,divida_latente_sobre_plano,so_p_reporte,d_cohen_pareado,-5.312237738399955,-4.457480096017423,0.8547576423825323,-5.312237738399955,0.8547576423825323
modelo_07_ablacao_parametros.csv,mvp,divida_latente_sobre_plano,so_p_reporte,prop_instancias_com_dif,1.0,1.0,0.0,1.0,0.0
modelo_07_ablacao_parametros.csv,mvp,divida_latente_sobre_plano,so_p_reporte,n_instancias,16.0,16.0,0.0,16.0,0.0
modelo_07_ablacao_parametros.csv,mvp,divida_latente_sobre_plano,so_p_reporte,media_referencia_centralizada,0.0741273581498496,0.10327218484475534,0.029144826694905743,0.07412735814984966,0.029144826694905673
modelo_07_ablacao_parametros.csv,mvp,divida_latente_sobre_plano,so_p_reporte,media_braco,0.0297626450334326,0.04281799624465619,0.013055351211223587,0.02976264503343264,0.013055351211223549
modelo_07_ablacao_parametros.csv,mvp,divida_latente_sobre_plano,so_p_reporte,efeito_total_adaptativa,-0.0539828997463328,-0.07781457642052281,-0.023831676674190005,-0.053982899746332885,-0.023831676674189922
modelo_07_ablacao_parametros.csv,mvp,divida_latente_sobre_plano,so_p_reporte,fracao_do_efeito_total_pct,82.18290111292283,77.69005677470342,-4.492844338219413,82.18290111292283,-4.492844338219413
modelo_07_ablacao_parametros.csv,mvp,divida_latente_sobre_plano,so_p_deteccao,dif_absoluta,-0.0307988885774996,-0.04952368261692276,-0.018724794039423162,-0.030798888577499635,-0.018724794039423127
modelo_07_ablacao_parametros.csv,mvp,divida_latente_sobre_plano,so_p_deteccao,dif_relativa_pct,-41.54861220770768,-47.95452201516759,-6.4059098074599135,-41.548612207707684,-6.405909807459906
modelo_07_ablacao_parametros.csv,mvp,divida_latente_sobre_plano,so_p_deteccao,p_valor,3.0517578125e-05,3.0517578125e-05,0.0,3.0517578125e-05,0.0
modelo_07_ablacao_parametros.csv,mvp,divida_latente_sobre_plano,so_p_deteccao,d_cohen_pareado,-4.486623976831026,-3.629495019679225,0.8571289571518008,-4.486623976831026,0.8571289571518008
modelo_07_ablacao_parametros.csv,mvp,divida_latente_sobre_plano,so_p_deteccao,prop_instancias_com_dif,1.0,1.0,0.0,1.0,0.0
modelo_07_ablacao_parametros.csv,mvp,divida_latente_sobre_plano,so_p_deteccao,n_instancias,16.0,16.0,0.0,16.0,0.0
modelo_07_ablacao_parametros.csv,mvp,divida_latente_sobre_plano,so_p_deteccao,media_referencia_centralizada,0.0741273581498496,0.10327218484475534,0.029144826694905743,0.07412735814984966,0.029144826694905673
modelo_07_ablacao_parametros.csv,mvp,divida_latente_sobre_plano,so_p_deteccao,media_braco,0.04332846957235,0.053748502227832576,0.010420032655482574,0.04332846957235004,0.010420032655482539
modelo_07_ablacao_parametros.csv,mvp,divida_latente_sobre_plano,so_p_deteccao,efeito_total_adaptativa,-0.0539828997463328,-0.07781457642052281,-0.023831676674190005,-0.053982899746332885,-0.023831676674189922
modelo_07_ablacao_parametros.csv,mvp,divida_latente_sobre_plano,so_p_deteccao,fracao_do_efeito_total_pct,57.05304591310295,63.64319500923402,6.590149096131071,57.05304591310295,6.590149096131071
modelo_07_ablacao_parametros.csv,mvp,divida_latente_sobre_plano,so_par_tau,dif_absoluta,-0.0122009072310122,-0.015304778868577423,-0.003103871637565224,-0.012200907231012213,-0.00310387163756521
modelo_07_ablacao_parametros.csv,mvp,divida_latente_sobre_plano,so_par_tau,dif_relativa_pct,-16.459384949815533,-14.819846110145187,1.6395388396703456,-16.459384949815533,1.6395388396703456
modelo_07_ablacao_parametros.csv,mvp,divida_latente_sobre_plano,so_par_tau,p_valor,0.000762939453125,9.1552734375e-05,-0.00067138671875,0.000762939453125,-0.00067138671875
modelo_07_ablacao_parametros.csv,mvp,divida_latente_sobre_plano,so_par_tau,d_cohen_pareado,-1.2892940443806935,-1.7418244812100068,-0.45253043682931327,-1.2892940443806935,-0.45253043682931327
modelo_07_ablacao_parametros.csv,mvp,divida_latente_sobre_plano,so_par_tau,prop_instancias_com_dif,1.0,1.0,0.0,1.0,0.0
modelo_07_ablacao_parametros.csv,mvp,divida_latente_sobre_plano,so_par_tau,n_instancias,16.0,16.0,0.0,16.0,0.0
modelo_07_ablacao_parametros.csv,mvp,divida_latente_sobre_plano,so_par_tau,media_referencia_centralizada,0.0741273581498496,0.10327218484475534,0.029144826694905743,0.07412735814984966,0.029144826694905673
modelo_07_ablacao_parametros.csv,mvp,divida_latente_sobre_plano,so_par_tau,media_braco,0.0619264509188374,0.08796740597617791,0.026040955057340512,0.06192645091883746,0.026040955057340456
modelo_07_ablacao_parametros.csv,mvp,divida_latente_sobre_plano,so_par_tau,efeito_total_adaptativa,-0.0539828997463328,-0.07781457642052281,-0.023831676674190005,-0.053982899746332885,-0.023831676674189922
modelo_07_ablacao_parametros.csv,mvp,divida_latente_sobre_plano,so_par_tau,fracao_do_efeito_total_pct,22.60142987565434,19.668267274074555,-2.9331626015797845,22.60142987565434,-2.9331626015797845
modelo_07_ablacao_parametros.csv,mvp,divida_latente_sobre_plano,sem_par_tau,dif_absoluta,-0.0506128740647601,-0.07428741781602066,-0.02367454375126056,-0.05061287406476017,-0.02367454375126049
modelo_07_ablacao_parametros.csv,mvp,divida_latente_sobre_plano,sem_par_tau,dif_relativa_pct,-68.27826504007525,-71.93361690535913,-3.655351865283876,-68.27826504007525,-3.655351865283876
modelo_07_ablacao_parametros.csv,mvp,divida_latente_sobre_plano,sem_par_tau,p_valor,3.0517578125e-05,3.0517578125e-05,0.0,3.0517578125e-05,0.0
modelo_07_ablacao_parametros.csv,mvp,divida_latente_sobre_plano,sem_par_tau,d_cohen_pareado,-6.123736114329508,-4.773727790963162,1.350008323366346,-6.123736114329508,1.350008323366346
modelo_07_ablacao_parametros.csv,mvp,divida_latente_sobre_plano,sem_par_tau,prop_instancias_com_dif,1.0,1.0,0.0,1.0,0.0
modelo_07_ablacao_parametros.csv,mvp,divida_latente_sobre_plano,sem_par_tau,n_instancias,16.0,16.0,0.0,16.0,0.0
modelo_07_ablacao_parametros.csv,mvp,divida_latente_sobre_plano,sem_par_tau,media_referencia_centralizada,0.0741273581498496,0.10327218484475534,0.029144826694905743,0.07412735814984966,0.029144826694905673
modelo_07_ablacao_parametros.csv,mvp,divida_latente_sobre_plano,sem_par_tau,media_braco,0.0235144840850894,0.028984767028734676,0.005470282943645276,0.023514484085089497,0.005470282943645179
modelo_07_ablacao_parametros.csv,mvp,divida_latente_sobre_plano,sem_par_tau,efeito_total_adaptativa,-0.0539828997463328,-0.07781457642052281,-0.023831676674190005,-0.053982899746332885,-0.023831676674189922
modelo_07_ablacao_parametros.csv,mvp,divida_latente_sobre_plano,sem_par_tau,fracao_do_efeito_total_pct,93.75723479581764,95.46722636458136,1.7099915687637264,93.75723479581765,1.7099915687637122
modelo_10_fatorial_decomposicao.csv,mvp,S_UR_maximo,A,parcela_media,-4.086631023865824,-5.240187724315907,-1.1535567004500837,-4.0866310238658246,-1.1535567004500829
modelo_10_fatorial_decomposicao.csv,mvp,S_UR_maximo,A,pct_do_contraste,22.345016801130097,19.78956349989173,-2.555453301238366,22.3450168011301,-2.5554533012383693
modelo_10_fatorial_decomposicao.csv,mvp,S_UR_maximo,A,p_valor,0.000762939453125,9.1552734375e-05,-0.00067138671875,0.000762939453125,-0.00067138671875
modelo_10_fatorial_decomposicao.csv,mvp,S_UR_maximo,A,n_instancias,16.0,16.0,0.0,16.0,0.0
modelo_10_fatorial_decomposicao.csv,mvp,S_UR_maximo,B,parcela_media,0.0,0.0,0.0,0.0,0.0
modelo_10_fatorial_decomposicao.csv,mvp,S_UR_maximo,B,pct_do_contraste,-0.0,-0.0,0.0,-0.0,0.0
modelo_10_fatorial_decomposicao.csv,mvp,S_UR_maximo,B,p_valor,,,,,
modelo_10_fatorial_decomposicao.csv,mvp,S_UR_maximo,B,n_instancias,16.0,16.0,0.0,16.0,0.0
modelo_10_fatorial_decomposicao.csv,mvp,S_UR_maximo,C,parcela_media,-15.01705397632761,-20.593755046712015,-5.576701070384406,-15.017053976327604,-5.576701070384411
modelo_10_fatorial_decomposicao.csv,mvp,S_UR_maximo,C,pct_do_contraste,82.11074634457512,77.77229455101758,-4.338451793557539,82.11074634457509,-4.33845179355751
modelo_10_fatorial_decomposicao.csv,mvp,S_UR_maximo,C,p_valor,3.0517578125e-05,3.0517578125e-05,0.0,3.0517578125e-05,0.0
modelo_10_fatorial_decomposicao.csv,mvp,S_UR_maximo,C,n_instancias,16.0,16.0,0.0,16.0,0.0
modelo_10_fatorial_decomposicao.csv,mvp,S_UR_maximo,D,parcela_media,-10.46757679157066,-16.95980089461487,-6.492224103044208,-10.467576791570664,-6.4922241030442045
modelo_10_fatorial_decomposicao.csv,mvp,S_UR_maximo,D,pct_do_contraste,57.23496393699513,64.04867046882691,6.813706531831784,57.23496393699514,6.8137065318317696
modelo_10_fatorial_decomposicao.csv,mvp,S_UR_maximo,D,p_valor,3.0517578125e-05,3.0517578125e-05,0.0,3.0517578125e-05,0.0
modelo_10_fatorial_decomposicao.csv,mvp,S_UR_maximo,D,n_instancias,16.0,16.0,0.0,16.0,0.0
modelo_10_fatorial_decomposicao.csv,mvp,S_UR_maximo,AB,parcela_media,0.0,0.004831640189215045,0.004831640189215045,-2.1539853606165595e-14,0.004831640189236585
modelo_10_fatorial_decomposicao.csv,mvp,S_UR_maximo,AB,pct_do_contraste,-0.0,-0.018246684157786054,-0.018246684157786054,1.1777632673780037e-13,-0.01824668415790383
modelo_10_fatorial_decomposicao.csv,mvp,S_UR_maximo,AB,p_valor,,0.49542236328125,,,
modelo_10_fatorial_decomposicao.csv,mvp,S_UR_maximo,AB,n_instancias,16.0,16.0,0.0,16.0,0.0
modelo_10_fatorial_decomposicao.csv,mvp,S_UR_maximo,AC,parcela_media,3.1185612775843703,2.726383355889513,-0.3921779216948571,3.1185612775843623,-0.3921779216948491
modelo_10_fatorial_decomposicao.csv,mvp,S_UR_maximo,AC,pct_do_contraste,-17.05177289949151,-10.296183912660682,6.755588986830828,-17.051772899491464,6.755588986830782
modelo_10_fatorial_decomposicao.csv,mvp,S_UR_maximo,AC,p_valor,0.00335693359375,0.00213623046875,-0.001220703125,0.00335693359375,-0.001220703125
modelo_10_fatorial_decomposicao.csv,mvp,S_UR_maximo,AC,n_instancias,16.0,16.0,0.0,16.0,0.0
modelo_10_fatorial_decomposicao.csv,mvp,S_UR_maximo,AD,parcela_media,2.130550047168557,3.8770859840029686,1.7465359368344116,2.130550047168562,1.7465359368344067
modelo_10_fatorial_decomposicao.csv,mvp,S_UR_maximo,AD,pct_do_contraste,-11.649492288783886,-14.641811192934567,-2.9923189041506806,-11.649492288783916,-2.9923189041506504
modelo_10_fatorial_decomposicao.csv,mvp,S_UR_maximo,AD,p_valor,0.0155029296875,0.00030517578125,-0.01519775390625,0.0155029296875,-0.01519775390625
modelo_10_fatorial_decomposicao.csv,mvp,S_UR_maximo,AD,n_instancias,16.0,16.0,0.0,16.0,0.0
modelo_10_fatorial_decomposicao.csv,mvp,S_UR_maximo,BC,parcela_media,-2.220446049250313e-16,4.203791119280178e-15,4.425835724205209e-15,1.2347788883908584e-15,2.9690122308893197e-15
modelo_10_fatorial_decomposicao.csv,mvp,S_UR_maximo,BC,pct_do_contraste,1.214102863379286e-15,-1.5875612797084747e-14,-1.7089715660464034e-14,-6.751565004435883e-15,-9.124047792648864e-15
modelo_10_fatorial_decomposicao.csv,mvp,S_UR_maximo,BC,p_valor,,,,,
modelo_10_fatorial_decomposicao.csv,mvp,S_UR_maximo,BC,n_instancias,16.0,16.0,0.0,16.0,0.0
modelo_10_fatorial_decomposicao.csv,mvp,S_UR_maximo,BD,parcela_media,0.0,8.46779427680843e-16,8.46779427680843e-16,2.9044723083133673e-15,-2.0576928806325244e-15
modelo_10_fatorial_decomposicao.csv,mvp,S_UR_maximo,BD,pct_do_contraste,-0.0,-3.197861629409404e-15,-3.197861629409404e-15,-1.588117012489312e-14,1.2683308495483716e-14
modelo_10_fatorial_decomposicao.csv,mvp,S_UR_maximo,BD,p_valor,,,,,
modelo_10_fatorial_decomposicao.csv,mvp,S_UR_maximo,BD,n_instancias,16.0,16.0,0.0,16.0,0.0
modelo_10_fatorial_decomposicao.csv,mvp,S_UR_maximo,CD,parcela_media,8.36173940932899,12.227124229763067,3.865384820434077,8.361739409328983,3.865384820434084
modelo_10_fatorial_decomposicao.csv,mvp,S_UR_maximo,CD,pct_do_contraste,-45.720596378035665,-46.17572195804292,-0.45512558000725534,-45.720596378035616,-0.4551255800073051
modelo_10_fatorial_decomposicao.csv,mvp,S_UR_maximo,CD,p_valor,3.0517578125e-05,3.0517578125e-05,0.0,3.0517578125e-05,0.0
modelo_10_fatorial_decomposicao.csv,mvp,S_UR_maximo,CD,n_instancias,16.0,16.0,0.0,16.0,0.0
modelo_10_fatorial_decomposicao.csv,mvp,S_UR_maximo,ABC,parcela_media,0.0,-0.04741388467927339,-0.04741388467927339,1.2667355692167735e-15,-0.04741388467927466
modelo_10_fatorial_decomposicao.csv,mvp,S_UR_maximo,ABC,pct_do_contraste,-0.0,0.17905848626053128,0.17905848626053128,-6.926298804916831e-15,0.17905848626053822
modelo_10_fatorial_decomposicao.csv,mvp,S_UR_maximo,ABC,p_valor,,0.860260009765625,,,
modelo_10_fatorial_decomposicao.csv,mvp,S_UR_maximo,ABC,n_instancias,16.0,16.0,0.0,16.0,0.0
modelo_10_fatorial_decomposicao.csv,mvp,S_UR_maximo,ABD,parcela_media,0.0,-0.0602043140242324,-0.0602043140242324,1.2025081360858434e-14,-0.06020431402424443
modelo_10_fatorial_decomposicao.csv,mvp,S_UR_maximo,ABD,pct_do_contraste,-0.0,0.22736152940122117,0.22736152940122117,-6.575113913493364e-14,0.22736152940128693
modelo_10_fatorial_decomposicao.csv,mvp,S_UR_maximo,ABD,p_valor,,0.49542236328125,,,
modelo_10_fatorial_decomposicao.csv,mvp,S_UR_maximo,ABD,n_instancias,16.0,16.0,0.0,16.0,0.0
modelo_10_fatorial_decomposicao.csv,mvp,S_UR_maximo,ACD,parcela_media,-2.328369211478966,-2.4362748736922293,-0.10790566221326348,-2.3283692114789574,-0.10790566221327191
modelo_10_fatorial_decomposicao.csv,mvp,S_UR_maximo,ACD,pct_do_contraste,12.73113448361071,9.200589530867836,-3.530544952742874,12.731134483610663,-3.5305449527428276
modelo_10_fatorial_decomposicao.csv,mvp,S_UR_maximo,ACD,p_valor,0.0155029296875,0.00628662109375,-0.00921630859375,0.0155029296875,-0.00921630859375
modelo_10_fatorial_decomposicao.csv,mvp,S_UR_maximo,ACD,n_instancias,16.0,16.0,0.0,16.0,0.0
modelo_10_fatorial_decomposicao.csv,mvp,S_UR_maximo,BCD,parcela_media,-1.6653345369377348e-16,-3.681843150027992e-15,-3.5153096963342186e-15,-3.806036841743923e-15,1.241936917159313e-16
modelo_10_fatorial_decomposicao.csv,mvp,S_UR_maximo,BCD,pct_do_contraste,9.105771475344644e-16,1.3904476833152442e-14,1.2993899685617979e-14,2.0810774615526046e-14,-6.9062977823736034e-15
modelo_10_fatorial_decomposicao.csv,mvp,S_UR_maximo,BCD,p_valor,,,,,
modelo_10_fatorial_decomposicao.csv,mvp,S_UR_maximo,BCD,n_instancias,16.0,16.0,0.0,16.0,0.0
modelo_10_fatorial_decomposicao.csv,mvp,S_UR_maximo,ABCD,parcela_media,2.775557561562891e-16,0.022659696014221044,0.022659696014220767,-2.2238493941577966e-14,0.022659696014243284
modelo_10_fatorial_decomposicao.csv,mvp,S_UR_maximo,ABCD,pct_do_contraste,-1.5176285792241072e-15,-0.08557431846970934,-0.08557431846970782,1.2159637556079613e-13,-0.08557431846983093
modelo_10_fatorial_decomposicao.csv,mvp,S_UR_maximo,ABCD,p_valor,,0.93988037109375,,,
modelo_10_fatorial_decomposicao.csv,mvp,S_UR_maximo,ABCD,n_instancias,16.0,16.0,0.0,16.0,0.0
modelo_10_fatorial_decomposicao.csv,mvp,S_UR_maximo,SOMA_principais,parcela_media,-29.571261791764098,-42.79374366564279,-13.222481873878696,-29.571261791764094,-13.2224818738787
modelo_10_fatorial_decomposicao.csv,mvp,S_UR_maximo,SOMA_principais,pct_do_contraste,161.6907270827003,161.61052851973625,-0.08019856296405692,161.69072708270033,-0.08019856296408534
modelo_10_fatorial_decomposicao.csv,mvp,S_UR_maximo,SOMA_principais,p_valor,,,,,
modelo_10_fatorial_decomposicao.csv,mvp,S_UR_maximo,SOMA_principais,n_instancias,16.0,16.0,0.0,16.0,0.0
modelo_10_fatorial_decomposicao.csv,mvp,S_UR_maximo,SOMA_interacoes,parcela_media,11.282481522602952,16.314191833463255,5.031710310860303,11.28248152260292,5.031710310860335
modelo_10_fatorial_decomposicao.csv,mvp,S_UR_maximo,SOMA_interacoes,pct_do_contraste,-61.69072708270035,-61.6105285197361,0.08019856296424877,-61.69072708270018,0.08019856296407823
modelo_10_fatorial_decomposicao.csv,mvp,S_UR_maximo,SOMA_interacoes,p_valor,,,,,
modelo_10_fatorial_decomposicao.csv,mvp,S_UR_maximo,SOMA_interacoes,n_instancias,16.0,16.0,0.0,16.0,0.0
modelo_07_ablacao_parametros.csv,mvp,S_UR_maximo,centralizada,dif_absoluta,0.0,0.0,0.0,0.0,0.0
modelo_07_ablacao_parametros.csv,mvp,S_UR_maximo,centralizada,dif_relativa_pct,0.0,0.0,0.0,0.0,0.0
modelo_07_ablacao_parametros.csv,mvp,S_UR_maximo,centralizada,p_valor,,,,,
modelo_07_ablacao_parametros.csv,mvp,S_UR_maximo,centralizada,d_cohen_pareado,,,,,
modelo_07_ablacao_parametros.csv,mvp,S_UR_maximo,centralizada,prop_instancias_com_dif,0.0,0.0,0.0,0.0,0.0
modelo_07_ablacao_parametros.csv,mvp,S_UR_maximo,centralizada,n_instancias,16.0,16.0,0.0,16.0,0.0
modelo_07_ablacao_parametros.csv,mvp,S_UR_maximo,centralizada,media_referencia_centralizada,25.112262752683552,35.14699954028097,10.03473678759742,25.112262752683552,10.03473678759742
modelo_07_ablacao_parametros.csv,mvp,S_UR_maximo,centralizada,media_braco,25.112262752683552,35.14699954028097,10.03473678759742,25.112262752683552,10.03473678759742
modelo_07_ablacao_parametros.csv,mvp,S_UR_maximo,centralizada,efeito_total_adaptativa,-18.288780269161144,-26.479551832179503,-8.190771563018359,-18.288780269161144,-8.190771563018359
modelo_07_ablacao_parametros.csv,mvp,S_UR_maximo,centralizada,fracao_do_efeito_total_pct,-0.0,-0.0,0.0,-0.0,0.0
modelo_07_ablacao_parametros.csv,mvp,S_UR_maximo,adaptativa,dif_absoluta,-18.288780269161144,-26.479551832179503,-8.190771563018359,-18.288780269161144,-8.190771563018359
modelo_07_ablacao_parametros.csv,mvp,S_UR_maximo,adaptativa,dif_relativa_pct,-72.82808582116625,-75.33943772876557,-2.5113519075993196,-72.82808582116625,-2.5113519075993196
modelo_07_ablacao_parametros.csv,mvp,S_UR_maximo,adaptativa,p_valor,3.0517578125e-05,3.0517578125e-05,0.0,3.0517578125e-05,0.0
modelo_07_ablacao_parametros.csv,mvp,S_UR_maximo,adaptativa,d_cohen_pareado,-6.4857647609398485,-4.247689271800144,2.238075489139704,-6.4857647609398485,2.238075489139704
modelo_07_ablacao_parametros.csv,mvp,S_UR_maximo,adaptativa,prop_instancias_com_dif,1.0,1.0,0.0,1.0,0.0
modelo_07_ablacao_parametros.csv,mvp,S_UR_maximo,adaptativa,n_instancias,16.0,16.0,0.0,16.0,0.0
modelo_07_ablacao_parametros.csv,mvp,S_UR_maximo,adaptativa,media_referencia_centralizada,25.112262752683552,35.14699954028097,10.03473678759742,25.112262752683552,10.03473678759742
modelo_07_ablacao_parametros.csv,mvp,S_UR_maximo,adaptativa,media_braco,6.82348248352241,8.667447708101468,1.8439652245790583,6.82348248352241,1.8439652245790583
modelo_07_ablacao_parametros.csv,mvp,S_UR_maximo,adaptativa,efeito_total_adaptativa,-18.288780269161144,-26.479551832179503,-8.190771563018359,-18.288780269161144,-8.190771563018359
modelo_07_ablacao_parametros.csv,mvp,S_UR_maximo,adaptativa,fracao_do_efeito_total_pct,100.0,100.0,0.0,100.0,0.0
modelo_07_ablacao_parametros.csv,mvp,S_UR_maximo,so_tau_inicial,dif_absoluta,-4.086631023865824,-5.240187724315907,-1.1535567004500837,-4.0866310238658246,-1.1535567004500829
modelo_07_ablacao_parametros.csv,mvp,S_UR_maximo,so_tau_inicial,dif_relativa_pct,-16.273448012681044,-14.90934586979545,1.364102142885594,-16.273448012681047,1.3641021428855975
modelo_07_ablacao_parametros.csv,mvp,S_UR_maximo,so_tau_inicial,p_valor,0.000762939453125,9.1552734375e-05,-0.00067138671875,0.000762939453125,-0.00067138671875
modelo_07_ablacao_parametros.csv,mvp,S_UR_maximo,so_tau_inicial,d_cohen_pareado,-1.3055789005376832,-1.765379780305287,-0.45980087976760387,-1.3055789005376832,-0.45980087976760387
modelo_07_ablacao_parametros.csv,mvp,S_UR_maximo,so_tau_inicial,prop_instancias_com_dif,1.0,1.0,0.0,1.0,0.0
modelo_07_ablacao_parametros.csv,mvp,S_UR_maximo,so_tau_inicial,n_instancias,16.0,16.0,0.0,16.0,0.0
modelo_07_ablacao_parametros.csv,mvp,S_UR_maximo,so_tau_inicial,media_referencia_centralizada,25.112262752683552,35.14699954028097,10.03473678759742,25.112262752683552,10.03473678759742
modelo_07_ablacao_parametros.csv,mvp,S_UR_maximo,so_tau_inicial,media_braco,21.02563172881773,29.906811815965064,8.881180087147335,21.02563172881773,8.881180087147335
modelo_07_ablacao_parametros.csv,mvp,S_UR_maximo,so_tau_inicial,efeito_total_adaptativa,-18.288780269161144,-26.479551832179503,-8.190771563018359,-18.288780269161144,-8.190771563018359
modelo_07_ablacao_parametros.csv,mvp,S_UR_maximo,so_tau_inicial,fracao_do_efeito_total_pct,22.345016801130097,19.78956349989173,-2.555453301238366,22.3450168011301,-2.5554533012383693
modelo_07_ablacao_parametros.csv,mvp,S_UR_maximo,so_tau_min,dif_absoluta,0.0,0.0,0.0,0.0,0.0
modelo_07_ablacao_parametros.csv,mvp,S_UR_maximo,so_tau_min,dif_relativa_pct,0.0,0.0,0.0,0.0,0.0
modelo_07_ablacao_parametros.csv,mvp,S_UR_maximo,so_tau_min,p_valor,,,,,
modelo_07_ablacao_parametros.csv,mvp,S_UR_maximo,so_tau_min,d_cohen_pareado,,,,,
modelo_07_ablacao_parametros.csv,mvp,S_UR_maximo,so_tau_min,prop_instancias_com_dif,0.0,0.0,0.0,0.0,0.0
modelo_07_ablacao_parametros.csv,mvp,S_UR_maximo,so_tau_min,n_instancias,16.0,16.0,0.0,16.0,0.0
modelo_07_ablacao_parametros.csv,mvp,S_UR_maximo,so_tau_min,media_referencia_centralizada,25.112262752683552,35.14699954028097,10.03473678759742,25.112262752683552,10.03473678759742
modelo_07_ablacao_parametros.csv,mvp,S_UR_maximo,so_tau_min,media_braco,25.112262752683552,35.14699954028097,10.03473678759742,25.112262752683552,10.03473678759742
modelo_07_ablacao_parametros.csv,mvp,S_UR_maximo,so_tau_min,efeito_total_adaptativa,-18.288780269161144,-26.479551832179503,-8.190771563018359,-18.288780269161144,-8.190771563018359
modelo_07_ablacao_parametros.csv,mvp,S_UR_maximo,so_tau_min,fracao_do_efeito_total_pct,-0.0,-0.0,0.0,-0.0,0.0
modelo_07_ablacao_parametros.csv,mvp,S_UR_maximo,so_p_reporte,dif_absoluta,-15.01705397632761,-20.593755046712026,-5.576701070384416,-15.01705397632761,-5.576701070384416
modelo_07_ablacao_parametros.csv,mvp,S_UR_maximo,so_p_reporte,dif_relativa_pct,-59.7996848162273,-58.593209423496056,1.2064753927312424,-59.7996848162273,1.2064753927312424
modelo_07_ablacao_parametros.csv,mvp,S_UR_maximo,so_p_reporte,p_valor,3.0517578125e-05,3.0517578125e-05,0.0,3.0517578125e-05,0.0
modelo_07_ablacao_parametros.csv,mvp,S_UR_maximo,so_p_reporte,d_cohen_pareado,-5.441431151973885,-3.846633427266473,1.5947977247074117,-5.441431151973885,1.5947977247074117
modelo_07_ablacao_parametros.csv,mvp,S_UR_maximo,so_p_reporte,prop_instancias_com_dif,1.0,1.0,0.0,1.0,0.0
modelo_07_ablacao_parametros.csv,mvp,S_UR_maximo,so_p_reporte,n_instancias,16.0,16.0,0.0,16.0,0.0
modelo_07_ablacao_parametros.csv,mvp,S_UR_maximo,so_p_reporte,media_referencia_centralizada,25.112262752683552,35.14699954028097,10.03473678759742,25.112262752683552,10.03473678759742
modelo_07_ablacao_parametros.csv,mvp,S_UR_maximo,so_p_reporte,media_braco,10.095208776355944,14.553244493568947,4.4580357172130025,10.095208776355943,4.458035717213004
modelo_07_ablacao_parametros.csv,mvp,S_UR_maximo,so_p_reporte,efeito_total_adaptativa,-18.288780269161144,-26.479551832179503,-8.190771563018359,-18.288780269161144,-8.190771563018359
modelo_07_ablacao_parametros.csv,mvp,S_UR_maximo,so_p_reporte,fracao_do_efeito_total_pct,82.11074634457512,77.77229455101762,-4.338451793557496,82.11074634457512,-4.338451793557496
modelo_07_ablacao_parametros.csv,mvp,S_UR_maximo,so_p_deteccao,dif_absoluta,-10.46757679157066,-16.95980089461487,-6.492224103044208,-10.46757679157066,-6.492224103044208
modelo_07_ablacao_parametros.csv,mvp,S_UR_maximo,so_p_deteccao,dif_relativa_pct,-41.68312865574837,-48.25390820396411,-6.570779548215739,-41.68312865574837,-6.570779548215739
modelo_07_ablacao_parametros.csv,mvp,S_UR_maximo,so_p_deteccao,p_valor,3.0517578125e-05,3.0517578125e-05,0.0,3.0517578125e-05,0.0
modelo_07_ablacao_parametros.csv,mvp,S_UR_maximo,so_p_deteccao,d_cohen_pareado,-4.112902160393344,-3.061197458853525,1.051704701539819,-4.112902160393344,1.051704701539819
modelo_07_ablacao_parametros.csv,mvp,S_UR_maximo,so_p_deteccao,prop_instancias_com_dif,1.0,1.0,0.0,1.0,0.0
modelo_07_ablacao_parametros.csv,mvp,S_UR_maximo,so_p_deteccao,n_instancias,16.0,16.0,0.0,16.0,0.0
modelo_07_ablacao_parametros.csv,mvp,S_UR_maximo,so_p_deteccao,media_referencia_centralizada,25.112262752683552,35.14699954028097,10.03473678759742,25.112262752683552,10.03473678759742
modelo_07_ablacao_parametros.csv,mvp,S_UR_maximo,so_p_deteccao,media_braco,14.644685961112891,18.187198645666104,3.5425126845532127,14.644685961112891,3.5425126845532127
modelo_07_ablacao_parametros.csv,mvp,S_UR_maximo,so_p_deteccao,efeito_total_adaptativa,-18.288780269161144,-26.479551832179503,-8.190771563018359,-18.288780269161144,-8.190771563018359
modelo_07_ablacao_parametros.csv,mvp,S_UR_maximo,so_p_deteccao,fracao_do_efeito_total_pct,57.23496393699513,64.04867046882691,6.813706531831784,57.23496393699513,6.813706531831784
modelo_07_ablacao_parametros.csv,mvp,S_UR_maximo,so_par_tau,dif_absoluta,-4.086631023865824,-5.235356084126666,-1.1487250602608423,-4.0866310238658246,-1.1487250602608414
modelo_07_ablacao_parametros.csv,mvp,S_UR_maximo,so_par_tau,dif_relativa_pct,-16.273448012681044,-14.895598920546758,1.3778490921342854,-16.273448012681047,1.377849092134289
modelo_07_ablacao_parametros.csv,mvp,S_UR_maximo,so_par_tau,p_valor,0.000762939453125,9.1552734375e-05,-0.00067138671875,0.000762939453125,-0.00067138671875
modelo_07_ablacao_parametros.csv,mvp,S_UR_maximo,so_par_tau,d_cohen_pareado,-1.3055789005376832,-1.656470996390652,-0.3508920958529689,-1.3055789005376832,-0.3508920958529689
modelo_07_ablacao_parametros.csv,mvp,S_UR_maximo,so_par_tau,prop_instancias_com_dif,1.0,1.0,0.0,1.0,0.0
modelo_07_ablacao_parametros.csv,mvp,S_UR_maximo,so_par_tau,n_instancias,16.0,16.0,0.0,16.0,0.0
modelo_07_ablacao_parametros.csv,mvp,S_UR_maximo,so_par_tau,media_referencia_centralizada,25.112262752683552,35.14699954028097,10.03473678759742,25.112262752683552,10.03473678759742
modelo_07_ablacao_parametros.csv,mvp,S_UR_maximo,so_par_tau,media_braco,21.02563172881773,29.91164345615431,8.88601172733658,21.02563172881773,8.88601172733658
modelo_07_ablacao_parametros.csv,mvp,S_UR_maximo,so_par_tau,efeito_total_adaptativa,-18.288780269161144,-26.479551832179503,-8.190771563018359,-18.288780269161144,-8.190771563018359
modelo_07_ablacao_parametros.csv,mvp,S_UR_maximo,so_par_tau,fracao_do_efeito_total_pct,22.345016801130097,19.771316815733847,-2.5736999853962494,22.3450168011301,-2.573699985396253
modelo_07_ablacao_parametros.csv,mvp,S_UR_maximo,sem_par_tau,dif_absoluta,-17.12289135856928,-25.326431711563817,-8.203540352994537,-17.12289135856928,-8.203540352994537
modelo_07_ablacao_parametros.csv,mvp,S_UR_maximo,sem_par_tau,dif_relativa_pct,-68.18537830383082,-72.05858833707246,-3.873210033241648,-68.18537830383082,-3.873210033241648
modelo_07_ablacao_parametros.csv,mvp,S_UR_maximo,sem_par_tau,p_valor,3.0517578125e-05,3.0517578125e-05,0.0,3.0517578125e-05,0.0
modelo_07_ablacao_parametros.csv,mvp,S_UR_maximo,sem_par_tau,d_cohen_pareado,-6.271458891979094,-3.997571808259605,2.2738870837194893,-6.271458891979094,2.2738870837194893
modelo_07_ablacao_parametros.csv,mvp,S_UR_maximo,sem_par_tau,prop_instancias_com_dif,1.0,1.0,0.0,1.0,0.0
modelo_07_ablacao_parametros.csv,mvp,S_UR_maximo,sem_par_tau,n_instancias,16.0,16.0,0.0,16.0,0.0
modelo_07_ablacao_parametros.csv,mvp,S_UR_maximo,sem_par_tau,media_referencia_centralizada,25.112262752683552,35.14699954028097,10.03473678759742,25.112262752683552,10.03473678759742
modelo_07_ablacao_parametros.csv,mvp,S_UR_maximo,sem_par_tau,media_braco,7.989371394114272,9.820567828717156,1.8311964346028837,7.989371394114272,1.8311964346028837
modelo_07_ablacao_parametros.csv,mvp,S_UR_maximo,sem_par_tau,efeito_total_adaptativa,-18.288780269161144,-26.479551832179503,-8.190771563018359,-18.288780269161144,-8.190771563018359
modelo_07_ablacao_parametros.csv,mvp,S_UR_maximo,sem_par_tau,fracao_do_efeito_total_pct,93.62511390353458,95.64524306180158,2.0201291582669967,93.62511390353458,2.0201291582669967
modelo_07_ablacao_mecanismo.csv,mvp,atraso_relativo,nominal,media_centralizada,3.134532505799728,3.0608024318896927,-0.07373007391003528,3.134532505799728,-0.07373007391003528
modelo_07_ablacao_mecanismo.csv,mvp,atraso_relativo,nominal,media_adaptativa,1.9991332944309277,2.0373813983341833,0.038248103903255615,1.9991332944309277,0.038248103903255615
modelo_07_ablacao_mecanismo.csv,mvp,atraso_relativo,nominal,dif_absoluta,-1.1353992113688005,-1.023421033555509,0.11197817781329156,-1.1353992113688003,0.11197817781329134
modelo_07_ablacao_mecanismo.csv,mvp,atraso_relativo,nominal,dif_relativa_pct,-36.222282246810536,-33.436363709488575,2.7859185373219617,-36.222282246810536,2.7859185373219617
modelo_07_ablacao_mecanismo.csv,mvp,atraso_relativo,nominal,p_valor,3.0517578125e-05,3.0517578125e-05,0.0,3.0517578125e-05,0.0
modelo_07_ablacao_mecanismo.csv,mvp,atraso_relativo,nominal,d_cohen_pareado,-5.54647837551483,-6.029314220163443,-0.48283584464861296,-5.54647837551483,-0.48283584464861296
modelo_07_ablacao_mecanismo.csv,mvp,atraso_relativo,nominal,prop_instancias_com_dif,1.0,1.0,0.0,1.0,0.0
modelo_07_ablacao_mecanismo.csv,mvp,atraso_relativo,nominal,n_instancias,16.0,16.0,0.0,16.0,0.0
modelo_07_ablacao_mecanismo.csv,mvp,atraso_relativo,nominal,efeito_nominal_absoluto,-1.1353992113688005,-1.023421033555509,0.11197817781329156,-1.1353992113688003,0.11197817781329134
modelo_07_ablacao_mecanismo.csv,mvp,atraso_relativo,nominal,efeito_restante_pct_do_nominal,100.0,100.0,0.0,100.0,0.0
modelo_07_ablacao_mecanismo.csv,mvp,atraso_relativo,sem_assistencia,media_centralizada,3.134532505799728,3.0608024318896927,-0.07373007391003528,3.134532505799728,-0.07373007391003528
modelo_07_ablacao_mecanismo.csv,mvp,atraso_relativo,sem_assistencia,media_adaptativa,2.310500483906922,2.1713302765539932,-0.13917020735292862,2.310500483906922,-0.13917020735292862
modelo_07_ablacao_mecanismo.csv,mvp,atraso_relativo,sem_assistencia,dif_absoluta,-0.8240320218928062,-0.8894721553356988,-0.06544013344289257,-0.8240320218928062,-0.06544013344289257
modelo_07_ablacao_mecanismo.csv,mvp,atraso_relativo,sem_assistencia,dif_relativa_pct,-26.288833195001978,-29.060096988571466,-2.7712637935694886,-26.288833195001978,-2.7712637935694886
modelo_07_ablacao_mecanismo.csv,mvp,atraso_relativo,sem_assistencia,p_valor,3.0517578125e-05,3.0517578125e-05,0.0,3.0517578125e-05,0.0
modelo_07_ablacao_mecanismo.csv,mvp,atraso_relativo,sem_assistencia,d_cohen_pareado,-4.425153462568245,-5.272047353384709,-0.8468938908164638,-4.425153462568245,-0.8468938908164638
modelo_07_ablacao_mecanismo.csv,mvp,atraso_relativo,sem_assistencia,prop_instancias_com_dif,1.0,1.0,0.0,1.0,0.0
modelo_07_ablacao_mecanismo.csv,mvp,atraso_relativo,sem_assistencia,n_instancias,16.0,16.0,0.0,16.0,0.0
modelo_07_ablacao_mecanismo.csv,mvp,atraso_relativo,sem_assistencia,efeito_nominal_absoluto,-1.1353992113688005,-1.023421033555509,0.11197817781329156,-1.1353992113688003,0.11197817781329134
modelo_07_ablacao_mecanismo.csv,mvp,atraso_relativo,sem_assistencia,efeito_restante_pct_do_nominal,72.57641309257032,86.91165475127545,14.33524165870513,72.57641309257032,14.33524165870513
modelo_07_ablacao_mecanismo.csv,mvp,atraso_relativo,assistencia_universal,media_centralizada,2.859956405630625,2.9685762363947474,0.1086198307641224,2.859956405630625,0.1086198307641224
modelo_07_ablacao_mecanismo.csv,mvp,atraso_relativo,assistencia_universal,media_adaptativa,1.9991332944309277,2.038805964693079,0.03967267026215149,1.9991332944309277,0.03967267026215149
modelo_07_ablacao_mecanismo.csv,mvp,atraso_relativo,assistencia_universal,dif_absoluta,-0.8608231111996976,-0.9297702717016683,-0.0689471605019707,-0.8608231111996976,-0.0689471605019707
modelo_07_ablacao_mecanismo.csv,mvp,atraso_relativo,assistencia_universal,dif_relativa_pct,-30.099168977013996,-31.320410784896943,-1.2212418078829472,-30.099168977013996,-1.2212418078829472
modelo_07_ablacao_mecanismo.csv,mvp,atraso_relativo,assistencia_universal,p_valor,3.0517578125e-05,3.0517578125e-05,0.0,3.0517578125e-05,0.0
modelo_07_ablacao_mecanismo.csv,mvp,atraso_relativo,assistencia_universal,d_cohen_pareado,-4.152729922486257,-3.566960101292497,0.5857698211937601,-4.152729922486257,0.5857698211937601
modelo_07_ablacao_mecanismo.csv,mvp,atraso_relativo,assistencia_universal,prop_instancias_com_dif,1.0,1.0,0.0,1.0,0.0
modelo_07_ablacao_mecanismo.csv,mvp,atraso_relativo,assistencia_universal,n_instancias,16.0,16.0,0.0,16.0,0.0
modelo_07_ablacao_mecanismo.csv,mvp,atraso_relativo,assistencia_universal,efeito_nominal_absoluto,-1.1353992113688005,-1.023421033555509,0.11197817781329156,-1.1353992113688003,0.11197817781329134
modelo_07_ablacao_mecanismo.csv,mvp,atraso_relativo,assistencia_universal,efeito_restante_pct_do_nominal,75.81677903069154,90.84924397845481,15.032464947763273,75.81677903069154,15.032464947763273
modelo_07_ablacao_mecanismo.csv,mvp,E_total,nominal,media_centralizada,0.7839008771073722,0.7067130346128632,-0.07718784249450905,0.7839008771073722,-0.07718784249450905
modelo_07_ablacao_mecanismo.csv,mvp,E_total,nominal,media_adaptativa,0.8885319344131772,0.6558684628165047,-0.23266347159667256,0.8885319344131772,-0.23266347159667256
modelo_07_ablacao_mecanismo.csv,mvp,E_total,nominal,dif_absoluta,0.1046310573058051,-0.05084457179635853,-0.15547562910216364,0.10463105730580514,-0.15547562910216367
modelo_07_ablacao_mecanismo.csv,mvp,E_total,nominal,dif_relativa_pct,13.347485678533518,-7.194514506756077,-20.542000185289595,13.347485678533518,-20.542000185289595
modelo_07_ablacao_mecanismo.csv,mvp,E_total,nominal,p_valor,3.0517578125e-05,3.0517578125e-05,0.0,3.0517578125e-05,0.0
modelo_07_ablacao_mecanismo.csv,mvp,E_total,nominal,d_cohen_pareado,3.752444045375827,-3.034337403696734,-6.786781449072562,3.7524440453758268,-6.786781449072561
modelo_07_ablacao_mecanismo.csv,mvp,E_total,nominal,prop_instancias_com_dif,1.0,1.0,0.0,1.0,0.0
modelo_07_ablacao_mecanismo.csv,mvp,E_total,nominal,n_instancias,16.0,16.0,0.0,16.0,0.0
modelo_07_ablacao_mecanismo.csv,mvp,E_total,nominal,efeito_nominal_absoluto,0.1046310573058051,-0.05084457179635853,-0.15547562910216364,0.10463105730580514,-0.15547562910216367
modelo_07_ablacao_mecanismo.csv,mvp,E_total,nominal,efeito_restante_pct_do_nominal,100.0,100.0,0.0,100.0,0.0
modelo_07_ablacao_mecanismo.csv,mvp,E_total,sem_assistencia,media_centralizada,0.7839008771073722,0.7067130346128632,-0.07718784249450905,0.7839008771073722,-0.07718784249450905
modelo_07_ablacao_mecanismo.csv,mvp,E_total,sem_assistencia,media_adaptativa,0.7361670892273,0.6632301789349546,-0.07293691029234539,0.7361670892273,-0.07293691029234539
modelo_07_ablacao_mecanismo.csv,mvp,E_total,sem_assistencia,dif_absoluta,-0.0477337878800722,-0.04348285567790867,0.004250932202163535,-0.04773378788007222,0.004250932202163556
modelo_07_ablacao_mecanismo.csv,mvp,E_total,sem_assistencia,dif_relativa_pct,-6.089263231368224,-6.15283057595344,-0.06356734458521629,-6.089263231368224,-0.06356734458521629
modelo_07_ablacao_mecanismo.csv,mvp,E_total,sem_assistencia,p_valor,3.0517578125e-05,3.0517578125e-05,0.0,3.0517578125e-05,0.0
modelo_07_ablacao_mecanismo.csv,mvp,E_total,sem_assistencia,d_cohen_pareado,-2.986247677285355,-4.400757940621674,-1.4145102633363194,-2.986247677285355,-1.4145102633363194
modelo_07_ablacao_mecanismo.csv,mvp,E_total,sem_assistencia,prop_instancias_com_dif,1.0,1.0,0.0,1.0,0.0
modelo_07_ablacao_mecanismo.csv,mvp,E_total,sem_assistencia,n_instancias,16.0,16.0,0.0,16.0,0.0
modelo_07_ablacao_mecanismo.csv,mvp,E_total,sem_assistencia,efeito_nominal_absoluto,0.1046310573058051,-0.05084457179635853,-0.15547562910216364,0.10463105730580514,-0.15547562910216367
modelo_07_ablacao_mecanismo.csv,mvp,E_total,sem_assistencia,efeito_restante_pct_do_nominal,-45.62105087073784,85.52113655724186,131.1421874279797,-45.62105087073784,131.1421874279797
modelo_07_ablacao_mecanismo.csv,mvp,E_total,assistencia_universal,media_centralizada,0.8979906437722661,0.6845568619955168,-0.21343378177674932,0.8979906437722661,-0.21343378177674932
modelo_07_ablacao_mecanismo.csv,mvp,E_total,assistencia_universal,media_adaptativa,0.8885319344131772,0.6559065827180666,-0.23262535169511067,0.8885319344131772,-0.23262535169511067
modelo_07_ablacao_mecanismo.csv,mvp,E_total,assistencia_universal,dif_absoluta,-0.0094587093590887,-0.02865027927745016,-0.019191569918361462,-0.009458709359088789,-0.01919156991836137
modelo_07_ablacao_mecanismo.csv,mvp,E_total,assistencia_universal,dif_relativa_pct,-1.053319366374997,-4.185230017844418,-3.131910651469421,-1.053319366374997,-3.131910651469421
modelo_07_ablacao_mecanismo.csv,mvp,E_total,assistencia_universal,p_valor,0.000579833984375,3.0517578125e-05,-0.00054931640625,0.000579833984375,-0.00054931640625
modelo_07_ablacao_mecanismo.csv,mvp,E_total,assistencia_universal,d_cohen_pareado,-1.1594997284711177,-1.7796008235862675,-0.6201010951151498,-1.1594997284711175,-0.62010109511515
modelo_07_ablacao_mecanismo.csv,mvp,E_total,assistencia_universal,prop_instancias_com_dif,1.0,1.0,0.0,1.0,0.0
modelo_07_ablacao_mecanismo.csv,mvp,E_total,assistencia_universal,n_instancias,16.0,16.0,0.0,16.0,0.0
modelo_07_ablacao_mecanismo.csv,mvp,E_total,assistencia_universal,efeito_nominal_absoluto,0.1046310573058051,-0.05084457179635853,-0.15547562910216364,0.10463105730580514,-0.15547562910216367
modelo_07_ablacao_mecanismo.csv,mvp,E_total,assistencia_universal,efeito_restante_pct_do_nominal,-9.040059044270023,56.34874730030096,65.38880634457098,-9.040059044270023,65.38880634457098
modelo_07_ablacao_mecanismo.csv,mvp,TL,nominal,media_centralizada,0.0,0.0,0.0,0.0,0.0
modelo_07_ablacao_mecanismo.csv,mvp,TL,nominal,media_adaptativa,10.489583333333334,102.859375,92.36979166666667,10.489583333333334,92.36979166666667
modelo_07_ablacao_mecanismo.csv,mvp,TL,nominal,dif_absoluta,10.489583333333334,102.859375,92.36979166666667,10.489583333333334,92.36979166666667
modelo_07_ablacao_mecanismo.csv,mvp,TL,nominal,dif_relativa_pct,,,,,
modelo_07_ablacao_mecanismo.csv,mvp,TL,nominal,p_valor,0.0004368090232114,3.0517578125e-05,-0.0004062914450864,3.0517578125e-05,0.0
modelo_07_ablacao_mecanismo.csv,mvp,TL,nominal,d_cohen_pareado,6.443840540614198,3.983453388720767,-2.4603871518934306,6.443840540614198,-2.4603871518934306
modelo_07_ablacao_mecanismo.csv,mvp,TL,nominal,prop_instancias_com_dif,1.0,1.0,0.0,1.0,0.0
modelo_07_ablacao_mecanismo.csv,mvp,TL,nominal,n_instancias,16.0,16.0,0.0,16.0,0.0
modelo_07_ablacao_mecanismo.csv,mvp,TL,nominal,efeito_nominal_absoluto,10.489583333333334,102.859375,92.36979166666667,10.489583333333334,92.36979166666667
modelo_07_ablacao_mecanismo.csv,mvp,TL,nominal,efeito_restante_pct_do_nominal,100.0,100.0,0.0,100.00000000000001,-1.4210854715202004e-14
modelo_07_ablacao_mecanismo.csv,mvp,TL,sem_assistencia,media_centralizada,0.0,0.0,0.0,0.0,0.0
modelo_07_ablacao_mecanismo.csv,mvp,TL,sem_assistencia,media_adaptativa,0.0,0.0,0.0,0.0,0.0
modelo_07_ablacao_mecanismo.csv,mvp,TL,sem_assistencia,dif_absoluta,0.0,0.0,0.0,0.0,0.0
modelo_07_ablacao_mecanismo.csv,mvp,TL,sem_assistencia,dif_relativa_pct,0.0,,,,
modelo_07_ablacao_mecanismo.csv,mvp,TL,sem_assistencia,p_valor,,,,,
modelo_07_ablacao_mecanismo.csv,mvp,TL,sem_assistencia,d_cohen_pareado,,,,,
modelo_07_ablacao_mecanismo.csv,mvp,TL,sem_assistencia,prop_instancias_com_dif,0.0,0.0,0.0,0.0,0.0
modelo_07_ablacao_mecanismo.csv,mvp,TL,sem_assistencia,n_instancias,16.0,16.0,0.0,16.0,0.0
modelo_07_ablacao_mecanismo.csv,mvp,TL,sem_assistencia,efeito_nominal_absoluto,10.489583333333334,102.859375,92.36979166666667,10.489583333333334,92.36979166666667
modelo_07_ablacao_mecanismo.csv,mvp,TL,sem_assistencia,efeito_restante_pct_do_nominal,0.0,0.0,0.0,0.0,0.0
modelo_07_ablacao_mecanismo.csv,mvp,TL,assistencia_universal,media_centralizada,9.973958333333332,93.84895833333334,83.87500000000001,9.973958333333332,83.87500000000001
modelo_07_ablacao_mecanismo.csv,mvp,TL,assistencia_universal,media_adaptativa,10.489583333333334,102.84895833333333,92.359375,10.489583333333334,92.359375
modelo_07_ablacao_mecanismo.csv,mvp,TL,assistencia_universal,dif_absoluta,0.515625,9.000000000000002,8.484375000000002,0.515625,8.484375000000002
modelo_07_ablacao_mecanismo.csv,mvp,TL,assistencia_universal,dif_relativa_pct,5.169712793733682,9.589877351684335,4.4201645579506526,5.169712793733682,4.4201645579506526
modelo_07_ablacao_mecanismo.csv,mvp,TL,assistencia_universal,p_valor,0.0069681455903656,0.001312255859375,-0.0056558897309906,0.006968145590365646,-0.005655889730990646
modelo_07_ablacao_mecanismo.csv,mvp,TL,assistencia_universal,d_cohen_pareado,0.7994971245563759,1.0352061151997436,0.2357089906433677,0.7994971245563759,0.2357089906433677
modelo_07_ablacao_mecanismo.csv,mvp,TL,assistencia_universal,prop_instancias_com_dif,0.9375,1.0,0.0625,0.9375,0.0625
modelo_07_ablacao_mecanismo.csv,mvp,TL,assistencia_universal,n_instancias,16.0,16.0,0.0,16.0,0.0
modelo_07_ablacao_mecanismo.csv,mvp,TL,assistencia_universal,efeito_nominal_absoluto,10.489583333333334,102.859375,92.36979166666667,10.489583333333334,92.36979166666667
modelo_07_ablacao_mecanismo.csv,mvp,TL,assistencia_universal,efeito_restante_pct_do_nominal,4.915590863952334,8.74981011696795,3.8342192530156165,4.915590863952334,3.8342192530156165
modelo_07_ablacao_mecanismo.csv,mvp,TU,nominal,media_centralizada,126.265625,140.78125,14.515625,126.265625,14.515625
modelo_07_ablacao_mecanismo.csv,mvp,TU,nominal,media_adaptativa,5.942708333333333,49.520833333333336,43.578125,5.942708333333333,43.578125
modelo_07_ablacao_mecanismo.csv,mvp,TU,nominal,dif_absoluta,-120.32291666666666,-91.26041666666666,29.0625,-120.32291666666666,29.0625
modelo_07_ablacao_mecanismo.csv,mvp,TU,nominal,dif_relativa_pct,-95.29348677968898,-64.82426933037365,30.469217449315323,-95.29348677968898,30.469217449315323
modelo_07_ablacao_mecanismo.csv,mvp,TU,nominal,p_valor,3.0517578125e-05,3.0517578125e-05,0.0,3.0517578125e-05,0.0
modelo_07_ablacao_mecanismo.csv,mvp,TU,nominal,d_cohen_pareado,-4.4932606136434945,-4.727933315676768,-0.23467270203327306,-4.4932606136434945,-0.23467270203327306
modelo_07_ablacao_mecanismo.csv,mvp,TU,nominal,prop_instancias_com_dif,1.0,1.0,0.0,1.0,0.0
modelo_07_ablacao_mecanismo.csv,mvp,TU,nominal,n_instancias,16.0,16.0,0.0,16.0,0.0
modelo_07_ablacao_mecanismo.csv,mvp,TU,nominal,efeito_nominal_absoluto,-120.32291666666666,-91.26041666666666,29.0625,-120.32291666666666,29.0625
modelo_07_ablacao_mecanismo.csv,mvp,TU,nominal,efeito_restante_pct_do_nominal,100.0,100.0,0.0,100.0,0.0
modelo_07_ablacao_mecanismo.csv,mvp,TU,sem_assistencia,media_centralizada,126.265625,140.78125,14.515625,126.265625,14.515625
modelo_07_ablacao_mecanismo.csv,mvp,TU,sem_assistencia,media_adaptativa,145.19791666666669,159.22916666666666,14.031249999999972,145.19791666666669,14.031249999999972
modelo_07_ablacao_mecanismo.csv,mvp,TU,sem_assistencia,dif_absoluta,18.93229166666667,18.447916666666664,-0.4843750000000071,18.93229166666667,-0.4843750000000071
modelo_07_ablacao_mecanismo.csv,mvp,TU,sem_assistencia,dif_relativa_pct,14.99401889205132,13.103958564557898,-1.8900603274934227,14.994018892051319,-1.890060327493421
modelo_07_ablacao_mecanismo.csv,mvp,TU,sem_assistencia,p_valor,9.1552734375e-05,6.103515625e-05,-3.0517578125e-05,9.1552734375e-05,-3.0517578125e-05
modelo_07_ablacao_mecanismo.csv,mvp,TU,sem_assistencia,d_cohen_pareado,1.2295390094114875,2.3005396625254484,1.0710006531139609,1.2295390094114875,1.0710006531139609
modelo_07_ablacao_mecanismo.csv,mvp,TU,sem_assistencia,prop_instancias_com_dif,1.0,1.0,0.0,1.0,0.0
modelo_07_ablacao_mecanismo.csv,mvp,TU,sem_assistencia,n_instancias,16.0,16.0,0.0,16.0,0.0
modelo_07_ablacao_mecanismo.csv,mvp,TU,sem_assistencia,efeito_nominal_absoluto,-120.32291666666666,-91.26041666666666,29.0625,-120.32291666666666,29.0625
modelo_07_ablacao_mecanismo.csv,mvp,TU,sem_assistencia,efeito_restante_pct_do_nominal,-15.734568435633284,-20.214587375870334,-4.48001894023705,-15.734568435633284,-4.48001894023705
modelo_07_ablacao_mecanismo.csv,mvp,TU,assistencia_universal,media_centralizada,6.447916666666666,47.234375,40.786458333333336,6.447916666666666,40.786458333333336
modelo_07_ablacao_mecanismo.csv,mvp,TU,assistencia_universal,media_adaptativa,5.942708333333333,49.52083333333333,43.57812499999999,5.942708333333333,43.57812499999999
modelo_07_ablacao_mecanismo.csv,mvp,TU,assistencia_universal,dif_absoluta,-0.5052083333333333,2.2864583333333335,2.791666666666667,-0.5052083333333333,2.791666666666667
modelo_07_ablacao_mecanismo.csv,mvp,TU,assistencia_universal,dif_relativa_pct,-7.835218093699515,4.840666005072224,12.67588409877174,-7.835218093699515,12.67588409877174
modelo_07_ablacao_mecanismo.csv,mvp,TU,assistencia_universal,p_valor,0.2142952907388684,0.02899169921875,-0.1853035915201184,0.231201171875,-0.20220947265625
modelo_07_ablacao_mecanismo.csv,mvp,TU,assistencia_universal,d_cohen_pareado,-0.3151477511419408,0.6655362398855384,0.9806839910274793,-0.3151477511419408,0.9806839910274793
modelo_07_ablacao_mecanismo.csv,mvp,TU,assistencia_universal,prop_instancias_com_dif,1.0,1.0,0.0,1.0,0.0
modelo_07_ablacao_mecanismo.csv,mvp,TU,assistencia_universal,n_instancias,16.0,16.0,0.0,16.0,0.0
modelo_07_ablacao_mecanismo.csv,mvp,TU,assistencia_universal,efeito_nominal_absoluto,-120.32291666666666,-91.26041666666666,29.0625,-120.32291666666666,29.0625
modelo_07_ablacao_mecanismo.csv,mvp,TU,assistencia_universal,efeito_restante_pct_do_nominal,0.4198770669206129,-2.5054217555073626,-2.9252988224279752,0.41987706692061294,-2.9252988224279757
modelo_07_ablacao_mecanismo.csv,mvp,TR,nominal,media_centralizada,68.86531966000788,98.57459165903293,29.70927199902505,68.86531966000788,29.70927199902505
modelo_07_ablacao_mecanismo.csv,mvp,TR,nominal,media_adaptativa,52.50890631287791,80.13663180837382,27.62772549549591,52.50890631287791,27.62772549549591
modelo_07_ablacao_mecanismo.csv,mvp,TR,nominal,dif_absoluta,-16.356413347129973,-18.43795985065912,-2.0815465035291467,-16.356413347129973,-2.0815465035291467
modelo_07_ablacao_mecanismo.csv,mvp,TR,nominal,dif_relativa_pct,-23.751306794018447,-18.70457644342628,5.046730350592167,-23.751306794018447,5.046730350592167
modelo_07_ablacao_mecanismo.csv,mvp,TR,nominal,p_valor,3.0517578125e-05,3.0517578125e-05,0.0,3.0517578125e-05,0.0
modelo_07_ablacao_mecanismo.csv,mvp,TR,nominal,d_cohen_pareado,-3.142964173418213,-2.4368805211190248,0.7060836522991885,-3.142964173418213,0.7060836522991885
modelo_07_ablacao_mecanismo.csv,mvp,TR,nominal,prop_instancias_com_dif,1.0,1.0,0.0,1.0,0.0
modelo_07_ablacao_mecanismo.csv,mvp,TR,nominal,n_instancias,16.0,16.0,0.0,16.0,0.0
modelo_07_ablacao_mecanismo.csv,mvp,TR,nominal,efeito_nominal_absoluto,-16.356413347129973,-18.43795985065912,-2.0815465035291467,-16.356413347129973,-2.0815465035291467
modelo_07_ablacao_mecanismo.csv,mvp,TR,nominal,efeito_restante_pct_do_nominal,100.0,100.0,0.0,100.0,0.0
modelo_07_ablacao_mecanismo.csv,mvp,TR,sem_assistencia,media_centralizada,68.86531966000788,98.57459165903293,29.70927199902505,68.86531966000788,29.70927199902505
modelo_07_ablacao_mecanismo.csv,mvp,TR,sem_assistencia,media_adaptativa,64.60519189179831,86.63721496852743,22.032023076729118,64.60519189179831,22.032023076729118
modelo_07_ablacao_mecanismo.csv,mvp,TR,sem_assistencia,dif_absoluta,-4.260127768209573,-11.93737669050551,-7.677248922295936,-4.260127768209573,-7.677248922295936
modelo_07_ablacao_mecanismo.csv,mvp,TR,sem_assistencia,dif_relativa_pct,-6.18617293761515,-12.109993548638375,-5.923820611023225,-6.18617293761515,-5.923820611023225
modelo_07_ablacao_mecanismo.csv,mvp,TR,sem_assistencia,p_valor,0.005157470703125,3.0517578125e-05,-0.005126953125,0.005157470703125,-0.005126953125
modelo_07_ablacao_mecanismo.csv,mvp,TR,sem_assistencia,d_cohen_pareado,-0.8503515865440814,-1.9863701214480647,-1.1360185349039833,-0.8503515865440814,-1.1360185349039833
modelo_07_ablacao_mecanismo.csv,mvp,TR,sem_assistencia,prop_instancias_com_dif,1.0,1.0,0.0,1.0,0.0
modelo_07_ablacao_mecanismo.csv,mvp,TR,sem_assistencia,n_instancias,16.0,16.0,0.0,16.0,0.0
modelo_07_ablacao_mecanismo.csv,mvp,TR,sem_assistencia,efeito_nominal_absoluto,-16.356413347129973,-18.43795985065912,-2.0815465035291467,-16.356413347129973,-2.0815465035291467
modelo_07_ablacao_mecanismo.csv,mvp,TR,sem_assistencia,efeito_restante_pct_do_nominal,26.04561084265512,64.74347914408096,38.69786830142584,26.04561084265512,38.69786830142584
modelo_07_ablacao_mecanismo.csv,mvp,TR,assistencia_universal,media_centralizada,59.635513144947055,82.98235537373142,23.346842228784368,59.635513144947055,23.346842228784368
modelo_07_ablacao_mecanismo.csv,mvp,TR,assistencia_universal,media_adaptativa,52.50890631287791,80.14206944001705,27.63316312713914,52.50890631287791,27.63316312713914
modelo_07_ablacao_mecanismo.csv,mvp,TR,assistencia_universal,dif_absoluta,-7.1266068320691485,-2.840285933714362,4.286320898354786,-7.1266068320691485,4.286320898354786
modelo_07_ablacao_mecanismo.csv,mvp,TR,assistencia_universal,dif_relativa_pct,-11.950273345929933,-3.4227588755735323,8.527514470356401,-11.950273345929933,8.527514470356401
modelo_07_ablacao_mecanismo.csv,mvp,TR,assistencia_universal,p_valor,0.000213623046875,0.116668701171875,0.116455078125,0.000213623046875,0.116455078125
modelo_07_ablacao_mecanismo.csv,mvp,TR,assistencia_universal,d_cohen_pareado,-1.1624721736589323,-0.4275683487179427,0.7349038249409896,-1.1624721736589325,0.7349038249409898
modelo_07_ablacao_mecanismo.csv,mvp,TR,assistencia_universal,prop_instancias_com_dif,1.0,1.0,0.0,1.0,0.0
modelo_07_ablacao_mecanismo.csv,mvp,TR,assistencia_universal,n_instancias,16.0,16.0,0.0,16.0,0.0
modelo_07_ablacao_mecanismo.csv,mvp,TR,assistencia_universal,efeito_nominal_absoluto,-16.356413347129973,-18.43795985065912,-2.0815465035291467,-16.356413347129973,-2.0815465035291467
modelo_07_ablacao_mecanismo.csv,mvp,TR,assistencia_universal,efeito_restante_pct_do_nominal,43.5707185971773,15.40455645157958,-28.166162145597717,43.5707185971773,-28.166162145597717
modelo_07_ablacao_mecanismo.csv,mvp,TW,nominal,media_centralizada,696.796875,564.6458333333333,-132.15104166666674,696.796875,-132.15104166666674
modelo_07_ablacao_mecanismo.csv,mvp,TW,nominal,media_adaptativa,547.1927083333333,433.015625,-114.17708333333326,547.1927083333333,-114.17708333333326
modelo_07_ablacao_mecanismo.csv,mvp,TW,nominal,dif_absoluta,-149.60416666666669,-131.63020833333331,17.97395833333337,-149.60416666666669,17.97395833333337
modelo_07_ablacao_mecanismo.csv,mvp,TW,nominal,dif_relativa_pct,-21.47026946219681,-23.311994982105304,-1.8417255199084934,-21.47026946219681,-1.8417255199084934
modelo_07_ablacao_mecanismo.csv,mvp,TW,nominal,p_valor,3.0517578125e-05,3.0517578125e-05,0.0,3.0517578125e-05,0.0
modelo_07_ablacao_mecanismo.csv,mvp,TW,nominal,d_cohen_pareado,-6.498852419526266,-12.010442458079442,-5.511590038553177,-6.498852419526266,-5.511590038553177
modelo_07_ablacao_mecanismo.csv,mvp,TW,nominal,prop_instancias_com_dif,1.0,1.0,0.0,1.0,0.0
modelo_07_ablacao_mecanismo.csv,mvp,TW,nominal,n_instancias,16.0,16.0,0.0,16.0,0.0
modelo_07_ablacao_mecanismo.csv,mvp,TW,nominal,efeito_nominal_absoluto,-149.60416666666669,-131.63020833333331,17.97395833333337,-149.60416666666669,17.97395833333337
modelo_07_ablacao_mecanismo.csv,mvp,TW,nominal,efeito_restante_pct_do_nominal,100.0,100.0,0.0,100.0,0.0
modelo_07_ablacao_mecanismo.csv,mvp,TW,sem_assistencia,media_centralizada,696.796875,564.6458333333333,-132.15104166666674,696.796875,-132.15104166666674
modelo_07_ablacao_mecanismo.csv,mvp,TW,sem_assistencia,media_adaptativa,572.9895833333333,474.18229166666663,-98.80729166666663,572.9895833333333,-98.80729166666663
modelo_07_ablacao_mecanismo.csv,mvp,TW,sem_assistencia,dif_absoluta,-123.80729166666669,-90.46354166666667,33.343750000000014,-123.80729166666667,33.34375
modelo_07_ablacao_mecanismo.csv,mvp,TW,sem_assistencia,dif_relativa_pct,-17.76806069439773,-16.021289156181975,1.7467715382157536,-17.76806069439773,1.7467715382157536
modelo_07_ablacao_mecanismo.csv,mvp,TW,sem_assistencia,p_valor,3.0517578125e-05,3.0517578125e-05,0.0,3.0517578125e-05,0.0
modelo_07_ablacao_mecanismo.csv,mvp,TW,sem_assistencia,d_cohen_pareado,-6.2028422708626,-8.918490685794062,-2.7156484149314615,-6.2028422708626,-2.7156484149314615
modelo_07_ablacao_mecanismo.csv,mvp,TW,sem_assistencia,prop_instancias_com_dif,1.0,1.0,0.0,1.0,0.0
modelo_07_ablacao_mecanismo.csv,mvp,TW,sem_assistencia,n_instancias,16.0,16.0,0.0,16.0,0.0
modelo_07_ablacao_mecanismo.csv,mvp,TW,sem_assistencia,efeito_nominal_absoluto,-149.60416666666669,-131.63020833333331,17.97395833333337,-149.60416666666669,17.97395833333337
modelo_07_ablacao_mecanismo.csv,mvp,TW,sem_assistencia,efeito_restante_pct_do_nominal,82.75657986352876,68.7255173505322,-14.031062512996556,82.75657986352876,-14.031062512996556
modelo_07_ablacao_mecanismo.csv,mvp,TW,assistencia_universal,media_centralizada,665.7291666666667,479.0416666666667,-186.68750000000006,665.7291666666667,-186.68750000000006
modelo_07_ablacao_mecanismo.csv,mvp,TW,assistencia_universal,media_adaptativa,547.1927083333333,433.08333333333337,-114.10937499999989,547.1927083333333,-114.10937499999989
modelo_07_ablacao_mecanismo.csv,mvp,TW,assistencia_universal,dif_absoluta,-118.53645833333334,-45.95833333333334,72.578125,-118.53645833333334,72.578125
modelo_07_ablacao_mecanismo.csv,mvp,TW,assistencia_universal,dif_relativa_pct,-17.80550774526678,-9.593807080107855,8.211700665158926,-17.80550774526678,8.211700665158926
modelo_07_ablacao_mecanismo.csv,mvp,TW,assistencia_universal,p_valor,3.0517578125e-05,3.0517578125e-05,0.0,3.0517578125e-05,0.0
modelo_07_ablacao_mecanismo.csv,mvp,TW,assistencia_universal,d_cohen_pareado,-9.67007915554568,-4.100944188545415,5.569134967000266,-9.670079155545679,5.569134967000264
modelo_07_ablacao_mecanismo.csv,mvp,TW,assistencia_universal,prop_instancias_com_dif,1.0,1.0,0.0,1.0,0.0
modelo_07_ablacao_mecanismo.csv,mvp,TW,assistencia_universal,n_instancias,16.0,16.0,0.0,16.0,0.0
modelo_07_ablacao_mecanismo.csv,mvp,TW,assistencia_universal,efeito_nominal_absoluto,-149.60416666666669,-131.63020833333331,17.97395833333337,-149.60416666666669,17.97395833333337
modelo_07_ablacao_mecanismo.csv,mvp,TW,assistencia_universal,efeito_restante_pct_do_nominal,79.23339367776074,34.91473113599495,-44.3186625417658,79.23339367776074,-44.3186625417658
modelo_07_ablacao_mecanismo.csv,mvp,n_com_erro,nominal,media_centralizada,13.020833333333332,18.75,5.729166666666668,13.020833333333332,5.729166666666668
modelo_07_ablacao_mecanismo.csv,mvp,n_com_erro,nominal,media_adaptativa,3.8229166666666665,5.057291666666666,1.2343749999999996,3.8229166666666665,1.2343749999999996
modelo_07_ablacao_mecanismo.csv,mvp,n_com_erro,nominal,dif_absoluta,-9.197916666666666,-13.692708333333334,-4.494791666666668,-9.197916666666666,-4.494791666666668
modelo_07_ablacao_mecanismo.csv,mvp,n_com_erro,nominal,dif_relativa_pct,-70.64,-73.02777777777779,-2.387777777777785,-70.64,-2.387777777777785
modelo_07_ablacao_mecanismo.csv,mvp,n_com_erro,nominal,p_valor,0.0004368090232114,3.0517578125e-05,-0.0004062914450864,3.0517578125e-05,0.0
modelo_07_ablacao_mecanismo.csv,mvp,n_com_erro,nominal,d_cohen_pareado,-7.815444732066754,-8.313583629588218,-0.49813889752146334,-7.815444732066754,-0.49813889752146334
modelo_07_ablacao_mecanismo.csv,mvp,n_com_erro,nominal,prop_instancias_com_dif,1.0,1.0,0.0,1.0,0.0
modelo_07_ablacao_mecanismo.csv,mvp,n_com_erro,nominal,n_instancias,16.0,16.0,0.0,16.0,0.0
modelo_07_ablacao_mecanismo.csv,mvp,n_com_erro,nominal,efeito_nominal_absoluto,-9.197916666666666,-13.692708333333334,-4.494791666666668,-9.197916666666666,-4.494791666666668
modelo_07_ablacao_mecanismo.csv,mvp,n_com_erro,nominal,efeito_restante_pct_do_nominal,100.0,100.0,0.0,100.0,0.0
modelo_07_ablacao_mecanismo.csv,mvp,n_com_erro,sem_assistencia,media_centralizada,13.020833333333332,18.75,5.729166666666668,13.020833333333332,5.729166666666668
modelo_07_ablacao_mecanismo.csv,mvp,n_com_erro,sem_assistencia,media_adaptativa,4.026041666666667,5.3125,1.286458333333333,4.026041666666667,1.286458333333333
modelo_07_ablacao_mecanismo.csv,mvp,n_com_erro,sem_assistencia,dif_absoluta,-8.994791666666668,-13.4375,-4.442708333333332,-8.994791666666668,-4.442708333333332
modelo_07_ablacao_mecanismo.csv,mvp,n_com_erro,sem_assistencia,dif_relativa_pct,-69.08000000000001,-71.66666666666667,-2.586666666666659,-69.08000000000001,-2.586666666666659
modelo_07_ablacao_mecanismo.csv,mvp,n_com_erro,sem_assistencia,p_valor,3.0517578125e-05,3.0517578125e-05,0.0,3.0517578125e-05,0.0
modelo_07_ablacao_mecanismo.csv,mvp,n_com_erro,sem_assistencia,d_cohen_pareado,-9.469325131494228,-9.424615351092879,0.044709780401349875,-9.469325131494227,0.0447097804013481
modelo_07_ablacao_mecanismo.csv,mvp,n_com_erro,sem_assistencia,prop_instancias_com_dif,1.0,1.0,0.0,1.0,0.0
modelo_07_ablacao_mecanismo.csv,mvp,n_com_erro,sem_assistencia,n_instancias,16.0,16.0,0.0,16.0,0.0
modelo_07_ablacao_mecanismo.csv,mvp,n_com_erro,sem_assistencia,efeito_nominal_absoluto,-9.197916666666666,-13.692708333333334,-4.494791666666668,-9.197916666666666,-4.494791666666668
modelo_07_ablacao_mecanismo.csv,mvp,n_com_erro,sem_assistencia,efeito_restante_pct_do_nominal,97.7916194790487,98.13617344998097,0.34455397093226736,97.7916194790487,0.34455397093226736
modelo_07_ablacao_mecanismo.csv,mvp,n_com_erro,assistencia_universal,media_centralizada,12.442708333333334,16.713541666666664,4.27083333333333,12.442708333333334,4.27083333333333
modelo_07_ablacao_mecanismo.csv,mvp,n_com_erro,assistencia_universal,media_adaptativa,3.8229166666666665,5.052083333333333,1.2291666666666665,3.8229166666666665,1.2291666666666665
modelo_07_ablacao_mecanismo.csv,mvp,n_com_erro,assistencia_universal,dif_absoluta,-8.619791666666666,-11.661458333333334,-3.041666666666668,-8.619791666666666,-3.041666666666668
modelo_07_ablacao_mecanismo.csv,mvp,n_com_erro,assistencia_universal,dif_relativa_pct,-69.27584763499371,-69.77251480211906,-0.4966671671253522,-69.27584763499371,-0.4966671671253522
modelo_07_ablacao_mecanismo.csv,mvp,n_com_erro,assistencia_universal,p_valor,0.0004358423668112,3.0517578125e-05,-0.0004053247886862,3.0517578125e-05,0.0
modelo_07_ablacao_mecanismo.csv,mvp,n_com_erro,assistencia_universal,d_cohen_pareado,-6.4265181634902016,-6.703360471769309,-0.2768423082791074,-6.4265181634902016,-0.2768423082791074
modelo_07_ablacao_mecanismo.csv,mvp,n_com_erro,assistencia_universal,prop_instancias_com_dif,1.0,1.0,0.0,1.0,0.0
modelo_07_ablacao_mecanismo.csv,mvp,n_com_erro,assistencia_universal,n_instancias,16.0,16.0,0.0,16.0,0.0
modelo_07_ablacao_mecanismo.csv,mvp,n_com_erro,assistencia_universal,efeito_nominal_absoluto,-9.197916666666666,-13.692708333333334,-4.494791666666668,-9.197916666666666,-4.494791666666668
modelo_07_ablacao_mecanismo.csv,mvp,n_com_erro,assistencia_universal,efeito_restante_pct_do_nominal,93.7146092865232,85.16546215290985,-8.549147133613346,93.71460928652321,-8.54914713361336
modelo_07_ablacao_mecanismo.csv,mvp,taxa_omissao,nominal,media_centralizada,0.2170138888888888,0.3125,0.09548611111111119,0.21701388888888884,0.09548611111111116
modelo_07_ablacao_mecanismo.csv,mvp,taxa_omissao,nominal,media_adaptativa,0.0637152777777777,0.08428819444444441,0.020572916666666705,0.06371527777777775,0.020572916666666663
modelo_07_ablacao_mecanismo.csv,mvp,taxa_omissao,nominal,dif_absoluta,-0.1532986111111111,-0.2282118055555556,-0.0749131944444445,-0.1532986111111111,-0.0749131944444445
modelo_07_ablacao_mecanismo.csv,mvp,taxa_omissao,nominal,dif_relativa_pct,-70.64,-73.0277777777778,-2.3877777777777993,-70.64,-2.3877777777777993
modelo_07_ablacao_mecanismo.csv,mvp,taxa_omissao,nominal,p_valor,3.0517578125e-05,3.0517578125e-05,0.0,3.0517578125e-05,0.0
modelo_07_ablacao_mecanismo.csv,mvp,taxa_omissao,nominal,d_cohen_pareado,-7.815444732066755,-8.31358362958822,-0.49813889752146423,-7.815444732066755,-0.49813889752146423
modelo_07_ablacao_mecanismo.csv,mvp,taxa_omissao,nominal,prop_instancias_com_dif,1.0,1.0,0.0,1.0,0.0
modelo_07_ablacao_mecanismo.csv,mvp,taxa_omissao,nominal,n_instancias,16.0,16.0,0.0,16.0,0.0
modelo_07_ablacao_mecanismo.csv,mvp,taxa_omissao,nominal,efeito_nominal_absoluto,-0.1532986111111111,-0.2282118055555556,-0.0749131944444445,-0.1532986111111111,-0.0749131944444445
modelo_07_ablacao_mecanismo.csv,mvp,taxa_omissao,nominal,efeito_restante_pct_do_nominal,100.0,100.0,0.0,100.0,0.0
modelo_07_ablacao_mecanismo.csv,mvp,taxa_omissao,sem_assistencia,media_centralizada,0.2170138888888888,0.3125,0.09548611111111119,0.21701388888888884,0.09548611111111116
modelo_07_ablacao_mecanismo.csv,mvp,taxa_omissao,sem_assistencia,media_adaptativa,0.0671006944444444,0.08854166666666663,0.02144097222222223,0.06710069444444441,0.021440972222222215
modelo_07_ablacao_mecanismo.csv,mvp,taxa_omissao,sem_assistencia,dif_absoluta,-0.1499131944444444,-0.22395833333333331,-0.07404513888888892,-0.14991319444444445,-0.07404513888888886
modelo_07_ablacao_mecanismo.csv,mvp,taxa_omissao,sem_assistencia,dif_relativa_pct,-69.08000000000001,-71.66666666666666,-2.5866666666666447,-69.08000000000001,-2.5866666666666447
modelo_07_ablacao_mecanismo.csv,mvp,taxa_omissao,sem_assistencia,p_valor,3.0517578125e-05,3.0517578125e-05,0.0,3.0517578125e-05,0.0
modelo_07_ablacao_mecanismo.csv,mvp,taxa_omissao,sem_assistencia,d_cohen_pareado,-9.469325131494228,-9.424615351092877,0.04470978040135165,-9.469325131494228,0.04470978040135165
modelo_07_ablacao_mecanismo.csv,mvp,taxa_omissao,sem_assistencia,prop_instancias_com_dif,1.0,1.0,0.0,1.0,0.0
modelo_07_ablacao_mecanismo.csv,mvp,taxa_omissao,sem_assistencia,n_instancias,16.0,16.0,0.0,16.0,0.0
modelo_07_ablacao_mecanismo.csv,mvp,taxa_omissao,sem_assistencia,efeito_nominal_absoluto,-0.1532986111111111,-0.2282118055555556,-0.0749131944444445,-0.1532986111111111,-0.0749131944444445
modelo_07_ablacao_mecanismo.csv,mvp,taxa_omissao,sem_assistencia,efeito_restante_pct_do_nominal,97.7916194790487,98.13617344998096,0.34455397093225315,97.7916194790487,0.34455397093225315
modelo_07_ablacao_mecanismo.csv,mvp,taxa_omissao,assistencia_universal,media_centralizada,0.2073784722222221,0.27855902777777775,0.07118055555555564,0.20737847222222217,0.07118055555555558
modelo_07_ablacao_mecanismo.csv,mvp,taxa_omissao,assistencia_universal,media_adaptativa,0.0637152777777777,0.08420138888888885,0.02048611111111115,0.06371527777777775,0.020486111111111108
modelo_07_ablacao_mecanismo.csv,mvp,taxa_omissao,assistencia_universal,dif_absoluta,-0.1436631944444444,-0.1943576388888889,-0.050694444444444514,-0.14366319444444445,-0.05069444444444446
modelo_07_ablacao_mecanismo.csv,mvp,taxa_omissao,assistencia_universal,dif_relativa_pct,-69.27584763499374,-69.77251480211905,-0.49666716712530956,-69.27584763499374,-0.49666716712530956
modelo_07_ablacao_mecanismo.csv,mvp,taxa_omissao,assistencia_universal,p_valor,3.0517578125e-05,3.0517578125e-05,0.0,3.0517578125e-05,0.0
modelo_07_ablacao_mecanismo.csv,mvp,taxa_omissao,assistencia_universal,d_cohen_pareado,-6.426518163490205,-6.703360471769307,-0.27684230827910206,-6.426518163490205,-0.27684230827910206
modelo_07_ablacao_mecanismo.csv,mvp,taxa_omissao,assistencia_universal,prop_instancias_com_dif,1.0,1.0,0.0,1.0,0.0
modelo_07_ablacao_mecanismo.csv,mvp,taxa_omissao,assistencia_universal,n_instancias,16.0,16.0,0.0,16.0,0.0
modelo_07_ablacao_mecanismo.csv,mvp,taxa_omissao,assistencia_universal,efeito_nominal_absoluto,-0.1532986111111111,-0.2282118055555556,-0.0749131944444445,-0.1532986111111111,-0.0749131944444445
modelo_07_ablacao_mecanismo.csv,mvp,taxa_omissao,assistencia_universal,efeito_restante_pct_do_nominal,93.71460928652324,85.16546215290984,-8.549147133613403,93.71460928652323,-8.549147133613388
modelo_07_ablacao_mecanismo.csv,mvp,retrabalho_sobre_plano,nominal,media_centralizada,0.20309877307027,0.2892036315045449,0.08610485843427493,0.20309877307027008,0.08610485843427484
modelo_07_ablacao_mecanismo.csv,mvp,retrabalho_sobre_plano,nominal,media_adaptativa,0.1544681748545185,0.2349525766338142,0.0804844017792957,0.15446817485451853,0.08048440177929567
modelo_07_ablacao_mecanismo.csv,mvp,retrabalho_sobre_plano,nominal,dif_absoluta,-0.0486305982157515,-0.05425105487073072,-0.0056204566549792195,-0.04863059821575157,-0.005620456654979143
modelo_07_ablacao_mecanismo.csv,mvp,retrabalho_sobre_plano,nominal,dif_relativa_pct,-23.944309205120547,-18.75877373617217,5.185535468948377,-23.944309205120547,5.185535468948377
modelo_07_ablacao_mecanismo.csv,mvp,retrabalho_sobre_plano,nominal,p_valor,3.0517578125e-05,3.0517578125e-05,0.0,3.0517578125e-05,0.0
modelo_07_ablacao_mecanismo.csv,mvp,retrabalho_sobre_plano,nominal,d_cohen_pareado,-3.0736131015502792,-2.5596455281703894,0.5139675733798899,-3.0736131015502792,0.5139675733798899
modelo_07_ablacao_mecanismo.csv,mvp,retrabalho_sobre_plano,nominal,prop_instancias_com_dif,1.0,1.0,0.0,1.0,0.0
modelo_07_ablacao_mecanismo.csv,mvp,retrabalho_sobre_plano,nominal,n_instancias,16.0,16.0,0.0,16.0,0.0
modelo_07_ablacao_mecanismo.csv,mvp,retrabalho_sobre_plano,nominal,efeito_nominal_absoluto,-0.0486305982157515,-0.05425105487073072,-0.0056204566549792195,-0.04863059821575157,-0.005620456654979143
modelo_07_ablacao_mecanismo.csv,mvp,retrabalho_sobre_plano,nominal,efeito_restante_pct_do_nominal,100.0,100.0,0.0,100.0,0.0
modelo_07_ablacao_mecanismo.csv,mvp,retrabalho_sobre_plano,sem_assistencia,media_centralizada,0.20309877307027,0.2892036315045449,0.08610485843427493,0.20309877307027008,0.08610485843427484
modelo_07_ablacao_mecanismo.csv,mvp,retrabalho_sobre_plano,sem_assistencia,media_adaptativa,0.1901176125994446,0.25399118358293515,0.06387357098349056,0.1901176125994446,0.06387357098349056
modelo_07_ablacao_mecanismo.csv,mvp,retrabalho_sobre_plano,sem_assistencia,dif_absoluta,-0.0129811604708254,-0.0352124479216098,-0.022231287450784405,-0.012981160470825485,-0.02223128745078432
modelo_07_ablacao_mecanismo.csv,mvp,retrabalho_sobre_plano,sem_assistencia,dif_relativa_pct,-6.391550413913204,-12.175658977178655,-5.784108563265451,-6.391550413913204,-5.784108563265451
modelo_07_ablacao_mecanismo.csv,mvp,retrabalho_sobre_plano,sem_assistencia,p_valor,0.005157470703125,3.0517578125e-05,-0.005126953125,0.005157470703125,-0.005126953125
modelo_07_ablacao_mecanismo.csv,mvp,retrabalho_sobre_plano,sem_assistencia,d_cohen_pareado,-0.8774219104519335,-1.9794969771521747,-1.102075066700241,-0.8774219104519335,-1.102075066700241
modelo_07_ablacao_mecanismo.csv,mvp,retrabalho_sobre_plano,sem_assistencia,prop_instancias_com_dif,1.0,1.0,0.0,1.0,0.0
modelo_07_ablacao_mecanismo.csv,mvp,retrabalho_sobre_plano,sem_assistencia,n_instancias,16.0,16.0,0.0,16.0,0.0
modelo_07_ablacao_mecanismo.csv,mvp,retrabalho_sobre_plano,sem_assistencia,efeito_nominal_absoluto,-0.0486305982157515,-0.05425105487073072,-0.0056204566549792195,-0.04863059821575157,-0.005620456654979143
modelo_07_ablacao_mecanismo.csv,mvp,retrabalho_sobre_plano,sem_assistencia,efeito_restante_pct_do_nominal,26.693400754056228,64.90647602247356,38.21307526841733,26.693400754056228,38.21307526841733
modelo_07_ablacao_mecanismo.csv,mvp,retrabalho_sobre_plano,assistencia_universal,media_centralizada,0.1755720212493425,0.24425281876542956,0.06868079751608705,0.1755720212493425,0.06868079751608705
modelo_07_ablacao_mecanismo.csv,mvp,retrabalho_sobre_plano,assistencia_universal,media_adaptativa,0.1544681748545185,0.23496887299328476,0.08050069813876626,0.15446817485451853,0.08050069813876623
modelo_07_ablacao_mecanismo.csv,mvp,retrabalho_sobre_plano,assistencia_universal,dif_absoluta,-0.021103846394824,-0.009283945772144801,0.011819900622679198,-0.021103846394824016,0.011819900622679215
modelo_07_ablacao_mecanismo.csv,mvp,retrabalho_sobre_plano,assistencia_universal,dif_relativa_pct,-12.020050942429442,-3.800957474746985,8.219093467682457,-12.020050942429442,8.219093467682457
modelo_07_ablacao_mecanismo.csv,mvp,retrabalho_sobre_plano,assistencia_universal,p_valor,0.00030517578125,0.104583740234375,0.104278564453125,0.00030517578125,0.104278564453125
modelo_07_ablacao_mecanismo.csv,mvp,retrabalho_sobre_plano,assistencia_universal,d_cohen_pareado,-1.1734470318477792,-0.46491203385877417,0.708534997989005,-1.1734470318477792,0.708534997989005
modelo_07_ablacao_mecanismo.csv,mvp,retrabalho_sobre_plano,assistencia_universal,prop_instancias_com_dif,1.0,1.0,0.0,1.0,0.0
modelo_07_ablacao_mecanismo.csv,mvp,retrabalho_sobre_plano,assistencia_universal,n_instancias,16.0,16.0,0.0,16.0,0.0
modelo_07_ablacao_mecanismo.csv,mvp,retrabalho_sobre_plano,assistencia_universal,efeito_nominal_absoluto,-0.0486305982157515,-0.05425105487073072,-0.0056204566549792195,-0.04863059821575157,-0.005620456654979143
modelo_07_ablacao_mecanismo.csv,mvp,retrabalho_sobre_plano,assistencia_universal,efeito_restante_pct_do_nominal,43.39623029352007,17.11293134164223,-26.28329895187784,43.39623029352007,-26.28329895187784
modelo_07_ablacao_mecanismo.csv,mvp,divida_latente_sobre_plano,nominal,media_centralizada,0.0741273581498496,0.10327218484475534,0.029144826694905743,0.07412735814984966,0.029144826694905673
modelo_07_ablacao_mecanismo.csv,mvp,divida_latente_sobre_plano,nominal,media_adaptativa,0.0201444584035167,0.025457608424232524,0.005313150020715824,0.020144458403516783,0.005313150020715741
modelo_07_ablacao_mecanismo.csv,mvp,divida_latente_sobre_plano,nominal,dif_absoluta,-0.0539828997463328,-0.07781457642052281,-0.023831676674190005,-0.053982899746332885,-0.023831676674189922
modelo_07_ablacao_mecanismo.csv,mvp,divida_latente_sobre_plano,nominal,dif_relativa_pct,-72.8245294230041,-75.34901729589447,-2.5244878728903757,-72.8245294230041,-2.5244878728903757
modelo_07_ablacao_mecanismo.csv,mvp,divida_latente_sobre_plano,nominal,p_valor,3.0517578125e-05,3.0517578125e-05,0.0,3.0517578125e-05,0.0
modelo_07_ablacao_mecanismo.csv,mvp,divida_latente_sobre_plano,nominal,d_cohen_pareado,-6.725609296516638,-4.944432572693784,1.7811767238228544,-6.725609296516638,1.7811767238228544
modelo_07_ablacao_mecanismo.csv,mvp,divida_latente_sobre_plano,nominal,prop_instancias_com_dif,1.0,1.0,0.0,1.0,0.0
modelo_07_ablacao_mecanismo.csv,mvp,divida_latente_sobre_plano,nominal,n_instancias,16.0,16.0,0.0,16.0,0.0
modelo_07_ablacao_mecanismo.csv,mvp,divida_latente_sobre_plano,nominal,efeito_nominal_absoluto,-0.0539828997463328,-0.07781457642052281,-0.023831676674190005,-0.053982899746332885,-0.023831676674189922
modelo_07_ablacao_mecanismo.csv,mvp,divida_latente_sobre_plano,nominal,efeito_restante_pct_do_nominal,100.0,100.0,0.0,100.0,0.0
modelo_07_ablacao_mecanismo.csv,mvp,divida_latente_sobre_plano,sem_assistencia,media_centralizada,0.0741273581498496,0.10327218484475534,0.029144826694905743,0.07412735814984966,0.029144826694905673
modelo_07_ablacao_mecanismo.csv,mvp,divida_latente_sobre_plano,sem_assistencia,media_adaptativa,0.0235920050695259,0.027220075122535287,0.0036280700530093857,0.02359200506952596,0.0036280700530093267
modelo_07_ablacao_mecanismo.csv,mvp,divida_latente_sobre_plano,sem_assistencia,dif_absoluta,-0.0505353530803237,-0.07605210972222007,-0.02551675664189637,-0.05053535308032371,-0.025516756641896357
modelo_07_ablacao_mecanismo.csv,mvp,divida_latente_sobre_plano,sem_assistencia,dif_relativa_pct,-68.17368693777765,-73.64239445165796,-5.468707513880318,-68.17368693777765,-5.468707513880318
modelo_07_ablacao_mecanismo.csv,mvp,divida_latente_sobre_plano,sem_assistencia,p_valor,3.0517578125e-05,3.0517578125e-05,0.0,3.0517578125e-05,0.0
modelo_07_ablacao_mecanismo.csv,mvp,divida_latente_sobre_plano,sem_assistencia,d_cohen_pareado,-6.409744114550949,-4.765533158616789,1.6442109559341604,-6.409744114550949,1.6442109559341604
modelo_07_ablacao_mecanismo.csv,mvp,divida_latente_sobre_plano,sem_assistencia,prop_instancias_com_dif,1.0,1.0,0.0,1.0,0.0
modelo_07_ablacao_mecanismo.csv,mvp,divida_latente_sobre_plano,sem_assistencia,n_instancias,16.0,16.0,0.0,16.0,0.0
modelo_07_ablacao_mecanismo.csv,mvp,divida_latente_sobre_plano,sem_assistencia,efeito_nominal_absoluto,-0.0539828997463328,-0.07781457642052281,-0.023831676674190005,-0.053982899746332885,-0.023831676674189922
modelo_07_ablacao_mecanismo.csv,mvp,divida_latente_sobre_plano,sem_assistencia,efeito_restante_pct_do_nominal,93.61363194232008,97.73504299659992,4.121411054279832,93.61363194232008,4.121411054279832
modelo_07_ablacao_mecanismo.csv,mvp,divida_latente_sobre_plano,assistencia_universal,media_centralizada,0.0658974429379113,0.09199545778008075,0.026098014842169448,0.06589744293791133,0.02609801484216942
modelo_07_ablacao_mecanismo.csv,mvp,divida_latente_sobre_plano,assistencia_universal,media_adaptativa,0.0201444584035167,0.025457608424232524,0.005313150020715824,0.020144458403516783,0.005313150020715741
modelo_07_ablacao_mecanismo.csv,mvp,divida_latente_sobre_plano,assistencia_universal,dif_absoluta,-0.0457529845343945,-0.06653784935584822,-0.020784864821453725,-0.045752984534394546,-0.020784864821453676
modelo_07_ablacao_mecanismo.csv,mvp,divida_latente_sobre_plano,assistencia_universal,dif_relativa_pct,-69.43059168092923,-72.32732024108181,-2.8967285601525816,-69.43059168092923,-2.8967285601525816
modelo_07_ablacao_mecanismo.csv,mvp,divida_latente_sobre_plano,assistencia_universal,p_valor,3.0517578125e-05,3.0517578125e-05,0.0,3.0517578125e-05,0.0
modelo_07_ablacao_mecanismo.csv,mvp,divida_latente_sobre_plano,assistencia_universal,d_cohen_pareado,-5.759190792789486,-5.831974515732725,-0.07278372294323887,-5.759190792789486,-0.07278372294323887
modelo_07_ablacao_mecanismo.csv,mvp,divida_latente_sobre_plano,assistencia_universal,prop_instancias_com_dif,1.0,1.0,0.0,1.0,0.0
modelo_07_ablacao_mecanismo.csv,mvp,divida_latente_sobre_plano,assistencia_universal,n_instancias,16.0,16.0,0.0,16.0,0.0
modelo_07_ablacao_mecanismo.csv,mvp,divida_latente_sobre_plano,assistencia_universal,efeito_nominal_absoluto,-0.0539828997463328,-0.07781457642052281,-0.023831676674190005,-0.053982899746332885,-0.023831676674189922
modelo_07_ablacao_mecanismo.csv,mvp,divida_latente_sobre_plano,assistencia_universal,efeito_restante_pct_do_nominal,84.75458848892718,85.5082073521376,0.7536188632104199,84.75458848892718,0.7536188632104199
modelo_07_ablacao_mecanismo.csv,mvp,S_UR_maximo,nominal,media_centralizada,25.112262752683552,35.14699954028097,10.03473678759742,25.112262752683552,10.03473678759742
modelo_07_ablacao_mecanismo.csv,mvp,S_UR_maximo,nominal,media_adaptativa,6.82348248352241,8.667447708101468,1.8439652245790583,6.82348248352241,1.8439652245790583
modelo_07_ablacao_mecanismo.csv,mvp,S_UR_maximo,nominal,dif_absoluta,-18.288780269161144,-26.479551832179503,-8.190771563018359,-18.288780269161144,-8.190771563018359
modelo_07_ablacao_mecanismo.csv,mvp,S_UR_maximo,nominal,dif_relativa_pct,-72.82808582116625,-75.33943772876557,-2.5113519075993196,-72.82808582116625,-2.5113519075993196
modelo_07_ablacao_mecanismo.csv,mvp,S_UR_maximo,nominal,p_valor,3.0517578125e-05,3.0517578125e-05,0.0,3.0517578125e-05,0.0
modelo_07_ablacao_mecanismo.csv,mvp,S_UR_maximo,nominal,d_cohen_pareado,-6.4857647609398485,-4.247689271800144,2.238075489139704,-6.4857647609398485,2.238075489139704
modelo_07_ablacao_mecanismo.csv,mvp,S_UR_maximo,nominal,prop_instancias_com_dif,1.0,1.0,0.0,1.0,0.0
modelo_07_ablacao_mecanismo.csv,mvp,S_UR_maximo,nominal,n_instancias,16.0,16.0,0.0,16.0,0.0
modelo_07_ablacao_mecanismo.csv,mvp,S_UR_maximo,nominal,efeito_nominal_absoluto,-18.288780269161144,-26.479551832179503,-8.190771563018359,-18.288780269161144,-8.190771563018359
modelo_07_ablacao_mecanismo.csv,mvp,S_UR_maximo,nominal,efeito_restante_pct_do_nominal,100.0,100.0,0.0,100.0,0.0
modelo_07_ablacao_mecanismo.csv,mvp,S_UR_maximo,sem_assistencia,media_centralizada,25.112262752683552,35.14699954028097,10.03473678759742,25.112262752683552,10.03473678759742
modelo_07_ablacao_mecanismo.csv,mvp,S_UR_maximo,sem_assistencia,media_adaptativa,8.00615604483645,9.255631756639843,1.2494757118033935,8.00615604483645,1.2494757118033935
modelo_07_ablacao_mecanismo.csv,mvp,S_UR_maximo,sem_assistencia,dif_absoluta,-17.106106707847104,-25.89136778364113,-8.785261075794025,-17.106106707847104,-8.785261075794025
modelo_07_ablacao_mecanismo.csv,mvp,S_UR_maximo,sem_assistencia,dif_relativa_pct,-68.11853983974068,-73.66594054200209,-5.547400702261413,-68.11853983974068,-5.547400702261413
modelo_07_ablacao_mecanismo.csv,mvp,S_UR_maximo,sem_assistencia,p_valor,3.0517578125e-05,3.0517578125e-05,0.0,3.0517578125e-05,0.0
modelo_07_ablacao_mecanismo.csv,mvp,S_UR_maximo,sem_assistencia,d_cohen_pareado,-6.484033913488211,-4.097679866809109,2.3863540466791013,-6.484033913488211,2.3863540466791013
modelo_07_ablacao_mecanismo.csv,mvp,S_UR_maximo,sem_assistencia,prop_instancias_com_dif,1.0,1.0,0.0,1.0,0.0
modelo_07_ablacao_mecanismo.csv,mvp,S_UR_maximo,sem_assistencia,n_instancias,16.0,16.0,0.0,16.0,0.0
modelo_07_ablacao_mecanismo.csv,mvp,S_UR_maximo,sem_assistencia,efeito_nominal_absoluto,-18.288780269161144,-26.479551832179503,-8.190771563018359,-18.288780269161144,-8.190771563018359
modelo_07_ablacao_mecanismo.csv,mvp,S_UR_maximo,sem_assistencia,efeito_restante_pct_do_nominal,93.53333823301335,97.7787235514176,4.245385318404246,93.53333823301337,4.245385318404232
modelo_07_ablacao_mecanismo.csv,mvp,S_UR_maximo,assistencia_universal,media_centralizada,22.351660893033625,31.25154181229606,8.899880919262436,22.351660893033625,8.899880919262436
modelo_07_ablacao_mecanismo.csv,mvp,S_UR_maximo,assistencia_universal,media_adaptativa,6.82348248352241,8.667447708101468,1.8439652245790583,6.82348248352241,1.8439652245790583
modelo_07_ablacao_mecanismo.csv,mvp,S_UR_maximo,assistencia_universal,dif_absoluta,-15.528178409511217,-22.58409410419459,-7.0559156946833745,-15.528178409511215,-7.055915694683376
modelo_07_ablacao_mecanismo.csv,mvp,S_UR_maximo,assistencia_universal,dif_relativa_pct,-69.47214564422327,-72.26553569689409,-2.7933900526708157,-69.47214564422327,-2.7933900526708157
modelo_07_ablacao_mecanismo.csv,mvp,S_UR_maximo,assistencia_universal,p_valor,3.0517578125e-05,3.0517578125e-05,0.0,3.0517578125e-05,0.0
modelo_07_ablacao_mecanismo.csv,mvp,S_UR_maximo,assistencia_universal,d_cohen_pareado,-5.33572988010581,-5.268080821129328,0.06764905897648177,-5.33572988010581,0.06764905897648177
modelo_07_ablacao_mecanismo.csv,mvp,S_UR_maximo,assistencia_universal,prop_instancias_com_dif,1.0,1.0,0.0,1.0,0.0
modelo_07_ablacao_mecanismo.csv,mvp,S_UR_maximo,assistencia_universal,n_instancias,16.0,16.0,0.0,16.0,0.0
modelo_07_ablacao_mecanismo.csv,mvp,S_UR_maximo,assistencia_universal,efeito_nominal_absoluto,-18.288780269161144,-26.479551832179503,-8.190771563018359,-18.288780269161144,-8.190771563018359
modelo_07_ablacao_mecanismo.csv,mvp,S_UR_maximo,assistencia_universal,efeito_restante_pct_do_nominal,84.90548949125436,85.28880793499336,0.38331844373900026,84.90548949125436,0.38331844373900026
modelo_07_ablacao_mecanismo.csv,legado,atraso_relativo,nominal,media_centralizada,3.134532505799728,3.134532505799728,0.0,3.134532505799728,0.0
modelo_07_ablacao_mecanismo.csv,legado,atraso_relativo,nominal,media_adaptativa,1.9991332944309277,1.9991332944309277,0.0,1.9991332944309277,0.0
modelo_07_ablacao_mecanismo.csv,legado,atraso_relativo,nominal,dif_absoluta,-1.1353992113688005,-1.1353992113688003,2.220446049250313e-16,-1.1353992113688003,0.0
modelo_07_ablacao_mecanismo.csv,legado,atraso_relativo,nominal,dif_relativa_pct,-36.222282246810536,-36.222282246810536,0.0,-36.222282246810536,0.0
modelo_07_ablacao_mecanismo.csv,legado,atraso_relativo,nominal,p_valor,3.0517578125e-05,3.0517578125e-05,0.0,3.0517578125e-05,0.0
modelo_07_ablacao_mecanismo.csv,legado,atraso_relativo,nominal,d_cohen_pareado,-5.54647837551483,-5.54647837551483,0.0,-5.54647837551483,0.0
modelo_07_ablacao_mecanismo.csv,legado,atraso_relativo,nominal,prop_instancias_com_dif,1.0,1.0,0.0,1.0,0.0
modelo_07_ablacao_mecanismo.csv,legado,atraso_relativo,nominal,n_instancias,16.0,16.0,0.0,16.0,0.0
modelo_07_ablacao_mecanismo.csv,legado,atraso_relativo,nominal,efeito_nominal_absoluto,-1.1353992113688005,-1.1353992113688003,2.220446049250313e-16,-1.1353992113688003,0.0
modelo_07_ablacao_mecanismo.csv,legado,atraso_relativo,nominal,efeito_restante_pct_do_nominal,100.0,100.0,0.0,100.0,0.0
modelo_07_ablacao_mecanismo.csv,legado,atraso_relativo,sem_assistencia,media_centralizada,3.134532505799728,3.134532505799728,0.0,3.134532505799728,0.0
modelo_07_ablacao_mecanismo.csv,legado,atraso_relativo,sem_assistencia,media_adaptativa,2.310500483906922,2.310500483906922,0.0,2.310500483906922,0.0
modelo_07_ablacao_mecanismo.csv,legado,atraso_relativo,sem_assistencia,dif_absoluta,-0.8240320218928062,-0.8240320218928062,0.0,-0.8240320218928062,0.0
modelo_07_ablacao_mecanismo.csv,legado,atraso_relativo,sem_assistencia,dif_relativa_pct,-26.288833195001978,-26.288833195001978,0.0,-26.288833195001978,0.0
modelo_07_ablacao_mecanismo.csv,legado,atraso_relativo,sem_assistencia,p_valor,3.0517578125e-05,3.0517578125e-05,0.0,3.0517578125e-05,0.0
modelo_07_ablacao_mecanismo.csv,legado,atraso_relativo,sem_assistencia,d_cohen_pareado,-4.425153462568245,-4.425153462568245,0.0,-4.425153462568245,0.0
modelo_07_ablacao_mecanismo.csv,legado,atraso_relativo,sem_assistencia,prop_instancias_com_dif,1.0,1.0,0.0,1.0,0.0
modelo_07_ablacao_mecanismo.csv,legado,atraso_relativo,sem_assistencia,n_instancias,16.0,16.0,0.0,16.0,0.0
modelo_07_ablacao_mecanismo.csv,legado,atraso_relativo,sem_assistencia,efeito_nominal_absoluto,-1.1353992113688005,-1.1353992113688003,2.220446049250313e-16,-1.1353992113688003,0.0
modelo_07_ablacao_mecanismo.csv,legado,atraso_relativo,sem_assistencia,efeito_restante_pct_do_nominal,72.57641309257032,72.57641309257032,0.0,72.57641309257032,0.0
modelo_07_ablacao_mecanismo.csv,legado,atraso_relativo,assistencia_universal,media_centralizada,2.859956405630625,2.859956405630625,0.0,2.859956405630625,0.0
modelo_07_ablacao_mecanismo.csv,legado,atraso_relativo,assistencia_universal,media_adaptativa,1.9991332944309277,1.9991332944309277,0.0,1.9991332944309277,0.0
modelo_07_ablacao_mecanismo.csv,legado,atraso_relativo,assistencia_universal,dif_absoluta,-0.8608231111996976,-0.8608231111996976,0.0,-0.8608231111996976,0.0
modelo_07_ablacao_mecanismo.csv,legado,atraso_relativo,assistencia_universal,dif_relativa_pct,-30.099168977013996,-30.099168977013996,0.0,-30.099168977013996,0.0
modelo_07_ablacao_mecanismo.csv,legado,atraso_relativo,assistencia_universal,p_valor,3.0517578125e-05,3.0517578125e-05,0.0,3.0517578125e-05,0.0
modelo_07_ablacao_mecanismo.csv,legado,atraso_relativo,assistencia_universal,d_cohen_pareado,-4.152729922486257,-4.152729922486257,0.0,-4.152729922486257,0.0
modelo_07_ablacao_mecanismo.csv,legado,atraso_relativo,assistencia_universal,prop_instancias_com_dif,1.0,1.0,0.0,1.0,0.0
modelo_07_ablacao_mecanismo.csv,legado,atraso_relativo,assistencia_universal,n_instancias,16.0,16.0,0.0,16.0,0.0
modelo_07_ablacao_mecanismo.csv,legado,atraso_relativo,assistencia_universal,efeito_nominal_absoluto,-1.1353992113688005,-1.1353992113688003,2.220446049250313e-16,-1.1353992113688003,0.0
modelo_07_ablacao_mecanismo.csv,legado,atraso_relativo,assistencia_universal,efeito_restante_pct_do_nominal,75.81677903069154,75.81677903069154,0.0,75.81677903069154,0.0
modelo_07_ablacao_mecanismo.csv,legado,E_total,nominal,media_centralizada,0.7839008771073722,0.7839008771073722,0.0,0.7839008771073722,0.0
modelo_07_ablacao_mecanismo.csv,legado,E_total,nominal,media_adaptativa,0.8885319344131772,0.8885319344131772,0.0,0.8885319344131772,0.0
modelo_07_ablacao_mecanismo.csv,legado,E_total,nominal,dif_absoluta,0.1046310573058051,0.10463105730580514,4.163336342344337e-17,0.10463105730580514,0.0
modelo_07_ablacao_mecanismo.csv,legado,E_total,nominal,dif_relativa_pct,13.347485678533518,13.347485678533518,0.0,13.347485678533518,0.0
modelo_07_ablacao_mecanismo.csv,legado,E_total,nominal,p_valor,3.0517578125e-05,3.0517578125e-05,0.0,3.0517578125e-05,0.0
modelo_07_ablacao_mecanismo.csv,legado,E_total,nominal,d_cohen_pareado,3.752444045375827,3.7524440453758268,-4.440892098500626e-16,3.7524440453758268,0.0
modelo_07_ablacao_mecanismo.csv,legado,E_total,nominal,prop_instancias_com_dif,1.0,1.0,0.0,1.0,0.0
modelo_07_ablacao_mecanismo.csv,legado,E_total,nominal,n_instancias,16.0,16.0,0.0,16.0,0.0
modelo_07_ablacao_mecanismo.csv,legado,E_total,nominal,efeito_nominal_absoluto,0.1046310573058051,0.10463105730580514,4.163336342344337e-17,0.10463105730580514,0.0
modelo_07_ablacao_mecanismo.csv,legado,E_total,nominal,efeito_restante_pct_do_nominal,100.0,100.0,0.0,100.0,0.0
modelo_07_ablacao_mecanismo.csv,legado,E_total,sem_assistencia,media_centralizada,0.7839008771073722,0.7839008771073722,0.0,0.7839008771073722,0.0
modelo_07_ablacao_mecanismo.csv,legado,E_total,sem_assistencia,media_adaptativa,0.7361670892273,0.7361670892273,0.0,0.7361670892273,0.0
modelo_07_ablacao_mecanismo.csv,legado,E_total,sem_assistencia,dif_absoluta,-0.0477337878800722,-0.04773378788007222,-2.0816681711721685e-17,-0.04773378788007222,0.0
modelo_07_ablacao_mecanismo.csv,legado,E_total,sem_assistencia,dif_relativa_pct,-6.089263231368224,-6.089263231368224,0.0,-6.089263231368224,0.0
modelo_07_ablacao_mecanismo.csv,legado,E_total,sem_assistencia,p_valor,3.0517578125e-05,3.0517578125e-05,0.0,3.0517578125e-05,0.0
modelo_07_ablacao_mecanismo.csv,legado,E_total,sem_assistencia,d_cohen_pareado,-2.986247677285355,-2.986247677285355,0.0,-2.986247677285355,0.0
modelo_07_ablacao_mecanismo.csv,legado,E_total,sem_assistencia,prop_instancias_com_dif,1.0,1.0,0.0,1.0,0.0
modelo_07_ablacao_mecanismo.csv,legado,E_total,sem_assistencia,n_instancias,16.0,16.0,0.0,16.0,0.0
modelo_07_ablacao_mecanismo.csv,legado,E_total,sem_assistencia,efeito_nominal_absoluto,0.1046310573058051,0.10463105730580514,4.163336342344337e-17,0.10463105730580514,0.0
modelo_07_ablacao_mecanismo.csv,legado,E_total,sem_assistencia,efeito_restante_pct_do_nominal,-45.62105087073784,-45.62105087073784,0.0,-45.62105087073784,0.0
modelo_07_ablacao_mecanismo.csv,legado,E_total,assistencia_universal,media_centralizada,0.8979906437722661,0.8979906437722661,0.0,0.8979906437722661,0.0
modelo_07_ablacao_mecanismo.csv,legado,E_total,assistencia_universal,media_adaptativa,0.8885319344131772,0.8885319344131772,0.0,0.8885319344131772,0.0
modelo_07_ablacao_mecanismo.csv,legado,E_total,assistencia_universal,dif_absoluta,-0.0094587093590887,-0.009458709359088789,-8.847089727481716e-17,-0.009458709359088789,0.0
modelo_07_ablacao_mecanismo.csv,legado,E_total,assistencia_universal,dif_relativa_pct,-1.053319366374997,-1.053319366374997,0.0,-1.053319366374997,0.0
modelo_07_ablacao_mecanismo.csv,legado,E_total,assistencia_universal,p_valor,0.000579833984375,0.000579833984375,0.0,0.000579833984375,0.0
modelo_07_ablacao_mecanismo.csv,legado,E_total,assistencia_universal,d_cohen_pareado,-1.1594997284711177,-1.1594997284711175,2.220446049250313e-16,-1.1594997284711175,0.0
modelo_07_ablacao_mecanismo.csv,legado,E_total,assistencia_universal,prop_instancias_com_dif,1.0,1.0,0.0,1.0,0.0
modelo_07_ablacao_mecanismo.csv,legado,E_total,assistencia_universal,n_instancias,16.0,16.0,0.0,16.0,0.0
modelo_07_ablacao_mecanismo.csv,legado,E_total,assistencia_universal,efeito_nominal_absoluto,0.1046310573058051,0.10463105730580514,4.163336342344337e-17,0.10463105730580514,0.0
modelo_07_ablacao_mecanismo.csv,legado,E_total,assistencia_universal,efeito_restante_pct_do_nominal,-9.040059044270023,-9.040059044270023,0.0,-9.040059044270023,0.0
modelo_07_ablacao_mecanismo.csv,legado,TL,nominal,media_centralizada,0.0,0.0,0.0,0.0,0.0
modelo_07_ablacao_mecanismo.csv,legado,TL,nominal,media_adaptativa,10.489583333333334,10.489583333333334,0.0,10.489583333333334,0.0
modelo_07_ablacao_mecanismo.csv,legado,TL,nominal,dif_absoluta,10.489583333333334,10.489583333333334,0.0,10.489583333333334,0.0
modelo_07_ablacao_mecanismo.csv,legado,TL,nominal,dif_relativa_pct,,,,,
modelo_07_ablacao_mecanismo.csv,legado,TL,nominal,p_valor,0.0004368090232114,3.0517578125e-05,-0.0004062914450864,3.0517578125e-05,0.0
modelo_07_ablacao_mecanismo.csv,legado,TL,nominal,d_cohen_pareado,6.443840540614198,6.443840540614198,0.0,6.443840540614198,0.0
modelo_07_ablacao_mecanismo.csv,legado,TL,nominal,prop_instancias_com_dif,1.0,1.0,0.0,1.0,0.0
modelo_07_ablacao_mecanismo.csv,legado,TL,nominal,n_instancias,16.0,16.0,0.0,16.0,0.0
modelo_07_ablacao_mecanismo.csv,legado,TL,nominal,efeito_nominal_absoluto,10.489583333333334,10.489583333333334,0.0,10.489583333333334,0.0
modelo_07_ablacao_mecanismo.csv,legado,TL,nominal,efeito_restante_pct_do_nominal,100.0,100.00000000000001,1.4210854715202004e-14,100.00000000000001,0.0
modelo_07_ablacao_mecanismo.csv,legado,TL,sem_assistencia,media_centralizada,0.0,0.0,0.0,0.0,0.0
modelo_07_ablacao_mecanismo.csv,legado,TL,sem_assistencia,media_adaptativa,0.0,0.0,0.0,0.0,0.0
modelo_07_ablacao_mecanismo.csv,legado,TL,sem_assistencia,dif_absoluta,0.0,0.0,0.0,0.0,0.0
modelo_07_ablacao_mecanismo.csv,legado,TL,sem_assistencia,dif_relativa_pct,0.0,,,,
modelo_07_ablacao_mecanismo.csv,legado,TL,sem_assistencia,p_valor,,,,,
modelo_07_ablacao_mecanismo.csv,legado,TL,sem_assistencia,d_cohen_pareado,,,,,
modelo_07_ablacao_mecanismo.csv,legado,TL,sem_assistencia,prop_instancias_com_dif,0.0,0.0,0.0,0.0,0.0
modelo_07_ablacao_mecanismo.csv,legado,TL,sem_assistencia,n_instancias,16.0,16.0,0.0,16.0,0.0
modelo_07_ablacao_mecanismo.csv,legado,TL,sem_assistencia,efeito_nominal_absoluto,10.489583333333334,10.489583333333334,0.0,10.489583333333334,0.0
modelo_07_ablacao_mecanismo.csv,legado,TL,sem_assistencia,efeito_restante_pct_do_nominal,0.0,0.0,0.0,0.0,0.0
modelo_07_ablacao_mecanismo.csv,legado,TL,assistencia_universal,media_centralizada,9.973958333333332,9.973958333333332,0.0,9.973958333333332,0.0
modelo_07_ablacao_mecanismo.csv,legado,TL,assistencia_universal,media_adaptativa,10.489583333333334,10.489583333333334,0.0,10.489583333333334,0.0
modelo_07_ablacao_mecanismo.csv,legado,TL,assistencia_universal,dif_absoluta,0.515625,0.515625,0.0,0.515625,0.0
modelo_07_ablacao_mecanismo.csv,legado,TL,assistencia_universal,dif_relativa_pct,5.169712793733682,5.169712793733682,0.0,5.169712793733682,0.0
modelo_07_ablacao_mecanismo.csv,legado,TL,assistencia_universal,p_valor,0.0069681455903656,0.006968145590365646,4.597017211338539e-17,0.006968145590365646,0.0
modelo_07_ablacao_mecanismo.csv,legado,TL,assistencia_universal,d_cohen_pareado,0.7994971245563759,0.7994971245563759,0.0,0.7994971245563759,0.0
modelo_07_ablacao_mecanismo.csv,legado,TL,assistencia_universal,prop_instancias_com_dif,0.9375,0.9375,0.0,0.9375,0.0
modelo_07_ablacao_mecanismo.csv,legado,TL,assistencia_universal,n_instancias,16.0,16.0,0.0,16.0,0.0
modelo_07_ablacao_mecanismo.csv,legado,TL,assistencia_universal,efeito_nominal_absoluto,10.489583333333334,10.489583333333334,0.0,10.489583333333334,0.0
modelo_07_ablacao_mecanismo.csv,legado,TL,assistencia_universal,efeito_restante_pct_do_nominal,4.915590863952334,4.915590863952334,0.0,4.915590863952334,0.0
modelo_07_ablacao_mecanismo.csv,legado,TU,nominal,media_centralizada,126.265625,126.265625,0.0,126.265625,0.0
modelo_07_ablacao_mecanismo.csv,legado,TU,nominal,media_adaptativa,5.942708333333333,5.942708333333333,0.0,5.942708333333333,0.0
modelo_07_ablacao_mecanismo.csv,legado,TU,nominal,dif_absoluta,-120.32291666666666,-120.32291666666666,0.0,-120.32291666666666,0.0
modelo_07_ablacao_mecanismo.csv,legado,TU,nominal,dif_relativa_pct,-95.29348677968898,-95.29348677968898,0.0,-95.29348677968898,0.0
modelo_07_ablacao_mecanismo.csv,legado,TU,nominal,p_valor,3.0517578125e-05,3.0517578125e-05,0.0,3.0517578125e-05,0.0
modelo_07_ablacao_mecanismo.csv,legado,TU,nominal,d_cohen_pareado,-4.4932606136434945,-4.4932606136434945,0.0,-4.4932606136434945,0.0
modelo_07_ablacao_mecanismo.csv,legado,TU,nominal,prop_instancias_com_dif,1.0,1.0,0.0,1.0,0.0
modelo_07_ablacao_mecanismo.csv,legado,TU,nominal,n_instancias,16.0,16.0,0.0,16.0,0.0
modelo_07_ablacao_mecanismo.csv,legado,TU,nominal,efeito_nominal_absoluto,-120.32291666666666,-120.32291666666666,0.0,-120.32291666666666,0.0
modelo_07_ablacao_mecanismo.csv,legado,TU,nominal,efeito_restante_pct_do_nominal,100.0,100.0,0.0,100.0,0.0
modelo_07_ablacao_mecanismo.csv,legado,TU,sem_assistencia,media_centralizada,126.265625,126.265625,0.0,126.265625,0.0
modelo_07_ablacao_mecanismo.csv,legado,TU,sem_assistencia,media_adaptativa,145.19791666666669,145.19791666666669,0.0,145.19791666666669,0.0
modelo_07_ablacao_mecanismo.csv,legado,TU,sem_assistencia,dif_absoluta,18.93229166666667,18.93229166666667,0.0,18.93229166666667,0.0
modelo_07_ablacao_mecanismo.csv,legado,TU,sem_assistencia,dif_relativa_pct,14.99401889205132,14.994018892051319,-1.7763568394002505e-15,14.994018892051319,0.0
modelo_07_ablacao_mecanismo.csv,legado,TU,sem_assistencia,p_valor,9.1552734375e-05,9.1552734375e-05,0.0,9.1552734375e-05,0.0
modelo_07_ablacao_mecanismo.csv,legado,TU,sem_assistencia,d_cohen_pareado,1.2295390094114875,1.2295390094114875,0.0,1.2295390094114875,0.0
modelo_07_ablacao_mecanismo.csv,legado,TU,sem_assistencia,prop_instancias_com_dif,1.0,1.0,0.0,1.0,0.0
modelo_07_ablacao_mecanismo.csv,legado,TU,sem_assistencia,n_instancias,16.0,16.0,0.0,16.0,0.0
modelo_07_ablacao_mecanismo.csv,legado,TU,sem_assistencia,efeito_nominal_absoluto,-120.32291666666666,-120.32291666666666,0.0,-120.32291666666666,0.0
modelo_07_ablacao_mecanismo.csv,legado,TU,sem_assistencia,efeito_restante_pct_do_nominal,-15.734568435633284,-15.734568435633284,0.0,-15.734568435633284,0.0
modelo_07_ablacao_mecanismo.csv,legado,TU,assistencia_universal,media_centralizada,6.447916666666666,6.447916666666666,0.0,6.447916666666666,0.0
modelo_07_ablacao_mecanismo.csv,legado,TU,assistencia_universal,media_adaptativa,5.942708333333333,5.942708333333333,0.0,5.942708333333333,0.0
modelo_07_ablacao_mecanismo.csv,legado,TU,assistencia_universal,dif_absoluta,-0.5052083333333333,-0.5052083333333333,0.0,-0.5052083333333333,0.0
modelo_07_ablacao_mecanismo.csv,legado,TU,assistencia_universal,dif_relativa_pct,-7.835218093699515,-7.835218093699515,0.0,-7.835218093699515,0.0
modelo_07_ablacao_mecanismo.csv,legado,TU,assistencia_universal,p_valor,0.2142952907388684,0.231201171875,0.01690588113613159,0.231201171875,0.0
modelo_07_ablacao_mecanismo.csv,legado,TU,assistencia_universal,d_cohen_pareado,-0.3151477511419408,-0.3151477511419408,0.0,-0.3151477511419408,0.0
modelo_07_ablacao_mecanismo.csv,legado,TU,assistencia_universal,prop_instancias_com_dif,1.0,1.0,0.0,1.0,0.0
modelo_07_ablacao_mecanismo.csv,legado,TU,assistencia_universal,n_instancias,16.0,16.0,0.0,16.0,0.0
modelo_07_ablacao_mecanismo.csv,legado,TU,assistencia_universal,efeito_nominal_absoluto,-120.32291666666666,-120.32291666666666,0.0,-120.32291666666666,0.0
modelo_07_ablacao_mecanismo.csv,legado,TU,assistencia_universal,efeito_restante_pct_do_nominal,0.4198770669206129,0.41987706692061294,5.551115123125783e-17,0.41987706692061294,0.0
modelo_07_ablacao_mecanismo.csv,legado,TR,nominal,media_centralizada,68.86531966000788,68.86531966000788,0.0,68.86531966000788,0.0
modelo_07_ablacao_mecanismo.csv,legado,TR,nominal,media_adaptativa,52.50890631287791,52.50890631287791,0.0,52.50890631287791,0.0
modelo_07_ablacao_mecanismo.csv,legado,TR,nominal,dif_absoluta,-16.356413347129973,-16.356413347129973,0.0,-16.356413347129973,0.0
modelo_07_ablacao_mecanismo.csv,legado,TR,nominal,dif_relativa_pct,-23.751306794018447,-23.751306794018447,0.0,-23.751306794018447,0.0
modelo_07_ablacao_mecanismo.csv,legado,TR,nominal,p_valor,3.0517578125e-05,3.0517578125e-05,0.0,3.0517578125e-05,0.0
modelo_07_ablacao_mecanismo.csv,legado,TR,nominal,d_cohen_pareado,-3.142964173418213,-3.142964173418213,0.0,-3.142964173418213,0.0
modelo_07_ablacao_mecanismo.csv,legado,TR,nominal,prop_instancias_com_dif,1.0,1.0,0.0,1.0,0.0
modelo_07_ablacao_mecanismo.csv,legado,TR,nominal,n_instancias,16.0,16.0,0.0,16.0,0.0
modelo_07_ablacao_mecanismo.csv,legado,TR,nominal,efeito_nominal_absoluto,-16.356413347129973,-16.356413347129973,0.0,-16.356413347129973,0.0
modelo_07_ablacao_mecanismo.csv,legado,TR,nominal,efeito_restante_pct_do_nominal,100.0,100.0,0.0,100.0,0.0
modelo_07_ablacao_mecanismo.csv,legado,TR,sem_assistencia,media_centralizada,68.86531966000788,68.86531966000788,0.0,68.86531966000788,0.0
modelo_07_ablacao_mecanismo.csv,legado,TR,sem_assistencia,media_adaptativa,64.60519189179831,64.60519189179831,0.0,64.60519189179831,0.0
modelo_07_ablacao_mecanismo.csv,legado,TR,sem_assistencia,dif_absoluta,-4.260127768209573,-4.260127768209573,0.0,-4.260127768209573,0.0
modelo_07_ablacao_mecanismo.csv,legado,TR,sem_assistencia,dif_relativa_pct,-6.18617293761515,-6.18617293761515,0.0,-6.18617293761515,0.0
modelo_07_ablacao_mecanismo.csv,legado,TR,sem_assistencia,p_valor,0.005157470703125,0.005157470703125,0.0,0.005157470703125,0.0
modelo_07_ablacao_mecanismo.csv,legado,TR,sem_assistencia,d_cohen_pareado,-0.8503515865440814,-0.8503515865440814,0.0,-0.8503515865440814,0.0
modelo_07_ablacao_mecanismo.csv,legado,TR,sem_assistencia,prop_instancias_com_dif,1.0,1.0,0.0,1.0,0.0
modelo_07_ablacao_mecanismo.csv,legado,TR,sem_assistencia,n_instancias,16.0,16.0,0.0,16.0,0.0
modelo_07_ablacao_mecanismo.csv,legado,TR,sem_assistencia,efeito_nominal_absoluto,-16.356413347129973,-16.356413347129973,0.0,-16.356413347129973,0.0
modelo_07_ablacao_mecanismo.csv,legado,TR,sem_assistencia,efeito_restante_pct_do_nominal,26.04561084265512,26.04561084265512,0.0,26.04561084265512,0.0
modelo_07_ablacao_mecanismo.csv,legado,TR,assistencia_universal,media_centralizada,59.635513144947055,59.635513144947055,0.0,59.635513144947055,0.0
modelo_07_ablacao_mecanismo.csv,legado,TR,assistencia_universal,media_adaptativa,52.50890631287791,52.50890631287791,0.0,52.50890631287791,0.0
modelo_07_ablacao_mecanismo.csv,legado,TR,assistencia_universal,dif_absoluta,-7.1266068320691485,-7.1266068320691485,0.0,-7.1266068320691485,0.0
modelo_07_ablacao_mecanismo.csv,legado,TR,assistencia_universal,dif_relativa_pct,-11.950273345929933,-11.950273345929933,0.0,-11.950273345929933,0.0
modelo_07_ablacao_mecanismo.csv,legado,TR,assistencia_universal,p_valor,0.000213623046875,0.000213623046875,0.0,0.000213623046875,0.0
modelo_07_ablacao_mecanismo.csv,legado,TR,assistencia_universal,d_cohen_pareado,-1.1624721736589323,-1.1624721736589325,-2.220446049250313e-16,-1.1624721736589325,0.0
modelo_07_ablacao_mecanismo.csv,legado,TR,assistencia_universal,prop_instancias_com_dif,1.0,1.0,0.0,1.0,0.0
modelo_07_ablacao_mecanismo.csv,legado,TR,assistencia_universal,n_instancias,16.0,16.0,0.0,16.0,0.0
modelo_07_ablacao_mecanismo.csv,legado,TR,assistencia_universal,efeito_nominal_absoluto,-16.356413347129973,-16.356413347129973,0.0,-16.356413347129973,0.0
modelo_07_ablacao_mecanismo.csv,legado,TR,assistencia_universal,efeito_restante_pct_do_nominal,43.5707185971773,43.5707185971773,0.0,43.5707185971773,0.0
modelo_07_ablacao_mecanismo.csv,legado,TW,nominal,media_centralizada,696.796875,696.796875,0.0,696.796875,0.0
modelo_07_ablacao_mecanismo.csv,legado,TW,nominal,media_adaptativa,547.1927083333333,547.1927083333333,0.0,547.1927083333333,0.0
modelo_07_ablacao_mecanismo.csv,legado,TW,nominal,dif_absoluta,-149.60416666666669,-149.60416666666669,0.0,-149.60416666666669,0.0
modelo_07_ablacao_mecanismo.csv,legado,TW,nominal,dif_relativa_pct,-21.47026946219681,-21.47026946219681,0.0,-21.47026946219681,0.0
modelo_07_ablacao_mecanismo.csv,legado,TW,nominal,p_valor,3.0517578125e-05,3.0517578125e-05,0.0,3.0517578125e-05,0.0
modelo_07_ablacao_mecanismo.csv,legado,TW,nominal,d_cohen_pareado,-6.498852419526266,-6.498852419526266,0.0,-6.498852419526266,0.0
modelo_07_ablacao_mecanismo.csv,legado,TW,nominal,prop_instancias_com_dif,1.0,1.0,0.0,1.0,0.0
modelo_07_ablacao_mecanismo.csv,legado,TW,nominal,n_instancias,16.0,16.0,0.0,16.0,0.0
modelo_07_ablacao_mecanismo.csv,legado,TW,nominal,efeito_nominal_absoluto,-149.60416666666669,-149.60416666666669,0.0,-149.60416666666669,0.0
modelo_07_ablacao_mecanismo.csv,legado,TW,nominal,efeito_restante_pct_do_nominal,100.0,100.0,0.0,100.0,0.0
modelo_07_ablacao_mecanismo.csv,legado,TW,sem_assistencia,media_centralizada,696.796875,696.796875,0.0,696.796875,0.0
modelo_07_ablacao_mecanismo.csv,legado,TW,sem_assistencia,media_adaptativa,572.9895833333333,572.9895833333333,0.0,572.9895833333333,0.0
modelo_07_ablacao_mecanismo.csv,legado,TW,sem_assistencia,dif_absoluta,-123.80729166666669,-123.80729166666667,1.4210854715202004e-14,-123.80729166666667,0.0
modelo_07_ablacao_mecanismo.csv,legado,TW,sem_assistencia,dif_relativa_pct,-17.76806069439773,-17.76806069439773,0.0,-17.76806069439773,0.0
modelo_07_ablacao_mecanismo.csv,legado,TW,sem_assistencia,p_valor,3.0517578125e-05,3.0517578125e-05,0.0,3.0517578125e-05,0.0
modelo_07_ablacao_mecanismo.csv,legado,TW,sem_assistencia,d_cohen_pareado,-6.2028422708626,-6.2028422708626,0.0,-6.2028422708626,0.0
modelo_07_ablacao_mecanismo.csv,legado,TW,sem_assistencia,prop_instancias_com_dif,1.0,1.0,0.0,1.0,0.0
modelo_07_ablacao_mecanismo.csv,legado,TW,sem_assistencia,n_instancias,16.0,16.0,0.0,16.0,0.0
modelo_07_ablacao_mecanismo.csv,legado,TW,sem_assistencia,efeito_nominal_absoluto,-149.60416666666669,-149.60416666666669,0.0,-149.60416666666669,0.0
modelo_07_ablacao_mecanismo.csv,legado,TW,sem_assistencia,efeito_restante_pct_do_nominal,82.75657986352876,82.75657986352876,0.0,82.75657986352876,0.0
modelo_07_ablacao_mecanismo.csv,legado,TW,assistencia_universal,media_centralizada,665.7291666666667,665.7291666666667,0.0,665.7291666666667,0.0
modelo_07_ablacao_mecanismo.csv,legado,TW,assistencia_universal,media_adaptativa,547.1927083333333,547.1927083333333,0.0,547.1927083333333,0.0
modelo_07_ablacao_mecanismo.csv,legado,TW,assistencia_universal,dif_absoluta,-118.53645833333334,-118.53645833333334,0.0,-118.53645833333334,0.0
modelo_07_ablacao_mecanismo.csv,legado,TW,assistencia_universal,dif_relativa_pct,-17.80550774526678,-17.80550774526678,0.0,-17.80550774526678,0.0
modelo_07_ablacao_mecanismo.csv,legado,TW,assistencia_universal,p_valor,3.0517578125e-05,3.0517578125e-05,0.0,3.0517578125e-05,0.0
modelo_07_ablacao_mecanismo.csv,legado,TW,assistencia_universal,d_cohen_pareado,-9.67007915554568,-9.670079155545679,1.7763568394002505e-15,-9.670079155545679,0.0
modelo_07_ablacao_mecanismo.csv,legado,TW,assistencia_universal,prop_instancias_com_dif,1.0,1.0,0.0,1.0,0.0
modelo_07_ablacao_mecanismo.csv,legado,TW,assistencia_universal,n_instancias,16.0,16.0,0.0,16.0,0.0
modelo_07_ablacao_mecanismo.csv,legado,TW,assistencia_universal,efeito_nominal_absoluto,-149.60416666666669,-149.60416666666669,0.0,-149.60416666666669,0.0
modelo_07_ablacao_mecanismo.csv,legado,TW,assistencia_universal,efeito_restante_pct_do_nominal,79.23339367776074,79.23339367776074,0.0,79.23339367776074,0.0
modelo_07_ablacao_mecanismo.csv,legado,n_com_erro,nominal,media_centralizada,13.020833333333332,13.020833333333332,0.0,13.020833333333332,0.0
modelo_07_ablacao_mecanismo.csv,legado,n_com_erro,nominal,media_adaptativa,3.8229166666666665,3.8229166666666665,0.0,3.8229166666666665,0.0
modelo_07_ablacao_mecanismo.csv,legado,n_com_erro,nominal,dif_absoluta,-9.197916666666666,-9.197916666666666,0.0,-9.197916666666666,0.0
modelo_07_ablacao_mecanismo.csv,legado,n_com_erro,nominal,dif_relativa_pct,-70.64,-70.64,0.0,-70.64,0.0
modelo_07_ablacao_mecanismo.csv,legado,n_com_erro,nominal,p_valor,0.0004368090232114,3.0517578125e-05,-0.0004062914450864,3.0517578125e-05,0.0
modelo_07_ablacao_mecanismo.csv,legado,n_com_erro,nominal,d_cohen_pareado,-7.815444732066754,-7.815444732066754,0.0,-7.815444732066754,0.0
modelo_07_ablacao_mecanismo.csv,legado,n_com_erro,nominal,prop_instancias_com_dif,1.0,1.0,0.0,1.0,0.0
modelo_07_ablacao_mecanismo.csv,legado,n_com_erro,nominal,n_instancias,16.0,16.0,0.0,16.0,0.0
modelo_07_ablacao_mecanismo.csv,legado,n_com_erro,nominal,efeito_nominal_absoluto,-9.197916666666666,-9.197916666666666,0.0,-9.197916666666666,0.0
modelo_07_ablacao_mecanismo.csv,legado,n_com_erro,nominal,efeito_restante_pct_do_nominal,100.0,100.0,0.0,100.0,0.0
modelo_07_ablacao_mecanismo.csv,legado,n_com_erro,sem_assistencia,media_centralizada,13.020833333333332,13.020833333333332,0.0,13.020833333333332,0.0
modelo_07_ablacao_mecanismo.csv,legado,n_com_erro,sem_assistencia,media_adaptativa,4.026041666666667,4.026041666666667,0.0,4.026041666666667,0.0
modelo_07_ablacao_mecanismo.csv,legado,n_com_erro,sem_assistencia,dif_absoluta,-8.994791666666668,-8.994791666666668,0.0,-8.994791666666668,0.0
modelo_07_ablacao_mecanismo.csv,legado,n_com_erro,sem_assistencia,dif_relativa_pct,-69.08000000000001,-69.08000000000001,0.0,-69.08000000000001,0.0
modelo_07_ablacao_mecanismo.csv,legado,n_com_erro,sem_assistencia,p_valor,3.0517578125e-05,3.0517578125e-05,0.0,3.0517578125e-05,0.0
modelo_07_ablacao_mecanismo.csv,legado,n_com_erro,sem_assistencia,d_cohen_pareado,-9.469325131494228,-9.469325131494227,1.7763568394002505e-15,-9.469325131494227,0.0
modelo_07_ablacao_mecanismo.csv,legado,n_com_erro,sem_assistencia,prop_instancias_com_dif,1.0,1.0,0.0,1.0,0.0
modelo_07_ablacao_mecanismo.csv,legado,n_com_erro,sem_assistencia,n_instancias,16.0,16.0,0.0,16.0,0.0
modelo_07_ablacao_mecanismo.csv,legado,n_com_erro,sem_assistencia,efeito_nominal_absoluto,-9.197916666666666,-9.197916666666666,0.0,-9.197916666666666,0.0
modelo_07_ablacao_mecanismo.csv,legado,n_com_erro,sem_assistencia,efeito_restante_pct_do_nominal,97.7916194790487,97.7916194790487,0.0,97.7916194790487,0.0
modelo_07_ablacao_mecanismo.csv,legado,n_com_erro,assistencia_universal,media_centralizada,12.442708333333334,12.442708333333334,0.0,12.442708333333334,0.0
modelo_07_ablacao_mecanismo.csv,legado,n_com_erro,assistencia_universal,media_adaptativa,3.8229166666666665,3.8229166666666665,0.0,3.8229166666666665,0.0
modelo_07_ablacao_mecanismo.csv,legado,n_com_erro,assistencia_universal,dif_absoluta,-8.619791666666666,-8.619791666666666,0.0,-8.619791666666666,0.0
modelo_07_ablacao_mecanismo.csv,legado,n_com_erro,assistencia_universal,dif_relativa_pct,-69.27584763499371,-69.27584763499371,0.0,-69.27584763499371,0.0
modelo_07_ablacao_mecanismo.csv,legado,n_com_erro,assistencia_universal,p_valor,0.0004358423668112,3.0517578125e-05,-0.0004053247886862,3.0517578125e-05,0.0
modelo_07_ablacao_mecanismo.csv,legado,n_com_erro,assistencia_universal,d_cohen_pareado,-6.4265181634902016,-6.4265181634902016,0.0,-6.4265181634902016,0.0
modelo_07_ablacao_mecanismo.csv,legado,n_com_erro,assistencia_universal,prop_instancias_com_dif,1.0,1.0,0.0,1.0,0.0
modelo_07_ablacao_mecanismo.csv,legado,n_com_erro,assistencia_universal,n_instancias,16.0,16.0,0.0,16.0,0.0
modelo_07_ablacao_mecanismo.csv,legado,n_com_erro,assistencia_universal,efeito_nominal_absoluto,-9.197916666666666,-9.197916666666666,0.0,-9.197916666666666,0.0
modelo_07_ablacao_mecanismo.csv,legado,n_com_erro,assistencia_universal,efeito_restante_pct_do_nominal,93.7146092865232,93.71460928652321,1.4210854715202004e-14,93.71460928652321,0.0
modelo_07_ablacao_mecanismo.csv,legado,taxa_omissao,nominal,media_centralizada,0.2170138888888888,0.21701388888888884,2.7755575615628914e-17,0.21701388888888884,0.0
modelo_07_ablacao_mecanismo.csv,legado,taxa_omissao,nominal,media_adaptativa,0.0637152777777777,0.06371527777777775,4.163336342344337e-17,0.06371527777777775,0.0
modelo_07_ablacao_mecanismo.csv,legado,taxa_omissao,nominal,dif_absoluta,-0.1532986111111111,-0.1532986111111111,0.0,-0.1532986111111111,0.0
modelo_07_ablacao_mecanismo.csv,legado,taxa_omissao,nominal,dif_relativa_pct,-70.64,-70.64,0.0,-70.64,0.0
modelo_07_ablacao_mecanismo.csv,legado,taxa_omissao,nominal,p_valor,3.0517578125e-05,3.0517578125e-05,0.0,3.0517578125e-05,0.0
modelo_07_ablacao_mecanismo.csv,legado,taxa_omissao,nominal,d_cohen_pareado,-7.815444732066755,-7.815444732066755,0.0,-7.815444732066755,0.0
modelo_07_ablacao_mecanismo.csv,legado,taxa_omissao,nominal,prop_instancias_com_dif,1.0,1.0,0.0,1.0,0.0
modelo_07_ablacao_mecanismo.csv,legado,taxa_omissao,nominal,n_instancias,16.0,16.0,0.0,16.0,0.0
modelo_07_ablacao_mecanismo.csv,legado,taxa_omissao,nominal,efeito_nominal_absoluto,-0.1532986111111111,-0.1532986111111111,0.0,-0.1532986111111111,0.0
modelo_07_ablacao_mecanismo.csv,legado,taxa_omissao,nominal,efeito_restante_pct_do_nominal,100.0,100.0,0.0,100.0,0.0
modelo_07_ablacao_mecanismo.csv,legado,taxa_omissao,sem_assistencia,media_centralizada,0.2170138888888888,0.21701388888888884,2.7755575615628914e-17,0.21701388888888884,0.0
modelo_07_ablacao_mecanismo.csv,legado,taxa_omissao,sem_assistencia,media_adaptativa,0.0671006944444444,0.06710069444444441,1.3877787807814457e-17,0.06710069444444441,0.0
modelo_07_ablacao_mecanismo.csv,legado,taxa_omissao,sem_assistencia,dif_absoluta,-0.1499131944444444,-0.14991319444444445,-5.551115123125783e-17,-0.14991319444444445,0.0
modelo_07_ablacao_mecanismo.csv,legado,taxa_omissao,sem_assistencia,dif_relativa_pct,-69.08000000000001,-69.08000000000001,0.0,-69.08000000000001,0.0
modelo_07_ablacao_mecanismo.csv,legado,taxa_omissao,sem_assistencia,p_valor,3.0517578125e-05,3.0517578125e-05,0.0,3.0517578125e-05,0.0
modelo_07_ablacao_mecanismo.csv,legado,taxa_omissao,sem_assistencia,d_cohen_pareado,-9.469325131494228,-9.469325131494228,0.0,-9.469325131494228,0.0
modelo_07_ablacao_mecanismo.csv,legado,taxa_omissao,sem_assistencia,prop_instancias_com_dif,1.0,1.0,0.0,1.0,0.0
modelo_07_ablacao_mecanismo.csv,legado,taxa_omissao,sem_assistencia,n_instancias,16.0,16.0,0.0,16.0,0.0
modelo_07_ablacao_mecanismo.csv,legado,taxa_omissao,sem_assistencia,efeito_nominal_absoluto,-0.1532986111111111,-0.1532986111111111,0.0,-0.1532986111111111,0.0
modelo_07_ablacao_mecanismo.csv,legado,taxa_omissao,sem_assistencia,efeito_restante_pct_do_nominal,97.7916194790487,97.7916194790487,0.0,97.7916194790487,0.0
modelo_07_ablacao_mecanismo.csv,legado,taxa_omissao,assistencia_universal,media_centralizada,0.2073784722222221,0.20737847222222217,5.551115123125783e-17,0.20737847222222217,0.0
modelo_07_ablacao_mecanismo.csv,legado,taxa_omissao,assistencia_universal,media_adaptativa,0.0637152777777777,0.06371527777777775,4.163336342344337e-17,0.06371527777777775,0.0
modelo_07_ablacao_mecanismo.csv,legado,taxa_omissao,assistencia_universal,dif_absoluta,-0.1436631944444444,-0.14366319444444445,-5.551115123125783e-17,-0.14366319444444445,0.0
modelo_07_ablacao_mecanismo.csv,legado,taxa_omissao,assistencia_universal,dif_relativa_pct,-69.27584763499374,-69.27584763499374,0.0,-69.27584763499374,0.0
modelo_07_ablacao_mecanismo.csv,legado,taxa_omissao,assistencia_universal,p_valor,3.0517578125e-05,3.0517578125e-05,0.0,3.0517578125e-05,0.0
modelo_07_ablacao_mecanismo.csv,legado,taxa_omissao,assistencia_universal,d_cohen_pareado,-6.426518163490205,-6.426518163490205,0.0,-6.426518163490205,0.0
modelo_07_ablacao_mecanismo.csv,legado,taxa_omissao,assistencia_universal,prop_instancias_com_dif,1.0,1.0,0.0,1.0,0.0
modelo_07_ablacao_mecanismo.csv,legado,taxa_omissao,assistencia_universal,n_instancias,16.0,16.0,0.0,16.0,0.0
modelo_07_ablacao_mecanismo.csv,legado,taxa_omissao,assistencia_universal,efeito_nominal_absoluto,-0.1532986111111111,-0.1532986111111111,0.0,-0.1532986111111111,0.0
modelo_07_ablacao_mecanismo.csv,legado,taxa_omissao,assistencia_universal,efeito_restante_pct_do_nominal,93.71460928652324,93.71460928652323,-1.4210854715202004e-14,93.71460928652323,0.0
modelo_07_ablacao_mecanismo.csv,legado,retrabalho_sobre_plano,nominal,media_centralizada,0.20309877307027,0.20309877307027008,8.326672684688674e-17,0.20309877307027008,0.0
modelo_07_ablacao_mecanismo.csv,legado,retrabalho_sobre_plano,nominal,media_adaptativa,0.1544681748545185,0.15446817485451853,2.7755575615628914e-17,0.15446817485451853,0.0
modelo_07_ablacao_mecanismo.csv,legado,retrabalho_sobre_plano,nominal,dif_absoluta,-0.0486305982157515,-0.04863059821575157,-7.632783294297951e-17,-0.04863059821575157,0.0
modelo_07_ablacao_mecanismo.csv,legado,retrabalho_sobre_plano,nominal,dif_relativa_pct,-23.944309205120547,-23.944309205120547,0.0,-23.944309205120547,0.0
modelo_07_ablacao_mecanismo.csv,legado,retrabalho_sobre_plano,nominal,p_valor,3.0517578125e-05,3.0517578125e-05,0.0,3.0517578125e-05,0.0
modelo_07_ablacao_mecanismo.csv,legado,retrabalho_sobre_plano,nominal,d_cohen_pareado,-3.0736131015502792,-3.0736131015502792,0.0,-3.0736131015502792,0.0
modelo_07_ablacao_mecanismo.csv,legado,retrabalho_sobre_plano,nominal,prop_instancias_com_dif,1.0,1.0,0.0,1.0,0.0
modelo_07_ablacao_mecanismo.csv,legado,retrabalho_sobre_plano,nominal,n_instancias,16.0,16.0,0.0,16.0,0.0
modelo_07_ablacao_mecanismo.csv,legado,retrabalho_sobre_plano,nominal,efeito_nominal_absoluto,-0.0486305982157515,-0.04863059821575157,-7.632783294297951e-17,-0.04863059821575157,0.0
modelo_07_ablacao_mecanismo.csv,legado,retrabalho_sobre_plano,nominal,efeito_restante_pct_do_nominal,100.0,100.0,0.0,100.0,0.0
modelo_07_ablacao_mecanismo.csv,legado,retrabalho_sobre_plano,sem_assistencia,media_centralizada,0.20309877307027,0.20309877307027008,8.326672684688674e-17,0.20309877307027008,0.0
modelo_07_ablacao_mecanismo.csv,legado,retrabalho_sobre_plano,sem_assistencia,media_adaptativa,0.1901176125994446,0.1901176125994446,0.0,0.1901176125994446,0.0
modelo_07_ablacao_mecanismo.csv,legado,retrabalho_sobre_plano,sem_assistencia,dif_absoluta,-0.0129811604708254,-0.012981160470825485,-8.500145032286355e-17,-0.012981160470825485,0.0
modelo_07_ablacao_mecanismo.csv,legado,retrabalho_sobre_plano,sem_assistencia,dif_relativa_pct,-6.391550413913204,-6.391550413913204,0.0,-6.391550413913204,0.0
modelo_07_ablacao_mecanismo.csv,legado,retrabalho_sobre_plano,sem_assistencia,p_valor,0.005157470703125,0.005157470703125,0.0,0.005157470703125,0.0
modelo_07_ablacao_mecanismo.csv,legado,retrabalho_sobre_plano,sem_assistencia,d_cohen_pareado,-0.8774219104519335,-0.8774219104519335,0.0,-0.8774219104519335,0.0
modelo_07_ablacao_mecanismo.csv,legado,retrabalho_sobre_plano,sem_assistencia,prop_instancias_com_dif,1.0,1.0,0.0,1.0,0.0
modelo_07_ablacao_mecanismo.csv,legado,retrabalho_sobre_plano,sem_assistencia,n_instancias,16.0,16.0,0.0,16.0,0.0
modelo_07_ablacao_mecanismo.csv,legado,retrabalho_sobre_plano,sem_assistencia,efeito_nominal_absoluto,-0.0486305982157515,-0.04863059821575157,-7.632783294297951e-17,-0.04863059821575157,0.0
modelo_07_ablacao_mecanismo.csv,legado,retrabalho_sobre_plano,sem_assistencia,efeito_restante_pct_do_nominal,26.693400754056228,26.693400754056228,0.0,26.693400754056228,0.0
modelo_07_ablacao_mecanismo.csv,legado,retrabalho_sobre_plano,assistencia_universal,media_centralizada,0.1755720212493425,0.1755720212493425,0.0,0.1755720212493425,0.0
modelo_07_ablacao_mecanismo.csv,legado,retrabalho_sobre_plano,assistencia_universal,media_adaptativa,0.1544681748545185,0.15446817485451853,2.7755575615628914e-17,0.15446817485451853,0.0
modelo_07_ablacao_mecanismo.csv,legado,retrabalho_sobre_plano,assistencia_universal,dif_absoluta,-0.021103846394824,-0.021103846394824016,-1.734723475976807e-17,-0.021103846394824016,0.0
modelo_07_ablacao_mecanismo.csv,legado,retrabalho_sobre_plano,assistencia_universal,dif_relativa_pct,-12.020050942429442,-12.020050942429442,0.0,-12.020050942429442,0.0
modelo_07_ablacao_mecanismo.csv,legado,retrabalho_sobre_plano,assistencia_universal,p_valor,0.00030517578125,0.00030517578125,0.0,0.00030517578125,0.0
modelo_07_ablacao_mecanismo.csv,legado,retrabalho_sobre_plano,assistencia_universal,d_cohen_pareado,-1.1734470318477792,-1.1734470318477792,0.0,-1.1734470318477792,0.0
modelo_07_ablacao_mecanismo.csv,legado,retrabalho_sobre_plano,assistencia_universal,prop_instancias_com_dif,1.0,1.0,0.0,1.0,0.0
modelo_07_ablacao_mecanismo.csv,legado,retrabalho_sobre_plano,assistencia_universal,n_instancias,16.0,16.0,0.0,16.0,0.0
modelo_07_ablacao_mecanismo.csv,legado,retrabalho_sobre_plano,assistencia_universal,efeito_nominal_absoluto,-0.0486305982157515,-0.04863059821575157,-7.632783294297951e-17,-0.04863059821575157,0.0
modelo_07_ablacao_mecanismo.csv,legado,retrabalho_sobre_plano,assistencia_universal,efeito_restante_pct_do_nominal,43.39623029352007,43.39623029352007,0.0,43.39623029352007,0.0
modelo_07_ablacao_mecanismo.csv,legado,divida_latente_sobre_plano,nominal,media_centralizada,0.0741273581498496,0.07412735814984966,6.938893903907228e-17,0.07412735814984966,0.0
modelo_07_ablacao_mecanismo.csv,legado,divida_latente_sobre_plano,nominal,media_adaptativa,0.0201444584035167,0.020144458403516783,8.326672684688674e-17,0.020144458403516783,0.0
modelo_07_ablacao_mecanismo.csv,legado,divida_latente_sobre_plano,nominal,dif_absoluta,-0.0539828997463328,-0.053982899746332885,-8.326672684688674e-17,-0.053982899746332885,0.0
modelo_07_ablacao_mecanismo.csv,legado,divida_latente_sobre_plano,nominal,dif_relativa_pct,-72.8245294230041,-72.8245294230041,0.0,-72.8245294230041,0.0
modelo_07_ablacao_mecanismo.csv,legado,divida_latente_sobre_plano,nominal,p_valor,3.0517578125e-05,3.0517578125e-05,0.0,3.0517578125e-05,0.0
modelo_07_ablacao_mecanismo.csv,legado,divida_latente_sobre_plano,nominal,d_cohen_pareado,-6.725609296516638,-6.725609296516638,0.0,-6.725609296516638,0.0
modelo_07_ablacao_mecanismo.csv,legado,divida_latente_sobre_plano,nominal,prop_instancias_com_dif,1.0,1.0,0.0,1.0,0.0
modelo_07_ablacao_mecanismo.csv,legado,divida_latente_sobre_plano,nominal,n_instancias,16.0,16.0,0.0,16.0,0.0
modelo_07_ablacao_mecanismo.csv,legado,divida_latente_sobre_plano,nominal,efeito_nominal_absoluto,-0.0539828997463328,-0.053982899746332885,-8.326672684688674e-17,-0.053982899746332885,0.0
modelo_07_ablacao_mecanismo.csv,legado,divida_latente_sobre_plano,nominal,efeito_restante_pct_do_nominal,100.0,100.0,0.0,100.0,0.0
modelo_07_ablacao_mecanismo.csv,legado,divida_latente_sobre_plano,sem_assistencia,media_centralizada,0.0741273581498496,0.07412735814984966,6.938893903907228e-17,0.07412735814984966,0.0
modelo_07_ablacao_mecanismo.csv,legado,divida_latente_sobre_plano,sem_assistencia,media_adaptativa,0.0235920050695259,0.02359200506952596,5.898059818321144e-17,0.02359200506952596,0.0
modelo_07_ablacao_mecanismo.csv,legado,divida_latente_sobre_plano,sem_assistencia,dif_absoluta,-0.0505353530803237,-0.05053535308032371,-1.3877787807814457e-17,-0.05053535308032371,0.0
modelo_07_ablacao_mecanismo.csv,legado,divida_latente_sobre_plano,sem_assistencia,dif_relativa_pct,-68.17368693777765,-68.17368693777765,0.0,-68.17368693777765,0.0
modelo_07_ablacao_mecanismo.csv,legado,divida_latente_sobre_plano,sem_assistencia,p_valor,3.0517578125e-05,3.0517578125e-05,0.0,3.0517578125e-05,0.0
modelo_07_ablacao_mecanismo.csv,legado,divida_latente_sobre_plano,sem_assistencia,d_cohen_pareado,-6.409744114550949,-6.409744114550949,0.0,-6.409744114550949,0.0
modelo_07_ablacao_mecanismo.csv,legado,divida_latente_sobre_plano,sem_assistencia,prop_instancias_com_dif,1.0,1.0,0.0,1.0,0.0
modelo_07_ablacao_mecanismo.csv,legado,divida_latente_sobre_plano,sem_assistencia,n_instancias,16.0,16.0,0.0,16.0,0.0
modelo_07_ablacao_mecanismo.csv,legado,divida_latente_sobre_plano,sem_assistencia,efeito_nominal_absoluto,-0.0539828997463328,-0.053982899746332885,-8.326672684688674e-17,-0.053982899746332885,0.0
modelo_07_ablacao_mecanismo.csv,legado,divida_latente_sobre_plano,sem_assistencia,efeito_restante_pct_do_nominal,93.61363194232008,93.61363194232008,0.0,93.61363194232008,0.0
modelo_07_ablacao_mecanismo.csv,legado,divida_latente_sobre_plano,assistencia_universal,media_centralizada,0.0658974429379113,0.06589744293791133,2.7755575615628914e-17,0.06589744293791133,0.0
modelo_07_ablacao_mecanismo.csv,legado,divida_latente_sobre_plano,assistencia_universal,media_adaptativa,0.0201444584035167,0.020144458403516783,8.326672684688674e-17,0.020144458403516783,0.0
modelo_07_ablacao_mecanismo.csv,legado,divida_latente_sobre_plano,assistencia_universal,dif_absoluta,-0.0457529845343945,-0.045752984534394546,-4.85722573273506e-17,-0.045752984534394546,0.0
modelo_07_ablacao_mecanismo.csv,legado,divida_latente_sobre_plano,assistencia_universal,dif_relativa_pct,-69.43059168092923,-69.43059168092923,0.0,-69.43059168092923,0.0
modelo_07_ablacao_mecanismo.csv,legado,divida_latente_sobre_plano,assistencia_universal,p_valor,3.0517578125e-05,3.0517578125e-05,0.0,3.0517578125e-05,0.0
modelo_07_ablacao_mecanismo.csv,legado,divida_latente_sobre_plano,assistencia_universal,d_cohen_pareado,-5.759190792789486,-5.759190792789486,0.0,-5.759190792789486,0.0
modelo_07_ablacao_mecanismo.csv,legado,divida_latente_sobre_plano,assistencia_universal,prop_instancias_com_dif,1.0,1.0,0.0,1.0,0.0
modelo_07_ablacao_mecanismo.csv,legado,divida_latente_sobre_plano,assistencia_universal,n_instancias,16.0,16.0,0.0,16.0,0.0
modelo_07_ablacao_mecanismo.csv,legado,divida_latente_sobre_plano,assistencia_universal,efeito_nominal_absoluto,-0.0539828997463328,-0.053982899746332885,-8.326672684688674e-17,-0.053982899746332885,0.0
modelo_07_ablacao_mecanismo.csv,legado,divida_latente_sobre_plano,assistencia_universal,efeito_restante_pct_do_nominal,84.75458848892718,84.75458848892718,0.0,84.75458848892718,0.0
modelo_07_ablacao_mecanismo.csv,legado,S_UR_maximo,nominal,media_centralizada,25.112262752683552,25.112262752683552,0.0,25.112262752683552,0.0
modelo_07_ablacao_mecanismo.csv,legado,S_UR_maximo,nominal,media_adaptativa,6.82348248352241,6.82348248352241,0.0,6.82348248352241,0.0
modelo_07_ablacao_mecanismo.csv,legado,S_UR_maximo,nominal,dif_absoluta,-18.288780269161144,-18.288780269161144,0.0,-18.288780269161144,0.0
modelo_07_ablacao_mecanismo.csv,legado,S_UR_maximo,nominal,dif_relativa_pct,-72.82808582116625,-72.82808582116625,0.0,-72.82808582116625,0.0
modelo_07_ablacao_mecanismo.csv,legado,S_UR_maximo,nominal,p_valor,3.0517578125e-05,3.0517578125e-05,0.0,3.0517578125e-05,0.0
modelo_07_ablacao_mecanismo.csv,legado,S_UR_maximo,nominal,d_cohen_pareado,-6.4857647609398485,-6.4857647609398485,0.0,-6.4857647609398485,0.0
modelo_07_ablacao_mecanismo.csv,legado,S_UR_maximo,nominal,prop_instancias_com_dif,1.0,1.0,0.0,1.0,0.0
modelo_07_ablacao_mecanismo.csv,legado,S_UR_maximo,nominal,n_instancias,16.0,16.0,0.0,16.0,0.0
modelo_07_ablacao_mecanismo.csv,legado,S_UR_maximo,nominal,efeito_nominal_absoluto,-18.288780269161144,-18.288780269161144,0.0,-18.288780269161144,0.0
modelo_07_ablacao_mecanismo.csv,legado,S_UR_maximo,nominal,efeito_restante_pct_do_nominal,100.0,100.0,0.0,100.0,0.0
modelo_07_ablacao_mecanismo.csv,legado,S_UR_maximo,sem_assistencia,media_centralizada,25.112262752683552,25.112262752683552,0.0,25.112262752683552,0.0
modelo_07_ablacao_mecanismo.csv,legado,S_UR_maximo,sem_assistencia,media_adaptativa,8.00615604483645,8.00615604483645,0.0,8.00615604483645,0.0
modelo_07_ablacao_mecanismo.csv,legado,S_UR_maximo,sem_assistencia,dif_absoluta,-17.106106707847104,-17.106106707847104,0.0,-17.106106707847104,0.0
modelo_07_ablacao_mecanismo.csv,legado,S_UR_maximo,sem_assistencia,dif_relativa_pct,-68.11853983974068,-68.11853983974068,0.0,-68.11853983974068,0.0
modelo_07_ablacao_mecanismo.csv,legado,S_UR_maximo,sem_assistencia,p_valor,3.0517578125e-05,3.0517578125e-05,0.0,3.0517578125e-05,0.0
modelo_07_ablacao_mecanismo.csv,legado,S_UR_maximo,sem_assistencia,d_cohen_pareado,-6.484033913488211,-6.484033913488211,0.0,-6.484033913488211,0.0
modelo_07_ablacao_mecanismo.csv,legado,S_UR_maximo,sem_assistencia,prop_instancias_com_dif,1.0,1.0,0.0,1.0,0.0
modelo_07_ablacao_mecanismo.csv,legado,S_UR_maximo,sem_assistencia,n_instancias,16.0,16.0,0.0,16.0,0.0
modelo_07_ablacao_mecanismo.csv,legado,S_UR_maximo,sem_assistencia,efeito_nominal_absoluto,-18.288780269161144,-18.288780269161144,0.0,-18.288780269161144,0.0
modelo_07_ablacao_mecanismo.csv,legado,S_UR_maximo,sem_assistencia,efeito_restante_pct_do_nominal,93.53333823301335,93.53333823301337,1.4210854715202004e-14,93.53333823301337,0.0
modelo_07_ablacao_mecanismo.csv,legado,S_UR_maximo,assistencia_universal,media_centralizada,22.351660893033625,22.351660893033625,0.0,22.351660893033625,0.0
modelo_07_ablacao_mecanismo.csv,legado,S_UR_maximo,assistencia_universal,media_adaptativa,6.82348248352241,6.82348248352241,0.0,6.82348248352241,0.0
modelo_07_ablacao_mecanismo.csv,legado,S_UR_maximo,assistencia_universal,dif_absoluta,-15.528178409511217,-15.528178409511215,1.7763568394002505e-15,-15.528178409511215,0.0
modelo_07_ablacao_mecanismo.csv,legado,S_UR_maximo,assistencia_universal,dif_relativa_pct,-69.47214564422327,-69.47214564422327,0.0,-69.47214564422327,0.0
modelo_07_ablacao_mecanismo.csv,legado,S_UR_maximo,assistencia_universal,p_valor,3.0517578125e-05,3.0517578125e-05,0.0,3.0517578125e-05,0.0
modelo_07_ablacao_mecanismo.csv,legado,S_UR_maximo,assistencia_universal,d_cohen_pareado,-5.33572988010581,-5.33572988010581,0.0,-5.33572988010581,0.0
modelo_07_ablacao_mecanismo.csv,legado,S_UR_maximo,assistencia_universal,prop_instancias_com_dif,1.0,1.0,0.0,1.0,0.0
modelo_07_ablacao_mecanismo.csv,legado,S_UR_maximo,assistencia_universal,n_instancias,16.0,16.0,0.0,16.0,0.0
modelo_07_ablacao_mecanismo.csv,legado,S_UR_maximo,assistencia_universal,efeito_nominal_absoluto,-18.288780269161144,-18.288780269161144,0.0,-18.288780269161144,0.0
modelo_07_ablacao_mecanismo.csv,legado,S_UR_maximo,assistencia_universal,efeito_restante_pct_do_nominal,84.90548949125436,84.90548949125436,0.0,84.90548949125436,0.0
