concluiu,makespan,makespan_cpm,E_total,S_UR_final,S_UR_maximo,S_PV_final,TW,TL,TU,TR,n_limpas,n_com_erro,n_reportadas,n_adiamentos,taxa_omissao,taxa_falha_efetiva,E_plano,retrabalho_sobre_esforco_total,retrabalho_sobre_plano,divida_latente_sobre_plano,retrabalho_sobre_esforco_realizado,p1_omissao,p1_fuga,p2_ajuda,p2_bloqueio,p3_analitica,hiato_encontrado,hiato_sem_colega_capaz,hiato_sem_colega_livre,hiato_colega_capaz_sem_confianca,competencia_maxima_inicial,competencia_minima_inicial,tarefas_acima_da_competencia_maxima_inicial,n_tarefas,N_req,N_fail,N_blocked,N_success,competencia_maxima_final,ablacoes,retrabalho_gerado,retrabalho_pendente,ocupacao_retrabalho,extensoes_horizonte,motivo_termino,confianca_media_final,canto,celula,cenario,arquivo,semente,kind,violacoes,atraso_relativo,fracao_porta1,n_selecoes_p1,fracao_fuga_p1,fracao_fuga,bateria_media,denominador_falha,numerador_falha,n_executadas,n_concluidas,ids_executadas,ids_concluidas
True,147,85,0.7481517044025783,0.0,8.855901764955274,281.0,430.0,56.0,54.0,34.74974322670026,52,8,2,0,0.13333333333333333,0.16666666666666666,323.0,0.09713422269231345,0.10758434435510916,0.027417652523081343,0.060460650285134296,25,0,56,54,35,110,16,4,5,0.6268507180531939,0.4857196752206667,16,60,89,33,5,56,0.6268507180531939,nenhuma,34.74974322670026,0.0,38,0,terminal,0.7798992991659368,10,2,adaptativa,j6010_1.sm,0,GOV,0,1.7294117647058824,0.4166666666666667,25,0.0,0.0,0.699472283006572,60,10,60,60,2;3;4;5;6;7;8;9;10;11;12;13;14;15;16;17;18;19;20;21;22;23;24;25;26;27;28;29;30;31;32;33;34;35;36;37;38;39;40;41;42;43;44;45;46;47;48;49;50;51;52;53;54;55;56;57;58;59;60;61,2;3;4;5;6;7;8;9;10;11;12;13;14;15;16;17;18;19;20;21;22;23;24;25;26;27;28;29;30;31;32;33;34;35;36;37;38;39;40;41;42;43;44;45;46;47;48;49;50;51;52;53;54;55;56;57;58;59;60;61
True,143,85,0.8239130190706325,0.0,9.799419083853898,278.0,492.0,27.0,41.0,37.15041346836843,50,10,4,0,0.16666666666666666,0.23333333333333334,323.0,0.10315249428869892,0.11501675996398894,0.03033875877354148,0.06221282382204415,19,0,27,41,41,68,6,5,6,0.6586427040007742,0.39362113220747674,14,60,56,29,6,27,0.6586427040007742,nenhuma,37.15041346836843,0.0,41,0,terminal,0.4841844423070559,10,2,adaptativa,j6010_1.sm,1,GOV,0,1.6823529411764706,0.31666666666666665,19,0.0,0.0,0.7090017869709926,60,14,60,60,2;3;4;5;6;7;8;9;10;11;12;13;14;15;16;17;18;19;20;21;22;23;24;25;26;27;28;29;30;31;32;33;34;35;36;37;38;39;40;41;42;43;44;45;46;47;48;49;50;51;52;53;54;55;56;57;58;59;60;61,2;3;4;5;6;7;8;9;10;11;12;13;14;15;16;17;18;19;20;21;22;23;24;25;26;27;28;29;30;31;32;33;34;35;36;37;38;39;40;41;42;43;44;45;46;47;48;49;50;51;52;53;54;55;56;57;58;59;60;61
True,152,85,0.7559566544844839,0.0,11.0,262.0,470.0,51.0,52.0,48.72876872221088,50,10,3,0,0.16666666666666666,0.21666666666666667,323.0,0.13108689136359364,0.15086306105947642,0.034055727554179564,0.07837624889444829,28,0,51,52,32,103,8,10,5,0.7659648859265082,0.2570239140832174,4,60,90,39,5,51,0.7659648859265082,nenhuma,48.728768722210866,0.0,56,0,terminal,0.7156576171970322,10,2,adaptativa,j6010_1.sm,2,GOV,0,1.7882352941176471,0.4666666666666667,28,0.0,0.0,0.6292022579810564,60,13,60,60,2;3;4;5;6;7;8;9;10;11;12;13;14;15;16;17;18;19;20;21;22;23;24;25;26;27;28;29;30;31;32;33;34;35;36;37;38;39;40;41;42;43;44;45;46;47;48;49;50;51;52;53;54;55;56;57;58;59;60;61,2;3;4;5;6;7;8;9;10;11;12;13;14;15;16;17;18;19;20;21;22;23;24;25;26;27;28;29;30;31;32;33;34;35;36;37;38;39;40;41;42;43;44;45;46;47;48;49;50;51;52;53;54;55;56;57;58;59;60;61
True,163,85,0.6217899986571246,1.7763568394002505e-15,23.42664680858891,201.0,451.0,92.0,82.0,100.32527215622875,39,21,4,0,0.35,0.4166666666666667,323.0,0.23699334472807845,0.31060455775922213,0.07252831829284492,0.13831762935542602,32,0,92,82,28,174,6,15,6,0.794910294566222,0.24332019624229825,3,60,162,70,6,92,0.794910294566222,nenhuma,100.32527215622873,0.0,111,0,terminal,0.639152932429617,10,2,adaptativa,j6010_1.sm,3,GOV,0,1.9176470588235295,0.5333333333333333,32,0.0,0.0,0.6261348243580825,60,25,60,60,2;3;4;5;6;7;8;9;10;11;12;13;14;15;16;17;18;19;20;21;22;23;24;25;26;27;28;29;30;31;32;33;34;35;36;37;38;39;40;41;42;43;44;45;46;47;48;49;50;51;52;53;54;55;56;57;58;59;60;61,2;3;4;5;6;7;8;9;10;11;12;13;14;15;16;17;18;19;20;21;22;23;24;25;26;27;28;29;30;31;32;33;34;35;36;37;38;39;40;41;42;43;44;45;46;47;48;49;50;51;52;53;54;55;56;57;58;59;60;61
True,236,76,0.7636629989812638,0.0,8.557361867365783,282.0,459.0,52.0,48.0,42.05046416064655,49,11,2,0,0.18333333333333332,0.21666666666666667,332.0,0.11241922732272507,0.12665802458026068,0.025775186347487298,0.06996161997706644,33,0,52,48,27,100,17,0,6,0.6268507180531939,0.4857196752206667,18,60,77,25,6,52,0.6268507180531939,nenhuma,42.05046416064655,0.0,47,0,terminal,0.7835994795858138,10,2,adaptativa,j6021_1.sm,0,GOV,0,3.1052631578947367,0.55,33,0.0,0.0,0.7740198338619171,60,13,60,60,2;3;4;5;6;7;8;9;10;11;12;13;14;15;16;17;18;19;20;21;22;23;24;25;26;27;28;29;30;31;32;33;34;35;36;37;38;39;40;41;42;43;44;45;46;47;48;49;50;51;52;53;54;55;56;57;58;59;60;61,2;3;4;5;6;7;8;9;10;11;12;13;14;15;16;17;18;19;20;21;22;23;24;25;26;27;28;29;30;31;32;33;34;35;36;37;38;39;40;41;42;43;44;45;46;47;48;49;50;51;52;53;54;55;56;57;58;59;60;61
True,250,76,0.7988338907678745,0.0,22.34027392537271,223.0,516.0,15.0,27.0,87.94154800317494,41,19,4,0,0.31666666666666665,0.38333333333333336,332.0,0.20941378251648982,0.2648841807324547,0.06728998170292985,0.13614474603008922,29,0,15,27,31,42,3,0,6,0.6586427040007742,0.39362113220747674,17,60,33,18,6,15,0.6586427040007742,nenhuma,87.94154800317493,0.0,96,0,terminal,0.3447652061858511,10,2,adaptativa,j6021_1.sm,1,GOV,0,3.289473684210526,0.48333333333333334,29,0.0,0.0,0.7225296317156523,60,23,60,60,2;3;4;5;6;7;8;9;10;11;12;13;14;15;16;17;18;19;20;21;22;23;24;25;26;27;28;29;30;31;32;33;34;35;36;37;38;39;40;41;42;43;44;45;46;47;48;49;50;51;52;53;54;55;56;57;58;59;60;61,2;3;4;5;6;7;8;9;10;11;12;13;14;15;16;17;18;19;20;21;22;23;24;25;26;27;28;29;30;31;32;33;34;35;36;37;38;39;40;41;42;43;44;45;46;47;48;49;50;51;52;53;54;55;56;57;58;59;60;61
True,225,76,0.7933884858837547,1.7763568394002505e-15,19.052278323748496,252.0,513.0,21.0,24.0,88.5937042539379,46,14,7,0,0.23333333333333334,0.35,332.0,0.2106396347779103,0.2668485067889696,0.05738638049321836,0.13701603289837222,30,0,21,24,30,45,4,0,5,0.7659648859265082,0.2570239140832174,6,60,36,15,5,21,0.7659648859265082,nenhuma,88.5937042539379,0.0,97,0,terminal,0.4276614181941969,10,2,adaptativa,j6021_1.sm,2,GOV,0,2.960526315789474,0.5,30,0.0,0.0,0.7109578642332125,60,21,60,60,2;3;4;5;6;7;8;9;10;11;12;13;14;15;16;17;18;19;20;21;22;23;24;25;26;27;28;29;30;31;32;33;34;35;36;37;38;39;40;41;42;43;44;45;46;47;48;49;50;51;52;53;54;55;56;57;58;59;60;61,2;3;4;5;6;7;8;9;10;11;12;13;14;15;16;17;18;19;20;21;22;23;24;25;26;27;28;29;30;31;32;33;34;35;36;37;38;39;40;41;42;43;44;45;46;47;48;49;50;51;52;53;54;55;56;57;58;59;60;61
True,244,76,0.7249445453750168,0.0,21.263619790596607,223.0,506.0,57.0,43.0,91.98442270952476,43,17,0,0,0.2833333333333333,0.2833333333333333,332.0,0.21695236377243993,0.27706151418531555,0.06404704756203797,0.131785781625968,34,0,57,43,26,100,0,0,10,0.794910294566222,0.24332019624229825,2,60,90,33,10,57,0.794910294566222,nenhuma,91.98442270952478,0.0,100,0,terminal,0.6373001087666296,10,2,adaptativa,j6021_1.sm,3,GOV,0,3.210526315789474,0.5666666666666667,34,0.0,0.0,0.7183614030544023,60,17,60,60,2;3;4;5;6;7;8;9;10;11;12;13;14;15;16;17;18;19;20;21;22;23;24;25;26;27;28;29;30;31;32;33;34;35;36;37;38;39;40;41;42;43;44;45;46;47;48;49;50;51;52;53;54;55;56;57;58;59;60;61,2;3;4;5;6;7;8;9;10;11;12;13;14;15;16;17;18;19;20;21;22;23;24;25;26;27;28;29;30;31;32;33;34;35;36;37;38;39;40;41;42;43;44;45;46;47;48;49;50;51;52;53;54;55;56;57;58;59;60;61
True,137,69,0.7005269552768086,3.552713678800501e-15,17.27373662378103,274.0,481.0,95.0,59.0,51.625969745783834,48,12,3,0,0.2,0.25,337.0,0.1328423053651162,0.15319278856315677,0.05125737870558169,0.07518790727489935,28,0,95,59,32,154,16,4,12,0.6268507180531939,0.4857196752206667,14,60,126,31,12,95,0.6268507180531939,nenhuma,51.625969745783834,0.0,58,0,terminal,0.8898497388678197,10,2,adaptativa,j6032_1.sm,0,GOV,0,1.9855072463768115,0.4666666666666667,28,0.0,0.0,0.5816027650717582,60,15,60,60,2;3;4;5;6;7;8;9;10;11;12;13;14;15;16;17;18;19;20;21;22;23;24;25;26;27;28;29;30;31;32;33;34;35;36;37;38;39;40;41;42;43;44;45;46;47;48;49;50;51;52;53;54;55;56;57;58;59;60;61,2;3;4;5;6;7;8;9;10;11;12;13;14;15;16;17;18;19;20;21;22;23;24;25;26;27;28;29;30;31;32;33;34;35;36;37;38;39;40;41;42;43;44;45;46;47;48;49;50;51;52;53;54;55;56;57;58;59;60;61
True,134,69,0.7270330245779637,8.881784197001252e-16,13.268651704339849,268.0,497.0,53.0,77.0,56.600308649671234,47,13,2,0,0.21666666666666667,0.25,337.0,0.1438014844141015,0.16795343812958824,0.0393728537220767,0.08279737140767959,26,0,53,77,34,130,8,23,7,0.6586427040007742,0.39362113220747674,13,60,115,62,7,53,0.6586427040007742,nenhuma,56.60030864967123,0.0,63,0,terminal,0.6763626972228228,10,2,adaptativa,j6032_1.sm,1,GOV,0,1.9420289855072463,0.43333333333333335,26,0.0,0.0,0.5776723668382557,60,15,60,60,2;3;4;5;6;7;8;9;10;11;12;13;14;15;16;17;18;19;20;21;22;23;24;25;26;27;28;29;30;31;32;33;34;35;36;37;38;39;40;41;42;43;44;45;46;47;48;49;50;51;52;53;54;55;56;57;58;59;60;61,2;3;4;5;6;7;8;9;10;11;12;13;14;15;16;17;18;19;20;21;22;23;24;25;26;27;28;29;30;31;32;33;34;35;36;37;38;39;40;41;42;43;44;45;46;47;48;49;50;51;52;53;54;55;56;57;58;59;60;61
True,151,69,0.7545906161852622,3.552713678800501e-15,28.98544940848117,197.0,582.0,17.0,56.0,116.27913800760955,41,19,3,0,0.31666666666666665,0.36666666666666664,337.0,0.25652876617863996,0.34504195254483544,0.08601023563347528,0.15076141992895745,31,0,17,56,29,73,0,27,10,0.7659648859265082,0.2570239140832174,2,60,63,46,10,17,0.7659648859265082,nenhuma,116.27913800760955,0.0,127,0,terminal,0.35697297038352843,10,2,adaptativa,j6032_1.sm,2,GOV,0,2.1884057971014492,0.5166666666666667,31,0.0,0.0,0.4357533600645335,60,22,60,60,2;3;4;5;6;7;8;9;10;11;12;13;14;15;16;17;18;19;20;21;22;23;24;25;26;27;28;29;30;31;32;33;34;35;36;37;38;39;40;41;42;43;44;45;46;47;48;49;50;51;52;53;54;55;56;57;58;59;60;61,2;3;4;5;6;7;8;9;10;11;12;13;14;15;16;17;18;19;20;21;22;23;24;25;26;27;28;29;30;31;32;33;34;35;36;37;38;39;40;41;42;43;44;45;46;47;48;49;50;51;52;53;54;55;56;57;58;59;60;61
True,143,69,0.6953648627218402,8.881784197001252e-16,11.01948868675883,274.0,500.0,84.0,84.0,51.04697347356481,49,11,3,0,0.18333333333333332,0.23333333333333334,337.0,0.13154843862489837,0.1514746987346137,0.032698779485931244,0.07099254340362163,29,0,84,84,31,168,0,24,9,0.794910294566222,0.24332019624229825,0,60,159,75,9,84,0.794910294566222,nenhuma,51.04697347356481,0.0,57,0,terminal,0.6508128723708424,10,2,adaptativa,j6032_1.sm,3,GOV,0,2.072463768115942,0.48333333333333334,29,0.0,0.0,0.5706549225278721,60,14,60,60,2;3;4;5;6;7;8;9;10;11;12;13;14;15;16;17;18;19;20;21;22;23;24;25;26;27;28;29;30;31;32;33;34;35;36;37;38;39;40;41;42;43;44;45;46;47;48;49;50;51;52;53;54;55;56;57;58;59;60;61,2;3;4;5;6;7;8;9;10;11;12;13;14;15;16;17;18;19;20;21;22;23;24;25;26;27;28;29;30;31;32;33;34;35;36;37;38;39;40;41;42;43;44;45;46;47;48;49;50;51;52;53;54;55;56;57;58;59;60;61
True,180,108,0.5375256770635254,0.0,8.905276412238194,258.0,398.0,205.0,92.0,45.4297450016772,50,10,0,0,0.16666666666666666,0.16666666666666666,334.0,0.1197316383339329,0.13601720060382394,0.02666250422825807,0.06135591568052724,21,0,205,92,39,297,36,0,8,0.6268507180531939,0.4857196752206667,21,60,253,48,8,205,0.6268507180531939,nenhuma,45.4297450016772,0.0,47,0,terminal,0.9454046804584805,10,2,adaptativa,j6043_1.sm,0,GOV,0,1.6666666666666667,0.35,21,0.0,0.0,0.8658687459224119,60,10,60,60,2;3;4;5;6;7;8;9;10;11;12;13;14;15;16;17;18;19;20;21;22;23;24;25;26;27;28;29;30;31;32;33;34;35;36;37;38;39;40;41;42;43;44;45;46;47;48;49;50;51;52;53;54;55;56;57;58;59;60;61,2;3;4;5;6;7;8;9;10;11;12;13;14;15;16;17;18;19;20;21;22;23;24;25;26;27;28;29;30;31;32;33;34;35;36;37;38;39;40;41;42;43;44;45;46;47;48;49;50;51;52;53;54;55;56;57;58;59;60;61
True,167,108,0.6932182302910327,0.0,13.138930982148617,269.0,423.0,81.0,53.0,53.197455168500916,48,12,4,0,0.2,0.26666666666666666,334.0,0.13739102480761503,0.15927381786976322,0.03933811671301981,0.08718072276098052,19,0,81,53,41,134,21,1,6,0.6586427040007742,0.39362113220747674,20,60,107,26,6,81,0.6586427040007742,nenhuma,53.197455168500916,0.0,60,0,terminal,0.7658567551109061,10,2,adaptativa,j6043_1.sm,1,GOV,0,1.5462962962962963,0.31666666666666665,19,0.0,0.0,0.8110050201294633,60,16,60,60,2;3;4;5;6;7;8;9;10;11;12;13;14;15;16;17;18;19;20;21;22;23;24;25;26;27;28;29;30;31;32;33;34;35;36;37;38;39;40;41;42;43;44;45;46;47;48;49;50;51;52;53;54;55;56;57;58;59;60;61,2;3;4;5;6;7;8;9;10;11;12;13;14;15;16;17;18;19;20;21;22;23;24;25;26;27;28;29;30;31;32;33;34;35;36;37;38;39;40;41;42;43;44;45;46;47;48;49;50;51;52;53;54;55;56;57;58;59;60;61
True,190,108,0.6178620676679054,0.0,9.928136613396516,273.0,430.0,137.0,73.0,55.94820996701908,49,11,6,0,0.18333333333333332,0.2833333333333333,334.0,0.14347600152274337,0.16750961067969786,0.02972495992034885,0.08039134114544308,18,0,137,73,42,210,3,0,25,0.7659648859265082,0.2570239140832174,6,60,182,45,25,137,0.7659648859265082,nenhuma,55.94820996701908,0.0,60,0,terminal,0.7300881787461334,10,2,adaptativa,j6043_1.sm,2,GOV,0,1.7592592592592593,0.3,18,0.0,0.0,0.8161201200789785,60,17,60,60,2;3;4;5;6;7;8;9;10;11;12;13;14;15;16;17;18;19;20;21;22;23;24;25;26;27;28;29;30;31;32;33;34;35;36;37;38;39;40;41;42;43;44;45;46;47;48;49;50;51;52;53;54;55;56;57;58;59;60;61,2;3;4;5;6;7;8;9;10;11;12;13;14;15;16;17;18;19;20;21;22;23;24;25;26;27;28;29;30;31;32;33;34;35;36;37;38;39;40;41;42;43;44;45;46;47;48;49;50;51;52;53;54;55;56;57;58;59;60;61
True,186,108,0.5948237057269444,0.0,13.543418787072099,279.0,418.0,163.0,80.0,41.72922207959907,51,9,2,0,0.15,0.18333333333333332,334.0,0.11106195533217972,0.12493779065748224,0.040549158045126044,0.059381651948540067,24,0,163,80,36,243,0,5,30,0.794910294566222,0.24332019624229825,4,60,213,50,30,163,0.794910294566222,nenhuma,41.72922207959907,0.0,45,0,terminal,0.7129426763402528,10,2,adaptativa,j6043_1.sm,3,GOV,0,1.7222222222222223,0.4,24,0.0,0.0,0.8039414821925402,60,11,60,60,2;3;4;5;6;7;8;9;10;11;12;13;14;15;16;17;18;19;20;21;22;23;24;25;26;27;28;29;30;31;32;33;34;35;36;37;38;39;40;41;42;43;44;45;46;47;48;49;50;51;52;53;54;55;56;57;58;59;60;61,2;3;4;5;6;7;8;9;10;11;12;13;14;15;16;17;18;19;20;21;22;23;24;25;26;27;28;29;30;31;32;33;34;35;36;37;38;39;40;41;42;43;44;45;46;47;48;49;50;51;52;53;54;55;56;57;58;59;60;61
True,178,85,0.7449491322468791,0.0,11.517263871174627,297.0,424.0,57.0,50.0,38.16637881186862,56,4,6,0,0.06666666666666667,0.16666666666666666,323.0,0.10567533704943632,0.11816216350423721,0.035657163687847146,0.06705662919081887,17,0,57,50,43,107,17,1,5,0.6268507180531939,0.4857196752206667,16,60,85,28,5,57,0.6268507180531939,nenhuma,38.16637881186861,0.0,42,0,terminal,0.7781708524186707,10,3,centralizada,j6010_1.sm,0,GOV,0,2.0941176470588236,0.2833333333333333,17,0.0,0.0,0.7964205170032169,60,10,60,60,2;3;4;5;6;7;8;9;10;11;12;13;14;15;16;17;18;19;20;21;22;23;24;25;26;27;28;29;30;31;32;33;34;35;36;37;38;39;40;41;42;43;44;45;46;47;48;49;50;51;52;53;54;55;56;57;58;59;60;61,2;3;4;5;6;7;8;9;10;11;12;13;14;15;16;17;18;19;20;21;22;23;24;25;26;27;28;29;30;31;32;33;34;35;36;37;38;39;40;41;42;43;44;45;46;47;48;49;50;51;52;53;54;55;56;57;58;59;60;61
True,217,85,0.7775088367892137,0.0,12.0,267.0,456.0,36.0,37.0,57.48851102849111,52,8,9,0,0.13333333333333333,0.2833333333333333,323.0,0.15109131908633727,0.17798300628015823,0.03715170278637771,0.09802154679496931,20,0,36,37,40,73,9,8,3,0.6586427040007742,0.39362113220747674,14,60,61,25,3,36,0.6586427040007742,nenhuma,57.48851102849111,0.0,62,0,terminal,0.5938087602563973,10,3,centralizada,j6010_1.sm,1,GOV,0,2.552941176470588,0.3333333333333333,20,0.0,0.0,0.7979287370298046,60,17,60,60,2;3;4;5;6;7;8;9;10;11;12;13;14;15;16;17;18;19;20;21;22;23;24;25;26;27;28;29;30;31;32;33;34;35;36;37;38;39;40;41;42;43;44;45;46;47;48;49;50;51;52;53;54;55;56;57;58;59;60;61,2;3;4;5;6;7;8;9;10;11;12;13;14;15;16;17;18;19;20;21;22;23;24;25;26;27;28;29;30;31;32;33;34;35;36;37;38;39;40;41;42;43;44;45;46;47;48;49;50;51;52;53;54;55;56;57;58;59;60;61
True,283,85,0.7432885648736164,8.881784197001252e-16,20.524228170071623,269.0,475.0,45.0,48.0,71.05194085794344,48,12,9,0,0.2,0.35,323.0,0.18031110493516844,0.21997504909580012,0.06354250207452515,0.11118335821428599,40,0,45,48,20,93,8,12,5,0.7659648859265082,0.2570239140832174,4,60,80,35,5,45,0.7659648859265082,nenhuma,71.05194085794344,0.0,83,0,terminal,0.6023077707420837,10,3,centralizada,j6010_1.sm,2,GOV,0,3.3294117647058825,0.6666666666666666,40,0.0,0.0,0.7569035338610474,60,21,60,60,2;3;4;5;6;7;8;9;10;11;12;13;14;15;16;17;18;19;20;21;22;23;24;25;26;27;28;29;30;31;32;33;34;35;36;37;38;39;40;41;42;43;44;45;46;47;48;49;50;51;52;53;54;55;56;57;58;59;60;61,2;3;4;5;6;7;8;9;10;11;12;13;14;15;16;17;18;19;20;21;22;23;24;25;26;27;28;29;30;31;32;33;34;35;36;37;38;39;40;41;42;43;44;45;46;47;48;49;50;51;52;53;54;55;56;57;58;59;60;61
True,237,85,0.6541305638672101,4.440892098500626e-16,9.583828675870327,278.0,442.0,100.0,71.0,62.7060813469755,53,7,10,0,0.11666666666666667,0.2833333333333333,323.0,0.1625747800708541,0.1941364747584381,0.02967129621012485,0.09280082431991002,22,0,100,71,38,171,4,13,8,0.794910294566222,0.24332019624229825,3,60,159,59,8,100,0.794910294566222,nenhuma,62.7060813469755,0.0,67,0,terminal,0.6730105807562353,10,3,centralizada,j6010_1.sm,3,GOV,0,2.788235294117647,0.36666666666666664,22,0.0,0.0,0.8133921545997567,60,17,60,60,2;3;4;5;6;7;8;9;10;11;12;13;14;15;16;17;18;19;20;21;22;23;24;25;26;27;28;29;30;31;32;33;34;35;36;37;38;39;40;41;42;43;44;45;46;47;48;49;50;51;52;53;54;55;56;57;58;59;60;61,2;3;4;5;6;7;8;9;10;11;12;13;14;15;16;17;18;19;20;21;22;23;24;25;26;27;28;29;30;31;32;33;34;35;36;37;38;39;40;41;42;43;44;45;46;47;48;49;50;51;52;53;54;55;56;57;58;59;60;61
True,271,76,0.7434914852567557,0.0,31.68829278513129,265.0,493.0,31.0,39.0,100.08762074087302,51,9,8,0,0.15,0.2833333333333333,332.0,0.23163732524727085,0.3014687371713043,0.09544666501545569,0.1509417724146989,29,0,31,39,31,70,13,0,6,0.6268507180531939,0.4857196752206667,18,60,51,20,6,31,0.6268507180531939,nenhuma,100.08762074087302,0.0,107,0,terminal,0.5260114668194745,10,3,centralizada,j6021_1.sm,0,GOV,0,3.5657894736842106,0.48333333333333334,29,0.0,0.0,0.7845448369401813,60,17,60,60,2;3;4;5;6;7;8;9;10;11;12;13;14;15;16;17;18;19;20;21;22;23;24;25;26;27;28;29;30;31;32;33;34;35;36;37;38;39;40;41;42;43;44;45;46;47;48;49;50;51;52;53;54;55;56;57;58;59;60;61,2;3;4;5;6;7;8;9;10;11;12;13;14;15;16;17;18;19;20;21;22;23;24;25;26;27;28;29;30;31;32;33;34;35;36;37;38;39;40;41;42;43;44;45;46;47;48;49;50;51;52;53;54;55;56;57;58;59;60;61
True,258,76,0.747366091415686,4.440892098500626e-16,13.592261540517088,286.0,498.0,35.0,38.0,95.34010523098745,53,7,12,0,0.11666666666666667,0.31666666666666665,332.0,0.223101234974082,0.28716899165960075,0.04094054680878641,0.14308024458161303,25,0,35,38,35,73,9,0,7,0.6586427040007742,0.39362113220747674,17,60,57,22,7,35,0.6586427040007742,nenhuma,95.34010523098745,0.0,102,0,terminal,0.53792945635135,10,3,centralizada,j6021_1.sm,1,GOV,0,3.3947368421052633,0.4166666666666667,25,0.0,0.0,0.7809904406632446,60,19,60,60,2;3;4;5;6;7;8;9;10;11;12;13;14;15;16;17;18;19;20;21;22;23;24;25;26;27;28;29;30;31;32;33;34;35;36;37;38;39;40;41;42;43;44;45;46;47;48;49;50;51;52;53;54;55;56;57;58;59;60;61,2;3;4;5;6;7;8;9;10;11;12;13;14;15;16;17;18;19;20;21;22;23;24;25;26;27;28;29;30;31;32;33;34;35;36;37;38;39;40;41;42;43;44;45;46;47;48;49;50;51;52;53;54;55;56;57;58;59;60;61
True,238,76,0.7954571613749438,0.0,24.074655275991834,279.0,503.0,30.0,19.0,80.3407776360539,50,10,8,0,0.16666666666666666,0.3,332.0,0.19484072881815592,0.2419902940844997,0.07251402191563805,0.12705297598614515,31,0,30,19,29,49,4,0,5,0.7659648859265082,0.2570239140832174,6,60,40,10,5,30,0.7659648859265082,nenhuma,80.34077763605389,0.0,86,0,terminal,0.5934332600432701,10,3,centralizada,j6021_1.sm,2,GOV,0,3.1315789473684212,0.5166666666666667,31,0.0,0.0,0.7210133965462812,60,18,60,60,2;3;4;5;6;7;8;9;10;11;12;13;14;15;16;17;18;19;20;21;22;23;24;25;26;27;28;29;30;31;32;33;34;35;36;37;38;39;40;41;42;43;44;45;46;47;48;49;50;51;52;53;54;55;56;57;58;59;60;61,2;3;4;5;6;7;8;9;10;11;12;13;14;15;16;17;18;19;20;21;22;23;24;25;26;27;28;29;30;31;32;33;34;35;36;37;38;39;40;41;42;43;44;45;46;47;48;49;50;51;52;53;54;55;56;57;58;59;60;61
True,356,76,0.7158616793024226,0.0,15.995287890830438,260.0,511.0,47.0,48.0,107.82505136739294,50,10,11,0,0.16666666666666666,0.35,332.0,0.2451544109008128,0.32477425110660524,0.04817857798442903,0.1510524899074988,30,0,47,48,30,95,0,0,8,0.794910294566222,0.24332019624229825,2,60,87,40,8,47,0.794910294566222,nenhuma,107.82505136739296,0.0,115,0,terminal,0.6209328877351411,10,3,centralizada,j6021_1.sm,3,GOV,0,4.684210526315789,0.5,30,0.0,0.0,0.7838667515914991,60,21,60,60,2;3;4;5;6;7;8;9;10;11;12;13;14;15;16;17;18;19;20;21;22;23;24;25;26;27;28;29;30;31;32;33;34;35;36;37;38;39;40;41;42;43;44;45;46;47;48;49;50;51;52;53;54;55;56;57;58;59;60;61,2;3;4;5;6;7;8;9;10;11;12;13;14;15;16;17;18;19;20;21;22;23;24;25;26;27;28;29;30;31;32;33;34;35;36;37;38;39;40;41;42;43;44;45;46;47;48;49;50;51;52;53;54;55;56;57;58;59;60;61
True,206,69,0.7371450735346637,1.7763568394002505e-15,20.72826790209784,287.0,498.0,58.0,50.0,69.57936406202124,53,7,9,0,0.11666666666666667,0.26666666666666666,337.0,0.17113353557070182,0.20646695567365353,0.06150821335934077,0.10299213943372247,25,0,58,50,35,108,12,4,9,0.6268507180531939,0.4857196752206667,14,60,87,29,9,58,0.6268507180531939,nenhuma,69.57936406202124,0.0,76,0,terminal,0.7738381697185788,10,3,centralizada,j6032_1.sm,0,GOV,0,2.9855072463768115,0.4166666666666667,25,0.0,0.0,0.7105879614502254,60,16,60,60,2;3;4;5;6;7;8;9;10;11;12;13;14;15;16;17;18;19;20;21;22;23;24;25;26;27;28;29;30;31;32;33;34;35;36;37;38;39;40;41;42;43;44;45;46;47;48;49;50;51;52;53;54;55;56;57;58;59;60;61,2;3;4;5;6;7;8;9;10;11;12;13;14;15;16;17;18;19;20;21;22;23;24;25;26;27;28;29;30;31;32;33;34;35;36;37;38;39;40;41;42;43;44;45;46;47;48;49;50;51;52;53;54;55;56;57;58;59;60;61
True,272,69,0.731383233143886,0.0,32.39440331674906,270.0,521.0,36.0,82.0,73.34884310986527,50,10,7,0,0.16666666666666666,0.2833333333333333,337.0,0.17874753235316695,0.21765235344173672,0.09612582586572423,0.10296758929185586,27,0,36,82,33,118,10,31,5,0.6586427040007742,0.39362113220747674,13,60,103,67,5,36,0.6586427040007742,nenhuma,73.34884310986529,0.0,79,0,terminal,0.5554011682716985,10,3,centralizada,j6032_1.sm,1,GOV,0,3.9420289855072466,0.45,27,0.0,0.0,0.7779480948301336,60,17,60,60,2;3;4;5;6;7;8;9;10;11;12;13;14;15;16;17;18;19;20;21;22;23;24;25;26;27;28;29;30;31;32;33;34;35;36;37;38;39;40;41;42;43;44;45;46;47;48;49;50;51;52;53;54;55;56;57;58;59;60;61,2;3;4;5;6;7;8;9;10;11;12;13;14;15;16;17;18;19;20;21;22;23;24;25;26;27;28;29;30;31;32;33;34;35;36;37;38;39;40;41;42;43;44;45;46;47;48;49;50;51;52;53;54;55;56;57;58;59;60;61
True,154,69,0.7878946398337233,3.552713678800501e-15,20.434483594096115,290.0,581.0,16.0,63.0,77.40824042490482,52,8,10,0,0.13333333333333333,0.3,337.0,0.1867922325712826,0.22969804280387188,0.0606364498341131,0.1049733867637567,34,0,16,63,26,79,1,36,8,0.7659648859265082,0.2570239140832174,2,60,70,54,8,16,0.7659648859265082,nenhuma,77.40824042490482,0.0,86,0,terminal,0.3007959840828986,10,3,centralizada,j6032_1.sm,2,GOV,0,2.2318840579710146,0.5666666666666667,34,0.0,0.0,0.49289294937690814,60,18,60,60,2;3;4;5;6;7;8;9;10;11;12;13;14;15;16;17;18;19;20;21;22;23;24;25;26;27;28;29;30;31;32;33;34;35;36;37;38;39;40;41;42;43;44;45;46;47;48;49;50;51;52;53;54;55;56;57;58;59;60;61,2;3;4;5;6;7;8;9;10;11;12;13;14;15;16;17;18;19;20;21;22;23;24;25;26;27;28;29;30;31;32;33;34;35;36;37;38;39;40;41;42;43;44;45;46;47;48;49;50;51;52;53;54;55;56;57;58;59;60;61
True,216,69,0.6389524616685605,0.0,30.337122104870634,242.0,519.0,93.0,91.0,109.2670012800066,46,14,12,0,0.23333333333333334,0.43333333333333335,337.0,0.24484669708179455,0.3242344251632243,0.0900211338423461,0.13452103939692092,34,0,93,91,26,184,0,41,11,0.794910294566222,0.24332019624229825,0,60,173,80,11,93,0.794910294566222,nenhuma,109.26700128000657,0.0,118,0,terminal,0.6118992548714564,10,3,centralizada,j6032_1.sm,3,GOV,0,3.130434782608696,0.5666666666666667,34,0.0,0.0,0.6418845423850639,60,26,60,60,2;3;4;5;6;7;8;9;10;11;12;13;14;15;16;17;18;19;20;21;22;23;24;25;26;27;28;29;30;31;32;33;34;35;36;37;38;39;40;41;42;43;44;45;46;47;48;49;50;51;52;53;54;55;56;57;58;59;60;61,2;3;4;5;6;7;8;9;10;11;12;13;14;15;16;17;18;19;20;21;22;23;24;25;26;27;28;29;30;31;32;33;34;35;36;37;38;39;40;41;42;43;44;45;46;47;48;49;50;51;52;53;54;55;56;57;58;59;60;61
True,192,108,0.5536798096281846,0.0,10.0,303.0,386.0,189.0,83.0,39.15383022402881,55,5,3,0,0.08333333333333333,0.13333333333333333,334.0,0.10492678100214645,0.11722703659888865,0.029940119760479042,0.0561623970586905,22,0,189,83,38,272,31,1,7,0.6268507180531939,0.4857196752206667,21,60,234,45,7,189,0.6268507180531939,nenhuma,39.15383022402881,0.0,42,0,terminal,0.9322398617635735,10,3,centralizada,j6043_1.sm,0,GOV,0,1.7777777777777777,0.36666666666666664,22,0.0,0.0,0.8963025429320443,60,8,60,60,2;3;4;5;6;7;8;9;10;11;12;13;14;15;16;17;18;19;20;21;22;23;24;25;26;27;28;29;30;31;32;33;34;35;36;37;38;39;40;41;42;43;44;45;46;47;48;49;50;51;52;53;54;55;56;57;58;59;60;61,2;3;4;5;6;7;8;9;10;11;12;13;14;15;16;17;18;19;20;21;22;23;24;25;26;27;28;29;30;31;32;33;34;35;36;37;38;39;40;41;42;43;44;45;46;47;48;49;50;51;52;53;54;55;56;57;58;59;60;61
True,215,108,0.5956943594211088,3.552713678800501e-15,27.534836432936885,253.0,388.0,124.0,71.0,68.34073180927115,48,12,7,0,0.2,0.31666666666666665,334.0,0.16985785033981582,0.20461296948883578,0.08243963003873318,0.10492316612756075,20,0,124,71,40,195,25,1,3,0.6586427040007742,0.39362113220747674,20,60,167,43,3,124,0.6586427040007742,nenhuma,68.34073180927116,0.0,75,0,terminal,0.881567236724759,10,3,centralizada,j6043_1.sm,1,GOV,0,1.9907407407407407,0.3333333333333333,20,0.0,0.0,0.9001270336822457,60,19,60,60,2;3;4;5;6;7;8;9;10;11;12;13;14;15;16;17;18;19;20;21;22;23;24;25;26;27;28;29;30;31;32;33;34;35;36;37;38;39;40;41;42;43;44;45;46;47;48;49;50;51;52;53;54;55;56;57;58;59;60;61,2;3;4;5;6;7;8;9;10;11;12;13;14;15;16;17;18;19;20;21;22;23;24;25;26;27;28;29;30;31;32;33;34;35;36;37;38;39;40;41;42;43;44;45;46;47;48;49;50;51;52;53;54;55;56;57;58;59;60;61
True,286,108,0.7286919952866787,0.0,16.0,256.0,475.0,55.0,50.0,71.85291326430396,48,12,5,0,0.2,0.2833333333333333,334.0,0.17704175802604408,0.21512848282725738,0.04790419161676647,0.11022872154468699,24,0,55,50,36,105,0,13,11,0.7659648859265082,0.2570239140832174,6,60,94,39,11,55,0.7659648859265082,nenhuma,71.85291326430396,0.0,79,0,terminal,0.6862637472614604,10,3,centralizada,j6043_1.sm,2,GOV,0,2.6481481481481484,0.4,24,0.0,0.0,0.797271396226429,60,17,60,60,2;3;4;5;6;7;8;9;10;11;12;13;14;15;16;17;18;19;20;21;22;23;24;25;26;27;28;29;30;31;32;33;34;35;36;37;38;39;40;41;42;43;44;45;46;47;48;49;50;51;52;53;54;55;56;57;58;59;60;61,2;3;4;5;6;7;8;9;10;11;12;13;14;15;16;17;18;19;20;21;22;23;24;25;26;27;28;29;30;31;32;33;34;35;36;37;38;39;40;41;42;43;44;45;46;47;48;49;50;51;52;53;54;55;56;57;58;59;60;61
True,215,108,0.6219479289212834,0.0,17.49842765589403,273.0,439.0,135.0,65.0,66.84687171707237,49,11,9,0,0.18333333333333332,0.3333333333333333,334.0,0.1667641097727078,0.20014033448225263,0.05239050196375458,0.09470449526036419,24,0,135,65,36,200,0,3,26,0.794910294566222,0.24332019624229825,4,60,174,39,26,135,0.794910294566222,nenhuma,66.84687171707237,0.0,73,0,terminal,0.7196093430069194,10,3,centralizada,j6043_1.sm,3,GOV,0,1.9907407407407407,0.4,24,0.0,0.0,0.7960484856275856,60,20,60,60,2;3;4;5;6;7;8;9;10;11;12;13;14;15;16;17;18;19;20;21;22;23;24;25;26;27;28;29;30;31;32;33;34;35;36;37;38;39;40;41;42;43;44;45;46;47;48;49;50;51;52;53;54;55;56;57;58;59;60;61,2;3;4;5;6;7;8;9;10;11;12;13;14;15;16;17;18;19;20;21;22;23;24;25;26;27;28;29;30;31;32;33;34;35;36;37;38;39;40;41;42;43;44;45;46;47;48;49;50;51;52;53;54;55;56;57;58;59;60;61
True,134,85,0.6856189217870601,0.0,1.5,320.0,405.0,86.0,68.0,31.70715105757411,59,1,10,0,0.016666666666666666,0.18333333333333332,323.0,0.08938965837885682,0.09816455435781458,0.0046439628482972135,0.05367659931119358,24,0,86,68,36,154,11,8,5,0.6268507180531939,0.4857196752206667,16,60,138,52,5,86,0.6268507180531939,nenhuma,31.70715105757411,0.0,36,0,terminal,0.8217850137270739,10,7,adaptativa,j6010_1.sm,0,GOV,0,1.576470588235294,0.4,24,0.0,0.0,0.7453744988986897,60,11,60,60,2;3;4;5;6;7;8;9;10;11;12;13;14;15;16;17;18;19;20;21;22;23;24;25;26;27;28;29;30;31;32;33;34;35;36;37;38;39;40;41;42;43;44;45;46;47;48;49;50;51;52;53;54;55;56;57;58;59;60;61,2;3;4;5;6;7;8;9;10;11;12;13;14;15;16;17;18;19;20;21;22;23;24;25;26;27;28;29;30;31;32;33;34;35;36;37;38;39;40;41;42;43;44;45;46;47;48;49;50;51;52;53;54;55;56;57;58;59;60;61
True,157,85,0.7594265087997142,0.0,9.72187318285209,271.0,465.0,32.0,37.0,78.30414610485482,53,7,12,0,0.11666666666666667,0.31666666666666665,323.0,0.19512418913408164,0.2424276969190552,0.03009867858468139,0.12788439634613472,19,0,32,37,41,69,9,9,3,0.6586427040007742,0.39362113220747674,14,60,57,25,3,32,0.6586427040007742,nenhuma,78.30414610485481,0.0,85,0,terminal,0.5439243228322004,10,7,adaptativa,j6010_1.sm,1,GOV,0,1.8470588235294119,0.31666666666666665,19,0.0,0.0,0.7019102678840192,60,19,60,60,2;3;4;5;6;7;8;9;10;11;12;13;14;15;16;17;18;19;20;21;22;23;24;25;26;27;28;29;30;31;32;33;34;35;36;37;38;39;40;41;42;43;44;45;46;47;48;49;50;51;52;53;54;55;56;57;58;59;60;61,2;3;4;5;6;7;8;9;10;11;12;13;14;15;16;17;18;19;20;21;22;23;24;25;26;27;28;29;30;31;32;33;34;35;36;37;38;39;40;41;42;43;44;45;46;47;48;49;50;51;52;53;54;55;56;57;58;59;60;61
True,153,85,0.692054251196328,0.0,14.471422647634473,288.0,445.0,59.0,60.0,79.01317307240777,54,6,13,0,0.1,0.31666666666666665,323.0,0.1965437412623702,0.24462282684955966,0.044803166091747594,0.1228795557871259,34,0,59,60,26,119,8,11,5,0.7659648859265082,0.2570239140832174,4,60,106,47,5,59,0.7659648859265082,nenhuma,79.01317307240774,0.0,87,0,terminal,0.6860963152492312,10,7,adaptativa,j6010_1.sm,2,GOV,0,1.8,0.5666666666666667,34,0.0,0.0,0.5922795630751517,60,19,60,60,2;3;4;5;6;7;8;9;10;11;12;13;14;15;16;17;18;19;20;21;22;23;24;25;26;27;28;29;30;31;32;33;34;35;36;37;38;39;40;41;42;43;44;45;46;47;48;49;50;51;52;53;54;55;56;57;58;59;60;61,2;3;4;5;6;7;8;9;10;11;12;13;14;15;16;17;18;19;20;21;22;23;24;25;26;27;28;29;30;31;32;33;34;35;36;37;38;39;40;41;42;43;44;45;46;47;48;49;50;51;52;53;54;55;56;57;58;59;60;61
True,160,85,0.6374066790393405,4.440892098500626e-16,18.762909199393974,294.0,446.0,85.0,72.0,96.71027079945786,53,7,17,0,0.11666666666666667,0.4,323.0,0.23042150151638074,0.2994126030942968,0.05808950216530642,0.13821473663515188,25,0,85,72,35,157,3,6,9,0.794910294566222,0.24332019624229825,3,60,145,60,9,85,0.794910294566222,nenhuma,96.71027079945787,0.0,105,0,terminal,0.7016666666666667,10,7,adaptativa,j6010_1.sm,3,GOV,0,1.8823529411764706,0.4166666666666667,25,0.0,0.0,0.6665292565942066,60,24,60,60,2;3;4;5;6;7;8;9;10;11;12;13;14;15;16;17;18;19;20;21;22;23;24;25;26;27;28;29;30;31;32;33;34;35;36;37;38;39;40;41;42;43;44;45;46;47;48;49;50;51;52;53;54;55;56;57;58;59;60;61,2;3;4;5;6;7;8;9;10;11;12;13;14;15;16;17;18;19;20;21;22;23;24;25;26;27;28;29;30;31;32;33;34;35;36;37;38;39;40;41;42;43;44;45;46;47;48;49;50;51;52;53;54;55;56;57;58;59;60;61
True,208,76,0.766152879587873,0.0,11.285413478534231,312.0,484.0,43.0,34.0,70.72770460688221,57,3,13,0,0.05,0.26666666666666666,332.0,0.1756216515472215,0.21303525484000665,0.03399220927269347,0.11195916229587453,33,0,43,34,27,77,8,1,8,0.6268507180531939,0.4857196752206667,18,60,61,18,8,43,0.6268507180531939,nenhuma,70.72770460688221,0.0,78,0,terminal,0.6584188149317657,10,7,adaptativa,j6021_1.sm,0,GOV,0,2.736842105263158,0.55,33,0.0,0.0,0.688881237595803,60,16,60,60,2;3;4;5;6;7;8;9;10;11;12;13;14;15;16;17;18;19;20;21;22;23;24;25;26;27;28;29;30;31;32;33;34;35;36;37;38;39;40;41;42;43;44;45;46;47;48;49;50;51;52;53;54;55;56;57;58;59;60;61,2;3;4;5;6;7;8;9;10;11;12;13;14;15;16;17;18;19;20;21;22;23;24;25;26;27;28;29;30;31;32;33;34;35;36;37;38;39;40;41;42;43;44;45;46;47;48;49;50;51;52;53;54;55;56;57;58;59;60;61
True,244,76,0.7908369357194609,0.0,12.486881036418007,305.0,491.0,29.0,24.0,76.86123930632378,55,5,14,0,0.08333333333333333,0.31666666666666665,332.0,0.18798856902338548,0.23150975694675838,0.037611087459090385,0.12379777386682948,26,0,29,24,34,53,5,0,6,0.6586427040007742,0.39362113220747674,17,60,42,13,6,29,0.6586427040007742,nenhuma,76.86123930632378,0.0,84,0,terminal,0.5279993517658198,10,7,adaptativa,j6021_1.sm,1,GOV,0,3.210526315789474,0.43333333333333335,26,0.0,0.0,0.7911857720721776,60,19,60,60,2;3;4;5;6;7;8;9;10;11;12;13;14;15;16;17;18;19;20;21;22;23;24;25;26;27;28;29;30;31;32;33;34;35;36;37;38;39;40;41;42;43;44;45;46;47;48;49;50;51;52;53;54;55;56;57;58;59;60;61,2;3;4;5;6;7;8;9;10;11;12;13;14;15;16;17;18;19;20;21;22;23;24;25;26;27;28;29;30;31;32;33;34;35;36;37;38;39;40;41;42;43;44;45;46;47;48;49;50;51;52;53;54;55;56;57;58;59;60;61
True,244,76,0.7913401699876853,0.0,3.942018747087232,320.0,477.0,28.0,23.0,74.77491032386617,57,3,12,0,0.05,0.25,332.0,0.18382380138522275,0.22522563350562097,0.011873550443033832,0.12405113259224775,30,0,28,23,30,51,4,1,6,0.7659648859265082,0.2570239140832174,6,60,41,13,6,28,0.7659648859265082,nenhuma,74.77491032386617,0.0,80,0,terminal,0.5265616105395071,10,7,adaptativa,j6021_1.sm,2,GOV,0,3.210526315789474,0.5,30,0.0,0.0,0.7690175430681137,60,15,60,60,2;3;4;5;6;7;8;9;10;11;12;13;14;15;16;17;18;19;20;21;22;23;24;25;26;27;28;29;30;31;32;33;34;35;36;37;38;39;40;41;42;43;44;45;46;47;48;49;50;51;52;53;54;55;56;57;58;59;60;61,2;3;4;5;6;7;8;9;10;11;12;13;14;15;16;17;18;19;20;21;22;23;24;25;26;27;28;29;30;31;32;33;34;35;36;37;38;39;40;41;42;43;44;45;46;47;48;49;50;51;52;53;54;55;56;57;58;59;60;61
True,262,76,0.7202646453586372,0.0,10.987732579120827,291.0,484.0,67.0,46.0,74.97522899239989,54,6,12,0,0.1,0.3,332.0,0.1842255342616934,0.2258290029891563,0.033095580057592854,0.1115743940514329,32,0,67,46,28,113,0,0,16,0.794910294566222,0.24332019624229825,2,60,97,30,16,67,0.794910294566222,nenhuma,74.97522899239989,0.0,83,0,terminal,0.725,10,7,adaptativa,j6021_1.sm,3,GOV,0,3.4473684210526314,0.5333333333333333,32,0.0,0.0,0.7640103828930862,60,18,60,60,2;3;4;5;6;7;8;9;10;11;12;13;14;15;16;17;18;19;20;21;22;23;24;25;26;27;28;29;30;31;32;33;34;35;36;37;38;39;40;41;42;43;44;45;46;47;48;49;50;51;52;53;54;55;56;57;58;59;60;61,2;3;4;5;6;7;8;9;10;11;12;13;14;15;16;17;18;19;20;21;22;23;24;25;26;27;28;29;30;31;32;33;34;35;36;37;38;39;40;41;42;43;44;45;46;47;48;49;50;51;52;53;54;55;56;57;58;59;60;61
True,143,69,0.7481019759066048,4.440892098500626e-16,8.630250996659832,298.0,510.0,55.0,51.0,65.72524124394229,53,7,12,0,0.11666666666666667,0.31666666666666665,337.0,0.16320119653024337,0.19503038944789997,0.02560905340255143,0.09641016243437549,28,0,55,51,32,106,16,6,12,0.6268507180531939,0.4857196752206667,14,60,78,23,12,55,0.6268507180531939,nenhuma,65.7252412439423,0.0,73,0,terminal,0.7222723972181667,10,7,adaptativa,j6032_1.sm,0,GOV,0,2.072463768115942,0.4666666666666667,28,0.0,0.0,0.5510510540375496,60,19,60,60,2;3;4;5;6;7;8;9;10;11;12;13;14;15;16;17;18;19;20;21;22;23;24;25;26;27;28;29;30;31;32;33;34;35;36;37;38;39;40;41;42;43;44;45;46;47;48;49;50;51;52;53;54;55;56;57;58;59;60;61,2;3;4;5;6;7;8;9;10;11;12;13;14;15;16;17;18;19;20;21;22;23;24;25;26;27;28;29;30;31;32;33;34;35;36;37;38;39;40;41;42;43;44;45;46;47;48;49;50;51;52;53;54;55;56;57;58;59;60;61
True,136,69,0.7608867231673898,0.0,5.316104308298717,307.0,528.0,34.0,68.0,63.927208773024724,55,5,12,0,0.08333333333333333,0.2833333333333333,337.0,0.15944841700483234,0.18969498152232855,0.015774790232340408,0.09212379622072803,30,0,34,68,30,102,8,20,5,0.6586427040007742,0.39362113220747674,13,60,89,55,5,34,0.6586427040007742,nenhuma,63.927208773024724,0.0,70,0,terminal,0.5303115420285344,10,7,adaptativa,j6032_1.sm,1,GOV,0,1.9710144927536233,0.5,30,0.0,0.0,0.5145233964637153,60,17,60,60,2;3;4;5;6;7;8;9;10;11;12;13;14;15;16;17;18;19;20;21;22;23;24;25;26;27;28;29;30;31;32;33;34;35;36;37;38;39;40;41;42;43;44;45;46;47;48;49;50;51;52;53;54;55;56;57;58;59;60;61,2;3;4;5;6;7;8;9;10;11;12;13;14;15;16;17;18;19;20;21;22;23;24;25;26;27;28;29;30;31;32;33;34;35;36;37;38;39;40;41;42;43;44;45;46;47;48;49;50;51;52;53;54;55;56;57;58;59;60;61
True,160,69,0.7576497759809668,0.0,21.039353810405004,281.0,582.0,23.0,48.0,115.16494698550613,52,8,17,0,0.13333333333333333,0.4166666666666667,337.0,0.25469676000602864,0.3417357477314722,0.06243131694482197,0.14992215856431038,27,0,23,48,33,71,0,19,8,0.7659648859265082,0.2570239140832174,2,60,63,40,8,23,0.7659648859265082,nenhuma,115.16494698550613,0.0,124,0,terminal,0.43382522506765636,10,7,adaptativa,j6032_1.sm,2,GOV,0,2.318840579710145,0.45,27,0.0,0.0,0.49303237026669233,60,25,60,60,2;3;4;5;6;7;8;9;10;11;12;13;14;15;16;17;18;19;20;21;22;23;24;25;26;27;28;29;30;31;32;33;34;35;36;37;38;39;40;41;42;43;44;45;46;47;48;49;50;51;52;53;54;55;56;57;58;59;60;61,2;3;4;5;6;7;8;9;10;11;12;13;14;15;16;17;18;19;20;21;22;23;24;25;26;27;28;29;30;31;32;33;34;35;36;37;38;39;40;41;42;43;44;45;46;47;48;49;50;51;52;53;54;55;56;57;58;59;60;61
True,153,69,0.6649266881323882,0.0,6.400432080744505,316.0,496.0,112.0,80.0,57.946897383739,55,5,10,0,0.08333333333333333,0.25,337.0,0.14672073073012784,0.17194925039685163,0.018992380061556395,0.07768233581636476,34,0,112,80,26,192,0,11,21,0.794910294566222,0.24332019624229825,0,60,171,59,21,112,0.794910294566222,nenhuma,57.946897383739014,0.0,64,0,terminal,0.7062881618034936,10,7,adaptativa,j6032_1.sm,3,GOV,0,2.217391304347826,0.5666666666666667,34,0.0,0.0,0.5882083844882126,60,15,60,60,2;3;4;5;6;7;8;9;10;11;12;13;14;15;16;17;18;19;20;21;22;23;24;25;26;27;28;29;30;31;32;33;34;35;36;37;38;39;40;41;42;43;44;45;46;47;48;49;50;51;52;53;54;55;56;57;58;59;60;61,2;3;4;5;6;7;8;9;10;11;12;13;14;15;16;17;18;19;20;21;22;23;24;25;26;27;28;29;30;31;32;33;34;35;36;37;38;39;40;41;42;43;44;45;46;47;48;49;50;51;52;53;54;55;56;57;58;59;60;61
True,153,108,0.6065113044486335,0.0,4.0,322.0,402.0,151.0,75.0,34.80710194750553,58,2,7,0,0.03333333333333333,0.15,334.0,0.09437752625615063,0.10421288008235188,0.011976047904191617,0.052514678622532715,20,0,151,75,40,226,27,0,11,0.6268507180531939,0.4857196752206667,21,60,188,37,11,151,0.6268507180531939,nenhuma,34.80710194750553,0.0,36,0,terminal,0.87,10,7,adaptativa,j6043_1.sm,0,GOV,0,1.4166666666666667,0.3333333333333333,20,0.0,0.0,0.8704720171814893,60,9,60,60,2;3;4;5;6;7;8;9;10;11;12;13;14;15;16;17;18;19;20;21;22;23;24;25;26;27;28;29;30;31;32;33;34;35;36;37;38;39;40;41;42;43;44;45;46;47;48;49;50;51;52;53;54;55;56;57;58;59;60;61,2;3;4;5;6;7;8;9;10;11;12;13;14;15;16;17;18;19;20;21;22;23;24;25;26;27;28;29;30;31;32;33;34;35;36;37;38;39;40;41;42;43;44;45;46;47;48;49;50;51;52;53;54;55;56;57;58;59;60;61
True,175,108,0.6043542681871509,0.0,9.022076505183808,297.0,409.0,119.0,65.0,83.75537599305012,54,6,16,0,0.1,0.36666666666666664,334.0,0.2004890440822083,0.2507645987815872,0.02701220510534074,0.12376019306850727,27,0,119,65,33,184,17,4,5,0.6586427040007742,0.39362113220747674,20,60,162,43,5,119,0.6586427040007742,nenhuma,83.75537599305012,0.0,92,0,terminal,0.8583333333333333,10,7,adaptativa,j6043_1.sm,1,GOV,0,1.6203703703703705,0.45,27,0.0,0.0,0.740670312608804,60,22,60,60,2;3;4;5;6;7;8;9;10;11;12;13;14;15;16;17;18;19;20;21;22;23;24;25;26;27;28;29;30;31;32;33;34;35;36;37;38;39;40;41;42;43;44;45;46;47;48;49;50;51;52;53;54;55;56;57;58;59;60;61,2;3;4;5;6;7;8;9;10;11;12;13;14;15;16;17;18;19;20;21;22;23;24;25;26;27;28;29;30;31;32;33;34;35;36;37;38;39;40;41;42;43;44;45;46;47;48;49;50;51;52;53;54;55;56;57;58;59;60;61
True,204,108,0.660542293211632,0.0,15.125530001831518,309.0,465.0,83.0,63.0,92.9670355385071,56,4,18,0,0.06666666666666667,0.36666666666666664,334.0,0.21773820412447892,0.2783444177799614,0.04528601796955544,0.1320616319305221,25,0,83,63,35,146,1,5,11,0.7659648859265082,0.2570239140832174,6,60,134,51,11,83,0.7659648859265082,nenhuma,92.96703553850708,0.0,102,0,terminal,0.5882760487615716,10,7,adaptativa,j6043_1.sm,2,GOV,0,1.8888888888888888,0.4166666666666667,25,0.0,0.0,0.7419132650689613,60,22,60,60,2;3;4;5;6;7;8;9;10;11;12;13;14;15;16;17;18;19;20;21;22;23;24;25;26;27;28;29;30;31;32;33;34;35;36;37;38;39;40;41;42;43;44;45;46;47;48;49;50;51;52;53;54;55;56;57;58;59;60;61,2;3;4;5;6;7;8;9;10;11;12;13;14;15;16;17;18;19;20;21;22;23;24;25;26;27;28;29;30;31;32;33;34;35;36;37;38;39;40;41;42;43;44;45;46;47;48;49;50;51;52;53;54;55;56;57;58;59;60;61
True,181,108,0.5574169964408621,0.0,12.5,279.0,420.0,166.0,98.0,69.47541011795998,53,7,14,0,0.11666666666666667,0.35,334.0,0.17219242703699877,0.20801020993401192,0.0374251497005988,0.09220660579631032,28,0,166,98,32,264,2,2,31,0.794910294566222,0.24332019624229825,4,60,231,65,31,166,0.794910294566222,nenhuma,69.47541011795998,0.0,77,0,terminal,0.7083333333333334,10,7,adaptativa,j6043_1.sm,3,GOV,0,1.6759259259259258,0.4666666666666667,28,0.0,0.0,0.7729814373243142,60,21,60,60,2;3;4;5;6;7;8;9;10;11;12;13;14;15;16;17;18;19;20;21;22;23;24;25;26;27;28;29;30;31;32;33;34;35;36;37;38;39;40;41;42;43;44;45;46;47;48;49;50;51;52;53;54;55;56;57;58;59;60;61,2;3;4;5;6;7;8;9;10;11;12;13;14;15;16;17;18;19;20;21;22;23;24;25;26;27;28;29;30;31;32;33;34;35;36;37;38;39;40;41;42;43;44;45;46;47;48;49;50;51;52;53;54;55;56;57;58;59;60;61
True,145,85,0.6658248970714047,0.0,11.431165451895787,296.0,404.0,81.0,67.0,54.76613592698683,56,4,9,0,0.06666666666666667,0.21666666666666667,323.0,0.14497365094041095,0.16955460039314807,0.035390605114228445,0.09025905152619942,23,0,81,67,37,148,11,8,5,0.6268507180531939,0.4857196752206667,16,60,132,51,5,81,0.6268507180531939,nenhuma,54.76613592698682,0.0,60,0,terminal,0.8234516803937405,10,8,adaptativa,j6010_1.sm,0,GOV,0,1.7058823529411764,0.38333333333333336,23,0.0,0.0,0.728725822869662,60,13,60,60,2;3;4;5;6;7;8;9;10;11;12;13;14;15;16;17;18;19;20;21;22;23;24;25;26;27;28;29;30;31;32;33;34;35;36;37;38;39;40;41;42;43;44;45;46;47;48;49;50;51;52;53;54;55;56;57;58;59;60;61,2;3;4;5;6;7;8;9;10;11;12;13;14;15;16;17;18;19;20;21;22;23;24;25;26;27;28;29;30;31;32;33;34;35;36;37;38;39;40;41;42;43;44;45;46;47;48;49;50;51;52;53;54;55;56;57;58;59;60;61
True,137,85,0.7342613595566264,0.0,8.0,296.0,423.0,67.0,44.0,42.08914658865162,56,4,12,0,0.06666666666666667,0.26666666666666666,323.0,0.11528457359504513,0.13030695538282236,0.02476780185758514,0.07306012765191841,23,0,67,44,37,111,8,4,3,0.6586427040007742,0.39362113220747674,14,60,100,33,3,67,0.6586427040007742,nenhuma,42.08914658865162,0.0,47,0,terminal,0.6871929042812237,10,8,adaptativa,j6010_1.sm,1,GOV,0,1.611764705882353,0.38333333333333336,23,0.0,0.0,0.773603325312795,60,16,60,60,2;3;4;5;6;7;8;9;10;11;12;13;14;15;16;17;18;19;20;21;22;23;24;25;26;27;28;29;30;31;32;33;34;35;36;37;38;39;40;41;42;43;44;45;46;47;48;49;50;51;52;53;54;55;56;57;58;59;60;61,2;3;4;5;6;7;8;9;10;11;12;13;14;15;16;17;18;19;20;21;22;23;24;25;26;27;28;29;30;31;32;33;34;35;36;37;38;39;40;41;42;43;44;45;46;47;48;49;50;51;52;53;54;55;56;57;58;59;60;61
True,154,85,0.6870269820546471,0.0,7.223857875069684,298.0,439.0,60.0,62.0,77.98509296841753,56,4,16,0,0.06666666666666667,0.3333333333333333,323.0,0.1944837709330003,0.2414399163108902,0.022364885062135246,0.12204524616706827,33,0,60,62,27,122,8,15,6,0.7659648859265082,0.2570239140832174,4,60,108,48,6,60,0.7659648859265082,nenhuma,77.98509296841752,0.0,86,0,terminal,0.6844296485825644,10,8,adaptativa,j6010_1.sm,2,GOV,0,1.811764705882353,0.55,33,0.0,0.0,0.6411575800702429,60,20,60,60,2;3;4;5;6;7;8;9;10;11;12;13;14;15;16;17;18;19;20;21;22;23;24;25;26;27;28;29;30;31;32;33;34;35;36;37;38;39;40;41;42;43;44;45;46;47;48;49;50;51;52;53;54;55;56;57;58;59;60;61,2;3;4;5;6;7;8;9;10;11;12;13;14;15;16;17;18;19;20;21;22;23;24;25;26;27;28;29;30;31;32;33;34;35;36;37;38;39;40;41;42;43;44;45;46;47;48;49;50;51;52;53;54;55;56;57;58;59;60;61
True,158,85,0.6451880556590764,0.0,8.82396013015525,294.0,446.0,84.0,70.0,91.27132173021914,53,7,17,0,0.11666666666666667,0.4,323.0,0.22031774091680104,0.28257375148674657,0.02731876201286455,0.1320340058398074,25,0,84,70,35,154,3,6,9,0.794910294566222,0.24332019624229825,3,60,142,58,9,84,0.794910294566222,nenhuma,91.27132173021914,0.0,100,0,terminal,0.7033333333333333,10,8,adaptativa,j6010_1.sm,3,GOV,0,1.8588235294117648,0.4166666666666667,25,0.0,0.0,0.6591636856322729,60,24,60,60,2;3;4;5;6;7;8;9;10;11;12;13;14;15;16;17;18;19;20;21;22;23;24;25;26;27;28;29;30;31;32;33;34;35;36;37;38;39;40;41;42;43;44;45;46;47;48;49;50;51;52;53;54;55;56;57;58;59;60;61,2;3;4;5;6;7;8;9;10;11;12;13;14;15;16;17;18;19;20;21;22;23;24;25;26;27;28;29;30;31;32;33;34;35;36;37;38;39;40;41;42;43;44;45;46;47;48;49;50;51;52;53;54;55;56;57;58;59;60;61
True,208,76,0.766152879587873,0.0,11.285413478534231,312.0,484.0,43.0,34.0,70.72770460688221,57,3,13,0,0.05,0.26666666666666666,332.0,0.1756216515472215,0.21303525484000665,0.03399220927269347,0.11195916229587453,33,0,43,34,27,77,8,1,8,0.6268507180531939,0.4857196752206667,18,60,61,18,8,43,0.6268507180531939,nenhuma,70.72770460688221,0.0,78,0,terminal,0.6584188149317657,10,8,adaptativa,j6021_1.sm,0,GOV,0,2.736842105263158,0.55,33,0.0,0.0,0.688881237595803,60,16,60,60,2;3;4;5;6;7;8;9;10;11;12;13;14;15;16;17;18;19;20;21;22;23;24;25;26;27;28;29;30;31;32;33;34;35;36;37;38;39;40;41;42;43;44;45;46;47;48;49;50;51;52;53;54;55;56;57;58;59;60;61,2;3;4;5;6;7;8;9;10;11;12;13;14;15;16;17;18;19;20;21;22;23;24;25;26;27;28;29;30;31;32;33;34;35;36;37;38;39;40;41;42;43;44;45;46;47;48;49;50;51;52;53;54;55;56;57;58;59;60;61
True,266,76,0.7679706895115349,0.0,7.970001877993033,303.0,508.0,31.0,31.0,91.48357865469009,55,5,14,0,0.08333333333333333,0.31666666666666665,332.0,0.2160262717749585,0.27555294775509065,0.024006029752991064,0.13830060428823837,31,0,31,31,29,62,3,3,8,0.6586427040007742,0.39362113220747674,17,60,51,20,8,31,0.6586427040007742,nenhuma,91.48357865469009,0.0,99,0,terminal,0.5707654961831878,10,8,adaptativa,j6021_1.sm,1,GOV,0,3.5,0.5166666666666667,31,0.0,0.0,0.7541013733477313,60,19,60,60,2;3;4;5;6;7;8;9;10;11;12;13;14;15;16;17;18;19;20;21;22;23;24;25;26;27;28;29;30;31;32;33;34;35;36;37;38;39;40;41;42;43;44;45;46;47;48;49;50;51;52;53;54;55;56;57;58;59;60;61,2;3;4;5;6;7;8;9;10;11;12;13;14;15;16;17;18;19;20;21;22;23;24;25;26;27;28;29;30;31;32;33;34;35;36;37;38;39;40;41;42;43;44;45;46;47;48;49;50;51;52;53;54;55;56;57;58;59;60;61
True,269,76,0.7899942355105564,0.0,9.099017363211818,307.0,492.0,28.0,18.0,84.78935450969588,55,5,15,0,0.08333333333333333,0.3333333333333333,332.0,0.20343454935273161,0.25538962201715626,0.027406678804854874,0.13614451482788767,31,0,28,18,29,46,4,0,6,0.7659648859265082,0.2570239140832174,6,60,36,8,6,28,0.7659648859265082,nenhuma,84.78935450969587,0.0,94,0,terminal,0.5489652036969064,10,8,adaptativa,j6021_1.sm,2,GOV,0,3.539473684210526,0.5166666666666667,31,0.0,0.0,0.7601700986492173,60,20,60,60,2;3;4;5;6;7;8;9;10;11;12;13;14;15;16;17;18;19;20;21;22;23;24;25;26;27;28;29;30;31;32;33;34;35;36;37;38;39;40;41;42;43;44;45;46;47;48;49;50;51;52;53;54;55;56;57;58;59;60;61,2;3;4;5;6;7;8;9;10;11;12;13;14;15;16;17;18;19;20;21;22;23;24;25;26;27;28;29;30;31;32;33;34;35;36;37;38;39;40;41;42;43;44;45;46;47;48;49;50;51;52;53;54;55;56;57;58;59;60;61
True,218,76,0.7546924427914158,0.0,10.987732579120827,314.0,485.0,63.0,44.0,50.645894539645894,58,2,9,0,0.03333333333333333,0.18333333333333332,332.0,0.13235708330433552,0.15254787511941534,0.033095580057592854,0.07880839972676658,32,0,63,44,28,107,0,0,17,0.794910294566222,0.24332019624229825,2,60,90,27,17,63,0.794910294566222,nenhuma,50.645894539645894,0.0,54,0,terminal,0.7200000000000001,10,8,adaptativa,j6021_1.sm,3,GOV,0,2.8684210526315788,0.5333333333333333,32,0.0,0.0,0.7222723542114852,60,11,60,60,2;3;4;5;6;7;8;9;10;11;12;13;14;15;16;17;18;19;20;21;22;23;24;25;26;27;28;29;30;31;32;33;34;35;36;37;38;39;40;41;42;43;44;45;46;47;48;49;50;51;52;53;54;55;56;57;58;59;60;61,2;3;4;5;6;7;8;9;10;11;12;13;14;15;16;17;18;19;20;21;22;23;24;25;26;27;28;29;30;31;32;33;34;35;36;37;38;39;40;41;42;43;44;45;46;47;48;49;50;51;52;53;54;55;56;57;58;59;60;61
True,140,69,0.7085208724747931,0.0,4.5,316.0,483.0,94.0,61.0,43.701864777714924,56,4,8,0,0.06666666666666667,0.2,337.0,0.11479288341083295,0.12967912396948048,0.013353115727002967,0.06410700488836854,30,0,94,61,30,155,16,5,12,0.6268507180531939,0.4857196752206667,14,60,127,33,12,94,0.6268507180531939,nenhuma,43.70186477771493,0.0,50,0,terminal,0.8881830722011531,10,8,adaptativa,j6032_1.sm,0,GOV,0,2.028985507246377,0.5,30,0.0,0.0,0.6083864607198807,60,12,60,60,2;3;4;5;6;7;8;9;10;11;12;13;14;15;16;17;18;19;20;21;22;23;24;25;26;27;28;29;30;31;32;33;34;35;36;37;38;39;40;41;42;43;44;45;46;47;48;49;50;51;52;53;54;55;56;57;58;59;60;61,2;3;4;5;6;7;8;9;10;11;12;13;14;15;16;17;18;19;20;21;22;23;24;25;26;27;28;29;30;31;32;33;34;35;36;37;38;39;40;41;42;43;44;45;46;47;48;49;50;51;52;53;54;55;56;57;58;59;60;61
True,133,69,0.7634229757157387,0.0,5.316104308298717,302.0,525.0,34.0,68.0,60.692166335172395,54,6,11,0,0.1,0.2833333333333333,337.0,0.1526109173697463,0.18009544906579344,0.015774790232340408,0.0882548461452036,30,0,34,68,30,102,8,20,5,0.6586427040007742,0.39362113220747674,13,60,89,55,5,34,0.6586427040007742,nenhuma,60.692166335172395,0.0,66,0,terminal,0.5303115420285344,10,8,adaptativa,j6032_1.sm,1,GOV,0,1.9275362318840579,0.5,30,0.0,0.0,0.510114149767408,60,17,60,60,2;3;4;5;6;7;8;9;10;11;12;13;14;15;16;17;18;19;20;21;22;23;24;25;26;27;28;29;30;31;32;33;34;35;36;37;38;39;40;41;42;43;44;45;46;47;48;49;50;51;52;53;54;55;56;57;58;59;60;61,2;3;4;5;6;7;8;9;10;11;12;13;14;15;16;17;18;19;20;21;22;23;24;25;26;27;28;29;30;31;32;33;34;35;36;37;38;39;40;41;42;43;44;45;46;47;48;49;50;51;52;53;54;55;56;57;58;59;60;61
True,160,69,0.7389562481304603,0.0,8.0,308.0,586.0,30.0,53.0,124.01041365109833,56,4,25,0,0.06666666666666667,0.48333333333333334,337.0,0.26899699004402927,0.3679834232970277,0.02373887240356083,0.1563793003425291,29,0,30,53,31,83,0,16,13,0.7659648859265082,0.2570239140832174,2,60,70,40,13,30,0.7659648859265082,nenhuma,124.01041365109833,0.0,136,0,terminal,0.45185478351447594,10,8,adaptativa,j6032_1.sm,2,GOV,0,2.318840579710145,0.48333333333333334,29,0.0,0.0,0.4733632898756085,60,29,60,60,2;3;4;5;6;7;8;9;10;11;12;13;14;15;16;17;18;19;20;21;22;23;24;25;26;27;28;29;30;31;32;33;34;35;36;37;38;39;40;41;42;43;44;45;46;47;48;49;50;51;52;53;54;55;56;57;58;59;60;61,2;3;4;5;6;7;8;9;10;11;12;13;14;15;16;17;18;19;20;21;22;23;24;25;26;27;28;29;30;31;32;33;34;35;36;37;38;39;40;41;42;43;44;45;46;47;48;49;50;51;52;53;54;55;56;57;58;59;60;61
True,147,69,0.6645813458690387,0.0,7.28334834865727,311.0,495.0,111.0,80.0,58.82981365165176,54,6,10,0,0.1,0.26666666666666666,337.0,0.14862400865899575,0.17456917997522778,0.021612309639932555,0.07898423582593833,35,0,111,80,25,191,0,11,21,0.794910294566222,0.24332019624229825,0,60,170,59,21,111,0.794910294566222,nenhuma,58.829813651651776,0.0,66,0,terminal,0.7062881618034936,10,8,adaptativa,j6032_1.sm,3,GOV,0,2.130434782608696,0.5833333333333334,35,0.0,0.0,0.5649223655596037,60,16,60,60,2;3;4;5;6;7;8;9;10;11;12;13;14;15;16;17;18;19;20;21;22;23;24;25;26;27;28;29;30;31;32;33;34;35;36;37;38;39;40;41;42;43;44;45;46;47;48;49;50;51;52;53;54;55;56;57;58;59;60;61,2;3;4;5;6;7;8;9;10;11;12;13;14;15;16;17;18;19;20;21;22;23;24;25;26;27;28;29;30;31;32;33;34;35;36;37;38;39;40;41;42;43;44;45;46;47;48;49;50;51;52;53;54;55;56;57;58;59;60;61
True,153,108,0.6065113044486335,0.0,4.0,322.0,402.0,151.0,75.0,34.80710194750553,58,2,7,0,0.03333333333333333,0.15,334.0,0.09437752625615063,0.10421288008235188,0.011976047904191617,0.052514678622532715,20,0,151,75,40,226,27,0,11,0.6268507180531939,0.4857196752206667,21,60,188,37,11,151,0.6268507180531939,nenhuma,34.80710194750553,0.0,36,0,terminal,0.87,10,8,adaptativa,j6043_1.sm,0,GOV,0,1.4166666666666667,0.3333333333333333,20,0.0,0.0,0.8704720171814893,60,9,60,60,2;3;4;5;6;7;8;9;10;11;12;13;14;15;16;17;18;19;20;21;22;23;24;25;26;27;28;29;30;31;32;33;34;35;36;37;38;39;40;41;42;43;44;45;46;47;48;49;50;51;52;53;54;55;56;57;58;59;60;61,2;3;4;5;6;7;8;9;10;11;12;13;14;15;16;17;18;19;20;21;22;23;24;25;26;27;28;29;30;31;32;33;34;35;36;37;38;39;40;41;42;43;44;45;46;47;48;49;50;51;52;53;54;55;56;57;58;59;60;61
True,162,108,0.6005673894936808,0.0,4.5,306.0,401.0,123.0,66.0,77.70192157464666,55,5,19,0,0.08333333333333333,0.4,334.0,0.18873344403508774,0.23264048375642712,0.01347305389221557,0.11637217007164156,27,0,123,66,33,189,19,4,5,0.6586427040007742,0.39362113220747674,20,60,165,42,5,123,0.6586427040007742,nenhuma,77.70192157464666,0.0,84,0,terminal,0.8716666666666667,10,8,adaptativa,j6043_1.sm,1,GOV,0,1.5,0.45,27,0.0,0.0,0.7444893899826873,60,24,60,60,2;3;4;5;6;7;8;9;10;11;12;13;14;15;16;17;18;19;20;21;22;23;24;25;26;27;28;29;30;31;32;33;34;35;36;37;38;39;40;41;42;43;44;45;46;47;48;49;50;51;52;53;54;55;56;57;58;59;60;61,2;3;4;5;6;7;8;9;10;11;12;13;14;15;16;17;18;19;20;21;22;23;24;25;26;27;28;29;30;31;32;33;34;35;36;37;38;39;40;41;42;43;44;45;46;47;48;49;50;51;52;53;54;55;56;57;58;59;60;61
True,193,108,0.6473110302880443,0.0,8.911937754524331,307.0,469.0,90.0,65.0,100.53577655134598,55,5,19,0,0.08333333333333333,0.4,334.0,0.23136363442669577,0.3010053190160059,0.026682448366839313,0.13875888507518203,24,0,90,65,36,155,1,5,11,0.7659648859265082,0.2570239140832174,6,60,143,53,11,90,0.7659648859265082,nenhuma,100.53577655134596,0.0,110,0,terminal,0.5792212031771274,10,8,adaptativa,j6043_1.sm,2,GOV,0,1.787037037037037,0.4,24,0.0,0.0,0.7011212679590718,60,24,60,60,2;3;4;5;6;7;8;9;10;11;12;13;14;15;16;17;18;19;20;21;22;23;24;25;26;27;28;29;30;31;32;33;34;35;36;37;38;39;40;41;42;43;44;45;46;47;48;49;50;51;52;53;54;55;56;57;58;59;60;61,2;3;4;5;6;7;8;9;10;11;12;13;14;15;16;17;18;19;20;21;22;23;24;25;26;27;28;29;30;31;32;33;34;35;36;37;38;39;40;41;42;43;44;45;46;47;48;49;50;51;52;53;54;55;56;57;58;59;60;61
True,177,108,0.5480818306870101,0.0,8.0,282.0,415.0,164.0,103.0,75.18620243222702,54,6,16,0,0.1,0.36666666666666664,334.0,0.1837456932450698,0.22510839051564976,0.023952095808383235,0.0992968469191786,29,0,164,103,31,267,3,5,32,0.794910294566222,0.24332019624229825,4,60,232,68,32,164,0.794910294566222,nenhuma,75.18620243222703,0.0,83,0,terminal,0.7083333333333334,10,8,adaptativa,j6043_1.sm,3,GOV,0,1.6388888888888888,0.48333333333333334,29,0.0,0.0,0.7752779189812944,60,22,60,60,2;3;4;5;6;7;8;9;10;11;12;13;14;15;16;17;18;19;20;21;22;23;24;25;26;27;28;29;30;31;32;33;34;35;36;37;38;39;40;41;42;43;44;45;46;47;48;49;50;51;52;53;54;55;56;57;58;59;60;61,2;3;4;5;6;7;8;9;10;11;12;13;14;15;16;17;18;19;20;21;22;23;24;25;26;27;28;29;30;31;32;33;34;35;36;37;38;39;40;41;42;43;44;45;46;47;48;49;50;51;52;53;54;55;56;57;58;59;60;61
True,175,85,0.6973846398898336,3.552713678800501e-15,28.298629968737245,234.0,428.0,61.0,54.0,70.72157561085871,46,14,2,0,0.23333333333333334,0.26666666666666666,323.0,0.1796233175719015,0.21895224647324676,0.0876118574883506,0.1152339732238793,17,0,61,54,43,115,14,2,9,0.6268507180531939,0.4857196752206667,16,60,92,31,9,61,0.6268507180531939,nenhuma,70.72157561085871,0.0,79,0,terminal,0.7265351155788954,10,9,centralizada,j6010_1.sm,0,GOV,0,2.0588235294117645,0.2833333333333333,17,0.0,0.0,0.7601663789762864,60,16,60,60,2;3;4;5;6;7;8;9;10;11;12;13;14;15;16;17;18;19;20;21;22;23;24;25;26;27;28;29;30;31;32;33;34;35;36;37;38;39;40;41;42;43;44;45;46;47;48;49;50;51;52;53;54;55;56;57;58;59;60;61,2;3;4;5;6;7;8;9;10;11;12;13;14;15;16;17;18;19;20;21;22;23;24;25;26;27;28;29;30;31;32;33;34;35;36;37;38;39;40;41;42;43;44;45;46;47;48;49;50;51;52;53;54;55;56;57;58;59;60;61
True,290,85,0.7615191440116172,3.552713678800501e-15,35.13638749764415,204.0,486.0,19.0,54.0,79.19800699926448,39,21,2,0,0.35,0.38333333333333336,323.0,0.1969129772425981,0.24519506810917796,0.10878138544162276,0.12409629320474476,32,0,19,54,28,73,15,14,12,0.6586427040007742,0.39362113220747674,14,60,46,27,12,19,0.6586427040007742,nenhuma,79.19800699926448,0.0,88,0,terminal,0.4064322475954831,10,9,centralizada,j6010_1.sm,1,GOV,0,3.411764705882353,0.5333333333333333,32,0.0,0.0,0.7586758842426894,60,23,60,60,2;3;4;5;6;7;8;9;10;11;12;13;14;15;16;17;18;19;20;21;22;23;24;25;26;27;28;29;30;31;32;33;34;35;36;37;38;39;40;41;42;43;44;45;46;47;48;49;50;51;52;53;54;55;56;57;58;59;60;61,2;3;4;5;6;7;8;9;10;11;12;13;14;15;16;17;18;19;20;21;22;23;24;25;26;27;28;29;30;31;32;33;34;35;36;37;38;39;40;41;42;43;44;45;46;47;48;49;50;51;52;53;54;55;56;57;58;59;60;61
True,232,85,0.7717595295464155,0.0,46.84476045224924,216.0,480.0,33.0,35.0,73.95539105569488,42,18,1,0,0.3,0.31666666666666665,323.0,0.18630655414204605,0.22896405899595937,0.1450302181184187,0.11890787043450889,31,0,33,35,29,68,8,5,10,0.7659648859265082,0.2570239140832174,4,60,50,17,10,33,0.7659648859265082,nenhuma,73.95539105569488,0.0,82,0,terminal,0.5887551285459547,10,9,centralizada,j6010_1.sm,2,GOV,0,2.7294117647058824,0.5166666666666667,31,0.0,0.0,0.7457720781436368,60,19,60,60,2;3;4;5;6;7;8;9;10;11;12;13;14;15;16;17;18;19;20;21;22;23;24;25;26;27;28;29;30;31;32;33;34;35;36;37;38;39;40;41;42;43;44;45;46;47;48;49;50;51;52;53;54;55;56;57;58;59;60;61,2;3;4;5;6;7;8;9;10;11;12;13;14;15;16;17;18;19;20;21;22;23;24;25;26;27;28;29;30;31;32;33;34;35;36;37;38;39;40;41;42;43;44;45;46;47;48;49;50;51;52;53;54;55;56;57;58;59;60;61
True,218,85,0.6596332982435501,5.10702591327572e-15,26.124585278987322,230.0,414.0,89.0,66.0,58.62143921840457,42,18,0,0,0.3,0.3,323.0,0.15361149346972383,0.18149052389598938,0.08088106897519294,0.09340254420149759,25,0,89,66,35,155,11,10,11,0.794910294566222,0.24332019624229825,3,60,133,44,11,89,0.794910294566222,nenhuma,58.62143921840456,0.0,64,0,terminal,0.8056902899606876,10,9,centralizada,j6010_1.sm,3,GOV,0,2.5647058823529414,0.4166666666666667,25,0.0,0.0,0.8162232668479948,60,18,60,60,2;3;4;5;6;7;8;9;10;11;12;13;14;15;16;17;18;19;20;21;22;23;24;25;26;27;28;29;30;31;32;33;34;35;36;37;38;39;40;41;42;43;44;45;46;47;48;49;50;51;52;53;54;55;56;57;58;59;60;61,2;3;4;5;6;7;8;9;10;11;12;13;14;15;16;17;18;19;20;21;22;23;24;25;26;27;28;29;30;31;32;33;34;35;36;37;38;39;40;41;42;43;44;45;46;47;48;49;50;51;52;53;54;55;56;57;58;59;60;61
True,241,76,0.7309396222272301,0.0,22.38324940628122,259.0,487.0,52.0,49.0,78.26570128470122,45,15,2,0,0.25,0.2833333333333333,332.0,0.19076832657378115,0.23574006411054585,0.06741942592253379,0.11746920355315964,32,0,52,49,28,101,6,0,17,0.6268507180531939,0.4857196752206667,18,60,78,26,17,52,0.6268507180531939,nenhuma,78.2657012847012,0.0,86,0,terminal,0.6911801273052705,10,9,centralizada,j6021_1.sm,0,GOV,0,3.1710526315789473,0.5333333333333333,32,0.0,0.0,0.7196536273507277,60,17,60,60,2;3;4;5;6;7;8;9;10;11;12;13;14;15;16;17;18;19;20;21;22;23;24;25;26;27;28;29;30;31;32;33;34;35;36;37;38;39;40;41;42;43;44;45;46;47;48;49;50;51;52;53;54;55;56;57;58;59;60;61,2;3;4;5;6;7;8;9;10;11;12;13;14;15;16;17;18;19;20;21;22;23;24;25;26;27;28;29;30;31;32;33;34;35;36;37;38;39;40;41;42;43;44;45;46;47;48;49;50;51;52;53;54;55;56;57;58;59;60;61
True,311,76,0.764305165793071,0.0,15.687617969369569,227.0,506.0,25.0,26.0,105.03922549045691,43,17,5,0,0.2833333333333333,0.36666666666666664,332.0,0.24034278701775366,0.31638320930860514,0.0472518613535228,0.15866012382067082,32,0,25,26,28,51,2,0,13,0.6586427040007742,0.39362113220747674,17,60,36,11,13,25,0.6586427040007742,nenhuma,105.03922549045691,0.0,114,0,terminal,0.5114433017616775,10,9,centralizada,j6021_1.sm,1,GOV,0,4.092105263157895,0.5333333333333333,32,0.0,0.0,0.7653768851290628,60,22,60,60,2;3;4;5;6;7;8;9;10;11;12;13;14;15;16;17;18;19;20;21;22;23;24;25;26;27;28;29;30;31;32;33;34;35;36;37;38;39;40;41;42;43;44;45;46;47;48;49;50;51;52;53;54;55;56;57;58;59;60;61,2;3;4;5;6;7;8;9;10;11;12;13;14;15;16;17;18;19;20;21;22;23;24;25;26;27;28;29;30;31;32;33;34;35;36;37;38;39;40;41;42;43;44;45;46;47;48;49;50;51;52;53;54;55;56;57;58;59;60;61
True,306,76,0.8483048364766378,3.552713678800501e-15,29.467490816423695,264.0,527.0,11.0,19.0,64.23894305359585,48,12,3,0,0.2,0.25,332.0,0.16212173028360516,0.19349079233010796,0.08875750245910752,0.10340456562146617,36,0,11,19,24,30,3,0,3,0.7659648859265082,0.2570239140832174,6,60,24,13,3,11,0.7659648859265082,nenhuma,64.23894305359585,0.0,71,0,terminal,0.31309839824461433,10,9,centralizada,j6021_1.sm,2,GOV,0,4.026315789473684,0.6,36,0.0,0.0,0.7707636345881628,60,15,60,60,2;3;4;5;6;7;8;9;10;11;12;13;14;15;16;17;18;19;20;21;22;23;24;25;26;27;28;29;30;31;32;33;34;35;36;37;38;39;40;41;42;43;44;45;46;47;48;49;50;51;52;53;54;55;56;57;58;59;60;61,2;3;4;5;6;7;8;9;10;11;12;13;14;15;16;17;18;19;20;21;22;23;24;25;26;27;28;29;30;31;32;33;34;35;36;37;38;39;40;41;42;43;44;45;46;47;48;49;50;51;52;53;54;55;56;57;58;59;60;61
True,257,76,0.7290426716985396,0.0,31.52926093094241,237.0,532.0,41.0,52.0,104.72408975805867,45,15,3,0,0.25,0.3,332.0,0.23979462597557855,0.3154340052953574,0.09496765340645304,0.14351189885039992,37,0,41,52,23,93,0,0,21,0.794910294566222,0.24332019624229825,2,60,72,31,21,41,0.794910294566222,nenhuma,104.72408975805864,0.0,112,0,terminal,0.5473724685899838,10,9,centralizada,j6021_1.sm,3,GOV,0,3.3815789473684212,0.6166666666666667,37,0.0,0.0,0.6730070288877634,60,18,60,60,2;3;4;5;6;7;8;9;10;11;12;13;14;15;16;17;18;19;20;21;22;23;24;25;26;27;28;29;30;31;32;33;34;35;36;37;38;39;40;41;42;43;44;45;46;47;48;49;50;51;52;53;54;55;56;57;58;59;60;61,2;3;4;5;6;7;8;9;10;11;12;13;14;15;16;17;18;19;20;21;22;23;24;25;26;27;28;29;30;31;32;33;34;35;36;37;38;39;40;41;42;43;44;45;46;47;48;49;50;51;52;53;54;55;56;57;58;59;60;61
True,180,69,0.7358954478485454,0.0,10.383240152480987,301.0,465.0,77.0,69.0,20.883240152480987,52,8,0,0,0.13333333333333333,0.13333333333333333,337.0,0.05835210428849197,0.061968071669083045,0.030810801639409455,0.033049207235567146,22,0,77,69,38,146,17,5,22,0.6268507180531939,0.4857196752206667,14,60,107,30,22,77,0.6268507180531939,nenhuma,20.883240152480987,0.0,24,0,terminal,0.9208595215006022,10,9,centralizada,j6032_1.sm,0,GOV,0,2.608695652173913,0.36666666666666664,22,0.0,0.0,0.7611770845044137,60,8,60,60,2;3;4;5;6;7;8;9;10;11;12;13;14;15;16;17;18;19;20;21;22;23;24;25;26;27;28;29;30;31;32;33;34;35;36;37;38;39;40;41;42;43;44;45;46;47;48;49;50;51;52;53;54;55;56;57;58;59;60;61,2;3;4;5;6;7;8;9;10;11;12;13;14;15;16;17;18;19;20;21;22;23;24;25;26;27;28;29;30;31;32;33;34;35;36;37;38;39;40;41;42;43;44;45;46;47;48;49;50;51;52;53;54;55;56;57;58;59;60;61
True,189,69,0.7310775827838047,6.217248937900877e-15,38.41947667187035,223.0,525.0,33.0,79.0,81.11803885560222,43,17,2,0,0.2833333333333333,0.31666666666666665,337.0,0.19400750820898324,0.24070634675252886,0.11400438181563902,0.11295919955565033,30,0,33,79,30,112,14,21,17,0.6586427040007742,0.39362113220747674,13,60,81,48,17,33,0.6586427040007742,nenhuma,81.11803885560222,0.0,88,0,terminal,0.5259840918788568,10,9,centralizada,j6032_1.sm,1,GOV,0,2.739130434782609,0.5,30,0.0,0.0,0.6236851485854759,60,19,60,60,2;3;4;5;6;7;8;9;10;11;12;13;14;15;16;17;18;19;20;21;22;23;24;25;26;27;28;29;30;31;32;33;34;35;36;37;38;39;40;41;42;43;44;45;46;47;48;49;50;51;52;53;54;55;56;57;58;59;60;61,2;3;4;5;6;7;8;9;10;11;12;13;14;15;16;17;18;19;20;21;22;23;24;25;26;27;28;29;30;31;32;33;34;35;36;37;38;39;40;41;42;43;44;45;46;47;48;49;50;51;52;53;54;55;56;57;58;59;60;61
True,207,69,0.7749031679538314,0.0,38.486664651839966,203.0,584.0,11.0,63.0,95.64255064549512,40,20,3,0,0.3333333333333333,0.38333333333333336,337.0,0.22106598276752507,0.28380578826556413,0.11420375267608299,0.12690704706571734,32,0,11,63,28,74,0,23,16,0.7659648859265082,0.2570239140832174,2,60,58,47,16,11,0.7659648859265082,nenhuma,95.6425506454951,0.0,105,0,terminal,0.26770605922974533,10,9,centralizada,j6032_1.sm,2,GOV,0,3.0,0.5333333333333333,32,0.0,0.0,0.6153348085990331,60,23,60,60,2;3;4;5;6;7;8;9;10;11;12;13;14;15;16;17;18;19;20;21;22;23;24;25;26;27;28;29;30;31;32;33;34;35;36;37;38;39;40;41;42;43;44;45;46;47;48;49;50;51;52;53;54;55;56;57;58;59;60;61,2;3;4;5;6;7;8;9;10;11;12;13;14;15;16;17;18;19;20;21;22;23;24;25;26;27;28;29;30;31;32;33;34;35;36;37;38;39;40;41;42;43;44;45;46;47;48;49;50;51;52;53;54;55;56;57;58;59;60;61
True,172,69,0.6794979265391969,8.881784197001252e-16,19.953088359669458,264.0,495.0,79.0,99.0,55.479044109998284,49,11,2,0,0.18333333333333332,0.21666666666666667,337.0,0.14135543016265967,0.16462624364984654,0.05920797732839602,0.07615736452347571,30,0,79,99,30,178,0,35,21,0.794910294566222,0.24332019624229825,0,60,157,78,21,79,0.794910294566222,nenhuma,55.479044109998284,0.0,61,0,terminal,0.6566666666666666,10,9,centralizada,j6032_1.sm,3,GOV,0,2.4927536231884058,0.5,30,0.0,0.0,0.6350489760550689,60,13,60,60,2;3;4;5;6;7;8;9;10;11;12;13;14;15;16;17;18;19;20;21;22;23;24;25;26;27;28;29;30;31;32;33;34;35;36;37;38;39;40;41;42;43;44;45;46;47;48;49;50;51;52;53;54;55;56;57;58;59;60;61,2;3;4;5;6;7;8;9;10;11;12;13;14;15;16;17;18;19;20;21;22;23;24;25;26;27;28;29;30;31;32;33;34;35;36;37;38;39;40;41;42;43;44;45;46;47;48;49;50;51;52;53;54;55;56;57;58;59;60;61
True,184,108,0.5305858822772321,0.0,26.460064230679603,253.0,395.0,190.0,115.0,44.4600642306796,49,11,1,0,0.18333333333333332,0.2,334.0,0.11747623707948278,0.13311396476251378,0.0792217491936515,0.05972122128085454,26,0,190,115,34,305,35,0,17,0.6268507180531939,0.4857196752206667,21,60,253,63,17,190,0.6268507180531939,nenhuma,44.4600642306796,0.0,49,0,terminal,0.8813714351726163,10,9,centralizada,j6043_1.sm,0,GOV,0,1.7037037037037037,0.43333333333333335,26,0.0,0.0,0.8786232396765705,60,12,60,60,2;3;4;5;6;7;8;9;10;11;12;13;14;15;16;17;18;19;20;21;22;23;24;25;26;27;28;29;30;31;32;33;34;35;36;37;38;39;40;41;42;43;44;45;46;47;48;49;50;51;52;53;54;55;56;57;58;59;60;61,2;3;4;5;6;7;8;9;10;11;12;13;14;15;16;17;18;19;20;21;22;23;24;25;26;27;28;29;30;31;32;33;34;35;36;37;38;39;40;41;42;43;44;45;46;47;48;49;50;51;52;53;54;55;56;57;58;59;60;61
True,190,108,0.6269273226986265,8.881784197001252e-16,24.539008945997942,241.0,418.0,93.0,80.0,75.74395079912472,45,15,4,0,0.25,0.31666666666666665,334.0,0.18485678837088648,0.22677829580576264,0.0734700866646645,0.11360275666294677,20,0,93,80,40,173,19,3,16,0.6586427040007742,0.39362113220747674,20,60,138,45,16,93,0.6586427040007742,nenhuma,75.7439507991247,0.0,81,0,terminal,0.7601641184848891,10,9,centralizada,j6043_1.sm,1,GOV,0,1.7592592592592593,0.3333333333333333,20,0.0,0.0,0.8543006419962661,60,19,60,60,2;3;4;5;6;7;8;9;10;11;12;13;14;15;16;17;18;19;20;21;22;23;24;25;26;27;28;29;30;31;32;33;34;35;36;37;38;39;40;41;42;43;44;45;46;47;48;49;50;51;52;53;54;55;56;57;58;59;60;61,2;3;4;5;6;7;8;9;10;11;12;13;14;15;16;17;18;19;20;21;22;23;24;25;26;27;28;29;30;31;32;33;34;35;36;37;38;39;40;41;42;43;44;45;46;47;48;49;50;51;52;53;54;55;56;57;58;59;60;61
True,306,108,0.7449693042451171,1.7763568394002505e-15,24.605828294701244,230.0,501.0,49.0,51.0,71.51093051097861,45,15,4,0,0.25,0.31666666666666665,334.0,0.17634772611645436,0.21410458236819943,0.0736701445949139,0.10633422784168593,20,0,49,51,40,100,0,0,19,0.7659648859265082,0.2570239140832174,6,60,81,32,19,49,0.7659648859265082,nenhuma,71.51093051097861,0.0,77,0,terminal,0.6392362598552676,10,9,centralizada,j6043_1.sm,2,GOV,0,2.8333333333333335,0.3333333333333333,20,0.0,0.0,0.8093347202169069,60,19,60,60,2;3;4;5;6;7;8;9;10;11;12;13;14;15;16;17;18;19;20;21;22;23;24;25;26;27;28;29;30;31;32;33;34;35;36;37;38;39;40;41;42;43;44;45;46;47;48;49;50;51;52;53;54;55;56;57;58;59;60;61,2;3;4;5;6;7;8;9;10;11;12;13;14;15;16;17;18;19;20;21;22;23;24;25;26;27;28;29;30;31;32;33;34;35;36;37;38;39;40;41;42;43;44;45;46;47;48;49;50;51;52;53;54;55;56;57;58;59;60;61
True,262,108,0.5982918618046832,8.881784197001252e-16,20.18063961035381,249.0,424.0,131.0,92.0,61.684217634265565,48,12,3,0,0.2,0.25,334.0,0.15589253977089587,0.18468328633013642,0.06042107667770602,0.08704048446313682,21,0,131,92,39,223,1,3,44,0.794910294566222,0.24332019624229825,4,60,178,47,44,131,0.794910294566222,nenhuma,61.684217634265565,0.0,67,0,terminal,0.7200000000000001,10,9,centralizada,j6043_1.sm,3,GOV,0,2.425925925925926,0.35,21,0.0,0.0,0.8576030572049547,60,15,60,60,2;3;4;5;6;7;8;9;10;11;12;13;14;15;16;17;18;19;20;21;22;23;24;25;26;27;28;29;30;31;32;33;34;35;36;37;38;39;40;41;42;43;44;45;46;47;48;49;50;51;52;53;54;55;56;57;58;59;60;61,2;3;4;5;6;7;8;9;10;11;12;13;14;15;16;17;18;19;20;21;22;23;24;25;26;27;28;29;30;31;32;33;34;35;36;37;38;39;40;41;42;43;44;45;46;47;48;49;50;51;52;53;54;55;56;57;58;59;60;61
True,163,85,0.7300803840632343,8.881784197001252e-16,19.95976023504216,244.0,437.0,50.0,54.0,57.564225993709506,48,12,1,0,0.2,0.21666666666666667,323.0,0.15126021328831105,0.17821741793718113,0.061794923328303906,0.09617050851668249,22,0,50,54,38,104,10,5,8,0.6268507180531939,0.4857196752206667,16,60,86,36,8,50,0.6268507180531939,nenhuma,57.564225993709506,0.0,63,0,terminal,0.6396314430402962,10,10,centralizada,j6010_1.sm,0,GOV,0,1.9176470588235295,0.36666666666666664,22,0.0,0.0,0.7585663611861575,60,13,60,60,2;3;4;5;6;7;8;9;10;11;12;13;14;15;16;17;18;19;20;21;22;23;24;25;26;27;28;29;30;31;32;33;34;35;36;37;38;39;40;41;42;43;44;45;46;47;48;49;50;51;52;53;54;55;56;57;58;59;60;61,2;3;4;5;6;7;8;9;10;11;12;13;14;15;16;17;18;19;20;21;22;23;24;25;26;27;28;29;30;31;32;33;34;35;36;37;38;39;40;41;42;43;44;45;46;47;48;49;50;51;52;53;54;55;56;57;58;59;60;61
True,202,85,0.7597146328267157,2.6645352591003757e-15,16.614039450739632,206.0,495.0,16.0,53.0,87.56043942213385,41,19,5,0,0.31666666666666665,0.4,323.0,0.21327052247258813,0.27108495177131225,0.05143665464625273,0.1343857516883481,35,0,16,53,25,69,15,14,12,0.6586427040007742,0.39362113220747674,14,60,42,26,12,16,0.6586427040007742,nenhuma,87.56043942213385,0.0,96,0,terminal,0.3832263944222139,10,10,centralizada,j6010_1.sm,1,GOV,0,2.376470588235294,0.5833333333333334,35,0.0,0.0,0.6312057094882677,60,24,60,60,2;3;4;5;6;7;8;9;10;11;12;13;14;15;16;17;18;19;20;21;22;23;24;25;26;27;28;29;30;31;32;33;34;35;36;37;38;39;40;41;42;43;44;45;46;47;48;49;50;51;52;53;54;55;56;57;58;59;60;61,2;3;4;5;6;7;8;9;10;11;12;13;14;15;16;17;18;19;20;21;22;23;24;25;26;27;28;29;30;31;32;33;34;35;36;37;38;39;40;41;42;43;44;45;46;47;48;49;50;51;52;53;54;55;56;57;58;59;60;61
True,160,85,0.6988545875960932,0.0,15.8370026985027,228.0,462.0,56.0,74.0,69.08173030555449,47,13,2,0,0.21666666666666667,0.25,323.0,0.17619216853516273,0.21387532602338852,0.049030968106819506,0.10449801762578531,27,0,56,74,33,130,8,13,13,0.7659648859265082,0.2570239140832174,4,60,109,53,13,56,0.7659648859265082,nenhuma,69.0817303055545,0.0,74,0,terminal,0.6443548152984578,10,10,centralizada,j6010_1.sm,2,GOV,0,1.8823529411764706,0.45,27,0.0,0.0,0.6848954139028287,60,15,60,60,2;3;4;5;6;7;8;9;10;11;12;13;14;15;16;17;18;19;20;21;22;23;24;25;26;27;28;29;30;31;32;33;34;35;36;37;38;39;40;41;42;43;44;45;46;47;48;49;50;51;52;53;54;55;56;57;58;59;60;61,2;3;4;5;6;7;8;9;10;11;12;13;14;15;16;17;18;19;20;21;22;23;24;25;26;27;28;29;30;31;32;33;34;35;36;37;38;39;40;41;42;43;44;45;46;47;48;49;50;51;52;53;54;55;56;57;58;59;60;61
True,138,85,0.6584835062460226,0.0,14.493622588023069,222.0,417.0,87.0,68.0,61.27326507734947,44,16,1,0,0.26666666666666666,0.2833333333333333,323.0,0.1594523237650059,0.18970051107538535,0.04487189655734696,0.09675643747547974,21,0,87,68,39,155,11,11,11,0.794910294566222,0.24332019624229825,3,60,133,46,11,87,0.794910294566222,nenhuma,61.27326507734947,0.0,67,0,terminal,0.8023569566273542,10,10,centralizada,j6010_1.sm,3,GOV,0,1.6235294117647059,0.35,21,0.0,0.0,0.7267866064361025,60,17,60,60,2;3;4;5;6;7;8;9;10;11;12;13;14;15;16;17;18;19;20;21;22;23;24;25;26;27;28;29;30;31;32;33;34;35;36;37;38;39;40;41;42;43;44;45;46;47;48;49;50;51;52;53;54;55;56;57;58;59;60;61,2;3;4;5;6;7;8;9;10;11;12;13;14;15;16;17;18;19;20;21;22;23;24;25;26;27;28;29;30;31;32;33;34;35;36;37;38;39;40;41;42;43;44;45;46;47;48;49;50;51;52;53;54;55;56;57;58;59;60;61
True,217,76,0.7326034528922918,0.0,10.234049649849146,268.0,465.0,54.0,51.0,64.72264314916471,50,10,3,0,0.16666666666666666,0.21666666666666667,332.0,0.1631433049432207,0.19494772032880936,0.03082545075255767,0.10196996097073914,30,0,54,51,30,105,6,0,17,0.6268507180531939,0.4857196752206667,18,60,82,28,17,54,0.6268507180531939,nenhuma,64.72264314916471,0.0,69,0,terminal,0.6878467939719372,10,10,centralizada,j6021_1.sm,0,GOV,0,2.8552631578947367,0.5,30,0.0,0.0,0.7400500527081698,60,13,60,60,2;3;4;5;6;7;8;9;10;11;12;13;14;15;16;17;18;19;20;21;22;23;24;25;26;27;28;29;30;31;32;33;34;35;36;37;38;39;40;41;42;43;44;45;46;47;48;49;50;51;52;53;54;55;56;57;58;59;60;61,2;3;4;5;6;7;8;9;10;11;12;13;14;15;16;17;18;19;20;21;22;23;24;25;26;27;28;29;30;31;32;33;34;35;36;37;38;39;40;41;42;43;44;45;46;47;48;49;50;51;52;53;54;55;56;57;58;59;60;61
True,268,76,0.7893828426807946,8.881784197001252e-16,8.946713111033288,277.0,512.0,24.0,33.0,79.60796601711696,49,11,7,0,0.18333333333333332,0.3,332.0,0.19340725299229614,0.23978303017203906,0.02694793105732918,0.12273664553638258,31,0,24,33,29,57,3,0,17,0.6586427040007742,0.39362113220747674,17,60,37,13,17,24,0.6586427040007742,nenhuma,79.60796601711696,0.0,88,0,terminal,0.4614207453991952,10,10,centralizada,j6021_1.sm,1,GOV,0,3.526315789473684,0.5166666666666667,31,0.0,0.0,0.7569560216734792,60,18,60,60,2;3;4;5;6;7;8;9;10;11;12;13;14;15;16;17;18;19;20;21;22;23;24;25;26;27;28;29;30;31;32;33;34;35;36;37;38;39;40;41;42;43;44;45;46;47;48;49;50;51;52;53;54;55;56;57;58;59;60;61,2;3;4;5;6;7;8;9;10;11;12;13;14;15;16;17;18;19;20;21;22;23;24;25;26;27;28;29;30;31;32;33;34;35;36;37;38;39;40;41;42;43;44;45;46;47;48;49;50;51;52;53;54;55;56;57;58;59;60;61
True,240,76,0.8265988525690382,0.0,17.807463682748736,261.0,531.0,10.0,16.0,85.39140708902742,48,12,3,0,0.2,0.25,332.0,0.20458352912572988,0.257203033400685,0.05363693880346005,0.13292738063850415,37,0,10,16,23,26,3,0,3,0.7659648859265082,0.2570239140832174,6,60,20,10,3,10,0.7659648859265082,nenhuma,85.39140708902744,0.0,92,0,terminal,0.31355647124381386,10,10,centralizada,j6021_1.sm,2,GOV,0,3.1578947368421053,0.6166666666666667,37,0.0,0.0,0.6806484884731566,60,15,60,60,2;3;4;5;6;7;8;9;10;11;12;13;14;15;16;17;18;19;20;21;22;23;24;25;26;27;28;29;30;31;32;33;34;35;36;37;38;39;40;41;42;43;44;45;46;47;48;49;50;51;52;53;54;55;56;57;58;59;60;61,2;3;4;5;6;7;8;9;10;11;12;13;14;15;16;17;18;19;20;21;22;23;24;25;26;27;28;29;30;31;32;33;34;35;36;37;38;39;40;41;42;43;44;45;46;47;48;49;50;51;52;53;54;55;56;57;58;59;60;61
True,228,76,0.7302186043019535,1.887379141862766e-15,14.782313546861362,236.0,498.0,54.0,49.0,80.98755422844783,45,15,2,0,0.25,0.2833333333333333,332.0,0.19610168248229784,0.24393841635074648,0.044525040803799286,0.11875224661551395,39,0,54,49,21,103,0,0,19,0.794910294566222,0.24332019624229825,2,60,84,30,19,54,0.794910294566222,nenhuma,80.98755422844782,0.0,90,0,terminal,0.6454747458865436,10,10,centralizada,j6021_1.sm,3,GOV,0,3.0,0.65,39,0.0,0.0,0.6774873100883501,60,17,60,60,2;3;4;5;6;7;8;9;10;11;12;13;14;15;16;17;18;19;20;21;22;23;24;25;26;27;28;29;30;31;32;33;34;35;36;37;38;39;40;41;42;43;44;45;46;47;48;49;50;51;52;53;54;55;56;57;58;59;60;61,2;3;4;5;6;7;8;9;10;11;12;13;14;15;16;17;18;19;20;21;22;23;24;25;26;27;28;29;30;31;32;33;34;35;36;37;38;39;40;41;42;43;44;45;46;47;48;49;50;51;52;53;54;55;56;57;58;59;60;61
True,173,69,0.6748887723434828,0.0,20.80970588405596,252.0,483.0,74.0,90.0,68.67348545869488,44,16,2,0,0.26666666666666666,0.3,337.0,0.16928265691568625,0.2037788886014685,0.06174986909215418,0.09595644781318138,28,0,74,90,32,164,14,15,25,0.6268507180531939,0.4857196752206667,14,60,125,51,25,74,0.6268507180531939,nenhuma,68.67348545869488,0.0,76,0,terminal,0.7575685685060618,10,10,centralizada,j6032_1.sm,0,GOV,0,2.5072463768115942,0.4666666666666667,28,0.0,0.0,0.6867341813350957,60,18,60,60,2;3;4;5;6;7;8;9;10;11;12;13;14;15;16;17;18;19;20;21;22;23;24;25;26;27;28;29;30;31;32;33;34;35;36;37;38;39;40;41;42;43;44;45;46;47;48;49;50;51;52;53;54;55;56;57;58;59;60;61,2;3;4;5;6;7;8;9;10;11;12;13;14;15;16;17;18;19;20;21;22;23;24;25;26;27;28;29;30;31;32;33;34;35;36;37;38;39;40;41;42;43;44;45;46;47;48;49;50;51;52;53;54;55;56;57;58;59;60;61
True,164,69,0.6952621688540631,0.0,33.40024596903419,185.0,518.0,33.0,84.0,110.04269497903482,36,24,2,0,0.4,0.43333333333333335,337.0,0.2461570141174,0.32653618688140895,0.0991105221633062,0.1476998509221426,32,0,33,84,28,117,14,26,17,0.6586427040007742,0.39362113220747674,13,60,86,53,17,33,0.6586427040007742,nenhuma,110.0426949790348,0.0,119,0,terminal,0.5176507585455234,10,10,centralizada,j6032_1.sm,1,GOV,0,2.3768115942028984,0.5333333333333333,32,0.0,0.0,0.5289508208705039,60,26,60,60,2;3;4;5;6;7;8;9;10;11;12;13;14;15;16;17;18;19;20;21;22;23;24;25;26;27;28;29;30;31;32;33;34;35;36;37;38;39;40;41;42;43;44;45;46;47;48;49;50;51;52;53;54;55;56;57;58;59;60;61,2;3;4;5;6;7;8;9;10;11;12;13;14;15;16;17;18;19;20;21;22;23;24;25;26;27;28;29;30;31;32;33;34;35;36;37;38;39;40;41;42;43;44;45;46;47;48;49;50;51;52;53;54;55;56;57;58;59;60;61
True,174,69,0.7759513814779914,0.0,34.37073640825084,202.0,608.0,3.0,65.0,107.55424645538172,38,22,3,0,0.36666666666666664,0.4166666666666667,337.0,0.24193728282421556,0.3191520666331802,0.10199031575148618,0.1372645824356543,41,0,3,65,19,68,0,34,15,0.7659648859265082,0.2570239140832174,2,60,53,50,15,3,0.7659648859265082,nenhuma,107.5542464553817,0.0,120,0,terminal,0.19005294240473158,10,10,centralizada,j6032_1.sm,2,GOV,0,2.5217391304347827,0.6833333333333333,41,0.0,0.0,0.4416073273947943,60,25,60,60,2;3;4;5;6;7;8;9;10;11;12;13;14;15;16;17;18;19;20;21;22;23;24;25;26;27;28;29;30;31;32;33;34;35;36;37;38;39;40;41;42;43;44;45;46;47;48;49;50;51;52;53;54;55;56;57;58;59;60;61,2;3;4;5;6;7;8;9;10;11;12;13;14;15;16;17;18;19;20;21;22;23;24;25;26;27;28;29;30;31;32;33;34;35;36;37;38;39;40;41;42;43;44;45;46;47;48;49;50;51;52;53;54;55;56;57;58;59;60;61
True,151,69,0.6788684003000136,8.881784197001252e-16,25.926830021993197,258.0,497.0,87.0,79.0,69.10065423631416,47,13,5,0,0.21666666666666667,0.3,337.0,0.17015647110015186,0.20504645173980462,0.07693421371511334,0.09438682213499185,36,0,87,79,24,166,0,16,30,0.794910294566222,0.24332019624229825,0,60,136,49,30,87,0.794910294566222,nenhuma,69.10065423631416,0.0,76,0,terminal,0.705,10,10,centralizada,j6032_1.sm,3,GOV,0,2.1884057971014492,0.6,36,0.0,0.0,0.5217187015375851,60,18,60,60,2;3;4;5;6;7;8;9;10;11;12;13;14;15;16;17;18;19;20;21;22;23;24;25;26;27;28;29;30;31;32;33;34;35;36;37;38;39;40;41;42;43;44;45;46;47;48;49;50;51;52;53;54;55;56;57;58;59;60;61,2;3;4;5;6;7;8;9;10;11;12;13;14;15;16;17;18;19;20;21;22;23;24;25;26;27;28;29;30;31;32;33;34;35;36;37;38;39;40;41;42;43;44;45;46;47;48;49;50;51;52;53;54;55;56;57;58;59;60;61
True,187,108,0.5531371861661522,3.552713678800501e-15,23.3265701880426,251.0,400.0,159.0,103.0,61.14790978425995,46,14,1,0,0.23333333333333334,0.25,334.0,0.15474688912727655,0.18307757420437112,0.06984003050312156,0.08455795689501819,23,0,159,103,37,262,20,0,19,0.6268507180531939,0.4857196752206667,21,60,223,64,19,159,0.6268507180531939,nenhuma,61.14790978425995,0.0,67,0,terminal,0.8944730997635496,10,10,centralizada,j6043_1.sm,0,GOV,0,1.7314814814814814,0.38333333333333336,23,0.0,0.0,0.8546134947809546,60,15,60,60,2;3;4;5;6;7;8;9;10;11;12;13;14;15;16;17;18;19;20;21;22;23;24;25;26;27;28;29;30;31;32;33;34;35;36;37;38;39;40;41;42;43;44;45;46;47;48;49;50;51;52;53;54;55;56;57;58;59;60;61,2;3;4;5;6;7;8;9;10;11;12;13;14;15;16;17;18;19;20;21;22;23;24;25;26;27;28;29;30;31;32;33;34;35;36;37;38;39;40;41;42;43;44;45;46;47;48;49;50;51;52;53;54;55;56;57;58;59;60;61
True,172,108,0.6152257478533062,0.0,13.484877584035438,224.0,409.0,122.0,74.0,59.79662372245435,43,17,2,0,0.2833333333333333,0.31666666666666665,334.0,0.15184646114335068,0.17903180755225853,0.040373884982142026,0.0899472433954761,22,0,122,74,38,196,22,3,12,0.6586427040007742,0.39362113220747674,20,60,162,40,12,122,0.6586427040007742,nenhuma,59.79662372245435,0.0,66,0,terminal,0.875,10,10,centralizada,j6043_1.sm,1,GOV,0,1.5925925925925926,0.36666666666666664,22,0.0,0.0,0.8094998891574458,60,19,60,60,2;3;4;5;6;7;8;9;10;11;12;13;14;15;16;17;18;19;20;21;22;23;24;25;26;27;28;29;30;31;32;33;34;35;36;37;38;39;40;41;42;43;44;45;46;47;48;49;50;51;52;53;54;55;56;57;58;59;60;61,2;3;4;5;6;7;8;9;10;11;12;13;14;15;16;17;18;19;20;21;22;23;24;25;26;27;28;29;30;31;32;33;34;35;36;37;38;39;40;41;42;43;44;45;46;47;48;49;50;51;52;53;54;55;56;57;58;59;60;61
True,181,108,0.6493906079631783,0.0,9.197276644602226,252.0,434.0,108.0,71.0,55.31887415379541,46,14,2,0,0.23333333333333334,0.26666666666666666,334.0,0.14209142640215897,0.16562537171795033,0.027536756420964748,0.0827731735450962,22,0,108,71,38,179,1,4,28,0.7659648859265082,0.2570239140832174,6,60,150,42,28,108,0.7659648859265082,nenhuma,55.31887415379541,0.0,61,0,terminal,0.719224056064475,10,10,centralizada,j6043_1.sm,2,GOV,0,1.6759259259259258,0.36666666666666664,22,0.0,0.0,0.8249430616577116,60,16,60,60,2;3;4;5;6;7;8;9;10;11;12;13;14;15;16;17;18;19;20;21;22;23;24;25;26;27;28;29;30;31;32;33;34;35;36;37;38;39;40;41;42;43;44;45;46;47;48;49;50;51;52;53;54;55;56;57;58;59;60;61,2;3;4;5;6;7;8;9;10;11;12;13;14;15;16;17;18;19;20;21;22;23;24;25;26;27;28;29;30;31;32;33;34;35;36;37;38;39;40;41;42;43;44;45;46;47;48;49;50;51;52;53;54;55;56;57;58;59;60;61
True,177,108,0.6145448123213392,1.7763568394002505e-15,17.944601878508177,243.0,430.0,123.0,85.0,61.70487323088396,47,13,1,0,0.21666666666666667,0.23333333333333334,334.0,0.15593660175845422,0.18474512943378432,0.0537263529296652,0.08818699939298978,21,0,123,85,39,208,1,3,38,0.794910294566222,0.24332019624229825,4,60,169,46,38,123,0.794910294566222,nenhuma,61.70487323088396,0.0,68,0,terminal,0.7200000000000001,10,10,centralizada,j6043_1.sm,3,GOV,0,1.6388888888888888,0.35,21,0.0,0.0,0.7618440500130551,60,14,60,60,2;3;4;5;6;7;8;9;10;11;12;13;14;15;16;17;18;19;20;21;22;23;24;25;26;27;28;29;30;31;32;33;34;35;36;37;38;39;40;41;42;43;44;45;46;47;48;49;50;51;52;53;54;55;56;57;58;59;60;61,2;3;4;5;6;7;8;9;10;11;12;13;14;15;16;17;18;19;20;21;22;23;24;25;26;27;28;29;30;31;32;33;34;35;36;37;38;39;40;41;42;43;44;45;46;47;48;49;50;51;52;53;54;55;56;57;58;59;60;61
True,151,85,0.7718734324655167,8.881784197001252e-16,13.307090539089327,261.0,459.0,44.0,48.0,43.6570780832073,49,11,2,0,0.18333333333333332,0.21666666666666667,323.0,0.11906787211482656,0.13516123245575015,0.04119842272163878,0.07341555274836667,22,0,44,48,38,92,10,2,8,0.6268507180531939,0.4857196752206667,16,60,74,30,8,44,0.6268507180531939,nenhuma,43.6570780832073,0.0,48,0,terminal,0.6071743392406016,10,11,adaptativa,j6010_1.sm,0,GOV,0,1.776470588235294,0.36666666666666664,22,0.0,0.0,0.7150691266189141,60,13,60,60,2;3;4;5;6;7;8;9;10;11;12;13;14;15;16;17;18;19;20;21;22;23;24;25;26;27;28;29;30;31;32;33;34;35;36;37;38;39;40;41;42;43;44;45;46;47;48;49;50;51;52;53;54;55;56;57;58;59;60;61,2;3;4;5;6;7;8;9;10;11;12;13;14;15;16;17;18;19;20;21;22;23;24;25;26;27;28;29;30;31;32;33;34;35;36;37;38;39;40;41;42;43;44;45;46;47;48;49;50;51;52;53;54;55;56;57;58;59;60;61
True,186,85,0.8112806341602219,0.0,10.902691316760672,241.0,511.0,10.0,40.0,68.86835687129366,47,13,2,0,0.21666666666666667,0.25,323.0,0.17574360282913318,0.2132147271557079,0.03375446228099279,0.10933769909220271,23,0,10,40,37,50,12,3,12,0.6586427040007742,0.39362113220747674,14,60,26,16,12,10,0.6586427040007742,nenhuma,68.86835687129366,0.0,75,0,terminal,0.31343836865623736,10,11,adaptativa,j6010_1.sm,1,GOV,0,2.1882352941176473,0.38333333333333336,23,0.0,0.0,0.6805208494962764,60,15,60,60,2;3;4;5;6;7;8;9;10;11;12;13;14;15;16;17;18;19;20;21;22;23;24;25;26;27;28;29;30;31;32;33;34;35;36;37;38;39;40;41;42;43;44;45;46;47;48;49;50;51;52;53;54;55;56;57;58;59;60;61,2;3;4;5;6;7;8;9;10;11;12;13;14;15;16;17;18;19;20;21;22;23;24;25;26;27;28;29;30;31;32;33;34;35;36;37;38;39;40;41;42;43;44;45;46;47;48;49;50;51;52;53;54;55;56;57;58;59;60;61
True,168,85,0.7281402552877996,0.0,12.5,234.0,480.0,51.0,65.0,63.213656317186505,44,16,1,0,0.26666666666666666,0.2833333333333333,323.0,0.16367535244603285,0.19570791429469506,0.03869969040247678,0.0958925163509821,29,0,51,65,31,116,8,13,12,0.7659648859265082,0.2570239140832174,4,60,96,45,12,51,0.7659648859265082,nenhuma,63.213656317186505,0.0,70,0,terminal,0.6335086461074596,10,11,adaptativa,j6010_1.sm,2,GOV,0,1.9764705882352942,0.48333333333333334,29,0.0,0.0,0.6707762307275915,60,17,60,60,2;3;4;5;6;7;8;9;10;11;12;13;14;15;16;17;18;19;20;21;22;23;24;25;26;27;28;29;30;31;32;33;34;35;36;37;38;39;40;41;42;43;44;45;46;47;48;49;50;51;52;53;54;55;56;57;58;59;60;61,2;3;4;5;6;7;8;9;10;11;12;13;14;15;16;17;18;19;20;21;22;23;24;25;26;27;28;29;30;31;32;33;34;35;36;37;38;39;40;41;42;43;44;45;46;47;48;49;50;51;52;53;54;55;56;57;58;59;60;61
True,159,85,0.5826836410878072,0.0,18.231541683418513,194.0,431.0,120.0,82.0,106.68096855331251,39,21,5,0,0.35,0.43333333333333335,323.0,0.24827948259494792,0.33028163638796443,0.056444401496651746,0.14422565009609745,36,0,120,82,24,202,12,15,13,0.794910294566222,0.24332019624229825,3,60,177,57,13,120,0.794910294566222,nenhuma,106.68096855331251,0.0,117,0,terminal,0.8393684001695476,10,11,adaptativa,j6010_1.sm,3,GOV,0,1.8705882352941177,0.6,36,0.0,0.0,0.6163908507724066,60,26,60,60,2;3;4;5;6;7;8;9;10;11;12;13;14;15;16;17;18;19;20;21;22;23;24;25;26;27;28;29;30;31;32;33;34;35;36;37;38;39;40;41;42;43;44;45;46;47;48;49;50;51;52;53;54;55;56;57;58;59;60;61,2;3;4;5;6;7;8;9;10;11;12;13;14;15;16;17;18;19;20;21;22;23;24;25;26;27;28;29;30;31;32;33;34;35;36;37;38;39;40;41;42;43;44;45;46;47;48;49;50;51;52;53;54;55;56;57;58;59;60;61
True,199,76,0.7679492876430019,0.0,15.094682293952731,262.0,480.0,41.0,38.0,66.04127254707298,47,13,2,0,0.21666666666666667,0.25,332.0,0.16591564016583943,0.19891949562371378,0.04546591052395401,0.10565905876575422,34,0,41,38,26,79,9,0,8,0.6268507180531939,0.4857196752206667,18,60,62,21,8,41,0.6268507180531939,nenhuma,66.04127254707296,0.0,72,0,terminal,0.6621172777494088,10,11,adaptativa,j6021_1.sm,0,GOV,0,2.6184210526315788,0.5666666666666667,34,0.0,0.0,0.670444181218563,60,15,60,60,2;3;4;5;6;7;8;9;10;11;12;13;14;15;16;17;18;19;20;21;22;23;24;25;26;27;28;29;30;31;32;33;34;35;36;37;38;39;40;41;42;43;44;45;46;47;48;49;50;51;52;53;54;55;56;57;58;59;60;61,2;3;4;5;6;7;8;9;10;11;12;13;14;15;16;17;18;19;20;21;22;23;24;25;26;27;28;29;30;31;32;33;34;35;36;37;38;39;40;41;42;43;44;45;46;47;48;49;50;51;52;53;54;55;56;57;58;59;60;61
True,222,76,0.81860280984819,0.0,12.00386569973589,229.0,527.0,18.0,20.0,78.77985716630057,42,18,3,0,0.3,0.35,332.0,0.19178120784634103,0.2372887264045198,0.036156221987156296,0.12237080158590648,32,0,18,20,28,38,3,0,10,0.6586427040007742,0.39362113220747674,17,60,25,7,10,18,0.6586427040007742,nenhuma,78.77985716630057,0.0,86,0,terminal,0.39338702614402227,10,11,adaptativa,j6021_1.sm,1,GOV,0,2.9210526315789473,0.5333333333333333,32,0.0,0.0,0.6900224194452294,60,21,60,60,2;3;4;5;6;7;8;9;10;11;12;13;14;15;16;17;18;19;20;21;22;23;24;25;26;27;28;29;30;31;32;33;34;35;36;37;38;39;40;41;42;43;44;45;46;47;48;49;50;51;52;53;54;55;56;57;58;59;60;61,2;3;4;5;6;7;8;9;10;11;12;13;14;15;16;17;18;19;20;21;22;23;24;25;26;27;28;29;30;31;32;33;34;35;36;37;38;39;40;41;42;43;44;45;46;47;48;49;50;51;52;53;54;55;56;57;58;59;60;61
True,224,76,0.7939564006102163,2.220446049250313e-16,28.22198011184173,206.0,517.0,13.0,21.0,100.16925766030212,40,20,1,0,0.3333333333333333,0.35,332.0,0.23178246921727627,0.3017146315069341,0.08500596419229436,0.153829832231665,37,0,13,21,23,34,4,0,6,0.7659648859265082,0.2570239140832174,6,60,24,11,6,13,0.7659648859265082,nenhuma,100.16925766030215,0.0,109,0,terminal,0.34522752850651156,10,11,adaptativa,j6021_1.sm,2,GOV,0,2.9473684210526314,0.6166666666666667,37,0.0,0.0,0.6541145343638043,60,21,60,60,2;3;4;5;6;7;8;9;10;11;12;13;14;15;16;17;18;19;20;21;22;23;24;25;26;27;28;29;30;31;32;33;34;35;36;37;38;39;40;41;42;43;44;45;46;47;48;49;50;51;52;53;54;55;56;57;58;59;60;61,2;3;4;5;6;7;8;9;10;11;12;13;14;15;16;17;18;19;20;21;22;23;24;25;26;27;28;29;30;31;32;33;34;35;36;37;38;39;40;41;42;43;44;45;46;47;48;49;50;51;52;53;54;55;56;57;58;59;60;61
True,259,76,0.7541900727611003,0.0,20.479015118458232,214.0,551.0,39.0,44.0,96.58506058397369,41,19,2,0,0.31666666666666665,0.35,332.0,0.22535797316959802,0.29091885718064364,0.06168378047728383,0.1322023482204399,38,0,39,44,22,83,0,0,16,0.794910294566222,0.24332019624229825,2,60,67,28,16,39,0.794910294566222,nenhuma,96.58506058397367,0.0,105,0,terminal,0.5405662248392228,10,11,adaptativa,j6021_1.sm,3,GOV,0,3.4078947368421053,0.6333333333333333,38,0.0,0.0,0.6577623755700721,60,21,60,60,2;3;4;5;6;7;8;9;10;11;12;13;14;15;16;17;18;19;20;21;22;23;24;25;26;27;28;29;30;31;32;33;34;35;36;37;38;39;40;41;42;43;44;45;46;47;48;49;50;51;52;53;54;55;56;57;58;59;60;61,2;3;4;5;6;7;8;9;10;11;12;13;14;15;16;17;18;19;20;21;22;23;24;25;26;27;28;29;30;31;32;33;34;35;36;37;38;39;40;41;42;43;44;45;46;47;48;49;50;51;52;53;54;55;56;57;58;59;60;61
True,154,69,0.7361769866922325,0.0,15.701177847551515,241.0,506.0,48.0,55.0,78.33471589969612,43,17,3,0,0.2833333333333333,0.3333333333333333,337.0,0.18860623227703907,0.23244722818900926,0.04659103218858016,0.1139688045542103,27,0,48,55,33,103,4,11,19,0.6268507180531939,0.4857196752206667,14,60,80,32,19,48,0.6268507180531939,nenhuma,78.3347158996961,0.0,88,0,terminal,0.6514910392665718,10,11,adaptativa,j6032_1.sm,0,GOV,0,2.2318840579710146,0.45,27,0.0,0.0,0.5928529636828077,60,20,60,60,2;3;4;5;6;7;8;9;10;11;12;13;14;15;16;17;18;19;20;21;22;23;24;25;26;27;28;29;30;31;32;33;34;35;36;37;38;39;40;41;42;43;44;45;46;47;48;49;50;51;52;53;54;55;56;57;58;59;60;61,2;3;4;5;6;7;8;9;10;11;12;13;14;15;16;17;18;19;20;21;22;23;24;25;26;27;28;29;30;31;32;33;34;35;36;37;38;39;40;41;42;43;44;45;46;47;48;49;50;51;52;53;54;55;56;57;58;59;60;61
True,148,69,0.7456210379063057,0.0,11.609386234790097,231.0,551.0,25.0,73.0,89.9812947703311,43,17,4,0,0.2833333333333333,0.35,337.0,0.21073825919875747,0.2670068094075107,0.0344492173139172,0.12176396805591201,26,0,25,73,34,98,7,28,16,0.6586427040007742,0.39362113220747674,13,60,75,50,16,25,0.6586427040007742,nenhuma,89.9812947703311,0.0,97,0,terminal,0.43753397630126045,10,11,adaptativa,j6032_1.sm,1,GOV,0,2.1449275362318843,0.43333333333333335,26,0.0,0.0,0.4864051698793563,60,21,60,60,2;3;4;5;6;7;8;9;10;11;12;13;14;15;16;17;18;19;20;21;22;23;24;25;26;27;28;29;30;31;32;33;34;35;36;37;38;39;40;41;42;43;44;45;46;47;48;49;50;51;52;53;54;55;56;57;58;59;60;61,2;3;4;5;6;7;8;9;10;11;12;13;14;15;16;17;18;19;20;21;22;23;24;25;26;27;28;29;30;31;32;33;34;35;36;37;38;39;40;41;42;43;44;45;46;47;48;49;50;51;52;53;54;55;56;57;58;59;60;61
True,173,69,0.7554602485840035,1.7763568394002505e-15,18.539001471000145,229.0,578.0,15.0,88.0,84.09651048268124,44,16,3,0,0.26666666666666666,0.31666666666666665,337.0,0.1997084003053973,0.2495445414916357,0.05501187380118737,0.10991621230846649,37,0,15,88,23,103,0,46,13,0.7659648859265082,0.2570239140832174,2,60,90,75,13,15,0.7659648859265082,nenhuma,84.09651048268124,0.0,92,0,terminal,0.2771043220250101,10,11,adaptativa,j6032_1.sm,2,GOV,0,2.5072463768115942,0.6166666666666667,37,0.0,0.0,0.5046265752860253,60,19,60,60,2;3;4;5;6;7;8;9;10;11;12;13;14;15;16;17;18;19;20;21;22;23;24;25;26;27;28;29;30;31;32;33;34;35;36;37;38;39;40;41;42;43;44;45;46;47;48;49;50;51;52;53;54;55;56;57;58;59;60;61,2;3;4;5;6;7;8;9;10;11;12;13;14;15;16;17;18;19;20;21;22;23;24;25;26;27;28;29;30;31;32;33;34;35;36;37;38;39;40;41;42;43;44;45;46;47;48;49;50;51;52;53;54;55;56;57;58;59;60;61
True,154,69,0.6529620471926727,0.0,20.063088835278414,231.0,527.0,90.0,93.0,97.0913191138283,43,17,3,0,0.2833333333333333,0.3333333333333333,337.0,0.223665654756779,0.2881048044920721,0.059534388235247516,0.12029781118254726,30,0,90,93,30,183,0,20,23,0.794910294566222,0.24332019624229825,0,60,160,70,23,90,0.794910294566222,nenhuma,97.0913191138283,0.0,105,0,terminal,0.5802395018873564,10,11,adaptativa,j6032_1.sm,3,GOV,0,2.2318840579710146,0.5,30,0.0,0.0,0.5266655040140944,60,20,60,60,2;3;4;5;6;7;8;9;10;11;12;13;14;15;16;17;18;19;20;21;22;23;24;25;26;27;28;29;30;31;32;33;34;35;36;37;38;39;40;41;42;43;44;45;46;47;48;49;50;51;52;53;54;55;56;57;58;59;60;61,2;3;4;5;6;7;8;9;10;11;12;13;14;15;16;17;18;19;20;21;22;23;24;25;26;27;28;29;30;31;32;33;34;35;36;37;38;39;40;41;42;43;44;45;46;47;48;49;50;51;52;53;54;55;56;57;58;59;60;61
True,153,108,0.5149201943095073,0.0,8.0,290.0,371.0,194.0,131.0,24.5,52,8,1,0,0.13333333333333333,0.15,334.0,0.06834030683403068,0.07335329341317365,0.023952095808383235,0.034004163775156145,19,0,194,131,41,325,39,2,12,0.6268507180531939,0.4857196752206667,21,60,274,80,12,194,0.6268507180531939,nenhuma,24.5,0.0,27,0,terminal,0.8733333333333334,10,11,adaptativa,j6043_1.sm,0,GOV,0,1.4166666666666667,0.31666666666666665,19,0.0,0.0,0.9474359438560964,60,9,60,60,2;3;4;5;6;7;8;9;10;11;12;13;14;15;16;17;18;19;20;21;22;23;24;25;26;27;28;29;30;31;32;33;34;35;36;37;38;39;40;41;42;43;44;45;46;47;48;49;50;51;52;53;54;55;56;57;58;59;60;61,2;3;4;5;6;7;8;9;10;11;12;13;14;15;16;17;18;19;20;21;22;23;24;25;26;27;28;29;30;31;32;33;34;35;36;37;38;39;40;41;42;43;44;45;46;47;48;49;50;51;52;53;54;55;56;57;58;59;60;61
True,178,108,0.6058710529188841,0.0,11.757178361251363,253.0,410.0,124.0,76.0,66.71165015188802,47,13,5,0,0.21666666666666667,0.3,334.0,0.16648293137122733,0.19973547949667073,0.035201132818117854,0.09858209199873326,21,0,124,76,39,200,24,1,12,0.6586427040007742,0.39362113220747674,20,60,164,40,12,124,0.6586427040007742,nenhuma,66.71165015188802,0.0,73,0,terminal,0.8733333333333334,10,11,adaptativa,j6043_1.sm,1,GOV,0,1.6481481481481481,0.35,21,0.0,0.0,0.8449149994099255,60,18,60,60,2;3;4;5;6;7;8;9;10;11;12;13;14;15;16;17;18;19;20;21;22;23;24;25;26;27;28;29;30;31;32;33;34;35;36;37;38;39;40;41;42;43;44;45;46;47;48;49;50;51;52;53;54;55;56;57;58;59;60;61,2;3;4;5;6;7;8;9;10;11;12;13;14;15;16;17;18;19;20;21;22;23;24;25;26;27;28;29;30;31;32;33;34;35;36;37;38;39;40;41;42;43;44;45;46;47;48;49;50;51;52;53;54;55;56;57;58;59;60;61
True,186,108,0.6433188388786248,0.0,15.669580268667088,227.0,470.0,96.0,84.0,80.5864084740025,44,16,3,0,0.26666666666666666,0.31666666666666665,334.0,0.19437783493825228,0.24127667207785178,0.0469149109840332,0.11030373346573162,31,0,96,84,29,180,0,15,26,0.7659648859265082,0.2570239140832174,6,60,154,58,26,96,0.7659648859265082,nenhuma,80.5864084740025,0.0,87,0,terminal,0.5933422267030447,10,11,adaptativa,j6043_1.sm,2,GOV,0,1.7222222222222223,0.5166666666666667,31,0.0,0.0,0.6828092988997103,60,19,60,60,2;3;4;5;6;7;8;9;10;11;12;13;14;15;16;17;18;19;20;21;22;23;24;25;26;27;28;29;30;31;32;33;34;35;36;37;38;39;40;41;42;43;44;45;46;47;48;49;50;51;52;53;54;55;56;57;58;59;60;61,2;3;4;5;6;7;8;9;10;11;12;13;14;15;16;17;18;19;20;21;22;23;24;25;26;27;28;29;30;31;32;33;34;35;36;37;38;39;40;41;42;43;44;45;46;47;48;49;50;51;52;53;54;55;56;57;58;59;60;61
True,196,108,0.6324190467774271,1.7763568394002505e-15,17.944601878508177,274.0,441.0,119.0,86.0,51.322451382785495,52,8,4,0,0.13333333333333333,0.2,334.0,0.1331935141557608,0.1536600340801961,0.0537263529296652,0.07359931016277109,21,0,119,86,39,205,1,3,39,0.794910294566222,0.24332019624229825,4,60,165,46,39,119,0.794910294566222,nenhuma,51.322451382785495,0.0,56,0,terminal,0.715,10,11,adaptativa,j6043_1.sm,3,GOV,0,1.8148148148148149,0.35,21,0.0,0.0,0.7975691438551205,60,12,60,60,2;3;4;5;6;7;8;9;10;11;12;13;14;15;16;17;18;19;20;21;22;23;24;25;26;27;28;29;30;31;32;33;34;35;36;37;38;39;40;41;42;43;44;45;46;47;48;49;50;51;52;53;54;55;56;57;58;59;60;61,2;3;4;5;6;7;8;9;10;11;12;13;14;15;16;17;18;19;20;21;22;23;24;25;26;27;28;29;30;31;32;33;34;35;36;37;38;39;40;41;42;43;44;45;46;47;48;49;50;51;52;53;54;55;56;57;58;59;60;61
True,146,85,0.7306478777829942,0.0,13.16628316072621,266.0,442.0,54.0,56.0,52.94256322369837,50,10,4,0,0.16666666666666666,0.23333333333333334,323.0,0.14082620166686416,0.16390886446965441,0.040762486565715815,0.08751667751988057,20,0,54,56,40,110,13,2,8,0.6268507180531939,0.4857196752206667,16,60,89,35,8,54,0.6268507180531939,nenhuma,52.94256322369837,0.0,58,0,terminal,0.6662378956090883,10,14,centralizada,j6010_1.sm,0,GOV,0,1.7176470588235293,0.3333333333333333,20,0.0,0.0,0.7468242209892174,60,14,60,60,2;3;4;5;6;7;8;9;10;11;12;13;14;15;16;17;18;19;20;21;22;23;24;25;26;27;28;29;30;31;32;33;34;35;36;37;38;39;40;41;42;43;44;45;46;47;48;49;50;51;52;53;54;55;56;57;58;59;60;61,2;3;4;5;6;7;8;9;10;11;12;13;14;15;16;17;18;19;20;21;22;23;24;25;26;27;28;29;30;31;32;33;34;35;36;37;38;39;40;41;42;43;44;45;46;47;48;49;50;51;52;53;54;55;56;57;58;59;60;61
True,154,85,0.754746697471175,0.0,7.402291867369405,282.0,469.0,39.0,61.0,52.40053288263895,54,6,9,0,0.1,0.25,323.0,0.13958566462403202,0.1622307519586345,0.022917312282877415,0.08432650136226323,22,0,39,61,38,100,6,5,24,0.6586427040007742,0.39362113220747674,14,60,70,31,24,39,0.6586427040007742,nenhuma,52.40053288263895,0.0,58,0,terminal,0.5507714848505351,10,14,centralizada,j6010_1.sm,1,GOV,0,1.811764705882353,0.36666666666666664,22,0.0,0.0,0.7065198901829739,60,15,60,60,2;3;4;5;6;7;8;9;10;11;12;13;14;15;16;17;18;19;20;21;22;23;24;25;26;27;28;29;30;31;32;33;34;35;36;37;38;39;40;41;42;43;44;45;46;47;48;49;50;51;52;53;54;55;56;57;58;59;60;61,2;3;4;5;6;7;8;9;10;11;12;13;14;15;16;17;18;19;20;21;22;23;24;25;26;27;28;29;30;31;32;33;34;35;36;37;38;39;40;41;42;43;44;45;46;47;48;49;50;51;52;53;54;55;56;57;58;59;60;61
True,151,85,0.7801753228184145,8.881784197001252e-16,9.744341342539677,254.0,477.0,35.0,34.0,65.40103518888354,48,12,5,0,0.2,0.2833333333333333,323.0,0.16838532666906597,0.2024799851049026,0.030168239450587234,0.1069691273399281,37,0,35,34,23,69,8,3,10,0.7659648859265082,0.2570239140832174,4,60,51,16,10,35,0.7659648859265082,nenhuma,65.40103518888354,0.0,72,0,terminal,0.6226496594062415,10,14,centralizada,j6010_1.sm,2,GOV,0,1.776470588235294,0.6166666666666667,37,0.0,0.0,0.5529660593110337,60,17,60,60,2;3;4;5;6;7;8;9;10;11;12;13;14;15;16;17;18;19;20;21;22;23;24;25;26;27;28;29;30;31;32;33;34;35;36;37;38;39;40;41;42;43;44;45;46;47;48;49;50;51;52;53;54;55;56;57;58;59;60;61,2;3;4;5;6;7;8;9;10;11;12;13;14;15;16;17;18;19;20;21;22;23;24;25;26;27;28;29;30;31;32;33;34;35;36;37;38;39;40;41;42;43;44;45;46;47;48;49;50;51;52;53;54;55;56;57;58;59;60;61
True,152,85,0.6745325480540972,0.0,9.946429055902469,282.0,415.0,82.0,63.0,55.24088229278027,53,7,9,0,0.11666666666666667,0.26666666666666666,323.0,0.1460468312095905,0.17102440338322064,0.030793898005889997,0.08978740503543503,31,0,82,63,29,145,11,8,14,0.794910294566222,0.24332019624229825,3,60,120,38,14,82,0.794910294566222,nenhuma,55.24088229278027,0.0,61,0,terminal,0.8555926196228563,10,14,centralizada,j6010_1.sm,3,GOV,0,1.7882352941176471,0.5166666666666667,31,0.0,0.0,0.7143810354746055,60,16,60,60,2;3;4;5;6;7;8;9;10;11;12;13;14;15;16;17;18;19;20;21;22;23;24;25;26;27;28;29;30;31;32;33;34;35;36;37;38;39;40;41;42;43;44;45;46;47;48;49;50;51;52;53;54;55;56;57;58;59;60;61,2;3;4;5;6;7;8;9;10;11;12;13;14;15;16;17;18;19;20;21;22;23;24;25;26;27;28;29;30;31;32;33;34;35;36;37;38;39;40;41;42;43;44;45;46;47;48;49;50;51;52;53;54;55;56;57;58;59;60;61
True,208,76,0.7746794356893159,0.0,9.061051072069258,287.0,474.0,44.0,38.0,55.865990192744825,51,9,5,0,0.15,0.23333333333333334,332.0,0.14403425823693117,0.16827105479742416,0.027292322506232706,0.09130429062603462,32,0,44,38,28,82,9,0,8,0.6268507180531939,0.4857196752206667,18,60,65,21,8,44,0.6268507180531939,nenhuma,55.865990192744825,0.0,62,0,terminal,0.6802705903029814,10,14,centralizada,j6021_1.sm,0,GOV,0,2.736842105263158,0.5333333333333333,32,0.0,0.0,0.7116245362727172,60,14,60,60,2;3;4;5;6;7;8;9;10;11;12;13;14;15;16;17;18;19;20;21;22;23;24;25;26;27;28;29;30;31;32;33;34;35;36;37;38;39;40;41;42;43;44;45;46;47;48;49;50;51;52;53;54;55;56;57;58;59;60;61,2;3;4;5;6;7;8;9;10;11;12;13;14;15;16;17;18;19;20;21;22;23;24;25;26;27;28;29;30;31;32;33;34;35;36;37;38;39;40;41;42;43;44;45;46;47;48;49;50;51;52;53;54;55;56;57;58;59;60;61
True,230,76,0.7798580359474225,0.0,16.624894002543634,260.0,519.0,20.0,35.0,91.5057408871666,48,12,10,0,0.2,0.36666666666666664,332.0,0.21606729744791395,0.27561970146736925,0.05007498193537239,0.137498048875105,33,0,20,35,27,55,8,0,10,0.6586427040007742,0.39362113220747674,17,60,37,17,10,20,0.6586427040007742,nenhuma,91.50574088716661,0.0,100,0,terminal,0.4237777546420422,10,14,centralizada,j6021_1.sm,1,GOV,0,3.026315789473684,0.55,33,0.0,0.0,0.6983292207841537,60,22,60,60,2;3;4;5;6;7;8;9;10;11;12;13;14;15;16;17;18;19;20;21;22;23;24;25;26;27;28;29;30;31;32;33;34;35;36;37;38;39;40;41;42;43;44;45;46;47;48;49;50;51;52;53;54;55;56;57;58;59;60;61,2;3;4;5;6;7;8;9;10;11;12;13;14;15;16;17;18;19;20;21;22;23;24;25;26;27;28;29;30;31;32;33;34;35;36;37;38;39;40;41;42;43;44;45;46;47;48;49;50;51;52;53;54;55;56;57;58;59;60;61
True,222,76,0.7355411814525772,0.0,16.875553063790615,277.0,479.0,42.0,37.0,93.22118526939711,52,8,14,0,0.13333333333333333,0.36666666666666664,332.0,0.21922987023879636,0.280786702618666,0.050829979107803056,0.14314826878802075,32,0,42,37,28,79,4,0,12,0.7659648859265082,0.2570239140832174,6,60,63,21,12,42,0.7659648859265082,nenhuma,93.22118526939711,0.0,103,0,terminal,0.6727824355938612,10,14,centralizada,j6021_1.sm,2,GOV,0,2.9210526315789473,0.5333333333333333,32,0.0,0.0,0.7065339867774031,60,22,60,60,2;3;4;5;6;7;8;9;10;11;12;13;14;15;16;17;18;19;20;21;22;23;24;25;26;27;28;29;30;31;32;33;34;35;36;37;38;39;40;41;42;43;44;45;46;47;48;49;50;51;52;53;54;55;56;57;58;59;60;61,2;3;4;5;6;7;8;9;10;11;12;13;14;15;16;17;18;19;20;21;22;23;24;25;26;27;28;29;30;31;32;33;34;35;36;37;38;39;40;41;42;43;44;45;46;47;48;49;50;51;52;53;54;55;56;57;58;59;60;61
True,232,76,0.7508733194893866,0.0,11.58160704906256,260.0,554.0,41.0,58.0,84.80754438942431,50,10,7,0,0.16666666666666666,0.2833333333333333,332.0,0.2034693122305589,0.255444410811519,0.03488435858151374,0.11494534724445946,36,0,41,58,24,99,0,0,22,0.794910294566222,0.24332019624229825,2,60,77,36,22,41,0.794910294566222,nenhuma,84.80754438942431,0.0,91,0,terminal,0.46391946287719676,10,14,centralizada,j6021_1.sm,3,GOV,0,3.0526315789473686,0.6,36,0.0,0.0,0.642617055051131,60,17,60,60,2;3;4;5;6;7;8;9;10;11;12;13;14;15;16;17;18;19;20;21;22;23;24;25;26;27;28;29;30;31;32;33;34;35;36;37;38;39;40;41;42;43;44;45;46;47;48;49;50;51;52;53;54;55;56;57;58;59;60;61,2;3;4;5;6;7;8;9;10;11;12;13;14;15;16;17;18;19;20;21;22;23;24;25;26;27;28;29;30;31;32;33;34;35;36;37;38;39;40;41;42;43;44;45;46;47;48;49;50;51;52;53;54;55;56;57;58;59;60;61
True,138,69,0.7813393085867825,8.881784197001252e-16,12.538632912675258,289.0,510.0,51.0,51.0,40.725383703583255,49,11,3,0,0.18333333333333332,0.23333333333333334,337.0,0.10781743949604973,0.12084683591567731,0.03720662585363578,0.062392829695861095,29,0,51,51,31,102,4,9,16,0.6268507180531939,0.4857196752206667,14,60,82,31,16,51,0.6268507180531939,nenhuma,40.72538370358325,0.0,47,0,terminal,0.6531577059332384,10,14,centralizada,j6032_1.sm,0,GOV,0,2.0,0.48333333333333334,29,0.0,0.0,0.5700192439528395,60,14,60,60,2;3;4;5;6;7;8;9;10;11;12;13;14;15;16;17;18;19;20;21;22;23;24;25;26;27;28;29;30;31;32;33;34;35;36;37;38;39;40;41;42;43;44;45;46;47;48;49;50;51;52;53;54;55;56;57;58;59;60;61,2;3;4;5;6;7;8;9;10;11;12;13;14;15;16;17;18;19;20;21;22;23;24;25;26;27;28;29;30;31;32;33;34;35;36;37;38;39;40;41;42;43;44;45;46;47;48;49;50;51;52;53;54;55;56;57;58;59;60;61
True,134,69,0.751556399720161,0.0,8.859375923128342,306.0,534.0,29.0,74.0,73.52551771075693,55,5,13,0,0.08333333333333333,0.3,337.0,0.17910096824373445,0.21817661041767636,0.026288949326790333,0.10348047449111875,31,0,29,74,29,103,11,25,16,0.6586427040007742,0.39362113220747674,13,60,76,47,16,29,0.6586427040007742,nenhuma,73.52551771075693,0.0,80,0,terminal,0.5025670730947936,10,14,centralizada,j6032_1.sm,1,GOV,0,1.9420289855072463,0.5166666666666667,31,0.0,0.0,0.44789728468123663,60,18,60,60,2;3;4;5;6;7;8;9;10;11;12;13;14;15;16;17;18;19;20;21;22;23;24;25;26;27;28;29;30;31;32;33;34;35;36;37;38;39;40;41;42;43;44;45;46;47;48;49;50;51;52;53;54;55;56;57;58;59;60;61,2;3;4;5;6;7;8;9;10;11;12;13;14;15;16;17;18;19;20;21;22;23;24;25;26;27;28;29;30;31;32;33;34;35;36;37;38;39;40;41;42;43;44;45;46;47;48;49;50;51;52;53;54;55;56;57;58;59;60;61
True,140,69,0.7413555285069726,0.0,15.718885368557807,289.0,549.0,28.0,106.0,57.53538267346516,54,6,6,0,0.1,0.2,337.0,0.1458307295117406,0.17072813849692925,0.04664357676129913,0.07769430606509595,35,0,28,106,25,134,0,53,23,0.7659648859265082,0.2570239140832174,2,60,111,83,23,28,0.7659648859265082,nenhuma,57.53538267346516,0.0,61,0,terminal,0.40889819633958885,10,14,centralizada,j6032_1.sm,2,GOV,0,2.028985507246377,0.5833333333333334,35,0.0,0.0,0.5125237362289471,60,12,60,60,2;3;4;5;6;7;8;9;10;11;12;13;14;15;16;17;18;19;20;21;22;23;24;25;26;27;28;29;30;31;32;33;34;35;36;37;38;39;40;41;42;43;44;45;46;47;48;49;50;51;52;53;54;55;56;57;58;59;60;61,2;3;4;5;6;7;8;9;10;11;12;13;14;15;16;17;18;19;20;21;22;23;24;25;26;27;28;29;30;31;32;33;34;35;36;37;38;39;40;41;42;43;44;45;46;47;48;49;50;51;52;53;54;55;56;57;58;59;60;61
True,145,69,0.6899125153645214,0.0,14.296420251882887,272.0,519.0,81.0,81.0,71.2692927606652,50,10,8,0,0.16666666666666666,0.3,337.0,0.17456442114162268,0.21148158089218158,0.04242261202339136,0.09473906943499229,34,0,81,81,26,162,0,22,19,0.794910294566222,0.24332019624229825,0,60,143,62,19,81,0.794910294566222,nenhuma,71.2692927606652,0.0,78,0,terminal,0.5819061685540231,10,14,centralizada,j6032_1.sm,3,GOV,0,2.101449275362319,0.5666666666666667,34,0.0,0.0,0.4799511731370678,60,18,60,60,2;3;4;5;6;7;8;9;10;11;12;13;14;15;16;17;18;19;20;21;22;23;24;25;26;27;28;29;30;31;32;33;34;35;36;37;38;39;40;41;42;43;44;45;46;47;48;49;50;51;52;53;54;55;56;57;58;59;60;61,2;3;4;5;6;7;8;9;10;11;12;13;14;15;16;17;18;19;20;21;22;23;24;25;26;27;28;29;30;31;32;33;34;35;36;37;38;39;40;41;42;43;44;45;46;47;48;49;50;51;52;53;54;55;56;57;58;59;60;61
True,156,108,0.5365168539325843,0.0,6.0,292.0,382.0,181.0,123.0,26.0,54,6,2,0,0.1,0.13333333333333333,334.0,0.07222222222222222,0.07784431137724551,0.017964071856287425,0.03651685393258427,19,0,181,123,41,304,32,2,14,0.6268507180531939,0.4857196752206667,21,60,258,77,14,181,0.6268507180531939,nenhuma,26.0,0.0,28,0,terminal,0.8874399109300938,10,14,centralizada,j6043_1.sm,0,GOV,0,1.4444444444444444,0.31666666666666665,19,0.0,0.0,0.9425568148693964,60,8,60,60,2;3;4;5;6;7;8;9;10;11;12;13;14;15;16;17;18;19;20;21;22;23;24;25;26;27;28;29;30;31;32;33;34;35;36;37;38;39;40;41;42;43;44;45;46;47;48;49;50;51;52;53;54;55;56;57;58;59;60;61,2;3;4;5;6;7;8;9;10;11;12;13;14;15;16;17;18;19;20;21;22;23;24;25;26;27;28;29;30;31;32;33;34;35;36;37;38;39;40;41;42;43;44;45;46;47;48;49;50;51;52;53;54;55;56;57;58;59;60;61
True,151,108,0.5873325912723748,0.0,12.00362935932053,249.0,392.0,132.0,79.0,64.42422577093201,47,13,5,0,0.21666666666666667,0.3,334.0,0.16169756155332718,0.19288690350578447,0.0359390100578459,0.09652665169070919,19,0,132,79,41,211,22,4,16,0.6586427040007742,0.39362113220747674,20,60,173,41,16,132,0.6586427040007742,nenhuma,64.42422577093201,0.0,71,0,terminal,0.8533333333333334,10,14,centralizada,j6043_1.sm,1,GOV,0,1.3981481481481481,0.31666666666666665,19,0.0,0.0,0.8210992137816198,60,18,60,60,2;3;4;5;6;7;8;9;10;11;12;13;14;15;16;17;18;19;20;21;22;23;24;25;26;27;28;29;30;31;32;33;34;35;36;37;38;39;40;41;42;43;44;45;46;47;48;49;50;51;52;53;54;55;56;57;58;59;60;61,2;3;4;5;6;7;8;9;10;11;12;13;14;15;16;17;18;19;20;21;22;23;24;25;26;27;28;29;30;31;32;33;34;35;36;37;38;39;40;41;42;43;44;45;46;47;48;49;50;51;52;53;54;55;56;57;58;59;60;61
True,203,108,0.6630307304500304,8.881784197001252e-16,16.186160258038516,269.0,476.0,74.0,85.0,82.91544213481066,51,9,9,0,0.15,0.3,334.0,0.19887831861118674,0.24824982675093013,0.04846155765879795,0.11549471883241752,24,0,74,85,36,159,2,16,20,0.7659648859265082,0.2570239140832174,6,60,137,63,20,74,0.7659648859265082,nenhuma,82.91544213481063,0.0,89,0,terminal,0.5915027360019879,10,14,centralizada,j6043_1.sm,2,GOV,0,1.8796296296296295,0.4,24,0.0,0.0,0.7302462037649793,60,18,60,60,2;3;4;5;6;7;8;9;10;11;12;13;14;15;16;17;18;19;20;21;22;23;24;25;26;27;28;29;30;31;32;33;34;35;36;37;38;39;40;41;42;43;44;45;46;47;48;49;50;51;52;53;54;55;56;57;58;59;60;61,2;3;4;5;6;7;8;9;10;11;12;13;14;15;16;17;18;19;20;21;22;23;24;25;26;27;28;29;30;31;32;33;34;35;36;37;38;39;40;41;42;43;44;45;46;47;48;49;50;51;52;53;54;55;56;57;58;59;60;61
True,163,108,0.6147587246277283,0.0,8.833253168028927,278.0,406.0,125.0,82.0,47.4216967329033,52,8,5,0,0.13333333333333333,0.21666666666666667,334.0,0.1243287865873847,0.14198112794282425,0.026446865772541697,0.07180517685517868,26,0,125,82,34,207,1,0,38,0.794910294566222,0.24332019624229825,4,60,168,43,38,125,0.794910294566222,nenhuma,47.4216967329033,0.0,52,0,terminal,0.7216666666666667,10,14,centralizada,j6043_1.sm,3,GOV,0,1.5092592592592593,0.43333333333333335,26,0.0,0.0,0.7691695287454485,60,13,60,60,2;3;4;5;6;7;8;9;10;11;12;13;14;15;16;17;18;19;20;21;22;23;24;25;26;27;28;29;30;31;32;33;34;35;36;37;38;39;40;41;42;43;44;45;46;47;48;49;50;51;52;53;54;55;56;57;58;59;60;61,2;3;4;5;6;7;8;9;10;11;12;13;14;15;16;17;18;19;20;21;22;23;24;25;26;27;28;29;30;31;32;33;34;35;36;37;38;39;40;41;42;43;44;45;46;47;48;49;50;51;52;53;54;55;56;57;58;59;60;61
True,141,85,0.7264931029929528,0.0,8.823954915567061,305.0,437.0,59.0,55.0,50.51981925179959,55,5,11,0,0.08333333333333333,0.26666666666666666,323.0,0.13525338321537053,0.15640810913869843,0.02731874586862867,0.0839869570958421,25,0,59,55,35,114,10,2,9,0.6268507180531939,0.4857196752206667,16,60,95,36,9,59,0.6268507180531939,nenhuma,50.51981925179959,0.0,56,0,terminal,0.7355892627202935,10,17,adaptativa,j6010_1.sm,0,GOV,0,1.6588235294117648,0.4166666666666667,25,0.0,0.0,0.700651430087124,60,16,60,60,2;3;4;5;6;7;8;9;10;11;12;13;14;15;16;17;18;19;20;21;22;23;24;25;26;27;28;29;30;31;32;33;34;35;36;37;38;39;40;41;42;43;44;45;46;47;48;49;50;51;52;53;54;55;56;57;58;59;60;61,2;3;4;5;6;7;8;9;10;11;12;13;14;15;16;17;18;19;20;21;22;23;24;25;26;27;28;29;30;31;32;33;34;35;36;37;38;39;40;41;42;43;44;45;46;47;48;49;50;51;52;53;54;55;56;57;58;59;60;61
True,159,85,0.7038440010875688,0.0,6.981395555064544,313.0,461.0,48.0,80.0,65.97468087768019,58,2,16,0,0.03333333333333333,0.3,323.0,0.1696117616931141,0.20425597794947425,0.02161422772465803,0.1007285973089413,22,0,48,80,38,128,5,5,29,0.6586427040007742,0.39362113220747674,14,60,94,46,29,48,0.6586427040007742,nenhuma,65.97468087768019,0.0,72,0,terminal,0.5896981442084226,10,17,adaptativa,j6010_1.sm,1,GOV,0,1.8705882352941177,0.36666666666666664,22,0.0,0.0,0.7356450871088877,60,18,60,60,2;3;4;5;6;7;8;9;10;11;12;13;14;15;16;17;18;19;20;21;22;23;24;25;26;27;28;29;30;31;32;33;34;35;36;37;38;39;40;41;42;43;44;45;46;47;48;49;50;51;52;53;54;55;56;57;58;59;60;61,2;3;4;5;6;7;8;9;10;11;12;13;14;15;16;17;18;19;20;21;22;23;24;25;26;27;28;29;30;31;32;33;34;35;36;37;38;39;40;41;42;43;44;45;46;47;48;49;50;51;52;53;54;55;56;57;58;59;60;61
True,158,85,0.7693541267778365,0.0,6.770155240430661,305.0,495.0,33.0,35.0,80.39682179015497,57,3,16,0,0.05,0.31666666666666665,323.0,0.1992995914875527,0.2489065690097677,0.020960232942509788,0.12495682146278389,36,0,33,35,24,68,8,5,10,0.7659648859265082,0.2570239140832174,4,60,50,17,10,33,0.7659648859265082,nenhuma,80.39682179015499,0.0,91,0,terminal,0.5928463578717352,10,17,adaptativa,j6010_1.sm,2,GOV,0,1.8588235294117648,0.6,36,0.0,0.0,0.5383534047144753,60,19,60,60,2;3;4;5;6;7;8;9;10;11;12;13;14;15;16;17;18;19;20;21;22;23;24;25;26;27;28;29;30;31;32;33;34;35;36;37;38;39;40;41;42;43;44;45;46;47;48;49;50;51;52;53;54;55;56;57;58;59;60;61,2;3;4;5;6;7;8;9;10;11;12;13;14;15;16;17;18;19;20;21;22;23;24;25;26;27;28;29;30;31;32;33;34;35;36;37;38;39;40;41;42;43;44;45;46;47;48;49;50;51;52;53;54;55;56;57;58;59;60;61
True,156,85,0.7023142443314098,0.0,4.5,313.0,457.0,67.0,73.0,53.70586804779332,58,2,14,0,0.03333333333333333,0.26666666666666666,323.0,0.14256711297361463,0.16627203729966972,0.01393188854489164,0.08253478366334435,22,0,67,73,38,140,4,6,14,0.794910294566222,0.24332019624229825,3,60,122,55,14,67,0.794910294566222,nenhuma,53.70586804779331,0.0,60,0,terminal,0.7162354944908572,10,17,adaptativa,j6010_1.sm,3,GOV,0,1.8352941176470587,0.36666666666666664,22,0.0,0.0,0.6804686174537522,60,16,60,60,2;3;4;5;6;7;8;9;10;11;12;13;14;15;16;17;18;19;20;21;22;23;24;25;26;27;28;29;30;31;32;33;34;35;36;37;38;39;40;41;42;43;44;45;46;47;48;49;50;51;52;53;54;55;56;57;58;59;60;61,2;3;4;5;6;7;8;9;10;11;12;13;14;15;16;17;18;19;20;21;22;23;24;25;26;27;28;29;30;31;32;33;34;35;36;37;38;39;40;41;42;43;44;45;46;47;48;49;50;51;52;53;54;55;56;57;58;59;60;61
True,214,76,0.7217949468967405,0.0,11.691719159637948,295.0,452.0,60.0,48.0,66.21663111291198,54,6,12,0,0.1,0.3,332.0,0.16628293732447516,0.1994476840750361,0.03521602156517454,0.1057407737562508,31,0,60,48,29,108,12,0,10,0.6268507180531939,0.4857196752206667,18,60,86,26,10,60,0.6268507180531939,nenhuma,66.21663111291198,0.0,73,0,terminal,0.7930166408762505,10,17,adaptativa,j6021_1.sm,0,GOV,0,2.8157894736842106,0.5166666666666667,31,0.0,0.0,0.7412511697652959,60,18,60,60,2;3;4;5;6;7;8;9;10;11;12;13;14;15;16;17;18;19;20;21;22;23;24;25;26;27;28;29;30;31;32;33;34;35;36;37;38;39;40;41;42;43;44;45;46;47;48;49;50;51;52;53;54;55;56;57;58;59;60;61,2;3;4;5;6;7;8;9;10;11;12;13;14;15;16;17;18;19;20;21;22;23;24;25;26;27;28;29;30;31;32;33;34;35;36;37;38;39;40;41;42;43;44;45;46;47;48;49;50;51;52;53;54;55;56;57;58;59;60;61
True,265,76,0.792745153318916,0.0,10.34992506079981,298.0,532.0,18.0,27.0,94.08578055977097,54,6,15,0,0.1,0.35,332.0,0.220814176047287,0.283390905300515,0.031174473074698224,0.14019933559207803,32,0,18,27,28,45,2,0,10,0.6586427040007742,0.39362113220747674,17,60,33,15,10,18,0.6586427040007742,nenhuma,94.08578055977097,0.0,104,0,terminal,0.4154613662547543,10,17,adaptativa,j6021_1.sm,1,GOV,0,3.486842105263158,0.5333333333333333,32,0.0,0.0,0.7154954612143076,60,21,60,60,2;3;4;5;6;7;8;9;10;11;12;13;14;15;16;17;18;19;20;21;22;23;24;25;26;27;28;29;30;31;32;33;34;35;36;37;38;39;40;41;42;43;44;45;46;47;48;49;50;51;52;53;54;55;56;57;58;59;60;61,2;3;4;5;6;7;8;9;10;11;12;13;14;15;16;17;18;19;20;21;22;23;24;25;26;27;28;29;30;31;32;33;34;35;36;37;38;39;40;41;42;43;44;45;46;47;48;49;50;51;52;53;54;55;56;57;58;59;60;61
True,241,76,0.829974972668066,0.0,8.92323606911129,317.0,488.0,23.0,19.0,57.969536516575324,58,2,12,0,0.03333333333333333,0.23333333333333334,332.0,0.14865144860901558,0.17460703770052807,0.026877217075636416,0.09859275509410872,31,0,23,19,29,42,4,0,9,0.7659648859265082,0.2570239140832174,6,60,29,6,9,23,0.7659648859265082,nenhuma,57.969536516575324,0.0,63,0,terminal,0.47275604636132146,10,17,adaptativa,j6021_1.sm,2,GOV,0,3.1710526315789473,0.5166666666666667,31,0.0,0.0,0.7651909917926293,60,14,60,60,2;3;4;5;6;7;8;9;10;11;12;13;14;15;16;17;18;19;20;21;22;23;24;25;26;27;28;29;30;31;32;33;34;35;36;37;38;39;40;41;42;43;44;45;46;47;48;49;50;51;52;53;54;55;56;57;58;59;60;61,2;3;4;5;6;7;8;9;10;11;12;13;14;15;16;17;18;19;20;21;22;23;24;25;26;27;28;29;30;31;32;33;34;35;36;37;38;39;40;41;42;43;44;45;46;47;48;49;50;51;52;53;54;55;56;57;58;59;60;61
True,238,76,0.7028159569381722,0.0,7.584675122081231,310.0,483.0,50.0,53.0,101.23539246916997,57,3,18,0,0.05,0.35,332.0,0.2336729506151188,0.30492588093123485,0.022845406994220576,0.1473081764683874,38,0,50,53,22,103,0,0,17,0.794910294566222,0.24332019624229825,2,60,86,36,17,50,0.794910294566222,nenhuma,101.23539246916995,0.0,109,0,terminal,0.6690140252241541,10,17,adaptativa,j6021_1.sm,3,GOV,0,3.1315789473684212,0.6333333333333333,38,0.0,0.0,0.6954966905095035,60,21,60,60,2;3;4;5;6;7;8;9;10;11;12;13;14;15;16;17;18;19;20;21;22;23;24;25;26;27;28;29;30;31;32;33;34;35;36;37;38;39;40;41;42;43;44;45;46;47;48;49;50;51;52;53;54;55;56;57;58;59;60;61,2;3;4;5;6;7;8;9;10;11;12;13;14;15;16;17;18;19;20;21;22;23;24;25;26;27;28;29;30;31;32;33;34;35;36;37;38;39;40;41;42;43;44;45;46;47;48;49;50;51;52;53;54;55;56;57;58;59;60;61
True,138,69,0.7711297230304871,0.0,3.5,325.0,485.0,50.0,66.0,27.947355438437913,57,3,7,0,0.05,0.16666666666666666,337.0,0.07657914222960381,0.08292983809625494,0.010385756676557863,0.04443512671892207,27,0,50,66,33,116,18,15,18,0.6268507180531939,0.4857196752206667,14,60,80,30,18,50,0.6268507180531939,nenhuma,27.947355438437913,0.0,33,0,terminal,0.6753030671519679,10,17,adaptativa,j6032_1.sm,0,GOV,0,2.0,0.45,27,0.0,0.0,0.620771084103831,60,10,60,60,2;3;4;5;6;7;8;9;10;11;12;13;14;15;16;17;18;19;20;21;22;23;24;25;26;27;28;29;30;31;32;33;34;35;36;37;38;39;40;41;42;43;44;45;46;47;48;49;50;51;52;53;54;55;56;57;58;59;60;61,2;3;4;5;6;7;8;9;10;11;12;13;14;15;16;17;18;19;20;21;22;23;24;25;26;27;28;29;30;31;32;33;34;35;36;37;38;39;40;41;42;43;44;45;46;47;48;49;50;51;52;53;54;55;56;57;58;59;60;61
True,152,69,0.7304709190230269,0.0,8.781454516692495,306.0,541.0,31.0,79.0,89.6181216954728,54,6,15,0,0.1,0.35,337.0,0.2100663735035703,0.26592914449695193,0.02605772853617951,0.12100449485399163,30,0,31,79,30,110,13,27,16,0.6586427040007742,0.39362113220747674,13,60,81,50,16,31,0.6586427040007742,nenhuma,89.61812169547281,0.0,97,0,terminal,0.5043651921719977,10,17,adaptativa,j6032_1.sm,1,GOV,0,2.2028985507246377,0.5,30,0.0,0.0,0.4720037601895317,60,21,60,60,2;3;4;5;6;7;8;9;10;11;12;13;14;15;16;17;18;19;20;21;22;23;24;25;26;27;28;29;30;31;32;33;34;35;36;37;38;39;40;41;42;43;44;45;46;47;48;49;50;51;52;53;54;55;56;57;58;59;60;61,2;3;4;5;6;7;8;9;10;11;12;13;14;15;16;17;18;19;20;21;22;23;24;25;26;27;28;29;30;31;32;33;34;35;36;37;38;39;40;41;42;43;44;45;46;47;48;49;50;51;52;53;54;55;56;57;58;59;60;61
True,155,69,0.7412030894217697,0.0,3.202439492642716,326.0,586.0,29.0,82.0,93.60652655556616,58,2,17,0,0.03333333333333333,0.31666666666666665,337.0,0.21738297211685903,0.2777641737553892,0.00950278781199619,0.11839837316216137,35,0,29,82,25,111,0,28,22,0.7659648859265082,0.2570239140832174,2,60,89,60,22,29,0.7659648859265082,nenhuma,93.60652655556616,0.0,100,0,terminal,0.3650713803806917,10,17,adaptativa,j6032_1.sm,2,GOV,0,2.246376811594203,0.5833333333333334,35,0.0,0.0,0.4628628130594769,60,19,60,60,2;3;4;5;6;7;8;9;10;11;12;13;14;15;16;17;18;19;20;21;22;23;24;25;26;27;28;29;30;31;32;33;34;35;36;37;38;39;40;41;42;43;44;45;46;47;48;49;50;51;52;53;54;55;56;57;58;59;60;61,2;3;4;5;6;7;8;9;10;11;12;13;14;15;16;17;18;19;20;21;22;23;24;25;26;27;28;29;30;31;32;33;34;35;36;37;38;39;40;41;42;43;44;45;46;47;48;49;50;51;52;53;54;55;56;57;58;59;60;61
True,146,69,0.661888821718902,0.0,3.5,318.0,526.0,110.0,88.0,70.6953970819397,57,3,13,0,0.05,0.26666666666666666,337.0,0.17340249016284862,0.20977862635590416,0.010385756676557863,0.08895911231086497,33,0,110,88,27,198,0,6,35,0.794910294566222,0.24332019624229825,0,60,163,53,35,110,0.794910294566222,nenhuma,70.6953970819397,0.0,79,0,terminal,0.7166666666666667,10,17,adaptativa,j6032_1.sm,3,GOV,0,2.1159420289855073,0.55,33,0.0,0.0,0.5252057223529614,60,16,60,60,2;3;4;5;6;7;8;9;10;11;12;13;14;15;16;17;18;19;20;21;22;23;24;25;26;27;28;29;30;31;32;33;34;35;36;37;38;39;40;41;42;43;44;45;46;47;48;49;50;51;52;53;54;55;56;57;58;59;60;61,2;3;4;5;6;7;8;9;10;11;12;13;14;15;16;17;18;19;20;21;22;23;24;25;26;27;28;29;30;31;32;33;34;35;36;37;38;39;40;41;42;43;44;45;46;47;48;49;50;51;52;53;54;55;56;57;58;59;60;61
True,167,108,0.5846275503487799,0.0,6.090657098403634,326.0,390.0,140.0,100.0,37.091381114920004,59,1,9,0,0.016666666666666666,0.16666666666666666,334.0,0.09995214926167607,0.11105203926622756,0.01823550029462166,0.05560164943658636,21,0,140,100,39,240,22,0,12,0.6268507180531939,0.4857196752206667,21,60,206,66,12,140,0.6268507180531939,nenhuma,37.091381114920004,0.0,40,0,terminal,0.8878803997873511,10,17,adaptativa,j6043_1.sm,0,GOV,0,1.5462962962962963,0.35,21,0.0,0.0,0.8782756698259414,60,10,60,60,2;3;4;5;6;7;8;9;10;11;12;13;14;15;16;17;18;19;20;21;22;23;24;25;26;27;28;29;30;31;32;33;34;35;36;37;38;39;40;41;42;43;44;45;46;47;48;49;50;51;52;53;54;55;56;57;58;59;60;61,2;3;4;5;6;7;8;9;10;11;12;13;14;15;16;17;18;19;20;21;22;23;24;25;26;27;28;29;30;31;32;33;34;35;36;37;38;39;40;41;42;43;44;45;46;47;48;49;50;51;52;53;54;55;56;57;58;59;60;61
True,190,108,0.6593510702796826,0.0,0.7631582375996695,333.0,434.0,82.0,73.0,69.22294004301293,59,1,19,0,0.016666666666666666,0.3333333333333333,334.0,0.17167411168528438,0.20725431150602672,0.0022849049029930223,0.10516640462043059,22,0,82,73,38,155,19,1,14,0.6586427040007742,0.39362113220747674,20,60,122,40,14,82,0.6586427040007742,nenhuma,69.22294004301293,0.0,75,0,terminal,0.7575068902500176,10,17,adaptativa,j6043_1.sm,1,GOV,0,1.7592592592592593,0.36666666666666664,22,0.0,0.0,0.8143489294871163,60,20,60,60,2;3;4;5;6;7;8;9;10;11;12;13;14;15;16;17;18;19;20;21;22;23;24;25;26;27;28;29;30;31;32;33;34;35;36;37;38;39;40;41;42;43;44;45;46;47;48;49;50;51;52;53;54;55;56;57;58;59;60;61,2;3;4;5;6;7;8;9;10;11;12;13;14;15;16;17;18;19;20;21;22;23;24;25;26;27;28;29;30;31;32;33;34;35;36;37;38;39;40;41;42;43;44;45;46;47;48;49;50;51;52;53;54;55;56;57;58;59;60;61
True,192,108,0.6651892959525089,0.0,8.088281194681086,311.0,473.0,78.0,73.0,87.07578380781668,57,3,18,0,0.05,0.35,334.0,0.20679361567740728,0.26070593954436133,0.02421641076251822,0.12245640449394174,25,0,78,73,35,151,1,4,16,0.7659648859265082,0.2570239140832174,6,60,134,56,16,78,0.7659648859265082,nenhuma,87.07578380781668,0.0,94,0,terminal,0.6186523886084311,10,17,adaptativa,j6043_1.sm,2,GOV,0,1.7777777777777777,0.4166666666666667,25,0.0,0.0,0.7298307008515378,60,21,60,60,2;3;4;5;6;7;8;9;10;11;12;13;14;15;16;17;18;19;20;21;22;23;24;25;26;27;28;29;30;31;32;33;34;35;36;37;38;39;40;41;42;43;44;45;46;47;48;49;50;51;52;53;54;55;56;57;58;59;60;61,2;3;4;5;6;7;8;9;10;11;12;13;14;15;16;17;18;19;20;21;22;23;24;25;26;27;28;29;30;31;32;33;34;35;36;37;38;39;40;41;42;43;44;45;46;47;48;49;50;51;52;53;54;55;56;57;58;59;60;61
True,172,108,0.587382051943874,0.0,6.8973335133809215,280.0,416.0,150.0,95.0,47.22729197001405,53,7,6,0,0.11666666666666667,0.21666666666666667,334.0,0.12388224286347468,0.1413990777545331,0.020650699141859047,0.06668380688725793,23,0,150,95,37,245,1,0,34,0.794910294566222,0.24332019624229825,4,60,210,60,34,150,0.794910294566222,nenhuma,47.22729197001405,0.0,50,0,terminal,0.7160214948074914,10,17,adaptativa,j6043_1.sm,3,GOV,0,1.5925925925925926,0.38333333333333336,23,0.0,0.0,0.8139476660685473,60,13,60,60,2;3;4;5;6;7;8;9;10;11;12;13;14;15;16;17;18;19;20;21;22;23;24;25;26;27;28;29;30;31;32;33;34;35;36;37;38;39;40;41;42;43;44;45;46;47;48;49;50;51;52;53;54;55;56;57;58;59;60;61,2;3;4;5;6;7;8;9;10;11;12;13;14;15;16;17;18;19;20;21;22;23;24;25;26;27;28;29;30;31;32;33;34;35;36;37;38;39;40;41;42;43;44;45;46;47;48;49;50;51;52;53;54;55;56;57;58;59;60;61
True,173,85,0.73861985386881,0.0,26.90426841086265,261.0,467.0,36.0,67.0,62.26028592909469,49,11,4,0,0.18333333333333332,0.25,323.0,0.16160577200151224,0.1927563031860517,0.08329494864044164,0.0984725552350712,20,0,36,67,40,103,21,2,23,0.6268507180531939,0.4857196752206667,16,60,59,23,23,36,0.6268507180531939,nenhuma,62.26028592909469,0.0,70,0,terminal,0.5960987930499949,10,18,centralizada,j6010_1.sm,0,GOV,0,2.0352941176470587,0.3333333333333333,20,0.0,0.0,0.7113348272877816,60,15,60,60,2;3;4;5;6;7;8;9;10;11;12;13;14;15;16;17;18;19;20;21;22;23;24;25;26;27;28;29;30;31;32;33;34;35;36;37;38;39;40;41;42;43;44;45;46;47;48;49;50;51;52;53;54;55;56;57;58;59;60;61,2;3;4;5;6;7;8;9;10;11;12;13;14;15;16;17;18;19;20;21;22;23;24;25;26;27;28;29;30;31;32;33;34;35;36;37;38;39;40;41;42;43;44;45;46;47;48;49;50;51;52;53;54;55;56;57;58;59;60;61
True,269,85,0.7431027513889891,0.0,40.5362169617296,189.0,514.0,15.0,64.0,98.69438417398403,38,22,3,0,0.36666666666666664,0.4166666666666667,323.0,0.2340424437174017,0.30555536895970287,0.12549912372052507,0.14268495802787828,34,0,15,64,26,79,18,7,24,0.6586427040007742,0.39362113220747674,14,60,37,22,24,15,0.6586427040007742,nenhuma,98.69438417398405,0.0,106,0,terminal,0.37108638634483965,10,18,centralizada,j6010_1.sm,1,GOV,0,3.164705882352941,0.5666666666666667,34,0.0,0.0,0.7621587107048318,60,25,60,60,2;3;4;5;6;7;8;9;10;11;12;13;14;15;16;17;18;19;20;21;22;23;24;25;26;27;28;29;30;31;32;33;34;35;36;37;38;39;40;41;42;43;44;45;46;47;48;49;50;51;52;53;54;55;56;57;58;59;60;61,2;3;4;5;6;7;8;9;10;11;12;13;14;15;16;17;18;19;20;21;22;23;24;25;26;27;28;29;30;31;32;33;34;35;36;37;38;39;40;41;42;43;44;45;46;47;48;49;50;51;52;53;54;55;56;57;58;59;60;61
True,298,85,0.7264308683435599,1.7763568394002505e-15,26.176493637680135,241.0,465.0,38.0,84.0,53.11597009955506,48,12,0,0,0.2,0.2,323.0,0.14122232056643502,0.16444572786239955,0.08104177596804996,0.0829786672738287,26,0,38,84,34,122,17,15,20,0.7659648859265082,0.2570239140832174,4,60,85,47,20,38,0.7659648859265082,nenhuma,53.11597009955506,0.0,58,0,terminal,0.6365566727073847,10,18,centralizada,j6010_1.sm,2,GOV,0,3.5058823529411764,0.43333333333333335,26,0.0,0.0,0.833151462424572,60,12,60,60,2;3;4;5;6;7;8;9;10;11;12;13;14;15;16;17;18;19;20;21;22;23;24;25;26;27;28;29;30;31;32;33;34;35;36;37;38;39;40;41;42;43;44;45;46;47;48;49;50;51;52;53;54;55;56;57;58;59;60;61,2;3;4;5;6;7;8;9;10;11;12;13;14;15;16;17;18;19;20;21;22;23;24;25;26;27;28;29;30;31;32;33;34;35;36;37;38;39;40;41;42;43;44;45;46;47;48;49;50;51;52;53;54;55;56;57;58;59;60;61
True,180,85,0.7408010918157313,0.0,26.810499790045597,254.0,474.0,40.0,72.0,53.84786906591648,49,11,0,0,0.18333333333333332,0.18333333333333332,323.0,0.1428902044726639,0.16671166893472594,0.08300464331283466,0.08415729999152208,29,0,40,72,31,112,4,7,29,0.794910294566222,0.24332019624229825,3,60,79,39,29,40,0.794910294566222,nenhuma,53.847869065916484,0.0,61,0,terminal,0.5968204455783825,10,18,centralizada,j6010_1.sm,3,GOV,0,2.1176470588235294,0.48333333333333334,29,0.0,0.0,0.6711788299341873,60,11,60,60,2;3;4;5;6;7;8;9;10;11;12;13;14;15;16;17;18;19;20;21;22;23;24;25;26;27;28;29;30;31;32;33;34;35;36;37;38;39;40;41;42;43;44;45;46;47;48;49;50;51;52;53;54;55;56;57;58;59;60;61,2;3;4;5;6;7;8;9;10;11;12;13;14;15;16;17;18;19;20;21;22;23;24;25;26;27;28;29;30;31;32;33;34;35;36;37;38;39;40;41;42;43;44;45;46;47;48;49;50;51;52;53;54;55;56;57;58;59;60;61
True,261,76,0.7536461720642714,0.0,29.541025397334742,260.0,537.0,24.0,62.0,89.53596170883796,47,13,4,0,0.21666666666666667,0.2833333333333333,332.0,0.2124040884812622,0.2696866316531264,0.08897899216064681,0.12565816537050076,35,0,24,62,25,86,14,0,27,0.6268507180531939,0.4857196752206667,18,60,45,21,27,24,0.6268507180531939,nenhuma,89.53596170883795,0.0,98,0,terminal,0.44843198042673355,10,18,centralizada,j6021_1.sm,0,GOV,0,3.4342105263157894,0.5833333333333334,35,0.0,0.0,0.6760652080833605,60,17,60,60,2;3;4;5;6;7;8;9;10;11;12;13;14;15;16;17;18;19;20;21;22;23;24;25;26;27;28;29;30;31;32;33;34;35;36;37;38;39;40;41;42;43;44;45;46;47;48;49;50;51;52;53;54;55;56;57;58;59;60;61,2;3;4;5;6;7;8;9;10;11;12;13;14;15;16;17;18;19;20;21;22;23;24;25;26;27;28;29;30;31;32;33;34;35;36;37;38;39;40;41;42;43;44;45;46;47;48;49;50;51;52;53;54;55;56;57;58;59;60;61
True,418,76,0.8204207837514883,0.0,25.275632146864833,236.0,520.0,6.0,33.0,74.8210955873492,40,20,2,0,0.3333333333333333,0.36666666666666664,332.0,0.1839164595909807,0.22536474574502774,0.07613142212911095,0.11804765746715011,28,0,6,33,32,39,2,1,19,0.6586427040007742,0.39362113220747674,17,60,18,12,19,6,0.6586427040007742,nenhuma,74.82109558734922,0.0,85,0,terminal,0.27187336490544384,10,18,centralizada,j6021_1.sm,1,GOV,0,5.5,0.4666666666666667,28,0.0,0.0,0.8493955540775011,60,22,60,60,2;3;4;5;6;7;8;9;10;11;12;13;14;15;16;17;18;19;20;21;22;23;24;25;26;27;28;29;30;31;32;33;34;35;36;37;38;39;40;41;42;43;44;45;46;47;48;49;50;51;52;53;54;55;56;57;58;59;60;61,2;3;4;5;6;7;8;9;10;11;12;13;14;15;16;17;18;19;20;21;22;23;24;25;26;27;28;29;30;31;32;33;34;35;36;37;38;39;40;41;42;43;44;45;46;47;48;49;50;51;52;53;54;55;56;57;58;59;60;61
True,314,76,0.8268914320076348,0.0,38.197303048605214,249.0,543.0,3.0,27.0,83.67629265626056,45,15,3,0,0.25,0.3,332.0,0.20130157561200115,0.252037026073074,0.11505211761628076,0.1274239584891809,31,0,3,27,29,30,3,0,13,0.7659648859265082,0.2570239140832174,6,60,14,11,13,3,0.7659648859265082,nenhuma,83.67629265626056,0.0,90,0,terminal,0.2525075390428748,10,18,centralizada,j6021_1.sm,2,GOV,0,4.131578947368421,0.5166666666666667,31,0.0,0.0,0.766012098682463,60,18,60,60,2;3;4;5;6;7;8;9;10;11;12;13;14;15;16;17;18;19;20;21;22;23;24;25;26;27;28;29;30;31;32;33;34;35;36;37;38;39;40;41;42;43;44;45;46;47;48;49;50;51;52;53;54;55;56;57;58;59;60;61,2;3;4;5;6;7;8;9;10;11;12;13;14;15;16;17;18;19;20;21;22;23;24;25;26;27;28;29;30;31;32;33;34;35;36;37;38;39;40;41;42;43;44;45;46;47;48;49;50;51;52;53;54;55;56;57;58;59;60;61
True,267,76,0.7798071399750711,0.0,27.53306591074292,208.0,542.0,11.0,53.0,89.04364889160502,41,19,2,0,0.31666666666666665,0.35,332.0,0.21148317787481632,0.26820376172170185,0.08293092141790036,0.12811231213119356,32,0,11,53,28,64,0,2,30,0.794910294566222,0.24332019624229825,2,60,34,23,30,11,0.794910294566222,nenhuma,89.043648891605,0.0,99,0,terminal,0.3077724055729942,10,18,centralizada,j6021_1.sm,3,GOV,0,3.513157894736842,0.5333333333333333,32,0.0,0.0,0.7009130644141409,60,21,60,60,2;3;4;5;6;7;8;9;10;11;12;13;14;15;16;17;18;19;20;21;22;23;24;25;26;27;28;29;30;31;32;33;34;35;36;37;38;39;40;41;42;43;44;45;46;47;48;49;50;51;52;53;54;55;56;57;58;59;60;61,2;3;4;5;6;7;8;9;10;11;12;13;14;15;16;17;18;19;20;21;22;23;24;25;26;27;28;29;30;31;32;33;34;35;36;37;38;39;40;41;42;43;44;45;46;47;48;49;50;51;52;53;54;55;56;57;58;59;60;61
True,173,69,0.7200602775054282,2.6645352591003757e-15,30.315698959910957,267.0,505.0,56.0,75.0,65.3301743980635,49,11,1,0,0.18333333333333332,0.2,337.0,0.16237950458427747,0.19385808426725076,0.089957563679261,0.0931518089238567,29,0,56,75,31,131,18,6,30,0.6268507180531939,0.4857196752206667,14,60,83,27,30,56,0.6268507180531939,nenhuma,65.3301743980635,0.0,72,0,terminal,0.7686081226940517,10,18,centralizada,j6032_1.sm,0,GOV,0,2.5072463768115942,0.48333333333333334,29,0.0,0.0,0.636460755741624,60,12,60,60,2;3;4;5;6;7;8;9;10;11;12;13;14;15;16;17;18;19;20;21;22;23;24;25;26;27;28;29;30;31;32;33;34;35;36;37;38;39;40;41;42;43;44;45;46;47;48;49;50;51;52;53;54;55;56;57;58;59;60;61,2;3;4;5;6;7;8;9;10;11;12;13;14;15;16;17;18;19;20;21;22;23;24;25;26;27;28;29;30;31;32;33;34;35;36;37;38;39;40;41;42;43;44;45;46;47;48;49;50;51;52;53;54;55;56;57;58;59;60;61
True,235,69,0.7249652971894662,0.0,37.91066995481567,220.0,551.0,21.0,101.0,87.03637985998485,40,20,2,0,0.3333333333333333,0.36666666666666664,337.0,0.20525686944295657,0.258268189495504,0.11249456959885955,0.11451607076495315,29,0,21,101,31,122,7,39,39,0.6586427040007742,0.39362113220747674,13,60,76,55,39,21,0.6586427040007742,nenhuma,87.03637985998485,0.0,93,0,terminal,0.3509013332239152,10,18,centralizada,j6032_1.sm,1,GOV,0,3.4057971014492754,0.48333333333333334,29,0.0,0.0,0.6749515886772034,60,22,60,60,2;3;4;5;6;7;8;9;10;11;12;13;14;15;16;17;18;19;20;21;22;23;24;25;26;27;28;29;30;31;32;33;34;35;36;37;38;39;40;41;42;43;44;45;46;47;48;49;50;51;52;53;54;55;56;57;58;59;60;61,2;3;4;5;6;7;8;9;10;11;12;13;14;15;16;17;18;19;20;21;22;23;24;25;26;27;28;29;30;31;32;33;34;35;36;37;38;39;40;41;42;43;44;45;46;47;48;49;50;51;52;53;54;55;56;57;58;59;60;61
True,211,69,0.7485533707235317,0.0,46.80689507977659,200.0,574.0,10.0,72.0,110.81239100585034,40,20,4,0,0.3333333333333333,0.4,337.0,0.24745271285805634,0.3288201513526716,0.13889286373820947,0.14451043345882097,33,0,10,72,27,82,0,18,43,0.7659648859265082,0.2570239140832174,2,60,39,29,43,10,0.7659648859265082,nenhuma,110.81239100585034,0.0,120,0,terminal,0.2756970667823724,10,18,centralizada,j6032_1.sm,2,GOV,0,3.0579710144927534,0.55,33,0.0,0.0,0.5931242124580451,60,24,60,60,2;3;4;5;6;7;8;9;10;11;12;13;14;15;16;17;18;19;20;21;22;23;24;25;26;27;28;29;30;31;32;33;34;35;36;37;38;39;40;41;42;43;44;45;46;47;48;49;50;51;52;53;54;55;56;57;58;59;60;61,2;3;4;5;6;7;8;9;10;11;12;13;14;15;16;17;18;19;20;21;22;23;24;25;26;27;28;29;30;31;32;33;34;35;36;37;38;39;40;41;42;43;44;45;46;47;48;49;50;51;52;53;54;55;56;57;58;59;60;61
True,165,69,0.6844745768077979,0.0,26.018191555338145,262.0,518.0,52.0,125.0,61.78486469988447,48,12,1,0,0.2,0.21666666666666667,337.0,0.1549328226044442,0.1833378774477284,0.07720531618794702,0.08164125312467273,29,0,52,125,31,177,0,15,55,0.794910294566222,0.24332019624229825,0,60,122,70,55,52,0.794910294566222,nenhuma,61.78486469988447,0.0,66,0,terminal,0.5354179292234896,10,18,centralizada,j6032_1.sm,3,GOV,0,2.391304347826087,0.48333333333333334,29,0.0,0.0,0.6030211610317909,60,13,60,60,2;3;4;5;6;7;8;9;10;11;12;13;14;15;16;17;18;19;20;21;22;23;24;25;26;27;28;29;30;31;32;33;34;35;36;37;38;39;40;41;42;43;44;45;46;47;48;49;50;51;52;53;54;55;56;57;58;59;60;61,2;3;4;5;6;7;8;9;10;11;12;13;14;15;16;17;18;19;20;21;22;23;24;25;26;27;28;29;30;31;32;33;34;35;36;37;38;39;40;41;42;43;44;45;46;47;48;49;50;51;52;53;54;55;56;57;58;59;60;61
True,191,108,0.5746485691506005,1.7763568394002505e-15,18.098802472127176,248.0,399.0,120.0,124.0,51.33741145439521,46,14,0,0,0.23333333333333334,0.23333333333333334,334.0,0.13322716644778987,0.1537048247137581,0.05418803135367418,0.0739372682610623,20,0,120,124,40,244,29,3,34,0.6268507180531939,0.4857196752206667,21,60,181,61,34,120,0.6268507180531939,nenhuma,51.33741145439521,0.0,55,0,terminal,0.87,10,18,centralizada,j6043_1.sm,0,GOV,0,1.7685185185185186,0.3333333333333333,20,0.0,0.0,0.8799729797100186,60,14,60,60,2;3;4;5;6;7;8;9;10;11;12;13;14;15;16;17;18;19;20;21;22;23;24;25;26;27;28;29;30;31;32;33;34;35;36;37;38;39;40;41;42;43;44;45;46;47;48;49;50;51;52;53;54;55;56;57;58;59;60;61,2;3;4;5;6;7;8;9;10;11;12;13;14;15;16;17;18;19;20;21;22;23;24;25;26;27;28;29;30;31;32;33;34;35;36;37;38;39;40;41;42;43;44;45;46;47;48;49;50;51;52;53;54;55;56;57;58;59;60;61
True,238,108,0.6421260578392288,0.0,38.703370478266784,199.0,441.0,61.0,99.0,85.78103717512523,40,20,1,0,0.3333333333333333,0.35,334.0,0.20434709903139076,0.25682945262013546,0.11587835472534966,0.12490303682227552,22,0,61,99,38,160,14,0,47,0.6586427040007742,0.39362113220747674,20,60,99,38,47,61,0.6586427040007742,nenhuma,85.78103717512525,0.0,94,0,terminal,0.6743759205351264,10,18,centralizada,j6043_1.sm,1,GOV,0,2.2037037037037037,0.36666666666666664,22,0.0,0.0,0.8526870116280542,60,21,60,60,2;3;4;5;6;7;8;9;10;11;12;13;14;15;16;17;18;19;20;21;22;23;24;25;26;27;28;29;30;31;32;33;34;35;36;37;38;39;40;41;42;43;44;45;46;47;48;49;50;51;52;53;54;55;56;57;58;59;60;61,2;3;4;5;6;7;8;9;10;11;12;13;14;15;16;17;18;19;20;21;22;23;24;25;26;27;28;29;30;31;32;33;34;35;36;37;38;39;40;41;42;43;44;45;46;47;48;49;50;51;52;53;54;55;56;57;58;59;60;61
True,305,108,0.7601876313420739,8.881784197001252e-16,26.154254882640792,236.0,504.0,23.0,72.0,63.994212508052435,46,14,0,0,0.23333333333333334,0.23333333333333334,334.0,0.16079181680753127,0.19159943864686357,0.0783061523432359,0.09652303338511449,25,0,23,72,35,95,0,0,35,0.7659648859265082,0.2570239140832174,6,60,60,37,35,23,0.7659648859265082,nenhuma,63.994212508052435,0.0,70,0,terminal,0.44336265465380054,10,18,centralizada,j6043_1.sm,2,GOV,0,2.824074074074074,0.4166666666666667,25,0.0,0.0,0.8109153149326037,60,14,60,60,2;3;4;5;6;7;8;9;10;11;12;13;14;15;16;17;18;19;20;21;22;23;24;25;26;27;28;29;30;31;32;33;34;35;36;37;38;39;40;41;42;43;44;45;46;47;48;49;50;51;52;53;54;55;56;57;58;59;60;61,2;3;4;5;6;7;8;9;10;11;12;13;14;15;16;17;18;19;20;21;22;23;24;25;26;27;28;29;30;31;32;33;34;35;36;37;38;39;40;41;42;43;44;45;46;47;48;49;50;51;52;53;54;55;56;57;58;59;60;61
True,253,108,0.6089880414516475,0.0,18.780186192826175,240.0,448.0,109.0,111.0,67.64662933626806,46,14,1,0,0.23333333333333334,0.25,334.0,0.16842324669338307,0.20253481837206008,0.05622810237373106,0.09195533104977557,23,0,109,111,37,220,2,1,69,0.794910294566222,0.24332019624229825,4,60,149,40,69,109,0.794910294566222,nenhuma,67.64662933626805,0.0,73,0,terminal,0.71,10,18,centralizada,j6043_1.sm,3,GOV,0,2.3425925925925926,0.38333333333333336,23,0.0,0.0,0.8466861770895067,60,15,60,60,2;3;4;5;6;7;8;9;10;11;12;13;14;15;16;17;18;19;20;21;22;23;24;25;26;27;28;29;30;31;32;33;34;35;36;37;38;39;40;41;42;43;44;45;46;47;48;49;50;51;52;53;54;55;56;57;58;59;60;61,2;3;4;5;6;7;8;9;10;11;12;13;14;15;16;17;18;19;20;21;22;23;24;25;26;27;28;29;30;31;32;33;34;35;36;37;38;39;40;41;42;43;44;45;46;47;48;49;50;51;52;53;54;55;56;57;58;59;60;61
True,155,85,0.7645338356592425,3.1086244689504383e-15,14.969317050068456,255.0,492.0,35.0,66.0,50.5293992917371,46,14,1,0,0.23333333333333334,0.25,323.0,0.1352755616761298,0.15643776870506843,0.0463446348299333,0.07851917775217312,29,0,35,66,31,101,17,5,28,0.6268507180531939,0.4857196752206667,16,60,56,21,28,35,0.6268507180531939,nenhuma,50.5293992917371,0.0,58,0,terminal,0.5636147232336557,10,19,centralizada,j6010_1.sm,0,GOV,0,1.8235294117647058,0.48333333333333334,29,0.0,0.0,0.6198509400940939,60,15,60,60,2;3;4;5;6;7;8;9;10;11;12;13;14;15;16;17;18;19;20;21;22;23;24;25;26;27;28;29;30;31;32;33;34;35;36;37;38;39;40;41;42;43;44;45;46;47;48;49;50;51;52;53;54;55;56;57;58;59;60;61,2;3;4;5;6;7;8;9;10;11;12;13;14;15;16;17;18;19;20;21;22;23;24;25;26;27;28;29;30;31;32;33;34;35;36;37;38;39;40;41;42;43;44;45;46;47;48;49;50;51;52;53;54;55;56;57;58;59;60;61
True,193,85,0.7283603140455449,0.0,27.791808562133156,155.0,518.0,15.0,61.0,117.18646912935606,30,30,2,0,0.5,0.5333333333333333,323.0,0.2662200620594698,0.36280640597323854,0.08604275096635652,0.1647760105346454,37,0,15,61,23,76,18,7,21,0.6586427040007742,0.39362113220747674,14,60,37,22,21,15,0.6586427040007742,nenhuma,117.18646912935604,0.0,129,0,terminal,0.37108638634483965,10,19,centralizada,j6010_1.sm,1,GOV,0,2.2705882352941176,0.6166666666666667,37,0.0,0.0,0.571353973347438,60,32,60,60,2;3;4;5;6;7;8;9;10;11;12;13;14;15;16;17;18;19;20;21;22;23;24;25;26;27;28;29;30;31;32;33;34;35;36;37;38;39;40;41;42;43;44;45;46;47;48;49;50;51;52;53;54;55;56;57;58;59;60;61,2;3;4;5;6;7;8;9;10;11;12;13;14;15;16;17;18;19;20;21;22;23;24;25;26;27;28;29;30;31;32;33;34;35;36;37;38;39;40;41;42;43;44;45;46;47;48;49;50;51;52;53;54;55;56;57;58;59;60;61
True,166,85,0.7435162883651047,1.7763568394002505e-15,14.17233698612188,217.0,512.0,22.0,77.0,77.61974917297529,42,18,2,0,0.3,0.3333333333333333,323.0,0.19374918319231804,0.24030882096896375,0.04387720429139901,0.11271786681429882,33,0,22,77,27,99,8,18,18,0.7659648859265082,0.2570239140832174,4,60,73,51,18,22,0.7659648859265082,nenhuma,77.61974917297529,0.0,85,0,terminal,0.4096809027056929,10,19,centralizada,j6010_1.sm,2,GOV,0,1.9529411764705882,0.55,33,0.0,0.0,0.570778361152952,60,20,60,60,2;3;4;5;6;7;8;9;10;11;12;13;14;15;16;17;18;19;20;21;22;23;24;25;26;27;28;29;30;31;32;33;34;35;36;37;38;39;40;41;42;43;44;45;46;47;48;49;50;51;52;53;54;55;56;57;58;59;60;61,2;3;4;5;6;7;8;9;10;11;12;13;14;15;16;17;18;19;20;21;22;23;24;25;26;27;28;29;30;31;32;33;34;35;36;37;38;39;40;41;42;43;44;45;46;47;48;49;50;51;52;53;54;55;56;57;58;59;60;61
True,155,85,0.6663588331070089,0.0,12.942255877115478,222.0,462.0,65.0,100.0,66.32014081039212,42,18,0,0,0.3,0.3,323.0,0.17034859967003751,0.20532551334486723,0.040068903644320364,0.09565586935477362,27,0,65,100,33,165,3,5,30,0.794910294566222,0.24332019624229825,3,60,132,67,30,65,0.794910294566222,nenhuma,66.32014081039212,0.0,72,0,terminal,0.6730328957453344,10,19,centralizada,j6010_1.sm,3,GOV,0,1.8235294117647058,0.45,27,0.0,0.0,0.659588657049386,60,18,60,60,2;3;4;5;6;7;8;9;10;11;12;13;14;15;16;17;18;19;20;21;22;23;24;25;26;27;28;29;30;31;32;33;34;35;36;37;38;39;40;41;42;43;44;45;46;47;48;49;50;51;52;53;54;55;56;57;58;59;60;61,2;3;4;5;6;7;8;9;10;11;12;13;14;15;16;17;18;19;20;21;22;23;24;25;26;27;28;29;30;31;32;33;34;35;36;37;38;39;40;41;42;43;44;45;46;47;48;49;50;51;52;53;54;55;56;57;58;59;60;61
True,266,76,0.7371959032721597,0.0,14.945062538264821,242.0,502.0,28.0,64.0,86.95874891842757,46,14,3,0,0.23333333333333334,0.2833333333333333,332.0,0.20755921470292218,0.26192394252538426,0.04501524860923139,0.12770046505246446,34,0,28,64,26,92,14,3,28,0.6268507180531939,0.4857196752206667,18,60,50,22,28,28,0.6268507180531939,nenhuma,86.95874891842759,0.0,92,0,terminal,0.4919280801487454,10,19,centralizada,j6021_1.sm,0,GOV,0,3.5,0.5666666666666667,34,0.0,0.0,0.7444845869583661,60,17,60,60,2;3;4;5;6;7;8;9;10;11;12;13;14;15;16;17;18;19;20;21;22;23;24;25;26;27;28;29;30;31;32;33;34;35;36;37;38;39;40;41;42;43;44;45;46;47;48;49;50;51;52;53;54;55;56;57;58;59;60;61,2;3;4;5;6;7;8;9;10;11;12;13;14;15;16;17;18;19;20;21;22;23;24;25;26;27;28;29;30;31;32;33;34;35;36;37;38;39;40;41;42;43;44;45;46;47;48;49;50;51;52;53;54;55;56;57;58;59;60;61
True,233,76,0.8320663757946232,0.0,12.25018373642929,271.0,518.0,9.0,32.0,63.54648795934115,47,13,5,0,0.21666666666666667,0.3,332.0,0.1606549164099093,0.19140508421488298,0.036898143784425574,0.10207508866950898,27,0,9,32,33,41,4,0,20,0.6586427040007742,0.39362113220747674,17,60,17,8,20,9,0.6586427040007742,nenhuma,63.54648795934116,0.0,69,0,terminal,0.3026879448472642,10,19,centralizada,j6021_1.sm,1,GOV,0,3.0657894736842106,0.45,27,0.0,0.0,0.7205067142678566,60,18,60,60,2;3;4;5;6;7;8;9;10;11;12;13;14;15;16;17;18;19;20;21;22;23;24;25;26;27;28;29;30;31;32;33;34;35;36;37;38;39;40;41;42;43;44;45;46;47;48;49;50;51;52;53;54;55;56;57;58;59;60;61,2;3;4;5;6;7;8;9;10;11;12;13;14;15;16;17;18;19;20;21;22;23;24;25;26;27;28;29;30;31;32;33;34;35;36;37;38;39;40;41;42;43;44;45;46;47;48;49;50;51;52;53;54;55;56;57;58;59;60;61
True,238,76,0.8586087180343587,8.881784197001252e-16,30.078416493113718,264.0,527.0,3.0,20.0,63.78365829603799,46,14,2,0,0.23333333333333334,0.26666666666666666,332.0,0.16115788754554675,0.19211945269890962,0.09059764003949915,0.10391879522030885,37,0,3,20,23,23,3,0,12,0.7659648859265082,0.2570239140832174,6,60,8,5,12,3,0.7659648859265082,nenhuma,63.78365829603799,0.0,70,0,terminal,0.2625075390428749,10,19,centralizada,j6021_1.sm,2,GOV,0,3.1315789473684212,0.6166666666666667,37,0.0,0.0,0.6903568536547939,60,16,60,60,2;3;4;5;6;7;8;9;10;11;12;13;14;15;16;17;18;19;20;21;22;23;24;25;26;27;28;29;30;31;32;33;34;35;36;37;38;39;40;41;42;43;44;45;46;47;48;49;50;51;52;53;54;55;56;57;58;59;60;61,2;3;4;5;6;7;8;9;10;11;12;13;14;15;16;17;18;19;20;21;22;23;24;25;26;27;28;29;30;31;32;33;34;35;36;37;38;39;40;41;42;43;44;45;46;47;48;49;50;51;52;53;54;55;56;57;58;59;60;61
True,238,76,0.7458069105435424,0.0,15.785413478534231,242.0,530.0,30.0,74.0,76.63970111746106,48,12,1,0,0.2,0.21666666666666667,332.0,0.18754834860118358,0.23084247324536464,0.04754642614016335,0.10784607304791341,30,0,30,74,30,104,0,0,42,0.794910294566222,0.24332019624229825,2,60,62,32,42,30,0.794910294566222,nenhuma,76.63970111746106,0.0,81,0,terminal,0.5113809759769621,10,19,centralizada,j6021_1.sm,3,GOV,0,3.1315789473684212,0.5,30,0.0,0.0,0.7009421756316858,60,13,60,60,2;3;4;5;6;7;8;9;10;11;12;13;14;15;16;17;18;19;20;21;22;23;24;25;26;27;28;29;30;31;32;33;34;35;36;37;38;39;40;41;42;43;44;45;46;47;48;49;50;51;52;53;54;55;56;57;58;59;60;61,2;3;4;5;6;7;8;9;10;11;12;13;14;15;16;17;18;19;20;21;22;23;24;25;26;27;28;29;30;31;32;33;34;35;36;37;38;39;40;41;42;43;44;45;46;47;48;49;50;51;52;53;54;55;56;57;58;59;60;61
True,158,69,0.742992936734926,8.881784197001252e-16,13.814951279548525,254.0,512.0,44.0,81.0,52.10480125151418,45,15,1,0,0.25,0.26666666666666666,337.0,0.13390942770154632,0.15461365356532397,0.040993920710826484,0.07561230332002376,22,0,44,81,38,125,11,12,33,0.6268507180531939,0.4857196752206667,14,60,81,37,33,44,0.6268507180531939,nenhuma,52.10480125151418,0.0,61,0,terminal,0.6124221488270778,10,19,centralizada,j6032_1.sm,0,GOV,0,2.289855072463768,0.36666666666666664,22,0.0,0.0,0.6458318357028544,60,16,60,60,2;3;4;5;6;7;8;9;10;11;12;13;14;15;16;17;18;19;20;21;22;23;24;25;26;27;28;29;30;31;32;33;34;35;36;37;38;39;40;41;42;43;44;45;46;47;48;49;50;51;52;53;54;55;56;57;58;59;60;61,2;3;4;5;6;7;8;9;10;11;12;13;14;15;16;17;18;19;20;21;22;23;24;25;26;27;28;29;30;31;32;33;34;35;36;37;38;39;40;41;42;43;44;45;46;47;48;49;50;51;52;53;54;55;56;57;58;59;60;61
True,187,69,0.7340749517557289,3.552713678800501e-15,23.200939318645844,219.0,567.0,20.0,79.0,106.40069102463413,40,20,5,0,0.3333333333333333,0.4166666666666667,337.0,0.2399650996906606,0.3157290534855612,0.0688455172660114,0.13775323127104852,34,0,20,79,26,99,9,23,35,0.6586427040007742,0.39362113220747674,13,60,55,35,35,20,0.6586427040007742,nenhuma,106.40069102463413,0.0,117,0,terminal,0.37374283648994994,10,19,centralizada,j6032_1.sm,1,GOV,0,2.710144927536232,0.5666666666666667,34,0.0,0.0,0.5332664972195109,60,25,60,60,2;3;4;5;6;7;8;9;10;11;12;13;14;15;16;17;18;19;20;21;22;23;24;25;26;27;28;29;30;31;32;33;34;35;36;37;38;39;40;41;42;43;44;45;46;47;48;49;50;51;52;53;54;55;56;57;58;59;60;61,2;3;4;5;6;7;8;9;10;11;12;13;14;15;16;17;18;19;20;21;22;23;24;25;26;27;28;29;30;31;32;33;34;35;36;37;38;39;40;41;42;43;44;45;46;47;48;49;50;51;52;53;54;55;56;57;58;59;60;61
True,145,69,0.7787241013739449,0.0,23.947766020491514,241.0,603.0,1.0,82.0,88.34356909731522,42,18,3,0,0.3,0.35,337.0,0.20769931771815014,0.2621470893095407,0.07106162023884723,0.11408833575037115,39,0,1,82,21,83,0,48,37,0.7659648859265082,0.2570239140832174,2,60,46,45,37,1,0.7659648859265082,nenhuma,88.34356909731522,0.0,98,0,terminal,0.182149598649081,10,19,centralizada,j6032_1.sm,2,GOV,0,2.101449275362319,0.65,39,0.0,0.0,0.4116928318263597,60,21,60,60,2;3;4;5;6;7;8;9;10;11;12;13;14;15;16;17;18;19;20;21;22;23;24;25;26;27;28;29;30;31;32;33;34;35;36;37;38;39;40;41;42;43;44;45;46;47;48;49;50;51;52;53;54;55;56;57;58;59;60;61,2;3;4;5;6;7;8;9;10;11;12;13;14;15;16;17;18;19;20;21;22;23;24;25;26;27;28;29;30;31;32;33;34;35;36;37;38;39;40;41;42;43;44;45;46;47;48;49;50;51;52;53;54;55;56;57;58;59;60;61
True,144,69,0.685239160528893,0.0,28.661915615134568,226.0,531.0,56.0,98.0,89.9119294206048,43,17,1,0,0.2833333333333333,0.3,337.0,0.2106100186580198,0.26680097750921306,0.0850501947036634,0.11602857822543938,31,0,56,98,29,154,0,18,40,0.794910294566222,0.24332019624229825,0,60,114,58,40,56,0.794910294566222,nenhuma,89.9119294206048,0.0,99,0,terminal,0.6038733609882306,10,19,centralizada,j6032_1.sm,3,GOV,0,2.0869565217391304,0.5166666666666667,31,0.0,0.0,0.47116123789259734,60,18,60,60,2;3;4;5;6;7;8;9;10;11;12;13;14;15;16;17;18;19;20;21;22;23;24;25;26;27;28;29;30;31;32;33;34;35;36;37;38;39;40;41;42;43;44;45;46;47;48;49;50;51;52;53;54;55;56;57;58;59;60;61,2;3;4;5;6;7;8;9;10;11;12;13;14;15;16;17;18;19;20;21;22;23;24;25;26;27;28;29;30;31;32;33;34;35;36;37;38;39;40;41;42;43;44;45;46;47;48;49;50;51;52;53;54;55;56;57;58;59;60;61
True,205,108,0.6379349594739937,0.0,16.01409705277149,263.0,467.0,119.0,97.0,49.04954998086747,49,11,0,0,0.18333333333333332,0.18333333333333332,334.0,0.12805014386080701,0.14685494006247746,0.047946398361591286,0.06700304642240325,22,0,119,97,38,216,26,0,25,0.6268507180531939,0.4857196752206667,21,60,165,46,25,119,0.6268507180531939,nenhuma,49.04954998086747,0.0,53,0,terminal,0.7478308447820764,10,19,centralizada,j6043_1.sm,0,GOV,0,1.8981481481481481,0.36666666666666664,22,0.0,0.0,0.8132216671326411,60,11,60,60,2;3;4;5;6;7;8;9;10;11;12;13;14;15;16;17;18;19;20;21;22;23;24;25;26;27;28;29;30;31;32;33;34;35;36;37;38;39;40;41;42;43;44;45;46;47;48;49;50;51;52;53;54;55;56;57;58;59;60;61,2;3;4;5;6;7;8;9;10;11;12;13;14;15;16;17;18;19;20;21;22;23;24;25;26;27;28;29;30;31;32;33;34;35;36;37;38;39;40;41;42;43;44;45;46;47;48;49;50;51;52;53;54;55;56;57;58;59;60;61
True,156,108,0.6404495034440157,0.0,10.254592483043568,243.0,414.0,72.0,110.0,50.420986781496325,45,15,1,0,0.25,0.26666666666666666,334.0,0.1311608588376978,0.15096103826795307,0.03070237270372326,0.07800023175692415,26,0,72,110,34,182,15,3,48,0.6586427040007742,0.39362113220747674,20,60,119,47,48,72,0.6586427040007742,nenhuma,50.420986781496325,0.0,54,0,terminal,0.7538114565952506,10,19,centralizada,j6043_1.sm,1,GOV,0,1.4444444444444444,0.43333333333333335,26,0.0,0.0,0.7948067896237269,60,16,60,60,2;3;4;5;6;7;8;9;10;11;12;13;14;15;16;17;18;19;20;21;22;23;24;25;26;27;28;29;30;31;32;33;34;35;36;37;38;39;40;41;42;43;44;45;46;47;48;49;50;51;52;53;54;55;56;57;58;59;60;61,2;3;4;5;6;7;8;9;10;11;12;13;14;15;16;17;18;19;20;21;22;23;24;25;26;27;28;29;30;31;32;33;34;35;36;37;38;39;40;41;42;43;44;45;46;47;48;49;50;51;52;53;54;55;56;57;58;59;60;61
True,192,108,0.6535524121929223,0.0,23.19174729929787,203.0,466.0,54.0,97.0,96.02621076156524,39,21,4,0,0.35,0.4166666666666667,334.0,0.2233031577110272,0.28750362503462645,0.06943636915957446,0.13467416668877022,25,0,54,97,35,151,0,5,39,0.7659648859265082,0.2570239140832174,6,60,112,58,39,54,0.7659648859265082,nenhuma,96.02621076156522,0.0,104,0,terminal,0.6254784622928692,10,19,centralizada,j6043_1.sm,2,GOV,0,1.7777777777777777,0.4166666666666667,25,0.0,0.0,0.7301693007322093,60,25,60,60,2;3;4;5;6;7;8;9;10;11;12;13;14;15;16;17;18;19;20;21;22;23;24;25;26;27;28;29;30;31;32;33;34;35;36;37;38;39;40;41;42;43;44;45;46;47;48;49;50;51;52;53;54;55;56;57;58;59;60;61,2;3;4;5;6;7;8;9;10;11;12;13;14;15;16;17;18;19;20;21;22;23;24;25;26;27;28;29;30;31;32;33;34;35;36;37;38;39;40;41;42;43;44;45;46;47;48;49;50;51;52;53;54;55;56;57;58;59;60;61
True,183,108,0.6012164816429779,0.0,11.450120050957153,240.0,436.0,112.0,111.0,66.1963532478658,45,15,2,0,0.25,0.2833333333333333,334.0,0.1654096862968324,0.19819267439480778,0.034281796559751956,0.09128059311302199,27,0,112,111,33,223,0,4,57,0.794910294566222,0.24332019624229825,4,60,166,54,57,112,0.794910294566222,nenhuma,66.19635324786579,0.0,73,0,terminal,0.695,10,19,centralizada,j6043_1.sm,3,GOV,0,1.6944444444444444,0.45,27,0.0,0.0,0.7130459320845691,60,17,60,60,2;3;4;5;6;7;8;9;10;11;12;13;14;15;16;17;18;19;20;21;22;23;24;25;26;27;28;29;30;31;32;33;34;35;36;37;38;39;40;41;42;43;44;45;46;47;48;49;50;51;52;53;54;55;56;57;58;59;60;61,2;3;4;5;6;7;8;9;10;11;12;13;14;15;16;17;18;19;20;21;22;23;24;25;26;27;28;29;30;31;32;33;34;35;36;37;38;39;40;41;42;43;44;45;46;47;48;49;50;51;52;53;54;55;56;57;58;59;60;61
True,119,85,0.7242709043551565,0.0,10.564168797000145,292.0,398.0,71.0,49.0,31.51813969988647,54,6,3,0,0.1,0.15,323.0,0.08890416644566569,0.0975793798758095,0.03270640494427289,0.057355958653339034,16,0,71,49,44,120,13,4,2,0.6268507180531939,0.4857196752206667,16,60,105,34,2,71,0.6268507180531939,nenhuma,31.51813969988647,0.0,35,0,terminal,0.9191666666666668,10,31,adaptativa,j6010_1.sm,0,GOV,0,1.4,0.26666666666666666,16,0.0,0.0,0.7990641871228751,60,9,60,60,2;3;4;5;6;7;8;9;10;11;12;13;14;15;16;17;18;19;20;21;22;23;24;25;26;27;28;29;30;31;32;33;34;35;36;37;38;39;40;41;42;43;44;45;46;47;48;49;50;51;52;53;54;55;56;57;58;59;60;61,2;3;4;5;6;7;8;9;10;11;12;13;14;15;16;17;18;19;20;21;22;23;24;25;26;27;28;29;30;31;32;33;34;35;36;37;38;39;40;41;42;43;44;45;46;47;48;49;50;51;52;53;54;55;56;57;58;59;60;61
True,127,85,0.7350126372359315,4.440892098500626e-16,10.0,278.0,389.0,62.0,38.0,40.24260113793795,52,8,6,0,0.13333333333333333,0.23333333333333334,323.0,0.11078711861403118,0.12459009640228469,0.030959752321981424,0.0760380986931349,16,0,62,38,44,100,12,0,1,0.6586427040007742,0.39362113220747674,14,60,87,25,1,62,0.6586427040007742,nenhuma,40.242601137937946,0.0,43,0,terminal,0.9158333333333334,10,31,adaptativa,j6010_1.sm,1,GOV,0,1.4941176470588236,0.26666666666666666,16,0.0,0.0,0.8254179432080647,60,14,60,60,2;3;4;5;6;7;8;9;10;11;12;13;14;15;16;17;18;19;20;21;22;23;24;25;26;27;28;29;30;31;32;33;34;35;36;37;38;39;40;41;42;43;44;45;46;47;48;49;50;51;52;53;54;55;56;57;58;59;60;61,2;3;4;5;6;7;8;9;10;11;12;13;14;15;16;17;18;19;20;21;22;23;24;25;26;27;28;29;30;31;32;33;34;35;36;37;38;39;40;41;42;43;44;45;46;47;48;49;50;51;52;53;54;55;56;57;58;59;60;61
True,153,85,0.6640678606448387,0.0,15.813659819241048,253.0,404.0,83.0,42.0,79.37155950853946,49,11,8,0,0.18333333333333332,0.31666666666666665,323.0,0.19725936794709015,0.24573238237937914,0.04895869913077724,0.13046559831406018,30,0,83,42,30,125,8,6,1,0.7659648859265082,0.2570239140832174,4,60,116,33,1,83,0.7659648859265082,nenhuma,79.37155950853948,0.0,89,0,terminal,0.8675,10,31,adaptativa,j6010_1.sm,2,GOV,0,1.8,0.5,30,0.0,0.0,0.6531842009233071,60,19,60,60,2;3;4;5;6;7;8;9;10;11;12;13;14;15;16;17;18;19;20;21;22;23;24;25;26;27;28;29;30;31;32;33;34;35;36;37;38;39;40;41;42;43;44;45;46;47;48;49;50;51;52;53;54;55;56;57;58;59;60;61,2;3;4;5;6;7;8;9;10;11;12;13;14;15;16;17;18;19;20;21;22;23;24;25;26;27;28;29;30;31;32;33;34;35;36;37;38;39;40;41;42;43;44;45;46;47;48;49;50;51;52;53;54;55;56;57;58;59;60;61
True,149,85,0.6361927674697757,1.7763568394002505e-15,13.073266208459225,259.0,399.0,109.0,59.0,60.16839989690031,48,12,4,0,0.2,0.26666666666666666,323.0,0.15702860651632522,0.18627987584179662,0.040474508385322676,0.0959365935955819,23,0,109,59,37,168,3,12,4,0.794910294566222,0.24332019624229825,3,60,161,52,4,109,0.794910294566222,nenhuma,60.16839989690031,0.0,65,0,terminal,0.8200871353768289,10,31,adaptativa,j6010_1.sm,3,GOV,0,1.7529411764705882,0.38333333333333336,23,0.0,0.0,0.7876570299524598,60,16,60,60,2;3;4;5;6;7;8;9;10;11;12;13;14;15;16;17;18;19;20;21;22;23;24;25;26;27;28;29;30;31;32;33;34;35;36;37;38;39;40;41;42;43;44;45;46;47;48;49;50;51;52;53;54;55;56;57;58;59;60;61,2;3;4;5;6;7;8;9;10;11;12;13;14;15;16;17;18;19;20;21;22;23;24;25;26;27;28;29;30;31;32;33;34;35;36;37;38;39;40;41;42;43;44;45;46;47;48;49;50;51;52;53;54;55;56;57;58;59;60;61
True,243,76,0.7073357317244099,0.0,8.0,276.0,414.0,88.0,40.0,43.29490513749626,47,13,4,0,0.21666666666666667,0.2833333333333333,332.0,0.1153623578279976,0.13040634077559113,0.024096385542168676,0.07397109518205273,27,0,88,40,33,128,22,0,1,0.6268507180531939,0.4857196752206667,18,60,105,17,1,88,0.6268507180531939,nenhuma,43.294905137496265,0.0,49,0,terminal,0.9191666666666668,10,31,adaptativa,j6021_1.sm,0,GOV,0,3.1973684210526314,0.45,27,0.0,0.0,0.8548096665987026,60,17,60,60,2;3;4;5;6;7;8;9;10;11;12;13;14;15;16;17;18;19;20;21;22;23;24;25;26;27;28;29;30;31;32;33;34;35;36;37;38;39;40;41;42;43;44;45;46;47;48;49;50;51;52;53;54;55;56;57;58;59;60;61,2;3;4;5;6;7;8;9;10;11;12;13;14;15;16;17;18;19;20;21;22;23;24;25;26;27;28;29;30;31;32;33;34;35;36;37;38;39;40;41;42;43;44;45;46;47;48;49;50;51;52;53;54;55;56;57;58;59;60;61
True,251,76,0.7258618485307347,0.0,23.259823371987757,231.0,437.0,29.0,22.0,114.04293817695587,45,15,11,0,0.25,0.43333333333333335,332.0,0.2556770400694301,0.34350282583420444,0.07005970895177036,0.189426585622429,34,0,29,22,26,51,7,2,1,0.6586427040007742,0.39362113220747674,17,60,43,14,1,29,0.6586427040007742,nenhuma,114.04293817695584,0.0,124,0,terminal,0.8907763149161815,10,31,adaptativa,j6021_1.sm,1,GOV,0,3.3026315789473686,0.5666666666666667,34,0.0,0.0,0.7613762398437106,60,26,60,60,2;3;4;5;6;7;8;9;10;11;12;13;14;15;16;17;18;19;20;21;22;23;24;25;26;27;28;29;30;31;32;33;34;35;36;37;38;39;40;41;42;43;44;45;46;47;48;49;50;51;52;53;54;55;56;57;58;59;60;61,2;3;4;5;6;7;8;9;10;11;12;13;14;15;16;17;18;19;20;21;22;23;24;25;26;27;28;29;30;31;32;33;34;35;36;37;38;39;40;41;42;43;44;45;46;47;48;49;50;51;52;53;54;55;56;57;58;59;60;61
True,222,76,0.8061022433610531,0.0,8.92323606911129,290.0,480.0,18.0,26.0,71.45796324624303,52,8,11,0,0.13333333333333333,0.31666666666666665,332.0,0.17711377579782703,0.21523482905494887,0.026877217075636416,0.12000505099751704,28,0,18,26,32,44,2,8,1,0.7659648859265082,0.2570239140832174,6,60,41,23,1,18,0.7659648859265082,nenhuma,71.45796324624301,0.0,78,0,terminal,0.6922273047952614,10,31,adaptativa,j6021_1.sm,2,GOV,0,2.9210526315789473,0.4666666666666667,28,0.0,0.0,0.7299779567649816,60,19,60,60,2;3;4;5;6;7;8;9;10;11;12;13;14;15;16;17;18;19;20;21;22;23;24;25;26;27;28;29;30;31;32;33;34;35;36;37;38;39;40;41;42;43;44;45;46;47;48;49;50;51;52;53;54;55;56;57;58;59;60;61,2;3;4;5;6;7;8;9;10;11;12;13;14;15;16;17;18;19;20;21;22;23;24;25;26;27;28;29;30;31;32;33;34;35;36;37;38;39;40;41;42;43;44;45;46;47;48;49;50;51;52;53;54;55;56;57;58;59;60;61
True,218,76,0.7330923076670347,3.552713678800501e-15,28.38585382660449,259.0,472.0,45.0,26.0,100.84797802895379,49,11,9,0,0.18333333333333332,0.3333333333333333,332.0,0.2329870604644662,0.3037589699667283,0.08549955971868822,0.15663321384915285,30,0,45,26,30,71,0,0,0,0.794910294566222,0.24332019624229825,2,60,71,26,0,45,0.794910294566222,nenhuma,100.84797802895382,0.0,108,0,terminal,0.7366756726003594,10,31,adaptativa,j6021_1.sm,3,GOV,0,2.8684210526315788,0.5,30,0.0,0.0,0.6816250525696351,60,20,60,60,2;3;4;5;6;7;8;9;10;11;12;13;14;15;16;17;18;19;20;21;22;23;24;25;26;27;28;29;30;31;32;33;34;35;36;37;38;39;40;41;42;43;44;45;46;47;48;49;50;51;52;53;54;55;56;57;58;59;60;61,2;3;4;5;6;7;8;9;10;11;12;13;14;15;16;17;18;19;20;21;22;23;24;25;26;27;28;29;30;31;32;33;34;35;36;37;38;39;40;41;42;43;44;45;46;47;48;49;50;51;52;53;54;55;56;57;58;59;60;61
True,149,69,0.6874406427464532,0.0,13.246900468919426,277.0,448.0,94.0,59.0,50.69262935946975,49,11,4,0,0.18333333333333332,0.25,337.0,0.13075468946423377,0.15042323252068174,0.03930830999679355,0.07778610202986967,21,0,94,59,39,153,11,16,5,0.6268507180531939,0.4857196752206667,14,60,137,43,5,94,0.6268507180531939,nenhuma,50.69262935946975,0.0,57,0,terminal,0.9700000000000001,10,31,adaptativa,j6032_1.sm,0,GOV,0,2.1594202898550723,0.35,21,0.0,0.0,0.6984823712504544,60,15,60,60,2;3;4;5;6;7;8;9;10;11;12;13;14;15;16;17;18;19;20;21;22;23;24;25;26;27;28;29;30;31;32;33;34;35;36;37;38;39;40;41;42;43;44;45;46;47;48;49;50;51;52;53;54;55;56;57;58;59;60;61,2;3;4;5;6;7;8;9;10;11;12;13;14;15;16;17;18;19;20;21;22;23;24;25;26;27;28;29;30;31;32;33;34;35;36;37;38;39;40;41;42;43;44;45;46;47;48;49;50;51;52;53;54;55;56;57;58;59;60;61
True,126,69,0.7423146499730179,0.0,12.628955887065214,293.0,490.0,51.0,42.0,77.09743983607339,53,7,15,0,0.11666666666666667,0.36666666666666664,337.0,0.1861818799618601,0.22877578586371927,0.03747464654915494,0.1167970593178176,28,0,51,42,32,93,9,11,3,0.6586427040007742,0.39362113220747674,13,60,81,30,3,51,0.6586427040007742,nenhuma,77.09743983607339,0.0,84,0,terminal,0.8540046152369803,10,31,adaptativa,j6032_1.sm,1,GOV,0,1.826086956521739,0.4666666666666667,28,0.0,0.0,0.5156386993361974,60,22,60,60,2;3;4;5;6;7;8;9;10;11;12;13;14;15;16;17;18;19;20;21;22;23;24;25;26;27;28;29;30;31;32;33;34;35;36;37;38;39;40;41;42;43;44;45;46;47;48;49;50;51;52;53;54;55;56;57;58;59;60;61,2;3;4;5;6;7;8;9;10;11;12;13;14;15;16;17;18;19;20;21;22;23;24;25;26;27;28;29;30;31;32;33;34;35;36;37;38;39;40;41;42;43;44;45;46;47;48;49;50;51;52;53;54;55;56;57;58;59;60;61
True,165,69,0.7423569896039239,0.0,16.75892790484845,279.0,487.0,39.0,66.0,64.01860940224091,52,8,9,0,0.13333333333333333,0.2833333333333333,337.0,0.15963999650207547,0.1899662000066496,0.04972975639420905,0.09758657526586657,30,0,39,66,30,105,0,39,2,0.7659648859265082,0.2570239140832174,2,60,103,64,2,39,0.7659648859265082,nenhuma,64.01860940224091,0.0,71,0,terminal,0.6759837085183129,10,31,adaptativa,j6032_1.sm,2,GOV,0,2.391304347826087,0.5,30,0.0,0.0,0.6296953447392781,60,17,60,60,2;3;4;5;6;7;8;9;10;11;12;13;14;15;16;17;18;19;20;21;22;23;24;25;26;27;28;29;30;31;32;33;34;35;36;37;38;39;40;41;42;43;44;45;46;47;48;49;50;51;52;53;54;55;56;57;58;59;60;61,2;3;4;5;6;7;8;9;10;11;12;13;14;15;16;17;18;19;20;21;22;23;24;25;26;27;28;29;30;31;32;33;34;35;36;37;38;39;40;41;42;43;44;45;46;47;48;49;50;51;52;53;54;55;56;57;58;59;60;61
True,141,69,0.6708468945634009,0.0,11.190214791826321,267.0,458.0,88.0,63.0,73.71911774753698,50,10,8,0,0.16666666666666666,0.3,337.0,0.17948791415366022,0.21875109123898215,0.03320538513895051,0.10797869260019405,24,0,88,63,36,151,0,18,3,0.794910294566222,0.24332019624229825,0,60,148,60,3,88,0.794910294566222,nenhuma,73.71911774753698,0.0,80,0,terminal,0.7566666666666665,10,31,adaptativa,j6032_1.sm,3,GOV,0,2.0434782608695654,0.4,24,0.0,0.0,0.6070730025120006,60,18,60,60,2;3;4;5;6;7;8;9;10;11;12;13;14;15;16;17;18;19;20;21;22;23;24;25;26;27;28;29;30;31;32;33;34;35;36;37;38;39;40;41;42;43;44;45;46;47;48;49;50;51;52;53;54;55;56;57;58;59;60;61,2;3;4;5;6;7;8;9;10;11;12;13;14;15;16;17;18;19;20;21;22;23;24;25;26;27;28;29;30;31;32;33;34;35;36;37;38;39;40;41;42;43;44;45;46;47;48;49;50;51;52;53;54;55;56;57;58;59;60;61
True,157,108,0.6029312018702676,0.0,6.5,285.0,373.0,152.0,55.0,38.644380723653825,53,7,3,0,0.11666666666666667,0.16666666666666666,334.0,0.10370310870811648,0.11570173869357432,0.019461077844311378,0.062466227654811794,19,0,152,55,41,207,27,0,6,0.6268507180531939,0.4857196752206667,21,60,174,22,6,152,0.6268507180531939,nenhuma,38.644380723653825,0.0,41,0,terminal,0.9208333333333334,10,31,adaptativa,j6043_1.sm,0,GOV,0,1.4537037037037037,0.31666666666666665,19,0.0,0.0,0.8748462762605301,60,10,60,60,2;3;4;5;6;7;8;9;10;11;12;13;14;15;16;17;18;19;20;21;22;23;24;25;26;27;28;29;30;31;32;33;34;35;36;37;38;39;40;41;42;43;44;45;46;47;48;49;50;51;52;53;54;55;56;57;58;59;60;61,2;3;4;5;6;7;8;9;10;11;12;13;14;15;16;17;18;19;20;21;22;23;24;25;26;27;28;29;30;31;32;33;34;35;36;37;38;39;40;41;42;43;44;45;46;47;48;49;50;51;52;53;54;55;56;57;58;59;60;61
True,142,108,0.694506602568034,0.0,8.5,286.0,371.0,79.0,41.0,43.19218568718614,53,7,5,0,0.11666666666666667,0.2,334.0,0.11450975742908519,0.12931792121912017,0.025449101796407185,0.08085514323206283,18,0,79,41,42,120,9,0,4,0.6586427040007742,0.39362113220747674,20,60,107,28,4,79,0.6586427040007742,nenhuma,43.19218568718614,0.0,47,0,terminal,0.9191666666666668,10,31,adaptativa,j6043_1.sm,1,GOV,0,1.3148148148148149,0.3,18,0.0,0.0,0.8520754424377538,60,12,60,60,2;3;4;5;6;7;8;9;10;11;12;13;14;15;16;17;18;19;20;21;22;23;24;25;26;27;28;29;30;31;32;33;34;35;36;37;38;39;40;41;42;43;44;45;46;47;48;49;50;51;52;53;54;55;56;57;58;59;60;61,2;3;4;5;6;7;8;9;10;11;12;13;14;15;16;17;18;19;20;21;22;23;24;25;26;27;28;29;30;31;32;33;34;35;36;37;38;39;40;41;42;43;44;45;46;47;48;49;50;51;52;53;54;55;56;57;58;59;60;61
True,167,108,0.6067362028579845,0.0,8.438076040455748,292.0,401.0,147.0,69.0,43.91325704831883,53,7,5,0,0.11666666666666667,0.2,334.0,0.11619930295989649,0.13147681750993662,0.02526370071992739,0.06644329884444786,23,0,147,69,37,216,0,6,13,0.7659648859265082,0.2570239140832174,6,60,203,56,13,147,0.7659648859265082,nenhuma,43.91325704831883,0.0,48,0,terminal,0.7816666666666666,10,31,adaptativa,j6043_1.sm,2,GOV,0,1.5462962962962963,0.38333333333333336,23,0.0,0.0,0.8199510418573202,60,12,60,60,2;3;4;5;6;7;8;9;10;11;12;13;14;15;16;17;18;19;20;21;22;23;24;25;26;27;28;29;30;31;32;33;34;35;36;37;38;39;40;41;42;43;44;45;46;47;48;49;50;51;52;53;54;55;56;57;58;59;60;61,2;3;4;5;6;7;8;9;10;11;12;13;14;15;16;17;18;19;20;21;22;23;24;25;26;27;28;29;30;31;32;33;34;35;36;37;38;39;40;41;42;43;44;45;46;47;48;49;50;51;52;53;54;55;56;57;58;59;60;61
True,153,108,0.5851748512304602,8.881784197001252e-16,12.697309900399732,243.0,388.0,135.0,72.0,68.04968367000691,47,13,4,0,0.21666666666666667,0.2833333333333333,334.0,0.169256901407888,0.2037415678742722,0.03801589790538842,0.10263134927287673,24,0,135,72,36,207,1,9,14,0.794910294566222,0.24332019624229825,4,60,192,57,14,135,0.794910294566222,nenhuma,68.04968367000691,0.0,74,0,terminal,0.7816666666666666,10,31,adaptativa,j6043_1.sm,3,GOV,0,1.4166666666666667,0.4,24,0.0,0.0,0.7956979399902717,60,17,60,60,2;3;4;5;6;7;8;9;10;11;12;13;14;15;16;17;18;19;20;21;22;23;24;25;26;27;28;29;30;31;32;33;34;35;36;37;38;39;40;41;42;43;44;45;46;47;48;49;50;51;52;53;54;55;56;57;58;59;60;61,2;3;4;5;6;7;8;9;10;11;12;13;14;15;16;17;18;19;20;21;22;23;24;25;26;27;28;29;30;31;32;33;34;35;36;37;38;39;40;41;42;43;44;45;46;47;48;49;50;51;52;53;54;55;56;57;58;59;60;61
True,153,85,0.7468432473464628,0.0,5.09802486043118,313.0,419.0,68.0,37.0,37.02803565367804,57,3,8,0,0.05,0.18333333333333332,323.0,0.10284764514643642,0.11463788128073696,0.015783358701025325,0.06600033028747855,21,0,68,37,39,105,8,2,1,0.6268507180531939,0.4857196752206667,16,60,96,28,1,68,0.6268507180531939,nenhuma,37.02803565367804,0.0,43,0,terminal,0.9041666666666667,10,34,adaptativa,j6010_1.sm,0,GOV,0,1.8,0.35,21,0.0,0.0,0.7624098476334825,60,11,60,60,2;3;4;5;6;7;8;9;10;11;12;13;14;15;16;17;18;19;20;21;22;23;24;25;26;27;28;29;30;31;32;33;34;35;36;37;38;39;40;41;42;43;44;45;46;47;48;49;50;51;52;53;54;55;56;57;58;59;60;61,2;3;4;5;6;7;8;9;10;11;12;13;14;15;16;17;18;19;20;21;22;23;24;25;26;27;28;29;30;31;32;33;34;35;36;37;38;39;40;41;42;43;44;45;46;47;48;49;50;51;52;53;54;55;56;57;58;59;60;61
True,128,85,0.6785836640059004,0.0,5.0,303.0,386.0,84.0,47.0,51.83184856133468,56,4,13,0,0.06666666666666667,0.2833333333333333,323.0,0.13828026823300554,0.1604701193849371,0.015479876160990712,0.09111980753613846,16,0,84,47,44,131,15,0,1,0.6586427040007742,0.39362113220747674,14,60,115,31,1,84,0.6586427040007742,nenhuma,51.83184856133469,0.0,56,0,terminal,0.9191666666666668,10,34,adaptativa,j6010_1.sm,1,GOV,0,1.5058823529411764,0.26666666666666666,16,0.0,0.0,0.8361214557562531,60,17,60,60,2;3;4;5;6;7;8;9;10;11;12;13;14;15;16;17;18;19;20;21;22;23;24;25;26;27;28;29;30;31;32;33;34;35;36;37;38;39;40;41;42;43;44;45;46;47;48;49;50;51;52;53;54;55;56;57;58;59;60;61,2;3;4;5;6;7;8;9;10;11;12;13;14;15;16;17;18;19;20;21;22;23;24;25;26;27;28;29;30;31;32;33;34;35;36;37;38;39;40;41;42;43;44;45;46;47;48;49;50;51;52;53;54;55;56;57;58;59;60;61
True,154,85,0.6778465779534443,0.0,10.308736783141628,288.0,396.0,55.0,46.0,87.20299353816017,53,7,17,0,0.11666666666666667,0.4,323.0,0.2125849760041985,0.26997830816767854,0.03191559375585643,0.1492683099927732,37,0,55,46,23,101,10,18,1,0.7659648859265082,0.2570239140832174,4,60,90,35,1,55,0.7659648859265082,nenhuma,87.20299353816017,0.0,97,0,terminal,0.8908333333333333,10,34,adaptativa,j6010_1.sm,2,GOV,0,1.811764705882353,0.6166666666666667,37,0.0,0.0,0.6080546680962128,60,24,60,60,2;3;4;5;6;7;8;9;10;11;12;13;14;15;16;17;18;19;20;21;22;23;24;25;26;27;28;29;30;31;32;33;34;35;36;37;38;39;40;41;42;43;44;45;46;47;48;49;50;51;52;53;54;55;56;57;58;59;60;61,2;3;4;5;6;7;8;9;10;11;12;13;14;15;16;17;18;19;20;21;22;23;24;25;26;27;28;29;30;31;32;33;34;35;36;37;38;39;40;41;42;43;44;45;46;47;48;49;50;51;52;53;54;55;56;57;58;59;60;61
True,160,85,0.6297076649124953,1.7763568394002505e-15,16.565872429752243,287.0,405.0,116.0,61.0,61.15558244995976,54,6,10,0,0.1,0.26666666666666666,323.0,0.1591948295009507,0.1893361685757268,0.05128753074226701,0.0950867630146364,25,0,116,61,35,177,3,7,3,0.794910294566222,0.24332019624229825,3,60,171,55,3,116,0.794910294566222,nenhuma,61.15558244995976,0.0,68,0,terminal,0.8067538020434956,10,34,adaptativa,j6010_1.sm,3,GOV,0,1.8823529411764706,0.4166666666666667,25,0.0,0.0,0.7463500356299587,60,16,60,60,2;3;4;5;6;7;8;9;10;11;12;13;14;15;16;17;18;19;20;21;22;23;24;25;26;27;28;29;30;31;32;33;34;35;36;37;38;39;40;41;42;43;44;45;46;47;48;49;50;51;52;53;54;55;56;57;58;59;60;61,2;3;4;5;6;7;8;9;10;11;12;13;14;15;16;17;18;19;20;21;22;23;24;25;26;27;28;29;30;31;32;33;34;35;36;37;38;39;40;41;42;43;44;45;46;47;48;49;50;51;52;53;54;55;56;57;58;59;60;61
True,200,76,0.6973446119640491,0.0,17.77469225872016,286.0,432.0,72.0,35.0,80.49284842581001,52,8,9,0,0.13333333333333333,0.2833333333333333,332.0,0.1951375611310441,0.24244833863195786,0.053538229694940244,0.12993345868374423,37,0,72,35,23,107,10,0,3,0.6268507180531939,0.4857196752206667,18,60,94,22,3,72,0.6268507180531939,nenhuma,80.49284842581001,0.0,88,0,terminal,0.9517176406119541,10,34,adaptativa,j6021_1.sm,0,GOV,0,2.6315789473684212,0.6166666666666667,37,0.0,0.0,0.7023015191053085,60,17,60,60,2;3;4;5;6;7;8;9;10;11;12;13;14;15;16;17;18;19;20;21;22;23;24;25;26;27;28;29;30;31;32;33;34;35;36;37;38;39;40;41;42;43;44;45;46;47;48;49;50;51;52;53;54;55;56;57;58;59;60;61,2;3;4;5;6;7;8;9;10;11;12;13;14;15;16;17;18;19;20;21;22;23;24;25;26;27;28;29;30;31;32;33;34;35;36;37;38;39;40;41;42;43;44;45;46;47;48;49;50;51;52;53;54;55;56;57;58;59;60;61
True,234,76,0.7332417569659907,0.0,8.761800020051489,285.0,423.0,45.0,21.0,87.89022206030701,53,7,11,0,0.11666666666666667,0.3,332.0,0.2093171439645568,0.26472958451899703,0.026390963915817738,0.15235172776272005,24,0,45,21,36,66,4,0,2,0.6586427040007742,0.39362113220747674,17,60,60,15,2,45,0.6586427040007742,nenhuma,87.89022206030701,0.0,94,0,terminal,0.9175,10,34,adaptativa,j6021_1.sm,1,GOV,0,3.0789473684210527,0.4,24,0.0,0.0,0.7956087488661802,60,18,60,60,2;3;4;5;6;7;8;9;10;11;12;13;14;15;16;17;18;19;20;21;22;23;24;25;26;27;28;29;30;31;32;33;34;35;36;37;38;39;40;41;42;43;44;45;46;47;48;49;50;51;52;53;54;55;56;57;58;59;60;61,2;3;4;5;6;7;8;9;10;11;12;13;14;15;16;17;18;19;20;21;22;23;24;25;26;27;28;29;30;31;32;33;34;35;36;37;38;39;40;41;42;43;44;45;46;47;48;49;50;51;52;53;54;55;56;57;58;59;60;61
True,205,76,0.7751013196551559,0.0,13.001154344097014,307.0,463.0,29.0,19.0,86.34126140565675,54,6,15,0,0.1,0.35,332.0,0.20638954215403926,0.2600640403784842,0.039160103446075345,0.1445426040091044,31,0,29,19,29,48,3,1,0,0.7659648859265082,0.2570239140832174,6,60,45,16,0,29,0.7659648859265082,nenhuma,86.34126140565675,0.0,94,0,terminal,0.818993813689007,10,34,adaptativa,j6021_1.sm,2,GOV,0,2.6973684210526314,0.5166666666666667,31,0.0,0.0,0.7067387908765618,60,21,60,60,2;3;4;5;6;7;8;9;10;11;12;13;14;15;16;17;18;19;20;21;22;23;24;25;26;27;28;29;30;31;32;33;34;35;36;37;38;39;40;41;42;43;44;45;46;47;48;49;50;51;52;53;54;55;56;57;58;59;60;61,2;3;4;5;6;7;8;9;10;11;12;13;14;15;16;17;18;19;20;21;22;23;24;25;26;27;28;29;30;31;32;33;34;35;36;37;38;39;40;41;42;43;44;45;46;47;48;49;50;51;52;53;54;55;56;57;58;59;60;61
True,226,76,0.7396323431196965,0.0,15.611141197711891,302.0,475.0,46.0,26.0,95.21096389119049,56,4,15,0,0.06666666666666667,0.31666666666666665,332.0,0.2228663867237276,0.28678001172045325,0.04702150963166232,0.14825496487058112,34,0,46,26,26,72,0,0,3,0.794910294566222,0.24332019624229825,2,60,69,23,3,46,0.794910294566222,nenhuma,95.21096389119049,0.0,102,0,terminal,0.7369446834806538,10,34,adaptativa,j6021_1.sm,3,GOV,0,2.973684210526316,0.5666666666666667,34,0.0,0.0,0.6872370836020616,60,19,60,60,2;3;4;5;6;7;8;9;10;11;12;13;14;15;16;17;18;19;20;21;22;23;24;25;26;27;28;29;30;31;32;33;34;35;36;37;38;39;40;41;42;43;44;45;46;47;48;49;50;51;52;53;54;55;56;57;58;59;60;61,2;3;4;5;6;7;8;9;10;11;12;13;14;15;16;17;18;19;20;21;22;23;24;25;26;27;28;29;30;31;32;33;34;35;36;37;38;39;40;41;42;43;44;45;46;47;48;49;50;51;52;53;54;55;56;57;58;59;60;61
True,124,69,0.7658412110650867,0.0,4.0,313.0,460.0,60.0,41.0,39.64670502682813,55,5,6,0,0.08333333333333333,0.18333333333333332,337.0,0.10526231743884268,0.11764600898168584,0.011869436201780416,0.06600669694018764,21,0,60,41,39,101,6,3,4,0.6268507180531939,0.4857196752206667,14,60,91,31,4,60,0.6268507180531939,nenhuma,39.64670502682813,0.0,44,0,terminal,0.8875000000000001,10,34,adaptativa,j6032_1.sm,0,GOV,0,1.7971014492753623,0.35,21,0.0,0.0,0.6135093231941584,60,11,60,60,2;3;4;5;6;7;8;9;10;11;12;13;14;15;16;17;18;19;20;21;22;23;24;25;26;27;28;29;30;31;32;33;34;35;36;37;38;39;40;41;42;43;44;45;46;47;48;49;50;51;52;53;54;55;56;57;58;59;60;61,2;3;4;5;6;7;8;9;10;11;12;13;14;15;16;17;18;19;20;21;22;23;24;25;26;27;28;29;30;31;32;33;34;35;36;37;38;39;40;41;42;43;44;45;46;47;48;49;50;51;52;53;54;55;56;57;58;59;60;61
True,120,69,0.7258025436163501,0.0,6.365079461969927,291.0,449.0,52.0,53.0,64.62555311921817,54,6,10,0,0.1,0.26666666666666666,337.0,0.16090996356507917,0.19176721993833284,0.018887476148278716,0.10446634930187548,23,0,52,53,37,105,5,14,3,0.6586427040007742,0.39362113220747674,13,60,97,45,3,52,0.6586427040007742,nenhuma,64.62555311921817,0.0,68,0,terminal,0.8775,10,34,adaptativa,j6032_1.sm,1,GOV,0,1.7391304347826086,0.38333333333333336,23,0.0,0.0,0.6222507303408589,60,16,60,60,2;3;4;5;6;7;8;9;10;11;12;13;14;15;16;17;18;19;20;21;22;23;24;25;26;27;28;29;30;31;32;33;34;35;36;37;38;39;40;41;42;43;44;45;46;47;48;49;50;51;52;53;54;55;56;57;58;59;60;61,2;3;4;5;6;7;8;9;10;11;12;13;14;15;16;17;18;19;20;21;22;23;24;25;26;27;28;29;30;31;32;33;34;35;36;37;38;39;40;41;42;43;44;45;46;47;48;49;50;51;52;53;54;55;56;57;58;59;60;61
True,135,69,0.7188539494805473,0.0,4.88785621781329,321.0,489.0,33.0,74.0,84.24944476323383,57,3,17,0,0.05,0.3333333333333333,337.0,0.19999894554303047,0.24999835241315674,0.014504024385202641,0.12385081004006922,32,0,33,74,28,107,0,52,1,0.7659648859265082,0.2570239140832174,2,60,106,73,1,33,0.7659648859265082,nenhuma,84.24944476323383,0.0,92,0,terminal,0.6576503751849796,10,34,adaptativa,j6032_1.sm,2,GOV,0,1.9565217391304348,0.5333333333333333,32,0.0,0.0,0.5007869338117485,60,20,60,60,2;3;4;5;6;7;8;9;10;11;12;13;14;15;16;17;18;19;20;21;22;23;24;25;26;27;28;29;30;31;32;33;34;35;36;37;38;39;40;41;42;43;44;45;46;47;48;49;50;51;52;53;54;55;56;57;58;59;60;61,2;3;4;5;6;7;8;9;10;11;12;13;14;15;16;17;18;19;20;21;22;23;24;25;26;27;28;29;30;31;32;33;34;35;36;37;38;39;40;41;42;43;44;45;46;47;48;49;50;51;52;53;54;55;56;57;58;59;60;61
True,146,69,0.7032086214348412,0.0,5.0,314.0,492.0,93.0,54.0,60.650125159320694,55,5,13,0,0.08333333333333333,0.3,337.0,0.15252132797649917,0.17997069780213856,0.01483679525222552,0.08668636362426115,32,0,93,54,28,147,0,9,11,0.794910294566222,0.24332019624229825,0,60,136,43,11,93,0.794910294566222,nenhuma,60.6501251593207,0.0,65,0,terminal,0.7833333333333332,10,34,adaptativa,j6032_1.sm,3,GOV,0,2.1159420289855073,0.5333333333333333,32,0.0,0.0,0.5585856240220819,60,18,60,60,2;3;4;5;6;7;8;9;10;11;12;13;14;15;16;17;18;19;20;21;22;23;24;25;26;27;28;29;30;31;32;33;34;35;36;37;38;39;40;41;42;43;44;45;46;47;48;49;50;51;52;53;54;55;56;57;58;59;60;61,2;3;4;5;6;7;8;9;10;11;12;13;14;15;16;17;18;19;20;21;22;23;24;25;26;27;28;29;30;31;32;33;34;35;36;37;38;39;40;41;42;43;44;45;46;47;48;49;50;51;52;53;54;55;56;57;58;59;60;61
True,181,108,0.5377494983405094,0.0,6.415861340848142,317.0,386.0,197.0,78.0,56.80634141211257,58,2,12,0,0.03333333333333333,0.23333333333333334,334.0,0.1453567544652742,0.17007886650333107,0.019209165691162104,0.07913881242726228,22,0,197,78,38,275,28,1,4,0.6268507180531939,0.4857196752206667,21,60,243,46,4,197,0.6268507180531939,nenhuma,56.80634141211257,0.0,61,0,terminal,0.9616317494845035,10,34,adaptativa,j6043_1.sm,0,GOV,0,1.6759259259259258,0.36666666666666664,22,0.0,0.0,0.8794509300635192,60,14,60,60,2;3;4;5;6;7;8;9;10;11;12;13;14;15;16;17;18;19;20;21;22;23;24;25;26;27;28;29;30;31;32;33;34;35;36;37;38;39;40;41;42;43;44;45;46;47;48;49;50;51;52;53;54;55;56;57;58;59;60;61,2;3;4;5;6;7;8;9;10;11;12;13;14;15;16;17;18;19;20;21;22;23;24;25;26;27;28;29;30;31;32;33;34;35;36;37;38;39;40;41;42;43;44;45;46;47;48;49;50;51;52;53;54;55;56;57;58;59;60;61
True,149,108,0.6293432551452341,0.0,5.085504143128606,313.0,373.0,118.0,49.0,52.68133399462971,56,4,12,0,0.06666666666666667,0.26666666666666666,334.0,0.1362396613521597,0.15772854489410093,0.015226060308768281,0.08888644027231513,24,0,118,49,36,167,17,1,2,0.6586427040007742,0.39362113220747674,20,60,148,30,2,118,0.6586427040007742,nenhuma,52.68133399462971,0.0,59,0,terminal,0.9125,10,34,adaptativa,j6043_1.sm,1,GOV,0,1.3796296296296295,0.4,24,0.0,0.0,0.8093674860693378,60,16,60,60,2;3;4;5;6;7;8;9;10;11;12;13;14;15;16;17;18;19;20;21;22;23;24;25;26;27;28;29;30;31;32;33;34;35;36;37;38;39;40;41;42;43;44;45;46;47;48;49;50;51;52;53;54;55;56;57;58;59;60;61,2;3;4;5;6;7;8;9;10;11;12;13;14;15;16;17;18;19;20;21;22;23;24;25;26;27;28;29;30;31;32;33;34;35;36;37;38;39;40;41;42;43;44;45;46;47;48;49;50;51;52;53;54;55;56;57;58;59;60;61
True,152,108,0.6987605348264232,0.0,4.978278290065984,307.0,405.0,74.0,46.0,54.59770166557084,56,4,12,0,0.06666666666666667,0.26666666666666666,334.0,0.14049929125046112,0.1634661726514097,0.014905024820556839,0.09419930670648834,22,0,74,46,38,120,1,6,3,0.7659648859265082,0.2570239140832174,6,60,116,42,3,74,0.7659648859265082,nenhuma,54.59770166557084,0.0,59,0,terminal,0.7988406369137819,10,34,adaptativa,j6043_1.sm,2,GOV,0,1.4074074074074074,0.36666666666666664,22,0.0,0.0,0.742184701731291,60,16,60,60,2;3;4;5;6;7;8;9;10;11;12;13;14;15;16;17;18;19;20;21;22;23;24;25;26;27;28;29;30;31;32;33;34;35;36;37;38;39;40;41;42;43;44;45;46;47;48;49;50;51;52;53;54;55;56;57;58;59;60;61,2;3;4;5;6;7;8;9;10;11;12;13;14;15;16;17;18;19;20;21;22;23;24;25;26;27;28;29;30;31;32;33;34;35;36;37;38;39;40;41;42;43;44;45;46;47;48;49;50;51;52;53;54;55;56;57;58;59;60;61
True,171,108,0.5655914345728053,0.0,8.214109079976105,298.0,394.0,162.0,75.0,65.61592435110099,55,5,11,0,0.08333333333333333,0.26666666666666666,334.0,0.16419747150379094,0.19645486332664966,0.02459314095801229,0.09419239793035501,25,0,162,75,35,237,1,5,10,0.794910294566222,0.24332019624229825,4,60,226,64,10,162,0.794910294566222,nenhuma,65.61592435110099,0.0,70,0,terminal,0.7825686548674188,10,34,adaptativa,j6043_1.sm,3,GOV,0,1.5833333333333333,0.4166666666666667,25,0.0,0.0,0.7629720947308268,60,16,60,60,2;3;4;5;6;7;8;9;10;11;12;13;14;15;16;17;18;19;20;21;22;23;24;25;26;27;28;29;30;31;32;33;34;35;36;37;38;39;40;41;42;43;44;45;46;47;48;49;50;51;52;53;54;55;56;57;58;59;60;61,2;3;4;5;6;7;8;9;10;11;12;13;14;15;16;17;18;19;20;21;22;23;24;25;26;27;28;29;30;31;32;33;34;35;36;37;38;39;40;41;42;43;44;45;46;47;48;49;50;51;52;53;54;55;56;57;58;59;60;61
True,145,85,0.6845699128302276,0.0,8.817168041435172,276.0,406.0,85.0,60.0,42.07309946104427,53,7,3,0,0.11666666666666667,0.16666666666666666,323.0,0.11524568510568595,0.13025727387320207,0.027297733874412297,0.07094083258754821,17,0,85,60,43,145,20,2,9,0.6268507180531939,0.4857196752206667,16,60,116,31,9,85,0.6268507180531939,nenhuma,42.07309946104427,0.0,46,0,terminal,0.9427910357510987,10,49,centralizada,j6010_1.sm,0,GOV,0,1.7058823529411764,0.2833333333333333,17,0.0,0.0,0.8043744814386157,60,10,60,60,2;3;4;5;6;7;8;9;10;11;12;13;14;15;16;17;18;19;20;21;22;23;24;25;26;27;28;29;30;31;32;33;34;35;36;37;38;39;40;41;42;43;44;45;46;47;48;49;50;51;52;53;54;55;56;57;58;59;60;61,2;3;4;5;6;7;8;9;10;11;12;13;14;15;16;17;18;19;20;21;22;23;24;25;26;27;28;29;30;31;32;33;34;35;36;37;38;39;40;41;42;43;44;45;46;47;48;49;50;51;52;53;54;55;56;57;58;59;60;61
True,141,85,0.6992437935679429,0.0,8.5,291.0,414.0,59.0,51.0,68.06817966525598,54,6,12,0,0.1,0.3,323.0,0.17405706525015804,0.21073739834444577,0.02631578947368421,0.11496679268212054,26,0,59,51,34,110,7,3,13,0.6586427040007742,0.39362113220747674,14,60,90,31,13,59,0.6586427040007742,nenhuma,68.06817966525598,0.0,73,0,terminal,0.8665354467089603,10,49,centralizada,j6010_1.sm,1,GOV,0,1.6588235294117648,0.43333333333333335,26,0.0,0.0,0.7280740525315262,60,18,60,60,2;3;4;5;6;7;8;9;10;11;12;13;14;15;16;17;18;19;20;21;22;23;24;25;26;27;28;29;30;31;32;33;34;35;36;37;38;39;40;41;42;43;44;45;46;47;48;49;50;51;52;53;54;55;56;57;58;59;60;61,2;3;4;5;6;7;8;9;10;11;12;13;14;15;16;17;18;19;20;21;22;23;24;25;26;27;28;29;30;31;32;33;34;35;36;37;38;39;40;41;42;43;44;45;46;47;48;49;50;51;52;53;54;55;56;57;58;59;60;61
True,161,85,0.6554675617247545,1.7763568394002505e-15,17.05527136667485,257.0,420.0,65.0,59.0,96.76397448996477,50,10,14,0,0.16666666666666666,0.4,323.0,0.2305199597167386,0.2995788683899838,0.0528026977296435,0.15101344386127036,27,0,65,59,33,124,8,14,4,0.7659648859265082,0.2570239140832174,4,60,112,47,4,65,0.7659648859265082,nenhuma,96.76397448996478,0.0,106,0,terminal,0.8525,10,49,centralizada,j6010_1.sm,2,GOV,0,1.8941176470588235,0.45,27,0.0,0.0,0.6497644324911795,60,24,60,60,2;3;4;5;6;7;8;9;10;11;12;13;14;15;16;17;18;19;20;21;22;23;24;25;26;27;28;29;30;31;32;33;34;35;36;37;38;39;40;41;42;43;44;45;46;47;48;49;50;51;52;53;54;55;56;57;58;59;60;61,2;3;4;5;6;7;8;9;10;11;12;13;14;15;16;17;18;19;20;21;22;23;24;25;26;27;28;29;30;31;32;33;34;35;36;37;38;39;40;41;42;43;44;45;46;47;48;49;50;51;52;53;54;55;56;57;58;59;60;61
True,153,85,0.6476385128572348,0.0,9.0,238.0,425.0,77.0,72.0,82.23027593741443,47,13,9,0,0.21666666666666667,0.36666666666666664,323.0,0.2029223402599722,0.25458289763905395,0.02786377708978328,0.12530704381164035,25,0,77,72,35,149,4,15,5,0.794910294566222,0.24332019624229825,3,60,140,63,5,77,0.794910294566222,nenhuma,82.23027593741443,0.0,89,0,terminal,0.7983731366379692,10,49,centralizada,j6010_1.sm,3,GOV,0,1.8,0.4166666666666667,25,0.0,0.0,0.7040061328832005,60,22,60,60,2;3;4;5;6;7;8;9;10;11;12;13;14;15;16;17;18;19;20;21;22;23;24;25;26;27;28;29;30;31;32;33;34;35;36;37;38;39;40;41;42;43;44;45;46;47;48;49;50;51;52;53;54;55;56;57;58;59;60;61,2;3;4;5;6;7;8;9;10;11;12;13;14;15;16;17;18;19;20;21;22;23;24;25;26;27;28;29;30;31;32;33;34;35;36;37;38;39;40;41;42;43;44;45;46;47;48;49;50;51;52;53;54;55;56;57;58;59;60;61
True,205,76,0.7334782136205823,0.0,26.836672244077555,278.0,430.0,57.0,38.0,61.24781488388262,51,9,4,0,0.15,0.21666666666666667,332.0,0.15574864644058542,0.18448137013217655,0.08083335013276371,0.1044742740678938,26,0,57,38,34,95,5,0,12,0.6268507180531939,0.4857196752206667,18,60,78,21,12,57,0.6268507180531939,nenhuma,61.24781488388262,0.0,67,0,terminal,0.8930735066621991,10,49,centralizada,j6021_1.sm,0,GOV,0,2.6973684210526314,0.43333333333333335,26,0.0,0.0,0.7869890335601384,60,13,60,60,2;3;4;5;6;7;8;9;10;11;12;13;14;15;16;17;18;19;20;21;22;23;24;25;26;27;28;29;30;31;32;33;34;35;36;37;38;39;40;41;42;43;44;45;46;47;48;49;50;51;52;53;54;55;56;57;58;59;60;61,2;3;4;5;6;7;8;9;10;11;12;13;14;15;16;17;18;19;20;21;22;23;24;25;26;27;28;29;30;31;32;33;34;35;36;37;38;39;40;41;42;43;44;45;46;47;48;49;50;51;52;53;54;55;56;57;58;59;60;61
True,232,76,0.7796910185632766,0.0,11.285413478534231,261.0,477.0,26.0,21.0,87.78080629806378,49,11,9,0,0.18333333333333332,0.3333333333333333,332.0,0.2091110526757513,0.26440001897007165,0.03399220927269347,0.14348408023656822,25,0,26,21,35,47,2,0,6,0.6586427040007742,0.39362113220747674,17,60,39,13,6,26,0.6586427040007742,nenhuma,87.78080629806378,0.0,96,0,terminal,0.7975570684041678,10,49,centralizada,j6021_1.sm,1,GOV,0,3.0526315789473686,0.4166666666666667,25,0.0,0.0,0.7519327740123385,60,20,60,60,2;3;4;5;6;7;8;9;10;11;12;13;14;15;16;17;18;19;20;21;22;23;24;25;26;27;28;29;30;31;32;33;34;35;36;37;38;39;40;41;42;43;44;45;46;47;48;49;50;51;52;53;54;55;56;57;58;59;60;61,2;3;4;5;6;7;8;9;10;11;12;13;14;15;16;17;18;19;20;21;22;23;24;25;26;27;28;29;30;31;32;33;34;35;36;37;38;39;40;41;42;43;44;45;46;47;48;49;50;51;52;53;54;55;56;57;58;59;60;61
True,210,76,0.7934115378139467,0.0,9.314421189881942,296.0,483.0,15.0,26.0,84.76351928381266,51,9,11,0,0.15,0.3333333333333333,332.0,0.20338517015470675,0.25531180507172485,0.028055485511692596,0.13923882854139114,27,0,15,26,33,41,2,7,4,0.7659648859265082,0.2570239140832174,6,60,35,20,4,15,0.7659648859265082,nenhuma,84.76351928381266,0.0,91,0,terminal,0.7043691494425234,10,49,centralizada,j6021_1.sm,2,GOV,0,2.763157894736842,0.45,27,0.0,0.0,0.7135880109132984,60,20,60,60,2;3;4;5;6;7;8;9;10;11;12;13;14;15;16;17;18;19;20;21;22;23;24;25;26;27;28;29;30;31;32;33;34;35;36;37;38;39;40;41;42;43;44;45;46;47;48;49;50;51;52;53;54;55;56;57;58;59;60;61,2;3;4;5;6;7;8;9;10;11;12;13;14;15;16;17;18;19;20;21;22;23;24;25;26;27;28;29;30;31;32;33;34;35;36;37;38;39;40;41;42;43;44;45;46;47;48;49;50;51;52;53;54;55;56;57;58;59;60;61
True,221,76,0.7564050092649861,0.0,11.691719159637948,270.0,473.0,36.0,36.0,80.3263717272623,51,9,8,0,0.15,0.2833333333333333,332.0,0.19481259806587156,0.24194690279295872,0.03521602156517454,0.12845511617459315,32,0,36,36,28,72,0,0,10,0.794910294566222,0.24332019624229825,2,60,62,26,10,36,0.794910294566222,nenhuma,80.3263717272623,0.0,86,0,terminal,0.7208333333333332,10,49,centralizada,j6021_1.sm,3,GOV,0,2.9078947368421053,0.5333333333333333,32,0.0,0.0,0.6820441813711293,60,17,60,60,2;3;4;5;6;7;8;9;10;11;12;13;14;15;16;17;18;19;20;21;22;23;24;25;26;27;28;29;30;31;32;33;34;35;36;37;38;39;40;41;42;43;44;45;46;47;48;49;50;51;52;53;54;55;56;57;58;59;60;61,2;3;4;5;6;7;8;9;10;11;12;13;14;15;16;17;18;19;20;21;22;23;24;25;26;27;28;29;30;31;32;33;34;35;36;37;38;39;40;41;42;43;44;45;46;47;48;49;50;51;52;53;54;55;56;57;58;59;60;61
True,126,69,0.755184289972179,0.0,6.2052199558002155,309.0,451.0,56.0,64.0,26.205219955800217,54,6,4,0,0.1,0.16666666666666666,337.0,0.0721498990542846,0.07776029660474842,0.01841311559584634,0.04387975704187531,18,0,56,64,42,120,20,12,10,0.6268507180531939,0.4857196752206667,14,60,90,34,10,56,0.6268507180531939,nenhuma,26.205219955800217,0.0,30,0,terminal,0.8850578237774972,10,49,centralizada,j6032_1.sm,0,GOV,0,1.826086956521739,0.3,18,0.0,0.0,0.7278408386426666,60,10,60,60,2;3;4;5;6;7;8;9;10;11;12;13;14;15;16;17;18;19;20;21;22;23;24;25;26;27;28;29;30;31;32;33;34;35;36;37;38;39;40;41;42;43;44;45;46;47;48;49;50;51;52;53;54;55;56;57;58;59;60;61,2;3;4;5;6;7;8;9;10;11;12;13;14;15;16;17;18;19;20;21;22;23;24;25;26;27;28;29;30;31;32;33;34;35;36;37;38;39;40;41;42;43;44;45;46;47;48;49;50;51;52;53;54;55;56;57;58;59;60;61
True,129,69,0.7501042759835519,0.0,12.250476754194258,275.0,487.0,25.0,59.0,78.24306605429726,50,10,10,0,0.16666666666666666,0.3333333333333333,337.0,0.18842714653317336,0.23217527019079306,0.03635156306882569,0.12051428832318659,29,0,25,59,31,84,11,29,4,0.6586427040007742,0.39362113220747674,13,60,69,44,4,25,0.6586427040007742,nenhuma,78.24306605429727,0.0,86,0,terminal,0.7633144390142182,10,49,centralizada,j6032_1.sm,1,GOV,0,1.8695652173913044,0.48333333333333334,29,0.0,0.0,0.5190249631747558,60,20,60,60,2;3;4;5;6;7;8;9;10;11;12;13;14;15;16;17;18;19;20;21;22;23;24;25;26;27;28;29;30;31;32;33;34;35;36;37;38;39;40;41;42;43;44;45;46;47;48;49;50;51;52;53;54;55;56;57;58;59;60;61,2;3;4;5;6;7;8;9;10;11;12;13;14;15;16;17;18;19;20;21;22;23;24;25;26;27;28;29;30;31;32;33;34;35;36;37;38;39;40;41;42;43;44;45;46;47;48;49;50;51;52;53;54;55;56;57;58;59;60;61
True,122,69,0.7523060854474559,0.0,6.399777560854178,300.0,483.0,30.0,73.0,56.02591118576649,55,5,7,0,0.08333333333333333,0.2,337.0,0.14255017186204152,0.16624899461651776,0.018990437866036134,0.08726425243849031,29,0,30,73,31,103,0,43,10,0.7659648859265082,0.2570239140832174,2,60,93,63,10,30,0.7659648859265082,nenhuma,56.02591118576649,0.0,61,0,terminal,0.6853836936595018,10,49,centralizada,j6032_1.sm,2,GOV,0,1.7681159420289856,0.48333333333333334,29,0.0,0.0,0.5239363481610186,60,12,60,60,2;3;4;5;6;7;8;9;10;11;12;13;14;15;16;17;18;19;20;21;22;23;24;25;26;27;28;29;30;31;32;33;34;35;36;37;38;39;40;41;42;43;44;45;46;47;48;49;50;51;52;53;54;55;56;57;58;59;60;61,2;3;4;5;6;7;8;9;10;11;12;13;14;15;16;17;18;19;20;21;22;23;24;25;26;27;28;29;30;31;32;33;34;35;36;37;38;39;40;41;42;43;44;45;46;47;48;49;50;51;52;53;54;55;56;57;58;59;60;61
True,151,69,0.6469755507798233,0.0,13.0,268.0,514.0,105.0,74.0,101.46587955365086,50,10,10,0,0.16666666666666666,0.3333333333333333,337.0,0.23141111836784428,0.3010856960048987,0.03857566765578635,0.1277158430147519,33,0,105,74,27,179,0,17,15,0.794910294566222,0.24332019624229825,0,60,164,59,15,105,0.794910294566222,nenhuma,101.46587955365088,0.0,111,0,terminal,0.7799999999999999,10,49,centralizada,j6032_1.sm,3,GOV,0,2.1884057971014492,0.55,33,0.0,0.0,0.5011679109262026,60,20,60,60,2;3;4;5;6;7;8;9;10;11;12;13;14;15;16;17;18;19;20;21;22;23;24;25;26;27;28;29;30;31;32;33;34;35;36;37;38;39;40;41;42;43;44;45;46;47;48;49;50;51;52;53;54;55;56;57;58;59;60;61,2;3;4;5;6;7;8;9;10;11;12;13;14;15;16;17;18;19;20;21;22;23;24;25;26;27;28;29;30;31;32;33;34;35;36;37;38;39;40;41;42;43;44;45;46;47;48;49;50;51;52;53;54;55;56;57;58;59;60;61
True,155,108,0.4895977808599168,0.0,8.0,290.0,353.0,227.0,119.0,22.0,53,7,0,0,0.11666666666666667,0.11666666666666667,334.0,0.06179775280898876,0.0658682634730539,0.023952095808383235,0.030513176144244106,19,0,227,119,41,346,45,0,15,0.6268507180531939,0.4857196752206667,21,60,286,59,15,227,0.6268507180531939,nenhuma,22.0,0.0,24,0,terminal,0.9914867376680906,10,49,centralizada,j6043_1.sm,0,GOV,0,1.4351851851851851,0.31666666666666665,19,0.0,0.0,0.9443490980963238,60,7,60,60,2;3;4;5;6;7;8;9;10;11;12;13;14;15;16;17;18;19;20;21;22;23;24;25;26;27;28;29;30;31;32;33;34;35;36;37;38;39;40;41;42;43;44;45;46;47;48;49;50;51;52;53;54;55;56;57;58;59;60;61,2;3;4;5;6;7;8;9;10;11;12;13;14;15;16;17;18;19;20;21;22;23;24;25;26;27;28;29;30;31;32;33;34;35;36;37;38;39;40;41;42;43;44;45;46;47;48;49;50;51;52;53;54;55;56;57;58;59;60;61
True,177,108,0.6068658306194878,0.0,8.25930300444383,280.0,384.0,109.0,76.0,63.75930300444383,53,7,10,0,0.11666666666666667,0.2833333333333333,334.0,0.16029619552036348,0.19089611677977195,0.02472845210911326,0.10076391244143597,21,0,109,76,39,185,19,5,11,0.6586427040007742,0.39362113220747674,20,60,155,46,11,109,0.6586427040007742,nenhuma,63.75930300444383,0.0,68,0,terminal,0.8941666666666667,10,49,centralizada,j6043_1.sm,1,GOV,0,1.6388888888888888,0.35,21,0.0,0.0,0.8484565578897881,60,17,60,60,2;3;4;5;6;7;8;9;10;11;12;13;14;15;16;17;18;19;20;21;22;23;24;25;26;27;28;29;30;31;32;33;34;35;36;37;38;39;40;41;42;43;44;45;46;47;48;49;50;51;52;53;54;55;56;57;58;59;60;61,2;3;4;5;6;7;8;9;10;11;12;13;14;15;16;17;18;19;20;21;22;23;24;25;26;27;28;29;30;31;32;33;34;35;36;37;38;39;40;41;42;43;44;45;46;47;48;49;50;51;52;53;54;55;56;57;58;59;60;61
True,180,108,0.6282900651246708,0.0,9.162093171657922,269.0,427.0,100.0,86.0,66.62239688649368,52,8,9,0,0.13333333333333333,0.2833333333333333,334.0,0.16629723501297272,0.19946825415117866,0.027431416681610546,0.09802854819338824,22,0,100,86,38,186,1,16,15,0.7659648859265082,0.2570239140832174,6,60,170,70,15,100,0.7659648859265082,nenhuma,66.62239688649368,0.0,73,0,terminal,0.7599999999999999,10,49,centralizada,j6043_1.sm,2,GOV,0,1.6666666666666667,0.36666666666666664,22,0.0,0.0,0.7552217218675596,60,17,60,60,2;3;4;5;6;7;8;9;10;11;12;13;14;15;16;17;18;19;20;21;22;23;24;25;26;27;28;29;30;31;32;33;34;35;36;37;38;39;40;41;42;43;44;45;46;47;48;49;50;51;52;53;54;55;56;57;58;59;60;61,2;3;4;5;6;7;8;9;10;11;12;13;14;15;16;17;18;19;20;21;22;23;24;25;26;27;28;29;30;31;32;33;34;35;36;37;38;39;40;41;42;43;44;45;46;47;48;49;50;51;52;53;54;55;56;57;58;59;60;61
True,167,108,0.611405288682425,0.0,12.234968174892515,271.0,396.0,125.0,72.0,54.68821488832353,51,9,7,0,0.15,0.26666666666666666,334.0,0.14069944184964894,0.16373717032432195,0.03663164124219316,0.08443601972556046,19,0,125,72,41,197,1,3,28,0.794910294566222,0.24332019624229825,4,60,168,43,28,125,0.794910294566222,nenhuma,54.68821488832353,0.0,59,0,terminal,0.8143607625168574,10,49,centralizada,j6043_1.sm,3,GOV,0,1.5462962962962963,0.31666666666666665,19,0.0,0.0,0.8078672849185803,60,16,60,60,2;3;4;5;6;7;8;9;10;11;12;13;14;15;16;17;18;19;20;21;22;23;24;25;26;27;28;29;30;31;32;33;34;35;36;37;38;39;40;41;42;43;44;45;46;47;48;49;50;51;52;53;54;55;56;57;58;59;60;61,2;3;4;5;6;7;8;9;10;11;12;13;14;15;16;17;18;19;20;21;22;23;24;25;26;27;28;29;30;31;32;33;34;35;36;37;38;39;40;41;42;43;44;45;46;47;48;49;50;51;52;53;54;55;56;57;58;59;60;61
True,150,85,0.6678054812667032,0.0,11.066141107454396,290.0,403.0,99.0,59.0,42.469140797682144,55,5,6,0,0.08333333333333333,0.18333333333333332,323.0,0.11620445081898824,0.13148340804235958,0.03426049878468853,0.07037500002327421,18,0,99,59,42,158,24,0,8,0.6268507180531939,0.4857196752206667,16,60,126,27,8,99,0.6268507180531939,nenhuma,42.469140797682144,0.0,45,0,terminal,0.9708755172911019,10,51,centralizada,j6010_1.sm,0,GOV,0,1.7647058823529411,0.3,18,0.0,0.0,0.800322077319502,60,11,60,60,2;3;4;5;6;7;8;9;10;11;12;13;14;15;16;17;18;19;20;21;22;23;24;25;26;27;28;29;30;31;32;33;34;35;36;37;38;39;40;41;42;43;44;45;46;47;48;49;50;51;52;53;54;55;56;57;58;59;60;61,2;3;4;5;6;7;8;9;10;11;12;13;14;15;16;17;18;19;20;21;22;23;24;25;26;27;28;29;30;31;32;33;34;35;36;37;38;39;40;41;42;43;44;45;46;47;48;49;50;51;52;53;54;55;56;57;58;59;60;61
True,119,85,0.7549598643154855,0.0,5.75448983688043,315.0,405.0,47.0,45.0,39.45235878493945,59,1,10,0,0.016666666666666666,0.18333333333333332,323.0,0.10884839849627918,0.12214352564996733,0.01781575800891774,0.07354308008692281,14,0,47,45,46,92,9,2,7,0.6586427040007742,0.39362113220747674,14,60,76,29,7,47,0.6586427040007742,nenhuma,39.45235878493945,0.0,42,0,terminal,0.8800250454242704,10,51,centralizada,j6010_1.sm,1,GOV,0,1.4,0.23333333333333334,14,0.0,0.0,0.8087078340112588,60,11,60,60,2;3;4;5;6;7;8;9;10;11;12;13;14;15;16;17;18;19;20;21;22;23;24;25;26;27;28;29;30;31;32;33;34;35;36;37;38;39;40;41;42;43;44;45;46;47;48;49;50;51;52;53;54;55;56;57;58;59;60;61,2;3;4;5;6;7;8;9;10;11;12;13;14;15;16;17;18;19;20;21;22;23;24;25;26;27;28;29;30;31;32;33;34;35;36;37;38;39;40;41;42;43;44;45;46;47;48;49;50;51;52;53;54;55;56;57;58;59;60;61
True,141,85,0.6465909424636724,0.0,12.64876816627923,299.0,415.0,87.0,79.0,60.82773488714004,55,5,11,0,0.08333333333333333,0.26666666666666666,323.0,0.15847665334821548,0.18832116064130044,0.03916027296061681,0.09477268055085852,22,0,87,79,38,166,8,13,6,0.7659648859265082,0.2570239140832174,4,60,152,65,6,87,0.7659648859265082,nenhuma,60.82773488714004,0.0,67,0,terminal,0.8274999999999998,10,51,centralizada,j6010_1.sm,2,GOV,0,1.6588235294117648,0.36666666666666664,22,0.0,0.0,0.7200904275768059,60,16,60,60,2;3;4;5;6;7;8;9;10;11;12;13;14;15;16;17;18;19;20;21;22;23;24;25;26;27;28;29;30;31;32;33;34;35;36;37;38;39;40;41;42;43;44;45;46;47;48;49;50;51;52;53;54;55;56;57;58;59;60;61,2;3;4;5;6;7;8;9;10;11;12;13;14;15;16;17;18;19;20;21;22;23;24;25;26;27;28;29;30;31;32;33;34;35;36;37;38;39;40;41;42;43;44;45;46;47;48;49;50;51;52;53;54;55;56;57;58;59;60;61
True,175,85,0.6394017992017581,0.0,5.69853095932026,306.0,426.0,89.0,79.0,72.24773426009571,57,3,15,0,0.05,0.3,323.0,0.18279101433773823,0.22367719585168952,0.017642510709969847,0.10843974477501336,24,0,89,79,36,168,4,5,11,0.794910294566222,0.24332019624229825,3,60,153,64,11,89,0.794910294566222,nenhuma,72.2477342600957,0.0,77,0,terminal,0.826791627762375,10,51,centralizada,j6010_1.sm,3,GOV,0,2.0588235294117645,0.4,24,0.0,0.0,0.7389070277566504,60,18,60,60,2;3;4;5;6;7;8;9;10;11;12;13;14;15;16;17;18;19;20;21;22;23;24;25;26;27;28;29;30;31;32;33;34;35;36;37;38;39;40;41;42;43;44;45;46;47;48;49;50;51;52;53;54;55;56;57;58;59;60;61,2;3;4;5;6;7;8;9;10;11;12;13;14;15;16;17;18;19;20;21;22;23;24;25;26;27;28;29;30;31;32;33;34;35;36;37;38;39;40;41;42;43;44;45;46;47;48;49;50;51;52;53;54;55;56;57;58;59;60;61
True,234,76,0.710360733494777,0.0,11.457113100626099,299.0,431.0,51.0,38.0,86.73398694153603,55,5,13,0,0.08333333333333333,0.3,332.0,0.2071338597925797,0.26124694861908443,0.034509376809114756,0.14295224729168432,26,0,51,38,34,89,5,0,11,0.6268507180531939,0.4857196752206667,18,60,73,22,11,51,0.6268507180531939,nenhuma,86.733986941536,0.0,92,0,terminal,0.8930735066621991,10,51,centralizada,j6021_1.sm,0,GOV,0,3.0789473684210527,0.43333333333333335,26,0.0,0.0,0.7986249668402519,60,18,60,60,2;3;4;5;6;7;8;9;10;11;12;13;14;15;16;17;18;19;20;21;22;23;24;25;26;27;28;29;30;31;32;33;34;35;36;37;38;39;40;41;42;43;44;45;46;47;48;49;50;51;52;53;54;55;56;57;58;59;60;61,2;3;4;5;6;7;8;9;10;11;12;13;14;15;16;17;18;19;20;21;22;23;24;25;26;27;28;29;30;31;32;33;34;35;36;37;38;39;40;41;42;43;44;45;46;47;48;49;50;51;52;53;54;55;56;57;58;59;60;61
True,243,76,0.7197046097117551,0.0,14.890049843045311,297.0,440.0,48.0,34.0,89.36193107922703,55,5,15,0,0.08333333333333333,0.3333333333333333,332.0,0.21207879613221314,0.26916244300972,0.044849547720015995,0.14616862211469056,30,0,48,34,30,82,3,0,10,0.6586427040007742,0.39362113220747674,17,60,69,21,10,48,0.6586427040007742,nenhuma,89.36193107922703,0.0,98,0,terminal,0.8299235535806625,10,51,centralizada,j6021_1.sm,1,GOV,0,3.1973684210526314,0.5,30,0.0,0.0,0.7678591162805303,60,20,60,60,2;3;4;5;6;7;8;9;10;11;12;13;14;15;16;17;18;19;20;21;22;23;24;25;26;27;28;29;30;31;32;33;34;35;36;37;38;39;40;41;42;43;44;45;46;47;48;49;50;51;52;53;54;55;56;57;58;59;60;61,2;3;4;5;6;7;8;9;10;11;12;13;14;15;16;17;18;19;20;21;22;23;24;25;26;27;28;29;30;31;32;33;34;35;36;37;38;39;40;41;42;43;44;45;46;47;48;49;50;51;52;53;54;55;56;57;58;59;60;61
True,202,76,0.7857637131110465,8.881784197001252e-16,8.3383309236069,306.0,460.0,36.0,30.0,59.41771823330739,56,4,14,0,0.06666666666666667,0.3,332.0,0.1518012993931231,0.17896903082321503,0.02511545458917741,0.10149627587736858,24,0,36,30,36,66,4,0,4,0.7659648859265082,0.2570239140832174,6,60,58,22,4,36,0.7659648859265082,nenhuma,59.41771823330739,0.0,67,0,terminal,0.8265162769175015,10,51,centralizada,j6021_1.sm,2,GOV,0,2.6578947368421053,0.4,24,0.0,0.0,0.7260624858680084,60,18,60,60,2;3;4;5;6;7;8;9;10;11;12;13;14;15;16;17;18;19;20;21;22;23;24;25;26;27;28;29;30;31;32;33;34;35;36;37;38;39;40;41;42;43;44;45;46;47;48;49;50;51;52;53;54;55;56;57;58;59;60;61,2;3;4;5;6;7;8;9;10;11;12;13;14;15;16;17;18;19;20;21;22;23;24;25;26;27;28;29;30;31;32;33;34;35;36;37;38;39;40;41;42;43;44;45;46;47;48;49;50;51;52;53;54;55;56;57;58;59;60;61
True,223,76,0.7781135160031899,0.0,20.119100896994304,298.0,468.0,35.0,25.0,73.45465973126909,55,5,11,0,0.08333333333333333,0.26666666666666666,332.0,0.1811661500695393,0.221248975094184,0.0605997014969708,0.12212834091947804,29,0,35,25,31,60,0,0,10,0.794910294566222,0.24332019624229825,2,60,50,15,10,35,0.794910294566222,nenhuma,73.4546597312691,0.0,78,0,terminal,0.8058878090365414,10,51,centralizada,j6021_1.sm,3,GOV,0,2.9342105263157894,0.48333333333333334,29,0.0,0.0,0.7247972706306149,60,16,60,60,2;3;4;5;6;7;8;9;10;11;12;13;14;15;16;17;18;19;20;21;22;23;24;25;26;27;28;29;30;31;32;33;34;35;36;37;38;39;40;41;42;43;44;45;46;47;48;49;50;51;52;53;54;55;56;57;58;59;60;61,2;3;4;5;6;7;8;9;10;11;12;13;14;15;16;17;18;19;20;21;22;23;24;25;26;27;28;29;30;31;32;33;34;35;36;37;38;39;40;41;42;43;44;45;46;47;48;49;50;51;52;53;54;55;56;57;58;59;60;61
True,179,69,0.6857495083102672,0.0,8.584685866319106,295.0,444.0,80.0,76.0,47.46674203827842,53,7,6,0,0.11666666666666667,0.21666666666666667,337.0,0.12346124345276273,0.14085086658242854,0.025473845300650166,0.07331147525639575,24,0,80,76,36,156,15,9,12,0.6268507180531939,0.4857196752206667,14,60,129,49,12,80,0.6268507180531939,nenhuma,47.46674203827842,0.0,52,0,terminal,0.916171548746492,10,51,centralizada,j6032_1.sm,0,GOV,0,2.5942028985507246,0.4,24,0.0,0.0,0.7767297068481854,60,13,60,60,2;3;4;5;6;7;8;9;10;11;12;13;14;15;16;17;18;19;20;21;22;23;24;25;26;27;28;29;30;31;32;33;34;35;36;37;38;39;40;41;42;43;44;45;46;47;48;49;50;51;52;53;54;55;56;57;58;59;60;61,2;3;4;5;6;7;8;9;10;11;12;13;14;15;16;17;18;19;20;21;22;23;24;25;26;27;28;29;30;31;32;33;34;35;36;37;38;39;40;41;42;43;44;45;46;47;48;49;50;51;52;53;54;55;56;57;58;59;60;61
True,126,69,0.7531547039802788,0.0,7.962240711817061,321.0,458.0,38.0,54.0,58.10879568242408,57,3,13,0,0.05,0.26666666666666666,337.0,0.14707036724419084,0.17242966077870647,0.023626827038032823,0.09555657818962143,25,0,38,54,35,92,13,17,5,0.6586427040007742,0.39362113220747674,13,60,74,36,5,38,0.6586427040007742,nenhuma,58.10879568242408,0.0,63,0,terminal,0.8906461455190415,10,51,centralizada,j6032_1.sm,1,GOV,0,1.826086956521739,0.4166666666666667,25,0.0,0.0,0.618541285995773,60,16,60,60,2;3;4;5;6;7;8;9;10;11;12;13;14;15;16;17;18;19;20;21;22;23;24;25;26;27;28;29;30;31;32;33;34;35;36;37;38;39;40;41;42;43;44;45;46;47;48;49;50;51;52;53;54;55;56;57;58;59;60;61,2;3;4;5;6;7;8;9;10;11;12;13;14;15;16;17;18;19;20;21;22;23;24;25;26;27;28;29;30;31;32;33;34;35;36;37;38;39;40;41;42;43;44;45;46;47;48;49;50;51;52;53;54;55;56;57;58;59;60;61
True,133,69,0.7346642226427411,0.0,13.445995923931083,318.0,486.0,43.0,78.0,54.52670161581605,56,4,11,0,0.06666666666666667,0.25,337.0,0.13926687858270304,0.16180030153061142,0.03989909769712487,0.08242554908612386,27,0,43,78,33,121,0,31,10,0.7659648859265082,0.2570239140832174,2,60,111,68,10,43,0.7659648859265082,nenhuma,54.52670161581606,0.0,59,0,terminal,0.6787170269928352,10,51,centralizada,j6032_1.sm,2,GOV,0,1.9275362318840579,0.45,27,0.0,0.0,0.5625220307751289,60,15,60,60,2;3;4;5;6;7;8;9;10;11;12;13;14;15;16;17;18;19;20;21;22;23;24;25;26;27;28;29;30;31;32;33;34;35;36;37;38;39;40;41;42;43;44;45;46;47;48;49;50;51;52;53;54;55;56;57;58;59;60;61,2;3;4;5;6;7;8;9;10;11;12;13;14;15;16;17;18;19;20;21;22;23;24;25;26;27;28;29;30;31;32;33;34;35;36;37;38;39;40;41;42;43;44;45;46;47;48;49;50;51;52;53;54;55;56;57;58;59;60;61
True,221,69,0.6508942564211413,0.0,11.959288425701974,318.0,469.0,87.0,95.0,69.54714782511127,57,3,14,0,0.05,0.2833333333333333,337.0,0.17106785325432686,0.20637135853148744,0.03548750274689013,0.09651991272886352,34,0,87,95,26,182,0,30,15,0.794910294566222,0.24332019624229825,0,60,167,80,15,87,0.794910294566222,nenhuma,69.54714782511128,0.0,77,0,terminal,0.7516666666666666,10,51,centralizada,j6032_1.sm,3,GOV,0,3.2028985507246377,0.5666666666666667,34,0.0,0.0,0.7028800085045386,60,17,60,60,2;3;4;5;6;7;8;9;10;11;12;13;14;15;16;17;18;19;20;21;22;23;24;25;26;27;28;29;30;31;32;33;34;35;36;37;38;39;40;41;42;43;44;45;46;47;48;49;50;51;52;53;54;55;56;57;58;59;60;61,2;3;4;5;6;7;8;9;10;11;12;13;14;15;16;17;18;19;20;21;22;23;24;25;26;27;28;29;30;31;32;33;34;35;36;37;38;39;40;41;42;43;44;45;46;47;48;49;50;51;52;53;54;55;56;57;58;59;60;61
True,166,108,0.6337180353107028,0.0,8.616646356810563,308.0,396.0,114.0,64.0,50.88358849665197,56,4,9,0,0.06666666666666667,0.21666666666666667,334.0,0.1322051394693193,0.15234607334326936,0.025798342385660367,0.08142890841327415,21,0,114,64,39,178,20,2,12,0.6268507180531939,0.4857196752206667,21,60,146,32,12,114,0.6268507180531939,nenhuma,50.88358849665197,0.0,57,0,terminal,0.9129284619046257,10,51,centralizada,j6043_1.sm,0,GOV,0,1.537037037037037,0.35,21,0.0,0.0,0.7974049636878413,60,13,60,60,2;3;4;5;6;7;8;9;10;11;12;13;14;15;16;17;18;19;20;21;22;23;24;25;26;27;28;29;30;31;32;33;34;35;36;37;38;39;40;41;42;43;44;45;46;47;48;49;50;51;52;53;54;55;56;57;58;59;60;61,2;3;4;5;6;7;8;9;10;11;12;13;14;15;16;17;18;19;20;21;22;23;24;25;26;27;28;29;30;31;32;33;34;35;36;37;38;39;40;41;42;43;44;45;46;47;48;49;50;51;52;53;54;55;56;57;58;59;60;61
True,151,108,0.5817324147834014,0.0,4.0,326.0,380.0,128.0,81.0,64.22129271666395,58,2,15,0,0.03333333333333333,0.2833333333333333,334.0,0.1612703637179885,0.1922793195109699,0.011976047904191617,0.09831475708572787,19,0,128,81,41,209,19,4,11,0.6586427040007742,0.39362113220747674,20,60,179,51,11,128,0.6586427040007742,nenhuma,64.22129271666395,0.0,69,0,terminal,0.9308184331140826,10,51,centralizada,j6043_1.sm,1,GOV,0,1.3981481481481481,0.31666666666666665,19,0.0,0.0,0.804277656904116,60,17,60,60,2;3;4;5;6;7;8;9;10;11;12;13;14;15;16;17;18;19;20;21;22;23;24;25;26;27;28;29;30;31;32;33;34;35;36;37;38;39;40;41;42;43;44;45;46;47;48;49;50;51;52;53;54;55;56;57;58;59;60;61,2;3;4;5;6;7;8;9;10;11;12;13;14;15;16;17;18;19;20;21;22;23;24;25;26;27;28;29;30;31;32;33;34;35;36;37;38;39;40;41;42;43;44;45;46;47;48;49;50;51;52;53;54;55;56;57;58;59;60;61
True,192,108,0.6371146278909807,0.0,18.37559295999014,293.0,410.0,97.0,56.0,80.52626992290121,55,5,13,0,0.08333333333333333,0.3,334.0,0.19426095706281413,0.24109661653563236,0.05501674538919204,0.125132840237507,18,0,97,56,42,153,0,4,20,0.7659648859265082,0.2570239140832174,6,60,133,36,20,97,0.7659648859265082,nenhuma,80.52626992290121,0.0,85,0,terminal,0.8183333333333334,10,51,centralizada,j6043_1.sm,2,GOV,0,1.7777777777777777,0.3,18,0.0,0.0,0.8040490616405845,60,18,60,60,2;3;4;5;6;7;8;9;10;11;12;13;14;15;16;17;18;19;20;21;22;23;24;25;26;27;28;29;30;31;32;33;34;35;36;37;38;39;40;41;42;43;44;45;46;47;48;49;50;51;52;53;54;55;56;57;58;59;60;61,2;3;4;5;6;7;8;9;10;11;12;13;14;15;16;17;18;19;20;21;22;23;24;25;26;27;28;29;30;31;32;33;34;35;36;37;38;39;40;41;42;43;44;45;46;47;48;49;50;51;52;53;54;55;56;57;58;59;60;61
True,197,108,0.586469912042142,0.0,10.038518753901391,305.0,408.0,136.0,85.0,66.68786330283606,54,6,13,0,0.1,0.31666666666666665,334.0,0.1664334496012274,0.19966426138573673,0.030055445370962247,0.0958588856016977,26,0,136,85,34,221,0,4,36,0.794910294566222,0.24332019624229825,4,60,185,49,36,136,0.794910294566222,nenhuma,66.68786330283606,0.0,74,0,terminal,0.8104328110195747,10,51,centralizada,j6043_1.sm,3,GOV,0,1.8240740740740742,0.43333333333333335,26,0.0,0.0,0.7937649580785601,60,19,60,60,2;3;4;5;6;7;8;9;10;11;12;13;14;15;16;17;18;19;20;21;22;23;24;25;26;27;28;29;30;31;32;33;34;35;36;37;38;39;40;41;42;43;44;45;46;47;48;49;50;51;52;53;54;55;56;57;58;59;60;61,2;3;4;5;6;7;8;9;10;11;12;13;14;15;16;17;18;19;20;21;22;23;24;25;26;27;28;29;30;31;32;33;34;35;36;37;38;39;40;41;42;43;44;45;46;47;48;49;50;51;52;53;54;55;56;57;58;59;60;61
True,134,85,0.6873589528546289,0.0,11.5,235.0,405.0,89.0,38.0,57.21179147811921,46,14,1,0,0.23333333333333334,0.25,323.0,0.15047348020349782,0.17712628940594183,0.03560371517027864,0.09709885699095654,20,0,89,38,40,127,10,3,1,0.6268507180531939,0.4857196752206667,16,60,116,27,1,89,0.6268507180531939,nenhuma,57.21179147811921,0.0,62,0,terminal,0.985,10,55,centralizada,j6010_1.sm,0,GOV,0,1.576470588235294,0.3333333333333333,20,0.0,0.0,0.756849412194278,60,15,60,60,2;3;4;5;6;7;8;9;10;11;12;13;14;15;16;17;18;19;20;21;22;23;24;25;26;27;28;29;30;31;32;33;34;35;36;37;38;39;40;41;42;43;44;45;46;47;48;49;50;51;52;53;54;55;56;57;58;59;60;61,2;3;4;5;6;7;8;9;10;11;12;13;14;15;16;17;18;19;20;21;22;23;24;25;26;27;28;29;30;31;32;33;34;35;36;37;38;39;40;41;42;43;44;45;46;47;48;49;50;51;52;53;54;55;56;57;58;59;60;61
True,151,85,0.7153691265616371,0.0,12.5,266.0,369.0,68.0,45.0,33.817619602299885,49,11,3,0,0.18333333333333332,0.23333333333333334,323.0,0.09477564375882606,0.10469851270061883,0.03869969040247678,0.06556119511460966,13,0,68,45,47,113,18,11,2,0.6586427040007742,0.39362113220747674,14,60,93,25,2,68,0.6586427040007742,nenhuma,33.817619602299885,0.0,37,0,terminal,0.9966666666666667,10,55,centralizada,j6010_1.sm,1,GOV,0,1.776470588235294,0.21666666666666667,13,0.0,0.0,0.9031727150865257,60,14,60,60,2;3;4;5;6;7;8;9;10;11;12;13;14;15;16;17;18;19;20;21;22;23;24;25;26;27;28;29;30;31;32;33;34;35;36;37;38;39;40;41;42;43;44;45;46;47;48;49;50;51;52;53;54;55;56;57;58;59;60;61,2;3;4;5;6;7;8;9;10;11;12;13;14;15;16;17;18;19;20;21;22;23;24;25;26;27;28;29;30;31;32;33;34;35;36;37;38;39;40;41;42;43;44;45;46;47;48;49;50;51;52;53;54;55;56;57;58;59;60;61
True,163,85,0.6380402008982462,1.7763568394002505e-15,24.018131314192335,174.0,420.0,76.0,58.0,104.2657321728557,37,23,1,0,0.38333333333333336,0.4,323.0,0.24403017682371425,0.3228041243741663,0.07435953967242209,0.1583945921485038,27,0,76,58,33,134,8,16,0,0.7659648859265082,0.2570239140832174,4,60,126,50,0,76,0.7659648859265082,nenhuma,104.2657321728557,0.0,114,0,terminal,0.8866666666666666,10,55,centralizada,j6010_1.sm,2,GOV,0,1.9176470588235295,0.45,27,0.0,0.0,0.6470925531035527,60,24,60,60,2;3;4;5;6;7;8;9;10;11;12;13;14;15;16;17;18;19;20;21;22;23;24;25;26;27;28;29;30;31;32;33;34;35;36;37;38;39;40;41;42;43;44;45;46;47;48;49;50;51;52;53;54;55;56;57;58;59;60;61,2;3;4;5;6;7;8;9;10;11;12;13;14;15;16;17;18;19;20;21;22;23;24;25;26;27;28;29;30;31;32;33;34;35;36;37;38;39;40;41;42;43;44;45;46;47;48;49;50;51;52;53;54;55;56;57;58;59;60;61
True,146,85,0.6013035677555466,0.0,16.543855321401484,248.0,397.0,140.0,59.0,64.23223757321199,45,15,5,0,0.25,0.3333333333333333,323.0,0.16587523284671757,0.19886141663533125,0.05121936632012843,0.09728733908739104,30,0,140,59,30,199,8,4,0,0.794910294566222,0.24332019624229825,3,60,191,51,0,140,0.794910294566222,nenhuma,64.23223757321199,0.0,72,0,terminal,0.91,10,55,centralizada,j6010_1.sm,3,GOV,0,1.7176470588235293,0.5,30,0.0,0.0,0.6832900144244473,60,20,60,60,2;3;4;5;6;7;8;9;10;11;12;13;14;15;16;17;18;19;20;21;22;23;24;25;26;27;28;29;30;31;32;33;34;35;36;37;38;39;40;41;42;43;44;45;46;47;48;49;50;51;52;53;54;55;56;57;58;59;60;61,2;3;4;5;6;7;8;9;10;11;12;13;14;15;16;17;18;19;20;21;22;23;24;25;26;27;28;29;30;31;32;33;34;35;36;37;38;39;40;41;42;43;44;45;46;47;48;49;50;51;52;53;54;55;56;57;58;59;60;61
True,173,76,0.7311527100060178,0.0,19.086869030659546,253.0,406.0,55.0,30.0,64.2875540824548,47,13,2,0,0.21666666666666667,0.25,332.0,0.16222450950119574,0.19363721109173135,0.057490569369456464,0.11577344676612134,27,0,55,30,33,85,13,1,1,0.6268507180531939,0.4857196752206667,18,60,71,16,1,55,0.6268507180531939,nenhuma,64.2875540824548,0.0,69,0,terminal,0.9983333333333334,10,55,centralizada,j6021_1.sm,0,GOV,0,2.276315789473684,0.45,27,0.0,0.0,0.7521576420687706,60,15,60,60,2;3;4;5;6;7;8;9;10;11;12;13;14;15;16;17;18;19;20;21;22;23;24;25;26;27;28;29;30;31;32;33;34;35;36;37;38;39;40;41;42;43;44;45;46;47;48;49;50;51;52;53;54;55;56;57;58;59;60;61,2;3;4;5;6;7;8;9;10;11;12;13;14;15;16;17;18;19;20;21;22;23;24;25;26;27;28;29;30;31;32;33;34;35;36;37;38;39;40;41;42;43;44;45;46;47;48;49;50;51;52;53;54;55;56;57;58;59;60;61
True,196,76,0.7366171182206515,0.0,13.728630582609373,251.0,405.0,50.0,21.0,73.81073610983267,43,17,4,0,0.2833333333333333,0.35,332.0,0.18188463128746749,0.22232149430672493,0.0413512969355704,0.1342475351283208,28,0,50,21,32,71,6,0,1,0.6586427040007742,0.39362113220747674,17,60,64,14,1,50,0.6586427040007742,nenhuma,73.81073610983267,0.0,80,0,terminal,0.9616666666666666,10,55,centralizada,j6021_1.sm,1,GOV,0,2.5789473684210527,0.4666666666666667,28,0.0,0.0,0.8016954640894164,60,21,60,60,2;3;4;5;6;7;8;9;10;11;12;13;14;15;16;17;18;19;20;21;22;23;24;25;26;27;28;29;30;31;32;33;34;35;36;37;38;39;40;41;42;43;44;45;46;47;48;49;50;51;52;53;54;55;56;57;58;59;60;61,2;3;4;5;6;7;8;9;10;11;12;13;14;15;16;17;18;19;20;21;22;23;24;25;26;27;28;29;30;31;32;33;34;35;36;37;38;39;40;41;42;43;44;45;46;47;48;49;50;51;52;53;54;55;56;57;58;59;60;61
True,216,76,0.8027834831085604,4.440892098500626e-16,15.785413478534231,266.0,400.0,27.0,14.0,57.26635502154196,48,12,2,0,0.2,0.23333333333333334,332.0,0.14711354907200455,0.17248902114922277,0.04754642614016335,0.11493120987281213,23,0,27,14,37,41,2,0,0,0.7659648859265082,0.2570239140832174,6,60,39,12,0,27,0.7659648859265082,nenhuma,57.26635502154196,0.0,63,0,terminal,0.9533333333333333,10,55,centralizada,j6021_1.sm,2,GOV,0,2.8421052631578947,0.38333333333333336,23,0.0,0.0,0.8228709021378732,60,14,60,60,2;3;4;5;6;7;8;9;10;11;12;13;14;15;16;17;18;19;20;21;22;23;24;25;26;27;28;29;30;31;32;33;34;35;36;37;38;39;40;41;42;43;44;45;46;47;48;49;50;51;52;53;54;55;56;57;58;59;60;61,2;3;4;5;6;7;8;9;10;11;12;13;14;15;16;17;18;19;20;21;22;23;24;25;26;27;28;29;30;31;32;33;34;35;36;37;38;39;40;41;42;43;44;45;46;47;48;49;50;51;52;53;54;55;56;57;58;59;60;61
True,223,76,0.7065571725582213,8.881784197001252e-16,15.5,197.0,433.0,51.0,24.0,104.83080381484662,41,19,3,0,0.31666666666666665,0.36666666666666664,332.0,0.23998033769449967,0.31575543317724886,0.046686746987951805,0.171059945358946,33,0,51,24,27,75,0,0,0,0.794910294566222,0.24332019624229825,2,60,75,24,0,51,0.794910294566222,nenhuma,104.8308038148466,0.0,114,0,terminal,0.895,10,55,centralizada,j6021_1.sm,3,GOV,0,2.9342105263157894,0.55,33,0.0,0.0,0.7179243803712797,60,22,60,60,2;3;4;5;6;7;8;9;10;11;12;13;14;15;16;17;18;19;20;21;22;23;24;25;26;27;28;29;30;31;32;33;34;35;36;37;38;39;40;41;42;43;44;45;46;47;48;49;50;51;52;53;54;55;56;57;58;59;60;61,2;3;4;5;6;7;8;9;10;11;12;13;14;15;16;17;18;19;20;21;22;23;24;25;26;27;28;29;30;31;32;33;34;35;36;37;38;39;40;41;42;43;44;45;46;47;48;49;50;51;52;53;54;55;56;57;58;59;60;61
True,142,69,0.7454735439016034,0.0,17.456955082880295,272.0,442.0,56.0,46.0,48.91171848526457,49,11,2,0,0.18333333333333332,0.21666666666666667,337.0,0.126743283871366,0.14513863052007292,0.0518010536583985,0.08249409981341119,27,0,56,46,33,102,6,9,4,0.6268507180531939,0.4857196752206667,14,60,92,36,4,56,0.6268507180531939,nenhuma,48.91171848526457,0.0,53,0,terminal,0.9633333333333334,10,55,centralizada,j6032_1.sm,0,GOV,0,2.0579710144927534,0.45,27,0.0,0.0,0.6618044553439294,60,13,60,60,2;3;4;5;6;7;8;9;10;11;12;13;14;15;16;17;18;19;20;21;22;23;24;25;26;27;28;29;30;31;32;33;34;35;36;37;38;39;40;41;42;43;44;45;46;47;48;49;50;51;52;53;54;55;56;57;58;59;60;61,2;3;4;5;6;7;8;9;10;11;12;13;14;15;16;17;18;19;20;21;22;23;24;25;26;27;28;29;30;31;32;33;34;35;36;37;38;39;40;41;42;43;44;45;46;47;48;49;50;51;52;53;54;55;56;57;58;59;60;61
True,140,69,0.7222518803648033,1.7763568394002505e-15,22.95861579601268,236.0,441.0,57.0,46.0,66.59031065070361,44,16,1,0,0.26666666666666666,0.2833333333333333,337.0,0.16499481997806362,0.19759736098131636,0.06812645636799015,0.10905890494681875,22,0,57,46,38,103,9,18,0,0.6586427040007742,0.39362113220747674,13,60,94,37,0,57,0.6586427040007742,nenhuma,66.59031065070361,0.0,72,0,terminal,0.9466666666666668,10,55,centralizada,j6032_1.sm,1,GOV,0,2.028985507246377,0.36666666666666664,22,0.0,0.0,0.6145172516228735,60,17,60,60,2;3;4;5;6;7;8;9;10;11;12;13;14;15;16;17;18;19;20;21;22;23;24;25;26;27;28;29;30;31;32;33;34;35;36;37;38;39;40;41;42;43;44;45;46;47;48;49;50;51;52;53;54;55;56;57;58;59;60;61,2;3;4;5;6;7;8;9;10;11;12;13;14;15;16;17;18;19;20;21;22;23;24;25;26;27;28;29;30;31;32;33;34;35;36;37;38;39;40;41;42;43;44;45;46;47;48;49;50;51;52;53;54;55;56;57;58;59;60;61
True,134,69,0.7228670611218504,0.0,16.395558921210696,255.0,435.0,55.0,54.0,57.770399283242526,48,12,1,0,0.2,0.21666666666666667,337.0,0.14633923766354384,0.17142551716095705,0.04865151015196052,0.09600073275796178,23,0,55,54,37,109,5,20,1,0.7659648859265082,0.2570239140832174,2,60,103,48,1,55,0.7659648859265082,nenhuma,57.770399283242526,0.0,63,0,terminal,0.8799999999999999,10,55,centralizada,j6032_1.sm,2,GOV,0,1.9420289855072463,0.38333333333333336,23,0.0,0.0,0.6908339252161478,60,13,60,60,2;3;4;5;6;7;8;9;10;11;12;13;14;15;16;17;18;19;20;21;22;23;24;25;26;27;28;29;30;31;32;33;34;35;36;37;38;39;40;41;42;43;44;45;46;47;48;49;50;51;52;53;54;55;56;57;58;59;60;61,2;3;4;5;6;7;8;9;10;11;12;13;14;15;16;17;18;19;20;21;22;23;24;25;26;27;28;29;30;31;32;33;34;35;36;37;38;39;40;41;42;43;44;45;46;47;48;49;50;51;52;53;54;55;56;57;58;59;60;61
True,128,69,0.6551788239689603,1.7763568394002505e-15,14.583690832535673,273.0,419.0,104.0,73.0,43.52005875551696,50,10,0,0,0.16666666666666666,0.16666666666666666,337.0,0.11436994648284356,0.12913964022408594,0.04327504698081802,0.06805112390095384,24,0,104,73,36,177,0,26,5,0.794910294566222,0.24332019624229825,0,60,172,68,5,104,0.794910294566222,nenhuma,43.52005875551697,0.0,47,0,terminal,0.8383333333333333,10,55,centralizada,j6032_1.sm,3,GOV,0,1.855072463768116,0.4,24,0.0,0.0,0.6869698153972834,60,10,60,60,2;3;4;5;6;7;8;9;10;11;12;13;14;15;16;17;18;19;20;21;22;23;24;25;26;27;28;29;30;31;32;33;34;35;36;37;38;39;40;41;42;43;44;45;46;47;48;49;50;51;52;53;54;55;56;57;58;59;60;61,2;3;4;5;6;7;8;9;10;11;12;13;14;15;16;17;18;19;20;21;22;23;24;25;26;27;28;29;30;31;32;33;34;35;36;37;38;39;40;41;42;43;44;45;46;47;48;49;50;51;52;53;54;55;56;57;58;59;60;61
True,190,108,0.4785615491009682,0.0,6.0,282.0,346.0,267.0,82.0,28.0,51,9,1,0,0.15,0.16666666666666666,334.0,0.07734806629834254,0.08383233532934131,0.017964071856287425,0.03872752420470263,20,0,267,82,40,349,42,0,2,0.6268507180531939,0.4857196752206667,21,60,305,38,2,267,0.6268507180531939,nenhuma,28.0,0.0,30,0,terminal,1.0,10,55,centralizada,j6043_1.sm,0,GOV,0,1.7592592592592593,0.3333333333333333,20,0.0,0.0,0.9490033842142027,60,10,60,60,2;3;4;5;6;7;8;9;10;11;12;13;14;15;16;17;18;19;20;21;22;23;24;25;26;27;28;29;30;31;32;33;34;35;36;37;38;39;40;41;42;43;44;45;46;47;48;49;50;51;52;53;54;55;56;57;58;59;60;61,2;3;4;5;6;7;8;9;10;11;12;13;14;15;16;17;18;19;20;21;22;23;24;25;26;27;28;29;30;31;32;33;34;35;36;37;38;39;40;41;42;43;44;45;46;47;48;49;50;51;52;53;54;55;56;57;58;59;60;61
True,165,108,0.5920112980852701,0.0,8.684938023784234,240.0,376.0,147.0,58.0,54.12301406423998,46,14,0,0,0.23333333333333334,0.23333333333333334,334.0,0.13944809275154663,0.16204495228814367,0.026002808454443815,0.08521658460760118,20,0,147,58,40,205,24,0,4,0.6586427040007742,0.39362113220747674,20,60,177,30,4,147,0.6586427040007742,nenhuma,54.12301406423998,0.0,58,0,terminal,0.9533333333333333,10,55,centralizada,j6043_1.sm,1,GOV,0,1.5277777777777777,0.3333333333333333,20,0.0,0.0,0.8455279633024226,60,14,60,60,2;3;4;5;6;7;8;9;10;11;12;13;14;15;16;17;18;19;20;21;22;23;24;25;26;27;28;29;30;31;32;33;34;35;36;37;38;39;40;41;42;43;44;45;46;47;48;49;50;51;52;53;54;55;56;57;58;59;60;61,2;3;4;5;6;7;8;9;10;11;12;13;14;15;16;17;18;19;20;21;22;23;24;25;26;27;28;29;30;31;32;33;34;35;36;37;38;39;40;41;42;43;44;45;46;47;48;49;50;51;52;53;54;55;56;57;58;59;60;61
True,182,108,0.6763549062159494,0.0,9.22227918280553,279.0,398.0,108.0,45.0,37.44845559961808,50,10,1,0,0.16666666666666666,0.18333333333333332,334.0,0.10081736788800526,0.11212112454975473,0.027611614319777034,0.06363931325379857,18,0,108,45,42,153,0,1,6,0.7659648859265082,0.2570239140832174,6,60,147,39,6,108,0.7659648859265082,nenhuma,37.448455599618086,0.0,42,0,terminal,0.8766666666666666,10,55,centralizada,j6043_1.sm,2,GOV,0,1.6851851851851851,0.3,18,0.0,0.0,0.8307451169908876,60,11,60,60,2;3;4;5;6;7;8;9;10;11;12;13;14;15;16;17;18;19;20;21;22;23;24;25;26;27;28;29;30;31;32;33;34;35;36;37;38;39;40;41;42;43;44;45;46;47;48;49;50;51;52;53;54;55;56;57;58;59;60;61,2;3;4;5;6;7;8;9;10;11;12;13;14;15;16;17;18;19;20;21;22;23;24;25;26;27;28;29;30;31;32;33;34;35;36;37;38;39;40;41;42;43;44;45;46;47;48;49;50;51;52;53;54;55;56;57;58;59;60;61
True,158,108,0.5757010895191137,0.0,12.528802664042434,283.0,376.0,172.0,67.0,38.11670734212946,53,7,3,0,0.11666666666666667,0.16666666666666666,334.0,0.10243213107624434,0.11412187826984868,0.037511385221683936,0.05836124985570513,20,0,172,67,40,239,8,7,1,0.794910294566222,0.24332019624229825,4,60,230,58,1,172,0.794910294566222,nenhuma,38.11670734212946,0.0,43,0,terminal,0.945,10,55,centralizada,j6043_1.sm,3,GOV,0,1.462962962962963,0.3333333333333333,20,0.0,0.0,0.8296185167712349,60,10,60,60,2;3;4;5;6;7;8;9;10;11;12;13;14;15;16;17;18;19;20;21;22;23;24;25;26;27;28;29;30;31;32;33;34;35;36;37;38;39;40;41;42;43;44;45;46;47;48;49;50;51;52;53;54;55;56;57;58;59;60;61,2;3;4;5;6;7;8;9;10;11;12;13;14;15;16;17;18;19;20;21;22;23;24;25;26;27;28;29;30;31;32;33;34;35;36;37;38;39;40;41;42;43;44;45;46;47;48;49;50;51;52;53;54;55;56;57;58;59;60;61
True,164,85,0.6264342723904569,0.0,9.162884339277108,265.0,365.0,127.0,55.0,35.662884339277106,51,9,2,0,0.15,0.18333333333333332,323.0,0.09943288223138752,0.11041140662314894,0.028368062969898168,0.06120672055457555,16,0,127,55,44,182,24,2,3,0.6268507180531939,0.4857196752206667,16,60,155,28,3,127,0.6268507180531939,nenhuma,35.662884339277106,0.0,39,0,terminal,0.9933333333333333,10,56,adaptativa,j6010_1.sm,0,GOV,0,1.9294117647058824,0.26666666666666666,16,0.0,0.0,0.8960539508395146,60,11,60,60,2;3;4;5;6;7;8;9;10;11;12;13;14;15;16;17;18;19;20;21;22;23;24;25;26;27;28;29;30;31;32;33;34;35;36;37;38;39;40;41;42;43;44;45;46;47;48;49;50;51;52;53;54;55;56;57;58;59;60;61,2;3;4;5;6;7;8;9;10;11;12;13;14;15;16;17;18;19;20;21;22;23;24;25;26;27;28;29;30;31;32;33;34;35;36;37;38;39;40;41;42;43;44;45;46;47;48;49;50;51;52;53;54;55;56;57;58;59;60;61
True,112,85,0.6987487969201155,0.0,12.0,266.0,363.0,72.0,45.0,39.5,52,8,4,0,0.13333333333333333,0.2,323.0,0.10896551724137932,0.12229102167182662,0.03715170278637771,0.07603464870067372,14,0,72,45,46,117,15,12,2,0.6586427040007742,0.39362113220747674,14,60,100,28,2,72,0.6586427040007742,nenhuma,39.5,0.0,41,0,terminal,0.9916666666666667,10,56,adaptativa,j6010_1.sm,1,GOV,0,1.3176470588235294,0.23333333333333334,14,0.0,0.0,0.8715444923685755,60,12,60,60,2;3;4;5;6;7;8;9;10;11;12;13;14;15;16;17;18;19;20;21;22;23;24;25;26;27;28;29;30;31;32;33;34;35;36;37;38;39;40;41;42;43;44;45;46;47;48;49;50;51;52;53;54;55;56;57;58;59;60;61,2;3;4;5;6;7;8;9;10;11;12;13;14;15;16;17;18;19;20;21;22;23;24;25;26;27;28;29;30;31;32;33;34;35;36;37;38;39;40;41;42;43;44;45;46;47;48;49;50;51;52;53;54;55;56;57;58;59;60;61
True,143,85,0.6775435602845277,0.0,11.469472314297953,233.0,383.0,82.0,51.0,49.277308279873466,44,16,0,0,0.26666666666666666,0.26666666666666666,323.0,0.1323672090237297,0.1525613259438807,0.03550920221144877,0.08717368901614543,26,0,82,51,34,133,8,8,0,0.7659648859265082,0.2570239140832174,4,60,125,43,0,82,0.7659648859265082,nenhuma,49.277308279873466,0.0,56,0,terminal,0.9033333333333333,10,56,adaptativa,j6010_1.sm,2,GOV,0,1.6823529411764706,0.43333333333333335,26,0.0,0.0,0.7620500774134613,60,16,60,60,2;3;4;5;6;7;8;9;10;11;12;13;14;15;16;17;18;19;20;21;22;23;24;25;26;27;28;29;30;31;32;33;34;35;36;37;38;39;40;41;42;43;44;45;46;47;48;49;50;51;52;53;54;55;56;57;58;59;60;61,2;3;4;5;6;7;8;9;10;11;12;13;14;15;16;17;18;19;20;21;22;23;24;25;26;27;28;29;30;31;32;33;34;35;36;37;38;39;40;41;42;43;44;45;46;47;48;49;50;51;52;53;54;55;56;57;58;59;60;61
True,147,85,0.6055642952863065,0.0,16.15442778428289,243.0,406.0,132.0,66.0,66.44903928499632,45,15,3,0,0.25,0.3,323.0,0.1706231947753486,0.20572457982970996,0.050013708310473345,0.0991112454361352,30,0,132,66,30,198,6,10,0,0.794910294566222,0.24332019624229825,3,60,192,60,0,132,0.794910294566222,nenhuma,66.44903928499632,0.0,73,0,terminal,0.9016666666666667,10,56,adaptativa,j6010_1.sm,3,GOV,0,1.7294117647058824,0.5,30,0.0,0.0,0.6927859414211773,60,18,60,60,2;3;4;5;6;7;8;9;10;11;12;13;14;15;16;17;18;19;20;21;22;23;24;25;26;27;28;29;30;31;32;33;34;35;36;37;38;39;40;41;42;43;44;45;46;47;48;49;50;51;52;53;54;55;56;57;58;59;60;61,2;3;4;5;6;7;8;9;10;11;12;13;14;15;16;17;18;19;20;21;22;23;24;25;26;27;28;29;30;31;32;33;34;35;36;37;38;39;40;41;42;43;44;45;46;47;48;49;50;51;52;53;54;55;56;57;58;59;60;61
True,242,76,0.6753211539673627,0.0,20.34646455060349,252.0,402.0,72.0,33.0,88.27233470821805,47,13,3,0,0.21666666666666667,0.26666666666666666,332.0,0.21003603477612384,0.2658805262295725,0.06128453177892617,0.1482889923844455,28,0,72,33,32,105,10,0,2,0.6268507180531939,0.4857196752206667,18,60,93,21,2,72,0.6268507180531939,nenhuma,88.27233470821805,0.0,95,0,terminal,0.967771502037564,10,56,adaptativa,j6021_1.sm,0,GOV,0,3.1842105263157894,0.4666666666666667,28,0.0,0.0,0.8200429595131395,60,16,60,60,2;3;4;5;6;7;8;9;10;11;12;13;14;15;16;17;18;19;20;21;22;23;24;25;26;27;28;29;30;31;32;33;34;35;36;37;38;39;40;41;42;43;44;45;46;47;48;49;50;51;52;53;54;55;56;57;58;59;60;61,2;3;4;5;6;7;8;9;10;11;12;13;14;15;16;17;18;19;20;21;22;23;24;25;26;27;28;29;30;31;32;33;34;35;36;37;38;39;40;41;42;43;44;45;46;47;48;49;50;51;52;53;54;55;56;57;58;59;60;61
True,175,76,0.7169641137997337,0.0,10.350784844432916,243.0,408.0,69.0,23.0,69.06613894201797,44,16,2,0,0.26666666666666666,0.3,332.0,0.17220635759530636,0.20803053898198184,0.031177062784436493,0.12136750759836566,29,0,69,23,31,92,8,1,0,0.6586427040007742,0.39362113220747674,17,60,84,15,0,69,0.6586427040007742,nenhuma,69.06613894201797,0.0,76,0,terminal,0.9583333333333334,10,56,adaptativa,j6021_1.sm,1,GOV,0,2.3026315789473686,0.48333333333333334,29,0.0,0.0,0.7691093488074229,60,18,60,60,2;3;4;5;6;7;8;9;10;11;12;13;14;15;16;17;18;19;20;21;22;23;24;25;26;27;28;29;30;31;32;33;34;35;36;37;38;39;40;41;42;43;44;45;46;47;48;49;50;51;52;53;54;55;56;57;58;59;60;61,2;3;4;5;6;7;8;9;10;11;12;13;14;15;16;17;18;19;20;21;22;23;24;25;26;27;28;29;30;31;32;33;34;35;36;37;38;39;40;41;42;43;44;45;46;47;48;49;50;51;52;53;54;55;56;57;58;59;60;61
True,201,76,0.791631346687123,1.7763568394002505e-15,23.043051772491317,264.0,406.0,24.0,15.0,67.86498658631774,49,11,2,0,0.18333333333333332,0.21666666666666667,332.0,0.16971975257370506,0.20441261019975224,0.069406782447263,0.13232524808923707,24,0,24,15,36,39,2,0,0,0.7659648859265082,0.2570239140832174,6,60,37,13,0,24,0.7659648859265082,nenhuma,67.86498658631774,0.0,72,0,terminal,0.9516666666666667,10,56,adaptativa,j6021_1.sm,2,GOV,0,2.6447368421052633,0.4,24,0.0,0.0,0.8117906589799525,60,13,60,60,2;3;4;5;6;7;8;9;10;11;12;13;14;15;16;17;18;19;20;21;22;23;24;25;26;27;28;29;30;31;32;33;34;35;36;37;38;39;40;41;42;43;44;45;46;47;48;49;50;51;52;53;54;55;56;57;58;59;60;61,2;3;4;5;6;7;8;9;10;11;12;13;14;15;16;17;18;19;20;21;22;23;24;25;26;27;28;29;30;31;32;33;34;35;36;37;38;39;40;41;42;43;44;45;46;47;48;49;50;51;52;53;54;55;56;57;58;59;60;61
True,228,76,0.7070099518798071,3.552713678800501e-15,22.571882980667617,223.0,434.0,61.0,25.0,93.8527454190358,40,20,2,0,0.3333333333333333,0.36666666666666664,332.0,0.22038778997816588,0.28268899222601146,0.06798759933936029,0.15289130189516195,34,0,61,25,26,86,0,0,1,0.794910294566222,0.24332019624229825,2,60,85,24,1,61,0.794910294566222,nenhuma,93.8527454190358,0.0,101,0,terminal,0.8983333333333333,10,56,adaptativa,j6021_1.sm,3,GOV,0,3.0,0.5666666666666667,34,0.0,0.0,0.7196171925504875,60,22,60,60,2;3;4;5;6;7;8;9;10;11;12;13;14;15;16;17;18;19;20;21;22;23;24;25;26;27;28;29;30;31;32;33;34;35;36;37;38;39;40;41;42;43;44;45;46;47;48;49;50;51;52;53;54;55;56;57;58;59;60;61,2;3;4;5;6;7;8;9;10;11;12;13;14;15;16;17;18;19;20;21;22;23;24;25;26;27;28;29;30;31;32;33;34;35;36;37;38;39;40;41;42;43;44;45;46;47;48;49;50;51;52;53;54;55;56;57;58;59;60;61
True,134,69,0.7120260100305434,1.3322676295501878e-15,23.353719239084267,248.0,448.0,60.0,51.0,70.19049822461164,46,14,2,0,0.23333333333333334,0.26666666666666666,337.0,0.1723775444924396,0.20828041016205237,0.06929887014565064,0.1115568312342102,23,0,60,51,37,111,7,15,4,0.6268507180531939,0.4857196752206667,14,60,100,40,4,60,0.6268507180531939,nenhuma,70.19049822461164,0.0,75,0,terminal,0.9566666666666667,10,56,adaptativa,j6032_1.sm,0,GOV,0,1.9420289855072463,0.38333333333333336,23,0.0,0.0,0.6097920018556127,60,16,60,60,2;3;4;5;6;7;8;9;10;11;12;13;14;15;16;17;18;19;20;21;22;23;24;25;26;27;28;29;30;31;32;33;34;35;36;37;38;39;40;41;42;43;44;45;46;47;48;49;50;51;52;53;54;55;56;57;58;59;60;61,2;3;4;5;6;7;8;9;10;11;12;13;14;15;16;17;18;19;20;21;22;23;24;25;26;27;28;29;30;31;32;33;34;35;36;37;38;39;40;41;42;43;44;45;46;47;48;49;50;51;52;53;54;55;56;57;58;59;60;61
True,127,69,0.694436545259605,8.881784197001252e-16,12.521763272101483,224.0,452.0,68.0,53.0,77.88740373107296,44,16,3,0,0.26666666666666666,0.31666666666666665,337.0,0.1877314255160155,0.23111989237707112,0.03715656757300143,0.11966340612001411,25,0,68,53,35,121,10,20,1,0.6586427040007742,0.39362113220747674,13,60,110,42,1,68,0.6586427040007742,nenhuma,77.88740373107298,0.0,84,0,terminal,0.955,10,56,adaptativa,j6032_1.sm,1,GOV,0,1.8405797101449275,0.4166666666666667,25,0.0,0.0,0.553951153347616,60,19,60,60,2;3;4;5;6;7;8;9;10;11;12;13;14;15;16;17;18;19;20;21;22;23;24;25;26;27;28;29;30;31;32;33;34;35;36;37;38;39;40;41;42;43;44;45;46;47;48;49;50;51;52;53;54;55;56;57;58;59;60;61,2;3;4;5;6;7;8;9;10;11;12;13;14;15;16;17;18;19;20;21;22;23;24;25;26;27;28;29;30;31;32;33;34;35;36;37;38;39;40;41;42;43;44;45;46;47;48;49;50;51;52;53;54;55;56;57;58;59;60;61
True,124,69,0.688041219423549,0.0,11.322173938249765,229.0,449.0,68.0,72.0,63.57718189642578,44,16,0,0,0.26666666666666666,0.26666666666666666,337.0,0.15871393771216966,0.18865632610215363,0.03359695530637913,0.09742477006576744,29,0,68,72,31,140,0,24,1,0.7659648859265082,0.2570239140832174,2,60,139,71,1,68,0.7659648859265082,nenhuma,63.57718189642578,0.0,70,0,terminal,0.8092639278625056,10,56,adaptativa,j6032_1.sm,2,GOV,0,1.7971014492753623,0.48333333333333334,29,0.0,0.0,0.5944096897904366,60,16,60,60,2;3;4;5;6;7;8;9;10;11;12;13;14;15;16;17;18;19;20;21;22;23;24;25;26;27;28;29;30;31;32;33;34;35;36;37;38;39;40;41;42;43;44;45;46;47;48;49;50;51;52;53;54;55;56;57;58;59;60;61,2;3;4;5;6;7;8;9;10;11;12;13;14;15;16;17;18;19;20;21;22;23;24;25;26;27;28;29;30;31;32;33;34;35;36;37;38;39;40;41;42;43;44;45;46;47;48;49;50;51;52;53;54;55;56;57;58;59;60;61
True,142,69,0.6528452620420109,1.7763568394002505e-15,19.03765186501408,221.0,479.0,105.0,56.0,93.71138285013116,41,19,2,0,0.31666666666666665,0.35,337.0,0.21757349952076527,0.2780753200300628,0.05649154856087264,0.1277224056223655,34,0,105,56,26,161,0,15,4,0.794910294566222,0.24332019624229825,0,60,157,52,4,105,0.794910294566222,nenhuma,93.71138285013117,0.0,102,0,terminal,0.8533333333333332,10,56,adaptativa,j6032_1.sm,3,GOV,0,2.0579710144927534,0.5666666666666667,34,0.0,0.0,0.4958071916797483,60,21,60,60,2;3;4;5;6;7;8;9;10;11;12;13;14;15;16;17;18;19;20;21;22;23;24;25;26;27;28;29;30;31;32;33;34;35;36;37;38;39;40;41;42;43;44;45;46;47;48;49;50;51;52;53;54;55;56;57;58;59;60;61,2;3;4;5;6;7;8;9;10;11;12;13;14;15;16;17;18;19;20;21;22;23;24;25;26;27;28;29;30;31;32;33;34;35;36;37;38;39;40;41;42;43;44;45;46;47;48;49;50;51;52;53;54;55;56;57;58;59;60;61
True,166,108,0.48885793871866295,0.0,6.0,282.0,351.0,260.0,79.0,28.0,51,9,1,0,0.15,0.16666666666666666,334.0,0.07734806629834254,0.08383233532934131,0.017964071856287425,0.03899721448467967,20,0,260,79,40,339,41,0,2,0.6268507180531939,0.4857196752206667,21,60,296,36,2,260,0.6268507180531939,nenhuma,28.0,0.0,30,0,terminal,0.995,10,56,adaptativa,j6043_1.sm,0,GOV,0,1.537037037037037,0.3333333333333333,20,0.0,0.0,0.93992484425859,60,10,60,60,2;3;4;5;6;7;8;9;10;11;12;13;14;15;16;17;18;19;20;21;22;23;24;25;26;27;28;29;30;31;32;33;34;35;36;37;38;39;40;41;42;43;44;45;46;47;48;49;50;51;52;53;54;55;56;57;58;59;60;61,2;3;4;5;6;7;8;9;10;11;12;13;14;15;16;17;18;19;20;21;22;23;24;25;26;27;28;29;30;31;32;33;34;35;36;37;38;39;40;41;42;43;44;45;46;47;48;49;50;51;52;53;54;55;56;57;58;59;60;61
True,159,108,0.5868629551289504,0.0,8.5,218.0,367.0,136.0,53.0,69.35894759170773,44,16,2,0,0.26666666666666666,0.3,334.0,0.1719534127253698,0.2076615197356519,0.025449101796407185,0.11091061838774821,17,0,136,53,43,189,22,1,5,0.6586427040007742,0.39362113220747674,20,60,162,26,5,136,0.6586427040007742,nenhuma,69.35894759170772,0.0,74,0,terminal,0.9616666666666668,10,56,adaptativa,j6043_1.sm,1,GOV,0,1.4722222222222223,0.2833333333333333,17,0.0,0.0,0.8638997120343411,60,18,60,60,2;3;4;5;6;7;8;9;10;11;12;13;14;15;16;17;18;19;20;21;22;23;24;25;26;27;28;29;30;31;32;33;34;35;36;37;38;39;40;41;42;43;44;45;46;47;48;49;50;51;52;53;54;55;56;57;58;59;60;61,2;3;4;5;6;7;8;9;10;11;12;13;14;15;16;17;18;19;20;21;22;23;24;25;26;27;28;29;30;31;32;33;34;35;36;37;38;39;40;41;42;43;44;45;46;47;48;49;50;51;52;53;54;55;56;57;58;59;60;61
True,165,108,0.6810356678614922,8.881784197001252e-16,13.665571912206612,247.0,394.0,88.0,41.0,55.53063883892059,45,15,1,0,0.25,0.26666666666666666,334.0,0.14255782036668935,0.16625939772131912,0.04091488596469046,0.09598564900619187,22,0,88,41,38,129,0,1,2,0.7659648859265082,0.2570239140832174,6,60,127,39,2,88,0.7659648859265082,nenhuma,55.53063883892059,0.0,62,0,terminal,0.875,10,56,adaptativa,j6043_1.sm,2,GOV,0,1.5277777777777777,0.36666666666666664,22,0.0,0.0,0.7758446402754882,60,16,60,60,2;3;4;5;6;7;8;9;10;11;12;13;14;15;16;17;18;19;20;21;22;23;24;25;26;27;28;29;30;31;32;33;34;35;36;37;38;39;40;41;42;43;44;45;46;47;48;49;50;51;52;53;54;55;56;57;58;59;60;61,2;3;4;5;6;7;8;9;10;11;12;13;14;15;16;17;18;19;20;21;22;23;24;25;26;27;28;29;30;31;32;33;34;35;36;37;38;39;40;41;42;43;44;45;46;47;48;49;50;51;52;53;54;55;56;57;58;59;60;61
True,158,108,0.5757010895191137,0.0,12.528802664042434,283.0,376.0,172.0,67.0,38.11670734212946,53,7,3,0,0.11666666666666667,0.16666666666666666,334.0,0.10243213107624434,0.11412187826984868,0.037511385221683936,0.05836124985570513,20,0,172,67,40,239,8,7,1,0.794910294566222,0.24332019624229825,4,60,230,58,1,172,0.794910294566222,nenhuma,38.11670734212946,0.0,43,0,terminal,0.945,10,56,adaptativa,j6043_1.sm,3,GOV,0,1.462962962962963,0.3333333333333333,20,0.0,0.0,0.8296185167712349,60,10,60,60,2;3;4;5;6;7;8;9;10;11;12;13;14;15;16;17;18;19;20;21;22;23;24;25;26;27;28;29;30;31;32;33;34;35;36;37;38;39;40;41;42;43;44;45;46;47;48;49;50;51;52;53;54;55;56;57;58;59;60;61,2;3;4;5;6;7;8;9;10;11;12;13;14;15;16;17;18;19;20;21;22;23;24;25;26;27;28;29;30;31;32;33;34;35;36;37;38;39;40;41;42;43;44;45;46;47;48;49;50;51;52;53;54;55;56;57;58;59;60;61
True,201,85,0.7017829558972237,0.0,18.772766724671936,283.0,382.0,80.0,43.0,39.32783924143063,54,6,5,0,0.1,0.18333333333333332,323.0,0.10854214052049485,0.12175801622733942,0.05812002081941776,0.07225028081649743,19,0,80,43,41,123,19,3,2,0.6268507180531939,0.4857196752206667,16,60,102,22,2,80,0.6268507180531939,nenhuma,39.32783924143063,0.0,43,0,terminal,0.995,10,60,adaptativa,j6010_1.sm,0,GOV,0,2.364705882352941,0.31666666666666665,19,0.0,0.0,0.8751911666616053,60,11,60,60,2;3;4;5;6;7;8;9;10;11;12;13;14;15;16;17;18;19;20;21;22;23;24;25;26;27;28;29;30;31;32;33;34;35;36;37;38;39;40;41;42;43;44;45;46;47;48;49;50;51;52;53;54;55;56;57;58;59;60;61,2;3;4;5;6;7;8;9;10;11;12;13;14;15;16;17;18;19;20;21;22;23;24;25;26;27;28;29;30;31;32;33;34;35;36;37;38;39;40;41;42;43;44;45;46;47;48;49;50;51;52;53;54;55;56;57;58;59;60;61
True,128,85,0.7480049654280914,0.0,5.0,309.0,387.0,48.0,28.0,54.37624465970714,58,2,11,0,0.03333333333333333,0.21666666666666667,323.0,0.14409026913906578,0.1683475066863998,0.015479876160990712,0.10510000260153406,14,0,48,28,46,76,10,1,0,0.6586427040007742,0.39362113220747674,14,60,66,18,0,48,0.6586427040007742,nenhuma,54.37624465970714,0.0,58,0,terminal,0.9633333333333333,10,60,adaptativa,j6010_1.sm,1,GOV,0,1.5058823529411764,0.23333333333333334,14,0.0,0.0,0.8143562662842014,60,13,60,60,2;3;4;5;6;7;8;9;10;11;12;13;14;15;16;17;18;19;20;21;22;23;24;25;26;27;28;29;30;31;32;33;34;35;36;37;38;39;40;41;42;43;44;45;46;47;48;49;50;51;52;53;54;55;56;57;58;59;60;61,2;3;4;5;6;7;8;9;10;11;12;13;14;15;16;17;18;19;20;21;22;23;24;25;26;27;28;29;30;31;32;33;34;35;36;37;38;39;40;41;42;43;44;45;46;47;48;49;50;51;52;53;54;55;56;57;58;59;60;61
True,161,85,0.703961592658807,0.0,16.62389359742706,290.0,416.0,43.0,37.0,94.94133023479456,54,6,18,0,0.1,0.4,323.0,0.22716425336890617,0.2939360069188686,0.051467162840331454,0.1606611779837301,36,0,43,37,24,80,8,17,0,0.7659648859265082,0.2570239140832174,4,60,72,29,0,43,0.7659648859265082,nenhuma,94.94133023479458,0.0,106,0,terminal,0.9216666666666665,10,60,adaptativa,j6010_1.sm,2,GOV,0,1.8941176470588235,0.6,36,0.0,0.0,0.5901328515965882,60,24,60,60,2;3;4;5;6;7;8;9;10;11;12;13;14;15;16;17;18;19;20;21;22;23;24;25;26;27;28;29;30;31;32;33;34;35;36;37;38;39;40;41;42;43;44;45;46;47;48;49;50;51;52;53;54;55;56;57;58;59;60;61,2;3;4;5;6;7;8;9;10;11;12;13;14;15;16;17;18;19;20;21;22;23;24;25;26;27;28;29;30;31;32;33;34;35;36;37;38;39;40;41;42;43;44;45;46;47;48;49;50;51;52;53;54;55;56;57;58;59;60;61
True,180,85,0.6099989432373839,0.0,12.576247621596428,284.0,407.0,135.0,62.0,63.21427063458708,53,7,13,0,0.11666666666666667,0.3333333333333333,323.0,0.16367668271480484,0.19570981620615197,0.038935751150453335,0.09474358300889461,26,0,135,62,34,197,4,3,3,0.794910294566222,0.24332019624229825,3,60,190,55,3,135,0.794910294566222,nenhuma,63.21427063458708,0.0,71,0,terminal,0.9034449047896516,10,60,adaptativa,j6010_1.sm,3,GOV,0,2.1176470588235294,0.43333333333333335,26,0.0,0.0,0.7520773359463162,60,20,60,60,2;3;4;5;6;7;8;9;10;11;12;13;14;15;16;17;18;19;20;21;22;23;24;25;26;27;28;29;30;31;32;33;34;35;36;37;38;39;40;41;42;43;44;45;46;47;48;49;50;51;52;53;54;55;56;57;58;59;60;61,2;3;4;5;6;7;8;9;10;11;12;13;14;15;16;17;18;19;20;21;22;23;24;25;26;27;28;29;30;31;32;33;34;35;36;37;38;39;40;41;42;43;44;45;46;47;48;49;50;51;52;53;54;55;56;57;58;59;60;61
True,283,76,0.6878101986805712,0.0,11.691719159637948,314.0,405.0,74.0,29.0,80.8252322761613,58,2,15,0,0.03333333333333333,0.2833333333333333,332.0,0.19578559147298658,0.24344949480771477,0.03521602156517454,0.13726523227227116,30,0,74,29,30,103,12,0,1,0.6268507180531939,0.4857196752206667,18,60,90,16,1,74,0.6268507180531939,nenhuma,80.82523227616127,0.0,88,0,terminal,0.9761048353708972,10,60,adaptativa,j6021_1.sm,0,GOV,0,3.723684210526316,0.5,30,0.0,0.0,0.8292812239045659,60,17,60,60,2;3;4;5;6;7;8;9;10;11;12;13;14;15;16;17;18;19;20;21;22;23;24;25;26;27;28;29;30;31;32;33;34;35;36;37;38;39;40;41;42;43;44;45;46;47;48;49;50;51;52;53;54;55;56;57;58;59;60;61,2;3;4;5;6;7;8;9;10;11;12;13;14;15;16;17;18;19;20;21;22;23;24;25;26;27;28;29;30;31;32;33;34;35;36;37;38;39;40;41;42;43;44;45;46;47;48;49;50;51;52;53;54;55;56;57;58;59;60;61
True,219,76,0.7728304549453021,0.0,10.957113100626099,297.0,400.0,37.0,16.0,64.57794667694665,55,5,12,0,0.08333333333333333,0.2833333333333333,332.0,0.16283796720938695,0.1945118875811646,0.033003352712729216,0.12476950977444534,23,0,37,16,37,53,8,0,0,0.6586427040007742,0.39362113220747674,17,60,45,8,0,37,0.6586427040007742,nenhuma,64.57794667694665,0.0,70,0,terminal,0.9666666666666667,10,60,adaptativa,j6021_1.sm,1,GOV,0,2.8815789473684212,0.38333333333333336,23,0.0,0.0,0.8185190833068215,60,17,60,60,2;3;4;5;6;7;8;9;10;11;12;13;14;15;16;17;18;19;20;21;22;23;24;25;26;27;28;29;30;31;32;33;34;35;36;37;38;39;40;41;42;43;44;45;46;47;48;49;50;51;52;53;54;55;56;57;58;59;60;61,2;3;4;5;6;7;8;9;10;11;12;13;14;15;16;17;18;19;20;21;22;23;24;25;26;27;28;29;30;31;32;33;34;35;36;37;38;39;40;41;42;43;44;45;46;47;48;49;50;51;52;53;54;55;56;57;58;59;60;61
True,201,76,0.7386204783463134,0.0,9.991759803243703,321.0,409.0,48.0,28.0,68.73498567993147,58,2,11,0,0.03333333333333333,0.21666666666666667,332.0,0.1715222981175653,0.20703308939738393,0.03009566205796296,0.1241297506162298,26,0,48,28,34,76,4,0,0,0.7659648859265082,0.2570239140832174,6,60,72,24,0,48,0.7659648859265082,nenhuma,68.73498567993147,0.0,72,0,terminal,0.9333333333333332,10,60,adaptativa,j6021_1.sm,2,GOV,0,2.6447368421052633,0.43333333333333335,26,0.0,0.0,0.770344098307646,60,13,60,60,2;3;4;5;6;7;8;9;10;11;12;13;14;15;16;17;18;19;20;21;22;23;24;25;26;27;28;29;30;31;32;33;34;35;36;37;38;39;40;41;42;43;44;45;46;47;48;49;50;51;52;53;54;55;56;57;58;59;60;61,2;3;4;5;6;7;8;9;10;11;12;13;14;15;16;17;18;19;20;21;22;23;24;25;26;27;28;29;30;31;32;33;34;35;36;37;38;39;40;41;42;43;44;45;46;47;48;49;50;51;52;53;54;55;56;57;58;59;60;61
True,232,76,0.7067287511568684,0.0,7.970001877993033,324.0,426.0,74.0,36.0,66.777231438039,59,1,12,0,0.016666666666666666,0.21666666666666667,332.0,0.1674549752934294,0.2011362392712018,0.024006029752991064,0.11078260417821238,26,0,74,36,34,110,0,0,1,0.794910294566222,0.24332019624229825,2,60,109,35,1,74,0.794910294566222,nenhuma,66.777231438039,0.0,72,0,terminal,0.8866666666666667,10,60,adaptativa,j6021_1.sm,3,GOV,0,3.0526315789473686,0.43333333333333335,26,0.0,0.0,0.7863683045057729,60,13,60,60,2;3;4;5;6;7;8;9;10;11;12;13;14;15;16;17;18;19;20;21;22;23;24;25;26;27;28;29;30;31;32;33;34;35;36;37;38;39;40;41;42;43;44;45;46;47;48;49;50;51;52;53;54;55;56;57;58;59;60;61,2;3;4;5;6;7;8;9;10;11;12;13;14;15;16;17;18;19;20;21;22;23;24;25;26;27;28;29;30;31;32;33;34;35;36;37;38;39;40;41;42;43;44;45;46;47;48;49;50;51;52;53;54;55;56;57;58;59;60;61
True,199,69,0.7060912112052251,0.0,8.0,312.0,413.0,90.0,47.0,34.9102685969585,56,4,8,0,0.06666666666666667,0.2,337.0,0.09386745014774243,0.10359130147465431,0.02373887240356083,0.05968482769279943,20,0,90,47,40,137,9,8,3,0.6268507180531939,0.4857196752206667,14,60,125,35,3,90,0.6268507180531939,nenhuma,34.9102685969585,0.0,41,0,terminal,0.9766666666666667,10,60,adaptativa,j6032_1.sm,0,GOV,0,2.8840579710144927,0.3333333333333333,20,0.0,0.0,0.8196439829032063,60,12,60,60,2;3;4;5;6;7;8;9;10;11;12;13;14;15;16;17;18;19;20;21;22;23;24;25;26;27;28;29;30;31;32;33;34;35;36;37;38;39;40;41;42;43;44;45;46;47;48;49;50;51;52;53;54;55;56;57;58;59;60;61,2;3;4;5;6;7;8;9;10;11;12;13;14;15;16;17;18;19;20;21;22;23;24;25;26;27;28;29;30;31;32;33;34;35;36;37;38;39;40;41;42;43;44;45;46;47;48;49;50;51;52;53;54;55;56;57;58;59;60;61
True,158,69,0.768630609758692,0.0,10.5,310.0,436.0,48.0,35.0,48.242566799258924,55,5,10,0,0.08333333333333333,0.25,337.0,0.12522647016936997,0.14315301720848345,0.03115727002967359,0.08504750810834591,24,0,48,35,36,83,9,16,0,0.6586427040007742,0.39362113220747674,13,60,74,26,0,48,0.6586427040007742,nenhuma,48.24256679925893,0.0,54,0,terminal,0.9499999999999998,10,60,adaptativa,j6032_1.sm,1,GOV,0,2.289855072463768,0.4,24,0.0,0.0,0.7102795574108989,60,15,60,60,2;3;4;5;6;7;8;9;10;11;12;13;14;15;16;17;18;19;20;21;22;23;24;25;26;27;28;29;30;31;32;33;34;35;36;37;38;39;40;41;42;43;44;45;46;47;48;49;50;51;52;53;54;55;56;57;58;59;60;61,2;3;4;5;6;7;8;9;10;11;12;13;14;15;16;17;18;19;20;21;22;23;24;25;26;27;28;29;30;31;32;33;34;35;36;37;38;39;40;41;42;43;44;45;46;47;48;49;50;51;52;53;54;55;56;57;58;59;60;61
True,142,69,0.6931282280460365,3.552713678800501e-15,29.555609341115478,291.0,459.0,53.0,85.0,65.21513051624554,53,7,6,0,0.11666666666666667,0.21666666666666667,337.0,0.16213992355916976,0.19351670776333987,0.08770210486977886,0.09848027855450167,29,0,53,85,31,138,0,42,1,0.7659648859265082,0.2570239140832174,2,60,137,84,1,53,0.7659648859265082,nenhuma,65.21513051624554,0.0,71,0,terminal,0.7966666666666665,10,60,adaptativa,j6032_1.sm,2,GOV,0,2.0579710144927534,0.48333333333333334,29,0.0,0.0,0.5972887651935307,60,13,60,60,2;3;4;5;6;7;8;9;10;11;12;13;14;15;16;17;18;19;20;21;22;23;24;25;26;27;28;29;30;31;32;33;34;35;36;37;38;39;40;41;42;43;44;45;46;47;48;49;50;51;52;53;54;55;56;57;58;59;60;61,2;3;4;5;6;7;8;9;10;11;12;13;14;15;16;17;18;19;20;21;22;23;24;25;26;27;28;29;30;31;32;33;34;35;36;37;38;39;40;41;42;43;44;45;46;47;48;49;50;51;52;53;54;55;56;57;58;59;60;61
True,196,69,0.6154628834225034,0.0,14.589587293444026,305.0,491.0,117.0,65.0,124.77353472498189,55,5,24,0,0.08333333333333333,0.48333333333333334,337.0,0.270205036326504,0.37024787752220145,0.04329254389746002,0.1564021984860595,36,0,117,65,24,182,0,10,1,0.794910294566222,0.24332019624229825,0,60,181,64,1,117,0.794910294566222,nenhuma,124.77353472498186,0.0,137,0,terminal,0.8283333333333333,10,60,adaptativa,j6032_1.sm,3,GOV,0,2.8405797101449277,0.6,36,0.0,0.0,0.5712483563757318,60,29,60,60,2;3;4;5;6;7;8;9;10;11;12;13;14;15;16;17;18;19;20;21;22;23;24;25;26;27;28;29;30;31;32;33;34;35;36;37;38;39;40;41;42;43;44;45;46;47;48;49;50;51;52;53;54;55;56;57;58;59;60;61,2;3;4;5;6;7;8;9;10;11;12;13;14;15;16;17;18;19;20;21;22;23;24;25;26;27;28;29;30;31;32;33;34;35;36;37;38;39;40;41;42;43;44;45;46;47;48;49;50;51;52;53;54;55;56;57;58;59;60;61
True,155,108,0.6048758242962823,0.0,7.607847450827377,314.0,376.0,145.0,56.0,44.61518926209622,58,2,9,0,0.03333333333333333,0.18333333333333332,334.0,0.1178378219559791,0.13357841096435996,0.022777986379722684,0.07177300367299227,21,0,145,56,39,201,17,0,1,0.6268507180531939,0.4857196752206667,21,60,183,38,1,145,0.6268507180531939,nenhuma,44.615189262096216,0.0,48,0,terminal,0.9816666666666666,10,60,adaptativa,j6043_1.sm,0,GOV,0,1.4351851851851851,0.35,21,0.0,0.0,0.8189219593431208,60,11,60,60,2;3;4;5;6;7;8;9;10;11;12;13;14;15;16;17;18;19;20;21;22;23;24;25;26;27;28;29;30;31;32;33;34;35;36;37;38;39;40;41;42;43;44;45;46;47;48;49;50;51;52;53;54;55;56;57;58;59;60;61,2;3;4;5;6;7;8;9;10;11;12;13;14;15;16;17;18;19;20;21;22;23;24;25;26;27;28;29;30;31;32;33;34;35;36;37;38;39;40;41;42;43;44;45;46;47;48;49;50;51;52;53;54;55;56;57;58;59;60;61
True,161,108,0.552732871439569,0.0,4.0,318.0,359.0,170.0,60.0,60.5,58,2,15,0,0.03333333333333333,0.2833333333333333,334.0,0.15335868187579213,0.18113772455089822,0.011976047904191617,0.09314857582755966,17,0,170,60,43,230,27,1,3,0.6586427040007742,0.39362113220747674,20,60,200,30,3,170,0.6586427040007742,nenhuma,60.5,0.0,65,0,terminal,0.9666666666666667,10,60,adaptativa,j6043_1.sm,1,GOV,0,1.4907407407407407,0.2833333333333333,17,0.0,0.0,0.9236425124684066,60,17,60,60,2;3;4;5;6;7;8;9;10;11;12;13;14;15;16;17;18;19;20;21;22;23;24;25;26;27;28;29;30;31;32;33;34;35;36;37;38;39;40;41;42;43;44;45;46;47;48;49;50;51;52;53;54;55;56;57;58;59;60;61,2;3;4;5;6;7;8;9;10;11;12;13;14;15;16;17;18;19;20;21;22;23;24;25;26;27;28;29;30;31;32;33;34;35;36;37;38;39;40;41;42;43;44;45;46;47;48;49;50;51;52;53;54;55;56;57;58;59;60;61
True,160,108,0.6233992081800295,0.0,4.0,326.0,383.0,124.0,54.0,53.373574708479104,59,1,14,0,0.016666666666666666,0.25,334.0,0.13778321029937518,0.15980112188167397,0.011976047904191617,0.08687478906267238,21,0,124,54,39,178,4,4,1,0.7659648859265082,0.2570239140832174,6,60,173,49,1,124,0.7659648859265082,nenhuma,53.373574708479104,0.0,59,0,terminal,0.9249999999999999,10,60,adaptativa,j6043_1.sm,2,GOV,0,1.4814814814814814,0.35,21,0.0,0.0,0.8218095431871673,60,15,60,60,2;3;4;5;6;7;8;9;10;11;12;13;14;15;16;17;18;19;20;21;22;23;24;25;26;27;28;29;30;31;32;33;34;35;36;37;38;39;40;41;42;43;44;45;46;47;48;49;50;51;52;53;54;55;56;57;58;59;60;61,2;3;4;5;6;7;8;9;10;11;12;13;14;15;16;17;18;19;20;21;22;23;24;25;26;27;28;29;30;31;32;33;34;35;36;37;38;39;40;41;42;43;44;45;46;47;48;49;50;51;52;53;54;55;56;57;58;59;60;61
True,162,108,0.5645157680244148,0.0,8.0,310.0,374.0,182.0,70.0,36.51470939218272,56,4,8,0,0.06666666666666667,0.2,334.0,0.09855130840037069,0.10932547722210396,0.023952095808383235,0.055115318761273645,20,0,182,70,40,252,3,2,3,0.794910294566222,0.24332019624229825,4,60,246,64,3,182,0.794910294566222,nenhuma,36.51470939218272,0.0,40,0,terminal,0.9142004127003158,10,60,adaptativa,j6043_1.sm,3,GOV,0,1.5,0.3333333333333333,20,0.0,0.0,0.8513232823747497,60,12,60,60,2;3;4;5;6;7;8;9;10;11;12;13;14;15;16;17;18;19;20;21;22;23;24;25;26;27;28;29;30;31;32;33;34;35;36;37;38;39;40;41;42;43;44;45;46;47;48;49;50;51;52;53;54;55;56;57;58;59;60;61,2;3;4;5;6;7;8;9;10;11;12;13;14;15;16;17;18;19;20;21;22;23;24;25;26;27;28;29;30;31;32;33;34;35;36;37;38;39;40;41;42;43;44;45;46;47;48;49;50;51;52;53;54;55;56;57;58;59;60;61
True,128,85,0.7335784664506406,0.0,12.516868623367179,302.0,389.0,73.0,38.0,30.277288375359067,57,3,5,0,0.05,0.13333333333333333,323.0,0.08570403298382794,0.09373773490823241,0.03875191524262284,0.05709708682436944,21,0,73,38,39,111,19,3,2,0.6268507180531939,0.4857196752206667,16,60,90,17,2,73,0.6268507180531939,nenhuma,30.27728837535907,0.0,33,0,terminal,0.9950000000000001,10,61,adaptativa,j6010_1.sm,0,GOV,0,1.5058823529411764,0.35,21,0.0,0.0,0.7803797577983045,60,8,60,60,2;3;4;5;6;7;8;9;10;11;12;13;14;15;16;17;18;19;20;21;22;23;24;25;26;27;28;29;30;31;32;33;34;35;36;37;38;39;40;41;42;43;44;45;46;47;48;49;50;51;52;53;54;55;56;57;58;59;60;61,2;3;4;5;6;7;8;9;10;11;12;13;14;15;16;17;18;19;20;21;22;23;24;25;26;27;28;29;30;31;32;33;34;35;36;37;38;39;40;41;42;43;44;45;46;47;48;49;50;51;52;53;54;55;56;57;58;59;60;61
True,130,85,0.7437321701686712,0.0,7.281100556910064,300.0,390.0,50.0,28.0,56.38231885485311,57,3,10,0,0.05,0.21666666666666667,323.0,0.14861609530206987,0.17455826270852356,0.02254210698733766,0.1075213957975946,15,0,50,28,45,78,10,1,0,0.6586427040007742,0.39362113220747674,14,60,68,18,0,50,0.6586427040007742,nenhuma,56.38231885485311,0.0,60,0,terminal,0.9633333333333333,10,61,adaptativa,j6010_1.sm,1,GOV,0,1.5294117647058822,0.25,15,0.0,0.0,0.814969923289991,60,13,60,60,2;3;4;5;6;7;8;9;10;11;12;13;14;15;16;17;18;19;20;21;22;23;24;25;26;27;28;29;30;31;32;33;34;35;36;37;38;39;40;41;42;43;44;45;46;47;48;49;50;51;52;53;54;55;56;57;58;59;60;61,2;3;4;5;6;7;8;9;10;11;12;13;14;15;16;17;18;19;20;21;22;23;24;25;26;27;28;29;30;31;32;33;34;35;36;37;38;39;40;41;42;43;44;45;46;47;48;49;50;51;52;53;54;55;56;57;58;59;60;61
True,162,85,0.6964911473261398,0.0,11.68453242017575,282.0,423.0,44.0,38.0,102.33004521868752,52,8,17,0,0.13333333333333333,0.4166666666666667,323.0,0.24058974052978915,0.3168112855067725,0.03617502297268034,0.1684916562654833,34,0,44,38,26,82,8,17,0,0.7659648859265082,0.2570239140832174,4,60,74,30,0,44,0.7659648859265082,nenhuma,102.3300452186875,0.0,114,0,terminal,0.9199999999999999,10,61,adaptativa,j6010_1.sm,2,GOV,0,1.9058823529411764,0.5666666666666667,34,0.0,0.0,0.579462633680924,60,25,60,60,2;3;4;5;6;7;8;9;10;11;12;13;14;15;16;17;18;19;20;21;22;23;24;25;26;27;28;29;30;31;32;33;34;35;36;37;38;39;40;41;42;43;44;45;46;47;48;49;50;51;52;53;54;55;56;57;58;59;60;61,2;3;4;5;6;7;8;9;10;11;12;13;14;15;16;17;18;19;20;21;22;23;24;25;26;27;28;29;30;31;32;33;34;35;36;37;38;39;40;41;42;43;44;45;46;47;48;49;50;51;52;53;54;55;56;57;58;59;60;61
True,151,85,0.6200897108533917,0.0,7.5,286.0,394.0,133.0,54.0,54.391932979764746,54,6,8,0,0.1,0.23333333333333334,323.0,0.1441258496182036,0.16839607733673295,0.02321981424148607,0.0856037512542624,27,0,133,54,33,187,6,1,2,0.794910294566222,0.24332019624229825,3,60,179,46,2,133,0.794910294566222,nenhuma,54.391932979764746,0.0,62,0,terminal,0.9233333333333333,10,61,adaptativa,j6010_1.sm,3,GOV,0,1.776470588235294,0.45,27,0.0,0.0,0.7215362585060278,60,14,60,60,2;3;4;5;6;7;8;9;10;11;12;13;14;15;16;17;18;19;20;21;22;23;24;25;26;27;28;29;30;31;32;33;34;35;36;37;38;39;40;41;42;43;44;45;46;47;48;49;50;51;52;53;54;55;56;57;58;59;60;61,2;3;4;5;6;7;8;9;10;11;12;13;14;15;16;17;18;19;20;21;22;23;24;25;26;27;28;29;30;31;32;33;34;35;36;37;38;39;40;41;42;43;44;45;46;47;48;49;50;51;52;53;54;55;56;57;58;59;60;61
True,241,76,0.6878101986805712,0.0,11.691719159637948,314.0,405.0,74.0,29.0,80.8252322761613,58,2,15,0,0.03333333333333333,0.2833333333333333,332.0,0.19578559147298658,0.24344949480771477,0.03521602156517454,0.13726523227227116,30,0,74,29,30,103,12,0,1,0.6268507180531939,0.4857196752206667,18,60,90,16,1,74,0.6268507180531939,nenhuma,80.82523227616127,0.0,88,0,terminal,0.9761048353708972,10,61,adaptativa,j6021_1.sm,0,GOV,0,3.1710526315789473,0.5,30,0.0,0.0,0.7966588156975294,60,17,60,60,2;3;4;5;6;7;8;9;10;11;12;13;14;15;16;17;18;19;20;21;22;23;24;25;26;27;28;29;30;31;32;33;34;35;36;37;38;39;40;41;42;43;44;45;46;47;48;49;50;51;52;53;54;55;56;57;58;59;60;61,2;3;4;5;6;7;8;9;10;11;12;13;14;15;16;17;18;19;20;21;22;23;24;25;26;27;28;29;30;31;32;33;34;35;36;37;38;39;40;41;42;43;44;45;46;47;48;49;50;51;52;53;54;55;56;57;58;59;60;61
True,224,76,0.7664574969419613,0.0,10.957113100626099,297.0,400.0,37.0,16.0,68.88151540813914,55,5,13,0,0.08333333333333333,0.3,332.0,0.17182512228834143,0.2074744440004191,0.033003352712729216,0.13198688471322867,23,0,37,16,37,53,8,0,0,0.6586427040007742,0.39362113220747674,17,60,45,8,0,37,0.6586427040007742,nenhuma,68.88151540813914,0.0,75,0,terminal,0.9666666666666667,10,61,adaptativa,j6021_1.sm,1,GOV,0,2.9473684210526314,0.38333333333333336,23,0.0,0.0,0.8188508524018767,60,18,60,60,2;3;4;5;6;7;8;9;10;11;12;13;14;15;16;17;18;19;20;21;22;23;24;25;26;27;28;29;30;31;32;33;34;35;36;37;38;39;40;41;42;43;44;45;46;47;48;49;50;51;52;53;54;55;56;57;58;59;60;61,2;3;4;5;6;7;8;9;10;11;12;13;14;15;16;17;18;19;20;21;22;23;24;25;26;27;28;29;30;31;32;33;34;35;36;37;38;39;40;41;42;43;44;45;46;47;48;49;50;51;52;53;54;55;56;57;58;59;60;61
True,200,76,0.7426929589381938,0.0,9.991759803243703,317.0,409.0,48.0,28.0,65.69863673507186,57,3,12,0,0.05,0.25,332.0,0.1651970378234844,0.19788746004539717,0.03009566205796296,0.11930052546448906,25,0,48,28,35,76,4,0,0,0.7659648859265082,0.2570239140832174,6,60,72,24,0,48,0.7659648859265082,nenhuma,65.69863673507186,0.0,70,0,terminal,0.9333333333333332,10,61,adaptativa,j6021_1.sm,2,GOV,0,2.6315789473684212,0.4166666666666667,25,0.0,0.0,0.7738006758844145,60,15,60,60,2;3;4;5;6;7;8;9;10;11;12;13;14;15;16;17;18;19;20;21;22;23;24;25;26;27;28;29;30;31;32;33;34;35;36;37;38;39;40;41;42;43;44;45;46;47;48;49;50;51;52;53;54;55;56;57;58;59;60;61,2;3;4;5;6;7;8;9;10;11;12;13;14;15;16;17;18;19;20;21;22;23;24;25;26;27;28;29;30;31;32;33;34;35;36;37;38;39;40;41;42;43;44;45;46;47;48;49;50;51;52;53;54;55;56;57;58;59;60;61
True,232,76,0.7067287511568684,0.0,7.970001877993033,324.0,426.0,74.0,36.0,66.777231438039,59,1,12,0,0.016666666666666666,0.21666666666666667,332.0,0.1674549752934294,0.2011362392712018,0.024006029752991064,0.11078260417821238,26,0,74,36,34,110,0,0,1,0.794910294566222,0.24332019624229825,2,60,109,35,1,74,0.794910294566222,nenhuma,66.777231438039,0.0,72,0,terminal,0.8866666666666667,10,61,adaptativa,j6021_1.sm,3,GOV,0,3.0526315789473686,0.43333333333333335,26,0.0,0.0,0.7863683045057729,60,13,60,60,2;3;4;5;6;7;8;9;10;11;12;13;14;15;16;17;18;19;20;21;22;23;24;25;26;27;28;29;30;31;32;33;34;35;36;37;38;39;40;41;42;43;44;45;46;47;48;49;50;51;52;53;54;55;56;57;58;59;60;61,2;3;4;5;6;7;8;9;10;11;12;13;14;15;16;17;18;19;20;21;22;23;24;25;26;27;28;29;30;31;32;33;34;35;36;37;38;39;40;41;42;43;44;45;46;47;48;49;50;51;52;53;54;55;56;57;58;59;60;61
True,111,69,0.7646949172288559,0.0,3.5,326.0,439.0,63.0,42.0,30.08515488879241,58,2,7,0,0.03333333333333333,0.15,337.0,0.08195688245117576,0.08927345664330091,0.010385756676557863,0.05240538730638364,21,0,63,42,39,105,10,9,4,0.6268507180531939,0.4857196752206667,14,60,91,28,4,63,0.6268507180531939,nenhuma,30.08515488879241,0.0,33,0,terminal,0.9816666666666666,10,61,adaptativa,j6032_1.sm,0,GOV,0,1.608695652173913,0.35,21,0.0,0.0,0.6559508413581635,60,9,60,60,2;3;4;5;6;7;8;9;10;11;12;13;14;15;16;17;18;19;20;21;22;23;24;25;26;27;28;29;30;31;32;33;34;35;36;37;38;39;40;41;42;43;44;45;46;47;48;49;50;51;52;53;54;55;56;57;58;59;60;61,2;3;4;5;6;7;8;9;10;11;12;13;14;15;16;17;18;19;20;21;22;23;24;25;26;27;28;29;30;31;32;33;34;35;36;37;38;39;40;41;42;43;44;45;46;47;48;49;50;51;52;53;54;55;56;57;58;59;60;61
True,123,69,0.6849399874656255,0.0,8.327390638417716,309.0,437.0,72.0,56.0,73.01210032569662,55,5,16,0,0.08333333333333333,0.35,337.0,0.1780730380096071,0.2166531166934618,0.02471035797750064,0.11443685831103349,25,0,72,56,35,128,11,14,1,0.6586427040007742,0.39362113220747674,13,60,116,44,1,72,0.6586427040007742,nenhuma,73.01210032569662,0.0,80,0,terminal,0.9349999999999999,10,61,adaptativa,j6032_1.sm,1,GOV,0,1.7826086956521738,0.4166666666666667,25,0.0,0.0,0.5990945270657176,60,21,60,60,2;3;4;5;6;7;8;9;10;11;12;13;14;15;16;17;18;19;20;21;22;23;24;25;26;27;28;29;30;31;32;33;34;35;36;37;38;39;40;41;42;43;44;45;46;47;48;49;50;51;52;53;54;55;56;57;58;59;60;61,2;3;4;5;6;7;8;9;10;11;12;13;14;15;16;17;18;19;20;21;22;23;24;25;26;27;28;29;30;31;32;33;34;35;36;37;38;39;40;41;42;43;44;45;46;47;48;49;50;51;52;53;54;55;56;57;58;59;60;61
True,132,69,0.6869665249368085,0.0,1.0,335.0,451.0,59.0,79.0,67.50942750301517,59,1,13,0,0.016666666666666666,0.23333333333333334,337.0,0.1668920992020933,0.2003247106914397,0.002967359050445104,0.10283085767676217,28,0,59,79,32,138,0,31,1,0.7659648859265082,0.2570239140832174,2,60,137,78,1,59,0.7659648859265082,nenhuma,67.50942750301517,0.0,71,0,terminal,0.8066666666666666,10,61,adaptativa,j6032_1.sm,2,GOV,0,1.9130434782608696,0.4666666666666667,28,0.0,0.0,0.6131360867828073,60,14,60,60,2;3;4;5;6;7;8;9;10;11;12;13;14;15;16;17;18;19;20;21;22;23;24;25;26;27;28;29;30;31;32;33;34;35;36;37;38;39;40;41;42;43;44;45;46;47;48;49;50;51;52;53;54;55;56;57;58;59;60;61,2;3;4;5;6;7;8;9;10;11;12;13;14;15;16;17;18;19;20;21;22;23;24;25;26;27;28;29;30;31;32;33;34;35;36;37;38;39;40;41;42;43;44;45;46;47;48;49;50;51;52;53;54;55;56;57;58;59;60;61
True,152,69,0.6270548319360149,0.0,9.989698608096168,302.0,493.0,117.0,63.0,113.21513604779322,54,6,20,0,0.1,0.43333333333333335,337.0,0.2514689689059559,0.33594995859879295,0.02964302257595302,0.14400019900012584,37,0,117,63,23,180,0,8,1,0.794910294566222,0.24332019624229825,0,60,179,62,1,117,0.794910294566222,nenhuma,113.21513604779322,0.0,123,0,terminal,0.8316666666666666,10,61,adaptativa,j6032_1.sm,3,GOV,0,2.2028985507246377,0.6166666666666667,37,0.0,0.0,0.4726373214883596,60,26,60,60,2;3;4;5;6;7;8;9;10;11;12;13;14;15;16;17;18;19;20;21;22;23;24;25;26;27;28;29;30;31;32;33;34;35;36;37;38;39;40;41;42;43;44;45;46;47;48;49;50;51;52;53;54;55;56;57;58;59;60;61,2;3;4;5;6;7;8;9;10;11;12;13;14;15;16;17;18;19;20;21;22;23;24;25;26;27;28;29;30;31;32;33;34;35;36;37;38;39;40;41;42;43;44;45;46;47;48;49;50;51;52;53;54;55;56;57;58;59;60;61
True,157,108,0.6065333205184323,0.0,7.607847450827377,320.0,392.0,136.0,53.0,65.29590286142772,58,2,15,0,0.03333333333333333,0.2833333333333333,334.0,0.1635276054512588,0.1954967151539752,0.022777986379722684,0.10103097137446623,20,0,136,53,40,189,18,0,1,0.6268507180531939,0.4857196752206667,21,60,170,34,1,136,0.6268507180531939,nenhuma,65.29590286142772,0.0,72,0,terminal,0.9759422763290336,10,61,adaptativa,j6043_1.sm,0,GOV,0,1.4537037037037037,0.3333333333333333,20,0.0,0.0,0.8269930722874086,60,17,60,60,2;3;4;5;6;7;8;9;10;11;12;13;14;15;16;17;18;19;20;21;22;23;24;25;26;27;28;29;30;31;32;33;34;35;36;37;38;39;40;41;42;43;44;45;46;47;48;49;50;51;52;53;54;55;56;57;58;59;60;61,2;3;4;5;6;7;8;9;10;11;12;13;14;15;16;17;18;19;20;21;22;23;24;25;26;27;28;29;30;31;32;33;34;35;36;37;38;39;40;41;42;43;44;45;46;47;48;49;50;51;52;53;54;55;56;57;58;59;60;61
True,158,108,0.5923288582078241,0.0,6.0,314.0,384.0,142.0,49.0,73.28852195695318,57,3,17,0,0.05,0.3333333333333333,334.0,0.17994251741938147,0.2194267124459676,0.017964071856287425,0.11304923575651334,22,0,142,49,38,191,15,0,2,0.6586427040007742,0.39362113220747674,20,60,174,32,2,142,0.6586427040007742,nenhuma,73.28852195695318,0.0,79,0,terminal,0.965,10,61,adaptativa,j6043_1.sm,1,GOV,0,1.462962962962963,0.36666666666666664,22,0.0,0.0,0.809080475292748,60,20,60,60,2;3;4;5;6;7;8;9;10;11;12;13;14;15;16;17;18;19;20;21;22;23;24;25;26;27;28;29;30;31;32;33;34;35;36;37;38;39;40;41;42;43;44;45;46;47;48;49;50;51;52;53;54;55;56;57;58;59;60;61,2;3;4;5;6;7;8;9;10;11;12;13;14;15;16;17;18;19;20;21;22;23;24;25;26;27;28;29;30;31;32;33;34;35;36;37;38;39;40;41;42;43;44;45;46;47;48;49;50;51;52;53;54;55;56;57;58;59;60;61
True,168,108,0.6871138044762634,0.0,7.436263970879624,296.0,419.0,85.0,45.0,60.797092228954874,55,5,10,0,0.08333333333333333,0.25,334.0,0.15399579537353023,0.18202722224237985,0.02226426338586714,0.0997005282637982,22,0,85,45,38,130,0,2,1,0.7659648859265082,0.2570239140832174,6,60,129,44,1,85,0.7659648859265082,nenhuma,60.797092228954874,0.0,67,0,terminal,0.8616666666666665,10,61,adaptativa,j6043_1.sm,2,GOV,0,1.5555555555555556,0.36666666666666664,22,0.0,0.0,0.7486476350032464,60,15,60,60,2;3;4;5;6;7;8;9;10;11;12;13;14;15;16;17;18;19;20;21;22;23;24;25;26;27;28;29;30;31;32;33;34;35;36;37;38;39;40;41;42;43;44;45;46;47;48;49;50;51;52;53;54;55;56;57;58;59;60;61,2;3;4;5;6;7;8;9;10;11;12;13;14;15;16;17;18;19;20;21;22;23;24;25;26;27;28;29;30;31;32;33;34;35;36;37;38;39;40;41;42;43;44;45;46;47;48;49;50;51;52;53;54;55;56;57;58;59;60;61
True,169,108,0.6251713397906713,0.0,11.607847450827377,293.0,404.0,126.0,59.0,57.22284210161169,55,5,9,0,0.08333333333333333,0.23333333333333334,334.0,0.14626661826343282,0.17132587455572362,0.034754034283914305,0.08854970510716488,26,0,126,59,34,185,0,9,2,0.794910294566222,0.24332019624229825,4,60,183,57,2,126,0.794910294566222,nenhuma,57.22284210161169,0.0,62,0,terminal,0.8627388440755871,10,61,adaptativa,j6043_1.sm,3,GOV,0,1.5648148148148149,0.43333333333333335,26,0.0,0.0,0.7373766976343814,60,14,60,60,2;3;4;5;6;7;8;9;10;11;12;13;14;15;16;17;18;19;20;21;22;23;24;25;26;27;28;29;30;31;32;33;34;35;36;37;38;39;40;41;42;43;44;45;46;47;48;49;50;51;52;53;54;55;56;57;58;59;60;61,2;3;4;5;6;7;8;9;10;11;12;13;14;15;16;17;18;19;20;21;22;23;24;25;26;27;28;29;30;31;32;33;34;35;36;37;38;39;40;41;42;43;44;45;46;47;48;49;50;51;52;53;54;55;56;57;58;59;60;61
True,120,85,0.7237896093187363,0.0,9.337666949330984,310.0,389.0,73.0,39.0,36.448997597719774,58,2,6,0,0.03333333333333333,0.13333333333333333,323.0,0.10140241826049537,0.11284519380099,0.028909185601643912,0.06781852373088214,19,0,73,39,41,112,19,3,2,0.6268507180531939,0.4857196752206667,16,60,91,18,2,73,0.6268507180531939,nenhuma,36.44899759771978,0.0,39,0,terminal,0.9933333333333335,10,62,adaptativa,j6010_1.sm,0,GOV,0,1.411764705882353,0.31666666666666665,19,0.0,0.0,0.7698191417267883,60,8,60,60,2;3;4;5;6;7;8;9;10;11;12;13;14;15;16;17;18;19;20;21;22;23;24;25;26;27;28;29;30;31;32;33;34;35;36;37;38;39;40;41;42;43;44;45;46;47;48;49;50;51;52;53;54;55;56;57;58;59;60;61,2;3;4;5;6;7;8;9;10;11;12;13;14;15;16;17;18;19;20;21;22;23;24;25;26;27;28;29;30;31;32;33;34;35;36;37;38;39;40;41;42;43;44;45;46;47;48;49;50;51;52;53;54;55;56;57;58;59;60;61
True,123,85,0.7412384303872426,0.0,5.0,309.0,391.0,55.0,29.0,52.49558572635159,58,2,11,0,0.03333333333333333,0.21666666666666667,323.0,0.1398034696594505,0.16252503320851885,0.015479876160990712,0.09951853085948795,15,0,55,29,45,84,10,1,0,0.6586427040007742,0.39362113220747674,14,60,74,19,0,55,0.6586427040007742,nenhuma,52.49558572635159,0.0,57,0,terminal,0.9616666666666666,10,62,adaptativa,j6010_1.sm,1,GOV,0,1.4470588235294117,0.25,15,0.0,0.0,0.7957013793258815,60,13,60,60,2;3;4;5;6;7;8;9;10;11;12;13;14;15;16;17;18;19;20;21;22;23;24;25;26;27;28;29;30;31;32;33;34;35;36;37;38;39;40;41;42;43;44;45;46;47;48;49;50;51;52;53;54;55;56;57;58;59;60;61,2;3;4;5;6;7;8;9;10;11;12;13;14;15;16;17;18;19;20;21;22;23;24;25;26;27;28;29;30;31;32;33;34;35;36;37;38;39;40;41;42;43;44;45;46;47;48;49;50;51;52;53;54;55;56;57;58;59;60;61
True,138,85,0.7063614659533007,0.0,5.60729220992478,302.0,411.0,59.0,36.0,75.85506969199845,55,5,15,0,0.08333333333333333,0.3333333333333333,323.0,0.19018203717599683,0.2348454170030912,0.017360037801624706,0.1303676355903402,29,0,59,36,31,95,8,8,0,0.7659648859265082,0.2570239140832174,4,60,87,28,0,59,0.7659648859265082,nenhuma,75.85506969199845,0.0,85,0,terminal,0.9233333333333333,10,62,adaptativa,j6010_1.sm,2,GOV,0,1.6235294117647059,0.48333333333333334,29,0.0,0.0,0.6312836782522646,60,20,60,60,2;3;4;5;6;7;8;9;10;11;12;13;14;15;16;17;18;19;20;21;22;23;24;25;26;27;28;29;30;31;32;33;34;35;36;37;38;39;40;41;42;43;44;45;46;47;48;49;50;51;52;53;54;55;56;57;58;59;60;61,2;3;4;5;6;7;8;9;10;11;12;13;14;15;16;17;18;19;20;21;22;23;24;25;26;27;28;29;30;31;32;33;34;35;36;37;38;39;40;41;42;43;44;45;46;47;48;49;50;51;52;53;54;55;56;57;58;59;60;61
True,148,85,0.6047670473631699,0.0,8.841923509304275,282.0,397.0,130.0,56.0,73.45111077223876,54,6,10,0,0.1,0.26666666666666666,323.0,0.18527154742778976,0.22740281972829338,0.027374376189796518,0.11189121256239788,27,0,130,56,33,186,6,1,2,0.794910294566222,0.24332019624229825,3,60,178,48,2,130,0.794910294566222,nenhuma,73.45111077223875,0.0,80,0,terminal,0.9199999999999999,10,62,adaptativa,j6010_1.sm,3,GOV,0,1.7411764705882353,0.45,27,0.0,0.0,0.6919989758610934,60,16,60,60,2;3;4;5;6;7;8;9;10;11;12;13;14;15;16;17;18;19;20;21;22;23;24;25;26;27;28;29;30;31;32;33;34;35;36;37;38;39;40;41;42;43;44;45;46;47;48;49;50;51;52;53;54;55;56;57;58;59;60;61,2;3;4;5;6;7;8;9;10;11;12;13;14;15;16;17;18;19;20;21;22;23;24;25;26;27;28;29;30;31;32;33;34;35;36;37;38;39;40;41;42;43;44;45;46;47;48;49;50;51;52;53;54;55;56;57;58;59;60;61
True,239,76,0.6878101986805712,0.0,11.691719159637948,314.0,405.0,74.0,29.0,80.8252322761613,58,2,15,0,0.03333333333333333,0.2833333333333333,332.0,0.19578559147298658,0.24344949480771477,0.03521602156517454,0.13726523227227116,30,0,74,29,30,103,12,0,1,0.6268507180531939,0.4857196752206667,18,60,90,16,1,74,0.6268507180531939,nenhuma,80.82523227616127,0.0,88,0,terminal,0.9761048353708972,10,62,adaptativa,j6021_1.sm,0,GOV,0,3.1447368421052633,0.5,30,0.0,0.0,0.7961427109474388,60,17,60,60,2;3;4;5;6;7;8;9;10;11;12;13;14;15;16;17;18;19;20;21;22;23;24;25;26;27;28;29;30;31;32;33;34;35;36;37;38;39;40;41;42;43;44;45;46;47;48;49;50;51;52;53;54;55;56;57;58;59;60;61,2;3;4;5;6;7;8;9;10;11;12;13;14;15;16;17;18;19;20;21;22;23;24;25;26;27;28;29;30;31;32;33;34;35;36;37;38;39;40;41;42;43;44;45;46;47;48;49;50;51;52;53;54;55;56;57;58;59;60;61
True,226,76,0.7002934986016891,0.0,11.691719159637948,298.0,406.0,66.0,29.0,78.75691736490543,55,5,13,0,0.08333333333333333,0.3,332.0,0.1917360707402035,0.23721963061718504,0.03521602156517454,0.1358447221688516,25,0,66,29,35,95,21,0,0,0.6586427040007742,0.39362113220747674,17,60,74,8,0,66,0.6586427040007742,nenhuma,78.75691736490546,0.0,86,0,terminal,0.965,10,62,adaptativa,j6021_1.sm,1,GOV,0,2.973684210526316,0.4166666666666667,25,0.0,0.0,0.8093907786086513,60,18,60,60,2;3;4;5;6;7;8;9;10;11;12;13;14;15;16;17;18;19;20;21;22;23;24;25;26;27;28;29;30;31;32;33;34;35;36;37;38;39;40;41;42;43;44;45;46;47;48;49;50;51;52;53;54;55;56;57;58;59;60;61,2;3;4;5;6;7;8;9;10;11;12;13;14;15;16;17;18;19;20;21;22;23;24;25;26;27;28;29;30;31;32;33;34;35;36;37;38;39;40;41;42;43;44;45;46;47;48;49;50;51;52;53;54;55;56;57;58;59;60;61
True,193,76,0.751484500301516,0.0,8.580791844487234,322.0,408.0,48.0,28.0,58.92536950036797,58,2,12,0,0.03333333333333333,0.23333333333333334,332.0,0.1507330403644026,0.17748605271195173,0.02584575856773263,0.10853309277957407,25,0,48,28,35,76,4,0,0,0.7659648859265082,0.2570239140832174,6,60,72,24,0,48,0.7659648859265082,nenhuma,58.92536950036797,0.0,62,0,terminal,0.9333333333333332,10,62,adaptativa,j6021_1.sm,2,GOV,0,2.539473684210526,0.4166666666666667,25,0.0,0.0,0.7698515213173867,60,14,60,60,2;3;4;5;6;7;8;9;10;11;12;13;14;15;16;17;18;19;20;21;22;23;24;25;26;27;28;29;30;31;32;33;34;35;36;37;38;39;40;41;42;43;44;45;46;47;48;49;50;51;52;53;54;55;56;57;58;59;60;61,2;3;4;5;6;7;8;9;10;11;12;13;14;15;16;17;18;19;20;21;22;23;24;25;26;27;28;29;30;31;32;33;34;35;36;37;38;39;40;41;42;43;44;45;46;47;48;49;50;51;52;53;54;55;56;57;58;59;60;61
True,262,76,0.6891165849441973,0.0,10.957113100626099,311.0,433.0,71.0,35.0,89.34070382308842,57,3,13,0,0.05,0.26666666666666666,332.0,0.21203910045349095,0.26909850549123016,0.033003352712729216,0.14218512867223482,26,0,71,35,34,106,0,0,1,0.794910294566222,0.24332019624229825,2,60,105,34,1,71,0.794910294566222,nenhuma,89.34070382308843,0.0,94,0,terminal,0.8883333333333333,10,62,adaptativa,j6021_1.sm,3,GOV,0,3.4473684210526314,0.43333333333333335,26,0.0,0.0,0.7970087848252247,60,16,60,60,2;3;4;5;6;7;8;9;10;11;12;13;14;15;16;17;18;19;20;21;22;23;24;25;26;27;28;29;30;31;32;33;34;35;36;37;38;39;40;41;42;43;44;45;46;47;48;49;50;51;52;53;54;55;56;57;58;59;60;61,2;3;4;5;6;7;8;9;10;11;12;13;14;15;16;17;18;19;20;21;22;23;24;25;26;27;28;29;30;31;32;33;34;35;36;37;38;39;40;41;42;43;44;45;46;47;48;49;50;51;52;53;54;55;56;57;58;59;60;61
True,111,69,0.7646949172288559,0.0,3.5,326.0,439.0,63.0,42.0,30.08515488879241,58,2,7,0,0.03333333333333333,0.15,337.0,0.08195688245117576,0.08927345664330091,0.010385756676557863,0.05240538730638364,21,0,63,42,39,105,10,9,4,0.6268507180531939,0.4857196752206667,14,60,91,28,4,63,0.6268507180531939,nenhuma,30.08515488879241,0.0,33,0,terminal,0.9816666666666666,10,62,adaptativa,j6032_1.sm,0,GOV,0,1.608695652173913,0.35,21,0.0,0.0,0.6559508413581635,60,9,60,60,2;3;4;5;6;7;8;9;10;11;12;13;14;15;16;17;18;19;20;21;22;23;24;25;26;27;28;29;30;31;32;33;34;35;36;37;38;39;40;41;42;43;44;45;46;47;48;49;50;51;52;53;54;55;56;57;58;59;60;61,2;3;4;5;6;7;8;9;10;11;12;13;14;15;16;17;18;19;20;21;22;23;24;25;26;27;28;29;30;31;32;33;34;35;36;37;38;39;40;41;42;43;44;45;46;47;48;49;50;51;52;53;54;55;56;57;58;59;60;61
True,126,69,0.6904853360862301,0.0,8.050458970918172,307.0,435.0,72.0,55.0,67.99165552977911,55,5,14,0,0.08333333333333333,0.31666666666666665,337.0,0.167884089959428,0.20175565439103593,0.023888602287591012,0.10792469222882461,25,0,72,55,35,127,11,14,1,0.6586427040007742,0.39362113220747674,13,60,115,43,1,72,0.6586427040007742,nenhuma,67.99165552977911,0.0,74,0,terminal,0.9366666666666665,10,62,adaptativa,j6032_1.sm,1,GOV,0,1.826086956521739,0.4166666666666667,25,0.0,0.0,0.6219073349027118,60,19,60,60,2;3;4;5;6;7;8;9;10;11;12;13;14;15;16;17;18;19;20;21;22;23;24;25;26;27;28;29;30;31;32;33;34;35;36;37;38;39;40;41;42;43;44;45;46;47;48;49;50;51;52;53;54;55;56;57;58;59;60;61,2;3;4;5;6;7;8;9;10;11;12;13;14;15;16;17;18;19;20;21;22;23;24;25;26;27;28;29;30;31;32;33;34;35;36;37;38;39;40;41;42;43;44;45;46;47;48;49;50;51;52;53;54;55;56;57;58;59;60;61
True,120,69,0.7238731800573617,0.0,8.703154538286665,319.0,459.0,44.0,70.0,61.08897116982239,56,4,11,0,0.06666666666666667,0.25,337.0,0.15345557298486975,0.1812729114831525,0.025825384386607312,0.09634132424211725,33,0,44,70,27,114,0,35,1,0.7659648859265082,0.2570239140832174,2,60,113,69,1,44,0.7659648859265082,nenhuma,61.08897116982239,0.0,67,0,terminal,0.8216666666666664,10,62,adaptativa,j6032_1.sm,2,GOV,0,1.7391304347826086,0.55,33,0.0,0.0,0.5155126035129884,60,15,60,60,2;3;4;5;6;7;8;9;10;11;12;13;14;15;16;17;18;19;20;21;22;23;24;25;26;27;28;29;30;31;32;33;34;35;36;37;38;39;40;41;42;43;44;45;46;47;48;49;50;51;52;53;54;55;56;57;58;59;60;61,2;3;4;5;6;7;8;9;10;11;12;13;14;15;16;17;18;19;20;21;22;23;24;25;26;27;28;29;30;31;32;33;34;35;36;37;38;39;40;41;42;43;44;45;46;47;48;49;50;51;52;53;54;55;56;57;58;59;60;61
True,138,69,0.6483952384438213,8.881784197001252e-16,10.521044610104177,287.0,455.0,99.0,74.0,73.73248201516893,52,8,13,0,0.13333333333333333,0.35,337.0,0.1795146116845122,0.21879074781949237,0.031219716943929308,0.10507206649951698,29,0,99,74,31,173,0,28,3,0.794910294566222,0.24332019624229825,0,60,170,71,3,99,0.794910294566222,nenhuma,73.73248201516894,0.0,79,0,terminal,0.8166666666666665,10,62,adaptativa,j6032_1.sm,3,GOV,0,2.0,0.48333333333333334,29,0.0,0.0,0.5799096242520689,60,21,60,60,2;3;4;5;6;7;8;9;10;11;12;13;14;15;16;17;18;19;20;21;22;23;24;25;26;27;28;29;30;31;32;33;34;35;36;37;38;39;40;41;42;43;44;45;46;47;48;49;50;51;52;53;54;55;56;57;58;59;60;61,2;3;4;5;6;7;8;9;10;11;12;13;14;15;16;17;18;19;20;21;22;23;24;25;26;27;28;29;30;31;32;33;34;35;36;37;38;39;40;41;42;43;44;45;46;47;48;49;50;51;52;53;54;55;56;57;58;59;60;61
True,158,108,0.6107848026290049,0.0,7.607847450827377,309.0,401.0,143.0,55.0,57.53237977430537,56,4,11,0,0.06666666666666667,0.25,334.0,0.14694156280885196,0.17225263405480648,0.022777986379722684,0.08763068135966598,19,0,143,55,41,198,17,0,1,0.6268507180531939,0.4857196752206667,21,60,180,37,1,143,0.6268507180531939,nenhuma,57.53237977430537,0.0,63,0,terminal,0.9726089429957003,10,62,adaptativa,j6043_1.sm,0,GOV,0,1.462962962962963,0.31666666666666665,19,0.0,0.0,0.8020460745705447,60,15,60,60,2;3;4;5;6;7;8;9;10;11;12;13;14;15;16;17;18;19;20;21;22;23;24;25;26;27;28;29;30;31;32;33;34;35;36;37;38;39;40;41;42;43;44;45;46;47;48;49;50;51;52;53;54;55;56;57;58;59;60;61,2;3;4;5;6;7;8;9;10;11;12;13;14;15;16;17;18;19;20;21;22;23;24;25;26;27;28;29;30;31;32;33;34;35;36;37;38;39;40;41;42;43;44;45;46;47;48;49;50;51;52;53;54;55;56;57;58;59;60;61
True,160,108,0.5952930751815013,0.0,4.0,314.0,377.0,131.0,45.0,80.30150428014794,57,3,19,0,0.05,0.36666666666666664,334.0,0.19382382986919738,0.24042366550942496,0.011976047904191617,0.12679822128549006,23,0,131,45,37,176,12,0,2,0.6586427040007742,0.39362113220747674,20,60,162,31,2,131,0.6586427040007742,nenhuma,80.30150428014794,0.0,87,0,terminal,0.955,10,62,adaptativa,j6043_1.sm,1,GOV,0,1.4814814814814814,0.38333333333333336,23,0.0,0.0,0.8053934354609291,60,22,60,60,2;3;4;5;6;7;8;9;10;11;12;13;14;15;16;17;18;19;20;21;22;23;24;25;26;27;28;29;30;31;32;33;34;35;36;37;38;39;40;41;42;43;44;45;46;47;48;49;50;51;52;53;54;55;56;57;58;59;60;61,2;3;4;5;6;7;8;9;10;11;12;13;14;15;16;17;18;19;20;21;22;23;24;25;26;27;28;29;30;31;32;33;34;35;36;37;38;39;40;41;42;43;44;45;46;47;48;49;50;51;52;53;54;55;56;57;58;59;60;61
True,148,108,0.6557262400115853,0.0,4.0,326.0,392.0,98.0,57.0,50.81045210738271,59,1,15,0,0.016666666666666666,0.26666666666666666,334.0,0.13204020792346843,0.1521271021179123,0.011976047904191617,0.08499425182056836,22,0,98,57,38,155,0,9,2,0.7659648859265082,0.2570239140832174,6,60,153,55,2,98,0.7659648859265082,nenhuma,50.81045210738271,0.0,56,0,terminal,0.8616666666666667,10,62,adaptativa,j6043_1.sm,2,GOV,0,1.3703703703703705,0.36666666666666664,22,0.0,0.0,0.7847315535548061,60,16,60,60,2;3;4;5;6;7;8;9;10;11;12;13;14;15;16;17;18;19;20;21;22;23;24;25;26;27;28;29;30;31;32;33;34;35;36;37;38;39;40;41;42;43;44;45;46;47;48;49;50;51;52;53;54;55;56;57;58;59;60;61,2;3;4;5;6;7;8;9;10;11;12;13;14;15;16;17;18;19;20;21;22;23;24;25;26;27;28;29;30;31;32;33;34;35;36;37;38;39;40;41;42;43;44;45;46;47;48;49;50;51;52;53;54;55;56;57;58;59;60;61
True,152,108,0.593486527026426,0.0,8.0,309.0,377.0,150.0,52.0,56.22924756000981,57,3,11,0,0.05,0.23333333333333334,334.0,0.1440928580099902,0.16835104059883177,0.023952095808383235,0.08851803939442801,21,0,150,52,39,202,0,4,7,0.794910294566222,0.24332019624229825,4,60,195,45,7,150,0.794910294566222,nenhuma,56.2292475600098,0.0,60,0,terminal,0.8877388440755872,10,62,adaptativa,j6043_1.sm,3,GOV,0,1.4074074074074074,0.35,21,0.0,0.0,0.8206632189483984,60,14,60,60,2;3;4;5;6;7;8;9;10;11;12;13;14;15;16;17;18;19;20;21;22;23;24;25;26;27;28;29;30;31;32;33;34;35;36;37;38;39;40;41;42;43;44;45;46;47;48;49;50;51;52;53;54;55;56;57;58;59;60;61,2;3;4;5;6;7;8;9;10;11;12;13;14;15;16;17;18;19;20;21;22;23;24;25;26;27;28;29;30;31;32;33;34;35;36;37;38;39;40;41;42;43;44;45;46;47;48;49;50;51;52;53;54;55;56;57;58;59;60;61
True,126,85,0.665088746449306,4.440892098500626e-16,11.590977777813778,266.0,396.0,100.0,54.0,45.40926246928113,49,11,2,0,0.18333333333333332,0.21666666666666667,323.0,0.12325765689202091,0.14058595191727905,0.03588538011707052,0.07626562993151946,22,0,100,54,38,154,9,5,1,0.6268507180531939,0.4857196752206667,16,60,144,44,1,100,0.6268507180531939,nenhuma,45.409262469281124,0.0,51,0,terminal,0.9550000000000001,10,64,adaptativa,j6010_1.sm,0,GOV,0,1.4823529411764707,0.36666666666666664,22,0.0,0.0,0.7414955003852927,60,13,60,60,2;3;4;5;6;7;8;9;10;11;12;13;14;15;16;17;18;19;20;21;22;23;24;25;26;27;28;29;30;31;32;33;34;35;36;37;38;39;40;41;42;43;44;45;46;47;48;49;50;51;52;53;54;55;56;57;58;59;60;61,2;3;4;5;6;7;8;9;10;11;12;13;14;15;16;17;18;19;20;21;22;23;24;25;26;27;28;29;30;31;32;33;34;35;36;37;38;39;40;41;42;43;44;45;46;47;48;49;50;51;52;53;54;55;56;57;58;59;60;61
True,114,85,0.716506055864419,0.0,4.0,289.0,374.0,70.0,48.0,29.97744448760143,54,6,3,0,0.1,0.15,323.0,0.08492736563130285,0.09280942565820877,0.01238390092879257,0.057430536135577186,13,0,70,48,47,118,14,11,3,0.6586427040007742,0.39362113220747674,14,60,101,31,3,70,0.6586427040007742,nenhuma,29.97744448760143,0.0,31,0,terminal,0.9774952789123499,10,64,adaptativa,j6010_1.sm,1,GOV,0,1.3411764705882352,0.21666666666666667,13,0.0,0.0,0.8520910464601035,60,9,60,60,2;3;4;5;6;7;8;9;10;11;12;13;14;15;16;17;18;19;20;21;22;23;24;25;26;27;28;29;30;31;32;33;34;35;36;37;38;39;40;41;42;43;44;45;46;47;48;49;50;51;52;53;54;55;56;57;58;59;60;61,2;3;4;5;6;7;8;9;10;11;12;13;14;15;16;17;18;19;20;21;22;23;24;25;26;27;28;29;30;31;32;33;34;35;36;37;38;39;40;41;42;43;44;45;46;47;48;49;50;51;52;53;54;55;56;57;58;59;60;61
True,132,85,0.6605423071961143,0.0,15.170764856607294,222.0,418.0,73.0,74.0,67.81336478557503,42,18,1,0,0.3,0.31666666666666665,323.0,0.17351854080727702,0.209948497788158,0.046968312249558185,0.10716171395740541,29,0,73,74,31,147,8,30,3,0.7659648859265082,0.2570239140832174,4,60,136,63,3,73,0.7659648859265082,nenhuma,67.81336478557503,0.0,76,0,terminal,0.8616666666666667,10,64,adaptativa,j6010_1.sm,2,GOV,0,1.5529411764705883,0.48333333333333334,29,0.0,0.0,0.6313667084094693,60,19,60,60,2;3;4;5;6;7;8;9;10;11;12;13;14;15;16;17;18;19;20;21;22;23;24;25;26;27;28;29;30;31;32;33;34;35;36;37;38;39;40;41;42;43;44;45;46;47;48;49;50;51;52;53;54;55;56;57;58;59;60;61,2;3;4;5;6;7;8;9;10;11;12;13;14;15;16;17;18;19;20;21;22;23;24;25;26;27;28;29;30;31;32;33;34;35;36;37;38;39;40;41;42;43;44;45;46;47;48;49;50;51;52;53;54;55;56;57;58;59;60;61
True,160,85,0.5807723390547601,0.0,14.5,185.0,406.0,131.0,74.0,88.06910625390324,37,23,1,0,0.38333333333333336,0.4,323.0,0.2142440405129983,0.272659771683911,0.04489164086687306,0.1259805439348315,29,0,131,74,31,205,8,10,2,0.794910294566222,0.24332019624229825,3,60,195,64,2,131,0.794910294566222,nenhuma,88.06910625390326,0.0,96,0,terminal,0.8983333333333333,10,64,adaptativa,j6010_1.sm,3,GOV,0,1.8823529411764706,0.48333333333333334,29,0.0,0.0,0.6736381837182354,60,24,60,60,2;3;4;5;6;7;8;9;10;11;12;13;14;15;16;17;18;19;20;21;22;23;24;25;26;27;28;29;30;31;32;33;34;35;36;37;38;39;40;41;42;43;44;45;46;47;48;49;50;51;52;53;54;55;56;57;58;59;60;61,2;3;4;5;6;7;8;9;10;11;12;13;14;15;16;17;18;19;20;21;22;23;24;25;26;27;28;29;30;31;32;33;34;35;36;37;38;39;40;41;42;43;44;45;46;47;48;49;50;51;52;53;54;55;56;57;58;59;60;61
True,226,76,0.693874197155184,3.552713678800501e-15,26.85898654242533,245.0,422.0,80.0,34.0,72.1794102304979,44,16,2,0,0.26666666666666666,0.3,332.0,0.17858260070530307,0.2174078621400539,0.0809005618747751,0.11868111451379479,26,0,80,34,34,114,17,3,3,0.6268507180531939,0.4857196752206667,18,60,94,14,3,80,0.6268507180531939,nenhuma,72.1794102304979,0.0,81,0,terminal,0.96,10,64,adaptativa,j6021_1.sm,0,GOV,0,2.973684210526316,0.43333333333333335,26,0.0,0.0,0.7755764202861983,60,18,60,60,2;3;4;5;6;7;8;9;10;11;12;13;14;15;16;17;18;19;20;21;22;23;24;25;26;27;28;29;30;31;32;33;34;35;36;37;38;39;40;41;42;43;44;45;46;47;48;49;50;51;52;53;54;55;56;57;58;59;60;61,2;3;4;5;6;7;8;9;10;11;12;13;14;15;16;17;18;19;20;21;22;23;24;25;26;27;28;29;30;31;32;33;34;35;36;37;38;39;40;41;42;43;44;45;46;47;48;49;50;51;52;53;54;55;56;57;58;59;60;61
True,230,76,0.7773373442970832,4.440892098500626e-16,15.5,241.0,423.0,32.0,21.0,68.16528821537949,42,18,2,0,0.3,0.3333333333333333,332.0,0.1703428313819442,0.2053171331788539,0.046686746987951805,0.12526577804867223,29,0,32,21,31,53,1,0,5,0.6586427040007742,0.39362113220747674,17,60,47,15,5,32,0.6586427040007742,nenhuma,68.16528821537948,0.0,77,0,terminal,0.9302009705356126,10,64,adaptativa,j6021_1.sm,1,GOV,0,3.026315789473684,0.48333333333333334,29,0.0,0.0,0.7917310229592182,60,20,60,60,2;3;4;5;6;7;8;9;10;11;12;13;14;15;16;17;18;19;20;21;22;23;24;25;26;27;28;29;30;31;32;33;34;35;36;37;38;39;40;41;42;43;44;45;46;47;48;49;50;51;52;53;54;55;56;57;58;59;60;61,2;3;4;5;6;7;8;9;10;11;12;13;14;15;16;17;18;19;20;21;22;23;24;25;26;27;28;29;30;31;32;33;34;35;36;37;38;39;40;41;42;43;44;45;46;47;48;49;50;51;52;53;54;55;56;57;58;59;60;61
True,216,76,0.8031784957404108,4.440892098500626e-16,15.785413478534231,266.0,401.0,26.0,15.0,57.26635502154196,48,12,2,0,0.2,0.23333333333333334,332.0,0.14711354907200455,0.17248902114922277,0.04754642614016335,0.1147010096826394,23,0,26,15,37,41,2,0,0,0.7659648859265082,0.2570239140832174,6,60,39,13,0,26,0.7659648859265082,nenhuma,57.26635502154196,0.0,63,0,terminal,0.9516666666666667,10,64,adaptativa,j6021_1.sm,2,GOV,0,2.8421052631578947,0.38333333333333336,23,0.0,0.0,0.8208531221449028,60,14,60,60,2;3;4;5;6;7;8;9;10;11;12;13;14;15;16;17;18;19;20;21;22;23;24;25;26;27;28;29;30;31;32;33;34;35;36;37;38;39;40;41;42;43;44;45;46;47;48;49;50;51;52;53;54;55;56;57;58;59;60;61,2;3;4;5;6;7;8;9;10;11;12;13;14;15;16;17;18;19;20;21;22;23;24;25;26;27;28;29;30;31;32;33;34;35;36;37;38;39;40;41;42;43;44;45;46;47;48;49;50;51;52;53;54;55;56;57;58;59;60;61
True,222,76,0.7347091727906295,2.220446049250313e-16,17.91463749719977,200.0,436.0,25.0,21.0,111.4320900662651,38,22,2,0,0.36666666666666664,0.4,332.0,0.25129460082515237,0.3356388255007985,0.05395975149758967,0.18777563925439578,33,0,25,21,27,46,0,0,2,0.794910294566222,0.24332019624229825,2,60,44,19,2,25,0.794910294566222,nenhuma,111.43209006626509,0.0,121,0,terminal,0.9033333333333333,10,64,adaptativa,j6021_1.sm,3,GOV,0,2.9210526315789473,0.55,33,0.0,0.0,0.7060918450458465,60,24,60,60,2;3;4;5;6;7;8;9;10;11;12;13;14;15;16;17;18;19;20;21;22;23;24;25;26;27;28;29;30;31;32;33;34;35;36;37;38;39;40;41;42;43;44;45;46;47;48;49;50;51;52;53;54;55;56;57;58;59;60;61,2;3;4;5;6;7;8;9;10;11;12;13;14;15;16;17;18;19;20;21;22;23;24;25;26;27;28;29;30;31;32;33;34;35;36;37;38;39;40;41;42;43;44;45;46;47;48;49;50;51;52;53;54;55;56;57;58;59;60;61
True,149,69,0.7060744458839296,1.7763568394002505e-15,24.26775163909643,256.0,431.0,74.0,53.0,52.41721947667172,45,15,1,0,0.25,0.26666666666666666,337.0,0.13460426723582983,0.15554071061326918,0.07201113246022679,0.08587113502730233,21,0,74,53,39,127,9,16,3,0.6268507180531939,0.4857196752206667,14,60,115,41,3,74,0.6268507180531939,nenhuma,52.41721947667172,0.0,58,0,terminal,0.9633333333333334,10,64,adaptativa,j6032_1.sm,0,GOV,0,2.1594202898550723,0.35,21,0.0,0.0,0.7292860442451896,60,16,60,60,2;3;4;5;6;7;8;9;10;11;12;13;14;15;16;17;18;19;20;21;22;23;24;25;26;27;28;29;30;31;32;33;34;35;36;37;38;39;40;41;42;43;44;45;46;47;48;49;50;51;52;53;54;55;56;57;58;59;60;61,2;3;4;5;6;7;8;9;10;11;12;13;14;15;16;17;18;19;20;21;22;23;24;25;26;27;28;29;30;31;32;33;34;35;36;37;38;39;40;41;42;43;44;45;46;47;48;49;50;51;52;53;54;55;56;57;58;59;60;61
True,154,69,0.6759780424931282,0.0,18.98656751075427,220.0,435.0,70.0,62.0,76.51202650849729,42,18,2,0,0.3,0.3333333333333333,337.0,0.1850297490850004,0.22703865432788511,0.05633996293992365,0.11889758599171571,28,0,70,62,32,132,10,25,1,0.6586427040007742,0.39362113220747674,13,60,121,51,1,70,0.6586427040007742,nenhuma,76.51202650849729,0.0,82,0,terminal,0.9433333333333332,10,64,adaptativa,j6032_1.sm,1,GOV,0,2.2318840579710146,0.4666666666666667,28,0.0,0.0,0.6492179696266571,60,20,60,60,2;3;4;5;6;7;8;9;10;11;12;13;14;15;16;17;18;19;20;21;22;23;24;25;26;27;28;29;30;31;32;33;34;35;36;37;38;39;40;41;42;43;44;45;46;47;48;49;50;51;52;53;54;55;56;57;58;59;60;61,2;3;4;5;6;7;8;9;10;11;12;13;14;15;16;17;18;19;20;21;22;23;24;25;26;27;28;29;30;31;32;33;34;35;36;37;38;39;40;41;42;43;44;45;46;47;48;49;50;51;52;53;54;55;56;57;58;59;60;61
True,125,69,0.7284754916773016,8.881784197001252e-16,14.658199257604679,255.0,482.0,49.0,65.0,65.6557530167607,48,12,4,0,0.2,0.26666666666666666,337.0,0.16305678616251573,0.1948241929280733,0.04349614023028094,0.09922947502142786,25,0,49,65,35,114,0,30,1,0.7659648859265082,0.2570239140832174,2,60,113,64,1,49,0.7659648859265082,nenhuma,65.6557530167607,0.0,71,0,terminal,0.7933333333333333,10,64,adaptativa,j6032_1.sm,2,GOV,0,1.8115942028985508,0.4166666666666667,25,0.0,0.0,0.6070888658087285,60,16,60,60,2;3;4;5;6;7;8;9;10;11;12;13;14;15;16;17;18;19;20;21;22;23;24;25;26;27;28;29;30;31;32;33;34;35;36;37;38;39;40;41;42;43;44;45;46;47;48;49;50;51;52;53;54;55;56;57;58;59;60;61,2;3;4;5;6;7;8;9;10;11;12;13;14;15;16;17;18;19;20;21;22;23;24;25;26;27;28;29;30;31;32;33;34;35;36;37;38;39;40;41;42;43;44;45;46;47;48;49;50;51;52;53;54;55;56;57;58;59;60;61
True,167,69,0.6180471401896429,1.7763568394002505e-15,30.968084283306332,193.0,472.0,103.0,78.0,110.69579164328877,39,21,3,0,0.35,0.4,337.0,0.24725671697063442,0.32847415917889844,0.09189342517301582,0.14494749461051523,35,0,103,78,25,181,0,27,8,0.794910294566222,0.24332019624229825,0,60,173,70,8,103,0.794910294566222,nenhuma,110.69579164328877,0.0,121,0,terminal,0.8366666666666666,10,64,adaptativa,j6032_1.sm,3,GOV,0,2.420289855072464,0.5833333333333334,35,0.0,0.0,0.5462103755560597,60,24,60,60,2;3;4;5;6;7;8;9;10;11;12;13;14;15;16;17;18;19;20;21;22;23;24;25;26;27;28;29;30;31;32;33;34;35;36;37;38;39;40;41;42;43;44;45;46;47;48;49;50;51;52;53;54;55;56;57;58;59;60;61,2;3;4;5;6;7;8;9;10;11;12;13;14;15;16;17;18;19;20;21;22;23;24;25;26;27;28;29;30;31;32;33;34;35;36;37;38;39;40;41;42;43;44;45;46;47;48;49;50;51;52;53;54;55;56;57;58;59;60;61
True,159,108,0.4658855961405927,0.0,7.0,293.0,338.0,249.0,108.0,30.5,54,6,3,0,0.1,0.15,334.0,0.08367626886145405,0.09131736526946108,0.020958083832335328,0.04203997243280496,19,0,249,108,41,357,44,0,9,0.6268507180531939,0.4857196752206667,21,60,304,55,9,249,0.6268507180531939,nenhuma,30.5,0.0,32,0,terminal,1.0,10,64,adaptativa,j6043_1.sm,0,GOV,0,1.4722222222222223,0.31666666666666665,19,0.0,0.0,0.9499255069206808,60,9,60,60,2;3;4;5;6;7;8;9;10;11;12;13;14;15;16;17;18;19;20;21;22;23;24;25;26;27;28;29;30;31;32;33;34;35;36;37;38;39;40;41;42;43;44;45;46;47;48;49;50;51;52;53;54;55;56;57;58;59;60;61,2;3;4;5;6;7;8;9;10;11;12;13;14;15;16;17;18;19;20;21;22;23;24;25;26;27;28;29;30;31;32;33;34;35;36;37;38;39;40;41;42;43;44;45;46;47;48;49;50;51;52;53;54;55;56;57;58;59;60;61
True,177,108,0.6161613132727078,0.0,14.049213501450453,231.0,382.0,114.0,57.0,66.967517874544,43,17,2,0,0.2833333333333333,0.31666666666666665,334.0,0.1670148201268937,0.20050155052258684,0.042063513477396564,0.10801778471254599,19,0,114,57,41,171,24,0,5,0.6586427040007742,0.39362113220747674,20,60,142,28,5,114,0.6586427040007742,nenhuma,66.967517874544,0.0,73,0,terminal,0.9666666666666667,10,64,adaptativa,j6043_1.sm,1,GOV,0,1.6388888888888888,0.31666666666666665,19,0.0,0.0,0.8511608922608679,60,19,60,60,2;3;4;5;6;7;8;9;10;11;12;13;14;15;16;17;18;19;20;21;22;23;24;25;26;27;28;29;30;31;32;33;34;35;36;37;38;39;40;41;42;43;44;45;46;47;48;49;50;51;52;53;54;55;56;57;58;59;60;61,2;3;4;5;6;7;8;9;10;11;12;13;14;15;16;17;18;19;20;21;22;23;24;25;26;27;28;29;30;31;32;33;34;35;36;37;38;39;40;41;42;43;44;45;46;47;48;49;50;51;52;53;54;55;56;57;58;59;60;61
True,165,108,0.7034178747814797,0.0,10.996476086928553,279.0,381.0,79.0,45.0,36.641055280774026,50,10,1,0,0.16666666666666666,0.18333333333333332,334.0,0.09885859852470229,0.10970375832567074,0.03292358109858848,0.06764822371483668,18,0,79,45,42,124,0,1,6,0.7659648859265082,0.2570239140832174,6,60,118,39,6,79,0.7659648859265082,nenhuma,36.641055280774026,0.0,41,0,terminal,0.8833333333333333,10,64,adaptativa,j6043_1.sm,2,GOV,0,1.5277777777777777,0.3,18,0.0,0.0,0.8309545575949229,60,11,60,60,2;3;4;5;6;7;8;9;10;11;12;13;14;15;16;17;18;19;20;21;22;23;24;25;26;27;28;29;30;31;32;33;34;35;36;37;38;39;40;41;42;43;44;45;46;47;48;49;50;51;52;53;54;55;56;57;58;59;60;61,2;3;4;5;6;7;8;9;10;11;12;13;14;15;16;17;18;19;20;21;22;23;24;25;26;27;28;29;30;31;32;33;34;35;36;37;38;39;40;41;42;43;44;45;46;47;48;49;50;51;52;53;54;55;56;57;58;59;60;61
True,178,108,0.5381172299825924,0.0,11.090971317549032,255.0,404.0,187.0,97.0,62.76577647043393,48,12,2,0,0.2,0.23333333333333334,334.0,0.15819352422174215,0.18792148643842493,0.03320650095074561,0.08360234101974374,23,0,187,97,37,284,6,12,5,0.794910294566222,0.24332019624229825,4,60,273,86,5,187,0.794910294566222,nenhuma,62.76577647043393,0.0,69,0,terminal,0.8833333333333333,10,64,adaptativa,j6043_1.sm,3,GOV,0,1.6481481481481481,0.38333333333333336,23,0.0,0.0,0.770498577102069,60,14,60,60,2;3;4;5;6;7;8;9;10;11;12;13;14;15;16;17;18;19;20;21;22;23;24;25;26;27;28;29;30;31;32;33;34;35;36;37;38;39;40;41;42;43;44;45;46;47;48;49;50;51;52;53;54;55;56;57;58;59;60;61,2;3;4;5;6;7;8;9;10;11;12;13;14;15;16;17;18;19;20;21;22;23;24;25;26;27;28;29;30;31;32;33;34;35;36;37;38;39;40;41;42;43;44;45;46;47;48;49;50;51;52;53;54;55;56;57;58;59;60;61
True,146,85,0.6609864468500821,0.0,15.879057984924305,259.0,413.0,103.0,51.0,57.82370397780967,51,9,3,0,0.15,0.2,323.0,0.1518385105071585,0.17902075534925596,0.04916117023196379,0.09254403059564982,20,0,103,51,40,154,9,5,1,0.6268507180531939,0.4857196752206667,16,60,144,41,1,103,0.6268507180531939,nenhuma,57.823703977809664,0.0,62,0,terminal,0.96,10,65,centralizada,j6010_1.sm,0,GOV,0,1.7176470588235293,0.3333333333333333,20,0.0,0.0,0.7364003732620438,60,12,60,60,2;3;4;5;6;7;8;9;10;11;12;13;14;15;16;17;18;19;20;21;22;23;24;25;26;27;28;29;30;31;32;33;34;35;36;37;38;39;40;41;42;43;44;45;46;47;48;49;50;51;52;53;54;55;56;57;58;59;60;61,2;3;4;5;6;7;8;9;10;11;12;13;14;15;16;17;18;19;20;21;22;23;24;25;26;27;28;29;30;31;32;33;34;35;36;37;38;39;40;41;42;43;44;45;46;47;48;49;50;51;52;53;54;55;56;57;58;59;60;61
True,114,85,0.7103292046952523,0.0,4.0,296.0,369.0,75.0,49.0,26.47744448760143,54,6,3,0,0.1,0.15,323.0,0.07576295668071586,0.08197351234551527,0.01238390092879257,0.050969382344825516,14,0,75,49,46,124,15,11,3,0.6586427040007742,0.39362113220747674,14,60,106,31,3,75,0.6586427040007742,nenhuma,26.47744448760143,0.0,28,0,terminal,0.9841619455790166,10,65,centralizada,j6010_1.sm,1,GOV,0,1.3411764705882352,0.23333333333333334,14,0.0,0.0,0.8463165236623426,60,9,60,60,2;3;4;5;6;7;8;9;10;11;12;13;14;15;16;17;18;19;20;21;22;23;24;25;26;27;28;29;30;31;32;33;34;35;36;37;38;39;40;41;42;43;44;45;46;47;48;49;50;51;52;53;54;55;56;57;58;59;60;61,2;3;4;5;6;7;8;9;10;11;12;13;14;15;16;17;18;19;20;21;22;23;24;25;26;27;28;29;30;31;32;33;34;35;36;37;38;39;40;41;42;43;44;45;46;47;48;49;50;51;52;53;54;55;56;57;58;59;60;61
True,149,85,0.6741185230528232,1.7763568394002505e-15,15.203924031285343,197.0,420.0,64.0,49.0,90.03583959981059,38,22,1,0,0.36666666666666664,0.38333333333333336,323.0,0.2179855377369821,0.2787487294111783,0.04707097223308156,0.14451149336391717,32,0,64,49,28,113,8,9,1,0.7659648859265082,0.2570239140832174,4,60,104,40,1,64,0.7659648859265082,nenhuma,90.03583959981059,0.0,100,0,terminal,0.9,10,65,centralizada,j6010_1.sm,2,GOV,0,1.7529411764705882,0.5333333333333333,32,0.0,0.0,0.6124320563222001,60,23,60,60,2;3;4;5;6;7;8;9;10;11;12;13;14;15;16;17;18;19;20;21;22;23;24;25;26;27;28;29;30;31;32;33;34;35;36;37;38;39;40;41;42;43;44;45;46;47;48;49;50;51;52;53;54;55;56;57;58;59;60;61,2;3;4;5;6;7;8;9;10;11;12;13;14;15;16;17;18;19;20;21;22;23;24;25;26;27;28;29;30;31;32;33;34;35;36;37;38;39;40;41;42;43;44;45;46;47;48;49;50;51;52;53;54;55;56;57;58;59;60;61
True,147,85,0.5944362291984667,0.0,14.124106645061529,223.0,393.0,127.0,65.0,76.13063217885991,43,17,4,0,0.2833333333333333,0.35,323.0,0.1907411409724723,0.2356985516373372,0.043727884350035696,0.11515217791067922,34,0,127,65,26,192,8,7,2,0.794910294566222,0.24332019624229825,3,60,182,55,2,127,0.794910294566222,nenhuma,76.13063217885991,0.0,85,0,terminal,0.915,10,65,centralizada,j6010_1.sm,3,GOV,0,1.7294117647058824,0.5666666666666667,34,0.0,0.0,0.6689316442813178,60,21,60,60,2;3;4;5;6;7;8;9;10;11;12;13;14;15;16;17;18;19;20;21;22;23;24;25;26;27;28;29;30;31;32;33;34;35;36;37;38;39;40;41;42;43;44;45;46;47;48;49;50;51;52;53;54;55;56;57;58;59;60;61,2;3;4;5;6;7;8;9;10;11;12;13;14;15;16;17;18;19;20;21;22;23;24;25;26;27;28;29;30;31;32;33;34;35;36;37;38;39;40;41;42;43;44;45;46;47;48;49;50;51;52;53;54;55;56;57;58;59;60;61
True,224,76,0.696236095816768,0.0,18.23765725899323,249.0,419.0,78.0,28.0,76.8073502903681,45,15,1,0,0.25,0.26666666666666666,332.0,0.18788152961489882,0.23134744063363888,0.05493270258732901,0.12762780357087541,28,0,78,28,32,106,15,0,3,0.6268507180531939,0.4857196752206667,18,60,88,10,3,78,0.6268507180531939,nenhuma,76.8073502903681,0.0,84,0,terminal,0.965,10,65,centralizada,j6021_1.sm,0,GOV,0,2.9473684210526314,0.4666666666666667,28,0.0,0.0,0.7773042198298,60,16,60,60,2;3;4;5;6;7;8;9;10;11;12;13;14;15;16;17;18;19;20;21;22;23;24;25;26;27;28;29;30;31;32;33;34;35;36;37;38;39;40;41;42;43;44;45;46;47;48;49;50;51;52;53;54;55;56;57;58;59;60;61,2;3;4;5;6;7;8;9;10;11;12;13;14;15;16;17;18;19;20;21;22;23;24;25;26;27;28;29;30;31;32;33;34;35;36;37;38;39;40;41;42;43;44;45;46;47;48;49;50;51;52;53;54;55;56;57;58;59;60;61
True,183,76,0.7445555175689925,0.0,9.0,287.0,396.0,61.0,30.0,44.860943416224956,51,9,4,0,0.15,0.21666666666666667,332.0,0.11903845224597388,0.13512332354284626,0.02710843373493976,0.08434712864621378,23,0,61,30,37,91,8,0,1,0.6586427040007742,0.39362113220747674,17,60,82,21,1,61,0.6586427040007742,nenhuma,44.860943416224956,0.0,50,0,terminal,0.9633333333333333,10,65,centralizada,j6021_1.sm,1,GOV,0,2.4078947368421053,0.38333333333333336,23,0.0,0.0,0.8266238889238893,60,13,60,60,2;3;4;5;6;7;8;9;10;11;12;13;14;15;16;17;18;19;20;21;22;23;24;25;26;27;28;29;30;31;32;33;34;35;36;37;38;39;40;41;42;43;44;45;46;47;48;49;50;51;52;53;54;55;56;57;58;59;60;61,2;3;4;5;6;7;8;9;10;11;12;13;14;15;16;17;18;19;20;21;22;23;24;25;26;27;28;29;30;31;32;33;34;35;36;37;38;39;40;41;42;43;44;45;46;47;48;49;50;51;52;53;54;55;56;57;58;59;60;61
True,205,76,0.7881349450080392,2.220446049250313e-16,13.06399607403751,274.0,405.0,23.0,17.0,68.8713903820987,49,11,4,0,0.18333333333333332,0.25,332.0,0.1718042046264577,0.2074439469340322,0.039349385765173224,0.13402456659610507,25,0,23,17,35,40,2,0,0,0.7659648859265082,0.2570239140832174,6,60,38,15,0,23,0.7659648859265082,nenhuma,68.8713903820987,0.0,74,0,terminal,0.9499999999999998,10,65,centralizada,j6021_1.sm,2,GOV,0,2.6973684210526314,0.4166666666666667,25,0.0,0.0,0.8105745154116512,60,15,60,60,2;3;4;5;6;7;8;9;10;11;12;13;14;15;16;17;18;19;20;21;22;23;24;25;26;27;28;29;30;31;32;33;34;35;36;37;38;39;40;41;42;43;44;45;46;47;48;49;50;51;52;53;54;55;56;57;58;59;60;61,2;3;4;5;6;7;8;9;10;11;12;13;14;15;16;17;18;19;20;21;22;23;24;25;26;27;28;29;30;31;32;33;34;35;36;37;38;39;40;41;42;43;44;45;46;47;48;49;50;51;52;53;54;55;56;57;58;59;60;61
True,210,76,0.7089820704874265,1.7763568394002505e-15,24.23144911310339,220.0,432.0,64.0,33.0,80.32429462285161,43,17,1,0,0.2833333333333333,0.3,332.0,0.1948085418937619,0.24194064645437233,0.07298629250934756,0.13182519609294302,30,0,64,33,30,97,0,0,5,0.794910294566222,0.24332019624229825,2,60,92,28,5,64,0.794910294566222,nenhuma,80.3242946228516,0.0,86,0,terminal,0.8966666666666666,10,65,centralizada,j6021_1.sm,3,GOV,0,2.763157894736842,0.5,30,0.0,0.0,0.7211801308078051,60,18,60,60,2;3;4;5;6;7;8;9;10;11;12;13;14;15;16;17;18;19;20;21;22;23;24;25;26;27;28;29;30;31;32;33;34;35;36;37;38;39;40;41;42;43;44;45;46;47;48;49;50;51;52;53;54;55;56;57;58;59;60;61,2;3;4;5;6;7;8;9;10;11;12;13;14;15;16;17;18;19;20;21;22;23;24;25;26;27;28;29;30;31;32;33;34;35;36;37;38;39;40;41;42;43;44;45;46;47;48;49;50;51;52;53;54;55;56;57;58;59;60;61
True,134,69,0.6695600655351228,0.0,10.319671791414958,285.0,428.0,108.0,67.0,36.22569763466372,49,11,2,0,0.18333333333333332,0.21666666666666667,337.0,0.09706110234168189,0.10749465173490717,0.030622171487878214,0.056671216080189206,16,0,108,67,44,175,10,17,3,0.6268507180531939,0.4857196752206667,14,60,162,54,3,108,0.6268507180531939,nenhuma,36.22569763466372,0.0,39,0,terminal,0.9516666666666667,10,65,centralizada,j6032_1.sm,0,GOV,0,1.9420289855072463,0.26666666666666666,16,0.0,0.0,0.8061520145833315,60,13,60,60,2;3;4;5;6;7;8;9;10;11;12;13;14;15;16;17;18;19;20;21;22;23;24;25;26;27;28;29;30;31;32;33;34;35;36;37;38;39;40;41;42;43;44;45;46;47;48;49;50;51;52;53;54;55;56;57;58;59;60;61,2;3;4;5;6;7;8;9;10;11;12;13;14;15;16;17;18;19;20;21;22;23;24;25;26;27;28;29;30;31;32;33;34;35;36;37;38;39;40;41;42;43;44;45;46;47;48;49;50;51;52;53;54;55;56;57;58;59;60;61
True,144,69,0.6642395637573558,0.0,10.0,239.0,424.0,78.0,69.0,67.32391675315137,46,14,3,0,0.23333333333333334,0.2833333333333333,337.0,0.16650985500383866,0.19977423368887645,0.02967359050445104,0.10546983277016464,20,0,78,69,40,147,10,25,1,0.6586427040007742,0.39362113220747674,13,60,136,58,1,78,0.6586427040007742,nenhuma,67.32391675315137,0.0,72,0,terminal,0.9316666666666666,10,65,centralizada,j6032_1.sm,1,GOV,0,2.0869565217391304,0.3333333333333333,20,0.0,0.0,0.7201565987807518,60,17,60,60,2;3;4;5;6;7;8;9;10;11;12;13;14;15;16;17;18;19;20;21;22;23;24;25;26;27;28;29;30;31;32;33;34;35;36;37;38;39;40;41;42;43;44;45;46;47;48;49;50;51;52;53;54;55;56;57;58;59;60;61,2;3;4;5;6;7;8;9;10;11;12;13;14;15;16;17;18;19;20;21;22;23;24;25;26;27;28;29;30;31;32;33;34;35;36;37;38;39;40;41;42;43;44;45;46;47;48;49;50;51;52;53;54;55;56;57;58;59;60;61
True,139,69,0.6834249478211506,0.0,11.39842462717758,221.0,449.0,66.0,74.0,67.98508875257131,43,17,0,0,0.2833333333333333,0.2833333333333333,337.0,0.16787059731502194,0.20173616840525613,0.03382321847827175,0.10348041366000521,29,0,66,74,31,140,0,24,2,0.7659648859265082,0.2570239140832174,2,60,138,72,2,66,0.7659648859265082,nenhuma,67.9850887525713,0.0,75,0,terminal,0.8142639278625058,10,65,centralizada,j6032_1.sm,2,GOV,0,2.0144927536231885,0.48333333333333334,29,0.0,0.0,0.6195626707307043,60,17,60,60,2;3;4;5;6;7;8;9;10;11;12;13;14;15;16;17;18;19;20;21;22;23;24;25;26;27;28;29;30;31;32;33;34;35;36;37;38;39;40;41;42;43;44;45;46;47;48;49;50;51;52;53;54;55;56;57;58;59;60;61,2;3;4;5;6;7;8;9;10;11;12;13;14;15;16;17;18;19;20;21;22;23;24;25;26;27;28;29;30;31;32;33;34;35;36;37;38;39;40;41;42;43;44;45;46;47;48;49;50;51;52;53;54;55;56;57;58;59;60;61
True,142,69,0.6528452620420109,1.7763568394002505e-15,19.03765186501408,221.0,479.0,102.0,59.0,93.71138285013116,41,19,2,0,0.31666666666666665,0.35,337.0,0.21757349952076527,0.2780753200300628,0.05649154856087264,0.1277224056223655,34,0,102,59,26,161,0,15,3,0.794910294566222,0.24332019624229825,0,60,158,56,3,102,0.794910294566222,nenhuma,93.71138285013117,0.0,102,0,terminal,0.8566666666666666,10,65,centralizada,j6032_1.sm,3,GOV,0,2.0579710144927534,0.5666666666666667,34,0.0,0.0,0.4958071916797483,60,21,60,60,2;3;4;5;6;7;8;9;10;11;12;13;14;15;16;17;18;19;20;21;22;23;24;25;26;27;28;29;30;31;32;33;34;35;36;37;38;39;40;41;42;43;44;45;46;47;48;49;50;51;52;53;54;55;56;57;58;59;60;61,2;3;4;5;6;7;8;9;10;11;12;13;14;15;16;17;18;19;20;21;22;23;24;25;26;27;28;29;30;31;32;33;34;35;36;37;38;39;40;41;42;43;44;45;46;47;48;49;50;51;52;53;54;55;56;57;58;59;60;61
True,173,108,0.49130194811807093,0.0,9.463676458711001,282.0,352.0,238.0,92.0,34.463676458711,51,9,1,0,0.15,0.16666666666666666,334.0,0.09353344348604441,0.10318466005602096,0.028334360654823358,0.04810247552123754,20,0,238,92,40,330,41,0,6,0.6268507180531939,0.4857196752206667,21,60,283,45,6,238,0.6268507180531939,nenhuma,34.463676458711,0.0,37,0,terminal,1.0,10,65,centralizada,j6043_1.sm,0,GOV,0,1.6018518518518519,0.3333333333333333,20,0.0,0.0,0.9309731345401631,60,10,60,60,2;3;4;5;6;7;8;9;10;11;12;13;14;15;16;17;18;19;20;21;22;23;24;25;26;27;28;29;30;31;32;33;34;35;36;37;38;39;40;41;42;43;44;45;46;47;48;49;50;51;52;53;54;55;56;57;58;59;60;61,2;3;4;5;6;7;8;9;10;11;12;13;14;15;16;17;18;19;20;21;22;23;24;25;26;27;28;29;30;31;32;33;34;35;36;37;38;39;40;41;42;43;44;45;46;47;48;49;50;51;52;53;54;55;56;57;58;59;60;61
True,154,108,0.4988897113249445,0.0,11.0,221.0,337.0,192.0,80.0,66.5,41,19,3,0,0.31666666666666665,0.36666666666666664,334.0,0.16604244694132334,0.19910179640718562,0.03293413173652695,0.09844559585492228,19,0,192,80,41,272,31,0,10,0.6586427040007742,0.39362113220747674,20,60,231,39,10,192,0.6586427040007742,nenhuma,66.5,0.0,73,0,terminal,0.9633333333333333,10,65,centralizada,j6043_1.sm,1,GOV,0,1.4259259259259258,0.31666666666666665,19,0.0,0.0,0.9430729242736803,60,22,60,60,2;3;4;5;6;7;8;9;10;11;12;13;14;15;16;17;18;19;20;21;22;23;24;25;26;27;28;29;30;31;32;33;34;35;36;37;38;39;40;41;42;43;44;45;46;47;48;49;50;51;52;53;54;55;56;57;58;59;60;61,2;3;4;5;6;7;8;9;10;11;12;13;14;15;16;17;18;19;20;21;22;23;24;25;26;27;28;29;30;31;32;33;34;35;36;37;38;39;40;41;42;43;44;45;46;47;48;49;50;51;52;53;54;55;56;57;58;59;60;61
True,165,108,0.6810356678614922,8.881784197001252e-16,13.665571912206612,247.0,394.0,87.0,42.0,55.53063883892059,45,15,1,0,0.25,0.26666666666666666,334.0,0.14255782036668935,0.16625939772131912,0.04091488596469046,0.09598564900619187,22,0,87,42,38,129,0,1,3,0.7659648859265082,0.2570239140832174,6,60,126,39,3,87,0.7659648859265082,nenhuma,55.53063883892059,0.0,62,0,terminal,0.8783333333333333,10,65,centralizada,j6043_1.sm,2,GOV,0,1.5277777777777777,0.36666666666666664,22,0.0,0.0,0.7758446402754882,60,16,60,60,2;3;4;5;6;7;8;9;10;11;12;13;14;15;16;17;18;19;20;21;22;23;24;25;26;27;28;29;30;31;32;33;34;35;36;37;38;39;40;41;42;43;44;45;46;47;48;49;50;51;52;53;54;55;56;57;58;59;60;61,2;3;4;5;6;7;8;9;10;11;12;13;14;15;16;17;18;19;20;21;22;23;24;25;26;27;28;29;30;31;32;33;34;35;36;37;38;39;40;41;42;43;44;45;46;47;48;49;50;51;52;53;54;55;56;57;58;59;60;61
True,158,108,0.5718523709570544,8.881784197001252e-16,11.179738177082955,263.0,407.0,170.0,84.0,50.722151853358866,48,12,1,0,0.2,0.21666666666666667,334.0,0.13184099644122438,0.15186273009987686,0.03347226999126633,0.07126678819996811,24,0,170,84,36,254,5,11,4,0.794910294566222,0.24332019624229825,4,60,245,75,4,170,0.794910294566222,nenhuma,50.722151853358866,0.0,57,0,terminal,0.8999999999999999,10,65,centralizada,j6043_1.sm,3,GOV,0,1.462962962962963,0.4,24,0.0,0.0,0.6959281403789968,60,13,60,60,2;3;4;5;6;7;8;9;10;11;12;13;14;15;16;17;18;19;20;21;22;23;24;25;26;27;28;29;30;31;32;33;34;35;36;37;38;39;40;41;42;43;44;45;46;47;48;49;50;51;52;53;54;55;56;57;58;59;60;61,2;3;4;5;6;7;8;9;10;11;12;13;14;15;16;17;18;19;20;21;22;23;24;25;26;27;28;29;30;31;32;33;34;35;36;37;38;39;40;41;42;43;44;45;46;47;48;49;50;51;52;53;54;55;56;57;58;59;60;61
True,209,85,0.7116197758849409,8.881784197001252e-16,13.837397283519717,291.0,396.0,79.0,39.0,42.47694656539141,54,6,4,0,0.1,0.16666666666666666,323.0,0.11622332670931243,0.13150757450585576,0.0428402392678629,0.07633190705843546,22,0,79,39,38,118,5,5,1,0.6268507180531939,0.4857196752206667,16,60,112,33,1,79,0.6268507180531939,nenhuma,42.476946565391415,0.0,47,0,terminal,0.9716666666666667,10,66,centralizada,j6010_1.sm,0,GOV,0,2.458823529411765,0.36666666666666664,22,0.0,0.0,0.8258047850996909,60,10,60,60,2;3;4;5;6;7;8;9;10;11;12;13;14;15;16;17;18;19;20;21;22;23;24;25;26;27;28;29;30;31;32;33;34;35;36;37;38;39;40;41;42;43;44;45;46;47;48;49;50;51;52;53;54;55;56;57;58;59;60;61,2;3;4;5;6;7;8;9;10;11;12;13;14;15;16;17;18;19;20;21;22;23;24;25;26;27;28;29;30;31;32;33;34;35;36;37;38;39;40;41;42;43;44;45;46;47;48;49;50;51;52;53;54;55;56;57;58;59;60;61
True,338,85,0.7078948141841743,0.0,15.701585416177194,278.0,374.0,70.0,39.0,45.32707982332488,51,9,5,0,0.15,0.23333333333333334,323.0,0.123062034551103,0.140331516480882,0.04861171955472816,0.08579359558567862,15,0,70,39,45,109,10,1,4,0.6586427040007742,0.39362113220747674,14,60,95,25,4,70,0.6586427040007742,nenhuma,45.32707982332487,0.0,49,0,terminal,0.9583333333333334,10,66,centralizada,j6010_1.sm,1,GOV,0,3.976470588235294,0.25,15,0.0,0.0,0.9415239386833837,60,14,60,60,2;3;4;5;6;7;8;9;10;11;12;13;14;15;16;17;18;19;20;21;22;23;24;25;26;27;28;29;30;31;32;33;34;35;36;37;38;39;40;41;42;43;44;45;46;47;48;49;50;51;52;53;54;55;56;57;58;59;60;61,2;3;4;5;6;7;8;9;10;11;12;13;14;15;16;17;18;19;20;21;22;23;24;25;26;27;28;29;30;31;32;33;34;35;36;37;38;39;40;41;42;43;44;45;46;47;48;49;50;51;52;53;54;55;56;57;58;59;60;61
True,242,85,0.6489562355276968,4.440892098500626e-16,11.5,266.0,404.0,91.0,50.0,77.53812797019923,50,10,9,0,0.16666666666666666,0.31666666666666665,323.0,0.1935848863206556,0.24005612374674684,0.03560371517027864,0.1245516129638745,29,0,91,50,31,141,8,6,2,0.7659648859265082,0.2570239140832174,4,60,131,40,2,91,0.7659648859265082,nenhuma,77.53812797019923,0.0,84,0,terminal,0.9,10,66,centralizada,j6010_1.sm,2,GOV,0,2.847058823529412,0.48333333333333334,29,0.0,0.0,0.8051416813839961,60,19,60,60,2;3;4;5;6;7;8;9;10;11;12;13;14;15;16;17;18;19;20;21;22;23;24;25;26;27;28;29;30;31;32;33;34;35;36;37;38;39;40;41;42;43;44;45;46;47;48;49;50;51;52;53;54;55;56;57;58;59;60;61,2;3;4;5;6;7;8;9;10;11;12;13;14;15;16;17;18;19;20;21;22;23;24;25;26;27;28;29;30;31;32;33;34;35;36;37;38;39;40;41;42;43;44;45;46;47;48;49;50;51;52;53;54;55;56;57;58;59;60;61
True,174,85,0.6524989612486768,0.0,14.638223129950132,272.0,390.0,98.0,62.0,47.70210094076359,52,8,5,0,0.13333333333333333,0.21666666666666667,323.0,0.12868041702408953,0.1476845230364198,0.045319576253715584,0.07980915721340455,24,0,98,62,36,160,9,12,3,0.794910294566222,0.24332019624229825,3,60,148,50,3,98,0.794910294566222,nenhuma,47.70210094076359,0.0,52,0,terminal,0.9420823057494064,10,66,centralizada,j6010_1.sm,3,GOV,0,2.0470588235294116,0.4,24,0.0,0.0,0.7882983972549443,60,13,60,60,2;3;4;5;6;7;8;9;10;11;12;13;14;15;16;17;18;19;20;21;22;23;24;25;26;27;28;29;30;31;32;33;34;35;36;37;38;39;40;41;42;43;44;45;46;47;48;49;50;51;52;53;54;55;56;57;58;59;60;61,2;3;4;5;6;7;8;9;10;11;12;13;14;15;16;17;18;19;20;21;22;23;24;25;26;27;28;29;30;31;32;33;34;35;36;37;38;39;40;41;42;43;44;45;46;47;48;49;50;51;52;53;54;55;56;57;58;59;60;61
True,215,76,0.679783978731041,0.0,21.946166145901948,259.0,411.0,98.0,37.0,58.60383424631082,50,10,3,0,0.16666666666666666,0.21666666666666667,332.0,0.15003394515926802,0.17651757303105667,0.06610291007801791,0.09692931292664624,29,0,98,37,31,135,14,0,4,0.6268507180531939,0.4857196752206667,18,60,117,19,4,98,0.6268507180531939,nenhuma,58.60383424631082,0.0,64,0,terminal,0.9816666666666666,10,66,centralizada,j6021_1.sm,0,GOV,0,2.8289473684210527,0.48333333333333334,29,0.0,0.0,0.7972348595000963,60,13,60,60,2;3;4;5;6;7;8;9;10;11;12;13;14;15;16;17;18;19;20;21;22;23;24;25;26;27;28;29;30;31;32;33;34;35;36;37;38;39;40;41;42;43;44;45;46;47;48;49;50;51;52;53;54;55;56;57;58;59;60;61,2;3;4;5;6;7;8;9;10;11;12;13;14;15;16;17;18;19;20;21;22;23;24;25;26;27;28;29;30;31;32;33;34;35;36;37;38;39;40;41;42;43;44;45;46;47;48;49;50;51;52;53;54;55;56;57;58;59;60;61
True,222,76,0.6625948569692486,1.7763568394002505e-15,36.43039401836931,235.0,417.0,71.0,32.0,109.34385260305939,44,16,8,0,0.26666666666666666,0.4,332.0,0.2477520689551832,0.32934895362367284,0.10973010246496781,0.17374262440285548,29,0,71,32,31,103,13,0,3,0.6586427040007742,0.39362113220747674,17,60,87,16,3,71,0.6586427040007742,nenhuma,109.34385260305937,0.0,118,0,terminal,0.965,10,66,centralizada,j6021_1.sm,1,GOV,0,2.9210526315789473,0.48333333333333334,29,0.0,0.0,0.745151032417139,60,24,60,60,2;3;4;5;6;7;8;9;10;11;12;13;14;15;16;17;18;19;20;21;22;23;24;25;26;27;28;29;30;31;32;33;34;35;36;37;38;39;40;41;42;43;44;45;46;47;48;49;50;51;52;53;54;55;56;57;58;59;60;61,2;3;4;5;6;7;8;9;10;11;12;13;14;15;16;17;18;19;20;21;22;23;24;25;26;27;28;29;30;31;32;33;34;35;36;37;38;39;40;41;42;43;44;45;46;47;48;49;50;51;52;53;54;55;56;57;58;59;60;61
True,218,76,0.7627700500149628,0.0,20.79410122582982,279.0,425.0,32.0,18.0,82.17971620891913,50,10,8,0,0.16666666666666666,0.3,332.0,0.1984155983328414,0.24752926568951547,0.0626328350175597,0.14749229704210046,34,0,32,18,26,50,4,0,0,0.7659648859265082,0.2570239140832174,6,60,46,14,0,32,0.7659648859265082,nenhuma,82.17971620891913,0.0,89,0,terminal,0.9516666666666665,10,66,centralizada,j6021_1.sm,2,GOV,0,2.8684210526315788,0.5666666666666667,34,0.0,0.0,0.6941225122290757,60,18,60,60,2;3;4;5;6;7;8;9;10;11;12;13;14;15;16;17;18;19;20;21;22;23;24;25;26;27;28;29;30;31;32;33;34;35;36;37;38;39;40;41;42;43;44;45;46;47;48;49;50;51;52;53;54;55;56;57;58;59;60;61,2;3;4;5;6;7;8;9;10;11;12;13;14;15;16;17;18;19;20;21;22;23;24;25;26;27;28;29;30;31;32;33;34;35;36;37;38;39;40;41;42;43;44;45;46;47;48;49;50;51;52;53;54;55;56;57;58;59;60;61
True,291,76,0.7037690782018723,0.0,27.92558796658909,235.0,450.0,53.0,23.0,113.41428223835653,45,15,9,0,0.25,0.4,332.0,0.25462650561722366,0.3416092838504715,0.08411321676683461,0.1773721441462559,32,0,53,23,28,76,0,0,2,0.794910294566222,0.24332019624229825,2,60,74,21,2,53,0.794910294566222,nenhuma,113.41428223835655,0.0,122,0,terminal,0.9049999999999999,10,66,centralizada,j6021_1.sm,3,GOV,0,3.8289473684210527,0.5333333333333333,32,0.0,0.0,0.7759365354668074,60,24,60,60,2;3;4;5;6;7;8;9;10;11;12;13;14;15;16;17;18;19;20;21;22;23;24;25;26;27;28;29;30;31;32;33;34;35;36;37;38;39;40;41;42;43;44;45;46;47;48;49;50;51;52;53;54;55;56;57;58;59;60;61,2;3;4;5;6;7;8;9;10;11;12;13;14;15;16;17;18;19;20;21;22;23;24;25;26;27;28;29;30;31;32;33;34;35;36;37;38;39;40;41;42;43;44;45;46;47;48;49;50;51;52;53;54;55;56;57;58;59;60;61
True,151,69,0.6927069659328531,0.0,17.22036564428523,293.0,416.0,84.0,60.0,40.54253884942835,52,8,5,0,0.13333333333333333,0.21666666666666667,337.0,0.10738535311274562,0.12030426958287344,0.05109900784654371,0.06750985355192868,18,0,84,60,42,144,17,13,5,0.6268507180531939,0.4857196752206667,14,60,122,38,5,84,0.6268507180531939,nenhuma,40.54253884942835,0.0,44,0,terminal,0.9733333333333333,10,66,centralizada,j6032_1.sm,0,GOV,0,2.1884057971014492,0.3,18,0.0,0.0,0.7827766869415338,60,13,60,60,2;3;4;5;6;7;8;9;10;11;12;13;14;15;16;17;18;19;20;21;22;23;24;25;26;27;28;29;30;31;32;33;34;35;36;37;38;39;40;41;42;43;44;45;46;47;48;49;50;51;52;53;54;55;56;57;58;59;60;61,2;3;4;5;6;7;8;9;10;11;12;13;14;15;16;17;18;19;20;21;22;23;24;25;26;27;28;29;30;31;32;33;34;35;36;37;38;39;40;41;42;43;44;45;46;47;48;49;50;51;52;53;54;55;56;57;58;59;60;61
True,227,69,0.6782878670609702,1.7763568394002505e-15,20.270967165504814,274.0,411.0,70.0,64.0,60.93741972839367,50,10,7,0,0.16666666666666666,0.2833333333333333,337.0,0.15313317297474968,0.18082320394182097,0.06015123787983624,0.10056718358095189,27,0,70,64,33,134,11,20,1,0.6586427040007742,0.39362113220747674,13,60,122,52,1,70,0.6586427040007742,nenhuma,60.93741972839367,0.0,66,0,terminal,0.945,10,66,centralizada,j6032_1.sm,1,GOV,0,3.289855072463768,0.45,27,0.0,0.0,0.8208730127872651,60,17,60,60,2;3;4;5;6;7;8;9;10;11;12;13;14;15;16;17;18;19;20;21;22;23;24;25;26;27;28;29;30;31;32;33;34;35;36;37;38;39;40;41;42;43;44;45;46;47;48;49;50;51;52;53;54;55;56;57;58;59;60;61,2;3;4;5;6;7;8;9;10;11;12;13;14;15;16;17;18;19;20;21;22;23;24;25;26;27;28;29;30;31;32;33;34;35;36;37;38;39;40;41;42;43;44;45;46;47;48;49;50;51;52;53;54;55;56;57;58;59;60;61
True,122,69,0.7306444025215063,0.0,14.375152385417532,314.0,471.0,42.0,89.0,42.63643103888186,55,5,7,0,0.08333333333333333,0.2,337.0,0.11230858672389925,0.12651759952190464,0.04265623853239624,0.06614027533344638,33,0,42,89,27,131,0,48,1,0.7659648859265082,0.2570239140832174,2,60,130,88,1,42,0.7659648859265082,nenhuma,42.63643103888185,0.0,47,0,terminal,0.7899999999999997,10,66,centralizada,j6032_1.sm,2,GOV,0,1.7681159420289856,0.55,33,0.0,0.0,0.536713151907091,60,12,60,60,2;3;4;5;6;7;8;9;10;11;12;13;14;15;16;17;18;19;20;21;22;23;24;25;26;27;28;29;30;31;32;33;34;35;36;37;38;39;40;41;42;43;44;45;46;47;48;49;50;51;52;53;54;55;56;57;58;59;60;61,2;3;4;5;6;7;8;9;10;11;12;13;14;15;16;17;18;19;20;21;22;23;24;25;26;27;28;29;30;31;32;33;34;35;36;37;38;39;40;41;42;43;44;45;46;47;48;49;50;51;52;53;54;55;56;57;58;59;60;61
True,159,69,0.6421727683356753,0.0,28.97888825473518,254.0,490.0,126.0,64.0,83.03453550348654,47,13,6,0,0.21666666666666667,0.31666666666666665,337.0,0.19768501988522155,0.24639328042577607,0.08599076633452575,0.10882146435049156,32,0,126,64,28,190,0,7,9,0.794910294566222,0.24332019624229825,0,60,181,55,9,126,0.794910294566222,nenhuma,83.03453550348652,0.0,90,0,terminal,0.8583333333333333,10,66,centralizada,j6032_1.sm,3,GOV,0,2.3043478260869565,0.5333333333333333,32,0.0,0.0,0.5419772494651163,60,19,60,60,2;3;4;5;6;7;8;9;10;11;12;13;14;15;16;17;18;19;20;21;22;23;24;25;26;27;28;29;30;31;32;33;34;35;36;37;38;39;40;41;42;43;44;45;46;47;48;49;50;51;52;53;54;55;56;57;58;59;60;61,2;3;4;5;6;7;8;9;10;11;12;13;14;15;16;17;18;19;20;21;22;23;24;25;26;27;28;29;30;31;32;33;34;35;36;37;38;39;40;41;42;43;44;45;46;47;48;49;50;51;52;53;54;55;56;57;58;59;60;61
True,170,108,0.5201238390092879,0.0,10.0,296.0,336.0,197.0,89.0,24.0,55,5,2,0,0.08333333333333333,0.11666666666666667,334.0,0.0670391061452514,0.0718562874251497,0.029940119760479042,0.03715170278637771,20,0,197,89,40,286,37,0,5,0.6268507180531939,0.4857196752206667,21,60,244,47,5,197,0.6268507180531939,nenhuma,24.0,0.0,24,0,terminal,1.0,10,66,centralizada,j6043_1.sm,0,GOV,0,1.5740740740740742,0.3333333333333333,20,0.0,0.0,0.9536661559156812,60,7,60,60,2;3;4;5;6;7;8;9;10;11;12;13;14;15;16;17;18;19;20;21;22;23;24;25;26;27;28;29;30;31;32;33;34;35;36;37;38;39;40;41;42;43;44;45;46;47;48;49;50;51;52;53;54;55;56;57;58;59;60;61,2;3;4;5;6;7;8;9;10;11;12;13;14;15;16;17;18;19;20;21;22;23;24;25;26;27;28;29;30;31;32;33;34;35;36;37;38;39;40;41;42;43;44;45;46;47;48;49;50;51;52;53;54;55;56;57;58;59;60;61
True,221,108,0.6366972566622058,0.0,30.030147707805057,210.0,382.0,92.0,45.0,80.97117311700111,41,19,5,0,0.31666666666666665,0.4,334.0,0.195124814354686,0.24242866202694943,0.08991062187965586,0.13495843924689832,25,0,92,45,35,137,14,0,2,0.6586427040007742,0.39362113220747674,20,60,121,29,2,92,0.6586427040007742,nenhuma,80.97117311700111,0.0,89,0,terminal,0.9616666666666668,10,66,centralizada,j6043_1.sm,1,GOV,0,2.0462962962962963,0.4166666666666667,25,0.0,0.0,0.8568804328924241,60,24,60,60,2;3;4;5;6;7;8;9;10;11;12;13;14;15;16;17;18;19;20;21;22;23;24;25;26;27;28;29;30;31;32;33;34;35;36;37;38;39;40;41;42;43;44;45;46;47;48;49;50;51;52;53;54;55;56;57;58;59;60;61,2;3;4;5;6;7;8;9;10;11;12;13;14;15;16;17;18;19;20;21;22;23;24;25;26;27;28;29;30;31;32;33;34;35;36;37;38;39;40;41;42;43;44;45;46;47;48;49;50;51;52;53;54;55;56;57;58;59;60;61
True,281,108,0.6925552334270229,0.0,23.66033506446223,258.0,403.0,72.0,39.0,67.90304621019891,47,13,8,0,0.21666666666666667,0.35,334.0,0.16895379831155846,0.20330253356346978,0.07083932654030609,0.1166913399963033,26,0,72,39,34,111,0,6,2,0.7659648859265082,0.2570239140832174,6,60,109,37,2,72,0.7659648859265082,nenhuma,67.90304621019891,0.0,74,0,terminal,0.8733333333333334,10,66,centralizada,j6043_1.sm,2,GOV,0,2.6018518518518516,0.43333333333333335,26,0.0,0.0,0.8520613005805123,60,21,60,60,2;3;4;5;6;7;8;9;10;11;12;13;14;15;16;17;18;19;20;21;22;23;24;25;26;27;28;29;30;31;32;33;34;35;36;37;38;39;40;41;42;43;44;45;46;47;48;49;50;51;52;53;54;55;56;57;58;59;60;61,2;3;4;5;6;7;8;9;10;11;12;13;14;15;16;17;18;19;20;21;22;23;24;25;26;27;28;29;30;31;32;33;34;35;36;37;38;39;40;41;42;43;44;45;46;47;48;49;50;51;52;53;54;55;56;57;58;59;60;61
True,194,108,0.5659035811191807,0.0,18.57369877938182,286.0,416.0,178.0,80.0,61.10755874221849,52,8,7,0,0.13333333333333333,0.25,334.0,0.1546605661930328,0.18295676270125297,0.055609876584975515,0.08312737097517342,31,0,178,80,29,258,6,4,2,0.794910294566222,0.24332019624229825,4,60,250,72,2,178,0.794910294566222,nenhuma,61.10755874221849,0.0,69,0,terminal,0.9083333333333332,10,66,centralizada,j6043_1.sm,3,GOV,0,1.7962962962962963,0.5166666666666667,31,0.0,0.0,0.7440442868803776,60,15,60,60,2;3;4;5;6;7;8;9;10;11;12;13;14;15;16;17;18;19;20;21;22;23;24;25;26;27;28;29;30;31;32;33;34;35;36;37;38;39;40;41;42;43;44;45;46;47;48;49;50;51;52;53;54;55;56;57;58;59;60;61,2;3;4;5;6;7;8;9;10;11;12;13;14;15;16;17;18;19;20;21;22;23;24;25;26;27;28;29;30;31;32;33;34;35;36;37;38;39;40;41;42;43;44;45;46;47;48;49;50;51;52;53;54;55;56;57;58;59;60;61
True,133,85,0.6642007784172511,0.0,11.289286768164562,267.0,391.0,95.0,52.0,50.67741909566649,50,10,4,0,0.16666666666666666,0.23333333333333334,323.0,0.1356180933231408,0.15689603435190863,0.0349513522234197,0.08608690846935792,22,0,95,52,38,147,9,5,1,0.6268507180531939,0.4857196752206667,16,60,137,42,1,95,0.6268507180531939,nenhuma,50.67741909566648,0.0,57,0,terminal,0.9583333333333334,10,67,adaptativa,j6010_1.sm,0,GOV,0,1.5647058823529412,0.36666666666666664,22,0.0,0.0,0.7401221305226657,60,14,60,60,2;3;4;5;6;7;8;9;10;11;12;13;14;15;16;17;18;19;20;21;22;23;24;25;26;27;28;29;30;31;32;33;34;35;36;37;38;39;40;41;42;43;44;45;46;47;48;49;50;51;52;53;54;55;56;57;58;59;60;61,2;3;4;5;6;7;8;9;10;11;12;13;14;15;16;17;18;19;20;21;22;23;24;25;26;27;28;29;30;31;32;33;34;35;36;37;38;39;40;41;42;43;44;45;46;47;48;49;50;51;52;53;54;55;56;57;58;59;60;61
True,119,85,0.7133822303684544,0.0,6.965500306917348,289.0,369.0,77.0,43.0,28.254263271199484,54,6,4,0,0.1,0.16666666666666666,323.0,0.08043820737738544,0.08747449929163927,0.02156501643008467,0.054623548373511625,14,0,77,43,46,120,10,1,4,0.6586427040007742,0.39362113220747674,14,60,106,29,4,77,0.6586427040007742,nenhuma,28.254263271199484,0.0,30,0,terminal,0.9516666666666667,10,67,adaptativa,j6010_1.sm,1,GOV,0,1.4,0.23333333333333334,14,0.0,0.0,0.8586264250722523,60,10,60,60,2;3;4;5;6;7;8;9;10;11;12;13;14;15;16;17;18;19;20;21;22;23;24;25;26;27;28;29;30;31;32;33;34;35;36;37;38;39;40;41;42;43;44;45;46;47;48;49;50;51;52;53;54;55;56;57;58;59;60;61,2;3;4;5;6;7;8;9;10;11;12;13;14;15;16;17;18;19;20;21;22;23;24;25;26;27;28;29;30;31;32;33;34;35;36;37;38;39;40;41;42;43;44;45;46;47;48;49;50;51;52;53;54;55;56;57;58;59;60;61
True,156,85,0.6282868480081847,0.0,16.0695683240492,223.0,425.0,93.0,55.0,103.44261748809289,43,17,10,0,0.2833333333333333,0.45,323.0,0.24257101247855747,0.320255781696882,0.049750985523372135,0.15292149668543578,28,0,93,55,32,148,8,7,1,0.7659648859265082,0.2570239140832174,4,60,139,46,1,93,0.7659648859265082,nenhuma,103.44261748809289,0.0,115,0,terminal,0.8916666666666666,10,67,adaptativa,j6010_1.sm,2,GOV,0,1.8352941176470587,0.4666666666666667,28,0.0,0.0,0.6317070184862197,60,27,60,60,2;3;4;5;6;7;8;9;10;11;12;13;14;15;16;17;18;19;20;21;22;23;24;25;26;27;28;29;30;31;32;33;34;35;36;37;38;39;40;41;42;43;44;45;46;47;48;49;50;51;52;53;54;55;56;57;58;59;60;61,2;3;4;5;6;7;8;9;10;11;12;13;14;15;16;17;18;19;20;21;22;23;24;25;26;27;28;29;30;31;32;33;34;35;36;37;38;39;40;41;42;43;44;45;46;47;48;49;50;51;52;53;54;55;56;57;58;59;60;61
True,130,85,0.6165658720160757,0.0,10.0,281.0,375.0,120.0,69.0,44.2075201045552,53,7,7,0,0.11666666666666667,0.23333333333333334,323.0,0.12038838445347734,0.13686538732060433,0.030959752321981424,0.07268492848782207,24,0,120,69,36,189,9,12,3,0.794910294566222,0.24332019624229825,3,60,177,57,3,120,0.794910294566222,nenhuma,44.2075201045552,0.0,49,0,terminal,0.9304156390827399,10,67,adaptativa,j6010_1.sm,3,GOV,0,1.5294117647058822,0.4,24,0.0,0.0,0.7702956034912006,60,14,60,60,2;3;4;5;6;7;8;9;10;11;12;13;14;15;16;17;18;19;20;21;22;23;24;25;26;27;28;29;30;31;32;33;34;35;36;37;38;39;40;41;42;43;44;45;46;47;48;49;50;51;52;53;54;55;56;57;58;59;60;61,2;3;4;5;6;7;8;9;10;11;12;13;14;15;16;17;18;19;20;21;22;23;24;25;26;27;28;29;30;31;32;33;34;35;36;37;38;39;40;41;42;43;44;45;46;47;48;49;50;51;52;53;54;55;56;57;58;59;60;61
True,184,76,0.6893616312686413,0.0,17.87138261401097,277.0,417.0,89.0,35.0,63.907469585432864,52,8,4,0,0.13333333333333333,0.2,332.0,0.1614202168308478,0.1924923782693761,0.053829465704852315,0.10564833928936469,28,0,89,35,32,124,12,0,4,0.6268507180531939,0.4857196752206667,18,60,108,19,4,89,0.6268507180531939,nenhuma,63.907469585432864,0.0,71,0,terminal,0.9466666666666667,10,67,adaptativa,j6021_1.sm,0,GOV,0,2.4210526315789473,0.4666666666666667,28,0.0,0.0,0.7432748857590142,60,12,60,60,2;3;4;5;6;7;8;9;10;11;12;13;14;15;16;17;18;19;20;21;22;23;24;25;26;27;28;29;30;31;32;33;34;35;36;37;38;39;40;41;42;43;44;45;46;47;48;49;50;51;52;53;54;55;56;57;58;59;60;61,2;3;4;5;6;7;8;9;10;11;12;13;14;15;16;17;18;19;20;21;22;23;24;25;26;27;28;29;30;31;32;33;34;35;36;37;38;39;40;41;42;43;44;45;46;47;48;49;50;51;52;53;54;55;56;57;58;59;60;61
True,223,76,0.7167052951400372,0.0,11.285413478534231,248.0,407.0,52.0,23.0,85.87636809698213,48,12,9,0,0.2,0.35,332.0,0.2055066394112329,0.2586637593282594,0.03399220927269347,0.1512237045270321,29,0,52,23,31,75,7,0,2,0.6586427040007742,0.39362113220747674,17,60,66,14,2,52,0.6586427040007742,nenhuma,85.87636809698213,0.0,92,0,terminal,0.96,10,67,adaptativa,j6021_1.sm,1,GOV,0,2.9342105263157894,0.48333333333333334,29,0.0,0.0,0.8111181450082215,60,21,60,60,2;3;4;5;6;7;8;9;10;11;12;13;14;15;16;17;18;19;20;21;22;23;24;25;26;27;28;29;30;31;32;33;34;35;36;37;38;39;40;41;42;43;44;45;46;47;48;49;50;51;52;53;54;55;56;57;58;59;60;61,2;3;4;5;6;7;8;9;10;11;12;13;14;15;16;17;18;19;20;21;22;23;24;25;26;27;28;29;30;31;32;33;34;35;36;37;38;39;40;41;42;43;44;45;46;47;48;49;50;51;52;53;54;55;56;57;58;59;60;61
True,173,76,0.8018284627434954,0.0,11.285413478534231,295.0,417.0,30.0,16.0,57.061358975976106,54,6,7,0,0.1,0.21666666666666667,332.0,0.14666416404385088,0.17187156318065092,0.03399220927269347,0.10972043585074741,32,0,30,16,28,46,4,0,0,0.7659648859265082,0.2570239140832174,6,60,42,12,0,30,0.7659648859265082,nenhuma,57.06135897597609,0.0,63,0,terminal,0.9550000000000001,10,67,adaptativa,j6021_1.sm,2,GOV,0,2.276315789473684,0.5333333333333333,32,0.0,0.0,0.684943048691209,60,13,60,60,2;3;4;5;6;7;8;9;10;11;12;13;14;15;16;17;18;19;20;21;22;23;24;25;26;27;28;29;30;31;32;33;34;35;36;37;38;39;40;41;42;43;44;45;46;47;48;49;50;51;52;53;54;55;56;57;58;59;60;61,2;3;4;5;6;7;8;9;10;11;12;13;14;15;16;17;18;19;20;21;22;23;24;25;26;27;28;29;30;31;32;33;34;35;36;37;38;39;40;41;42;43;44;45;46;47;48;49;50;51;52;53;54;55;56;57;58;59;60;61
True,200,76,0.7050367571591657,0.0,15.5,245.0,441.0,56.0,34.0,94.49930272705198,47,13,9,0,0.21666666666666667,0.36666666666666664,332.0,0.22156965350897415,0.28463645399714455,0.046686746987951805,0.15107819035937195,31,0,56,34,29,90,0,0,2,0.794910294566222,0.24332019624229825,2,60,88,32,2,56,0.794910294566222,nenhuma,94.49930272705198,0.0,103,0,terminal,0.8816666666666667,10,67,adaptativa,j6021_1.sm,3,GOV,0,2.6315789473684212,0.5166666666666667,31,0.0,0.0,0.6893915641494286,60,22,60,60,2;3;4;5;6;7;8;9;10;11;12;13;14;15;16;17;18;19;20;21;22;23;24;25;26;27;28;29;30;31;32;33;34;35;36;37;38;39;40;41;42;43;44;45;46;47;48;49;50;51;52;53;54;55;56;57;58;59;60;61,2;3;4;5;6;7;8;9;10;11;12;13;14;15;16;17;18;19;20;21;22;23;24;25;26;27;28;29;30;31;32;33;34;35;36;37;38;39;40;41;42;43;44;45;46;47;48;49;50;51;52;53;54;55;56;57;58;59;60;61
True,191,69,0.6752531729538562,1.7763568394002505e-15,13.005819107213757,279.0,440.0,91.0,56.0,64.6074527650797,51,9,5,0,0.15,0.23333333333333334,337.0,0.16087214597302762,0.1917135096886638,0.0385929350362426,0.09915088062746923,21,0,91,56,39,147,7,8,5,0.6268507180531939,0.4857196752206667,14,60,135,44,5,91,0.6268507180531939,nenhuma,64.6074527650797,0.0,69,0,terminal,0.9583333333333334,10,67,adaptativa,j6032_1.sm,0,GOV,0,2.7681159420289854,0.35,21,0.0,0.0,0.7776494136160229,60,14,60,60,2;3;4;5;6;7;8;9;10;11;12;13;14;15;16;17;18;19;20;21;22;23;24;25;26;27;28;29;30;31;32;33;34;35;36;37;38;39;40;41;42;43;44;45;46;47;48;49;50;51;52;53;54;55;56;57;58;59;60;61,2;3;4;5;6;7;8;9;10;11;12;13;14;15;16;17;18;19;20;21;22;23;24;25;26;27;28;29;30;31;32;33;34;35;36;37;38;39;40;41;42;43;44;45;46;47;48;49;50;51;52;53;54;55;56;57;58;59;60;61
True,149,69,0.6744823650630116,0.0,8.572982505593963,273.0,454.0,64.0,58.0,97.1087772140437,50,10,13,0,0.16666666666666666,0.38333333333333336,337.0,0.2236968757859572,0.28815660894374984,0.025439117227281788,0.14426906987600285,25,0,64,58,35,122,10,22,1,0.6586427040007742,0.39362113220747674,13,60,111,47,1,64,0.6586427040007742,nenhuma,97.10877721404367,0.0,106,0,terminal,0.9466666666666667,10,67,adaptativa,j6032_1.sm,1,GOV,0,2.1594202898550723,0.4166666666666667,25,0.0,0.0,0.5921966053324251,60,23,60,60,2;3;4;5;6;7;8;9;10;11;12;13;14;15;16;17;18;19;20;21;22;23;24;25;26;27;28;29;30;31;32;33;34;35;36;37;38;39;40;41;42;43;44;45;46;47;48;49;50;51;52;53;54;55;56;57;58;59;60;61,2;3;4;5;6;7;8;9;10;11;12;13;14;15;16;17;18;19;20;21;22;23;24;25;26;27;28;29;30;31;32;33;34;35;36;37;38;39;40;41;42;43;44;45;46;47;48;49;50;51;52;53;54;55;56;57;58;59;60;61
True,136,69,0.7131192624607038,0.0,21.577524017579336,296.0,466.0,36.0,72.0,79.46713310198761,54,6,12,0,0.1,0.3,337.0,0.19081249583872228,0.23580751662310864,0.06402826117976064,0.12160846211921886,34,0,36,72,26,108,0,42,1,0.7659648859265082,0.2570239140832174,2,60,107,71,1,36,0.7659648859265082,nenhuma,79.4671331019876,0.0,88,0,terminal,0.818333333333333,10,67,adaptativa,j6032_1.sm,2,GOV,0,1.9710144927536233,0.5666666666666667,34,0.0,0.0,0.5376844269042539,60,18,60,60,2;3;4;5;6;7;8;9;10;11;12;13;14;15;16;17;18;19;20;21;22;23;24;25;26;27;28;29;30;31;32;33;34;35;36;37;38;39;40;41;42;43;44;45;46;47;48;49;50;51;52;53;54;55;56;57;58;59;60;61,2;3;4;5;6;7;8;9;10;11;12;13;14;15;16;17;18;19;20;21;22;23;24;25;26;27;28;29;30;31;32;33;34;35;36;37;38;39;40;41;42;43;44;45;46;47;48;49;50;51;52;53;54;55;56;57;58;59;60;61
True,156,69,0.6205524214895285,8.881784197001252e-16,30.968084283306332,195.0,469.0,103.0,78.0,105.77821269997919,41,19,5,0,0.31666666666666665,0.4,337.0,0.23889660707324176,0.3138819367951905,0.09189342517301582,0.13995933055822277,35,0,103,78,25,181,0,27,8,0.794910294566222,0.24332019624229825,0,60,173,70,8,103,0.794910294566222,nenhuma,105.77821269997919,0.0,117,0,terminal,0.8366666666666666,10,67,adaptativa,j6032_1.sm,3,GOV,0,2.260869565217391,0.5833333333333334,35,0.0,0.0,0.522183539647528,60,24,60,60,2;3;4;5;6;7;8;9;10;11;12;13;14;15;16;17;18;19;20;21;22;23;24;25;26;27;28;29;30;31;32;33;34;35;36;37;38;39;40;41;42;43;44;45;46;47;48;49;50;51;52;53;54;55;56;57;58;59;60;61,2;3;4;5;6;7;8;9;10;11;12;13;14;15;16;17;18;19;20;21;22;23;24;25;26;27;28;29;30;31;32;33;34;35;36;37;38;39;40;41;42;43;44;45;46;47;48;49;50;51;52;53;54;55;56;57;58;59;60;61
True,170,108,0.5201238390092879,0.0,10.0,296.0,336.0,197.0,89.0,24.0,55,5,2,0,0.08333333333333333,0.11666666666666667,334.0,0.0670391061452514,0.0718562874251497,0.029940119760479042,0.03715170278637771,20,0,197,89,40,286,37,0,5,0.6268507180531939,0.4857196752206667,21,60,244,47,5,197,0.6268507180531939,nenhuma,24.0,0.0,24,0,terminal,1.0,10,67,adaptativa,j6043_1.sm,0,GOV,0,1.5740740740740742,0.3333333333333333,20,0.0,0.0,0.9536661559156812,60,7,60,60,2;3;4;5;6;7;8;9;10;11;12;13;14;15;16;17;18;19;20;21;22;23;24;25;26;27;28;29;30;31;32;33;34;35;36;37;38;39;40;41;42;43;44;45;46;47;48;49;50;51;52;53;54;55;56;57;58;59;60;61,2;3;4;5;6;7;8;9;10;11;12;13;14;15;16;17;18;19;20;21;22;23;24;25;26;27;28;29;30;31;32;33;34;35;36;37;38;39;40;41;42;43;44;45;46;47;48;49;50;51;52;53;54;55;56;57;58;59;60;61
True,157,108,0.5625709548912164,0.0,8.5,286.0,361.0,152.0,70.0,58.69683283739044,53,7,9,0,0.11666666666666667,0.26666666666666666,334.0,0.14947111341154073,0.17573902047122886,0.025449101796407185,0.091471283375127,18,0,152,70,42,222,27,1,4,0.6586427040007742,0.39362113220747674,20,60,191,39,4,152,0.6586427040007742,nenhuma,58.69683283739044,0.0,63,0,terminal,0.965,10,67,adaptativa,j6043_1.sm,1,GOV,0,1.4537037037037037,0.3,18,0.0,0.0,0.8769545866907622,60,16,60,60,2;3;4;5;6;7;8;9;10;11;12;13;14;15;16;17;18;19;20;21;22;23;24;25;26;27;28;29;30;31;32;33;34;35;36;37;38;39;40;41;42;43;44;45;46;47;48;49;50;51;52;53;54;55;56;57;58;59;60;61,2;3;4;5;6;7;8;9;10;11;12;13;14;15;16;17;18;19;20;21;22;23;24;25;26;27;28;29;30;31;32;33;34;35;36;37;38;39;40;41;42;43;44;45;46;47;48;49;50;51;52;53;54;55;56;57;58;59;60;61
True,166,108,0.6760787881210529,0.0,11.992253911851675,286.0,414.0,94.0,48.0,56.354665275894796,53,7,8,0,0.11666666666666667,0.25,334.0,0.14436785387479475,0.16872654274219998,0.03590495183189124,0.09202945363452787,23,0,94,48,37,142,0,3,2,0.7659648859265082,0.2570239140832174,6,60,140,46,2,94,0.7659648859265082,nenhuma,56.354665275894796,0.0,62,0,terminal,0.8583333333333333,10,67,adaptativa,j6043_1.sm,2,GOV,0,1.537037037037037,0.38333333333333336,23,0.0,0.0,0.7573590916100827,60,15,60,60,2;3;4;5;6;7;8;9;10;11;12;13;14;15;16;17;18;19;20;21;22;23;24;25;26;27;28;29;30;31;32;33;34;35;36;37;38;39;40;41;42;43;44;45;46;47;48;49;50;51;52;53;54;55;56;57;58;59;60;61,2;3;4;5;6;7;8;9;10;11;12;13;14;15;16;17;18;19;20;21;22;23;24;25;26;27;28;29;30;31;32;33;34;35;36;37;38;39;40;41;42;43;44;45;46;47;48;49;50;51;52;53;54;55;56;57;58;59;60;61
True,171,108,0.5672129221138444,0.0,3.5,316.0,417.0,176.0,80.0,62.17366008862647,56,4,11,0,0.06666666666666667,0.25,334.0,0.15693537039973288,0.18614868290007924,0.010479041916167664,0.08457003217597775,29,0,176,80,31,256,5,4,2,0.794910294566222,0.24332019624229825,4,60,249,73,2,176,0.794910294566222,nenhuma,62.17366008862647,0.0,70,0,terminal,0.9133333333333332,10,67,adaptativa,j6043_1.sm,3,GOV,0,1.5833333333333333,0.48333333333333334,29,0.0,0.0,0.7080735629097238,60,15,60,60,2;3;4;5;6;7;8;9;10;11;12;13;14;15;16;17;18;19;20;21;22;23;24;25;26;27;28;29;30;31;32;33;34;35;36;37;38;39;40;41;42;43;44;45;46;47;48;49;50;51;52;53;54;55;56;57;58;59;60;61,2;3;4;5;6;7;8;9;10;11;12;13;14;15;16;17;18;19;20;21;22;23;24;25;26;27;28;29;30;31;32;33;34;35;36;37;38;39;40;41;42;43;44;45;46;47;48;49;50;51;52;53;54;55;56;57;58;59;60;61
True,151,85,0.6634306893428803,0.0,11.289286768164562,286.0,410.0,103.0,50.0,54.99974976451543,54,6,6,0,0.1,0.2,323.0,0.1455020798261875,0.17027786304803538,0.0349513522234197,0.08899639487794729,21,0,103,50,39,153,9,5,1,0.6268507180531939,0.4857196752206667,16,60,143,40,1,103,0.6268507180531939,nenhuma,54.99974976451543,0.0,60,0,terminal,0.9616666666666666,10,68,adaptativa,j6010_1.sm,0,GOV,0,1.776470588235294,0.35,21,0.0,0.0,0.7491463614164805,60,12,60,60,2;3;4;5;6;7;8;9;10;11;12;13;14;15;16;17;18;19;20;21;22;23;24;25;26;27;28;29;30;31;32;33;34;35;36;37;38;39;40;41;42;43;44;45;46;47;48;49;50;51;52;53;54;55;56;57;58;59;60;61,2;3;4;5;6;7;8;9;10;11;12;13;14;15;16;17;18;19;20;21;22;23;24;25;26;27;28;29;30;31;32;33;34;35;36;37;38;39;40;41;42;43;44;45;46;47;48;49;50;51;52;53;54;55;56;57;58;59;60;61
True,119,85,0.7133822303684544,0.0,6.965500306917348,289.0,369.0,77.0,43.0,28.254263271199484,54,6,4,0,0.1,0.16666666666666666,323.0,0.08043820737738544,0.08747449929163927,0.02156501643008467,0.054623548373511625,14,0,77,43,46,120,10,1,4,0.6586427040007742,0.39362113220747674,14,60,106,29,4,77,0.6586427040007742,nenhuma,28.254263271199484,0.0,30,0,terminal,0.9516666666666667,10,68,adaptativa,j6010_1.sm,1,GOV,0,1.4,0.23333333333333334,14,0.0,0.0,0.8586264250722523,60,10,60,60,2;3;4;5;6;7;8;9;10;11;12;13;14;15;16;17;18;19;20;21;22;23;24;25;26;27;28;29;30;31;32;33;34;35;36;37;38;39;40;41;42;43;44;45;46;47;48;49;50;51;52;53;54;55;56;57;58;59;60;61,2;3;4;5;6;7;8;9;10;11;12;13;14;15;16;17;18;19;20;21;22;23;24;25;26;27;28;29;30;31;32;33;34;35;36;37;38;39;40;41;42;43;44;45;46;47;48;49;50;51;52;53;54;55;56;57;58;59;60;61
True,149,85,0.6856294157431005,0.0,9.051229534365682,252.0,402.0,75.0,41.0,68.3225683867478,48,12,9,0,0.2,0.35,323.0,0.17459398947628282,0.211524979525535,0.028022382459336477,0.11652727026137794,27,0,75,41,33,116,8,5,1,0.7659648859265082,0.2570239140832174,4,60,107,32,1,75,0.7659648859265082,nenhuma,68.3225683867478,0.0,75,0,terminal,0.9166666666666666,10,68,adaptativa,j6010_1.sm,2,GOV,0,1.7529411764705882,0.45,27,0.0,0.0,0.6692763351408327,60,21,60,60,2;3;4;5;6;7;8;9;10;11;12;13;14;15;16;17;18;19;20;21;22;23;24;25;26;27;28;29;30;31;32;33;34;35;36;37;38;39;40;41;42;43;44;45;46;47;48;49;50;51;52;53;54;55;56;57;58;59;60;61,2;3;4;5;6;7;8;9;10;11;12;13;14;15;16;17;18;19;20;21;22;23;24;25;26;27;28;29;30;31;32;33;34;35;36;37;38;39;40;41;42;43;44;45;46;47;48;49;50;51;52;53;54;55;56;57;58;59;60;61
True,130,85,0.6165658720160757,0.0,10.0,281.0,375.0,120.0,69.0,44.2075201045552,53,7,7,0,0.11666666666666667,0.23333333333333334,323.0,0.12038838445347734,0.13686538732060433,0.030959752321981424,0.07268492848782207,24,0,120,69,36,189,9,12,3,0.794910294566222,0.24332019624229825,3,60,177,57,3,120,0.794910294566222,nenhuma,44.2075201045552,0.0,49,0,terminal,0.9304156390827399,10,68,adaptativa,j6010_1.sm,3,GOV,0,1.5294117647058822,0.4,24,0.0,0.0,0.7702956034912006,60,14,60,60,2;3;4;5;6;7;8;9;10;11;12;13;14;15;16;17;18;19;20;21;22;23;24;25;26;27;28;29;30;31;32;33;34;35;36;37;38;39;40;41;42;43;44;45;46;47;48;49;50;51;52;53;54;55;56;57;58;59;60;61,2;3;4;5;6;7;8;9;10;11;12;13;14;15;16;17;18;19;20;21;22;23;24;25;26;27;28;29;30;31;32;33;34;35;36;37;38;39;40;41;42;43;44;45;46;47;48;49;50;51;52;53;54;55;56;57;58;59;60;61
True,191,76,0.6912972830625261,0.0,18.210773304463704,280.0,416.0,86.0,31.0,68.76715603028605,51,9,6,0,0.15,0.25,332.0,0.17158880161599194,0.20712998804303026,0.0548517268206738,0.11427535607613835,31,0,86,31,29,117,12,0,4,0.6268507180531939,0.4857196752206667,18,60,101,15,4,86,0.6268507180531939,nenhuma,68.76715603028605,0.0,77,0,terminal,0.9533333333333333,10,68,adaptativa,j6021_1.sm,0,GOV,0,2.513157894736842,0.5166666666666667,31,0.0,0.0,0.7475559708911074,60,15,60,60,2;3;4;5;6;7;8;9;10;11;12;13;14;15;16;17;18;19;20;21;22;23;24;25;26;27;28;29;30;31;32;33;34;35;36;37;38;39;40;41;42;43;44;45;46;47;48;49;50;51;52;53;54;55;56;57;58;59;60;61,2;3;4;5;6;7;8;9;10;11;12;13;14;15;16;17;18;19;20;21;22;23;24;25;26;27;28;29;30;31;32;33;34;35;36;37;38;39;40;41;42;43;44;45;46;47;48;49;50;51;52;53;54;55;56;57;58;59;60;61
True,222,76,0.6874491060862594,0.0,10.5,265.0,413.0,76.0,33.0,78.77174636427233,50,10,10,0,0.16666666666666666,0.3333333333333333,332.0,0.191765249342192,0.23726429627792872,0.03162650602409638,0.13111759472874715,26,0,76,33,34,109,7,2,4,0.6586427040007742,0.39362113220747674,17,60,98,22,4,76,0.6586427040007742,nenhuma,78.77174636427233,0.0,86,0,terminal,0.9616666666666666,10,68,adaptativa,j6021_1.sm,1,GOV,0,2.9210526315789473,0.43333333333333335,26,0.0,0.0,0.8214647223033149,60,20,60,60,2;3;4;5;6;7;8;9;10;11;12;13;14;15;16;17;18;19;20;21;22;23;24;25;26;27;28;29;30;31;32;33;34;35;36;37;38;39;40;41;42;43;44;45;46;47;48;49;50;51;52;53;54;55;56;57;58;59;60;61,2;3;4;5;6;7;8;9;10;11;12;13;14;15;16;17;18;19;20;21;22;23;24;25;26;27;28;29;30;31;32;33;34;35;36;37;38;39;40;41;42;43;44;45;46;47;48;49;50;51;52;53;54;55;56;57;58;59;60;61
True,188,76,0.7594350864048441,0.0,11.691719159637948,303.0,421.0,37.0,20.0,76.35942786500493,54,6,9,0,0.1,0.25,332.0,0.18699073084764864,0.22999827670182207,0.03521602156517454,0.13774353610091328,34,0,37,20,26,57,4,0,0,0.7659648859265082,0.2570239140832174,6,60,53,16,0,37,0.7659648859265082,nenhuma,76.35942786500493,0.0,81,0,terminal,0.9483333333333333,10,68,adaptativa,j6021_1.sm,2,GOV,0,2.473684210526316,0.5666666666666667,34,0.0,0.0,0.670838643645635,60,15,60,60,2;3;4;5;6;7;8;9;10;11;12;13;14;15;16;17;18;19;20;21;22;23;24;25;26;27;28;29;30;31;32;33;34;35;36;37;38;39;40;41;42;43;44;45;46;47;48;49;50;51;52;53;54;55;56;57;58;59;60;61,2;3;4;5;6;7;8;9;10;11;12;13;14;15;16;17;18;19;20;21;22;23;24;25;26;27;28;29;30;31;32;33;34;35;36;37;38;39;40;41;42;43;44;45;46;47;48;49;50;51;52;53;54;55;56;57;58;59;60;61
True,223,76,0.6889999183136924,0.0,13.545718874962226,229.0,442.0,67.0,34.0,98.50951001820488,46,14,6,0,0.23333333333333334,0.3333333333333333,332.0,0.2288207524475806,0.29671539162109906,0.04080035805711514,0.1535589238815951,26,0,67,34,34,101,0,0,5,0.794910294566222,0.24332019624229825,2,60,96,29,5,67,0.794910294566222,nenhuma,98.50951001820488,0.0,105,0,terminal,0.8866666666666667,10,68,adaptativa,j6021_1.sm,3,GOV,0,2.9342105263157894,0.43333333333333335,26,0.0,0.0,0.7425094525911236,60,20,60,60,2;3;4;5;6;7;8;9;10;11;12;13;14;15;16;17;18;19;20;21;22;23;24;25;26;27;28;29;30;31;32;33;34;35;36;37;38;39;40;41;42;43;44;45;46;47;48;49;50;51;52;53;54;55;56;57;58;59;60;61,2;3;4;5;6;7;8;9;10;11;12;13;14;15;16;17;18;19;20;21;22;23;24;25;26;27;28;29;30;31;32;33;34;35;36;37;38;39;40;41;42;43;44;45;46;47;48;49;50;51;52;53;54;55;56;57;58;59;60;61
True,129,69,0.6790039706028796,0.0,11.935342900138576,278.0,438.0,91.0,60.0,56.06250178641078,51,9,3,0,0.15,0.2,337.0,0.14262999276607416,0.16635757206650081,0.03541644777489192,0.08691018565046564,20,0,91,60,40,151,7,10,5,0.6268507180531939,0.4857196752206667,14,60,139,48,5,91,0.6268507180531939,nenhuma,56.06250178641078,0.0,60,0,terminal,0.9516666666666667,10,68,adaptativa,j6032_1.sm,0,GOV,0,1.8695652173913044,0.3333333333333333,20,0.0,0.0,0.6959649499742878,60,12,60,60,2;3;4;5;6;7;8;9;10;11;12;13;14;15;16;17;18;19;20;21;22;23;24;25;26;27;28;29;30;31;32;33;34;35;36;37;38;39;40;41;42;43;44;45;46;47;48;49;50;51;52;53;54;55;56;57;58;59;60;61,2;3;4;5;6;7;8;9;10;11;12;13;14;15;16;17;18;19;20;21;22;23;24;25;26;27;28;29;30;31;32;33;34;35;36;37;38;39;40;41;42;43;44;45;46;47;48;49;50;51;52;53;54;55;56;57;58;59;60;61
True,131,69,0.697889766140639,0.0,8.311720738256067,289.0,453.0,64.0,59.0,73.09964578662594,53,7,9,0,0.11666666666666667,0.26666666666666666,337.0,0.17824849774354487,0.21691289550927578,0.0246638597574364,0.11261698609931993,22,0,64,59,38,123,10,23,1,0.6586427040007742,0.39362113220747674,13,60,112,48,1,64,0.6586427040007742,nenhuma,73.09964578662594,0.0,79,0,terminal,0.945,10,68,adaptativa,j6032_1.sm,1,GOV,0,1.8985507246376812,0.36666666666666664,22,0.0,0.0,0.592246256012933,60,16,60,60,2;3;4;5;6;7;8;9;10;11;12;13;14;15;16;17;18;19;20;21;22;23;24;25;26;27;28;29;30;31;32;33;34;35;36;37;38;39;40;41;42;43;44;45;46;47;48;49;50;51;52;53;54;55;56;57;58;59;60;61,2;3;4;5;6;7;8;9;10;11;12;13;14;15;16;17;18;19;20;21;22;23;24;25;26;27;28;29;30;31;32;33;34;35;36;37;38;39;40;41;42;43;44;45;46;47;48;49;50;51;52;53;54;55;56;57;58;59;60;61
True,123,69,0.7109166362058184,8.881784197001252e-16,11.058575919524642,295.0,458.0,38.0,81.0,67.2386866122006,52,8,9,0,0.13333333333333333,0.2833333333333333,337.0,0.16633412100090478,0.1995213252587555,0.03281476533983573,0.1043692159590455,36,0,38,81,24,119,0,49,1,0.7659648859265082,0.2570239140832174,2,60,118,80,1,38,0.7659648859265082,nenhuma,67.23868661220061,0.0,74,0,terminal,0.8049999999999998,10,68,adaptativa,j6032_1.sm,2,GOV,0,1.7826086956521738,0.6,36,0.0,0.0,0.49012120735694104,60,17,60,60,2;3;4;5;6;7;8;9;10;11;12;13;14;15;16;17;18;19;20;21;22;23;24;25;26;27;28;29;30;31;32;33;34;35;36;37;38;39;40;41;42;43;44;45;46;47;48;49;50;51;52;53;54;55;56;57;58;59;60;61,2;3;4;5;6;7;8;9;10;11;12;13;14;15;16;17;18;19;20;21;22;23;24;25;26;27;28;29;30;31;32;33;34;35;36;37;38;39;40;41;42;43;44;45;46;47;48;49;50;51;52;53;54;55;56;57;58;59;60;61
True,156,69,0.6366494106230506,1.7763568394002505e-15,14.270207653642732,269.0,464.0,105.0,75.0,84.81556514112074,48,12,10,0,0.2,0.36666666666666664,337.0,0.20107263019738314,0.2516782348401209,0.04234482983276775,0.11637452491111093,37,0,105,75,23,180,0,26,2,0.794910294566222,0.24332019624229825,0,60,178,73,2,105,0.794910294566222,nenhuma,84.81556514112074,0.0,93,0,terminal,0.8199999999999998,10,68,adaptativa,j6032_1.sm,3,GOV,0,2.260869565217391,0.6166666666666667,37,0.0,0.0,0.5566690128531727,60,22,60,60,2;3;4;5;6;7;8;9;10;11;12;13;14;15;16;17;18;19;20;21;22;23;24;25;26;27;28;29;30;31;32;33;34;35;36;37;38;39;40;41;42;43;44;45;46;47;48;49;50;51;52;53;54;55;56;57;58;59;60;61,2;3;4;5;6;7;8;9;10;11;12;13;14;15;16;17;18;19;20;21;22;23;24;25;26;27;28;29;30;31;32;33;34;35;36;37;38;39;40;41;42;43;44;45;46;47;48;49;50;51;52;53;54;55;56;57;58;59;60;61
True,165,108,0.4722195723861454,0.0,7.5,293.0,343.0,251.0,96.0,36.3570170690015,53,7,4,0,0.11666666666666667,0.18333333333333332,334.0,0.09816748540835071,0.10885334451796856,0.02245508982035928,0.0500539214389495,21,0,251,96,39,347,39,0,8,0.6268507180531939,0.4857196752206667,21,60,300,49,8,251,0.6268507180531939,nenhuma,36.3570170690015,0.0,39,0,terminal,0.9966666666666667,10,68,adaptativa,j6043_1.sm,0,GOV,0,1.5277777777777777,0.35,21,0.0,0.0,0.9341227787000121,60,11,60,60,2;3;4;5;6;7;8;9;10;11;12;13;14;15;16;17;18;19;20;21;22;23;24;25;26;27;28;29;30;31;32;33;34;35;36;37;38;39;40;41;42;43;44;45;46;47;48;49;50;51;52;53;54;55;56;57;58;59;60;61,2;3;4;5;6;7;8;9;10;11;12;13;14;15;16;17;18;19;20;21;22;23;24;25;26;27;28;29;30;31;32;33;34;35;36;37;38;39;40;41;42;43;44;45;46;47;48;49;50;51;52;53;54;55;56;57;58;59;60;61
True,150,108,0.5366229760986893,0.0,8.5,272.0,348.0,176.0,66.0,58.5,52,8,11,0,0.13333333333333333,0.31666666666666665,334.0,0.14904458598726114,0.1751497005988024,0.025449101796407185,0.09020817270624518,16,0,176,66,44,242,28,1,7,0.6586427040007742,0.39362113220747674,20,60,207,31,7,176,0.6586427040007742,nenhuma,58.5,0.0,63,0,terminal,0.9616666666666666,10,68,adaptativa,j6043_1.sm,1,GOV,0,1.3888888888888888,0.26666666666666666,16,0.0,0.0,0.9472117514755994,60,19,60,60,2;3;4;5;6;7;8;9;10;11;12;13;14;15;16;17;18;19;20;21;22;23;24;25;26;27;28;29;30;31;32;33;34;35;36;37;38;39;40;41;42;43;44;45;46;47;48;49;50;51;52;53;54;55;56;57;58;59;60;61,2;3;4;5;6;7;8;9;10;11;12;13;14;15;16;17;18;19;20;21;22;23;24;25;26;27;28;29;30;31;32;33;34;35;36;37;38;39;40;41;42;43;44;45;46;47;48;49;50;51;52;53;54;55;56;57;58;59;60;61
True,146,108,0.72808780390466,0.0,6.270836543993524,288.0,418.0,55.0,37.0,64.10658131932578,51,9,12,0,0.15,0.35,334.0,0.16102869012332446,0.19193587221355024,0.01877495971255546,0.11166320576225697,22,0,55,37,38,92,3,4,1,0.7659648859265082,0.2570239140832174,6,60,88,33,1,55,0.7659648859265082,nenhuma,64.10658131932578,0.0,71,0,terminal,0.9223354931816393,10,68,adaptativa,j6043_1.sm,2,GOV,0,1.3518518518518519,0.36666666666666664,22,0.0,0.0,0.6855189162648019,60,21,60,60,2;3;4;5;6;7;8;9;10;11;12;13;14;15;16;17;18;19;20;21;22;23;24;25;26;27;28;29;30;31;32;33;34;35;36;37;38;39;40;41;42;43;44;45;46;47;48;49;50;51;52;53;54;55;56;57;58;59;60;61,2;3;4;5;6;7;8;9;10;11;12;13;14;15;16;17;18;19;20;21;22;23;24;25;26;27;28;29;30;31;32;33;34;35;36;37;38;39;40;41;42;43;44;45;46;47;48;49;50;51;52;53;54;55;56;57;58;59;60;61
True,169,108,0.5600063722069131,0.0,5.933001214462243,297.0,414.0,178.0,80.0,67.27730209297303,53,7,8,0,0.11666666666666667,0.25,334.0,0.16765788082722247,0.20142904818255397,0.017763476690006715,0.09100414946124248,29,0,178,80,31,258,5,4,2,0.794910294566222,0.24332019624229825,4,60,251,73,2,178,0.794910294566222,nenhuma,67.27730209297303,0.0,75,0,terminal,0.9066666666666666,10,68,adaptativa,j6043_1.sm,3,GOV,0,1.5648148148148149,0.48333333333333334,29,0.0,0.0,0.706224969936564,60,15,60,60,2;3;4;5;6;7;8;9;10;11;12;13;14;15;16;17;18;19;20;21;22;23;24;25;26;27;28;29;30;31;32;33;34;35;36;37;38;39;40;41;42;43;44;45;46;47;48;49;50;51;52;53;54;55;56;57;58;59;60;61,2;3;4;5;6;7;8;9;10;11;12;13;14;15;16;17;18;19;20;21;22;23;24;25;26;27;28;29;30;31;32;33;34;35;36;37;38;39;40;41;42;43;44;45;46;47;48;49;50;51;52;53;54;55;56;57;58;59;60;61
True,151,85,0.6634306893428803,0.0,11.289286768164562,286.0,410.0,103.0,50.0,54.99974976451543,54,6,6,0,0.1,0.2,323.0,0.1455020798261875,0.17027786304803538,0.0349513522234197,0.08899639487794729,21,0,103,50,39,153,9,5,1,0.6268507180531939,0.4857196752206667,16,60,143,40,1,103,0.6268507180531939,nenhuma,54.99974976451543,0.0,60,0,terminal,0.9616666666666666,10,68,centralizada,j6010_1.sm,0,GOV,0,1.776470588235294,0.35,21,0.0,0.0,0.7491463614164805,60,12,60,60,2;3;4;5;6;7;8;9;10;11;12;13;14;15;16;17;18;19;20;21;22;23;24;25;26;27;28;29;30;31;32;33;34;35;36;37;38;39;40;41;42;43;44;45;46;47;48;49;50;51;52;53;54;55;56;57;58;59;60;61,2;3;4;5;6;7;8;9;10;11;12;13;14;15;16;17;18;19;20;21;22;23;24;25;26;27;28;29;30;31;32;33;34;35;36;37;38;39;40;41;42;43;44;45;46;47;48;49;50;51;52;53;54;55;56;57;58;59;60;61
True,119,85,0.7133822303684544,0.0,6.965500306917348,289.0,369.0,77.0,43.0,28.254263271199484,54,6,4,0,0.1,0.16666666666666666,323.0,0.08043820737738544,0.08747449929163927,0.02156501643008467,0.054623548373511625,14,0,77,43,46,120,10,1,4,0.6586427040007742,0.39362113220747674,14,60,106,29,4,77,0.6586427040007742,nenhuma,28.254263271199484,0.0,30,0,terminal,0.9516666666666667,10,68,centralizada,j6010_1.sm,1,GOV,0,1.4,0.23333333333333334,14,0.0,0.0,0.8586264250722523,60,10,60,60,2;3;4;5;6;7;8;9;10;11;12;13;14;15;16;17;18;19;20;21;22;23;24;25;26;27;28;29;30;31;32;33;34;35;36;37;38;39;40;41;42;43;44;45;46;47;48;49;50;51;52;53;54;55;56;57;58;59;60;61,2;3;4;5;6;7;8;9;10;11;12;13;14;15;16;17;18;19;20;21;22;23;24;25;26;27;28;29;30;31;32;33;34;35;36;37;38;39;40;41;42;43;44;45;46;47;48;49;50;51;52;53;54;55;56;57;58;59;60;61
True,149,85,0.6856294157431005,0.0,9.051229534365682,252.0,402.0,75.0,41.0,68.3225683867478,48,12,9,0,0.2,0.35,323.0,0.17459398947628282,0.211524979525535,0.028022382459336477,0.11652727026137794,27,0,75,41,33,116,8,5,1,0.7659648859265082,0.2570239140832174,4,60,107,32,1,75,0.7659648859265082,nenhuma,68.3225683867478,0.0,75,0,terminal,0.9166666666666666,10,68,centralizada,j6010_1.sm,2,GOV,0,1.7529411764705882,0.45,27,0.0,0.0,0.6692763351408327,60,21,60,60,2;3;4;5;6;7;8;9;10;11;12;13;14;15;16;17;18;19;20;21;22;23;24;25;26;27;28;29;30;31;32;33;34;35;36;37;38;39;40;41;42;43;44;45;46;47;48;49;50;51;52;53;54;55;56;57;58;59;60;61,2;3;4;5;6;7;8;9;10;11;12;13;14;15;16;17;18;19;20;21;22;23;24;25;26;27;28;29;30;31;32;33;34;35;36;37;38;39;40;41;42;43;44;45;46;47;48;49;50;51;52;53;54;55;56;57;58;59;60;61
True,130,85,0.6165658720160757,0.0,10.0,281.0,375.0,120.0,69.0,44.2075201045552,53,7,7,0,0.11666666666666667,0.23333333333333334,323.0,0.12038838445347734,0.13686538732060433,0.030959752321981424,0.07268492848782207,24,0,120,69,36,189,9,12,3,0.794910294566222,0.24332019624229825,3,60,177,57,3,120,0.794910294566222,nenhuma,44.2075201045552,0.0,49,0,terminal,0.9304156390827399,10,68,centralizada,j6010_1.sm,3,GOV,0,1.5294117647058822,0.4,24,0.0,0.0,0.7702956034912006,60,14,60,60,2;3;4;5;6;7;8;9;10;11;12;13;14;15;16;17;18;19;20;21;22;23;24;25;26;27;28;29;30;31;32;33;34;35;36;37;38;39;40;41;42;43;44;45;46;47;48;49;50;51;52;53;54;55;56;57;58;59;60;61,2;3;4;5;6;7;8;9;10;11;12;13;14;15;16;17;18;19;20;21;22;23;24;25;26;27;28;29;30;31;32;33;34;35;36;37;38;39;40;41;42;43;44;45;46;47;48;49;50;51;52;53;54;55;56;57;58;59;60;61
True,191,76,0.6912972830625261,0.0,18.210773304463704,280.0,416.0,86.0,31.0,68.76715603028605,51,9,6,0,0.15,0.25,332.0,0.17158880161599194,0.20712998804303026,0.0548517268206738,0.11427535607613835,31,0,86,31,29,117,12,0,4,0.6268507180531939,0.4857196752206667,18,60,101,15,4,86,0.6268507180531939,nenhuma,68.76715603028605,0.0,77,0,terminal,0.9533333333333333,10,68,centralizada,j6021_1.sm,0,GOV,0,2.513157894736842,0.5166666666666667,31,0.0,0.0,0.7475559708911074,60,15,60,60,2;3;4;5;6;7;8;9;10;11;12;13;14;15;16;17;18;19;20;21;22;23;24;25;26;27;28;29;30;31;32;33;34;35;36;37;38;39;40;41;42;43;44;45;46;47;48;49;50;51;52;53;54;55;56;57;58;59;60;61,2;3;4;5;6;7;8;9;10;11;12;13;14;15;16;17;18;19;20;21;22;23;24;25;26;27;28;29;30;31;32;33;34;35;36;37;38;39;40;41;42;43;44;45;46;47;48;49;50;51;52;53;54;55;56;57;58;59;60;61
True,222,76,0.6874491060862594,0.0,10.5,265.0,413.0,76.0,33.0,78.77174636427233,50,10,10,0,0.16666666666666666,0.3333333333333333,332.0,0.191765249342192,0.23726429627792872,0.03162650602409638,0.13111759472874715,26,0,76,33,34,109,7,2,4,0.6586427040007742,0.39362113220747674,17,60,98,22,4,76,0.6586427040007742,nenhuma,78.77174636427233,0.0,86,0,terminal,0.9616666666666666,10,68,centralizada,j6021_1.sm,1,GOV,0,2.9210526315789473,0.43333333333333335,26,0.0,0.0,0.8214647223033149,60,20,60,60,2;3;4;5;6;7;8;9;10;11;12;13;14;15;16;17;18;19;20;21;22;23;24;25;26;27;28;29;30;31;32;33;34;35;36;37;38;39;40;41;42;43;44;45;46;47;48;49;50;51;52;53;54;55;56;57;58;59;60;61,2;3;4;5;6;7;8;9;10;11;12;13;14;15;16;17;18;19;20;21;22;23;24;25;26;27;28;29;30;31;32;33;34;35;36;37;38;39;40;41;42;43;44;45;46;47;48;49;50;51;52;53;54;55;56;57;58;59;60;61
True,188,76,0.7594350864048441,0.0,11.691719159637948,303.0,421.0,37.0,20.0,76.35942786500493,54,6,9,0,0.1,0.25,332.0,0.18699073084764864,0.22999827670182207,0.03521602156517454,0.13774353610091328,34,0,37,20,26,57,4,0,0,0.7659648859265082,0.2570239140832174,6,60,53,16,0,37,0.7659648859265082,nenhuma,76.35942786500493,0.0,81,0,terminal,0.9483333333333333,10,68,centralizada,j6021_1.sm,2,GOV,0,2.473684210526316,0.5666666666666667,34,0.0,0.0,0.670838643645635,60,15,60,60,2;3;4;5;6;7;8;9;10;11;12;13;14;15;16;17;18;19;20;21;22;23;24;25;26;27;28;29;30;31;32;33;34;35;36;37;38;39;40;41;42;43;44;45;46;47;48;49;50;51;52;53;54;55;56;57;58;59;60;61,2;3;4;5;6;7;8;9;10;11;12;13;14;15;16;17;18;19;20;21;22;23;24;25;26;27;28;29;30;31;32;33;34;35;36;37;38;39;40;41;42;43;44;45;46;47;48;49;50;51;52;53;54;55;56;57;58;59;60;61
True,223,76,0.6889999183136924,0.0,13.545718874962226,229.0,442.0,67.0,34.0,98.50951001820488,46,14,6,0,0.23333333333333334,0.3333333333333333,332.0,0.2288207524475806,0.29671539162109906,0.04080035805711514,0.1535589238815951,26,0,67,34,34,101,0,0,5,0.794910294566222,0.24332019624229825,2,60,96,29,5,67,0.794910294566222,nenhuma,98.50951001820488,0.0,105,0,terminal,0.8866666666666667,10,68,centralizada,j6021_1.sm,3,GOV,0,2.9342105263157894,0.43333333333333335,26,0.0,0.0,0.7425094525911236,60,20,60,60,2;3;4;5;6;7;8;9;10;11;12;13;14;15;16;17;18;19;20;21;22;23;24;25;26;27;28;29;30;31;32;33;34;35;36;37;38;39;40;41;42;43;44;45;46;47;48;49;50;51;52;53;54;55;56;57;58;59;60;61,2;3;4;5;6;7;8;9;10;11;12;13;14;15;16;17;18;19;20;21;22;23;24;25;26;27;28;29;30;31;32;33;34;35;36;37;38;39;40;41;42;43;44;45;46;47;48;49;50;51;52;53;54;55;56;57;58;59;60;61
True,129,69,0.6790039706028796,0.0,11.935342900138576,278.0,438.0,91.0,60.0,56.06250178641078,51,9,3,0,0.15,0.2,337.0,0.14262999276607416,0.16635757206650081,0.03541644777489192,0.08691018565046564,20,0,91,60,40,151,7,10,5,0.6268507180531939,0.4857196752206667,14,60,139,48,5,91,0.6268507180531939,nenhuma,56.06250178641078,0.0,60,0,terminal,0.9516666666666667,10,68,centralizada,j6032_1.sm,0,GOV,0,1.8695652173913044,0.3333333333333333,20,0.0,0.0,0.6959649499742878,60,12,60,60,2;3;4;5;6;7;8;9;10;11;12;13;14;15;16;17;18;19;20;21;22;23;24;25;26;27;28;29;30;31;32;33;34;35;36;37;38;39;40;41;42;43;44;45;46;47;48;49;50;51;52;53;54;55;56;57;58;59;60;61,2;3;4;5;6;7;8;9;10;11;12;13;14;15;16;17;18;19;20;21;22;23;24;25;26;27;28;29;30;31;32;33;34;35;36;37;38;39;40;41;42;43;44;45;46;47;48;49;50;51;52;53;54;55;56;57;58;59;60;61
True,131,69,0.697889766140639,0.0,8.311720738256067,289.0,453.0,64.0,59.0,73.09964578662594,53,7,9,0,0.11666666666666667,0.26666666666666666,337.0,0.17824849774354487,0.21691289550927578,0.0246638597574364,0.11261698609931993,22,0,64,59,38,123,10,23,1,0.6586427040007742,0.39362113220747674,13,60,112,48,1,64,0.6586427040007742,nenhuma,73.09964578662594,0.0,79,0,terminal,0.945,10,68,centralizada,j6032_1.sm,1,GOV,0,1.8985507246376812,0.36666666666666664,22,0.0,0.0,0.592246256012933,60,16,60,60,2;3;4;5;6;7;8;9;10;11;12;13;14;15;16;17;18;19;20;21;22;23;24;25;26;27;28;29;30;31;32;33;34;35;36;37;38;39;40;41;42;43;44;45;46;47;48;49;50;51;52;53;54;55;56;57;58;59;60;61,2;3;4;5;6;7;8;9;10;11;12;13;14;15;16;17;18;19;20;21;22;23;24;25;26;27;28;29;30;31;32;33;34;35;36;37;38;39;40;41;42;43;44;45;46;47;48;49;50;51;52;53;54;55;56;57;58;59;60;61
True,123,69,0.7109166362058184,8.881784197001252e-16,11.058575919524642,295.0,458.0,38.0,81.0,67.2386866122006,52,8,9,0,0.13333333333333333,0.2833333333333333,337.0,0.16633412100090478,0.1995213252587555,0.03281476533983573,0.1043692159590455,36,0,38,81,24,119,0,49,1,0.7659648859265082,0.2570239140832174,2,60,118,80,1,38,0.7659648859265082,nenhuma,67.23868661220061,0.0,74,0,terminal,0.8049999999999998,10,68,centralizada,j6032_1.sm,2,GOV,0,1.7826086956521738,0.6,36,0.0,0.0,0.49012120735694104,60,17,60,60,2;3;4;5;6;7;8;9;10;11;12;13;14;15;16;17;18;19;20;21;22;23;24;25;26;27;28;29;30;31;32;33;34;35;36;37;38;39;40;41;42;43;44;45;46;47;48;49;50;51;52;53;54;55;56;57;58;59;60;61,2;3;4;5;6;7;8;9;10;11;12;13;14;15;16;17;18;19;20;21;22;23;24;25;26;27;28;29;30;31;32;33;34;35;36;37;38;39;40;41;42;43;44;45;46;47;48;49;50;51;52;53;54;55;56;57;58;59;60;61
True,156,69,0.6366494106230506,1.7763568394002505e-15,14.270207653642732,269.0,464.0,105.0,75.0,84.81556514112074,48,12,10,0,0.2,0.36666666666666664,337.0,0.20107263019738314,0.2516782348401209,0.04234482983276775,0.11637452491111093,37,0,105,75,23,180,0,26,2,0.794910294566222,0.24332019624229825,0,60,178,73,2,105,0.794910294566222,nenhuma,84.81556514112074,0.0,93,0,terminal,0.8199999999999998,10,68,centralizada,j6032_1.sm,3,GOV,0,2.260869565217391,0.6166666666666667,37,0.0,0.0,0.5566690128531727,60,22,60,60,2;3;4;5;6;7;8;9;10;11;12;13;14;15;16;17;18;19;20;21;22;23;24;25;26;27;28;29;30;31;32;33;34;35;36;37;38;39;40;41;42;43;44;45;46;47;48;49;50;51;52;53;54;55;56;57;58;59;60;61,2;3;4;5;6;7;8;9;10;11;12;13;14;15;16;17;18;19;20;21;22;23;24;25;26;27;28;29;30;31;32;33;34;35;36;37;38;39;40;41;42;43;44;45;46;47;48;49;50;51;52;53;54;55;56;57;58;59;60;61
True,165,108,0.4722195723861454,0.0,7.5,293.0,343.0,251.0,96.0,36.3570170690015,53,7,4,0,0.11666666666666667,0.18333333333333332,334.0,0.09816748540835071,0.10885334451796856,0.02245508982035928,0.0500539214389495,21,0,251,96,39,347,39,0,8,0.6268507180531939,0.4857196752206667,21,60,300,49,8,251,0.6268507180531939,nenhuma,36.3570170690015,0.0,39,0,terminal,0.9966666666666667,10,68,centralizada,j6043_1.sm,0,GOV,0,1.5277777777777777,0.35,21,0.0,0.0,0.9341227787000121,60,11,60,60,2;3;4;5;6;7;8;9;10;11;12;13;14;15;16;17;18;19;20;21;22;23;24;25;26;27;28;29;30;31;32;33;34;35;36;37;38;39;40;41;42;43;44;45;46;47;48;49;50;51;52;53;54;55;56;57;58;59;60;61,2;3;4;5;6;7;8;9;10;11;12;13;14;15;16;17;18;19;20;21;22;23;24;25;26;27;28;29;30;31;32;33;34;35;36;37;38;39;40;41;42;43;44;45;46;47;48;49;50;51;52;53;54;55;56;57;58;59;60;61
True,150,108,0.5366229760986893,0.0,8.5,272.0,348.0,176.0,66.0,58.5,52,8,11,0,0.13333333333333333,0.31666666666666665,334.0,0.14904458598726114,0.1751497005988024,0.025449101796407185,0.09020817270624518,16,0,176,66,44,242,28,1,7,0.6586427040007742,0.39362113220747674,20,60,207,31,7,176,0.6586427040007742,nenhuma,58.5,0.0,63,0,terminal,0.9616666666666666,10,68,centralizada,j6043_1.sm,1,GOV,0,1.3888888888888888,0.26666666666666666,16,0.0,0.0,0.9472117514755994,60,19,60,60,2;3;4;5;6;7;8;9;10;11;12;13;14;15;16;17;18;19;20;21;22;23;24;25;26;27;28;29;30;31;32;33;34;35;36;37;38;39;40;41;42;43;44;45;46;47;48;49;50;51;52;53;54;55;56;57;58;59;60;61,2;3;4;5;6;7;8;9;10;11;12;13;14;15;16;17;18;19;20;21;22;23;24;25;26;27;28;29;30;31;32;33;34;35;36;37;38;39;40;41;42;43;44;45;46;47;48;49;50;51;52;53;54;55;56;57;58;59;60;61
True,146,108,0.72808780390466,0.0,6.270836543993524,288.0,418.0,55.0,37.0,64.10658131932578,51,9,12,0,0.15,0.35,334.0,0.16102869012332446,0.19193587221355024,0.01877495971255546,0.11166320576225697,22,0,55,37,38,92,3,4,1,0.7659648859265082,0.2570239140832174,6,60,88,33,1,55,0.7659648859265082,nenhuma,64.10658131932578,0.0,71,0,terminal,0.9223354931816393,10,68,centralizada,j6043_1.sm,2,GOV,0,1.3518518518518519,0.36666666666666664,22,0.0,0.0,0.6855189162648019,60,21,60,60,2;3;4;5;6;7;8;9;10;11;12;13;14;15;16;17;18;19;20;21;22;23;24;25;26;27;28;29;30;31;32;33;34;35;36;37;38;39;40;41;42;43;44;45;46;47;48;49;50;51;52;53;54;55;56;57;58;59;60;61,2;3;4;5;6;7;8;9;10;11;12;13;14;15;16;17;18;19;20;21;22;23;24;25;26;27;28;29;30;31;32;33;34;35;36;37;38;39;40;41;42;43;44;45;46;47;48;49;50;51;52;53;54;55;56;57;58;59;60;61
True,169,108,0.5600063722069131,0.0,5.933001214462243,297.0,414.0,178.0,80.0,67.27730209297303,53,7,8,0,0.11666666666666667,0.25,334.0,0.16765788082722247,0.20142904818255397,0.017763476690006715,0.09100414946124248,29,0,178,80,31,258,5,4,2,0.794910294566222,0.24332019624229825,4,60,251,73,2,178,0.794910294566222,nenhuma,67.27730209297303,0.0,75,0,terminal,0.9066666666666666,10,68,centralizada,j6043_1.sm,3,GOV,0,1.5648148148148149,0.48333333333333334,29,0.0,0.0,0.706224969936564,60,15,60,60,2;3;4;5;6;7;8;9;10;11;12;13;14;15;16;17;18;19;20;21;22;23;24;25;26;27;28;29;30;31;32;33;34;35;36;37;38;39;40;41;42;43;44;45;46;47;48;49;50;51;52;53;54;55;56;57;58;59;60;61,2;3;4;5;6;7;8;9;10;11;12;13;14;15;16;17;18;19;20;21;22;23;24;25;26;27;28;29;30;31;32;33;34;35;36;37;38;39;40;41;42;43;44;45;46;47;48;49;50;51;52;53;54;55;56;57;58;59;60;61
True,137,85,0.7300703212575963,0.0,10.34372477189352,285.0,400.0,67.0,40.0,40.892426733595386,54,6,4,0,0.1,0.16666666666666666,323.0,0.11237504198880352,0.1266019403516885,0.03202391570245672,0.07463586780599675,15,0,67,40,45,107,10,1,6,0.6268507180531939,0.4857196752206667,16,60,91,24,6,67,0.6268507180531939,nenhuma,40.892426733595386,0.0,45,0,terminal,0.9766666666666666,10,73,centralizada,j6010_1.sm,0,GOV,0,1.611764705882353,0.25,15,0.0,0.0,0.771804862065993,60,10,60,60,2;3;4;5;6;7;8;9;10;11;12;13;14;15;16;17;18;19;20;21;22;23;24;25;26;27;28;29;30;31;32;33;34;35;36;37;38;39;40;41;42;43;44;45;46;47;48;49;50;51;52;53;54;55;56;57;58;59;60;61,2;3;4;5;6;7;8;9;10;11;12;13;14;15;16;17;18;19;20;21;22;23;24;25;26;27;28;29;30;31;32;33;34;35;36;37;38;39;40;41;42;43;44;45;46;47;48;49;50;51;52;53;54;55;56;57;58;59;60;61
True,162,85,0.6304462867093074,0.0,13.0,227.0,385.0,107.0,53.0,65.67851158193872,46,14,2,0,0.23333333333333334,0.26666666666666666,323.0,0.16897901382462405,0.2033390451453211,0.04024767801857585,0.10755006167124027,19,0,107,53,41,160,19,4,7,0.6586427040007742,0.39362113220747674,14,60,134,27,7,107,0.6586427040007742,nenhuma,65.67851158193872,0.0,70,0,terminal,0.9516666666666667,10,73,centralizada,j6010_1.sm,1,GOV,0,1.9058823529411764,0.31666666666666665,19,0.0,0.0,0.8177663093033547,60,16,60,60,2;3;4;5;6;7;8;9;10;11;12;13;14;15;16;17;18;19;20;21;22;23;24;25;26;27;28;29;30;31;32;33;34;35;36;37;38;39;40;41;42;43;44;45;46;47;48;49;50;51;52;53;54;55;56;57;58;59;60;61,2;3;4;5;6;7;8;9;10;11;12;13;14;15;16;17;18;19;20;21;22;23;24;25;26;27;28;29;30;31;32;33;34;35;36;37;38;39;40;41;42;43;44;45;46;47;48;49;50;51;52;53;54;55;56;57;58;59;60;61
True,136,85,0.6902488102714217,0.0,21.0,192.0,411.0,56.0,47.0,81.43746238169588,40,20,1,0,0.3333333333333333,0.35,323.0,0.2013598391754265,0.2521283665067984,0.06501547987616099,0.13676912778707845,33,0,56,47,27,103,8,9,3,0.7659648859265082,0.2570239140832174,4,60,92,36,3,56,0.7659648859265082,nenhuma,81.43746238169588,0.0,90,0,terminal,0.9083333333333332,10,73,centralizada,j6010_1.sm,2,GOV,0,1.6,0.55,33,0.0,0.0,0.6167549712759701,60,21,60,60,2;3;4;5;6;7;8;9;10;11;12;13;14;15;16;17;18;19;20;21;22;23;24;25;26;27;28;29;30;31;32;33;34;35;36;37;38;39;40;41;42;43;44;45;46;47;48;49;50;51;52;53;54;55;56;57;58;59;60;61,2;3;4;5;6;7;8;9;10;11;12;13;14;15;16;17;18;19;20;21;22;23;24;25;26;27;28;29;30;31;32;33;34;35;36;37;38;39;40;41;42;43;44;45;46;47;48;49;50;51;52;53;54;55;56;57;58;59;60;61
True,142,85,0.6040808821308209,1.7763568394002505e-15,13.474424518616885,239.0,392.0,124.0,75.0,57.91972514883819,47,13,1,0,0.21666666666666667,0.23333333333333334,323.0,0.15205231266563315,0.1793180345165269,0.041716484577761254,0.08925560882827771,24,0,124,75,36,199,4,5,7,0.794910294566222,0.24332019624229825,3,60,188,64,7,124,0.794910294566222,nenhuma,57.919725148838175,0.0,62,0,terminal,0.9089602981636591,10,73,centralizada,j6010_1.sm,3,GOV,0,1.6705882352941177,0.4,24,0.0,0.0,0.7662208147249058,60,14,60,60,2;3;4;5;6;7;8;9;10;11;12;13;14;15;16;17;18;19;20;21;22;23;24;25;26;27;28;29;30;31;32;33;34;35;36;37;38;39;40;41;42;43;44;45;46;47;48;49;50;51;52;53;54;55;56;57;58;59;60;61,2;3;4;5;6;7;8;9;10;11;12;13;14;15;16;17;18;19;20;21;22;23;24;25;26;27;28;29;30;31;32;33;34;35;36;37;38;39;40;41;42;43;44;45;46;47;48;49;50;51;52;53;54;55;56;57;58;59;60;61
True,237,76,0.7094054445244229,0.0,22.052211645898257,246.0,407.0,66.0,40.0,60.71987083190212,44,16,1,0,0.26666666666666666,0.2833333333333333,332.0,0.1546136962799429,0.18289117720452447,0.0664223242346333,0.10583539793358984,27,0,66,40,33,106,13,3,2,0.6268507180531939,0.4857196752206667,18,60,91,25,2,66,0.6268507180531939,nenhuma,60.71987083190212,0.0,67,0,terminal,0.9883333333333333,10,73,centralizada,j6021_1.sm,0,GOV,0,3.1184210526315788,0.45,27,0.0,0.0,0.8230069568873111,60,17,60,60,2;3;4;5;6;7;8;9;10;11;12;13;14;15;16;17;18;19;20;21;22;23;24;25;26;27;28;29;30;31;32;33;34;35;36;37;38;39;40;41;42;43;44;45;46;47;48;49;50;51;52;53;54;55;56;57;58;59;60;61,2;3;4;5;6;7;8;9;10;11;12;13;14;15;16;17;18;19;20;21;22;23;24;25;26;27;28;29;30;31;32;33;34;35;36;37;38;39;40;41;42;43;44;45;46;47;48;49;50;51;52;53;54;55;56;57;58;59;60;61
True,229,76,0.7232551111693772,0.0,9.6907383763274,233.0,405.0,44.0,30.0,80.96838977768942,42,18,3,0,0.3,0.35,332.0,0.19606437631044016,0.24388069210147417,0.02918897101303434,0.14459457222189687,26,0,44,30,34,74,8,1,2,0.6586427040007742,0.39362113220747674,17,60,64,20,2,44,0.6586427040007742,nenhuma,80.96838977768944,0.0,87,0,terminal,0.9616666666666666,10,73,centralizada,j6021_1.sm,1,GOV,0,3.013157894736842,0.43333333333333335,26,0.0,0.0,0.8161284431890014,60,21,60,60,2;3;4;5;6;7;8;9;10;11;12;13;14;15;16;17;18;19;20;21;22;23;24;25;26;27;28;29;30;31;32;33;34;35;36;37;38;39;40;41;42;43;44;45;46;47;48;49;50;51;52;53;54;55;56;57;58;59;60;61,2;3;4;5;6;7;8;9;10;11;12;13;14;15;16;17;18;19;20;21;22;23;24;25;26;27;28;29;30;31;32;33;34;35;36;37;38;39;40;41;42;43;44;45;46;47;48;49;50;51;52;53;54;55;56;57;58;59;60;61
True,194,76,0.7721180165979479,0.0,18.63466994167501,226.0,432.0,17.0,19.0,91.49996077471167,43,17,4,0,0.2833333333333333,0.35,332.0,0.21605659799195753,0.2756022914900954,0.056128523920707864,0.16353881535222314,27,0,17,19,33,36,1,4,2,0.7659648859265082,0.2570239140832174,6,60,33,16,2,17,0.7659648859265082,nenhuma,91.49996077471164,0.0,100,0,terminal,0.9187167094296304,10,73,centralizada,j6021_1.sm,2,GOV,0,2.5526315789473686,0.45,27,0.0,0.0,0.7367011112596363,60,21,60,60,2;3;4;5;6;7;8;9;10;11;12;13;14;15;16;17;18;19;20;21;22;23;24;25;26;27;28;29;30;31;32;33;34;35;36;37;38;39;40;41;42;43;44;45;46;47;48;49;50;51;52;53;54;55;56;57;58;59;60;61,2;3;4;5;6;7;8;9;10;11;12;13;14;15;16;17;18;19;20;21;22;23;24;25;26;27;28;29;30;31;32;33;34;35;36;37;38;39;40;41;42;43;44;45;46;47;48;49;50;51;52;53;54;55;56;57;58;59;60;61
True,207,76,0.6734146607445508,0.0,31.954116600510467,190.0,443.0,59.0,41.0,114.84133584232285,39,21,4,0,0.35,0.4166666666666667,332.0,0.25700696562872816,0.3459076380792857,0.09624733915816405,0.17457300048692745,35,0,59,41,25,100,0,0,5,0.794910294566222,0.24332019624229825,2,60,95,36,5,59,0.794910294566222,nenhuma,114.84133584232286,0.0,126,0,terminal,0.8816666666666667,10,73,centralizada,j6021_1.sm,3,GOV,0,2.723684210526316,0.5833333333333334,35,0.0,0.0,0.6905524930777137,60,25,60,60,2;3;4;5;6;7;8;9;10;11;12;13;14;15;16;17;18;19;20;21;22;23;24;25;26;27;28;29;30;31;32;33;34;35;36;37;38;39;40;41;42;43;44;45;46;47;48;49;50;51;52;53;54;55;56;57;58;59;60;61,2;3;4;5;6;7;8;9;10;11;12;13;14;15;16;17;18;19;20;21;22;23;24;25;26;27;28;29;30;31;32;33;34;35;36;37;38;39;40;41;42;43;44;45;46;47;48;49;50;51;52;53;54;55;56;57;58;59;60;61
True,168,69,0.683759379556913,0.0,15.046746843695516,259.0,427.0,86.0,58.0,53.48869114848971,48,12,2,0,0.2,0.23333333333333334,337.0,0.13697884819960063,0.15872015177593385,0.044649100426396186,0.08565197722014677,23,0,86,58,37,144,6,10,12,0.6268507180531939,0.4857196752206667,14,60,126,40,12,86,0.6268507180531939,nenhuma,53.48869114848971,0.0,58,0,terminal,0.9866666666666667,10,73,centralizada,j6032_1.sm,0,GOV,0,2.4347826086956523,0.38333333333333336,23,0.0,0.0,0.7799234030003654,60,14,60,60,2;3;4;5;6;7;8;9;10;11;12;13;14;15;16;17;18;19;20;21;22;23;24;25;26;27;28;29;30;31;32;33;34;35;36;37;38;39;40;41;42;43;44;45;46;47;48;49;50;51;52;53;54;55;56;57;58;59;60;61,2;3;4;5;6;7;8;9;10;11;12;13;14;15;16;17;18;19;20;21;22;23;24;25;26;27;28;29;30;31;32;33;34;35;36;37;38;39;40;41;42;43;44;45;46;47;48;49;50;51;52;53;54;55;56;57;58;59;60;61
True,132,69,0.6895953916316829,0.0,30.661299148983197,235.0,437.0,54.0,58.0,84.70493089577428,43,17,5,0,0.2833333333333333,0.36666666666666664,337.0,0.20086303168389885,0.25134994331090293,0.09098308352814005,0.13366620135973936,30,0,54,58,30,112,10,23,1,0.6586427040007742,0.39362113220747674,13,60,101,47,1,54,0.6586427040007742,nenhuma,84.70493089577428,0.0,94,0,terminal,0.9516666666666667,10,73,centralizada,j6032_1.sm,1,GOV,0,1.9130434782608696,0.5,30,0.0,0.0,0.5402252610854315,60,22,60,60,2;3;4;5;6;7;8;9;10;11;12;13;14;15;16;17;18;19;20;21;22;23;24;25;26;27;28;29;30;31;32;33;34;35;36;37;38;39;40;41;42;43;44;45;46;47;48;49;50;51;52;53;54;55;56;57;58;59;60;61,2;3;4;5;6;7;8;9;10;11;12;13;14;15;16;17;18;19;20;21;22;23;24;25;26;27;28;29;30;31;32;33;34;35;36;37;38;39;40;41;42;43;44;45;46;47;48;49;50;51;52;53;54;55;56;57;58;59;60;61
True,136,69,0.6928394773766887,0.0,23.966480751751867,239.0,459.0,47.0,73.0,83.4911180551092,46,14,4,0,0.23333333333333334,0.3,337.0,0.1985561988592751,0.24774812479260888,0.07111715356602928,0.12602601873398098,23,0,47,73,37,120,0,27,2,0.7659648859265082,0.2570239140832174,2,60,118,71,2,47,0.7659648859265082,nenhuma,83.4911180551092,0.0,91,0,terminal,0.7983333333333332,10,73,centralizada,j6032_1.sm,2,GOV,0,1.9710144927536233,0.38333333333333336,23,0.0,0.0,0.6450797299783269,60,18,60,60,2;3;4;5;6;7;8;9;10;11;12;13;14;15;16;17;18;19;20;21;22;23;24;25;26;27;28;29;30;31;32;33;34;35;36;37;38;39;40;41;42;43;44;45;46;47;48;49;50;51;52;53;54;55;56;57;58;59;60;61,2;3;4;5;6;7;8;9;10;11;12;13;14;15;16;17;18;19;20;21;22;23;24;25;26;27;28;29;30;31;32;33;34;35;36;37;38;39;40;41;42;43;44;45;46;47;48;49;50;51;52;53;54;55;56;57;58;59;60;61
True,150,69,0.6248252678088242,1.7763568394002505e-15,20.259538319509737,194.0,466.0,96.0,87.0,96.80850680734723,40,20,2,0,0.3333333333333333,0.36666666666666664,337.0,0.22315953995420273,0.28726559883485825,0.06011732439023661,0.12980343603449165,33,0,96,87,27,183,0,28,6,0.794910294566222,0.24332019624229825,0,60,177,81,6,96,0.794910294566222,nenhuma,96.80850680734724,0.0,105,0,terminal,0.8183333333333332,10,73,centralizada,j6032_1.sm,3,GOV,0,2.1739130434782608,0.55,33,0.0,0.0,0.5429050573980185,60,22,60,60,2;3;4;5;6;7;8;9;10;11;12;13;14;15;16;17;18;19;20;21;22;23;24;25;26;27;28;29;30;31;32;33;34;35;36;37;38;39;40;41;42;43;44;45;46;47;48;49;50;51;52;53;54;55;56;57;58;59;60;61,2;3;4;5;6;7;8;9;10;11;12;13;14;15;16;17;18;19;20;21;22;23;24;25;26;27;28;29;30;31;32;33;34;35;36;37;38;39;40;41;42;43;44;45;46;47;48;49;50;51;52;53;54;55;56;57;58;59;60;61
True,173,108,0.5644641309245914,0.0,16.303724390824634,259.0,373.0,167.0,77.0,43.803724390824634,49,11,2,0,0.18333333333333332,0.21666666666666667,334.0,0.11594307192565213,0.13114887542163065,0.048813546080313276,0.06628855554833016,20,0,167,77,40,244,23,1,9,0.6268507180531939,0.4857196752206667,21,60,212,45,9,167,0.6268507180531939,nenhuma,43.803724390824634,0.0,48,0,terminal,0.985,10,73,centralizada,j6043_1.sm,0,GOV,0,1.6018518518518519,0.3333333333333333,20,0.0,0.0,0.8592540461058905,60,13,60,60,2;3;4;5;6;7;8;9;10;11;12;13;14;15;16;17;18;19;20;21;22;23;24;25;26;27;28;29;30;31;32;33;34;35;36;37;38;39;40;41;42;43;44;45;46;47;48;49;50;51;52;53;54;55;56;57;58;59;60;61,2;3;4;5;6;7;8;9;10;11;12;13;14;15;16;17;18;19;20;21;22;23;24;25;26;27;28;29;30;31;32;33;34;35;36;37;38;39;40;41;42;43;44;45;46;47;48;49;50;51;52;53;54;55;56;57;58;59;60;61
True,169,108,0.5965966481931172,8.881784197001252e-16,15.332161418511845,253.0,368.0,127.0,72.0,49.832161418511845,49,11,3,0,0.18333333333333332,0.23333333333333334,334.0,0.1298279988689569,0.1491980880793768,0.045904674905724085,0.08078722955027864,16,0,127,72,44,199,25,0,10,0.6586427040007742,0.39362113220747674,20,60,164,37,10,127,0.6586427040007742,nenhuma,49.832161418511845,0.0,54,0,terminal,0.9666666666666667,10,73,centralizada,j6043_1.sm,1,GOV,0,1.5648148148148149,0.26666666666666666,16,0.0,0.0,0.8849426653087324,60,14,60,60,2;3;4;5;6;7;8;9;10;11;12;13;14;15;16;17;18;19;20;21;22;23;24;25;26;27;28;29;30;31;32;33;34;35;36;37;38;39;40;41;42;43;44;45;46;47;48;49;50;51;52;53;54;55;56;57;58;59;60;61,2;3;4;5;6;7;8;9;10;11;12;13;14;15;16;17;18;19;20;21;22;23;24;25;26;27;28;29;30;31;32;33;34;35;36;37;38;39;40;41;42;43;44;45;46;47;48;49;50;51;52;53;54;55;56;57;58;59;60;61
True,159,108,0.7005205935749653,0.0,20.287156059078317,224.0,415.0,61.0,47.0,69.4165596362148,44,16,1,0,0.26666666666666666,0.2833333333333333,334.0,0.1720716663163553,0.20783401088687065,0.06073998820083328,0.11717525195251366,23,0,61,47,37,108,2,5,5,0.7659648859265082,0.2570239140832174,6,60,101,40,5,61,0.7659648859265082,nenhuma,69.4165596362148,0.0,76,0,terminal,0.916945183983486,10,73,centralizada,j6043_1.sm,2,GOV,0,1.4722222222222223,0.38333333333333336,23,0.0,0.0,0.6904274657881613,60,17,60,60,2;3;4;5;6;7;8;9;10;11;12;13;14;15;16;17;18;19;20;21;22;23;24;25;26;27;28;29;30;31;32;33;34;35;36;37;38;39;40;41;42;43;44;45;46;47;48;49;50;51;52;53;54;55;56;57;58;59;60;61,2;3;4;5;6;7;8;9;10;11;12;13;14;15;16;17;18;19;20;21;22;23;24;25;26;27;28;29;30;31;32;33;34;35;36;37;38;39;40;41;42;43;44;45;46;47;48;49;50;51;52;53;54;55;56;57;58;59;60;61
True,176,108,0.5925820814914187,0.0,18.17957490949641,209.0,406.0,119.0,78.0,82.13715260875531,41,19,3,0,0.31666666666666665,0.36666666666666664,334.0,0.19738000342877146,0.24591961858908776,0.05442986499849224,0.11988424842530675,28,0,119,78,32,197,0,2,20,0.794910294566222,0.24332019624229825,4,60,177,58,20,119,0.794910294566222,nenhuma,82.13715260875531,0.0,90,0,terminal,0.8649999999999999,10,73,centralizada,j6043_1.sm,3,GOV,0,1.6296296296296295,0.4666666666666667,28,0.0,0.0,0.7645263623865443,60,22,60,60,2;3;4;5;6;7;8;9;10;11;12;13;14;15;16;17;18;19;20;21;22;23;24;25;26;27;28;29;30;31;32;33;34;35;36;37;38;39;40;41;42;43;44;45;46;47;48;49;50;51;52;53;54;55;56;57;58;59;60;61,2;3;4;5;6;7;8;9;10;11;12;13;14;15;16;17;18;19;20;21;22;23;24;25;26;27;28;29;30;31;32;33;34;35;36;37;38;39;40;41;42;43;44;45;46;47;48;49;50;51;52;53;54;55;56;57;58;59;60;61
True,124,85,0.704142360421997,0.0,11.892411596621507,276.0,405.0,79.0,42.0,49.16778248830386,53,7,5,0,0.11666666666666667,0.2,323.0,0.13211187212275435,0.1522222368058943,0.03681861175424615,0.0854842430074805,16,0,79,42,44,121,8,1,6,0.6268507180531939,0.4857196752206667,16,60,107,28,6,79,0.6268507180531939,nenhuma,49.16778248830386,0.0,52,0,terminal,0.9883333333333333,10,77,centralizada,j6010_1.sm,0,GOV,0,1.4588235294117646,0.26666666666666666,16,0.0,0.0,0.7566702455292531,60,12,60,60,2;3;4;5;6;7;8;9;10;11;12;13;14;15;16;17;18;19;20;21;22;23;24;25;26;27;28;29;30;31;32;33;34;35;36;37;38;39;40;41;42;43;44;45;46;47;48;49;50;51;52;53;54;55;56;57;58;59;60;61,2;3;4;5;6;7;8;9;10;11;12;13;14;15;16;17;18;19;20;21;22;23;24;25;26;27;28;29;30;31;32;33;34;35;36;37;38;39;40;41;42;43;44;45;46;47;48;49;50;51;52;53;54;55;56;57;58;59;60;61
True,120,85,0.6664970773184488,0.0,9.055983592803438,271.0,368.0,82.0,54.0,48.140455710012986,51,9,7,0,0.15,0.26666666666666666,323.0,0.1297095344077151,0.14904165854493184,0.02803710090651219,0.0871887854116899,16,0,82,54,44,136,7,6,3,0.6586427040007742,0.39362113220747674,14,60,126,44,3,82,0.6586427040007742,nenhuma,48.140455710012986,0.0,52,0,terminal,0.9383333333333334,10,77,centralizada,j6010_1.sm,1,GOV,0,1.411764705882353,0.26666666666666666,16,0.0,0.0,0.8352612388382881,60,16,60,60,2;3;4;5;6;7;8;9;10;11;12;13;14;15;16;17;18;19;20;21;22;23;24;25;26;27;28;29;30;31;32;33;34;35;36;37;38;39;40;41;42;43;44;45;46;47;48;49;50;51;52;53;54;55;56;57;58;59;60;61,2;3;4;5;6;7;8;9;10;11;12;13;14;15;16;17;18;19;20;21;22;23;24;25;26;27;28;29;30;31;32;33;34;35;36;37;38;39;40;41;42;43;44;45;46;47;48;49;50;51;52;53;54;55;56;57;58;59;60;61
True,143,85,0.6990060875022394,1.7763568394002505e-15,10.647893566963852,228.0,418.0,58.0,40.0,81.99193093387888,45,15,6,0,0.25,0.35,323.0,0.20245324578396431,0.2538449874113897,0.03296561475840202,0.1371121025091974,25,0,58,40,35,98,8,4,4,0.7659648859265082,0.2570239140832174,4,60,86,28,4,58,0.7659648859265082,nenhuma,81.99193093387888,0.0,89,0,terminal,0.9216666666666665,10,77,centralizada,j6010_1.sm,2,GOV,0,1.6823529411764706,0.4166666666666667,25,0.0,0.0,0.6615393152682145,60,21,60,60,2;3;4;5;6;7;8;9;10;11;12;13;14;15;16;17;18;19;20;21;22;23;24;25;26;27;28;29;30;31;32;33;34;35;36;37;38;39;40;41;42;43;44;45;46;47;48;49;50;51;52;53;54;55;56;57;58;59;60;61,2;3;4;5;6;7;8;9;10;11;12;13;14;15;16;17;18;19;20;21;22;23;24;25;26;27;28;29;30;31;32;33;34;35;36;37;38;39;40;41;42;43;44;45;46;47;48;49;50;51;52;53;54;55;56;57;58;59;60;61
True,147,85,0.6221388139297386,0.0,9.013007488050862,272.0,398.0,116.0,76.0,49.72861215013061,52,8,6,0,0.13333333333333333,0.23333333333333334,323.0,0.13341774827337516,0.15395855154839197,0.027904047950621864,0.07773391904888001,23,0,116,76,37,192,4,6,6,0.794910294566222,0.24332019624229825,3,60,182,66,6,116,0.794910294566222,nenhuma,49.72861215013061,0.0,55,0,terminal,0.9039602981636591,10,77,centralizada,j6010_1.sm,3,GOV,0,1.7294117647058824,0.38333333333333336,23,0.0,0.0,0.7543804281288811,60,14,60,60,2;3;4;5;6;7;8;9;10;11;12;13;14;15;16;17;18;19;20;21;22;23;24;25;26;27;28;29;30;31;32;33;34;35;36;37;38;39;40;41;42;43;44;45;46;47;48;49;50;51;52;53;54;55;56;57;58;59;60;61,2;3;4;5;6;7;8;9;10;11;12;13;14;15;16;17;18;19;20;21;22;23;24;25;26;27;28;29;30;31;32;33;34;35;36;37;38;39;40;41;42;43;44;45;46;47;48;49;50;51;52;53;54;55;56;57;58;59;60;61
True,206,76,0.6781356105457276,1.7763568394002505e-15,19.73420639875961,265.0,399.0,73.0,45.0,71.37789049141064,50,10,6,0,0.16666666666666666,0.26666666666666666,332.0,0.1769504283054664,0.21499364605846577,0.05944038071915545,0.12131300588435799,25,0,73,45,35,118,15,0,5,0.6268507180531939,0.4857196752206667,18,60,98,25,5,73,0.6268507180531939,nenhuma,71.37789049141064,0.0,77,0,terminal,0.9883333333333333,10,77,centralizada,j6021_1.sm,0,GOV,0,2.710526315789474,0.4166666666666667,25,0.0,0.0,0.8325838033462538,60,16,60,60,2;3;4;5;6;7;8;9;10;11;12;13;14;15;16;17;18;19;20;21;22;23;24;25;26;27;28;29;30;31;32;33;34;35;36;37;38;39;40;41;42;43;44;45;46;47;48;49;50;51;52;53;54;55;56;57;58;59;60;61,2;3;4;5;6;7;8;9;10;11;12;13;14;15;16;17;18;19;20;21;22;23;24;25;26;27;28;29;30;31;32;33;34;35;36;37;38;39;40;41;42;43;44;45;46;47;48;49;50;51;52;53;54;55;56;57;58;59;60;61
True,233,76,0.67088385036089,0.0,11.133694384420163,264.0,415.0,69.0,36.0,98.5869577524606,49,11,14,0,0.18333333333333332,0.4166666666666667,332.0,0.22895946098102,0.2969486679290982,0.03353522404945832,0.15937445255984858,33,0,69,36,27,105,7,2,3,0.6586427040007742,0.39362113220747674,17,60,95,26,3,69,0.6586427040007742,nenhuma,98.5869577524606,0.0,107,0,terminal,0.9566666666666667,10,77,centralizada,j6021_1.sm,1,GOV,0,3.0657894736842106,0.55,33,0.0,0.0,0.7610178496698241,60,25,60,60,2;3;4;5;6;7;8;9;10;11;12;13;14;15;16;17;18;19;20;21;22;23;24;25;26;27;28;29;30;31;32;33;34;35;36;37;38;39;40;41;42;43;44;45;46;47;48;49;50;51;52;53;54;55;56;57;58;59;60;61,2;3;4;5;6;7;8;9;10;11;12;13;14;15;16;17;18;19;20;21;22;23;24;25;26;27;28;29;30;31;32;33;34;35;36;37;38;39;40;41;42;43;44;45;46;47;48;49;50;51;52;53;54;55;56;57;58;59;60;61
True,167,76,0.8127455642661918,0.0,16.734281327578117,296.0,410.0,28.0,20.0,46.462919302646704,53,7,6,0,0.11666666666666667,0.21666666666666667,332.0,0.12276742828137291,0.13994855211640572,0.05040446183005457,0.09210373552703446,26,0,28,20,34,48,5,0,3,0.7659648859265082,0.2570239140832174,6,60,40,12,3,28,0.7659648859265082,nenhuma,46.462919302646704,0.0,51,0,terminal,0.9583333333333334,10,77,centralizada,j6021_1.sm,2,GOV,0,2.1973684210526314,0.43333333333333335,26,0.0,0.0,0.7248795632920071,60,13,60,60,2;3;4;5;6;7;8;9;10;11;12;13;14;15;16;17;18;19;20;21;22;23;24;25;26;27;28;29;30;31;32;33;34;35;36;37;38;39;40;41;42;43;44;45;46;47;48;49;50;51;52;53;54;55;56;57;58;59;60;61,2;3;4;5;6;7;8;9;10;11;12;13;14;15;16;17;18;19;20;21;22;23;24;25;26;27;28;29;30;31;32;33;34;35;36;37;38;39;40;41;42;43;44;45;46;47;48;49;50;51;52;53;54;55;56;57;58;59;60;61
True,241,76,0.6941122029238853,0.0,17.739464665141966,237.0,441.0,53.0,40.0,101.34396620939252,46,14,8,0,0.23333333333333334,0.36666666666666664,332.0,0.23386495281308,0.30525291026925455,0.05343212248536737,0.15951039373842457,27,0,53,40,33,93,0,0,8,0.794910294566222,0.24332019624229825,2,60,85,32,8,53,0.794910294566222,nenhuma,101.34396620939252,0.0,109,0,terminal,0.8833333333333333,10,77,centralizada,j6021_1.sm,3,GOV,0,3.1710526315789473,0.45,27,0.0,0.0,0.7656391145662061,60,22,60,60,2;3;4;5;6;7;8;9;10;11;12;13;14;15;16;17;18;19;20;21;22;23;24;25;26;27;28;29;30;31;32;33;34;35;36;37;38;39;40;41;42;43;44;45;46;47;48;49;50;51;52;53;54;55;56;57;58;59;60;61,2;3;4;5;6;7;8;9;10;11;12;13;14;15;16;17;18;19;20;21;22;23;24;25;26;27;28;29;30;31;32;33;34;35;36;37;38;39;40;41;42;43;44;45;46;47;48;49;50;51;52;53;54;55;56;57;58;59;60;61
True,119,69,0.7229117571403072,0.0,8.5,288.0,445.0,68.0,53.0,49.56614013352061,52,8,6,0,0.13333333333333333,0.23333333333333334,337.0,0.1282216288172585,0.14708053452083267,0.025222551928783383,0.08052122574963165,23,0,68,53,37,121,8,15,9,0.6268507180531939,0.4857196752206667,14,60,104,36,9,68,0.6268507180531939,nenhuma,49.56614013352061,0.0,54,0,terminal,0.9683333333333333,10,77,centralizada,j6032_1.sm,0,GOV,0,1.7246376811594204,0.38333333333333336,23,0.0,0.0,0.6294146122195179,60,14,60,60,2;3;4;5;6;7;8;9;10;11;12;13;14;15;16;17;18;19;20;21;22;23;24;25;26;27;28;29;30;31;32;33;34;35;36;37;38;39;40;41;42;43;44;45;46;47;48;49;50;51;52;53;54;55;56;57;58;59;60;61,2;3;4;5;6;7;8;9;10;11;12;13;14;15;16;17;18;19;20;21;22;23;24;25;26;27;28;29;30;31;32;33;34;35;36;37;38;39;40;41;42;43;44;45;46;47;48;49;50;51;52;53;54;55;56;57;58;59;60;61
True,140,69,0.6925550314713196,0.0,12.5,254.0,445.0,60.0,57.0,80.54821606682474,47,13,8,0,0.21666666666666667,0.35,337.0,0.19290758041206368,0.2390154779431001,0.037091988130563795,0.1253574658721763,22,0,60,57,38,117,12,19,3,0.6586427040007742,0.39362113220747674,13,60,102,42,3,60,0.6586427040007742,nenhuma,80.54821606682474,0.0,87,0,terminal,0.9500000000000001,10,77,centralizada,j6032_1.sm,1,GOV,0,2.028985507246377,0.36666666666666664,22,0.0,0.0,0.5996484147499517,60,21,60,60,2;3;4;5;6;7;8;9;10;11;12;13;14;15;16;17;18;19;20;21;22;23;24;25;26;27;28;29;30;31;32;33;34;35;36;37;38;39;40;41;42;43;44;45;46;47;48;49;50;51;52;53;54;55;56;57;58;59;60;61,2;3;4;5;6;7;8;9;10;11;12;13;14;15;16;17;18;19;20;21;22;23;24;25;26;27;28;29;30;31;32;33;34;35;36;37;38;39;40;41;42;43;44;45;46;47;48;49;50;51;52;53;54;55;56;57;58;59;60;61
True,129,69,0.6916631910564012,8.881784197001252e-16,10.51018623909196,298.0,439.0,67.0,84.0,44.70198454467426,54,6,6,0,0.1,0.2,337.0,0.11711226651859956,0.13264683841149633,0.031187496258433114,0.07042987990141987,24,0,67,84,36,151,0,28,3,0.7659648859265082,0.2570239140832174,2,60,148,81,3,67,0.7659648859265082,nenhuma,44.70198454467426,0.0,48,0,terminal,0.8183333333333334,10,77,centralizada,j6032_1.sm,2,GOV,0,1.8695652173913044,0.4,24,0.0,0.0,0.7101406036341699,60,12,60,60,2;3;4;5;6;7;8;9;10;11;12;13;14;15;16;17;18;19;20;21;22;23;24;25;26;27;28;29;30;31;32;33;34;35;36;37;38;39;40;41;42;43;44;45;46;47;48;49;50;51;52;53;54;55;56;57;58;59;60;61,2;3;4;5;6;7;8;9;10;11;12;13;14;15;16;17;18;19;20;21;22;23;24;25;26;27;28;29;30;31;32;33;34;35;36;37;38;39;40;41;42;43;44;45;46;47;48;49;50;51;52;53;54;55;56;57;58;59;60;61
True,148,69,0.6484841959844825,0.0,11.084185244049289,266.0,485.0,99.0,71.0,92.89794879072976,49,11,11,0,0.18333333333333332,0.36666666666666664,337.0,0.21609302638462133,0.2756615691119577,0.03289075740073973,0.124212065216833,29,0,99,71,31,170,0,12,17,0.794910294566222,0.24332019624229825,0,60,153,54,17,99,0.794910294566222,nenhuma,92.89794879072974,0.0,101,0,terminal,0.8683333333333333,10,77,centralizada,j6032_1.sm,3,GOV,0,2.1449275362318843,0.48333333333333334,29,0.0,0.0,0.5423905702205201,60,22,60,60,2;3;4;5;6;7;8;9;10;11;12;13;14;15;16;17;18;19;20;21;22;23;24;25;26;27;28;29;30;31;32;33;34;35;36;37;38;39;40;41;42;43;44;45;46;47;48;49;50;51;52;53;54;55;56;57;58;59;60;61,2;3;4;5;6;7;8;9;10;11;12;13;14;15;16;17;18;19;20;21;22;23;24;25;26;27;28;29;30;31;32;33;34;35;36;37;38;39;40;41;42;43;44;45;46;47;48;49;50;51;52;53;54;55;56;57;58;59;60;61
True,158,108,0.530260221336265,8.881784197001252e-16,10.05043933261869,270.0,360.0,197.0,87.0,34.911948350177326,51,9,1,0,0.15,0.16666666666666666,334.0,0.094634908157104,0.10452679146759679,0.030091135726403265,0.05142338183179245,22,0,197,87,38,284,28,1,7,0.6268507180531939,0.4857196752206667,21,60,249,52,7,197,0.6268507180531939,nenhuma,34.911948350177326,0.0,38,0,terminal,0.995,10,77,centralizada,j6043_1.sm,0,GOV,0,1.462962962962963,0.36666666666666664,22,0.0,0.0,0.8783357416791613,60,10,60,60,2;3;4;5;6;7;8;9;10;11;12;13;14;15;16;17;18;19;20;21;22;23;24;25;26;27;28;29;30;31;32;33;34;35;36;37;38;39;40;41;42;43;44;45;46;47;48;49;50;51;52;53;54;55;56;57;58;59;60;61,2;3;4;5;6;7;8;9;10;11;12;13;14;15;16;17;18;19;20;21;22;23;24;25;26;27;28;29;30;31;32;33;34;35;36;37;38;39;40;41;42;43;44;45;46;47;48;49;50;51;52;53;54;55;56;57;58;59;60;61
True,157,108,0.5737748725418654,0.0,5.695249538313535,297.0,357.0,143.0,77.0,45.19524953831353,54,6,9,0,0.1,0.25,334.0,0.11918727777666173,0.13531511837818422,0.01705164532429202,0.07263837126987016,17,0,143,77,43,220,26,1,12,0.6586427040007742,0.39362113220747674,20,60,182,39,12,143,0.6586427040007742,nenhuma,45.19524953831353,0.0,50,0,terminal,0.965,10,77,centralizada,j6043_1.sm,1,GOV,0,1.4537037037037037,0.2833333333333333,17,0.0,0.0,0.9160491153033434,60,15,60,60,2;3;4;5;6;7;8;9;10;11;12;13;14;15;16;17;18;19;20;21;22;23;24;25;26;27;28;29;30;31;32;33;34;35;36;37;38;39;40;41;42;43;44;45;46;47;48;49;50;51;52;53;54;55;56;57;58;59;60;61,2;3;4;5;6;7;8;9;10;11;12;13;14;15;16;17;18;19;20;21;22;23;24;25;26;27;28;29;30;31;32;33;34;35;36;37;38;39;40;41;42;43;44;45;46;47;48;49;50;51;52;53;54;55;56;57;58;59;60;61
True,147,108,0.64959550562818,0.0,5.603544145636023,316.0,396.0,101.0,74.0,38.61012902491543,57,3,8,0,0.05,0.18333333333333332,334.0,0.10362071778873644,0.11559918869735158,0.016777078280347375,0.06333577345027579,19,0,101,74,41,175,6,9,7,0.7659648859265082,0.2570239140832174,6,60,162,61,7,101,0.7659648859265082,nenhuma,38.61012902491542,0.0,43,0,terminal,0.9099999999999998,10,77,centralizada,j6043_1.sm,2,GOV,0,1.3611111111111112,0.31666666666666665,19,0.0,0.0,0.7844090672831016,60,11,60,60,2;3;4;5;6;7;8;9;10;11;12;13;14;15;16;17;18;19;20;21;22;23;24;25;26;27;28;29;30;31;32;33;34;35;36;37;38;39;40;41;42;43;44;45;46;47;48;49;50;51;52;53;54;55;56;57;58;59;60;61,2;3;4;5;6;7;8;9;10;11;12;13;14;15;16;17;18;19;20;21;22;23;24;25;26;27;28;29;30;31;32;33;34;35;36;37;38;39;40;41;42;43;44;45;46;47;48;49;50;51;52;53;54;55;56;57;58;59;60;61
True,177,108,0.5538194916561708,0.0,7.936222566272501,257.0,399.0,162.0,98.0,61.451349241626495,49,11,5,0,0.18333333333333332,0.26666666666666666,334.0,0.15539547243794796,0.18398607557373203,0.023761145408001498,0.08529562656286567,30,0,162,98,30,260,2,13,15,0.794910294566222,0.24332019624229825,4,60,243,81,15,162,0.794910294566222,nenhuma,61.451349241626495,0.0,67,0,terminal,0.83,10,77,centralizada,j6043_1.sm,3,GOV,0,1.6388888888888888,0.5,30,0.0,0.0,0.7653219229897048,60,16,60,60,2;3;4;5;6;7;8;9;10;11;12;13;14;15;16;17;18;19;20;21;22;23;24;25;26;27;28;29;30;31;32;33;34;35;36;37;38;39;40;41;42;43;44;45;46;47;48;49;50;51;52;53;54;55;56;57;58;59;60;61,2;3;4;5;6;7;8;9;10;11;12;13;14;15;16;17;18;19;20;21;22;23;24;25;26;27;28;29;30;31;32;33;34;35;36;37;38;39;40;41;42;43;44;45;46;47;48;49;50;51;52;53;54;55;56;57;58;59;60;61
True,156,85,0.7407795497214759,8.881784197001252e-16,17.921921912216916,298.0,397.0,66.0,33.0,39.921921912216916,56,4,6,0,0.06666666666666667,0.16666666666666666,323.0,0.11000140664380471,0.12359728146197188,0.055485826353612745,0.07449204871070017,16,0,66,33,44,99,7,1,8,0.6268507180531939,0.4857196752206667,16,60,84,18,8,66,0.6268507180531939,nenhuma,39.92192191221691,0.0,43,0,terminal,0.9833333333333333,10,78,adaptativa,j6010_1.sm,0,GOV,0,1.8352941176470587,0.26666666666666666,16,0.0,0.0,0.8126824657339241,60,10,60,60,2;3;4;5;6;7;8;9;10;11;12;13;14;15;16;17;18;19;20;21;22;23;24;25;26;27;28;29;30;31;32;33;34;35;36;37;38;39;40;41;42;43;44;45;46;47;48;49;50;51;52;53;54;55;56;57;58;59;60;61,2;3;4;5;6;7;8;9;10;11;12;13;14;15;16;17;18;19;20;21;22;23;24;25;26;27;28;29;30;31;32;33;34;35;36;37;38;39;40;41;42;43;44;45;46;47;48;49;50;51;52;53;54;55;56;57;58;59;60;61
True,120,85,0.6507352941176471,0.0,3.5,307.0,354.0,101.0,61.0,28.0,56,4,8,0,0.06666666666666667,0.2,323.0,0.07977207977207977,0.08668730650154799,0.010835913312693499,0.051470588235294115,12,0,101,61,48,162,21,6,5,0.6586427040007742,0.39362113220747674,14,60,136,35,5,101,0.6586427040007742,nenhuma,28.0,0.0,30,0,terminal,0.965,10,78,adaptativa,j6010_1.sm,1,GOV,0,1.411764705882353,0.2,12,0.0,0.0,0.931902333749495,60,12,60,60,2;3;4;5;6;7;8;9;10;11;12;13;14;15;16;17;18;19;20;21;22;23;24;25;26;27;28;29;30;31;32;33;34;35;36;37;38;39;40;41;42;43;44;45;46;47;48;49;50;51;52;53;54;55;56;57;58;59;60;61,2;3;4;5;6;7;8;9;10;11;12;13;14;15;16;17;18;19;20;21;22;23;24;25;26;27;28;29;30;31;32;33;34;35;36;37;38;39;40;41;42;43;44;45;46;47;48;49;50;51;52;53;54;55;56;57;58;59;60;61
True,155,85,0.72540629379894,0.0,11.073167954198055,294.0,424.0,44.0,43.0,73.50002932772956,54,6,15,0,0.1,0.35,323.0,0.1853720652993386,0.2275542703644878,0.03428225372816735,0.12574854686023984,28,0,44,43,32,87,8,16,3,0.7659648859265082,0.2570239140832174,4,60,76,32,3,44,0.7659648859265082,nenhuma,73.50002932772958,0.0,83,0,terminal,0.9149999999999999,10,78,adaptativa,j6010_1.sm,2,GOV,0,1.8235294117647058,0.4666666666666667,28,0.0,0.0,0.6236344953765224,60,21,60,60,2;3;4;5;6;7;8;9;10;11;12;13;14;15;16;17;18;19;20;21;22;23;24;25;26;27;28;29;30;31;32;33;34;35;36;37;38;39;40;41;42;43;44;45;46;47;48;49;50;51;52;53;54;55;56;57;58;59;60;61,2;3;4;5;6;7;8;9;10;11;12;13;14;15;16;17;18;19;20;21;22;23;24;25;26;27;28;29;30;31;32;33;34;35;36;37;38;39;40;41;42;43;44;45;46;47;48;49;50;51;52;53;54;55;56;57;58;59;60;61
True,164,85,0.6160789176523664,0.0,4.0,315.0,399.0,113.0,73.0,62.64430102628982,59,1,12,0,0.016666666666666666,0.21666666666666667,323.0,0.16244062432552137,0.19394520441575794,0.01238390092879257,0.096726398930741,25,0,113,73,35,186,3,6,8,0.794910294566222,0.24332019624229825,3,60,175,62,8,113,0.794910294566222,nenhuma,62.64430102628981,0.0,68,0,terminal,0.8783333333333333,10,78,adaptativa,j6010_1.sm,3,GOV,0,1.9294117647058824,0.4166666666666667,25,0.0,0.0,0.7556724600762362,60,13,60,60,2;3;4;5;6;7;8;9;10;11;12;13;14;15;16;17;18;19;20;21;22;23;24;25;26;27;28;29;30;31;32;33;34;35;36;37;38;39;40;41;42;43;44;45;46;47;48;49;50;51;52;53;54;55;56;57;58;59;60;61,2;3;4;5;6;7;8;9;10;11;12;13;14;15;16;17;18;19;20;21;22;23;24;25;26;27;28;29;30;31;32;33;34;35;36;37;38;39;40;41;42;43;44;45;46;47;48;49;50;51;52;53;54;55;56;57;58;59;60;61
True,222,76,0.6929710330064737,0.0,11.135928786183243,314.0,412.0,66.0,37.0,79.54144600031371,55,5,10,0,0.08333333333333333,0.25,332.0,0.19327687836391835,0.2395826686756437,0.03354195417525073,0.13378620874190786,29,0,66,37,31,103,11,0,5,0.6268507180531939,0.4857196752206667,18,60,87,21,5,66,0.6268507180531939,nenhuma,79.54144600031371,0.0,87,0,terminal,0.98,10,78,adaptativa,j6021_1.sm,0,GOV,0,2.9210526315789473,0.48333333333333334,29,0.0,0.0,0.7936171335006456,60,15,60,60,2;3;4;5;6;7;8;9;10;11;12;13;14;15;16;17;18;19;20;21;22;23;24;25;26;27;28;29;30;31;32;33;34;35;36;37;38;39;40;41;42;43;44;45;46;47;48;49;50;51;52;53;54;55;56;57;58;59;60;61,2;3;4;5;6;7;8;9;10;11;12;13;14;15;16;17;18;19;20;21;22;23;24;25;26;27;28;29;30;31;32;33;34;35;36;37;38;39;40;41;42;43;44;45;46;47;48;49;50;51;52;53;54;55;56;57;58;59;60;61
True,245,76,0.7503974820766621,0.0,16.690701350266444,289.0,399.0,43.0,29.0,60.71820205979502,54,6,9,0,0.1,0.25,332.0,0.15461010399143685,0.1828861507825151,0.05027319683815194,0.11419244596965458,25,0,43,29,35,72,6,0,3,0.6586427040007742,0.39362113220747674,17,60,63,20,3,43,0.6586427040007742,nenhuma,60.71820205979502,0.0,68,0,terminal,0.9616666666666666,10,78,adaptativa,j6021_1.sm,1,GOV,0,3.223684210526316,0.4166666666666667,25,0.0,0.0,0.8200159559402165,60,15,60,60,2;3;4;5;6;7;8;9;10;11;12;13;14;15;16;17;18;19;20;21;22;23;24;25;26;27;28;29;30;31;32;33;34;35;36;37;38;39;40;41;42;43;44;45;46;47;48;49;50;51;52;53;54;55;56;57;58;59;60;61,2;3;4;5;6;7;8;9;10;11;12;13;14;15;16;17;18;19;20;21;22;23;24;25;26;27;28;29;30;31;32;33;34;35;36;37;38;39;40;41;42;43;44;45;46;47;48;49;50;51;52;53;54;55;56;57;58;59;60;61
True,178,76,0.7700680631875191,0.0,10.942588780751539,313.0,426.0,32.0,26.0,69.19785401393126,57,3,16,0,0.05,0.31666666666666665,332.0,0.1724781259959791,0.208427271126299,0.03295960476129982,0.12508698924234915,30,0,32,26,30,58,6,1,3,0.7659648859265082,0.2570239140832174,6,60,49,17,3,32,0.7659648859265082,nenhuma,69.19785401393126,0.0,75,0,terminal,0.939793677656979,10,78,adaptativa,j6021_1.sm,2,GOV,0,2.3421052631578947,0.5,30,0.0,0.0,0.6761040579193073,60,19,60,60,2;3;4;5;6;7;8;9;10;11;12;13;14;15;16;17;18;19;20;21;22;23;24;25;26;27;28;29;30;31;32;33;34;35;36;37;38;39;40;41;42;43;44;45;46;47;48;49;50;51;52;53;54;55;56;57;58;59;60;61,2;3;4;5;6;7;8;9;10;11;12;13;14;15;16;17;18;19;20;21;22;23;24;25;26;27;28;29;30;31;32;33;34;35;36;37;38;39;40;41;42;43;44;45;46;47;48;49;50;51;52;53;54;55;56;57;58;59;60;61
True,236,76,0.7259961609291079,0.0,0.5,331.0,441.0,61.0,36.0,69.44122866382871,59,1,12,0,0.016666666666666666,0.21666666666666667,332.0,0.1729798129976818,0.2091603273006889,0.0015060240963855422,0.1143176086624489,25,0,61,36,35,97,0,0,10,0.794910294566222,0.24332019624229825,2,60,87,26,10,61,0.794910294566222,nenhuma,69.44122866382871,0.0,75,0,terminal,0.9033333333333333,10,78,adaptativa,j6021_1.sm,3,GOV,0,3.1052631578947367,0.4166666666666667,25,0.0,0.0,0.7771272135458587,60,13,60,60,2;3;4;5;6;7;8;9;10;11;12;13;14;15;16;17;18;19;20;21;22;23;24;25;26;27;28;29;30;31;32;33;34;35;36;37;38;39;40;41;42;43;44;45;46;47;48;49;50;51;52;53;54;55;56;57;58;59;60;61,2;3;4;5;6;7;8;9;10;11;12;13;14;15;16;17;18;19;20;21;22;23;24;25;26;27;28;29;30;31;32;33;34;35;36;37;38;39;40;41;42;43;44;45;46;47;48;49;50;51;52;53;54;55;56;57;58;59;60;61
True,150,69,0.685677414528976,0.0,10.5,312.0,401.0,77.0,65.0,41.82311288532925,56,4,9,0,0.06666666666666667,0.21666666666666667,337.0,0.11040274857249595,0.124104192538069,0.03115727002967359,0.07151412446575077,24,0,77,65,36,142,15,6,6,0.6268507180531939,0.4857196752206667,14,60,121,44,6,77,0.6268507180531939,nenhuma,41.82311288532925,0.0,47,0,terminal,0.98,10,78,adaptativa,j6032_1.sm,0,GOV,0,2.1739130434782608,0.4,24,0.0,0.0,0.7677354740842475,60,13,60,60,2;3;4;5;6;7;8;9;10;11;12;13;14;15;16;17;18;19;20;21;22;23;24;25;26;27;28;29;30;31;32;33;34;35;36;37;38;39;40;41;42;43;44;45;46;47;48;49;50;51;52;53;54;55;56;57;58;59;60;61,2;3;4;5;6;7;8;9;10;11;12;13;14;15;16;17;18;19;20;21;22;23;24;25;26;27;28;29;30;31;32;33;34;35;36;37;38;39;40;41;42;43;44;45;46;47;48;49;50;51;52;53;54;55;56;57;58;59;60;61
True,140,69,0.6928355725922332,0.0,17.598290454220074,292.0,428.0,58.0,69.0,62.751190803677765,53,7,11,0,0.11666666666666667,0.3,337.0,0.15697561945349042,0.18620531395750078,0.05222044645169161,0.10158004021334244,19,0,58,69,41,127,9,25,2,0.6586427040007742,0.39362113220747674,13,60,116,58,2,58,0.6586427040007742,nenhuma,62.75119080367777,0.0,69,0,terminal,0.9166666666666666,10,78,adaptativa,j6032_1.sm,1,GOV,0,2.028985507246377,0.31666666666666665,19,0.0,0.0,0.7053309702651209,60,18,60,60,2;3;4;5;6;7;8;9;10;11;12;13;14;15;16;17;18;19;20;21;22;23;24;25;26;27;28;29;30;31;32;33;34;35;36;37;38;39;40;41;42;43;44;45;46;47;48;49;50;51;52;53;54;55;56;57;58;59;60;61,2;3;4;5;6;7;8;9;10;11;12;13;14;15;16;17;18;19;20;21;22;23;24;25;26;27;28;29;30;31;32;33;34;35;36;37;38;39;40;41;42;43;44;45;46;47;48;49;50;51;52;53;54;55;56;57;58;59;60;61
True,140,69,0.7078474893428044,0.0,3.5,330.0,441.0,48.0,69.0,65.01556004591198,59,1,15,0,0.016666666666666666,0.26666666666666666,337.0,0.16172398908760377,0.19292451052199402,0.010385756676557863,0.10435623797441075,25,0,48,69,35,117,0,25,1,0.7659648859265082,0.2570239140832174,2,60,116,68,1,48,0.7659648859265082,nenhuma,65.01556004591198,0.0,70,0,terminal,0.835,10,78,adaptativa,j6032_1.sm,2,GOV,0,2.028985507246377,0.4166666666666667,25,0.0,0.0,0.6617267129537042,60,16,60,60,2;3;4;5;6;7;8;9;10;11;12;13;14;15;16;17;18;19;20;21;22;23;24;25;26;27;28;29;30;31;32;33;34;35;36;37;38;39;40;41;42;43;44;45;46;47;48;49;50;51;52;53;54;55;56;57;58;59;60;61,2;3;4;5;6;7;8;9;10;11;12;13;14;15;16;17;18;19;20;21;22;23;24;25;26;27;28;29;30;31;32;33;34;35;36;37;38;39;40;41;42;43;44;45;46;47;48;49;50;51;52;53;54;55;56;57;58;59;60;61
True,225,69,0.6290307857630523,0.0,10.118457885638957,304.0,504.0,108.0,74.0,115.23264458132623,55,5,18,0,0.08333333333333333,0.38333333333333336,337.0,0.25480832921296026,0.3419366308051223,0.03002509758349839,0.14381920826695668,38,0,108,74,22,182,0,9,11,0.794910294566222,0.24332019624229825,0,60,171,63,11,108,0.794910294566222,nenhuma,115.23264458132624,0.0,124,0,terminal,0.8466666666666667,10,78,adaptativa,j6032_1.sm,3,GOV,0,3.260869565217391,0.6333333333333333,38,0.0,0.0,0.6292339058107689,60,23,60,60,2;3;4;5;6;7;8;9;10;11;12;13;14;15;16;17;18;19;20;21;22;23;24;25;26;27;28;29;30;31;32;33;34;35;36;37;38;39;40;41;42;43;44;45;46;47;48;49;50;51;52;53;54;55;56;57;58;59;60;61,2;3;4;5;6;7;8;9;10;11;12;13;14;15;16;17;18;19;20;21;22;23;24;25;26;27;28;29;30;31;32;33;34;35;36;37;38;39;40;41;42;43;44;45;46;47;48;49;50;51;52;53;54;55;56;57;58;59;60;61
True,184,108,0.514167371964368,0.0,7.0,320.0,369.0,200.0,89.0,59.66514197554295,58,2,11,0,0.03333333333333333,0.21666666666666667,334.0,0.15156318305482516,0.1786381496273741,0.020958083832335328,0.08313785703914857,23,0,200,89,37,289,38,1,10,0.6268507180531939,0.4857196752206667,21,60,241,41,10,200,0.6268507180531939,nenhuma,59.66514197554295,0.0,64,0,terminal,0.9933333333333333,10,78,adaptativa,j6043_1.sm,0,GOV,0,1.7037037037037037,0.38333333333333336,23,0.0,0.0,0.8841543531600768,60,13,60,60,2;3;4;5;6;7;8;9;10;11;12;13;14;15;16;17;18;19;20;21;22;23;24;25;26;27;28;29;30;31;32;33;34;35;36;37;38;39;40;41;42;43;44;45;46;47;48;49;50;51;52;53;54;55;56;57;58;59;60;61,2;3;4;5;6;7;8;9;10;11;12;13;14;15;16;17;18;19;20;21;22;23;24;25;26;27;28;29;30;31;32;33;34;35;36;37;38;39;40;41;42;43;44;45;46;47;48;49;50;51;52;53;54;55;56;57;58;59;60;61
True,152,108,0.5915285799785609,0.0,4.0,322.0,374.0,126.0,76.0,56.26023671342323,58,2,15,0,0.03333333333333333,0.2833333333333333,334.0,0.14416082249941434,0.16844382249527914,0.011976047904191617,0.08898272174424851,24,0,126,76,36,202,20,2,9,0.6586427040007742,0.39362113220747674,20,60,173,47,9,126,0.6586427040007742,nenhuma,56.26023671342323,0.0,60,0,terminal,0.96,10,78,adaptativa,j6043_1.sm,1,GOV,0,1.4074074074074074,0.4,24,0.0,0.0,0.7925260746369694,60,17,60,60,2;3;4;5;6;7;8;9;10;11;12;13;14;15;16;17;18;19;20;21;22;23;24;25;26;27;28;29;30;31;32;33;34;35;36;37;38;39;40;41;42;43;44;45;46;47;48;49;50;51;52;53;54;55;56;57;58;59;60;61,2;3;4;5;6;7;8;9;10;11;12;13;14;15;16;17;18;19;20;21;22;23;24;25;26;27;28;29;30;31;32;33;34;35;36;37;38;39;40;41;42;43;44;45;46;47;48;49;50;51;52;53;54;55;56;57;58;59;60;61
True,157,108,0.6491976077112613,0.0,8.448213914018169,314.0,400.0,107.0,71.0,38.1452156458114,57,3,10,0,0.05,0.21666666666666667,334.0,0.10250088955091134,0.11420723247248922,0.025294053634784937,0.06190945685722734,17,0,107,71,43,178,4,2,10,0.7659648859265082,0.2570239140832174,6,60,164,57,10,107,0.7659648859265082,nenhuma,38.1452156458114,0.0,43,0,terminal,0.9166666666666666,10,78,adaptativa,j6043_1.sm,2,GOV,0,1.4537037037037037,0.2833333333333333,17,0.0,0.0,0.8173051841402283,60,13,60,60,2;3;4;5;6;7;8;9;10;11;12;13;14;15;16;17;18;19;20;21;22;23;24;25;26;27;28;29;30;31;32;33;34;35;36;37;38;39;40;41;42;43;44;45;46;47;48;49;50;51;52;53;54;55;56;57;58;59;60;61,2;3;4;5;6;7;8;9;10;11;12;13;14;15;16;17;18;19;20;21;22;23;24;25;26;27;28;29;30;31;32;33;34;35;36;37;38;39;40;41;42;43;44;45;46;47;48;49;50;51;52;53;54;55;56;57;58;59;60;61
True,195,108,0.5789841139878835,0.0,11.5,298.0,414.0,161.0,84.0,56.045525426391706,54,6,9,0,0.1,0.25,334.0,0.1436897022857104,0.16780097433051408,0.0344311377245509,0.07838035961832077,28,0,161,84,32,245,0,3,19,0.794910294566222,0.24332019624229825,4,60,226,65,19,161,0.794910294566222,nenhuma,56.045525426391706,0.0,61,0,terminal,0.8718906679084518,10,78,adaptativa,j6043_1.sm,3,GOV,0,1.8055555555555556,0.4666666666666667,28,0.0,0.0,0.7554941472216421,60,15,60,60,2;3;4;5;6;7;8;9;10;11;12;13;14;15;16;17;18;19;20;21;22;23;24;25;26;27;28;29;30;31;32;33;34;35;36;37;38;39;40;41;42;43;44;45;46;47;48;49;50;51;52;53;54;55;56;57;58;59;60;61,2;3;4;5;6;7;8;9;10;11;12;13;14;15;16;17;18;19;20;21;22;23;24;25;26;27;28;29;30;31;32;33;34;35;36;37;38;39;40;41;42;43;44;45;46;47;48;49;50;51;52;53;54;55;56;57;58;59;60;61
True,127,85,0.7309640740299612,0.0,6.940128409467486,294.0,400.0,71.0,35.0,41.22251641549843,55,5,5,0,0.08333333333333333,0.16666666666666666,323.0,0.11317948385286684,0.1276238898312645,0.021486465663986026,0.07533044635209922,16,0,71,35,44,106,8,1,4,0.6268507180531939,0.4857196752206667,16,60,94,23,4,71,0.6268507180531939,nenhuma,41.22251641549843,0.0,44,0,terminal,0.9783333333333334,10,79,adaptativa,j6010_1.sm,0,GOV,0,1.4941176470588236,0.26666666666666666,16,0.0,0.0,0.773864410686125,60,10,60,60,2;3;4;5;6;7;8;9;10;11;12;13;14;15;16;17;18;19;20;21;22;23;24;25;26;27;28;29;30;31;32;33;34;35;36;37;38;39;40;41;42;43;44;45;46;47;48;49;50;51;52;53;54;55;56;57;58;59;60;61,2;3;4;5;6;7;8;9;10;11;12;13;14;15;16;17;18;19;20;21;22;23;24;25;26;27;28;29;30;31;32;33;34;35;36;37;38;39;40;41;42;43;44;45;46;47;48;49;50;51;52;53;54;55;56;57;58;59;60;61
True,114,85,0.6660250240615977,0.0,3.5,305.0,346.0,91.0,55.0,27.5,56,4,8,0,0.06666666666666667,0.2,323.0,0.07845934379457917,0.08513931888544891,0.010835913312693499,0.05293551491819057,15,0,91,55,45,146,12,6,5,0.6586427040007742,0.39362113220747674,14,60,129,38,5,91,0.6586427040007742,nenhuma,27.5,0.0,30,0,terminal,0.96,10,79,adaptativa,j6010_1.sm,1,GOV,0,1.3411764705882352,0.25,15,0.0,0.0,0.9294125731700188,60,12,60,60,2;3;4;5;6;7;8;9;10;11;12;13;14;15;16;17;18;19;20;21;22;23;24;25;26;27;28;29;30;31;32;33;34;35;36;37;38;39;40;41;42;43;44;45;46;47;48;49;50;51;52;53;54;55;56;57;58;59;60;61,2;3;4;5;6;7;8;9;10;11;12;13;14;15;16;17;18;19;20;21;22;23;24;25;26;27;28;29;30;31;32;33;34;35;36;37;38;39;40;41;42;43;44;45;46;47;48;49;50;51;52;53;54;55;56;57;58;59;60;61
True,143,85,0.7299791000572482,0.0,4.0,308.0,426.0,43.0,43.0,71.57835171800282,57,3,17,0,0.05,0.3333333333333333,323.0,0.18140465995245078,0.2216048040805041,0.01238390092879257,0.12265422716124151,31,0,43,43,29,86,8,16,3,0.7659648859265082,0.2570239140832174,4,60,75,32,3,43,0.7659648859265082,nenhuma,71.57835171800282,0.0,81,0,terminal,0.915,10,79,adaptativa,j6010_1.sm,2,GOV,0,1.6823529411764706,0.5166666666666667,31,0.0,0.0,0.5757001916423908,60,20,60,60,2;3;4;5;6;7;8;9;10;11;12;13;14;15;16;17;18;19;20;21;22;23;24;25;26;27;28;29;30;31;32;33;34;35;36;37;38;39;40;41;42;43;44;45;46;47;48;49;50;51;52;53;54;55;56;57;58;59;60;61,2;3;4;5;6;7;8;9;10;11;12;13;14;15;16;17;18;19;20;21;22;23;24;25;26;27;28;29;30;31;32;33;34;35;36;37;38;39;40;41;42;43;44;45;46;47;48;49;50;51;52;53;54;55;56;57;58;59;60;61
True,143,85,0.6116121186019747,0.0,4.0,315.0,401.0,117.0,75.0,62.64430102628982,59,1,12,0,0.016666666666666666,0.21666666666666667,323.0,0.16244062432552137,0.19394520441575794,0.01238390092879257,0.0955461687506957,25,0,117,75,35,192,3,6,8,0.794910294566222,0.24332019624229825,3,60,181,64,8,117,0.794910294566222,nenhuma,62.64430102628981,0.0,68,0,terminal,0.875,10,79,adaptativa,j6010_1.sm,3,GOV,0,1.6823529411764706,0.4166666666666667,25,0.0,0.0,0.7316162755858464,60,13,60,60,2;3;4;5;6;7;8;9;10;11;12;13;14;15;16;17;18;19;20;21;22;23;24;25;26;27;28;29;30;31;32;33;34;35;36;37;38;39;40;41;42;43;44;45;46;47;48;49;50;51;52;53;54;55;56;57;58;59;60;61,2;3;4;5;6;7;8;9;10;11;12;13;14;15;16;17;18;19;20;21;22;23;24;25;26;27;28;29;30;31;32;33;34;35;36;37;38;39;40;41;42;43;44;45;46;47;48;49;50;51;52;53;54;55;56;57;58;59;60;61
True,196,76,0.7068340528889884,0.0,4.314371893794498,312.0,416.0,73.0,46.0,53.53983944281582,56,4,12,0,0.06666666666666667,0.26666666666666666,332.0,0.13886979752907475,0.16126457663498742,0.01299509606564608,0.09097062909709427,28,0,73,46,32,119,11,0,7,0.6268507180531939,0.4857196752206667,18,60,101,28,7,73,0.6268507180531939,nenhuma,53.539839442815826,0.0,61,0,terminal,0.9700000000000001,10,79,adaptativa,j6021_1.sm,0,GOV,0,2.5789473684210527,0.4666666666666667,28,0.0,0.0,0.7759252944717411,60,16,60,60,2;3;4;5;6;7;8;9;10;11;12;13;14;15;16;17;18;19;20;21;22;23;24;25;26;27;28;29;30;31;32;33;34;35;36;37;38;39;40;41;42;43;44;45;46;47;48;49;50;51;52;53;54;55;56;57;58;59;60;61,2;3;4;5;6;7;8;9;10;11;12;13;14;15;16;17;18;19;20;21;22;23;24;25;26;27;28;29;30;31;32;33;34;35;36;37;38;39;40;41;42;43;44;45;46;47;48;49;50;51;52;53;54;55;56;57;58;59;60;61
True,221,76,0.7377666441391127,0.0,11.09937124384037,290.0,402.0,41.0,27.0,74.88774085074955,53,7,12,0,0.11666666666666667,0.31666666666666665,332.0,0.1840501281610721,0.2255654844902095,0.033431841095904725,0.1374370080960623,28,0,41,27,32,68,4,0,3,0.6586427040007742,0.39362113220747674,17,60,61,20,3,41,0.6586427040007742,nenhuma,74.88774085074954,0.0,81,0,terminal,0.9616666666666666,10,79,adaptativa,j6021_1.sm,1,GOV,0,2.9078947368421053,0.4666666666666667,28,0.0,0.0,0.7880824864631812,60,19,60,60,2;3;4;5;6;7;8;9;10;11;12;13;14;15;16;17;18;19;20;21;22;23;24;25;26;27;28;29;30;31;32;33;34;35;36;37;38;39;40;41;42;43;44;45;46;47;48;49;50;51;52;53;54;55;56;57;58;59;60;61,2;3;4;5;6;7;8;9;10;11;12;13;14;15;16;17;18;19;20;21;22;23;24;25;26;27;28;29;30;31;32;33;34;35;36;37;38;39;40;41;42;43;44;45;46;47;48;49;50;51;52;53;54;55;56;57;58;59;60;61
True,191,76,0.8232332772124765,2.220446049250313e-16,6.925359825929474,318.0,430.0,23.0,15.0,54.33068305500116,55,5,11,0,0.08333333333333333,0.26666666666666666,332.0,0.14063258611862886,0.16364663570783483,0.020859517547980346,0.10401587503386273,31,0,23,15,29,38,4,0,3,0.7659648859265082,0.2570239140832174,6,60,31,8,3,23,0.7659648859265082,nenhuma,54.33068305500116,0.0,62,0,terminal,0.9497936776569791,10,79,adaptativa,j6021_1.sm,2,GOV,0,2.513157894736842,0.5166666666666667,31,0.0,0.0,0.6890876112796552,60,16,60,60,2;3;4;5;6;7;8;9;10;11;12;13;14;15;16;17;18;19;20;21;22;23;24;25;26;27;28;29;30;31;32;33;34;35;36;37;38;39;40;41;42;43;44;45;46;47;48;49;50;51;52;53;54;55;56;57;58;59;60;61,2;3;4;5;6;7;8;9;10;11;12;13;14;15;16;17;18;19;20;21;22;23;24;25;26;27;28;29;30;31;32;33;34;35;36;37;38;39;40;41;42;43;44;45;46;47;48;49;50;51;52;53;54;55;56;57;58;59;60;61
True,236,76,0.7259961609291079,0.0,0.5,331.0,441.0,61.0,36.0,69.44122866382871,59,1,12,0,0.016666666666666666,0.21666666666666667,332.0,0.1729798129976818,0.2091603273006889,0.0015060240963855422,0.1143176086624489,25,0,61,36,35,97,0,0,10,0.794910294566222,0.24332019624229825,2,60,87,26,10,61,0.794910294566222,nenhuma,69.44122866382871,0.0,75,0,terminal,0.9033333333333333,10,79,adaptativa,j6021_1.sm,3,GOV,0,3.1052631578947367,0.4166666666666667,25,0.0,0.0,0.7771272135458587,60,13,60,60,2;3;4;5;6;7;8;9;10;11;12;13;14;15;16;17;18;19;20;21;22;23;24;25;26;27;28;29;30;31;32;33;34;35;36;37;38;39;40;41;42;43;44;45;46;47;48;49;50;51;52;53;54;55;56;57;58;59;60;61,2;3;4;5;6;7;8;9;10;11;12;13;14;15;16;17;18;19;20;21;22;23;24;25;26;27;28;29;30;31;32;33;34;35;36;37;38;39;40;41;42;43;44;45;46;47;48;49;50;51;52;53;54;55;56;57;58;59;60;61
True,122,69,0.6816347535699646,0.0,12.5,284.0,432.0,79.0,65.0,57.770502072351434,52,8,10,0,0.13333333333333333,0.3,337.0,0.14633945993706382,0.17142582217314967,0.037091988130563795,0.09115366190671388,24,0,79,65,36,144,12,15,8,0.6268507180531939,0.4857196752206667,14,60,124,45,8,79,0.6268507180531939,nenhuma,57.770502072351434,0.0,63,0,terminal,0.9733333333333333,10,79,adaptativa,j6032_1.sm,0,GOV,0,1.7681159420289856,0.4,24,0.0,0.0,0.6554940347857915,60,18,60,60,2;3;4;5;6;7;8;9;10;11;12;13;14;15;16;17;18;19;20;21;22;23;24;25;26;27;28;29;30;31;32;33;34;35;36;37;38;39;40;41;42;43;44;45;46;47;48;49;50;51;52;53;54;55;56;57;58;59;60;61,2;3;4;5;6;7;8;9;10;11;12;13;14;15;16;17;18;19;20;21;22;23;24;25;26;27;28;29;30;31;32;33;34;35;36;37;38;39;40;41;42;43;44;45;46;47;48;49;50;51;52;53;54;55;56;57;58;59;60;61
True,115,69,0.710637966781745,0.0,2.8506816869256553,323.0,438.0,67.0,62.0,49.34759254921841,57,3,10,0,0.05,0.21666666666666667,337.0,0.12772848466224573,0.14643202536860062,0.00845899610363696,0.08006454985102868,22,0,67,62,38,129,15,19,3,0.6586427040007742,0.39362113220747674,13,60,111,44,3,67,0.6586427040007742,nenhuma,49.34759254921842,0.0,54,0,terminal,0.9516666666666667,10,79,adaptativa,j6032_1.sm,1,GOV,0,1.6666666666666667,0.36666666666666664,22,0.0,0.0,0.6366806552072922,60,13,60,60,2;3;4;5;6;7;8;9;10;11;12;13;14;15;16;17;18;19;20;21;22;23;24;25;26;27;28;29;30;31;32;33;34;35;36;37;38;39;40;41;42;43;44;45;46;47;48;49;50;51;52;53;54;55;56;57;58;59;60;61,2;3;4;5;6;7;8;9;10;11;12;13;14;15;16;17;18;19;20;21;22;23;24;25;26;27;28;29;30;31;32;33;34;35;36;37;38;39;40;41;42;43;44;45;46;47;48;49;50;51;52;53;54;55;56;57;58;59;60;61
True,140,69,0.7078474893428044,0.0,3.5,330.0,441.0,48.0,69.0,65.01556004591198,59,1,15,0,0.016666666666666666,0.26666666666666666,337.0,0.16172398908760377,0.19292451052199402,0.010385756676557863,0.10435623797441075,25,0,48,69,35,117,0,25,1,0.7659648859265082,0.2570239140832174,2,60,116,68,1,48,0.7659648859265082,nenhuma,65.01556004591198,0.0,70,0,terminal,0.835,10,79,adaptativa,j6032_1.sm,2,GOV,0,2.028985507246377,0.4166666666666667,25,0.0,0.0,0.6617267129537042,60,16,60,60,2;3;4;5;6;7;8;9;10;11;12;13;14;15;16;17;18;19;20;21;22;23;24;25;26;27;28;29;30;31;32;33;34;35;36;37;38;39;40;41;42;43;44;45;46;47;48;49;50;51;52;53;54;55;56;57;58;59;60;61,2;3;4;5;6;7;8;9;10;11;12;13;14;15;16;17;18;19;20;21;22;23;24;25;26;27;28;29;30;31;32;33;34;35;36;37;38;39;40;41;42;43;44;45;46;47;48;49;50;51;52;53;54;55;56;57;58;59;60;61
True,165,69,0.6325303025814131,0.0,11.811696736466487,299.0,491.0,100.0,88.0,97.24739557327891,54,6,18,0,0.1,0.4,337.0,0.22394468352515076,0.2885679393865843,0.03504954521206673,0.12527886873160995,34,0,100,88,26,188,0,37,8,0.794910294566222,0.24332019624229825,0,60,180,80,8,100,0.794910294566222,nenhuma,97.2473955732789,0.0,105,0,terminal,0.835,10,79,adaptativa,j6032_1.sm,3,GOV,0,2.391304347826087,0.5666666666666667,34,0.0,0.0,0.5410953159914554,60,24,60,60,2;3;4;5;6;7;8;9;10;11;12;13;14;15;16;17;18;19;20;21;22;23;24;25;26;27;28;29;30;31;32;33;34;35;36;37;38;39;40;41;42;43;44;45;46;47;48;49;50;51;52;53;54;55;56;57;58;59;60;61,2;3;4;5;6;7;8;9;10;11;12;13;14;15;16;17;18;19;20;21;22;23;24;25;26;27;28;29;30;31;32;33;34;35;36;37;38;39;40;41;42;43;44;45;46;47;48;49;50;51;52;53;54;55;56;57;58;59;60;61
True,167,108,0.47091033538672145,0.0,4.5,315.0,344.0,246.0,109.0,31.5,57,3,8,0,0.05,0.18333333333333332,334.0,0.08618331053351573,0.09431137724550898,0.01347305389221557,0.043121149897330596,19,0,246,109,41,355,46,1,9,0.6268507180531939,0.4857196752206667,21,60,300,54,9,246,0.6268507180531939,nenhuma,31.5,0.0,35,0,terminal,1.0,10,79,adaptativa,j6043_1.sm,0,GOV,0,1.5462962962962963,0.31666666666666665,19,0.0,0.0,0.9465079589631438,60,11,60,60,2;3;4;5;6;7;8;9;10;11;12;13;14;15;16;17;18;19;20;21;22;23;24;25;26;27;28;29;30;31;32;33;34;35;36;37;38;39;40;41;42;43;44;45;46;47;48;49;50;51;52;53;54;55;56;57;58;59;60;61,2;3;4;5;6;7;8;9;10;11;12;13;14;15;16;17;18;19;20;21;22;23;24;25;26;27;28;29;30;31;32;33;34;35;36;37;38;39;40;41;42;43;44;45;46;47;48;49;50;51;52;53;54;55;56;57;58;59;60;61
True,154,108,0.5909616531078166,0.0,4.5,313.0,373.0,123.0,80.0,55.17462535585017,57,3,13,0,0.05,0.26666666666666666,334.0,0.14177343989321006,0.16519348908937176,0.01347305389221557,0.08741578501313048,22,0,123,80,38,203,20,3,11,0.6586427040007742,0.39362113220747674,20,60,172,49,11,123,0.6586427040007742,nenhuma,55.17462535585017,0.0,59,0,terminal,0.9466666666666667,10,79,adaptativa,j6043_1.sm,1,GOV,0,1.4259259259259258,0.36666666666666664,22,0.0,0.0,0.8135368725556154,60,16,60,60,2;3;4;5;6;7;8;9;10;11;12;13;14;15;16;17;18;19;20;21;22;23;24;25;26;27;28;29;30;31;32;33;34;35;36;37;38;39;40;41;42;43;44;45;46;47;48;49;50;51;52;53;54;55;56;57;58;59;60;61,2;3;4;5;6;7;8;9;10;11;12;13;14;15;16;17;18;19;20;21;22;23;24;25;26;27;28;29;30;31;32;33;34;35;36;37;38;39;40;41;42;43;44;45;46;47;48;49;50;51;52;53;54;55;56;57;58;59;60;61
True,139,108,0.6537494482740616,0.0,4.5,317.0,371.0,94.0,70.0,32.49569881773915,57,3,6,0,0.05,0.15,334.0,0.08866597595160178,0.09729251143035672,0.01347305389221557,0.05726157728673058,22,0,94,70,38,164,4,10,12,0.7659648859265082,0.2570239140832174,6,60,148,54,12,94,0.7659648859265082,nenhuma,32.49569881773915,0.0,34,0,terminal,0.9099999999999998,10,79,adaptativa,j6043_1.sm,2,GOV,0,1.287037037037037,0.36666666666666664,22,0.0,0.0,0.8390534179581666,60,9,60,60,2;3;4;5;6;7;8;9;10;11;12;13;14;15;16;17;18;19;20;21;22;23;24;25;26;27;28;29;30;31;32;33;34;35;36;37;38;39;40;41;42;43;44;45;46;47;48;49;50;51;52;53;54;55;56;57;58;59;60;61,2;3;4;5;6;7;8;9;10;11;12;13;14;15;16;17;18;19;20;21;22;23;24;25;26;27;28;29;30;31;32;33;34;35;36;37;38;39;40;41;42;43;44;45;46;47;48;49;50;51;52;53;54;55;56;57;58;59;60;61
True,178,108,0.5621369750245507,0.0,10.050246179906313,294.0,408.0,173.0,90.0,54.80174962193341,54,6,9,0,0.1,0.25,334.0,0.14095036782941958,0.16407709467644735,0.030090557424869203,0.07550512195717271,25,0,173,90,35,263,0,2,20,0.794910294566222,0.24332019624229825,4,60,243,70,20,173,0.794910294566222,nenhuma,54.80174962193342,0.0,60,0,terminal,0.8635573345751185,10,79,adaptativa,j6043_1.sm,3,GOV,0,1.6481481481481481,0.4166666666666667,25,0.0,0.0,0.7840843738973767,60,15,60,60,2;3;4;5;6;7;8;9;10;11;12;13;14;15;16;17;18;19;20;21;22;23;24;25;26;27;28;29;30;31;32;33;34;35;36;37;38;39;40;41;42;43;44;45;46;47;48;49;50;51;52;53;54;55;56;57;58;59;60;61,2;3;4;5;6;7;8;9;10;11;12;13;14;15;16;17;18;19;20;21;22;23;24;25;26;27;28;29;30;31;32;33;34;35;36;37;38;39;40;41;42;43;44;45;46;47;48;49;50;51;52;53;54;55;56;57;58;59;60;61
True,158,85,0.7217271487208664,1.7763568394002505e-15,10.64569205085412,253.0,524.0,0.0,144.0,58.03614943500074,48,12,4,20,0.2,0.26666666666666666,323.0,0.15231140016782282,0.1796784812229125,0.032958798919053005,0.07993561956958245,33,20,0,124,27,124,22,4,102,0.6268507180531939,0.4857196752206667,16,60,0,0,102,0,0.6268507180531939,nenhuma,58.03614943500074,0.0,64,0,terminal,0.25,01,2,adaptativa,j6010_1.sm,0,GOV,0,1.8588235294117648,0.55,53,0.37735849056603776,0.25,0.5144065244326642,60,16,60,60,2;3;4;5;6;7;8;9;10;11;12;13;14;15;16;17;18;19;20;21;22;23;24;25;26;27;28;29;30;31;32;33;34;35;36;37;38;39;40;41;42;43;44;45;46;47;48;49;50;51;52;53;54;55;56;57;58;59;60;61,2;3;4;5;6;7;8;9;10;11;12;13;14;15;16;17;18;19;20;21;22;23;24;25;26;27;28;29;30;31;32;33;34;35;36;37;38;39;40;41;42;43;44;45;46;47;48;49;50;51;52;53;54;55;56;57;58;59;60;61
True,182,85,0.7944166097825066,0.0,15.282801880478726,237.0,524.0,0.0,77.0,58.60352987012623,45,15,1,17,0.25,0.26666666666666666,323.0,0.1535717709164566,0.18143507699729483,0.04731517610055333,0.0888465983219724,25,17,0,60,35,60,7,6,53,0.6586427040007742,0.39362113220747674,14,60,0,0,53,0,0.6586427040007742,nenhuma,58.60352987012622,0.0,65,0,terminal,0.25,01,2,adaptativa,j6010_1.sm,1,GOV,0,2.1411764705882352,0.4166666666666667,42,0.40476190476190477,0.22077922077922077,0.6223584328375821,60,16,60,60,2;3;4;5;6;7;8;9;10;11;12;13;14;15;16;17;18;19;20;21;22;23;24;25;26;27;28;29;30;31;32;33;34;35;36;37;38;39;40;41;42;43;44;45;46;47;48;49;50;51;52;53;54;55;56;57;58;59;60;61,2;3;4;5;6;7;8;9;10;11;12;13;14;15;16;17;18;19;20;21;22;23;24;25;26;27;28;29;30;31;32;33;34;35;36;37;38;39;40;41;42;43;44;45;46;47;48;49;50;51;52;53;54;55;56;57;58;59;60;61
True,167,85,0.7278154231423578,6.661338147750939e-16,12.158719342905396,229.0,529.0,0.0,131.0,66.83263253206671,42,18,1,17,0.3,0.31666666666666665,323.0,0.17143929716188963,0.20691217502187836,0.03764309394088358,0.09195051176945906,37,17,0,114,23,114,8,16,106,0.7659648859265082,0.2570239140832174,4,60,0,0,106,0,0.7659648859265082,nenhuma,66.83263253206671,0.0,76,0,terminal,0.25,01,2,adaptativa,j6010_1.sm,2,GOV,0,1.964705882352941,0.6166666666666667,54,0.3148148148148148,0.22077922077922077,0.5343253142230939,60,19,60,60,2;3;4;5;6;7;8;9;10;11;12;13;14;15;16;17;18;19;20;21;22;23;24;25;26;27;28;29;30;31;32;33;34;35;36;37;38;39;40;41;42;43;44;45;46;47;48;49;50;51;52;53;54;55;56;57;58;59;60;61,2;3;4;5;6;7;8;9;10;11;12;13;14;15;16;17;18;19;20;21;22;23;24;25;26;27;28;29;30;31;32;33;34;35;36;37;38;39;40;41;42;43;44;45;46;47;48;49;50;51;52;53;54;55;56;57;58;59;60;61
True,173,85,0.6391395357987245,1.7763568394002505e-15,13.893015796131058,254.0,509.0,0.0,225.0,62.383217576908585,48,12,3,16,0.2,0.25,323.0,0.16187320758060553,0.1931368965229368,0.04301243280535931,0.07833316448671157,27,16,0,209,33,209,7,5,202,0.794910294566222,0.24332019624229825,3,60,0,0,202,0,0.794910294566222,nenhuma,62.383217576908585,0.0,68,0,terminal,0.25,01,2,adaptativa,j6010_1.sm,3,GOV,0,2.0352941176470587,0.45,43,0.37209302325581395,0.21052631578947367,0.6488041598243848,60,15,60,60,2;3;4;5;6;7;8;9;10;11;12;13;14;15;16;17;18;19;20;21;22;23;24;25;26;27;28;29;30;31;32;33;34;35;36;37;38;39;40;41;42;43;44;45;46;47;48;49;50;51;52;53;54;55;56;57;58;59;60;61,2;3;4;5;6;7;8;9;10;11;12;13;14;15;16;17;18;19;20;21;22;23;24;25;26;27;28;29;30;31;32;33;34;35;36;37;38;39;40;41;42;43;44;45;46;47;48;49;50;51;52;53;54;55;56;57;58;59;60;61
True,235,76,0.7298955934955857,7.771561172376096e-16,19.400458967858007,250.0,509.0,0.0,112.0,76.36001222081401,44,16,2,15,0.26666666666666666,0.3,332.0,0.18699189424924295,0.23000003680968076,0.05843511737306629,0.10949869634428532,38,15,0,97,22,97,12,0,85,0.6268507180531939,0.4857196752206667,18,60,0,0,85,0,0.6268507180531939,nenhuma,76.360012220814,0.0,84,0,terminal,0.25,01,2,adaptativa,j6021_1.sm,0,GOV,0,3.0921052631578947,0.6333333333333333,53,0.2830188679245283,0.2,0.6913648161731246,60,18,60,60,2;3;4;5;6;7;8;9;10;11;12;13;14;15;16;17;18;19;20;21;22;23;24;25;26;27;28;29;30;31;32;33;34;35;36;37;38;39;40;41;42;43;44;45;46;47;48;49;50;51;52;53;54;55;56;57;58;59;60;61,2;3;4;5;6;7;8;9;10;11;12;13;14;15;16;17;18;19;20;21;22;23;24;25;26;27;28;29;30;31;32;33;34;35;36;37;38;39;40;41;42;43;44;45;46;47;48;49;50;51;52;53;54;55;56;57;58;59;60;61
True,244,76,0.740085211775796,4.440892098500626e-16,10.86965688564597,223.0,515.0,0.0,114.0,66.86581626767578,44,16,2,14,0.26666666666666666,0.3,332.0,0.16763987672185637,0.20140306104721623,0.032739930378451715,0.09609010056897922,28,14,0,100,32,100,6,0,94,0.6586427040007742,0.39362113220747674,17,60,0,0,94,0,0.6586427040007742,nenhuma,66.86581626767578,0.0,72,0,terminal,0.25,01,2,adaptativa,j6021_1.sm,1,GOV,0,3.210526315789474,0.4666666666666667,42,0.3333333333333333,0.1891891891891892,0.7523296972016028,60,18,60,60,2;3;4;5;6;7;8;9;10;11;12;13;14;15;16;17;18;19;20;21;22;23;24;25;26;27;28;29;30;31;32;33;34;35;36;37;38;39;40;41;42;43;44;45;46;47;48;49;50;51;52;53;54;55;56;57;58;59;60;61,2;3;4;5;6;7;8;9;10;11;12;13;14;15;16;17;18;19;20;21;22;23;24;25;26;27;28;29;30;31;32;33;34;35;36;37;38;39;40;41;42;43;44;45;46;47;48;49;50;51;52;53;54;55;56;57;58;59;60;61
True,256,76,0.741830274050682,0.0,28.86987942448023,213.0,523.0,0.0,68.0,114.01301752517652,41,19,3,15,0.31666666666666665,0.36666666666666664,332.0,0.2556271073831174,0.3434127033890859,0.0869574681460248,0.1617176061874702,32,15,0,53,28,53,4,3,49,0.7659648859265082,0.2570239140832174,6,60,0,0,49,0,0.7659648859265082,nenhuma,114.01301752517652,0.0,124,0,terminal,0.25,01,2,adaptativa,j6021_1.sm,2,GOV,0,3.3684210526315788,0.5333333333333333,47,0.3191489361702128,0.2,0.6852850178502773,60,22,60,60,2;3;4;5;6;7;8;9;10;11;12;13;14;15;16;17;18;19;20;21;22;23;24;25;26;27;28;29;30;31;32;33;34;35;36;37;38;39;40;41;42;43;44;45;46;47;48;49;50;51;52;53;54;55;56;57;58;59;60;61,2;3;4;5;6;7;8;9;10;11;12;13;14;15;16;17;18;19;20;21;22;23;24;25;26;27;28;29;30;31;32;33;34;35;36;37;38;39;40;41;42;43;44;45;46;47;48;49;50;51;52;53;54;55;56;57;58;59;60;61
True,244,76,0.7326268061144883,0.0,13.091052865150491,243.0,536.0,0.0,132.0,63.61396160576576,44,16,0,16,0.26666666666666666,0.26666666666666666,332.0,0.160798070289435,0.1916083180896559,0.03943088212394726,0.08695017446925718,34,16,0,116,26,116,0,0,116,0.794910294566222,0.24332019624229825,2,60,0,0,116,0,0.794910294566222,nenhuma,63.613961605765766,0.0,70,0,terminal,0.25,01,2,adaptativa,j6021_1.sm,3,GOV,0,3.210526315789474,0.5666666666666667,50,0.32,0.21052631578947367,0.6833280512824089,60,16,60,60,2;3;4;5;6;7;8;9;10;11;12;13;14;15;16;17;18;19;20;21;22;23;24;25;26;27;28;29;30;31;32;33;34;35;36;37;38;39;40;41;42;43;44;45;46;47;48;49;50;51;52;53;54;55;56;57;58;59;60;61,2;3;4;5;6;7;8;9;10;11;12;13;14;15;16;17;18;19;20;21;22;23;24;25;26;27;28;29;30;31;32;33;34;35;36;37;38;39;40;41;42;43;44;45;46;47;48;49;50;51;52;53;54;55;56;57;58;59;60;61
True,165,69,0.7215781709967832,0.0,9.285046362958454,279.0,549.0,0.0,165.0,46.8323284525294,48,12,2,17,0.2,0.23333333333333334,337.0,0.12201246476903106,0.13896833368703088,0.027552066358927162,0.061554072692708156,31,17,0,148,29,148,17,18,131,0.6268507180531939,0.4857196752206667,14,60,0,0,131,0,0.6268507180531939,nenhuma,46.8323284525294,0.0,54,0,terminal,0.25,01,2,adaptativa,j6032_1.sm,0,GOV,0,2.391304347826087,0.5166666666666667,48,0.3541666666666667,0.22077922077922077,0.5868443167890343,60,14,60,60,2;3;4;5;6;7;8;9;10;11;12;13;14;15;16;17;18;19;20;21;22;23;24;25;26;27;28;29;30;31;32;33;34;35;36;37;38;39;40;41;42;43;44;45;46;47;48;49;50;51;52;53;54;55;56;57;58;59;60;61,2;3;4;5;6;7;8;9;10;11;12;13;14;15;16;17;18;19;20;21;22;23;24;25;26;27;28;29;30;31;32;33;34;35;36;37;38;39;40;41;42;43;44;45;46;47;48;49;50;51;52;53;54;55;56;57;58;59;60;61
True,176,69,0.6816419901403379,2.6645352591003757e-15,27.354321919783633,236.0,579.0,0.0,158.0,112.4195022827074,44,16,6,25,0.26666666666666666,0.36666666666666664,337.0,0.25014380041743245,0.3335890275451258,0.08117009471745885,0.1323486239491726,37,25,0,133,23,133,11,7,122,0.6586427040007742,0.39362113220747674,13,60,0,0,122,0,0.6586427040007742,nenhuma,112.41950228270738,0.0,122,0,terminal,0.25,01,2,adaptativa,j6032_1.sm,1,GOV,0,2.550724637681159,0.6166666666666667,62,0.4032258064516129,0.29411764705882354,0.45609556011912766,60,22,60,60,2;3;4;5;6;7;8;9;10;11;12;13;14;15;16;17;18;19;20;21;22;23;24;25;26;27;28;29;30;31;32;33;34;35;36;37;38;39;40;41;42;43;44;45;46;47;48;49;50;51;52;53;54;55;56;57;58;59;60;61,2;3;4;5;6;7;8;9;10;11;12;13;14;15;16;17;18;19;20;21;22;23;24;25;26;27;28;29;30;31;32;33;34;35;36;37;38;39;40;41;42;43;44;45;46;47;48;49;50;51;52;53;54;55;56;57;58;59;60;61
True,153,69,0.7630734351629153,0.0,19.21004274200321,201.0,583.0,0.0,73.0,108.01558897870711,38,22,3,17,0.36666666666666664,0.4166666666666667,337.0,0.24272315769116887,0.32052103554512495,0.05700309418992051,0.14137877621462705,37,17,0,56,23,56,0,11,56,0.7659648859265082,0.2570239140832174,2,60,0,0,56,0,0.7659648859265082,nenhuma,108.01558897870711,0.0,118,0,terminal,0.25,01,2,adaptativa,j6032_1.sm,2,GOV,0,2.217391304347826,0.6166666666666667,54,0.3148148148148148,0.22077922077922077,0.39108227850284094,60,25,60,60,2;3;4;5;6;7;8;9;10;11;12;13;14;15;16;17;18;19;20;21;22;23;24;25;26;27;28;29;30;31;32;33;34;35;36;37;38;39;40;41;42;43;44;45;46;47;48;49;50;51;52;53;54;55;56;57;58;59;60;61,2;3;4;5;6;7;8;9;10;11;12;13;14;15;16;17;18;19;20;21;22;23;24;25;26;27;28;29;30;31;32;33;34;35;36;37;38;39;40;41;42;43;44;45;46;47;48;49;50;51;52;53;54;55;56;57;58;59;60;61
True,173,69,0.6311643090402622,7.105427357601002e-15,20.82175189704575,175.0,597.0,0.0,220.0,128.8709744025103,33,27,1,19,0.45,0.4666666666666667,337.0,0.2766237466667464,0.38240645223296826,0.06178561393782122,0.1362458283318354,39,19,0,201,21,201,0,9,201,0.794910294566222,0.24332019624229825,0,60,0,0,201,0,0.794910294566222,nenhuma,128.8709744025103,0.0,143,0,terminal,0.25,01,2,adaptativa,j6032_1.sm,3,GOV,0,2.5072463768115942,0.65,58,0.3275862068965517,0.24050632911392406,0.42257020696773306,60,28,60,60,2;3;4;5;6;7;8;9;10;11;12;13;14;15;16;17;18;19;20;21;22;23;24;25;26;27;28;29;30;31;32;33;34;35;36;37;38;39;40;41;42;43;44;45;46;47;48;49;50;51;52;53;54;55;56;57;58;59;60;61,2;3;4;5;6;7;8;9;10;11;12;13;14;15;16;17;18;19;20;21;22;23;24;25;26;27;28;29;30;31;32;33;34;35;36;37;38;39;40;41;42;43;44;45;46;47;48;49;50;51;52;53;54;55;56;57;58;59;60;61
True,202,108,0.630954811437109,0.0,10.423677620531148,283.0,483.0,0.0,246.0,36.50648516315108,52,8,1,5,0.13333333333333333,0.15,334.0,0.0985312987087813,0.10930085378188947,0.031208615630332778,0.04768932186821451,29,5,0,241,31,241,35,0,206,0.6268507180531939,0.4857196752206667,21,60,0,0,206,0,0.6268507180531939,nenhuma,36.50648516315108,0.0,39,0,terminal,0.25,01,2,adaptativa,j6043_1.sm,0,GOV,0,1.8703703703703705,0.48333333333333334,34,0.14705882352941177,0.07692307692307693,0.7981704765143012,60,9,60,60,2;3;4;5;6;7;8;9;10;11;12;13;14;15;16;17;18;19;20;21;22;23;24;25;26;27;28;29;30;31;32;33;34;35;36;37;38;39;40;41;42;43;44;45;46;47;48;49;50;51;52;53;54;55;56;57;58;59;60;61,2;3;4;5;6;7;8;9;10;11;12;13;14;15;16;17;18;19;20;21;22;23;24;25;26;27;28;29;30;31;32;33;34;35;36;37;38;39;40;41;42;43;44;45;46;47;48;49;50;51;52;53;54;55;56;57;58;59;60;61
True,206,108,0.674548272439035,0.0,13.488485904366389,225.0,491.0,0.0,167.0,69.89453336621824,40,20,1,8,0.3333333333333333,0.35,334.0,0.17305144683115492,0.20926506995873725,0.04038468833642631,0.0960228854075662,25,8,0,159,35,159,17,2,142,0.6586427040007742,0.39362113220747674,20,60,0,0,142,0,0.6586427040007742,nenhuma,69.89453336621824,0.0,76,0,terminal,0.25,01,2,adaptativa,j6043_1.sm,1,GOV,0,1.9074074074074074,0.4166666666666667,33,0.24242424242424243,0.11764705882352941,0.7621828617817158,60,21,60,60,2;3;4;5;6;7;8;9;10;11;12;13;14;15;16;17;18;19;20;21;22;23;24;25;26;27;28;29;30;31;32;33;34;35;36;37;38;39;40;41;42;43;44;45;46;47;48;49;50;51;52;53;54;55;56;57;58;59;60;61,2;3;4;5;6;7;8;9;10;11;12;13;14;15;16;17;18;19;20;21;22;23;24;25;26;27;28;29;30;31;32;33;34;35;36;37;38;39;40;41;42;43;44;45;46;47;48;49;50;51;52;53;54;55;56;57;58;59;60;61
True,185,108,0.7550452449972355,0.0,11.708850029193115,244.0,514.0,0.0,106.0,60.75390634621097,45,15,1,3,0.25,0.26666666666666666,334.0,0.15390324293061708,0.1818979231922484,0.03505643721315304,0.08924503521734234,28,3,0,103,32,103,0,2,103,0.7659648859265082,0.2570239140832174,6,60,0,0,103,0,0.7659648859265082,nenhuma,60.75390634621097,0.0,67,0,terminal,0.25,01,2,adaptativa,j6043_1.sm,2,GOV,0,1.712962962962963,0.4666666666666667,31,0.0967741935483871,0.047619047619047616,0.663836926804475,60,16,60,60,2;3;4;5;6;7;8;9;10;11;12;13;14;15;16;17;18;19;20;21;22;23;24;25;26;27;28;29;30;31;32;33;34;35;36;37;38;39;40;41;42;43;44;45;46;47;48;49;50;51;52;53;54;55;56;57;58;59;60;61,2;3;4;5;6;7;8;9;10;11;12;13;14;15;16;17;18;19;20;21;22;23;24;25;26;27;28;29;30;31;32;33;34;35;36;37;38;39;40;41;42;43;44;45;46;47;48;49;50;51;52;53;54;55;56;57;58;59;60;61
True,204,108,0.6067573085768112,0.0,16.72279540933661,228.0,521.0,0.0,258.0,79.66291618643946,41,19,2,11,0.31666666666666665,0.35,334.0,0.19257930326666042,0.23851172510910018,0.05006824972855272,0.0927755405348639,30,11,0,247,30,247,1,17,246,0.794910294566222,0.24332019624229825,4,60,0,0,246,0,0.794910294566222,nenhuma,79.66291618643946,0.0,88,0,terminal,0.25,01,2,adaptativa,j6043_1.sm,3,GOV,0,1.8888888888888888,0.5,41,0.2682926829268293,0.15492957746478872,0.6411623186363372,60,21,60,60,2;3;4;5;6;7;8;9;10;11;12;13;14;15;16;17;18;19;20;21;22;23;24;25;26;27;28;29;30;31;32;33;34;35;36;37;38;39;40;41;42;43;44;45;46;47;48;49;50;51;52;53;54;55;56;57;58;59;60;61,2;3;4;5;6;7;8;9;10;11;12;13;14;15;16;17;18;19;20;21;22;23;24;25;26;27;28;29;30;31;32;33;34;35;36;37;38;39;40;41;42;43;44;45;46;47;48;49;50;51;52;53;54;55;56;57;58;59;60;61
True,193,85,0.7264198560097462,0.0,16.90392231744888,290.0,511.0,0.0,149.0,43.449934321652115,53,7,7,21,0.11666666666666667,0.23333333333333334,323.0,0.11856990615125573,0.13451992050047096,0.05233412482182316,0.06176691787390893,35,21,0,128,25,128,23,6,105,0.6268507180531939,0.4857196752206667,16,60,0,0,105,0,0.6268507180531939,nenhuma,43.4499343216521,0.0,51,0,terminal,0.25,01,3,centralizada,j6010_1.sm,0,GOV,0,2.2705882352941176,0.5833333333333334,56,0.375,0.25925925925925924,0.6180252673830209,60,14,60,60,2;3;4;5;6;7;8;9;10;11;12;13;14;15;16;17;18;19;20;21;22;23;24;25;26;27;28;29;30;31;32;33;34;35;36;37;38;39;40;41;42;43;44;45;46;47;48;49;50;51;52;53;54;55;56;57;58;59;60;61,2;3;4;5;6;7;8;9;10;11;12;13;14;15;16;17;18;19;20;21;22;23;24;25;26;27;28;29;30;31;32;33;34;35;36;37;38;39;40;41;42;43;44;45;46;47;48;49;50;51;52;53;54;55;56;57;58;59;60;61
True,170,85,0.7780151518706362,0.0,10.644477930018752,278.0,500.0,0.0,95.0,47.66100576295342,51,9,6,13,0.15,0.25,323.0,0.12858381384049278,0.14755729338375673,0.03295504003101781,0.07416196927394295,27,13,0,82,33,82,1,17,81,0.6586427040007742,0.39362113220747674,14,60,0,0,81,0,0.6586427040007742,nenhuma,47.66100576295342,0.0,51,0,terminal,0.25,01,3,centralizada,j6010_1.sm,1,GOV,0,2.0,0.45,40,0.325,0.1780821917808219,0.6513611079460159,60,15,60,60,2;3;4;5;6;7;8;9;10;11;12;13;14;15;16;17;18;19;20;21;22;23;24;25;26;27;28;29;30;31;32;33;34;35;36;37;38;39;40;41;42;43;44;45;46;47;48;49;50;51;52;53;54;55;56;57;58;59;60;61,2;3;4;5;6;7;8;9;10;11;12;13;14;15;16;17;18;19;20;21;22;23;24;25;26;27;28;29;30;31;32;33;34;35;36;37;38;39;40;41;42;43;44;45;46;47;48;49;50;51;52;53;54;55;56;57;58;59;60;61
True,178,85,0.7214119000318662,0.0,14.757529407102435,272.0,537.0,0.0,137.0,70.37363727473812,50,10,9,17,0.16666666666666666,0.31666666666666665,323.0,0.17889769574362221,0.2178750380022852,0.045688945532824876,0.0945407437216428,34,17,0,120,26,120,8,9,112,0.7659648859265082,0.2570239140832174,4,60,0,0,112,0,0.7659648859265082,nenhuma,70.37363727473812,0.0,77,0,terminal,0.25,01,3,centralizada,j6010_1.sm,2,GOV,0,2.0941176470588236,0.5666666666666667,51,0.3333333333333333,0.22077922077922077,0.5628287701856522,60,19,60,60,2;3;4;5;6;7;8;9;10;11;12;13;14;15;16;17;18;19;20;21;22;23;24;25;26;27;28;29;30;31;32;33;34;35;36;37;38;39;40;41;42;43;44;45;46;47;48;49;50;51;52;53;54;55;56;57;58;59;60;61,2;3;4;5;6;7;8;9;10;11;12;13;14;15;16;17;18;19;20;21;22;23;24;25;26;27;28;29;30;31;32;33;34;35;36;37;38;39;40;41;42;43;44;45;46;47;48;49;50;51;52;53;54;55;56;57;58;59;60;61
True,214,85,0.6596074822775797,1.7763568394002505e-15,21.536070481562753,272.0,506.0,0.0,207.0,54.122892925374984,53,7,9,16,0.11666666666666667,0.26666666666666666,323.0,0.14351526767717285,0.167563135991873,0.06667514080979181,0.07055309315431942,32,16,0,191,28,191,7,5,184,0.794910294566222,0.24332019624229825,3,60,0,0,184,0,0.794910294566222,nenhuma,54.122892925374984,0.0,61,0,terminal,0.25,01,3,centralizada,j6010_1.sm,3,GOV,0,2.5176470588235293,0.5333333333333333,48,0.3333333333333333,0.21052631578947367,0.6946597799702169,60,16,60,60,2;3;4;5;6;7;8;9;10;11;12;13;14;15;16;17;18;19;20;21;22;23;24;25;26;27;28;29;30;31;32;33;34;35;36;37;38;39;40;41;42;43;44;45;46;47;48;49;50;51;52;53;54;55;56;57;58;59;60;61,2;3;4;5;6;7;8;9;10;11;12;13;14;15;16;17;18;19;20;21;22;23;24;25;26;27;28;29;30;31;32;33;34;35;36;37;38;39;40;41;42;43;44;45;46;47;48;49;50;51;52;53;54;55;56;57;58;59;60;61
True,259,76,0.6903579929531636,1.7763568394002505e-15,23.4193232863821,236.0,534.0,0.0,149.0,90.51172210767537,43,17,5,14,0.2833333333333333,0.36666666666666664,332.0,0.21422298452729988,0.2726256689990222,0.07054013038066898,0.11701402773968025,35,14,0,135,25,135,10,0,125,0.6268507180531939,0.4857196752206667,18,60,0,0,125,0,0.6268507180531939,nenhuma,90.51172210767535,0.0,100,0,terminal,0.25,01,3,centralizada,j6021_1.sm,0,GOV,0,3.4078947368421053,0.5833333333333334,49,0.2857142857142857,0.1891891891891892,0.710454362419398,60,22,60,60,2;3;4;5;6;7;8;9;10;11;12;13;14;15;16;17;18;19;20;21;22;23;24;25;26;27;28;29;30;31;32;33;34;35;36;37;38;39;40;41;42;43;44;45;46;47;48;49;50;51;52;53;54;55;56;57;58;59;60;61,2;3;4;5;6;7;8;9;10;11;12;13;14;15;16;17;18;19;20;21;22;23;24;25;26;27;28;29;30;31;32;33;34;35;36;37;38;39;40;41;42;43;44;45;46;47;48;49;50;51;52;53;54;55;56;57;58;59;60;61
True,290,76,0.7303421363779075,0.0,16.39974614714948,259.0,523.0,0.0,102.0,91.10273315707946,46,14,14,8,0.23333333333333334,0.4666666666666667,332.0,0.21532059714503668,0.27440582276228753,0.049396825744426144,0.1272202003132081,28,8,0,94,32,94,1,0,93,0.6586427040007742,0.39362113220747674,17,60,0,0,93,0,0.6586427040007742,nenhuma,91.10273315707944,0.0,99,0,terminal,0.25,01,3,centralizada,j6021_1.sm,1,GOV,0,3.8157894736842106,0.4666666666666667,36,0.2222222222222222,0.11764705882352941,0.7567621335178567,60,28,60,60,2;3;4;5;6;7;8;9;10;11;12;13;14;15;16;17;18;19;20;21;22;23;24;25;26;27;28;29;30;31;32;33;34;35;36;37;38;39;40;41;42;43;44;45;46;47;48;49;50;51;52;53;54;55;56;57;58;59;60;61,2;3;4;5;6;7;8;9;10;11;12;13;14;15;16;17;18;19;20;21;22;23;24;25;26;27;28;29;30;31;32;33;34;35;36;37;38;39;40;41;42;43;44;45;46;47;48;49;50;51;52;53;54;55;56;57;58;59;60;61
True,258,76,0.7753662195091868,0.0,19.660036536030837,277.0,534.0,0.0,94.0,60.706815649031455,51,9,6,14,0.15,0.25,332.0,0.15458559217695406,0.18285185436455256,0.059216977518165174,0.08814609391054432,27,14,0,80,33,80,3,2,77,0.7659648859265082,0.2570239140832174,6,60,0,0,77,0,0.7659648859265082,nenhuma,60.706815649031455,0.0,66,0,terminal,0.25,01,3,centralizada,j6021_1.sm,2,GOV,0,3.3947368421052633,0.45,41,0.34146341463414637,0.1891891891891892,0.7296524306634807,60,15,60,60,2;3;4;5;6;7;8;9;10;11;12;13;14;15;16;17;18;19;20;21;22;23;24;25;26;27;28;29;30;31;32;33;34;35;36;37;38;39;40;41;42;43;44;45;46;47;48;49;50;51;52;53;54;55;56;57;58;59;60;61,2;3;4;5;6;7;8;9;10;11;12;13;14;15;16;17;18;19;20;21;22;23;24;25;26;27;28;29;30;31;32;33;34;35;36;37;38;39;40;41;42;43;44;45;46;47;48;49;50;51;52;53;54;55;56;57;58;59;60;61
True,255,76,0.7215822254281038,4.440892098500626e-16,17.348320187259297,252.0,533.0,0.0,116.0,89.65455829899244,49,11,10,20,0.18333333333333332,0.35,332.0,0.21262561149740727,0.27004385029817,0.05225397646764848,0.12137548911287173,35,20,0,96,25,96,0,0,96,0.794910294566222,0.24332019624229825,2,60,0,0,96,0,0.794910294566222,nenhuma,89.65455829899241,0.0,97,0,terminal,0.25,01,3,centralizada,j6021_1.sm,3,GOV,0,3.3552631578947367,0.5833333333333334,55,0.36363636363636365,0.25,0.6858178644784226,60,21,60,60,2;3;4;5;6;7;8;9;10;11;12;13;14;15;16;17;18;19;20;21;22;23;24;25;26;27;28;29;30;31;32;33;34;35;36;37;38;39;40;41;42;43;44;45;46;47;48;49;50;51;52;53;54;55;56;57;58;59;60;61,2;3;4;5;6;7;8;9;10;11;12;13;14;15;16;17;18;19;20;21;22;23;24;25;26;27;28;29;30;31;32;33;34;35;36;37;38;39;40;41;42;43;44;45;46;47;48;49;50;51;52;53;54;55;56;57;58;59;60;61
True,186,69,0.7206793648229223,8.881784197001252e-16,25.270700305869074,299.0,587.0,0.0,154.0,73.50923760559098,51,9,9,24,0.15,0.3,337.0,0.17906841277032887,0.21812830150027,0.07498724126370646,0.09024972856254614,35,24,0,130,25,130,19,3,111,0.6268507180531939,0.4857196752206667,14,60,0,0,111,0,0.6268507180531939,nenhuma,73.50923760559098,0.0,83,0,terminal,0.25,01,3,centralizada,j6032_1.sm,0,GOV,0,2.6956521739130435,0.5833333333333334,59,0.4067796610169492,0.2857142857142857,0.5093140494777989,60,18,60,60,2;3;4;5;6;7;8;9;10;11;12;13;14;15;16;17;18;19;20;21;22;23;24;25;26;27;28;29;30;31;32;33;34;35;36;37;38;39;40;41;42;43;44;45;46;47;48;49;50;51;52;53;54;55;56;57;58;59;60;61,2;3;4;5;6;7;8;9;10;11;12;13;14;15;16;17;18;19;20;21;22;23;24;25;26;27;28;29;30;31;32;33;34;35;36;37;38;39;40;41;42;43;44;45;46;47;48;49;50;51;52;53;54;55;56;57;58;59;60;61
True,251,69,0.6891759094665937,0.0,23.035330228375447,269.0,586.0,0.0,185.0,79.29089373357606,50,10,9,23,0.16666666666666666,0.31666666666666665,337.0,0.19046992121889122,0.23528455113820787,0.06835409563316157,0.09325149112842374,34,23,0,162,26,162,9,16,153,0.6586427040007742,0.39362113220747674,13,60,0,0,153,0,0.6586427040007742,nenhuma,79.29089373357607,0.0,87,0,terminal,0.25,01,3,centralizada,j6032_1.sm,1,GOV,0,3.63768115942029,0.5666666666666667,57,0.40350877192982454,0.27710843373493976,0.6476809997287577,60,19,60,60,2;3;4;5;6;7;8;9;10;11;12;13;14;15;16;17;18;19;20;21;22;23;24;25;26;27;28;29;30;31;32;33;34;35;36;37;38;39;40;41;42;43;44;45;46;47;48;49;50;51;52;53;54;55;56;57;58;59;60;61,2;3;4;5;6;7;8;9;10;11;12;13;14;15;16;17;18;19;20;21;22;23;24;25;26;27;28;29;30;31;32;33;34;35;36;37;38;39;40;41;42;43;44;45;46;47;48;49;50;51;52;53;54;55;56;57;58;59;60;61
True,264,69,0.7709264330862199,0.0,26.66710528488619,270.0,578.0,0.0,76.0,95.74728481693768,47,13,11,19,0.21666666666666667,0.4,337.0,0.2212545015907865,0.2841165721570851,0.0791308762162795,0.12770607744223555,36,19,0,57,24,57,0,6,57,0.7659648859265082,0.2570239140832174,2,60,0,0,57,0,0.7659648859265082,nenhuma,95.74728481693768,0.0,109,0,terminal,0.25,01,3,centralizada,j6032_1.sm,2,GOV,0,3.8260869565217392,0.6,55,0.34545454545454546,0.24050632911392406,0.6615620914206669,60,24,60,60,2;3;4;5;6;7;8;9;10;11;12;13;14;15;16;17;18;19;20;21;22;23;24;25;26;27;28;29;30;31;32;33;34;35;36;37;38;39;40;41;42;43;44;45;46;47;48;49;50;51;52;53;54;55;56;57;58;59;60;61,2;3;4;5;6;7;8;9;10;11;12;13;14;15;16;17;18;19;20;21;22;23;24;25;26;27;28;29;30;31;32;33;34;35;36;37;38;39;40;41;42;43;44;45;46;47;48;49;50;51;52;53;54;55;56;57;58;59;60;61
True,225,69,0.6267170052457625,1.7763568394002505e-15,34.47296850043632,240.0,594.0,0.0,223.0,130.79620630697144,46,14,9,17,0.23333333333333334,0.38333333333333336,337.0,0.2796008273336487,0.38811930654887666,0.10229367507547871,0.138000348003724,41,17,0,206,19,206,0,21,206,0.794910294566222,0.24332019624229825,0,60,0,0,206,0,0.794910294566222,nenhuma,130.79620630697144,0.0,141,0,terminal,0.25,01,3,centralizada,j6032_1.sm,3,GOV,0,3.260869565217391,0.6833333333333333,58,0.29310344827586204,0.22077922077922077,0.540857027916695,60,23,60,60,2;3;4;5;6;7;8;9;10;11;12;13;14;15;16;17;18;19;20;21;22;23;24;25;26;27;28;29;30;31;32;33;34;35;36;37;38;39;40;41;42;43;44;45;46;47;48;49;50;51;52;53;54;55;56;57;58;59;60;61,2;3;4;5;6;7;8;9;10;11;12;13;14;15;16;17;18;19;20;21;22;23;24;25;26;27;28;29;30;31;32;33;34;35;36;37;38;39;40;41;42;43;44;45;46;47;48;49;50;51;52;53;54;55;56;57;58;59;60;61
True,254,108,0.6690664750862039,0.0,15.682467125162376,266.0,491.0,0.0,190.0,52.85832093401265,49,11,4,11,0.18333333333333332,0.25,334.0,0.13663483004939375,0.1582584459102175,0.0469534943867137,0.07202796428980682,31,11,0,179,29,179,31,0,148,0.6268507180531939,0.4857196752206667,21,60,0,0,148,0,0.6268507180531939,nenhuma,52.85832093401265,0.0,57,0,terminal,0.25,01,3,centralizada,j6043_1.sm,0,GOV,0,2.3518518518518516,0.5166666666666667,42,0.2619047619047619,0.15492957746478872,0.7742948588427476,60,15,60,60,2;3;4;5;6;7;8;9;10;11;12;13;14;15;16;17;18;19;20;21;22;23;24;25;26;27;28;29;30;31;32;33;34;35;36;37;38;39;40;41;42;43;44;45;46;47;48;49;50;51;52;53;54;55;56;57;58;59;60;61,2;3;4;5;6;7;8;9;10;11;12;13;14;15;16;17;18;19;20;21;22;23;24;25;26;27;28;29;30;31;32;33;34;35;36;37;38;39;40;41;42;43;44;45;46;47;48;49;50;51;52;53;54;55;56;57;58;59;60;61
True,198,108,0.6825178513345087,0.0,20.82887971262255,281.0,503.0,0.0,164.0,69.97706077064159,53,7,8,13,0.11666666666666667,0.25,334.0,0.17322038196216083,0.2095121579959329,0.06236191530725314,0.09495147745503507,28,13,0,151,32,151,17,3,134,0.6586427040007742,0.39362113220747674,20,60,0,0,134,0,0.6586427040007742,nenhuma,69.97706077064157,0.0,77,0,terminal,0.25,01,3,centralizada,j6043_1.sm,1,GOV,0,1.8333333333333333,0.4666666666666667,41,0.3170731707317073,0.1780821917808219,0.7145504947283879,60,15,60,60,2;3;4;5;6;7;8;9;10;11;12;13;14;15;16;17;18;19;20;21;22;23;24;25;26;27;28;29;30;31;32;33;34;35;36;37;38;39;40;41;42;43;44;45;46;47;48;49;50;51;52;53;54;55;56;57;58;59;60;61,2;3;4;5;6;7;8;9;10;11;12;13;14;15;16;17;18;19;20;21;22;23;24;25;26;27;28;29;30;31;32;33;34;35;36;37;38;39;40;41;42;43;44;45;46;47;48;49;50;51;52;53;54;55;56;57;58;59;60;61
True,245,108,0.7838263977356906,0.0,4.731751063831428,316.0,529.0,0.0,113.0,32.89434079812767,56,4,6,13,0.06666666666666667,0.16666666666666666,334.0,0.08965616838507402,0.09848605029379542,0.014166919352788706,0.048739986112829065,34,13,0,100,26,100,0,6,100,0.7659648859265082,0.2570239140832174,6,60,0,0,100,0,0.7659648859265082,nenhuma,32.89434079812767,0.0,36,0,terminal,0.25,01,3,centralizada,j6043_1.sm,2,GOV,0,2.2685185185185186,0.5666666666666667,47,0.2765957446808511,0.1780821917808219,0.7008553599250971,60,10,60,60,2;3;4;5;6;7;8;9;10;11;12;13;14;15;16;17;18;19;20;21;22;23;24;25;26;27;28;29;30;31;32;33;34;35;36;37;38;39;40;41;42;43;44;45;46;47;48;49;50;51;52;53;54;55;56;57;58;59;60;61,2;3;4;5;6;7;8;9;10;11;12;13;14;15;16;17;18;19;20;21;22;23;24;25;26;27;28;29;30;31;32;33;34;35;36;37;38;39;40;41;42;43;44;45;46;47;48;49;50;51;52;53;54;55;56;57;58;59;60;61
True,217,108,0.5863351873158922,2.6645352591003757e-15,20.97287554824552,248.0,516.0,0.0,284.0,80.04269769673809,47,13,7,12,0.21666666666666667,0.3333333333333333,334.0,0.19331991155019634,0.23964879549921583,0.06279304056360933,0.0909531979598571,32,12,0,272,28,272,1,12,271,0.794910294566222,0.24332019624229825,4,60,0,0,271,0,0.794910294566222,nenhuma,80.04269769673812,0.0,88,0,terminal,0.25,01,3,centralizada,j6043_1.sm,3,GOV,0,2.009259259259259,0.5333333333333333,44,0.2727272727272727,0.16666666666666666,0.6615814326716587,60,20,60,60,2;3;4;5;6;7;8;9;10;11;12;13;14;15;16;17;18;19;20;21;22;23;24;25;26;27;28;29;30;31;32;33;34;35;36;37;38;39;40;41;42;43;44;45;46;47;48;49;50;51;52;53;54;55;56;57;58;59;60;61,2;3;4;5;6;7;8;9;10;11;12;13;14;15;16;17;18;19;20;21;22;23;24;25;26;27;28;29;30;31;32;33;34;35;36;37;38;39;40;41;42;43;44;45;46;47;48;49;50;51;52;53;54;55;56;57;58;59;60;61
True,169,85,0.7077279157702571,0.0,13.443764329048934,278.0,523.0,0.0,151.0,64.98455655912892,53,7,12,22,0.11666666666666667,0.31666666666666665,323.0,0.16749263716950358,0.20119057758244246,0.04162156139024438,0.08793763818517533,34,22,0,129,26,129,21,4,108,0.6268507180531939,0.4857196752206667,16,60,0,0,108,0,0.6268507180531939,nenhuma,64.98455655912893,0.0,74,0,terminal,0.25,01,7,adaptativa,j6010_1.sm,0,GOV,0,1.988235294117647,0.5666666666666667,56,0.39285714285714285,0.2682926829268293,0.5489623391124582,60,19,60,60,2;3;4;5;6;7;8;9;10;11;12;13;14;15;16;17;18;19;20;21;22;23;24;25;26;27;28;29;30;31;32;33;34;35;36;37;38;39;40;41;42;43;44;45;46;47;48;49;50;51;52;53;54;55;56;57;58;59;60;61,2;3;4;5;6;7;8;9;10;11;12;13;14;15;16;17;18;19;20;21;22;23;24;25;26;27;28;29;30;31;32;33;34;35;36;37;38;39;40;41;42;43;44;45;46;47;48;49;50;51;52;53;54;55;56;57;58;59;60;61
True,166,85,0.7687165770389305,0.0,4.0,307.0,506.0,0.0,100.0,52.24000042914965,58,2,14,12,0.03333333333333333,0.26666666666666666,323.0,0.1392175684079642,0.16173374745866764,0.01238390092879257,0.0793631508189885,30,12,0,88,30,88,4,13,84,0.6586427040007742,0.39362113220747674,14,60,0,0,84,0,0.6586427040007742,nenhuma,52.24000042914965,0.0,59,0,terminal,0.25,01,7,adaptativa,j6010_1.sm,1,GOV,0,1.9529411764705882,0.5,42,0.2857142857142857,0.16666666666666666,0.6083244304228457,60,16,60,60,2;3;4;5;6;7;8;9;10;11;12;13;14;15;16;17;18;19;20;21;22;23;24;25;26;27;28;29;30;31;32;33;34;35;36;37;38;39;40;41;42;43;44;45;46;47;48;49;50;51;52;53;54;55;56;57;58;59;60;61,2;3;4;5;6;7;8;9;10;11;12;13;14;15;16;17;18;19;20;21;22;23;24;25;26;27;28;29;30;31;32;33;34;35;36;37;38;39;40;41;42;43;44;45;46;47;48;49;50;51;52;53;54;55;56;57;58;59;60;61
True,159,85,0.751694150397437,0.0,4.5,313.0,515.0,0.0,114.0,56.11907366541077,58,2,14,15,0.03333333333333333,0.26666666666666666,323.0,0.1480249282180361,0.17374326212201477,0.01393188854489164,0.08191141631070316,35,15,0,99,25,99,8,12,91,0.7659648859265082,0.2570239140832174,4,60,0,0,91,0,0.7659648859265082,nenhuma,56.11907366541078,0.0,62,0,terminal,0.25,01,7,adaptativa,j6010_1.sm,2,GOV,0,1.8705882352941177,0.5833333333333334,50,0.3,0.2,0.5575856253537199,60,16,60,60,2;3;4;5;6;7;8;9;10;11;12;13;14;15;16;17;18;19;20;21;22;23;24;25;26;27;28;29;30;31;32;33;34;35;36;37;38;39;40;41;42;43;44;45;46;47;48;49;50;51;52;53;54;55;56;57;58;59;60;61,2;3;4;5;6;7;8;9;10;11;12;13;14;15;16;17;18;19;20;21;22;23;24;25;26;27;28;29;30;31;32;33;34;35;36;37;38;39;40;41;42;43;44;45;46;47;48;49;50;51;52;53;54;55;56;57;58;59;60;61
True,178,85,0.620698865073771,0.0,12.338670324821248,304.0,507.0,0.0,239.0,70.82121319771097,57,3,13,13,0.05,0.26666666666666666,323.0,0.17983087458053318,0.21926072197433738,0.03820021772390479,0.08670344507882993,30,13,0,226,30,226,7,12,219,0.794910294566222,0.24332019624229825,3,60,0,0,219,0,0.794910294566222,nenhuma,70.82121319771097,0.0,79,0,terminal,0.25,01,7,adaptativa,j6010_1.sm,3,GOV,0,2.0941176470588236,0.5,43,0.3023255813953488,0.1780821917808219,0.6575953634410787,60,16,60,60,2;3;4;5;6;7;8;9;10;11;12;13;14;15;16;17;18;19;20;21;22;23;24;25;26;27;28;29;30;31;32;33;34;35;36;37;38;39;40;41;42;43;44;45;46;47;48;49;50;51;52;53;54;55;56;57;58;59;60;61,2;3;4;5;6;7;8;9;10;11;12;13;14;15;16;17;18;19;20;21;22;23;24;25;26;27;28;29;30;31;32;33;34;35;36;37;38;39;40;41;42;43;44;45;46;47;48;49;50;51;52;53;54;55;56;57;58;59;60;61
True,245,76,0.7677356255431435,0.0,11.848039011651863,300.0,528.0,0.0,102.0,57.736744828612515,54,6,9,8,0.1,0.25,332.0,0.1481429339027357,0.17390585791750757,0.0356868644929273,0.08395181043147666,27,8,0,94,33,94,10,0,84,0.6268507180531939,0.4857196752206667,18,60,0,0,84,0,0.6268507180531939,nenhuma,57.736744828612515,0.0,64,0,terminal,0.25,01,7,adaptativa,j6021_1.sm,0,GOV,0,3.223684210526316,0.45,35,0.22857142857142856,0.11764705882352941,0.7270572404788966,60,15,60,60,2;3;4;5;6;7;8;9;10;11;12;13;14;15;16;17;18;19;20;21;22;23;24;25;26;27;28;29;30;31;32;33;34;35;36;37;38;39;40;41;42;43;44;45;46;47;48;49;50;51;52;53;54;55;56;57;58;59;60;61,2;3;4;5;6;7;8;9;10;11;12;13;14;15;16;17;18;19;20;21;22;23;24;25;26;27;28;29;30;31;32;33;34;35;36;37;38;39;40;41;42;43;44;45;46;47;48;49;50;51;52;53;54;55;56;57;58;59;60;61
True,233,76,0.7619936673475894,0.0,14.466834931290466,286.0,534.0,0.0,89.0,77.79322556418525,52,8,12,24,0.13333333333333333,0.3333333333333333,332.0,0.18983531379046825,0.2343169444704375,0.04357480400991104,0.11100738809447896,28,24,0,65,32,65,1,0,64,0.6586427040007742,0.39362113220747674,17,60,0,0,64,0,0.6586427040007742,nenhuma,77.79322556418525,0.0,85,0,terminal,0.25,01,7,adaptativa,j6021_1.sm,1,GOV,0,3.0657894736842106,0.4666666666666667,52,0.46153846153846156,0.2857142857142857,0.6734407918906316,60,20,60,60,2;3;4;5;6;7;8;9;10;11;12;13;14;15;16;17;18;19;20;21;22;23;24;25;26;27;28;29;30;31;32;33;34;35;36;37;38;39;40;41;42;43;44;45;46;47;48;49;50;51;52;53;54;55;56;57;58;59;60;61,2;3;4;5;6;7;8;9;10;11;12;13;14;15;16;17;18;19;20;21;22;23;24;25;26;27;28;29;30;31;32;33;34;35;36;37;38;39;40;41;42;43;44;45;46;47;48;49;50;51;52;53;54;55;56;57;58;59;60;61
True,261,76,0.7654118098146409,0.0,10.957113100626099,320.0,525.0,0.0,78.0,82.9052777447199,58,2,17,17,0.03333333333333333,0.31666666666666665,332.0,0.19981736119473825,0.24971469200216836,0.033003352712729216,0.12086986415575529,36,17,0,61,24,61,2,0,59,0.7659648859265082,0.2570239140832174,6,60,0,0,59,0,0.7659648859265082,nenhuma,82.90527774471987,0.0,90,0,terminal,0.25,01,7,adaptativa,j6021_1.sm,2,GOV,0,3.4342105263157894,0.6,53,0.32075471698113206,0.22077922077922077,0.6812980878905378,60,19,60,60,2;3;4;5;6;7;8;9;10;11;12;13;14;15;16;17;18;19;20;21;22;23;24;25;26;27;28;29;30;31;32;33;34;35;36;37;38;39;40;41;42;43;44;45;46;47;48;49;50;51;52;53;54;55;56;57;58;59;60;61,2;3;4;5;6;7;8;9;10;11;12;13;14;15;16;17;18;19;20;21;22;23;24;25;26;27;28;29;30;31;32;33;34;35;36;37;38;39;40;41;42;43;44;45;46;47;48;49;50;51;52;53;54;55;56;57;58;59;60;61
True,233,76,0.7509531300009264,0.0,5.9136278080279645,303.0,537.0,0.0,110.0,68.09123345599143,57,3,10,14,0.05,0.21666666666666667,332.0,0.17018926625264638,0.20509407667467297,0.01781213195189146,0.09522034430055971,32,14,0,96,28,96,0,0,96,0.794910294566222,0.24332019624229825,2,60,0,0,96,0,0.794910294566222,nenhuma,68.09123345599143,0.0,72,0,terminal,0.25,01,7,adaptativa,j6021_1.sm,3,GOV,0,3.0657894736842106,0.5333333333333333,46,0.30434782608695654,0.1891891891891892,0.6429013706268754,60,13,60,60,2;3;4;5;6;7;8;9;10;11;12;13;14;15;16;17;18;19;20;21;22;23;24;25;26;27;28;29;30;31;32;33;34;35;36;37;38;39;40;41;42;43;44;45;46;47;48;49;50;51;52;53;54;55;56;57;58;59;60;61,2;3;4;5;6;7;8;9;10;11;12;13;14;15;16;17;18;19;20;21;22;23;24;25;26;27;28;29;30;31;32;33;34;35;36;37;38;39;40;41;42;43;44;45;46;47;48;49;50;51;52;53;54;55;56;57;58;59;60;61
True,158,69,0.6925492159793553,0.0,17.473373080442045,293.0,558.0,0.0,166.0,81.71891083713804,53,7,12,14,0.11666666666666667,0.31666666666666665,337.0,0.195164127346813,0.24248934966509805,0.05184977175205355,0.10142359790492256,30,14,0,152,30,152,21,15,131,0.6268507180531939,0.4857196752206667,14,60,0,0,131,0,0.6268507180531939,nenhuma,81.71891083713804,0.0,90,0,terminal,0.25,01,7,adaptativa,j6032_1.sm,0,GOV,0,2.289855072463768,0.5,44,0.3181818181818182,0.1891891891891892,0.5167765987639467,60,19,60,60,2;3;4;5;6;7;8;9;10;11;12;13;14;15;16;17;18;19;20;21;22;23;24;25;26;27;28;29;30;31;32;33;34;35;36;37;38;39;40;41;42;43;44;45;46;47;48;49;50;51;52;53;54;55;56;57;58;59;60;61,2;3;4;5;6;7;8;9;10;11;12;13;14;15;16;17;18;19;20;21;22;23;24;25;26;27;28;29;30;31;32;33;34;35;36;37;38;39;40;41;42;43;44;45;46;47;48;49;50;51;52;53;54;55;56;57;58;59;60;61
True,166,69,0.6815252802939074,0.0,8.463099363645515,319.0,582.0,0.0,183.0,88.96685468367782,57,3,17,26,0.05,0.3333333333333333,337.0,0.20885863232186092,0.2639966014352458,0.02511305449152972,0.10418068827347225,37,26,0,157,23,157,9,16,148,0.6586427040007742,0.39362113220747674,13,60,0,0,148,0,0.6586427040007742,nenhuma,88.96685468367782,0.0,97,0,terminal,0.25,01,7,adaptativa,j6032_1.sm,1,GOV,0,2.4057971014492754,0.6166666666666667,63,0.4126984126984127,0.3023255813953488,0.4357722953866517,60,20,60,60,2;3;4;5;6;7;8;9;10;11;12;13;14;15;16;17;18;19;20;21;22;23;24;25;26;27;28;29;30;31;32;33;34;35;36;37;38;39;40;41;42;43;44;45;46;47;48;49;50;51;52;53;54;55;56;57;58;59;60;61,2;3;4;5;6;7;8;9;10;11;12;13;14;15;16;17;18;19;20;21;22;23;24;25;26;27;28;29;30;31;32;33;34;35;36;37;38;39;40;41;42;43;44;45;46;47;48;49;50;51;52;53;54;55;56;57;58;59;60;61
True,143,69,0.7897651160451062,0.0,9.84142027780192,312.0,580.0,0.0,71.0,83.39556675338666,56,4,17,14,0.06666666666666667,0.35,337.0,0.19837403947294321,0.24746458977266073,0.029203027530569494,0.11355674043902728,39,14,0,57,21,57,0,8,57,0.7659648859265082,0.2570239140832174,2,60,0,0,57,0,0.7659648859265082,nenhuma,83.39556675338665,0.0,91,0,terminal,0.25,01,7,adaptativa,j6032_1.sm,2,GOV,0,2.072463768115942,0.65,53,0.2641509433962264,0.1891891891891892,0.36448250332813786,60,21,60,60,2;3;4;5;6;7;8;9;10;11;12;13;14;15;16;17;18;19;20;21;22;23;24;25;26;27;28;29;30;31;32;33;34;35;36;37;38;39;40;41;42;43;44;45;46;47;48;49;50;51;52;53;54;55;56;57;58;59;60;61,2;3;4;5;6;7;8;9;10;11;12;13;14;15;16;17;18;19;20;21;22;23;24;25;26;27;28;29;30;31;32;33;34;35;36;37;38;39;40;41;42;43;44;45;46;47;48;49;50;51;52;53;54;55;56;57;58;59;60;61
True,161,69,0.6805193262173581,0.0,15.565637097518398,292.0,578.0,0.0,190.0,81.3513376215073,53,7,9,19,0.11666666666666667,0.26666666666666666,337.0,0.19445697982949406,0.24139862795699496,0.04618883411726527,0.09578054924752415,43,19,0,171,17,171,0,6,171,0.794910294566222,0.24332019624229825,0,60,0,0,171,0,0.794910294566222,nenhuma,81.3513376215073,0.0,89,0,terminal,0.25,01,7,adaptativa,j6032_1.sm,3,GOV,0,2.3333333333333335,0.7166666666666667,62,0.3064516129032258,0.24050632911392406,0.4219995211501538,60,16,60,60,2;3;4;5;6;7;8;9;10;11;12;13;14;15;16;17;18;19;20;21;22;23;24;25;26;27;28;29;30;31;32;33;34;35;36;37;38;39;40;41;42;43;44;45;46;47;48;49;50;51;52;53;54;55;56;57;58;59;60;61,2;3;4;5;6;7;8;9;10;11;12;13;14;15;16;17;18;19;20;21;22;23;24;25;26;27;28;29;30;31;32;33;34;35;36;37;38;39;40;41;42;43;44;45;46;47;48;49;50;51;52;53;54;55;56;57;58;59;60;61
True,197,108,0.6789326045360475,0.0,9.484535870549578,316.0,502.0,0.0,163.0,74.39592331560591,57,3,15,10,0.05,0.3,334.0,0.1821661751949301,0.2227422853760656,0.028396813983681372,0.10061716729786531,28,10,0,153,32,153,15,0,138,0.6268507180531939,0.4857196752206667,21,60,0,0,138,0,0.6268507180531939,nenhuma,74.39592331560591,0.0,80,0,terminal,0.25,01,7,adaptativa,j6043_1.sm,0,GOV,0,1.8240740740740742,0.4666666666666667,38,0.2631578947368421,0.14285714285714285,0.713666949821731,60,18,60,60,2;3;4;5;6;7;8;9;10;11;12;13;14;15;16;17;18;19;20;21;22;23;24;25;26;27;28;29;30;31;32;33;34;35;36;37;38;39;40;41;42;43;44;45;46;47;48;49;50;51;52;53;54;55;56;57;58;59;60;61,2;3;4;5;6;7;8;9;10;11;12;13;14;15;16;17;18;19;20;21;22;23;24;25;26;27;28;29;30;31;32;33;34;35;36;37;38;39;40;41;42;43;44;45;46;47;48;49;50;51;52;53;54;55;56;57;58;59;60;61
True,190,108,0.7019922764688461,0.0,4.890343566210829,314.0,507.0,0.0,156.0,59.23016832935239,57,3,12,12,0.05,0.25,334.0,0.1506246801485073,0.17733583332141434,0.014641747204224039,0.08201010000227817,27,12,0,144,33,144,11,3,133,0.6586427040007742,0.39362113220747674,20,60,0,0,133,0,0.6586427040007742,nenhuma,59.23016832935239,0.0,65,0,terminal,0.25,01,7,adaptativa,j6043_1.sm,1,GOV,0,1.7592592592592593,0.45,39,0.3076923076923077,0.16666666666666666,0.7044750026573614,60,15,60,60,2;3;4;5;6;7;8;9;10;11;12;13;14;15;16;17;18;19;20;21;22;23;24;25;26;27;28;29;30;31;32;33;34;35;36;37;38;39;40;41;42;43;44;45;46;47;48;49;50;51;52;53;54;55;56;57;58;59;60;61,2;3;4;5;6;7;8;9;10;11;12;13;14;15;16;17;18;19;20;21;22;23;24;25;26;27;28;29;30;31;32;33;34;35;36;37;38;39;40;41;42;43;44;45;46;47;48;49;50;51;52;53;54;55;56;57;58;59;60;61
True,208,108,0.7174539497479507,0.0,8.874915687469082,302.0,543.0,0.0,142.0,71.84300043335435,55,5,13,12,0.08333333333333333,0.3,334.0,0.17702165703644326,0.2150988036926777,0.02657160385469785,0.09492457536400334,29,12,0,130,31,130,2,16,128,0.7659648859265082,0.2570239140832174,6,60,0,0,128,0,0.7659648859265082,nenhuma,71.84300043335435,0.0,79,0,terminal,0.25,01,7,adaptativa,j6043_1.sm,2,GOV,0,1.9259259259259258,0.48333333333333334,41,0.2926829268292683,0.16666666666666666,0.6561093795374405,60,18,60,60,2;3;4;5;6;7;8;9;10;11;12;13;14;15;16;17;18;19;20;21;22;23;24;25;26;27;28;29;30;31;32;33;34;35;36;37;38;39;40;41;42;43;44;45;46;47;48;49;50;51;52;53;54;55;56;57;58;59;60;61,2;3;4;5;6;7;8;9;10;11;12;13;14;15;16;17;18;19;20;21;22;23;24;25;26;27;28;29;30;31;32;33;34;35;36;37;38;39;40;41;42;43;44;45;46;47;48;49;50;51;52;53;54;55;56;57;58;59;60;61
True,204,108,0.5840633483028213,0.0,10.540477713476761,301.0,477.0,0.0,271.0,68.69223276220407,55,5,10,10,0.08333333333333333,0.25,334.0,0.1705824626688737,0.2056653675515092,0.03155831650741545,0.08411030496748358,31,10,0,261,29,261,5,5,256,0.794910294566222,0.24332019624229825,4,60,0,0,256,0,0.794910294566222,nenhuma,68.69223276220407,0.0,75,0,terminal,0.25,01,7,adaptativa,j6043_1.sm,3,GOV,0,1.8888888888888888,0.5166666666666667,41,0.24390243902439024,0.14285714285714285,0.7188130410962768,60,15,60,60,2;3;4;5;6;7;8;9;10;11;12;13;14;15;16;17;18;19;20;21;22;23;24;25;26;27;28;29;30;31;32;33;34;35;36;37;38;39;40;41;42;43;44;45;46;47;48;49;50;51;52;53;54;55;56;57;58;59;60;61,2;3;4;5;6;7;8;9;10;11;12;13;14;15;16;17;18;19;20;21;22;23;24;25;26;27;28;29;30;31;32;33;34;35;36;37;38;39;40;41;42;43;44;45;46;47;48;49;50;51;52;53;54;55;56;57;58;59;60;61
True,161,85,0.702892421457184,0.0,8.361837077177597,287.0,521.0,0.0,151.0,69.22295830121732,53,7,10,20,0.11666666666666667,0.2833333333333333,323.0,0.17648879759877756,0.2143125644000536,0.02588804048661795,0.09339019727595455,33,20,0,131,27,131,21,4,110,0.6268507180531939,0.4857196752206667,16,60,0,0,110,0,0.6268507180531939,nenhuma,69.2229583012173,0.0,76,0,terminal,0.25,01,8,adaptativa,j6010_1.sm,0,GOV,0,1.8941176470588235,0.55,53,0.37735849056603776,0.25,0.5314553821694201,60,17,60,60,2;3;4;5;6;7;8;9;10;11;12;13;14;15;16;17;18;19;20;21;22;23;24;25;26;27;28;29;30;31;32;33;34;35;36;37;38;39;40;41;42;43;44;45;46;47;48;49;50;51;52;53;54;55;56;57;58;59;60;61,2;3;4;5;6;7;8;9;10;11;12;13;14;15;16;17;18;19;20;21;22;23;24;25;26;27;28;29;30;31;32;33;34;35;36;37;38;39;40;41;42;43;44;45;46;47;48;49;50;51;52;53;54;55;56;57;58;59;60;61
True,166,85,0.7700767358113572,0.0,4.0,313.0,497.0,0.0,92.0,56.390227866523,58,2,14,11,0.03333333333333333,0.26666666666666666,323.0,0.1486338437962145,0.1745827488127647,0.01238390092879257,0.0873738483040456,22,11,0,81,38,81,4,13,77,0.6586427040007742,0.39362113220747674,14,60,0,0,77,0,0.6586427040007742,nenhuma,56.390227866523,0.0,63,0,terminal,0.25,01,8,adaptativa,j6010_1.sm,1,GOV,0,1.9529411764705882,0.36666666666666664,33,0.3333333333333333,0.15492957746478872,0.6443716697216433,60,16,60,60,2;3;4;5;6;7;8;9;10;11;12;13;14;15;16;17;18;19;20;21;22;23;24;25;26;27;28;29;30;31;32;33;34;35;36;37;38;39;40;41;42;43;44;45;46;47;48;49;50;51;52;53;54;55;56;57;58;59;60;61,2;3;4;5;6;7;8;9;10;11;12;13;14;15;16;17;18;19;20;21;22;23;24;25;26;27;28;29;30;31;32;33;34;35;36;37;38;39;40;41;42;43;44;45;46;47;48;49;50;51;52;53;54;55;56;57;58;59;60;61
True,159,85,0.751694150397437,0.0,4.5,313.0,515.0,0.0,114.0,56.11907366541077,58,2,14,15,0.03333333333333333,0.26666666666666666,323.0,0.1480249282180361,0.17374326212201477,0.01393188854489164,0.08191141631070316,35,15,0,99,25,99,8,12,91,0.7659648859265082,0.2570239140832174,4,60,0,0,91,0,0.7659648859265082,nenhuma,56.11907366541078,0.0,62,0,terminal,0.25,01,8,adaptativa,j6010_1.sm,2,GOV,0,1.8705882352941177,0.5833333333333334,50,0.3,0.2,0.5575856253537199,60,16,60,60,2;3;4;5;6;7;8;9;10;11;12;13;14;15;16;17;18;19;20;21;22;23;24;25;26;27;28;29;30;31;32;33;34;35;36;37;38;39;40;41;42;43;44;45;46;47;48;49;50;51;52;53;54;55;56;57;58;59;60;61,2;3;4;5;6;7;8;9;10;11;12;13;14;15;16;17;18;19;20;21;22;23;24;25;26;27;28;29;30;31;32;33;34;35;36;37;38;39;40;41;42;43;44;45;46;47;48;49;50;51;52;53;54;55;56;57;58;59;60;61
True,181,85,0.6174834800125939,0.0,12.338670324821248,298.0,503.0,0.0,245.0,66.59669170378616,56,4,12,15,0.06666666666666667,0.26666666666666666,323.0,0.17093751852087138,0.20618170806125746,0.03820021772390479,0.08175418876854816,31,15,0,230,29,230,7,12,223,0.794910294566222,0.24332019624229825,3,60,0,0,223,0,0.794910294566222,nenhuma,66.59669170378618,0.0,74,0,terminal,0.25,01,8,adaptativa,j6010_1.sm,3,GOV,0,2.1294117647058823,0.5166666666666667,46,0.32608695652173914,0.2,0.6670596745593007,60,16,60,60,2;3;4;5;6;7;8;9;10;11;12;13;14;15;16;17;18;19;20;21;22;23;24;25;26;27;28;29;30;31;32;33;34;35;36;37;38;39;40;41;42;43;44;45;46;47;48;49;50;51;52;53;54;55;56;57;58;59;60;61,2;3;4;5;6;7;8;9;10;11;12;13;14;15;16;17;18;19;20;21;22;23;24;25;26;27;28;29;30;31;32;33;34;35;36;37;38;39;40;41;42;43;44;45;46;47;48;49;50;51;52;53;54;55;56;57;58;59;60;61
True,223,76,0.7670828013208472,0.0,5.570331609495368,310.0,522.0,0.0,106.0,52.5002003710202,56,4,8,7,0.06666666666666667,0.2,332.0,0.13654141225507965,0.1581331336476512,0.01677810725751617,0.07714942676342519,28,7,0,99,32,99,11,0,88,0.6268507180531939,0.4857196752206667,18,60,0,0,88,0,0.6268507180531939,nenhuma,52.5002003710202,0.0,57,0,terminal,0.25,01,8,adaptativa,j6021_1.sm,0,GOV,0,2.9342105263157894,0.4666666666666667,35,0.2,0.1044776119402985,0.731323708238958,60,12,60,60,2;3;4;5;6;7;8;9;10;11;12;13;14;15;16;17;18;19;20;21;22;23;24;25;26;27;28;29;30;31;32;33;34;35;36;37;38;39;40;41;42;43;44;45;46;47;48;49;50;51;52;53;54;55;56;57;58;59;60;61,2;3;4;5;6;7;8;9;10;11;12;13;14;15;16;17;18;19;20;21;22;23;24;25;26;27;28;29;30;31;32;33;34;35;36;37;38;39;40;41;42;43;44;45;46;47;48;49;50;51;52;53;54;55;56;57;58;59;60;61
True,248,76,0.7773764055641561,0.0,6.0055555555555555,311.0,545.0,0.0,65.0,91.0760760155612,55,5,20,19,0.08333333333333333,0.4166666666666667,332.0,0.215271156131767,0.274325530167353,0.018089022757697457,0.12990897725846753,29,19,0,46,31,46,1,0,45,0.6586427040007742,0.39362113220747674,17,60,0,0,45,0,0.6586427040007742,nenhuma,91.0760760155612,0.0,102,0,terminal,0.25,01,8,adaptativa,j6021_1.sm,1,GOV,0,3.263157894736842,0.48333333333333334,48,0.3958333333333333,0.24050632911392406,0.6615974786913671,60,25,60,60,2;3;4;5;6;7;8;9;10;11;12;13;14;15;16;17;18;19;20;21;22;23;24;25;26;27;28;29;30;31;32;33;34;35;36;37;38;39;40;41;42;43;44;45;46;47;48;49;50;51;52;53;54;55;56;57;58;59;60;61,2;3;4;5;6;7;8;9;10;11;12;13;14;15;16;17;18;19;20;21;22;23;24;25;26;27;28;29;30;31;32;33;34;35;36;37;38;39;40;41;42;43;44;45;46;47;48;49;50;51;52;53;54;55;56;57;58;59;60;61
True,261,76,0.7654118098146409,0.0,10.957113100626099,320.0,525.0,0.0,78.0,82.9052777447199,58,2,17,17,0.03333333333333333,0.31666666666666665,332.0,0.19981736119473825,0.24971469200216836,0.033003352712729216,0.12086986415575529,36,17,0,61,24,61,2,0,59,0.7659648859265082,0.2570239140832174,6,60,0,0,59,0,0.7659648859265082,nenhuma,82.90527774471987,0.0,90,0,terminal,0.25,01,8,adaptativa,j6021_1.sm,2,GOV,0,3.4342105263157894,0.6,53,0.32075471698113206,0.22077922077922077,0.6812980878905378,60,19,60,60,2;3;4;5;6;7;8;9;10;11;12;13;14;15;16;17;18;19;20;21;22;23;24;25;26;27;28;29;30;31;32;33;34;35;36;37;38;39;40;41;42;43;44;45;46;47;48;49;50;51;52;53;54;55;56;57;58;59;60;61,2;3;4;5;6;7;8;9;10;11;12;13;14;15;16;17;18;19;20;21;22;23;24;25;26;27;28;29;30;31;32;33;34;35;36;37;38;39;40;41;42;43;44;45;46;47;48;49;50;51;52;53;54;55;56;57;58;59;60;61
True,233,76,0.7509531300009264,0.0,5.9136278080279645,303.0,537.0,0.0,110.0,68.09123345599143,57,3,10,14,0.05,0.21666666666666667,332.0,0.17018926625264638,0.20509407667467297,0.01781213195189146,0.09522034430055971,32,14,0,96,28,96,0,0,96,0.794910294566222,0.24332019624229825,2,60,0,0,96,0,0.794910294566222,nenhuma,68.09123345599143,0.0,72,0,terminal,0.25,01,8,adaptativa,j6021_1.sm,3,GOV,0,3.0657894736842106,0.5333333333333333,46,0.30434782608695654,0.1891891891891892,0.6429013706268754,60,13,60,60,2;3;4;5;6;7;8;9;10;11;12;13;14;15;16;17;18;19;20;21;22;23;24;25;26;27;28;29;30;31;32;33;34;35;36;37;38;39;40;41;42;43;44;45;46;47;48;49;50;51;52;53;54;55;56;57;58;59;60;61,2;3;4;5;6;7;8;9;10;11;12;13;14;15;16;17;18;19;20;21;22;23;24;25;26;27;28;29;30;31;32;33;34;35;36;37;38;39;40;41;42;43;44;45;46;47;48;49;50;51;52;53;54;55;56;57;58;59;60;61
True,160,69,0.6978811854460838,0.0,12.706649172437663,303.0,557.0,0.0,166.0,75.13012818789068,54,6,10,13,0.1,0.26666666666666666,337.0,0.1822971024181924,0.2229380658394382,0.03770519042266369,0.09413268029170804,31,13,0,153,29,153,21,18,132,0.6268507180531939,0.4857196752206667,14,60,0,0,132,0,0.6268507180531939,nenhuma,75.13012818789068,0.0,81,0,terminal,0.25,01,8,adaptativa,j6032_1.sm,0,GOV,0,2.318840579710145,0.5166666666666667,44,0.29545454545454547,0.1780821917808219,0.5301503801990937,60,16,60,60,2;3;4;5;6;7;8;9;10;11;12;13;14;15;16;17;18;19;20;21;22;23;24;25;26;27;28;29;30;31;32;33;34;35;36;37;38;39;40;41;42;43;44;45;46;47;48;49;50;51;52;53;54;55;56;57;58;59;60;61,2;3;4;5;6;7;8;9;10;11;12;13;14;15;16;17;18;19;20;21;22;23;24;25;26;27;28;29;30;31;32;33;34;35;36;37;38;39;40;41;42;43;44;45;46;47;48;49;50;51;52;53;54;55;56;57;58;59;60;61
True,166,69,0.6815252802939074,0.0,8.463099363645515,319.0,582.0,0.0,183.0,88.96685468367782,57,3,17,26,0.05,0.3333333333333333,337.0,0.20885863232186092,0.2639966014352458,0.02511305449152972,0.10418068827347225,37,26,0,157,23,157,9,16,148,0.6586427040007742,0.39362113220747674,13,60,0,0,148,0,0.6586427040007742,nenhuma,88.96685468367782,0.0,97,0,terminal,0.25,01,8,adaptativa,j6032_1.sm,1,GOV,0,2.4057971014492754,0.6166666666666667,63,0.4126984126984127,0.3023255813953488,0.4357722953866517,60,20,60,60,2;3;4;5;6;7;8;9;10;11;12;13;14;15;16;17;18;19;20;21;22;23;24;25;26;27;28;29;30;31;32;33;34;35;36;37;38;39;40;41;42;43;44;45;46;47;48;49;50;51;52;53;54;55;56;57;58;59;60;61,2;3;4;5;6;7;8;9;10;11;12;13;14;15;16;17;18;19;20;21;22;23;24;25;26;27;28;29;30;31;32;33;34;35;36;37;38;39;40;41;42;43;44;45;46;47;48;49;50;51;52;53;54;55;56;57;58;59;60;61
True,143,69,0.7897651160451062,0.0,9.84142027780192,312.0,580.0,0.0,71.0,83.39556675338666,56,4,17,14,0.06666666666666667,0.35,337.0,0.19837403947294321,0.24746458977266073,0.029203027530569494,0.11355674043902728,39,14,0,57,21,57,0,8,57,0.7659648859265082,0.2570239140832174,2,60,0,0,57,0,0.7659648859265082,nenhuma,83.39556675338665,0.0,91,0,terminal,0.25,01,8,adaptativa,j6032_1.sm,2,GOV,0,2.072463768115942,0.65,53,0.2641509433962264,0.1891891891891892,0.36448250332813786,60,21,60,60,2;3;4;5;6;7;8;9;10;11;12;13;14;15;16;17;18;19;20;21;22;23;24;25;26;27;28;29;30;31;32;33;34;35;36;37;38;39;40;41;42;43;44;45;46;47;48;49;50;51;52;53;54;55;56;57;58;59;60;61,2;3;4;5;6;7;8;9;10;11;12;13;14;15;16;17;18;19;20;21;22;23;24;25;26;27;28;29;30;31;32;33;34;35;36;37;38;39;40;41;42;43;44;45;46;47;48;49;50;51;52;53;54;55;56;57;58;59;60;61
True,168,69,0.6738307473171209,0.0,15.565637097518398,300.0,577.0,0.0,190.0,89.29811684513399,54,6,12,19,0.1,0.3,337.0,0.20947340210178383,0.2649795752081127,0.04618883411726527,0.10428391127862777,43,19,0,171,17,171,0,6,171,0.794910294566222,0.24332019624229825,0,60,0,0,171,0,0.794910294566222,nenhuma,89.29811684513399,0.0,98,0,terminal,0.25,01,8,adaptativa,j6032_1.sm,3,GOV,0,2.4347826086956523,0.7166666666666667,62,0.3064516129032258,0.24050632911392406,0.43169893202072745,60,18,60,60,2;3;4;5;6;7;8;9;10;11;12;13;14;15;16;17;18;19;20;21;22;23;24;25;26;27;28;29;30;31;32;33;34;35;36;37;38;39;40;41;42;43;44;45;46;47;48;49;50;51;52;53;54;55;56;57;58;59;60;61,2;3;4;5;6;7;8;9;10;11;12;13;14;15;16;17;18;19;20;21;22;23;24;25;26;27;28;29;30;31;32;33;34;35;36;37;38;39;40;41;42;43;44;45;46;47;48;49;50;51;52;53;54;55;56;57;58;59;60;61
True,190,108,0.6913075841916729,0.0,9.484535870549578,316.0,501.0,0.0,162.0,61.713588359956475,57,3,12,11,0.05,0.25,334.0,0.15595519126783028,0.18477122263460022,0.028396813983681372,0.08515583169844482,28,11,0,151,32,151,16,0,135,0.6268507180531939,0.4857196752206667,21,60,0,0,135,0,0.6268507180531939,nenhuma,61.713588359956475,0.0,67,0,terminal,0.25,01,8,adaptativa,j6043_1.sm,0,GOV,0,1.7592592592592593,0.4666666666666667,39,0.28205128205128205,0.15492957746478872,0.6985530276889416,60,15,60,60,2;3;4;5;6;7;8;9;10;11;12;13;14;15;16;17;18;19;20;21;22;23;24;25;26;27;28;29;30;31;32;33;34;35;36;37;38;39;40;41;42;43;44;45;46;47;48;49;50;51;52;53;54;55;56;57;58;59;60;61,2;3;4;5;6;7;8;9;10;11;12;13;14;15;16;17;18;19;20;21;22;23;24;25;26;27;28;29;30;31;32;33;34;35;36;37;38;39;40;41;42;43;44;45;46;47;48;49;50;51;52;53;54;55;56;57;58;59;60;61
True,188,108,0.7064012625287381,0.0,4.890343566210829,314.0,499.0,0.0,156.0,51.39737847254975,57,3,11,13,0.05,0.23333333333333334,334.0,0.13336203447011918,0.15388436668428068,0.014641747204224039,0.07275986581899105,27,13,0,143,33,143,14,3,129,0.6586427040007742,0.39362113220747674,20,60,0,0,129,0,0.6586427040007742,nenhuma,51.39737847254975,0.0,57,0,terminal,0.25,01,8,adaptativa,j6043_1.sm,1,GOV,0,1.7407407407407407,0.45,40,0.325,0.1780821917808219,0.7115861595003674,60,14,60,60,2;3;4;5;6;7;8;9;10;11;12;13;14;15;16;17;18;19;20;21;22;23;24;25;26;27;28;29;30;31;32;33;34;35;36;37;38;39;40;41;42;43;44;45;46;47;48;49;50;51;52;53;54;55;56;57;58;59;60;61,2;3;4;5;6;7;8;9;10;11;12;13;14;15;16;17;18;19;20;21;22;23;24;25;26;27;28;29;30;31;32;33;34;35;36;37;38;39;40;41;42;43;44;45;46;47;48;49;50;51;52;53;54;55;56;57;58;59;60;61
True,197,108,0.7283575732840631,2.220446049250313e-16,5.374915687469082,321.0,541.0,0.0,124.0,77.76704168902393,57,3,15,13,0.05,0.3,334.0,0.1888617441795048,0.23283545415875428,0.016092561938530186,0.10469910123123481,33,13,0,111,27,111,0,6,111,0.7659648859265082,0.2570239140832174,6,60,0,0,111,0,0.7659648859265082,nenhuma,77.76704168902393,0.0,84,0,terminal,0.25,01,8,adaptativa,j6043_1.sm,2,GOV,0,1.8240740740740742,0.55,46,0.2826086956521739,0.1780821917808219,0.5905433846857011,60,18,60,60,2;3;4;5;6;7;8;9;10;11;12;13;14;15;16;17;18;19;20;21;22;23;24;25;26;27;28;29;30;31;32;33;34;35;36;37;38;39;40;41;42;43;44;45;46;47;48;49;50;51;52;53;54;55;56;57;58;59;60;61,2;3;4;5;6;7;8;9;10;11;12;13;14;15;16;17;18;19;20;21;22;23;24;25;26;27;28;29;30;31;32;33;34;35;36;37;38;39;40;41;42;43;44;45;46;47;48;49;50;51;52;53;54;55;56;57;58;59;60;61
True,203,108,0.5849323728994468,0.0,4.102028876422938,319.0,474.0,0.0,278.0,58.35008825111364,56,4,12,10,0.06666666666666667,0.26666666666666666,334.0,0.14871944724469682,0.17470086302728635,0.012281523582104603,0.07200602442956969,31,10,0,268,29,268,5,2,263,0.794910294566222,0.24332019624229825,4,60,0,0,263,0,0.794910294566222,nenhuma,58.35008825111364,0.0,66,0,terminal,0.25,01,8,adaptativa,j6043_1.sm,3,GOV,0,1.8796296296296295,0.5166666666666667,41,0.24390243902439024,0.14285714285714285,0.7539006875334869,60,16,60,60,2;3;4;5;6;7;8;9;10;11;12;13;14;15;16;17;18;19;20;21;22;23;24;25;26;27;28;29;30;31;32;33;34;35;36;37;38;39;40;41;42;43;44;45;46;47;48;49;50;51;52;53;54;55;56;57;58;59;60;61,2;3;4;5;6;7;8;9;10;11;12;13;14;15;16;17;18;19;20;21;22;23;24;25;26;27;28;29;30;31;32;33;34;35;36;37;38;39;40;41;42;43;44;45;46;47;48;49;50;51;52;53;54;55;56;57;58;59;60;61
True,233,85,0.735591566469241,0.0,17.25770727461635,278.0,511.0,0.0,144.0,39.678981235122265,48,12,3,22,0.2,0.25,323.0,0.10940524068969594,0.12284514314279339,0.05342943428673793,0.05711844219696126,35,22,0,122,25,122,22,4,100,0.6268507180531939,0.4857196752206667,16,60,0,0,100,0,0.6268507180531939,nenhuma,39.678981235122265,0.0,46,0,terminal,0.25,01,9,centralizada,j6010_1.sm,0,GOV,0,2.7411764705882353,0.5833333333333334,57,0.38596491228070173,0.2682926829268293,0.6893658550372214,60,15,60,60,2;3;4;5;6;7;8;9;10;11;12;13;14;15;16;17;18;19;20;21;22;23;24;25;26;27;28;29;30;31;32;33;34;35;36;37;38;39;40;41;42;43;44;45;46;47;48;49;50;51;52;53;54;55;56;57;58;59;60;61,2;3;4;5;6;7;8;9;10;11;12;13;14;15;16;17;18;19;20;21;22;23;24;25;26;27;28;29;30;31;32;33;34;35;36;37;38;39;40;41;42;43;44;45;46;47;48;49;50;51;52;53;54;55;56;57;58;59;60;61
True,210,85,0.7886717188449477,1.7763568394002505e-15,25.128905879536525,222.0,513.0,0.0,75.0,62.46075286091933,43,17,0,14,0.2833333333333333,0.2833333333333333,323.0,0.16204179646651654,0.1933769438418555,0.07779847021528336,0.09602539828298388,22,14,0,61,38,61,7,6,54,0.6586427040007742,0.39362113220747674,14,60,0,0,54,0,0.6586427040007742,nenhuma,62.46075286091934,0.0,69,0,terminal,0.25,01,9,centralizada,j6010_1.sm,1,GOV,0,2.4705882352941178,0.36666666666666664,36,0.3888888888888889,0.1891891891891892,0.7222310273671466,60,17,60,60,2;3;4;5;6;7;8;9;10;11;12;13;14;15;16;17;18;19;20;21;22;23;24;25;26;27;28;29;30;31;32;33;34;35;36;37;38;39;40;41;42;43;44;45;46;47;48;49;50;51;52;53;54;55;56;57;58;59;60;61,2;3;4;5;6;7;8;9;10;11;12;13;14;15;16;17;18;19;20;21;22;23;24;25;26;27;28;29;30;31;32;33;34;35;36;37;38;39;40;41;42;43;44;45;46;47;48;49;50;51;52;53;54;55;56;57;58;59;60;61
True,325,85,0.7212874283266593,0.0,28.490017276836348,234.0,536.0,0.0,142.0,65.11568308279786,45,15,1,17,0.25,0.26666666666666666,323.0,0.16777390330013162,0.20159654205200575,0.0882043878539825,0.08762523058680041,26,17,0,125,34,125,8,9,117,0.7659648859265082,0.2570239140832174,4,60,0,0,117,0,0.7659648859265082,nenhuma,65.11568308279787,0.0,71,0,terminal,0.25,01,9,centralizada,j6010_1.sm,2,GOV,0,3.823529411764706,0.43333333333333335,43,0.3953488372093023,0.22077922077922077,0.7980791930424034,60,16,60,60,2;3;4;5;6;7;8;9;10;11;12;13;14;15;16;17;18;19;20;21;22;23;24;25;26;27;28;29;30;31;32;33;34;35;36;37;38;39;40;41;42;43;44;45;46;47;48;49;50;51;52;53;54;55;56;57;58;59;60;61,2;3;4;5;6;7;8;9;10;11;12;13;14;15;16;17;18;19;20;21;22;23;24;25;26;27;28;29;30;31;32;33;34;35;36;37;38;39;40;41;42;43;44;45;46;47;48;49;50;51;52;53;54;55;56;57;58;59;60;61
True,198,85,0.640427356869862,0.0,34.273203463233784,232.0,504.0,0.0,212.0,70.97450162550646,42,18,2,17,0.3,0.3333333333333333,323.0,0.18014998770903062,0.2197352991501748,0.1061089890502594,0.09018653270075164,33,17,0,195,27,195,7,3,188,0.794910294566222,0.24332019624229825,3,60,0,0,188,0,0.794910294566222,nenhuma,70.97450162550646,0.0,82,0,terminal,0.25,01,9,centralizada,j6010_1.sm,3,GOV,0,2.3294117647058825,0.55,50,0.34,0.22077922077922077,0.6588027173005826,60,20,60,60,2;3;4;5;6;7;8;9;10;11;12;13;14;15;16;17;18;19;20;21;22;23;24;25;26;27;28;29;30;31;32;33;34;35;36;37;38;39;40;41;42;43;44;45;46;47;48;49;50;51;52;53;54;55;56;57;58;59;60;61,2;3;4;5;6;7;8;9;10;11;12;13;14;15;16;17;18;19;20;21;22;23;24;25;26;27;28;29;30;31;32;33;34;35;36;37;38;39;40;41;42;43;44;45;46;47;48;49;50;51;52;53;54;55;56;57;58;59;60;61
True,285,76,0.6921068700830015,2.220446049250313e-15,35.71292210819977,222.0,533.0,0.0,144.0,93.11228039981675,43,17,2,12,0.2833333333333333,0.31666666666666665,332.0,0.21902985327134034,0.2804586759030625,0.10756904249457762,0.12090740891896432,30,12,0,132,30,132,10,0,122,0.6268507180531939,0.4857196752206667,18,60,0,0,122,0,0.6268507180531939,nenhuma,93.11228039981675,0.0,101,0,terminal,0.25,01,9,centralizada,j6021_1.sm,0,GOV,0,3.75,0.5,42,0.2857142857142857,0.16666666666666666,0.7286173951314585,60,19,60,60,2;3;4;5;6;7;8;9;10;11;12;13;14;15;16;17;18;19;20;21;22;23;24;25;26;27;28;29;30;31;32;33;34;35;36;37;38;39;40;41;42;43;44;45;46;47;48;49;50;51;52;53;54;55;56;57;58;59;60;61,2;3;4;5;6;7;8;9;10;11;12;13;14;15;16;17;18;19;20;21;22;23;24;25;26;27;28;29;30;31;32;33;34;35;36;37;38;39;40;41;42;43;44;45;46;47;48;49;50;51;52;53;54;55;56;57;58;59;60;61
True,263,76,0.773891584520069,0.0,21.184266866177342,245.0,520.0,0.0,99.0,52.92874351060355,45,15,1,17,0.25,0.26666666666666666,332.0,0.13750270511857873,0.1594239262367577,0.06380803272944982,0.07877136381168712,31,17,0,82,29,82,2,0,80,0.6586427040007742,0.39362113220747674,17,60,0,0,80,0,0.6586427040007742,nenhuma,52.92874351060355,0.0,59,0,terminal,0.25,01,9,centralizada,j6021_1.sm,1,GOV,0,3.460526315789474,0.5166666666666667,48,0.3541666666666667,0.22077922077922077,0.713230115043816,60,16,60,60,2;3;4;5;6;7;8;9;10;11;12;13;14;15;16;17;18;19;20;21;22;23;24;25;26;27;28;29;30;31;32;33;34;35;36;37;38;39;40;41;42;43;44;45;46;47;48;49;50;51;52;53;54;55;56;57;58;59;60;61,2;3;4;5;6;7;8;9;10;11;12;13;14;15;16;17;18;19;20;21;22;23;24;25;26;27;28;29;30;31;32;33;34;35;36;37;38;39;40;41;42;43;44;45;46;47;48;49;50;51;52;53;54;55;56;57;58;59;60;61
True,256,76,0.7514700062278175,1.7763568394002505e-15,38.229856578841016,231.0,520.0,0.0,82.0,89.97705256429832,43,17,3,14,0.2833333333333333,0.3333333333333333,332.0,0.21322735920714114,0.2710152185671636,0.11515017041819584,0.1300289543285652,31,14,0,68,29,68,2,6,66,0.7659648859265082,0.2570239140832174,6,60,0,0,66,0,0.7659648859265082,nenhuma,89.97705256429832,0.0,99,0,terminal,0.25,01,9,centralizada,j6021_1.sm,2,GOV,0,3.3684210526315788,0.5166666666666667,45,0.3111111111111111,0.1891891891891892,0.7218034307967682,60,20,60,60,2;3;4;5;6;7;8;9;10;11;12;13;14;15;16;17;18;19;20;21;22;23;24;25;26;27;28;29;30;31;32;33;34;35;36;37;38;39;40;41;42;43;44;45;46;47;48;49;50;51;52;53;54;55;56;57;58;59;60;61,2;3;4;5;6;7;8;9;10;11;12;13;14;15;16;17;18;19;20;21;22;23;24;25;26;27;28;29;30;31;32;33;34;35;36;37;38;39;40;41;42;43;44;45;46;47;48;49;50;51;52;53;54;55;56;57;58;59;60;61
True,271,76,0.7340734577814423,0.0,26.26983059074127,244.0,543.0,0.0,112.0,84.70798731925936,44,16,5,14,0.26666666666666666,0.35,332.0,0.20327901047493152,0.2551445401182511,0.07912599575524479,0.11451544227100421,33,14,0,98,27,98,0,2,98,0.794910294566222,0.24332019624229825,2,60,0,0,98,0,0.794910294566222,nenhuma,84.70798731925935,0.0,94,0,terminal,0.25,01,9,centralizada,j6021_1.sm,3,GOV,0,3.5657894736842106,0.55,47,0.2978723404255319,0.1891891891891892,0.6945466437470458,60,21,60,60,2;3;4;5;6;7;8;9;10;11;12;13;14;15;16;17;18;19;20;21;22;23;24;25;26;27;28;29;30;31;32;33;34;35;36;37;38;39;40;41;42;43;44;45;46;47;48;49;50;51;52;53;54;55;56;57;58;59;60;61,2;3;4;5;6;7;8;9;10;11;12;13;14;15;16;17;18;19;20;21;22;23;24;25;26;27;28;29;30;31;32;33;34;35;36;37;38;39;40;41;42;43;44;45;46;47;48;49;50;51;52;53;54;55;56;57;58;59;60;61
True,191,69,0.7383464904697176,1.7763568394002505e-15,27.02578376635767,283.0,575.0,0.0,150.0,53.76716070553731,50,10,2,23,0.16666666666666666,0.2,337.0,0.13759385668043267,0.1595464709363125,0.08019520405447379,0.06904138158166047,38,23,0,127,22,127,18,1,109,0.6268507180531939,0.4857196752206667,14,60,0,0,109,0,0.6268507180531939,nenhuma,53.76716070553732,0.0,60,0,terminal,0.25,01,9,centralizada,j6032_1.sm,0,GOV,0,2.7681159420289854,0.6333333333333333,61,0.3770491803278688,0.27710843373493976,0.5489414028738759,60,12,60,60,2;3;4;5;6;7;8;9;10;11;12;13;14;15;16;17;18;19;20;21;22;23;24;25;26;27;28;29;30;31;32;33;34;35;36;37;38;39;40;41;42;43;44;45;46;47;48;49;50;51;52;53;54;55;56;57;58;59;60;61,2;3;4;5;6;7;8;9;10;11;12;13;14;15;16;17;18;19;20;21;22;23;24;25;26;27;28;29;30;31;32;33;34;35;36;37;38;39;40;41;42;43;44;45;46;47;48;49;50;51;52;53;54;55;56;57;58;59;60;61
True,240,69,0.6720311253812081,0.0,39.18877329413182,224.0,573.0,0.0,183.0,96.63907929110735,43,17,4,22,0.2833333333333333,0.35,337.0,0.2228560199165821,0.2867628465611494,0.11628716111018345,0.11334113300489822,33,22,0,161,27,161,13,23,148,0.6586427040007742,0.39362113220747674,13,60,0,0,148,0,0.6586427040007742,nenhuma,96.63907929110734,0.0,104,0,terminal,0.25,01,9,centralizada,j6032_1.sm,1,GOV,0,3.4782608695652173,0.55,55,0.4,0.2682926829268293,0.648459493548162,60,21,60,60,2;3;4;5;6;7;8;9;10;11;12;13;14;15;16;17;18;19;20;21;22;23;24;25;26;27;28;29;30;31;32;33;34;35;36;37;38;39;40;41;42;43;44;45;46;47;48;49;50;51;52;53;54;55;56;57;58;59;60;61,2;3;4;5;6;7;8;9;10;11;12;13;14;15;16;17;18;19;20;21;22;23;24;25;26;27;28;29;30;31;32;33;34;35;36;37;38;39;40;41;42;43;44;45;46;47;48;49;50;51;52;53;54;55;56;57;58;59;60;61
True,271,69,0.7375324846038257,0.0,33.01352605551143,227.0,569.0,0.0,124.0,78.4914419066505,43,17,1,13,0.2833333333333333,0.3,337.0,0.1889122951521234,0.23291229052418544,0.09796298532792708,0.10173987376019118,30,13,0,111,30,111,0,50,111,0.7659648859265082,0.2570239140832174,2,60,0,0,111,0,0.7659648859265082,nenhuma,78.4914419066505,0.0,84,0,terminal,0.25,01,9,centralizada,j6032_1.sm,2,GOV,0,3.927536231884058,0.5,43,0.3023255813953488,0.1780821917808219,0.7317233579254133,60,18,60,60,2;3;4;5;6;7;8;9;10;11;12;13;14;15;16;17;18;19;20;21;22;23;24;25;26;27;28;29;30;31;32;33;34;35;36;37;38;39;40;41;42;43;44;45;46;47;48;49;50;51;52;53;54;55;56;57;58;59;60;61,2;3;4;5;6;7;8;9;10;11;12;13;14;15;16;17;18;19;20;21;22;23;24;25;26;27;28;29;30;31;32;33;34;35;36;37;38;39;40;41;42;43;44;45;46;47;48;49;50;51;52;53;54;55;56;57;58;59;60;61
True,242,69,0.6360055673335585,1.7763568394002505e-15,45.42893927091312,181.0,600.0,0.0,205.0,138.3879683089707,38,22,4,18,0.36666666666666664,0.43333333333333335,337.0,0.29110532351342067,0.4106467902343344,0.13480397409766504,0.14669253049414238,40,18,0,187,20,187,0,12,187,0.794910294566222,0.24332019624229825,0,60,0,0,187,0,0.794910294566222,nenhuma,138.38796830897073,0.0,151,0,terminal,0.25,01,9,centralizada,j6032_1.sm,3,GOV,0,3.5072463768115942,0.6666666666666666,58,0.3103448275862069,0.23076923076923078,0.5601548078732241,60,26,60,60,2;3;4;5;6;7;8;9;10;11;12;13;14;15;16;17;18;19;20;21;22;23;24;25;26;27;28;29;30;31;32;33;34;35;36;37;38;39;40;41;42;43;44;45;46;47;48;49;50;51;52;53;54;55;56;57;58;59;60;61,2;3;4;5;6;7;8;9;10;11;12;13;14;15;16;17;18;19;20;21;22;23;24;25;26;27;28;29;30;31;32;33;34;35;36;37;38;39;40;41;42;43;44;45;46;47;48;49;50;51;52;53;54;55;56;57;58;59;60;61
True,239,108,0.6667531062827552,2.6645352591003757e-15,20.556448495704952,260.0,501.0,0.0,202.0,48.40257357501836,48,12,0,12,0.2,0.2,334.0,0.12657491586029537,0.1449178849551448,0.06154625298115255,0.06441629996651317,29,12,0,190,31,190,33,0,157,0.6268507180531939,0.4857196752206667,21,60,0,0,157,0,0.6268507180531939,nenhuma,48.40257357501836,0.0,51,0,terminal,0.25,01,9,centralizada,j6043_1.sm,0,GOV,0,2.212962962962963,0.48333333333333334,41,0.2926829268292683,0.16666666666666666,0.7471696795874755,60,12,60,60,2;3;4;5;6;7;8;9;10;11;12;13;14;15;16;17;18;19;20;21;22;23;24;25;26;27;28;29;30;31;32;33;34;35;36;37;38;39;40;41;42;43;44;45;46;47;48;49;50;51;52;53;54;55;56;57;58;59;60;61,2;3;4;5;6;7;8;9;10;11;12;13;14;15;16;17;18;19;20;21;22;23;24;25;26;27;28;29;30;31;32;33;34;35;36;37;38;39;40;41;42;43;44;45;46;47;48;49;50;51;52;53;54;55;56;57;58;59;60;61
True,231,108,0.6574956229878691,0.0,15.978399202501787,270.0,489.0,0.0,212.0,42.73118679912808,48,12,2,14,0.2,0.23333333333333334,334.0,0.11342619962576186,0.12793768502732958,0.047839518570364635,0.057455149868105786,28,14,0,198,32,198,14,6,184,0.6586427040007742,0.39362113220747674,20,60,0,0,184,0,0.6586427040007742,nenhuma,42.73118679912809,0.0,48,0,terminal,0.25,01,9,centralizada,j6043_1.sm,1,GOV,0,2.138888888888889,0.4666666666666667,42,0.3333333333333333,0.1891891891891892,0.7804419332102994,60,14,60,60,2;3;4;5;6;7;8;9;10;11;12;13;14;15;16;17;18;19;20;21;22;23;24;25;26;27;28;29;30;31;32;33;34;35;36;37;38;39;40;41;42;43;44;45;46;47;48;49;50;51;52;53;54;55;56;57;58;59;60;61,2;3;4;5;6;7;8;9;10;11;12;13;14;15;16;17;18;19;20;21;22;23;24;25;26;27;28;29;30;31;32;33;34;35;36;37;38;39;40;41;42;43;44;45;46;47;48;49;50;51;52;53;54;55;56;57;58;59;60;61
True,241,108,0.7108361344818738,1.7763568394002505e-15,29.549758288975823,230.0,524.0,0.0,132.0,81.16004938598392,43,17,3,13,0.2833333333333333,0.3333333333333333,334.0,0.19549099077817947,0.24299415983827521,0.08847233020651445,0.11009827438910455,30,13,0,119,30,119,0,4,119,0.7659648859265082,0.2570239140832174,6,60,0,0,119,0,0.7659648859265082,nenhuma,81.16004938598391,0.0,90,0,terminal,0.25,01,9,centralizada,j6043_1.sm,2,GOV,0,2.2314814814814814,0.5,43,0.3023255813953488,0.1780821917808219,0.7072342985570668,60,20,60,60,2;3;4;5;6;7;8;9;10;11;12;13;14;15;16;17;18;19;20;21;22;23;24;25;26;27;28;29;30;31;32;33;34;35;36;37;38;39;40;41;42;43;44;45;46;47;48;49;50;51;52;53;54;55;56;57;58;59;60;61,2;3;4;5;6;7;8;9;10;11;12;13;14;15;16;17;18;19;20;21;22;23;24;25;26;27;28;29;30;31;32;33;34;35;36;37;38;39;40;41;42;43;44;45;46;47;48;49;50;51;52;53;54;55;56;57;58;59;60;61
True,235,108,0.5887233114193373,1.7763568394002505e-15,24.95705706632728,235.0,503.0,0.0,268.0,83.39117195364791,45,15,5,11,0.25,0.3333333333333333,334.0,0.19979141284499582,0.24967416752589194,0.07472172774349485,0.09760303557791444,31,11,0,257,29,257,1,12,256,0.794910294566222,0.24332019624229825,4,60,0,0,256,0,0.794910294566222,nenhuma,83.39117195364791,0.0,92,0,terminal,0.25,01,9,centralizada,j6043_1.sm,3,GOV,0,2.175925925925926,0.5166666666666667,42,0.2619047619047619,0.15492957746478872,0.708441357521725,60,20,60,60,2;3;4;5;6;7;8;9;10;11;12;13;14;15;16;17;18;19;20;21;22;23;24;25;26;27;28;29;30;31;32;33;34;35;36;37;38;39;40;41;42;43;44;45;46;47;48;49;50;51;52;53;54;55;56;57;58;59;60;61,2;3;4;5;6;7;8;9;10;11;12;13;14;15;16;17;18;19;20;21;22;23;24;25;26;27;28;29;30;31;32;33;34;35;36;37;38;39;40;41;42;43;44;45;46;47;48;49;50;51;52;53;54;55;56;57;58;59;60;61
True,183,85,0.6979113297606981,2.6645352591003757e-15,17.129390928217184,244.0,518.0,0.0,146.0,78.21463087239663,46,14,4,19,0.23333333333333334,0.3,323.0,0.19494461281815073,0.24215055997646015,0.05303217005639995,0.10538007150366116,32,19,0,127,28,127,21,4,106,0.6268507180531939,0.4857196752206667,16,60,0,0,106,0,0.6268507180531939,nenhuma,78.21463087239664,0.0,87,0,terminal,0.25,01,10,centralizada,j6010_1.sm,0,GOV,0,2.152941176470588,0.5333333333333333,51,0.37254901960784315,0.24050632911392406,0.5733240206381519,60,18,60,60,2;3;4;5;6;7;8;9;10;11;12;13;14;15;16;17;18;19;20;21;22;23;24;25;26;27;28;29;30;31;32;33;34;35;36;37;38;39;40;41;42;43;44;45;46;47;48;49;50;51;52;53;54;55;56;57;58;59;60;61,2;3;4;5;6;7;8;9;10;11;12;13;14;15;16;17;18;19;20;21;22;23;24;25;26;27;28;29;30;31;32;33;34;35;36;37;38;39;40;41;42;43;44;45;46;47;48;49;50;51;52;53;54;55;56;57;58;59;60;61
True,175,85,0.7620686026354754,0.0,16.594861715288413,210.0,497.0,0.0,81.0,74.17225625254218,41,19,2,16,0.31666666666666665,0.35,323.0,0.18675084949886256,0.2296354682741244,0.05137728085228611,0.1137310818444572,30,16,0,65,30,65,7,6,58,0.6586427040007742,0.39362113220747674,14,60,0,0,58,0,0.6586427040007742,nenhuma,74.17225625254218,0.0,82,0,terminal,0.25,01,10,centralizada,j6010_1.sm,1,GOV,0,2.0588235294117645,0.5,46,0.34782608695652173,0.21052631578947367,0.6297553066946951,60,21,60,60,2;3;4;5;6;7;8;9;10;11;12;13;14;15;16;17;18;19;20;21;22;23;24;25;26;27;28;29;30;31;32;33;34;35;36;37;38;39;40;41;42;43;44;45;46;47;48;49;50;51;52;53;54;55;56;57;58;59;60;61,2;3;4;5;6;7;8;9;10;11;12;13;14;15;16;17;18;19;20;21;22;23;24;25;26;27;28;29;30;31;32;33;34;35;36;37;38;39;40;41;42;43;44;45;46;47;48;49;50;51;52;53;54;55;56;57;58;59;60;61
True,167,85,0.747698519524548,1.7763568394002505e-15,27.60752238972993,230.0,519.0,0.0,107.0,68.13003563257757,46,14,1,14,0.23333333333333334,0.25,323.0,0.1741876854903008,0.21092890288723706,0.08547220554095954,0.09815168935960107,29,14,0,93,31,93,8,10,85,0.7659648859265082,0.2570239140832174,4,60,0,0,85,0,0.7659648859265082,nenhuma,68.13003563257759,0.0,75,0,terminal,0.25,01,10,centralizada,j6010_1.sm,2,GOV,0,1.964705882352941,0.48333333333333334,43,0.32558139534883723,0.1891891891891892,0.5973178609130898,60,15,60,60,2;3;4;5;6;7;8;9;10;11;12;13;14;15;16;17;18;19;20;21;22;23;24;25;26;27;28;29;30;31;32;33;34;35;36;37;38;39;40;41;42;43;44;45;46;47;48;49;50;51;52;53;54;55;56;57;58;59;60;61,2;3;4;5;6;7;8;9;10;11;12;13;14;15;16;17;18;19;20;21;22;23;24;25;26;27;28;29;30;31;32;33;34;35;36;37;38;39;40;41;42;43;44;45;46;47;48;49;50;51;52;53;54;55;56;57;58;59;60;61
True,185,85,0.6474046054130115,3.552713678800501e-15,17.296663289891278,235.0,515.0,0.0,209.0,71.48399207240112,46,14,2,13,0.23333333333333334,0.26666666666666666,323.0,0.1812088538672094,0.22131266895480223,0.05355004114517423,0.08986226345821298,28,13,0,196,32,196,7,5,189,0.794910294566222,0.24332019624229825,3,60,0,0,189,0,0.794910294566222,nenhuma,71.48399207240112,0.0,78,0,terminal,0.25,01,10,centralizada,j6010_1.sm,3,GOV,0,2.176470588235294,0.4666666666666667,41,0.3170731707317073,0.1780821917808219,0.6264141304906786,60,16,60,60,2;3;4;5;6;7;8;9;10;11;12;13;14;15;16;17;18;19;20;21;22;23;24;25;26;27;28;29;30;31;32;33;34;35;36;37;38;39;40;41;42;43;44;45;46;47;48;49;50;51;52;53;54;55;56;57;58;59;60;61,2;3;4;5;6;7;8;9;10;11;12;13;14;15;16;17;18;19;20;21;22;23;24;25;26;27;28;29;30;31;32;33;34;35;36;37;38;39;40;41;42;43;44;45;46;47;48;49;50;51;52;53;54;55;56;57;58;59;60;61
True,226,76,0.7319205655671474,0.0,8.669570876260202,273.0,530.0,0.0,152.0,42.12229541509876,50,10,2,13,0.16666666666666666,0.2,332.0,0.11258964229427423,0.12687438378041796,0.026113165289940368,0.05817014015699159,29,13,0,139,31,139,11,0,128,0.6268507180531939,0.4857196752206667,18,60,0,0,128,0,0.6268507180531939,nenhuma,42.12229541509876,0.0,48,0,terminal,0.25,01,10,centralizada,j6021_1.sm,0,GOV,0,2.973684210526316,0.48333333333333334,42,0.30952380952380953,0.1780821917808219,0.6989311337094386,60,12,60,60,2;3;4;5;6;7;8;9;10;11;12;13;14;15;16;17;18;19;20;21;22;23;24;25;26;27;28;29;30;31;32;33;34;35;36;37;38;39;40;41;42;43;44;45;46;47;48;49;50;51;52;53;54;55;56;57;58;59;60;61,2;3;4;5;6;7;8;9;10;11;12;13;14;15;16;17;18;19;20;21;22;23;24;25;26;27;28;29;30;31;32;33;34;35;36;37;38;39;40;41;42;43;44;45;46;47;48;49;50;51;52;53;54;55;56;57;58;59;60;61
True,285,76,0.7328788080268832,4.440892098500626e-16,15.827169165904222,213.0,519.0,0.0,107.0,82.16619926191419,43,17,3,16,0.2833333333333333,0.3333333333333333,332.0,0.19838943740059575,0.24748855199371744,0.04767219628284404,0.11602671710052224,28,16,0,91,32,91,7,1,84,0.6586427040007742,0.39362113220747674,17,60,0,0,84,0,0.6586427040007742,nenhuma,82.16619926191419,0.0,90,0,terminal,0.25,01,10,centralizada,j6021_1.sm,1,GOV,0,3.75,0.4666666666666667,44,0.36363636363636365,0.21052631578947367,0.7493044320582625,60,20,60,60,2;3;4;5;6;7;8;9;10;11;12;13;14;15;16;17;18;19;20;21;22;23;24;25;26;27;28;29;30;31;32;33;34;35;36;37;38;39;40;41;42;43;44;45;46;47;48;49;50;51;52;53;54;55;56;57;58;59;60;61,2;3;4;5;6;7;8;9;10;11;12;13;14;15;16;17;18;19;20;21;22;23;24;25;26;27;28;29;30;31;32;33;34;35;36;37;38;39;40;41;42;43;44;45;46;47;48;49;50;51;52;53;54;55;56;57;58;59;60;61
True,222,76,0.804950719186242,8.881784197001252e-16,21.450760456281238,241.0,516.0,0.0,57.0,68.03303183783207,45,15,2,13,0.25,0.2833333333333333,332.0,0.17006853540387568,0.20491877059587973,0.06461072426590735,0.10613030601992911,28,13,0,44,32,44,2,0,42,0.7659648859265082,0.2570239140832174,6,60,0,0,42,0,0.7659648859265082,nenhuma,68.03303183783206,0.0,75,0,terminal,0.25,01,10,centralizada,j6021_1.sm,2,GOV,0,2.9210526315789473,0.4666666666666667,41,0.3170731707317073,0.1780821917808219,0.7046641089747847,60,17,60,60,2;3;4;5;6;7;8;9;10;11;12;13;14;15;16;17;18;19;20;21;22;23;24;25;26;27;28;29;30;31;32;33;34;35;36;37;38;39;40;41;42;43;44;45;46;47;48;49;50;51;52;53;54;55;56;57;58;59;60;61,2;3;4;5;6;7;8;9;10;11;12;13;14;15;16;17;18;19;20;21;22;23;24;25;26;27;28;29;30;31;32;33;34;35;36;37;38;39;40;41;42;43;44;45;46;47;48;49;50;51;52;53;54;55;56;57;58;59;60;61
True,243,76,0.7161839484355393,8.881784197001252e-16,14.732710975210207,250.0,547.0,0.0,155.0,61.77025929565799,45,15,3,12,0.25,0.3,332.0,0.15686877776434224,0.18605499787848792,0.044375635467500625,0.0808754446037503,29,12,0,143,31,143,0,0,143,0.794910294566222,0.24332019624229825,2,60,0,0,143,0,0.794910294566222,nenhuma,61.77025929565799,0.0,67,0,terminal,0.25,01,10,centralizada,j6021_1.sm,3,GOV,0,3.1973684210526314,0.48333333333333334,41,0.2926829268292683,0.16666666666666666,0.6982529344285958,60,18,60,60,2;3;4;5;6;7;8;9;10;11;12;13;14;15;16;17;18;19;20;21;22;23;24;25;26;27;28;29;30;31;32;33;34;35;36;37;38;39;40;41;42;43;44;45;46;47;48;49;50;51;52;53;54;55;56;57;58;59;60;61,2;3;4;5;6;7;8;9;10;11;12;13;14;15;16;17;18;19;20;21;22;23;24;25;26;27;28;29;30;31;32;33;34;35;36;37;38;39;40;41;42;43;44;45;46;47;48;49;50;51;52;53;54;55;56;57;58;59;60;61
True,185,69,0.7095817536045825,2.6645352591003757e-15,27.14896954709579,240.0,554.0,0.0,152.0,74.7416089629594,42,18,3,20,0.3,0.35,337.0,0.18152551827639848,0.22178518980106648,0.0805607404958332,0.0957315558757486,33,20,0,132,27,132,16,7,116,0.6268507180531939,0.4857196752206667,14,60,0,0,116,0,0.6268507180531939,nenhuma,74.74160896295942,0.0,82,0,terminal,0.25,01,10,centralizada,j6032_1.sm,0,GOV,0,2.681159420289855,0.55,53,0.37735849056603776,0.25,0.5740633050273912,60,21,60,60,2;3;4;5;6;7;8;9;10;11;12;13;14;15;16;17;18;19;20;21;22;23;24;25;26;27;28;29;30;31;32;33;34;35;36;37;38;39;40;41;42;43;44;45;46;47;48;49;50;51;52;53;54;55;56;57;58;59;60;61,2;3;4;5;6;7;8;9;10;11;12;13;14;15;16;17;18;19;20;21;22;23;24;25;26;27;28;29;30;31;32;33;34;35;36;37;38;39;40;41;42;43;44;45;46;47;48;49;50;51;52;53;54;55;56;57;58;59;60;61
True,158,69,0.7146590072763499,2.886579864025407e-15,18.08277545933811,243.0,587.0,0.0,154.0,80.37074328234736,43,17,3,25,0.2833333333333333,0.3333333333333333,337.0,0.19256439167317801,0.23848885246987347,0.053658087416433554,0.09784953255234197,36,25,0,129,24,129,13,7,116,0.6586427040007742,0.39362113220747674,13,60,0,0,116,0,0.6586427040007742,nenhuma,80.37074328234735,0.0,88,0,terminal,0.25,01,10,centralizada,j6032_1.sm,1,GOV,0,2.289855072463768,0.6,61,0.4098360655737705,0.29411764705882354,0.4176674642716987,60,20,60,60,2;3;4;5;6;7;8;9;10;11;12;13;14;15;16;17;18;19;20;21;22;23;24;25;26;27;28;29;30;31;32;33;34;35;36;37;38;39;40;41;42;43;44;45;46;47;48;49;50;51;52;53;54;55;56;57;58;59;60;61,2;3;4;5;6;7;8;9;10;11;12;13;14;15;16;17;18;19;20;21;22;23;24;25;26;27;28;29;30;31;32;33;34;35;36;37;38;39;40;41;42;43;44;45;46;47;48;49;50;51;52;53;54;55;56;57;58;59;60;61
True,144,69,0.7775954216169269,0.0,25.685316827103865,237.0,581.0,0.0,77.0,89.1751811396631,43,17,4,14,0.2833333333333333,0.35,337.0,0.20924536454984047,0.26461478082986084,0.07621755735045657,0.11934976346998648,37,14,0,63,23,63,0,23,63,0.7659648859265082,0.2570239140832174,2,60,0,0,63,0,0.7659648859265082,nenhuma,89.17518113966308,0.0,96,0,terminal,0.25,01,10,centralizada,j6032_1.sm,2,GOV,0,2.0869565217391304,0.6166666666666667,51,0.27450980392156865,0.1891891891891892,0.38516948528526945,60,21,60,60,2;3;4;5;6;7;8;9;10;11;12;13;14;15;16;17;18;19;20;21;22;23;24;25;26;27;28;29;30;31;32;33;34;35;36;37;38;39;40;41;42;43;44;45;46;47;48;49;50;51;52;53;54;55;56;57;58;59;60;61,2;3;4;5;6;7;8;9;10;11;12;13;14;15;16;17;18;19;20;21;22;23;24;25;26;27;28;29;30;31;32;33;34;35;36;37;38;39;40;41;42;43;44;45;46;47;48;49;50;51;52;53;54;55;56;57;58;59;60;61
True,190,69,0.6533991031080377,3.552713678800501e-15,19.15321448839171,225.0,604.0,0.0,201.0,119.3967387266681,41,19,6,19,0.31666666666666665,0.4166666666666667,337.0,0.26160734421499393,0.35429299325420804,0.056834464357245436,0.1291617913874663,43,19,0,182,17,182,0,9,182,0.794910294566222,0.24332019624229825,0,60,0,0,182,0,0.794910294566222,nenhuma,119.39673872666812,0.0,133,0,terminal,0.25,01,10,centralizada,j6032_1.sm,3,GOV,0,2.753623188405797,0.7166666666666667,62,0.3064516129032258,0.24050632911392406,0.45223576742111454,60,25,60,60,2;3;4;5;6;7;8;9;10;11;12;13;14;15;16;17;18;19;20;21;22;23;24;25;26;27;28;29;30;31;32;33;34;35;36;37;38;39;40;41;42;43;44;45;46;47;48;49;50;51;52;53;54;55;56;57;58;59;60;61,2;3;4;5;6;7;8;9;10;11;12;13;14;15;16;17;18;19;20;21;22;23;24;25;26;27;28;29;30;31;32;33;34;35;36;37;38;39;40;41;42;43;44;45;46;47;48;49;50;51;52;53;54;55;56;57;58;59;60;61
True,217,108,0.6440166575040199,1.7763568394002505e-15,14.212839493989552,279.0,488.0,0.0,228.0,41.74437557456174,51,9,2,5,0.15,0.18333333333333332,334.0,0.11109780555125859,0.12498316040287945,0.042553411658651355,0.055090313990003484,28,5,0,223,32,223,30,3,193,0.6268507180531939,0.4857196752206667,21,60,0,0,193,0,0.6268507180531939,nenhuma,41.74437557456174,0.0,45,0,terminal,0.25,01,10,centralizada,j6043_1.sm,0,GOV,0,2.009259259259259,0.4666666666666667,33,0.15151515151515152,0.07692307692307693,0.7822892196593539,60,11,60,60,2;3;4;5;6;7;8;9;10;11;12;13;14;15;16;17;18;19;20;21;22;23;24;25;26;27;28;29;30;31;32;33;34;35;36;37;38;39;40;41;42;43;44;45;46;47;48;49;50;51;52;53;54;55;56;57;58;59;60;61,2;3;4;5;6;7;8;9;10;11;12;13;14;15;16;17;18;19;20;21;22;23;24;25;26;27;28;29;30;31;32;33;34;35;36;37;38;39;40;41;42;43;44;45;46;47;48;49;50;51;52;53;54;55;56;57;58;59;60;61
True,213,108,0.669099683312251,0.0,14.0,240.0,510.0,0.0,185.0,67.21826540903703,45,15,2,9,0.25,0.2833333333333333,334.0,0.1675354070446141,0.20125229164382344,0.041916167664670656,0.08818768646663827,25,9,0,176,35,176,14,5,162,0.6586427040007742,0.39362113220747674,20,60,0,0,162,0,0.6586427040007742,nenhuma,67.21826540903702,0.0,73,0,terminal,0.25,01,10,centralizada,j6043_1.sm,1,GOV,0,1.9722222222222223,0.4166666666666667,34,0.2647058823529412,0.13043478260869565,0.7315463871061786,60,17,60,60,2;3;4;5;6;7;8;9;10;11;12;13;14;15;16;17;18;19;20;21;22;23;24;25;26;27;28;29;30;31;32;33;34;35;36;37;38;39;40;41;42;43;44;45;46;47;48;49;50;51;52;53;54;55;56;57;58;59;60;61,2;3;4;5;6;7;8;9;10;11;12;13;14;15;16;17;18;19;20;21;22;23;24;25;26;27;28;29;30;31;32;33;34;35;36;37;38;39;40;41;42;43;44;45;46;47;48;49;50;51;52;53;54;55;56;57;58;59;60;61
True,191,108,0.7459902384319754,0.0,19.06195633860862,239.0,507.0,0.0,106.0,66.63355802842958,45,15,1,3,0.25,0.26666666666666666,334.0,0.1663204609128154,0.19950167074380112,0.05707172556469647,0.0980433606335287,27,3,0,103,33,103,0,2,103,0.7659648859265082,0.2570239140832174,6,60,0,0,103,0,0.7659648859265082,nenhuma,66.63355802842958,0.0,73,0,terminal,0.25,01,10,centralizada,j6043_1.sm,2,GOV,0,1.7685185185185186,0.45,30,0.1,0.047619047619047616,0.6933843756642445,60,16,60,60,2;3;4;5;6;7;8;9;10;11;12;13;14;15;16;17;18;19;20;21;22;23;24;25;26;27;28;29;30;31;32;33;34;35;36;37;38;39;40;41;42;43;44;45;46;47;48;49;50;51;52;53;54;55;56;57;58;59;60;61,2;3;4;5;6;7;8;9;10;11;12;13;14;15;16;17;18;19;20;21;22;23;24;25;26;27;28;29;30;31;32;33;34;35;36;37;38;39;40;41;42;43;44;45;46;47;48;49;50;51;52;53;54;55;56;57;58;59;60;61
True,205,108,0.5827949865661066,0.0,16.72279540933661,217.0,520.0,0.0,280.0,92.25201312025395,42,18,3,16,0.3,0.35,334.0,0.21642598810255442,0.27620363209656873,0.05006824972855272,0.10339232835983594,35,16,0,264,25,264,1,27,263,0.794910294566222,0.24332019624229825,4,60,0,0,263,0,0.794910294566222,nenhuma,92.25201312025395,0.0,100,0,terminal,0.25,01,10,centralizada,j6043_1.sm,3,GOV,0,1.8981481481481481,0.5833333333333334,51,0.3137254901960784,0.21052631578947367,0.6099672140099996,60,21,60,60,2;3;4;5;6;7;8;9;10;11;12;13;14;15;16;17;18;19;20;21;22;23;24;25;26;27;28;29;30;31;32;33;34;35;36;37;38;39;40;41;42;43;44;45;46;47;48;49;50;51;52;53;54;55;56;57;58;59;60;61,2;3;4;5;6;7;8;9;10;11;12;13;14;15;16;17;18;19;20;21;22;23;24;25;26;27;28;29;30;31;32;33;34;35;36;37;38;39;40;41;42;43;44;45;46;47;48;49;50;51;52;53;54;55;56;57;58;59;60;61
True,158,85,0.7217271487208664,1.7763568394002505e-15,10.64569205085412,253.0,524.0,0.0,144.0,58.03614943500074,48,12,4,20,0.2,0.26666666666666666,323.0,0.15231140016782282,0.1796784812229125,0.032958798919053005,0.07993561956958245,33,20,0,124,27,124,22,4,102,0.6268507180531939,0.4857196752206667,16,60,0,0,102,0,0.6268507180531939,nenhuma,58.03614943500074,0.0,64,0,terminal,0.25,01,11,adaptativa,j6010_1.sm,0,GOV,0,1.8588235294117648,0.55,53,0.37735849056603776,0.25,0.5144065244326642,60,16,60,60,2;3;4;5;6;7;8;9;10;11;12;13;14;15;16;17;18;19;20;21;22;23;24;25;26;27;28;29;30;31;32;33;34;35;36;37;38;39;40;41;42;43;44;45;46;47;48;49;50;51;52;53;54;55;56;57;58;59;60;61,2;3;4;5;6;7;8;9;10;11;12;13;14;15;16;17;18;19;20;21;22;23;24;25;26;27;28;29;30;31;32;33;34;35;36;37;38;39;40;41;42;43;44;45;46;47;48;49;50;51;52;53;54;55;56;57;58;59;60;61
True,182,85,0.7944166097825066,0.0,15.282801880478726,237.0,524.0,0.0,77.0,58.60352987012623,45,15,1,17,0.25,0.26666666666666666,323.0,0.1535717709164566,0.18143507699729483,0.04731517610055333,0.0888465983219724,25,17,0,60,35,60,7,6,53,0.6586427040007742,0.39362113220747674,14,60,0,0,53,0,0.6586427040007742,nenhuma,58.60352987012622,0.0,65,0,terminal,0.25,01,11,adaptativa,j6010_1.sm,1,GOV,0,2.1411764705882352,0.4166666666666667,42,0.40476190476190477,0.22077922077922077,0.6223584328375821,60,16,60,60,2;3;4;5;6;7;8;9;10;11;12;13;14;15;16;17;18;19;20;21;22;23;24;25;26;27;28;29;30;31;32;33;34;35;36;37;38;39;40;41;42;43;44;45;46;47;48;49;50;51;52;53;54;55;56;57;58;59;60;61,2;3;4;5;6;7;8;9;10;11;12;13;14;15;16;17;18;19;20;21;22;23;24;25;26;27;28;29;30;31;32;33;34;35;36;37;38;39;40;41;42;43;44;45;46;47;48;49;50;51;52;53;54;55;56;57;58;59;60;61
True,167,85,0.7278154231423578,6.661338147750939e-16,12.158719342905396,229.0,529.0,0.0,131.0,66.83263253206671,42,18,1,17,0.3,0.31666666666666665,323.0,0.17143929716188963,0.20691217502187836,0.03764309394088358,0.09195051176945906,37,17,0,114,23,114,8,16,106,0.7659648859265082,0.2570239140832174,4,60,0,0,106,0,0.7659648859265082,nenhuma,66.83263253206671,0.0,76,0,terminal,0.25,01,11,adaptativa,j6010_1.sm,2,GOV,0,1.964705882352941,0.6166666666666667,54,0.3148148148148148,0.22077922077922077,0.5343253142230939,60,19,60,60,2;3;4;5;6;7;8;9;10;11;12;13;14;15;16;17;18;19;20;21;22;23;24;25;26;27;28;29;30;31;32;33;34;35;36;37;38;39;40;41;42;43;44;45;46;47;48;49;50;51;52;53;54;55;56;57;58;59;60;61,2;3;4;5;6;7;8;9;10;11;12;13;14;15;16;17;18;19;20;21;22;23;24;25;26;27;28;29;30;31;32;33;34;35;36;37;38;39;40;41;42;43;44;45;46;47;48;49;50;51;52;53;54;55;56;57;58;59;60;61
True,173,85,0.6391395357987245,1.7763568394002505e-15,13.893015796131058,254.0,509.0,0.0,225.0,62.383217576908585,48,12,3,16,0.2,0.25,323.0,0.16187320758060553,0.1931368965229368,0.04301243280535931,0.07833316448671157,27,16,0,209,33,209,7,5,202,0.794910294566222,0.24332019624229825,3,60,0,0,202,0,0.794910294566222,nenhuma,62.383217576908585,0.0,68,0,terminal,0.25,01,11,adaptativa,j6010_1.sm,3,GOV,0,2.0352941176470587,0.45,43,0.37209302325581395,0.21052631578947367,0.6488041598243848,60,15,60,60,2;3;4;5;6;7;8;9;10;11;12;13;14;15;16;17;18;19;20;21;22;23;24;25;26;27;28;29;30;31;32;33;34;35;36;37;38;39;40;41;42;43;44;45;46;47;48;49;50;51;52;53;54;55;56;57;58;59;60;61,2;3;4;5;6;7;8;9;10;11;12;13;14;15;16;17;18;19;20;21;22;23;24;25;26;27;28;29;30;31;32;33;34;35;36;37;38;39;40;41;42;43;44;45;46;47;48;49;50;51;52;53;54;55;56;57;58;59;60;61
True,235,76,0.7298955934955857,7.771561172376096e-16,19.400458967858007,250.0,509.0,0.0,112.0,76.36001222081401,44,16,2,15,0.26666666666666666,0.3,332.0,0.18699189424924295,0.23000003680968076,0.05843511737306629,0.10949869634428532,38,15,0,97,22,97,12,0,85,0.6268507180531939,0.4857196752206667,18,60,0,0,85,0,0.6268507180531939,nenhuma,76.360012220814,0.0,84,0,terminal,0.25,01,11,adaptativa,j6021_1.sm,0,GOV,0,3.0921052631578947,0.6333333333333333,53,0.2830188679245283,0.2,0.6913648161731246,60,18,60,60,2;3;4;5;6;7;8;9;10;11;12;13;14;15;16;17;18;19;20;21;22;23;24;25;26;27;28;29;30;31;32;33;34;35;36;37;38;39;40;41;42;43;44;45;46;47;48;49;50;51;52;53;54;55;56;57;58;59;60;61,2;3;4;5;6;7;8;9;10;11;12;13;14;15;16;17;18;19;20;21;22;23;24;25;26;27;28;29;30;31;32;33;34;35;36;37;38;39;40;41;42;43;44;45;46;47;48;49;50;51;52;53;54;55;56;57;58;59;60;61
True,244,76,0.740085211775796,4.440892098500626e-16,10.86965688564597,223.0,515.0,0.0,114.0,66.86581626767578,44,16,2,14,0.26666666666666666,0.3,332.0,0.16763987672185637,0.20140306104721623,0.032739930378451715,0.09609010056897922,28,14,0,100,32,100,6,0,94,0.6586427040007742,0.39362113220747674,17,60,0,0,94,0,0.6586427040007742,nenhuma,66.86581626767578,0.0,72,0,terminal,0.25,01,11,adaptativa,j6021_1.sm,1,GOV,0,3.210526315789474,0.4666666666666667,42,0.3333333333333333,0.1891891891891892,0.7523296972016028,60,18,60,60,2;3;4;5;6;7;8;9;10;11;12;13;14;15;16;17;18;19;20;21;22;23;24;25;26;27;28;29;30;31;32;33;34;35;36;37;38;39;40;41;42;43;44;45;46;47;48;49;50;51;52;53;54;55;56;57;58;59;60;61,2;3;4;5;6;7;8;9;10;11;12;13;14;15;16;17;18;19;20;21;22;23;24;25;26;27;28;29;30;31;32;33;34;35;36;37;38;39;40;41;42;43;44;45;46;47;48;49;50;51;52;53;54;55;56;57;58;59;60;61
True,256,76,0.741830274050682,0.0,28.86987942448023,213.0,523.0,0.0,68.0,114.01301752517652,41,19,3,15,0.31666666666666665,0.36666666666666664,332.0,0.2556271073831174,0.3434127033890859,0.0869574681460248,0.1617176061874702,32,15,0,53,28,53,4,3,49,0.7659648859265082,0.2570239140832174,6,60,0,0,49,0,0.7659648859265082,nenhuma,114.01301752517652,0.0,124,0,terminal,0.25,01,11,adaptativa,j6021_1.sm,2,GOV,0,3.3684210526315788,0.5333333333333333,47,0.3191489361702128,0.2,0.6852850178502773,60,22,60,60,2;3;4;5;6;7;8;9;10;11;12;13;14;15;16;17;18;19;20;21;22;23;24;25;26;27;28;29;30;31;32;33;34;35;36;37;38;39;40;41;42;43;44;45;46;47;48;49;50;51;52;53;54;55;56;57;58;59;60;61,2;3;4;5;6;7;8;9;10;11;12;13;14;15;16;17;18;19;20;21;22;23;24;25;26;27;28;29;30;31;32;33;34;35;36;37;38;39;40;41;42;43;44;45;46;47;48;49;50;51;52;53;54;55;56;57;58;59;60;61
True,244,76,0.7326268061144883,0.0,13.091052865150491,243.0,536.0,0.0,132.0,63.61396160576576,44,16,0,16,0.26666666666666666,0.26666666666666666,332.0,0.160798070289435,0.1916083180896559,0.03943088212394726,0.08695017446925718,34,16,0,116,26,116,0,0,116,0.794910294566222,0.24332019624229825,2,60,0,0,116,0,0.794910294566222,nenhuma,63.613961605765766,0.0,70,0,terminal,0.25,01,11,adaptativa,j6021_1.sm,3,GOV,0,3.210526315789474,0.5666666666666667,50,0.32,0.21052631578947367,0.6833280512824089,60,16,60,60,2;3;4;5;6;7;8;9;10;11;12;13;14;15;16;17;18;19;20;21;22;23;24;25;26;27;28;29;30;31;32;33;34;35;36;37;38;39;40;41;42;43;44;45;46;47;48;49;50;51;52;53;54;55;56;57;58;59;60;61,2;3;4;5;6;7;8;9;10;11;12;13;14;15;16;17;18;19;20;21;22;23;24;25;26;27;28;29;30;31;32;33;34;35;36;37;38;39;40;41;42;43;44;45;46;47;48;49;50;51;52;53;54;55;56;57;58;59;60;61
True,165,69,0.7215781709967832,0.0,9.285046362958454,279.0,549.0,0.0,165.0,46.8323284525294,48,12,2,17,0.2,0.23333333333333334,337.0,0.12201246476903106,0.13896833368703088,0.027552066358927162,0.061554072692708156,31,17,0,148,29,148,17,18,131,0.6268507180531939,0.4857196752206667,14,60,0,0,131,0,0.6268507180531939,nenhuma,46.8323284525294,0.0,54,0,terminal,0.25,01,11,adaptativa,j6032_1.sm,0,GOV,0,2.391304347826087,0.5166666666666667,48,0.3541666666666667,0.22077922077922077,0.5868443167890343,60,14,60,60,2;3;4;5;6;7;8;9;10;11;12;13;14;15;16;17;18;19;20;21;22;23;24;25;26;27;28;29;30;31;32;33;34;35;36;37;38;39;40;41;42;43;44;45;46;47;48;49;50;51;52;53;54;55;56;57;58;59;60;61,2;3;4;5;6;7;8;9;10;11;12;13;14;15;16;17;18;19;20;21;22;23;24;25;26;27;28;29;30;31;32;33;34;35;36;37;38;39;40;41;42;43;44;45;46;47;48;49;50;51;52;53;54;55;56;57;58;59;60;61
True,176,69,0.6816419901403379,2.6645352591003757e-15,27.354321919783633,236.0,579.0,0.0,158.0,112.4195022827074,44,16,6,25,0.26666666666666666,0.36666666666666664,337.0,0.25014380041743245,0.3335890275451258,0.08117009471745885,0.1323486239491726,37,25,0,133,23,133,11,7,122,0.6586427040007742,0.39362113220747674,13,60,0,0,122,0,0.6586427040007742,nenhuma,112.41950228270738,0.0,122,0,terminal,0.25,01,11,adaptativa,j6032_1.sm,1,GOV,0,2.550724637681159,0.6166666666666667,62,0.4032258064516129,0.29411764705882354,0.45609556011912766,60,22,60,60,2;3;4;5;6;7;8;9;10;11;12;13;14;15;16;17;18;19;20;21;22;23;24;25;26;27;28;29;30;31;32;33;34;35;36;37;38;39;40;41;42;43;44;45;46;47;48;49;50;51;52;53;54;55;56;57;58;59;60;61,2;3;4;5;6;7;8;9;10;11;12;13;14;15;16;17;18;19;20;21;22;23;24;25;26;27;28;29;30;31;32;33;34;35;36;37;38;39;40;41;42;43;44;45;46;47;48;49;50;51;52;53;54;55;56;57;58;59;60;61
True,153,69,0.7630734351629153,0.0,19.21004274200321,201.0,583.0,0.0,73.0,108.01558897870711,38,22,3,17,0.36666666666666664,0.4166666666666667,337.0,0.24272315769116887,0.32052103554512495,0.05700309418992051,0.14137877621462705,37,17,0,56,23,56,0,11,56,0.7659648859265082,0.2570239140832174,2,60,0,0,56,0,0.7659648859265082,nenhuma,108.01558897870711,0.0,118,0,terminal,0.25,01,11,adaptativa,j6032_1.sm,2,GOV,0,2.217391304347826,0.6166666666666667,54,0.3148148148148148,0.22077922077922077,0.39108227850284094,60,25,60,60,2;3;4;5;6;7;8;9;10;11;12;13;14;15;16;17;18;19;20;21;22;23;24;25;26;27;28;29;30;31;32;33;34;35;36;37;38;39;40;41;42;43;44;45;46;47;48;49;50;51;52;53;54;55;56;57;58;59;60;61,2;3;4;5;6;7;8;9;10;11;12;13;14;15;16;17;18;19;20;21;22;23;24;25;26;27;28;29;30;31;32;33;34;35;36;37;38;39;40;41;42;43;44;45;46;47;48;49;50;51;52;53;54;55;56;57;58;59;60;61
True,173,69,0.6311643090402622,7.105427357601002e-15,20.82175189704575,175.0,597.0,0.0,220.0,128.8709744025103,33,27,1,19,0.45,0.4666666666666667,337.0,0.2766237466667464,0.38240645223296826,0.06178561393782122,0.1362458283318354,39,19,0,201,21,201,0,9,201,0.794910294566222,0.24332019624229825,0,60,0,0,201,0,0.794910294566222,nenhuma,128.8709744025103,0.0,143,0,terminal,0.25,01,11,adaptativa,j6032_1.sm,3,GOV,0,2.5072463768115942,0.65,58,0.3275862068965517,0.24050632911392406,0.42257020696773306,60,28,60,60,2;3;4;5;6;7;8;9;10;11;12;13;14;15;16;17;18;19;20;21;22;23;24;25;26;27;28;29;30;31;32;33;34;35;36;37;38;39;40;41;42;43;44;45;46;47;48;49;50;51;52;53;54;55;56;57;58;59;60;61,2;3;4;5;6;7;8;9;10;11;12;13;14;15;16;17;18;19;20;21;22;23;24;25;26;27;28;29;30;31;32;33;34;35;36;37;38;39;40;41;42;43;44;45;46;47;48;49;50;51;52;53;54;55;56;57;58;59;60;61
True,202,108,0.630954811437109,0.0,10.423677620531148,283.0,483.0,0.0,246.0,36.50648516315108,52,8,1,5,0.13333333333333333,0.15,334.0,0.0985312987087813,0.10930085378188947,0.031208615630332778,0.04768932186821451,29,5,0,241,31,241,35,0,206,0.6268507180531939,0.4857196752206667,21,60,0,0,206,0,0.6268507180531939,nenhuma,36.50648516315108,0.0,39,0,terminal,0.25,01,11,adaptativa,j6043_1.sm,0,GOV,0,1.8703703703703705,0.48333333333333334,34,0.14705882352941177,0.07692307692307693,0.7981704765143012,60,9,60,60,2;3;4;5;6;7;8;9;10;11;12;13;14;15;16;17;18;19;20;21;22;23;24;25;26;27;28;29;30;31;32;33;34;35;36;37;38;39;40;41;42;43;44;45;46;47;48;49;50;51;52;53;54;55;56;57;58;59;60;61,2;3;4;5;6;7;8;9;10;11;12;13;14;15;16;17;18;19;20;21;22;23;24;25;26;27;28;29;30;31;32;33;34;35;36;37;38;39;40;41;42;43;44;45;46;47;48;49;50;51;52;53;54;55;56;57;58;59;60;61
True,206,108,0.674548272439035,0.0,13.488485904366389,225.0,491.0,0.0,167.0,69.89453336621824,40,20,1,8,0.3333333333333333,0.35,334.0,0.17305144683115492,0.20926506995873725,0.04038468833642631,0.0960228854075662,25,8,0,159,35,159,17,2,142,0.6586427040007742,0.39362113220747674,20,60,0,0,142,0,0.6586427040007742,nenhuma,69.89453336621824,0.0,76,0,terminal,0.25,01,11,adaptativa,j6043_1.sm,1,GOV,0,1.9074074074074074,0.4166666666666667,33,0.24242424242424243,0.11764705882352941,0.7621828617817158,60,21,60,60,2;3;4;5;6;7;8;9;10;11;12;13;14;15;16;17;18;19;20;21;22;23;24;25;26;27;28;29;30;31;32;33;34;35;36;37;38;39;40;41;42;43;44;45;46;47;48;49;50;51;52;53;54;55;56;57;58;59;60;61,2;3;4;5;6;7;8;9;10;11;12;13;14;15;16;17;18;19;20;21;22;23;24;25;26;27;28;29;30;31;32;33;34;35;36;37;38;39;40;41;42;43;44;45;46;47;48;49;50;51;52;53;54;55;56;57;58;59;60;61
True,185,108,0.7550452449972355,0.0,11.708850029193115,244.0,514.0,0.0,106.0,60.75390634621097,45,15,1,3,0.25,0.26666666666666666,334.0,0.15390324293061708,0.1818979231922484,0.03505643721315304,0.08924503521734234,28,3,0,103,32,103,0,2,103,0.7659648859265082,0.2570239140832174,6,60,0,0,103,0,0.7659648859265082,nenhuma,60.75390634621097,0.0,67,0,terminal,0.25,01,11,adaptativa,j6043_1.sm,2,GOV,0,1.712962962962963,0.4666666666666667,31,0.0967741935483871,0.047619047619047616,0.663836926804475,60,16,60,60,2;3;4;5;6;7;8;9;10;11;12;13;14;15;16;17;18;19;20;21;22;23;24;25;26;27;28;29;30;31;32;33;34;35;36;37;38;39;40;41;42;43;44;45;46;47;48;49;50;51;52;53;54;55;56;57;58;59;60;61,2;3;4;5;6;7;8;9;10;11;12;13;14;15;16;17;18;19;20;21;22;23;24;25;26;27;28;29;30;31;32;33;34;35;36;37;38;39;40;41;42;43;44;45;46;47;48;49;50;51;52;53;54;55;56;57;58;59;60;61
True,204,108,0.6067573085768112,0.0,16.72279540933661,228.0,521.0,0.0,258.0,79.66291618643946,41,19,2,11,0.31666666666666665,0.35,334.0,0.19257930326666042,0.23851172510910018,0.05006824972855272,0.0927755405348639,30,11,0,247,30,247,1,17,246,0.794910294566222,0.24332019624229825,4,60,0,0,246,0,0.794910294566222,nenhuma,79.66291618643946,0.0,88,0,terminal,0.25,01,11,adaptativa,j6043_1.sm,3,GOV,0,1.8888888888888888,0.5,41,0.2682926829268293,0.15492957746478872,0.6411623186363372,60,21,60,60,2;3;4;5;6;7;8;9;10;11;12;13;14;15;16;17;18;19;20;21;22;23;24;25;26;27;28;29;30;31;32;33;34;35;36;37;38;39;40;41;42;43;44;45;46;47;48;49;50;51;52;53;54;55;56;57;58;59;60;61,2;3;4;5;6;7;8;9;10;11;12;13;14;15;16;17;18;19;20;21;22;23;24;25;26;27;28;29;30;31;32;33;34;35;36;37;38;39;40;41;42;43;44;45;46;47;48;49;50;51;52;53;54;55;56;57;58;59;60;61
True,162,85,0.7030177023317247,8.881784197001252e-16,11.793002277759243,255.0,526.0,0.0,150.0,72.2030655208204,49,11,7,21,0.18333333333333332,0.3,323.0,0.18269864740463795,0.22353890254123965,0.036510842965198895,0.09650196430371508,34,21,0,129,26,129,22,4,107,0.6268507180531939,0.4857196752206667,16,60,0,0,107,0,0.6268507180531939,nenhuma,72.2030655208204,0.0,80,0,terminal,0.25,01,14,centralizada,j6010_1.sm,0,GOV,0,1.9058823529411764,0.5666666666666667,55,0.38181818181818183,0.25925925925925924,0.5184247473653775,60,18,60,60,2;3;4;5;6;7;8;9;10;11;12;13;14;15;16;17;18;19;20;21;22;23;24;25;26;27;28;29;30;31;32;33;34;35;36;37;38;39;40;41;42;43;44;45;46;47;48;49;50;51;52;53;54;55;56;57;58;59;60;61,2;3;4;5;6;7;8;9;10;11;12;13;14;15;16;17;18;19;20;21;22;23;24;25;26;27;28;29;30;31;32;33;34;35;36;37;38;39;40;41;42;43;44;45;46;47;48;49;50;51;52;53;54;55;56;57;58;59;60;61
True,149,85,0.7291475297836089,0.0,13.153024726252522,270.0,495.0,0.0,112.0,71.87495984098379,51,9,11,10,0.15,0.3333333333333333,323.0,0.18201954327498468,0.22252309548292196,0.04072143878096756,0.1058736351946453,28,10,0,102,32,102,1,12,101,0.6586427040007742,0.39362113220747674,14,60,0,0,101,0,0.6586427040007742,nenhuma,71.87495984098379,0.0,77,0,terminal,0.25,01,14,centralizada,j6010_1.sm,1,GOV,0,1.7529411764705882,0.4666666666666667,38,0.2631578947368421,0.14285714285714285,0.6198473627211645,60,20,60,60,2;3;4;5;6;7;8;9;10;11;12;13;14;15;16;17;18;19;20;21;22;23;24;25;26;27;28;29;30;31;32;33;34;35;36;37;38;39;40;41;42;43;44;45;46;47;48;49;50;51;52;53;54;55;56;57;58;59;60;61,2;3;4;5;6;7;8;9;10;11;12;13;14;15;16;17;18;19;20;21;22;23;24;25;26;27;28;29;30;31;32;33;34;35;36;37;38;39;40;41;42;43;44;45;46;47;48;49;50;51;52;53;54;55;56;57;58;59;60;61
True,171,85,0.7302877737236385,8.881784197001252e-16,10.101376929785403,249.0,524.0,0.0,131.0,62.52536308829996,48,12,8,16,0.2,0.3333333333333333,323.0,0.16218222995092355,0.19357697550557262,0.03127361278571332,0.0871402828454518,34,16,0,115,26,115,8,13,107,0.7659648859265082,0.2570239140832174,4,60,0,0,107,0,0.7659648859265082,nenhuma,62.525363088299954,0.0,73,0,terminal,0.25,01,14,centralizada,j6010_1.sm,2,GOV,0,2.011764705882353,0.5666666666666667,50,0.32,0.21052631578947367,0.5551806884139395,60,20,60,60,2;3;4;5;6;7;8;9;10;11;12;13;14;15;16;17;18;19;20;21;22;23;24;25;26;27;28;29;30;31;32;33;34;35;36;37;38;39;40;41;42;43;44;45;46;47;48;49;50;51;52;53;54;55;56;57;58;59;60;61,2;3;4;5;6;7;8;9;10;11;12;13;14;15;16;17;18;19;20;21;22;23;24;25;26;27;28;29;30;31;32;33;34;35;36;37;38;39;40;41;42;43;44;45;46;47;48;49;50;51;52;53;54;55;56;57;58;59;60;61
True,173,85,0.6639467432921684,0.0,10.70198056452056,285.0,511.0,0.0,201.0,57.64004291400745,54,6,8,13,0.1,0.23333333333333334,323.0,0.15142926759029723,0.17845214524460512,0.03313306676322155,0.07489220895494339,31,13,0,188,29,188,7,5,181,0.794910294566222,0.24332019624229825,3,60,0,0,181,0,0.794910294566222,nenhuma,57.640042914007466,0.0,64,0,terminal,0.25,01,14,centralizada,j6010_1.sm,3,GOV,0,2.0352941176470587,0.5166666666666667,44,0.29545454545454547,0.1780821917808219,0.6202129849392084,60,14,60,60,2;3;4;5;6;7;8;9;10;11;12;13;14;15;16;17;18;19;20;21;22;23;24;25;26;27;28;29;30;31;32;33;34;35;36;37;38;39;40;41;42;43;44;45;46;47;48;49;50;51;52;53;54;55;56;57;58;59;60;61,2;3;4;5;6;7;8;9;10;11;12;13;14;15;16;17;18;19;20;21;22;23;24;25;26;27;28;29;30;31;32;33;34;35;36;37;38;39;40;41;42;43;44;45;46;47;48;49;50;51;52;53;54;55;56;57;58;59;60;61
True,232,76,0.7230154053190158,1.7763568394002505e-15,14.743498287106707,244.0,511.0,0.0,109.0,86.76225740242933,47,13,3,11,0.21666666666666667,0.26666666666666666,332.0,0.20718738584659754,0.2613321006097269,0.04440812737080333,0.12276017358553859,36,11,0,98,24,98,12,0,86,0.6268507180531939,0.4857196752206667,18,60,0,0,86,0,0.6268507180531939,nenhuma,86.76225740242933,0.0,93,0,terminal,0.25,01,14,centralizada,j6021_1.sm,0,GOV,0,3.0526315789473686,0.6,47,0.23404255319148937,0.15492957746478872,0.6900514696089303,60,16,60,60,2;3;4;5;6;7;8;9;10;11;12;13;14;15;16;17;18;19;20;21;22;23;24;25;26;27;28;29;30;31;32;33;34;35;36;37;38;39;40;41;42;43;44;45;46;47;48;49;50;51;52;53;54;55;56;57;58;59;60;61,2;3;4;5;6;7;8;9;10;11;12;13;14;15;16;17;18;19;20;21;22;23;24;25;26;27;28;29;30;31;32;33;34;35;36;37;38;39;40;41;42;43;44;45;46;47;48;49;50;51;52;53;54;55;56;57;58;59;60;61
True,255,76,0.7565664463541786,0.0,8.081226593393183,268.0,542.0,0.0,105.0,69.39444573817171,48,12,10,19,0.2,0.36666666666666664,332.0,0.17288342296454565,0.20901941487401118,0.02434104395600356,0.09686625315285322,30,19,0,86,30,86,2,0,84,0.6586427040007742,0.39362113220747674,17,60,0,0,84,0,0.6586427040007742,nenhuma,69.39444573817171,0.0,78,0,terminal,0.25,01,14,centralizada,j6021_1.sm,1,GOV,0,3.3552631578947367,0.5,49,0.3877551020408163,0.24050632911392406,0.6875787801484007,60,22,60,60,2;3;4;5;6;7;8;9;10;11;12;13;14;15;16;17;18;19;20;21;22;23;24;25;26;27;28;29;30;31;32;33;34;35;36;37;38;39;40;41;42;43;44;45;46;47;48;49;50;51;52;53;54;55;56;57;58;59;60;61,2;3;4;5;6;7;8;9;10;11;12;13;14;15;16;17;18;19;20;21;22;23;24;25;26;27;28;29;30;31;32;33;34;35;36;37;38;39;40;41;42;43;44;45;46;47;48;49;50;51;52;53;54;55;56;57;58;59;60;61
True,256,76,0.7648764342168816,0.0,8.97053550674052,287.0,529.0,0.0,83.0,79.61498032243136,52,8,10,15,0.13333333333333333,0.3,332.0,0.19342099808920066,0.23980415759768484,0.027019685261266625,0.11511459784360774,30,15,0,68,30,68,2,0,66,0.7659648859265082,0.2570239140832174,6,60,0,0,66,0,0.7659648859265082,nenhuma,79.61498032243136,0.0,86,0,terminal,0.25,01,14,centralizada,j6021_1.sm,2,GOV,0,3.3684210526315788,0.5,45,0.3333333333333333,0.2,0.6964241271428846,60,18,60,60,2;3;4;5;6;7;8;9;10;11;12;13;14;15;16;17;18;19;20;21;22;23;24;25;26;27;28;29;30;31;32;33;34;35;36;37;38;39;40;41;42;43;44;45;46;47;48;49;50;51;52;53;54;55;56;57;58;59;60;61,2;3;4;5;6;7;8;9;10;11;12;13;14;15;16;17;18;19;20;21;22;23;24;25;26;27;28;29;30;31;32;33;34;35;36;37;38;39;40;41;42;43;44;45;46;47;48;49;50;51;52;53;54;55;56;57;58;59;60;61
True,236,76,0.7220343907578495,0.0,10.957113100626099,285.0,547.0,0.0,128.0,82.58164292682402,53,7,9,18,0.11666666666666667,0.26666666666666666,332.0,0.19919271471795516,0.24873988833380728,0.033003352712729216,0.10900692182532294,33,18,0,110,27,110,0,0,110,0.794910294566222,0.24332019624229825,2,60,0,0,110,0,0.794910294566222,nenhuma,82.58164292682402,0.0,87,0,terminal,0.25,01,14,centralizada,j6021_1.sm,3,GOV,0,3.1052631578947367,0.55,51,0.35294117647058826,0.23076923076923078,0.6390600045077982,60,16,60,60,2;3;4;5;6;7;8;9;10;11;12;13;14;15;16;17;18;19;20;21;22;23;24;25;26;27;28;29;30;31;32;33;34;35;36;37;38;39;40;41;42;43;44;45;46;47;48;49;50;51;52;53;54;55;56;57;58;59;60;61,2;3;4;5;6;7;8;9;10;11;12;13;14;15;16;17;18;19;20;21;22;23;24;25;26;27;28;29;30;31;32;33;34;35;36;37;38;39;40;41;42;43;44;45;46;47;48;49;50;51;52;53;54;55;56;57;58;59;60;61
True,155,69,0.7151988340658586,0.0,8.480699177805437,296.0,556.0,0.0,162.0,59.40618904420799,51,9,9,12,0.15,0.3,337.0,0.14986191105503377,0.17627949271278337,0.025165279459363317,0.07641589413797399,29,12,0,150,31,150,21,15,129,0.6268507180531939,0.4857196752206667,14,60,0,0,129,0,0.6268507180531939,nenhuma,59.40618904420799,0.0,67,0,terminal,0.25,01,14,centralizada,j6032_1.sm,0,GOV,0,2.246376811594203,0.48333333333333334,41,0.2926829268292683,0.16666666666666666,0.5421639942310672,60,18,60,60,2;3;4;5;6;7;8;9;10;11;12;13;14;15;16;17;18;19;20;21;22;23;24;25;26;27;28;29;30;31;32;33;34;35;36;37;38;39;40;41;42;43;44;45;46;47;48;49;50;51;52;53;54;55;56;57;58;59;60;61,2;3;4;5;6;7;8;9;10;11;12;13;14;15;16;17;18;19;20;21;22;23;24;25;26;27;28;29;30;31;32;33;34;35;36;37;38;39;40;41;42;43;44;45;46;47;48;49;50;51;52;53;54;55;56;57;58;59;60;61
True,171,69,0.6510808153320216,0.0,13.360873344172505,252.0,589.0,0.0,184.0,131.64960129356115,46,14,13,25,0.23333333333333334,0.45,337.0,0.2809126497284612,0.3906516358859381,0.039646508439681025,0.14552551739957106,37,25,0,159,23,159,9,14,150,0.6586427040007742,0.39362113220747674,13,60,0,0,150,0,0.6586427040007742,nenhuma,131.64960129356118,0.0,144,0,terminal,0.25,01,14,centralizada,j6032_1.sm,1,GOV,0,2.4782608695652173,0.6166666666666667,62,0.4032258064516129,0.29411764705882354,0.41249158372408956,60,27,60,60,2;3;4;5;6;7;8;9;10;11;12;13;14;15;16;17;18;19;20;21;22;23;24;25;26;27;28;29;30;31;32;33;34;35;36;37;38;39;40;41;42;43;44;45;46;47;48;49;50;51;52;53;54;55;56;57;58;59;60;61,2;3;4;5;6;7;8;9;10;11;12;13;14;15;16;17;18;19;20;21;22;23;24;25;26;27;28;29;30;31;32;33;34;35;36;37;38;39;40;41;42;43;44;45;46;47;48;49;50;51;52;53;54;55;56;57;58;59;60;61
True,148,69,0.7756549456200601,0.0,16.2695779056412,301.0,585.0,0.0,78.0,91.20134081959571,54,6,13,15,0.1,0.31666666666666665,337.0,0.21298705100977133,0.27062712409375583,0.048277679245226114,0.12092439496393177,32,15,0,63,28,63,0,16,63,0.7659648859265082,0.2570239140832174,2,60,0,0,63,0,0.7659648859265082,nenhuma,91.20134081959571,0.0,98,0,terminal,0.25,01,14,centralizada,j6032_1.sm,2,GOV,0,2.1449275362318843,0.5333333333333333,47,0.3191489361702128,0.2,0.42436793886227375,60,19,60,60,2;3;4;5;6;7;8;9;10;11;12;13;14;15;16;17;18;19;20;21;22;23;24;25;26;27;28;29;30;31;32;33;34;35;36;37;38;39;40;41;42;43;44;45;46;47;48;49;50;51;52;53;54;55;56;57;58;59;60;61,2;3;4;5;6;7;8;9;10;11;12;13;14;15;16;17;18;19;20;21;22;23;24;25;26;27;28;29;30;31;32;33;34;35;36;37;38;39;40;41;42;43;44;45;46;47;48;49;50;51;52;53;54;55;56;57;58;59;60;61
True,181,69,0.6335279686779028,0.0,18.6610923174222,246.0,603.0,0.0,226.0,122.81275304764982,47,13,12,18,0.21666666666666667,0.4166666666666667,337.0,0.26709296824336426,0.3644295342660232,0.055374161179294355,0.12903037141959953,40,18,0,208,20,208,0,8,208,0.794910294566222,0.24332019624229825,0,60,0,0,208,0,0.794910294566222,nenhuma,122.8127530476498,0.0,133,0,terminal,0.25,01,14,centralizada,j6032_1.sm,3,GOV,0,2.6231884057971016,0.6666666666666666,58,0.3103448275862069,0.23076923076923078,0.4266871842683173,60,25,60,60,2;3;4;5;6;7;8;9;10;11;12;13;14;15;16;17;18;19;20;21;22;23;24;25;26;27;28;29;30;31;32;33;34;35;36;37;38;39;40;41;42;43;44;45;46;47;48;49;50;51;52;53;54;55;56;57;58;59;60;61,2;3;4;5;6;7;8;9;10;11;12;13;14;15;16;17;18;19;20;21;22;23;24;25;26;27;28;29;30;31;32;33;34;35;36;37;38;39;40;41;42;43;44;45;46;47;48;49;50;51;52;53;54;55;56;57;58;59;60;61
True,192,108,0.6230735035225293,0.0,9.898077202275896,286.0,477.0,0.0,244.0,44.55975708049415,53,7,4,4,0.11666666666666667,0.18333333333333332,334.0,0.11770864770240037,0.13341244634878488,0.02963496168346077,0.058205459036176785,28,4,0,240,32,240,34,0,206,0.6268507180531939,0.4857196752206667,21,60,0,0,206,0,0.6268507180531939,nenhuma,44.55975708049415,0.0,47,0,terminal,0.25,01,14,centralizada,j6043_1.sm,0,GOV,0,1.7777777777777777,0.4666666666666667,32,0.125,0.0625,0.7818104257469513,60,11,60,60,2;3;4;5;6;7;8;9;10;11;12;13;14;15;16;17;18;19;20;21;22;23;24;25;26;27;28;29;30;31;32;33;34;35;36;37;38;39;40;41;42;43;44;45;46;47;48;49;50;51;52;53;54;55;56;57;58;59;60;61,2;3;4;5;6;7;8;9;10;11;12;13;14;15;16;17;18;19;20;21;22;23;24;25;26;27;28;29;30;31;32;33;34;35;36;37;38;39;40;41;42;43;44;45;46;47;48;49;50;51;52;53;54;55;56;57;58;59;60;61
True,188,108,0.7064012625287381,0.0,4.890343566210829,314.0,499.0,0.0,156.0,51.39737847254975,57,3,11,13,0.05,0.23333333333333334,334.0,0.13336203447011918,0.15388436668428068,0.014641747204224039,0.07275986581899105,27,13,0,143,33,143,14,3,129,0.6586427040007742,0.39362113220747674,20,60,0,0,129,0,0.6586427040007742,nenhuma,51.39737847254975,0.0,57,0,terminal,0.25,01,14,centralizada,j6043_1.sm,1,GOV,0,1.7407407407407407,0.45,40,0.325,0.1780821917808219,0.7115861595003674,60,14,60,60,2;3;4;5;6;7;8;9;10;11;12;13;14;15;16;17;18;19;20;21;22;23;24;25;26;27;28;29;30;31;32;33;34;35;36;37;38;39;40;41;42;43;44;45;46;47;48;49;50;51;52;53;54;55;56;57;58;59;60;61,2;3;4;5;6;7;8;9;10;11;12;13;14;15;16;17;18;19;20;21;22;23;24;25;26;27;28;29;30;31;32;33;34;35;36;37;38;39;40;41;42;43;44;45;46;47;48;49;50;51;52;53;54;55;56;57;58;59;60;61
True,216,108,0.7032494106388338,0.0,14.413149311681257,261.0,543.0,0.0,137.0,92.13004630425094,48,12,9,18,0.2,0.35,334.0,0.21620171378028427,0.27583846198877526,0.04315314165174029,0.11931933842650634,36,18,0,119,24,119,0,3,119,0.7659648859265082,0.2570239140832174,6,60,0,0,119,0,0.7659648859265082,nenhuma,92.13004630425094,0.0,100,0,terminal,0.25,01,14,centralizada,j6043_1.sm,2,GOV,0,2.0,0.6,54,0.3333333333333333,0.23076923076923078,0.5825961967649368,60,21,60,60,2;3;4;5;6;7;8;9;10;11;12;13;14;15;16;17;18;19;20;21;22;23;24;25;26;27;28;29;30;31;32;33;34;35;36;37;38;39;40;41;42;43;44;45;46;47;48;49;50;51;52;53;54;55;56;57;58;59;60;61,2;3;4;5;6;7;8;9;10;11;12;13;14;15;16;17;18;19;20;21;22;23;24;25;26;27;28;29;30;31;32;33;34;35;36;37;38;39;40;41;42;43;44;45;46;47;48;49;50;51;52;53;54;55;56;57;58;59;60;61
True,205,108,0.6015689572785776,0.0,5.718929603765769,296.0,523.0,0.0,281.0,65.39326518107967,53,7,6,11,0.11666666666666667,0.21666666666666667,334.0,0.16373151698347047,0.19578821910502894,0.01712254372384961,0.07521712877251169,30,11,0,270,30,270,1,12,269,0.794910294566222,0.24332019624229825,4,60,0,0,269,0,0.794910294566222,nenhuma,65.39326518107967,0.0,70,0,terminal,0.25,01,14,centralizada,j6043_1.sm,3,GOV,0,1.8981481481481481,0.5,41,0.2682926829268293,0.15492957746478872,0.6537811988948411,60,13,60,60,2;3;4;5;6;7;8;9;10;11;12;13;14;15;16;17;18;19;20;21;22;23;24;25;26;27;28;29;30;31;32;33;34;35;36;37;38;39;40;41;42;43;44;45;46;47;48;49;50;51;52;53;54;55;56;57;58;59;60;61,2;3;4;5;6;7;8;9;10;11;12;13;14;15;16;17;18;19;20;21;22;23;24;25;26;27;28;29;30;31;32;33;34;35;36;37;38;39;40;41;42;43;44;45;46;47;48;49;50;51;52;53;54;55;56;57;58;59;60;61
True,161,85,0.702892421457184,0.0,8.361837077177597,287.0,521.0,0.0,151.0,69.22295830121732,53,7,10,20,0.11666666666666667,0.2833333333333333,323.0,0.17648879759877756,0.2143125644000536,0.02588804048661795,0.09339019727595455,33,20,0,131,27,131,21,4,110,0.6268507180531939,0.4857196752206667,16,60,0,0,110,0,0.6268507180531939,nenhuma,69.2229583012173,0.0,76,0,terminal,0.25,01,17,adaptativa,j6010_1.sm,0,GOV,0,1.8941176470588235,0.55,53,0.37735849056603776,0.25,0.5314553821694201,60,17,60,60,2;3;4;5;6;7;8;9;10;11;12;13;14;15;16;17;18;19;20;21;22;23;24;25;26;27;28;29;30;31;32;33;34;35;36;37;38;39;40;41;42;43;44;45;46;47;48;49;50;51;52;53;54;55;56;57;58;59;60;61,2;3;4;5;6;7;8;9;10;11;12;13;14;15;16;17;18;19;20;21;22;23;24;25;26;27;28;29;30;31;32;33;34;35;36;37;38;39;40;41;42;43;44;45;46;47;48;49;50;51;52;53;54;55;56;57;58;59;60;61
True,166,85,0.7700767358113572,0.0,4.0,313.0,497.0,0.0,92.0,56.390227866523,58,2,14,11,0.03333333333333333,0.26666666666666666,323.0,0.1486338437962145,0.1745827488127647,0.01238390092879257,0.0873738483040456,22,11,0,81,38,81,4,13,77,0.6586427040007742,0.39362113220747674,14,60,0,0,77,0,0.6586427040007742,nenhuma,56.390227866523,0.0,63,0,terminal,0.25,01,17,adaptativa,j6010_1.sm,1,GOV,0,1.9529411764705882,0.36666666666666664,33,0.3333333333333333,0.15492957746478872,0.6443716697216433,60,16,60,60,2;3;4;5;6;7;8;9;10;11;12;13;14;15;16;17;18;19;20;21;22;23;24;25;26;27;28;29;30;31;32;33;34;35;36;37;38;39;40;41;42;43;44;45;46;47;48;49;50;51;52;53;54;55;56;57;58;59;60;61,2;3;4;5;6;7;8;9;10;11;12;13;14;15;16;17;18;19;20;21;22;23;24;25;26;27;28;29;30;31;32;33;34;35;36;37;38;39;40;41;42;43;44;45;46;47;48;49;50;51;52;53;54;55;56;57;58;59;60;61
True,159,85,0.751694150397437,0.0,4.5,313.0,515.0,0.0,114.0,56.11907366541077,58,2,14,15,0.03333333333333333,0.26666666666666666,323.0,0.1480249282180361,0.17374326212201477,0.01393188854489164,0.08191141631070316,35,15,0,99,25,99,8,12,91,0.7659648859265082,0.2570239140832174,4,60,0,0,91,0,0.7659648859265082,nenhuma,56.11907366541078,0.0,62,0,terminal,0.25,01,17,adaptativa,j6010_1.sm,2,GOV,0,1.8705882352941177,0.5833333333333334,50,0.3,0.2,0.5575856253537199,60,16,60,60,2;3;4;5;6;7;8;9;10;11;12;13;14;15;16;17;18;19;20;21;22;23;24;25;26;27;28;29;30;31;32;33;34;35;36;37;38;39;40;41;42;43;44;45;46;47;48;49;50;51;52;53;54;55;56;57;58;59;60;61,2;3;4;5;6;7;8;9;10;11;12;13;14;15;16;17;18;19;20;21;22;23;24;25;26;27;28;29;30;31;32;33;34;35;36;37;38;39;40;41;42;43;44;45;46;47;48;49;50;51;52;53;54;55;56;57;58;59;60;61
True,181,85,0.6174834800125939,0.0,12.338670324821248,298.0,503.0,0.0,245.0,66.59669170378616,56,4,12,15,0.06666666666666667,0.26666666666666666,323.0,0.17093751852087138,0.20618170806125746,0.03820021772390479,0.08175418876854816,31,15,0,230,29,230,7,12,223,0.794910294566222,0.24332019624229825,3,60,0,0,223,0,0.794910294566222,nenhuma,66.59669170378618,0.0,74,0,terminal,0.25,01,17,adaptativa,j6010_1.sm,3,GOV,0,2.1294117647058823,0.5166666666666667,46,0.32608695652173914,0.2,0.6670596745593007,60,16,60,60,2;3;4;5;6;7;8;9;10;11;12;13;14;15;16;17;18;19;20;21;22;23;24;25;26;27;28;29;30;31;32;33;34;35;36;37;38;39;40;41;42;43;44;45;46;47;48;49;50;51;52;53;54;55;56;57;58;59;60;61,2;3;4;5;6;7;8;9;10;11;12;13;14;15;16;17;18;19;20;21;22;23;24;25;26;27;28;29;30;31;32;33;34;35;36;37;38;39;40;41;42;43;44;45;46;47;48;49;50;51;52;53;54;55;56;57;58;59;60;61
True,223,76,0.7670828013208472,0.0,5.570331609495368,310.0,522.0,0.0,106.0,52.5002003710202,56,4,8,7,0.06666666666666667,0.2,332.0,0.13654141225507965,0.1581331336476512,0.01677810725751617,0.07714942676342519,28,7,0,99,32,99,11,0,88,0.6268507180531939,0.4857196752206667,18,60,0,0,88,0,0.6268507180531939,nenhuma,52.5002003710202,0.0,57,0,terminal,0.25,01,17,adaptativa,j6021_1.sm,0,GOV,0,2.9342105263157894,0.4666666666666667,35,0.2,0.1044776119402985,0.731323708238958,60,12,60,60,2;3;4;5;6;7;8;9;10;11;12;13;14;15;16;17;18;19;20;21;22;23;24;25;26;27;28;29;30;31;32;33;34;35;36;37;38;39;40;41;42;43;44;45;46;47;48;49;50;51;52;53;54;55;56;57;58;59;60;61,2;3;4;5;6;7;8;9;10;11;12;13;14;15;16;17;18;19;20;21;22;23;24;25;26;27;28;29;30;31;32;33;34;35;36;37;38;39;40;41;42;43;44;45;46;47;48;49;50;51;52;53;54;55;56;57;58;59;60;61
True,248,76,0.7773764055641561,0.0,6.0055555555555555,311.0,545.0,0.0,65.0,91.0760760155612,55,5,20,19,0.08333333333333333,0.4166666666666667,332.0,0.215271156131767,0.274325530167353,0.018089022757697457,0.12990897725846753,29,19,0,46,31,46,1,0,45,0.6586427040007742,0.39362113220747674,17,60,0,0,45,0,0.6586427040007742,nenhuma,91.0760760155612,0.0,102,0,terminal,0.25,01,17,adaptativa,j6021_1.sm,1,GOV,0,3.263157894736842,0.48333333333333334,48,0.3958333333333333,0.24050632911392406,0.6615974786913671,60,25,60,60,2;3;4;5;6;7;8;9;10;11;12;13;14;15;16;17;18;19;20;21;22;23;24;25;26;27;28;29;30;31;32;33;34;35;36;37;38;39;40;41;42;43;44;45;46;47;48;49;50;51;52;53;54;55;56;57;58;59;60;61,2;3;4;5;6;7;8;9;10;11;12;13;14;15;16;17;18;19;20;21;22;23;24;25;26;27;28;29;30;31;32;33;34;35;36;37;38;39;40;41;42;43;44;45;46;47;48;49;50;51;52;53;54;55;56;57;58;59;60;61
True,261,76,0.7654118098146409,0.0,10.957113100626099,320.0,525.0,0.0,78.0,82.9052777447199,58,2,17,17,0.03333333333333333,0.31666666666666665,332.0,0.19981736119473825,0.24971469200216836,0.033003352712729216,0.12086986415575529,36,17,0,61,24,61,2,0,59,0.7659648859265082,0.2570239140832174,6,60,0,0,59,0,0.7659648859265082,nenhuma,82.90527774471987,0.0,90,0,terminal,0.25,01,17,adaptativa,j6021_1.sm,2,GOV,0,3.4342105263157894,0.6,53,0.32075471698113206,0.22077922077922077,0.6812980878905378,60,19,60,60,2;3;4;5;6;7;8;9;10;11;12;13;14;15;16;17;18;19;20;21;22;23;24;25;26;27;28;29;30;31;32;33;34;35;36;37;38;39;40;41;42;43;44;45;46;47;48;49;50;51;52;53;54;55;56;57;58;59;60;61,2;3;4;5;6;7;8;9;10;11;12;13;14;15;16;17;18;19;20;21;22;23;24;25;26;27;28;29;30;31;32;33;34;35;36;37;38;39;40;41;42;43;44;45;46;47;48;49;50;51;52;53;54;55;56;57;58;59;60;61
True,233,76,0.7509531300009264,0.0,5.9136278080279645,303.0,537.0,0.0,110.0,68.09123345599143,57,3,10,14,0.05,0.21666666666666667,332.0,0.17018926625264638,0.20509407667467297,0.01781213195189146,0.09522034430055971,32,14,0,96,28,96,0,0,96,0.794910294566222,0.24332019624229825,2,60,0,0,96,0,0.794910294566222,nenhuma,68.09123345599143,0.0,72,0,terminal,0.25,01,17,adaptativa,j6021_1.sm,3,GOV,0,3.0657894736842106,0.5333333333333333,46,0.30434782608695654,0.1891891891891892,0.6429013706268754,60,13,60,60,2;3;4;5;6;7;8;9;10;11;12;13;14;15;16;17;18;19;20;21;22;23;24;25;26;27;28;29;30;31;32;33;34;35;36;37;38;39;40;41;42;43;44;45;46;47;48;49;50;51;52;53;54;55;56;57;58;59;60;61,2;3;4;5;6;7;8;9;10;11;12;13;14;15;16;17;18;19;20;21;22;23;24;25;26;27;28;29;30;31;32;33;34;35;36;37;38;39;40;41;42;43;44;45;46;47;48;49;50;51;52;53;54;55;56;57;58;59;60;61
True,160,69,0.6978811854460838,0.0,12.706649172437663,303.0,557.0,0.0,166.0,75.13012818789068,54,6,10,13,0.1,0.26666666666666666,337.0,0.1822971024181924,0.2229380658394382,0.03770519042266369,0.09413268029170804,31,13,0,153,29,153,21,18,132,0.6268507180531939,0.4857196752206667,14,60,0,0,132,0,0.6268507180531939,nenhuma,75.13012818789068,0.0,81,0,terminal,0.25,01,17,adaptativa,j6032_1.sm,0,GOV,0,2.318840579710145,0.5166666666666667,44,0.29545454545454547,0.1780821917808219,0.5301503801990937,60,16,60,60,2;3;4;5;6;7;8;9;10;11;12;13;14;15;16;17;18;19;20;21;22;23;24;25;26;27;28;29;30;31;32;33;34;35;36;37;38;39;40;41;42;43;44;45;46;47;48;49;50;51;52;53;54;55;56;57;58;59;60;61,2;3;4;5;6;7;8;9;10;11;12;13;14;15;16;17;18;19;20;21;22;23;24;25;26;27;28;29;30;31;32;33;34;35;36;37;38;39;40;41;42;43;44;45;46;47;48;49;50;51;52;53;54;55;56;57;58;59;60;61
True,166,69,0.6815252802939074,0.0,8.463099363645515,319.0,582.0,0.0,183.0,88.96685468367782,57,3,17,26,0.05,0.3333333333333333,337.0,0.20885863232186092,0.2639966014352458,0.02511305449152972,0.10418068827347225,37,26,0,157,23,157,9,16,148,0.6586427040007742,0.39362113220747674,13,60,0,0,148,0,0.6586427040007742,nenhuma,88.96685468367782,0.0,97,0,terminal,0.25,01,17,adaptativa,j6032_1.sm,1,GOV,0,2.4057971014492754,0.6166666666666667,63,0.4126984126984127,0.3023255813953488,0.4357722953866517,60,20,60,60,2;3;4;5;6;7;8;9;10;11;12;13;14;15;16;17;18;19;20;21;22;23;24;25;26;27;28;29;30;31;32;33;34;35;36;37;38;39;40;41;42;43;44;45;46;47;48;49;50;51;52;53;54;55;56;57;58;59;60;61,2;3;4;5;6;7;8;9;10;11;12;13;14;15;16;17;18;19;20;21;22;23;24;25;26;27;28;29;30;31;32;33;34;35;36;37;38;39;40;41;42;43;44;45;46;47;48;49;50;51;52;53;54;55;56;57;58;59;60;61
True,143,69,0.7897651160451062,0.0,9.84142027780192,312.0,580.0,0.0,71.0,83.39556675338666,56,4,17,14,0.06666666666666667,0.35,337.0,0.19837403947294321,0.24746458977266073,0.029203027530569494,0.11355674043902728,39,14,0,57,21,57,0,8,57,0.7659648859265082,0.2570239140832174,2,60,0,0,57,0,0.7659648859265082,nenhuma,83.39556675338665,0.0,91,0,terminal,0.25,01,17,adaptativa,j6032_1.sm,2,GOV,0,2.072463768115942,0.65,53,0.2641509433962264,0.1891891891891892,0.36448250332813786,60,21,60,60,2;3;4;5;6;7;8;9;10;11;12;13;14;15;16;17;18;19;20;21;22;23;24;25;26;27;28;29;30;31;32;33;34;35;36;37;38;39;40;41;42;43;44;45;46;47;48;49;50;51;52;53;54;55;56;57;58;59;60;61,2;3;4;5;6;7;8;9;10;11;12;13;14;15;16;17;18;19;20;21;22;23;24;25;26;27;28;29;30;31;32;33;34;35;36;37;38;39;40;41;42;43;44;45;46;47;48;49;50;51;52;53;54;55;56;57;58;59;60;61
True,168,69,0.6738307473171209,0.0,15.565637097518398,300.0,577.0,0.0,190.0,89.29811684513399,54,6,12,19,0.1,0.3,337.0,0.20947340210178383,0.2649795752081127,0.04618883411726527,0.10428391127862777,43,19,0,171,17,171,0,6,171,0.794910294566222,0.24332019624229825,0,60,0,0,171,0,0.794910294566222,nenhuma,89.29811684513399,0.0,98,0,terminal,0.25,01,17,adaptativa,j6032_1.sm,3,GOV,0,2.4347826086956523,0.7166666666666667,62,0.3064516129032258,0.24050632911392406,0.43169893202072745,60,18,60,60,2;3;4;5;6;7;8;9;10;11;12;13;14;15;16;17;18;19;20;21;22;23;24;25;26;27;28;29;30;31;32;33;34;35;36;37;38;39;40;41;42;43;44;45;46;47;48;49;50;51;52;53;54;55;56;57;58;59;60;61,2;3;4;5;6;7;8;9;10;11;12;13;14;15;16;17;18;19;20;21;22;23;24;25;26;27;28;29;30;31;32;33;34;35;36;37;38;39;40;41;42;43;44;45;46;47;48;49;50;51;52;53;54;55;56;57;58;59;60;61
True,190,108,0.6913075841916729,0.0,9.484535870549578,316.0,501.0,0.0,162.0,61.713588359956475,57,3,12,11,0.05,0.25,334.0,0.15595519126783028,0.18477122263460022,0.028396813983681372,0.08515583169844482,28,11,0,151,32,151,16,0,135,0.6268507180531939,0.4857196752206667,21,60,0,0,135,0,0.6268507180531939,nenhuma,61.713588359956475,0.0,67,0,terminal,0.25,01,17,adaptativa,j6043_1.sm,0,GOV,0,1.7592592592592593,0.4666666666666667,39,0.28205128205128205,0.15492957746478872,0.6985530276889416,60,15,60,60,2;3;4;5;6;7;8;9;10;11;12;13;14;15;16;17;18;19;20;21;22;23;24;25;26;27;28;29;30;31;32;33;34;35;36;37;38;39;40;41;42;43;44;45;46;47;48;49;50;51;52;53;54;55;56;57;58;59;60;61,2;3;4;5;6;7;8;9;10;11;12;13;14;15;16;17;18;19;20;21;22;23;24;25;26;27;28;29;30;31;32;33;34;35;36;37;38;39;40;41;42;43;44;45;46;47;48;49;50;51;52;53;54;55;56;57;58;59;60;61
True,188,108,0.7064012625287381,0.0,4.890343566210829,314.0,499.0,0.0,156.0,51.39737847254975,57,3,11,13,0.05,0.23333333333333334,334.0,0.13336203447011918,0.15388436668428068,0.014641747204224039,0.07275986581899105,27,13,0,143,33,143,14,3,129,0.6586427040007742,0.39362113220747674,20,60,0,0,129,0,0.6586427040007742,nenhuma,51.39737847254975,0.0,57,0,terminal,0.25,01,17,adaptativa,j6043_1.sm,1,GOV,0,1.7407407407407407,0.45,40,0.325,0.1780821917808219,0.7115861595003674,60,14,60,60,2;3;4;5;6;7;8;9;10;11;12;13;14;15;16;17;18;19;20;21;22;23;24;25;26;27;28;29;30;31;32;33;34;35;36;37;38;39;40;41;42;43;44;45;46;47;48;49;50;51;52;53;54;55;56;57;58;59;60;61,2;3;4;5;6;7;8;9;10;11;12;13;14;15;16;17;18;19;20;21;22;23;24;25;26;27;28;29;30;31;32;33;34;35;36;37;38;39;40;41;42;43;44;45;46;47;48;49;50;51;52;53;54;55;56;57;58;59;60;61
True,197,108,0.7283575732840631,2.220446049250313e-16,5.374915687469082,321.0,541.0,0.0,124.0,77.76704168902393,57,3,15,13,0.05,0.3,334.0,0.1888617441795048,0.23283545415875428,0.016092561938530186,0.10469910123123481,33,13,0,111,27,111,0,6,111,0.7659648859265082,0.2570239140832174,6,60,0,0,111,0,0.7659648859265082,nenhuma,77.76704168902393,0.0,84,0,terminal,0.25,01,17,adaptativa,j6043_1.sm,2,GOV,0,1.8240740740740742,0.55,46,0.2826086956521739,0.1780821917808219,0.5905433846857011,60,18,60,60,2;3;4;5;6;7;8;9;10;11;12;13;14;15;16;17;18;19;20;21;22;23;24;25;26;27;28;29;30;31;32;33;34;35;36;37;38;39;40;41;42;43;44;45;46;47;48;49;50;51;52;53;54;55;56;57;58;59;60;61,2;3;4;5;6;7;8;9;10;11;12;13;14;15;16;17;18;19;20;21;22;23;24;25;26;27;28;29;30;31;32;33;34;35;36;37;38;39;40;41;42;43;44;45;46;47;48;49;50;51;52;53;54;55;56;57;58;59;60;61
True,203,108,0.5849323728994468,0.0,4.102028876422938,319.0,474.0,0.0,278.0,58.35008825111364,56,4,12,10,0.06666666666666667,0.26666666666666666,334.0,0.14871944724469682,0.17470086302728635,0.012281523582104603,0.07200602442956969,31,10,0,268,29,268,5,2,263,0.794910294566222,0.24332019624229825,4,60,0,0,263,0,0.794910294566222,nenhuma,58.35008825111364,0.0,66,0,terminal,0.25,01,17,adaptativa,j6043_1.sm,3,GOV,0,1.8796296296296295,0.5166666666666667,41,0.24390243902439024,0.14285714285714285,0.7539006875334869,60,16,60,60,2;3;4;5;6;7;8;9;10;11;12;13;14;15;16;17;18;19;20;21;22;23;24;25;26;27;28;29;30;31;32;33;34;35;36;37;38;39;40;41;42;43;44;45;46;47;48;49;50;51;52;53;54;55;56;57;58;59;60;61,2;3;4;5;6;7;8;9;10;11;12;13;14;15;16;17;18;19;20;21;22;23;24;25;26;27;28;29;30;31;32;33;34;35;36;37;38;39;40;41;42;43;44;45;46;47;48;49;50;51;52;53;54;55;56;57;58;59;60;61
True,233,85,0.735591566469241,0.0,17.25770727461635,278.0,511.0,0.0,144.0,39.678981235122265,48,12,3,22,0.2,0.25,323.0,0.10940524068969594,0.12284514314279339,0.05342943428673793,0.05711844219696126,35,22,0,122,25,122,22,4,100,0.6268507180531939,0.4857196752206667,16,60,0,0,100,0,0.6268507180531939,nenhuma,39.678981235122265,0.0,46,0,terminal,0.25,01,18,centralizada,j6010_1.sm,0,GOV,0,2.7411764705882353,0.5833333333333334,57,0.38596491228070173,0.2682926829268293,0.6893658550372214,60,15,60,60,2;3;4;5;6;7;8;9;10;11;12;13;14;15;16;17;18;19;20;21;22;23;24;25;26;27;28;29;30;31;32;33;34;35;36;37;38;39;40;41;42;43;44;45;46;47;48;49;50;51;52;53;54;55;56;57;58;59;60;61,2;3;4;5;6;7;8;9;10;11;12;13;14;15;16;17;18;19;20;21;22;23;24;25;26;27;28;29;30;31;32;33;34;35;36;37;38;39;40;41;42;43;44;45;46;47;48;49;50;51;52;53;54;55;56;57;58;59;60;61
True,210,85,0.7886717188449477,1.7763568394002505e-15,25.128905879536525,222.0,513.0,0.0,75.0,62.46075286091933,43,17,0,14,0.2833333333333333,0.2833333333333333,323.0,0.16204179646651654,0.1933769438418555,0.07779847021528336,0.09602539828298388,22,14,0,61,38,61,7,6,54,0.6586427040007742,0.39362113220747674,14,60,0,0,54,0,0.6586427040007742,nenhuma,62.46075286091934,0.0,69,0,terminal,0.25,01,18,centralizada,j6010_1.sm,1,GOV,0,2.4705882352941178,0.36666666666666664,36,0.3888888888888889,0.1891891891891892,0.7222310273671466,60,17,60,60,2;3;4;5;6;7;8;9;10;11;12;13;14;15;16;17;18;19;20;21;22;23;24;25;26;27;28;29;30;31;32;33;34;35;36;37;38;39;40;41;42;43;44;45;46;47;48;49;50;51;52;53;54;55;56;57;58;59;60;61,2;3;4;5;6;7;8;9;10;11;12;13;14;15;16;17;18;19;20;21;22;23;24;25;26;27;28;29;30;31;32;33;34;35;36;37;38;39;40;41;42;43;44;45;46;47;48;49;50;51;52;53;54;55;56;57;58;59;60;61
True,325,85,0.7212874283266593,0.0,28.490017276836348,234.0,536.0,0.0,142.0,65.11568308279786,45,15,1,17,0.25,0.26666666666666666,323.0,0.16777390330013162,0.20159654205200575,0.0882043878539825,0.08762523058680041,26,17,0,125,34,125,8,9,117,0.7659648859265082,0.2570239140832174,4,60,0,0,117,0,0.7659648859265082,nenhuma,65.11568308279787,0.0,71,0,terminal,0.25,01,18,centralizada,j6010_1.sm,2,GOV,0,3.823529411764706,0.43333333333333335,43,0.3953488372093023,0.22077922077922077,0.7980791930424034,60,16,60,60,2;3;4;5;6;7;8;9;10;11;12;13;14;15;16;17;18;19;20;21;22;23;24;25;26;27;28;29;30;31;32;33;34;35;36;37;38;39;40;41;42;43;44;45;46;47;48;49;50;51;52;53;54;55;56;57;58;59;60;61,2;3;4;5;6;7;8;9;10;11;12;13;14;15;16;17;18;19;20;21;22;23;24;25;26;27;28;29;30;31;32;33;34;35;36;37;38;39;40;41;42;43;44;45;46;47;48;49;50;51;52;53;54;55;56;57;58;59;60;61
True,198,85,0.640427356869862,0.0,34.273203463233784,232.0,504.0,0.0,212.0,70.97450162550646,42,18,2,17,0.3,0.3333333333333333,323.0,0.18014998770903062,0.2197352991501748,0.1061089890502594,0.09018653270075164,33,17,0,195,27,195,7,3,188,0.794910294566222,0.24332019624229825,3,60,0,0,188,0,0.794910294566222,nenhuma,70.97450162550646,0.0,82,0,terminal,0.25,01,18,centralizada,j6010_1.sm,3,GOV,0,2.3294117647058825,0.55,50,0.34,0.22077922077922077,0.6588027173005826,60,20,60,60,2;3;4;5;6;7;8;9;10;11;12;13;14;15;16;17;18;19;20;21;22;23;24;25;26;27;28;29;30;31;32;33;34;35;36;37;38;39;40;41;42;43;44;45;46;47;48;49;50;51;52;53;54;55;56;57;58;59;60;61,2;3;4;5;6;7;8;9;10;11;12;13;14;15;16;17;18;19;20;21;22;23;24;25;26;27;28;29;30;31;32;33;34;35;36;37;38;39;40;41;42;43;44;45;46;47;48;49;50;51;52;53;54;55;56;57;58;59;60;61
True,285,76,0.6921068700830015,2.220446049250313e-15,35.71292210819977,222.0,533.0,0.0,144.0,93.11228039981675,43,17,2,12,0.2833333333333333,0.31666666666666665,332.0,0.21902985327134034,0.2804586759030625,0.10756904249457762,0.12090740891896432,30,12,0,132,30,132,10,0,122,0.6268507180531939,0.4857196752206667,18,60,0,0,122,0,0.6268507180531939,nenhuma,93.11228039981675,0.0,101,0,terminal,0.25,01,18,centralizada,j6021_1.sm,0,GOV,0,3.75,0.5,42,0.2857142857142857,0.16666666666666666,0.7286173951314585,60,19,60,60,2;3;4;5;6;7;8;9;10;11;12;13;14;15;16;17;18;19;20;21;22;23;24;25;26;27;28;29;30;31;32;33;34;35;36;37;38;39;40;41;42;43;44;45;46;47;48;49;50;51;52;53;54;55;56;57;58;59;60;61,2;3;4;5;6;7;8;9;10;11;12;13;14;15;16;17;18;19;20;21;22;23;24;25;26;27;28;29;30;31;32;33;34;35;36;37;38;39;40;41;42;43;44;45;46;47;48;49;50;51;52;53;54;55;56;57;58;59;60;61
True,263,76,0.773891584520069,0.0,21.184266866177342,245.0,520.0,0.0,99.0,52.92874351060355,45,15,1,17,0.25,0.26666666666666666,332.0,0.13750270511857873,0.1594239262367577,0.06380803272944982,0.07877136381168712,31,17,0,82,29,82,2,0,80,0.6586427040007742,0.39362113220747674,17,60,0,0,80,0,0.6586427040007742,nenhuma,52.92874351060355,0.0,59,0,terminal,0.25,01,18,centralizada,j6021_1.sm,1,GOV,0,3.460526315789474,0.5166666666666667,48,0.3541666666666667,0.22077922077922077,0.713230115043816,60,16,60,60,2;3;4;5;6;7;8;9;10;11;12;13;14;15;16;17;18;19;20;21;22;23;24;25;26;27;28;29;30;31;32;33;34;35;36;37;38;39;40;41;42;43;44;45;46;47;48;49;50;51;52;53;54;55;56;57;58;59;60;61,2;3;4;5;6;7;8;9;10;11;12;13;14;15;16;17;18;19;20;21;22;23;24;25;26;27;28;29;30;31;32;33;34;35;36;37;38;39;40;41;42;43;44;45;46;47;48;49;50;51;52;53;54;55;56;57;58;59;60;61
True,256,76,0.7514700062278175,1.7763568394002505e-15,38.229856578841016,231.0,520.0,0.0,82.0,89.97705256429832,43,17,3,14,0.2833333333333333,0.3333333333333333,332.0,0.21322735920714114,0.2710152185671636,0.11515017041819584,0.1300289543285652,31,14,0,68,29,68,2,6,66,0.7659648859265082,0.2570239140832174,6,60,0,0,66,0,0.7659648859265082,nenhuma,89.97705256429832,0.0,99,0,terminal,0.25,01,18,centralizada,j6021_1.sm,2,GOV,0,3.3684210526315788,0.5166666666666667,45,0.3111111111111111,0.1891891891891892,0.7218034307967682,60,20,60,60,2;3;4;5;6;7;8;9;10;11;12;13;14;15;16;17;18;19;20;21;22;23;24;25;26;27;28;29;30;31;32;33;34;35;36;37;38;39;40;41;42;43;44;45;46;47;48;49;50;51;52;53;54;55;56;57;58;59;60;61,2;3;4;5;6;7;8;9;10;11;12;13;14;15;16;17;18;19;20;21;22;23;24;25;26;27;28;29;30;31;32;33;34;35;36;37;38;39;40;41;42;43;44;45;46;47;48;49;50;51;52;53;54;55;56;57;58;59;60;61
True,271,76,0.7340734577814423,0.0,26.26983059074127,244.0,543.0,0.0,112.0,84.70798731925936,44,16,5,14,0.26666666666666666,0.35,332.0,0.20327901047493152,0.2551445401182511,0.07912599575524479,0.11451544227100421,33,14,0,98,27,98,0,2,98,0.794910294566222,0.24332019624229825,2,60,0,0,98,0,0.794910294566222,nenhuma,84.70798731925935,0.0,94,0,terminal,0.25,01,18,centralizada,j6021_1.sm,3,GOV,0,3.5657894736842106,0.55,47,0.2978723404255319,0.1891891891891892,0.6945466437470458,60,21,60,60,2;3;4;5;6;7;8;9;10;11;12;13;14;15;16;17;18;19;20;21;22;23;24;25;26;27;28;29;30;31;32;33;34;35;36;37;38;39;40;41;42;43;44;45;46;47;48;49;50;51;52;53;54;55;56;57;58;59;60;61,2;3;4;5;6;7;8;9;10;11;12;13;14;15;16;17;18;19;20;21;22;23;24;25;26;27;28;29;30;31;32;33;34;35;36;37;38;39;40;41;42;43;44;45;46;47;48;49;50;51;52;53;54;55;56;57;58;59;60;61
True,191,69,0.7383464904697176,1.7763568394002505e-15,27.02578376635767,283.0,575.0,0.0,150.0,53.76716070553731,50,10,2,23,0.16666666666666666,0.2,337.0,0.13759385668043267,0.1595464709363125,0.08019520405447379,0.06904138158166047,38,23,0,127,22,127,18,1,109,0.6268507180531939,0.4857196752206667,14,60,0,0,109,0,0.6268507180531939,nenhuma,53.76716070553732,0.0,60,0,terminal,0.25,01,18,centralizada,j6032_1.sm,0,GOV,0,2.7681159420289854,0.6333333333333333,61,0.3770491803278688,0.27710843373493976,0.5489414028738759,60,12,60,60,2;3;4;5;6;7;8;9;10;11;12;13;14;15;16;17;18;19;20;21;22;23;24;25;26;27;28;29;30;31;32;33;34;35;36;37;38;39;40;41;42;43;44;45;46;47;48;49;50;51;52;53;54;55;56;57;58;59;60;61,2;3;4;5;6;7;8;9;10;11;12;13;14;15;16;17;18;19;20;21;22;23;24;25;26;27;28;29;30;31;32;33;34;35;36;37;38;39;40;41;42;43;44;45;46;47;48;49;50;51;52;53;54;55;56;57;58;59;60;61
True,240,69,0.6720311253812081,0.0,39.18877329413182,224.0,573.0,0.0,183.0,96.63907929110735,43,17,4,22,0.2833333333333333,0.35,337.0,0.2228560199165821,0.2867628465611494,0.11628716111018345,0.11334113300489822,33,22,0,161,27,161,13,23,148,0.6586427040007742,0.39362113220747674,13,60,0,0,148,0,0.6586427040007742,nenhuma,96.63907929110734,0.0,104,0,terminal,0.25,01,18,centralizada,j6032_1.sm,1,GOV,0,3.4782608695652173,0.55,55,0.4,0.2682926829268293,0.648459493548162,60,21,60,60,2;3;4;5;6;7;8;9;10;11;12;13;14;15;16;17;18;19;20;21;22;23;24;25;26;27;28;29;30;31;32;33;34;35;36;37;38;39;40;41;42;43;44;45;46;47;48;49;50;51;52;53;54;55;56;57;58;59;60;61,2;3;4;5;6;7;8;9;10;11;12;13;14;15;16;17;18;19;20;21;22;23;24;25;26;27;28;29;30;31;32;33;34;35;36;37;38;39;40;41;42;43;44;45;46;47;48;49;50;51;52;53;54;55;56;57;58;59;60;61
True,271,69,0.7375324846038257,0.0,33.01352605551143,227.0,569.0,0.0,124.0,78.4914419066505,43,17,1,13,0.2833333333333333,0.3,337.0,0.1889122951521234,0.23291229052418544,0.09796298532792708,0.10173987376019118,30,13,0,111,30,111,0,50,111,0.7659648859265082,0.2570239140832174,2,60,0,0,111,0,0.7659648859265082,nenhuma,78.4914419066505,0.0,84,0,terminal,0.25,01,18,centralizada,j6032_1.sm,2,GOV,0,3.927536231884058,0.5,43,0.3023255813953488,0.1780821917808219,0.7317233579254133,60,18,60,60,2;3;4;5;6;7;8;9;10;11;12;13;14;15;16;17;18;19;20;21;22;23;24;25;26;27;28;29;30;31;32;33;34;35;36;37;38;39;40;41;42;43;44;45;46;47;48;49;50;51;52;53;54;55;56;57;58;59;60;61,2;3;4;5;6;7;8;9;10;11;12;13;14;15;16;17;18;19;20;21;22;23;24;25;26;27;28;29;30;31;32;33;34;35;36;37;38;39;40;41;42;43;44;45;46;47;48;49;50;51;52;53;54;55;56;57;58;59;60;61
True,242,69,0.6360055673335585,1.7763568394002505e-15,45.42893927091312,181.0,600.0,0.0,205.0,138.3879683089707,38,22,4,18,0.36666666666666664,0.43333333333333335,337.0,0.29110532351342067,0.4106467902343344,0.13480397409766504,0.14669253049414238,40,18,0,187,20,187,0,12,187,0.794910294566222,0.24332019624229825,0,60,0,0,187,0,0.794910294566222,nenhuma,138.38796830897073,0.0,151,0,terminal,0.25,01,18,centralizada,j6032_1.sm,3,GOV,0,3.5072463768115942,0.6666666666666666,58,0.3103448275862069,0.23076923076923078,0.5601548078732241,60,26,60,60,2;3;4;5;6;7;8;9;10;11;12;13;14;15;16;17;18;19;20;21;22;23;24;25;26;27;28;29;30;31;32;33;34;35;36;37;38;39;40;41;42;43;44;45;46;47;48;49;50;51;52;53;54;55;56;57;58;59;60;61,2;3;4;5;6;7;8;9;10;11;12;13;14;15;16;17;18;19;20;21;22;23;24;25;26;27;28;29;30;31;32;33;34;35;36;37;38;39;40;41;42;43;44;45;46;47;48;49;50;51;52;53;54;55;56;57;58;59;60;61
True,239,108,0.6667531062827552,2.6645352591003757e-15,20.556448495704952,260.0,501.0,0.0,202.0,48.40257357501836,48,12,0,12,0.2,0.2,334.0,0.12657491586029537,0.1449178849551448,0.06154625298115255,0.06441629996651317,29,12,0,190,31,190,33,0,157,0.6268507180531939,0.4857196752206667,21,60,0,0,157,0,0.6268507180531939,nenhuma,48.40257357501836,0.0,51,0,terminal,0.25,01,18,centralizada,j6043_1.sm,0,GOV,0,2.212962962962963,0.48333333333333334,41,0.2926829268292683,0.16666666666666666,0.7471696795874755,60,12,60,60,2;3;4;5;6;7;8;9;10;11;12;13;14;15;16;17;18;19;20;21;22;23;24;25;26;27;28;29;30;31;32;33;34;35;36;37;38;39;40;41;42;43;44;45;46;47;48;49;50;51;52;53;54;55;56;57;58;59;60;61,2;3;4;5;6;7;8;9;10;11;12;13;14;15;16;17;18;19;20;21;22;23;24;25;26;27;28;29;30;31;32;33;34;35;36;37;38;39;40;41;42;43;44;45;46;47;48;49;50;51;52;53;54;55;56;57;58;59;60;61
True,231,108,0.6574956229878691,0.0,15.978399202501787,270.0,489.0,0.0,212.0,42.73118679912808,48,12,2,14,0.2,0.23333333333333334,334.0,0.11342619962576186,0.12793768502732958,0.047839518570364635,0.057455149868105786,28,14,0,198,32,198,14,6,184,0.6586427040007742,0.39362113220747674,20,60,0,0,184,0,0.6586427040007742,nenhuma,42.73118679912809,0.0,48,0,terminal,0.25,01,18,centralizada,j6043_1.sm,1,GOV,0,2.138888888888889,0.4666666666666667,42,0.3333333333333333,0.1891891891891892,0.7804419332102994,60,14,60,60,2;3;4;5;6;7;8;9;10;11;12;13;14;15;16;17;18;19;20;21;22;23;24;25;26;27;28;29;30;31;32;33;34;35;36;37;38;39;40;41;42;43;44;45;46;47;48;49;50;51;52;53;54;55;56;57;58;59;60;61,2;3;4;5;6;7;8;9;10;11;12;13;14;15;16;17;18;19;20;21;22;23;24;25;26;27;28;29;30;31;32;33;34;35;36;37;38;39;40;41;42;43;44;45;46;47;48;49;50;51;52;53;54;55;56;57;58;59;60;61
True,241,108,0.7108361344818738,1.7763568394002505e-15,29.549758288975823,230.0,524.0,0.0,132.0,81.16004938598392,43,17,3,13,0.2833333333333333,0.3333333333333333,334.0,0.19549099077817947,0.24299415983827521,0.08847233020651445,0.11009827438910455,30,13,0,119,30,119,0,4,119,0.7659648859265082,0.2570239140832174,6,60,0,0,119,0,0.7659648859265082,nenhuma,81.16004938598391,0.0,90,0,terminal,0.25,01,18,centralizada,j6043_1.sm,2,GOV,0,2.2314814814814814,0.5,43,0.3023255813953488,0.1780821917808219,0.7072342985570668,60,20,60,60,2;3;4;5;6;7;8;9;10;11;12;13;14;15;16;17;18;19;20;21;22;23;24;25;26;27;28;29;30;31;32;33;34;35;36;37;38;39;40;41;42;43;44;45;46;47;48;49;50;51;52;53;54;55;56;57;58;59;60;61,2;3;4;5;6;7;8;9;10;11;12;13;14;15;16;17;18;19;20;21;22;23;24;25;26;27;28;29;30;31;32;33;34;35;36;37;38;39;40;41;42;43;44;45;46;47;48;49;50;51;52;53;54;55;56;57;58;59;60;61
True,235,108,0.5887233114193373,1.7763568394002505e-15,24.95705706632728,235.0,503.0,0.0,268.0,83.39117195364791,45,15,5,11,0.25,0.3333333333333333,334.0,0.19979141284499582,0.24967416752589194,0.07472172774349485,0.09760303557791444,31,11,0,257,29,257,1,12,256,0.794910294566222,0.24332019624229825,4,60,0,0,256,0,0.794910294566222,nenhuma,83.39117195364791,0.0,92,0,terminal,0.25,01,18,centralizada,j6043_1.sm,3,GOV,0,2.175925925925926,0.5166666666666667,42,0.2619047619047619,0.15492957746478872,0.708441357521725,60,20,60,60,2;3;4;5;6;7;8;9;10;11;12;13;14;15;16;17;18;19;20;21;22;23;24;25;26;27;28;29;30;31;32;33;34;35;36;37;38;39;40;41;42;43;44;45;46;47;48;49;50;51;52;53;54;55;56;57;58;59;60;61,2;3;4;5;6;7;8;9;10;11;12;13;14;15;16;17;18;19;20;21;22;23;24;25;26;27;28;29;30;31;32;33;34;35;36;37;38;39;40;41;42;43;44;45;46;47;48;49;50;51;52;53;54;55;56;57;58;59;60;61
True,183,85,0.6979113297606981,2.6645352591003757e-15,17.129390928217184,244.0,518.0,0.0,146.0,78.21463087239663,46,14,4,19,0.23333333333333334,0.3,323.0,0.19494461281815073,0.24215055997646015,0.05303217005639995,0.10538007150366116,32,19,0,127,28,127,21,4,106,0.6268507180531939,0.4857196752206667,16,60,0,0,106,0,0.6268507180531939,nenhuma,78.21463087239664,0.0,87,0,terminal,0.25,01,19,centralizada,j6010_1.sm,0,GOV,0,2.152941176470588,0.5333333333333333,51,0.37254901960784315,0.24050632911392406,0.5733240206381519,60,18,60,60,2;3;4;5;6;7;8;9;10;11;12;13;14;15;16;17;18;19;20;21;22;23;24;25;26;27;28;29;30;31;32;33;34;35;36;37;38;39;40;41;42;43;44;45;46;47;48;49;50;51;52;53;54;55;56;57;58;59;60;61,2;3;4;5;6;7;8;9;10;11;12;13;14;15;16;17;18;19;20;21;22;23;24;25;26;27;28;29;30;31;32;33;34;35;36;37;38;39;40;41;42;43;44;45;46;47;48;49;50;51;52;53;54;55;56;57;58;59;60;61
True,175,85,0.7620686026354754,0.0,16.594861715288413,210.0,497.0,0.0,81.0,74.17225625254218,41,19,2,16,0.31666666666666665,0.35,323.0,0.18675084949886256,0.2296354682741244,0.05137728085228611,0.1137310818444572,30,16,0,65,30,65,7,6,58,0.6586427040007742,0.39362113220747674,14,60,0,0,58,0,0.6586427040007742,nenhuma,74.17225625254218,0.0,82,0,terminal,0.25,01,19,centralizada,j6010_1.sm,1,GOV,0,2.0588235294117645,0.5,46,0.34782608695652173,0.21052631578947367,0.6297553066946951,60,21,60,60,2;3;4;5;6;7;8;9;10;11;12;13;14;15;16;17;18;19;20;21;22;23;24;25;26;27;28;29;30;31;32;33;34;35;36;37;38;39;40;41;42;43;44;45;46;47;48;49;50;51;52;53;54;55;56;57;58;59;60;61,2;3;4;5;6;7;8;9;10;11;12;13;14;15;16;17;18;19;20;21;22;23;24;25;26;27;28;29;30;31;32;33;34;35;36;37;38;39;40;41;42;43;44;45;46;47;48;49;50;51;52;53;54;55;56;57;58;59;60;61
True,167,85,0.747698519524548,1.7763568394002505e-15,27.60752238972993,230.0,519.0,0.0,107.0,68.13003563257757,46,14,1,14,0.23333333333333334,0.25,323.0,0.1741876854903008,0.21092890288723706,0.08547220554095954,0.09815168935960107,29,14,0,93,31,93,8,10,85,0.7659648859265082,0.2570239140832174,4,60,0,0,85,0,0.7659648859265082,nenhuma,68.13003563257759,0.0,75,0,terminal,0.25,01,19,centralizada,j6010_1.sm,2,GOV,0,1.964705882352941,0.48333333333333334,43,0.32558139534883723,0.1891891891891892,0.5973178609130898,60,15,60,60,2;3;4;5;6;7;8;9;10;11;12;13;14;15;16;17;18;19;20;21;22;23;24;25;26;27;28;29;30;31;32;33;34;35;36;37;38;39;40;41;42;43;44;45;46;47;48;49;50;51;52;53;54;55;56;57;58;59;60;61,2;3;4;5;6;7;8;9;10;11;12;13;14;15;16;17;18;19;20;21;22;23;24;25;26;27;28;29;30;31;32;33;34;35;36;37;38;39;40;41;42;43;44;45;46;47;48;49;50;51;52;53;54;55;56;57;58;59;60;61
True,185,85,0.6474046054130115,3.552713678800501e-15,17.296663289891278,235.0,515.0,0.0,209.0,71.48399207240112,46,14,2,13,0.23333333333333334,0.26666666666666666,323.0,0.1812088538672094,0.22131266895480223,0.05355004114517423,0.08986226345821298,28,13,0,196,32,196,7,5,189,0.794910294566222,0.24332019624229825,3,60,0,0,189,0,0.794910294566222,nenhuma,71.48399207240112,0.0,78,0,terminal,0.25,01,19,centralizada,j6010_1.sm,3,GOV,0,2.176470588235294,0.4666666666666667,41,0.3170731707317073,0.1780821917808219,0.6264141304906786,60,16,60,60,2;3;4;5;6;7;8;9;10;11;12;13;14;15;16;17;18;19;20;21;22;23;24;25;26;27;28;29;30;31;32;33;34;35;36;37;38;39;40;41;42;43;44;45;46;47;48;49;50;51;52;53;54;55;56;57;58;59;60;61,2;3;4;5;6;7;8;9;10;11;12;13;14;15;16;17;18;19;20;21;22;23;24;25;26;27;28;29;30;31;32;33;34;35;36;37;38;39;40;41;42;43;44;45;46;47;48;49;50;51;52;53;54;55;56;57;58;59;60;61
True,226,76,0.7319205655671474,0.0,8.669570876260202,273.0,530.0,0.0,152.0,42.12229541509876,50,10,2,13,0.16666666666666666,0.2,332.0,0.11258964229427423,0.12687438378041796,0.026113165289940368,0.05817014015699159,29,13,0,139,31,139,11,0,128,0.6268507180531939,0.4857196752206667,18,60,0,0,128,0,0.6268507180531939,nenhuma,42.12229541509876,0.0,48,0,terminal,0.25,01,19,centralizada,j6021_1.sm,0,GOV,0,2.973684210526316,0.48333333333333334,42,0.30952380952380953,0.1780821917808219,0.6989311337094386,60,12,60,60,2;3;4;5;6;7;8;9;10;11;12;13;14;15;16;17;18;19;20;21;22;23;24;25;26;27;28;29;30;31;32;33;34;35;36;37;38;39;40;41;42;43;44;45;46;47;48;49;50;51;52;53;54;55;56;57;58;59;60;61,2;3;4;5;6;7;8;9;10;11;12;13;14;15;16;17;18;19;20;21;22;23;24;25;26;27;28;29;30;31;32;33;34;35;36;37;38;39;40;41;42;43;44;45;46;47;48;49;50;51;52;53;54;55;56;57;58;59;60;61
True,285,76,0.7328788080268832,4.440892098500626e-16,15.827169165904222,213.0,519.0,0.0,107.0,82.16619926191419,43,17,3,16,0.2833333333333333,0.3333333333333333,332.0,0.19838943740059575,0.24748855199371744,0.04767219628284404,0.11602671710052224,28,16,0,91,32,91,7,1,84,0.6586427040007742,0.39362113220747674,17,60,0,0,84,0,0.6586427040007742,nenhuma,82.16619926191419,0.0,90,0,terminal,0.25,01,19,centralizada,j6021_1.sm,1,GOV,0,3.75,0.4666666666666667,44,0.36363636363636365,0.21052631578947367,0.7493044320582625,60,20,60,60,2;3;4;5;6;7;8;9;10;11;12;13;14;15;16;17;18;19;20;21;22;23;24;25;26;27;28;29;30;31;32;33;34;35;36;37;38;39;40;41;42;43;44;45;46;47;48;49;50;51;52;53;54;55;56;57;58;59;60;61,2;3;4;5;6;7;8;9;10;11;12;13;14;15;16;17;18;19;20;21;22;23;24;25;26;27;28;29;30;31;32;33;34;35;36;37;38;39;40;41;42;43;44;45;46;47;48;49;50;51;52;53;54;55;56;57;58;59;60;61
True,222,76,0.804950719186242,8.881784197001252e-16,21.450760456281238,241.0,516.0,0.0,57.0,68.03303183783207,45,15,2,13,0.25,0.2833333333333333,332.0,0.17006853540387568,0.20491877059587973,0.06461072426590735,0.10613030601992911,28,13,0,44,32,44,2,0,42,0.7659648859265082,0.2570239140832174,6,60,0,0,42,0,0.7659648859265082,nenhuma,68.03303183783206,0.0,75,0,terminal,0.25,01,19,centralizada,j6021_1.sm,2,GOV,0,2.9210526315789473,0.4666666666666667,41,0.3170731707317073,0.1780821917808219,0.7046641089747847,60,17,60,60,2;3;4;5;6;7;8;9;10;11;12;13;14;15;16;17;18;19;20;21;22;23;24;25;26;27;28;29;30;31;32;33;34;35;36;37;38;39;40;41;42;43;44;45;46;47;48;49;50;51;52;53;54;55;56;57;58;59;60;61,2;3;4;5;6;7;8;9;10;11;12;13;14;15;16;17;18;19;20;21;22;23;24;25;26;27;28;29;30;31;32;33;34;35;36;37;38;39;40;41;42;43;44;45;46;47;48;49;50;51;52;53;54;55;56;57;58;59;60;61
True,243,76,0.7161839484355393,8.881784197001252e-16,14.732710975210207,250.0,547.0,0.0,155.0,61.77025929565799,45,15,3,12,0.25,0.3,332.0,0.15686877776434224,0.18605499787848792,0.044375635467500625,0.0808754446037503,29,12,0,143,31,143,0,0,143,0.794910294566222,0.24332019624229825,2,60,0,0,143,0,0.794910294566222,nenhuma,61.77025929565799,0.0,67,0,terminal,0.25,01,19,centralizada,j6021_1.sm,3,GOV,0,3.1973684210526314,0.48333333333333334,41,0.2926829268292683,0.16666666666666666,0.6982529344285958,60,18,60,60,2;3;4;5;6;7;8;9;10;11;12;13;14;15;16;17;18;19;20;21;22;23;24;25;26;27;28;29;30;31;32;33;34;35;36;37;38;39;40;41;42;43;44;45;46;47;48;49;50;51;52;53;54;55;56;57;58;59;60;61,2;3;4;5;6;7;8;9;10;11;12;13;14;15;16;17;18;19;20;21;22;23;24;25;26;27;28;29;30;31;32;33;34;35;36;37;38;39;40;41;42;43;44;45;46;47;48;49;50;51;52;53;54;55;56;57;58;59;60;61
True,185,69,0.7095817536045825,2.6645352591003757e-15,27.14896954709579,240.0,554.0,0.0,152.0,74.7416089629594,42,18,3,20,0.3,0.35,337.0,0.18152551827639848,0.22178518980106648,0.0805607404958332,0.0957315558757486,33,20,0,132,27,132,16,7,116,0.6268507180531939,0.4857196752206667,14,60,0,0,116,0,0.6268507180531939,nenhuma,74.74160896295942,0.0,82,0,terminal,0.25,01,19,centralizada,j6032_1.sm,0,GOV,0,2.681159420289855,0.55,53,0.37735849056603776,0.25,0.5740633050273912,60,21,60,60,2;3;4;5;6;7;8;9;10;11;12;13;14;15;16;17;18;19;20;21;22;23;24;25;26;27;28;29;30;31;32;33;34;35;36;37;38;39;40;41;42;43;44;45;46;47;48;49;50;51;52;53;54;55;56;57;58;59;60;61,2;3;4;5;6;7;8;9;10;11;12;13;14;15;16;17;18;19;20;21;22;23;24;25;26;27;28;29;30;31;32;33;34;35;36;37;38;39;40;41;42;43;44;45;46;47;48;49;50;51;52;53;54;55;56;57;58;59;60;61
True,158,69,0.7146590072763499,2.886579864025407e-15,18.08277545933811,243.0,587.0,0.0,154.0,80.37074328234736,43,17,3,25,0.2833333333333333,0.3333333333333333,337.0,0.19256439167317801,0.23848885246987347,0.053658087416433554,0.09784953255234197,36,25,0,129,24,129,13,7,116,0.6586427040007742,0.39362113220747674,13,60,0,0,116,0,0.6586427040007742,nenhuma,80.37074328234735,0.0,88,0,terminal,0.25,01,19,centralizada,j6032_1.sm,1,GOV,0,2.289855072463768,0.6,61,0.4098360655737705,0.29411764705882354,0.4176674642716987,60,20,60,60,2;3;4;5;6;7;8;9;10;11;12;13;14;15;16;17;18;19;20;21;22;23;24;25;26;27;28;29;30;31;32;33;34;35;36;37;38;39;40;41;42;43;44;45;46;47;48;49;50;51;52;53;54;55;56;57;58;59;60;61,2;3;4;5;6;7;8;9;10;11;12;13;14;15;16;17;18;19;20;21;22;23;24;25;26;27;28;29;30;31;32;33;34;35;36;37;38;39;40;41;42;43;44;45;46;47;48;49;50;51;52;53;54;55;56;57;58;59;60;61
True,144,69,0.7775954216169269,0.0,25.685316827103865,237.0,581.0,0.0,77.0,89.1751811396631,43,17,4,14,0.2833333333333333,0.35,337.0,0.20924536454984047,0.26461478082986084,0.07621755735045657,0.11934976346998648,37,14,0,63,23,63,0,23,63,0.7659648859265082,0.2570239140832174,2,60,0,0,63,0,0.7659648859265082,nenhuma,89.17518113966308,0.0,96,0,terminal,0.25,01,19,centralizada,j6032_1.sm,2,GOV,0,2.0869565217391304,0.6166666666666667,51,0.27450980392156865,0.1891891891891892,0.38516948528526945,60,21,60,60,2;3;4;5;6;7;8;9;10;11;12;13;14;15;16;17;18;19;20;21;22;23;24;25;26;27;28;29;30;31;32;33;34;35;36;37;38;39;40;41;42;43;44;45;46;47;48;49;50;51;52;53;54;55;56;57;58;59;60;61,2;3;4;5;6;7;8;9;10;11;12;13;14;15;16;17;18;19;20;21;22;23;24;25;26;27;28;29;30;31;32;33;34;35;36;37;38;39;40;41;42;43;44;45;46;47;48;49;50;51;52;53;54;55;56;57;58;59;60;61
True,190,69,0.6533991031080377,3.552713678800501e-15,19.15321448839171,225.0,604.0,0.0,201.0,119.3967387266681,41,19,6,19,0.31666666666666665,0.4166666666666667,337.0,0.26160734421499393,0.35429299325420804,0.056834464357245436,0.1291617913874663,43,19,0,182,17,182,0,9,182,0.794910294566222,0.24332019624229825,0,60,0,0,182,0,0.794910294566222,nenhuma,119.39673872666812,0.0,133,0,terminal,0.25,01,19,centralizada,j6032_1.sm,3,GOV,0,2.753623188405797,0.7166666666666667,62,0.3064516129032258,0.24050632911392406,0.45223576742111454,60,25,60,60,2;3;4;5;6;7;8;9;10;11;12;13;14;15;16;17;18;19;20;21;22;23;24;25;26;27;28;29;30;31;32;33;34;35;36;37;38;39;40;41;42;43;44;45;46;47;48;49;50;51;52;53;54;55;56;57;58;59;60;61,2;3;4;5;6;7;8;9;10;11;12;13;14;15;16;17;18;19;20;21;22;23;24;25;26;27;28;29;30;31;32;33;34;35;36;37;38;39;40;41;42;43;44;45;46;47;48;49;50;51;52;53;54;55;56;57;58;59;60;61
True,217,108,0.6440166575040199,1.7763568394002505e-15,14.212839493989552,279.0,488.0,0.0,228.0,41.74437557456174,51,9,2,5,0.15,0.18333333333333332,334.0,0.11109780555125859,0.12498316040287945,0.042553411658651355,0.055090313990003484,28,5,0,223,32,223,30,3,193,0.6268507180531939,0.4857196752206667,21,60,0,0,193,0,0.6268507180531939,nenhuma,41.74437557456174,0.0,45,0,terminal,0.25,01,19,centralizada,j6043_1.sm,0,GOV,0,2.009259259259259,0.4666666666666667,33,0.15151515151515152,0.07692307692307693,0.7822892196593539,60,11,60,60,2;3;4;5;6;7;8;9;10;11;12;13;14;15;16;17;18;19;20;21;22;23;24;25;26;27;28;29;30;31;32;33;34;35;36;37;38;39;40;41;42;43;44;45;46;47;48;49;50;51;52;53;54;55;56;57;58;59;60;61,2;3;4;5;6;7;8;9;10;11;12;13;14;15;16;17;18;19;20;21;22;23;24;25;26;27;28;29;30;31;32;33;34;35;36;37;38;39;40;41;42;43;44;45;46;47;48;49;50;51;52;53;54;55;56;57;58;59;60;61
True,213,108,0.669099683312251,0.0,14.0,240.0,510.0,0.0,185.0,67.21826540903703,45,15,2,9,0.25,0.2833333333333333,334.0,0.1675354070446141,0.20125229164382344,0.041916167664670656,0.08818768646663827,25,9,0,176,35,176,14,5,162,0.6586427040007742,0.39362113220747674,20,60,0,0,162,0,0.6586427040007742,nenhuma,67.21826540903702,0.0,73,0,terminal,0.25,01,19,centralizada,j6043_1.sm,1,GOV,0,1.9722222222222223,0.4166666666666667,34,0.2647058823529412,0.13043478260869565,0.7315463871061786,60,17,60,60,2;3;4;5;6;7;8;9;10;11;12;13;14;15;16;17;18;19;20;21;22;23;24;25;26;27;28;29;30;31;32;33;34;35;36;37;38;39;40;41;42;43;44;45;46;47;48;49;50;51;52;53;54;55;56;57;58;59;60;61,2;3;4;5;6;7;8;9;10;11;12;13;14;15;16;17;18;19;20;21;22;23;24;25;26;27;28;29;30;31;32;33;34;35;36;37;38;39;40;41;42;43;44;45;46;47;48;49;50;51;52;53;54;55;56;57;58;59;60;61
True,191,108,0.7459902384319754,0.0,19.06195633860862,239.0,507.0,0.0,106.0,66.63355802842958,45,15,1,3,0.25,0.26666666666666666,334.0,0.1663204609128154,0.19950167074380112,0.05707172556469647,0.0980433606335287,27,3,0,103,33,103,0,2,103,0.7659648859265082,0.2570239140832174,6,60,0,0,103,0,0.7659648859265082,nenhuma,66.63355802842958,0.0,73,0,terminal,0.25,01,19,centralizada,j6043_1.sm,2,GOV,0,1.7685185185185186,0.45,30,0.1,0.047619047619047616,0.6933843756642445,60,16,60,60,2;3;4;5;6;7;8;9;10;11;12;13;14;15;16;17;18;19;20;21;22;23;24;25;26;27;28;29;30;31;32;33;34;35;36;37;38;39;40;41;42;43;44;45;46;47;48;49;50;51;52;53;54;55;56;57;58;59;60;61,2;3;4;5;6;7;8;9;10;11;12;13;14;15;16;17;18;19;20;21;22;23;24;25;26;27;28;29;30;31;32;33;34;35;36;37;38;39;40;41;42;43;44;45;46;47;48;49;50;51;52;53;54;55;56;57;58;59;60;61
True,205,108,0.5827949865661066,0.0,16.72279540933661,217.0,520.0,0.0,280.0,92.25201312025395,42,18,3,16,0.3,0.35,334.0,0.21642598810255442,0.27620363209656873,0.05006824972855272,0.10339232835983594,35,16,0,264,25,264,1,27,263,0.794910294566222,0.24332019624229825,4,60,0,0,263,0,0.794910294566222,nenhuma,92.25201312025395,0.0,100,0,terminal,0.25,01,19,centralizada,j6043_1.sm,3,GOV,0,1.8981481481481481,0.5833333333333334,51,0.3137254901960784,0.21052631578947367,0.6099672140099996,60,21,60,60,2;3;4;5;6;7;8;9;10;11;12;13;14;15;16;17;18;19;20;21;22;23;24;25;26;27;28;29;30;31;32;33;34;35;36;37;38;39;40;41;42;43;44;45;46;47;48;49;50;51;52;53;54;55;56;57;58;59;60;61,2;3;4;5;6;7;8;9;10;11;12;13;14;15;16;17;18;19;20;21;22;23;24;25;26;27;28;29;30;31;32;33;34;35;36;37;38;39;40;41;42;43;44;45;46;47;48;49;50;51;52;53;54;55;56;57;58;59;60;61
True,122,85,0.6891758845419019,0.0,6.063558310336731,296.0,385.0,103.0,43.0,27.63823536993184,56,4,3,8,0.06666666666666667,0.11666666666666667,323.0,0.07882265133114429,0.08556729216697165,0.018772626347791737,0.0494742995019482,18,8,103,35,42,138,6,3,0,0.6268507180531939,0.4857196752206667,16,60,132,29,0,103,0.6268507180531939,nenhuma,27.63823536993184,0.0,31,0,terminal,0.9483413842927102,01,31,adaptativa,j6010_1.sm,0,GOV,0,1.4352941176470588,0.3,26,0.3076923076923077,0.11764705882352941,0.7805497553459304,60,7,60,60,2;3;4;5;6;7;8;9;10;11;12;13;14;15;16;17;18;19;20;21;22;23;24;25;26;27;28;29;30;31;32;33;34;35;36;37;38;39;40;41;42;43;44;45;46;47;48;49;50;51;52;53;54;55;56;57;58;59;60;61,2;3;4;5;6;7;8;9;10;11;12;13;14;15;16;17;18;19;20;21;22;23;24;25;26;27;28;29;30;31;32;33;34;35;36;37;38;39;40;41;42;43;44;45;46;47;48;49;50;51;52;53;54;55;56;57;58;59;60;61
True,113,85,0.7251201489297998,0.0,10.5,300.0,380.0,69.0,44.0,31.051083893944444,56,4,8,10,0.06666666666666667,0.2,323.0,0.08770227039679324,0.09613338666855865,0.032507739938080496,0.059252017309496585,22,10,69,34,38,103,9,7,0,0.6586427040007742,0.39362113220747674,14,60,94,25,0,69,0.6586427040007742,nenhuma,31.051083893944444,0.0,33,0,terminal,0.9158333333333334,01,31,adaptativa,j6010_1.sm,1,GOV,0,1.3294117647058823,0.36666666666666664,32,0.3125,0.14285714285714285,0.7745109277679223,60,12,60,60,2;3;4;5;6;7;8;9;10;11;12;13;14;15;16;17;18;19;20;21;22;23;24;25;26;27;28;29;30;31;32;33;34;35;36;37;38;39;40;41;42;43;44;45;46;47;48;49;50;51;52;53;54;55;56;57;58;59;60;61,2;3;4;5;6;7;8;9;10;11;12;13;14;15;16;17;18;19;20;21;22;23;24;25;26;27;28;29;30;31;32;33;34;35;36;37;38;39;40;41;42;43;44;45;46;47;48;49;50;51;52;53;54;55;56;57;58;59;60;61
True,140,85,0.7015653233437228,0.0,11.72776734808052,276.0,409.0,72.0,35.0,66.98206366681522,52,8,9,8,0.13333333333333333,0.2833333333333333,323.0,0.17175678039398745,0.207374810113979,0.036308877238639375,0.11489558228518106,24,8,72,27,36,99,8,2,0,0.7659648859265082,0.2570239140832174,4,60,91,19,0,72,0.7659648859265082,nenhuma,66.9820636668152,0.0,74,0,terminal,0.9191666666666666,01,31,adaptativa,j6010_1.sm,2,GOV,0,1.6470588235294117,0.4,32,0.25,0.11764705882352941,0.6879340440688471,60,17,60,60,2;3;4;5;6;7;8;9;10;11;12;13;14;15;16;17;18;19;20;21;22;23;24;25;26;27;28;29;30;31;32;33;34;35;36;37;38;39;40;41;42;43;44;45;46;47;48;49;50;51;52;53;54;55;56;57;58;59;60;61,2;3;4;5;6;7;8;9;10;11;12;13;14;15;16;17;18;19;20;21;22;23;24;25;26;27;28;29;30;31;32;33;34;35;36;37;38;39;40;41;42;43;44;45;46;47;48;49;50;51;52;53;54;55;56;57;58;59;60;61
True,146,85,0.6566575546276135,0.0,7.577026245811435,277.0,399.0,104.0,49.0,55.62264469228631,54,6,8,6,0.1,0.23333333333333334,323.0,0.14690786584487536,0.17220633031667587,0.023458285590747478,0.09154142818435422,19,6,104,43,41,147,6,5,0,0.794910294566222,0.24332019624229825,3,60,141,37,0,104,0.794910294566222,nenhuma,55.62264469228631,0.0,60,0,terminal,0.9050074039995883,01,31,adaptativa,j6010_1.sm,3,GOV,0,1.7176470588235293,0.31666666666666665,25,0.24,0.09090909090909091,0.7418959749668809,60,14,60,60,2;3;4;5;6;7;8;9;10;11;12;13;14;15;16;17;18;19;20;21;22;23;24;25;26;27;28;29;30;31;32;33;34;35;36;37;38;39;40;41;42;43;44;45;46;47;48;49;50;51;52;53;54;55;56;57;58;59;60;61,2;3;4;5;6;7;8;9;10;11;12;13;14;15;16;17;18;19;20;21;22;23;24;25;26;27;28;29;30;31;32;33;34;35;36;37;38;39;40;41;42;43;44;45;46;47;48;49;50;51;52;53;54;55;56;57;58;59;60;61
True,183,76,0.7340232030150212,0.0,9.5,277.0,413.0,63.0,31.0,55.65251330419908,51,9,5,7,0.15,0.23333333333333334,332.0,0.14356288530116504,0.16762805212108156,0.0286144578313253,0.09891098322369078,28,7,63,24,32,87,13,0,0,0.6268507180531939,0.4857196752206667,18,60,74,11,0,63,0.6268507180531939,nenhuma,55.65251330419908,0.0,61,0,terminal,0.9317087215670378,01,31,adaptativa,j6021_1.sm,0,GOV,0,2.4078947368421053,0.4666666666666667,35,0.2,0.1044776119402985,0.7660520362196813,60,14,60,60,2;3;4;5;6;7;8;9;10;11;12;13;14;15;16;17;18;19;20;21;22;23;24;25;26;27;28;29;30;31;32;33;34;35;36;37;38;39;40;41;42;43;44;45;46;47;48;49;50;51;52;53;54;55;56;57;58;59;60;61,2;3;4;5;6;7;8;9;10;11;12;13;14;15;16;17;18;19;20;21;22;23;24;25;26;27;28;29;30;31;32;33;34;35;36;37;38;39;40;41;42;43;44;45;46;47;48;49;50;51;52;53;54;55;56;57;58;59;60;61
True,183,76,0.7140539651790193,0.0,5.787211057025869,302.0,418.0,74.0,33.0,60.38992903036949,55,5,13,9,0.08333333333333333,0.3,332.0,0.15390285163433828,0.18189737659749847,0.017431358605499603,0.10316188583974857,25,9,74,24,35,98,9,0,0,0.6586427040007742,0.39362113220747674,17,60,89,15,0,74,0.6586427040007742,nenhuma,60.38992903036949,0.0,66,0,terminal,0.8810874215313372,01,31,adaptativa,j6021_1.sm,1,GOV,0,2.4078947368421053,0.4166666666666667,34,0.2647058823529412,0.13043478260869565,0.7640082004479056,60,18,60,60,2;3;4;5;6;7;8;9;10;11;12;13;14;15;16;17;18;19;20;21;22;23;24;25;26;27;28;29;30;31;32;33;34;35;36;37;38;39;40;41;42;43;44;45;46;47;48;49;50;51;52;53;54;55;56;57;58;59;60;61,2;3;4;5;6;7;8;9;10;11;12;13;14;15;16;17;18;19;20;21;22;23;24;25;26;27;28;29;30;31;32;33;34;35;36;37;38;39;40;41;42;43;44;45;46;47;48;49;50;51;52;53;54;55;56;57;58;59;60;61
True,206,76,0.8197005597462234,1.7763568394002505e-15,12.735714197159314,277.0,461.0,24.0,18.0,59.40049432529858,51,9,7,6,0.15,0.26666666666666666,332.0,0.1517639736957766,0.17891715158222465,0.03836058493120276,0.10561956279316619,25,6,24,12,35,36,4,0,0,0.7659648859265082,0.2570239140832174,6,60,32,8,0,24,0.7659648859265082,nenhuma,59.40049432529858,0.0,66,0,terminal,0.7774524767382571,01,31,adaptativa,j6021_1.sm,2,GOV,0,2.710526315789474,0.4166666666666667,31,0.1935483870967742,0.09090909090909091,0.7443317397657829,60,16,60,60,2;3;4;5;6;7;8;9;10;11;12;13;14;15;16;17;18;19;20;21;22;23;24;25;26;27;28;29;30;31;32;33;34;35;36;37;38;39;40;41;42;43;44;45;46;47;48;49;50;51;52;53;54;55;56;57;58;59;60;61,2;3;4;5;6;7;8;9;10;11;12;13;14;15;16;17;18;19;20;21;22;23;24;25;26;27;28;29;30;31;32;33;34;35;36;37;38;39;40;41;42;43;44;45;46;47;48;49;50;51;52;53;54;55;56;57;58;59;60;61
True,221,76,0.6410990939957092,0.0,26.07040182496167,261.0,436.0,101.0,39.0,104.08207168503361,48,12,12,18,0.2,0.4,332.0,0.2386754201631301,0.3135002159187759,0.07852530670169178,0.15304339875796216,28,18,101,21,32,122,0,0,0,0.794910294566222,0.24332019624229825,2,60,122,21,0,101,0.794910294566222,nenhuma,104.08207168503361,0.0,114,0,terminal,0.9208333333333334,01,31,adaptativa,j6021_1.sm,3,GOV,0,2.9078947368421053,0.4666666666666667,46,0.391304347826087,0.23076923076923078,0.7161904019777524,60,24,60,60,2;3;4;5;6;7;8;9;10;11;12;13;14;15;16;17;18;19;20;21;22;23;24;25;26;27;28;29;30;31;32;33;34;35;36;37;38;39;40;41;42;43;44;45;46;47;48;49;50;51;52;53;54;55;56;57;58;59;60;61,2;3;4;5;6;7;8;9;10;11;12;13;14;15;16;17;18;19;20;21;22;23;24;25;26;27;28;29;30;31;32;33;34;35;36;37;38;39;40;41;42;43;44;45;46;47;48;49;50;51;52;53;54;55;56;57;58;59;60;61
True,149,69,0.7026882668763244,0.0,12.140190459788862,285.0,465.0,79.0,50.0,67.74436363805356,52,8,7,9,0.13333333333333333,0.25,337.0,0.1673756813538597,0.20102185055802244,0.03602430403498179,0.10237240747411472,23,9,79,41,37,120,8,14,0,0.6268507180531939,0.4857196752206667,14,60,112,33,0,79,0.6268507180531939,nenhuma,67.74436363805356,0.0,76,0,terminal,0.9331875498961075,01,31,adaptativa,j6032_1.sm,0,GOV,0,2.1594202898550723,0.38333333333333336,32,0.28125,0.13043478260869565,0.6184433080158369,60,15,60,60,2;3;4;5;6;7;8;9;10;11;12;13;14;15;16;17;18;19;20;21;22;23;24;25;26;27;28;29;30;31;32;33;34;35;36;37;38;39;40;41;42;43;44;45;46;47;48;49;50;51;52;53;54;55;56;57;58;59;60;61,2;3;4;5;6;7;8;9;10;11;12;13;14;15;16;17;18;19;20;21;22;23;24;25;26;27;28;29;30;31;32;33;34;35;36;37;38;39;40;41;42;43;44;45;46;47;48;49;50;51;52;53;54;55;56;57;58;59;60;61
True,118,69,0.7568208987890481,0.0,8.020880606503844,286.0,455.0,39.0,51.0,56.19904290172631,51,9,5,12,0.15,0.23333333333333334,337.0,0.14292772049237246,0.16676273858079024,0.023800832660248798,0.09347826408784347,26,12,39,39,34,78,8,19,0,0.6586427040007742,0.39362113220747674,13,60,70,31,0,39,0.6586427040007742,nenhuma,56.19904290172631,0.0,63,0,terminal,0.8973483943395877,01,31,adaptativa,j6032_1.sm,1,GOV,0,1.710144927536232,0.43333333333333335,38,0.3157894736842105,0.16666666666666666,0.5534432207776223,60,14,60,60,2;3;4;5;6;7;8;9;10;11;12;13;14;15;16;17;18;19;20;21;22;23;24;25;26;27;28;29;30;31;32;33;34;35;36;37;38;39;40;41;42;43;44;45;46;47;48;49;50;51;52;53;54;55;56;57;58;59;60;61,2;3;4;5;6;7;8;9;10;11;12;13;14;15;16;17;18;19;20;21;22;23;24;25;26;27;28;29;30;31;32;33;34;35;36;37;38;39;40;41;42;43;44;45;46;47;48;49;50;51;52;53;54;55;56;57;58;59;60;61
True,154,69,0.6839013040279809,0.0,9.100106852413674,290.0,469.0,79.0,73.0,64.77146620093518,52,8,8,10,0.13333333333333333,0.26666666666666666,337.0,0.16121469952408587,0.19220019644194417,0.027003284428527223,0.09445051215058392,28,10,79,63,32,142,0,20,0,0.7659648859265082,0.2570239140832174,2,60,142,63,0,79,0.7659648859265082,nenhuma,64.77146620093518,0.0,72,0,terminal,0.7304552477277048,01,31,adaptativa,j6032_1.sm,2,GOV,0,2.2318840579710146,0.4666666666666667,38,0.2631578947368421,0.14285714285714285,0.6322867714220332,60,16,60,60,2;3;4;5;6;7;8;9;10;11;12;13;14;15;16;17;18;19;20;21;22;23;24;25;26;27;28;29;30;31;32;33;34;35;36;37;38;39;40;41;42;43;44;45;46;47;48;49;50;51;52;53;54;55;56;57;58;59;60;61,2;3;4;5;6;7;8;9;10;11;12;13;14;15;16;17;18;19;20;21;22;23;24;25;26;27;28;29;30;31;32;33;34;35;36;37;38;39;40;41;42;43;44;45;46;47;48;49;50;51;52;53;54;55;56;57;58;59;60;61
True,168,69,0.614603101198122,8.881784197001252e-16,19.25196672860338,212.0,507.0,142.0,68.0,107.92261918568595,41,19,4,20,0.31666666666666665,0.38333333333333336,337.0,0.24256491922844914,0.3202451607883856,0.05712749771098926,0.1308275669446677,36,20,142,48,24,190,0,9,8,0.794910294566222,0.24332019624229825,0,60,182,40,8,142,0.794910294566222,nenhuma,107.92261918568595,0.0,116,0,terminal,0.7816666666666666,01,31,adaptativa,j6032_1.sm,3,GOV,0,2.4347826086956523,0.6,56,0.35714285714285715,0.25,0.5073412218904162,60,23,60,60,2;3;4;5;6;7;8;9;10;11;12;13;14;15;16;17;18;19;20;21;22;23;24;25;26;27;28;29;30;31;32;33;34;35;36;37;38;39;40;41;42;43;44;45;46;47;48;49;50;51;52;53;54;55;56;57;58;59;60;61,2;3;4;5;6;7;8;9;10;11;12;13;14;15;16;17;18;19;20;21;22;23;24;25;26;27;28;29;30;31;32;33;34;35;36;37;38;39;40;41;42;43;44;45;46;47;48;49;50;51;52;53;54;55;56;57;58;59;60;61
True,199,108,0.580264022776082,0.0,8.204475854564523,290.0,373.0,177.0,56.0,36.810833274660666,54,6,2,2,0.1,0.13333333333333333,334.0,0.09927119159270832,0.11021207567263673,0.024564298965762045,0.05726542144153956,20,2,177,54,40,231,22,0,0,0.6268507180531939,0.4857196752206667,21,60,209,32,0,177,0.6268507180531939,nenhuma,36.810833274660666,0.0,40,0,terminal,0.9191666666666668,01,31,adaptativa,j6043_1.sm,0,GOV,0,1.8425925925925926,0.3333333333333333,22,0.09090909090909091,0.03225806451612903,0.9170046704022718,60,8,60,60,2;3;4;5;6;7;8;9;10;11;12;13;14;15;16;17;18;19;20;21;22;23;24;25;26;27;28;29;30;31;32;33;34;35;36;37;38;39;40;41;42;43;44;45;46;47;48;49;50;51;52;53;54;55;56;57;58;59;60;61,2;3;4;5;6;7;8;9;10;11;12;13;14;15;16;17;18;19;20;21;22;23;24;25;26;27;28;29;30;31;32;33;34;35;36;37;38;39;40;41;42;43;44;45;46;47;48;49;50;51;52;53;54;55;56;57;58;59;60;61
True,161,108,0.5356965787690138,0.0,8.5,295.0,369.0,209.0,62.0,48.822767634490724,53,7,8,4,0.11666666666666667,0.25,334.0,0.12753360500518987,0.14617595100146924,0.025449101796407185,0.07087856256864829,18,4,209,58,42,267,28,0,0,0.6586427040007742,0.39362113220747674,20,60,239,30,0,209,0.6586427040007742,nenhuma,48.822767634490724,0.0,52,0,terminal,0.9208333333333334,01,31,adaptativa,j6043_1.sm,1,GOV,0,1.4907407407407407,0.3,22,0.18181818181818182,0.0625,0.9024609654846915,60,15,60,60,2;3;4;5;6;7;8;9;10;11;12;13;14;15;16;17;18;19;20;21;22;23;24;25;26;27;28;29;30;31;32;33;34;35;36;37;38;39;40;41;42;43;44;45;46;47;48;49;50;51;52;53;54;55;56;57;58;59;60;61,2;3;4;5;6;7;8;9;10;11;12;13;14;15;16;17;18;19;20;21;22;23;24;25;26;27;28;29;30;31;32;33;34;35;36;37;38;39;40;41;42;43;44;45;46;47;48;49;50;51;52;53;54;55;56;57;58;59;60;61
True,181,108,0.6059267263948388,0.0,9.31407673754784,279.0,408.0,133.0,60.0,72.34874371284262,53,7,8,7,0.11666666666666667,0.25,334.0,0.17804593918953968,0.2166130051282713,0.027886457298047423,0.10744617018799485,23,7,133,53,37,186,3,8,0,0.7659648859265082,0.2570239140832174,6,60,183,50,0,133,0.7659648859265082,nenhuma,72.34874371284262,0.0,78,0,terminal,0.8412499995747926,01,31,adaptativa,j6043_1.sm,2,GOV,0,1.6759259259259258,0.38333333333333336,30,0.23333333333333334,0.1044776119402985,0.7485886350454999,60,15,60,60,2;3;4;5;6;7;8;9;10;11;12;13;14;15;16;17;18;19;20;21;22;23;24;25;26;27;28;29;30;31;32;33;34;35;36;37;38;39;40;41;42;43;44;45;46;47;48;49;50;51;52;53;54;55;56;57;58;59;60;61,2;3;4;5;6;7;8;9;10;11;12;13;14;15;16;17;18;19;20;21;22;23;24;25;26;27;28;29;30;31;32;33;34;35;36;37;38;39;40;41;42;43;44;45;46;47;48;49;50;51;52;53;54;55;56;57;58;59;60;61
True,166,108,0.5568943650635443,0.0,12.5,273.0,400.0,177.0,68.0,73.26907416159281,52,8,11,11,0.13333333333333333,0.31666666666666665,334.0,0.17990335827100323,0.21936848551375093,0.0374251497005988,0.10200783633503491,28,11,177,57,32,234,0,1,14,0.794910294566222,0.24332019624229825,4,60,220,43,14,177,0.794910294566222,nenhuma,73.2690741615928,0.0,81,0,terminal,0.8242391987685647,01,31,adaptativa,j6043_1.sm,3,GOV,0,1.537037037037037,0.4666666666666667,39,0.28205128205128205,0.15492957746478872,0.7454839628249303,60,19,60,60,2;3;4;5;6;7;8;9;10;11;12;13;14;15;16;17;18;19;20;21;22;23;24;25;26;27;28;29;30;31;32;33;34;35;36;37;38;39;40;41;42;43;44;45;46;47;48;49;50;51;52;53;54;55;56;57;58;59;60;61,2;3;4;5;6;7;8;9;10;11;12;13;14;15;16;17;18;19;20;21;22;23;24;25;26;27;28;29;30;31;32;33;34;35;36;37;38;39;40;41;42;43;44;45;46;47;48;49;50;51;52;53;54;55;56;57;58;59;60;61
True,135,85,0.6540352994204602,0.0,4.0,309.0,384.0,118.0,48.0,37.12427347615924,57,3,8,7,0.05,0.18333333333333332,323.0,0.1030873956865252,0.11493583119553943,0.01238390092879257,0.06323069093423661,19,7,118,41,41,159,11,3,0,0.6268507180531939,0.4857196752206667,16,60,148,30,0,118,0.6268507180531939,nenhuma,37.12427347615924,0.0,41,0,terminal,0.9936867067749272,01,34,adaptativa,j6010_1.sm,0,GOV,0,1.588235294117647,0.31666666666666665,26,0.2692307692307692,0.1044776119402985,0.8093885299407079,60,11,60,60,2;3;4;5;6;7;8;9;10;11;12;13;14;15;16;17;18;19;20;21;22;23;24;25;26;27;28;29;30;31;32;33;34;35;36;37;38;39;40;41;42;43;44;45;46;47;48;49;50;51;52;53;54;55;56;57;58;59;60;61,2;3;4;5;6;7;8;9;10;11;12;13;14;15;16;17;18;19;20;21;22;23;24;25;26;27;28;29;30;31;32;33;34;35;36;37;38;39;40;41;42;43;44;45;46;47;48;49;50;51;52;53;54;55;56;57;58;59;60;61
True,128,85,0.7522476222101164,0.0,7.965500306917348,289.0,410.0,41.0,32.0,62.03329474862681,55,5,14,3,0.08333333333333333,0.31666666666666665,323.0,0.16111150800381022,0.1920535441133957,0.024660991662282812,0.1138156060305215,16,3,41,29,44,70,4,7,0,0.6586427040007742,0.39362113220747674,14,60,66,25,0,41,0.6586427040007742,nenhuma,62.03329474862681,0.0,66,0,terminal,0.8435791974168492,01,34,adaptativa,j6010_1.sm,1,GOV,0,1.5058823529411764,0.26666666666666666,19,0.15789473684210525,0.047619047619047616,0.7459388721526672,60,19,60,60,2;3;4;5;6;7;8;9;10;11;12;13;14;15;16;17;18;19;20;21;22;23;24;25;26;27;28;29;30;31;32;33;34;35;36;37;38;39;40;41;42;43;44;45;46;47;48;49;50;51;52;53;54;55;56;57;58;59;60;61,2;3;4;5;6;7;8;9;10;11;12;13;14;15;16;17;18;19;20;21;22;23;24;25;26;27;28;29;30;31;32;33;34;35;36;37;38;39;40;41;42;43;44;45;46;47;48;49;50;51;52;53;54;55;56;57;58;59;60;61
True,140,85,0.6859476699807652,0.0,4.850983627492545,304.0,408.0,64.0,55.0,67.79755942817154,56,4,15,15,0.06666666666666667,0.31666666666666665,323.0,0.17348511471610842,0.20989956479310073,0.01501852516251562,0.11398425960817825,28,15,64,40,32,104,8,15,0,0.7659648859265082,0.2570239140832174,4,60,96,32,0,64,0.7659648859265082,nenhuma,67.79755942817154,0.0,77,0,terminal,0.9158333333333334,01,34,adaptativa,j6010_1.sm,2,GOV,0,1.6470588235294117,0.4666666666666667,43,0.3488372093023256,0.2,0.5704234361248477,60,19,60,60,2;3;4;5;6;7;8;9;10;11;12;13;14;15;16;17;18;19;20;21;22;23;24;25;26;27;28;29;30;31;32;33;34;35;36;37;38;39;40;41;42;43;44;45;46;47;48;49;50;51;52;53;54;55;56;57;58;59;60;61,2;3;4;5;6;7;8;9;10;11;12;13;14;15;16;17;18;19;20;21;22;23;24;25;26;27;28;29;30;31;32;33;34;35;36;37;38;39;40;41;42;43;44;45;46;47;48;49;50;51;52;53;54;55;56;57;58;59;60;61
True,146,85,0.5746895456759669,0.0,8.177624539039527,287.0,395.0,154.0,72.0,66.32762405724516,54,6,9,14,0.1,0.25,323.0,0.17036454635824305,0.2053486812917807,0.025317723031082127,0.09650073958284697,23,14,154,58,37,212,4,6,0,0.794910294566222,0.24332019624229825,3,60,208,54,0,154,0.794910294566222,nenhuma,66.32762405724517,0.0,72,0,terminal,0.8952382682011709,01,34,adaptativa,j6010_1.sm,3,GOV,0,1.7176470588235293,0.38333333333333336,37,0.3783783783783784,0.1891891891891892,0.7319080927221207,60,15,60,60,2;3;4;5;6;7;8;9;10;11;12;13;14;15;16;17;18;19;20;21;22;23;24;25;26;27;28;29;30;31;32;33;34;35;36;37;38;39;40;41;42;43;44;45;46;47;48;49;50;51;52;53;54;55;56;57;58;59;60;61,2;3;4;5;6;7;8;9;10;11;12;13;14;15;16;17;18;19;20;21;22;23;24;25;26;27;28;29;30;31;32;33;34;35;36;37;38;39;40;41;42;43;44;45;46;47;48;49;50;51;52;53;54;55;56;57;58;59;60;61
True,188,76,0.7088606183168199,0.0,6.226652407358719,321.0,413.0,86.0,31.0,52.6251160357349,57,3,8,7,0.05,0.18333333333333332,332.0,0.1368218398687349,0.1585093856498039,0.018754977130598552,0.09032414598567902,26,7,86,24,34,110,13,0,0,0.6268507180531939,0.4857196752206667,18,60,97,11,0,86,0.6268507180531939,nenhuma,52.6251160357349,0.0,57,0,terminal,0.9158333333333334,01,34,adaptativa,j6021_1.sm,0,GOV,0,2.473684210526316,0.43333333333333335,33,0.21212121212121213,0.1044776119402985,0.7871435818395055,60,11,60,60,2;3;4;5;6;7;8;9;10;11;12;13;14;15;16;17;18;19;20;21;22;23;24;25;26;27;28;29;30;31;32;33;34;35;36;37;38;39;40;41;42;43;44;45;46;47;48;49;50;51;52;53;54;55;56;57;58;59;60;61,2;3;4;5;6;7;8;9;10;11;12;13;14;15;16;17;18;19;20;21;22;23;24;25;26;27;28;29;30;31;32;33;34;35;36;37;38;39;40;41;42;43;44;45;46;47;48;49;50;51;52;53;54;55;56;57;58;59;60;61
True,182,76,0.7269947713859715,0.0,4.5,316.0,407.0,66.0,35.0,51.83896448674481,58,2,15,8,0.03333333333333333,0.2833333333333333,332.0,0.13505394001899193,0.15614145929742412,0.01355421686746988,0.09259620672217822,24,8,66,27,36,93,7,0,0,0.6586427040007742,0.39362113220747674,17,60,86,20,0,66,0.6586427040007742,nenhuma,51.83896448674481,0.0,59,0,terminal,0.8499603115768773,01,34,adaptativa,j6021_1.sm,1,GOV,0,2.3947368421052633,0.4,32,0.25,0.11764705882352941,0.7983179568696697,60,17,60,60,2;3;4;5;6;7;8;9;10;11;12;13;14;15;16;17;18;19;20;21;22;23;24;25;26;27;28;29;30;31;32;33;34;35;36;37;38;39;40;41;42;43;44;45;46;47;48;49;50;51;52;53;54;55;56;57;58;59;60;61,2;3;4;5;6;7;8;9;10;11;12;13;14;15;16;17;18;19;20;21;22;23;24;25;26;27;28;29;30;31;32;33;34;35;36;37;38;39;40;41;42;43;44;45;46;47;48;49;50;51;52;53;54;55;56;57;58;59;60;61
True,204,76,0.783025244178489,0.0,11.691719159637948,302.0,465.0,38.0,25.0,65.85058586183227,55,5,11,12,0.08333333333333333,0.26666666666666666,332.0,0.16551587003242776,0.19834513813804902,0.03521602156517454,0.11088746467474789,29,12,38,13,31,51,3,1,0,0.7659648859265082,0.2570239140832174,6,60,48,10,0,38,0.7659648859265082,nenhuma,65.85058586183227,0.0,73,0,terminal,0.8748587711039494,01,34,adaptativa,j6021_1.sm,2,GOV,0,2.6842105263157894,0.48333333333333334,41,0.2926829268292683,0.16666666666666666,0.6843066343304306,60,16,60,60,2;3;4;5;6;7;8;9;10;11;12;13;14;15;16;17;18;19;20;21;22;23;24;25;26;27;28;29;30;31;32;33;34;35;36;37;38;39;40;41;42;43;44;45;46;47;48;49;50;51;52;53;54;55;56;57;58;59;60;61,2;3;4;5;6;7;8;9;10;11;12;13;14;15;16;17;18;19;20;21;22;23;24;25;26;27;28;29;30;31;32;33;34;35;36;37;38;39;40;41;42;43;44;45;46;47;48;49;50;51;52;53;54;55;56;57;58;59;60;61
True,198,76,0.7247826519193932,0.0,4.915507915914702,319.0,463.0,58.0,33.0,84.81219945575157,58,2,17,12,0.03333333333333333,0.31666666666666665,332.0,0.20347820809106418,0.25545843209563723,0.014805746734682837,0.13276546616988366,26,12,58,21,34,79,0,1,0,0.794910294566222,0.24332019624229825,2,60,79,21,0,58,0.794910294566222,nenhuma,84.81219945575157,0.0,91,0,terminal,0.830264615465509,01,34,adaptativa,j6021_1.sm,3,GOV,0,2.6052631578947367,0.43333333333333335,38,0.3157894736842105,0.16666666666666666,0.6718980346206296,60,19,60,60,2;3;4;5;6;7;8;9;10;11;12;13;14;15;16;17;18;19;20;21;22;23;24;25;26;27;28;29;30;31;32;33;34;35;36;37;38;39;40;41;42;43;44;45;46;47;48;49;50;51;52;53;54;55;56;57;58;59;60;61,2;3;4;5;6;7;8;9;10;11;12;13;14;15;16;17;18;19;20;21;22;23;24;25;26;27;28;29;30;31;32;33;34;35;36;37;38;39;40;41;42;43;44;45;46;47;48;49;50;51;52;53;54;55;56;57;58;59;60;61
True,135,69,0.712739128570578,0.0,4.9992666062946345,309.0,469.0,76.0,47.0,66.0247683897966,55,5,11,10,0.08333333333333333,0.26666666666666666,337.0,0.1638231036111878,0.19591919403500477,0.014834619009776364,0.10033781638852425,22,10,76,37,38,113,8,13,0,0.6268507180531939,0.4857196752206667,14,60,105,29,0,76,0.6268507180531939,nenhuma,66.02476838979659,0.0,74,0,terminal,0.939854216562774,01,34,adaptativa,j6032_1.sm,0,GOV,0,1.9565217391304348,0.36666666666666664,32,0.3125,0.14285714285714285,0.5804185750860075,60,16,60,60,2;3;4;5;6;7;8;9;10;11;12;13;14;15;16;17;18;19;20;21;22;23;24;25;26;27;28;29;30;31;32;33;34;35;36;37;38;39;40;41;42;43;44;45;46;47;48;49;50;51;52;53;54;55;56;57;58;59;60;61,2;3;4;5;6;7;8;9;10;11;12;13;14;15;16;17;18;19;20;21;22;23;24;25;26;27;28;29;30;31;32;33;34;35;36;37;38;39;40;41;42;43;44;45;46;47;48;49;50;51;52;53;54;55;56;57;58;59;60;61
True,119,69,0.7642391561139706,0.0,8.020880606503844,285.0,455.0,40.0,51.0,49.363370693539835,52,8,4,12,0.13333333333333333,0.2,337.0,0.12776410611836816,0.14647884478795203,0.023800832660248798,0.08291301266323516,26,12,40,39,34,79,8,19,0,0.6586427040007742,0.39362113220747674,13,60,71,31,0,40,0.6586427040007742,nenhuma,49.363370693539835,0.0,55,0,terminal,0.9041297838840224,01,34,adaptativa,j6032_1.sm,1,GOV,0,1.7246376811594204,0.43333333333333335,38,0.3157894736842105,0.16666666666666666,0.572438942518855,60,12,60,60,2;3;4;5;6;7;8;9;10;11;12;13;14;15;16;17;18;19;20;21;22;23;24;25;26;27;28;29;30;31;32;33;34;35;36;37;38;39;40;41;42;43;44;45;46;47;48;49;50;51;52;53;54;55;56;57;58;59;60;61,2;3;4;5;6;7;8;9;10;11;12;13;14;15;16;17;18;19;20;21;22;23;24;25;26;27;28;29;30;31;32;33;34;35;36;37;38;39;40;41;42;43;44;45;46;47;48;49;50;51;52;53;54;55;56;57;58;59;60;61
True,133,69,0.6827535173380994,8.881784197001252e-16,10.97177551195626,307.0,471.0,68.0,76.0,74.85364123252232,56,4,13,13,0.06666666666666667,0.2833333333333333,337.0,0.18174815939107314,0.22211762977009591,0.03255719736485537,0.10850655379420128,32,13,68,63,28,131,0,25,0,0.7659648859265082,0.2570239140832174,2,60,131,63,0,68,0.7659648859265082,nenhuma,74.8536412325223,0.0,81,0,terminal,0.707226357338263,01,34,adaptativa,j6032_1.sm,2,GOV,0,1.9275362318840579,0.5333333333333333,45,0.28888888888888886,0.1780821917808219,0.5350528174802835,60,17,60,60,2;3;4;5;6;7;8;9;10;11;12;13;14;15;16;17;18;19;20;21;22;23;24;25;26;27;28;29;30;31;32;33;34;35;36;37;38;39;40;41;42;43;44;45;46;47;48;49;50;51;52;53;54;55;56;57;58;59;60;61,2;3;4;5;6;7;8;9;10;11;12;13;14;15;16;17;18;19;20;21;22;23;24;25;26;27;28;29;30;31;32;33;34;35;36;37;38;39;40;41;42;43;44;45;46;47;48;49;50;51;52;53;54;55;56;57;58;59;60;61
True,173,69,0.6117013584197708,0.0,9.697914730519589,309.0,491.0,112.0,84.0,115.67927027073671,55,5,21,22,0.08333333333333333,0.43333333333333335,337.0,0.2555435555985404,0.34326192958675583,0.028777195046052192,0.1441164292578767,41,22,112,62,19,174,0,26,0,0.794910294566222,0.24332019624229825,0,60,174,62,0,112,0.794910294566222,nenhuma,115.67927027073671,0.0,126,0,terminal,0.7654703666406292,01,34,adaptativa,j6032_1.sm,3,GOV,0,2.5072463768115942,0.6833333333333333,63,0.3492063492063492,0.2682926829268293,0.5089398557646925,60,26,60,60,2;3;4;5;6;7;8;9;10;11;12;13;14;15;16;17;18;19;20;21;22;23;24;25;26;27;28;29;30;31;32;33;34;35;36;37;38;39;40;41;42;43;44;45;46;47;48;49;50;51;52;53;54;55;56;57;58;59;60;61,2;3;4;5;6;7;8;9;10;11;12;13;14;15;16;17;18;19;20;21;22;23;24;25;26;27;28;29;30;31;32;33;34;35;36;37;38;39;40;41;42;43;44;45;46;47;48;49;50;51;52;53;54;55;56;57;58;59;60;61
True,155,108,0.5951612546247141,0.0,7.013613551268257,301.0,386.0,159.0,63.0,40.56372453780917,56,4,6,7,0.06666666666666667,0.16666666666666666,334.0,0.10829592371194663,0.1214482770593089,0.02099884296786903,0.06254393053931039,23,7,159,56,37,215,19,4,0,0.6268507180531939,0.4857196752206667,21,60,196,37,0,159,0.6268507180531939,nenhuma,40.56372453780917,0.0,44,0,terminal,0.9994945731343895,01,34,adaptativa,j6043_1.sm,0,GOV,0,1.4351851851851851,0.38333333333333336,30,0.23333333333333334,0.1044776119402985,0.8326746268632915,60,10,60,60,2;3;4;5;6;7;8;9;10;11;12;13;14;15;16;17;18;19;20;21;22;23;24;25;26;27;28;29;30;31;32;33;34;35;36;37;38;39;40;41;42;43;44;45;46;47;48;49;50;51;52;53;54;55;56;57;58;59;60;61,2;3;4;5;6;7;8;9;10;11;12;13;14;15;16;17;18;19;20;21;22;23;24;25;26;27;28;29;30;31;32;33;34;35;36;37;38;39;40;41;42;43;44;45;46;47;48;49;50;51;52;53;54;55;56;57;58;59;60;61
True,147,108,0.5990292787337551,0.0,6.0,314.0,383.0,143.0,50.0,63.367746447379226,57,3,16,7,0.05,0.31666666666666665,334.0,0.15946877172068266,0.18972379175862045,0.017964071856287425,0.0991100142280863,25,7,143,43,35,186,16,2,0,0.6586427040007742,0.39362113220747674,20,60,170,27,0,143,0.6586427040007742,nenhuma,63.367746447379226,0.0,70,0,terminal,0.9208333333333334,01,34,adaptativa,j6043_1.sm,1,GOV,0,1.3611111111111112,0.4166666666666667,32,0.21875,0.1044776119402985,0.7621185917373746,60,19,60,60,2;3;4;5;6;7;8;9;10;11;12;13;14;15;16;17;18;19;20;21;22;23;24;25;26;27;28;29;30;31;32;33;34;35;36;37;38;39;40;41;42;43;44;45;46;47;48;49;50;51;52;53;54;55;56;57;58;59;60;61,2;3;4;5;6;7;8;9;10;11;12;13;14;15;16;17;18;19;20;21;22;23;24;25;26;27;28;29;30;31;32;33;34;35;36;37;38;39;40;41;42;43;44;45;46;47;48;49;50;51;52;53;54;55;56;57;58;59;60;61
True,168,108,0.6177430249011382,0.0,4.0,322.0,389.0,132.0,61.0,47.71168320719511,58,2,11,7,0.03333333333333333,0.21666666666666667,334.0,0.12499403425725629,0.14284935091974582,0.011976047904191617,0.0757675051607649,22,7,132,54,38,186,9,9,0,0.7659648859265082,0.2570239140832174,6,60,177,45,0,132,0.7659648859265082,nenhuma,47.71168320719511,0.0,53,0,terminal,0.9208333333333334,01,34,adaptativa,j6043_1.sm,2,GOV,0,1.5555555555555556,0.36666666666666664,29,0.2413793103448276,0.1044776119402985,0.769879102872005,60,13,60,60,2;3;4;5;6;7;8;9;10;11;12;13;14;15;16;17;18;19;20;21;22;23;24;25;26;27;28;29;30;31;32;33;34;35;36;37;38;39;40;41;42;43;44;45;46;47;48;49;50;51;52;53;54;55;56;57;58;59;60;61,2;3;4;5;6;7;8;9;10;11;12;13;14;15;16;17;18;19;20;21;22;23;24;25;26;27;28;29;30;31;32;33;34;35;36;37;38;39;40;41;42;43;44;45;46;47;48;49;50;51;52;53;54;55;56;57;58;59;60;61
True,172,108,0.5452458624647569,0.0,4.5,299.0,401.0,202.0,76.0,56.44803840839675,55,5,11,13,0.08333333333333333,0.26666666666666666,334.0,0.14457247278920587,0.16900610301915195,0.01347305389221557,0.07675326530281798,28,13,202,63,32,265,0,3,6,0.794910294566222,0.24332019624229825,4,60,259,57,6,202,0.794910294566222,nenhuma,56.44803840839675,0.0,62,0,terminal,0.8089277556740816,01,34,adaptativa,j6043_1.sm,3,GOV,0,1.5925925925925926,0.4666666666666667,41,0.3170731707317073,0.1780821917808219,0.7520469556607181,60,16,60,60,2;3;4;5;6;7;8;9;10;11;12;13;14;15;16;17;18;19;20;21;22;23;24;25;26;27;28;29;30;31;32;33;34;35;36;37;38;39;40;41;42;43;44;45;46;47;48;49;50;51;52;53;54;55;56;57;58;59;60;61,2;3;4;5;6;7;8;9;10;11;12;13;14;15;16;17;18;19;20;21;22;23;24;25;26;27;28;29;30;31;32;33;34;35;36;37;38;39;40;41;42;43;44;45;46;47;48;49;50;51;52;53;54;55;56;57;58;59;60;61
True,160,85,0.6764823161759247,0.0,10.542380207714059,304.0,468.0,0.0,176.0,47.81409300622845,57,3,6,13,0.05,0.15,323.0,0.12894357012861787,0.1480312476973017,0.032638948011498636,0.0691140777408216,29,13,0,163,31,163,14,0,149,0.6268507180531939,0.4857196752206667,16,60,0,0,149,0,0.6268507180531939,nenhuma,47.81409300622845,0.0,51,0,terminal,0.525,01,49,centralizada,j6010_1.sm,0,GOV,0,1.8823529411764706,0.48333333333333334,42,0.30952380952380953,0.1780821917808219,0.6600703800173506,60,9,60,60,2;3;4;5;6;7;8;9;10;11;12;13;14;15;16;17;18;19;20;21;22;23;24;25;26;27;28;29;30;31;32;33;34;35;36;37;38;39;40;41;42;43;44;45;46;47;48;49;50;51;52;53;54;55;56;57;58;59;60;61,2;3;4;5;6;7;8;9;10;11;12;13;14;15;16;17;18;19;20;21;22;23;24;25;26;27;28;29;30;31;32;33;34;35;36;37;38;39;40;41;42;43;44;45;46;47;48;49;50;51;52;53;54;55;56;57;58;59;60;61
True,152,85,0.7763737598465058,0.0,9.14917138589317,291.0,474.0,0.0,94.0,42.530680601200324,55,5,5,12,0.08333333333333333,0.16666666666666666,323.0,0.11635324436036043,0.1316739337498462,0.02832560800586121,0.06966182364384967,21,12,0,82,39,82,7,24,75,0.6586427040007742,0.39362113220747674,14,60,0,0,75,0,0.6586427040007742,nenhuma,42.530680601200324,0.0,46,0,terminal,0.525,01,49,centralizada,j6010_1.sm,1,GOV,0,1.7882352941176471,0.35,33,0.36363636363636365,0.16666666666666666,0.6707159754922476,60,10,60,60,2;3;4;5;6;7;8;9;10;11;12;13;14;15;16;17;18;19;20;21;22;23;24;25;26;27;28;29;30;31;32;33;34;35;36;37;38;39;40;41;42;43;44;45;46;47;48;49;50;51;52;53;54;55;56;57;58;59;60;61,2;3;4;5;6;7;8;9;10;11;12;13;14;15;16;17;18;19;20;21;22;23;24;25;26;27;28;29;30;31;32;33;34;35;36;37;38;39;40;41;42;43;44;45;46;47;48;49;50;51;52;53;54;55;56;57;58;59;60;61
True,152,85,0.7750740815275545,0.0,12.120334847922706,280.0,505.0,0.0,85.0,61.550622109206564,55,5,9,11,0.08333333333333333,0.23333333333333334,323.0,0.16005856854842668,0.19055920157649092,0.03752425649511674,0.09446790474998587,28,11,0,74,32,74,8,1,66,0.7659648859265082,0.2570239140832174,4,60,0,0,66,0,0.7659648859265082,nenhuma,61.550622109206564,0.0,66,0,terminal,0.525,01,49,centralizada,j6010_1.sm,2,GOV,0,1.7882352941176471,0.4666666666666667,39,0.28205128205128205,0.15492957746478872,0.5497921676341987,60,14,60,60,2;3;4;5;6;7;8;9;10;11;12;13;14;15;16;17;18;19;20;21;22;23;24;25;26;27;28;29;30;31;32;33;34;35;36;37;38;39;40;41;42;43;44;45;46;47;48;49;50;51;52;53;54;55;56;57;58;59;60;61,2;3;4;5;6;7;8;9;10;11;12;13;14;15;16;17;18;19;20;21;22;23;24;25;26;27;28;29;30;31;32;33;34;35;36;37;38;39;40;41;42;43;44;45;46;47;48;49;50;51;52;53;54;55;56;57;58;59;60;61
True,165,85,0.6738930034812431,0.0,9.000203075821803,299.0,481.0,0.0,203.0,29.76316049464363,55,5,4,13,0.08333333333333333,0.15,323.0,0.08437150991875059,0.09214600772335489,0.02786440580749784,0.041698930600477496,26,13,0,190,34,190,3,16,187,0.794910294566222,0.24332019624229825,3,60,0,0,187,0,0.794910294566222,nenhuma,29.76316049464363,0.0,34,0,terminal,0.525,01,49,centralizada,j6010_1.sm,3,GOV,0,1.9411764705882353,0.43333333333333335,39,0.3333333333333333,0.1780821917808219,0.6464014102882931,60,9,60,60,2;3;4;5;6;7;8;9;10;11;12;13;14;15;16;17;18;19;20;21;22;23;24;25;26;27;28;29;30;31;32;33;34;35;36;37;38;39;40;41;42;43;44;45;46;47;48;49;50;51;52;53;54;55;56;57;58;59;60;61,2;3;4;5;6;7;8;9;10;11;12;13;14;15;16;17;18;19;20;21;22;23;24;25;26;27;28;29;30;31;32;33;34;35;36;37;38;39;40;41;42;43;44;45;46;47;48;49;50;51;52;53;54;55;56;57;58;59;60;61
True,183,76,0.7842677976992029,8.881784197001252e-16,8.859243487423068,302.0,465.0,0.0,82.0,45.909719567939604,56,4,4,10,0.06666666666666667,0.13333333333333333,332.0,0.12148329929282509,0.13828228785523977,0.026684468335611652,0.07743121431943224,29,10,0,72,31,72,6,0,66,0.6268507180531939,0.4857196752206667,18,60,0,0,66,0,0.6268507180531939,nenhuma,45.909719567939604,0.0,50,0,terminal,0.525,01,49,centralizada,j6021_1.sm,0,GOV,0,2.4078947368421053,0.48333333333333334,39,0.2564102564102564,0.14285714285714285,0.7308907556399737,60,8,60,60,2;3;4;5;6;7;8;9;10;11;12;13;14;15;16;17;18;19;20;21;22;23;24;25;26;27;28;29;30;31;32;33;34;35;36;37;38;39;40;41;42;43;44;45;46;47;48;49;50;51;52;53;54;55;56;57;58;59;60;61,2;3;4;5;6;7;8;9;10;11;12;13;14;15;16;17;18;19;20;21;22;23;24;25;26;27;28;29;30;31;32;33;34;35;36;37;38;39;40;41;42;43;44;45;46;47;48;49;50;51;52;53;54;55;56;57;58;59;60;61
True,242,76,0.7143768326639474,0.0,19.668342250329673,288.0,473.0,0.0,113.0,76.11553674852388,54,6,11,15,0.1,0.2833333333333333,332.0,0.18650487397500234,0.2292636649051924,0.059241994729908654,0.11495808891950694,26,15,0,98,34,98,12,0,86,0.6586427040007742,0.39362113220747674,17,60,0,0,86,0,0.6586427040007742,nenhuma,76.11553674852388,0.0,85,0,terminal,0.525,01,49,centralizada,j6021_1.sm,1,GOV,0,3.1842105263157894,0.43333333333333335,41,0.36585365853658536,0.2,0.7520302098337791,60,17,60,60,2;3;4;5;6;7;8;9;10;11;12;13;14;15;16;17;18;19;20;21;22;23;24;25;26;27;28;29;30;31;32;33;34;35;36;37;38;39;40;41;42;43;44;45;46;47;48;49;50;51;52;53;54;55;56;57;58;59;60;61,2;3;4;5;6;7;8;9;10;11;12;13;14;15;16;17;18;19;20;21;22;23;24;25;26;27;28;29;30;31;32;33;34;35;36;37;38;39;40;41;42;43;44;45;46;47;48;49;50;51;52;53;54;55;56;57;58;59;60;61
True,246,76,0.7557783258369561,0.0,13.750325536776156,274.0,505.0,0.0,63.0,100.18534315701389,52,8,13,9,0.13333333333333333,0.35,332.0,0.2318110614885344,0.30176308179823463,0.04141664318306071,0.14993645727645327,26,9,0,54,34,54,2,0,52,0.7659648859265082,0.2570239140832174,6,60,0,0,52,0,0.7659648859265082,nenhuma,100.18534315701392,0.0,108,0,terminal,0.525,01,49,centralizada,j6021_1.sm,2,GOV,0,3.236842105263158,0.43333333333333335,35,0.2571428571428571,0.13043478260869565,0.7046858751092858,60,21,60,60,2;3;4;5;6;7;8;9;10;11;12;13;14;15;16;17;18;19;20;21;22;23;24;25;26;27;28;29;30;31;32;33;34;35;36;37;38;39;40;41;42;43;44;45;46;47;48;49;50;51;52;53;54;55;56;57;58;59;60;61,2;3;4;5;6;7;8;9;10;11;12;13;14;15;16;17;18;19;20;21;22;23;24;25;26;27;28;29;30;31;32;33;34;35;36;37;38;39;40;41;42;43;44;45;46;47;48;49;50;51;52;53;54;55;56;57;58;59;60;61
True,236,76,0.6900559220058101,0.0,14.674492898949453,240.0,488.0,0.0,143.0,76.18906169446821,48,12,4,14,0.2,0.26666666666666666,332.0,0.18665140456775922,0.2294851255857476,0.04420027981611281,0.10773506806215943,29,14,0,129,31,129,0,0,129,0.794910294566222,0.24332019624229825,2,60,0,0,129,0,0.794910294566222,nenhuma,76.18906169446821,0.0,81,0,terminal,0.525,01,49,centralizada,j6021_1.sm,3,GOV,0,3.1052631578947367,0.48333333333333334,43,0.32558139534883723,0.1891891891891892,0.71396198648046,60,16,60,60,2;3;4;5;6;7;8;9;10;11;12;13;14;15;16;17;18;19;20;21;22;23;24;25;26;27;28;29;30;31;32;33;34;35;36;37;38;39;40;41;42;43;44;45;46;47;48;49;50;51;52;53;54;55;56;57;58;59;60;61,2;3;4;5;6;7;8;9;10;11;12;13;14;15;16;17;18;19;20;21;22;23;24;25;26;27;28;29;30;31;32;33;34;35;36;37;38;39;40;41;42;43;44;45;46;47;48;49;50;51;52;53;54;55;56;57;58;59;60;61
True,162,69,0.6748445081646661,8.881784197001252e-16,21.528336015372933,260.0,529.0,0.0,183.0,71.88427793343003,46,14,4,18,0.23333333333333334,0.3,337.0,0.17580592312510832,0.21330646271047485,0.06388230271624015,0.09170266575946645,33,18,0,165,27,165,24,4,141,0.6268507180531939,0.4857196752206667,14,60,0,0,141,0,0.6268507180531939,nenhuma,71.88427793343003,0.0,81,0,terminal,0.525,01,49,centralizada,j6032_1.sm,0,GOV,0,2.347826086956522,0.55,51,0.35294117647058826,0.23076923076923078,0.5425611674212426,60,18,60,60,2;3;4;5;6;7;8;9;10;11;12;13;14;15;16;17;18;19;20;21;22;23;24;25;26;27;28;29;30;31;32;33;34;35;36;37;38;39;40;41;42;43;44;45;46;47;48;49;50;51;52;53;54;55;56;57;58;59;60;61,2;3;4;5;6;7;8;9;10;11;12;13;14;15;16;17;18;19;20;21;22;23;24;25;26;27;28;29;30;31;32;33;34;35;36;37;38;39;40;41;42;43;44;45;46;47;48;49;50;51;52;53;54;55;56;57;58;59;60;61
True,139,69,0.7314529541220682,4.440892098500626e-16,10.04876910629952,283.0,516.0,0.0,124.0,65.44523347961967,52,8,7,23,0.13333333333333333,0.25,337.0,0.16261898026165567,0.19419950587424237,0.02981830595341104,0.0927715297710781,31,23,0,101,29,101,10,12,91,0.6586427040007742,0.39362113220747674,13,60,0,0,91,0,0.6586427040007742,nenhuma,65.44523347961969,0.0,73,0,terminal,0.525,01,49,centralizada,j6032_1.sm,1,GOV,0,2.0144927536231885,0.5166666666666667,54,0.42592592592592593,0.27710843373493976,0.4931557531145571,60,15,60,60,2;3;4;5;6;7;8;9;10;11;12;13;14;15;16;17;18;19;20;21;22;23;24;25;26;27;28;29;30;31;32;33;34;35;36;37;38;39;40;41;42;43;44;45;46;47;48;49;50;51;52;53;54;55;56;57;58;59;60;61,2;3;4;5;6;7;8;9;10;11;12;13;14;15;16;17;18;19;20;21;22;23;24;25;26;27;28;29;30;31;32;33;34;35;36;37;38;39;40;41;42;43;44;45;46;47;48;49;50;51;52;53;54;55;56;57;58;59;60;61
True,151,69,0.7766098157572243,0.0,15.165417002161199,293.0,561.0,0.0,92.0,69.37047307083482,54,6,9,12,0.1,0.25,337.0,0.1707074644144797,0.20584710110040005,0.04500123739513709,0.09603171178348043,30,12,0,80,30,80,0,12,80,0.7659648859265082,0.2570239140832174,2,60,0,0,80,0,0.7659648859265082,nenhuma,69.37047307083482,0.0,76,0,terminal,0.525,01,49,centralizada,j6032_1.sm,2,GOV,0,2.1884057971014492,0.5,42,0.2857142857142857,0.16666666666666666,0.46058294270041406,60,15,60,60,2;3;4;5;6;7;8;9;10;11;12;13;14;15;16;17;18;19;20;21;22;23;24;25;26;27;28;29;30;31;32;33;34;35;36;37;38;39;40;41;42;43;44;45;46;47;48;49;50;51;52;53;54;55;56;57;58;59;60;61,2;3;4;5;6;7;8;9;10;11;12;13;14;15;16;17;18;19;20;21;22;23;24;25;26;27;28;29;30;31;32;33;34;35;36;37;38;39;40;41;42;43;44;45;46;47;48;49;50;51;52;53;54;55;56;57;58;59;60;61
True,159,69,0.6801583031712723,0.0,13.398518976505379,275.0,578.0,0.0,208.0,63.80216709116962,49,11,5,19,0.18333333333333332,0.26666666666666666,337.0,0.15918618293462639,0.18932393795599295,0.03975821654749371,0.07507884724460194,43,19,0,189,17,189,0,14,189,0.794910294566222,0.24332019624229825,0,60,0,0,189,0,0.794910294566222,nenhuma,63.80216709116962,0.0,71,0,terminal,0.525,01,49,centralizada,j6032_1.sm,3,GOV,0,2.3043478260869565,0.7166666666666667,62,0.3064516129032258,0.24050632911392406,0.40161454301107796,60,16,60,60,2;3;4;5;6;7;8;9;10;11;12;13;14;15;16;17;18;19;20;21;22;23;24;25;26;27;28;29;30;31;32;33;34;35;36;37;38;39;40;41;42;43;44;45;46;47;48;49;50;51;52;53;54;55;56;57;58;59;60;61,2;3;4;5;6;7;8;9;10;11;12;13;14;15;16;17;18;19;20;21;22;23;24;25;26;27;28;29;30;31;32;33;34;35;36;37;38;39;40;41;42;43;44;45;46;47;48;49;50;51;52;53;54;55;56;57;58;59;60;61
True,175,108,0.5693333391132989,0.0,12.974231333081772,295.0,423.0,0.0,281.0,38.974231333081775,54,6,5,3,0.1,0.18333333333333332,334.0,0.10449577493270878,0.11668931536850831,0.03884500399126279,0.052457043177866675,24,3,0,278,36,278,41,3,237,0.6268507180531939,0.4857196752206667,21,60,0,0,237,0,0.6268507180531939,nenhuma,38.974231333081775,0.0,41,0,terminal,0.525,01,49,centralizada,j6043_1.sm,0,GOV,0,1.6203703703703705,0.4,27,0.1111111111111111,0.047619047619047616,0.8424668616799769,60,11,60,60,2;3;4;5;6;7;8;9;10;11;12;13;14;15;16;17;18;19;20;21;22;23;24;25;26;27;28;29;30;31;32;33;34;35;36;37;38;39;40;41;42;43;44;45;46;47;48;49;50;51;52;53;54;55;56;57;58;59;60;61,2;3;4;5;6;7;8;9;10;11;12;13;14;15;16;17;18;19;20;21;22;23;24;25;26;27;28;29;30;31;32;33;34;35;36;37;38;39;40;41;42;43;44;45;46;47;48;49;50;51;52;53;54;55;56;57;58;59;60;61
True,177,108,0.6648633541498744,0.0,11.662093171657922,295.0,466.0,0.0,173.0,61.89590152829158,54,6,12,7,0.1,0.3,334.0,0.15634388052352283,0.18531707044398676,0.0349164466217303,0.0883096924854727,22,7,0,166,38,166,29,1,137,0.6586427040007742,0.39362113220747674,20,60,0,0,137,0,0.6586427040007742,nenhuma,61.89590152829158,0.0,69,0,terminal,0.525,01,49,centralizada,j6043_1.sm,1,GOV,0,1.6388888888888888,0.36666666666666664,29,0.2413793103448276,0.1044776119402985,0.7795990305016854,60,18,60,60,2;3;4;5;6;7;8;9;10;11;12;13;14;15;16;17;18;19;20;21;22;23;24;25;26;27;28;29;30;31;32;33;34;35;36;37;38;39;40;41;42;43;44;45;46;47;48;49;50;51;52;53;54;55;56;57;58;59;60;61,2;3;4;5;6;7;8;9;10;11;12;13;14;15;16;17;18;19;20;21;22;23;24;25;26;27;28;29;30;31;32;33;34;35;36;37;38;39;40;41;42;43;44;45;46;47;48;49;50;51;52;53;54;55;56;57;58;59;60;61
True,168,108,0.6656435165740628,8.881784197001252e-16,10.495686903116422,281.0,459.0,0.0,167.0,63.558282430787195,52,8,8,9,0.13333333333333333,0.26666666666666666,334.0,0.15987160937051376,0.19029425877481196,0.03142421228477971,0.09217245887720406,30,9,0,158,30,158,1,12,157,0.7659648859265082,0.2570239140832174,6,60,0,0,157,0,0.7659648859265082,nenhuma,63.558282430787195,0.0,70,0,terminal,0.525,01,49,centralizada,j6043_1.sm,2,GOV,0,1.5555555555555556,0.5,39,0.23076923076923078,0.13043478260869565,0.6838681834145813,60,16,60,60,2;3;4;5;6;7;8;9;10;11;12;13;14;15;16;17;18;19;20;21;22;23;24;25;26;27;28;29;30;31;32;33;34;35;36;37;38;39;40;41;42;43;44;45;46;47;48;49;50;51;52;53;54;55;56;57;58;59;60;61,2;3;4;5;6;7;8;9;10;11;12;13;14;15;16;17;18;19;20;21;22;23;24;25;26;27;28;29;30;31;32;33;34;35;36;37;38;39;40;41;42;43;44;45;46;47;48;49;50;51;52;53;54;55;56;57;58;59;60;61
True,206,108,0.5998389611360218,0.0,10.774077899367988,275.0,478.0,0.0,240.0,78.88054789693282,52,8,10,9,0.13333333333333333,0.3,334.0,0.19104931995155106,0.2361693050806372,0.0322577182615808,0.09898666507183344,30,9,0,231,30,231,0,4,231,0.794910294566222,0.24332019624229825,4,60,0,0,231,0,0.794910294566222,nenhuma,78.88054789693282,0.0,87,0,terminal,0.525,01,49,centralizada,j6043_1.sm,3,GOV,0,1.9074074074074074,0.5,39,0.23076923076923078,0.13043478260869565,0.6974445485890912,60,18,60,60,2;3;4;5;6;7;8;9;10;11;12;13;14;15;16;17;18;19;20;21;22;23;24;25;26;27;28;29;30;31;32;33;34;35;36;37;38;39;40;41;42;43;44;45;46;47;48;49;50;51;52;53;54;55;56;57;58;59;60;61,2;3;4;5;6;7;8;9;10;11;12;13;14;15;16;17;18;19;20;21;22;23;24;25;26;27;28;29;30;31;32;33;34;35;36;37;38;39;40;41;42;43;44;45;46;47;48;49;50;51;52;53;54;55;56;57;58;59;60;61
True,155,85,0.6499147711076194,0.0,9.254780343957865,312.0,459.0,0.0,192.0,55.24645015799179,58,2,9,18,0.03333333333333333,0.18333333333333332,323.0,0.14605940157512542,0.17104164135601171,0.028652570724327756,0.07822545535716718,30,18,0,174,30,174,14,0,160,0.6268507180531939,0.4857196752206667,16,60,0,0,160,0,0.6268507180531939,nenhuma,55.24645015799179,0.0,59,0,terminal,0.525,01,51,centralizada,j6010_1.sm,0,GOV,0,1.8235294117647058,0.5,48,0.375,0.23076923076923078,0.6718409401575134,60,11,60,60,2;3;4;5;6;7;8;9;10;11;12;13;14;15;16;17;18;19;20;21;22;23;24;25;26;27;28;29;30;31;32;33;34;35;36;37;38;39;40;41;42;43;44;45;46;47;48;49;50;51;52;53;54;55;56;57;58;59;60;61,2;3;4;5;6;7;8;9;10;11;12;13;14;15;16;17;18;19;20;21;22;23;24;25;26;27;28;29;30;31;32;33;34;35;36;37;38;39;40;41;42;43;44;45;46;47;48;49;50;51;52;53;54;55;56;57;58;59;60;61
True,141,85,0.7126647950862987,0.0,7.067925449621308,306.0,447.0,0.0,137.0,43.22334971783114,58,2,12,2,0.03333333333333333,0.23333333333333334,323.0,0.11802456001544959,0.13381842017904377,0.02188212213505049,0.06891221402595427,21,2,0,135,39,135,12,16,123,0.6586427040007742,0.39362113220747674,14,60,0,0,123,0,0.6586427040007742,nenhuma,43.22334971783114,0.0,47,0,terminal,0.525,01,51,centralizada,j6010_1.sm,1,GOV,0,1.6588235294117648,0.35,23,0.08695652173913043,0.03225806451612903,0.7633144922526924,60,14,60,60,2;3;4;5;6;7;8;9;10;11;12;13;14;15;16;17;18;19;20;21;22;23;24;25;26;27;28;29;30;31;32;33;34;35;36;37;38;39;40;41;42;43;44;45;46;47;48;49;50;51;52;53;54;55;56;57;58;59;60;61,2;3;4;5;6;7;8;9;10;11;12;13;14;15;16;17;18;19;20;21;22;23;24;25;26;27;28;29;30;31;32;33;34;35;36;37;38;39;40;41;42;43;44;45;46;47;48;49;50;51;52;53;54;55;56;57;58;59;60;61
True,166,85,0.7452215881572195,0.0,9.848367273623621,303.0,489.0,0.0,99.0,68.18066863736051,57,3,16,18,0.05,0.31666666666666665,323.0,0.17429457563652412,0.21108566141597682,0.030490301156729478,0.10390532957782193,30,18,0,81,30,81,8,5,73,0.7659648859265082,0.2570239140832174,4,60,0,0,73,0,0.7659648859265082,nenhuma,68.18066863736051,0.0,76,0,terminal,0.525,01,51,centralizada,j6010_1.sm,2,GOV,0,1.9529411764705882,0.5,48,0.375,0.23076923076923078,0.6060286742329616,60,19,60,60,2;3;4;5;6;7;8;9;10;11;12;13;14;15;16;17;18;19;20;21;22;23;24;25;26;27;28;29;30;31;32;33;34;35;36;37;38;39;40;41;42;43;44;45;46;47;48;49;50;51;52;53;54;55;56;57;58;59;60;61,2;3;4;5;6;7;8;9;10;11;12;13;14;15;16;17;18;19;20;21;22;23;24;25;26;27;28;29;30;31;32;33;34;35;36;37;38;39;40;41;42;43;44;45;46;47;48;49;50;51;52;53;54;55;56;57;58;59;60;61
True,180,85,0.6449700666419578,0.0,16.057142181884956,288.0,467.0,0.0,198.0,59.06461036469424,53,7,11,15,0.11666666666666667,0.3,323.0,0.15459325140927072,0.18286257078852705,0.04971251449499986,0.08157367383961052,31,15,0,183,29,183,3,18,180,0.794910294566222,0.24332019624229825,3,60,0,0,180,0,0.794910294566222,nenhuma,59.06461036469423,0.0,66,0,terminal,0.525,01,51,centralizada,j6010_1.sm,3,GOV,0,2.1176470588235294,0.5166666666666667,46,0.32608695652173914,0.2,0.6437310817121575,60,18,60,60,2;3;4;5;6;7;8;9;10;11;12;13;14;15;16;17;18;19;20;21;22;23;24;25;26;27;28;29;30;31;32;33;34;35;36;37;38;39;40;41;42;43;44;45;46;47;48;49;50;51;52;53;54;55;56;57;58;59;60;61,2;3;4;5;6;7;8;9;10;11;12;13;14;15;16;17;18;19;20;21;22;23;24;25;26;27;28;29;30;31;32;33;34;35;36;37;38;39;40;41;42;43;44;45;46;47;48;49;50;51;52;53;54;55;56;57;58;59;60;61
True,227,76,0.7260772616887724,0.0,17.213043056898016,298.0,473.0,0.0,105.0,73.4458239607398,55,5,9,10,0.08333333333333333,0.23333333333333334,332.0,0.18114830544623323,0.2212223613275295,0.05184651523162053,0.11274279649870948,32,10,0,95,28,95,4,0,91,0.6268507180531939,0.4857196752206667,18,60,0,0,91,0,0.6268507180531939,nenhuma,73.4458239607398,0.0,80,0,terminal,0.525,01,51,centralizada,j6021_1.sm,0,GOV,0,2.986842105263158,0.5333333333333333,42,0.23809523809523808,0.14285714285714285,0.723355764623347,60,14,60,60,2;3;4;5;6;7;8;9;10;11;12;13;14;15;16;17;18;19;20;21;22;23;24;25;26;27;28;29;30;31;32;33;34;35;36;37;38;39;40;41;42;43;44;45;46;47;48;49;50;51;52;53;54;55;56;57;58;59;60;61,2;3;4;5;6;7;8;9;10;11;12;13;14;15;16;17;18;19;20;21;22;23;24;25;26;27;28;29;30;31;32;33;34;35;36;37;38;39;40;41;42;43;44;45;46;47;48;49;50;51;52;53;54;55;56;57;58;59;60;61
True,339,76,0.7556073020833385,0.0,6.288138394549438,313.0,477.0,0.0,102.0,52.28029425447517,56,4,12,8,0.06666666666666667,0.26666666666666666,332.0,0.13604729421762782,0.15747076582673245,0.0189401758871971,0.08281629369758291,26,8,0,94,34,94,14,0,80,0.6586427040007742,0.39362113220747674,17,60,0,0,80,0,0.6586427040007742,nenhuma,52.28029425447517,0.0,57,0,terminal,0.525,01,51,centralizada,j6021_1.sm,1,GOV,0,4.4605263157894735,0.43333333333333335,34,0.23529411764705882,0.11764705882352941,0.8383987755151011,60,16,60,60,2;3;4;5;6;7;8;9;10;11;12;13;14;15;16;17;18;19;20;21;22;23;24;25;26;27;28;29;30;31;32;33;34;35;36;37;38;39;40;41;42;43;44;45;46;47;48;49;50;51;52;53;54;55;56;57;58;59;60;61,2;3;4;5;6;7;8;9;10;11;12;13;14;15;16;17;18;19;20;21;22;23;24;25;26;27;28;29;30;31;32;33;34;35;36;37;38;39;40;41;42;43;44;45;46;47;48;49;50;51;52;53;54;55;56;57;58;59;60;61
True,208,76,0.7560991487910395,0.0,11.919252948403155,310.0,499.0,0.0,80.0,80.96635599692617,56,4,16,12,0.06666666666666667,0.3333333333333333,332.0,0.19606041708039001,0.2438745662558017,0.03590136430241914,0.12268255080157946,26,12,0,68,34,68,2,0,66,0.7659648859265082,0.2570239140832174,6,60,0,0,66,0,0.7659648859265082,nenhuma,80.96635599692617,0.0,89,0,terminal,0.525,01,51,centralizada,j6021_1.sm,2,GOV,0,2.736842105263158,0.43333333333333335,38,0.3157894736842105,0.16666666666666666,0.6610330602202844,60,20,60,60,2;3;4;5;6;7;8;9;10;11;12;13;14;15;16;17;18;19;20;21;22;23;24;25;26;27;28;29;30;31;32;33;34;35;36;37;38;39;40;41;42;43;44;45;46;47;48;49;50;51;52;53;54;55;56;57;58;59;60;61,2;3;4;5;6;7;8;9;10;11;12;13;14;15;16;17;18;19;20;21;22;23;24;25;26;27;28;29;30;31;32;33;34;35;36;37;38;39;40;41;42;43;44;45;46;47;48;49;50;51;52;53;54;55;56;57;58;59;60;61
True,237,76,0.6561992643450081,1.7763568394002505e-15,19.645629703328105,300.0,493.0,0.0,157.0,101.29617905331381,55,5,15,10,0.08333333333333333,0.3333333333333333,332.0,0.23378045768746572,0.30510897305215,0.05917358344375935,0.13482855613741326,27,10,0,147,33,147,0,0,147,0.794910294566222,0.24332019624229825,2,60,0,0,147,0,0.794910294566222,nenhuma,101.29617905331381,0.0,108,0,terminal,0.525,01,51,centralizada,j6021_1.sm,3,GOV,0,3.1184210526315788,0.45,37,0.2702702702702703,0.14285714285714285,0.6949701752163568,60,20,60,60,2;3;4;5;6;7;8;9;10;11;12;13;14;15;16;17;18;19;20;21;22;23;24;25;26;27;28;29;30;31;32;33;34;35;36;37;38;39;40;41;42;43;44;45;46;47;48;49;50;51;52;53;54;55;56;57;58;59;60;61,2;3;4;5;6;7;8;9;10;11;12;13;14;15;16;17;18;19;20;21;22;23;24;25;26;27;28;29;30;31;32;33;34;35;36;37;38;39;40;41;42;43;44;45;46;47;48;49;50;51;52;53;54;55;56;57;58;59;60;61
True,228,69,0.708061794332277,0.0,13.78277166891482,307.0,546.0,0.0,165.0,60.11913729915901,55,5,10,18,0.08333333333333333,0.25,337.0,0.1513881645393228,0.1783950661696113,0.04089843225197276,0.07796348760027665,35,18,0,147,25,147,20,4,127,0.6268507180531939,0.4857196752206667,14,60,0,0,127,0,0.6268507180531939,nenhuma,60.11913729915901,0.0,64,0,terminal,0.525,01,51,centralizada,j6032_1.sm,0,GOV,0,3.3043478260869565,0.5833333333333334,53,0.33962264150943394,0.23076923076923078,0.6604888049776144,60,15,60,60,2;3;4;5;6;7;8;9;10;11;12;13;14;15;16;17;18;19;20;21;22;23;24;25;26;27;28;29;30;31;32;33;34;35;36;37;38;39;40;41;42;43;44;45;46;47;48;49;50;51;52;53;54;55;56;57;58;59;60;61,2;3;4;5;6;7;8;9;10;11;12;13;14;15;16;17;18;19;20;21;22;23;24;25;26;27;28;29;30;31;32;33;34;35;36;37;38;39;40;41;42;43;44;45;46;47;48;49;50;51;52;53;54;55;56;57;58;59;60;61
True,181,69,0.6993403609006643,0.0,7.0,311.0,510.0,0.0,137.0,82.25863930287507,56,4,16,21,0.06666666666666667,0.3333333333333333,337.0,0.1962002248532103,0.24409091781268566,0.020771513353115726,0.11279762058288278,33,21,0,116,27,116,10,16,106,0.6586427040007742,0.39362113220747674,13,60,0,0,106,0,0.6586427040007742,nenhuma,82.25863930287507,0.0,90,0,terminal,0.525,01,51,centralizada,j6032_1.sm,1,GOV,0,2.6231884057971016,0.55,54,0.3888888888888889,0.25925925925925924,0.6135185203226247,60,20,60,60,2;3;4;5;6;7;8;9;10;11;12;13;14;15;16;17;18;19;20;21;22;23;24;25;26;27;28;29;30;31;32;33;34;35;36;37;38;39;40;41;42;43;44;45;46;47;48;49;50;51;52;53;54;55;56;57;58;59;60;61,2;3;4;5;6;7;8;9;10;11;12;13;14;15;16;17;18;19;20;21;22;23;24;25;26;27;28;29;30;31;32;33;34;35;36;37;38;39;40;41;42;43;44;45;46;47;48;49;50;51;52;53;54;55;56;57;58;59;60;61
True,147,69,0.688277396258938,0.0,20.79167836351653,300.0,521.0,0.0,163.0,72.96224056149843,55,5,9,15,0.08333333333333333,0.23333333333333334,337.0,0.1779730749387232,0.21650516487091523,0.06169637496592443,0.09638821681168218,33,15,0,148,27,148,0,32,148,0.7659648859265082,0.2570239140832174,2,60,0,0,148,0,0.7659648859265082,nenhuma,72.96224056149843,0.0,78,0,terminal,0.525,01,51,centralizada,j6032_1.sm,2,GOV,0,2.130434782608696,0.55,48,0.3125,0.2,0.5429436497569222,60,14,60,60,2;3;4;5;6;7;8;9;10;11;12;13;14;15;16;17;18;19;20;21;22;23;24;25;26;27;28;29;30;31;32;33;34;35;36;37;38;39;40;41;42;43;44;45;46;47;48;49;50;51;52;53;54;55;56;57;58;59;60;61,2;3;4;5;6;7;8;9;10;11;12;13;14;15;16;17;18;19;20;21;22;23;24;25;26;27;28;29;30;31;32;33;34;35;36;37;38;39;40;41;42;43;44;45;46;47;48;49;50;51;52;53;54;55;56;57;58;59;60;61
True,178,69,0.639592752581402,0.0,5.0,321.0,565.0,0.0,218.0,100.37461254783607,57,3,16,20,0.05,0.31666666666666665,337.0,0.22949345862377413,0.297847514978742,0.01483679525222552,0.11362632695356142,43,20,0,198,17,198,0,7,198,0.794910294566222,0.24332019624229825,0,60,0,0,198,0,0.794910294566222,nenhuma,100.37461254783608,0.0,110,0,terminal,0.525,01,51,centralizada,j6032_1.sm,3,GOV,0,2.579710144927536,0.7166666666666667,63,0.31746031746031744,0.25,0.4374415387324468,60,19,60,60,2;3;4;5;6;7;8;9;10;11;12;13;14;15;16;17;18;19;20;21;22;23;24;25;26;27;28;29;30;31;32;33;34;35;36;37;38;39;40;41;42;43;44;45;46;47;48;49;50;51;52;53;54;55;56;57;58;59;60;61,2;3;4;5;6;7;8;9;10;11;12;13;14;15;16;17;18;19;20;21;22;23;24;25;26;27;28;29;30;31;32;33;34;35;36;37;38;39;40;41;42;43;44;45;46;47;48;49;50;51;52;53;54;55;56;57;58;59;60;61
True,184,108,0.4719227980279037,0.0,6.89226319514211,314.0,402.0,0.0,412.0,37.83424424481962,57,3,8,5,0.05,0.18333333333333332,334.0,0.10175029554273424,0.11327618037371144,0.020635518548329672,0.044415030858921366,27,5,0,407,33,407,40,0,367,0.6268507180531939,0.4857196752206667,21,60,0,0,367,0,0.6268507180531939,nenhuma,37.83424424481962,0.0,42,0,terminal,0.525,01,51,centralizada,j6043_1.sm,0,GOV,0,1.7037037037037037,0.45,32,0.15625,0.07692307692307693,0.8721226445749116,60,11,60,60,2;3;4;5;6;7;8;9;10;11;12;13;14;15;16;17;18;19;20;21;22;23;24;25;26;27;28;29;30;31;32;33;34;35;36;37;38;39;40;41;42;43;44;45;46;47;48;49;50;51;52;53;54;55;56;57;58;59;60;61,2;3;4;5;6;7;8;9;10;11;12;13;14;15;16;17;18;19;20;21;22;23;24;25;26;27;28;29;30;31;32;33;34;35;36;37;38;39;40;41;42;43;44;45;46;47;48;49;50;51;52;53;54;55;56;57;58;59;60;61
True,229,108,0.5780930453168381,0.0,17.14092235380876,300.0,441.0,0.0,257.0,64.85297595700904,54,6,13,10,0.1,0.31666666666666665,334.0,0.16259870144230618,0.19417058669763185,0.051320126807810666,0.0850137287275443,25,10,0,247,35,247,40,3,207,0.6586427040007742,0.39362113220747674,20,60,0,0,207,0,0.6586427040007742,nenhuma,64.85297595700904,0.0,71,0,terminal,0.525,01,51,centralizada,j6043_1.sm,1,GOV,0,2.1203703703703702,0.4166666666666667,35,0.2857142857142857,0.14285714285714285,0.8329865889850804,60,19,60,60,2;3;4;5;6;7;8;9;10;11;12;13;14;15;16;17;18;19;20;21;22;23;24;25;26;27;28;29;30;31;32;33;34;35;36;37;38;39;40;41;42;43;44;45;46;47;48;49;50;51;52;53;54;55;56;57;58;59;60;61,2;3;4;5;6;7;8;9;10;11;12;13;14;15;16;17;18;19;20;21;22;23;24;25;26;27;28;29;30;31;32;33;34;35;36;37;38;39;40;41;42;43;44;45;46;47;48;49;50;51;52;53;54;55;56;57;58;59;60;61
True,172,108,0.6526955253776584,0.0,13.473236171247748,308.0,459.0,0.0,181.0,63.23754668674411,57,3,12,6,0.05,0.25,334.0,0.15919327670355476,0.18933397211600034,0.04033903045283757,0.0899234504538097,25,6,0,175,35,175,1,19,174,0.7659648859265082,0.2570239140832174,6,60,0,0,174,0,0.7659648859265082,nenhuma,63.23754668674411,0.0,70,0,terminal,0.525,01,51,centralizada,j6043_1.sm,2,GOV,0,1.5925925925925926,0.4166666666666667,31,0.1935483870967742,0.09090909090909091,0.7403637536599811,60,15,60,60,2;3;4;5;6;7;8;9;10;11;12;13;14;15;16;17;18;19;20;21;22;23;24;25;26;27;28;29;30;31;32;33;34;35;36;37;38;39;40;41;42;43;44;45;46;47;48;49;50;51;52;53;54;55;56;57;58;59;60;61,2;3;4;5;6;7;8;9;10;11;12;13;14;15;16;17;18;19;20;21;22;23;24;25;26;27;28;29;30;31;32;33;34;35;36;37;38;39;40;41;42;43;44;45;46;47;48;49;50;51;52;53;54;55;56;57;58;59;60;61
True,278,108,0.6016687844050689,0.0,11.231743923710525,306.0,487.0,0.0,239.0,83.4154335787029,56,4,17,11,0.06666666666666667,0.35,334.0,0.1998379237287475,0.24974680712186498,0.03362797581949259,0.10305639121544136,30,11,0,228,30,228,0,9,228,0.794910294566222,0.24332019624229825,4,60,0,0,228,0,0.794910294566222,nenhuma,83.4154335787029,0.0,92,0,terminal,0.525,01,51,centralizada,j6043_1.sm,3,GOV,0,2.574074074074074,0.5,41,0.2682926829268293,0.15492957746478872,0.7506750394632989,60,21,60,60,2;3;4;5;6;7;8;9;10;11;12;13;14;15;16;17;18;19;20;21;22;23;24;25;26;27;28;29;30;31;32;33;34;35;36;37;38;39;40;41;42;43;44;45;46;47;48;49;50;51;52;53;54;55;56;57;58;59;60;61,2;3;4;5;6;7;8;9;10;11;12;13;14;15;16;17;18;19;20;21;22;23;24;25;26;27;28;29;30;31;32;33;34;35;36;37;38;39;40;41;42;43;44;45;46;47;48;49;50;51;52;53;54;55;56;57;58;59;60;61
True,160,85,0.6721377213038823,0.0,15.43537906686094,276.0,385.0,106.0,46.0,35.799275798919936,50,10,2,7,0.16666666666666666,0.2,323.0,0.09977521754804974,0.11083367120408649,0.047787551290591146,0.06249881470081887,18,7,106,39,42,145,12,3,0,0.6268507180531939,0.4857196752206667,16,60,133,27,0,106,0.6268507180531939,nenhuma,35.799275798919936,0.0,41,0,terminal,0.9883333333333333,01,55,centralizada,j6010_1.sm,0,GOV,0,1.8823529411764706,0.3,25,0.28,0.1044776119402985,0.8042398144139291,60,12,60,60,2;3;4;5;6;7;8;9;10;11;12;13;14;15;16;17;18;19;20;21;22;23;24;25;26;27;28;29;30;31;32;33;34;35;36;37;38;39;40;41;42;43;44;45;46;47;48;49;50;51;52;53;54;55;56;57;58;59;60;61,2;3;4;5;6;7;8;9;10;11;12;13;14;15;16;17;18;19;20;21;22;23;24;25;26;27;28;29;30;31;32;33;34;35;36;37;38;39;40;41;42;43;44;45;46;47;48;49;50;51;52;53;54;55;56;57;58;59;60;61
True,115,85,0.6989046599209797,0.0,4.5,299.0,364.0,91.0,45.0,20.814956422174895,56,4,4,3,0.06666666666666667,0.13333333333333333,323.0,0.060541160392731545,0.06444258954233713,0.01393188854489164,0.03996612648217076,13,3,91,42,47,133,14,12,0,0.6586427040007742,0.39362113220747674,14,60,119,28,0,91,0.6586427040007742,nenhuma,20.814956422174895,0.0,23,0,terminal,1.0,01,55,centralizada,j6010_1.sm,1,GOV,0,1.3529411764705883,0.21666666666666667,16,0.1875,0.047619047619047616,0.8843824136948318,60,8,60,60,2;3;4;5;6;7;8;9;10;11;12;13;14;15;16;17;18;19;20;21;22;23;24;25;26;27;28;29;30;31;32;33;34;35;36;37;38;39;40;41;42;43;44;45;46;47;48;49;50;51;52;53;54;55;56;57;58;59;60;61,2;3;4;5;6;7;8;9;10;11;12;13;14;15;16;17;18;19;20;21;22;23;24;25;26;27;28;29;30;31;32;33;34;35;36;37;38;39;40;41;42;43;44;45;46;47;48;49;50;51;52;53;54;55;56;57;58;59;60;61
True,125,85,0.7044021873790084,0.0,12.945996922885545,240.0,401.0,67.0,51.0,50.27705107230055,47,13,2,12,0.21666666666666667,0.25,323.0,0.1346909779957577,0.15565650486780355,0.04008048582936701,0.08831736845460007,27,12,67,39,33,106,8,12,0,0.7659648859265082,0.2570239140832174,4,60,98,31,0,67,0.7659648859265082,nenhuma,50.27705107230055,0.0,54,0,terminal,0.9666666666666667,01,55,centralizada,j6010_1.sm,2,GOV,0,1.4705882352941178,0.45,39,0.3076923076923077,0.16666666666666666,0.611795427109084,60,15,60,60,2;3;4;5;6;7;8;9;10;11;12;13;14;15;16;17;18;19;20;21;22;23;24;25;26;27;28;29;30;31;32;33;34;35;36;37;38;39;40;41;42;43;44;45;46;47;48;49;50;51;52;53;54;55;56;57;58;59;60;61,2;3;4;5;6;7;8;9;10;11;12;13;14;15;16;17;18;19;20;21;22;23;24;25;26;27;28;29;30;31;32;33;34;35;36;37;38;39;40;41;42;43;44;45;46;47;48;49;50;51;52;53;54;55;56;57;58;59;60;61
True,138,85,0.6276920943157098,8.881784197001252e-16,13.0,258.0,386.0,123.0,51.0,54.951189437561844,51,9,4,6,0.15,0.21666666666666667,323.0,0.1453922913150135,0.17012752147851964,0.04024767801857585,0.08935861964560234,20,6,123,45,40,168,3,8,0,0.794910294566222,0.24332019624229825,3,60,165,42,0,123,0.794910294566222,nenhuma,54.951189437561844,0.0,60,0,terminal,0.9483000401331978,01,55,centralizada,j6010_1.sm,3,GOV,0,1.6235294117647059,0.3333333333333333,26,0.23076923076923078,0.09090909090909091,0.7472107028110478,60,13,60,60,2;3;4;5;6;7;8;9;10;11;12;13;14;15;16;17;18;19;20;21;22;23;24;25;26;27;28;29;30;31;32;33;34;35;36;37;38;39;40;41;42;43;44;45;46;47;48;49;50;51;52;53;54;55;56;57;58;59;60;61,2;3;4;5;6;7;8;9;10;11;12;13;14;15;16;17;18;19;20;21;22;23;24;25;26;27;28;29;30;31;32;33;34;35;36;37;38;39;40;41;42;43;44;45;46;47;48;49;50;51;52;53;54;55;56;57;58;59;60;61
True,253,76,0.6927389225951633,1.7763568394002505e-15,20.49442099293242,240.0,404.0,74.0,27.0,78.19229196263544,47,13,3,7,0.21666666666666667,0.26666666666666666,332.0,0.190623503890117,0.23551895169468506,0.06173018371365186,0.13407634675604585,26,7,74,20,34,94,9,0,0,0.6268507180531939,0.4857196752206667,18,60,85,11,0,74,0.6268507180531939,nenhuma,78.19229196263545,0.0,85,0,terminal,0.9892333001205181,01,55,centralizada,j6021_1.sm,0,GOV,0,3.3289473684210527,0.43333333333333335,33,0.21212121212121213,0.1044776119402985,0.822058547971353,60,16,60,60,2;3;4;5;6;7;8;9;10;11;12;13;14;15;16;17;18;19;20;21;22;23;24;25;26;27;28;29;30;31;32;33;34;35;36;37;38;39;40;41;42;43;44;45;46;47;48;49;50;51;52;53;54;55;56;57;58;59;60;61,2;3;4;5;6;7;8;9;10;11;12;13;14;15;16;17;18;19;20;21;22;23;24;25;26;27;28;29;30;31;32;33;34;35;36;37;38;39;40;41;42;43;44;45;46;47;48;49;50;51;52;53;54;55;56;57;58;59;60;61
True,175,76,0.7008917223735132,0.0,11.902420588817556,237.0,383.0,67.0,37.0,59.446744588452894,43,17,2,10,0.2833333333333333,0.31666666666666665,332.0,0.15186419458144215,0.17905645960377378,0.03585066442414926,0.10878780993237355,28,10,67,27,32,94,14,0,0,0.6586427040007742,0.39362113220747674,17,60,80,13,0,67,0.6586427040007742,nenhuma,59.446744588452894,0.0,64,0,terminal,0.9666666666666667,01,55,centralizada,j6021_1.sm,1,GOV,0,2.3026315789473686,0.4666666666666667,38,0.2631578947368421,0.14285714285714285,0.7888806204824501,60,19,60,60,2;3;4;5;6;7;8;9;10;11;12;13;14;15;16;17;18;19;20;21;22;23;24;25;26;27;28;29;30;31;32;33;34;35;36;37;38;39;40;41;42;43;44;45;46;47;48;49;50;51;52;53;54;55;56;57;58;59;60;61,2;3;4;5;6;7;8;9;10;11;12;13;14;15;16;17;18;19;20;21;22;23;24;25;26;27;28;29;30;31;32;33;34;35;36;37;38;39;40;41;42;43;44;45;46;47;48;49;50;51;52;53;54;55;56;57;58;59;60;61
True,193,76,0.7709672520178042,0.0,19.429118243726734,250.0,410.0,32.0,18.0,71.79950111620529,46,14,2,6,0.23333333333333334,0.26666666666666666,332.0,0.1778097816310646,0.2162635575789316,0.05852144049315281,0.13501235139465867,24,6,32,12,36,44,2,0,0,0.7659648859265082,0.2570239140832174,6,60,42,10,0,32,0.7659648859265082,nenhuma,71.7995011162053,0.0,79,0,terminal,0.955,01,55,centralizada,j6021_1.sm,2,GOV,0,2.539473684210526,0.4,30,0.2,0.09090909090909091,0.7681509271158918,60,16,60,60,2;3;4;5;6;7;8;9;10;11;12;13;14;15;16;17;18;19;20;21;22;23;24;25;26;27;28;29;30;31;32;33;34;35;36;37;38;39;40;41;42;43;44;45;46;47;48;49;50;51;52;53;54;55;56;57;58;59;60;61,2;3;4;5;6;7;8;9;10;11;12;13;14;15;16;17;18;19;20;21;22;23;24;25;26;27;28;29;30;31;32;33;34;35;36;37;38;39;40;41;42;43;44;45;46;47;48;49;50;51;52;53;54;55;56;57;58;59;60;61
True,218,76,0.7145171264622379,0.0,18.5,236.0,423.0,58.0,26.0,85.00820293053604,45,15,4,10,0.25,0.31666666666666665,332.0,0.20385259170716227,0.2560488040076387,0.05572289156626506,0.14359294771547376,32,10,58,16,28,74,0,0,0,0.794910294566222,0.24332019624229825,2,60,74,16,0,58,0.794910294566222,nenhuma,85.00820293053607,0.0,93,0,terminal,0.96,01,55,centralizada,j6021_1.sm,3,GOV,0,2.8684210526315788,0.5333333333333333,42,0.23809523809523808,0.14285714285714285,0.7120329390969552,60,19,60,60,2;3;4;5;6;7;8;9;10;11;12;13;14;15;16;17;18;19;20;21;22;23;24;25;26;27;28;29;30;31;32;33;34;35;36;37;38;39;40;41;42;43;44;45;46;47;48;49;50;51;52;53;54;55;56;57;58;59;60;61,2;3;4;5;6;7;8;9;10;11;12;13;14;15;16;17;18;19;20;21;22;23;24;25;26;27;28;29;30;31;32;33;34;35;36;37;38;39;40;41;42;43;44;45;46;47;48;49;50;51;52;53;54;55;56;57;58;59;60;61
True,129,69,0.7043603781251326,0.0,13.855950484547218,283.0,447.0,87.0,49.0,51.61832022667889,51,9,3,7,0.15,0.2,337.0,0.1328252363310361,0.15317008969340917,0.04111558007284041,0.0813375828927242,21,7,87,42,39,129,11,6,0,0.6268507180531939,0.4857196752206667,14,60,118,31,0,87,0.6268507180531939,nenhuma,51.61832022667889,0.0,56,0,terminal,0.9833333333333334,01,55,centralizada,j6032_1.sm,0,GOV,0,1.8695652173913044,0.35,28,0.25,0.1044776119402985,0.644736002882947,60,12,60,60,2;3;4;5;6;7;8;9;10;11;12;13;14;15;16;17;18;19;20;21;22;23;24;25;26;27;28;29;30;31;32;33;34;35;36;37;38;39;40;41;42;43;44;45;46;47;48;49;50;51;52;53;54;55;56;57;58;59;60;61,2;3;4;5;6;7;8;9;10;11;12;13;14;15;16;17;18;19;20;21;22;23;24;25;26;27;28;29;30;31;32;33;34;35;36;37;38;39;40;41;42;43;44;45;46;47;48;49;50;51;52;53;54;55;56;57;58;59;60;61
True,131,69,0.721671602827943,0.0,18.30481669898016,208.0,447.0,50.0,47.0,75.39530147560946,38,22,0,13,0.36666666666666664,0.36666666666666664,337.0,0.1828228915456463,0.2237249301946868,0.05431696349845745,0.12172404488053477,23,13,50,34,37,84,7,13,0,0.6586427040007742,0.39362113220747674,13,60,77,27,0,50,0.6586427040007742,nenhuma,75.39530147560946,0.0,83,0,terminal,0.9516666666666667,01,55,centralizada,j6032_1.sm,1,GOV,0,1.8985507246376812,0.38333333333333336,36,0.3611111111111111,0.1780821917808219,0.5611184094069768,60,22,60,60,2;3;4;5;6;7;8;9;10;11;12;13;14;15;16;17;18;19;20;21;22;23;24;25;26;27;28;29;30;31;32;33;34;35;36;37;38;39;40;41;42;43;44;45;46;47;48;49;50;51;52;53;54;55;56;57;58;59;60;61,2;3;4;5;6;7;8;9;10;11;12;13;14;15;16;17;18;19;20;21;22;23;24;25;26;27;28;29;30;31;32;33;34;35;36;37;38;39;40;41;42;43;44;45;46;47;48;49;50;51;52;53;54;55;56;57;58;59;60;61
True,122,69,0.7595935965221512,8.881784197001252e-16,13.44381909461379,261.0,434.0,42.0,44.0,51.358160451980254,47,13,1,5,0.21666666666666667,0.23333333333333334,337.0,0.13224431898690742,0.1523981022313954,0.039892638262948935,0.08988785670157003,22,5,42,39,38,81,5,17,0,0.7659648859265082,0.2570239140832174,2,60,76,34,0,42,0.7659648859265082,nenhuma,51.358160451980254,0.0,57,0,terminal,0.9066666666666666,01,55,centralizada,j6032_1.sm,2,GOV,0,1.7681159420289856,0.36666666666666664,27,0.18518518518518517,0.07692307692307693,0.6552668884803624,60,14,60,60,2;3;4;5;6;7;8;9;10;11;12;13;14;15;16;17;18;19;20;21;22;23;24;25;26;27;28;29;30;31;32;33;34;35;36;37;38;39;40;41;42;43;44;45;46;47;48;49;50;51;52;53;54;55;56;57;58;59;60;61,2;3;4;5;6;7;8;9;10;11;12;13;14;15;16;17;18;19;20;21;22;23;24;25;26;27;28;29;30;31;32;33;34;35;36;37;38;39;40;41;42;43;44;45;46;47;48;49;50;51;52;53;54;55;56;57;58;59;60;61
True,138,69,0.6192414620582097,0.0,24.67869579613357,239.0,446.0,109.0,87.0,78.23601022709816,44,16,4,17,0.26666666666666666,0.3333333333333333,337.0,0.18841335601965215,0.23215433301809543,0.07323055132383849,0.10862551874132134,30,17,109,70,30,179,0,37,0,0.794910294566222,0.24332019624229825,0,60,179,70,0,109,0.794910294566222,nenhuma,78.23601022709816,0.0,85,0,terminal,0.83,01,55,centralizada,j6032_1.sm,3,GOV,0,2.0,0.5,47,0.3617021276595745,0.22077922077922077,0.5730326664988443,60,20,60,60,2;3;4;5;6;7;8;9;10;11;12;13;14;15;16;17;18;19;20;21;22;23;24;25;26;27;28;29;30;31;32;33;34;35;36;37;38;39;40;41;42;43;44;45;46;47;48;49;50;51;52;53;54;55;56;57;58;59;60;61,2;3;4;5;6;7;8;9;10;11;12;13;14;15;16;17;18;19;20;21;22;23;24;25;26;27;28;29;30;31;32;33;34;35;36;37;38;39;40;41;42;43;44;45;46;47;48;49;50;51;52;53;54;55;56;57;58;59;60;61
True,206,108,0.5301405740832842,0.0,21.247402438026754,225.0,365.0,200.0,59.0,64.496632484989,45,15,1,3,0.25,0.26666666666666666,334.0,0.16184988084540092,0.19310369007481734,0.06361497735936154,0.09367748430693332,20,3,200,56,40,256,30,0,0,0.6268507180531939,0.4857196752206667,21,60,226,26,0,200,0.6268507180531939,nenhuma,64.496632484989,0.0,70,0,terminal,0.9983333333333334,01,55,centralizada,j6043_1.sm,0,GOV,0,1.9074074074074074,0.3333333333333333,23,0.13043478260869565,0.047619047619047616,0.8738477211525112,60,16,60,60,2;3;4;5;6;7;8;9;10;11;12;13;14;15;16;17;18;19;20;21;22;23;24;25;26;27;28;29;30;31;32;33;34;35;36;37;38;39;40;41;42;43;44;45;46;47;48;49;50;51;52;53;54;55;56;57;58;59;60;61,2;3;4;5;6;7;8;9;10;11;12;13;14;15;16;17;18;19;20;21;22;23;24;25;26;27;28;29;30;31;32;33;34;35;36;37;38;39;40;41;42;43;44;45;46;47;48;49;50;51;52;53;54;55;56;57;58;59;60;61
True,182,108,0.5569030679621159,0.0,17.624589415342577,216.0,359.0,163.0,53.0,69.63641996747172,42,18,2,7,0.3,0.3333333333333333,334.0,0.17252263800447834,0.20849227535171175,0.0527682317824628,0.10802433404396476,21,7,163,46,39,209,17,2,0,0.6586427040007742,0.39362113220747674,20,60,192,29,0,163,0.6586427040007742,nenhuma,69.63641996747172,0.0,76,0,terminal,0.9633333333333334,01,55,centralizada,j6043_1.sm,1,GOV,0,1.6851851851851851,0.35,28,0.25,0.1044776119402985,0.8675681140511307,60,20,60,60,2;3;4;5;6;7;8;9;10;11;12;13;14;15;16;17;18;19;20;21;22;23;24;25;26;27;28;29;30;31;32;33;34;35;36;37;38;39;40;41;42;43;44;45;46;47;48;49;50;51;52;53;54;55;56;57;58;59;60;61,2;3;4;5;6;7;8;9;10;11;12;13;14;15;16;17;18;19;20;21;22;23;24;25;26;27;28;29;30;31;32;33;34;35;36;37;38;39;40;41;42;43;44;45;46;47;48;49;50;51;52;53;54;55;56;57;58;59;60;61
True,146,108,0.6270843334902035,0.0,19.461741370635647,238.0,378.0,119.0,47.0,58.789736264245576,44,16,2,3,0.26666666666666666,0.3,334.0,0.14967228223268883,0.17601717444384904,0.05826868673843008,0.09752942481833145,17,3,119,44,43,163,0,3,0,0.7659648859265082,0.2570239140832174,6,60,163,44,0,119,0.7659648859265082,nenhuma,58.789736264245576,0.0,65,0,terminal,0.9073074695834927,01,55,centralizada,j6043_1.sm,2,GOV,0,1.3518518518518519,0.2833333333333333,20,0.15,0.047619047619047616,0.830039948492711,60,18,60,60,2;3;4;5;6;7;8;9;10;11;12;13;14;15;16;17;18;19;20;21;22;23;24;25;26;27;28;29;30;31;32;33;34;35;36;37;38;39;40;41;42;43;44;45;46;47;48;49;50;51;52;53;54;55;56;57;58;59;60;61,2;3;4;5;6;7;8;9;10;11;12;13;14;15;16;17;18;19;20;21;22;23;24;25;26;27;28;29;30;31;32;33;34;35;36;37;38;39;40;41;42;43;44;45;46;47;48;49;50;51;52;53;54;55;56;57;58;59;60;61
True,162,108,0.5779486086882222,0.0,9.77283090239241,269.0,376.0,172.0,62.0,40.576875430866274,49,11,1,3,0.18333333333333332,0.2,334.0,0.10832723024930924,0.12148765099061759,0.029259972761653923,0.06237060824517146,22,3,172,59,38,231,6,5,0,0.794910294566222,0.24332019624229825,4,60,225,53,0,172,0.794910294566222,nenhuma,40.576875430866274,0.0,44,0,terminal,0.9499999999999998,01,55,centralizada,j6043_1.sm,3,GOV,0,1.5,0.36666666666666664,25,0.12,0.047619047619047616,0.8005776972470989,60,12,60,60,2;3;4;5;6;7;8;9;10;11;12;13;14;15;16;17;18;19;20;21;22;23;24;25;26;27;28;29;30;31;32;33;34;35;36;37;38;39;40;41;42;43;44;45;46;47;48;49;50;51;52;53;54;55;56;57;58;59;60;61,2;3;4;5;6;7;8;9;10;11;12;13;14;15;16;17;18;19;20;21;22;23;24;25;26;27;28;29;30;31;32;33;34;35;36;37;38;39;40;41;42;43;44;45;46;47;48;49;50;51;52;53;54;55;56;57;58;59;60;61
True,121,85,0.69847643174641,0.0,11.261244040424208,287.0,378.0,91.0,42.0,30.177887784819788,51,9,2,7,0.15,0.18333333333333332,323.0,0.08544670781656134,0.09342999314185693,0.034864532632892284,0.055763342268742064,18,7,91,35,42,126,12,3,0,0.6268507180531939,0.4857196752206667,16,60,114,23,0,91,0.6268507180531939,nenhuma,30.17788778481979,0.0,35,0,terminal,0.9916666666666667,01,56,adaptativa,j6010_1.sm,0,GOV,0,1.423529411764706,0.3,25,0.28,0.1044776119402985,0.784933103883792,60,11,60,60,2;3;4;5;6;7;8;9;10;11;12;13;14;15;16;17;18;19;20;21;22;23;24;25;26;27;28;29;30;31;32;33;34;35;36;37;38;39;40;41;42;43;44;45;46;47;48;49;50;51;52;53;54;55;56;57;58;59;60;61,2;3;4;5;6;7;8;9;10;11;12;13;14;15;16;17;18;19;20;21;22;23;24;25;26;27;28;29;30;31;32;33;34;35;36;37;38;39;40;41;42;43;44;45;46;47;48;49;50;51;52;53;54;55;56;57;58;59;60;61
True,119,85,0.6828584594519055,0.0,4.5,298.0,363.0,92.0,47.0,29.58893321957376,55,5,4,5,0.08333333333333333,0.15,323.0,0.08391906390648778,0.09160660439496521,0.01393188854489164,0.05566130400865964,13,5,92,42,47,134,15,12,0,0.6586427040007742,0.39362113220747674,14,60,119,27,0,92,0.6586427040007742,nenhuma,29.58893321957376,0.0,32,0,terminal,0.9966666666666667,01,56,adaptativa,j6010_1.sm,1,GOV,0,1.4,0.21666666666666667,18,0.2777777777777778,0.07692307692307693,0.8773482423768472,60,9,60,60,2;3;4;5;6;7;8;9;10;11;12;13;14;15;16;17;18;19;20;21;22;23;24;25;26;27;28;29;30;31;32;33;34;35;36;37;38;39;40;41;42;43;44;45;46;47;48;49;50;51;52;53;54;55;56;57;58;59;60;61,2;3;4;5;6;7;8;9;10;11;12;13;14;15;16;17;18;19;20;21;22;23;24;25;26;27;28;29;30;31;32;33;34;35;36;37;38;39;40;41;42;43;44;45;46;47;48;49;50;51;52;53;54;55;56;57;58;59;60;61
True,171,85,0.6854078455000019,0.0,11.5,221.0,386.0,77.0,43.0,57.168342081661955,44,16,0,4,0.26666666666666666,0.26666666666666666,323.0,0.15037638791444113,0.1769917711506562,0.03560371517027864,0.10151199527719952,22,4,77,39,38,116,8,8,0,0.7659648859265082,0.2570239140832174,4,60,108,31,0,77,0.7659648859265082,nenhuma,57.168342081661955,0.0,62,0,terminal,0.9368304358170535,01,56,adaptativa,j6010_1.sm,2,GOV,0,2.011764705882353,0.36666666666666664,26,0.15384615384615385,0.0625,0.7666042386057839,60,16,60,60,2;3;4;5;6;7;8;9;10;11;12;13;14;15;16;17;18;19;20;21;22;23;24;25;26;27;28;29;30;31;32;33;34;35;36;37;38;39;40;41;42;43;44;45;46;47;48;49;50;51;52;53;54;55;56;57;58;59;60;61,2;3;4;5;6;7;8;9;10;11;12;13;14;15;16;17;18;19;20;21;22;23;24;25;26;27;28;29;30;31;32;33;34;35;36;37;38;39;40;41;42;43;44;45;46;47;48;49;50;51;52;53;54;55;56;57;58;59;60;61
True,136,85,0.5955323856461918,0.0,9.5,271.0,368.0,150.0,62.0,37.93448831619086,51,9,2,3,0.15,0.18333333333333332,323.0,0.10510075801611665,0.11744423627303671,0.029411764705882353,0.06138917479676286,17,3,150,59,43,209,14,13,0,0.794910294566222,0.24332019624229825,3,60,195,45,0,150,0.794910294566222,nenhuma,37.93448831619086,0.0,41,0,terminal,0.9783333333333334,01,56,adaptativa,j6010_1.sm,3,GOV,0,1.6,0.2833333333333333,20,0.15,0.047619047619047616,0.8265071435386783,60,11,60,60,2;3;4;5;6;7;8;9;10;11;12;13;14;15;16;17;18;19;20;21;22;23;24;25;26;27;28;29;30;31;32;33;34;35;36;37;38;39;40;41;42;43;44;45;46;47;48;49;50;51;52;53;54;55;56;57;58;59;60;61,2;3;4;5;6;7;8;9;10;11;12;13;14;15;16;17;18;19;20;21;22;23;24;25;26;27;28;29;30;31;32;33;34;35;36;37;38;39;40;41;42;43;44;45;46;47;48;49;50;51;52;53;54;55;56;57;58;59;60;61
True,196,76,0.6837840271987551,0.0,9.246761842848272,263.0,392.0,98.0,32.0,51.28042833334214,50,10,3,6,0.16666666666666666,0.21666666666666667,332.0,0.13379349568233923,0.1544591214859703,0.02785169229773576,0.08945086174043325,29,6,98,26,31,124,11,0,0,0.6268507180531939,0.4857196752206667,18,60,113,15,0,98,0.6268507180531939,nenhuma,51.28042833334214,0.0,56,0,terminal,0.9775666334538514,01,56,adaptativa,j6021_1.sm,0,GOV,0,2.5789473684210527,0.48333333333333334,35,0.17142857142857143,0.09090909090909091,0.7931590165877817,60,13,60,60,2;3;4;5;6;7;8;9;10;11;12;13;14;15;16;17;18;19;20;21;22;23;24;25;26;27;28;29;30;31;32;33;34;35;36;37;38;39;40;41;42;43;44;45;46;47;48;49;50;51;52;53;54;55;56;57;58;59;60;61,2;3;4;5;6;7;8;9;10;11;12;13;14;15;16;17;18;19;20;21;22;23;24;25;26;27;28;29;30;31;32;33;34;35;36;37;38;39;40;41;42;43;44;45;46;47;48;49;50;51;52;53;54;55;56;57;58;59;60;61
True,233,76,0.7044309589359838,8.881784197001252e-16,14.481974533451687,222.0,404.0,66.0,28.0,75.51255630534274,39,21,2,11,0.35,0.38333333333333336,332.0,0.18530117695014622,0.22744745875103237,0.04362040522124002,0.13166678824227737,24,11,66,17,36,83,6,0,0,0.6586427040007742,0.39362113220747674,17,60,77,11,0,66,0.6586427040007742,nenhuma,75.51255630534273,0.0,83,0,terminal,0.965,01,56,adaptativa,j6021_1.sm,1,GOV,0,3.0657894736842106,0.4,35,0.3142857142857143,0.15492957746478872,0.799015480338189,60,23,60,60,2;3;4;5;6;7;8;9;10;11;12;13;14;15;16;17;18;19;20;21;22;23;24;25;26;27;28;29;30;31;32;33;34;35;36;37;38;39;40;41;42;43;44;45;46;47;48;49;50;51;52;53;54;55;56;57;58;59;60;61,2;3;4;5;6;7;8;9;10;11;12;13;14;15;16;17;18;19;20;21;22;23;24;25;26;27;28;29;30;31;32;33;34;35;36;37;38;39;40;41;42;43;44;45;46;47;48;49;50;51;52;53;54;55;56;57;58;59;60;61
True,201,76,0.8152228980869757,0.0,5.910581019530631,267.0,403.0,29.0,20.0,42.34332738406984,50,10,2,7,0.16666666666666666,0.2,332.0,0.11311361599515386,0.1275401427231019,0.01780295487810431,0.08565570735654345,18,7,29,13,42,42,2,0,0,0.7659648859265082,0.2570239140832174,6,60,40,11,0,29,0.7659648859265082,nenhuma,42.34332738406984,0.0,47,0,terminal,0.9666666666666667,01,56,adaptativa,j6021_1.sm,2,GOV,0,2.6447368421052633,0.3,25,0.28,0.1044776119402985,0.8334411126718285,60,12,60,60,2;3;4;5;6;7;8;9;10;11;12;13;14;15;16;17;18;19;20;21;22;23;24;25;26;27;28;29;30;31;32;33;34;35;36;37;38;39;40;41;42;43;44;45;46;47;48;49;50;51;52;53;54;55;56;57;58;59;60;61,2;3;4;5;6;7;8;9;10;11;12;13;14;15;16;17;18;19;20;21;22;23;24;25;26;27;28;29;30;31;32;33;34;35;36;37;38;39;40;41;42;43;44;45;46;47;48;49;50;51;52;53;54;55;56;57;58;59;60;61
True,202,76,0.6779024048399187,0.0,21.62671134479144,225.0,435.0,90.0,39.0,77.68528816876196,45,15,1,14,0.25,0.26666666666666666,332.0,0.18962186442184614,0.23399183183362035,0.06514069682166096,0.12106446820755361,29,14,90,25,31,115,0,0,0,0.794910294566222,0.24332019624229825,2,60,115,25,0,90,0.794910294566222,nenhuma,77.68528816876196,0.0,84,0,terminal,0.9299438743787896,01,56,adaptativa,j6021_1.sm,3,GOV,0,2.6578947368421053,0.48333333333333334,43,0.32558139534883723,0.1891891891891892,0.7085740305892068,60,16,60,60,2;3;4;5;6;7;8;9;10;11;12;13;14;15;16;17;18;19;20;21;22;23;24;25;26;27;28;29;30;31;32;33;34;35;36;37;38;39;40;41;42;43;44;45;46;47;48;49;50;51;52;53;54;55;56;57;58;59;60;61,2;3;4;5;6;7;8;9;10;11;12;13;14;15;16;17;18;19;20;21;22;23;24;25;26;27;28;29;30;31;32;33;34;35;36;37;38;39;40;41;42;43;44;45;46;47;48;49;50;51;52;53;54;55;56;57;58;59;60;61
True,115,69,0.6936974468877406,0.0,14.623974136841579,255.0,426.0,82.0,50.0,56.1005735443316,46,14,2,9,0.23333333333333334,0.26666666666666666,337.0,0.14271302898011393,0.16647054464193353,0.043394582008431985,0.09135404844281868,25,9,82,41,35,123,11,8,0,0.6268507180531939,0.4857196752206667,14,60,112,30,0,82,0.6268507180531939,nenhuma,56.1005735443316,0.0,63,0,terminal,0.985,01,56,adaptativa,j6032_1.sm,0,GOV,0,1.6666666666666667,0.4166666666666667,34,0.2647058823529412,0.13043478260869565,0.5981459606497556,60,16,60,60,2;3;4;5;6;7;8;9;10;11;12;13;14;15;16;17;18;19;20;21;22;23;24;25;26;27;28;29;30;31;32;33;34;35;36;37;38;39;40;41;42;43;44;45;46;47;48;49;50;51;52;53;54;55;56;57;58;59;60;61,2;3;4;5;6;7;8;9;10;11;12;13;14;15;16;17;18;19;20;21;22;23;24;25;26;27;28;29;30;31;32;33;34;35;36;37;38;39;40;41;42;43;44;45;46;47;48;49;50;51;52;53;54;55;56;57;58;59;60;61
True,133,69,0.6578293025833342,0.0,18.95463123843589,191.0,439.0,60.0,68.0,100.34637431932764,38,22,2,13,0.36666666666666664,0.4,337.0,0.22944370917788817,0.29776372201580903,0.05624519655322223,0.15036625383883712,31,13,60,55,29,115,8,36,0,0.6586427040007742,0.39362113220747674,13,60,107,47,0,60,0.6586427040007742,nenhuma,100.34637431932764,0.0,107,0,terminal,0.9569670981025326,01,56,adaptativa,j6032_1.sm,1,GOV,0,1.9275362318840579,0.5166666666666667,44,0.29545454545454547,0.1780821917808219,0.509700925890145,60,24,60,60,2;3;4;5;6;7;8;9;10;11;12;13;14;15;16;17;18;19;20;21;22;23;24;25;26;27;28;29;30;31;32;33;34;35;36;37;38;39;40;41;42;43;44;45;46;47;48;49;50;51;52;53;54;55;56;57;58;59;60;61,2;3;4;5;6;7;8;9;10;11;12;13;14;15;16;17;18;19;20;21;22;23;24;25;26;27;28;29;30;31;32;33;34;35;36;37;38;39;40;41;42;43;44;45;46;47;48;49;50;51;52;53;54;55;56;57;58;59;60;61
True,130,69,0.6887801984828817,0.0,14.691663005917269,227.0,453.0,52.0,81.0,71.68441223743807,43,17,0,10,0.2833333333333333,0.2833333333333333,337.0,0.17540285386708301,0.2127133894285996,0.04359543918669813,0.10899515163141568,28,10,52,71,32,123,0,43,0,0.7659648859265082,0.2570239140832174,2,60,123,71,0,52,0.7659648859265082,nenhuma,71.68441223743805,0.0,80,0,terminal,0.8149999999999998,01,56,adaptativa,j6032_1.sm,2,GOV,0,1.8840579710144927,0.4666666666666667,38,0.2631578947368421,0.14285714285714285,0.5322314513179748,60,17,60,60,2;3;4;5;6;7;8;9;10;11;12;13;14;15;16;17;18;19;20;21;22;23;24;25;26;27;28;29;30;31;32;33;34;35;36;37;38;39;40;41;42;43;44;45;46;47;48;49;50;51;52;53;54;55;56;57;58;59;60;61,2;3;4;5;6;7;8;9;10;11;12;13;14;15;16;17;18;19;20;21;22;23;24;25;26;27;28;29;30;31;32;33;34;35;36;37;38;39;40;41;42;43;44;45;46;47;48;49;50;51;52;53;54;55;56;57;58;59;60;61
True,143,69,0.6237445858870008,2.6645352591003757e-15,14.823425655022604,227.0,459.0,109.0,78.0,89.87813086549765,41,19,3,17,0.31666666666666665,0.36666666666666664,337.0,0.21054751782029515,0.2667006850608239,0.043986426276031464,0.12213724949236927,34,17,109,61,26,170,0,31,0,0.794910294566222,0.24332019624229825,0,60,170,61,0,109,0.794910294566222,nenhuma,89.87813086549767,0.0,97,0,terminal,0.8517495656684219,01,56,adaptativa,j6032_1.sm,3,GOV,0,2.072463768115942,0.5666666666666667,51,0.3333333333333333,0.22077922077922077,0.5109203403387863,60,22,60,60,2;3;4;5;6;7;8;9;10;11;12;13;14;15;16;17;18;19;20;21;22;23;24;25;26;27;28;29;30;31;32;33;34;35;36;37;38;39;40;41;42;43;44;45;46;47;48;49;50;51;52;53;54;55;56;57;58;59;60;61,2;3;4;5;6;7;8;9;10;11;12;13;14;15;16;17;18;19;20;21;22;23;24;25;26;27;28;29;30;31;32;33;34;35;36;37;38;39;40;41;42;43;44;45;46;47;48;49;50;51;52;53;54;55;56;57;58;59;60;61
True,167,108,0.5315488558771105,0.0,13.832527014441895,230.0,371.0,201.0,59.0,66.9603020456354,45,15,1,3,0.25,0.26666666666666666,334.0,0.1669998294195576,0.20047994624441737,0.041414751540245195,0.09593712113623515,20,3,201,56,40,257,29,2,0,0.6268507180531939,0.4857196752206667,21,60,228,27,0,201,0.6268507180531939,nenhuma,66.9603020456354,0.0,72,0,terminal,1.0,01,56,adaptativa,j6043_1.sm,0,GOV,0,1.5462962962962963,0.3333333333333333,23,0.13043478260869565,0.047619047619047616,0.8682712548076097,60,16,60,60,2;3;4;5;6;7;8;9;10;11;12;13;14;15;16;17;18;19;20;21;22;23;24;25;26;27;28;29;30;31;32;33;34;35;36;37;38;39;40;41;42;43;44;45;46;47;48;49;50;51;52;53;54;55;56;57;58;59;60;61,2;3;4;5;6;7;8;9;10;11;12;13;14;15;16;17;18;19;20;21;22;23;24;25;26;27;28;29;30;31;32;33;34;35;36;37;38;39;40;41;42;43;44;45;46;47;48;49;50;51;52;53;54;55;56;57;58;59;60;61
True,161,108,0.5754785175516541,0.0,12.297705847546133,233.0,361.0,155.0,49.0,62.30404174921642,45,15,3,6,0.25,0.3,334.0,0.15721273362294597,0.18653904715334257,0.03681947858546746,0.09932032571555521,17,6,155,43,43,198,21,0,0,0.6586427040007742,0.39362113220747674,20,60,177,22,0,155,0.6586427040007742,nenhuma,62.30404174921642,0.0,68,0,terminal,0.9666666666666667,01,56,adaptativa,j6043_1.sm,1,GOV,0,1.4907407407407407,0.2833333333333333,23,0.2608695652173913,0.09090909090909091,0.8646076285410225,60,18,60,60,2;3;4;5;6;7;8;9;10;11;12;13;14;15;16;17;18;19;20;21;22;23;24;25;26;27;28;29;30;31;32;33;34;35;36;37;38;39;40;41;42;43;44;45;46;47;48;49;50;51;52;53;54;55;56;57;58;59;60;61,2;3;4;5;6;7;8;9;10;11;12;13;14;15;16;17;18;19;20;21;22;23;24;25;26;27;28;29;30;31;32;33;34;35;36;37;38;39;40;41;42;43;44;45;46;47;48;49;50;51;52;53;54;55;56;57;58;59;60;61
True,148,108,0.6184736307451356,8.881784197001252e-16,13.02952855507662,246.0,378.0,123.0,47.0,63.18207989657782,44,16,4,6,0.26666666666666666,0.3333333333333333,334.0,0.15907585738266386,0.18916790388196952,0.039010564536157546,0.10337685278218446,18,6,123,41,42,164,1,0,0,0.7659648859265082,0.2570239140832174,6,60,163,40,0,123,0.7659648859265082,nenhuma,63.18207989657782,0.0,68,0,terminal,0.9566666666666667,01,56,adaptativa,j6043_1.sm,2,GOV,0,1.3703703703703705,0.3,24,0.25,0.09090909090909091,0.8259682163599881,60,20,60,60,2;3;4;5;6;7;8;9;10;11;12;13;14;15;16;17;18;19;20;21;22;23;24;25;26;27;28;29;30;31;32;33;34;35;36;37;38;39;40;41;42;43;44;45;46;47;48;49;50;51;52;53;54;55;56;57;58;59;60;61,2;3;4;5;6;7;8;9;10;11;12;13;14;15;16;17;18;19;20;21;22;23;24;25;26;27;28;29;30;31;32;33;34;35;36;37;38;39;40;41;42;43;44;45;46;47;48;49;50;51;52;53;54;55;56;57;58;59;60;61
True,178,108,0.5538412067970601,0.0,9.106102656291712,249.0,378.0,193.0,63.0,48.506096261825775,45,15,1,4,0.25,0.26666666666666666,334.0,0.12681130244947342,0.14522783311923884,0.02726378040805902,0.07107056849381997,23,4,193,59,37,252,3,0,0,0.794910294566222,0.24332019624229825,4,60,249,56,0,193,0.794910294566222,nenhuma,48.506096261825775,0.0,55,0,terminal,0.9538701026032687,01,56,adaptativa,j6043_1.sm,3,GOV,0,1.6481481481481481,0.38333333333333336,27,0.14814814814814814,0.0625,0.7988443659392689,60,16,60,60,2;3;4;5;6;7;8;9;10;11;12;13;14;15;16;17;18;19;20;21;22;23;24;25;26;27;28;29;30;31;32;33;34;35;36;37;38;39;40;41;42;43;44;45;46;47;48;49;50;51;52;53;54;55;56;57;58;59;60;61,2;3;4;5;6;7;8;9;10;11;12;13;14;15;16;17;18;19;20;21;22;23;24;25;26;27;28;29;30;31;32;33;34;35;36;37;38;39;40;41;42;43;44;45;46;47;48;49;50;51;52;53;54;55;56;57;58;59;60;61
True,170,85,0.6800519834342095,0.0,16.05982711495676,294.0,387.0,89.0,52.0,41.07414348779663,55,5,5,11,0.08333333333333333,0.16666666666666666,323.0,0.11281807352290975,0.127164530921971,0.04972082698129028,0.07217713888045844,24,11,89,41,36,130,9,3,0,0.6268507180531939,0.4857196752206667,16,60,121,32,0,89,0.6268507180531939,nenhuma,41.07414348779663,0.0,46,0,terminal,0.96,01,60,adaptativa,j6010_1.sm,0,GOV,0,2.0,0.4,35,0.3142857142857143,0.15492957746478872,0.8004119970414131,60,10,60,60,2;3;4;5;6;7;8;9;10;11;12;13;14;15;16;17;18;19;20;21;22;23;24;25;26;27;28;29;30;31;32;33;34;35;36;37;38;39;40;41;42;43;44;45;46;47;48;49;50;51;52;53;54;55;56;57;58;59;60;61,2;3;4;5;6;7;8;9;10;11;12;13;14;15;16;17;18;19;20;21;22;23;24;25;26;27;28;29;30;31;32;33;34;35;36;37;38;39;40;41;42;43;44;45;46;47;48;49;50;51;52;53;54;55;56;57;58;59;60;61
True,114,85,0.6832535885167464,0.0,4.5,311.0,357.0,94.0,41.0,30.5,58,2,9,1,0.03333333333333333,0.18333333333333332,323.0,0.08628005657708628,0.09442724458204334,0.01393188854489164,0.05837320574162679,14,1,94,40,46,134,20,1,0,0.6586427040007742,0.39362113220747674,14,60,114,20,0,94,0.6586427040007742,nenhuma,30.5,0.0,33,0,terminal,0.9616666666666666,01,60,adaptativa,j6010_1.sm,1,GOV,0,1.3411764705882352,0.23333333333333334,15,0.06666666666666667,0.01639344262295082,0.9233266182066993,60,11,60,60,2;3;4;5;6;7;8;9;10;11;12;13;14;15;16;17;18;19;20;21;22;23;24;25;26;27;28;29;30;31;32;33;34;35;36;37;38;39;40;41;42;43;44;45;46;47;48;49;50;51;52;53;54;55;56;57;58;59;60;61,2;3;4;5;6;7;8;9;10;11;12;13;14;15;16;17;18;19;20;21;22;23;24;25;26;27;28;29;30;31;32;33;34;35;36;37;38;39;40;41;42;43;44;45;46;47;48;49;50;51;52;53;54;55;56;57;58;59;60;61
True,216,85,0.6936497060611688,0.0,5.198239337283798,304.0,408.0,64.0,52.0,64.19314191999509,56,4,14,13,0.06666666666666667,0.3,323.0,0.16579100962810747,0.1987403774612851,0.016093620239268726,0.1091361618234007,28,13,64,39,32,103,8,15,0,0.7659648859265082,0.2570239140832174,4,60,95,31,0,64,0.7659648859265082,nenhuma,64.19314191999509,0.0,74,0,terminal,0.9633333333333333,01,60,adaptativa,j6010_1.sm,2,GOV,0,2.541176470588235,0.4666666666666667,41,0.3170731707317073,0.1780821917808219,0.7208851414277028,60,18,60,60,2;3;4;5;6;7;8;9;10;11;12;13;14;15;16;17;18;19;20;21;22;23;24;25;26;27;28;29;30;31;32;33;34;35;36;37;38;39;40;41;42;43;44;45;46;47;48;49;50;51;52;53;54;55;56;57;58;59;60;61,2;3;4;5;6;7;8;9;10;11;12;13;14;15;16;17;18;19;20;21;22;23;24;25;26;27;28;29;30;31;32;33;34;35;36;37;38;39;40;41;42;43;44;45;46;47;48;49;50;51;52;53;54;55;56;57;58;59;60;61
True,214,85,0.5679149481063871,0.0,15.390707588527041,288.0,380.0,153.0,72.0,64.11427717661506,56,4,15,12,0.06666666666666667,0.31666666666666665,323.0,0.16562106064448737,0.1984962141690869,0.04764924950008372,0.09581962209377858,25,12,153,60,35,213,8,10,0,0.794910294566222,0.24332019624229825,3,60,205,52,0,153,0.794910294566222,nenhuma,64.11427717661508,0.0,70,0,terminal,0.9916666666666667,01,60,adaptativa,j6010_1.sm,3,GOV,0,2.5176470588235293,0.4166666666666667,37,0.32432432432432434,0.16666666666666666,0.8271734813949182,60,19,60,60,2;3;4;5;6;7;8;9;10;11;12;13;14;15;16;17;18;19;20;21;22;23;24;25;26;27;28;29;30;31;32;33;34;35;36;37;38;39;40;41;42;43;44;45;46;47;48;49;50;51;52;53;54;55;56;57;58;59;60;61,2;3;4;5;6;7;8;9;10;11;12;13;14;15;16;17;18;19;20;21;22;23;24;25;26;27;28;29;30;31;32;33;34;35;36;37;38;39;40;41;42;43;44;45;46;47;48;49;50;51;52;53;54;55;56;57;58;59;60;61
True,205,76,0.724161352138985,0.0,11.693120136519072,316.0,408.0,59.0,28.0,68.4103488053784,57,3,12,14,0.05,0.25,332.0,0.17085060116323222,0.20605526748607952,0.03522024137505744,0.12142188894902556,34,14,59,14,26,73,7,0,0,0.6268507180531939,0.4857196752206667,18,60,66,7,0,59,0.6268507180531939,nenhuma,68.41034880537838,0.0,75,0,terminal,0.984233300120518,01,60,adaptativa,j6021_1.sm,0,GOV,0,2.6973684210526314,0.5666666666666667,48,0.2916666666666667,0.1891891891891892,0.7076603222478367,60,15,60,60,2;3;4;5;6;7;8;9;10;11;12;13;14;15;16;17;18;19;20;21;22;23;24;25;26;27;28;29;30;31;32;33;34;35;36;37;38;39;40;41;42;43;44;45;46;47;48;49;50;51;52;53;54;55;56;57;58;59;60;61,2;3;4;5;6;7;8;9;10;11;12;13;14;15;16;17;18;19;20;21;22;23;24;25;26;27;28;29;30;31;32;33;34;35;36;37;38;39;40;41;42;43;44;45;46;47;48;49;50;51;52;53;54;55;56;57;58;59;60;61
True,216,76,0.7129509989316924,0.0,22.013258200653944,278.0,388.0,50.0,31.0,75.21692455917872,53,7,11,11,0.11666666666666667,0.3,332.0,0.184709721091781,0.22655700168427326,0.06630499458028297,0.13821129252844386,25,11,50,20,35,70,12,0,0,0.6586427040007742,0.39362113220747674,17,60,58,8,0,50,0.6586427040007742,nenhuma,75.21692455917872,0.0,83,0,terminal,0.9666666666666667,01,60,adaptativa,j6021_1.sm,1,GOV,0,2.8421052631578947,0.4166666666666667,36,0.3055555555555556,0.15492957746478872,0.8163029042912034,60,18,60,60,2;3;4;5;6;7;8;9;10;11;12;13;14;15;16;17;18;19;20;21;22;23;24;25;26;27;28;29;30;31;32;33;34;35;36;37;38;39;40;41;42;43;44;45;46;47;48;49;50;51;52;53;54;55;56;57;58;59;60;61,2;3;4;5;6;7;8;9;10;11;12;13;14;15;16;17;18;19;20;21;22;23;24;25;26;27;28;29;30;31;32;33;34;35;36;37;38;39;40;41;42;43;44;45;46;47;48;49;50;51;52;53;54;55;56;57;58;59;60;61
True,208,76,0.7443621652585183,0.0,13.728630582609373,313.0,405.0,55.0,29.0,55.08998589999913,56,4,9,9,0.06666666666666667,0.21666666666666667,332.0,0.1423182926623968,0.16593369246987688,0.0413512969355704,0.10125160787304838,26,9,55,20,34,75,4,0,0,0.7659648859265082,0.2570239140832174,6,60,71,16,0,55,0.7659648859265082,nenhuma,55.08998589999913,0.0,61,0,terminal,0.9666666666666667,01,60,adaptativa,j6021_1.sm,2,GOV,0,2.736842105263158,0.43333333333333335,35,0.2571428571428571,0.13043478260869565,0.7843247051214252,60,13,60,60,2;3;4;5;6;7;8;9;10;11;12;13;14;15;16;17;18;19;20;21;22;23;24;25;26;27;28;29;30;31;32;33;34;35;36;37;38;39;40;41;42;43;44;45;46;47;48;49;50;51;52;53;54;55;56;57;58;59;60;61,2;3;4;5;6;7;8;9;10;11;12;13;14;15;16;17;18;19;20;21;22;23;24;25;26;27;28;29;30;31;32;33;34;35;36;37;38;39;40;41;42;43;44;45;46;47;48;49;50;51;52;53;54;55;56;57;58;59;60;61
True,211,76,0.6335292523236783,0.0,13.283131048043714,292.0,421.0,98.0,52.0,93.53127216437616,55,5,16,19,0.08333333333333333,0.35,332.0,0.21979882157343886,0.28172069929028964,0.040009430867601545,0.14074773615957173,29,19,98,33,31,131,0,0,0,0.794910294566222,0.24332019624229825,2,60,131,33,0,98,0.794910294566222,nenhuma,93.53127216437615,0.0,103,0,terminal,0.9867828036541416,01,60,adaptativa,j6021_1.sm,3,GOV,0,2.776315789473684,0.48333333333333334,48,0.3958333333333333,0.24050632911392406,0.7025999138353938,60,21,60,60,2;3;4;5;6;7;8;9;10;11;12;13;14;15;16;17;18;19;20;21;22;23;24;25;26;27;28;29;30;31;32;33;34;35;36;37;38;39;40;41;42;43;44;45;46;47;48;49;50;51;52;53;54;55;56;57;58;59;60;61,2;3;4;5;6;7;8;9;10;11;12;13;14;15;16;17;18;19;20;21;22;23;24;25;26;27;28;29;30;31;32;33;34;35;36;37;38;39;40;41;42;43;44;45;46;47;48;49;50;51;52;53;54;55;56;57;58;59;60;61
True,123,69,0.6852188657668965,0.0,8.0,317.0,415.0,93.0,50.0,47.64590488256957,57,3,9,8,0.05,0.2,337.0,0.12386952331421706,0.14138250706993938,0.02373887240356083,0.07866957325800424,20,8,93,42,40,135,12,13,0,0.6268507180531939,0.4857196752206667,14,60,123,30,0,93,0.6268507180531939,nenhuma,47.64590488256957,0.0,53,0,terminal,0.9933333333333333,01,60,adaptativa,j6032_1.sm,0,GOV,0,1.7826086956521738,0.3333333333333333,28,0.2857142857142857,0.11764705882352941,0.7542439304652354,60,12,60,60,2;3;4;5;6;7;8;9;10;11;12;13;14;15;16;17;18;19;20;21;22;23;24;25;26;27;28;29;30;31;32;33;34;35;36;37;38;39;40;41;42;43;44;45;46;47;48;49;50;51;52;53;54;55;56;57;58;59;60;61,2;3;4;5;6;7;8;9;10;11;12;13;14;15;16;17;18;19;20;21;22;23;24;25;26;27;28;29;30;31;32;33;34;35;36;37;38;39;40;41;42;43;44;45;46;47;48;49;50;51;52;53;54;55;56;57;58;59;60;61
True,117,69,0.7034210082703631,0.0,5.0,318.0,433.0,73.0,59.0,50.563076605716674,57,3,12,8,0.05,0.25,337.0,0.1304641222495932,0.15003880298432248,0.01483679525222552,0.08214117858486104,20,8,73,51,40,124,13,20,0,0.6586427040007742,0.39362113220747674,13,60,111,38,0,73,0.6586427040007742,nenhuma,50.563076605716674,0.0,55,0,terminal,0.955,01,60,adaptativa,j6032_1.sm,1,GOV,0,1.6956521739130435,0.3333333333333333,28,0.2857142857142857,0.11764705882352941,0.6619537643204584,60,15,60,60,2;3;4;5;6;7;8;9;10;11;12;13;14;15;16;17;18;19;20;21;22;23;24;25;26;27;28;29;30;31;32;33;34;35;36;37;38;39;40;41;42;43;44;45;46;47;48;49;50;51;52;53;54;55;56;57;58;59;60;61,2;3;4;5;6;7;8;9;10;11;12;13;14;15;16;17;18;19;20;21;22;23;24;25;26;27;28;29;30;31;32;33;34;35;36;37;38;39;40;41;42;43;44;45;46;47;48;49;50;51;52;53;54;55;56;57;58;59;60;61
True,144,69,0.7090940730203439,0.0,2.63308535070821,332.0,452.0,63.0,78.0,44.433053240359214,57,3,9,12,0.05,0.2,337.0,0.11648978205451908,0.13184882267168907,0.007813309646018427,0.06970622721003562,33,12,63,66,27,129,0,26,0,0.7659648859265082,0.2570239140832174,2,60,129,66,0,63,0.7659648859265082,nenhuma,44.43305324035921,0.0,49,0,terminal,0.8349999999999999,01,60,adaptativa,j6032_1.sm,2,GOV,0,2.0869565217391304,0.55,45,0.26666666666666666,0.16666666666666666,0.6087054484592394,60,12,60,60,2;3;4;5;6;7;8;9;10;11;12;13;14;15;16;17;18;19;20;21;22;23;24;25;26;27;28;29;30;31;32;33;34;35;36;37;38;39;40;41;42;43;44;45;46;47;48;49;50;51;52;53;54;55;56;57;58;59;60;61,2;3;4;5;6;7;8;9;10;11;12;13;14;15;16;17;18;19;20;21;22;23;24;25;26;27;28;29;30;31;32;33;34;35;36;37;38;39;40;41;42;43;44;45;46;47;48;49;50;51;52;53;54;55;56;57;58;59;60;61
True,180,69,0.6077948194302802,8.881784197001252e-16,11.296766498984212,294.0,469.0,111.0,87.0,104.64198345688389,52,8,15,15,0.13333333333333333,0.38333333333333336,337.0,0.2369384872285353,0.31051033666731126,0.03352156231152585,0.13560949987207488,32,15,111,72,28,183,0,35,0,0.794910294566222,0.24332019624229825,0,60,183,72,0,111,0.794910294566222,nenhuma,104.64198345688388,0.0,115,0,terminal,0.8383333333333333,01,60,adaptativa,j6032_1.sm,3,GOV,0,2.608695652173913,0.5333333333333333,47,0.3191489361702128,0.2,0.5995122866090521,60,23,60,60,2;3;4;5;6;7;8;9;10;11;12;13;14;15;16;17;18;19;20;21;22;23;24;25;26;27;28;29;30;31;32;33;34;35;36;37;38;39;40;41;42;43;44;45;46;47;48;49;50;51;52;53;54;55;56;57;58;59;60;61,2;3;4;5;6;7;8;9;10;11;12;13;14;15;16;17;18;19;20;21;22;23;24;25;26;27;28;29;30;31;32;33;34;35;36;37;38;39;40;41;42;43;44;45;46;47;48;49;50;51;52;53;54;55;56;57;58;59;60;61
True,180,108,0.5172079917830902,0.0,7.500076824415634,307.0,389.0,222.0,68.0,73.11521511667051,56,4,14,4,0.06666666666666667,0.3,334.0,0.17959342319278648,0.21890782969063027,0.022455319833579745,0.09721278555085294,21,4,222,64,39,286,29,0,0,0.6268507180531939,0.4857196752206667,21,60,257,35,0,222,0.6268507180531939,nenhuma,73.11521511667053,0.0,79,0,terminal,0.9966666666666667,01,60,adaptativa,j6043_1.sm,0,GOV,0,1.6666666666666667,0.35,25,0.16,0.0625,0.8479339809532591,60,18,60,60,2;3;4;5;6;7;8;9;10;11;12;13;14;15;16;17;18;19;20;21;22;23;24;25;26;27;28;29;30;31;32;33;34;35;36;37;38;39;40;41;42;43;44;45;46;47;48;49;50;51;52;53;54;55;56;57;58;59;60;61,2;3;4;5;6;7;8;9;10;11;12;13;14;15;16;17;18;19;20;21;22;23;24;25;26;27;28;29;30;31;32;33;34;35;36;37;38;39;40;41;42;43;44;45;46;47;48;49;50;51;52;53;54;55;56;57;58;59;60;61
True,148,108,0.547884812671582,0.0,4.0,315.0,353.0,183.0,50.0,58.29601229263935,56,4,14,2,0.06666666666666667,0.3,334.0,0.14860210266209006,0.17453895895999805,0.011976047904191617,0.0904801693327279,19,2,183,48,41,231,26,2,0,0.6586427040007742,0.39362113220747674,20,60,205,22,0,183,0.6586427040007742,nenhuma,58.29601229263935,0.0,66,0,terminal,0.9666666666666667,01,60,adaptativa,j6043_1.sm,1,GOV,0,1.3703703703703705,0.31666666666666665,21,0.09523809523809523,0.03225806451612903,0.896278215137068,60,18,60,60,2;3;4;5;6;7;8;9;10;11;12;13;14;15;16;17;18;19;20;21;22;23;24;25;26;27;28;29;30;31;32;33;34;35;36;37;38;39;40;41;42;43;44;45;46;47;48;49;50;51;52;53;54;55;56;57;58;59;60;61,2;3;4;5;6;7;8;9;10;11;12;13;14;15;16;17;18;19;20;21;22;23;24;25;26;27;28;29;30;31;32;33;34;35;36;37;38;39;40;41;42;43;44;45;46;47;48;49;50;51;52;53;54;55;56;57;58;59;60;61
True,206,108,0.6197084572348568,0.0,8.087675761618911,314.0,376.0,124.0,48.0,58.73691896624173,56,4,14,4,0.06666666666666667,0.3,334.0,0.14955792575052143,0.17585903882108303,0.024214598088679373,0.09680788679600655,21,4,124,44,39,168,3,3,0,0.7659648859265082,0.2570239140832174,6,60,165,41,0,124,0.7659648859265082,nenhuma,58.73691896624173,0.0,64,0,terminal,0.9666666666666667,01,60,adaptativa,j6043_1.sm,2,GOV,0,1.9074074074074074,0.35,25,0.16,0.0625,0.8630013937545971,60,18,60,60,2;3;4;5;6;7;8;9;10;11;12;13;14;15;16;17;18;19;20;21;22;23;24;25;26;27;28;29;30;31;32;33;34;35;36;37;38;39;40;41;42;43;44;45;46;47;48;49;50;51;52;53;54;55;56;57;58;59;60;61,2;3;4;5;6;7;8;9;10;11;12;13;14;15;16;17;18;19;20;21;22;23;24;25;26;27;28;29;30;31;32;33;34;35;36;37;38;39;40;41;42;43;44;45;46;47;48;49;50;51;52;53;54;55;56;57;58;59;60;61
True,169,108,0.5346333980944619,0.0,14.5,287.0,383.0,197.0,75.0,61.37873983385062,54,6,8,6,0.1,0.23333333333333334,334.0,0.15524036487051304,0.1837686821372773,0.04341317365269461,0.08567917558257823,25,6,197,69,35,266,4,5,0,0.794910294566222,0.24332019624229825,4,60,262,65,0,197,0.794910294566222,nenhuma,61.37873983385062,0.0,64,0,terminal,0.9204755837975872,01,60,adaptativa,j6043_1.sm,3,GOV,0,1.5648148148148149,0.4166666666666667,31,0.1935483870967742,0.09090909090909091,0.8199934160653757,60,14,60,60,2;3;4;5;6;7;8;9;10;11;12;13;14;15;16;17;18;19;20;21;22;23;24;25;26;27;28;29;30;31;32;33;34;35;36;37;38;39;40;41;42;43;44;45;46;47;48;49;50;51;52;53;54;55;56;57;58;59;60;61,2;3;4;5;6;7;8;9;10;11;12;13;14;15;16;17;18;19;20;21;22;23;24;25;26;27;28;29;30;31;32;33;34;35;36;37;38;39;40;41;42;43;44;45;46;47;48;49;50;51;52;53;54;55;56;57;58;59;60;61
True,134,85,0.6889710407379988,2.220446049250313e-16,4.444549294843161,310.0,380.0,91.0,53.0,27.5471297501255,56,4,5,11,0.06666666666666667,0.15,323.0,0.07858324148813156,0.08528523142453714,0.013760214535118146,0.04994519645602277,24,11,91,42,36,133,9,3,0,0.6268507180531939,0.4857196752206667,16,60,124,33,0,91,0.6268507180531939,nenhuma,27.5471297501255,0.0,32,0,terminal,0.9583333333333334,01,61,adaptativa,j6010_1.sm,0,GOV,0,1.576470588235294,0.4,35,0.3142857142857143,0.15492957746478872,0.7499109693492956,60,9,60,60,2;3;4;5;6;7;8;9;10;11;12;13;14;15;16;17;18;19;20;21;22;23;24;25;26;27;28;29;30;31;32;33;34;35;36;37;38;39;40;41;42;43;44;45;46;47;48;49;50;51;52;53;54;55;56;57;58;59;60;61,2;3;4;5;6;7;8;9;10;11;12;13;14;15;16;17;18;19;20;21;22;23;24;25;26;27;28;29;30;31;32;33;34;35;36;37;38;39;40;41;42;43;44;45;46;47;48;49;50;51;52;53;54;55;56;57;58;59;60;61
True,123,85,0.6516245487364621,0.0,3.0,313.0,361.0,110.0,43.0,40.0,57,3,11,1,0.05,0.23333333333333334,323.0,0.11019283746556474,0.1238390092879257,0.009287925696594427,0.07220216606498195,13,1,110,42,47,152,20,1,0,0.6586427040007742,0.39362113220747674,14,60,132,22,0,110,0.6586427040007742,nenhuma,40.0,0.0,42,0,terminal,0.9666666666666667,01,61,adaptativa,j6010_1.sm,1,GOV,0,1.4470588235294117,0.21666666666666667,14,0.07142857142857142,0.01639344262295082,0.9019756680888364,60,14,60,60,2;3;4;5;6;7;8;9;10;11;12;13;14;15;16;17;18;19;20;21;22;23;24;25;26;27;28;29;30;31;32;33;34;35;36;37;38;39;40;41;42;43;44;45;46;47;48;49;50;51;52;53;54;55;56;57;58;59;60;61,2;3;4;5;6;7;8;9;10;11;12;13;14;15;16;17;18;19;20;21;22;23;24;25;26;27;28;29;30;31;32;33;34;35;36;37;38;39;40;41;42;43;44;45;46;47;48;49;50;51;52;53;54;55;56;57;58;59;60;61
True,140,85,0.6859476699807652,0.0,4.850983627492545,304.0,408.0,64.0,55.0,67.79755942817154,56,4,15,15,0.06666666666666667,0.31666666666666665,323.0,0.17348511471610842,0.20989956479310073,0.01501852516251562,0.11398425960817825,28,15,64,40,32,104,8,15,0,0.7659648859265082,0.2570239140832174,4,60,96,32,0,64,0.7659648859265082,nenhuma,67.79755942817154,0.0,77,0,terminal,0.9616666666666666,01,61,adaptativa,j6010_1.sm,2,GOV,0,1.6470588235294117,0.4666666666666667,43,0.3488372093023256,0.2,0.5704234361248477,60,19,60,60,2;3;4;5;6;7;8;9;10;11;12;13;14;15;16;17;18;19;20;21;22;23;24;25;26;27;28;29;30;31;32;33;34;35;36;37;38;39;40;41;42;43;44;45;46;47;48;49;50;51;52;53;54;55;56;57;58;59;60;61,2;3;4;5;6;7;8;9;10;11;12;13;14;15;16;17;18;19;20;21;22;23;24;25;26;27;28;29;30;31;32;33;34;35;36;37;38;39;40;41;42;43;44;45;46;47;48;49;50;51;52;53;54;55;56;57;58;59;60;61
True,130,85,0.6163180934761017,0.0,5.0,295.0,368.0,135.0,53.0,41.09426657335282,57,3,7,5,0.05,0.16666666666666666,323.0,0.11286710708220861,0.12722683149644837,0.015479876160990712,0.06882375007415081,19,5,135,48,41,183,6,5,0,0.794910294566222,0.24332019624229825,3,60,177,42,0,135,0.794910294566222,nenhuma,41.09426657335282,0.0,44,0,terminal,0.9983333333333334,01,61,adaptativa,j6010_1.sm,3,GOV,0,1.5294117647058822,0.31666666666666665,24,0.20833333333333334,0.07692307692307693,0.8124544644049992,60,10,60,60,2;3;4;5;6;7;8;9;10;11;12;13;14;15;16;17;18;19;20;21;22;23;24;25;26;27;28;29;30;31;32;33;34;35;36;37;38;39;40;41;42;43;44;45;46;47;48;49;50;51;52;53;54;55;56;57;58;59;60;61,2;3;4;5;6;7;8;9;10;11;12;13;14;15;16;17;18;19;20;21;22;23;24;25;26;27;28;29;30;31;32;33;34;35;36;37;38;39;40;41;42;43;44;45;46;47;48;49;50;51;52;53;54;55;56;57;58;59;60;61
True,212,76,0.7388043140891871,0.0,7.973730428498227,312.0,403.0,60.0,26.0,56.475970178688726,57,3,10,12,0.05,0.21666666666666667,332.0,0.14537828466638816,0.17010834391171303,0.02401726032680189,0.10353521193644544,29,12,60,14,31,74,7,0,0,0.6268507180531939,0.4857196752206667,18,60,67,7,0,60,0.6268507180531939,nenhuma,56.475970178688726,0.0,62,0,terminal,0.9892333001205181,01,61,adaptativa,j6021_1.sm,0,GOV,0,2.789473684210526,0.48333333333333334,41,0.2926829268292683,0.16666666666666666,0.7651742997088216,60,13,60,60,2;3;4;5;6;7;8;9;10;11;12;13;14;15;16;17;18;19;20;21;22;23;24;25;26;27;28;29;30;31;32;33;34;35;36;37;38;39;40;41;42;43;44;45;46;47;48;49;50;51;52;53;54;55;56;57;58;59;60;61,2;3;4;5;6;7;8;9;10;11;12;13;14;15;16;17;18;19;20;21;22;23;24;25;26;27;28;29;30;31;32;33;34;35;36;37;38;39;40;41;42;43;44;45;46;47;48;49;50;51;52;53;54;55;56;57;58;59;60;61
True,216,76,0.7351490858033846,0.0,8.5,308.0,395.0,46.0,26.0,70.30598000858102,57,3,12,10,0.05,0.25,332.0,0.17475748187258222,0.21176500002584644,0.025602409638554216,0.13084905551853004,20,10,46,16,40,62,9,0,0,0.6586427040007742,0.39362113220747674,17,60,53,7,0,46,0.6586427040007742,nenhuma,70.305980008581,0.0,77,0,terminal,0.9666666666666667,01,61,adaptativa,j6021_1.sm,1,GOV,0,2.8421052631578947,0.3333333333333333,30,0.3333333333333333,0.14285714285714285,0.8154911929347662,60,15,60,60,2;3;4;5;6;7;8;9;10;11;12;13;14;15;16;17;18;19;20;21;22;23;24;25;26;27;28;29;30;31;32;33;34;35;36;37;38;39;40;41;42;43;44;45;46;47;48;49;50;51;52;53;54;55;56;57;58;59;60;61,2;3;4;5;6;7;8;9;10;11;12;13;14;15;16;17;18;19;20;21;22;23;24;25;26;27;28;29;30;31;32;33;34;35;36;37;38;39;40;41;42;43;44;45;46;47;48;49;50;51;52;53;54;55;56;57;58;59;60;61
True,211,76,0.7116987289239349,0.0,7.626363322781177,316.0,404.0,54.0,27.0,82.65592459443441,57,3,15,7,0.05,0.3,332.0,0.1993361717314863,0.2489636282964892,0.022970973863798726,0.14560919918785045,24,7,54,20,36,74,4,0,0,0.7659648859265082,0.2570239140832174,6,60,70,16,0,54,0.7659648859265082,nenhuma,82.65592459443441,0.0,90,0,terminal,0.9666666666666667,01,61,adaptativa,j6021_1.sm,2,GOV,0,2.776315789473684,0.4,31,0.22580645161290322,0.1044776119402985,0.765137123733771,60,18,60,60,2;3;4;5;6;7;8;9;10;11;12;13;14;15;16;17;18;19;20;21;22;23;24;25;26;27;28;29;30;31;32;33;34;35;36;37;38;39;40;41;42;43;44;45;46;47;48;49;50;51;52;53;54;55;56;57;58;59;60;61,2;3;4;5;6;7;8;9;10;11;12;13;14;15;16;17;18;19;20;21;22;23;24;25;26;27;28;29;30;31;32;33;34;35;36;37;38;39;40;41;42;43;44;45;46;47;48;49;50;51;52;53;54;55;56;57;58;59;60;61
True,207,76,0.6358116813232672,0.0,13.283131048043714,298.0,413.0,96.0,53.0,87.5634039633467,56,4,14,20,0.06666666666666667,0.3,332.0,0.20870124309267998,0.26374519266068286,0.040009430867601545,0.13480347480950097,30,20,96,33,30,129,0,0,0,0.794910294566222,0.24332019624229825,2,60,129,33,0,96,0.794910294566222,nenhuma,87.56340396334669,0.0,94,0,terminal,0.9867828036541416,01,61,adaptativa,j6021_1.sm,3,GOV,0,2.723684210526316,0.5,50,0.4,0.25,0.7172136095175173,60,18,60,60,2;3;4;5;6;7;8;9;10;11;12;13;14;15;16;17;18;19;20;21;22;23;24;25;26;27;28;29;30;31;32;33;34;35;36;37;38;39;40;41;42;43;44;45;46;47;48;49;50;51;52;53;54;55;56;57;58;59;60;61,2;3;4;5;6;7;8;9;10;11;12;13;14;15;16;17;18;19;20;21;22;23;24;25;26;27;28;29;30;31;32;33;34;35;36;37;38;39;40;41;42;43;44;45;46;47;48;49;50;51;52;53;54;55;56;57;58;59;60;61
True,124,69,0.6691789548031858,0.0,6.422639005209861,311.0,446.0,97.0,62.0,61.4883837107136,56,4,12,10,0.06666666666666667,0.26666666666666666,337.0,0.15430408068143756,0.1824581119012273,0.01905827597985122,0.09225724740823445,23,10,97,52,37,149,8,20,0,0.6268507180531939,0.4857196752206667,14,60,141,44,0,97,0.6268507180531939,nenhuma,61.4883837107136,0.0,66,0,terminal,0.9699999999999999,01,61,adaptativa,j6032_1.sm,0,GOV,0,1.7971014492753623,0.38333333333333336,33,0.30303030303030304,0.14285714285714285,0.5983632077983745,60,16,60,60,2;3;4;5;6;7;8;9;10;11;12;13;14;15;16;17;18;19;20;21;22;23;24;25;26;27;28;29;30;31;32;33;34;35;36;37;38;39;40;41;42;43;44;45;46;47;48;49;50;51;52;53;54;55;56;57;58;59;60;61,2;3;4;5;6;7;8;9;10;11;12;13;14;15;16;17;18;19;20;21;22;23;24;25;26;27;28;29;30;31;32;33;34;35;36;37;38;39;40;41;42;43;44;45;46;47;48;49;50;51;52;53;54;55;56;57;58;59;60;61
True,126,69,0.6704377686337272,0.0,8.506578397941876,303.0,443.0,75.0,64.0,78.76229700301872,55,5,18,13,0.08333333333333333,0.38333333333333336,337.0,0.189440691401719,0.23371601484575286,0.025242072397453637,0.11919913917645772,19,13,75,51,41,126,11,15,0,0.6586427040007742,0.39362113220747674,13,60,115,40,0,75,0.6586427040007742,nenhuma,78.76229700301872,0.0,87,0,terminal,0.9383333333333334,01,61,adaptativa,j6032_1.sm,1,GOV,0,1.826086956521739,0.31666666666666665,32,0.40625,0.1780821917808219,0.6158655824040312,60,23,60,60,2;3;4;5;6;7;8;9;10;11;12;13;14;15;16;17;18;19;20;21;22;23;24;25;26;27;28;29;30;31;32;33;34;35;36;37;38;39;40;41;42;43;44;45;46;47;48;49;50;51;52;53;54;55;56;57;58;59;60;61,2;3;4;5;6;7;8;9;10;11;12;13;14;15;16;17;18;19;20;21;22;23;24;25;26;27;28;29;30;31;32;33;34;35;36;37;38;39;40;41;42;43;44;45;46;47;48;49;50;51;52;53;54;55;56;57;58;59;60;61
True,118,69,0.7014549583502794,0.0,8.057170951257485,325.0,453.0,67.0,72.0,53.80055298973214,57,3,10,11,0.05,0.21666666666666667,337.0,0.13766754570366663,0.15964555783303305,0.023908519143197283,0.08330831050029704,30,11,67,61,30,128,0,25,0,0.7659648859265082,0.2570239140832174,2,60,128,61,0,67,0.7659648859265082,nenhuma,53.80055298973214,0.0,59,0,terminal,0.8333333333333331,01,61,adaptativa,j6032_1.sm,2,GOV,0,1.710144927536232,0.5,41,0.2682926829268293,0.15492957746478872,0.5486964727250806,60,13,60,60,2;3;4;5;6;7;8;9;10;11;12;13;14;15;16;17;18;19;20;21;22;23;24;25;26;27;28;29;30;31;32;33;34;35;36;37;38;39;40;41;42;43;44;45;46;47;48;49;50;51;52;53;54;55;56;57;58;59;60;61,2;3;4;5;6;7;8;9;10;11;12;13;14;15;16;17;18;19;20;21;22;23;24;25;26;27;28;29;30;31;32;33;34;35;36;37;38;39;40;41;42;43;44;45;46;47;48;49;50;51;52;53;54;55;56;57;58;59;60;61
True,145,69,0.6219878510679943,0.0,10.201704098900876,304.0,470.0,110.0,83.0,92.64176887535496,54,6,15,15,0.1,0.35,337.0,0.2156256108847546,0.2749013913215281,0.030272118987836428,0.12260011647216984,33,15,110,68,27,178,0,32,0,0.794910294566222,0.24332019624229825,0,60,178,68,0,110,0.794910294566222,nenhuma,92.64176887535496,0.0,102,0,terminal,0.8216666666666667,01,61,adaptativa,j6032_1.sm,3,GOV,0,2.101449275362319,0.55,48,0.3125,0.2,0.5072020362846457,60,21,60,60,2;3;4;5;6;7;8;9;10;11;12;13;14;15;16;17;18;19;20;21;22;23;24;25;26;27;28;29;30;31;32;33;34;35;36;37;38;39;40;41;42;43;44;45;46;47;48;49;50;51;52;53;54;55;56;57;58;59;60;61,2;3;4;5;6;7;8;9;10;11;12;13;14;15;16;17;18;19;20;21;22;23;24;25;26;27;28;29;30;31;32;33;34;35;36;37;38;39;40;41;42;43;44;45;46;47;48;49;50;51;52;53;54;55;56;57;58;59;60;61
True,172,108,0.5435712478336733,0.0,5.0,305.0,395.0,203.0,64.0,64.67566868964634,56,4,13,5,0.06666666666666667,0.2833333333333333,334.0,0.16222627506268475,0.1936397266157076,0.014970059880239521,0.08900211122559061,19,5,203,59,41,262,24,0,0,0.6268507180531939,0.4857196752206667,21,60,238,35,0,203,0.6268507180531939,nenhuma,64.67566868964634,0.0,70,0,terminal,0.9916666666666667,01,61,adaptativa,j6043_1.sm,0,GOV,0,1.5925925925925926,0.31666666666666665,24,0.20833333333333334,0.07692307692307693,0.8224644387186872,60,17,60,60,2;3;4;5;6;7;8;9;10;11;12;13;14;15;16;17;18;19;20;21;22;23;24;25;26;27;28;29;30;31;32;33;34;35;36;37;38;39;40;41;42;43;44;45;46;47;48;49;50;51;52;53;54;55;56;57;58;59;60;61,2;3;4;5;6;7;8;9;10;11;12;13;14;15;16;17;18;19;20;21;22;23;24;25;26;27;28;29;30;31;32;33;34;35;36;37;38;39;40;41;42;43;44;45;46;47;48;49;50;51;52;53;54;55;56;57;58;59;60;61
True,165,108,0.5568685376661743,0.0,9.0,286.0,377.0,183.0,53.0,64.0,54,6,11,2,0.1,0.2833333333333333,334.0,0.16080402010050251,0.19161676646706588,0.02694610778443114,0.09453471196454949,22,2,183,51,38,234,20,0,0,0.6586427040007742,0.39362113220747674,20,60,214,31,0,183,0.6586427040007742,nenhuma,64.0,0.0,68,0,terminal,0.9983333333333334,01,61,adaptativa,j6043_1.sm,1,GOV,0,1.5277777777777777,0.36666666666666664,24,0.08333333333333333,0.03225806451612903,0.8510836158823942,60,17,60,60,2;3;4;5;6;7;8;9;10;11;12;13;14;15;16;17;18;19;20;21;22;23;24;25;26;27;28;29;30;31;32;33;34;35;36;37;38;39;40;41;42;43;44;45;46;47;48;49;50;51;52;53;54;55;56;57;58;59;60;61,2;3;4;5;6;7;8;9;10;11;12;13;14;15;16;17;18;19;20;21;22;23;24;25;26;27;28;29;30;31;32;33;34;35;36;37;38;39;40;41;42;43;44;45;46;47;48;49;50;51;52;53;54;55;56;57;58;59;60;61
True,155,108,0.6535153564099733,0.0,7.5,301.0,380.0,113.0,43.0,45.47065141283784,55,5,8,5,0.08333333333333333,0.21666666666666667,334.0,0.11982653004532073,0.13613967488873605,0.02245508982035928,0.07819939201119572,18,5,113,38,42,151,2,2,0,0.7659648859265082,0.2570239140832174,6,60,149,36,0,113,0.7659648859265082,nenhuma,45.47065141283784,0.0,49,0,terminal,0.9576430560186564,01,61,adaptativa,j6043_1.sm,2,GOV,0,1.4351851851851851,0.3,23,0.21739130434782608,0.07692307692307693,0.7901819146682301,60,13,60,60,2;3;4;5;6;7;8;9;10;11;12;13;14;15;16;17;18;19;20;21;22;23;24;25;26;27;28;29;30;31;32;33;34;35;36;37;38;39;40;41;42;43;44;45;46;47;48;49;50;51;52;53;54;55;56;57;58;59;60;61,2;3;4;5;6;7;8;9;10;11;12;13;14;15;16;17;18;19;20;21;22;23;24;25;26;27;28;29;30;31;32;33;34;35;36;37;38;39;40;41;42;43;44;45;46;47;48;49;50;51;52;53;54;55;56;57;58;59;60;61
True,163,108,0.5279339300001553,0.0,5.34188046662535,316.0,375.0,211.0,75.0,49.31615641731861,57,3,11,7,0.05,0.23333333333333334,334.0,0.12865660784625998,0.14765316292610361,0.015993654091692663,0.06942845938639304,24,7,211,68,36,279,4,0,0,0.794910294566222,0.24332019624229825,4,60,275,64,0,211,0.794910294566222,nenhuma,49.31615641731861,0.0,54,0,terminal,0.965,01,61,adaptativa,j6043_1.sm,3,GOV,0,1.5092592592592593,0.4,31,0.22580645161290322,0.1044776119402985,0.8038571032572653,60,14,60,60,2;3;4;5;6;7;8;9;10;11;12;13;14;15;16;17;18;19;20;21;22;23;24;25;26;27;28;29;30;31;32;33;34;35;36;37;38;39;40;41;42;43;44;45;46;47;48;49;50;51;52;53;54;55;56;57;58;59;60;61,2;3;4;5;6;7;8;9;10;11;12;13;14;15;16;17;18;19;20;21;22;23;24;25;26;27;28;29;30;31;32;33;34;35;36;37;38;39;40;41;42;43;44;45;46;47;48;49;50;51;52;53;54;55;56;57;58;59;60;61
True,138,85,0.6795873314988912,0.0,6.4471869817724405,305.0,385.0,95.0,49.0,37.520272164061325,57,3,6,10,0.05,0.15,323.0,0.1040725725042919,0.11616183332526726,0.01996033121291777,0.06622935490152354,22,10,95,39,38,134,9,3,0,0.6268507180531939,0.4857196752206667,16,60,125,30,0,95,0.6268507180531939,nenhuma,37.52027216406133,0.0,42,0,terminal,0.9846410477154722,01,62,adaptativa,j6010_1.sm,0,GOV,0,1.6235294117647059,0.36666666666666664,32,0.3125,0.14285714285714285,0.7372695272728053,60,9,60,60,2;3;4;5;6;7;8;9;10;11;12;13;14;15;16;17;18;19;20;21;22;23;24;25;26;27;28;29;30;31;32;33;34;35;36;37;38;39;40;41;42;43;44;45;46;47;48;49;50;51;52;53;54;55;56;57;58;59;60;61,2;3;4;5;6;7;8;9;10;11;12;13;14;15;16;17;18;19;20;21;22;23;24;25;26;27;28;29;30;31;32;33;34;35;36;37;38;39;40;41;42;43;44;45;46;47;48;49;50;51;52;53;54;55;56;57;58;59;60;61
True,123,85,0.6516245487364621,0.0,3.0,313.0,361.0,110.0,43.0,40.0,57,3,11,1,0.05,0.23333333333333334,323.0,0.11019283746556474,0.1238390092879257,0.009287925696594427,0.07220216606498195,13,1,110,42,47,152,20,1,0,0.6586427040007742,0.39362113220747674,14,60,132,22,0,110,0.6586427040007742,nenhuma,40.0,0.0,42,0,terminal,0.9666666666666667,01,62,adaptativa,j6010_1.sm,1,GOV,0,1.4470588235294117,0.21666666666666667,14,0.07142857142857142,0.01639344262295082,0.9019756680888364,60,14,60,60,2;3;4;5;6;7;8;9;10;11;12;13;14;15;16;17;18;19;20;21;22;23;24;25;26;27;28;29;30;31;32;33;34;35;36;37;38;39;40;41;42;43;44;45;46;47;48;49;50;51;52;53;54;55;56;57;58;59;60;61,2;3;4;5;6;7;8;9;10;11;12;13;14;15;16;17;18;19;20;21;22;23;24;25;26;27;28;29;30;31;32;33;34;35;36;37;38;39;40;41;42;43;44;45;46;47;48;49;50;51;52;53;54;55;56;57;58;59;60;61
True,152,85,0.6216531163432807,4.440892098500626e-16,6.460385287257194,289.0,406.0,102.0,57.0,88.09734533013145,53,7,17,9,0.11666666666666667,0.4,323.0,0.21429801561813766,0.27274719916449364,0.020001192839805552,0.13489159917745414,26,9,102,48,34,150,8,9,0,0.7659648859265082,0.2570239140832174,4,60,142,40,0,102,0.7659648859265082,nenhuma,88.09734533013145,0.0,97,0,terminal,0.9480112173004372,01,62,adaptativa,j6010_1.sm,2,GOV,0,1.7882352941176471,0.43333333333333335,35,0.2571428571428571,0.13043478260869565,0.6689460129255801,60,24,60,60,2;3;4;5;6;7;8;9;10;11;12;13;14;15;16;17;18;19;20;21;22;23;24;25;26;27;28;29;30;31;32;33;34;35;36;37;38;39;40;41;42;43;44;45;46;47;48;49;50;51;52;53;54;55;56;57;58;59;60;61,2;3;4;5;6;7;8;9;10;11;12;13;14;15;16;17;18;19;20;21;22;23;24;25;26;27;28;29;30;31;32;33;34;35;36;37;38;39;40;41;42;43;44;45;46;47;48;49;50;51;52;53;54;55;56;57;58;59;60;61
True,130,85,0.6636876362020759,0.0,4.5,305.0,399.0,89.0,53.0,60.18642903047048,58,2,12,13,0.03333333333333333,0.23333333333333334,323.0,0.1570682687869526,0.18633569359278787,0.01393188854489164,0.10011275392149611,25,13,89,40,35,129,3,9,0,0.794910294566222,0.24332019624229825,3,60,126,37,0,89,0.794910294566222,nenhuma,60.18642903047048,0.0,66,0,terminal,1.0,01,62,adaptativa,j6010_1.sm,3,GOV,0,1.5294117647058822,0.4166666666666667,38,0.34210526315789475,0.1780821917808219,0.6559910522868899,60,14,60,60,2;3;4;5;6;7;8;9;10;11;12;13;14;15;16;17;18;19;20;21;22;23;24;25;26;27;28;29;30;31;32;33;34;35;36;37;38;39;40;41;42;43;44;45;46;47;48;49;50;51;52;53;54;55;56;57;58;59;60;61,2;3;4;5;6;7;8;9;10;11;12;13;14;15;16;17;18;19;20;21;22;23;24;25;26;27;28;29;30;31;32;33;34;35;36;37;38;39;40;41;42;43;44;45;46;47;48;49;50;51;52;53;54;55;56;57;58;59;60;61
True,226,76,0.6885617322964394,0.0,7.973730428498227,314.0,403.0,70.0,30.0,82.27795126799263,57,3,16,13,0.05,0.31666666666666665,332.0,0.19860567287291564,0.24782515442166456,0.02401726032680189,0.14057927705928294,29,13,70,17,31,87,7,0,0,0.6268507180531939,0.4857196752206667,18,60,80,10,0,70,0.6268507180531939,nenhuma,82.27795126799262,0.0,89,0,terminal,0.9825666334538514,01,62,adaptativa,j6021_1.sm,0,GOV,0,2.973684210526316,0.48333333333333334,42,0.30952380952380953,0.1780821917808219,0.7707519294185959,60,19,60,60,2;3;4;5;6;7;8;9;10;11;12;13;14;15;16;17;18;19;20;21;22;23;24;25;26;27;28;29;30;31;32;33;34;35;36;37;38;39;40;41;42;43;44;45;46;47;48;49;50;51;52;53;54;55;56;57;58;59;60;61,2;3;4;5;6;7;8;9;10;11;12;13;14;15;16;17;18;19;20;21;22;23;24;25;26;27;28;29;30;31;32;33;34;35;36;37;38;39;40;41;42;43;44;45;46;47;48;49;50;51;52;53;54;55;56;57;58;59;60;61
True,207,76,0.7106707196230838,0.0,4.726535771611004,309.0,399.0,65.0,40.0,57.441450988182474,57,3,12,10,0.05,0.25,332.0,0.14749701358812348,0.17301641863910383,0.014236553528948806,0.10231066994978881,23,10,65,30,37,95,21,2,0,0.6586427040007742,0.39362113220747674,17,60,74,9,0,65,0.6586427040007742,nenhuma,57.441450988182474,0.0,64,0,terminal,0.9666666666666667,01,62,adaptativa,j6021_1.sm,1,GOV,0,2.723684210526316,0.38333333333333336,33,0.30303030303030304,0.14285714285714285,0.7987773516714923,60,15,60,60,2;3;4;5;6;7;8;9;10;11;12;13;14;15;16;17;18;19;20;21;22;23;24;25;26;27;28;29;30;31;32;33;34;35;36;37;38;39;40;41;42;43;44;45;46;47;48;49;50;51;52;53;54;55;56;57;58;59;60;61,2;3;4;5;6;7;8;9;10;11;12;13;14;15;16;17;18;19;20;21;22;23;24;25;26;27;28;29;30;31;32;33;34;35;36;37;38;39;40;41;42;43;44;45;46;47;48;49;50;51;52;53;54;55;56;57;58;59;60;61
True,195,76,0.7206346263746771,0.0,5.846180238389925,325.0,400.0,55.0,27.0,73.06630594798722,57,3,13,7,0.05,0.26666666666666666,332.0,0.1803811002670001,0.22007923478309402,0.017608976621656402,0.13163527521851406,23,7,55,20,37,75,4,0,0,0.7659648859265082,0.2570239140832174,6,60,71,16,0,55,0.7659648859265082,nenhuma,73.06630594798722,0.0,79,0,terminal,0.9666666666666667,01,62,adaptativa,j6021_1.sm,2,GOV,0,2.5657894736842106,0.38333333333333336,30,0.23333333333333334,0.1044776119402985,0.7590285367659314,60,16,60,60,2;3;4;5;6;7;8;9;10;11;12;13;14;15;16;17;18;19;20;21;22;23;24;25;26;27;28;29;30;31;32;33;34;35;36;37;38;39;40;41;42;43;44;45;46;47;48;49;50;51;52;53;54;55;56;57;58;59;60;61,2;3;4;5;6;7;8;9;10;11;12;13;14;15;16;17;18;19;20;21;22;23;24;25;26;27;28;29;30;31;32;33;34;35;36;37;38;39;40;41;42;43;44;45;46;47;48;49;50;51;52;53;54;55;56;57;58;59;60;61
True,189,76,0.6763444220415818,4.440892098500626e-16,15.502022488970992,297.0,417.0,85.0,45.0,69.54977317808462,54,6,13,14,0.1,0.31666666666666665,332.0,0.17320336810958617,0.2094872686086886,0.046692838822201786,0.11280479890468766,27,14,85,31,33,116,0,4,0,0.794910294566222,0.24332019624229825,2,60,116,31,0,85,0.794910294566222,nenhuma,69.54977317808462,0.0,77,0,terminal,0.9537499256735215,01,62,adaptativa,j6021_1.sm,3,GOV,0,2.486842105263158,0.45,41,0.34146341463414637,0.1891891891891892,0.7144626381270589,60,19,60,60,2;3;4;5;6;7;8;9;10;11;12;13;14;15;16;17;18;19;20;21;22;23;24;25;26;27;28;29;30;31;32;33;34;35;36;37;38;39;40;41;42;43;44;45;46;47;48;49;50;51;52;53;54;55;56;57;58;59;60;61,2;3;4;5;6;7;8;9;10;11;12;13;14;15;16;17;18;19;20;21;22;23;24;25;26;27;28;29;30;31;32;33;34;35;36;37;38;39;40;41;42;43;44;45;46;47;48;49;50;51;52;53;54;55;56;57;58;59;60;61
True,124,69,0.6691789548031858,0.0,6.422639005209861,306.0,446.0,97.0,62.0,61.4883837107136,55,5,11,10,0.08333333333333333,0.26666666666666666,337.0,0.15430408068143756,0.1824581119012273,0.01905827597985122,0.09225724740823445,23,10,97,52,37,149,8,20,0,0.6268507180531939,0.4857196752206667,14,60,141,44,0,97,0.6268507180531939,nenhuma,61.4883837107136,0.0,66,0,terminal,0.9699999999999999,01,62,adaptativa,j6032_1.sm,0,GOV,0,1.7971014492753623,0.38333333333333336,33,0.30303030303030304,0.14285714285714285,0.5983632077983745,60,16,60,60,2;3;4;5;6;7;8;9;10;11;12;13;14;15;16;17;18;19;20;21;22;23;24;25;26;27;28;29;30;31;32;33;34;35;36;37;38;39;40;41;42;43;44;45;46;47;48;49;50;51;52;53;54;55;56;57;58;59;60;61,2;3;4;5;6;7;8;9;10;11;12;13;14;15;16;17;18;19;20;21;22;23;24;25;26;27;28;29;30;31;32;33;34;35;36;37;38;39;40;41;42;43;44;45;46;47;48;49;50;51;52;53;54;55;56;57;58;59;60;61
True,124,69,0.6392760861125801,0.0,8.0,301.0,413.0,95.0,71.0,67.04324950029239,55,5,16,10,0.08333333333333333,0.35,337.0,0.1659308739428497,0.1989413931759418,0.02373887240356083,0.10377517225379204,26,10,95,61,34,156,13,27,0,0.6586427040007742,0.39362113220747674,13,60,143,48,0,95,0.6586427040007742,nenhuma,67.04324950029238,0.0,73,0,terminal,0.9783333333333334,01,62,adaptativa,j6032_1.sm,1,GOV,0,1.7971014492753623,0.43333333333333335,36,0.2777777777777778,0.14285714285714285,0.6468658600694016,60,21,60,60,2;3;4;5;6;7;8;9;10;11;12;13;14;15;16;17;18;19;20;21;22;23;24;25;26;27;28;29;30;31;32;33;34;35;36;37;38;39;40;41;42;43;44;45;46;47;48;49;50;51;52;53;54;55;56;57;58;59;60;61,2;3;4;5;6;7;8;9;10;11;12;13;14;15;16;17;18;19;20;21;22;23;24;25;26;27;28;29;30;31;32;33;34;35;36;37;38;39;40;41;42;43;44;45;46;47;48;49;50;51;52;53;54;55;56;57;58;59;60;61
True,128,69,0.7077273212733229,0.0,0.5,336.0,449.0,61.0,68.0,56.42513310376653,59,1,13,7,0.016666666666666666,0.23333333333333334,337.0,0.14342025548450232,0.16743362938803125,0.001483679525222552,0.08893899399558883,28,7,61,61,32,122,0,30,0,0.7659648859265082,0.2570239140832174,2,60,122,61,0,61,0.7659648859265082,nenhuma,56.42513310376653,0.0,62,0,terminal,0.8316666666666664,01,62,adaptativa,j6032_1.sm,2,GOV,0,1.855072463768116,0.4666666666666667,35,0.2,0.1044776119402985,0.6074122138028285,60,14,60,60,2;3;4;5;6;7;8;9;10;11;12;13;14;15;16;17;18;19;20;21;22;23;24;25;26;27;28;29;30;31;32;33;34;35;36;37;38;39;40;41;42;43;44;45;46;47;48;49;50;51;52;53;54;55;56;57;58;59;60;61,2;3;4;5;6;7;8;9;10;11;12;13;14;15;16;17;18;19;20;21;22;23;24;25;26;27;28;29;30;31;32;33;34;35;36;37;38;39;40;41;42;43;44;45;46;47;48;49;50;51;52;53;54;55;56;57;58;59;60;61
True,144,69,0.6410204958929026,8.881784197001252e-16,20.766816884299466,280.0,466.0,103.0,72.0,85.96583492371863,52,8,12,19,0.13333333333333333,0.3333333333333333,337.0,0.20324533999116612,0.25509149828996625,0.06162260203056221,0.11825292303143672,36,19,103,53,24,156,0,22,0,0.794910294566222,0.24332019624229825,0,60,156,53,0,103,0.794910294566222,nenhuma,85.96583492371863,0.0,95,0,terminal,0.8592915103058142,01,62,adaptativa,j6032_1.sm,3,GOV,0,2.0869565217391304,0.6,55,0.34545454545454546,0.24050632911392406,0.47983215879194163,60,20,60,60,2;3;4;5;6;7;8;9;10;11;12;13;14;15;16;17;18;19;20;21;22;23;24;25;26;27;28;29;30;31;32;33;34;35;36;37;38;39;40;41;42;43;44;45;46;47;48;49;50;51;52;53;54;55;56;57;58;59;60;61,2;3;4;5;6;7;8;9;10;11;12;13;14;15;16;17;18;19;20;21;22;23;24;25;26;27;28;29;30;31;32;33;34;35;36;37;38;39;40;41;42;43;44;45;46;47;48;49;50;51;52;53;54;55;56;57;58;59;60;61
True,183,108,0.5656890086215858,0.0,6.9728815931022625,307.0,380.0,191.0,66.0,34.74718654326669,56,4,7,5,0.06666666666666667,0.18333333333333332,334.0,0.09423037737316989,0.10403349264451106,0.020876890997312162,0.05172658291592064,20,5,191,61,40,252,23,0,0,0.6268507180531939,0.4857196752206667,21,60,229,38,0,191,0.6268507180531939,nenhuma,34.74718654326669,0.0,37,0,terminal,0.9866666666666667,01,62,adaptativa,j6043_1.sm,0,GOV,0,1.6944444444444444,0.3333333333333333,25,0.2,0.07692307692307693,0.8634295822884107,60,11,60,60,2;3;4;5;6;7;8;9;10;11;12;13;14;15;16;17;18;19;20;21;22;23;24;25;26;27;28;29;30;31;32;33;34;35;36;37;38;39;40;41;42;43;44;45;46;47;48;49;50;51;52;53;54;55;56;57;58;59;60;61,2;3;4;5;6;7;8;9;10;11;12;13;14;15;16;17;18;19;20;21;22;23;24;25;26;27;28;29;30;31;32;33;34;35;36;37;38;39;40;41;42;43;44;45;46;47;48;49;50;51;52;53;54;55;56;57;58;59;60;61
True,168,108,0.5554151765981458,0.0,8.671676226346971,297.0,378.0,177.0,63.0,62.57196837005188,54,6,13,11,0.1,0.31666666666666665,334.0,0.15778212622346596,0.18734122266482597,0.02596310247409273,0.09194026683160304,22,11,177,52,38,229,14,2,0,0.6586427040007742,0.39362113220747674,20,60,215,38,0,177,0.6586427040007742,nenhuma,62.57196837005188,0.0,68,0,terminal,0.96,01,62,adaptativa,j6043_1.sm,1,GOV,0,1.5555555555555556,0.36666666666666664,33,0.3333333333333333,0.15492957746478872,0.838159777412606,60,19,60,60,2;3;4;5;6;7;8;9;10;11;12;13;14;15;16;17;18;19;20;21;22;23;24;25;26;27;28;29;30;31;32;33;34;35;36;37;38;39;40;41;42;43;44;45;46;47;48;49;50;51;52;53;54;55;56;57;58;59;60;61,2;3;4;5;6;7;8;9;10;11;12;13;14;15;16;17;18;19;20;21;22;23;24;25;26;27;28;29;30;31;32;33;34;35;36;37;38;39;40;41;42;43;44;45;46;47;48;49;50;51;52;53;54;55;56;57;58;59;60;61
True,156,108,0.6117178443988173,0.0,4.0,323.0,394.0,122.0,58.0,70.08779898715308,58,2,16,7,0.03333333333333333,0.3,334.0,0.1734469567327405,0.2098437095423745,0.011976047904191617,0.1088171505458855,21,7,122,51,39,173,0,8,0,0.7659648859265082,0.2570239140832174,6,60,173,51,0,122,0.7659648859265082,nenhuma,70.08779898715308,0.0,74,0,terminal,0.8633306549762151,01,62,adaptativa,j6043_1.sm,2,GOV,0,1.4444444444444444,0.35,28,0.25,0.1044776119402985,0.728257612349226,60,18,60,60,2;3;4;5;6;7;8;9;10;11;12;13;14;15;16;17;18;19;20;21;22;23;24;25;26;27;28;29;30;31;32;33;34;35;36;37;38;39;40;41;42;43;44;45;46;47;48;49;50;51;52;53;54;55;56;57;58;59;60;61,2;3;4;5;6;7;8;9;10;11;12;13;14;15;16;17;18;19;20;21;22;23;24;25;26;27;28;29;30;31;32;33;34;35;36;37;38;39;40;41;42;43;44;45;46;47;48;49;50;51;52;53;54;55;56;57;58;59;60;61
True,164,108,0.5373695410525252,0.0,5.34188046662535,307.0,381.0,209.0,74.0,45.00929601210709,56,4,9,7,0.06666666666666667,0.21666666666666667,334.0,0.11875512417687326,0.1347583712937338,0.015993654091692663,0.06348195470111087,24,7,209,67,36,276,4,0,0,0.794910294566222,0.24332019624229825,4,60,272,63,0,209,0.794910294566222,nenhuma,45.00929601210709,0.0,49,0,terminal,0.9485700333567513,01,62,adaptativa,j6043_1.sm,3,GOV,0,1.5185185185185186,0.4,31,0.22580645161290322,0.1044776119402985,0.7918452319778719,60,13,60,60,2;3;4;5;6;7;8;9;10;11;12;13;14;15;16;17;18;19;20;21;22;23;24;25;26;27;28;29;30;31;32;33;34;35;36;37;38;39;40;41;42;43;44;45;46;47;48;49;50;51;52;53;54;55;56;57;58;59;60;61,2;3;4;5;6;7;8;9;10;11;12;13;14;15;16;17;18;19;20;21;22;23;24;25;26;27;28;29;30;31;32;33;34;35;36;37;38;39;40;41;42;43;44;45;46;47;48;49;50;51;52;53;54;55;56;57;58;59;60;61
True,160,85,0.6721377213038823,0.0,15.43537906686094,276.0,385.0,106.0,46.0,35.799275798919936,50,10,2,7,0.16666666666666666,0.2,323.0,0.09977521754804974,0.11083367120408649,0.047787551290591146,0.06249881470081887,18,7,106,39,42,145,12,3,0,0.6268507180531939,0.4857196752206667,16,60,133,27,0,106,0.6268507180531939,nenhuma,35.799275798919936,0.0,41,0,terminal,0.9883333333333333,01,64,adaptativa,j6010_1.sm,0,GOV,0,1.8823529411764706,0.3,25,0.28,0.1044776119402985,0.8042398144139291,60,12,60,60,2;3;4;5;6;7;8;9;10;11;12;13;14;15;16;17;18;19;20;21;22;23;24;25;26;27;28;29;30;31;32;33;34;35;36;37;38;39;40;41;42;43;44;45;46;47;48;49;50;51;52;53;54;55;56;57;58;59;60;61,2;3;4;5;6;7;8;9;10;11;12;13;14;15;16;17;18;19;20;21;22;23;24;25;26;27;28;29;30;31;32;33;34;35;36;37;38;39;40;41;42;43;44;45;46;47;48;49;50;51;52;53;54;55;56;57;58;59;60;61
True,115,85,0.6989046599209797,0.0,4.5,299.0,364.0,91.0,45.0,20.814956422174895,56,4,4,3,0.06666666666666667,0.13333333333333333,323.0,0.060541160392731545,0.06444258954233713,0.01393188854489164,0.03996612648217076,13,3,91,42,47,133,14,12,0,0.6586427040007742,0.39362113220747674,14,60,119,28,0,91,0.6586427040007742,nenhuma,20.814956422174895,0.0,23,0,terminal,1.0,01,64,adaptativa,j6010_1.sm,1,GOV,0,1.3529411764705883,0.21666666666666667,16,0.1875,0.047619047619047616,0.8843824136948318,60,8,60,60,2;3;4;5;6;7;8;9;10;11;12;13;14;15;16;17;18;19;20;21;22;23;24;25;26;27;28;29;30;31;32;33;34;35;36;37;38;39;40;41;42;43;44;45;46;47;48;49;50;51;52;53;54;55;56;57;58;59;60;61,2;3;4;5;6;7;8;9;10;11;12;13;14;15;16;17;18;19;20;21;22;23;24;25;26;27;28;29;30;31;32;33;34;35;36;37;38;39;40;41;42;43;44;45;46;47;48;49;50;51;52;53;54;55;56;57;58;59;60;61
True,125,85,0.7044021873790084,0.0,12.945996922885545,240.0,401.0,67.0,51.0,50.27705107230055,47,13,2,12,0.21666666666666667,0.25,323.0,0.1346909779957577,0.15565650486780355,0.04008048582936701,0.08831736845460007,27,12,67,39,33,106,8,12,0,0.7659648859265082,0.2570239140832174,4,60,98,31,0,67,0.7659648859265082,nenhuma,50.27705107230055,0.0,54,0,terminal,0.9666666666666667,01,64,adaptativa,j6010_1.sm,2,GOV,0,1.4705882352941178,0.45,39,0.3076923076923077,0.16666666666666666,0.611795427109084,60,15,60,60,2;3;4;5;6;7;8;9;10;11;12;13;14;15;16;17;18;19;20;21;22;23;24;25;26;27;28;29;30;31;32;33;34;35;36;37;38;39;40;41;42;43;44;45;46;47;48;49;50;51;52;53;54;55;56;57;58;59;60;61,2;3;4;5;6;7;8;9;10;11;12;13;14;15;16;17;18;19;20;21;22;23;24;25;26;27;28;29;30;31;32;33;34;35;36;37;38;39;40;41;42;43;44;45;46;47;48;49;50;51;52;53;54;55;56;57;58;59;60;61
True,138,85,0.6276920943157098,8.881784197001252e-16,13.0,258.0,386.0,123.0,51.0,54.951189437561844,51,9,4,6,0.15,0.21666666666666667,323.0,0.1453922913150135,0.17012752147851964,0.04024767801857585,0.08935861964560234,20,6,123,45,40,168,3,8,0,0.794910294566222,0.24332019624229825,3,60,165,42,0,123,0.794910294566222,nenhuma,54.951189437561844,0.0,60,0,terminal,0.9483000401331978,01,64,adaptativa,j6010_1.sm,3,GOV,0,1.6235294117647059,0.3333333333333333,26,0.23076923076923078,0.09090909090909091,0.7472107028110478,60,13,60,60,2;3;4;5;6;7;8;9;10;11;12;13;14;15;16;17;18;19;20;21;22;23;24;25;26;27;28;29;30;31;32;33;34;35;36;37;38;39;40;41;42;43;44;45;46;47;48;49;50;51;52;53;54;55;56;57;58;59;60;61,2;3;4;5;6;7;8;9;10;11;12;13;14;15;16;17;18;19;20;21;22;23;24;25;26;27;28;29;30;31;32;33;34;35;36;37;38;39;40;41;42;43;44;45;46;47;48;49;50;51;52;53;54;55;56;57;58;59;60;61
True,253,76,0.6927389225951633,1.7763568394002505e-15,20.49442099293242,240.0,404.0,74.0,27.0,78.19229196263544,47,13,3,7,0.21666666666666667,0.26666666666666666,332.0,0.190623503890117,0.23551895169468506,0.06173018371365186,0.13407634675604585,26,7,74,20,34,94,9,0,0,0.6268507180531939,0.4857196752206667,18,60,85,11,0,74,0.6268507180531939,nenhuma,78.19229196263545,0.0,85,0,terminal,0.9892333001205181,01,64,adaptativa,j6021_1.sm,0,GOV,0,3.3289473684210527,0.43333333333333335,33,0.21212121212121213,0.1044776119402985,0.822058547971353,60,16,60,60,2;3;4;5;6;7;8;9;10;11;12;13;14;15;16;17;18;19;20;21;22;23;24;25;26;27;28;29;30;31;32;33;34;35;36;37;38;39;40;41;42;43;44;45;46;47;48;49;50;51;52;53;54;55;56;57;58;59;60;61,2;3;4;5;6;7;8;9;10;11;12;13;14;15;16;17;18;19;20;21;22;23;24;25;26;27;28;29;30;31;32;33;34;35;36;37;38;39;40;41;42;43;44;45;46;47;48;49;50;51;52;53;54;55;56;57;58;59;60;61
True,175,76,0.7008917223735132,0.0,11.902420588817556,237.0,383.0,67.0,37.0,59.446744588452894,43,17,2,10,0.2833333333333333,0.31666666666666665,332.0,0.15186419458144215,0.17905645960377378,0.03585066442414926,0.10878780993237355,28,10,67,27,32,94,14,0,0,0.6586427040007742,0.39362113220747674,17,60,80,13,0,67,0.6586427040007742,nenhuma,59.446744588452894,0.0,64,0,terminal,0.9666666666666667,01,64,adaptativa,j6021_1.sm,1,GOV,0,2.3026315789473686,0.4666666666666667,38,0.2631578947368421,0.14285714285714285,0.7888806204824501,60,19,60,60,2;3;4;5;6;7;8;9;10;11;12;13;14;15;16;17;18;19;20;21;22;23;24;25;26;27;28;29;30;31;32;33;34;35;36;37;38;39;40;41;42;43;44;45;46;47;48;49;50;51;52;53;54;55;56;57;58;59;60;61,2;3;4;5;6;7;8;9;10;11;12;13;14;15;16;17;18;19;20;21;22;23;24;25;26;27;28;29;30;31;32;33;34;35;36;37;38;39;40;41;42;43;44;45;46;47;48;49;50;51;52;53;54;55;56;57;58;59;60;61
True,193,76,0.7709672520178042,0.0,19.429118243726734,250.0,410.0,32.0,18.0,71.79950111620529,46,14,2,6,0.23333333333333334,0.26666666666666666,332.0,0.1778097816310646,0.2162635575789316,0.05852144049315281,0.13501235139465867,24,6,32,12,36,44,2,0,0,0.7659648859265082,0.2570239140832174,6,60,42,10,0,32,0.7659648859265082,nenhuma,71.7995011162053,0.0,79,0,terminal,0.955,01,64,adaptativa,j6021_1.sm,2,GOV,0,2.539473684210526,0.4,30,0.2,0.09090909090909091,0.7681509271158918,60,16,60,60,2;3;4;5;6;7;8;9;10;11;12;13;14;15;16;17;18;19;20;21;22;23;24;25;26;27;28;29;30;31;32;33;34;35;36;37;38;39;40;41;42;43;44;45;46;47;48;49;50;51;52;53;54;55;56;57;58;59;60;61,2;3;4;5;6;7;8;9;10;11;12;13;14;15;16;17;18;19;20;21;22;23;24;25;26;27;28;29;30;31;32;33;34;35;36;37;38;39;40;41;42;43;44;45;46;47;48;49;50;51;52;53;54;55;56;57;58;59;60;61
True,218,76,0.7145171264622379,0.0,18.5,236.0,423.0,58.0,26.0,85.00820293053604,45,15,4,10,0.25,0.31666666666666665,332.0,0.20385259170716227,0.2560488040076387,0.05572289156626506,0.14359294771547376,32,10,58,16,28,74,0,0,0,0.794910294566222,0.24332019624229825,2,60,74,16,0,58,0.794910294566222,nenhuma,85.00820293053607,0.0,93,0,terminal,0.96,01,64,adaptativa,j6021_1.sm,3,GOV,0,2.8684210526315788,0.5333333333333333,42,0.23809523809523808,0.14285714285714285,0.7120329390969552,60,19,60,60,2;3;4;5;6;7;8;9;10;11;12;13;14;15;16;17;18;19;20;21;22;23;24;25;26;27;28;29;30;31;32;33;34;35;36;37;38;39;40;41;42;43;44;45;46;47;48;49;50;51;52;53;54;55;56;57;58;59;60;61,2;3;4;5;6;7;8;9;10;11;12;13;14;15;16;17;18;19;20;21;22;23;24;25;26;27;28;29;30;31;32;33;34;35;36;37;38;39;40;41;42;43;44;45;46;47;48;49;50;51;52;53;54;55;56;57;58;59;60;61
True,129,69,0.7043603781251326,0.0,13.855950484547218,283.0,447.0,87.0,49.0,51.61832022667889,51,9,3,7,0.15,0.2,337.0,0.1328252363310361,0.15317008969340917,0.04111558007284041,0.0813375828927242,21,7,87,42,39,129,11,6,0,0.6268507180531939,0.4857196752206667,14,60,118,31,0,87,0.6268507180531939,nenhuma,51.61832022667889,0.0,56,0,terminal,0.9833333333333334,01,64,adaptativa,j6032_1.sm,0,GOV,0,1.8695652173913044,0.35,28,0.25,0.1044776119402985,0.644736002882947,60,12,60,60,2;3;4;5;6;7;8;9;10;11;12;13;14;15;16;17;18;19;20;21;22;23;24;25;26;27;28;29;30;31;32;33;34;35;36;37;38;39;40;41;42;43;44;45;46;47;48;49;50;51;52;53;54;55;56;57;58;59;60;61,2;3;4;5;6;7;8;9;10;11;12;13;14;15;16;17;18;19;20;21;22;23;24;25;26;27;28;29;30;31;32;33;34;35;36;37;38;39;40;41;42;43;44;45;46;47;48;49;50;51;52;53;54;55;56;57;58;59;60;61
True,131,69,0.721671602827943,0.0,18.30481669898016,208.0,447.0,50.0,47.0,75.39530147560946,38,22,0,13,0.36666666666666664,0.36666666666666664,337.0,0.1828228915456463,0.2237249301946868,0.05431696349845745,0.12172404488053477,23,13,50,34,37,84,7,13,0,0.6586427040007742,0.39362113220747674,13,60,77,27,0,50,0.6586427040007742,nenhuma,75.39530147560946,0.0,83,0,terminal,0.9516666666666667,01,64,adaptativa,j6032_1.sm,1,GOV,0,1.8985507246376812,0.38333333333333336,36,0.3611111111111111,0.1780821917808219,0.5611184094069768,60,22,60,60,2;3;4;5;6;7;8;9;10;11;12;13;14;15;16;17;18;19;20;21;22;23;24;25;26;27;28;29;30;31;32;33;34;35;36;37;38;39;40;41;42;43;44;45;46;47;48;49;50;51;52;53;54;55;56;57;58;59;60;61,2;3;4;5;6;7;8;9;10;11;12;13;14;15;16;17;18;19;20;21;22;23;24;25;26;27;28;29;30;31;32;33;34;35;36;37;38;39;40;41;42;43;44;45;46;47;48;49;50;51;52;53;54;55;56;57;58;59;60;61
True,122,69,0.7595935965221512,8.881784197001252e-16,13.44381909461379,261.0,434.0,42.0,44.0,51.358160451980254,47,13,1,5,0.21666666666666667,0.23333333333333334,337.0,0.13224431898690742,0.1523981022313954,0.039892638262948935,0.08988785670157003,22,5,42,39,38,81,5,17,0,0.7659648859265082,0.2570239140832174,2,60,76,34,0,42,0.7659648859265082,nenhuma,51.358160451980254,0.0,57,0,terminal,0.9066666666666666,01,64,adaptativa,j6032_1.sm,2,GOV,0,1.7681159420289856,0.36666666666666664,27,0.18518518518518517,0.07692307692307693,0.6552668884803624,60,14,60,60,2;3;4;5;6;7;8;9;10;11;12;13;14;15;16;17;18;19;20;21;22;23;24;25;26;27;28;29;30;31;32;33;34;35;36;37;38;39;40;41;42;43;44;45;46;47;48;49;50;51;52;53;54;55;56;57;58;59;60;61,2;3;4;5;6;7;8;9;10;11;12;13;14;15;16;17;18;19;20;21;22;23;24;25;26;27;28;29;30;31;32;33;34;35;36;37;38;39;40;41;42;43;44;45;46;47;48;49;50;51;52;53;54;55;56;57;58;59;60;61
True,138,69,0.6192414620582097,0.0,24.67869579613357,239.0,446.0,109.0,87.0,78.23601022709816,44,16,4,17,0.26666666666666666,0.3333333333333333,337.0,0.18841335601965215,0.23215433301809543,0.07323055132383849,0.10862551874132134,30,17,109,70,30,179,0,37,3,0.794910294566222,0.24332019624229825,0,60,176,67,3,109,0.794910294566222,nenhuma,78.23601022709816,0.0,85,0,terminal,0.8583333333333333,01,64,adaptativa,j6032_1.sm,3,GOV,0,2.0,0.5,47,0.3617021276595745,0.22077922077922077,0.5730326664988443,60,20,60,60,2;3;4;5;6;7;8;9;10;11;12;13;14;15;16;17;18;19;20;21;22;23;24;25;26;27;28;29;30;31;32;33;34;35;36;37;38;39;40;41;42;43;44;45;46;47;48;49;50;51;52;53;54;55;56;57;58;59;60;61,2;3;4;5;6;7;8;9;10;11;12;13;14;15;16;17;18;19;20;21;22;23;24;25;26;27;28;29;30;31;32;33;34;35;36;37;38;39;40;41;42;43;44;45;46;47;48;49;50;51;52;53;54;55;56;57;58;59;60;61
True,206,108,0.5301405740832842,0.0,21.247402438026754,225.0,365.0,200.0,59.0,64.496632484989,45,15,1,3,0.25,0.26666666666666666,334.0,0.16184988084540092,0.19310369007481734,0.06361497735936154,0.09367748430693332,20,3,200,56,40,256,30,0,0,0.6268507180531939,0.4857196752206667,21,60,226,26,0,200,0.6268507180531939,nenhuma,64.496632484989,0.0,70,0,terminal,0.9983333333333334,01,64,adaptativa,j6043_1.sm,0,GOV,0,1.9074074074074074,0.3333333333333333,23,0.13043478260869565,0.047619047619047616,0.8738477211525112,60,16,60,60,2;3;4;5;6;7;8;9;10;11;12;13;14;15;16;17;18;19;20;21;22;23;24;25;26;27;28;29;30;31;32;33;34;35;36;37;38;39;40;41;42;43;44;45;46;47;48;49;50;51;52;53;54;55;56;57;58;59;60;61,2;3;4;5;6;7;8;9;10;11;12;13;14;15;16;17;18;19;20;21;22;23;24;25;26;27;28;29;30;31;32;33;34;35;36;37;38;39;40;41;42;43;44;45;46;47;48;49;50;51;52;53;54;55;56;57;58;59;60;61
True,182,108,0.5569030679621159,0.0,17.624589415342577,216.0,359.0,163.0,53.0,69.63641996747172,42,18,2,7,0.3,0.3333333333333333,334.0,0.17252263800447834,0.20849227535171175,0.0527682317824628,0.10802433404396476,21,7,163,46,39,209,17,2,0,0.6586427040007742,0.39362113220747674,20,60,192,29,0,163,0.6586427040007742,nenhuma,69.63641996747172,0.0,76,0,terminal,0.9633333333333334,01,64,adaptativa,j6043_1.sm,1,GOV,0,1.6851851851851851,0.35,28,0.25,0.1044776119402985,0.8675681140511307,60,20,60,60,2;3;4;5;6;7;8;9;10;11;12;13;14;15;16;17;18;19;20;21;22;23;24;25;26;27;28;29;30;31;32;33;34;35;36;37;38;39;40;41;42;43;44;45;46;47;48;49;50;51;52;53;54;55;56;57;58;59;60;61,2;3;4;5;6;7;8;9;10;11;12;13;14;15;16;17;18;19;20;21;22;23;24;25;26;27;28;29;30;31;32;33;34;35;36;37;38;39;40;41;42;43;44;45;46;47;48;49;50;51;52;53;54;55;56;57;58;59;60;61
True,146,108,0.6270843334902035,0.0,19.461741370635647,238.0,378.0,119.0,47.0,58.789736264245576,44,16,2,3,0.26666666666666666,0.3,334.0,0.14967228223268883,0.17601717444384904,0.05826868673843008,0.09752942481833145,17,3,119,44,43,163,0,3,0,0.7659648859265082,0.2570239140832174,6,60,163,44,0,119,0.7659648859265082,nenhuma,58.789736264245576,0.0,65,0,terminal,0.9073074695834927,01,64,adaptativa,j6043_1.sm,2,GOV,0,1.3518518518518519,0.2833333333333333,20,0.15,0.047619047619047616,0.830039948492711,60,18,60,60,2;3;4;5;6;7;8;9;10;11;12;13;14;15;16;17;18;19;20;21;22;23;24;25;26;27;28;29;30;31;32;33;34;35;36;37;38;39;40;41;42;43;44;45;46;47;48;49;50;51;52;53;54;55;56;57;58;59;60;61,2;3;4;5;6;7;8;9;10;11;12;13;14;15;16;17;18;19;20;21;22;23;24;25;26;27;28;29;30;31;32;33;34;35;36;37;38;39;40;41;42;43;44;45;46;47;48;49;50;51;52;53;54;55;56;57;58;59;60;61
True,162,108,0.5779486086882222,0.0,9.77283090239241,269.0,376.0,172.0,62.0,40.576875430866274,49,11,1,3,0.18333333333333332,0.2,334.0,0.10832723024930924,0.12148765099061759,0.029259972761653923,0.06237060824517146,22,3,172,59,38,231,6,5,0,0.794910294566222,0.24332019624229825,4,60,225,53,0,172,0.794910294566222,nenhuma,40.576875430866274,0.0,44,0,terminal,0.9499999999999998,01,64,adaptativa,j6043_1.sm,3,GOV,0,1.5,0.36666666666666664,25,0.12,0.047619047619047616,0.8005776972470989,60,12,60,60,2;3;4;5;6;7;8;9;10;11;12;13;14;15;16;17;18;19;20;21;22;23;24;25;26;27;28;29;30;31;32;33;34;35;36;37;38;39;40;41;42;43;44;45;46;47;48;49;50;51;52;53;54;55;56;57;58;59;60;61,2;3;4;5;6;7;8;9;10;11;12;13;14;15;16;17;18;19;20;21;22;23;24;25;26;27;28;29;30;31;32;33;34;35;36;37;38;39;40;41;42;43;44;45;46;47;48;49;50;51;52;53;54;55;56;57;58;59;60;61
True,121,85,0.69847643174641,0.0,11.261244040424208,287.0,378.0,91.0,42.0,30.177887784819788,51,9,2,7,0.15,0.18333333333333332,323.0,0.08544670781656134,0.09342999314185693,0.034864532632892284,0.055763342268742064,18,7,91,35,42,126,12,3,0,0.6268507180531939,0.4857196752206667,16,60,114,23,0,91,0.6268507180531939,nenhuma,30.17788778481979,0.0,35,0,terminal,0.9916666666666667,01,65,centralizada,j6010_1.sm,0,GOV,0,1.423529411764706,0.3,25,0.28,0.1044776119402985,0.784933103883792,60,11,60,60,2;3;4;5;6;7;8;9;10;11;12;13;14;15;16;17;18;19;20;21;22;23;24;25;26;27;28;29;30;31;32;33;34;35;36;37;38;39;40;41;42;43;44;45;46;47;48;49;50;51;52;53;54;55;56;57;58;59;60;61,2;3;4;5;6;7;8;9;10;11;12;13;14;15;16;17;18;19;20;21;22;23;24;25;26;27;28;29;30;31;32;33;34;35;36;37;38;39;40;41;42;43;44;45;46;47;48;49;50;51;52;53;54;55;56;57;58;59;60;61
True,119,85,0.6828584594519055,0.0,4.5,298.0,363.0,92.0,47.0,29.58893321957376,55,5,4,5,0.08333333333333333,0.15,323.0,0.08391906390648778,0.09160660439496521,0.01393188854489164,0.05566130400865964,13,5,92,42,47,134,15,12,0,0.6586427040007742,0.39362113220747674,14,60,119,27,0,92,0.6586427040007742,nenhuma,29.58893321957376,0.0,32,0,terminal,0.9966666666666667,01,65,centralizada,j6010_1.sm,1,GOV,0,1.4,0.21666666666666667,18,0.2777777777777778,0.07692307692307693,0.8773482423768472,60,9,60,60,2;3;4;5;6;7;8;9;10;11;12;13;14;15;16;17;18;19;20;21;22;23;24;25;26;27;28;29;30;31;32;33;34;35;36;37;38;39;40;41;42;43;44;45;46;47;48;49;50;51;52;53;54;55;56;57;58;59;60;61,2;3;4;5;6;7;8;9;10;11;12;13;14;15;16;17;18;19;20;21;22;23;24;25;26;27;28;29;30;31;32;33;34;35;36;37;38;39;40;41;42;43;44;45;46;47;48;49;50;51;52;53;54;55;56;57;58;59;60;61
True,171,85,0.6854078455000019,0.0,11.5,221.0,386.0,77.0,43.0,57.168342081661955,44,16,0,4,0.26666666666666666,0.26666666666666666,323.0,0.15037638791444113,0.1769917711506562,0.03560371517027864,0.10151199527719952,22,4,77,39,38,116,8,8,0,0.7659648859265082,0.2570239140832174,4,60,108,31,0,77,0.7659648859265082,nenhuma,57.168342081661955,0.0,62,0,terminal,0.9368304358170535,01,65,centralizada,j6010_1.sm,2,GOV,0,2.011764705882353,0.36666666666666664,26,0.15384615384615385,0.0625,0.7666042386057839,60,16,60,60,2;3;4;5;6;7;8;9;10;11;12;13;14;15;16;17;18;19;20;21;22;23;24;25;26;27;28;29;30;31;32;33;34;35;36;37;38;39;40;41;42;43;44;45;46;47;48;49;50;51;52;53;54;55;56;57;58;59;60;61,2;3;4;5;6;7;8;9;10;11;12;13;14;15;16;17;18;19;20;21;22;23;24;25;26;27;28;29;30;31;32;33;34;35;36;37;38;39;40;41;42;43;44;45;46;47;48;49;50;51;52;53;54;55;56;57;58;59;60;61
True,136,85,0.5955323856461918,0.0,9.5,271.0,368.0,150.0,62.0,37.93448831619086,51,9,2,3,0.15,0.18333333333333332,323.0,0.10510075801611665,0.11744423627303671,0.029411764705882353,0.06138917479676286,17,3,150,59,43,209,14,13,0,0.794910294566222,0.24332019624229825,3,60,195,45,0,150,0.794910294566222,nenhuma,37.93448831619086,0.0,41,0,terminal,0.9783333333333334,01,65,centralizada,j6010_1.sm,3,GOV,0,1.6,0.2833333333333333,20,0.15,0.047619047619047616,0.8265071435386783,60,11,60,60,2;3;4;5;6;7;8;9;10;11;12;13;14;15;16;17;18;19;20;21;22;23;24;25;26;27;28;29;30;31;32;33;34;35;36;37;38;39;40;41;42;43;44;45;46;47;48;49;50;51;52;53;54;55;56;57;58;59;60;61,2;3;4;5;6;7;8;9;10;11;12;13;14;15;16;17;18;19;20;21;22;23;24;25;26;27;28;29;30;31;32;33;34;35;36;37;38;39;40;41;42;43;44;45;46;47;48;49;50;51;52;53;54;55;56;57;58;59;60;61
True,196,76,0.6837840271987551,0.0,9.246761842848272,263.0,392.0,98.0,32.0,51.28042833334214,50,10,3,6,0.16666666666666666,0.21666666666666667,332.0,0.13379349568233923,0.1544591214859703,0.02785169229773576,0.08945086174043325,29,6,98,26,31,124,11,0,0,0.6268507180531939,0.4857196752206667,18,60,113,15,0,98,0.6268507180531939,nenhuma,51.28042833334214,0.0,56,0,terminal,0.9775666334538514,01,65,centralizada,j6021_1.sm,0,GOV,0,2.5789473684210527,0.48333333333333334,35,0.17142857142857143,0.09090909090909091,0.7931590165877817,60,13,60,60,2;3;4;5;6;7;8;9;10;11;12;13;14;15;16;17;18;19;20;21;22;23;24;25;26;27;28;29;30;31;32;33;34;35;36;37;38;39;40;41;42;43;44;45;46;47;48;49;50;51;52;53;54;55;56;57;58;59;60;61,2;3;4;5;6;7;8;9;10;11;12;13;14;15;16;17;18;19;20;21;22;23;24;25;26;27;28;29;30;31;32;33;34;35;36;37;38;39;40;41;42;43;44;45;46;47;48;49;50;51;52;53;54;55;56;57;58;59;60;61
True,233,76,0.7044309589359838,8.881784197001252e-16,14.481974533451687,222.0,404.0,66.0,28.0,75.51255630534274,39,21,2,11,0.35,0.38333333333333336,332.0,0.18530117695014622,0.22744745875103237,0.04362040522124002,0.13166678824227737,24,11,66,17,36,83,6,0,0,0.6586427040007742,0.39362113220747674,17,60,77,11,0,66,0.6586427040007742,nenhuma,75.51255630534273,0.0,83,0,terminal,0.965,01,65,centralizada,j6021_1.sm,1,GOV,0,3.0657894736842106,0.4,35,0.3142857142857143,0.15492957746478872,0.799015480338189,60,23,60,60,2;3;4;5;6;7;8;9;10;11;12;13;14;15;16;17;18;19;20;21;22;23;24;25;26;27;28;29;30;31;32;33;34;35;36;37;38;39;40;41;42;43;44;45;46;47;48;49;50;51;52;53;54;55;56;57;58;59;60;61,2;3;4;5;6;7;8;9;10;11;12;13;14;15;16;17;18;19;20;21;22;23;24;25;26;27;28;29;30;31;32;33;34;35;36;37;38;39;40;41;42;43;44;45;46;47;48;49;50;51;52;53;54;55;56;57;58;59;60;61
True,201,76,0.8152228980869757,0.0,5.910581019530631,267.0,403.0,29.0,20.0,42.34332738406984,50,10,2,7,0.16666666666666666,0.2,332.0,0.11311361599515386,0.1275401427231019,0.01780295487810431,0.08565570735654345,18,7,29,13,42,42,2,0,0,0.7659648859265082,0.2570239140832174,6,60,40,11,0,29,0.7659648859265082,nenhuma,42.34332738406984,0.0,47,0,terminal,0.9666666666666667,01,65,centralizada,j6021_1.sm,2,GOV,0,2.6447368421052633,0.3,25,0.28,0.1044776119402985,0.8334411126718285,60,12,60,60,2;3;4;5;6;7;8;9;10;11;12;13;14;15;16;17;18;19;20;21;22;23;24;25;26;27;28;29;30;31;32;33;34;35;36;37;38;39;40;41;42;43;44;45;46;47;48;49;50;51;52;53;54;55;56;57;58;59;60;61,2;3;4;5;6;7;8;9;10;11;12;13;14;15;16;17;18;19;20;21;22;23;24;25;26;27;28;29;30;31;32;33;34;35;36;37;38;39;40;41;42;43;44;45;46;47;48;49;50;51;52;53;54;55;56;57;58;59;60;61
True,202,76,0.6779024048399187,0.0,21.62671134479144,225.0,435.0,90.0,39.0,77.68528816876196,45,15,1,14,0.25,0.26666666666666666,332.0,0.18962186442184614,0.23399183183362035,0.06514069682166096,0.12106446820755361,29,14,90,25,31,115,0,0,0,0.794910294566222,0.24332019624229825,2,60,115,25,0,90,0.794910294566222,nenhuma,77.68528816876196,0.0,84,0,terminal,0.9299438743787896,01,65,centralizada,j6021_1.sm,3,GOV,0,2.6578947368421053,0.48333333333333334,43,0.32558139534883723,0.1891891891891892,0.7085740305892068,60,16,60,60,2;3;4;5;6;7;8;9;10;11;12;13;14;15;16;17;18;19;20;21;22;23;24;25;26;27;28;29;30;31;32;33;34;35;36;37;38;39;40;41;42;43;44;45;46;47;48;49;50;51;52;53;54;55;56;57;58;59;60;61,2;3;4;5;6;7;8;9;10;11;12;13;14;15;16;17;18;19;20;21;22;23;24;25;26;27;28;29;30;31;32;33;34;35;36;37;38;39;40;41;42;43;44;45;46;47;48;49;50;51;52;53;54;55;56;57;58;59;60;61
True,115,69,0.6936974468877406,0.0,14.623974136841579,255.0,426.0,82.0,50.0,56.1005735443316,46,14,2,9,0.23333333333333334,0.26666666666666666,337.0,0.14271302898011393,0.16647054464193353,0.043394582008431985,0.09135404844281868,25,9,82,41,35,123,11,8,0,0.6268507180531939,0.4857196752206667,14,60,112,30,0,82,0.6268507180531939,nenhuma,56.1005735443316,0.0,63,0,terminal,0.985,01,65,centralizada,j6032_1.sm,0,GOV,0,1.6666666666666667,0.4166666666666667,34,0.2647058823529412,0.13043478260869565,0.5981459606497556,60,16,60,60,2;3;4;5;6;7;8;9;10;11;12;13;14;15;16;17;18;19;20;21;22;23;24;25;26;27;28;29;30;31;32;33;34;35;36;37;38;39;40;41;42;43;44;45;46;47;48;49;50;51;52;53;54;55;56;57;58;59;60;61,2;3;4;5;6;7;8;9;10;11;12;13;14;15;16;17;18;19;20;21;22;23;24;25;26;27;28;29;30;31;32;33;34;35;36;37;38;39;40;41;42;43;44;45;46;47;48;49;50;51;52;53;54;55;56;57;58;59;60;61
True,133,69,0.6578293025833342,0.0,18.95463123843589,191.0,439.0,60.0,68.0,100.34637431932764,38,22,2,13,0.36666666666666664,0.4,337.0,0.22944370917788817,0.29776372201580903,0.05624519655322223,0.15036625383883712,31,13,60,55,29,115,8,36,0,0.6586427040007742,0.39362113220747674,13,60,107,47,0,60,0.6586427040007742,nenhuma,100.34637431932764,0.0,107,0,terminal,0.9569670981025326,01,65,centralizada,j6032_1.sm,1,GOV,0,1.9275362318840579,0.5166666666666667,44,0.29545454545454547,0.1780821917808219,0.509700925890145,60,24,60,60,2;3;4;5;6;7;8;9;10;11;12;13;14;15;16;17;18;19;20;21;22;23;24;25;26;27;28;29;30;31;32;33;34;35;36;37;38;39;40;41;42;43;44;45;46;47;48;49;50;51;52;53;54;55;56;57;58;59;60;61,2;3;4;5;6;7;8;9;10;11;12;13;14;15;16;17;18;19;20;21;22;23;24;25;26;27;28;29;30;31;32;33;34;35;36;37;38;39;40;41;42;43;44;45;46;47;48;49;50;51;52;53;54;55;56;57;58;59;60;61
True,129,69,0.688694798764869,0.0,13.742062242441827,227.0,451.0,52.0,81.0,70.86192259450814,43,17,0,10,0.2833333333333333,0.2833333333333333,337.0,0.1737399807850126,0.21027276734275413,0.04077763276688969,0.10820895237542465,28,10,52,71,32,123,0,43,3,0.7659648859265082,0.2570239140832174,2,60,120,68,3,52,0.7659648859265082,nenhuma,70.86192259450814,0.0,79,0,terminal,0.8399999999999999,01,65,centralizada,j6032_1.sm,2,GOV,0,1.8695652173913044,0.4666666666666667,38,0.2631578947368421,0.14285714285714285,0.5335714644418944,60,17,60,60,2;3;4;5;6;7;8;9;10;11;12;13;14;15;16;17;18;19;20;21;22;23;24;25;26;27;28;29;30;31;32;33;34;35;36;37;38;39;40;41;42;43;44;45;46;47;48;49;50;51;52;53;54;55;56;57;58;59;60;61,2;3;4;5;6;7;8;9;10;11;12;13;14;15;16;17;18;19;20;21;22;23;24;25;26;27;28;29;30;31;32;33;34;35;36;37;38;39;40;41;42;43;44;45;46;47;48;49;50;51;52;53;54;55;56;57;58;59;60;61
True,135,69,0.6382608826272768,0.0,13.413199497189403,236.0,461.0,104.0,67.0,90.27518957825394,44,16,4,12,0.26666666666666666,0.3333333333333333,337.0,0.2112811410074171,0.26787890082567933,0.03980177892341069,0.12498724984720411,31,12,104,55,29,159,0,22,0,0.794910294566222,0.24332019624229825,0,60,159,55,0,104,0.794910294566222,nenhuma,90.27518957825393,0.0,97,0,terminal,0.8800828990017552,01,65,centralizada,j6032_1.sm,3,GOV,0,1.9565217391304348,0.5166666666666667,43,0.27906976744186046,0.16666666666666666,0.4994956240079294,60,20,60,60,2;3;4;5;6;7;8;9;10;11;12;13;14;15;16;17;18;19;20;21;22;23;24;25;26;27;28;29;30;31;32;33;34;35;36;37;38;39;40;41;42;43;44;45;46;47;48;49;50;51;52;53;54;55;56;57;58;59;60;61,2;3;4;5;6;7;8;9;10;11;12;13;14;15;16;17;18;19;20;21;22;23;24;25;26;27;28;29;30;31;32;33;34;35;36;37;38;39;40;41;42;43;44;45;46;47;48;49;50;51;52;53;54;55;56;57;58;59;60;61
True,167,108,0.5315488558771105,0.0,13.832527014441895,230.0,371.0,201.0,59.0,66.9603020456354,45,15,1,3,0.25,0.26666666666666666,334.0,0.1669998294195576,0.20047994624441737,0.041414751540245195,0.09593712113623515,20,3,201,56,40,257,29,2,0,0.6268507180531939,0.4857196752206667,21,60,228,27,0,201,0.6268507180531939,nenhuma,66.9603020456354,0.0,72,0,terminal,1.0,01,65,centralizada,j6043_1.sm,0,GOV,0,1.5462962962962963,0.3333333333333333,23,0.13043478260869565,0.047619047619047616,0.8682712548076097,60,16,60,60,2;3;4;5;6;7;8;9;10;11;12;13;14;15;16;17;18;19;20;21;22;23;24;25;26;27;28;29;30;31;32;33;34;35;36;37;38;39;40;41;42;43;44;45;46;47;48;49;50;51;52;53;54;55;56;57;58;59;60;61,2;3;4;5;6;7;8;9;10;11;12;13;14;15;16;17;18;19;20;21;22;23;24;25;26;27;28;29;30;31;32;33;34;35;36;37;38;39;40;41;42;43;44;45;46;47;48;49;50;51;52;53;54;55;56;57;58;59;60;61
True,161,108,0.5754785175516541,0.0,12.297705847546133,233.0,361.0,155.0,49.0,62.30404174921642,45,15,3,6,0.25,0.3,334.0,0.15721273362294597,0.18653904715334257,0.03681947858546746,0.09932032571555521,17,6,155,43,43,198,21,0,0,0.6586427040007742,0.39362113220747674,20,60,177,22,0,155,0.6586427040007742,nenhuma,62.30404174921642,0.0,68,0,terminal,0.9666666666666667,01,65,centralizada,j6043_1.sm,1,GOV,0,1.4907407407407407,0.2833333333333333,23,0.2608695652173913,0.09090909090909091,0.8646076285410225,60,18,60,60,2;3;4;5;6;7;8;9;10;11;12;13;14;15;16;17;18;19;20;21;22;23;24;25;26;27;28;29;30;31;32;33;34;35;36;37;38;39;40;41;42;43;44;45;46;47;48;49;50;51;52;53;54;55;56;57;58;59;60;61,2;3;4;5;6;7;8;9;10;11;12;13;14;15;16;17;18;19;20;21;22;23;24;25;26;27;28;29;30;31;32;33;34;35;36;37;38;39;40;41;42;43;44;45;46;47;48;49;50;51;52;53;54;55;56;57;58;59;60;61
True,148,108,0.6184736307451356,8.881784197001252e-16,13.02952855507662,246.0,378.0,123.0,47.0,63.18207989657782,44,16,4,6,0.26666666666666666,0.3333333333333333,334.0,0.15907585738266386,0.18916790388196952,0.039010564536157546,0.10337685278218446,18,6,123,41,42,164,1,0,0,0.7659648859265082,0.2570239140832174,6,60,163,40,0,123,0.7659648859265082,nenhuma,63.18207989657782,0.0,68,0,terminal,0.9566666666666667,01,65,centralizada,j6043_1.sm,2,GOV,0,1.3703703703703705,0.3,24,0.25,0.09090909090909091,0.8259682163599881,60,20,60,60,2;3;4;5;6;7;8;9;10;11;12;13;14;15;16;17;18;19;20;21;22;23;24;25;26;27;28;29;30;31;32;33;34;35;36;37;38;39;40;41;42;43;44;45;46;47;48;49;50;51;52;53;54;55;56;57;58;59;60;61,2;3;4;5;6;7;8;9;10;11;12;13;14;15;16;17;18;19;20;21;22;23;24;25;26;27;28;29;30;31;32;33;34;35;36;37;38;39;40;41;42;43;44;45;46;47;48;49;50;51;52;53;54;55;56;57;58;59;60;61
True,178,108,0.5538412067970601,0.0,9.106102656291712,249.0,378.0,193.0,63.0,48.506096261825775,45,15,1,4,0.25,0.26666666666666666,334.0,0.12681130244947342,0.14522783311923884,0.02726378040805902,0.07107056849381997,23,4,193,59,37,252,3,0,0,0.794910294566222,0.24332019624229825,4,60,249,56,0,193,0.794910294566222,nenhuma,48.506096261825775,0.0,55,0,terminal,0.9538701026032687,01,65,centralizada,j6043_1.sm,3,GOV,0,1.6481481481481481,0.38333333333333336,27,0.14814814814814814,0.0625,0.7988443659392689,60,16,60,60,2;3;4;5;6;7;8;9;10;11;12;13;14;15;16;17;18;19;20;21;22;23;24;25;26;27;28;29;30;31;32;33;34;35;36;37;38;39;40;41;42;43;44;45;46;47;48;49;50;51;52;53;54;55;56;57;58;59;60;61,2;3;4;5;6;7;8;9;10;11;12;13;14;15;16;17;18;19;20;21;22;23;24;25;26;27;28;29;30;31;32;33;34;35;36;37;38;39;40;41;42;43;44;45;46;47;48;49;50;51;52;53;54;55;56;57;58;59;60;61
True,167,85,0.6795753812623113,0.0,12.66860359159342,290.0,382.0,100.0,50.0,30.115713036035753,55,5,4,11,0.08333333333333333,0.15,323.0,0.08528567810564244,0.09323750165955341,0.039221682946109664,0.053575647037828154,22,11,100,39,38,139,9,3,0,0.6268507180531939,0.4857196752206667,16,60,130,30,0,100,0.6268507180531939,nenhuma,30.115713036035753,0.0,34,0,terminal,0.9983333333333334,01,66,centralizada,j6010_1.sm,0,GOV,0,1.964705882352941,0.36666666666666664,33,0.3333333333333333,0.15492957746478872,0.8063712731937641,60,9,60,60,2;3;4;5;6;7;8;9;10;11;12;13;14;15;16;17;18;19;20;21;22;23;24;25;26;27;28;29;30;31;32;33;34;35;36;37;38;39;40;41;42;43;44;45;46;47;48;49;50;51;52;53;54;55;56;57;58;59;60;61,2;3;4;5;6;7;8;9;10;11;12;13;14;15;16;17;18;19;20;21;22;23;24;25;26;27;28;29;30;31;32;33;34;35;36;37;38;39;40;41;42;43;44;45;46;47;48;49;50;51;52;53;54;55;56;57;58;59;60;61
True,130,85,0.7626821036094404,0.0,5.7835786343821995,290.0,378.0,66.0,25.0,26.619338923899626,55,5,4,3,0.08333333333333333,0.15,323.0,0.07613806205867164,0.0824128140058812,0.017905816205517646,0.05370924181791647,14,3,66,22,46,88,8,0,0,0.6586427040007742,0.39362113220747674,14,60,80,14,0,66,0.6586427040007742,nenhuma,26.619338923899626,0.0,28,0,terminal,0.9633333333333333,01,66,centralizada,j6010_1.sm,1,GOV,0,1.5294117647058822,0.23333333333333334,17,0.17647058823529413,0.047619047619047616,0.8199407937717768,60,9,60,60,2;3;4;5;6;7;8;9;10;11;12;13;14;15;16;17;18;19;20;21;22;23;24;25;26;27;28;29;30;31;32;33;34;35;36;37;38;39;40;41;42;43;44;45;46;47;48;49;50;51;52;53;54;55;56;57;58;59;60;61,2;3;4;5;6;7;8;9;10;11;12;13;14;15;16;17;18;19;20;21;22;23;24;25;26;27;28;29;30;31;32;33;34;35;36;37;38;39;40;41;42;43;44;45;46;47;48;49;50;51;52;53;54;55;56;57;58;59;60;61
True,302,85,0.7389378180457438,0.0,17.416405730880278,258.0,405.0,57.0,29.0,57.08400667744491,49,11,4,7,0.18333333333333332,0.25,323.0,0.1501878681411838,0.1767306708280028,0.053920760776719125,0.10415192923343163,23,7,57,22,37,79,8,3,0,0.7659648859265082,0.2570239140832174,4,60,71,14,0,57,0.7659648859265082,nenhuma,57.08400667744492,0.0,63,0,terminal,0.965,01,66,centralizada,j6010_1.sm,2,GOV,0,3.552941176470588,0.38333333333333336,30,0.23333333333333334,0.1044776119402985,0.8296671708163498,60,15,60,60,2;3;4;5;6;7;8;9;10;11;12;13;14;15;16;17;18;19;20;21;22;23;24;25;26;27;28;29;30;31;32;33;34;35;36;37;38;39;40;41;42;43;44;45;46;47;48;49;50;51;52;53;54;55;56;57;58;59;60;61,2;3;4;5;6;7;8;9;10;11;12;13;14;15;16;17;18;19;20;21;22;23;24;25;26;27;28;29;30;31;32;33;34;35;36;37;38;39;40;41;42;43;44;45;46;47;48;49;50;51;52;53;54;55;56;57;58;59;60;61
True,138,85,0.635099924042631,0.0,10.0,285.0,382.0,122.0,57.0,40.48015381333638,55,5,7,8,0.08333333333333333,0.2,323.0,0.11136826423300344,0.12532555360166062,0.030959752321981424,0.06730089689027213,25,8,122,49,35,171,3,8,0,0.794910294566222,0.24332019624229825,3,60,168,46,0,122,0.794910294566222,nenhuma,40.48015381333638,0.0,45,0,terminal,0.968258550765191,01,66,centralizada,j6010_1.sm,3,GOV,0,1.6235294117647059,0.4166666666666667,33,0.24242424242424243,0.11764705882352941,0.7561356057270987,60,12,60,60,2;3;4;5;6;7;8;9;10;11;12;13;14;15;16;17;18;19;20;21;22;23;24;25;26;27;28;29;30;31;32;33;34;35;36;37;38;39;40;41;42;43;44;45;46;47;48;49;50;51;52;53;54;55;56;57;58;59;60;61,2;3;4;5;6;7;8;9;10;11;12;13;14;15;16;17;18;19;20;21;22;23;24;25;26;27;28;29;30;31;32;33;34;35;36;37;38;39;40;41;42;43;44;45;46;47;48;49;50;51;52;53;54;55;56;57;58;59;60;61
True,194,76,0.7042114454739619,0.0,7.93288278620589,293.0,387.0,84.0,37.0,41.5508522153227,50,10,5,8,0.16666666666666666,0.25,332.0,0.1112321173112246,0.12515316932326115,0.023894225259656295,0.0756087485768149,24,8,84,29,36,113,16,0,0,0.6268507180531939,0.4857196752206667,18,60,97,13,0,84,0.6268507180531939,nenhuma,41.5508522153227,0.0,47,0,terminal,0.9933333333333333,01,66,centralizada,j6021_1.sm,0,GOV,0,2.5526315789473686,0.4,32,0.25,0.11764705882352941,0.8140651253107886,60,15,60,60,2;3;4;5;6;7;8;9;10;11;12;13;14;15;16;17;18;19;20;21;22;23;24;25;26;27;28;29;30;31;32;33;34;35;36;37;38;39;40;41;42;43;44;45;46;47;48;49;50;51;52;53;54;55;56;57;58;59;60;61,2;3;4;5;6;7;8;9;10;11;12;13;14;15;16;17;18;19;20;21;22;23;24;25;26;27;28;29;30;31;32;33;34;35;36;37;38;39;40;41;42;43;44;45;46;47;48;49;50;51;52;53;54;55;56;57;58;59;60;61
True,297,76,0.7639589417661714,8.881784197001252e-16,10.5,288.0,409.0,47.0,25.0,54.36908548311041,52,8,7,10,0.13333333333333333,0.25,332.0,0.14071800132541162,0.1637623056720193,0.03162650602409638,0.10155439855861012,22,10,47,15,38,62,4,0,0,0.6586427040007742,0.39362113220747674,17,60,58,11,0,47,0.6586427040007742,nenhuma,54.36908548311041,0.0,60,0,terminal,0.9666666666666667,01,66,centralizada,j6021_1.sm,1,GOV,0,3.9078947368421053,0.36666666666666664,32,0.3125,0.14285714285714285,0.85487537618407,60,15,60,60,2;3;4;5;6;7;8;9;10;11;12;13;14;15;16;17;18;19;20;21;22;23;24;25;26;27;28;29;30;31;32;33;34;35;36;37;38;39;40;41;42;43;44;45;46;47;48;49;50;51;52;53;54;55;56;57;58;59;60;61,2;3;4;5;6;7;8;9;10;11;12;13;14;15;16;17;18;19;20;21;22;23;24;25;26;27;28;29;30;31;32;33;34;35;36;37;38;39;40;41;42;43;44;45;46;47;48;49;50;51;52;53;54;55;56;57;58;59;60;61
True,206,76,0.7306009076510935,0.0,34.10012362632943,270.0,400.0,44.0,25.0,78.49452924444542,52,8,8,5,0.13333333333333333,0.26666666666666666,332.0,0.1912194284024251,0.23642930495314884,0.1027112157419561,0.14337043577909284,26,5,44,20,34,64,4,5,0,0.7659648859265082,0.2570239140832174,6,60,60,16,0,44,0.7659648859265082,nenhuma,78.49452924444543,0.0,82,0,terminal,0.9466666666666667,01,66,centralizada,j6021_1.sm,2,GOV,0,2.710526315789474,0.43333333333333335,31,0.16129032258064516,0.07692307692307693,0.7613219228169976,60,16,60,60,2;3;4;5;6;7;8;9;10;11;12;13;14;15;16;17;18;19;20;21;22;23;24;25;26;27;28;29;30;31;32;33;34;35;36;37;38;39;40;41;42;43;44;45;46;47;48;49;50;51;52;53;54;55;56;57;58;59;60;61,2;3;4;5;6;7;8;9;10;11;12;13;14;15;16;17;18;19;20;21;22;23;24;25;26;27;28;29;30;31;32;33;34;35;36;37;38;39;40;41;42;43;44;45;46;47;48;49;50;51;52;53;54;55;56;57;58;59;60;61
True,268,76,0.6994582101453516,0.0,15.437945780864226,254.0,426.0,52.0,35.0,96.04281888617008,45,15,11,17,0.25,0.43333333333333335,332.0,0.22437666197995687,0.28928559905472917,0.04649983668935008,0.15769469059961194,33,17,52,18,27,70,0,3,0,0.794910294566222,0.24332019624229825,2,60,70,18,0,52,0.794910294566222,nenhuma,96.04281888617007,0.0,108,0,terminal,0.9666666666666667,01,66,centralizada,j6021_1.sm,3,GOV,0,3.526315789473684,0.55,50,0.34,0.22077922077922077,0.7297889807848896,60,26,60,60,2;3;4;5;6;7;8;9;10;11;12;13;14;15;16;17;18;19;20;21;22;23;24;25;26;27;28;29;30;31;32;33;34;35;36;37;38;39;40;41;42;43;44;45;46;47;48;49;50;51;52;53;54;55;56;57;58;59;60;61,2;3;4;5;6;7;8;9;10;11;12;13;14;15;16;17;18;19;20;21;22;23;24;25;26;27;28;29;30;31;32;33;34;35;36;37;38;39;40;41;42;43;44;45;46;47;48;49;50;51;52;53;54;55;56;57;58;59;60;61
True,157,69,0.6929141203900624,0.0,14.87966818435277,277.0,438.0,96.0,52.0,46.112966255380194,49,11,5,9,0.18333333333333332,0.26666666666666666,337.0,0.12036388824449665,0.1368337277607721,0.04415331805445926,0.07295051472927716,26,9,96,43,34,139,15,9,0,0.6268507180531939,0.4857196752206667,14,60,124,28,0,96,0.6268507180531939,nenhuma,46.112966255380194,0.0,53,0,terminal,0.985,01,66,centralizada,j6032_1.sm,0,GOV,0,2.2753623188405796,0.43333333333333335,35,0.2571428571428571,0.13043478260869565,0.6793486683271369,60,16,60,60,2;3;4;5;6;7;8;9;10;11;12;13;14;15;16;17;18;19;20;21;22;23;24;25;26;27;28;29;30;31;32;33;34;35;36;37;38;39;40;41;42;43;44;45;46;47;48;49;50;51;52;53;54;55;56;57;58;59;60;61,2;3;4;5;6;7;8;9;10;11;12;13;14;15;16;17;18;19;20;21;22;23;24;25;26;27;28;29;30;31;32;33;34;35;36;37;38;39;40;41;42;43;44;45;46;47;48;49;50;51;52;53;54;55;56;57;58;59;60;61
True,182,69,0.6978140287241834,0.0,7.769968824197843,307.0,432.0,73.0,59.0,55.07611801646867,55,5,11,8,0.08333333333333333,0.26666666666666666,337.0,0.14047302420535407,0.16343061725955094,0.023056287312159772,0.0889650180545384,20,8,73,51,40,124,13,20,0,0.6586427040007742,0.39362113220747674,13,60,111,38,0,73,0.6586427040007742,nenhuma,55.076118016468676,0.0,60,0,terminal,0.955,01,66,centralizada,j6032_1.sm,1,GOV,0,2.63768115942029,0.3333333333333333,28,0.2857142857142857,0.11764705882352941,0.7748689938759471,60,16,60,60,2;3;4;5;6;7;8;9;10;11;12;13;14;15;16;17;18;19;20;21;22;23;24;25;26;27;28;29;30;31;32;33;34;35;36;37;38;39;40;41;42;43;44;45;46;47;48;49;50;51;52;53;54;55;56;57;58;59;60;61,2;3;4;5;6;7;8;9;10;11;12;13;14;15;16;17;18;19;20;21;22;23;24;25;26;27;28;29;30;31;32;33;34;35;36;37;38;39;40;41;42;43;44;45;46;47;48;49;50;51;52;53;54;55;56;57;58;59;60;61
True,284,69,0.6831346786724927,0.0,21.55372203089656,280.0,446.0,56.0,86.0,64.87272616095757,50,10,6,13,0.16666666666666666,0.26666666666666666,337.0,0.16142604844244848,0.1925006711007643,0.06395763213915893,0.0993650424676555,31,13,56,73,29,129,0,35,0,0.7659648859265082,0.2570239140832174,2,60,129,73,0,56,0.7659648859265082,nenhuma,64.87272616095757,0.0,72,0,terminal,0.8116666666666665,01,66,centralizada,j6032_1.sm,2,GOV,0,4.115942028985507,0.5166666666666667,44,0.29545454545454547,0.1780821917808219,0.8050235044827341,60,16,60,60,2;3;4;5;6;7;8;9;10;11;12;13;14;15;16;17;18;19;20;21;22;23;24;25;26;27;28;29;30;31;32;33;34;35;36;37;38;39;40;41;42;43;44;45;46;47;48;49;50;51;52;53;54;55;56;57;58;59;60;61,2;3;4;5;6;7;8;9;10;11;12;13;14;15;16;17;18;19;20;21;22;23;24;25;26;27;28;29;30;31;32;33;34;35;36;37;38;39;40;41;42;43;44;45;46;47;48;49;50;51;52;53;54;55;56;57;58;59;60;61
True,176,69,0.6006823502414517,0.0,25.479171299588636,240.0,477.0,116.0,97.0,104.09691296616919,45,15,11,21,0.25,0.43333333333333335,337.0,0.2359955599466032,0.3088929168135584,0.07560584955367548,0.1310884241790322,29,21,116,76,31,192,0,41,4,0.794910294566222,0.24332019624229825,0,60,188,72,4,116,0.794910294566222,nenhuma,104.09691296616916,0.0,116,0,terminal,0.8166666666666665,01,66,centralizada,j6032_1.sm,3,GOV,0,2.550724637681159,0.48333333333333334,50,0.42,0.25925925925925924,0.5685294542783496,60,26,60,60,2;3;4;5;6;7;8;9;10;11;12;13;14;15;16;17;18;19;20;21;22;23;24;25;26;27;28;29;30;31;32;33;34;35;36;37;38;39;40;41;42;43;44;45;46;47;48;49;50;51;52;53;54;55;56;57;58;59;60;61,2;3;4;5;6;7;8;9;10;11;12;13;14;15;16;17;18;19;20;21;22;23;24;25;26;27;28;29;30;31;32;33;34;35;36;37;38;39;40;41;42;43;44;45;46;47;48;49;50;51;52;53;54;55;56;57;58;59;60;61
True,172,108,0.5542521994134897,0.0,9.5,289.0,378.0,219.0,60.0,25.0,54,6,1,3,0.1,0.11666666666666667,334.0,0.06963788300835655,0.0748502994011976,0.02844311377245509,0.036656891495601175,18,3,219,57,42,276,37,0,0,0.6268507180531939,0.4857196752206667,21,60,239,20,0,219,0.6268507180531939,nenhuma,25.0,0.0,27,0,terminal,1.0,01,66,centralizada,j6043_1.sm,0,GOV,0,1.5925925925925926,0.3,21,0.14285714285714285,0.047619047619047616,0.8733675199711459,60,7,60,60,2;3;4;5;6;7;8;9;10;11;12;13;14;15;16;17;18;19;20;21;22;23;24;25;26;27;28;29;30;31;32;33;34;35;36;37;38;39;40;41;42;43;44;45;46;47;48;49;50;51;52;53;54;55;56;57;58;59;60;61,2;3;4;5;6;7;8;9;10;11;12;13;14;15;16;17;18;19;20;21;22;23;24;25;26;27;28;29;30;31;32;33;34;35;36;37;38;39;40;41;42;43;44;45;46;47;48;49;50;51;52;53;54;55;56;57;58;59;60;61
True,300,108,0.520360481451121,0.0,11.730601263788579,285.0,348.0,201.0,66.0,53.767157393539875,53,7,8,7,0.11666666666666667,0.25,334.0,0.13865835816253072,0.160979513154311,0.035121560670025684,0.0803974250217259,20,7,201,59,40,260,26,1,0,0.6586427040007742,0.39362113220747674,20,60,234,33,0,201,0.6586427040007742,nenhuma,53.767157393539875,0.0,58,0,terminal,0.9583333333333334,01,66,centralizada,j6043_1.sm,1,GOV,0,2.7777777777777777,0.3333333333333333,27,0.25925925925925924,0.1044776119402985,0.9437564326809794,60,15,60,60,2;3;4;5;6;7;8;9;10;11;12;13;14;15;16;17;18;19;20;21;22;23;24;25;26;27;28;29;30;31;32;33;34;35;36;37;38;39;40;41;42;43;44;45;46;47;48;49;50;51;52;53;54;55;56;57;58;59;60;61,2;3;4;5;6;7;8;9;10;11;12;13;14;15;16;17;18;19;20;21;22;23;24;25;26;27;28;29;30;31;32;33;34;35;36;37;38;39;40;41;42;43;44;45;46;47;48;49;50;51;52;53;54;55;56;57;58;59;60;61
True,211,108,0.6495811058629891,0.0,27.227886793593115,253.0,395.0,92.0,43.0,78.08418907940677,46,14,8,8,0.23333333333333334,0.36666666666666664,334.0,0.189486010744179,0.23378499724373283,0.08152061914249435,0.12841016175345768,27,8,92,35,33,127,0,4,0,0.7659648859265082,0.2570239140832174,6,60,127,35,0,92,0.7659648859265082,nenhuma,78.08418907940677,0.0,84,0,terminal,0.9425559963717838,01,66,centralizada,j6043_1.sm,2,GOV,0,1.9537037037037037,0.45,35,0.22857142857142856,0.11764705882352941,0.8099018766936967,60,22,60,60,2;3;4;5;6;7;8;9;10;11;12;13;14;15;16;17;18;19;20;21;22;23;24;25;26;27;28;29;30;31;32;33;34;35;36;37;38;39;40;41;42;43;44;45;46;47;48;49;50;51;52;53;54;55;56;57;58;59;60;61,2;3;4;5;6;7;8;9;10;11;12;13;14;15;16;17;18;19;20;21;22;23;24;25;26;27;28;29;30;31;32;33;34;35;36;37;38;39;40;41;42;43;44;45;46;47;48;49;50;51;52;53;54;55;56;57;58;59;60;61
True,160,108,0.5867944229017023,0.0,21.50276340357433,283.0,360.0,161.0,53.0,39.502763403574335,52,8,4,4,0.13333333333333333,0.2,334.0,0.10576297493384569,0.11827174671728843,0.06437953114842614,0.0643888923733969,20,4,161,49,40,210,6,0,0,0.794910294566222,0.24332019624229825,4,60,204,43,0,161,0.794910294566222,nenhuma,39.502763403574335,0.0,43,0,terminal,1.0,01,66,centralizada,j6043_1.sm,3,GOV,0,1.4814814814814814,0.3333333333333333,24,0.16666666666666666,0.0625,0.8509252343511751,60,12,60,60,2;3;4;5;6;7;8;9;10;11;12;13;14;15;16;17;18;19;20;21;22;23;24;25;26;27;28;29;30;31;32;33;34;35;36;37;38;39;40;41;42;43;44;45;46;47;48;49;50;51;52;53;54;55;56;57;58;59;60;61,2;3;4;5;6;7;8;9;10;11;12;13;14;15;16;17;18;19;20;21;22;23;24;25;26;27;28;29;30;31;32;33;34;35;36;37;38;39;40;41;42;43;44;45;46;47;48;49;50;51;52;53;54;55;56;57;58;59;60;61
True,129,85,0.7002299162934914,0.0,4.444549294843161,307.0,385.0,97.0,49.0,18.81941079854223,57,3,4,11,0.05,0.11666666666666667,323.0,0.05505658895899802,0.05826442971684901,0.013760214535118146,0.03422834921598975,22,11,97,38,38,135,9,3,0,0.6268507180531939,0.4857196752206667,16,60,126,29,0,97,0.6268507180531939,nenhuma,18.81941079854223,0.0,22,0,terminal,1.0,01,67,adaptativa,j6010_1.sm,0,GOV,0,1.5176470588235293,0.36666666666666664,33,0.3333333333333333,0.15492957746478872,0.7631996689224131,60,7,60,60,2;3;4;5;6;7;8;9;10;11;12;13;14;15;16;17;18;19;20;21;22;23;24;25;26;27;28;29;30;31;32;33;34;35;36;37;38;39;40;41;42;43;44;45;46;47;48;49;50;51;52;53;54;55;56;57;58;59;60;61,2;3;4;5;6;7;8;9;10;11;12;13;14;15;16;17;18;19;20;21;22;23;24;25;26;27;28;29;30;31;32;33;34;35;36;37;38;39;40;41;42;43;44;45;46;47;48;49;50;51;52;53;54;55;56;57;58;59;60;61
True,126,85,0.7409830344994617,0.0,5.7835786343821995,289.0,377.0,75.0,28.0,28.7835786343822,54,6,3,4,0.1,0.15,323.0,0.08182183701160683,0.08911324654607491,0.017905816205517646,0.0565733247752212,12,4,75,24,48,99,8,0,0,0.6586427040007742,0.39362113220747674,14,60,91,16,0,75,0.6586427040007742,nenhuma,28.7835786343822,0.0,30,0,terminal,0.9666666666666667,01,67,adaptativa,j6010_1.sm,1,GOV,0,1.4823529411764707,0.2,16,0.25,0.0625,0.8320808808700523,60,9,60,60,2;3;4;5;6;7;8;9;10;11;12;13;14;15;16;17;18;19;20;21;22;23;24;25;26;27;28;29;30;31;32;33;34;35;36;37;38;39;40;41;42;43;44;45;46;47;48;49;50;51;52;53;54;55;56;57;58;59;60;61,2;3;4;5;6;7;8;9;10;11;12;13;14;15;16;17;18;19;20;21;22;23;24;25;26;27;28;29;30;31;32;33;34;35;36;37;38;39;40;41;42;43;44;45;46;47;48;49;50;51;52;53;54;55;56;57;58;59;60;61
True,136,85,0.7039183461977948,0.0,11.5,269.0,399.0,65.0,39.0,63.82710737004225,52,8,8,6,0.13333333333333333,0.26666666666666666,323.0,0.16500164066574752,0.19760714356050232,0.03560371517027864,0.11260419013160207,23,6,65,33,37,98,8,11,0,0.7659648859265082,0.2570239140832174,4,60,90,25,0,65,0.7659648859265082,nenhuma,63.82710737004225,0.0,70,0,terminal,0.9516666666666667,01,67,adaptativa,j6010_1.sm,2,GOV,0,1.6,0.38333333333333336,29,0.20689655172413793,0.09090909090909091,0.6662632459126281,60,16,60,60,2;3;4;5;6;7;8;9;10;11;12;13;14;15;16;17;18;19;20;21;22;23;24;25;26;27;28;29;30;31;32;33;34;35;36;37;38;39;40;41;42;43;44;45;46;47;48;49;50;51;52;53;54;55;56;57;58;59;60;61,2;3;4;5;6;7;8;9;10;11;12;13;14;15;16;17;18;19;20;21;22;23;24;25;26;27;28;29;30;31;32;33;34;35;36;37;38;39;40;41;42;43;44;45;46;47;48;49;50;51;52;53;54;55;56;57;58;59;60;61
True,139,85,0.6026060380223108,0.0,14.307663157894595,226.0,372.0,124.0,60.0,61.318739820239145,46,14,4,9,0.23333333333333334,0.3,323.0,0.15955178206745865,0.18984129975306238,0.04429617076747552,0.09933076037525596,25,9,124,51,35,175,3,8,0,0.794910294566222,0.24332019624229825,3,60,172,48,0,124,0.794910294566222,nenhuma,61.318739820239145,0.0,68,0,terminal,0.9898572208469382,01,67,adaptativa,j6010_1.sm,3,GOV,0,1.6352941176470588,0.4166666666666667,34,0.2647058823529412,0.13043478260869565,0.726608688625301,60,18,60,60,2;3;4;5;6;7;8;9;10;11;12;13;14;15;16;17;18;19;20;21;22;23;24;25;26;27;28;29;30;31;32;33;34;35;36;37;38;39;40;41;42;43;44;45;46;47;48;49;50;51;52;53;54;55;56;57;58;59;60;61,2;3;4;5;6;7;8;9;10;11;12;13;14;15;16;17;18;19;20;21;22;23;24;25;26;27;28;29;30;31;32;33;34;35;36;37;38;39;40;41;42;43;44;45;46;47;48;49;50;51;52;53;54;55;56;57;58;59;60;61
True,168,76,0.7277263758223941,0.0,10.418099299698289,285.0,396.0,58.0,26.0,64.16057072616827,53,7,9,9,0.11666666666666667,0.26666666666666666,332.0,0.16195597307566725,0.1932547311029165,0.03137981716776593,0.1179074232455829,23,9,58,17,37,75,8,0,0,0.6268507180531939,0.4857196752206667,18,60,67,9,0,58,0.6268507180531939,nenhuma,64.16057072616829,0.0,69,0,terminal,0.9892333001205181,01,67,adaptativa,j6021_1.sm,0,GOV,0,2.210526315789474,0.38333333333333336,32,0.28125,0.13043478260869565,0.7676504499539786,60,16,60,60,2;3;4;5;6;7;8;9;10;11;12;13;14;15;16;17;18;19;20;21;22;23;24;25;26;27;28;29;30;31;32;33;34;35;36;37;38;39;40;41;42;43;44;45;46;47;48;49;50;51;52;53;54;55;56;57;58;59;60;61,2;3;4;5;6;7;8;9;10;11;12;13;14;15;16;17;18;19;20;21;22;23;24;25;26;27;28;29;30;31;32;33;34;35;36;37;38;39;40;41;42;43;44;45;46;47;48;49;50;51;52;53;54;55;56;57;58;59;60;61
True,209,76,0.7327412348767494,0.0,10.5,284.0,407.0,54.0,24.0,70.44847297758452,50,10,11,11,0.16666666666666666,0.35,332.0,0.17504967146814926,0.212194195715616,0.03162650602409638,0.12683169799699406,27,11,54,13,33,67,5,0,0,0.6586427040007742,0.39362113220747674,17,60,62,8,0,54,0.6586427040007742,nenhuma,70.44847297758453,0.0,78,0,terminal,0.9666666666666667,01,67,adaptativa,j6021_1.sm,1,GOV,0,2.75,0.45,38,0.2894736842105263,0.15492957746478872,0.771841938333513,60,21,60,60,2;3;4;5;6;7;8;9;10;11;12;13;14;15;16;17;18;19;20;21;22;23;24;25;26;27;28;29;30;31;32;33;34;35;36;37;38;39;40;41;42;43;44;45;46;47;48;49;50;51;52;53;54;55;56;57;58;59;60;61,2;3;4;5;6;7;8;9;10;11;12;13;14;15;16;17;18;19;20;21;22;23;24;25;26;27;28;29;30;31;32;33;34;35;36;37;38;39;40;41;42;43;44;45;46;47;48;49;50;51;52;53;54;55;56;57;58;59;60;61
True,191,76,0.7449809890831108,1.7763568394002505e-15,19.755962858569518,264.0,402.0,45.0,24.0,68.61108523690459,48,12,5,9,0.2,0.2833333333333333,332.0,0.17126606767840902,0.20665989529188128,0.05950591222460698,0.12714913965635521,29,9,45,15,31,60,4,2,0,0.7659648859265082,0.2570239140832174,6,60,56,11,0,45,0.7659648859265082,nenhuma,68.6110852369046,0.0,74,0,terminal,0.955,01,67,adaptativa,j6021_1.sm,2,GOV,0,2.513157894736842,0.48333333333333334,38,0.23684210526315788,0.13043478260869565,0.7287274029822645,60,17,60,60,2;3;4;5;6;7;8;9;10;11;12;13;14;15;16;17;18;19;20;21;22;23;24;25;26;27;28;29;30;31;32;33;34;35;36;37;38;39;40;41;42;43;44;45;46;47;48;49;50;51;52;53;54;55;56;57;58;59;60;61,2;3;4;5;6;7;8;9;10;11;12;13;14;15;16;17;18;19;20;21;22;23;24;25;26;27;28;29;30;31;32;33;34;35;36;37;38;39;40;41;42;43;44;45;46;47;48;49;50;51;52;53;54;55;56;57;58;59;60;61
True,193,76,0.6771284687596067,4.440892098500626e-16,15.5,253.0,420.0,74.0,35.0,91.2663443901188,45,15,10,18,0.25,0.4166666666666667,332.0,0.21562391057012525,0.27489862768108075,0.046686746987951805,0.14714057149087634,32,18,74,17,28,91,0,0,0,0.794910294566222,0.24332019624229825,2,60,91,17,0,74,0.794910294566222,nenhuma,91.2663443901188,0.0,102,0,terminal,0.9666666666666667,01,67,adaptativa,j6021_1.sm,3,GOV,0,2.539473684210526,0.5333333333333333,50,0.36,0.23076923076923078,0.6607631284799255,60,25,60,60,2;3;4;5;6;7;8;9;10;11;12;13;14;15;16;17;18;19;20;21;22;23;24;25;26;27;28;29;30;31;32;33;34;35;36;37;38;39;40;41;42;43;44;45;46;47;48;49;50;51;52;53;54;55;56;57;58;59;60;61,2;3;4;5;6;7;8;9;10;11;12;13;14;15;16;17;18;19;20;21;22;23;24;25;26;27;28;29;30;31;32;33;34;35;36;37;38;39;40;41;42;43;44;45;46;47;48;49;50;51;52;53;54;55;56;57;58;59;60;61
True,128,69,0.6863754959511933,0.0,12.15798461207279,300.0,442.0,97.0,63.0,41.96238299193256,53,7,7,10,0.11666666666666667,0.23333333333333334,337.0,0.1107296789212608,0.12451745694935477,0.036077105673806495,0.0651627860574245,23,10,97,53,37,150,9,19,0,0.6268507180531939,0.4857196752206667,14,60,141,44,0,97,0.6268507180531939,nenhuma,41.96238299193256,0.0,46,0,terminal,0.9699999999999999,01,67,adaptativa,j6032_1.sm,0,GOV,0,1.855072463768116,0.38333333333333336,33,0.30303030303030304,0.14285714285714285,0.643089912122698,60,14,60,60,2;3;4;5;6;7;8;9;10;11;12;13;14;15;16;17;18;19;20;21;22;23;24;25;26;27;28;29;30;31;32;33;34;35;36;37;38;39;40;41;42;43;44;45;46;47;48;49;50;51;52;53;54;55;56;57;58;59;60;61,2;3;4;5;6;7;8;9;10;11;12;13;14;15;16;17;18;19;20;21;22;23;24;25;26;27;28;29;30;31;32;33;34;35;36;37;38;39;40;41;42;43;44;45;46;47;48;49;50;51;52;53;54;55;56;57;58;59;60;61
True,128,69,0.6610286995105794,0.0,7.0,302.0,433.0,89.0,73.0,60.03963794702088,54,6,9,15,0.1,0.25,337.0,0.15121824676616366,0.1781591630475397,0.020771513353115726,0.09165802261248325,27,15,89,58,33,147,11,27,0,0.6586427040007742,0.39362113220747674,13,60,136,47,0,89,0.6586427040007742,nenhuma,60.039637947020886,0.0,65,0,terminal,0.9466666666666667,01,67,adaptativa,j6032_1.sm,1,GOV,0,1.855072463768116,0.45,42,0.35714285714285715,0.2,0.5869442535957453,60,15,60,60,2;3;4;5;6;7;8;9;10;11;12;13;14;15;16;17;18;19;20;21;22;23;24;25;26;27;28;29;30;31;32;33;34;35;36;37;38;39;40;41;42;43;44;45;46;47;48;49;50;51;52;53;54;55;56;57;58;59;60;61,2;3;4;5;6;7;8;9;10;11;12;13;14;15;16;17;18;19;20;21;22;23;24;25;26;27;28;29;30;31;32;33;34;35;36;37;38;39;40;41;42;43;44;45;46;47;48;49;50;51;52;53;54;55;56;57;58;59;60;61
True,140,69,0.6990551279754138,8.881784197001252e-16,11.8048545280938,305.0,445.0,50.0,77.0,64.57354361850976,53,7,8,14,0.11666666666666667,0.25,337.0,0.16080128943916158,0.19161288907569662,0.035029241923127,0.10143925123160293,33,14,50,63,27,113,0,37,0,0.7659648859265082,0.2570239140832174,2,60,113,63,0,50,0.7659648859265082,nenhuma,64.57354361850976,0.0,70,0,terminal,0.8672964221421986,01,67,adaptativa,j6032_1.sm,2,GOV,0,2.028985507246377,0.55,47,0.2978723404255319,0.1891891891891892,0.5634244749195692,60,15,60,60,2;3;4;5;6;7;8;9;10;11;12;13;14;15;16;17;18;19;20;21;22;23;24;25;26;27;28;29;30;31;32;33;34;35;36;37;38;39;40;41;42;43;44;45;46;47;48;49;50;51;52;53;54;55;56;57;58;59;60;61,2;3;4;5;6;7;8;9;10;11;12;13;14;15;16;17;18;19;20;21;22;23;24;25;26;27;28;29;30;31;32;33;34;35;36;37;38;39;40;41;42;43;44;45;46;47;48;49;50;51;52;53;54;55;56;57;58;59;60;61
True,137,69,0.6533353239135196,0.0,12.5,249.0,478.0,108.0,71.0,74.63042392496095,48,12,8,12,0.2,0.3333333333333333,337.0,0.1813044410404559,0.2214552638722877,0.037091988130563795,0.10200563219417917,29,12,108,59,31,167,0,20,0,0.794910294566222,0.24332019624229825,0,60,167,59,0,108,0.794910294566222,nenhuma,74.63042392496095,0.0,81,0,terminal,0.8538388090394823,01,67,adaptativa,j6032_1.sm,3,GOV,0,1.9855072463768115,0.48333333333333334,41,0.2926829268292683,0.16666666666666666,0.5295750099290751,60,20,60,60,2;3;4;5;6;7;8;9;10;11;12;13;14;15;16;17;18;19;20;21;22;23;24;25;26;27;28;29;30;31;32;33;34;35;36;37;38;39;40;41;42;43;44;45;46;47;48;49;50;51;52;53;54;55;56;57;58;59;60;61,2;3;4;5;6;7;8;9;10;11;12;13;14;15;16;17;18;19;20;21;22;23;24;25;26;27;28;29;30;31;32;33;34;35;36;37;38;39;40;41;42;43;44;45;46;47;48;49;50;51;52;53;54;55;56;57;58;59;60;61
True,201,108,0.44862155388471175,0.0,9.5,264.0,358.0,309.0,78.0,53.0,50,10,6,3,0.16666666666666666,0.26666666666666666,334.0,0.13695090439276486,0.15868263473053892,0.02844311377245509,0.06641604010025062,16,3,309,75,44,384,39,0,0,0.6268507180531939,0.4857196752206667,21,60,345,36,0,309,0.6268507180531939,nenhuma,53.0,0.0,57,0,terminal,0.9966666666666667,01,67,adaptativa,j6043_1.sm,0,GOV,0,1.8611111111111112,0.26666666666666666,19,0.15789473684210525,0.047619047619047616,0.9221886791682581,60,16,60,60,2;3;4;5;6;7;8;9;10;11;12;13;14;15;16;17;18;19;20;21;22;23;24;25;26;27;28;29;30;31;32;33;34;35;36;37;38;39;40;41;42;43;44;45;46;47;48;49;50;51;52;53;54;55;56;57;58;59;60;61,2;3;4;5;6;7;8;9;10;11;12;13;14;15;16;17;18;19;20;21;22;23;24;25;26;27;28;29;30;31;32;33;34;35;36;37;38;39;40;41;42;43;44;45;46;47;48;49;50;51;52;53;54;55;56;57;58;59;60;61
True,146,108,0.544891640866873,0.0,8.5,312.0,352.0,191.0,55.0,48.0,57,3,13,1,0.05,0.26666666666666666,334.0,0.1256544502617801,0.1437125748502994,0.025449101796407185,0.07430340557275542,18,1,191,54,42,245,29,0,0,0.6586427040007742,0.39362113220747674,20,60,216,25,0,191,0.6586427040007742,nenhuma,48.0,0.0,53,0,terminal,0.965,01,67,adaptativa,j6043_1.sm,1,GOV,0,1.3518518518518519,0.3,19,0.05263157894736842,0.01639344262295082,0.9243916347037583,60,16,60,60,2;3;4;5;6;7;8;9;10;11;12;13;14;15;16;17;18;19;20;21;22;23;24;25;26;27;28;29;30;31;32;33;34;35;36;37;38;39;40;41;42;43;44;45;46;47;48;49;50;51;52;53;54;55;56;57;58;59;60;61,2;3;4;5;6;7;8;9;10;11;12;13;14;15;16;17;18;19;20;21;22;23;24;25;26;27;28;29;30;31;32;33;34;35;36;37;38;39;40;41;42;43;44;45;46;47;48;49;50;51;52;53;54;55;56;57;58;59;60;61
True,162,108,0.6382223298554047,0.0,7.5,287.0,381.0,122.0,44.0,49.97065141283784,53,7,7,6,0.11666666666666667,0.23333333333333334,334.0,0.13014185128204073,0.1496127287809516,0.02245508982035928,0.08370704873777858,18,6,122,38,42,160,2,2,0,0.7659648859265082,0.2570239140832174,6,60,158,36,0,122,0.7659648859265082,nenhuma,49.97065141283784,0.0,54,0,terminal,0.9666666666666667,01,67,adaptativa,j6043_1.sm,2,GOV,0,1.5,0.3,24,0.25,0.09090909090909091,0.7930127159821733,60,14,60,60,2;3;4;5;6;7;8;9;10;11;12;13;14;15;16;17;18;19;20;21;22;23;24;25;26;27;28;29;30;31;32;33;34;35;36;37;38;39;40;41;42;43;44;45;46;47;48;49;50;51;52;53;54;55;56;57;58;59;60;61,2;3;4;5;6;7;8;9;10;11;12;13;14;15;16;17;18;19;20;21;22;23;24;25;26;27;28;29;30;31;32;33;34;35;36;37;38;39;40;41;42;43;44;45;46;47;48;49;50;51;52;53;54;55;56;57;58;59;60;61
True,173,108,0.5946702362277524,0.0,10.694698601917594,288.0,383.0,166.0,58.0,37.0544299468101,53,7,2,4,0.11666666666666667,0.15,334.0,0.09986251869334044,0.11094140702637756,0.03202005569436405,0.05753307208813124,21,4,166,54,39,220,6,5,0,0.794910294566222,0.24332019624229825,4,60,214,48,0,166,0.794910294566222,nenhuma,37.0544299468101,0.0,41,0,terminal,0.982749548655967,01,67,adaptativa,j6043_1.sm,3,GOV,0,1.6018518518518519,0.35,25,0.16,0.0625,0.8110694101557392,60,9,60,60,2;3;4;5;6;7;8;9;10;11;12;13;14;15;16;17;18;19;20;21;22;23;24;25;26;27;28;29;30;31;32;33;34;35;36;37;38;39;40;41;42;43;44;45;46;47;48;49;50;51;52;53;54;55;56;57;58;59;60;61,2;3;4;5;6;7;8;9;10;11;12;13;14;15;16;17;18;19;20;21;22;23;24;25;26;27;28;29;30;31;32;33;34;35;36;37;38;39;40;41;42;43;44;45;46;47;48;49;50;51;52;53;54;55;56;57;58;59;60;61
True,134,85,0.6861291114839434,0.0,7.585645698947722,295.0,378.0,92.0,49.0,31.916720589905825,55,5,4,11,0.08333333333333333,0.15,323.0,0.08992735123004957,0.09881337643933692,0.023484971204172516,0.05793383899426816,21,11,92,38,39,130,10,3,0,0.6268507180531939,0.4857196752206667,16,60,120,28,0,92,0.6268507180531939,nenhuma,31.916720589905825,0.0,35,0,terminal,0.9873358528959478,01,68,adaptativa,j6010_1.sm,0,GOV,0,1.576470588235294,0.35,32,0.34375,0.15492957746478872,0.7541421266131756,60,9,60,60,2;3;4;5;6;7;8;9;10;11;12;13;14;15;16;17;18;19;20;21;22;23;24;25;26;27;28;29;30;31;32;33;34;35;36;37;38;39;40;41;42;43;44;45;46;47;48;49;50;51;52;53;54;55;56;57;58;59;60;61,2;3;4;5;6;7;8;9;10;11;12;13;14;15;16;17;18;19;20;21;22;23;24;25;26;27;28;29;30;31;32;33;34;35;36;37;38;39;40;41;42;43;44;45;46;47;48;49;50;51;52;53;54;55;56;57;58;59;60;61
True,117,85,0.7409830344994617,0.0,5.7835786343821995,289.0,377.0,75.0,28.0,28.7835786343822,54,6,3,4,0.1,0.15,323.0,0.08182183701160683,0.08911324654607491,0.017905816205517646,0.0565733247752212,12,4,75,24,48,99,8,0,0,0.6586427040007742,0.39362113220747674,14,60,91,16,0,75,0.6586427040007742,nenhuma,28.7835786343822,0.0,30,0,terminal,0.9666666666666667,01,68,adaptativa,j6010_1.sm,1,GOV,0,1.3764705882352941,0.2,16,0.25,0.0625,0.8180045758430333,60,9,60,60,2;3;4;5;6;7;8;9;10;11;12;13;14;15;16;17;18;19;20;21;22;23;24;25;26;27;28;29;30;31;32;33;34;35;36;37;38;39;40;41;42;43;44;45;46;47;48;49;50;51;52;53;54;55;56;57;58;59;60;61,2;3;4;5;6;7;8;9;10;11;12;13;14;15;16;17;18;19;20;21;22;23;24;25;26;27;28;29;30;31;32;33;34;35;36;37;38;39;40;41;42;43;44;45;46;47;48;49;50;51;52;53;54;55;56;57;58;59;60;61
True,137,85,0.7241693194615897,0.0,7.0,273.0,424.0,54.0,51.0,56.49843055383564,52,8,6,8,0.13333333333333333,0.23333333333333334,323.0,0.14887658552733005,0.17491774165274193,0.021671826625386997,0.09649629718117698,23,8,54,43,37,97,8,19,0,0.7659648859265082,0.2570239140832174,4,60,89,35,0,54,0.7659648859265082,nenhuma,56.49843055383564,0.0,62,0,terminal,0.9083333333333332,01,68,adaptativa,j6010_1.sm,2,GOV,0,1.611764705882353,0.38333333333333336,31,0.25806451612903225,0.11764705882352941,0.6075926445978055,60,14,60,60,2;3;4;5;6;7;8;9;10;11;12;13;14;15;16;17;18;19;20;21;22;23;24;25;26;27;28;29;30;31;32;33;34;35;36;37;38;39;40;41;42;43;44;45;46;47;48;49;50;51;52;53;54;55;56;57;58;59;60;61,2;3;4;5;6;7;8;9;10;11;12;13;14;15;16;17;18;19;20;21;22;23;24;25;26;27;28;29;30;31;32;33;34;35;36;37;38;39;40;41;42;43;44;45;46;47;48;49;50;51;52;53;54;55;56;57;58;59;60;61
True,125,85,0.6515052730675139,8.881784197001252e-16,13.923064217666806,267.0,375.0,105.0,55.0,40.590122600803014,52,8,5,9,0.13333333333333333,0.21666666666666667,323.0,0.1116370332352735,0.12566601424397217,0.043105461974200635,0.07051914375701343,21,9,105,46,39,151,8,5,0,0.794910294566222,0.24332019624229825,3,60,143,38,0,105,0.794910294566222,nenhuma,40.590122600803014,0.0,44,0,terminal,0.9899999999999999,01,68,adaptativa,j6010_1.sm,3,GOV,0,1.4705882352941178,0.35,30,0.3,0.13043478260869565,0.7234058932705502,60,13,60,60,2;3;4;5;6;7;8;9;10;11;12;13;14;15;16;17;18;19;20;21;22;23;24;25;26;27;28;29;30;31;32;33;34;35;36;37;38;39;40;41;42;43;44;45;46;47;48;49;50;51;52;53;54;55;56;57;58;59;60;61,2;3;4;5;6;7;8;9;10;11;12;13;14;15;16;17;18;19;20;21;22;23;24;25;26;27;28;29;30;31;32;33;34;35;36;37;38;39;40;41;42;43;44;45;46;47;48;49;50;51;52;53;54;55;56;57;58;59;60;61
True,195,76,0.6820887306224929,0.0,9.246761842848272,277.0,389.0,97.0,31.0,53.307032700845205,51,9,5,7,0.15,0.23333333333333334,332.0,0.13834949320074602,0.1605633515085699,0.02785169229773576,0.09347076161483604,28,7,97,24,32,121,11,0,0,0.6268507180531939,0.4857196752206667,18,60,110,13,0,97,0.6268507180531939,nenhuma,53.307032700845205,0.0,57,0,terminal,0.9892333001205181,01,68,adaptativa,j6021_1.sm,0,GOV,0,2.5657894736842106,0.4666666666666667,35,0.2,0.1044776119402985,0.8028070293321617,60,14,60,60,2;3;4;5;6;7;8;9;10;11;12;13;14;15;16;17;18;19;20;21;22;23;24;25;26;27;28;29;30;31;32;33;34;35;36;37;38;39;40;41;42;43;44;45;46;47;48;49;50;51;52;53;54;55;56;57;58;59;60;61,2;3;4;5;6;7;8;9;10;11;12;13;14;15;16;17;18;19;20;21;22;23;24;25;26;27;28;29;30;31;32;33;34;35;36;37;38;39;40;41;42;43;44;45;46;47;48;49;50;51;52;53;54;55;56;57;58;59;60;61
True,188,76,0.7240889023041961,0.0,10.5,277.0,391.0,59.0,27.0,62.98894162824422,50,10,8,6,0.16666666666666666,0.3,332.0,0.15947013951476183,0.18972572779591632,0.03162650602409638,0.11664857698439499,23,6,59,21,37,80,5,0,0,0.6586427040007742,0.39362113220747674,17,60,75,16,0,59,0.6586427040007742,nenhuma,62.98894162824422,0.0,68,0,terminal,0.9666666666666667,01,68,adaptativa,j6021_1.sm,1,GOV,0,2.473684210526316,0.38333333333333336,29,0.20689655172413793,0.09090909090909091,0.8057952516058204,60,18,60,60,2;3;4;5;6;7;8;9;10;11;12;13;14;15;16;17;18;19;20;21;22;23;24;25;26;27;28;29;30;31;32;33;34;35;36;37;38;39;40;41;42;43;44;45;46;47;48;49;50;51;52;53;54;55;56;57;58;59;60;61,2;3;4;5;6;7;8;9;10;11;12;13;14;15;16;17;18;19;20;21;22;23;24;25;26;27;28;29;30;31;32;33;34;35;36;37;38;39;40;41;42;43;44;45;46;47;48;49;50;51;52;53;54;55;56;57;58;59;60;61
True,175,76,0.7582011164127281,0.0,7.442990804230071,313.0,400.0,47.0,22.0,58.564509391013935,57,3,11,5,0.05,0.23333333333333334,332.0,0.14994836443877196,0.17639912467172872,0.022418647000692984,0.11100919100607616,25,5,47,17,35,64,4,2,0,0.7659648859265082,0.2570239140832174,6,60,60,13,0,47,0.7659648859265082,nenhuma,58.564509391013935,0.0,63,0,terminal,0.9516666666666667,01,68,adaptativa,j6021_1.sm,2,GOV,0,2.3026315789473686,0.4166666666666667,30,0.16666666666666666,0.07692307692307693,0.7702285141907773,60,14,60,60,2;3;4;5;6;7;8;9;10;11;12;13;14;15;16;17;18;19;20;21;22;23;24;25;26;27;28;29;30;31;32;33;34;35;36;37;38;39;40;41;42;43;44;45;46;47;48;49;50;51;52;53;54;55;56;57;58;59;60;61,2;3;4;5;6;7;8;9;10;11;12;13;14;15;16;17;18;19;20;21;22;23;24;25;26;27;28;29;30;31;32;33;34;35;36;37;38;39;40;41;42;43;44;45;46;47;48;49;50;51;52;53;54;55;56;57;58;59;60;61
True,203,76,0.6986709261762832,0.0,11.029442180650305,247.0,432.0,75.0,33.0,78.31684104027127,48,12,5,8,0.2,0.2833333333333333,332.0,0.19086918499790442,0.23589409951888937,0.03322121138750092,0.126661342279646,27,8,75,25,33,100,0,0,0,0.794910294566222,0.24332019624229825,2,60,100,25,0,75,0.794910294566222,nenhuma,78.31684104027127,0.0,85,0,terminal,0.91436669689289,01,68,adaptativa,j6021_1.sm,3,GOV,0,2.6710526315789473,0.45,35,0.22857142857142856,0.11764705882352941,0.723472950606375,60,17,60,60,2;3;4;5;6;7;8;9;10;11;12;13;14;15;16;17;18;19;20;21;22;23;24;25;26;27;28;29;30;31;32;33;34;35;36;37;38;39;40;41;42;43;44;45;46;47;48;49;50;51;52;53;54;55;56;57;58;59;60;61,2;3;4;5;6;7;8;9;10;11;12;13;14;15;16;17;18;19;20;21;22;23;24;25;26;27;28;29;30;31;32;33;34;35;36;37;38;39;40;41;42;43;44;45;46;47;48;49;50;51;52;53;54;55;56;57;58;59;60;61
True,122,69,0.671226751315062,0.0,8.378848993550193,295.0,431.0,106.0,64.0,41.10790043094726,54,6,6,9,0.1,0.2,337.0,0.10872002511477455,0.12198190038856754,0.024863053393324015,0.06402023772540086,21,9,106,55,39,161,11,17,0,0.6268507180531939,0.4857196752206667,14,60,150,44,0,106,0.6268507180531939,nenhuma,41.10790043094726,0.0,45,0,terminal,0.9983333333333334,01,68,adaptativa,j6032_1.sm,0,GOV,0,1.7681159420289856,0.35,30,0.3,0.13043478260869565,0.6649609951855413,60,12,60,60,2;3;4;5;6;7;8;9;10;11;12;13;14;15;16;17;18;19;20;21;22;23;24;25;26;27;28;29;30;31;32;33;34;35;36;37;38;39;40;41;42;43;44;45;46;47;48;49;50;51;52;53;54;55;56;57;58;59;60;61,2;3;4;5;6;7;8;9;10;11;12;13;14;15;16;17;18;19;20;21;22;23;24;25;26;27;28;29;30;31;32;33;34;35;36;37;38;39;40;41;42;43;44;45;46;47;48;49;50;51;52;53;54;55;56;57;58;59;60;61
True,126,69,0.6958594897282249,0.0,15.783693762230502,266.0,431.0,61.0,58.0,69.37791517125319,48,12,10,15,0.2,0.36666666666666664,337.0,0.17072265145613633,0.20586918448443084,0.046835886534808614,0.11201225208695201,27,15,61,43,33,104,9,19,0,0.6586427040007742,0.39362113220747674,13,60,95,34,0,61,0.6586427040007742,nenhuma,69.37791517125319,0.0,76,0,terminal,0.955,01,68,adaptativa,j6032_1.sm,1,GOV,0,1.826086956521739,0.45,42,0.35714285714285715,0.2,0.5674751482548988,60,22,60,60,2;3;4;5;6;7;8;9;10;11;12;13;14;15;16;17;18;19;20;21;22;23;24;25;26;27;28;29;30;31;32;33;34;35;36;37;38;39;40;41;42;43;44;45;46;47;48;49;50;51;52;53;54;55;56;57;58;59;60;61,2;3;4;5;6;7;8;9;10;11;12;13;14;15;16;17;18;19;20;21;22;23;24;25;26;27;28;29;30;31;32;33;34;35;36;37;38;39;40;41;42;43;44;45;46;47;48;49;50;51;52;53;54;55;56;57;58;59;60;61
True,130,69,0.6949188453388059,0.0,10.581830610753372,295.0,449.0,60.0,79.0,58.11861228355552,53,7,6,9,0.11666666666666667,0.21666666666666667,337.0,0.14709155802016963,0.17245879015891846,0.031400090833096056,0.08995037626009386,29,9,60,70,31,130,0,37,2,0.7659648859265082,0.2570239140832174,2,60,128,68,2,60,0.7659648859265082,nenhuma,58.11861228355552,0.0,64,0,terminal,0.8666666666666666,01,68,adaptativa,j6032_1.sm,2,GOV,0,1.8840579710144927,0.48333333333333334,38,0.23684210526315788,0.13043478260869565,0.5826700801655753,60,13,60,60,2;3;4;5;6;7;8;9;10;11;12;13;14;15;16;17;18;19;20;21;22;23;24;25;26;27;28;29;30;31;32;33;34;35;36;37;38;39;40;41;42;43;44;45;46;47;48;49;50;51;52;53;54;55;56;57;58;59;60;61,2;3;4;5;6;7;8;9;10;11;12;13;14;15;16;17;18;19;20;21;22;23;24;25;26;27;28;29;30;31;32;33;34;35;36;37;38;39;40;41;42;43;44;45;46;47;48;49;50;51;52;53;54;55;56;57;58;59;60;61
True,150,69,0.611197511054834,0.0,8.5,267.0,460.0,126.0,78.0,88.6208658901603,50,10,11,15,0.16666666666666666,0.35,337.0,0.20821551054555354,0.262969928457449,0.025222551928783383,0.11774967969476134,24,15,126,63,36,189,0,19,0,0.794910294566222,0.24332019624229825,0,60,189,63,0,126,0.794910294566222,nenhuma,88.62086589016032,0.0,96,0,terminal,0.8774370793929727,01,68,adaptativa,j6032_1.sm,3,GOV,0,2.1739130434782608,0.4,39,0.38461538461538464,0.2,0.5805377885187911,60,21,60,60,2;3;4;5;6;7;8;9;10;11;12;13;14;15;16;17;18;19;20;21;22;23;24;25;26;27;28;29;30;31;32;33;34;35;36;37;38;39;40;41;42;43;44;45;46;47;48;49;50;51;52;53;54;55;56;57;58;59;60;61,2;3;4;5;6;7;8;9;10;11;12;13;14;15;16;17;18;19;20;21;22;23;24;25;26;27;28;29;30;31;32;33;34;35;36;37;38;39;40;41;42;43;44;45;46;47;48;49;50;51;52;53;54;55;56;57;58;59;60;61
True,179,108,0.4900884923852548,0.0,8.5,258.0,348.0,241.0,70.0,51.07584427515977,49,11,4,2,0.18333333333333332,0.25,334.0,0.13263840106953845,0.15292168944658613,0.025449101796407185,0.07193012505206063,19,2,241,68,41,309,34,3,0,0.6268507180531939,0.4857196752206667,21,60,275,34,0,241,0.6268507180531939,nenhuma,51.07584427515977,0.0,55,0,terminal,0.9983333333333334,01,68,adaptativa,j6043_1.sm,0,GOV,0,1.6574074074074074,0.31666666666666665,21,0.09523809523809523,0.03225806451612903,0.9316524646549135,60,15,60,60,2;3;4;5;6;7;8;9;10;11;12;13;14;15;16;17;18;19;20;21;22;23;24;25;26;27;28;29;30;31;32;33;34;35;36;37;38;39;40;41;42;43;44;45;46;47;48;49;50;51;52;53;54;55;56;57;58;59;60;61,2;3;4;5;6;7;8;9;10;11;12;13;14;15;16;17;18;19;20;21;22;23;24;25;26;27;28;29;30;31;32;33;34;35;36;37;38;39;40;41;42;43;44;45;46;47;48;49;50;51;52;53;54;55;56;57;58;59;60;61
True,157,108,0.5946572173786727,0.0,8.529275715146104,293.0,366.0,139.0,45.0,65.48063204105415,54,6,15,3,0.1,0.35,334.0,0.1639144098338284,0.19604979653010224,0.025536753638161987,0.10638942743642081,20,3,139,42,40,181,22,0,0,0.6586427040007742,0.39362113220747674,20,60,159,20,0,139,0.6586427040007742,nenhuma,65.48063204105415,0.0,73,0,terminal,0.9666666666666667,01,68,adaptativa,j6043_1.sm,1,GOV,0,1.4537037037037037,0.3333333333333333,23,0.13043478260869565,0.047619047619047616,0.8747629354444506,60,21,60,60,2;3;4;5;6;7;8;9;10;11;12;13;14;15;16;17;18;19;20;21;22;23;24;25;26;27;28;29;30;31;32;33;34;35;36;37;38;39;40;41;42;43;44;45;46;47;48;49;50;51;52;53;54;55;56;57;58;59;60;61,2;3;4;5;6;7;8;9;10;11;12;13;14;15;16;17;18;19;20;21;22;23;24;25;26;27;28;29;30;31;32;33;34;35;36;37;38;39;40;41;42;43;44;45;46;47;48;49;50;51;52;53;54;55;56;57;58;59;60;61
True,151,108,0.6659031709254319,0.0,11.294761773643074,268.0,425.0,78.0,47.0,88.23092989534902,50,10,11,7,0.16666666666666666,0.35,334.0,0.2089636823082034,0.26416446076451805,0.03381665201689543,0.13824295527297037,24,7,78,40,36,118,2,3,0,0.7659648859265082,0.2570239140832174,6,60,116,38,0,78,0.7659648859265082,nenhuma,88.23092989534902,0.0,95,0,terminal,0.9077020878533625,01,68,adaptativa,j6043_1.sm,2,GOV,0,1.3981481481481481,0.4,31,0.22580645161290322,0.1044776119402985,0.6644712404355284,60,21,60,60,2;3;4;5;6;7;8;9;10;11;12;13;14;15;16;17;18;19;20;21;22;23;24;25;26;27;28;29;30;31;32;33;34;35;36;37;38;39;40;41;42;43;44;45;46;47;48;49;50;51;52;53;54;55;56;57;58;59;60;61,2;3;4;5;6;7;8;9;10;11;12;13;14;15;16;17;18;19;20;21;22;23;24;25;26;27;28;29;30;31;32;33;34;35;36;37;38;39;40;41;42;43;44;45;46;47;48;49;50;51;52;53;54;55;56;57;58;59;60;61
True,172,108,0.5986912488848877,0.0,4.519361019271243,300.0,378.0,152.0,50.0,51.37719267494975,53,7,6,5,0.11666666666666667,0.21666666666666667,334.0,0.13331664055761688,0.1538239301645202,0.013531021015782166,0.08137321599673325,20,5,152,45,40,197,3,2,0,0.794910294566222,0.24332019624229825,4,60,194,42,0,152,0.794910294566222,nenhuma,51.37719267494975,0.0,56,0,terminal,1.0,01,68,adaptativa,j6043_1.sm,3,GOV,0,1.5925925925925926,0.3333333333333333,25,0.2,0.07692307692307693,0.8153876838910574,60,13,60,60,2;3;4;5;6;7;8;9;10;11;12;13;14;15;16;17;18;19;20;21;22;23;24;25;26;27;28;29;30;31;32;33;34;35;36;37;38;39;40;41;42;43;44;45;46;47;48;49;50;51;52;53;54;55;56;57;58;59;60;61,2;3;4;5;6;7;8;9;10;11;12;13;14;15;16;17;18;19;20;21;22;23;24;25;26;27;28;29;30;31;32;33;34;35;36;37;38;39;40;41;42;43;44;45;46;47;48;49;50;51;52;53;54;55;56;57;58;59;60;61
True,134,85,0.6861291114839434,0.0,7.585645698947722,295.0,378.0,92.0,49.0,31.916720589905825,55,5,4,11,0.08333333333333333,0.15,323.0,0.08992735123004957,0.09881337643933692,0.023484971204172516,0.05793383899426816,21,11,92,38,39,130,10,3,0,0.6268507180531939,0.4857196752206667,16,60,120,28,0,92,0.6268507180531939,nenhuma,31.916720589905825,0.0,35,0,terminal,0.9873358528959478,01,68,centralizada,j6010_1.sm,0,GOV,0,1.576470588235294,0.35,32,0.34375,0.15492957746478872,0.7541421266131756,60,9,60,60,2;3;4;5;6;7;8;9;10;11;12;13;14;15;16;17;18;19;20;21;22;23;24;25;26;27;28;29;30;31;32;33;34;35;36;37;38;39;40;41;42;43;44;45;46;47;48;49;50;51;52;53;54;55;56;57;58;59;60;61,2;3;4;5;6;7;8;9;10;11;12;13;14;15;16;17;18;19;20;21;22;23;24;25;26;27;28;29;30;31;32;33;34;35;36;37;38;39;40;41;42;43;44;45;46;47;48;49;50;51;52;53;54;55;56;57;58;59;60;61
True,117,85,0.7409830344994617,0.0,5.7835786343821995,289.0,377.0,75.0,28.0,28.7835786343822,54,6,3,4,0.1,0.15,323.0,0.08182183701160683,0.08911324654607491,0.017905816205517646,0.0565733247752212,12,4,75,24,48,99,8,0,0,0.6586427040007742,0.39362113220747674,14,60,91,16,0,75,0.6586427040007742,nenhuma,28.7835786343822,0.0,30,0,terminal,0.9666666666666667,01,68,centralizada,j6010_1.sm,1,GOV,0,1.3764705882352941,0.2,16,0.25,0.0625,0.8180045758430333,60,9,60,60,2;3;4;5;6;7;8;9;10;11;12;13;14;15;16;17;18;19;20;21;22;23;24;25;26;27;28;29;30;31;32;33;34;35;36;37;38;39;40;41;42;43;44;45;46;47;48;49;50;51;52;53;54;55;56;57;58;59;60;61,2;3;4;5;6;7;8;9;10;11;12;13;14;15;16;17;18;19;20;21;22;23;24;25;26;27;28;29;30;31;32;33;34;35;36;37;38;39;40;41;42;43;44;45;46;47;48;49;50;51;52;53;54;55;56;57;58;59;60;61
True,137,85,0.7241693194615897,0.0,7.0,273.0,424.0,54.0,51.0,56.49843055383564,52,8,6,8,0.13333333333333333,0.23333333333333334,323.0,0.14887658552733005,0.17491774165274193,0.021671826625386997,0.09649629718117698,23,8,54,43,37,97,8,19,0,0.7659648859265082,0.2570239140832174,4,60,89,35,0,54,0.7659648859265082,nenhuma,56.49843055383564,0.0,62,0,terminal,0.9083333333333332,01,68,centralizada,j6010_1.sm,2,GOV,0,1.611764705882353,0.38333333333333336,31,0.25806451612903225,0.11764705882352941,0.6075926445978055,60,14,60,60,2;3;4;5;6;7;8;9;10;11;12;13;14;15;16;17;18;19;20;21;22;23;24;25;26;27;28;29;30;31;32;33;34;35;36;37;38;39;40;41;42;43;44;45;46;47;48;49;50;51;52;53;54;55;56;57;58;59;60;61,2;3;4;5;6;7;8;9;10;11;12;13;14;15;16;17;18;19;20;21;22;23;24;25;26;27;28;29;30;31;32;33;34;35;36;37;38;39;40;41;42;43;44;45;46;47;48;49;50;51;52;53;54;55;56;57;58;59;60;61
True,125,85,0.6515052730675139,8.881784197001252e-16,13.923064217666806,267.0,375.0,105.0,55.0,40.590122600803014,52,8,5,9,0.13333333333333333,0.21666666666666667,323.0,0.1116370332352735,0.12566601424397217,0.043105461974200635,0.07051914375701343,21,9,105,46,39,151,8,5,0,0.794910294566222,0.24332019624229825,3,60,143,38,0,105,0.794910294566222,nenhuma,40.590122600803014,0.0,44,0,terminal,0.9899999999999999,01,68,centralizada,j6010_1.sm,3,GOV,0,1.4705882352941178,0.35,30,0.3,0.13043478260869565,0.7234058932705502,60,13,60,60,2;3;4;5;6;7;8;9;10;11;12;13;14;15;16;17;18;19;20;21;22;23;24;25;26;27;28;29;30;31;32;33;34;35;36;37;38;39;40;41;42;43;44;45;46;47;48;49;50;51;52;53;54;55;56;57;58;59;60;61,2;3;4;5;6;7;8;9;10;11;12;13;14;15;16;17;18;19;20;21;22;23;24;25;26;27;28;29;30;31;32;33;34;35;36;37;38;39;40;41;42;43;44;45;46;47;48;49;50;51;52;53;54;55;56;57;58;59;60;61
True,195,76,0.6820887306224929,0.0,9.246761842848272,277.0,389.0,97.0,31.0,53.307032700845205,51,9,5,7,0.15,0.23333333333333334,332.0,0.13834949320074602,0.1605633515085699,0.02785169229773576,0.09347076161483604,28,7,97,24,32,121,11,0,0,0.6268507180531939,0.4857196752206667,18,60,110,13,0,97,0.6268507180531939,nenhuma,53.307032700845205,0.0,57,0,terminal,0.9892333001205181,01,68,centralizada,j6021_1.sm,0,GOV,0,2.5657894736842106,0.4666666666666667,35,0.2,0.1044776119402985,0.8028070293321617,60,14,60,60,2;3;4;5;6;7;8;9;10;11;12;13;14;15;16;17;18;19;20;21;22;23;24;25;26;27;28;29;30;31;32;33;34;35;36;37;38;39;40;41;42;43;44;45;46;47;48;49;50;51;52;53;54;55;56;57;58;59;60;61,2;3;4;5;6;7;8;9;10;11;12;13;14;15;16;17;18;19;20;21;22;23;24;25;26;27;28;29;30;31;32;33;34;35;36;37;38;39;40;41;42;43;44;45;46;47;48;49;50;51;52;53;54;55;56;57;58;59;60;61
True,188,76,0.7240889023041961,0.0,10.5,277.0,391.0,59.0,27.0,62.98894162824422,50,10,8,6,0.16666666666666666,0.3,332.0,0.15947013951476183,0.18972572779591632,0.03162650602409638,0.11664857698439499,23,6,59,21,37,80,5,0,0,0.6586427040007742,0.39362113220747674,17,60,75,16,0,59,0.6586427040007742,nenhuma,62.98894162824422,0.0,68,0,terminal,0.9666666666666667,01,68,centralizada,j6021_1.sm,1,GOV,0,2.473684210526316,0.38333333333333336,29,0.20689655172413793,0.09090909090909091,0.8057952516058204,60,18,60,60,2;3;4;5;6;7;8;9;10;11;12;13;14;15;16;17;18;19;20;21;22;23;24;25;26;27;28;29;30;31;32;33;34;35;36;37;38;39;40;41;42;43;44;45;46;47;48;49;50;51;52;53;54;55;56;57;58;59;60;61,2;3;4;5;6;7;8;9;10;11;12;13;14;15;16;17;18;19;20;21;22;23;24;25;26;27;28;29;30;31;32;33;34;35;36;37;38;39;40;41;42;43;44;45;46;47;48;49;50;51;52;53;54;55;56;57;58;59;60;61
True,175,76,0.7582011164127281,0.0,7.442990804230071,313.0,400.0,47.0,22.0,58.564509391013935,57,3,11,5,0.05,0.23333333333333334,332.0,0.14994836443877196,0.17639912467172872,0.022418647000692984,0.11100919100607616,25,5,47,17,35,64,4,2,0,0.7659648859265082,0.2570239140832174,6,60,60,13,0,47,0.7659648859265082,nenhuma,58.564509391013935,0.0,63,0,terminal,0.9516666666666667,01,68,centralizada,j6021_1.sm,2,GOV,0,2.3026315789473686,0.4166666666666667,30,0.16666666666666666,0.07692307692307693,0.7702285141907773,60,14,60,60,2;3;4;5;6;7;8;9;10;11;12;13;14;15;16;17;18;19;20;21;22;23;24;25;26;27;28;29;30;31;32;33;34;35;36;37;38;39;40;41;42;43;44;45;46;47;48;49;50;51;52;53;54;55;56;57;58;59;60;61,2;3;4;5;6;7;8;9;10;11;12;13;14;15;16;17;18;19;20;21;22;23;24;25;26;27;28;29;30;31;32;33;34;35;36;37;38;39;40;41;42;43;44;45;46;47;48;49;50;51;52;53;54;55;56;57;58;59;60;61
True,203,76,0.6986709261762832,0.0,11.029442180650305,247.0,432.0,75.0,33.0,78.31684104027127,48,12,5,8,0.2,0.2833333333333333,332.0,0.19086918499790442,0.23589409951888937,0.03322121138750092,0.126661342279646,27,8,75,25,33,100,0,0,0,0.794910294566222,0.24332019624229825,2,60,100,25,0,75,0.794910294566222,nenhuma,78.31684104027127,0.0,85,0,terminal,0.91436669689289,01,68,centralizada,j6021_1.sm,3,GOV,0,2.6710526315789473,0.45,35,0.22857142857142856,0.11764705882352941,0.723472950606375,60,17,60,60,2;3;4;5;6;7;8;9;10;11;12;13;14;15;16;17;18;19;20;21;22;23;24;25;26;27;28;29;30;31;32;33;34;35;36;37;38;39;40;41;42;43;44;45;46;47;48;49;50;51;52;53;54;55;56;57;58;59;60;61,2;3;4;5;6;7;8;9;10;11;12;13;14;15;16;17;18;19;20;21;22;23;24;25;26;27;28;29;30;31;32;33;34;35;36;37;38;39;40;41;42;43;44;45;46;47;48;49;50;51;52;53;54;55;56;57;58;59;60;61
True,122,69,0.671226751315062,0.0,8.378848993550193,295.0,431.0,106.0,64.0,41.10790043094726,54,6,6,9,0.1,0.2,337.0,0.10872002511477455,0.12198190038856754,0.024863053393324015,0.06402023772540086,21,9,106,55,39,161,11,17,0,0.6268507180531939,0.4857196752206667,14,60,150,44,0,106,0.6268507180531939,nenhuma,41.10790043094726,0.0,45,0,terminal,0.9983333333333334,01,68,centralizada,j6032_1.sm,0,GOV,0,1.7681159420289856,0.35,30,0.3,0.13043478260869565,0.6649609951855413,60,12,60,60,2;3;4;5;6;7;8;9;10;11;12;13;14;15;16;17;18;19;20;21;22;23;24;25;26;27;28;29;30;31;32;33;34;35;36;37;38;39;40;41;42;43;44;45;46;47;48;49;50;51;52;53;54;55;56;57;58;59;60;61,2;3;4;5;6;7;8;9;10;11;12;13;14;15;16;17;18;19;20;21;22;23;24;25;26;27;28;29;30;31;32;33;34;35;36;37;38;39;40;41;42;43;44;45;46;47;48;49;50;51;52;53;54;55;56;57;58;59;60;61
True,126,69,0.6958594897282249,0.0,15.783693762230502,266.0,431.0,61.0,58.0,69.37791517125319,48,12,10,15,0.2,0.36666666666666664,337.0,0.17072265145613633,0.20586918448443084,0.046835886534808614,0.11201225208695201,27,15,61,43,33,104,9,19,0,0.6586427040007742,0.39362113220747674,13,60,95,34,0,61,0.6586427040007742,nenhuma,69.37791517125319,0.0,76,0,terminal,0.955,01,68,centralizada,j6032_1.sm,1,GOV,0,1.826086956521739,0.45,42,0.35714285714285715,0.2,0.5674751482548988,60,22,60,60,2;3;4;5;6;7;8;9;10;11;12;13;14;15;16;17;18;19;20;21;22;23;24;25;26;27;28;29;30;31;32;33;34;35;36;37;38;39;40;41;42;43;44;45;46;47;48;49;50;51;52;53;54;55;56;57;58;59;60;61,2;3;4;5;6;7;8;9;10;11;12;13;14;15;16;17;18;19;20;21;22;23;24;25;26;27;28;29;30;31;32;33;34;35;36;37;38;39;40;41;42;43;44;45;46;47;48;49;50;51;52;53;54;55;56;57;58;59;60;61
True,130,69,0.6949188453388059,0.0,10.581830610753372,295.0,449.0,60.0,79.0,58.11861228355552,53,7,6,9,0.11666666666666667,0.21666666666666667,337.0,0.14709155802016963,0.17245879015891846,0.031400090833096056,0.08995037626009386,29,9,60,70,31,130,0,37,2,0.7659648859265082,0.2570239140832174,2,60,128,68,2,60,0.7659648859265082,nenhuma,58.11861228355552,0.0,64,0,terminal,0.8666666666666666,01,68,centralizada,j6032_1.sm,2,GOV,0,1.8840579710144927,0.48333333333333334,38,0.23684210526315788,0.13043478260869565,0.5826700801655753,60,13,60,60,2;3;4;5;6;7;8;9;10;11;12;13;14;15;16;17;18;19;20;21;22;23;24;25;26;27;28;29;30;31;32;33;34;35;36;37;38;39;40;41;42;43;44;45;46;47;48;49;50;51;52;53;54;55;56;57;58;59;60;61,2;3;4;5;6;7;8;9;10;11;12;13;14;15;16;17;18;19;20;21;22;23;24;25;26;27;28;29;30;31;32;33;34;35;36;37;38;39;40;41;42;43;44;45;46;47;48;49;50;51;52;53;54;55;56;57;58;59;60;61
True,150,69,0.611197511054834,0.0,8.5,267.0,460.0,126.0,78.0,88.6208658901603,50,10,11,15,0.16666666666666666,0.35,337.0,0.20821551054555354,0.262969928457449,0.025222551928783383,0.11774967969476134,24,15,126,63,36,189,0,19,0,0.794910294566222,0.24332019624229825,0,60,189,63,0,126,0.794910294566222,nenhuma,88.62086589016032,0.0,96,0,terminal,0.8774370793929727,01,68,centralizada,j6032_1.sm,3,GOV,0,2.1739130434782608,0.4,39,0.38461538461538464,0.2,0.5805377885187911,60,21,60,60,2;3;4;5;6;7;8;9;10;11;12;13;14;15;16;17;18;19;20;21;22;23;24;25;26;27;28;29;30;31;32;33;34;35;36;37;38;39;40;41;42;43;44;45;46;47;48;49;50;51;52;53;54;55;56;57;58;59;60;61,2;3;4;5;6;7;8;9;10;11;12;13;14;15;16;17;18;19;20;21;22;23;24;25;26;27;28;29;30;31;32;33;34;35;36;37;38;39;40;41;42;43;44;45;46;47;48;49;50;51;52;53;54;55;56;57;58;59;60;61
True,179,108,0.4900884923852548,0.0,8.5,258.0,348.0,241.0,70.0,51.07584427515977,49,11,4,2,0.18333333333333332,0.25,334.0,0.13263840106953845,0.15292168944658613,0.025449101796407185,0.07193012505206063,19,2,241,68,41,309,34,3,0,0.6268507180531939,0.4857196752206667,21,60,275,34,0,241,0.6268507180531939,nenhuma,51.07584427515977,0.0,55,0,terminal,0.9983333333333334,01,68,centralizada,j6043_1.sm,0,GOV,0,1.6574074074074074,0.31666666666666665,21,0.09523809523809523,0.03225806451612903,0.9316524646549135,60,15,60,60,2;3;4;5;6;7;8;9;10;11;12;13;14;15;16;17;18;19;20;21;22;23;24;25;26;27;28;29;30;31;32;33;34;35;36;37;38;39;40;41;42;43;44;45;46;47;48;49;50;51;52;53;54;55;56;57;58;59;60;61,2;3;4;5;6;7;8;9;10;11;12;13;14;15;16;17;18;19;20;21;22;23;24;25;26;27;28;29;30;31;32;33;34;35;36;37;38;39;40;41;42;43;44;45;46;47;48;49;50;51;52;53;54;55;56;57;58;59;60;61
True,157,108,0.5946572173786727,0.0,8.529275715146104,293.0,366.0,139.0,45.0,65.48063204105415,54,6,15,3,0.1,0.35,334.0,0.1639144098338284,0.19604979653010224,0.025536753638161987,0.10638942743642081,20,3,139,42,40,181,22,0,0,0.6586427040007742,0.39362113220747674,20,60,159,20,0,139,0.6586427040007742,nenhuma,65.48063204105415,0.0,73,0,terminal,0.9666666666666667,01,68,centralizada,j6043_1.sm,1,GOV,0,1.4537037037037037,0.3333333333333333,23,0.13043478260869565,0.047619047619047616,0.8747629354444506,60,21,60,60,2;3;4;5;6;7;8;9;10;11;12;13;14;15;16;17;18;19;20;21;22;23;24;25;26;27;28;29;30;31;32;33;34;35;36;37;38;39;40;41;42;43;44;45;46;47;48;49;50;51;52;53;54;55;56;57;58;59;60;61,2;3;4;5;6;7;8;9;10;11;12;13;14;15;16;17;18;19;20;21;22;23;24;25;26;27;28;29;30;31;32;33;34;35;36;37;38;39;40;41;42;43;44;45;46;47;48;49;50;51;52;53;54;55;56;57;58;59;60;61
True,151,108,0.6659031709254319,0.0,11.294761773643074,268.0,425.0,78.0,47.0,88.23092989534902,50,10,11,7,0.16666666666666666,0.35,334.0,0.2089636823082034,0.26416446076451805,0.03381665201689543,0.13824295527297037,24,7,78,40,36,118,2,3,0,0.7659648859265082,0.2570239140832174,6,60,116,38,0,78,0.7659648859265082,nenhuma,88.23092989534902,0.0,95,0,terminal,0.9077020878533625,01,68,centralizada,j6043_1.sm,2,GOV,0,1.3981481481481481,0.4,31,0.22580645161290322,0.1044776119402985,0.6644712404355284,60,21,60,60,2;3;4;5;6;7;8;9;10;11;12;13;14;15;16;17;18;19;20;21;22;23;24;25;26;27;28;29;30;31;32;33;34;35;36;37;38;39;40;41;42;43;44;45;46;47;48;49;50;51;52;53;54;55;56;57;58;59;60;61,2;3;4;5;6;7;8;9;10;11;12;13;14;15;16;17;18;19;20;21;22;23;24;25;26;27;28;29;30;31;32;33;34;35;36;37;38;39;40;41;42;43;44;45;46;47;48;49;50;51;52;53;54;55;56;57;58;59;60;61
True,172,108,0.5986912488848877,0.0,4.519361019271243,300.0,378.0,152.0,50.0,51.37719267494975,53,7,6,5,0.11666666666666667,0.21666666666666667,334.0,0.13331664055761688,0.1538239301645202,0.013531021015782166,0.08137321599673325,20,5,152,45,40,197,3,2,0,0.794910294566222,0.24332019624229825,4,60,194,42,0,152,0.794910294566222,nenhuma,51.37719267494975,0.0,56,0,terminal,1.0,01,68,centralizada,j6043_1.sm,3,GOV,0,1.5925925925925926,0.3333333333333333,25,0.2,0.07692307692307693,0.8153876838910574,60,13,60,60,2;3;4;5;6;7;8;9;10;11;12;13;14;15;16;17;18;19;20;21;22;23;24;25;26;27;28;29;30;31;32;33;34;35;36;37;38;39;40;41;42;43;44;45;46;47;48;49;50;51;52;53;54;55;56;57;58;59;60;61,2;3;4;5;6;7;8;9;10;11;12;13;14;15;16;17;18;19;20;21;22;23;24;25;26;27;28;29;30;31;32;33;34;35;36;37;38;39;40;41;42;43;44;45;46;47;48;49;50;51;52;53;54;55;56;57;58;59;60;61
True,160,85,0.6721377213038823,0.0,15.43537906686094,276.0,385.0,106.0,46.0,35.799275798919936,50,10,2,7,0.16666666666666666,0.2,323.0,0.09977521754804974,0.11083367120408649,0.047787551290591146,0.06249881470081887,18,7,106,39,42,145,12,3,0,0.6268507180531939,0.4857196752206667,16,60,133,27,0,106,0.6268507180531939,nenhuma,35.799275798919936,0.0,41,0,terminal,0.9883333333333333,01,73,centralizada,j6010_1.sm,0,GOV,0,1.8823529411764706,0.3,25,0.28,0.1044776119402985,0.8042398144139291,60,12,60,60,2;3;4;5;6;7;8;9;10;11;12;13;14;15;16;17;18;19;20;21;22;23;24;25;26;27;28;29;30;31;32;33;34;35;36;37;38;39;40;41;42;43;44;45;46;47;48;49;50;51;52;53;54;55;56;57;58;59;60;61,2;3;4;5;6;7;8;9;10;11;12;13;14;15;16;17;18;19;20;21;22;23;24;25;26;27;28;29;30;31;32;33;34;35;36;37;38;39;40;41;42;43;44;45;46;47;48;49;50;51;52;53;54;55;56;57;58;59;60;61
True,115,85,0.6989046599209797,0.0,4.5,299.0,364.0,91.0,45.0,20.814956422174895,56,4,4,3,0.06666666666666667,0.13333333333333333,323.0,0.060541160392731545,0.06444258954233713,0.01393188854489164,0.03996612648217076,13,3,91,42,47,133,14,12,0,0.6586427040007742,0.39362113220747674,14,60,119,28,0,91,0.6586427040007742,nenhuma,20.814956422174895,0.0,23,0,terminal,1.0,01,73,centralizada,j6010_1.sm,1,GOV,0,1.3529411764705883,0.21666666666666667,16,0.1875,0.047619047619047616,0.8843824136948318,60,8,60,60,2;3;4;5;6;7;8;9;10;11;12;13;14;15;16;17;18;19;20;21;22;23;24;25;26;27;28;29;30;31;32;33;34;35;36;37;38;39;40;41;42;43;44;45;46;47;48;49;50;51;52;53;54;55;56;57;58;59;60;61,2;3;4;5;6;7;8;9;10;11;12;13;14;15;16;17;18;19;20;21;22;23;24;25;26;27;28;29;30;31;32;33;34;35;36;37;38;39;40;41;42;43;44;45;46;47;48;49;50;51;52;53;54;55;56;57;58;59;60;61
True,125,85,0.7044021873790084,0.0,12.945996922885545,240.0,401.0,67.0,51.0,50.27705107230055,47,13,2,12,0.21666666666666667,0.25,323.0,0.1346909779957577,0.15565650486780355,0.04008048582936701,0.08831736845460007,27,12,67,39,33,106,8,12,0,0.7659648859265082,0.2570239140832174,4,60,98,31,0,67,0.7659648859265082,nenhuma,50.27705107230055,0.0,54,0,terminal,0.9666666666666667,01,73,centralizada,j6010_1.sm,2,GOV,0,1.4705882352941178,0.45,39,0.3076923076923077,0.16666666666666666,0.611795427109084,60,15,60,60,2;3;4;5;6;7;8;9;10;11;12;13;14;15;16;17;18;19;20;21;22;23;24;25;26;27;28;29;30;31;32;33;34;35;36;37;38;39;40;41;42;43;44;45;46;47;48;49;50;51;52;53;54;55;56;57;58;59;60;61,2;3;4;5;6;7;8;9;10;11;12;13;14;15;16;17;18;19;20;21;22;23;24;25;26;27;28;29;30;31;32;33;34;35;36;37;38;39;40;41;42;43;44;45;46;47;48;49;50;51;52;53;54;55;56;57;58;59;60;61
True,138,85,0.6276920943157098,8.881784197001252e-16,13.0,258.0,386.0,122.0,52.0,54.951189437561844,51,9,4,6,0.15,0.21666666666666667,323.0,0.1453922913150135,0.17012752147851964,0.04024767801857585,0.08935861964560234,20,6,122,46,40,168,3,8,0,0.794910294566222,0.24332019624229825,3,60,165,43,0,122,0.794910294566222,nenhuma,54.951189437561844,0.0,60,0,terminal,0.9283333333333332,01,73,centralizada,j6010_1.sm,3,GOV,0,1.6235294117647059,0.3333333333333333,26,0.23076923076923078,0.09090909090909091,0.7472107028110478,60,13,60,60,2;3;4;5;6;7;8;9;10;11;12;13;14;15;16;17;18;19;20;21;22;23;24;25;26;27;28;29;30;31;32;33;34;35;36;37;38;39;40;41;42;43;44;45;46;47;48;49;50;51;52;53;54;55;56;57;58;59;60;61,2;3;4;5;6;7;8;9;10;11;12;13;14;15;16;17;18;19;20;21;22;23;24;25;26;27;28;29;30;31;32;33;34;35;36;37;38;39;40;41;42;43;44;45;46;47;48;49;50;51;52;53;54;55;56;57;58;59;60;61
True,253,76,0.6927389225951633,1.7763568394002505e-15,20.49442099293242,240.0,404.0,74.0,27.0,78.19229196263544,47,13,3,7,0.21666666666666667,0.26666666666666666,332.0,0.190623503890117,0.23551895169468506,0.06173018371365186,0.13407634675604585,26,7,74,20,34,94,9,0,0,0.6268507180531939,0.4857196752206667,18,60,85,11,0,74,0.6268507180531939,nenhuma,78.19229196263545,0.0,85,0,terminal,0.9892333001205181,01,73,centralizada,j6021_1.sm,0,GOV,0,3.3289473684210527,0.43333333333333335,33,0.21212121212121213,0.1044776119402985,0.822058547971353,60,16,60,60,2;3;4;5;6;7;8;9;10;11;12;13;14;15;16;17;18;19;20;21;22;23;24;25;26;27;28;29;30;31;32;33;34;35;36;37;38;39;40;41;42;43;44;45;46;47;48;49;50;51;52;53;54;55;56;57;58;59;60;61,2;3;4;5;6;7;8;9;10;11;12;13;14;15;16;17;18;19;20;21;22;23;24;25;26;27;28;29;30;31;32;33;34;35;36;37;38;39;40;41;42;43;44;45;46;47;48;49;50;51;52;53;54;55;56;57;58;59;60;61
True,175,76,0.7008917223735132,0.0,11.902420588817556,237.0,383.0,67.0,37.0,59.446744588452894,43,17,2,10,0.2833333333333333,0.31666666666666665,332.0,0.15186419458144215,0.17905645960377378,0.03585066442414926,0.10878780993237355,28,10,67,27,32,94,14,0,0,0.6586427040007742,0.39362113220747674,17,60,80,13,0,67,0.6586427040007742,nenhuma,59.446744588452894,0.0,64,0,terminal,0.9666666666666667,01,73,centralizada,j6021_1.sm,1,GOV,0,2.3026315789473686,0.4666666666666667,38,0.2631578947368421,0.14285714285714285,0.7888806204824501,60,19,60,60,2;3;4;5;6;7;8;9;10;11;12;13;14;15;16;17;18;19;20;21;22;23;24;25;26;27;28;29;30;31;32;33;34;35;36;37;38;39;40;41;42;43;44;45;46;47;48;49;50;51;52;53;54;55;56;57;58;59;60;61,2;3;4;5;6;7;8;9;10;11;12;13;14;15;16;17;18;19;20;21;22;23;24;25;26;27;28;29;30;31;32;33;34;35;36;37;38;39;40;41;42;43;44;45;46;47;48;49;50;51;52;53;54;55;56;57;58;59;60;61
True,193,76,0.7709672520178042,0.0,19.429118243726734,250.0,410.0,32.0,18.0,71.79950111620529,46,14,2,6,0.23333333333333334,0.26666666666666666,332.0,0.1778097816310646,0.2162635575789316,0.05852144049315281,0.13501235139465867,24,6,32,12,36,44,2,0,0,0.7659648859265082,0.2570239140832174,6,60,42,10,0,32,0.7659648859265082,nenhuma,71.7995011162053,0.0,79,0,terminal,0.955,01,73,centralizada,j6021_1.sm,2,GOV,0,2.539473684210526,0.4,30,0.2,0.09090909090909091,0.7681509271158918,60,16,60,60,2;3;4;5;6;7;8;9;10;11;12;13;14;15;16;17;18;19;20;21;22;23;24;25;26;27;28;29;30;31;32;33;34;35;36;37;38;39;40;41;42;43;44;45;46;47;48;49;50;51;52;53;54;55;56;57;58;59;60;61,2;3;4;5;6;7;8;9;10;11;12;13;14;15;16;17;18;19;20;21;22;23;24;25;26;27;28;29;30;31;32;33;34;35;36;37;38;39;40;41;42;43;44;45;46;47;48;49;50;51;52;53;54;55;56;57;58;59;60;61
True,218,76,0.7145171264622379,0.0,18.5,236.0,423.0,58.0,26.0,85.00820293053604,45,15,4,10,0.25,0.31666666666666665,332.0,0.20385259170716227,0.2560488040076387,0.05572289156626506,0.14359294771547376,32,10,58,16,28,74,0,0,0,0.794910294566222,0.24332019624229825,2,60,74,16,0,58,0.794910294566222,nenhuma,85.00820293053607,0.0,93,0,terminal,0.96,01,73,centralizada,j6021_1.sm,3,GOV,0,2.8684210526315788,0.5333333333333333,42,0.23809523809523808,0.14285714285714285,0.7120329390969552,60,19,60,60,2;3;4;5;6;7;8;9;10;11;12;13;14;15;16;17;18;19;20;21;22;23;24;25;26;27;28;29;30;31;32;33;34;35;36;37;38;39;40;41;42;43;44;45;46;47;48;49;50;51;52;53;54;55;56;57;58;59;60;61,2;3;4;5;6;7;8;9;10;11;12;13;14;15;16;17;18;19;20;21;22;23;24;25;26;27;28;29;30;31;32;33;34;35;36;37;38;39;40;41;42;43;44;45;46;47;48;49;50;51;52;53;54;55;56;57;58;59;60;61
True,129,69,0.7043603781251326,0.0,13.855950484547218,283.0,447.0,87.0,49.0,51.61832022667889,51,9,3,7,0.15,0.2,337.0,0.1328252363310361,0.15317008969340917,0.04111558007284041,0.0813375828927242,21,7,87,42,39,129,11,6,0,0.6268507180531939,0.4857196752206667,14,60,118,31,0,87,0.6268507180531939,nenhuma,51.61832022667889,0.0,56,0,terminal,0.9833333333333334,01,73,centralizada,j6032_1.sm,0,GOV,0,1.8695652173913044,0.35,28,0.25,0.1044776119402985,0.644736002882947,60,12,60,60,2;3;4;5;6;7;8;9;10;11;12;13;14;15;16;17;18;19;20;21;22;23;24;25;26;27;28;29;30;31;32;33;34;35;36;37;38;39;40;41;42;43;44;45;46;47;48;49;50;51;52;53;54;55;56;57;58;59;60;61,2;3;4;5;6;7;8;9;10;11;12;13;14;15;16;17;18;19;20;21;22;23;24;25;26;27;28;29;30;31;32;33;34;35;36;37;38;39;40;41;42;43;44;45;46;47;48;49;50;51;52;53;54;55;56;57;58;59;60;61
True,131,69,0.721671602827943,0.0,18.30481669898016,208.0,447.0,50.0,47.0,75.39530147560946,38,22,0,13,0.36666666666666664,0.36666666666666664,337.0,0.1828228915456463,0.2237249301946868,0.05431696349845745,0.12172404488053477,23,13,50,34,37,84,7,13,0,0.6586427040007742,0.39362113220747674,13,60,77,27,0,50,0.6586427040007742,nenhuma,75.39530147560946,0.0,83,0,terminal,0.9516666666666667,01,73,centralizada,j6032_1.sm,1,GOV,0,1.8985507246376812,0.38333333333333336,36,0.3611111111111111,0.1780821917808219,0.5611184094069768,60,22,60,60,2;3;4;5;6;7;8;9;10;11;12;13;14;15;16;17;18;19;20;21;22;23;24;25;26;27;28;29;30;31;32;33;34;35;36;37;38;39;40;41;42;43;44;45;46;47;48;49;50;51;52;53;54;55;56;57;58;59;60;61,2;3;4;5;6;7;8;9;10;11;12;13;14;15;16;17;18;19;20;21;22;23;24;25;26;27;28;29;30;31;32;33;34;35;36;37;38;39;40;41;42;43;44;45;46;47;48;49;50;51;52;53;54;55;56;57;58;59;60;61
True,122,69,0.7595935965221512,8.881784197001252e-16,13.44381909461379,261.0,434.0,42.0,44.0,51.358160451980254,47,13,1,5,0.21666666666666667,0.23333333333333334,337.0,0.13224431898690742,0.1523981022313954,0.039892638262948935,0.08988785670157003,22,5,42,39,38,81,5,17,0,0.7659648859265082,0.2570239140832174,2,60,76,34,0,42,0.7659648859265082,nenhuma,51.358160451980254,0.0,57,0,terminal,0.9066666666666666,01,73,centralizada,j6032_1.sm,2,GOV,0,1.7681159420289856,0.36666666666666664,27,0.18518518518518517,0.07692307692307693,0.6552668884803624,60,14,60,60,2;3;4;5;6;7;8;9;10;11;12;13;14;15;16;17;18;19;20;21;22;23;24;25;26;27;28;29;30;31;32;33;34;35;36;37;38;39;40;41;42;43;44;45;46;47;48;49;50;51;52;53;54;55;56;57;58;59;60;61,2;3;4;5;6;7;8;9;10;11;12;13;14;15;16;17;18;19;20;21;22;23;24;25;26;27;28;29;30;31;32;33;34;35;36;37;38;39;40;41;42;43;44;45;46;47;48;49;50;51;52;53;54;55;56;57;58;59;60;61
True,137,69,0.6274192000560177,4.440892098500626e-16,12.723860975284289,246.0,448.0,108.0,86.0,72.03616586805337,46,14,3,17,0.23333333333333334,0.2833333333333333,337.0,0.17611197218998662,0.21375716874793285,0.0377562640216151,0.10088587849115324,29,17,108,69,31,177,0,36,10,0.794910294566222,0.24332019624229825,0,60,167,59,10,108,0.794910294566222,nenhuma,72.03616586805337,0.0,78,0,terminal,0.8916666666666666,01,73,centralizada,j6032_1.sm,3,GOV,0,1.9855072463768115,0.48333333333333334,46,0.3695652173913043,0.22077922077922077,0.5760587099928113,60,17,60,60,2;3;4;5;6;7;8;9;10;11;12;13;14;15;16;17;18;19;20;21;22;23;24;25;26;27;28;29;30;31;32;33;34;35;36;37;38;39;40;41;42;43;44;45;46;47;48;49;50;51;52;53;54;55;56;57;58;59;60;61,2;3;4;5;6;7;8;9;10;11;12;13;14;15;16;17;18;19;20;21;22;23;24;25;26;27;28;29;30;31;32;33;34;35;36;37;38;39;40;41;42;43;44;45;46;47;48;49;50;51;52;53;54;55;56;57;58;59;60;61
True,206,108,0.5301405740832842,0.0,21.247402438026754,225.0,365.0,200.0,59.0,64.496632484989,45,15,1,3,0.25,0.26666666666666666,334.0,0.16184988084540092,0.19310369007481734,0.06361497735936154,0.09367748430693332,20,3,200,56,40,256,30,0,0,0.6268507180531939,0.4857196752206667,21,60,226,26,0,200,0.6268507180531939,nenhuma,64.496632484989,0.0,70,0,terminal,0.9983333333333334,01,73,centralizada,j6043_1.sm,0,GOV,0,1.9074074074074074,0.3333333333333333,23,0.13043478260869565,0.047619047619047616,0.8738477211525112,60,16,60,60,2;3;4;5;6;7;8;9;10;11;12;13;14;15;16;17;18;19;20;21;22;23;24;25;26;27;28;29;30;31;32;33;34;35;36;37;38;39;40;41;42;43;44;45;46;47;48;49;50;51;52;53;54;55;56;57;58;59;60;61,2;3;4;5;6;7;8;9;10;11;12;13;14;15;16;17;18;19;20;21;22;23;24;25;26;27;28;29;30;31;32;33;34;35;36;37;38;39;40;41;42;43;44;45;46;47;48;49;50;51;52;53;54;55;56;57;58;59;60;61
True,182,108,0.5569030679621159,0.0,17.624589415342577,216.0,359.0,163.0,53.0,69.63641996747172,42,18,2,7,0.3,0.3333333333333333,334.0,0.17252263800447834,0.20849227535171175,0.0527682317824628,0.10802433404396476,21,7,163,46,39,209,17,2,0,0.6586427040007742,0.39362113220747674,20,60,192,29,0,163,0.6586427040007742,nenhuma,69.63641996747172,0.0,76,0,terminal,0.9633333333333334,01,73,centralizada,j6043_1.sm,1,GOV,0,1.6851851851851851,0.35,28,0.25,0.1044776119402985,0.8675681140511307,60,20,60,60,2;3;4;5;6;7;8;9;10;11;12;13;14;15;16;17;18;19;20;21;22;23;24;25;26;27;28;29;30;31;32;33;34;35;36;37;38;39;40;41;42;43;44;45;46;47;48;49;50;51;52;53;54;55;56;57;58;59;60;61,2;3;4;5;6;7;8;9;10;11;12;13;14;15;16;17;18;19;20;21;22;23;24;25;26;27;28;29;30;31;32;33;34;35;36;37;38;39;40;41;42;43;44;45;46;47;48;49;50;51;52;53;54;55;56;57;58;59;60;61
True,159,108,0.6672021502400002,0.0,16.528082544388024,256.0,392.0,100.0,46.0,49.52808254438803,46,14,2,5,0.23333333333333334,0.26666666666666666,334.0,0.1291380860974003,0.1482876722885869,0.04948527707900606,0.08429908972163243,18,5,100,41,42,141,0,0,9,0.7659648859265082,0.2570239140832174,6,60,132,32,9,100,0.7659648859265082,nenhuma,49.52808254438803,0.0,54,0,terminal,0.8916666666666666,01,73,centralizada,j6043_1.sm,2,GOV,0,1.4722222222222223,0.3,23,0.21739130434782608,0.07692307692307693,0.8363100989767648,60,16,60,60,2;3;4;5;6;7;8;9;10;11;12;13;14;15;16;17;18;19;20;21;22;23;24;25;26;27;28;29;30;31;32;33;34;35;36;37;38;39;40;41;42;43;44;45;46;47;48;49;50;51;52;53;54;55;56;57;58;59;60;61,2;3;4;5;6;7;8;9;10;11;12;13;14;15;16;17;18;19;20;21;22;23;24;25;26;27;28;29;30;31;32;33;34;35;36;37;38;39;40;41;42;43;44;45;46;47;48;49;50;51;52;53;54;55;56;57;58;59;60;61
True,181,108,0.5508415445879283,0.0,12.309949779010916,261.0,400.0,197.0,87.0,42.161641092685954,48,12,0,8,0.2,0.2,334.0,0.11208383972967982,0.1262324583613352,0.036856137062906934,0.058060958754642504,22,8,197,79,38,276,6,8,29,0.794910294566222,0.24332019624229825,4,60,241,44,29,197,0.794910294566222,nenhuma,42.161641092685954,0.0,47,0,terminal,0.9333333333333332,01,73,centralizada,j6043_1.sm,3,GOV,0,1.6759259259259258,0.36666666666666664,30,0.26666666666666666,0.11764705882352941,0.8104053950218342,60,12,60,60,2;3;4;5;6;7;8;9;10;11;12;13;14;15;16;17;18;19;20;21;22;23;24;25;26;27;28;29;30;31;32;33;34;35;36;37;38;39;40;41;42;43;44;45;46;47;48;49;50;51;52;53;54;55;56;57;58;59;60;61,2;3;4;5;6;7;8;9;10;11;12;13;14;15;16;17;18;19;20;21;22;23;24;25;26;27;28;29;30;31;32;33;34;35;36;37;38;39;40;41;42;43;44;45;46;47;48;49;50;51;52;53;54;55;56;57;58;59;60;61
True,134,85,0.6861291114839434,0.0,7.585645698947722,295.0,378.0,92.0,49.0,31.916720589905825,55,5,4,11,0.08333333333333333,0.15,323.0,0.08992735123004957,0.09881337643933692,0.023484971204172516,0.05793383899426816,21,11,92,38,39,130,10,3,0,0.6268507180531939,0.4857196752206667,16,60,120,28,0,92,0.6268507180531939,nenhuma,31.916720589905825,0.0,35,0,terminal,0.9873358528959478,01,77,centralizada,j6010_1.sm,0,GOV,0,1.576470588235294,0.35,32,0.34375,0.15492957746478872,0.7541421266131756,60,9,60,60,2;3;4;5;6;7;8;9;10;11;12;13;14;15;16;17;18;19;20;21;22;23;24;25;26;27;28;29;30;31;32;33;34;35;36;37;38;39;40;41;42;43;44;45;46;47;48;49;50;51;52;53;54;55;56;57;58;59;60;61,2;3;4;5;6;7;8;9;10;11;12;13;14;15;16;17;18;19;20;21;22;23;24;25;26;27;28;29;30;31;32;33;34;35;36;37;38;39;40;41;42;43;44;45;46;47;48;49;50;51;52;53;54;55;56;57;58;59;60;61
True,117,85,0.7409830344994617,0.0,5.7835786343821995,289.0,377.0,75.0,28.0,28.7835786343822,54,6,3,4,0.1,0.15,323.0,0.08182183701160683,0.08911324654607491,0.017905816205517646,0.0565733247752212,12,4,75,24,48,99,8,0,0,0.6586427040007742,0.39362113220747674,14,60,91,16,0,75,0.6586427040007742,nenhuma,28.7835786343822,0.0,30,0,terminal,0.9666666666666667,01,77,centralizada,j6010_1.sm,1,GOV,0,1.3764705882352941,0.2,16,0.25,0.0625,0.8180045758430333,60,9,60,60,2;3;4;5;6;7;8;9;10;11;12;13;14;15;16;17;18;19;20;21;22;23;24;25;26;27;28;29;30;31;32;33;34;35;36;37;38;39;40;41;42;43;44;45;46;47;48;49;50;51;52;53;54;55;56;57;58;59;60;61,2;3;4;5;6;7;8;9;10;11;12;13;14;15;16;17;18;19;20;21;22;23;24;25;26;27;28;29;30;31;32;33;34;35;36;37;38;39;40;41;42;43;44;45;46;47;48;49;50;51;52;53;54;55;56;57;58;59;60;61
True,137,85,0.7241693194615897,0.0,7.0,273.0,424.0,54.0,51.0,56.49843055383564,52,8,6,8,0.13333333333333333,0.23333333333333334,323.0,0.14887658552733005,0.17491774165274193,0.021671826625386997,0.09649629718117698,23,8,54,43,37,97,8,19,0,0.7659648859265082,0.2570239140832174,4,60,89,35,0,54,0.7659648859265082,nenhuma,56.49843055383564,0.0,62,0,terminal,0.9083333333333332,01,77,centralizada,j6010_1.sm,2,GOV,0,1.611764705882353,0.38333333333333336,31,0.25806451612903225,0.11764705882352941,0.6075926445978055,60,14,60,60,2;3;4;5;6;7;8;9;10;11;12;13;14;15;16;17;18;19;20;21;22;23;24;25;26;27;28;29;30;31;32;33;34;35;36;37;38;39;40;41;42;43;44;45;46;47;48;49;50;51;52;53;54;55;56;57;58;59;60;61,2;3;4;5;6;7;8;9;10;11;12;13;14;15;16;17;18;19;20;21;22;23;24;25;26;27;28;29;30;31;32;33;34;35;36;37;38;39;40;41;42;43;44;45;46;47;48;49;50;51;52;53;54;55;56;57;58;59;60;61
True,125,85,0.6515052730675139,8.881784197001252e-16,13.923064217666806,267.0,375.0,105.0,55.0,40.590122600803014,52,8,5,9,0.13333333333333333,0.21666666666666667,323.0,0.1116370332352735,0.12566601424397217,0.043105461974200635,0.07051914375701343,21,9,105,46,39,151,8,5,0,0.794910294566222,0.24332019624229825,3,60,143,38,0,105,0.794910294566222,nenhuma,40.590122600803014,0.0,44,0,terminal,0.9899999999999999,01,77,centralizada,j6010_1.sm,3,GOV,0,1.4705882352941178,0.35,30,0.3,0.13043478260869565,0.7234058932705502,60,13,60,60,2;3;4;5;6;7;8;9;10;11;12;13;14;15;16;17;18;19;20;21;22;23;24;25;26;27;28;29;30;31;32;33;34;35;36;37;38;39;40;41;42;43;44;45;46;47;48;49;50;51;52;53;54;55;56;57;58;59;60;61,2;3;4;5;6;7;8;9;10;11;12;13;14;15;16;17;18;19;20;21;22;23;24;25;26;27;28;29;30;31;32;33;34;35;36;37;38;39;40;41;42;43;44;45;46;47;48;49;50;51;52;53;54;55;56;57;58;59;60;61
True,195,76,0.6820887306224929,0.0,9.246761842848272,277.0,389.0,97.0,31.0,53.307032700845205,51,9,5,7,0.15,0.23333333333333334,332.0,0.13834949320074602,0.1605633515085699,0.02785169229773576,0.09347076161483604,28,7,97,24,32,121,11,0,0,0.6268507180531939,0.4857196752206667,18,60,110,13,0,97,0.6268507180531939,nenhuma,53.307032700845205,0.0,57,0,terminal,0.9892333001205181,01,77,centralizada,j6021_1.sm,0,GOV,0,2.5657894736842106,0.4666666666666667,35,0.2,0.1044776119402985,0.8028070293321617,60,14,60,60,2;3;4;5;6;7;8;9;10;11;12;13;14;15;16;17;18;19;20;21;22;23;24;25;26;27;28;29;30;31;32;33;34;35;36;37;38;39;40;41;42;43;44;45;46;47;48;49;50;51;52;53;54;55;56;57;58;59;60;61,2;3;4;5;6;7;8;9;10;11;12;13;14;15;16;17;18;19;20;21;22;23;24;25;26;27;28;29;30;31;32;33;34;35;36;37;38;39;40;41;42;43;44;45;46;47;48;49;50;51;52;53;54;55;56;57;58;59;60;61
True,188,76,0.7240889023041961,0.0,10.5,277.0,391.0,59.0,27.0,62.98894162824422,50,10,8,6,0.16666666666666666,0.3,332.0,0.15947013951476183,0.18972572779591632,0.03162650602409638,0.11664857698439499,23,6,59,21,37,80,5,0,0,0.6586427040007742,0.39362113220747674,17,60,75,16,0,59,0.6586427040007742,nenhuma,62.98894162824422,0.0,68,0,terminal,0.9666666666666667,01,77,centralizada,j6021_1.sm,1,GOV,0,2.473684210526316,0.38333333333333336,29,0.20689655172413793,0.09090909090909091,0.8057952516058204,60,18,60,60,2;3;4;5;6;7;8;9;10;11;12;13;14;15;16;17;18;19;20;21;22;23;24;25;26;27;28;29;30;31;32;33;34;35;36;37;38;39;40;41;42;43;44;45;46;47;48;49;50;51;52;53;54;55;56;57;58;59;60;61,2;3;4;5;6;7;8;9;10;11;12;13;14;15;16;17;18;19;20;21;22;23;24;25;26;27;28;29;30;31;32;33;34;35;36;37;38;39;40;41;42;43;44;45;46;47;48;49;50;51;52;53;54;55;56;57;58;59;60;61
True,175,76,0.7582011164127281,0.0,7.442990804230071,313.0,400.0,47.0,22.0,58.564509391013935,57,3,11,5,0.05,0.23333333333333334,332.0,0.14994836443877196,0.17639912467172872,0.022418647000692984,0.11100919100607616,25,5,47,17,35,64,4,2,0,0.7659648859265082,0.2570239140832174,6,60,60,13,0,47,0.7659648859265082,nenhuma,58.564509391013935,0.0,63,0,terminal,0.9516666666666667,01,77,centralizada,j6021_1.sm,2,GOV,0,2.3026315789473686,0.4166666666666667,30,0.16666666666666666,0.07692307692307693,0.7702285141907773,60,14,60,60,2;3;4;5;6;7;8;9;10;11;12;13;14;15;16;17;18;19;20;21;22;23;24;25;26;27;28;29;30;31;32;33;34;35;36;37;38;39;40;41;42;43;44;45;46;47;48;49;50;51;52;53;54;55;56;57;58;59;60;61,2;3;4;5;6;7;8;9;10;11;12;13;14;15;16;17;18;19;20;21;22;23;24;25;26;27;28;29;30;31;32;33;34;35;36;37;38;39;40;41;42;43;44;45;46;47;48;49;50;51;52;53;54;55;56;57;58;59;60;61
True,203,76,0.6986709261762832,0.0,11.029442180650305,247.0,432.0,75.0,33.0,78.31684104027127,48,12,5,8,0.2,0.2833333333333333,332.0,0.19086918499790442,0.23589409951888937,0.03322121138750092,0.126661342279646,27,8,75,25,33,100,0,0,0,0.794910294566222,0.24332019624229825,2,60,100,25,0,75,0.794910294566222,nenhuma,78.31684104027127,0.0,85,0,terminal,0.91436669689289,01,77,centralizada,j6021_1.sm,3,GOV,0,2.6710526315789473,0.45,35,0.22857142857142856,0.11764705882352941,0.723472950606375,60,17,60,60,2;3;4;5;6;7;8;9;10;11;12;13;14;15;16;17;18;19;20;21;22;23;24;25;26;27;28;29;30;31;32;33;34;35;36;37;38;39;40;41;42;43;44;45;46;47;48;49;50;51;52;53;54;55;56;57;58;59;60;61,2;3;4;5;6;7;8;9;10;11;12;13;14;15;16;17;18;19;20;21;22;23;24;25;26;27;28;29;30;31;32;33;34;35;36;37;38;39;40;41;42;43;44;45;46;47;48;49;50;51;52;53;54;55;56;57;58;59;60;61
True,122,69,0.671226751315062,0.0,8.378848993550193,295.0,431.0,106.0,64.0,41.10790043094726,54,6,6,9,0.1,0.2,337.0,0.10872002511477455,0.12198190038856754,0.024863053393324015,0.06402023772540086,21,9,106,55,39,161,11,17,0,0.6268507180531939,0.4857196752206667,14,60,150,44,0,106,0.6268507180531939,nenhuma,41.10790043094726,0.0,45,0,terminal,0.9983333333333334,01,77,centralizada,j6032_1.sm,0,GOV,0,1.7681159420289856,0.35,30,0.3,0.13043478260869565,0.6649609951855413,60,12,60,60,2;3;4;5;6;7;8;9;10;11;12;13;14;15;16;17;18;19;20;21;22;23;24;25;26;27;28;29;30;31;32;33;34;35;36;37;38;39;40;41;42;43;44;45;46;47;48;49;50;51;52;53;54;55;56;57;58;59;60;61,2;3;4;5;6;7;8;9;10;11;12;13;14;15;16;17;18;19;20;21;22;23;24;25;26;27;28;29;30;31;32;33;34;35;36;37;38;39;40;41;42;43;44;45;46;47;48;49;50;51;52;53;54;55;56;57;58;59;60;61
True,126,69,0.6958594897282249,0.0,15.783693762230502,266.0,431.0,61.0,58.0,69.37791517125319,48,12,10,15,0.2,0.36666666666666664,337.0,0.17072265145613633,0.20586918448443084,0.046835886534808614,0.11201225208695201,27,15,61,43,33,104,9,19,0,0.6586427040007742,0.39362113220747674,13,60,95,34,0,61,0.6586427040007742,nenhuma,69.37791517125319,0.0,76,0,terminal,0.955,01,77,centralizada,j6032_1.sm,1,GOV,0,1.826086956521739,0.45,42,0.35714285714285715,0.2,0.5674751482548988,60,22,60,60,2;3;4;5;6;7;8;9;10;11;12;13;14;15;16;17;18;19;20;21;22;23;24;25;26;27;28;29;30;31;32;33;34;35;36;37;38;39;40;41;42;43;44;45;46;47;48;49;50;51;52;53;54;55;56;57;58;59;60;61,2;3;4;5;6;7;8;9;10;11;12;13;14;15;16;17;18;19;20;21;22;23;24;25;26;27;28;29;30;31;32;33;34;35;36;37;38;39;40;41;42;43;44;45;46;47;48;49;50;51;52;53;54;55;56;57;58;59;60;61
True,137,69,0.6869239273203508,0.0,13.639198842323433,312.0,454.0,60.0,84.0,62.917434876707404,55,5,10,12,0.08333333333333333,0.25,337.0,0.15732606130589066,0.18669861981218813,0.04047240012558882,0.09519711775865695,31,12,60,72,29,132,0,36,0,0.7659648859265082,0.2570239140832174,2,60,132,72,0,60,0.7659648859265082,nenhuma,62.917434876707404,0.0,68,0,terminal,0.8333333333333331,01,77,centralizada,j6032_1.sm,2,GOV,0,1.9855072463768115,0.5166666666666667,43,0.27906976744186046,0.16666666666666666,0.5740719616903485,60,15,60,60,2;3;4;5;6;7;8;9;10;11;12;13;14;15;16;17;18;19;20;21;22;23;24;25;26;27;28;29;30;31;32;33;34;35;36;37;38;39;40;41;42;43;44;45;46;47;48;49;50;51;52;53;54;55;56;57;58;59;60;61,2;3;4;5;6;7;8;9;10;11;12;13;14;15;16;17;18;19;20;21;22;23;24;25;26;27;28;29;30;31;32;33;34;35;36;37;38;39;40;41;42;43;44;45;46;47;48;49;50;51;52;53;54;55;56;57;58;59;60;61
True,156,69,0.6234092896424643,0.0,17.24196875602542,257.0,470.0,122.0,74.0,87.9188263773753,47,13,9,13,0.21666666666666667,0.36666666666666664,337.0,0.20690734540270422,0.26088672515541633,0.05116311203568373,0.11661577254918871,28,13,122,61,32,183,0,16,9,0.794910294566222,0.24332019624229825,0,60,174,52,9,122,0.794910294566222,nenhuma,87.9188263773753,0.0,94,0,terminal,0.8883333333333333,01,77,centralizada,j6032_1.sm,3,GOV,0,2.260869565217391,0.4666666666666667,41,0.3170731707317073,0.1780821917808219,0.5974205682646715,60,22,60,60,2;3;4;5;6;7;8;9;10;11;12;13;14;15;16;17;18;19;20;21;22;23;24;25;26;27;28;29;30;31;32;33;34;35;36;37;38;39;40;41;42;43;44;45;46;47;48;49;50;51;52;53;54;55;56;57;58;59;60;61,2;3;4;5;6;7;8;9;10;11;12;13;14;15;16;17;18;19;20;21;22;23;24;25;26;27;28;29;30;31;32;33;34;35;36;37;38;39;40;41;42;43;44;45;46;47;48;49;50;51;52;53;54;55;56;57;58;59;60;61
True,179,108,0.4900884923852548,0.0,8.5,258.0,348.0,241.0,70.0,51.07584427515977,49,11,4,2,0.18333333333333332,0.25,334.0,0.13263840106953845,0.15292168944658613,0.025449101796407185,0.07193012505206063,19,2,241,68,41,309,34,3,0,0.6268507180531939,0.4857196752206667,21,60,275,34,0,241,0.6268507180531939,nenhuma,51.07584427515977,0.0,55,0,terminal,0.9983333333333334,01,77,centralizada,j6043_1.sm,0,GOV,0,1.6574074074074074,0.31666666666666665,21,0.09523809523809523,0.03225806451612903,0.9316524646549135,60,15,60,60,2;3;4;5;6;7;8;9;10;11;12;13;14;15;16;17;18;19;20;21;22;23;24;25;26;27;28;29;30;31;32;33;34;35;36;37;38;39;40;41;42;43;44;45;46;47;48;49;50;51;52;53;54;55;56;57;58;59;60;61,2;3;4;5;6;7;8;9;10;11;12;13;14;15;16;17;18;19;20;21;22;23;24;25;26;27;28;29;30;31;32;33;34;35;36;37;38;39;40;41;42;43;44;45;46;47;48;49;50;51;52;53;54;55;56;57;58;59;60;61
True,157,108,0.5946572173786727,0.0,8.529275715146104,293.0,366.0,139.0,45.0,65.48063204105415,54,6,15,3,0.1,0.35,334.0,0.1639144098338284,0.19604979653010224,0.025536753638161987,0.10638942743642081,20,3,139,42,40,181,22,0,0,0.6586427040007742,0.39362113220747674,20,60,159,20,0,139,0.6586427040007742,nenhuma,65.48063204105415,0.0,73,0,terminal,0.9666666666666667,01,77,centralizada,j6043_1.sm,1,GOV,0,1.4537037037037037,0.3333333333333333,23,0.13043478260869565,0.047619047619047616,0.8747629354444506,60,21,60,60,2;3;4;5;6;7;8;9;10;11;12;13;14;15;16;17;18;19;20;21;22;23;24;25;26;27;28;29;30;31;32;33;34;35;36;37;38;39;40;41;42;43;44;45;46;47;48;49;50;51;52;53;54;55;56;57;58;59;60;61,2;3;4;5;6;7;8;9;10;11;12;13;14;15;16;17;18;19;20;21;22;23;24;25;26;27;28;29;30;31;32;33;34;35;36;37;38;39;40;41;42;43;44;45;46;47;48;49;50;51;52;53;54;55;56;57;58;59;60;61
True,168,108,0.6233401376604334,0.0,6.734480589911601,297.0,420.0,118.0,57.0,78.78943633627584,54,6,13,6,0.1,0.31666666666666665,334.0,0.1908707670321549,0.23589651597687378,0.02016311553865749,0.11693480498105271,23,6,118,51,37,169,2,3,7,0.7659648859265082,0.2570239140832174,6,60,160,42,7,118,0.7659648859265082,nenhuma,78.78943633627584,0.0,84,0,terminal,0.8999999999999999,01,77,centralizada,j6043_1.sm,2,GOV,0,1.5555555555555556,0.38333333333333336,29,0.20689655172413793,0.09090909090909091,0.7024303244004257,60,19,60,60,2;3;4;5;6;7;8;9;10;11;12;13;14;15;16;17;18;19;20;21;22;23;24;25;26;27;28;29;30;31;32;33;34;35;36;37;38;39;40;41;42;43;44;45;46;47;48;49;50;51;52;53;54;55;56;57;58;59;60;61,2;3;4;5;6;7;8;9;10;11;12;13;14;15;16;17;18;19;20;21;22;23;24;25;26;27;28;29;30;31;32;33;34;35;36;37;38;39;40;41;42;43;44;45;46;47;48;49;50;51;52;53;54;55;56;57;58;59;60;61
True,172,108,0.5099138209732047,0.0,9.398866250383039,278.0,376.0,221.0,78.0,62.37950323130838,50,10,8,2,0.16666666666666666,0.3,334.0,0.1573731808097722,0.18676497973445622,0.028140318114919276,0.08459619905076284,23,2,221,76,37,297,3,2,29,0.794910294566222,0.24332019624229825,4,60,265,44,29,221,0.794910294566222,nenhuma,62.37950323130838,0.0,69,0,terminal,0.9333333333333332,01,77,centralizada,j6043_1.sm,3,GOV,0,1.5925925925925926,0.38333333333333336,25,0.08,0.03225806451612903,0.8315247821708718,60,18,60,60,2;3;4;5;6;7;8;9;10;11;12;13;14;15;16;17;18;19;20;21;22;23;24;25;26;27;28;29;30;31;32;33;34;35;36;37;38;39;40;41;42;43;44;45;46;47;48;49;50;51;52;53;54;55;56;57;58;59;60;61,2;3;4;5;6;7;8;9;10;11;12;13;14;15;16;17;18;19;20;21;22;23;24;25;26;27;28;29;30;31;32;33;34;35;36;37;38;39;40;41;42;43;44;45;46;47;48;49;50;51;52;53;54;55;56;57;58;59;60;61
True,170,85,0.6800519834342095,0.0,16.05982711495676,294.0,387.0,89.0,52.0,41.07414348779663,55,5,5,11,0.08333333333333333,0.16666666666666666,323.0,0.11281807352290975,0.127164530921971,0.04972082698129028,0.07217713888045844,24,11,89,41,36,130,9,3,0,0.6268507180531939,0.4857196752206667,16,60,121,32,0,89,0.6268507180531939,nenhuma,41.07414348779663,0.0,46,0,terminal,0.96,01,78,adaptativa,j6010_1.sm,0,GOV,0,2.0,0.4,35,0.3142857142857143,0.15492957746478872,0.8004119970414131,60,10,60,60,2;3;4;5;6;7;8;9;10;11;12;13;14;15;16;17;18;19;20;21;22;23;24;25;26;27;28;29;30;31;32;33;34;35;36;37;38;39;40;41;42;43;44;45;46;47;48;49;50;51;52;53;54;55;56;57;58;59;60;61,2;3;4;5;6;7;8;9;10;11;12;13;14;15;16;17;18;19;20;21;22;23;24;25;26;27;28;29;30;31;32;33;34;35;36;37;38;39;40;41;42;43;44;45;46;47;48;49;50;51;52;53;54;55;56;57;58;59;60;61
True,114,85,0.6832535885167464,0.0,4.5,311.0,357.0,94.0,41.0,30.5,58,2,9,1,0.03333333333333333,0.18333333333333332,323.0,0.08628005657708628,0.09442724458204334,0.01393188854489164,0.05837320574162679,14,1,94,40,46,134,20,1,0,0.6586427040007742,0.39362113220747674,14,60,114,20,0,94,0.6586427040007742,nenhuma,30.5,0.0,33,0,terminal,0.9616666666666666,01,78,adaptativa,j6010_1.sm,1,GOV,0,1.3411764705882352,0.23333333333333334,15,0.06666666666666667,0.01639344262295082,0.9233266182066993,60,11,60,60,2;3;4;5;6;7;8;9;10;11;12;13;14;15;16;17;18;19;20;21;22;23;24;25;26;27;28;29;30;31;32;33;34;35;36;37;38;39;40;41;42;43;44;45;46;47;48;49;50;51;52;53;54;55;56;57;58;59;60;61,2;3;4;5;6;7;8;9;10;11;12;13;14;15;16;17;18;19;20;21;22;23;24;25;26;27;28;29;30;31;32;33;34;35;36;37;38;39;40;41;42;43;44;45;46;47;48;49;50;51;52;53;54;55;56;57;58;59;60;61
True,216,85,0.6936497060611688,0.0,5.198239337283798,304.0,408.0,64.0,52.0,64.19314191999509,56,4,14,13,0.06666666666666667,0.3,323.0,0.16579100962810747,0.1987403774612851,0.016093620239268726,0.1091361618234007,28,13,64,39,32,103,8,15,0,0.7659648859265082,0.2570239140832174,4,60,95,31,0,64,0.7659648859265082,nenhuma,64.19314191999509,0.0,74,0,terminal,0.9633333333333333,01,78,adaptativa,j6010_1.sm,2,GOV,0,2.541176470588235,0.4666666666666667,41,0.3170731707317073,0.1780821917808219,0.7208851414277028,60,18,60,60,2;3;4;5;6;7;8;9;10;11;12;13;14;15;16;17;18;19;20;21;22;23;24;25;26;27;28;29;30;31;32;33;34;35;36;37;38;39;40;41;42;43;44;45;46;47;48;49;50;51;52;53;54;55;56;57;58;59;60;61,2;3;4;5;6;7;8;9;10;11;12;13;14;15;16;17;18;19;20;21;22;23;24;25;26;27;28;29;30;31;32;33;34;35;36;37;38;39;40;41;42;43;44;45;46;47;48;49;50;51;52;53;54;55;56;57;58;59;60;61
True,214,85,0.5679149481063871,0.0,15.390707588527041,288.0,380.0,153.0,72.0,64.11427717661506,56,4,15,12,0.06666666666666667,0.31666666666666665,323.0,0.16562106064448737,0.1984962141690869,0.04764924950008372,0.09581962209377858,25,12,153,60,35,213,8,10,0,0.794910294566222,0.24332019624229825,3,60,205,52,0,153,0.794910294566222,nenhuma,64.11427717661508,0.0,70,0,terminal,0.9916666666666667,01,78,adaptativa,j6010_1.sm,3,GOV,0,2.5176470588235293,0.4166666666666667,37,0.32432432432432434,0.16666666666666666,0.8271734813949182,60,19,60,60,2;3;4;5;6;7;8;9;10;11;12;13;14;15;16;17;18;19;20;21;22;23;24;25;26;27;28;29;30;31;32;33;34;35;36;37;38;39;40;41;42;43;44;45;46;47;48;49;50;51;52;53;54;55;56;57;58;59;60;61,2;3;4;5;6;7;8;9;10;11;12;13;14;15;16;17;18;19;20;21;22;23;24;25;26;27;28;29;30;31;32;33;34;35;36;37;38;39;40;41;42;43;44;45;46;47;48;49;50;51;52;53;54;55;56;57;58;59;60;61
True,205,76,0.724161352138985,0.0,11.693120136519072,316.0,408.0,59.0,28.0,68.4103488053784,57,3,12,14,0.05,0.25,332.0,0.17085060116323222,0.20605526748607952,0.03522024137505744,0.12142188894902556,34,14,59,14,26,73,7,0,0,0.6268507180531939,0.4857196752206667,18,60,66,7,0,59,0.6268507180531939,nenhuma,68.41034880537838,0.0,75,0,terminal,0.984233300120518,01,78,adaptativa,j6021_1.sm,0,GOV,0,2.6973684210526314,0.5666666666666667,48,0.2916666666666667,0.1891891891891892,0.7076603222478367,60,15,60,60,2;3;4;5;6;7;8;9;10;11;12;13;14;15;16;17;18;19;20;21;22;23;24;25;26;27;28;29;30;31;32;33;34;35;36;37;38;39;40;41;42;43;44;45;46;47;48;49;50;51;52;53;54;55;56;57;58;59;60;61,2;3;4;5;6;7;8;9;10;11;12;13;14;15;16;17;18;19;20;21;22;23;24;25;26;27;28;29;30;31;32;33;34;35;36;37;38;39;40;41;42;43;44;45;46;47;48;49;50;51;52;53;54;55;56;57;58;59;60;61
True,216,76,0.7129509989316924,0.0,22.013258200653944,278.0,388.0,50.0,31.0,75.21692455917872,53,7,11,11,0.11666666666666667,0.3,332.0,0.184709721091781,0.22655700168427326,0.06630499458028297,0.13821129252844386,25,11,50,20,35,70,12,0,0,0.6586427040007742,0.39362113220747674,17,60,58,8,0,50,0.6586427040007742,nenhuma,75.21692455917872,0.0,83,0,terminal,0.9666666666666667,01,78,adaptativa,j6021_1.sm,1,GOV,0,2.8421052631578947,0.4166666666666667,36,0.3055555555555556,0.15492957746478872,0.8163029042912034,60,18,60,60,2;3;4;5;6;7;8;9;10;11;12;13;14;15;16;17;18;19;20;21;22;23;24;25;26;27;28;29;30;31;32;33;34;35;36;37;38;39;40;41;42;43;44;45;46;47;48;49;50;51;52;53;54;55;56;57;58;59;60;61,2;3;4;5;6;7;8;9;10;11;12;13;14;15;16;17;18;19;20;21;22;23;24;25;26;27;28;29;30;31;32;33;34;35;36;37;38;39;40;41;42;43;44;45;46;47;48;49;50;51;52;53;54;55;56;57;58;59;60;61
True,208,76,0.7443621652585183,0.0,13.728630582609373,313.0,405.0,55.0,29.0,55.08998589999913,56,4,9,9,0.06666666666666667,0.21666666666666667,332.0,0.1423182926623968,0.16593369246987688,0.0413512969355704,0.10125160787304838,26,9,55,20,34,75,4,0,0,0.7659648859265082,0.2570239140832174,6,60,71,16,0,55,0.7659648859265082,nenhuma,55.08998589999913,0.0,61,0,terminal,0.9666666666666667,01,78,adaptativa,j6021_1.sm,2,GOV,0,2.736842105263158,0.43333333333333335,35,0.2571428571428571,0.13043478260869565,0.7843247051214252,60,13,60,60,2;3;4;5;6;7;8;9;10;11;12;13;14;15;16;17;18;19;20;21;22;23;24;25;26;27;28;29;30;31;32;33;34;35;36;37;38;39;40;41;42;43;44;45;46;47;48;49;50;51;52;53;54;55;56;57;58;59;60;61,2;3;4;5;6;7;8;9;10;11;12;13;14;15;16;17;18;19;20;21;22;23;24;25;26;27;28;29;30;31;32;33;34;35;36;37;38;39;40;41;42;43;44;45;46;47;48;49;50;51;52;53;54;55;56;57;58;59;60;61
True,192,76,0.6916058163358038,0.0,9.356175513030859,321.0,439.0,95.0,50.0,50.75463859726563,58,2,12,16,0.03333333333333333,0.23333333333333334,332.0,0.13260358851109746,0.15287541746164346,0.02818125154527367,0.07995946072868017,30,16,95,34,30,129,0,0,2,0.794910294566222,0.24332019624229825,2,60,127,32,2,95,0.794910294566222,nenhuma,50.75463859726563,0.0,58,0,terminal,0.8983333333333333,01,78,adaptativa,j6021_1.sm,3,GOV,0,2.526315789473684,0.5,46,0.34782608695652173,0.21052631578947367,0.7029666282382602,60,14,60,60,2;3;4;5;6;7;8;9;10;11;12;13;14;15;16;17;18;19;20;21;22;23;24;25;26;27;28;29;30;31;32;33;34;35;36;37;38;39;40;41;42;43;44;45;46;47;48;49;50;51;52;53;54;55;56;57;58;59;60;61,2;3;4;5;6;7;8;9;10;11;12;13;14;15;16;17;18;19;20;21;22;23;24;25;26;27;28;29;30;31;32;33;34;35;36;37;38;39;40;41;42;43;44;45;46;47;48;49;50;51;52;53;54;55;56;57;58;59;60;61
True,123,69,0.6852188657668965,0.0,8.0,317.0,415.0,93.0,50.0,47.64590488256957,57,3,9,8,0.05,0.2,337.0,0.12386952331421706,0.14138250706993938,0.02373887240356083,0.07866957325800424,20,8,93,42,40,135,12,13,0,0.6268507180531939,0.4857196752206667,14,60,123,30,0,93,0.6268507180531939,nenhuma,47.64590488256957,0.0,53,0,terminal,0.9933333333333333,01,78,adaptativa,j6032_1.sm,0,GOV,0,1.7826086956521738,0.3333333333333333,28,0.2857142857142857,0.11764705882352941,0.7542439304652354,60,12,60,60,2;3;4;5;6;7;8;9;10;11;12;13;14;15;16;17;18;19;20;21;22;23;24;25;26;27;28;29;30;31;32;33;34;35;36;37;38;39;40;41;42;43;44;45;46;47;48;49;50;51;52;53;54;55;56;57;58;59;60;61,2;3;4;5;6;7;8;9;10;11;12;13;14;15;16;17;18;19;20;21;22;23;24;25;26;27;28;29;30;31;32;33;34;35;36;37;38;39;40;41;42;43;44;45;46;47;48;49;50;51;52;53;54;55;56;57;58;59;60;61
True,117,69,0.7034210082703631,0.0,5.0,318.0,433.0,73.0,59.0,50.563076605716674,57,3,12,8,0.05,0.25,337.0,0.1304641222495932,0.15003880298432248,0.01483679525222552,0.08214117858486104,20,8,73,51,40,124,13,20,0,0.6586427040007742,0.39362113220747674,13,60,111,38,0,73,0.6586427040007742,nenhuma,50.563076605716674,0.0,55,0,terminal,0.955,01,78,adaptativa,j6032_1.sm,1,GOV,0,1.6956521739130435,0.3333333333333333,28,0.2857142857142857,0.11764705882352941,0.6619537643204584,60,15,60,60,2;3;4;5;6;7;8;9;10;11;12;13;14;15;16;17;18;19;20;21;22;23;24;25;26;27;28;29;30;31;32;33;34;35;36;37;38;39;40;41;42;43;44;45;46;47;48;49;50;51;52;53;54;55;56;57;58;59;60;61,2;3;4;5;6;7;8;9;10;11;12;13;14;15;16;17;18;19;20;21;22;23;24;25;26;27;28;29;30;31;32;33;34;35;36;37;38;39;40;41;42;43;44;45;46;47;48;49;50;51;52;53;54;55;56;57;58;59;60;61
True,184,69,0.7004024775542246,0.0,3.157726783791739,331.0,451.0,60.0,88.0,44.915483530087855,58,2,11,15,0.03333333333333333,0.21666666666666667,337.0,0.11760581978748015,0.1332803665581242,0.009370109150717326,0.0697536938913958,32,15,60,73,28,133,0,38,0,0.7659648859265082,0.2570239140832174,2,60,133,73,0,60,0.7659648859265082,nenhuma,44.915483530087855,0.0,50,0,terminal,0.8333333333333331,01,78,adaptativa,j6032_1.sm,2,GOV,0,2.6666666666666665,0.5333333333333333,47,0.3191489361702128,0.2,0.6931833237511181,60,13,60,60,2;3;4;5;6;7;8;9;10;11;12;13;14;15;16;17;18;19;20;21;22;23;24;25;26;27;28;29;30;31;32;33;34;35;36;37;38;39;40;41;42;43;44;45;46;47;48;49;50;51;52;53;54;55;56;57;58;59;60;61,2;3;4;5;6;7;8;9;10;11;12;13;14;15;16;17;18;19;20;21;22;23;24;25;26;27;28;29;30;31;32;33;34;35;36;37;38;39;40;41;42;43;44;45;46;47;48;49;50;51;52;53;54;55;56;57;58;59;60;61
True,144,69,0.643160830855544,1.7763568394002505e-15,10.125465001013225,297.0,485.0,120.0,84.0,65.08821049447988,53,7,9,18,0.11666666666666667,0.26666666666666666,337.0,0.16187545119623312,0.19314009048807088,0.030045890210721737,0.08631378874336126,28,18,120,66,32,186,0,12,5,0.794910294566222,0.24332019624229825,0,60,181,61,5,120,0.794910294566222,nenhuma,65.08821049447988,0.0,71,0,terminal,0.8333333333333334,01,78,adaptativa,j6032_1.sm,3,GOV,0,2.0869565217391304,0.4666666666666667,46,0.391304347826087,0.23076923076923078,0.5611817359122222,60,16,60,60,2;3;4;5;6;7;8;9;10;11;12;13;14;15;16;17;18;19;20;21;22;23;24;25;26;27;28;29;30;31;32;33;34;35;36;37;38;39;40;41;42;43;44;45;46;47;48;49;50;51;52;53;54;55;56;57;58;59;60;61,2;3;4;5;6;7;8;9;10;11;12;13;14;15;16;17;18;19;20;21;22;23;24;25;26;27;28;29;30;31;32;33;34;35;36;37;38;39;40;41;42;43;44;45;46;47;48;49;50;51;52;53;54;55;56;57;58;59;60;61
True,180,108,0.5172079917830902,0.0,7.500076824415634,307.0,389.0,222.0,68.0,73.11521511667051,56,4,14,4,0.06666666666666667,0.3,334.0,0.17959342319278648,0.21890782969063027,0.022455319833579745,0.09721278555085294,21,4,222,64,39,286,29,0,0,0.6268507180531939,0.4857196752206667,21,60,257,35,0,222,0.6268507180531939,nenhuma,73.11521511667053,0.0,79,0,terminal,0.9966666666666667,01,78,adaptativa,j6043_1.sm,0,GOV,0,1.6666666666666667,0.35,25,0.16,0.0625,0.8479339809532591,60,18,60,60,2;3;4;5;6;7;8;9;10;11;12;13;14;15;16;17;18;19;20;21;22;23;24;25;26;27;28;29;30;31;32;33;34;35;36;37;38;39;40;41;42;43;44;45;46;47;48;49;50;51;52;53;54;55;56;57;58;59;60;61,2;3;4;5;6;7;8;9;10;11;12;13;14;15;16;17;18;19;20;21;22;23;24;25;26;27;28;29;30;31;32;33;34;35;36;37;38;39;40;41;42;43;44;45;46;47;48;49;50;51;52;53;54;55;56;57;58;59;60;61
True,148,108,0.547884812671582,0.0,4.0,315.0,353.0,183.0,50.0,58.29601229263935,56,4,14,2,0.06666666666666667,0.3,334.0,0.14860210266209006,0.17453895895999805,0.011976047904191617,0.0904801693327279,19,2,183,48,41,231,26,2,0,0.6586427040007742,0.39362113220747674,20,60,205,22,0,183,0.6586427040007742,nenhuma,58.29601229263935,0.0,66,0,terminal,0.9666666666666667,01,78,adaptativa,j6043_1.sm,1,GOV,0,1.3703703703703705,0.31666666666666665,21,0.09523809523809523,0.03225806451612903,0.896278215137068,60,18,60,60,2;3;4;5;6;7;8;9;10;11;12;13;14;15;16;17;18;19;20;21;22;23;24;25;26;27;28;29;30;31;32;33;34;35;36;37;38;39;40;41;42;43;44;45;46;47;48;49;50;51;52;53;54;55;56;57;58;59;60;61,2;3;4;5;6;7;8;9;10;11;12;13;14;15;16;17;18;19;20;21;22;23;24;25;26;27;28;29;30;31;32;33;34;35;36;37;38;39;40;41;42;43;44;45;46;47;48;49;50;51;52;53;54;55;56;57;58;59;60;61
True,206,108,0.6197084572348568,0.0,8.087675761618911,314.0,376.0,124.0,48.0,58.73691896624173,56,4,14,4,0.06666666666666667,0.3,334.0,0.14955792575052143,0.17585903882108303,0.024214598088679373,0.09680788679600655,21,4,124,44,39,168,3,3,0,0.7659648859265082,0.2570239140832174,6,60,165,41,0,124,0.7659648859265082,nenhuma,58.73691896624173,0.0,64,0,terminal,0.9666666666666667,01,78,adaptativa,j6043_1.sm,2,GOV,0,1.9074074074074074,0.35,25,0.16,0.0625,0.8630013937545971,60,18,60,60,2;3;4;5;6;7;8;9;10;11;12;13;14;15;16;17;18;19;20;21;22;23;24;25;26;27;28;29;30;31;32;33;34;35;36;37;38;39;40;41;42;43;44;45;46;47;48;49;50;51;52;53;54;55;56;57;58;59;60;61,2;3;4;5;6;7;8;9;10;11;12;13;14;15;16;17;18;19;20;21;22;23;24;25;26;27;28;29;30;31;32;33;34;35;36;37;38;39;40;41;42;43;44;45;46;47;48;49;50;51;52;53;54;55;56;57;58;59;60;61
True,165,108,0.5250203020250666,0.0,10.0,306.0,380.0,210.0,91.0,42.78153479835774,56,4,8,3,0.06666666666666667,0.2,334.0,0.11354466938315634,0.12808842753999322,0.029940119760479042,0.05910835347613073,21,3,210,88,39,298,4,16,32,0.794910294566222,0.24332019624229825,4,60,262,52,32,210,0.794910294566222,nenhuma,42.78153479835774,0.0,46,0,terminal,0.9,01,78,adaptativa,j6043_1.sm,3,GOV,0,1.5277777777777777,0.35,24,0.125,0.047619047619047616,0.8395441670220786,60,12,60,60,2;3;4;5;6;7;8;9;10;11;12;13;14;15;16;17;18;19;20;21;22;23;24;25;26;27;28;29;30;31;32;33;34;35;36;37;38;39;40;41;42;43;44;45;46;47;48;49;50;51;52;53;54;55;56;57;58;59;60;61,2;3;4;5;6;7;8;9;10;11;12;13;14;15;16;17;18;19;20;21;22;23;24;25;26;27;28;29;30;31;32;33;34;35;36;37;38;39;40;41;42;43;44;45;46;47;48;49;50;51;52;53;54;55;56;57;58;59;60;61
True,134,85,0.6889710407379988,2.220446049250313e-16,4.444549294843161,310.0,380.0,91.0,53.0,27.5471297501255,56,4,5,11,0.06666666666666667,0.15,323.0,0.07858324148813156,0.08528523142453714,0.013760214535118146,0.04994519645602277,24,11,91,42,36,133,9,3,0,0.6268507180531939,0.4857196752206667,16,60,124,33,0,91,0.6268507180531939,nenhuma,27.5471297501255,0.0,32,0,terminal,0.9583333333333334,01,79,adaptativa,j6010_1.sm,0,GOV,0,1.576470588235294,0.4,35,0.3142857142857143,0.15492957746478872,0.7499109693492956,60,9,60,60,2;3;4;5;6;7;8;9;10;11;12;13;14;15;16;17;18;19;20;21;22;23;24;25;26;27;28;29;30;31;32;33;34;35;36;37;38;39;40;41;42;43;44;45;46;47;48;49;50;51;52;53;54;55;56;57;58;59;60;61,2;3;4;5;6;7;8;9;10;11;12;13;14;15;16;17;18;19;20;21;22;23;24;25;26;27;28;29;30;31;32;33;34;35;36;37;38;39;40;41;42;43;44;45;46;47;48;49;50;51;52;53;54;55;56;57;58;59;60;61
True,123,85,0.6516245487364621,0.0,3.0,313.0,361.0,110.0,43.0,40.0,57,3,11,1,0.05,0.23333333333333334,323.0,0.11019283746556474,0.1238390092879257,0.009287925696594427,0.07220216606498195,13,1,110,42,47,152,20,1,0,0.6586427040007742,0.39362113220747674,14,60,132,22,0,110,0.6586427040007742,nenhuma,40.0,0.0,42,0,terminal,0.9666666666666667,01,79,adaptativa,j6010_1.sm,1,GOV,0,1.4470588235294117,0.21666666666666667,14,0.07142857142857142,0.01639344262295082,0.9019756680888364,60,14,60,60,2;3;4;5;6;7;8;9;10;11;12;13;14;15;16;17;18;19;20;21;22;23;24;25;26;27;28;29;30;31;32;33;34;35;36;37;38;39;40;41;42;43;44;45;46;47;48;49;50;51;52;53;54;55;56;57;58;59;60;61,2;3;4;5;6;7;8;9;10;11;12;13;14;15;16;17;18;19;20;21;22;23;24;25;26;27;28;29;30;31;32;33;34;35;36;37;38;39;40;41;42;43;44;45;46;47;48;49;50;51;52;53;54;55;56;57;58;59;60;61
True,140,85,0.6859476699807652,0.0,4.850983627492545,304.0,408.0,64.0,55.0,67.79755942817154,56,4,15,15,0.06666666666666667,0.31666666666666665,323.0,0.17348511471610842,0.20989956479310073,0.01501852516251562,0.11398425960817825,28,15,64,40,32,104,8,15,0,0.7659648859265082,0.2570239140832174,4,60,96,32,0,64,0.7659648859265082,nenhuma,67.79755942817154,0.0,77,0,terminal,0.9616666666666666,01,79,adaptativa,j6010_1.sm,2,GOV,0,1.6470588235294117,0.4666666666666667,43,0.3488372093023256,0.2,0.5704234361248477,60,19,60,60,2;3;4;5;6;7;8;9;10;11;12;13;14;15;16;17;18;19;20;21;22;23;24;25;26;27;28;29;30;31;32;33;34;35;36;37;38;39;40;41;42;43;44;45;46;47;48;49;50;51;52;53;54;55;56;57;58;59;60;61,2;3;4;5;6;7;8;9;10;11;12;13;14;15;16;17;18;19;20;21;22;23;24;25;26;27;28;29;30;31;32;33;34;35;36;37;38;39;40;41;42;43;44;45;46;47;48;49;50;51;52;53;54;55;56;57;58;59;60;61
True,130,85,0.6163180934761017,0.0,5.0,295.0,368.0,135.0,53.0,41.09426657335282,57,3,7,5,0.05,0.16666666666666666,323.0,0.11286710708220861,0.12722683149644837,0.015479876160990712,0.06882375007415081,19,5,135,48,41,183,6,5,0,0.794910294566222,0.24332019624229825,3,60,177,42,0,135,0.794910294566222,nenhuma,41.09426657335282,0.0,44,0,terminal,0.9983333333333334,01,79,adaptativa,j6010_1.sm,3,GOV,0,1.5294117647058822,0.31666666666666665,24,0.20833333333333334,0.07692307692307693,0.8124544644049992,60,10,60,60,2;3;4;5;6;7;8;9;10;11;12;13;14;15;16;17;18;19;20;21;22;23;24;25;26;27;28;29;30;31;32;33;34;35;36;37;38;39;40;41;42;43;44;45;46;47;48;49;50;51;52;53;54;55;56;57;58;59;60;61,2;3;4;5;6;7;8;9;10;11;12;13;14;15;16;17;18;19;20;21;22;23;24;25;26;27;28;29;30;31;32;33;34;35;36;37;38;39;40;41;42;43;44;45;46;47;48;49;50;51;52;53;54;55;56;57;58;59;60;61
True,212,76,0.7388043140891871,0.0,7.973730428498227,312.0,403.0,60.0,26.0,56.475970178688726,57,3,10,12,0.05,0.21666666666666667,332.0,0.14537828466638816,0.17010834391171303,0.02401726032680189,0.10353521193644544,29,12,60,14,31,74,7,0,0,0.6268507180531939,0.4857196752206667,18,60,67,7,0,60,0.6268507180531939,nenhuma,56.475970178688726,0.0,62,0,terminal,0.9892333001205181,01,79,adaptativa,j6021_1.sm,0,GOV,0,2.789473684210526,0.48333333333333334,41,0.2926829268292683,0.16666666666666666,0.7651742997088216,60,13,60,60,2;3;4;5;6;7;8;9;10;11;12;13;14;15;16;17;18;19;20;21;22;23;24;25;26;27;28;29;30;31;32;33;34;35;36;37;38;39;40;41;42;43;44;45;46;47;48;49;50;51;52;53;54;55;56;57;58;59;60;61,2;3;4;5;6;7;8;9;10;11;12;13;14;15;16;17;18;19;20;21;22;23;24;25;26;27;28;29;30;31;32;33;34;35;36;37;38;39;40;41;42;43;44;45;46;47;48;49;50;51;52;53;54;55;56;57;58;59;60;61
True,216,76,0.7351490858033846,0.0,8.5,308.0,395.0,46.0,26.0,70.30598000858102,57,3,12,10,0.05,0.25,332.0,0.17475748187258222,0.21176500002584644,0.025602409638554216,0.13084905551853004,20,10,46,16,40,62,9,0,0,0.6586427040007742,0.39362113220747674,17,60,53,7,0,46,0.6586427040007742,nenhuma,70.305980008581,0.0,77,0,terminal,0.9666666666666667,01,79,adaptativa,j6021_1.sm,1,GOV,0,2.8421052631578947,0.3333333333333333,30,0.3333333333333333,0.14285714285714285,0.8154911929347662,60,15,60,60,2;3;4;5;6;7;8;9;10;11;12;13;14;15;16;17;18;19;20;21;22;23;24;25;26;27;28;29;30;31;32;33;34;35;36;37;38;39;40;41;42;43;44;45;46;47;48;49;50;51;52;53;54;55;56;57;58;59;60;61,2;3;4;5;6;7;8;9;10;11;12;13;14;15;16;17;18;19;20;21;22;23;24;25;26;27;28;29;30;31;32;33;34;35;36;37;38;39;40;41;42;43;44;45;46;47;48;49;50;51;52;53;54;55;56;57;58;59;60;61
True,211,76,0.7116987289239349,0.0,7.626363322781177,316.0,404.0,54.0,27.0,82.65592459443441,57,3,15,7,0.05,0.3,332.0,0.1993361717314863,0.2489636282964892,0.022970973863798726,0.14560919918785045,24,7,54,20,36,74,4,0,0,0.7659648859265082,0.2570239140832174,6,60,70,16,0,54,0.7659648859265082,nenhuma,82.65592459443441,0.0,90,0,terminal,0.9666666666666667,01,79,adaptativa,j6021_1.sm,2,GOV,0,2.776315789473684,0.4,31,0.22580645161290322,0.1044776119402985,0.765137123733771,60,18,60,60,2;3;4;5;6;7;8;9;10;11;12;13;14;15;16;17;18;19;20;21;22;23;24;25;26;27;28;29;30;31;32;33;34;35;36;37;38;39;40;41;42;43;44;45;46;47;48;49;50;51;52;53;54;55;56;57;58;59;60;61,2;3;4;5;6;7;8;9;10;11;12;13;14;15;16;17;18;19;20;21;22;23;24;25;26;27;28;29;30;31;32;33;34;35;36;37;38;39;40;41;42;43;44;45;46;47;48;49;50;51;52;53;54;55;56;57;58;59;60;61
True,192,76,0.6916058163358038,0.0,9.356175513030859,321.0,439.0,95.0,50.0,50.75463859726563,58,2,12,16,0.03333333333333333,0.23333333333333334,332.0,0.13260358851109746,0.15287541746164346,0.02818125154527367,0.07995946072868017,30,16,95,34,30,129,0,0,2,0.794910294566222,0.24332019624229825,2,60,127,32,2,95,0.794910294566222,nenhuma,50.75463859726563,0.0,58,0,terminal,0.8983333333333333,01,79,adaptativa,j6021_1.sm,3,GOV,0,2.526315789473684,0.5,46,0.34782608695652173,0.21052631578947367,0.7029666282382602,60,14,60,60,2;3;4;5;6;7;8;9;10;11;12;13;14;15;16;17;18;19;20;21;22;23;24;25;26;27;28;29;30;31;32;33;34;35;36;37;38;39;40;41;42;43;44;45;46;47;48;49;50;51;52;53;54;55;56;57;58;59;60;61,2;3;4;5;6;7;8;9;10;11;12;13;14;15;16;17;18;19;20;21;22;23;24;25;26;27;28;29;30;31;32;33;34;35;36;37;38;39;40;41;42;43;44;45;46;47;48;49;50;51;52;53;54;55;56;57;58;59;60;61
True,124,69,0.6691789548031858,0.0,6.422639005209861,311.0,446.0,97.0,62.0,61.4883837107136,56,4,12,10,0.06666666666666667,0.26666666666666666,337.0,0.15430408068143756,0.1824581119012273,0.01905827597985122,0.09225724740823445,23,10,97,52,37,149,8,20,0,0.6268507180531939,0.4857196752206667,14,60,141,44,0,97,0.6268507180531939,nenhuma,61.4883837107136,0.0,66,0,terminal,0.9699999999999999,01,79,adaptativa,j6032_1.sm,0,GOV,0,1.7971014492753623,0.38333333333333336,33,0.30303030303030304,0.14285714285714285,0.5983632077983745,60,16,60,60,2;3;4;5;6;7;8;9;10;11;12;13;14;15;16;17;18;19;20;21;22;23;24;25;26;27;28;29;30;31;32;33;34;35;36;37;38;39;40;41;42;43;44;45;46;47;48;49;50;51;52;53;54;55;56;57;58;59;60;61,2;3;4;5;6;7;8;9;10;11;12;13;14;15;16;17;18;19;20;21;22;23;24;25;26;27;28;29;30;31;32;33;34;35;36;37;38;39;40;41;42;43;44;45;46;47;48;49;50;51;52;53;54;55;56;57;58;59;60;61
True,126,69,0.6704377686337272,0.0,8.506578397941876,303.0,443.0,75.0,64.0,78.76229700301872,55,5,18,13,0.08333333333333333,0.38333333333333336,337.0,0.189440691401719,0.23371601484575286,0.025242072397453637,0.11919913917645772,19,13,75,51,41,126,11,15,0,0.6586427040007742,0.39362113220747674,13,60,115,40,0,75,0.6586427040007742,nenhuma,78.76229700301872,0.0,87,0,terminal,0.9383333333333334,01,79,adaptativa,j6032_1.sm,1,GOV,0,1.826086956521739,0.31666666666666665,32,0.40625,0.1780821917808219,0.6158655824040312,60,23,60,60,2;3;4;5;6;7;8;9;10;11;12;13;14;15;16;17;18;19;20;21;22;23;24;25;26;27;28;29;30;31;32;33;34;35;36;37;38;39;40;41;42;43;44;45;46;47;48;49;50;51;52;53;54;55;56;57;58;59;60;61,2;3;4;5;6;7;8;9;10;11;12;13;14;15;16;17;18;19;20;21;22;23;24;25;26;27;28;29;30;31;32;33;34;35;36;37;38;39;40;41;42;43;44;45;46;47;48;49;50;51;52;53;54;55;56;57;58;59;60;61
True,131,69,0.6935290746089589,0.0,10.944269223087453,309.0,451.0,59.0,78.0,62.29717788586288,54,6,9,15,0.1,0.25,337.0,0.1560170753414897,0.1848580946168038,0.03247557632963636,0.09579801359186736,34,15,59,63,26,122,0,33,0,0.7659648859265082,0.2570239140832174,2,60,122,63,0,59,0.7659648859265082,nenhuma,62.29717788586288,0.0,70,0,terminal,0.8333333333333331,01,79,adaptativa,j6032_1.sm,2,GOV,0,1.8985507246376812,0.5666666666666667,49,0.30612244897959184,0.2,0.5269717518255621,60,15,60,60,2;3;4;5;6;7;8;9;10;11;12;13;14;15;16;17;18;19;20;21;22;23;24;25;26;27;28;29;30;31;32;33;34;35;36;37;38;39;40;41;42;43;44;45;46;47;48;49;50;51;52;53;54;55;56;57;58;59;60;61,2;3;4;5;6;7;8;9;10;11;12;13;14;15;16;17;18;19;20;21;22;23;24;25;26;27;28;29;30;31;32;33;34;35;36;37;38;39;40;41;42;43;44;45;46;47;48;49;50;51;52;53;54;55;56;57;58;59;60;61
True,166,69,0.6237135090260402,0.0,10.125465001013225,303.0,477.0,115.0,72.0,100.77420016901569,55,5,16,16,0.08333333333333333,0.35,337.0,0.23019675469707632,0.2990332349228952,0.030045890210721737,0.13176987422790218,35,16,115,56,25,171,0,17,1,0.794910294566222,0.24332019624229825,0,60,170,55,1,115,0.794910294566222,nenhuma,100.77420016901569,0.0,111,0,terminal,0.8416666666666667,01,79,adaptativa,j6032_1.sm,3,GOV,0,2.4057971014492754,0.5833333333333334,51,0.3137254901960784,0.21052631578947367,0.5387224501837945,60,21,60,60,2;3;4;5;6;7;8;9;10;11;12;13;14;15;16;17;18;19;20;21;22;23;24;25;26;27;28;29;30;31;32;33;34;35;36;37;38;39;40;41;42;43;44;45;46;47;48;49;50;51;52;53;54;55;56;57;58;59;60;61,2;3;4;5;6;7;8;9;10;11;12;13;14;15;16;17;18;19;20;21;22;23;24;25;26;27;28;29;30;31;32;33;34;35;36;37;38;39;40;41;42;43;44;45;46;47;48;49;50;51;52;53;54;55;56;57;58;59;60;61
True,172,108,0.5435712478336733,0.0,5.0,305.0,395.0,203.0,64.0,64.67566868964634,56,4,13,5,0.06666666666666667,0.2833333333333333,334.0,0.16222627506268475,0.1936397266157076,0.014970059880239521,0.08900211122559061,19,5,203,59,41,262,24,0,0,0.6268507180531939,0.4857196752206667,21,60,238,35,0,203,0.6268507180531939,nenhuma,64.67566868964634,0.0,70,0,terminal,0.9916666666666667,01,79,adaptativa,j6043_1.sm,0,GOV,0,1.5925925925925926,0.31666666666666665,24,0.20833333333333334,0.07692307692307693,0.8224644387186872,60,17,60,60,2;3;4;5;6;7;8;9;10;11;12;13;14;15;16;17;18;19;20;21;22;23;24;25;26;27;28;29;30;31;32;33;34;35;36;37;38;39;40;41;42;43;44;45;46;47;48;49;50;51;52;53;54;55;56;57;58;59;60;61,2;3;4;5;6;7;8;9;10;11;12;13;14;15;16;17;18;19;20;21;22;23;24;25;26;27;28;29;30;31;32;33;34;35;36;37;38;39;40;41;42;43;44;45;46;47;48;49;50;51;52;53;54;55;56;57;58;59;60;61
True,165,108,0.5568685376661743,0.0,9.0,286.0,377.0,183.0,53.0,64.0,54,6,11,2,0.1,0.2833333333333333,334.0,0.16080402010050251,0.19161676646706588,0.02694610778443114,0.09453471196454949,22,2,183,51,38,234,20,0,0,0.6586427040007742,0.39362113220747674,20,60,214,31,0,183,0.6586427040007742,nenhuma,64.0,0.0,68,0,terminal,0.9983333333333334,01,79,adaptativa,j6043_1.sm,1,GOV,0,1.5277777777777777,0.36666666666666664,24,0.08333333333333333,0.03225806451612903,0.8510836158823942,60,17,60,60,2;3;4;5;6;7;8;9;10;11;12;13;14;15;16;17;18;19;20;21;22;23;24;25;26;27;28;29;30;31;32;33;34;35;36;37;38;39;40;41;42;43;44;45;46;47;48;49;50;51;52;53;54;55;56;57;58;59;60;61,2;3;4;5;6;7;8;9;10;11;12;13;14;15;16;17;18;19;20;21;22;23;24;25;26;27;28;29;30;31;32;33;34;35;36;37;38;39;40;41;42;43;44;45;46;47;48;49;50;51;52;53;54;55;56;57;58;59;60;61
True,155,108,0.6535153564099733,0.0,7.5,301.0,380.0,113.0,43.0,45.47065141283784,55,5,8,5,0.08333333333333333,0.21666666666666667,334.0,0.11982653004532073,0.13613967488873605,0.02245508982035928,0.07819939201119572,18,5,113,38,42,151,2,2,0,0.7659648859265082,0.2570239140832174,6,60,149,36,0,113,0.7659648859265082,nenhuma,45.47065141283784,0.0,49,0,terminal,0.9576430560186564,01,79,adaptativa,j6043_1.sm,2,GOV,0,1.4351851851851851,0.3,23,0.21739130434782608,0.07692307692307693,0.7901819146682301,60,13,60,60,2;3;4;5;6;7;8;9;10;11;12;13;14;15;16;17;18;19;20;21;22;23;24;25;26;27;28;29;30;31;32;33;34;35;36;37;38;39;40;41;42;43;44;45;46;47;48;49;50;51;52;53;54;55;56;57;58;59;60;61,2;3;4;5;6;7;8;9;10;11;12;13;14;15;16;17;18;19;20;21;22;23;24;25;26;27;28;29;30;31;32;33;34;35;36;37;38;39;40;41;42;43;44;45;46;47;48;49;50;51;52;53;54;55;56;57;58;59;60;61
True,167,108,0.5553330872169054,0.0,4.0,322.0,381.0,179.0,79.0,47.07473383120544,57,3,12,6,0.05,0.25,334.0,0.12353150091566262,0.14094231685989653,0.011976047904191617,0.06861458600629244,20,6,179,73,40,252,4,4,27,0.794910294566222,0.24332019624229825,4,60,221,42,27,179,0.794910294566222,nenhuma,47.07473383120544,0.0,52,0,terminal,0.8966666666666666,01,79,adaptativa,j6043_1.sm,3,GOV,0,1.5462962962962963,0.3333333333333333,26,0.23076923076923078,0.09090909090909091,0.8352842722558231,60,15,60,60,2;3;4;5;6;7;8;9;10;11;12;13;14;15;16;17;18;19;20;21;22;23;24;25;26;27;28;29;30;31;32;33;34;35;36;37;38;39;40;41;42;43;44;45;46;47;48;49;50;51;52;53;54;55;56;57;58;59;60;61,2;3;4;5;6;7;8;9;10;11;12;13;14;15;16;17;18;19;20;21;22;23;24;25;26;27;28;29;30;31;32;33;34;35;36;37;38;39;40;41;42;43;44;45;46;47;48;49;50;51;52;53;54;55;56;57;58;59;60;61
