concluiu,makespan,makespan_cpm,E_total,S_UR_final,S_UR_maximo,S_PV_final,TW,TL,TU,TR,n_limpas,n_com_erro,n_reportadas,n_adiamentos,taxa_omissao,taxa_falha_efetiva,E_plano,retrabalho_sobre_esforco_total,retrabalho_sobre_plano,divida_latente_sobre_plano,retrabalho_sobre_esforco_realizado,p1_omissao,p1_fuga,p2_ajuda,p2_bloqueio,p3_analitica,hiato_encontrado,hiato_sem_colega_capaz,hiato_sem_colega_livre,hiato_colega_capaz_sem_confianca,competencia_maxima_inicial,competencia_minima_inicial,tarefas_acima_da_competencia_maxima_inicial,n_tarefas,N_req,N_fail,N_blocked,N_success,competencia_maxima_final,ablacoes,retrabalho_gerado,retrabalho_pendente,ocupacao_retrabalho,extensoes_horizonte,motivo_termino,confianca_media_final,arquivo,semente,cenario,variante,violacoes,atraso_relativo,fracao_porta1,fracao_fuga
True,195,85,0.6213809220334501,4.440892098500626e-16,23.978926114947527,265.0,426.0,83.0,127.0,49.569808944130536,49,11,4,17,0.18333333333333332,0.25,323.0,0.13304837846258197,0.1534669007558221,0.07423816134658677,0.07230453893597603,21,17,83,110,39,193,25,4,41,0.6268507180531939,0.4857196752206667,16,60,127,44,41,83,0.6268507180531939,nenhuma,49.56980894413053,0.0,56,0,terminal,0.7798605580304305,j6010_1.sm,0,centralizada,GF,0,2.2941176470588234,0.35,0.22077922077922077
True,134,85,0.6216110384117893,0.0,4.651393097856316,295.0,373.0,121.0,65.0,41.053694273209324,56,4,8,9,0.06666666666666667,0.2,323.0,0.11276823973773492,0.12710122066009077,0.014400597826180543,0.06841670114694309,16,9,121,56,44,177,28,5,2,0.6268507180531939,0.4857196752206667,16,60,147,26,2,121,0.6268507180531939,nenhuma,41.053694273209324,0.0,46,0,terminal,0.9983333333333334,j6010_1.sm,0,adaptativa,GF,0,1.576470588235294,0.26666666666666666,0.13043478260869565
True,205,85,0.7819404501537294,8.881784197001252e-16,20.526493115295775,222.0,484.0,14.0,64.0,56.97296642582644,42,18,0,9,0.3,0.3,323.0,0.14993952586084303,0.176386892959215,0.06354951428884141,0.09204435333389265,29,9,14,55,31,69,14,3,19,0.6586427040007742,0.39362113220747674,14,60,36,22,19,14,0.6586427040007742,nenhuma,56.972966425826435,0.0,64,0,terminal,0.3321562596660888,j6010_1.sm,1,centralizada,GF,0,2.411764705882353,0.48333333333333334,0.13043478260869565
True,121,85,0.6617915904936015,0.0,4.5,296.0,362.0,104.0,50.0,31.0,54,6,7,2,0.1,0.21666666666666667,323.0,0.08757062146892655,0.09597523219814241,0.01393188854489164,0.056672760511883,16,2,104,48,44,152,9,8,0,0.6586427040007742,0.39362113220747674,14,60,143,39,0,104,0.6586427040007742,nenhuma,31.0,0.0,34,0,terminal,0.965,j6010_1.sm,1,adaptativa,GF,0,1.423529411764706,0.26666666666666666,0.03225806451612903
True,183,85,0.8134705555284257,6.661338147750939e-16,9.785730142990927,291.0,492.0,23.0,65.0,24.815990764901976,50,10,2,8,0.16666666666666666,0.2,323.0,0.07134804443673712,0.07682969277059436,0.030296378151674696,0.04103064592177458,27,8,23,57,33,80,8,16,22,0.7659648859265082,0.2570239140832174,4,60,50,27,22,23,0.7659648859265082,nenhuma,24.815990764901972,0.0,30,0,terminal,0.4869008204404825,j6010_1.sm,2,centralizada,GF,0,2.152941176470588,0.45,0.11764705882352941
True,135,85,0.6869334209273927,0.0,6.5,292.0,400.0,58.0,44.0,80.29806239443265,55,5,16,6,0.08333333333333333,0.35,323.0,0.199103516435692,0.24860081236666454,0.020123839009287926,0.1378985567361221,30,6,58,38,30,96,8,5,0,0.7659648859265082,0.2570239140832174,4,60,88,30,0,58,0.7659648859265082,nenhuma,80.29806239443265,0.0,88,0,terminal,0.9199999999999999,j6010_1.sm,2,adaptativa,GF,0,1.588235294117647,0.5,0.09090909090909091
True,222,85,0.6236105232350917,0.0,25.19867554750138,241.0,437.0,87.0,105.0,71.7578989093769,43,17,2,9,0.2833333333333333,0.31666666666666665,323.0,0.18177698054333322,0.222160677738009,0.07801447537926125,0.10240041392477654,25,9,87,96,35,183,3,11,31,0.794910294566222,0.24332019624229823,3,60,149,62,31,87,0.794910294566222,nenhuma,71.75789890937692,0.0,78,0,terminal,0.737941023672275,j6010_1.sm,3,centralizada,GF,0,2.611764705882353,0.4166666666666667,0.13043478260869565
True,148,85,0.6288022022697682,0.0,9.780704079097369,283.0,410.0,93.0,65.0,84.03333976890579,52,8,13,12,0.13333333333333333,0.35,323.0,0.2064532104829937,0.2601651386034235,0.030280817582344795,0.1288789002701748,27,12,93,53,33,146,9,18,1,0.794910294566222,0.24332019624229823,3,60,136,43,1,93,0.794910294566222,nenhuma,84.03333976890579,0.0,94,0,terminal,0.9495941862793648,j6010_1.sm,3,adaptativa,GF,0,1.7411764705882353,0.45,0.16666666666666666
True,234,85,0.6139697330743482,5.329070518200751e-15,39.04917081396261,190.0,435.0,82.0,92.0,99.50398084252802,42,18,2,5,0.3,0.3333333333333333,323.0,0.2355101616891375,0.3080618601935852,0.12089526567790282,0.14044237369591261,26,5,82,87,34,169,8,5,23,0.7496468789669437,0.35303232464984247,6,60,138,56,23,82,0.7496468789669437,nenhuma,99.50398084252804,0.0,107,0,terminal,0.7595933185352436,j6010_1.sm,4,centralizada,GF,0,2.7529411764705882,0.43333333333333335,0.07692307692307693
True,154,85,0.6086618075715848,4.440892098500626e-16,9.757302182596908,286.0,401.0,149.0,61.0,47.82234602478862,54,6,7,4,0.1,0.21666666666666667,323.0,0.1289629563521283,0.14805679883835487,0.030208365890392903,0.07258761988469237,23,4,149,57,37,206,8,4,1,0.7496468789669437,0.35303232464984247,6,60,197,48,1,149,0.7496468789669437,nenhuma,47.82234602478863,0.0,52,0,terminal,0.9216666666666665,j6010_1.sm,4,adaptativa,GF,0,1.811764705882353,0.38333333333333336,0.0625
True,161,85,0.6897931260916184,2.4424906541753444e-15,24.0,207.0,459.0,19.0,110.0,77.41689477351436,42,18,4,23,0.3,0.36666666666666664,323.0,0.19334073008408714,0.23968078877249027,0.07430340557275542,0.1163434463140051,32,23,19,87,28,106,11,3,41,0.6863255838987572,0.3910769205246226,9,60,54,35,41,19,0.6863255838987572,nenhuma,77.41689477351434,0.0,87,0,terminal,0.3964593591259849,j6010_1.sm,5,centralizada,GF,0,1.8941176470588235,0.5333333333333333,0.27710843373493976
True,135,85,0.6392119838574153,0.0,7.167682539300583,296.0,388.0,90.0,68.0,60.99738083532004,57,3,11,6,0.05,0.23333333333333334,323.0,0.15884842938936397,0.18884638029510847,0.022190967613933694,0.10049035261301857,20,6,90,62,40,152,8,14,5,0.6863255838987572,0.3910769205246226,9,60,139,49,5,90,0.6863255838987572,nenhuma,60.99738083532003,0.0,66,0,terminal,0.965,j6010_1.sm,5,adaptativa,GF,0,1.588235294117647,0.3333333333333333,0.09090909090909091
True,204,85,0.7275032019821344,1.7763568394002505e-15,36.31607099314683,215.0,494.0,23.0,81.0,81.03481201740661,42,18,3,5,0.3,0.35,323.0,0.2005639355994787,0.25088177095172326,0.11243365632553198,0.11933822917952157,25,5,23,76,35,99,3,20,24,0.7631789564580391,0.24360497938515846,4,60,72,49,24,23,0.7631789564580391,nenhuma,81.03481201740661,0.0,87,0,terminal,0.4835372936539792,j6010_1.sm,6,centralizada,GF,0,2.4,0.4166666666666667,0.07692307692307693
True,124,85,0.7436097370946783,0.0,4.0,301.0,391.0,64.0,36.0,34.81344823113436,57,3,10,5,0.05,0.21666666666666667,323.0,0.09729496865821026,0.10778157347100421,0.01238390092879257,0.0662087444667852,15,5,64,31,45,95,6,1,2,0.7631789564580391,0.24360497938515846,4,60,87,23,2,64,0.7631789564580391,nenhuma,34.81344823113436,0.0,39,0,terminal,0.9616666666666666,j6010_1.sm,6,adaptativa,GF,0,1.4588235294117646,0.25,0.07692307692307693
True,201,85,0.7018962880267909,3.552713678800501e-15,24.834896459184495,265.0,454.0,53.0,83.0,56.81920640485161,51,9,5,9,0.15,0.23333333333333334,323.0,0.1495954007767782,0.17591085574257465,0.07688822433184055,0.08784403097839957,29,9,53,74,31,127,1,1,45,0.5858494645010164,0.43100241340042456,20,60,81,28,45,53,0.5858494645010164,nenhuma,56.81920640485161,0.0,62,0,terminal,0.6197673393993864,j6010_1.sm,7,centralizada,GF,0,2.364705882352941,0.48333333333333334,0.13043478260869565
True,124,85,0.5940737063821876,0.0,4.085381370331483,308.0,367.0,162.0,68.0,20.768462157617527,56,4,5,11,0.06666666666666667,0.15,323.0,0.06041409973232276,0.06429864445082825,0.012648239536629977,0.033618521225705855,30,11,162,57,30,219,16,0,1,0.5858494645010164,0.43100241340042456,20,60,202,40,1,162,0.5858494645010164,nenhuma,20.768462157617527,0.0,25,0,terminal,0.9919092931464618,j6010_1.sm,7,adaptativa,GF,0,1.4588235294117646,0.5,0.15492957746478872
True,231,85,0.49805345645911264,0.0,34.20405612858952,223.0,394.0,156.0,170.0,71.07974232550112,45,15,3,21,0.25,0.3,323.0,0.18036893220152084,0.22006112175077744,0.10589491061482824,0.08985155164832212,47,21,156,149,13,305,16,6,24,0.5273323364698471,0.27249021043639565,27,60,265,109,24,156,0.5273323364698471,nenhuma,71.07974232550112,0.0,77,0,terminal,0.8886628124600094,j6010_1.sm,8,centralizada,GF,0,2.7176470588235295,0.7833333333333333,0.25925925925925924
True,174,85,0.48667274900930235,0.0,5.0,300.0,403.0,213.0,121.0,91.0718425684792,56,4,19,21,0.06666666666666667,0.38333333333333336,323.0,0.21994212889135956,0.28195616894266007,0.015479876160990712,0.10998060540978703,46,21,213,100,14,313,16,4,4,0.5273323364698471,0.27249021043639565,27,60,293,80,4,213,0.5273323364698471,nenhuma,91.0718425684792,0.0,99,0,terminal,0.9116666666666666,j6010_1.sm,8,adaptativa,GF,0,2.0470588235294116,0.7666666666666667,0.25925925925925924
True,260,85,0.6300873443234568,2.6645352591003757e-15,26.331369916907136,226.0,445.0,77.0,105.0,79.2512904108707,43,17,3,10,0.2833333333333333,0.3333333333333333,323.0,0.19701935655674643,0.2453600322317978,0.08152126909259175,0.11221401148133157,28,10,77,95,32,172,5,7,32,0.6872143627230507,0.3512385487549321,9,60,135,58,32,77,0.6872143627230507,nenhuma,79.2512904108707,0.0,87,0,terminal,0.7198633244304643,j6010_1.sm,9,centralizada,GF,0,3.0588235294117645,0.4666666666666667,0.14285714285714285
True,143,85,0.6128905686664592,0.0,3.0,317.0,377.0,144.0,63.0,31.11796603476037,59,1,8,6,0.016666666666666666,0.15,323.0,0.08787457576130385,0.09634045212000115,0.009287925696594427,0.050588615116148136,14,6,144,57,46,201,9,4,5,0.6872143627230507,0.3512385487549321,9,60,187,43,5,144,0.6872143627230507,nenhuma,31.11796603476037,0.0,33,0,terminal,0.9603639808103872,j6010_1.sm,9,adaptativa,GF,0,1.6823529411764706,0.23333333333333334,0.09090909090909091
True,152,85,0.6002103558866471,0.0,16.112698794418463,250.0,409.0,122.0,112.0,38.42776276462946,48,12,0,10,0.2,0.2,323.0,0.1063221111479877,0.11897140174807884,0.04988451639138843,0.0563930101830951,33,10,122,102,27,224,22,5,32,0.5820371027673271,0.4175993861121362,20,60,170,48,32,122,0.5820371027673271,nenhuma,38.42776276462946,0.0,43,0,terminal,0.7389510820564743,j6010_1.sm,10,centralizada,GF,0,1.7882352941176471,0.55,0.14285714285714285
True,153,85,0.6202409291226283,0.0,12.139617707342342,281.0,401.0,122.0,55.0,68.52295772747684,53,7,10,5,0.11666666666666667,0.2833333333333333,323.0,0.17501644890814516,0.2121453799612286,0.03758395575028589,0.10598689019232124,26,5,122,50,34,172,18,3,2,0.5820371027673271,0.4175993861121362,20,60,152,30,2,122,0.5820371027673271,nenhuma,68.52295772747682,0.0,75,0,terminal,0.9483333333333333,j6010_1.sm,10,adaptativa,GF,0,1.8,0.43333333333333335,0.07692307692307693
True,263,85,0.7078799401032306,1.7763568394002505e-15,26.60622666647263,220.0,497.0,32.0,82.0,91.09645992726136,43,17,6,9,0.2833333333333333,0.38333333333333336,323.0,0.2199885020588271,0.2820323836757318,0.082372218781649,0.12974920844451937,28,9,32,73,32,105,7,4,18,0.7131697048371954,0.48671389683598903,7,60,80,48,18,32,0.7131697048371954,nenhuma,91.09645992726135,0.0,99,0,terminal,0.49557395241956775,j6010_1.sm,11,centralizada,GF,0,3.0941176470588236,0.4666666666666667,0.13043478260869565
True,126,85,0.7170537773245332,0.0,4.5,301.0,395.0,69.0,38.0,48.865238411854776,56,4,15,4,0.06666666666666667,0.31666666666666665,323.0,0.13140577113511934,0.15128556783855968,0.01393188854489164,0.08870633869135276,30,4,69,34,30,103,7,3,0,0.7131697048371954,0.48671389683598903,7,60,96,27,0,69,0.7131697048371954,nenhuma,48.865238411854776,0.0,56,0,terminal,0.9583333333333334,j6010_1.sm,11,adaptativa,GF,0,1.4823529411764707,0.5,0.0625
True,248,69,0.7401112911509997,0.0,19.502586888101384,282.0,491.0,40.0,71.0,61.41374043410557,49,11,2,14,0.18333333333333332,0.21666666666666667,340.0,0.15299361792570973,0.18062864833560463,0.05736054967088642,0.09257230697983346,37,14,40,57,23,97,16,0,17,0.6268507180531939,0.4857196752206667,24,60,64,24,17,40,0.6268507180531939,nenhuma,61.41374043410557,0.0,66,0,terminal,0.6196013340488938,j6013_1.sm,0,centralizada,GF,0,3.5942028985507246,0.6166666666666667,0.1891891891891892
True,201,69,0.6437716885446698,0.0,10.468569847355322,294.0,412.0,118.0,47.0,62.978438522793574,54,6,8,11,0.1,0.23333333333333334,340.0,0.15628240248697906,0.18523070153762816,0.03078991131575095,0.09840712550904249,34,11,118,36,26,154,14,0,2,0.6268507180531939,0.4857196752206667,24,60,138,20,2,118,0.6268507180531939,nenhuma,62.97843852279357,0.0,68,0,terminal,0.96,j6013_1.sm,0,adaptativa,GF,0,2.9130434782608696,0.5666666666666667,0.15492957746478872
True,285,69,0.6919964951290277,1.7763568394002505e-15,18.36221437703869,228.0,485.0,47.0,79.0,89.8706018222942,41,19,3,13,0.31666666666666665,0.36666666666666664,340.0,0.20906431247291052,0.2643252994773359,0.054006512873643206,0.12822709582714228,33,13,47,66,27,113,13,0,32,0.6586427040007742,0.39362113220747674,21,60,68,21,32,47,0.6586427040007742,nenhuma,89.8706018222942,0.0,98,0,terminal,0.6566758330667811,j6013_1.sm,1,centralizada,GF,0,4.130434782608695,0.55,0.1780821917808219
True,204,69,0.6995747784622868,0.0,1.0,335.0,422.0,81.0,40.0,60.22357665264159,56,4,15,15,0.06666666666666667,0.31666666666666665,340.0,0.15047483498182387,0.17712816662541644,0.0029411764705882353,0.09983624477483007,33,15,81,25,27,106,12,0,0,0.6586427040007742,0.39362113220747674,21,60,94,13,0,81,0.6586427040007742,nenhuma,60.22357665264159,0.0,67,0,terminal,0.965,j6013_1.sm,1,adaptativa,GF,0,2.9565217391304346,0.55,0.2
True,359,69,0.786683925758692,0.0,28.030220244756872,236.0,558.0,14.0,49.0,88.30647205210764,41,19,1,18,0.31666666666666665,0.3333333333333333,340.0,0.20617589930176047,0.2597249178003166,0.08244182424928492,0.12449692133306856,28,18,14,31,32,45,1,0,19,0.7659648859265082,0.2570239140832174,5,60,25,11,19,14,0.7659648859265082,nenhuma,88.30647205210764,0.0,96,0,terminal,0.39048976848495015,j6013_1.sm,2,centralizada,GF,0,5.202898550724638,0.4666666666666667,0.23076923076923078
True,230,69,0.7313410802301346,0.0,8.696781940441882,312.0,470.0,47.0,26.0,99.65499738111647,55,5,16,16,0.08333333333333333,0.35,340.0,0.22666635879207395,0.293102933473872,0.02557877041306436,0.1550676456064616,32,16,47,10,28,57,0,0,0,0.7659648859265082,0.2570239140832174,5,60,57,10,0,47,0.7659648859265082,nenhuma,99.65499738111646,0.0,106,0,terminal,0.9666666666666667,j6013_1.sm,2,adaptativa,GF,0,3.3333333333333335,0.5333333333333333,0.21052631578947367
True,252,69,0.659054998460689,0.0,20.37889282011682,241.0,497.0,66.0,108.0,83.11005327447621,44,16,4,21,0.26666666666666666,0.3333333333333333,340.0,0.19642656238319584,0.24444133316022415,0.05993792005916712,0.11020944875830524,35,21,66,87,25,153,0,0,42,0.794910294566222,0.24332019624229823,1,60,111,45,42,66,0.794910294566222,nenhuma,83.11005327447621,0.0,88,0,terminal,0.653538435524002,j6013_1.sm,3,centralizada,GF,0,3.652173913043478,0.5833333333333334,0.25925925925925924
True,247,69,0.6013060164757079,0.0,11.21168331751285,318.0,445.0,132.0,55.0,108.05579157210622,55,5,16,11,0.08333333333333333,0.35,340.0,0.2411659297896089,0.3178111516826653,0.032975539169155445,0.14601033165697205,34,11,132,44,26,176,0,0,3,0.794910294566222,0.24332019624229823,1,60,173,41,3,132,0.794910294566222,nenhuma,108.05579157210622,0.0,118,0,terminal,0.9616666666666666,j6013_1.sm,3,adaptativa,GF,0,3.579710144927536,0.5666666666666667,0.15492957746478872
True,288,69,0.6824511003096038,1.7763568394002505e-15,21.070885204688484,244.0,491.0,56.0,74.0,98.46546760236859,44,16,3,14,0.26666666666666666,0.31666666666666665,340.0,0.22456835230560057,0.2896043164775547,0.06197319177849554,0.13685919899742582,33,14,56,60,27,116,3,0,30,0.7496468789669437,0.35303232464984247,9,60,83,27,30,56,0.7496468789669437,nenhuma,98.46546760236859,0.0,106,0,terminal,0.6788958663574692,j6013_1.sm,4,centralizada,GF,0,4.173913043478261,0.55,0.1891891891891892
True,207,69,0.6949782210053309,0.0,17.701979201329372,290.0,441.0,91.0,46.0,56.55225886368781,52,8,6,19,0.13333333333333333,0.23333333333333334,340.0,0.14260985179037214,0.16633017312849357,0.052064644709792274,0.08912151532634628,35,19,91,27,25,118,0,0,4,0.7496468789669437,0.35303232464984247,9,60,114,23,4,91,0.7496468789669437,nenhuma,56.55225886368781,0.0,62,0,terminal,0.937276730143218,j6013_1.sm,4,adaptativa,GF,0,3.0,0.5833333333333334,0.24050632911392406
True,245,69,0.7103448184510789,0.0,26.559211632139245,238.0,503.0,36.0,80.0,89.10680522285155,45,15,6,22,0.25,0.35,340.0,0.2076564718580377,0.26207883889073985,0.0781153283298213,0.12583808624012352,35,22,36,58,25,94,11,0,27,0.6863255838987572,0.3910769205246226,14,60,56,20,27,36,0.6863255838987572,nenhuma,89.10680522285156,0.0,95,0,terminal,0.5580340992478555,j6013_1.sm,5,centralizada,GF,0,3.550724637681159,0.5833333333333334,0.2682926829268293
True,231,69,0.6340095507624534,0.0,10.78334171965296,302.0,439.0,107.0,49.0,97.418591284726,54,6,16,15,0.1,0.36666666666666664,340.0,0.2227125074830529,0.2865252684844882,0.03171571094015576,0.14069320568642413,35,15,107,34,25,141,8,0,0,0.6863255838987572,0.3910769205246226,14,60,133,26,0,107,0.6863255838987572,nenhuma,97.418591284726,0.0,105,0,terminal,0.9666666666666667,j6013_1.sm,5,adaptativa,GF,0,3.347826086956522,0.5833333333333334,0.2
True,289,69,0.8411056313306615,0.0,25.563360755986103,238.0,567.0,1.0,15.0,91.11271412246298,45,15,6,8,0.25,0.35,340.0,0.21134313866832807,0.26797857094842054,0.07518635516466501,0.13515946549245908,25,8,1,7,35,8,1,0,6,0.7631789564580391,0.24360497938515846,6,60,1,0,6,1,0.7631789564580391,nenhuma,91.11271412246298,0.0,97,0,terminal,0.25647426955317143,j6013_1.sm,6,centralizada,GF,0,4.188405797101449,0.4166666666666667,0.11764705882352941
True,211,69,0.7684796037430424,0.0,5.0,317.0,444.0,26.0,20.0,87.76419548079627,57,3,16,13,0.05,0.31666666666666665,340.0,0.2051695686735808,0.25812998670822435,0.014705882352941176,0.15190314001330907,31,13,26,7,29,33,4,0,1,0.7631789564580391,0.24360497938515846,6,60,28,2,1,26,0.7631789564580391,nenhuma,87.76419548079629,0.0,96,0,terminal,0.9666666666666667,j6013_1.sm,6,adaptativa,GF,0,3.0579710144927534,0.5166666666666667,0.1780821917808219
True,238,69,0.6374359338701933,0.0,35.46756328234861,250.0,461.0,73.0,93.0,96.20993452791062,43,17,6,13,0.2833333333333333,0.38333333333333336,340.0,0.2205587881258002,0.28297039567032534,0.10431636259514296,0.13303182096179794,54,13,73,80,6,153,10,0,38,0.5858494645010164,0.43100241340042456,29,60,105,32,38,73,0.5858494645010164,nenhuma,96.20993452791063,0.0,107,0,terminal,0.6321543799751578,j6013_1.sm,7,centralizada,GF,0,3.449275362318841,0.9,0.1780821917808219
True,219,69,0.6063987434274496,0.0,14.030377133242023,316.0,408.0,127.0,44.0,93.82461321395155,55,5,14,13,0.08333333333333333,0.31666666666666665,340.0,0.2162731443909098,0.27595474474691634,0.04126581509777066,0.13944884204781052,41,13,127,31,19,158,19,0,0,0.5858494645010164,0.43100241340042456,29,60,139,12,0,127,0.5858494645010164,nenhuma,93.82461321395152,0.0,102,0,terminal,1.0,j6013_1.sm,7,adaptativa,GF,0,3.1739130434782608,0.6833333333333333,0.1780821917808219
True,270,69,0.5927424850940397,2.6645352591003757e-15,29.348509298051596,222.0,461.0,106.0,109.0,101.74077545135225,38,22,4,17,0.36666666666666664,0.43333333333333335,340.0,0.23031782689156957,0.2992375748569184,0.0863191449942694,0.1308157919228399,43,17,106,92,17,198,20,0,23,0.5273323364698471,0.27249021043639565,31,60,155,49,23,106,0.5273323364698471,nenhuma,101.74077545135225,0.0,111,0,terminal,0.8716666666666667,j6013_1.sm,8,centralizada,GF,0,3.9130434782608696,0.7166666666666667,0.22077922077922077
True,232,69,0.5453680767068,0.0,15.934096981732171,289.0,420.0,154.0,73.0,123.12208440245715,52,8,22,25,0.13333333333333333,0.5,340.0,0.2658523282501531,0.3621237776542857,0.04686499112274168,0.1598734627873818,48,25,154,48,12,202,16,0,2,0.5273323364698471,0.27249021043639565,31,60,184,30,2,154,0.5273323364698471,nenhuma,123.12208440245715,0.0,133,0,terminal,0.9633333333333333,j6013_1.sm,8,adaptativa,GF,0,3.36231884057971,0.8,0.29411764705882354
True,378,69,0.6932620910486519,0.0,44.46370160284752,188.0,508.0,30.0,74.0,120.7676019780367,37,23,3,13,0.38333333333333336,0.43333333333333335,340.0,0.26210089741464354,0.35519882934716673,0.13077559294955154,0.1648102367681595,33,13,30,61,27,91,3,0,34,0.6872143627230507,0.3512385487549321,14,60,54,24,34,30,0.6872143627230507,nenhuma,120.7676019780367,0.0,131,0,terminal,0.514337091882535,j6013_1.sm,9,centralizada,GF,0,5.478260869565218,0.55,0.1780821917808219
True,237,69,0.6105844072604555,0.0,11.111747484776814,293.0,431.0,109.0,61.0,104.88111139914746,54,6,18,19,0.1,0.4,340.0,0.23575087526035263,0.308473857056316,0.032681610249343566,0.14858183581546694,37,19,109,42,23,151,5,0,1,0.6872143627230507,0.3512385487549321,14,60,145,36,1,109,0.6872143627230507,nenhuma,104.88111139914746,0.0,113,0,terminal,0.9666666666666667,j6013_1.sm,9,adaptativa,GF,0,3.4347826086956523,0.6166666666666667,0.24050632911392406
True,272,69,0.6211770553789281,0.0,19.44426529172751,236.0,473.0,111.0,92.0,85.45761647854549,43,17,3,16,0.2833333333333333,0.3333333333333333,340.0,0.20086046921868855,0.25134593081925144,0.05718901556390445,0.11222898639290624,41,16,111,76,19,187,23,0,20,0.5820371027673271,0.4175993861121362,29,60,144,33,20,111,0.5820371027673271,nenhuma,85.4576164785455,0.0,93,0,terminal,0.8711880270655721,j6013_1.sm,10,centralizada,GF,0,3.9420289855072466,0.6833333333333333,0.21052631578947367
True,225,69,0.5703618719381558,0.0,7.267343715309458,309.0,420.0,152.0,61.0,103.37460823387663,54,6,18,21,0.1,0.4,340.0,0.23315410110122348,0.3040429653937548,0.021374540339145466,0.14038317872177944,39,21,152,40,21,192,17,0,2,0.5820371027673271,0.4175993861121362,29,60,173,21,2,152,0.5820371027673271,nenhuma,103.37460823387663,0.0,113,0,terminal,0.9966666666666667,j6013_1.sm,10,adaptativa,GF,0,3.260869565217391,0.65,0.25925925925925924
True,297,69,0.765099781303816,0.0,38.262495778188175,203.0,550.0,6.0,37.0,125.8604851810809,38,22,3,16,0.36666666666666664,0.4166666666666667,340.0,0.2701677630635676,0.3701778975914144,0.11253675228878875,0.1750833267033403,35,16,6,21,25,27,1,0,10,0.7131697048371954,0.48671389683598903,13,60,16,10,10,6,0.7131697048371954,nenhuma,125.8604851810809,0.0,134,0,terminal,0.2748239856068932,j6013_1.sm,11,centralizada,GF,0,4.304347826086956,0.5833333333333334,0.21052631578947367
True,208,69,0.7514902721986627,0.0,8.0,305.0,429.0,30.0,28.0,83.86567301112089,51,9,11,17,0.15,0.3333333333333333,340.0,0.19785908213643083,0.24666374415035555,0.023529411764705882,0.1469096443805391,33,17,30,11,27,41,1,0,0,0.7131697048371954,0.48671389683598903,13,60,40,10,0,30,0.7131697048371954,nenhuma,83.86567301112089,0.0,90,0,terminal,0.9856399743982213,j6013_1.sm,11,adaptativa,GF,0,3.0144927536231885,0.55,0.22077922077922077
True,218,64,0.6517886029058112,0.0,48.95792447645926,282.0,542.0,67.0,140.0,82.55795849091189,46,14,3,32,0.23333333333333334,0.2833333333333333,365.0,0.18446316711534536,0.22618618764633394,0.13413129993550482,0.09928106351208009,46,32,67,108,14,175,22,15,22,0.6268507180531939,0.4857196752206667,27,60,131,64,22,67,0.6268507180531939,nenhuma,82.55795849091189,0.0,89,0,terminal,0.6923150690679726,j6016_1.sm,0,centralizada,GF,0,3.40625,0.7666666666666667,0.34782608695652173
True,144,64,0.673781416413072,8.881784197001252e-16,16.223528554483057,328.0,484.0,109.0,57.0,68.33385161705971,54,6,9,18,0.1,0.25,365.0,0.15769331512426318,0.18721603182756083,0.04444802343693988,0.09512826308161815,44,18,109,39,16,148,16,5,1,0.6268507180531939,0.4857196752206667,27,60,131,22,1,109,0.6268507180531939,nenhuma,68.33385161705971,0.0,75,0,terminal,0.98,j6016_1.sm,0,adaptativa,GF,0,2.25,0.7333333333333333,0.23076923076923078
True,269,64,0.7251314945139592,1.7985612998927536e-14,43.12768368774135,258.0,610.0,23.0,93.0,115.22673558520663,43,17,5,15,0.2833333333333333,0.36666666666666664,365.0,0.23994235857108367,0.31568968653481266,0.11815803750066124,0.13697464751289457,44,15,23,78,16,101,9,15,33,0.6586427040007742,0.39362113220747674,18,60,59,36,33,23,0.6586427040007742,nenhuma,115.22673558520664,0.0,127,0,terminal,0.43727519396219444,j6016_1.sm,1,centralizada,GF,0,4.203125,0.7333333333333333,0.2
True,147,64,0.6482628168573464,0.0,8.365945987141547,323.0,504.0,112.0,56.0,105.46245333535421,53,7,14,11,0.11666666666666667,0.35,365.0,0.22416763035535728,0.28893822831603894,0.02292039996477136,0.13564957752353804,37,11,112,45,23,157,18,10,0,0.6586427040007742,0.39362113220747674,18,60,139,27,0,112,0.6586427040007742,nenhuma,105.46245333535421,0.0,115,0,terminal,0.9550000000000001,j6016_1.sm,1,adaptativa,GF,0,2.296875,0.6166666666666667,0.15492957746478872
True,256,64,0.707248130159124,8.881784197001252e-15,31.78257201334024,253.0,583.0,34.0,92.0,115.32172690061496,42,18,4,19,0.3,0.36666666666666664,365.0,0.24009267214446992,0.3159499367140136,0.087075539762576,0.13989892918898986,46,19,34,73,14,107,6,11,27,0.7659648859265082,0.2570239140832174,9,60,74,40,27,34,0.7659648859265082,nenhuma,115.32172690061495,0.0,126,0,terminal,0.5162209247216939,j6016_1.sm,2,centralizada,GF,0,4.0,0.7666666666666667,0.24050632911392406
True,151,64,0.6691326798425865,0.0,14.008845623619747,317.0,496.0,70.0,60.0,115.25807174248922,53,7,19,17,0.11666666666666667,0.43333333333333335,365.0,0.23999195125301243,0.3157755390205184,0.03838039896882123,0.15548980326318732,43,17,70,43,17,113,9,10,0,0.7659648859265082,0.2570239140832174,9,60,104,34,0,70,0.7659648859265082,nenhuma,115.25807174248922,0.0,125,0,terminal,0.9199999999999999,j6016_1.sm,2,adaptativa,GF,0,2.359375,0.7166666666666667,0.22077922077922077
True,262,64,0.6397010796807019,8.215650382226158e-15,43.05276802984335,224.0,584.0,60.0,141.0,127.92639413942476,39,21,4,25,0.35,0.4166666666666667,365.0,0.259524333978433,0.35048327161486237,0.11795278912285849,0.14012782953878258,52,25,60,116,8,176,0,4,61,0.794910294566222,0.24332019624229823,6,60,115,55,61,60,0.794910294566222,nenhuma,127.92639413942474,0.0,140,0,terminal,0.6387187651166424,j6016_1.sm,3,centralizada,GF,0,4.09375,0.8666666666666667,0.29411764705882354
True,144,64,0.661105685201688,0.0,2.0,358.0,502.0,111.0,76.0,70.33396314214339,57,3,13,14,0.05,0.26666666666666666,365.0,0.16156323442923806,0.19269578943052984,0.005479452054794521,0.09262586234270313,46,14,111,62,14,173,9,11,1,0.794910294566222,0.24332019624229823,6,60,163,52,1,111,0.794910294566222,nenhuma,70.33396314214339,0.0,77,0,terminal,0.9199999999999999,j6016_1.sm,3,adaptativa,GF,0,2.25,0.7666666666666667,0.1891891891891892
True,205,64,0.5951472133987865,0.0,36.076259660875856,212.0,551.0,69.0,167.0,138.8213557841107,36,24,5,32,0.4,0.48333333333333334,365.0,0.27553686279943274,0.38033248160030325,0.09883906756404344,0.1499439982852178,44,32,69,135,16,204,16,15,50,0.7496468789669437,0.35303232464984247,9,60,138,69,50,69,0.7496468789669437,nenhuma,138.8213557841107,0.0,150,0,terminal,0.702376307435094,j6016_1.sm,4,centralizada,GF,0,3.203125,0.7333333333333333,0.34782608695652173
True,156,64,0.638275356064479,0.0,22.10730891188711,300.0,518.0,98.0,83.0,112.56196158648375,50,10,12,27,0.16666666666666666,0.36666666666666664,365.0,0.23570127154295856,0.3083889358533801,0.06056796962160852,0.13869792685507554,47,27,98,56,13,154,13,9,1,0.7496468789669437,0.35303232464984247,9,60,140,42,1,98,0.7496468789669437,nenhuma,112.56196158648373,0.0,123,0,terminal,0.9666666666666667,j6016_1.sm,4,adaptativa,GF,0,2.4375,0.7833333333333333,0.3103448275862069
True,184,64,0.6259691360134846,0.0,53.39623159304276,183.0,573.0,52.0,135.0,155.38059471938007,33,27,5,22,0.45,0.5333333333333333,365.0,0.2985902939043499,0.4257002595051509,0.14629104546039112,0.16974425240794372,51,22,52,113,9,165,16,8,39,0.6863255838987572,0.3910769205246226,15,60,110,58,39,52,0.6863255838987572,nenhuma,155.38059471938004,0.0,169,0,terminal,0.6774107514348054,j6016_1.sm,5,centralizada,GF,0,2.875,0.85,0.2682926829268293
True,157,64,0.6024641402516404,1.7763568394002505e-15,24.554415978716047,308.0,495.0,84.0,81.0,161.62566521095468,52,8,24,41,0.13333333333333333,0.5333333333333333,365.0,0.30690806750979555,0.4428100416738484,0.06727237254442753,0.19671447966447936,45,41,84,40,15,124,10,5,1,0.6863255838987572,0.3910769205246226,15,60,113,29,1,84,0.6863255838987572,nenhuma,161.62566521095468,0.0,173,0,terminal,0.9716666666666667,j6016_1.sm,5,adaptativa,GF,0,2.453125,0.75,0.40594059405940597
True,230,64,0.7076222860314385,1.7763568394002505e-15,42.10102934485788,227.0,603.0,27.0,86.0,136.14953217741035,38,22,4,27,0.36666666666666664,0.43333333333333335,365.0,0.27167446727100303,0.3730124169244119,0.11534528587632295,0.15977187927278608,43,27,27,59,17,86,8,6,18,0.7631789564580391,0.24360497938515846,9,60,60,33,18,27,0.7631789564580391,nenhuma,136.14953217741032,0.0,149,0,terminal,0.5402432533396776,j6016_1.sm,6,centralizada,GF,0,3.59375,0.7166666666666667,0.3103448275862069
True,143,64,0.7393974029489713,0.0,8.17846867518214,335.0,498.0,34.0,58.0,83.52143517654325,55,5,16,9,0.08333333333333333,0.35,365.0,0.1862150359517784,0.22882584979874862,0.022406763493649697,0.124007092891781,39,9,34,49,21,83,4,36,0,0.7631789564580391,0.24360497938515846,9,60,79,45,0,34,0.7631789564580391,nenhuma,83.52143517654325,0.0,93,0,terminal,0.8966666666666665,j6016_1.sm,6,adaptativa,GF,0,2.234375,0.65,0.13043478260869565
True,224,64,0.6247677530161938,6.661338147750939e-16,38.346422116882565,231.0,535.0,64.0,138.0,119.31820371198464,39,21,5,19,0.35,0.43333333333333335,365.0,0.24636324382913558,0.3268991882520127,0.10505869073118511,0.13933862808797218,54,19,64,119,6,183,9,15,43,0.5858494645010164,0.43100241340042456,33,60,131,67,43,64,0.5858494645010164,nenhuma,119.31820371198464,0.0,130,0,terminal,0.7398689647375775,j6016_1.sm,7,centralizada,GF,0,3.5,0.9,0.24050632911392406
True,163,64,0.6175655920327884,0.0,11.337531287827137,336.0,486.0,128.0,93.0,79.96094191432351,56,4,12,25,0.06666666666666667,0.26666666666666666,365.0,0.17970328265288477,0.21907107373787263,0.031061729555690785,0.10160725603460619,52,25,128,68,8,196,18,14,1,0.5858494645010164,0.43100241340042456,33,60,177,49,1,128,0.5858494645010164,nenhuma,79.96094191432351,0.0,89,0,terminal,0.9833333333333334,j6016_1.sm,7,adaptativa,GF,0,2.546875,0.8666666666666667,0.29411764705882354
True,295,64,0.555646634770947,0.0,51.14114797958188,198.0,534.0,94.0,167.0,166.04244421480152,32,28,5,37,0.4666666666666667,0.55,365.0,0.31267264231640013,0.45491080606794937,0.1401127341906353,0.17277326845898344,58,37,94,130,2,224,14,13,24,0.5273323364698471,0.27249021043639565,40,60,186,92,24,94,0.5273323364698471,nenhuma,166.0424442148015,0.0,183,0,terminal,0.839778079031248,j6016_1.sm,8,centralizada,GF,0,4.609375,0.9666666666666667,0.38144329896907214
True,184,64,0.5705584795732316,0.0,15.041838065206562,317.0,525.0,146.0,86.0,163.15107792752713,54,6,24,26,0.1,0.5,365.0,0.3089098645178089,0.4469892545959647,0.04121051524714127,0.17730901135821656,59,26,146,60,1,206,20,6,2,0.5273323364698471,0.27249021043639565,40,60,184,38,2,146,0.5273323364698471,nenhuma,163.15107792752713,0.0,175,0,terminal,0.9866666666666667,j6016_1.sm,8,adaptativa,GF,0,2.875,0.9833333333333333,0.3023255813953488
True,265,64,0.6339600792710033,1.3322676295501878e-15,66.88325433684159,256.0,555.0,71.0,129.0,120.44944570989351,42,18,4,17,0.3,0.36666666666666664,365.0,0.24811944224955315,0.3299984813969685,0.18324179270367558,0.1375858381088153,47,17,71,112,13,183,9,4,26,0.6872143627230507,0.3512385487549321,15,60,148,77,26,71,0.6872143627230507,nenhuma,120.44944570989351,0.0,131,0,terminal,0.7659876174978586,j6016_1.sm,9,centralizada,GF,0,4.140625,0.7833333333333333,0.22077922077922077
True,159,64,0.6346424046000922,0.0,18.28630246381524,314.0,515.0,110.0,69.0,117.48060114974095,53,7,16,14,0.11666666666666667,0.38333333333333336,365.0,0.2434929007918395,0.32186466068422176,0.05009945880497326,0.14477314797579796,44,14,110,55,16,165,8,4,0,0.6872143627230507,0.3512385487549321,15,60,157,47,0,110,0.6872143627230507,nenhuma,117.48060114974095,0.0,126,0,terminal,0.9583333333333334,j6016_1.sm,9,adaptativa,GF,0,2.484375,0.7333333333333333,0.1891891891891892
True,257,64,0.611504549097813,3.552713678800501e-15,62.93215985725156,228.0,544.0,100.0,116.0,129.6090810813978,39,21,4,29,0.35,0.4166666666666667,365.0,0.2620434723883851,0.3550933728257474,0.17241687632123714,0.14569217405452584,53,29,100,87,7,187,23,5,22,0.5820371027673271,0.4175993861121362,34,60,142,42,22,100,0.5820371027673271,nenhuma,129.6090810813978,0.0,142,0,terminal,0.8069057391281241,j6016_1.sm,10,centralizada,GF,0,4.015625,0.8833333333333333,0.3258426966292135
True,187,64,0.587770265063567,0.0,9.635893812241196,313.0,528.0,128.0,91.0,151.3101585496114,51,9,24,35,0.15,0.55,365.0,0.2930605877960316,0.41454837958797647,0.026399709074633414,0.16843865908620348,52,35,128,56,8,184,16,1,2,0.5820371027673271,0.4175993861121362,34,60,166,38,2,128,0.5820371027673271,nenhuma,151.31015854961137,0.0,164,0,terminal,0.96,j6016_1.sm,10,adaptativa,GF,0,2.921875,0.8666666666666667,0.3684210526315789
True,210,64,0.6956253292069234,0.0,41.44945958475262,211.0,643.0,25.0,101.0,155.34816991652505,33,27,5,15,0.45,0.5333333333333333,365.0,0.29854658649312865,0.42561142442883576,0.11356016324589759,0.16806239788472135,47,15,25,86,13,111,1,16,29,0.7131697048371954,0.48671389683598903,14,60,81,56,29,25,0.7131697048371954,nenhuma,155.34816991652505,0.0,167,0,terminal,0.405456647767559,j6016_1.sm,11,centralizada,GF,0,3.28125,0.7833333333333333,0.2
True,149,64,0.6763761392447819,0.0,11.757547683205809,314.0,485.0,70.0,60.0,102.0566373638404,54,6,18,20,0.1,0.4,365.0,0.21851019597937446,0.27960722565435725,0.03221245940604331,0.14232716363806006,47,20,70,40,13,110,7,12,0,0.7131697048371954,0.48671389683598903,14,60,103,33,0,70,0.7131697048371954,nenhuma,102.0566373638404,0.0,112,0,terminal,0.9883333333333333,j6016_1.sm,11,adaptativa,GF,0,2.328125,0.7833333333333333,0.25
True,177,62,0.7059071487936964,2.6645352591003757e-15,31.37701716778884,241.0,507.0,65.0,80.0,66.22477058972574,47,13,1,11,0.21666666666666667,0.23333333333333334,336.0,0.164646176546088,0.19709753151704087,0.09338397966603822,0.0922061912948914,32,11,65,69,28,134,30,4,18,0.6268507180531939,0.4857196752206667,18,60,86,21,18,65,0.6268507180531939,nenhuma,66.22477058972572,0.0,72,0,terminal,0.6827290641619359,j6019_1.sm,0,centralizada,GF,0,2.8548387096774195,0.5333333333333333,0.15492957746478872
True,128,62,0.7176317627899472,0.0,6.58891970255538,319.0,417.0,92.0,49.0,23.07795895045556,58,2,5,4,0.03333333333333333,0.11666666666666667,336.0,0.06427005160079954,0.06868440163826059,0.019609880067129108,0.03971577065517857,25,4,92,45,35,137,17,2,0,0.6268507180531939,0.4857196752206667,18,60,120,28,0,92,0.6268507180531939,nenhuma,23.07795895045556,0.0,25,0,terminal,0.9950000000000001,j6019_1.sm,0,adaptativa,GF,0,2.064516129032258,0.4166666666666667,0.0625
True,197,62,0.6986657946057371,0.0,31.953433479089384,236.0,518.0,42.0,110.0,71.41313915662882,47,13,1,20,0.21666666666666667,0.23333333333333334,336.0,0.17528433006470673,0.21253910463282386,0.09509950440205174,0.09632030427443271,33,20,42,90,27,132,12,19,34,0.6586427040007742,0.39362113220747674,15,60,86,44,34,42,0.6586427040007742,nenhuma,71.41313915662882,0.0,78,0,terminal,0.5919106147383716,j6019_1.sm,1,centralizada,GF,0,3.1774193548387095,0.55,0.25
True,135,62,0.7294532236257767,0.0,6.188004693625269,292.0,439.0,65.0,39.0,58.82063192199323,54,6,8,2,0.1,0.23333333333333334,336.0,0.14898064378159126,0.17506140452974175,0.01841668063578949,0.09773781223508708,24,2,65,37,36,102,17,6,0,0.6586427040007742,0.39362113220747674,15,60,85,20,0,65,0.6586427040007742,nenhuma,58.82063192199323,0.0,64,0,terminal,0.9583333333333334,j6019_1.sm,1,adaptativa,GF,0,2.1774193548387095,0.4,0.03225806451612903
True,233,62,0.7632595926953017,0.0,24.585520196552377,231.0,564.0,15.0,77.0,82.93601259349329,42,18,4,11,0.3,0.36666666666666664,336.0,0.19796821018098698,0.2468333708139681,0.07317119106116779,0.11223706948915266,32,11,15,66,28,81,1,17,27,0.7659648859265082,0.2570239140832174,5,60,53,38,27,15,0.7659648859265082,nenhuma,82.93601259349329,0.0,92,0,terminal,0.3681739552741683,j6019_1.sm,2,centralizada,GF,0,3.7580645161290325,0.5333333333333333,0.15492957746478872
True,146,62,0.674590918089017,0.0,4.5,320.0,440.0,65.0,75.0,72.24714445672227,56,4,16,11,0.06666666666666667,0.3333333333333333,336.0,0.17696913606797093,0.21502126326405438,0.013392857142857142,0.11076651706447753,30,11,65,64,30,129,3,29,0,0.7659648859265082,0.2570239140832174,5,60,126,61,0,65,0.7659648859265082,nenhuma,72.24714445672225,0.0,81,0,terminal,0.9050243230222154,j6019_1.sm,2,adaptativa,GF,0,2.3548387096774195,0.5,0.15492957746478872
True,167,62,0.7185985073206803,2.7755575615628914e-15,38.061514058214684,230.0,557.0,15.0,121.0,82.11989563796068,42,18,2,14,0.3,0.3333333333333333,336.0,0.19640274594602453,0.2444044513034544,0.11327831564944846,0.10594476557768148,37,14,15,107,23,122,0,35,45,0.794910294566222,0.24332019624229823,1,60,77,62,45,15,0.794910294566222,nenhuma,82.11989563796067,0.0,90,0,terminal,0.2621229710598358,j6019_1.sm,3,centralizada,GF,0,2.693548387096774,0.6166666666666667,0.1891891891891892
True,143,62,0.6745333745769375,0.0,2.0,325.0,447.0,78.0,70.0,67.6803310960783,56,4,12,14,0.06666666666666667,0.26666666666666666,336.0,0.1676582332171393,0.2014295568335664,0.005952380952380952,0.10213119044009428,31,14,78,56,29,134,2,11,5,0.794910294566222,0.24332019624229823,1,60,127,49,5,78,0.794910294566222,nenhuma,67.6803310960783,0.0,74,0,terminal,0.8961463868623131,j6019_1.sm,3,adaptativa,GF,0,2.306451612903226,0.5166666666666667,0.1891891891891892
True,175,62,0.7572189046033287,0.0,31.7564665136103,216.0,567.0,19.0,85.0,77.79271575638293,41,19,2,16,0.31666666666666665,0.35,336.0,0.18799923921856265,0.2315259397511397,0.09451329319526874,0.10389085539888254,33,16,19,69,27,88,1,10,36,0.7496468789669437,0.35303232464984247,6,60,51,32,36,19,0.7496468789669437,nenhuma,77.79271575638293,0.0,85,0,terminal,0.4202595066382247,j6019_1.sm,4,centralizada,GF,0,2.8225806451612905,0.55,0.21052631578947367
True,136,62,0.715018169192098,0.0,6.6358533791523495,314.0,446.0,74.0,68.0,35.76037311602475,55,5,4,17,0.08333333333333333,0.15,336.0,0.09619199813118355,0.10642968189293081,0.01974956362842961,0.05733030608754785,28,17,74,51,32,125,0,23,2,0.7496468789669437,0.35303232464984247,6,60,123,49,2,74,0.7496468789669437,nenhuma,35.76037311602475,0.0,40,0,terminal,0.8683333333333333,j6019_1.sm,4,adaptativa,GF,0,2.193548387096774,0.4666666666666667,0.22077922077922077
True,171,62,0.6716821790111969,0.0,28.56477930330152,237.0,477.0,57.0,99.0,77.15729597323204,43,17,4,18,0.2833333333333333,0.35,336.0,0.18675041376548984,0.22963480944414297,0.08501422411696881,0.1086481775386003,34,18,57,81,26,138,22,5,21,0.6863255838987572,0.3910769205246226,14,60,95,38,21,57,0.6863255838987572,nenhuma,77.15729597323204,0.0,84,0,terminal,0.6888523744699263,j6019_1.sm,5,centralizada,GF,0,2.7580645161290325,0.5666666666666667,0.23076923076923078
True,134,62,0.681180360017387,0.0,2.8624446444400062,326.0,430.0,79.0,58.0,64.2571900766844,58,2,14,11,0.03333333333333333,0.26666666666666666,336.0,0.16053975211381835,0.19124163713298928,0.00851918048940478,0.10179240900032917,32,11,79,47,28,126,20,3,1,0.6863255838987572,0.3910769205246226,14,60,105,26,1,79,0.6863255838987572,nenhuma,64.25719007668441,0.0,69,0,terminal,0.9616666666666666,j6019_1.sm,5,adaptativa,GF,0,2.161290322580645,0.5333333333333333,0.15492957746478872
True,178,62,0.7260130513919866,0.0,37.90516117006018,204.0,574.0,19.0,103.0,94.61939575255349,40,20,3,17,0.3333333333333333,0.38333333333333336,336.0,0.2197285971924139,0.28160534450164726,0.11281297967279816,0.11967755440971661,30,17,19,86,30,105,0,34,37,0.7631789564580391,0.24360497938515846,6,60,68,49,37,19,0.7631789564580391,nenhuma,94.6193957525535,0.0,107,0,terminal,0.3840408233174995,j6019_1.sm,6,centralizada,GF,0,2.870967741935484,0.5,0.22077922077922077
True,132,62,0.7139909663746068,0.0,4.5,326.0,447.0,54.0,67.0,58.05834114359684,58,2,12,10,0.03333333333333333,0.23333333333333334,336.0,0.14733437940967245,0.1727926819749906,0.013392857142857142,0.09273631118394475,24,10,54,57,36,111,2,27,1,0.7631789564580391,0.24360497938515846,6,60,108,54,1,54,0.7631789564580391,nenhuma,58.05834114359684,0.0,63,0,terminal,0.8969393556643807,j6019_1.sm,6,adaptativa,GF,0,2.129032258064516,0.4,0.14285714285714285
True,160,62,0.7663860884628613,4.440892098500626e-15,33.63513221835039,247.0,530.0,18.0,75.0,68.5574381876109,43,17,3,14,0.2833333333333333,0.3333333333333333,336.0,0.16946280482381795,0.20403999460598482,0.10010456017366189,0.09913484318422171,36,14,18,61,24,79,1,10,35,0.5858494645010164,0.43100241340042456,23,60,43,25,35,18,0.5858494645010164,nenhuma,68.5574381876109,0.0,77,0,terminal,0.3615050765846555,j6019_1.sm,7,centralizada,GF,0,2.5806451612903225,0.6,0.1891891891891892
True,135,62,0.6661171761809344,0.0,11.011481251477699,272.0,432.0,81.0,53.0,82.53454534350249,52,8,13,17,0.13333333333333333,0.35,336.0,0.19719888420623483,0.24563852780804313,0.03277226562939791,0.1272631441703499,34,17,81,36,26,117,12,3,1,0.5858494645010164,0.43100241340042456,23,60,104,23,1,81,0.5858494645010164,nenhuma,82.5345453435025,0.0,89,0,terminal,0.9566666666666666,j6019_1.sm,7,adaptativa,GF,0,2.1774193548387095,0.5666666666666667,0.22077922077922077
True,196,62,0.6235716039969927,0.0,42.85946991409914,194.0,511.0,94.0,102.0,112.47285079142947,39,21,2,13,0.35,0.38333333333333336,336.0,0.2507907682548593,0.33474062735544485,0.1275579461729141,0.13725024652470863,45,13,94,89,15,183,17,15,16,0.5273323364698471,0.27249021043639565,27,60,150,56,16,94,0.5273323364698471,nenhuma,112.47285079142947,0.0,123,0,terminal,0.7734436223897808,j6019_1.sm,8,centralizada,GF,0,3.161290322580645,0.75,0.1780821917808219
True,169,62,0.5766719376184605,0.0,7.789440439766254,294.0,481.0,132.0,87.0,134.09642228549146,53,7,22,29,0.11666666666666667,0.48333333333333334,336.0,0.28525301603774844,0.399096494897296,0.02318285845168528,0.1607684899523444,55,29,132,58,5,190,13,5,3,0.5273323364698471,0.27249021043639565,27,60,174,42,3,132,0.5273323364698471,nenhuma,134.09642228549143,0.0,144,0,terminal,0.9959058009234916,j6019_1.sm,8,adaptativa,GF,0,2.725806451612903,0.9166666666666666,0.3258426966292135
True,204,62,0.6753722333381398,0.0,38.83473962376451,214.0,489.0,57.0,97.0,81.04516481679443,38,22,1,16,0.36666666666666664,0.38333333333333336,336.0,0.19433186535659058,0.24120584766903103,0.11557958221358486,0.11193385268624965,39,16,57,81,21,138,17,14,20,0.6872143627230507,0.3512385487549321,14,60,101,44,20,57,0.6872143627230507,nenhuma,81.04516481679443,0.0,89,0,terminal,0.7428264530427882,j6019_1.sm,9,centralizada,GF,0,3.2903225806451615,0.65,0.21052631578947367
True,143,62,0.6576788099316176,0.0,9.5,303.0,463.0,89.0,75.0,76.99105613291782,54,6,16,18,0.1,0.36666666666666664,336.0,0.18642305926387634,0.22914004801463636,0.028273809523809524,0.10936368503860855,34,18,89,57,26,146,16,27,2,0.6872143627230507,0.3512385487549321,14,60,128,39,2,89,0.6872143627230507,nenhuma,76.99105613291782,0.0,89,0,terminal,0.9671411636160672,j6019_1.sm,9,adaptativa,GF,0,2.306451612903226,0.5666666666666667,0.23076923076923078
True,208,62,0.6527994933597356,0.0,22.44894999197682,225.0,498.0,87.0,105.0,72.86823912341664,44,16,3,20,0.26666666666666666,0.31666666666666665,336.0,0.1782193678815473,0.21686975929588287,0.06681235116659769,0.09551877426060733,42,20,87,85,18,172,24,8,22,0.5820371027673271,0.4175993861121362,23,60,126,39,22,87,0.5820371027673271,nenhuma,72.86823912341664,0.0,78,0,terminal,0.8052783692174073,j6019_1.sm,10,centralizada,GF,0,3.3548387096774195,0.7,0.25
True,153,62,0.6319722241346747,0.0,7.2169990891603,288.0,456.0,93.0,69.0,103.5506988845532,52,8,18,20,0.13333333333333333,0.43333333333333335,336.0,0.23558306049184674,0.308186603823075,0.021479163955834227,0.1435113278174804,43,20,93,49,17,142,20,9,3,0.5820371027673271,0.4175993861121362,23,60,119,26,3,93,0.5820371027673271,nenhuma,103.55069888455321,0.0,115,0,terminal,0.9900000000000001,j6019_1.sm,10,adaptativa,GF,0,2.467741935483871,0.7166666666666667,0.25
True,209,62,0.7386714590621882,0.0,30.64614281103191,213.0,536.0,29.0,71.0,89.62706115720462,40,20,6,30,0.3333333333333333,0.43333333333333335,336.0,0.21057651013430517,0.26674720582501377,0.0912087583661664,0.1235167015605379,33,30,29,41,27,70,8,10,15,0.7131697048371954,0.48671389683598903,12,60,47,18,15,29,0.7131697048371954,nenhuma,89.62706115720464,0.0,97,0,terminal,0.5483163783917123,j6019_1.sm,11,centralizada,GF,0,3.370967741935484,0.55,0.3333333333333333
True,137,62,0.6926872120345883,0.0,10.586835705273504,279.0,433.0,67.0,51.0,74.1017666807725,52,8,11,10,0.13333333333333333,0.31666666666666665,336.0,0.18069116668413207,0.22054097226420386,0.031508439599028285,0.11854352463958857,28,10,67,41,32,108,2,9,0,0.7131697048371954,0.48671389683598903,12,60,106,39,0,67,0.7131697048371954,nenhuma,74.1017666807725,0.0,82,0,terminal,0.9416666666666665,j6019_1.sm,11,adaptativa,GF,0,2.2096774193548385,0.4666666666666667,0.14285714285714285
True,252,76,0.7609365221234744,0.0,16.28541347853423,298.0,489.0,34.0,84.0,35.62916259478972,53,7,2,17,0.11666666666666667,0.15,332.0,0.09691603991183119,0.10731675480358349,0.04905245023654889,0.055442803826280314,29,17,34,67,31,101,13,0,36,0.6268507180531939,0.4857196752206667,18,60,52,18,36,34,0.6268507180531939,nenhuma,35.62916259478972,0.0,39,0,terminal,0.5647941606515626,j6021_1.sm,0,centralizada,GF,0,3.3157894736842106,0.48333333333333334,0.22077922077922077
True,192,76,0.6415117991418513,0.0,10.154511232111858,304.0,413.0,109.0,46.0,75.79174405282812,56,4,13,8,0.06666666666666667,0.2833333333333333,332.0,0.1858589467740905,0.22828838570128954,0.0305858772051562,0.11772711401314401,28,8,109,38,32,147,9,0,1,0.6268507180531939,0.4857196752206667,18,60,137,28,1,109,0.6268507180531939,nenhuma,75.79174405282811,0.0,82,0,terminal,0.9950359788740785,j6021_1.sm,0,adaptativa,GF,0,2.526315789473684,0.4666666666666667,0.11764705882352941
True,357,76,0.7465897056332345,3.552713678800501e-15,36.880702671654475,233.0,528.0,18.0,71.0,90.21575185953928,41,19,3,11,0.31666666666666665,0.36666666666666664,332.0,0.21367216041137144,0.2717341923480099,0.11108645383028456,0.1275646811066181,31,11,18,60,29,78,1,0,41,0.6586427040007742,0.39362113220747674,17,60,36,18,41,18,0.6586427040007742,nenhuma,90.2157518595393,0.0,100,0,terminal,0.3747680300711444,j6021_1.sm,1,centralizada,GF,0,4.697368421052632,0.5166666666666667,0.15492957746478872
True,196,76,0.7077419783226975,0.0,5.186650230970123,304.0,394.0,70.0,41.0,51.700057461271975,55,5,14,8,0.08333333333333333,0.31666666666666665,332.0,0.1347408124026414,0.15572306464238547,0.015622440454729287,0.09286878412953747,24,8,70,33,36,103,21,0,3,0.6586427040007742,0.39362113220747674,17,60,79,9,3,70,0.6586427040007742,nenhuma,51.700057461271975,0.0,60,0,terminal,0.9666666666666667,j6021_1.sm,1,adaptativa,GF,0,2.5789473684210527,0.4,0.11764705882352941
True,265,76,0.7658500403412206,1.7763568394002505e-15,24.513930742332658,216.0,535.0,8.0,51.0,104.57017930250866,38,22,6,17,0.36666666666666664,0.4666666666666667,332.0,0.23952661968249045,0.31497041958586947,0.07383714079015861,0.14969173091086904,28,17,8,34,32,42,5,0,21,0.7659648859265082,0.2570239140832174,6,60,16,8,21,8,0.7659648859265082,nenhuma,104.57017930250866,0.0,116,0,terminal,0.30491563215556006,j6021_1.sm,2,centralizada,GF,0,3.486842105263158,0.4666666666666667,0.22077922077922077
True,204,76,0.6946861560206622,0.0,6.948128893618593,303.0,396.0,70.0,38.0,66.04158866269637,56,4,11,14,0.06666666666666667,0.25,332.0,0.1659163025767655,0.19892044777920592,0.020928099077164437,0.11585398324643002,26,14,70,24,34,94,6,0,0,0.7659648859265082,0.2570239140832174,6,60,88,18,0,70,0.7659648859265082,nenhuma,66.04158866269637,0.0,71,0,terminal,0.965,j6021_1.sm,2,adaptativa,GF,0,2.6842105263157894,0.43333333333333335,0.1891891891891892
True,266,76,0.7349408080843521,1.7763568394002505e-15,16.553361056415113,247.0,511.0,33.0,86.0,65.29408950897508,48,12,1,18,0.2,0.21666666666666667,332.0,0.1643469944133162,0.1966689443041418,0.049859521254262386,0.09390859277271656,30,18,33,68,30,101,0,0,42,0.794910294566222,0.24332019624229823,2,60,59,26,42,33,0.794910294566222,nenhuma,65.29408950897508,0.0,72,0,terminal,0.5121478638895356,j6021_1.sm,3,centralizada,GF,0,3.5,0.5,0.23076923076923078
True,209,76,0.7556546591511165,0.0,2.358130226505139,324.0,435.0,58.0,29.0,53.65978682466944,58,2,11,8,0.03333333333333333,0.21666666666666667,332.0,0.1391376250722882,0.16162586392972722,0.007102801887063672,0.09321440901866013,26,8,58,21,34,79,0,0,0,0.794910294566222,0.24332019624229823,2,60,79,21,0,58,0.794910294566222,nenhuma,53.65978682466944,0.0,62,0,terminal,0.9016666666666667,j6021_1.sm,3,adaptativa,GF,0,2.75,0.43333333333333335,0.11764705882352941
True,261,76,0.6944860529792241,5.329070518200751e-15,29.860284079255322,208.0,496.0,31.0,83.0,104.19720795291208,41,19,2,24,0.31666666666666665,0.35,332.0,0.23887637530261374,0.31384701190636166,0.08994061469655218,0.1458941687150672,35,24,31,59,25,90,7,0,36,0.7496468789669437,0.35303232464984247,6,60,47,16,36,31,0.7496468789669437,nenhuma,104.19720795291208,0.0,112,0,terminal,0.5952982948599242,j6021_1.sm,4,centralizada,GF,0,3.4342105263157894,0.5833333333333334,0.2857142857142857
True,204,76,0.707417175633956,0.0,5.257566588855365,300.0,441.0,85.0,41.0,56.39453322545533,55,5,12,13,0.08333333333333333,0.2833333333333333,332.0,0.1451990911332406,0.1698630518839016,0.015836043942335436,0.09046363132777076,24,13,85,28,36,113,4,0,0,0.7496468789669437,0.35303232464984247,6,60,109,24,0,85,0.7496468789669437,nenhuma,56.39453322545532,0.0,64,0,terminal,0.9633333333333333,j6021_1.sm,4,adaptativa,GF,0,2.6842105263157894,0.4,0.1780821917808219
True,207,76,0.6974814496570011,8.881784197001252e-16,20.522563434786225,248.0,464.0,57.0,81.0,63.250667567116395,48,12,2,12,0.2,0.23333333333333334,332.0,0.16002671913609348,0.19051405893709758,0.061814950104777784,0.09507794678121854,27,12,57,69,33,126,7,0,33,0.6863255838987572,0.3910769205246226,11,60,86,29,33,57,0.6863255838987572,nenhuma,63.250667567116395,0.0,70,0,terminal,0.7381717367232282,j6021_1.sm,5,centralizada,GF,0,2.723684210526316,0.45,0.16666666666666666
True,222,76,0.6961217476466407,0.0,5.848422996844765,317.0,400.0,77.0,34.0,63.61212977797172,57,3,16,13,0.05,0.31666666666666665,332.0,0.16079418447981503,0.19160280053605938,0.017615731918207124,0.11070446738141647,28,13,77,21,32,98,10,0,0,0.6863255838987572,0.3910769205246226,11,60,88,11,0,77,0.6863255838987572,nenhuma,63.61212977797172,0.0,71,0,terminal,1.0,j6021_1.sm,5,adaptativa,GF,0,2.9210526315789473,0.4666666666666667,0.1780821917808219
True,246,76,0.78948995159341,0.0,23.482074319551266,210.0,521.0,13.0,33.0,92.91973545512175,39,21,3,7,0.35,0.4,332.0,0.21867597031142258,0.2798787212503667,0.07072913951672068,0.1408046016248302,24,7,13,26,36,39,2,0,16,0.7631789564580391,0.24360497938515846,6,60,21,8,16,13,0.7631789564580391,nenhuma,92.91973545512175,0.0,103,0,terminal,0.36235351644820013,j6021_1.sm,6,centralizada,GF,0,3.236842105263158,0.4,0.1044776119402985
True,186,76,0.8170427027730788,0.0,4.5,311.0,411.0,22.0,19.0,51.033683068275295,56,4,9,10,0.06666666666666667,0.21666666666666667,332.0,0.13323549683534908,0.15371591285625089,0.01355421686746988,0.10145182079457021,17,10,22,9,43,31,6,0,1,0.7631789564580391,0.24360497938515846,6,60,24,2,1,22,0.7631789564580391,nenhuma,51.033683068275295,0.0,57,0,terminal,0.9666666666666667,j6021_1.sm,6,adaptativa,GF,0,2.4473684210526314,0.2833333333333333,0.14285714285714285
True,244,76,0.7091737684280989,1.7763568394002505e-15,28.92320203684576,267.0,483.0,41.0,98.0,59.07426064359575,50,10,2,14,0.16666666666666666,0.2,332.0,0.15105637621452384,0.17793452001083057,0.0871180784242342,0.08673688620646486,33,14,41,84,27,125,3,1,47,0.5858494645010164,0.43100241340042456,22,60,75,34,47,41,0.5858494645010164,nenhuma,59.07426064359575,0.0,63,0,terminal,0.5789345281412283,j6021_1.sm,7,centralizada,GF,0,3.210526315789474,0.55,0.1891891891891892
True,198,76,0.586715010936578,8.881784197001252e-16,13.782458199793389,283.0,379.0,126.0,58.0,82.96949615282409,51,9,12,8,0.15,0.35,332.0,0.1999411930805349,0.24990812094224124,0.04151342831263069,0.1284418175269302,30,8,126,50,30,176,16,0,0,0.5858494645010164,0.43100241340042456,22,60,160,34,0,126,0.5858494645010164,nenhuma,82.96949615282409,0.0,89,0,terminal,0.9666666666666667,j6021_1.sm,7,adaptativa,GF,0,2.6052631578947367,0.5,0.11764705882352941
True,321,76,0.5421638519413307,1.7763568394002505e-15,33.64808594034936,227.0,424.0,138.0,115.0,105.0514010326944,44,16,4,9,0.26666666666666666,0.3333333333333333,332.0,0.24036394983398268,0.3164198826285976,0.10134965644683543,0.13432800055594124,42,9,138,106,18,244,21,3,21,0.5273323364698471,0.27249021043639565,33,60,202,64,21,138,0.5273323364698471,nenhuma,105.05140103269441,0.0,112,0,terminal,0.8573875609416636,j6021_1.sm,8,centralizada,GF,0,4.223684210526316,0.7,0.13043478260869565
True,227,76,0.492536436675671,0.0,4.537446406470551,311.0,403.0,223.0,94.0,98.21357769997913,57,3,18,13,0.05,0.35,332.0,0.22829027904012592,0.2958240292168046,0.013667007248405272,0.12003415780028998,50,13,223,81,10,304,14,0,4,0.5273323364698471,0.27249021043639565,33,60,286,63,4,223,0.5273323364698471,nenhuma,98.21357769997913,0.0,105,0,terminal,0.9450454927499177,j6021_1.sm,8,adaptativa,GF,0,2.986842105263158,0.8333333333333334,0.1780821917808219
True,301,76,0.6792419936285337,8.881784197001252e-16,37.408851074483636,200.0,490.0,56.0,85.0,90.3923823855522,42,18,4,17,0.3,0.36666666666666664,332.0,0.21400097671042667,0.27226621200467527,0.11267726227254107,0.12530265718448005,27,17,56,68,33,124,4,0,33,0.6872143627230507,0.3512385487549321,11,60,87,31,33,56,0.6872143627230507,nenhuma,90.3923823855522,0.0,98,0,terminal,0.6112882753837351,j6021_1.sm,9,centralizada,GF,0,3.960526315789474,0.45,0.22077922077922077
True,193,76,0.6977185265752349,0.0,12.0,276.0,418.0,65.0,37.0,79.09545766508623,51,9,14,8,0.15,0.38333333333333336,332.0,0.19240168235943927,0.23823933031652478,0.03614457831325301,0.1320247994757843,28,8,65,29,32,94,6,0,1,0.6872143627230507,0.3512385487549321,11,60,87,22,1,65,0.6872143627230507,nenhuma,79.09545766508624,0.0,86,0,terminal,0.9633333333333333,j6021_1.sm,9,adaptativa,GF,0,2.539473684210526,0.4666666666666667,0.11764705882352941
True,226,76,0.6378927687545579,0.0,25.292169091518616,220.0,431.0,85.0,76.0,83.66215061741187,43,17,3,14,0.2833333333333333,0.3333333333333333,332.0,0.20127440156180368,0.25199442957051765,0.07618123220336932,0.12382246147865825,36,14,85,62,24,147,12,0,21,0.5820371027673271,0.4175993861121362,23,60,114,29,21,85,0.5820371027673271,nenhuma,83.66215061741187,0.0,92,0,terminal,0.875,j6021_1.sm,10,centralizada,GF,0,2.973684210526316,0.6,0.1891891891891892
True,189,76,0.6374661900437776,0.0,8.600216307317828,289.0,413.0,101.0,55.0,78.87749758404837,53,7,10,8,0.11666666666666667,0.2833333333333333,332.0,0.1919732719553797,0.23758282404833847,0.02590426598589707,0.1217475493101467,34,8,101,47,26,148,18,5,2,0.5820371027673271,0.4175993861121362,23,60,128,27,2,101,0.5820371027673271,nenhuma,78.87749758404837,0.0,84,0,terminal,0.9666666666666667,j6021_1.sm,10,adaptativa,GF,0,2.486842105263158,0.5666666666666667,0.11764705882352941
True,235,76,0.7893530978146864,2.6645352591003757e-15,16.64667953195662,218.0,537.0,15.0,49.0,79.3039115025675,42,18,1,14,0.3,0.31666666666666665,332.0,0.19281098303406835,0.23886720332098646,0.05014060099986934,0.11657130021112366,32,14,15,35,28,50,0,0,17,0.7131697048371954,0.48671389683598903,7,60,33,18,17,15,0.7131697048371954,nenhuma,79.3039115025675,0.0,87,0,terminal,0.35685526345431146,j6021_1.sm,11,centralizada,GF,0,3.0921052631578947,0.5333333333333333,0.1891891891891892
True,218,76,0.7486491147626431,4.440892098500626e-16,7.5,283.0,422.0,35.0,29.0,77.68195951690103,51,9,12,15,0.15,0.35,332.0,0.1896152801273065,0.2339818057737983,0.022590361445783132,0.1378116829984726,28,15,35,14,32,49,4,0,0,0.7131697048371954,0.48671389683598903,7,60,45,10,0,35,0.7131697048371954,nenhuma,77.68195951690103,0.0,87,0,terminal,0.9866666666666667,j6021_1.sm,11,adaptativa,GF,0,2.8684210526315788,0.4666666666666667,0.2
True,163,65,0.7560587749548143,0.0,23.163263787553035,225.0,399.0,38.0,54.0,36.73674906933809,49,11,0,2,0.18333333333333332,0.18333333333333332,284.0,0.11453863386697917,0.1293547502441482,0.08156078798434167,0.06961188345159441,18,2,38,52,42,90,3,6,27,0.6268507180531939,0.4857196752206667,11,60,60,22,27,38,0.6268507180531939,nenhuma,36.73674906933809,0.0,40,0,terminal,0.587115873828918,j6024_1.sm,0,centralizada,GF,0,2.5076923076923077,0.3,0.03225806451612903
True,96,65,0.7219193020719739,0.0,6.0,265.0,331.0,71.0,39.0,17.5,57,3,3,2,0.05,0.1,284.0,0.05804311774461028,0.061619718309859156,0.02112676056338028,0.03816793893129771,16,2,71,37,44,108,11,4,2,0.6268507180531939,0.4857196752206667,11,60,95,24,2,71,0.6268507180531939,nenhuma,17.5,0.0,20,0,terminal,0.9833333333333334,j6024_1.sm,0,adaptativa,GF,0,1.476923076923077,0.26666666666666666,0.03225806451612903
True,330,65,0.8205071133369949,0.0,22.60180554465126,211.0,428.0,10.0,43.0,40.62862825079961,48,12,0,4,0.2,0.2,284.0,0.125154175310167,0.14305855017887187,0.07958382234032134,0.07788803384323707,17,4,10,39,43,49,6,5,18,0.6586427040007742,0.39362113220747674,9,60,25,15,18,10,0.6586427040007742,nenhuma,40.62862825079961,0.0,46,0,terminal,0.3040926159906438,j6024_1.sm,1,centralizada,GF,0,5.076923076923077,0.2833333333333333,0.0625
True,97,65,0.6824254881808839,0.0,6.5,267.0,332.0,69.0,42.0,43.5,57,3,10,2,0.05,0.21666666666666667,284.0,0.13282442748091602,0.15316901408450703,0.022887323943661973,0.08941418293936279,10,2,69,40,50,109,11,4,1,0.6586427040007742,0.39362113220747674,9,60,97,28,1,69,0.6586427040007742,nenhuma,43.5,0.0,48,0,terminal,0.9633333333333334,j6024_1.sm,1,adaptativa,GF,0,1.4923076923076923,0.16666666666666666,0.03225806451612903
True,221,65,0.7252721563555427,0.0,21.769391666821495,210.0,444.0,36.0,90.0,42.183986534211414,43,17,0,12,0.2833333333333333,0.2833333333333333,284.0,0.12932574337087208,0.1485351638528571,0.07665278755923062,0.06890736684085741,22,12,36,78,38,114,5,12,30,0.7659648859265082,0.2570239140832174,3,60,79,43,30,36,0.7659648859265082,nenhuma,42.183986534211414,0.0,50,0,terminal,0.509962379445933,j6024_1.sm,2,centralizada,GF,0,3.4,0.36666666666666664,0.16666666666666666
True,112,65,0.6117406756232319,0.0,4.6263116568527884,269.0,333.0,92.0,68.0,51.348305204235054,57,3,14,7,0.05,0.2833333333333333,284.0,0.1531193222311433,0.18080389156420792,0.016289829777650665,0.09432987062386386,19,7,92,61,41,153,3,21,0,0.7659648859265082,0.2570239140832174,3,60,150,58,0,92,0.7659648859265082,nenhuma,51.34830520423505,0.0,59,0,terminal,0.9666666666666667,j6024_1.sm,2,adaptativa,GF,0,1.7230769230769232,0.31666666666666665,0.1044776119402985
True,198,65,0.7375512200061102,8.881784197001252e-16,12.01838852595738,230.0,435.0,36.0,87.0,31.78954708582303,52,8,1,13,0.13333333333333333,0.15,284.0,0.10066687570625477,0.11193502495008109,0.04231826945759641,0.05389981433698957,21,13,36,74,39,110,0,21,35,0.794910294566222,0.24332019624229823,1,60,75,39,35,36,0.794910294566222,nenhuma,31.78954708582303,0.0,35,0,terminal,0.599116824012908,j6024_1.sm,3,centralizada,GF,0,3.046153846153846,0.35,0.1780821917808219
True,115,65,0.6402801803752104,0.0,7.573585964311548,258.0,359.0,97.0,67.0,37.69203920949498,57,3,9,2,0.05,0.2,284.0,0.11716808193984823,0.13271844792075696,0.026667556212364607,0.06722413833917813,16,2,97,65,44,162,0,19,5,0.794910294566222,0.24332019624229823,1,60,157,60,5,97,0.794910294566222,nenhuma,37.69203920949497,0.0,42,0,terminal,0.8433333333333333,j6024_1.sm,3,adaptativa,GF,0,1.7692307692307692,0.26666666666666666,0.03225806451612903
True,194,65,0.6710951259322352,1.7763568394002505e-15,19.0,207.0,404.0,42.0,102.0,54.00109401598374,46,14,2,11,0.23333333333333334,0.26666666666666666,284.0,0.15976603322304653,0.19014469723937935,0.06690140845070422,0.08970265096320565,17,11,42,91,43,133,1,12,26,0.7496468789669437,0.35303232464984247,3,60,106,64,26,42,0.7496468789669437,nenhuma,54.00109401598374,0.0,59,0,terminal,0.5014602512001628,j6024_1.sm,4,centralizada,GF,0,2.9846153846153847,0.2833333333333333,0.15492957746478872
True,115,65,0.6453364379387581,0.0,3.5,269.0,356.0,112.0,54.0,29.650238652391295,57,3,5,2,0.05,0.13333333333333333,284.0,0.09453281075054983,0.10440224877602569,0.01232394366197183,0.05374825673024798,9,2,112,52,51,164,0,3,2,0.7496468789669437,0.35303232464984247,3,60,162,50,2,112,0.7496468789669437,nenhuma,29.650238652391295,0.0,33,0,terminal,0.8966666666666666,j6024_1.sm,4,adaptativa,GF,0,1.7692307692307692,0.15,0.03225806451612903
True,144,65,0.6702237778261104,0.0,47.864211694981385,170.0,410.0,35.0,82.0,84.73598067476276,40,20,2,13,0.3333333333333333,0.36666666666666664,284.0,0.22980122666548963,0.2983661291364886,0.16853595667246968,0.13851724167229215,23,13,35,69,37,104,9,12,14,0.6863255838987572,0.3910769205246226,8,60,81,46,14,35,0.6863255838987572,nenhuma,84.73598067476277,0.0,90,0,terminal,0.6101223478446559,j6024_1.sm,5,centralizada,GF,0,2.2153846153846155,0.38333333333333336,0.1780821917808219
True,116,65,0.6086643824833277,0.0,11.97356371427795,252.0,338.0,103.0,56.0,58.31424168598926,55,5,12,10,0.08333333333333333,0.2833333333333333,284.0,0.17035295230130074,0.2053318369224974,0.04216043561365475,0.10501124824197093,19,10,103,46,41,149,9,13,0,0.6863255838987572,0.3910769205246226,8,60,140,37,0,103,0.6863255838987572,nenhuma,58.31424168598926,0.0,64,0,terminal,1.0,j6024_1.sm,5,adaptativa,GF,0,1.7846153846153847,0.31666666666666665,0.14285714285714285
True,166,65,0.8243708560312737,0.0,15.783273594837102,237.0,492.0,4.0,57.0,43.81876961130135,51,9,2,4,0.15,0.18333333333333332,284.0,0.13366766540932903,0.1542914422933146,0.055574907024074305,0.07342056222501149,16,4,4,53,44,57,0,34,26,0.7631789564580391,0.24360497938515846,3,60,31,27,26,4,0.7631789564580391,nenhuma,43.818769611301356,0.0,48,0,terminal,0.23838928066698192,j6024_1.sm,6,centralizada,GF,0,2.5538461538461537,0.26666666666666666,0.0625
True,110,65,0.6974063823506055,0.0,4.334678717615592,260.0,370.0,42.0,58.0,60.53715790916111,56,4,14,8,0.06666666666666667,0.3,284.0,0.175705744705545,0.21315900672239826,0.015262953231040818,0.11410540620328485,14,8,42,50,46,92,2,32,1,0.7631789564580391,0.24360497938515846,3,60,89,47,1,42,0.7631789564580391,nenhuma,60.53715790916111,0.0,66,0,terminal,0.9276465169664995,j6024_1.sm,6,adaptativa,GF,0,1.6923076923076923,0.23333333333333334,0.11764705882352941
True,160,65,0.6232517783734584,3.552713678800501e-15,26.620621389357964,213.0,389.0,76.0,105.0,54.145832387673494,49,11,3,5,0.18333333333333332,0.23333333333333334,284.0,0.1601256830679995,0.19065433939321652,0.09373458235689425,0.08675189287179616,26,5,76,100,34,176,6,2,45,0.5858494645010164,0.43100241340042456,17,60,125,49,45,76,0.5858494645010164,nenhuma,54.145832387673494,0.0,59,0,terminal,0.6194431902086701,j6024_1.sm,7,centralizada,GF,0,2.4615384615384617,0.43333333333333335,0.07692307692307693
True,119,65,0.5972888693524722,0.0,5.5,263.0,334.0,128.0,61.0,36.19341065587459,56,4,10,4,0.06666666666666667,0.23333333333333334,284.0,0.11303608834965433,0.1274415868164598,0.01936619718309859,0.06472431535526063,20,4,128,57,40,185,14,0,2,0.5858494645010164,0.43100241340042456,17,60,169,41,2,128,0.5858494645010164,nenhuma,36.19341065587459,0.0,40,0,terminal,1.0,j6024_1.sm,7,adaptativa,GF,0,1.8307692307692307,0.3333333333333333,0.0625
True,252,65,0.5678677077207733,8.881784197001252e-16,32.17527134047198,185.0,390.0,103.0,113.0,80.77967543765891,43,17,3,11,0.2833333333333333,0.3333333333333333,284.0,0.22144785161273112,0.2844354768931652,0.11329320894532387,0.11762094646464466,34,11,103,102,26,205,20,4,27,0.5273323364698471,0.27249021043639565,26,60,158,55,27,103,0.5273323364698471,nenhuma,80.77967543765891,0.0,87,0,terminal,0.8683333333333333,j6024_1.sm,8,centralizada,GF,0,3.876923076923077,0.5666666666666667,0.15492957746478872
True,135,65,0.4858616524281093,0.0,5.0,274.0,350.0,202.0,109.0,59.369673652702765,59,1,11,13,0.016666666666666666,0.2,284.0,0.17290307854254924,0.20904814666444635,0.017605633802816902,0.08241556498577071,30,13,202,96,30,298,20,8,4,0.5273323364698471,0.27249021043639565,26,60,274,72,4,202,0.5273323364698471,nenhuma,59.369673652702765,0.0,63,0,terminal,0.9550000000000001,j6024_1.sm,8,adaptativa,GF,0,2.076923076923077,0.5,0.1780821917808219
True,211,65,0.6394117597866535,0.0,32.75697809586705,193.0,420.0,57.0,104.0,75.85373090438222,41,19,3,7,0.31666666666666665,0.36666666666666664,284.0,0.21079045287024556,0.2670906017759937,0.11534147216854594,0.11548039896179595,20,7,57,97,40,154,8,4,36,0.6872143627230507,0.3512385487549321,8,60,110,53,36,57,0.6872143627230507,nenhuma,75.85373090438222,0.0,83,0,terminal,0.5827629018840425,j6024_1.sm,9,centralizada,GF,0,3.246153846153846,0.3333333333333333,0.1044776119402985
True,113,65,0.6300334603880196,0.0,9.976415456162679,230.0,340.0,96.0,54.0,49.6538777331028,52,8,5,1,0.13333333333333333,0.21666666666666667,284.0,0.14881852436560633,0.17483759765177043,0.03512822343719253,0.09201060120550116,14,1,96,53,46,149,9,7,1,0.6872143627230507,0.3512385487549321,8,60,139,43,1,96,0.6872143627230507,nenhuma,49.6538777331028,0.0,55,0,terminal,0.9436153033990425,j6024_1.sm,9,adaptativa,GF,0,1.7384615384615385,0.23333333333333334,0.01639344262295082
True,145,65,0.5994621596979652,0.0,21.0079912187757,207.0,369.0,99.0,105.0,42.551780926285716,47,13,0,21,0.21666666666666667,0.21666666666666667,284.0,0.13030638144304338,0.14983021452917505,0.07397180006611162,0.06912786583486699,28,21,99,84,32,183,24,6,20,0.5820371027673271,0.4175993861121362,18,60,139,40,20,99,0.5820371027673271,nenhuma,42.551780926285716,0.0,49,0,terminal,0.8759823807519963,j6024_1.sm,10,centralizada,GF,0,2.230769230769231,0.4666666666666667,0.25925925925925924
True,124,65,0.5941784853708818,0.0,4.5,264.0,358.0,138.0,62.0,44.51255946525735,57,3,10,4,0.05,0.21666666666666667,284.0,0.1354972836889814,0.15673436431428645,0.01584507042253521,0.07387822671242436,24,4,138,58,36,196,10,6,2,0.5820371027673271,0.4175993861121362,18,60,184,46,2,138,0.5820371027673271,nenhuma,44.51255946525735,0.0,50,0,terminal,0.9516666666666667,j6024_1.sm,10,adaptativa,GF,0,1.9076923076923078,0.4,0.0625
True,288,65,0.6575583319292297,0.0,26.323618221180343,196.0,430.0,54.0,97.0,72.93437984187706,45,15,6,12,0.25,0.35,284.0,0.2043355416594703,0.2568111966263277,0.09268879655345191,0.11153164918399422,15,12,54,85,45,139,3,3,35,0.7131697048371954,0.48671389683598903,6,60,101,47,35,54,0.7131697048371954,nenhuma,72.93437984187706,0.0,80,0,terminal,0.6209021345302498,j6024_1.sm,11,centralizada,GF,0,4.430769230769231,0.25,0.16666666666666666
True,100,65,0.6890470035418943,0.0,7.5,260.0,341.0,64.0,43.0,46.88641304172956,57,3,10,7,0.05,0.21666666666666667,284.0,0.14169942068856273,0.16509300366806184,0.02640845070422535,0.09474176660771656,14,7,64,36,46,100,4,6,0,0.7131697048371954,0.48671389683598903,6,60,96,32,0,64,0.7131697048371954,nenhuma,46.886413041729554,0.0,52,0,terminal,0.9916666666666667,j6024_1.sm,11,adaptativa,GF,0,1.5384615384615385,0.23333333333333334,0.1044776119402985
True,177,96,0.6735820465903631,8.881784197001252e-16,27.435081290189366,257.0,491.0,69.0,114.0,54.93866825194666,47,13,1,16,0.21666666666666667,0.23333333333333334,346.0,0.1370251178103471,0.15878227818481694,0.0792921424571947,0.07536802565803512,21,16,69,98,39,167,5,3,50,0.6268507180531939,0.4857196752206667,19,60,112,43,50,69,0.6268507180531939,nenhuma,54.93866825194666,0.0,59,0,terminal,0.6319532486606877,j6027_1.sm,0,centralizada,GF,0,1.84375,0.35,0.21052631578947367
True,129,96,0.5615686274509804,0.0,5.0,321.0,358.0,177.0,77.0,25.5,56,4,3,2,0.06666666666666667,0.11666666666666667,346.0,0.06864064602960969,0.07369942196531792,0.014450867052023121,0.04,22,2,177,75,38,252,30,2,3,0.6268507180531939,0.4857196752206667,19,60,219,42,3,177,0.6268507180531939,nenhuma,25.5,0.0,27,0,terminal,0.9826255557659472,j6027_1.sm,0,adaptativa,GF,0,1.34375,0.36666666666666664,0.03225806451612903
True,228,96,0.6864762991931692,1.7763568394002505e-15,19.819127618289787,262.0,457.0,58.0,88.0,62.71854051934814,46,14,4,7,0.23333333333333334,0.3,346.0,0.1534516649028285,0.18126745814840503,0.057280715659797074,0.09421179778231716,21,7,58,81,39,139,22,8,32,0.6586427040007742,0.39362113220747674,17,60,85,27,32,58,0.6586427040007742,nenhuma,62.71854051934814,0.0,70,0,terminal,0.7393096650910177,j6027_1.sm,1,centralizada,GF,0,2.375,0.35,0.1044776119402985
True,133,96,0.6677177901751096,0.0,8.22316957557497,285.0,398.0,79.0,54.0,65.06020066594914,51,9,8,4,0.15,0.2833333333333333,346.0,0.1582741422315919,0.18803526204031543,0.023766386056575058,0.10915038546989134,19,4,79,50,41,129,17,19,1,0.6586427040007742,0.39362113220747674,17,60,111,32,1,79,0.6586427040007742,nenhuma,65.06020066594914,0.0,70,0,terminal,0.9666666666666667,j6027_1.sm,1,adaptativa,GF,0,1.3854166666666667,0.31666666666666665,0.0625
True,277,96,0.7199212104535395,0.0,29.65798437770037,254.0,509.0,33.0,97.0,68.02181378895293,44,16,2,7,0.26666666666666666,0.3,346.0,0.1642952412735116,0.1965948375403264,0.08571671785462534,0.09620893225970187,21,7,33,90,39,123,0,13,52,0.7659648859265082,0.2570239140832174,9,60,71,38,52,33,0.7659648859265082,nenhuma,68.02181378895293,0.0,76,0,terminal,0.5353250077754782,j6027_1.sm,2,centralizada,GF,0,2.8854166666666665,0.35,0.1044776119402985
True,157,96,0.6987245835019951,0.0,5.661029826735047,321.0,450.0,47.0,62.0,85.03058175598758,57,3,18,8,0.05,0.35,346.0,0.19727273505647586,0.24575312646239186,0.01636135788073713,0.13202879516085503,23,8,47,54,37,101,0,22,0,0.7659648859265082,0.2570239140832174,9,60,101,54,0,47,0.7659648859265082,nenhuma,85.03058175598758,0.0,92,0,terminal,0.8289898804776238,j6027_1.sm,2,adaptativa,GF,0,1.6354166666666667,0.38333333333333336,0.11764705882352941
True,200,96,0.6539238361613732,0.0,10.265986202906902,275.0,463.0,68.0,118.0,59.033526836820144,50,10,4,7,0.16666666666666666,0.23333333333333334,346.0,0.1457497291590964,0.17061712958618538,0.02967048035522226,0.08337673937639051,26,7,68,111,34,179,2,7,50,0.794910294566222,0.24332019624229823,6,60,127,59,50,68,0.794910294566222,nenhuma,59.033526836820144,0.0,64,0,terminal,0.6120217578804684,j6027_1.sm,3,centralizada,GF,0,2.0833333333333335,0.43333333333333335,0.1044776119402985
True,149,96,0.6170264949262646,0.0,9.450943055850544,321.0,383.0,132.0,63.0,42.71888832872405,57,3,9,3,0.05,0.2,346.0,0.10989661066482159,0.12346499516972269,0.02731486432326747,0.06882163428882275,20,3,132,60,40,192,4,7,4,0.794910294566222,0.24332019624229823,6,60,184,52,4,132,0.794910294566222,nenhuma,42.71888832872405,0.0,47,0,terminal,0.9197131841438256,j6027_1.sm,3,adaptativa,GF,0,1.5520833333333333,0.3333333333333333,0.047619047619047616
True,225,96,0.7004537546307437,1.7763568394002505e-15,28.15805492477322,255.0,482.0,27.0,125.0,54.12537132318563,46,14,1,12,0.23333333333333334,0.25,346.0,0.13527103053774608,0.15643170902654807,0.08138166163229255,0.07865626465582688,18,12,27,113,42,140,10,7,61,0.7496468789669437,0.35303232464984247,9,60,69,42,61,27,0.7496468789669437,nenhuma,54.12537132318563,0.0,61,0,terminal,0.4856400943951919,j6027_1.sm,4,centralizada,GF,0,2.34375,0.3,0.16666666666666666
True,134,96,0.625581526664893,0.0,12.0,312.0,385.0,140.0,57.0,33.42738010905821,54,6,5,4,0.1,0.18333333333333332,346.0,0.08809954647830168,0.09661092517068848,0.03468208092485549,0.05431571813255146,19,4,140,53,41,193,22,8,0,0.7496468789669437,0.35303232464984247,9,60,171,31,0,140,0.7496468789669437,nenhuma,33.42738010905821,0.0,37,0,terminal,0.9816666666666666,j6027_1.sm,4,adaptativa,GF,0,1.3958333333333333,0.31666666666666665,0.0625
True,208,96,0.705296283049052,0.0,17.5,229.0,468.0,36.0,68.0,91.55092355910165,43,17,6,2,0.2833333333333333,0.38333333333333336,346.0,0.20923489959617356,0.26459804496850187,0.05057803468208093,0.13797120960671427,24,2,36,66,36,102,0,7,33,0.6863255838987572,0.3910769205246226,15,60,69,33,33,36,0.6863255838987572,nenhuma,91.55092355910166,0.0,100,0,terminal,0.5554185336146736,j6027_1.sm,5,centralizada,GF,0,2.1666666666666665,0.4,0.03225806451612903
True,132,96,0.5828662930344275,0.0,4.0,331.0,364.0,151.0,73.0,36.5,58,2,9,4,0.03333333333333333,0.18333333333333332,346.0,0.09542483660130718,0.10549132947976879,0.011560693641618497,0.05844675740592474,21,4,151,69,39,220,24,1,0,0.6863255838987572,0.3910769205246226,15,60,196,45,0,151,0.6863255838987572,nenhuma,36.5,0.0,40,0,terminal,0.9983333333333334,j6027_1.sm,5,adaptativa,GF,0,1.375,0.35,0.0625
True,204,96,0.7019318941411712,1.7763568394002505e-15,21.07499630024114,251.0,488.0,45.0,85.0,77.2241436429934,46,14,4,6,0.23333333333333334,0.3,346.0,0.18246630019324955,0.2231911665982468,0.060910393931332775,0.1110780520917136,18,6,45,79,42,124,1,13,39,0.7631789564580391,0.24360497938515846,9,60,84,39,39,45,0.7631789564580391,nenhuma,77.2241436429934,0.0,83,0,terminal,0.634608931531658,j6027_1.sm,6,centralizada,GF,0,2.125,0.3,0.09090909090909091
True,151,96,0.6897887862411188,0.0,7.751232197460029,316.0,418.0,78.0,50.0,59.98259690160603,56,4,11,2,0.06666666666666667,0.25,346.0,0.14774671958695662,0.17336010665204055,0.022402405194971182,0.09898402562762947,15,2,78,48,45,126,4,14,1,0.7631789564580391,0.24360497938515846,9,60,121,43,1,78,0.7631789564580391,nenhuma,59.98259690160603,0.0,65,0,terminal,0.9104649880819565,j6027_1.sm,6,adaptativa,GF,0,1.5729166666666667,0.25,0.03225806451612903
True,186,96,0.6156175792198482,0.0,35.067330381192725,247.0,463.0,69.0,142.0,78.09028401486611,45,15,3,13,0.25,0.3,346.0,0.18413598933600828,0.22569446247071132,0.10135066584159748,0.10383099698881704,29,13,69,129,31,198,31,6,33,0.5858494645010164,0.43100241340042456,24,60,134,65,33,69,0.5858494645010164,nenhuma,78.0902840148661,0.0,85,0,terminal,0.7181215959171476,j6027_1.sm,7,centralizada,GF,0,1.9375,0.48333333333333334,0.1780821917808219
True,138,96,0.6101063960496839,0.0,4.0,332.0,379.0,148.0,66.0,28.203125313795674,57,3,6,1,0.05,0.15,346.0,0.07536849215287918,0.08151192287224183,0.011560693641618497,0.04540081040247358,29,1,148,65,31,213,33,0,2,0.5858494645010164,0.43100241340042456,24,60,178,30,2,148,0.5858494645010164,nenhuma,28.203125313795674,0.0,31,0,terminal,1.0,j6027_1.sm,7,adaptativa,GF,0,1.4375,0.48333333333333334,0.01639344262295082
True,209,96,0.5475373478577278,0.0,15.889781396890548,274.0,444.0,140.0,162.0,64.90358810622911,49,11,4,8,0.18333333333333332,0.25,346.0,0.15795332526872427,0.1875826245844772,0.04592422369043511,0.0800386002210249,33,8,140,154,27,294,32,14,28,0.5273323364698471,0.27249021043639565,29,60,234,94,28,140,0.5273323364698471,nenhuma,64.90358810622911,0.0,70,0,terminal,0.7806938739768671,j6027_1.sm,8,centralizada,GF,0,2.1770833333333335,0.55,0.11764705882352941
True,178,96,0.4629398773994374,0.0,10.217066318407042,295.0,422.0,236.0,116.0,137.56545504479544,54,6,22,20,0.1,0.4666666666666667,346.0,0.28448156006522834,0.39758802036068047,0.029529093405800698,0.15091122012520242,46,20,236,96,14,332,15,8,4,0.5273323364698471,0.27249021043639565,29,60,313,77,4,236,0.5273323364698471,nenhuma,137.56545504479544,0.0,148,0,terminal,0.98,j6027_1.sm,8,adaptativa,GF,0,1.8541666666666667,0.7666666666666667,0.25
True,235,96,0.6379620762570273,0.0,21.267389882273328,271.0,456.0,77.0,136.0,45.77602975303357,49,11,4,6,0.18333333333333332,0.25,346.0,0.116842344290154,0.13230066402610857,0.061466444746454706,0.06404248022817709,22,6,77,130,38,207,24,7,66,0.6872143627230507,0.3512385487549321,15,60,117,40,66,77,0.6872143627230507,nenhuma,45.77602975303357,0.0,50,0,terminal,0.7541609397599758,j6027_1.sm,9,centralizada,GF,0,2.4479166666666665,0.36666666666666664,0.09090909090909091
True,147,96,0.6179476161516393,0.0,9.776998453763062,317.0,427.0,121.0,69.0,73.9970826640712,56,4,14,4,0.06666666666666667,0.3,346.0,0.17618475393853328,0.21386440076321156,0.028257220964633126,0.10708740242257281,21,4,121,65,39,186,11,5,0,0.6872143627230507,0.3512385487549321,15,60,175,54,0,121,0.6872143627230507,nenhuma,73.9970826640712,0.0,80,0,terminal,0.9633333333333333,j6027_1.sm,9,adaptativa,GF,0,1.53125,0.35,0.0625
True,189,96,0.5460764273123123,1.7763568394002505e-15,19.5,234.0,425.0,144.0,147.0,62.27933736633119,43,17,1,12,0.2833333333333333,0.3,346.0,0.15254099746529828,0.17999808487378957,0.05635838150289017,0.08002183069266902,25,12,144,135,35,279,32,3,17,0.5820371027673271,0.4175993861121362,25,60,230,86,17,144,0.5820371027673271,nenhuma,62.27933736633119,0.0,68,0,terminal,0.855,j6027_1.sm,10,centralizada,GF,0,1.96875,0.4166666666666667,0.16666666666666666
True,146,96,0.522968399094673,0.0,7.5,316.0,381.0,205.0,91.0,51.533503476617554,55,5,11,9,0.08333333333333333,0.26666666666666666,346.0,0.1296331077152814,0.1489407614931143,0.02167630057803468,0.07073594176615865,24,9,205,82,36,287,39,4,5,0.5820371027673271,0.4175993861121362,25,60,243,38,5,205,0.5820371027673271,nenhuma,51.533503476617554,0.0,57,0,terminal,1.0,j6027_1.sm,10,adaptativa,GF,0,1.5208333333333333,0.4,0.13043478260869565
True,268,96,0.717030829120048,1.7763568394002505e-15,21.14129263233139,221.0,517.0,30.0,81.0,93.02896975081381,39,21,3,13,0.35,0.4,346.0,0.21189710966821995,0.2688698547711382,0.06110200182754737,0.12902251317719515,23,13,30,68,37,98,0,4,30,0.7131697048371954,0.48671389683598903,12,60,68,38,30,30,0.7131697048371954,nenhuma,93.02896975081381,0.0,102,0,terminal,0.5166057402052536,j6027_1.sm,11,centralizada,GF,0,2.7916666666666665,0.38333333333333336,0.1780821917808219
True,131,96,0.6976320015510611,0.0,8.5,310.0,408.0,74.0,45.0,57.83555670164833,55,5,13,2,0.08333333333333333,0.3,346.0,0.14321561274599934,0.16715478815505297,0.024566473988439308,0.0988919979965461,17,2,74,43,43,117,4,2,5,0.7131697048371954,0.48671389683598903,12,60,108,34,5,74,0.7131697048371954,nenhuma,57.83555670164833,0.0,63,0,terminal,0.9554873159674674,j6027_1.sm,11,adaptativa,GF,0,1.3645833333333333,0.2833333333333333,0.03225806451612903
True,153,65,0.7360408641310748,3.1086244689504383e-15,31.13473272967248,214.0,532.0,25.0,82.0,83.78595649447658,42,18,2,26,0.3,0.3333333333333333,324.0,0.2054655270984337,0.2585986311557919,0.0960948541039274,0.11592084176737441,36,26,25,56,24,81,11,13,24,0.6268507180531939,0.4857196752206667,15,60,46,21,24,25,0.6268507180531939,nenhuma,83.78595649447658,0.0,92,0,terminal,0.4468430769417644,j602_1.sm,0,centralizada,GF,0,2.353846153846154,0.6,0.3023255813953488
True,124,65,0.714583194649111,0.0,5.7649662798900305,292.0,436.0,72.0,50.0,52.14589101006424,55,5,9,11,0.08333333333333333,0.23333333333333334,324.0,0.13863208998518348,0.16094410805575382,0.017793105802129724,0.08546462703164234,26,11,72,39,34,111,14,9,1,0.6268507180531939,0.4857196752206667,15,60,96,24,1,72,0.6268507180531939,nenhuma,52.14589101006424,0.0,56,0,terminal,0.965,j602_1.sm,0,adaptativa,GF,0,1.9076923076923078,0.43333333333333335,0.15492957746478872
True,216,65,0.6651750494902614,2.6645352591003757e-15,36.562149951716314,210.0,494.0,51.0,105.0,92.66165031079169,38,22,2,16,0.36666666666666664,0.4,324.0,0.22239063816330235,0.28599274787281387,0.11284614182628493,0.12476967172334039,34,16,51,89,26,140,18,18,25,0.6586427040007742,0.39362113220747674,13,60,97,46,25,51,0.6586427040007742,nenhuma,92.66165031079167,0.0,104,0,terminal,0.653189518432752,j602_1.sm,1,centralizada,GF,0,3.3230769230769233,0.5666666666666667,0.21052631578947367
True,117,65,0.7658967203917728,0.0,7.424461805496542,300.0,424.0,39.0,51.0,39.599445866689145,56,4,8,11,0.06666666666666667,0.2,324.0,0.10890953305030053,0.12222051193422576,0.022915005572520193,0.07153086254393576,23,11,39,40,37,79,6,23,1,0.6586427040007742,0.39362113220747674,13,60,72,33,1,39,0.6586427040007742,nenhuma,39.59944586668914,0.0,44,0,terminal,0.9249999999999999,j602_1.sm,1,adaptativa,GF,0,1.8,0.38333333333333336,0.15492957746478872
True,198,65,0.6378411111246901,2.4424906541753444e-15,43.543024724529644,200.0,495.0,41.0,148.0,92.05533943583254,35,25,1,29,0.4166666666666667,0.43333333333333335,324.0,0.22125744032190234,0.28412141801182883,0.13439205161891865,0.11861955553679178,42,29,41,119,18,160,10,39,32,0.7659648859265082,0.2570239140832174,6,60,118,77,32,41,0.7659648859265082,nenhuma,92.05533943583254,0.0,105,0,terminal,0.5466734420017485,j602_1.sm,2,centralizada,GF,0,3.046153846153846,0.7,0.3258426966292135
True,117,65,0.7336910271662714,0.0,4.0,313.0,433.0,47.0,43.0,67.16668320501634,57,3,19,11,0.05,0.36666666666666664,324.0,0.17170859914419978,0.2073045777932603,0.012345679012345678,0.1138096831224942,32,11,47,32,28,79,4,10,2,0.7659648859265082,0.2570239140832174,6,60,73,26,2,47,0.7659648859265082,nenhuma,67.16668320501634,0.0,76,0,terminal,0.9589603666837873,j602_1.sm,2,adaptativa,GF,0,1.8,0.5333333333333333,0.15492957746478872
True,218,65,0.6814869678526358,0.0,31.89075048273685,253.0,502.0,47.0,131.0,56.624504474093015,46,14,3,17,0.23333333333333334,0.2833333333333333,324.0,0.1487673647085093,0.17476698911757105,0.09842824223066929,0.07687024274941764,33,17,47,114,27,161,19,17,35,0.794910294566222,0.24332019624229823,6,60,107,60,35,47,0.794910294566222,nenhuma,56.62450447409302,0.0,63,0,terminal,0.5851538529547197,j602_1.sm,3,centralizada,GF,0,3.353846153846154,0.55,0.22077922077922077
True,128,65,0.6528527902239695,0.0,2.0289211597163836,317.0,413.0,86.0,73.0,60.608156362960585,57,3,12,7,0.05,0.25,324.0,0.15758416809487458,0.18706221099679193,0.006262102344803653,0.09580678932660884,28,7,86,66,32,152,11,34,3,0.794910294566222,0.24332019624229823,6,60,138,52,3,86,0.794910294566222,nenhuma,60.608156362960585,0.0,66,0,terminal,0.9016666666666667,j602_1.sm,3,adaptativa,GF,0,1.9692307692307693,0.4666666666666667,0.1044776119402985
True,195,65,0.7020290775356656,6.217248937900877e-15,44.87632759469893,209.0,514.0,26.0,94.0,98.16340525992945,40,20,4,19,0.3333333333333333,0.4,324.0,0.23252466707645927,0.3029734730244736,0.13850718393425596,0.13407308335094936,41,19,26,75,19,101,4,15,28,0.7496468789669437,0.35303232464984247,6,60,69,43,28,26,0.7496468789669437,nenhuma,98.16340525992943,0.0,108,0,terminal,0.4703319318210824,j602_1.sm,4,centralizada,GF,0,3.0,0.6833333333333333,0.24050632911392406
True,139,65,0.6444163560986161,0.0,9.91849540165922,273.0,441.0,93.0,77.0,73.3401720432326,53,7,10,13,0.11666666666666667,0.2833333333333333,324.0,0.18457779304341979,0.2263585556889895,0.03061264012857784,0.10716917556404887,36,13,93,64,24,157,10,6,1,0.7496468789669437,0.35303232464984247,6,60,146,53,1,93,0.7496468789669437,nenhuma,73.3401720432326,0.0,81,0,terminal,0.8949999999999999,j602_1.sm,4,adaptativa,GF,0,2.1384615384615384,0.6,0.1780821917808219
True,193,65,0.7201952267073811,0.0,31.46511570271141,177.0,510.0,12.0,91.0,95.1413220851789,34,26,2,17,0.43333333333333335,0.4666666666666667,324.0,0.22699103398314913,0.2936460558184534,0.09711455463799819,0.13435358044779486,38,17,12,74,22,86,9,25,33,0.6863255838987572,0.3910769205246226,10,60,44,32,33,12,0.6863255838987572,nenhuma,95.1413220851789,0.0,105,0,terminal,0.2894120419226773,j602_1.sm,5,centralizada,GF,0,2.9692307692307693,0.6333333333333333,0.22077922077922077
True,132,65,0.6681096062934389,0.0,8.190043952588702,311.0,414.0,55.0,59.0,91.6588046335739,58,2,20,6,0.03333333333333333,0.36666666666666664,324.0,0.22051452684702824,0.28289754516535154,0.02527791343391575,0.14791818327793305,24,6,55,53,36,108,5,25,0,0.6863255838987572,0.3910769205246226,10,60,103,48,0,55,0.6863255838987572,nenhuma,91.6588046335739,0.0,99,0,terminal,0.9491432124831968,j602_1.sm,5,adaptativa,GF,0,2.0307692307692307,0.4,0.09090909090909091
True,206,65,0.7538240687881345,0.0,48.30127654353684,194.0,544.0,17.0,63.0,97.65379499562461,38,22,4,22,0.36666666666666664,0.43333333333333335,324.0,0.23159709732160227,0.30140060183834755,0.14907801402326185,0.13531945050772815,32,22,17,41,28,58,10,4,24,0.7631789564580391,0.24360497938515846,6,60,24,7,24,17,0.7631789564580391,nenhuma,97.65379499562461,0.0,111,0,terminal,0.4002145064800187,j602_1.sm,6,centralizada,GF,0,3.169230769230769,0.5333333333333333,0.2682926829268293
True,118,65,0.7324827282350631,0.0,11.178697228639198,290.0,432.0,51.0,35.0,71.77499857357134,55,5,14,8,0.08333333333333333,0.31666666666666665,324.0,0.1813530385503342,0.22152777337522017,0.03450215194024444,0.12169895086629004,25,8,51,27,35,78,3,5,0,0.7631789564580391,0.24360497938515846,6,60,75,24,0,51,0.7631789564580391,nenhuma,71.77499857357134,0.0,81,0,terminal,0.9383333333333334,j602_1.sm,6,adaptativa,GF,0,1.8153846153846154,0.4166666666666667,0.11764705882352941
True,170,65,0.6662921038902758,8.43769498715119e-15,47.71192175712952,208.0,489.0,39.0,113.0,92.91234436800099,43,17,3,15,0.2833333333333333,0.3333333333333333,324.0,0.22285822337270242,0.286766494962966,0.14725901776891825,0.12659869408248098,43,15,39,98,17,137,14,0,41,0.5858494645010164,0.43100241340042456,19,60,82,43,41,39,0.5858494645010164,nenhuma,92.91234436800097,0.0,100,0,terminal,0.5106067782502226,j602_1.sm,7,centralizada,GF,0,2.6153846153846154,0.7166666666666667,0.2
True,127,65,0.6162627160797173,0.0,8.555198538636299,284.0,405.0,118.0,67.0,67.18725055502267,53,7,12,14,0.11666666666666667,0.31666666666666665,324.0,0.17175214800507005,0.2073680572685885,0.026404933761223146,0.10223456176041176,37,14,118,53,23,171,11,10,1,0.5858494645010164,0.43100241340042456,19,60,159,41,1,118,0.5858494645010164,nenhuma,67.18725055502267,0.0,73,0,terminal,1.0,j602_1.sm,7,adaptativa,GF,0,1.9538461538461538,0.6166666666666667,0.1891891891891892
True,171,65,0.6120203302703486,7.771561172376096e-15,41.17986922547564,231.0,480.0,84.0,109.0,111.28767192744878,42,18,9,20,0.3,0.45,324.0,0.2556646537556836,0.34348046891187894,0.12709836180702358,0.1418964952667821,54,20,84,89,6,173,14,15,17,0.5273323364698471,0.27249021043639565,29,60,142,58,17,84,0.5273323364698471,nenhuma,111.28767192744878,0.0,124,0,terminal,0.7249809517474578,j602_1.sm,8,centralizada,GF,0,2.6307692307692307,0.9,0.25
True,151,65,0.5859482267320362,0.0,4.49153239052961,309.0,439.0,143.0,87.0,80.21295085813439,56,4,21,16,0.06666666666666667,0.4166666666666667,324.0,0.1984423079167657,0.24757083598189628,0.013862754291758055,0.10706295288443692,50,16,143,71,10,214,24,17,5,0.5273323364698471,0.27249021043639565,29,60,185,42,5,143,0.5273323364698471,nenhuma,80.21295085813438,0.0,88,0,terminal,1.0,j602_1.sm,8,adaptativa,GF,0,2.3230769230769233,0.8333333333333334,0.21052631578947367
True,199,65,0.7302131359103963,3.3306690738754696e-15,14.39440503594091,266.0,505.0,30.0,114.0,42.57890369965629,47,13,3,15,0.21666666666666667,0.26666666666666666,324.0,0.11615208423052581,0.1314163694433836,0.04442717603685466,0.0615676728597085,36,15,30,99,24,129,14,22,21,0.6872143627230507,0.3512385487549321,10,60,94,64,21,30,0.6872143627230507,nenhuma,42.57890369965628,0.0,48,0,terminal,0.44760353447083373,j602_1.sm,9,centralizada,GF,0,3.0615384615384613,0.6,0.2
True,125,65,0.6825822283502274,0.0,10.0,285.0,426.0,65.0,64.0,69.10063184566664,54,6,16,14,0.1,0.36666666666666664,324.0,0.17578356850058668,0.21327355507921802,0.030864197530864196,0.11072033630428127,34,14,65,50,26,115,8,15,0,0.6872143627230507,0.3512385487549321,10,60,107,42,0,65,0.6872143627230507,nenhuma,69.10063184566664,0.0,78,0,terminal,0.94,j602_1.sm,9,adaptativa,GF,0,1.9230769230769231,0.5666666666666667,0.1891891891891892
True,228,65,0.6148612934952689,0.0,49.38560973684762,181.0,481.0,79.0,111.0,111.29025812583718,35,25,2,28,0.4166666666666667,0.45,324.0,0.25566907608960204,0.3434884510056703,0.15242472141002353,0.14226210408456258,40,28,79,83,20,162,16,11,17,0.5820371027673271,0.4175993861121362,19,60,129,50,17,79,0.5820371027673271,nenhuma,111.29025812583718,0.0,120,0,terminal,0.7687514608739251,j602_1.sm,10,centralizada,GF,0,3.5076923076923077,0.6666666666666666,0.3181818181818182
True,145,65,0.6300188587076263,0.0,18.019750185719737,274.0,458.0,107.0,87.0,74.96236576077578,54,6,13,19,0.1,0.31666666666666665,324.0,0.18789332577229706,0.23136532642214747,0.05561651291888808,0.10311725790966726,34,19,107,68,26,175,9,19,2,0.5820371027673271,0.4175993861121362,19,60,164,57,2,107,0.5820371027673271,nenhuma,74.96236576077581,0.0,83,0,terminal,0.9543860448264723,j602_1.sm,10,adaptativa,GF,0,2.230769230769231,0.5666666666666667,0.24050632911392406
True,195,65,0.7232393118285189,0.0,18.0,234.0,510.0,18.0,103.0,74.16078379450947,43,17,5,28,0.2833333333333333,0.36666666666666664,324.0,0.18625838307768602,0.22889130800774526,0.05555555555555555,0.10516861614942079,36,28,18,75,24,93,3,16,25,0.7131697048371954,0.48671389683598903,8,60,65,47,25,18,0.7131697048371954,nenhuma,74.16078379450948,0.0,82,0,terminal,0.3228206594546587,j602_1.sm,11,centralizada,GF,0,3.0,0.6,0.3181818181818182
True,121,65,0.7358483160169653,0.0,9.0,282.0,419.0,48.0,42.0,60.410829487227815,54,6,11,10,0.1,0.2833333333333333,324.0,0.1571517367702956,0.18645317742971548,0.027777777777777776,0.10609357314406831,31,10,48,32,29,80,6,9,0,0.7131697048371954,0.48671389683598903,8,60,74,26,0,48,0.7131697048371954,nenhuma,60.410829487227815,0.0,67,0,terminal,0.965,j602_1.sm,11,adaptativa,GF,0,1.8615384615384616,0.5166666666666667,0.14285714285714285
True,178,69,0.7011093561790965,1.7763568394002505e-15,24.046690143644007,270.0,517.0,60.0,108.0,52.40279664437069,47,13,1,19,0.21666666666666667,0.23333333333333334,337.0,0.13457221441639647,0.15549791289130768,0.07135516363099112,0.07106400583620669,33,19,60,89,27,149,8,4,36,0.6268507180531939,0.4857196752206667,14,60,105,45,36,60,0.6268507180531939,nenhuma,52.402796644370696,0.0,57,0,terminal,0.7223945417158532,j6032_1.sm,0,centralizada,GF,0,2.579710144927536,0.55,0.24050632911392406
True,122,69,0.7016806798122555,0.0,5.802604663729501,306.0,424.0,88.0,55.0,37.263466557818234,54,6,7,8,0.1,0.21666666666666667,337.0,0.09956479829714177,0.1105740847413004,0.017218411465072705,0.06166758147747912,20,8,88,47,40,135,18,11,4,0.6268507180531939,0.4857196752206667,14,60,113,25,4,88,0.6268507180531939,nenhuma,37.263466557818234,0.0,40,0,terminal,0.9783333333333334,j6032_1.sm,0,adaptativa,GF,0,1.7681159420289856,0.3333333333333333,0.11764705882352941
True,235,69,0.78961285424403,3.552713678800501e-15,27.61948542884472,259.0,546.0,14.0,77.0,54.47810482737987,48,12,2,15,0.2,0.23333333333333334,337.0,0.13916003003897676,0.16165609741062276,0.08195693005591904,0.07878500338196501,27,15,14,62,33,76,10,15,25,0.6586427040007742,0.39362113220747674,13,60,41,27,25,14,0.6586427040007742,nenhuma,54.47810482737987,0.0,59,0,terminal,0.3216929005893472,j6032_1.sm,1,centralizada,GF,0,3.4057971014492754,0.45,0.2
True,133,69,0.6364782742665321,0.0,5.5,309.0,428.0,84.0,78.0,82.45028982838525,54,6,16,7,0.1,0.36666666666666664,337.0,0.19656748803802027,0.24465961373408088,0.016320474777448073,0.12261172472604218,25,7,84,71,35,155,15,34,0,0.6586427040007742,0.39362113220747674,13,60,140,56,0,84,0.6586427040007742,nenhuma,82.45028982838525,0.0,88,0,terminal,0.9283333333333333,j6032_1.sm,1,adaptativa,GF,0,1.9275362318840579,0.4166666666666667,0.1044776119402985
True,247,69,0.7731950325944973,1.7763568394002505e-15,32.41120339554131,241.0,586.0,9.0,78.0,84.89416033060333,46,14,4,9,0.23333333333333334,0.3,337.0,0.2012214633738444,0.2519114549869535,0.09617567773157658,0.11201321341963023,28,9,9,69,32,78,0,16,38,0.7659648859265082,0.2570239140832174,2,60,40,31,38,9,0.7659648859265082,nenhuma,84.89416033060333,0.0,91,0,terminal,0.2719347529927378,j6032_1.sm,2,centralizada,GF,0,3.579710144927536,0.4666666666666667,0.13043478260869565
True,123,69,0.6913178983131638,0.0,4.2355556027276355,323.0,429.0,51.0,81.0,59.55387405240443,58,2,15,5,0.03333333333333333,0.2833333333333333,337.0,0.15017852037056234,0.17671772715847012,0.012568414251417316,0.09596890220586268,27,5,51,76,33,127,3,38,1,0.7659648859265082,0.2570239140832174,2,60,123,72,1,51,0.7659648859265082,nenhuma,59.55387405240443,0.0,66,0,terminal,0.9109620273702842,j6032_1.sm,2,adaptativa,GF,0,1.7826086956521738,0.45,0.07692307692307693
True,176,69,0.6954965889999429,3.552713678800501e-15,16.53857973053992,260.0,526.0,57.0,129.0,44.29414769141762,47,13,0,12,0.21666666666666667,0.21666666666666667,337.0,0.11616791907140676,0.13143664003388017,0.049075904244925576,0.058567354813765495,29,12,57,117,31,174,0,13,50,0.794910294566222,0.24332019624229823,0,60,124,67,50,57,0.794910294566222,nenhuma,44.29414769141762,0.0,49,0,terminal,0.5946920422355538,j6032_1.sm,3,centralizada,GF,0,2.550724637681159,0.48333333333333334,0.16666666666666666
True,141,69,0.6371163545231692,0.0,11.548443694743286,281.0,466.0,95.0,71.0,99.42055872786993,52,8,18,6,0.13333333333333333,0.43333333333333335,337.0,0.22780906338984738,0.2950164947414538,0.034268378916152184,0.13592803420892088,32,6,95,65,28,160,0,20,3,0.794910294566222,0.24332019624229823,0,60,157,62,3,95,0.794910294566222,nenhuma,99.4205587278699,0.0,108,0,terminal,0.8416666666666667,j6032_1.sm,3,adaptativa,GF,0,2.0434782608695654,0.5333333333333333,0.09090909090909091
True,189,69,0.6731146194123379,2.6645352591003757e-15,37.31119980446837,195.0,572.0,38.0,129.0,110.78097860864192,37,23,1,10,0.38333333333333336,0.4,337.0,0.247399920722099,0.32872693949151904,0.11071572642275482,0.1303641542907034,32,10,38,119,28,157,0,8,61,0.7496468789669437,0.35303232464984247,2,60,96,58,61,38,0.7496468789669437,nenhuma,110.7809786086419,0.0,120,0,terminal,0.4413039670346978,j6032_1.sm,4,centralizada,GF,0,2.739130434782609,0.5333333333333333,0.14285714285714285
True,129,69,0.65403108642128,0.0,7.0,313.0,430.0,100.0,78.0,49.461103802984596,57,3,8,6,0.05,0.18333333333333332,337.0,0.1279846880223153,0.1467688540147911,0.020771513353115726,0.07523046385084121,21,6,100,72,39,172,1,15,3,0.7496468789669437,0.35303232464984247,2,60,168,68,3,100,0.7496468789669437,nenhuma,49.461103802984596,0.0,53,0,terminal,0.8924107019135702,j6032_1.sm,4,adaptativa,GF,0,1.8695652173913044,0.35,0.09090909090909091
True,183,69,0.6856743900440174,0.0,26.497719808803332,229.0,531.0,44.0,107.0,92.42005667721095,43,17,6,19,0.2833333333333333,0.38333333333333336,337.0,0.21522063359672514,0.2742434916237714,0.07862824869081107,0.11934099056493434,34,19,44,88,26,132,0,4,45,0.6863255838987572,0.3910769205246226,9,60,87,43,45,44,0.6863255838987572,nenhuma,92.42005667721095,0.0,104,0,terminal,0.5536598987896363,j6032_1.sm,5,centralizada,GF,0,2.652173913043478,0.5666666666666667,0.24050632911392406
True,124,69,0.6622559352104546,0.0,9.168030413687319,295.0,405.0,65.0,65.0,76.54604808682814,53,7,12,9,0.11666666666666667,0.31666666666666665,337.0,0.18509679500251572,0.2271396085662556,0.027204838022811036,0.1251680855861896,23,9,65,56,37,121,5,15,4,0.6863255838987572,0.3910769205246226,9,60,112,47,4,65,0.6863255838987572,nenhuma,76.54604808682814,0.0,80,0,terminal,0.9833992770766843,j6032_1.sm,5,adaptativa,GF,0,1.7971014492753623,0.38333333333333336,0.13043478260869565
True,195,69,0.8055350262539283,0.0,31.765059189112183,250.0,585.0,12.0,58.0,71.225404152185,44,16,3,6,0.26666666666666666,0.31666666666666665,337.0,0.17447567796548114,0.21135134763259647,0.09425833587273645,0.09807616718577265,29,6,12,52,31,64,0,11,24,0.7631789564580391,0.24360497938515846,2,60,40,28,24,12,0.7631789564580391,nenhuma,71.22540415218499,0.0,79,0,terminal,0.3174868060958504,j6032_1.sm,6,centralizada,GF,0,2.8260869565217392,0.48333333333333334,0.09090909090909091
True,122,69,0.7269227783629683,0.0,6.0,307.0,475.0,43.0,66.0,69.43942181823088,54,6,13,10,0.1,0.31666666666666665,337.0,0.170848146342669,0.20605169679000263,0.017804154302670624,0.1062675735495295,23,10,43,56,37,99,0,29,0,0.7631789564580391,0.24360497938515846,2,60,99,56,0,43,0.7631789564580391,nenhuma,69.43942181823088,0.0,75,0,terminal,0.8251957397707287,j6032_1.sm,6,adaptativa,GF,0,1.7681159420289856,0.38333333333333336,0.14285714285714285
True,167,69,0.6586200473702186,0.0,34.94832656660105,255.0,461.0,59.0,129.0,50.94832656660105,47,13,1,5,0.21666666666666667,0.23333333333333334,337.0,0.13132761009050128,0.15118197794243635,0.10370423313531468,0.07278869686925846,29,5,59,124,31,183,20,10,42,0.5858494645010164,0.43100241340042456,19,60,121,62,42,59,0.5858494645010164,nenhuma,50.948326566601054,0.0,55,0,terminal,0.7763159703668387,j6032_1.sm,7,centralizada,GF,0,2.420289855072464,0.48333333333333334,0.07692307692307693
True,128,69,0.6529395650914065,0.0,7.2628880060958565,297.0,415.0,95.0,65.0,60.587154137156936,55,5,11,6,0.08333333333333333,0.26666666666666666,337.0,0.15238710181329448,0.17978384016960516,0.021551596457257734,0.09532469896973797,32,6,95,59,28,154,12,16,1,0.5858494645010164,0.43100241340042456,19,60,141,46,1,95,0.5858494645010164,nenhuma,60.587154137156936,0.0,66,0,terminal,0.971490813306536,j6032_1.sm,7,adaptativa,GF,0,1.855072463768116,0.5333333333333333,0.09090909090909091
True,233,69,0.5573297714455677,0.0,44.36424282974387,216.0,470.0,130.0,151.0,92.3068249358776,41,19,1,10,0.31666666666666665,0.3333333333333333,337.0,0.2150136442616881,0.27390749239132817,0.1316446374769848,0.10945817371144402,40,10,130,141,20,271,16,14,29,0.5273323364698471,0.27249021043639565,28,60,226,96,29,130,0.5273323364698471,nenhuma,92.30682493587761,0.0,102,0,terminal,0.8383333333333333,j6032_1.sm,8,centralizada,GF,0,3.3768115942028984,0.6666666666666666,0.14285714285714285
True,156,69,0.549425278170887,0.0,9.568601421139059,313.0,450.0,175.0,92.0,102.03767059665044,56,4,19,10,0.06666666666666667,0.38333333333333336,337.0,0.23241210818648353,0.30278240533130696,0.02839347602711887,0.1245823901143867,44,10,175,82,16,257,15,18,2,0.5273323364698471,0.27249021043639565,28,60,240,65,2,175,0.5273323364698471,nenhuma,102.03767059665044,0.0,108,0,terminal,0.9477537452854522,j6032_1.sm,8,adaptativa,GF,0,2.260869565217391,0.7333333333333333,0.14285714285714285
True,206,69,0.6403994130323098,0.0,48.76160619057577,194.0,529.0,62.0,122.0,113.04697823686256,37,23,3,18,0.38333333333333336,0.43333333333333335,337.0,0.25118928401595714,0.3354509739966248,0.14469319344384501,0.1368529650434085,37,18,62,104,23,166,13,18,33,0.6872143627230507,0.3512385487549321,9,60,120,58,33,62,0.6872143627230507,nenhuma,113.04697823686254,0.0,126,0,terminal,0.5664737973742452,j6032_1.sm,9,centralizada,GF,0,2.9855072463768115,0.6166666666666667,0.23076923076923078
True,139,69,0.6530291701861876,0.0,7.930823410944687,299.0,453.0,92.0,60.0,88.69029850664026,55,5,17,10,0.08333333333333333,0.36666666666666664,337.0,0.20834465529934268,0.26317595996035686,0.023533600625948628,0.12785287425465022,24,10,92,50,36,142,9,12,2,0.6872143627230507,0.3512385487549321,9,60,131,39,2,92,0.6872143627230507,nenhuma,88.69029850664027,0.0,97,0,terminal,0.9666666666666667,j6032_1.sm,9,adaptativa,GF,0,2.0144927536231885,0.4,0.14285714285714285
True,221,69,0.600544805951213,0.0,37.28817211490285,212.0,494.0,102.0,127.0,99.5864167079843,37,23,3,20,0.38333333333333336,0.43333333333333335,337.0,0.22810241660494396,0.2955086549198347,0.11064739499971171,0.12106499048030983,40,20,102,107,20,209,12,5,40,0.5820371027673271,0.4175993861121362,20,60,157,55,40,102,0.5820371027673271,nenhuma,99.58641670798431,0.0,110,0,terminal,0.7552266302752794,j6032_1.sm,10,centralizada,GF,0,3.2028985507246377,0.6666666666666666,0.25
True,138,69,0.6033905496071205,0.0,3.5,320.0,439.0,152.0,85.0,51.55531270060763,57,3,13,13,0.05,0.26666666666666666,337.0,0.132684616618104,0.15298312374067546,0.010385756676557863,0.07086102156170067,32,13,152,72,28,224,21,16,1,0.5820371027673271,0.4175993861121362,20,60,202,50,1,152,0.5820371027673271,nenhuma,51.55531270060764,0.0,57,0,terminal,0.9972577251733,j6032_1.sm,10,adaptativa,GF,0,2.0,0.5333333333333333,0.1780821917808219
True,199,69,0.797240603204971,0.0,16.548368608436462,242.0,559.0,8.0,63.0,71.16850264873018,47,13,6,14,0.21666666666666667,0.31666666666666665,337.0,0.17436059418327485,0.21118250044133585,0.04910495136034559,0.10149985685307376,21,14,8,49,39,57,0,19,17,0.7131697048371954,0.48671389683598903,7,60,40,32,17,8,0.7131697048371954,nenhuma,71.16850264873018,0.0,76,0,terminal,0.25864230209492317,j6032_1.sm,11,centralizada,GF,0,2.8840579710144927,0.35,0.1891891891891892
True,126,69,0.7194142820010863,0.0,22.27648769861994,250.0,449.0,34.0,43.0,98.11883004474751,49,11,15,16,0.18333333333333332,0.43333333333333335,337.0,0.2254989287286349,0.2911537983523665,0.0661023373846289,0.15721177654215734,23,16,34,27,37,61,0,8,1,0.7131697048371954,0.48671389683598903,7,60,60,26,1,34,0.7131697048371954,nenhuma,98.11883004474751,0.0,106,0,terminal,0.960640363738927,j6032_1.sm,11,adaptativa,GF,0,1.826086956521739,0.38333333333333336,0.21052631578947367
True,246,78,0.7142301848381171,3.552713678800501e-15,34.900180520894146,274.0,501.0,45.0,95.0,60.45453193574216,48,12,1,8,0.2,0.21666666666666667,353.0,0.1462180899377294,0.1712592972683914,0.09886736691471429,0.08618453396959476,32,8,45,87,28,132,14,4,35,0.6268507180531939,0.4857196752206667,22,60,83,38,35,45,0.6268507180531939,nenhuma,60.45453193574217,0.0,68,0,terminal,0.6524268205842622,j6035_1.sm,0,centralizada,GF,0,3.1538461538461537,0.5333333333333333,0.11764705882352941
True,126,78,0.7347315685774459,0.0,5.746842742460355,330.0,435.0,76.0,50.0,31.052960024880033,56,4,5,13,0.06666666666666667,0.15,353.0,0.08085593201226293,0.08796872528294628,0.016280007769009504,0.05244963224839731,30,13,76,37,30,113,20,4,2,0.6268507180531939,0.4857196752206667,22,60,91,15,2,76,0.6268507180531939,nenhuma,31.052960024880033,0.0,35,0,terminal,0.9966666666666667,j6035_1.sm,0,adaptativa,GF,0,1.6153846153846154,0.5,0.1780821917808219
True,200,78,0.7636168436780542,2.6645352591003757e-15,27.791548462290706,264.0,548.0,36.0,76.0,57.63739175853013,45,15,2,15,0.25,0.2833333333333333,353.0,0.14036079742203075,0.16327873019413633,0.07872959904331644,0.08031548024175961,31,15,36,61,29,97,10,3,29,0.6586427040007742,0.39362113220747674,19,60,58,22,29,36,0.6586427040007742,nenhuma,57.63739175853012,0.0,65,0,terminal,0.52955661284164,j6035_1.sm,1,centralizada,GF,0,2.5641025641025643,0.5166666666666667,0.2
True,129,78,0.6542086453464306,0.0,5.5,329.0,412.0,92.0,57.0,68.76850417779006,55,5,15,6,0.08333333333333333,0.3333333333333333,353.0,0.16304798366072815,0.19481162656597753,0.015580736543909348,0.10919648048702038,24,6,92,51,36,143,14,17,1,0.6586427040007742,0.39362113220747674,19,60,128,36,1,92,0.6586427040007742,nenhuma,68.76850417779006,0.0,76,0,terminal,0.9499999999999998,j6035_1.sm,1,adaptativa,GF,0,1.6538461538461537,0.4,0.09090909090909091
True,232,78,0.6774461499004806,5.329070518200751e-15,36.56746689783716,231.0,523.0,39.0,127.0,83.01708220916258,41,19,0,9,0.31666666666666665,0.31666666666666665,353.0,0.19039869215339206,0.23517587028091383,0.10359055778424124,0.10753270118273207,31,9,39,118,29,157,9,30,25,0.7659648859265082,0.2570239140832174,11,60,123,84,25,39,0.7659648859265082,nenhuma,83.01708220916257,0.0,89,0,terminal,0.4969530009150575,j6035_1.sm,2,centralizada,GF,0,2.9743589743589745,0.5166666666666667,0.13043478260869565
True,138,78,0.6260562445540983,4.440892098500626e-16,5.027336912970208,342.0,434.0,98.0,91.0,70.22844995997411,57,3,16,10,0.05,0.31666666666666665,353.0,0.16593508769700102,0.1989474503115414,0.014241747628810787,0.10130635862395578,32,10,98,81,28,179,4,21,1,0.7659648859265082,0.2570239140832174,11,60,174,76,1,98,0.7659648859265082,nenhuma,70.2284499599741,0.0,77,0,terminal,0.892412031168193,j6035_1.sm,2,adaptativa,GF,0,1.7692307692307692,0.5333333333333333,0.14285714285714285
True,245,78,0.6864368771788337,8.881784197001252e-16,25.266088302973156,252.0,537.0,47.0,133.0,65.30062785525183,43,17,0,22,0.2833333333333333,0.2833333333333333,353.0,0.15610932307242048,0.18498761432082672,0.07157532097159534,0.08347254946513265,37,22,47,111,23,158,2,19,51,0.794910294566222,0.24332019624229823,8,60,105,58,51,47,0.794910294566222,nenhuma,65.3006278552518,0.0,71,0,terminal,0.5247586013967317,j6035_1.sm,3,centralizada,GF,0,3.141025641025641,0.6166666666666667,0.2682926829268293
True,149,78,0.6217031346203036,0.0,12.053378972251155,318.0,457.0,116.0,93.0,69.07752261713512,55,5,13,16,0.08333333333333333,0.3,353.0,0.16366074693770194,0.19568703290973122,0.034145549496462195,0.09397311234765386,36,16,116,77,24,193,7,27,1,0.794910294566222,0.24332019624229823,8,60,185,69,1,116,0.794910294566222,nenhuma,69.07752261713513,0.0,76,0,terminal,0.91636378695579,j6035_1.sm,3,adaptativa,GF,0,1.9102564102564104,0.6,0.21052631578947367
True,168,78,0.6774414041075384,8.881784197001252e-16,25.657691623291132,271.0,496.0,72.0,106.0,58.16664495644561,49,11,2,4,0.18333333333333332,0.21666666666666667,353.0,0.14146732394260028,0.16477803103808955,0.07268467881952162,0.07944454361193383,30,4,72,102,30,174,21,22,19,0.7496468789669437,0.35303232464984247,11,60,134,62,19,72,0.7496468789669437,nenhuma,58.16664495644561,0.0,64,0,terminal,0.6817609097296705,j6035_1.sm,4,centralizada,GF,0,2.1538461538461537,0.5,0.0625
True,134,78,0.7012263869427113,0.0,10.493031300439338,324.0,468.0,86.0,44.0,69.4021524495691,55,5,13,8,0.08333333333333333,0.3,353.0,0.16430350093411297,0.19660666416308528,0.029725301134389058,0.1039885055732021,33,8,86,36,27,122,13,4,1,0.7496468789669437,0.35303232464984247,11,60,108,22,1,86,0.7496468789669437,nenhuma,69.4021524495691,0.0,77,0,terminal,0.9633333333333334,j6035_1.sm,4,adaptativa,GF,0,1.7179487179487178,0.55,0.11764705882352941
True,191,78,0.6424855022953398,0.0,38.645527892722974,215.0,509.0,61.0,118.0,104.23577525337099,39,21,4,22,0.35,0.4166666666666667,353.0,0.22796942167443077,0.2952854823041671,0.10947741612669398,0.13157165897997292,33,22,61,96,27,157,11,8,34,0.6863255838987572,0.3910769205246226,15,60,112,51,34,61,0.6863255838987572,nenhuma,104.23577525337099,0.0,112,0,terminal,0.7064259256295721,j6035_1.sm,5,centralizada,GF,0,2.448717948717949,0.55,0.2682926829268293
True,142,78,0.5903487369850273,0.0,10.57635012364357,321.0,400.0,133.0,78.0,66.56560646312512,55,5,13,9,0.08333333333333333,0.3,353.0,0.15865362993945847,0.18857112312500035,0.029961331795024276,0.09824230425537071,33,9,133,69,27,202,18,13,2,0.6863255838987572,0.3910769205246226,15,60,182,49,2,133,0.6863255838987572,nenhuma,66.56560646312514,0.0,72,0,terminal,0.9769716214399112,j6035_1.sm,5,adaptativa,GF,0,1.8205128205128205,0.55,0.13043478260869565
True,241,78,0.7584536009585618,0.0,28.191451469058343,250.0,563.0,15.0,90.0,74.29985761615434,44,16,0,13,0.26666666666666666,0.26666666666666666,353.0,0.17388224286023116,0.21048118304859587,0.0798624687508735,0.10009412888042751,32,13,15,77,28,92,10,27,29,0.7631789564580391,0.24360497938515846,11,60,53,38,29,15,0.7631789564580391,nenhuma,74.29985761615434,0.0,81,0,terminal,0.3624433166578129,j6035_1.sm,6,centralizada,GF,0,3.08974358974359,0.5333333333333333,0.1780821917808219
True,136,78,0.6745817647434945,0.0,4.5,337.0,445.0,77.0,73.0,64.66799468587546,57,3,15,5,0.05,0.3,353.0,0.15483109912338797,0.18319545236791915,0.012747875354107648,0.09803112354521526,22,5,77,68,38,145,18,35,2,0.7631789564580391,0.24360497938515846,11,60,125,48,2,77,0.7631789564580391,nenhuma,64.66799468587546,0.0,72,0,terminal,0.9283333333333333,j6035_1.sm,6,adaptativa,GF,0,1.7435897435897436,0.36666666666666664,0.07692307692307693
True,198,78,0.7070634068693736,0.0,29.840284517260333,250.0,518.0,34.0,115.0,65.60756385841057,43,17,0,18,0.2833333333333333,0.2833333333333333,353.0,0.15672808979773145,0.18585712141192798,0.08453338390158735,0.08955348961028527,40,18,34,97,20,131,11,11,45,0.5858494645010164,0.43100241340042456,27,60,75,41,45,34,0.5858494645010164,nenhuma,65.60756385841057,0.0,75,0,terminal,0.5580346949161163,j6035_1.sm,7,centralizada,GF,0,2.5384615384615383,0.6666666666666666,0.23076923076923078
True,158,78,0.5882123773872338,0.0,5.0,320.0,430.0,159.0,80.0,62.02847973041059,54,6,12,11,0.1,0.3,353.0,0.14945595967462844,0.17571807289068156,0.014164305949008499,0.0848509756463736,34,11,159,69,26,228,14,6,3,0.5858494645010164,0.43100241340042456,27,60,211,52,3,159,0.5858494645010164,nenhuma,62.02847973041059,0.0,68,0,terminal,0.965,j6035_1.sm,7,adaptativa,GF,0,2.0256410256410255,0.5666666666666667,0.15492957746478872
True,254,78,0.5743394058704473,6.217248937900877e-15,44.21421870641651,194.0,512.0,116.0,133.0,130.45894355626177,33,27,2,23,0.45,0.48333333333333334,353.0,0.26984492746503475,0.3695720780630645,0.12525274421081165,0.14634318775896407,49,23,116,110,11,226,13,4,31,0.5273323364698471,0.27249021043639565,33,60,182,66,31,116,0.5273323364698471,nenhuma,130.45894355626177,0.0,145,0,terminal,0.8135272655341469,j6035_1.sm,8,centralizada,GF,0,3.2564102564102564,0.8166666666666667,0.27710843373493976
True,165,78,0.5846934539010663,0.0,5.0,330.0,451.0,164.0,83.0,73.34436342827945,57,3,17,9,0.05,0.3333333333333333,353.0,0.1720308035469492,0.20777440064668398,0.014164305949008499,0.09508640615755158,45,9,164,74,15,238,12,10,1,0.5273323364698471,0.27249021043639565,33,60,225,61,1,164,0.5273323364698471,nenhuma,73.34436342827948,0.0,79,0,terminal,0.9733333333333333,j6035_1.sm,8,adaptativa,GF,0,2.1153846153846154,0.75,0.13043478260869565
True,250,78,0.7129833074556327,8.881784197001252e-16,36.0882344373375,237.0,515.0,33.0,86.0,88.31705092485248,42,18,4,6,0.3,0.36666666666666664,353.0,0.20012154694628176,0.2501899459627549,0.10223295874599858,0.12226909334588129,36,6,33,80,24,113,13,15,23,0.6872143627230507,0.3512385487549321,15,60,77,44,23,33,0.6872143627230507,nenhuma,88.31705092485251,0.0,99,0,terminal,0.5404617544912417,j6035_1.sm,9,centralizada,GF,0,3.2051282051282053,0.6,0.09090909090909091
True,142,78,0.6455414395811111,0.0,5.0,323.0,415.0,116.0,58.0,53.871200134404354,57,3,12,4,0.05,0.25,353.0,0.13240357173623676,0.1526096321087942,0.014164305949008499,0.08379781225716997,27,4,116,54,33,170,15,5,0,0.6872143627230507,0.3512385487549321,15,60,155,39,0,116,0.6872143627230507,nenhuma,53.871200134404354,0.0,58,0,terminal,0.9499999999999998,j6035_1.sm,9,adaptativa,GF,0,1.8205128205128205,0.45,0.0625
True,187,78,0.6042278187144301,0.0,29.04550488369429,239.0,472.0,91.0,131.0,87.16231226201856,43,17,3,27,0.2833333333333333,0.3333333333333333,353.0,0.19802311518695592,0.24691873162044917,0.08228188352321328,0.11158028350039301,38,27,91,104,22,195,34,12,22,0.5820371027673271,0.4175993861121362,27,60,139,48,22,91,0.5820371027673271,nenhuma,87.16231226201857,0.0,95,0,terminal,0.8716666666666667,j6035_1.sm,10,centralizada,GF,0,2.3974358974358974,0.6333333333333333,0.3103448275862069
True,174,78,0.5539260115233146,0.0,6.5,328.0,448.0,150.0,90.0,120.77227405874197,56,4,20,18,0.06666666666666667,0.4,353.0,0.254916297705863,0.3421310879851047,0.018413597733711047,0.14932791087490985,38,18,150,72,22,222,19,18,1,0.5820371027673271,0.4175993861121362,27,60,202,52,1,150,0.5820371027673271,nenhuma,120.77227405874196,0.0,131,0,terminal,0.9783333333333334,j6035_1.sm,10,adaptativa,GF,0,2.230769230769231,0.6333333333333333,0.23076923076923078
True,313,78,0.7268643226861169,0.0,18.79064445370553,244.0,532.0,35.0,80.0,84.9110092431026,44,16,4,13,0.26666666666666666,0.3333333333333333,353.0,0.19390014740635342,0.24054110267167875,0.05323128740426496,0.11601275041744807,37,13,35,67,23,102,11,11,14,0.7131697048371954,0.48671389683598903,13,60,77,42,14,35,0.7131697048371954,nenhuma,84.91100924310261,0.0,92,0,terminal,0.586550143802237,j6035_1.sm,11,centralizada,GF,0,4.012820512820513,0.6166666666666667,0.1780821917808219
True,147,78,0.6491390303709559,0.0,10.66859518714433,295.0,451.0,69.0,59.0,115.76641967171864,51,9,19,18,0.15,0.4666666666666667,353.0,0.24695971130524008,0.32795019737030773,0.030222649255366375,0.16662638894726514,33,18,69,41,27,110,10,6,0,0.7131697048371954,0.48671389683598903,13,60,100,31,0,69,0.7131697048371954,nenhuma,115.76641967171864,0.0,125,0,terminal,0.9983333333333334,j6035_1.sm,11,adaptativa,GF,0,1.8846153846153846,0.55,0.23076923076923078
True,222,73,0.7651643632770802,0.0,29.149662639837267,247.0,528.0,21.0,77.0,64.04781892697928,45,15,1,14,0.25,0.26666666666666666,341.0,0.15812409284575263,0.18782351591489524,0.08548288164175151,0.09281649353891633,30,14,21,63,30,84,6,1,34,0.6268507180531939,0.4857196752206667,15,60,44,23,34,21,0.6268507180531939,nenhuma,64.04781892697928,0.0,70,0,terminal,0.41594022327187224,j6038_1.sm,0,centralizada,GF,0,3.041095890410959,0.5,0.1891891891891892
True,124,73,0.7098963879232711,0.0,2.0,334.0,408.0,103.0,43.0,20.731759367817073,58,2,6,2,0.03333333333333333,0.13333333333333333,341.0,0.057312521864403256,0.060796948292718686,0.005865102639296188,0.036072061496342595,17,2,103,41,43,144,17,0,0,0.6268507180531939,0.4857196752206667,15,60,127,24,0,103,0.6268507180531939,nenhuma,20.731759367817073,0.0,24,0,terminal,0.9899999999999999,j6038_1.sm,0,adaptativa,GF,0,1.6986301369863013,0.2833333333333333,0.03225806451612903
True,220,73,0.7322825197361438,0.0,26.66739839574562,257.0,529.0,26.0,80.0,87.39878153941105,48,12,5,16,0.2,0.2833333333333333,341.0,0.2040126753520439,0.25630141213903535,0.07820351435702529,0.12098412092164214,33,16,26,64,27,90,7,17,25,0.6586427040007742,0.39362113220747674,14,60,58,32,25,26,0.6586427040007742,nenhuma,87.39878153941106,0.0,96,0,terminal,0.4801878366730657,j6038_1.sm,1,centralizada,GF,0,3.0136986301369864,0.55,0.21052631578947367
True,136,73,0.7297905225995102,0.0,4.251416307585118,328.0,436.0,57.0,51.0,53.43171019400225,58,2,12,10,0.03333333333333333,0.23333333333333334,341.0,0.1354650470869133,0.1566912322404758,0.012467496503182164,0.0894356782244644,21,10,57,41,39,98,6,20,0,0.6586427040007742,0.39362113220747674,14,60,92,35,0,57,0.6586427040007742,nenhuma,53.43171019400225,0.0,60,0,terminal,0.9266666666666666,j6038_1.sm,1,adaptativa,GF,0,1.8630136986301369,0.35,0.14285714285714285
True,209,73,0.7627152745638461,2.6645352591003757e-15,36.86076349767045,227.0,568.0,17.0,81.0,78.70778145200667,40,20,1,17,0.3333333333333333,0.35,341.0,0.1875299551981427,0.23081460836365592,0.10809608063832976,0.10568948440225082,34,17,17,64,26,81,2,27,26,0.7659648859265082,0.2570239140832174,5,60,53,36,26,17,0.7659648859265082,nenhuma,78.70778145200667,0.0,86,0,terminal,0.3651734989576521,j6038_1.sm,2,centralizada,GF,0,2.863013698630137,0.5666666666666667,0.22077922077922077
True,135,73,0.6785572269809766,0.0,4.928335249172743,312.0,440.0,64.0,72.0,72.43462349909562,56,4,15,6,0.06666666666666667,0.31666666666666665,341.0,0.1752021223719645,0.2124182507304857,0.014452596038629743,0.11170690286126685,35,6,64,66,25,130,1,38,2,0.7659648859265082,0.2570239140832174,5,60,127,63,2,64,0.7659648859265082,nenhuma,72.43462349909562,0.0,79,0,terminal,0.8727067313337162,j6038_1.sm,2,adaptativa,GF,0,1.8493150684931507,0.5833333333333334,0.09090909090909091
True,165,73,0.6723884662038583,0.0,38.03077462235319,243.0,513.0,45.0,118.0,86.95181399567011,47,13,4,15,0.21666666666666667,0.2833333333333333,341.0,0.20318131890556693,0.25499065687879796,0.11152719830602109,0.11396763517776179,34,15,45,103,26,148,8,31,32,0.794910294566222,0.24332019624229823,4,60,108,63,32,45,0.794910294566222,nenhuma,86.9518139956701,0.0,95,0,terminal,0.6065259103600825,j6038_1.sm,3,centralizada,GF,0,2.26027397260274,0.5666666666666667,0.2
True,148,73,0.6187942370547166,1.1102230246251565e-16,4.5,322.0,410.0,95.0,76.0,81.57889205866331,56,4,15,6,0.06666666666666667,0.31666666666666665,341.0,0.19305008743157562,0.2392342875620625,0.013196480938416423,0.12312328846636499,30,6,95,70,30,165,10,30,0,0.794910294566222,0.24332019624229823,4,60,155,60,0,95,0.794910294566222,nenhuma,81.57889205866331,0.0,88,0,terminal,0.9449333540578237,j6038_1.sm,3,adaptativa,GF,0,2.0273972602739727,0.5,0.09090909090909091
True,299,73,0.6730252208648685,3.552713678800501e-15,21.81735924648673,246.0,475.0,71.0,90.0,69.76849912043875,44,16,3,9,0.26666666666666666,0.31666666666666665,341.0,0.16984870862744122,0.20459970416550952,0.06398052564952121,0.09885465164198667,29,9,71,81,31,152,16,0,24,0.7496468789669437,0.35303232464984247,5,60,112,41,24,71,0.7496468789669437,nenhuma,69.76849912043876,0.0,76,0,terminal,0.8029717881454066,j6038_1.sm,4,centralizada,GF,0,4.095890410958904,0.48333333333333334,0.13043478260869565
True,143,73,0.7334543494531951,0.0,8.24865024251558,321.0,458.0,78.0,39.0,49.44240782190215,56,4,9,11,0.06666666666666667,0.21666666666666667,341.0,0.12663175626264192,0.1449923983046984,0.024189590154004636,0.07917849140701486,19,11,78,28,41,106,6,1,0,0.7496468789669437,0.35303232464984247,5,60,100,22,0,78,0.7496468789669437,nenhuma,49.44240782190215,0.0,54,0,terminal,0.9966666666666667,j6038_1.sm,4,adaptativa,GF,0,1.9589041095890412,0.31666666666666665,0.15492957746478872
True,169,73,0.6637778688720881,1.7763568394002505e-15,34.63804055012602,208.0,484.0,50.0,100.0,95.15959193160171,40,20,3,21,0.3333333333333333,0.38333333333333336,341.0,0.21817608437813418,0.2790603868961927,0.10157783152529624,0.13050584945267799,38,21,50,79,22,129,9,7,27,0.6863255838987572,0.3910769205246226,12,60,93,43,27,50,0.6863255838987572,nenhuma,95.15959193160171,0.0,105,0,terminal,0.6615648300351774,j6038_1.sm,5,centralizada,GF,0,2.315068493150685,0.6333333333333333,0.25925925925925924
True,136,73,0.6723813108443898,0.0,4.5,332.0,427.0,90.0,55.0,63.05631865907297,59,1,12,18,0.016666666666666666,0.21666666666666667,341.0,0.1560582417528717,0.18491589049581517,0.013196480938416423,0.09929248289697667,31,18,90,37,29,127,6,9,0,0.6863255838987572,0.3910769205246226,12,60,121,31,0,90,0.6863255838987572,nenhuma,63.05631865907297,0.0,68,0,terminal,1.0,j6038_1.sm,5,adaptativa,GF,0,1.8630136986301369,0.5166666666666667,0.23076923076923078
True,216,73,0.7624952826151081,0.0,38.16487038926984,230.0,540.0,22.0,63.0,83.20110276351822,43,17,4,15,0.2833333333333333,0.35,341.0,0.19613598885409028,0.24399150370533204,0.11192044102425174,0.11748231178806941,23,15,22,48,37,70,9,13,24,0.7631789564580391,0.24360497938515846,5,60,37,15,24,22,0.7631789564580391,nenhuma,83.20110276351821,0.0,93,0,terminal,0.46323448496426517,j6038_1.sm,6,centralizada,GF,0,2.958904109589041,0.38333333333333336,0.2
True,134,73,0.6804392478605132,0.0,5.826476666235846,318.0,432.0,66.0,70.0,66.88401258205775,55,5,11,10,0.08333333333333333,0.26666666666666666,341.0,0.1639780195322122,0.19614079936087317,0.017086441836468756,0.10534839633154741,19,10,66,60,41,126,10,37,3,0.7631789564580391,0.24360497938515846,5,60,113,47,3,66,0.7631789564580391,nenhuma,66.88401258205776,0.0,72,0,terminal,0.9049999999999999,j6038_1.sm,6,adaptativa,GF,0,1.8356164383561644,0.31666666666666665,0.14285714285714285
True,175,73,0.7087879183317538,1.7763568394002505e-15,36.5375634710109,264.0,532.0,38.0,118.0,62.57712785532158,47,13,2,9,0.21666666666666667,0.25,341.0,0.1550561801851042,0.1835106388719108,0.107148279973639,0.08337201539051388,30,9,38,109,30,147,6,14,55,0.5858494645010164,0.43100241340042456,18,60,86,48,55,38,0.5858494645010164,nenhuma,62.57712785532158,0.0,69,0,terminal,0.43784939041388227,j6038_1.sm,7,centralizada,GF,0,2.3972602739726026,0.5,0.13043478260869565
True,133,73,0.6804728959073001,4.440892098500626e-16,5.539225074275828,319.0,416.0,99.0,56.0,40.33955885977134,56,4,12,16,0.06666666666666667,0.26666666666666666,341.0,0.10578382945737151,0.11829782656824439,0.01624406180139539,0.06598552028108555,27,16,99,40,33,139,14,6,0,0.5858494645010164,0.43100241340042456,18,60,125,26,0,99,0.5858494645010164,nenhuma,40.339558859771344,0.0,45,0,terminal,0.9916666666666667,j6038_1.sm,7,adaptativa,GF,0,1.821917808219178,0.45,0.21052631578947367
True,225,73,0.5379074466211415,0.0,39.03800308912849,187.0,486.0,126.0,157.0,134.50115629148203,36,24,5,20,0.4,0.48333333333333334,341.0,0.2828618911055452,0.39443154337678016,0.11448094747545011,0.1488666122393872,47,20,126,137,13,263,21,13,23,0.5273323364698471,0.27249021043639565,26,60,219,93,23,126,0.5273323364698471,nenhuma,134.50115629148206,0.0,148,0,terminal,0.7793435890935068,j6038_1.sm,8,centralizada,GF,0,3.0821917808219177,0.7833333333333333,0.25
True,158,73,0.5439467149507088,0.0,10.544600938967136,285.0,432.0,161.0,103.0,98.1954388660052,52,8,14,24,0.13333333333333333,0.36666666666666664,341.0,0.22358027924776286,0.28796316382992726,0.030922583398730604,0.12364140369052473,42,24,161,79,18,240,9,14,3,0.5273323364698471,0.27249021043639565,26,60,228,67,3,161,0.5273323364698471,nenhuma,98.1954388660052,0.0,106,0,terminal,0.9550000000000001,j6038_1.sm,8,adaptativa,GF,0,2.164383561643836,0.7,0.2857142857142857
True,263,73,0.6712885250664975,0.0,40.39108325395334,238.0,501.0,49.0,121.0,75.32588118554708,44,16,4,6,0.26666666666666666,0.3333333333333333,341.0,0.18093009488395467,0.2208970122743316,0.11844892449839689,0.10092894147780465,25,6,49,115,35,164,12,31,30,0.6872143627230507,0.3512385487549321,12,60,122,73,30,49,0.6872143627230507,nenhuma,75.32588118554706,0.0,84,0,terminal,0.5618329841171275,j6038_1.sm,9,centralizada,GF,0,3.6027397260273974,0.4166666666666667,0.09090909090909091
True,143,73,0.6311224706081802,0.0,11.59640244542662,304.0,420.0,86.0,72.0,87.480979619166,56,4,17,17,0.06666666666666667,0.35,341.0,0.20416537438118984,0.2565424622262933,0.03400704529450622,0.13145526663921883,31,17,86,55,29,141,6,23,0,0.6872143627230507,0.3512385487549321,12,60,135,49,0,86,0.6872143627230507,nenhuma,87.480979619166,0.0,96,0,terminal,0.9873666905127158,j6038_1.sm,9,adaptativa,GF,0,1.9589041095890412,0.5166666666666667,0.22077922077922077
True,164,73,0.6619837469598367,1.7763568394002505e-15,29.310780316374807,235.0,484.0,77.0,100.0,70.13577519504379,45,15,0,15,0.25,0.25,341.0,0.1705902999119238,0.20567676010276773,0.08595536749670031,0.09592715549493361,31,15,77,85,29,162,11,6,20,0.5820371027673271,0.4175993861121362,18,60,131,54,20,77,0.5820371027673271,nenhuma,70.13577519504378,0.0,78,0,terminal,0.8142737094406475,j6038_1.sm,10,centralizada,GF,0,2.2465753424657535,0.5166666666666667,0.2
True,146,73,0.6299434241186742,0.0,10.317257155129397,300.0,436.0,107.0,69.0,80.12564701344131,55,5,12,11,0.08333333333333333,0.2833333333333333,341.0,0.19026541741563388,0.23497257188692466,0.030255886085423452,0.11576748724626476,32,11,107,58,28,165,19,13,1,0.5820371027673271,0.4175993861121362,18,60,145,38,1,107,0.5820371027673271,nenhuma,80.1256470134413,0.0,87,0,terminal,0.9983333333333334,j6038_1.sm,10,adaptativa,GF,0,2.0,0.5333333333333333,0.15492957746478872
True,293,73,0.7795646391105606,0.0,26.5,226.0,577.0,20.0,69.0,74.15671190310078,41,19,1,28,0.31666666666666665,0.3333333333333333,341.0,0.17862342045046653,0.2174683633522017,0.07771260997067449,0.10019055520340829,30,28,20,41,30,61,2,0,16,0.7131697048371954,0.48671389683598903,8,60,43,23,16,20,0.7131697048371954,nenhuma,74.15671190310078,0.0,83,0,terminal,0.39680002841839485,j6038_1.sm,11,centralizada,GF,0,4.013698630136986,0.5,0.3181818181818182
True,113,73,0.79451445278875,0.0,9.0,315.0,452.0,26.0,28.0,62.900916041838634,56,4,13,12,0.06666666666666667,0.2833333333333333,341.0,0.15573353152614033,0.18446016434556783,0.026392961876832845,0.11056567895772683,26,12,26,16,34,42,2,5,0,0.7131697048371954,0.48671389683598903,8,60,40,14,0,26,0.7131697048371954,nenhuma,62.900916041838634,0.0,69,0,terminal,0.98,j6038_1.sm,11,adaptativa,GF,0,1.547945205479452,0.43333333333333335,0.16666666666666666
True,195,86,0.7019903366539126,0.0,41.732072106895615,294.0,534.0,71.0,96.0,59.69423198237941,46,14,0,11,0.23333333333333334,0.23333333333333334,375.0,0.13732464705167552,0.15918461861967842,0.11128552561838831,0.07847335956106231,33,11,71,85,27,156,24,5,24,0.6268507180531939,0.4857196752206667,22,60,108,37,24,71,0.6268507180531939,nenhuma,59.6942319823794,0.0,64,0,terminal,0.6587431854148195,j6040_1.sm,0,centralizada,GF,0,2.2674418604651163,0.55,0.15492957746478872
True,139,86,0.6334448793196765,0.0,4.5,354.0,442.0,138.0,68.0,49.77184160792424,57,3,8,9,0.05,0.18333333333333332,375.0,0.11717311914913837,0.13272491095446462,0.012,0.07132967918744258,30,9,138,59,30,197,9,14,1,0.6268507180531939,0.4857196752206667,22,60,187,49,1,138,0.6268507180531939,nenhuma,49.77184160792424,0.0,52,0,terminal,0.9966666666666667,j6040_1.sm,0,adaptativa,GF,0,1.6162790697674418,0.5,0.13043478260869565
True,286,86,0.7679740171477031,0.0,30.402409814951643,258.0,609.0,21.0,77.0,85.99557849868253,42,18,2,11,0.3,0.3333333333333333,375.0,0.18654317418562463,0.2293215426631534,0.08107309283987105,0.10844395710439059,31,11,21,66,29,87,2,20,29,0.6586427040007742,0.39362113220747674,19,60,56,35,29,21,0.6586427040007742,nenhuma,85.99557849868253,0.0,93,0,terminal,0.41800100682273267,j6040_1.sm,1,centralizada,GF,0,3.3255813953488373,0.5166666666666667,0.15492957746478872
True,157,86,0.643698250032557,0.0,8.0,338.0,454.0,91.0,69.0,91.29941626691947,54,6,17,8,0.1,0.38333333333333336,375.0,0.19579569066982871,0.24346511004511856,0.021333333333333333,0.12944774114539653,34,8,91,61,26,152,19,24,0,0.6586427040007742,0.39362113220747674,19,60,133,42,0,91,0.6586427040007742,nenhuma,91.29941626691945,0.0,100,0,terminal,0.9333333333333332,j6040_1.sm,1,adaptativa,GF,0,1.8255813953488371,0.5666666666666667,0.11764705882352941
True,230,86,0.7723262735803991,0.0,39.68414551582492,259.0,627.0,15.0,82.0,87.83305741149226,43,17,1,9,0.2833333333333333,0.3,375.0,0.1897726534546176,0.23422148643064603,0.10582438804219979,0.1081910333776572,33,9,15,73,27,88,1,17,38,0.7659648859265082,0.2570239140832174,4,60,49,34,38,15,0.7659648859265082,nenhuma,87.83305741149228,0.0,94,0,terminal,0.3645119109982771,j6040_1.sm,2,centralizada,GF,0,2.6744186046511627,0.55,0.13043478260869565
True,145,86,0.6662715959036148,0.0,7.1229536996543255,366.0,478.0,88.0,85.0,66.42515055249201,59,1,12,12,0.016666666666666666,0.21666666666666667,375.0,0.1504788534802642,0.17713373480664538,0.0189945431990782,0.09258826583001409,34,12,88,73,26,161,1,21,0,0.7659648859265082,0.2570239140832174,4,60,160,72,0,88,0.7659648859265082,nenhuma,66.42515055249201,0.0,73,0,terminal,0.8433341636695829,j6040_1.sm,2,adaptativa,GF,0,1.686046511627907,0.5666666666666667,0.16666666666666666
True,227,86,0.6107804313221938,0.0,28.402698780248702,255.0,550.0,121.0,131.0,98.48726480869935,41,19,3,16,0.31666666666666665,0.36666666666666664,375.0,0.20800404177394435,0.2626327061565316,0.0757405300806632,0.10937108014472821,38,16,121,115,22,236,0,5,57,0.794910294566222,0.24332019624229823,2,60,179,58,57,121,0.794910294566222,nenhuma,98.48726480869935,0.0,106,0,terminal,0.7183333333333333,j6040_1.sm,3,centralizada,GF,0,2.63953488372093,0.6333333333333333,0.21052631578947367
True,160,86,0.5836389001963108,0.0,7.888238585505162,348.0,479.0,159.0,90.0,92.7129439776636,56,4,17,14,0.06666666666666667,0.35,375.0,0.19822616665082346,0.2472345172737696,0.021035302894680433,0.11296634792711015,33,14,159,76,27,235,6,8,6,0.794910294566222,0.24332019624229823,2,60,223,64,6,159,0.794910294566222,nenhuma,92.7129439776636,0.0,101,0,terminal,0.9323481335568177,j6040_1.sm,3,adaptativa,GF,0,1.8604651162790697,0.55,0.1891891891891892
True,198,86,0.6610369133164629,2.6645352591003757e-15,42.87407555985589,219.0,578.0,55.0,107.0,134.38384809728458,39,21,3,10,0.35,0.4,375.0,0.26381646885595655,0.35835692825942556,0.1143308681596157,0.15368976495816164,39,10,55,97,21,152,4,21,32,0.7496468789669437,0.35303232464984247,5,60,116,61,32,55,0.7496468789669437,nenhuma,134.38384809728458,0.0,144,0,terminal,0.6051002476966115,j6040_1.sm,4,centralizada,GF,0,2.302325581395349,0.65,0.14285714285714285
True,147,86,0.6195875046406912,0.0,5.06674777694905,346.0,440.0,136.0,74.0,60.1498927986985,56,4,9,3,0.06666666666666667,0.21666666666666667,375.0,0.1382279848716957,0.16039971412986267,0.013511327405197468,0.08470027723534247,20,3,136,71,40,207,6,11,2,0.7496468789669437,0.35303232464984247,5,60,199,63,2,136,0.7496468789669437,nenhuma,60.14989279869849,0.0,64,0,terminal,0.9418623296838983,j6040_1.sm,4,adaptativa,GF,0,1.7093023255813953,0.3333333333333333,0.047619047619047616
True,191,86,0.7034507262793349,1.7763568394002505e-15,18.5,271.0,520.0,55.0,91.0,73.21311127271755,43,17,3,16,0.2833333333333333,0.3333333333333333,375.0,0.1633444212839429,0.19523496339391347,0.04933333333333333,0.09904195441915947,43,16,55,75,17,130,23,9,16,0.6863255838987572,0.3910769205246226,15,60,91,36,16,55,0.6863255838987572,nenhuma,73.21311127271754,0.0,81,0,terminal,0.6871164737244831,j6040_1.sm,5,centralizada,GF,0,2.2209302325581395,0.7166666666666667,0.21052631578947367
True,160,86,0.5717784112641681,0.0,8.395945266069997,349.0,450.0,148.0,88.0,101.01817196119168,57,3,24,20,0.05,0.45,375.0,0.212214948738191,0.2693817918965112,0.02238918737618666,0.12835557749506823,38,20,148,68,22,216,17,15,0,0.6863255838987572,0.3910769205246226,15,60,199,51,0,148,0.6863255838987572,nenhuma,101.01817196119168,0.0,112,0,terminal,0.9916666666666667,j6040_1.sm,5,adaptativa,GF,0,1.8604651162790697,0.6333333333333333,0.25
True,248,86,0.7671154808833323,1.7763568394002505e-15,26.081824006135086,282.0,611.0,13.0,97.0,75.49024850395986,46,14,4,16,0.23333333333333334,0.3,375.0,0.1675735462746566,0.20130732934389298,0.0695515306830269,0.09477862239462755,31,16,13,81,29,94,0,31,38,0.7631789564580391,0.24360497938515846,4,60,56,43,38,13,0.7631789564580391,nenhuma,75.49024850395986,0.0,82,0,terminal,0.3032116826902599,j6040_1.sm,6,centralizada,GF,0,2.883720930232558,0.5166666666666667,0.21052631578947367
True,136,86,0.7310669830606028,0.0,8.485405622453065,356.0,512.0,33.0,79.0,76.3462225260378,57,3,18,5,0.05,0.35,375.0,0.16915223550283165,0.20358992673610082,0.02262774832654151,0.10901211439489042,23,5,33,74,37,107,0,47,0,0.7631789564580391,0.24360497938515846,4,60,107,74,0,33,0.7631789564580391,nenhuma,76.3462225260378,0.0,85,0,terminal,0.8233007096558081,j6040_1.sm,6,adaptativa,GF,0,1.5813953488372092,0.38333333333333336,0.07692307692307693
True,192,86,0.6507559637019101,1.3322676295501878e-15,29.06502211136794,287.0,518.0,87.0,130.0,60.997315265909386,44,16,1,19,0.26666666666666666,0.2833333333333333,375.0,0.13990296070678296,0.16265950737575835,0.07750672563031451,0.07663005150404652,40,19,87,111,20,198,5,9,49,0.5858494645010164,0.43100241340042456,29,60,144,57,49,87,0.5858494645010164,nenhuma,60.997315265909386,0.0,67,0,terminal,0.6234773795235955,j6040_1.sm,7,centralizada,GF,0,2.2325581395348837,0.6666666666666666,0.24050632911392406
True,152,86,0.5909188718641569,0.0,9.561676738203996,320.0,422.0,154.0,71.0,67.14202539974254,53,7,8,5,0.11666666666666667,0.25,375.0,0.15185623972079818,0.1790454010659801,0.025497804635210657,0.09401774858741808,38,5,154,66,22,220,21,9,3,0.5858494645010164,0.43100241340042456,29,60,196,42,3,154,0.5858494645010164,nenhuma,67.14202539974254,0.0,71,0,terminal,0.9833333333333334,j6040_1.sm,7,adaptativa,GF,0,1.7674418604651163,0.6333333333333333,0.07692307692307693
True,250,86,0.5124776923881932,2.220446049250313e-15,41.16058814269447,219.0,494.0,176.0,174.0,119.94439667786233,36,24,3,23,0.4,0.45,375.0,0.24233913442185892,0.31985172447429955,0.10976156838051859,0.12443082515053634,49,23,176,151,11,327,22,9,33,0.5273323364698471,0.27249021043639565,37,60,272,96,33,176,0.5273323364698471,nenhuma,119.94439667786231,0.0,132,0,terminal,0.8366666666666666,j6040_1.sm,8,centralizada,GF,0,2.9069767441860463,0.8166666666666667,0.27710843373493976
True,196,86,0.5049378355127518,0.0,9.817120832366447,343.0,492.0,212.0,123.0,147.37736964271303,56,4,25,22,0.06666666666666667,0.48333333333333334,375.0,0.282128166737992,0.39300631904723476,0.026178988886310525,0.1512528659165737,50,22,212,101,10,313,20,13,2,0.5273323364698471,0.27249021043639565,37,60,291,79,2,212,0.5273323364698471,nenhuma,147.37736964271303,0.0,158,0,terminal,0.9583333333333334,j6040_1.sm,8,adaptativa,GF,0,2.2790697674418605,0.8333333333333334,0.2682926829268293
True,209,86,0.660857906683587,0.0,38.19070686241762,223.0,526.0,48.0,128.0,93.93509388372071,40,20,0,12,0.3333333333333333,0.3333333333333333,375.0,0.2003157688748569,0.2504935836899219,0.10184188496644699,0.11801853518654352,33,12,48,116,27,164,14,22,37,0.6872143627230507,0.3512385487549321,15,60,113,65,37,48,0.6872143627230507,nenhuma,93.93509388372073,0.0,100,0,terminal,0.5325626409014158,j6040_1.sm,9,centralizada,GF,0,2.4302325581395348,0.55,0.16666666666666666
True,138,86,0.624239954910204,0.0,5.0,350.0,438.0,116.0,90.0,57.65326098520191,56,4,12,12,0.06666666666666667,0.26666666666666666,375.0,0.13325511716684793,0.15374202929387176,0.013333333333333334,0.08216773752928919,29,12,116,78,31,194,17,16,0,0.6872143627230507,0.3512385487549321,15,60,177,61,0,116,0.6872143627230507,nenhuma,57.65326098520191,0.0,64,0,terminal,0.9899999999999999,j6040_1.sm,9,adaptativa,GF,0,1.6046511627906976,0.48333333333333334,0.16666666666666666
True,235,86,0.5655143173134047,2.220446049250313e-15,26.230433550641237,278.0,483.0,145.0,141.0,85.08978201399673,43,17,4,26,0.2833333333333333,0.35,375.0,0.18494169038383065,0.22690608537065793,0.06994782280170997,0.09962627326292295,41,26,145,115,19,260,28,12,22,0.5820371027673271,0.4175993861121362,30,60,210,65,22,145,0.5820371027673271,nenhuma,85.08978201399673,0.0,95,0,terminal,0.8630518185144224,j6040_1.sm,10,centralizada,GF,0,2.7325581395348837,0.6833333333333333,0.3023255813953488
True,173,86,0.5463906915792802,0.0,5.1327597394941495,335.0,472.0,181.0,104.0,106.85073405210781,53,7,16,15,0.11666666666666667,0.38333333333333336,375.0,0.22175069269595193,0.28493529080562086,0.013687359305317733,0.12369120015780705,39,15,181,89,21,270,26,17,2,0.5820371027673271,0.4175993861121362,30,60,242,61,2,181,0.5820371027673271,nenhuma,106.85073405210778,0.0,118,0,terminal,0.985,j6040_1.sm,10,adaptativa,GF,0,2.011627906976744,0.65,0.2
True,221,86,0.6992397252276813,2.886579864025407e-15,30.273597224323755,247.0,532.0,45.0,84.0,99.82633867344147,41,19,3,22,0.31666666666666665,0.36666666666666664,375.0,0.21023757644180802,0.2662035697958439,0.08072959259819668,0.13120778500846367,32,22,45,62,28,107,12,7,18,0.7131697048371954,0.48671389683598903,11,60,77,32,18,45,0.7131697048371954,nenhuma,99.82633867344147,0.0,109,0,terminal,0.6492671905819186,j6040_1.sm,11,centralizada,GF,0,2.5697674418604652,0.5333333333333333,0.2682926829268293
True,130,86,0.6773005728180338,0.0,10.817423320502588,334.0,441.0,86.0,59.0,65.11416954091492,55,5,14,19,0.08333333333333333,0.31666666666666665,375.0,0.14794835987406585,0.17363778544243977,0.0288464621880069,0.10000422750256743,35,19,86,40,25,126,3,7,0,0.7131697048371954,0.48671389683598903,11,60,123,37,0,86,0.7131697048371954,nenhuma,65.11416954091492,0.0,71,0,terminal,0.9966666666666667,j6040_1.sm,11,adaptativa,GF,0,1.5116279069767442,0.5833333333333334,0.24050632911392406
True,173,108,0.5491370680227956,8.881784197001252e-16,16.852730149895137,260.0,378.0,155.0,115.0,40.35273014989514,47,13,0,3,0.21666666666666667,0.21666666666666667,334.0,0.10779333740597388,0.12081655733501538,0.050457275897889634,0.05862216910377904,19,3,155,112,41,267,32,2,34,0.6268507180531939,0.4857196752206667,21,60,201,46,34,155,0.6268507180531939,nenhuma,40.35273014989514,0.0,43,0,terminal,0.8891444015820867,j6043_1.sm,0,centralizada,GF,0,1.6018518518518519,0.31666666666666665,0.047619047619047616
True,168,108,0.5212463357440854,0.0,1.5,331.0,356.0,205.0,83.0,38.97842226901363,59,1,10,3,0.016666666666666666,0.18333333333333332,334.0,0.10450583717923535,0.11670186308087913,0.004491017964071856,0.057071235339351156,23,3,205,80,37,285,29,2,3,0.6268507180531939,0.4857196752206667,21,60,253,48,3,205,0.6268507180531939,nenhuma,38.97842226901363,0.0,41,0,terminal,1.0,j6043_1.sm,0,adaptativa,GF,0,1.5555555555555556,0.38333333333333336,0.047619047619047616
True,151,108,0.630501160800956,0.0,14.77636028323451,292.0,410.0,104.0,111.0,25.27636028323451,54,6,1,5,0.1,0.11666666666666667,334.0,0.07035353025539438,0.07567772539890572,0.04424059965040272,0.03887018170585985,19,5,104,106,41,210,31,4,27,0.6586427040007742,0.39362113220747674,20,60,152,48,27,104,0.6586427040007742,nenhuma,25.27636028323451,0.0,28,0,terminal,0.8206029168480979,j6043_1.sm,1,centralizada,GF,0,1.3981481481481481,0.31666666666666665,0.07692307692307693
True,146,108,0.5236309077269318,0.0,6.5,304.0,349.0,190.0,76.0,51.5,56,4,12,6,0.06666666666666667,0.26666666666666666,334.0,0.13359273670557717,0.15419161676646706,0.019461077844311378,0.07726931732933233,19,6,190,70,41,260,29,0,3,0.6586427040007742,0.39362113220747674,20,60,228,38,3,190,0.6586427040007742,nenhuma,51.5,0.0,56,0,terminal,0.9633333333333333,j6043_1.sm,1,adaptativa,GF,0,1.3518518518518519,0.31666666666666665,0.09090909090909091
True,233,108,0.6502801883632078,0.0,22.933798102694077,263.0,448.0,91.0,111.0,38.933798102694084,46,14,0,7,0.23333333333333334,0.23333333333333334,334.0,0.10439868496974618,0.11656825779249726,0.06866406617573077,0.05651311956231029,19,7,91,104,41,195,0,4,39,0.7659648859265082,0.2570239140832174,6,60,156,65,39,91,0.7659648859265082,nenhuma,38.93379810269408,0.0,44,0,terminal,0.6441760197071952,j6043_1.sm,2,centralizada,GF,0,2.1574074074074074,0.31666666666666665,0.1044776119402985
True,164,108,0.6053875976598194,0.0,5.552144556631528,313.0,391.0,119.0,72.0,63.86721219834348,57,3,15,6,0.05,0.3,334.0,0.16052393924459551,0.19121919819863317,0.016623187295303977,0.09888597995392602,20,6,119,66,40,185,0,13,6,0.7659648859265082,0.2570239140832174,6,60,179,60,6,119,0.7659648859265082,nenhuma,63.86721219834348,0.0,70,0,terminal,0.8866291136999779,j6043_1.sm,2,adaptativa,GF,0,1.5185185185185186,0.3333333333333333,0.09090909090909091
True,194,108,0.5962885927180724,0.0,9.453283567189661,267.0,422.0,98.0,132.0,55.71100630382717,50,10,4,5,0.16666666666666666,0.23333333333333334,334.0,0.14295466487388261,0.16679942007133883,0.0283032442131427,0.07871999418913926,26,5,98,127,34,225,0,8,68,0.794910294566222,0.24332019624229823,4,60,157,59,68,98,0.794910294566222,nenhuma,55.71100630382716,0.0,61,0,terminal,0.7145280717662924,j6043_1.sm,3,centralizada,GF,0,1.7962962962962963,0.43333333333333335,0.07692307692307693
True,165,108,0.5418944172122504,0.0,8.0,278.0,379.0,183.0,81.0,56.39823692915528,52,8,8,5,0.13333333333333333,0.26666666666666666,334.0,0.1444633494576712,0.16885699679387808,0.023952095808383235,0.0806382314842296,21,5,183,76,39,259,0,0,10,0.794910294566222,0.24332019624229823,4,60,249,66,10,183,0.794910294566222,nenhuma,56.39823692915529,0.0,60,0,terminal,0.8822379071877796,j6043_1.sm,3,adaptativa,GF,0,1.5277777777777777,0.35,0.07692307692307693
True,186,108,0.6152016804454346,0.0,15.009874844083834,283.0,434.0,124.0,102.0,45.45971149780324,51,9,4,3,0.15,0.21666666666666667,334.0,0.11980115443182277,0.1361069206521055,0.04493974504216717,0.06443984079726543,19,3,124,99,41,223,0,0,42,0.7496468789669437,0.35303232464984247,10,60,181,57,42,124,0.7496468789669437,nenhuma,45.45971149780324,0.0,50,0,terminal,0.7133333333333334,j6043_1.sm,4,centralizada,GF,0,1.7222222222222223,0.31666666666666665,0.047619047619047616
True,169,108,0.6111613092574422,0.0,3.5,323.0,393.0,146.0,59.0,45.038088385360886,58,2,10,5,0.03333333333333333,0.2,334.0,0.11882206502574884,0.1348445760040745,0.010479041916167664,0.07003953451412102,19,5,146,54,41,200,4,3,3,0.7496468789669437,0.35303232464984247,10,60,193,47,3,146,0.7496468789669437,nenhuma,45.038088385360886,0.0,49,0,terminal,0.9533333333333333,j6043_1.sm,4,adaptativa,GF,0,1.5648148148148149,0.31666666666666665,0.07692307692307693
True,196,108,0.5709276865862031,1.7763568394002505e-15,29.5,212.0,394.0,98.0,119.0,79.10491040621625,39,21,5,9,0.35,0.43333333333333335,334.0,0.1914886713121624,0.23684104912040793,0.08832335329341318,0.11462736927875611,28,9,98,110,32,208,16,1,28,0.6863255838987572,0.3910769205246226,16,60,164,66,28,98,0.6863255838987572,nenhuma,79.10491040621625,0.0,87,0,terminal,0.8029878708575252,j6043_1.sm,5,centralizada,GF,0,1.8148148148148149,0.4666666666666667,0.13043478260869565
True,175,108,0.5816394671966912,0.0,7.735719965212516,311.0,393.0,143.0,58.0,81.67629461963661,57,3,18,7,0.05,0.35,334.0,0.19649014311574892,0.244539804250409,0.023160838219199148,0.12088080530576442,26,7,143,51,34,194,9,5,1,0.6863255838987572,0.3910769205246226,16,60,184,41,1,143,0.6863255838987572,nenhuma,81.67629461963661,0.0,89,0,terminal,0.9887133401039527,j6043_1.sm,5,adaptativa,GF,0,1.6203703703703705,0.43333333333333335,0.1044776119402985
True,200,108,0.8324125155314406,0.0,32.88429366716879,235.0,525.0,3.0,40.0,62.69690832894559,44,16,2,4,0.26666666666666666,0.3,334.0,0.1580473833109801,0.1877152943980407,0.09845596906337961,0.09940893557741282,18,4,3,36,42,39,1,4,15,0.7631789564580391,0.24360497938515846,7,60,23,20,15,3,0.7631789564580391,nenhuma,62.69690832894559,0.0,68,0,terminal,0.23992692137416968,j6043_1.sm,6,centralizada,GF,0,1.8518518518518519,0.3,0.0625
True,149,108,0.6871130284207204,0.0,4.5,301.0,388.0,82.0,35.0,59.681477357211456,55,5,14,0,0.08333333333333333,0.31666666666666665,334.0,0.15159838801117578,0.17868705795572293,0.01347305389221557,0.1056905171328253,9,0,82,35,51,117,6,0,2,0.7631789564580391,0.24360497938515846,7,60,109,27,2,82,0.7631789564580391,nenhuma,59.681477357211456,0.0,67,0,terminal,0.9587360273523228,j6043_1.sm,6,adaptativa,GF,0,1.3796296296296295,0.15,0.0
True,228,108,0.5300853164558721,0.0,13.819779906223433,278.0,376.0,153.0,151.0,29.31977990622343,52,8,1,4,0.13333333333333333,0.15,334.0,0.08069965228370217,0.08778377217432165,0.04137658654557914,0.04133506598406109,27,4,153,147,33,300,39,0,56,0.5858494645010164,0.43100241340042456,25,60,205,52,56,153,0.5858494645010164,nenhuma,29.31977990622343,0.0,32,0,terminal,0.8238382278005462,j6043_1.sm,7,centralizada,GF,0,2.111111111111111,0.45,0.0625
True,177,108,0.502485256962468,0.0,13.743886689595307,286.0,369.0,228.0,74.0,63.34990357848764,54,6,8,4,0.1,0.23333333333333334,334.0,0.15943102793775882,0.189670369995472,0.04114936134609373,0.086266646553344,31,4,228,70,29,298,39,0,0,0.5858494645010164,0.43100241340042456,25,60,259,31,0,228,0.5858494645010164,nenhuma,63.34990357848764,0.0,70,0,terminal,1.0,j6043_1.sm,7,adaptativa,GF,0,1.6388888888888888,0.5166666666666667,0.0625
True,246,108,0.4545125864353816,0.0,34.26303897391962,176.0,424.0,224.0,175.0,109.86745549846377,36,24,3,11,0.4,0.45,334.0,0.24752311560008938,0.3289444775403107,0.10258394902371144,0.11777391831056828,47,11,224,164,13,388,19,3,32,0.5273323364698471,0.27249021043639565,33,60,337,113,32,224,0.5273323364698471,nenhuma,109.86745549846378,0.0,119,0,terminal,0.8267772968719477,j6043_1.sm,8,centralizada,GF,0,2.2777777777777777,0.7833333333333333,0.15492957746478872
True,186,108,0.4753357323775892,0.0,5.534079123151625,317.0,396.0,237.0,102.0,98.09537454556894,56,4,20,10,0.06666666666666667,0.4,334.0,0.22702250550294603,0.2936987261843382,0.01656909917111265,0.11774807248098974,45,10,237,92,15,329,25,0,2,0.5273323364698471,0.27249021043639565,33,60,302,65,2,237,0.5273323364698471,nenhuma,98.09537454556894,0.0,109,0,terminal,0.995,j6043_1.sm,8,adaptativa,GF,0,1.7222222222222223,0.75,0.14285714285714285
True,213,108,0.5618704344679911,0.0,32.63392208131774,240.0,424.0,126.0,134.0,70.62237197347078,46,14,2,10,0.23333333333333334,0.26666666666666666,334.0,0.17453896982765243,0.21144422746548136,0.09770635353687947,0.09358637458465591,29,10,126,124,31,250,11,1,48,0.6872143627230507,0.3512385487549321,16,60,191,65,48,126,0.6872143627230507,nenhuma,70.62237197347078,0.0,76,0,terminal,0.7812774787506914,j6043_1.sm,9,centralizada,GF,0,1.9722222222222223,0.48333333333333334,0.14285714285714285
True,163,108,0.5387384685053094,0.0,8.280981283265861,295.0,374.0,188.0,71.0,61.214395043360724,54,6,9,4,0.1,0.25,334.0,0.15488908251088532,0.1832766318663495,0.02479335713552653,0.08817793966882129,21,4,188,67,39,255,16,1,2,0.6872143627230507,0.3512385487549321,16,60,237,49,2,188,0.6872143627230507,nenhuma,61.214395043360724,0.0,66,0,terminal,0.9899999999999999,j6043_1.sm,9,adaptativa,GF,0,1.5092592592592593,0.35,0.0625
True,169,108,0.5025823002952523,0.0,21.0,250.0,363.0,165.0,139.0,55.26976514443138,47,13,2,6,0.21666666666666667,0.25,334.0,0.14198319544268884,0.16547833875578258,0.06287425149700598,0.07652232976051428,28,6,165,133,32,298,38,7,24,0.5820371027673271,0.4175993861121362,26,60,236,71,24,165,0.5820371027673271,nenhuma,55.26976514443139,0.0,60,0,terminal,0.9514816359254459,j6043_1.sm,10,centralizada,GF,0,1.5648148148148149,0.4666666666666667,0.09090909090909091
True,190,108,0.5026198559741399,0.0,9.898077202275896,302.0,388.0,214.0,87.0,82.95517723430895,54,6,13,19,0.1,0.31666666666666665,334.0,0.19895466410695767,0.24836879411469745,0.02963496168346077,0.10746113204592168,33,19,214,68,27,282,21,0,5,0.5820371027673271,0.4175993861121362,26,60,256,42,5,214,0.5820371027673271,nenhuma,82.95517723430893,0.0,89,0,terminal,0.9983333333333334,j6043_1.sm,10,adaptativa,GF,0,1.7592592592592593,0.55,0.24050632911392406
True,260,108,0.6746103545430856,1.7763568394002505e-15,21.06611078289764,231.0,510.0,47.0,117.0,81.99195382262347,44,16,3,9,0.26666666666666666,0.31666666666666665,334.0,0.1970998551034099,0.2454848916845014,0.06307218797274743,0.10845611968227514,23,9,47,108,37,155,1,0,49,0.7131697048371954,0.48671389683598903,13,60,105,58,49,47,0.7131697048371954,nenhuma,81.99195382262346,0.0,89,0,terminal,0.5959925977966116,j6043_1.sm,11,centralizada,GF,0,2.4074074074074074,0.38333333333333336,0.13043478260869565
True,158,108,0.5885905772854548,0.0,8.0,298.0,374.0,134.0,52.0,75.41622043095904,55,5,17,3,0.08333333333333333,0.36666666666666664,334.0,0.1842042807966293,0.22579706715856002,0.023952095808383235,0.11868790566883769,18,3,134,49,42,183,9,1,0,0.7131697048371954,0.48671389683598903,13,60,174,40,0,134,0.7131697048371954,nenhuma,75.41622043095904,0.0,82,0,terminal,0.9633333333333333,j6043_1.sm,11,adaptativa,GF,0,1.462962962962963,0.3,0.047619047619047616
True,170,78,0.5893008823217705,0.0,21.7244517526476,237.0,402.0,103.0,118.0,59.16425948009985,44,16,1,17,0.26666666666666666,0.2833333333333333,320.0,0.15603859805041842,0.18488831087531205,0.06788891172702374,0.08673022466053983,35,17,103,101,25,204,14,0,38,0.6268507180531939,0.4857196752206667,29,60,152,49,38,103,0.6268507180531939,nenhuma,59.16425948009986,0.0,65,0,terminal,0.8802425593134932,j6046_1.sm,0,centralizada,GF,0,2.1794871794871793,0.5833333333333334,0.22077922077922077
True,147,78,0.5703647764712718,0.0,4.737107913819454,292.0,362.0,161.0,75.0,36.68154930537381,56,4,6,8,0.06666666666666667,0.16666666666666666,320.0,0.10284117408598786,0.11462984157929315,0.014803462230685793,0.05779520350878306,34,8,161,67,26,228,32,0,3,0.6268507180531939,0.4857196752206667,29,60,193,32,3,161,0.6268507180531939,nenhuma,36.68154930537381,0.0,40,0,terminal,0.9933333333333333,j6046_1.sm,0,adaptativa,GF,0,1.8846153846153846,0.5666666666666667,0.11764705882352941
True,243,78,0.6044000049126302,5.329070518200751e-15,50.04476203909152,204.0,436.0,84.0,101.0,100.3765659433218,41,19,3,14,0.31666666666666665,0.36666666666666664,320.0,0.23877773899712404,0.3136767685728806,0.156389881372161,0.13914586456251524,39,14,84,87,21,171,16,0,39,0.6586427040007742,0.39362113220747674,26,60,116,32,39,84,0.6586427040007742,nenhuma,100.37656594332175,0.0,111,0,terminal,0.738995792558085,j6046_1.sm,1,centralizada,GF,0,3.1153846153846154,0.65,0.1891891891891892
True,154,78,0.5789982490141259,0.0,5.5,302.0,376.0,159.0,70.0,44.39747337789727,57,3,13,14,0.05,0.26666666666666666,320.0,0.12183803846481397,0.13874210430592898,0.0171875,0.06836717911290902,37,14,159,56,23,215,24,0,5,0.6586427040007742,0.39362113220747674,26,60,186,27,5,159,0.6586427040007742,nenhuma,44.39747337789727,0.0,48,0,terminal,0.9666666666666667,j6046_1.sm,1,adaptativa,GF,0,1.9743589743589745,0.6166666666666667,0.1891891891891892
True,213,78,0.616636038593866,0.0,42.9664869317326,210.0,441.0,71.0,114.0,89.17065561984634,42,18,3,8,0.3,0.35,320.0,0.21793023129863281,0.2786582988120198,0.13427027166166436,0.12468444408217665,31,8,71,106,29,177,7,0,39,0.7659648859265082,0.2570239140832174,10,60,131,60,39,71,0.7659648859265082,nenhuma,89.17065561984631,0.0,96,0,terminal,0.6748559551428351,j6046_1.sm,2,centralizada,GF,0,2.730769230769231,0.5166666666666667,0.11764705882352941
True,150,78,0.6068520807781733,0.0,9.726792917279628,295.0,392.0,107.0,65.0,81.9564240058861,55,5,18,13,0.08333333333333333,0.38333333333333336,320.0,0.20389380318670056,0.2561138250183941,0.030396227866498836,0.12687608785997506,37,13,107,52,23,159,5,2,0,0.7659648859265082,0.2570239140832174,10,60,154,47,0,107,0.7659648859265082,nenhuma,81.9564240058861,0.0,90,0,terminal,0.9283821939961219,j6046_1.sm,2,adaptativa,GF,0,1.9230769230769231,0.6166666666666667,0.1780821917808219
True,267,78,0.563015807738744,0.0,36.85494271116304,197.0,447.0,112.0,120.0,114.93863166169086,39,21,4,13,0.35,0.4166666666666667,320.0,0.2642640209322537,0.35918322394278396,0.1151716959723845,0.14477017124248961,44,13,112,107,16,219,7,7,48,0.794910294566222,0.24332019624229823,7,60,164,52,48,112,0.794910294566222,nenhuma,114.93863166169088,0.0,125,0,terminal,0.7245538333439389,j6046_1.sm,3,centralizada,GF,0,3.423076923076923,0.7333333333333333,0.1780821917808219
True,159,78,0.5360744574348236,0.0,11.665513616836503,292.0,390.0,167.0,93.0,77.51087948900559,56,4,16,23,0.06666666666666667,0.3333333333333333,320.0,0.1949905863926157,0.24222149840314247,0.03645473005261407,0.1065425709419607,42,23,167,70,18,237,5,0,2,0.794910294566222,0.24332019624229823,7,60,230,63,2,167,0.794910294566222,nenhuma,77.51087948900559,0.0,85,0,terminal,0.9362074085077992,j6046_1.sm,3,adaptativa,GF,0,2.0384615384615383,0.7,0.27710843373493976
True,192,78,0.5851449697673307,2.6645352591003757e-15,32.537580896615964,183.0,428.0,104.0,95.0,104.44267166849998,35,25,2,12,0.4166666666666667,0.45,320.0,0.24607014949258504,0.32638334896406246,0.10167994030192488,0.14278996251374687,38,12,104,83,22,187,17,0,28,0.7496468789669437,0.35303232464984247,14,60,142,38,28,104,0.7496468789669437,nenhuma,104.44267166849998,0.0,116,0,terminal,0.8304859593400575,j6046_1.sm,4,centralizada,GF,0,2.4615384615384617,0.6333333333333333,0.16666666666666666
True,161,78,0.5949698047207177,0.0,5.209049547569015,283.0,403.0,153.0,61.0,60.34529853858805,53,7,12,5,0.11666666666666667,0.31666666666666665,320.0,0.1586592466646875,0.18857905793308766,0.016278279836153174,0.08909089450947182,31,5,153,56,29,209,23,0,0,0.7496468789669437,0.35303232464984247,14,60,186,33,0,153,0.7496468789669437,nenhuma,60.34529853858803,0.0,67,0,terminal,0.9516666666666667,j6046_1.sm,4,adaptativa,GF,0,2.0641025641025643,0.5166666666666667,0.07692307692307693
True,193,78,0.5815690938960737,5.329070518200751e-15,33.81720388137335,178.0,406.0,68.0,108.0,116.11137534855331,38,22,4,16,0.36666666666666664,0.43333333333333335,320.0,0.266242482796404,0.3628480479642291,0.10567876212929173,0.1663221363361701,39,16,68,92,21,160,14,7,23,0.6863255838987572,0.3910769205246226,23,60,123,55,23,68,0.6863255838987572,nenhuma,116.11137534855332,0.0,126,0,terminal,0.7707643537260497,j6046_1.sm,5,centralizada,GF,0,2.4743589743589745,0.65,0.21052631578947367
True,152,78,0.591442875374576,0.0,9.347072841669675,290.0,396.0,120.0,62.0,91.54902406965863,54,6,18,14,0.1,0.4,320.0,0.22244986311561044,0.28609070021768324,0.029209602630217733,0.13673236877145242,39,14,120,48,21,168,13,0,2,0.6863255838987572,0.3910769205246226,23,60,153,33,2,120,0.6863255838987572,nenhuma,91.54902406965863,0.0,100,0,terminal,1.0,j6046_1.sm,5,adaptativa,GF,0,1.9487179487179487,0.65,0.1891891891891892
True,162,78,0.6651174283304797,0.0,23.14173580357477,238.0,423.0,58.0,92.0,62.977922066751546,45,15,3,8,0.25,0.3,320.0,0.16444269614000032,0.19680600645859858,0.07231792438617116,0.09902532758069778,27,8,58,84,33,142,18,8,28,0.7631789564580391,0.24360497938515846,11,60,96,38,28,58,0.7631789564580391,nenhuma,62.977922066751546,0.0,70,0,terminal,0.7493569573971387,j6046_1.sm,6,centralizada,GF,0,2.076923076923077,0.45,0.11764705882352941
True,146,78,0.6782742953329823,0.0,3.5,307.0,403.0,74.0,40.0,77.15490572609258,57,3,17,7,0.05,0.3333333333333333,320.0,0.19426904871044023,0.2411090803940393,0.0109375,0.12985654916339487,27,7,74,33,33,107,4,3,1,0.7631789564580391,0.24360497938515846,11,60,102,28,1,74,0.7631789564580391,nenhuma,77.15490572609258,0.0,82,0,terminal,0.9366666666666666,j6046_1.sm,6,adaptativa,GF,0,1.8717948717948718,0.45,0.1044776119402985
True,178,78,0.6073751060742171,8.881784197001252e-15,36.45731919147192,244.0,421.0,104.0,113.0,55.14661695824704,49,11,1,12,0.18333333333333332,0.2,320.0,0.14700017130738174,0.172333177994522,0.11392912247334974,0.07955981549797984,42,12,104,101,18,205,22,0,35,0.5858494645010164,0.43100241340042456,33,60,148,44,35,104,0.5858494645010164,nenhuma,55.14661695824703,0.0,60,0,terminal,0.747992457703846,j6046_1.sm,7,centralizada,GF,0,2.282051282051282,0.7,0.16666666666666666
True,142,78,0.6220519354251852,0.0,3.0,307.0,368.0,117.0,59.0,47.590475075790124,57,3,10,5,0.05,0.21666666666666667,320.0,0.12946601803536362,0.14872023461184414,0.009375,0.08044496502363936,36,5,117,54,24,171,11,0,0,0.5858494645010164,0.43100241340042456,33,60,160,43,0,117,0.5858494645010164,nenhuma,47.590475075790124,0.0,52,0,terminal,0.9504551114604377,j6046_1.sm,7,adaptativa,GF,0,1.8205128205128205,0.6,0.07692307692307693
True,202,78,0.5794048107581434,2.55351295663786e-15,34.94485271936454,206.0,447.0,108.0,133.0,83.48134033458668,40,20,2,16,0.3333333333333333,0.36666666666666664,320.0,0.20690260487724121,0.26087918854558334,0.10920266474801418,0.10820915033198514,49,16,108,117,11,225,30,0,29,0.5273323364698471,0.27249021043639565,39,60,166,58,29,108,0.5273323364698471,nenhuma,83.48134033458666,0.0,93,0,terminal,0.7490108952067388,j6046_1.sm,8,centralizada,GF,0,2.58974358974359,0.8166666666666667,0.21052631578947367
True,192,78,0.5222681664015436,0.0,6.749766143369241,297.0,409.0,183.0,84.0,107.12259163339876,56,4,20,18,0.06666666666666667,0.4,320.0,0.25080057513170023,0.33475809885437113,0.02109301919802888,0.13678904526297433,45,18,183,66,15,249,30,0,1,0.5273323364698471,0.27249021043639565,39,60,218,35,1,183,0.5273323364698471,nenhuma,107.12259163339876,0.0,117,0,terminal,0.9966666666666667,j6046_1.sm,8,adaptativa,GF,0,2.4615384615384617,0.75,0.23076923076923078
True,243,78,0.5723253317520385,6.217248937900877e-15,48.92986335246504,200.0,434.0,85.0,136.0,103.30996099964986,40,20,3,9,0.3333333333333333,0.38333333333333336,320.0,0.24405275216222777,0.3228436281239058,0.15290582297645325,0.13623711452169301,33,9,85,127,27,212,13,4,37,0.6872143627230507,0.3512385487549321,23,60,162,77,37,85,0.6872143627230507,nenhuma,103.30996099964986,0.0,113,0,terminal,0.7809422124093507,j6046_1.sm,9,centralizada,GF,0,3.1153846153846154,0.55,0.13043478260869565
True,164,78,0.5661992518509984,0.0,7.4063920007763695,287.0,389.0,153.0,66.0,79.03729072105803,55,5,14,4,0.08333333333333333,0.31666666666666665,320.0,0.19806993621633234,0.24699153350330633,0.023144975002426155,0.11504075803237254,37,4,153,62,23,215,26,3,1,0.6872143627230507,0.3512385487549321,23,60,188,35,1,153,0.6872143627230507,nenhuma,79.03729072105801,0.0,86,0,terminal,0.945,j6046_1.sm,9,adaptativa,GF,0,2.1025641025641026,0.6166666666666667,0.0625
True,180,78,0.5549462985281594,6.772360450213455e-15,38.98442360072006,191.0,402.0,116.0,113.0,93.39441629972687,40,20,3,13,0.3333333333333333,0.38333333333333336,320.0,0.22592084609099394,0.29185755093664645,0.12182632375225019,0.1289275761908742,40,13,116,100,20,216,28,0,19,0.5820371027673271,0.4175993861121362,34,60,169,53,19,116,0.5820371027673271,nenhuma,93.39441629972687,0.0,101,0,terminal,0.8733333333333334,j6046_1.sm,10,centralizada,GF,0,2.3076923076923075,0.6666666666666666,0.1780821917808219
True,177,78,0.5437614491687223,0.0,8.5,287.0,409.0,150.0,70.0,123.1680704383523,55,5,20,13,0.08333333333333333,0.4166666666666667,320.0,0.27792631882645036,0.3849002201198509,0.0265625,0.1637507297625274,47,13,150,57,13,207,13,1,3,0.5820371027673271,0.4175993861121362,34,60,191,41,3,150,0.5820371027673271,nenhuma,123.1680704383523,0.0,133,0,terminal,1.0,j6046_1.sm,10,adaptativa,GF,0,2.269230769230769,0.7833333333333333,0.1780821917808219
True,211,78,0.6520429440806388,0.0,42.91578849395255,210.0,451.0,48.0,104.0,88.67223431256764,42,18,3,16,0.3,0.35,320.0,0.2169764101094958,0.2771007322267739,0.13411183904360172,0.12819978873475574,35,16,48,88,25,136,14,1,26,0.7131697048371954,0.48671389683598903,17,60,96,48,26,48,0.7131697048371954,nenhuma,88.67223431256764,0.0,97,0,terminal,0.5622305284429858,j6046_1.sm,11,centralizada,GF,0,2.7051282051282053,0.5833333333333334,0.21052631578947367
True,141,78,0.591113731837204,0.0,9.274795653947892,271.0,361.0,124.0,51.0,74.7115780883626,53,7,18,5,0.11666666666666667,0.4166666666666667,320.0,0.18928144558160692,0.23347368152613313,0.028983736418587164,0.12233529012537034,34,5,124,46,26,170,13,0,1,0.7131697048371954,0.48671389683598903,17,60,156,32,1,124,0.7131697048371954,nenhuma,74.7115780883626,0.0,84,0,terminal,0.9983333333333334,j6046_1.sm,11,adaptativa,GF,0,1.8076923076923077,0.5666666666666667,0.07692307692307693
True,190,84,0.7584612323602548,0.0,26.1598050520088,290.0,543.0,38.0,75.0,59.923209826082854,47,13,1,5,0.21666666666666667,0.23333333333333334,382.0,0.13559643054200615,0.15686704142953625,0.06848116505761466,0.08370061062923191,30,5,38,70,30,108,4,4,32,0.6268507180531939,0.4857196752206667,18,60,72,34,32,38,0.6268507180531939,nenhuma,59.923209826082854,0.0,66,0,terminal,0.6152216260720771,j604_1.sm,0,centralizada,GF,0,2.261904761904762,0.5,0.07692307692307693
True,132,84,0.6771847992497073,0.0,10.984960558880482,321.0,455.0,86.0,72.0,58.899310947500794,52,8,5,10,0.13333333333333333,0.21666666666666667,382.0,0.13358902925233673,0.15418667787303872,0.02875644125361383,0.08766091881303167,23,10,86,62,37,148,9,11,0,0.6268507180531939,0.4857196752206667,18,60,139,53,0,86,0.6268507180531939,nenhuma,58.899310947500794,0.0,64,0,terminal,0.9743915053159066,j604_1.sm,0,adaptativa,GF,0,1.5714285714285714,0.38333333333333336,0.14285714285714285
True,198,84,0.704052690469911,5.329070518200751e-15,43.93635345360456,279.0,559.0,59.0,100.0,75.97466633768921,46,14,3,7,0.23333333333333334,0.2833333333333333,382.0,0.16589272709174055,0.19888656109342726,0.11501663207749885,0.09568903084544521,29,7,59,93,31,152,7,16,38,0.6586427040007742,0.39362113220747674,16,60,107,48,38,59,0.6586427040007742,nenhuma,75.9746663376892,0.0,82,0,terminal,0.6137181546673068,j604_1.sm,1,centralizada,GF,0,2.357142857142857,0.48333333333333334,0.1044776119402985
True,136,84,0.6914934735406122,0.0,8.983146825817219,321.0,499.0,86.0,49.0,87.62647818641074,51,9,13,4,0.15,0.36666666666666664,382.0,0.18658760154411227,0.22938868635186058,0.02351609116706078,0.12142913381813998,31,4,86,45,29,131,14,11,0,0.6586427040007742,0.39362113220747674,16,60,117,31,0,86,0.6586427040007742,nenhuma,87.62647818641072,0.0,96,0,terminal,0.9583333333333334,j604_1.sm,1,adaptativa,GF,0,1.619047619047619,0.5166666666666667,0.0625
True,194,84,0.6827197338620049,0.0,36.12588778058706,255.0,559.0,48.0,122.0,89.78400795279812,41,19,2,12,0.31666666666666665,0.35,382.0,0.19030744247223613,0.23503667003350293,0.09457038686017555,0.10965530235169671,41,12,48,110,19,158,8,20,26,0.7659648859265082,0.2570239140832174,7,60,124,76,26,48,0.7659648859265082,nenhuma,89.78400795279813,0.0,96,0,terminal,0.6178008071423272,j604_1.sm,2,centralizada,GF,0,2.3095238095238093,0.6833333333333333,0.16666666666666666
True,152,84,0.6059108108745165,0.0,7.5,357.0,489.0,95.0,115.0,108.04947200764079,55,5,18,10,0.08333333333333333,0.38333333333333336,382.0,0.22048686546887267,0.2828520209624104,0.01963350785340314,0.13388209243090593,37,10,95,105,23,200,6,50,1,0.7659648859265082,0.2570239140832174,7,60,193,98,1,95,0.7659648859265082,nenhuma,108.04947200764079,0.0,117,0,terminal,0.8462202905447023,j604_1.sm,2,adaptativa,GF,0,1.8095238095238095,0.6166666666666667,0.14285714285714285
True,193,84,0.6895494785368826,0.0,37.11099389940712,273.0,566.0,49.0,124.0,81.82579657802727,42,18,1,15,0.3,0.31666666666666665,382.0,0.17641493246325313,0.21420365596342217,0.09714919868954744,0.09968716494919388,31,15,49,109,29,158,8,19,42,0.794910294566222,0.24332019624229823,5,60,108,59,42,49,0.794910294566222,nenhuma,81.82579657802727,0.0,89,0,terminal,0.6824705632274325,j604_1.sm,3,centralizada,GF,0,2.2976190476190474,0.5166666666666667,0.2
True,136,84,0.6575348172290417,0.0,4.819298216402867,367.0,478.0,124.0,80.0,44.957702429157266,58,2,9,12,0.03333333333333333,0.18333333333333332,382.0,0.10529778985921175,0.11769032049517608,0.012615963917284992,0.06184362897446353,28,12,124,68,32,192,6,11,0,0.794910294566222,0.24332019624229823,5,60,186,62,0,124,0.794910294566222,nenhuma,44.957702429157266,0.0,48,0,terminal,0.9137961776348401,j604_1.sm,3,adaptativa,GF,0,1.619047619047619,0.4666666666666667,0.16666666666666666
True,192,84,0.7000102190734699,2.6645352591003757e-15,22.798780345645575,326.0,517.0,68.0,95.0,58.56064656355813,52,8,4,6,0.13333333333333333,0.2,382.0,0.13292300849006902,0.15330012189413122,0.05968267106189941,0.07929023410065836,33,6,68,89,27,157,12,7,19,0.7496468789669437,0.35303232464984247,8,60,126,58,19,68,0.7496468789669437,nenhuma,58.56064656355813,0.0,63,0,terminal,0.7127686056725914,j604_1.sm,4,centralizada,GF,0,2.2857142857142856,0.55,0.09090909090909091
True,150,84,0.6366223969668949,0.0,11.773478674994315,344.0,493.0,102.0,102.0,77.39939648500383,55,5,11,15,0.08333333333333333,0.26666666666666666,382.0,0.1684795345340215,0.2026162211649315,0.03082062480365004,0.09994764566749331,35,15,102,87,25,189,14,38,0,0.7496468789669437,0.35303232464984247,8,60,175,73,0,102,0.7496468789669437,nenhuma,77.39939648500382,0.0,85,0,terminal,0.898524858248004,j604_1.sm,4,adaptativa,GF,0,1.7857142857142858,0.5833333333333334,0.2
True,181,84,0.718806220027126,5.773159728050814e-15,49.09803346052044,242.0,603.0,25.0,92.0,118.89090439039919,37,23,5,17,0.38333333333333336,0.4666666666666667,382.0,0.23735888064306807,0.3112327340062806,0.12852888340450377,0.14172391638552118,37,17,25,75,23,100,9,20,38,0.6863255838987572,0.3910769205246226,15,60,53,28,38,25,0.6863255838987572,nenhuma,118.89090439039919,0.0,128,0,terminal,0.467108046801145,j604_1.sm,5,centralizada,GF,0,2.1547619047619047,0.6166666666666667,0.22077922077922077
True,134,84,0.7016961970030544,8.881784197001252e-16,11.845509489439753,336.0,500.0,73.0,73.0,66.55908487961138,54,6,11,7,0.1,0.2833333333333333,382.0,0.14838420873244637,0.1742384420932235,0.03100918714513024,0.09340851347205362,34,7,73,66,26,139,7,34,0,0.6863255838987572,0.3910769205246226,15,60,132,59,0,73,0.6863255838987572,nenhuma,66.55908487961138,0.0,74,0,terminal,0.8916666666666666,j604_1.sm,5,adaptativa,GF,0,1.5952380952380953,0.5666666666666667,0.1044776119402985
True,212,84,0.7698782148902545,0.0,35.22486101306561,246.0,664.0,9.0,68.0,121.47407337620609,39,21,4,10,0.35,0.4166666666666667,382.0,0.24127175519013902,0.31799495648221493,0.09221167804467438,0.14084373910590564,35,10,9,58,25,67,1,16,32,0.7631789564580391,0.24360497938515846,7,60,34,25,32,9,0.7631789564580391,nenhuma,121.47407337620608,0.0,131,0,terminal,0.2837066560058365,j604_1.sm,6,centralizada,GF,0,2.5238095238095237,0.5833333333333334,0.14285714285714285
True,136,84,0.6926122165895306,0.0,5.225030834560123,356.0,508.0,56.0,85.0,84.45515402749646,56,4,16,6,0.06666666666666667,0.3333333333333333,382.0,0.1810573927596007,0.2210867906478965,0.013678091189947965,0.1151469910106192,28,6,56,79,32,135,2,42,1,0.7631789564580391,0.24360497938515846,7,60,132,76,1,56,0.7631789564580391,nenhuma,84.45515402749645,0.0,93,0,terminal,0.8621515250212729,j604_1.sm,6,adaptativa,GF,0,1.619047619047619,0.4666666666666667,0.09090909090909091
True,174,84,0.6360493048891692,2.6645352591003757e-15,32.02749063705819,276.0,549.0,88.0,152.0,74.1406335640325,42,18,1,23,0.3,0.31666666666666665,382.0,0.16253898054365007,0.19408542817809554,0.08384159852633034,0.08589635417567483,38,23,88,129,22,217,3,19,43,0.5858494645010164,0.43100241340042456,27,60,171,83,43,88,0.5858494645010164,nenhuma,74.1406335640325,0.0,80,0,terminal,0.6307266376183781,j604_1.sm,7,centralizada,GF,0,2.0714285714285716,0.6333333333333333,0.27710843373493976
True,143,84,0.6480936774337606,0.0,5.16847394770298,345.0,479.0,105.0,83.0,72.09068500202578,54,6,10,16,0.1,0.26666666666666666,382.0,0.1587583436152278,0.18871907068593136,0.013530036512311465,0.0975397017780412,38,16,105,67,22,172,14,31,3,0.5858494645010164,0.43100241340042456,27,60,155,50,3,105,0.5858494645010164,nenhuma,72.09068500202577,0.0,77,0,terminal,0.955,j604_1.sm,7,adaptativa,GF,0,1.7023809523809523,0.6333333333333333,0.21052631578947367
True,229,84,0.578221385917335,7.549516567451064e-15,34.06044668924107,218.0,544.0,119.0,158.0,119.81611861684517,33,27,2,29,0.45,0.48333333333333334,382.0,0.2387649861608553,0.3136547607770816,0.08916347300848447,0.12735338632696325,52,29,119,129,8,248,27,7,26,0.5273323364698471,0.27249021043639565,35,60,195,76,26,119,0.5273323364698471,nenhuma,119.8161186168452,0.0,130,0,terminal,0.7898247846674886,j604_1.sm,8,centralizada,GF,0,2.7261904761904763,0.8666666666666667,0.3258426966292135
True,174,84,0.5726985826945117,0.0,8.121018731401321,357.0,511.0,151.0,99.0,131.26691918072567,56,4,23,20,0.06666666666666667,0.45,382.0,0.2557478658282777,0.34363067848357504,0.021259211338746913,0.14711620072304618,50,20,151,79,10,230,9,9,6,0.5273323364698471,0.27249021043639565,35,60,215,64,6,151,0.5273323364698471,nenhuma,131.26691918072564,0.0,140,0,terminal,0.9783333333333334,j604_1.sm,8,adaptativa,GF,0,2.0714285714285716,0.8333333333333334,0.25
True,268,84,0.6833231601103266,1.7763568394002505e-15,30.43962742275094,301.0,546.0,81.0,116.0,56.03628601121179,47,13,2,10,0.21666666666666667,0.25,382.0,0.12792612804177028,0.14669184819688952,0.07968488854123283,0.07012983889748595,32,10,81,106,28,187,14,9,35,0.6872143627230507,0.3512385487549321,15,60,138,57,35,81,0.6872143627230507,nenhuma,56.0362860112118,0.0,61,0,terminal,0.7647198010971987,j604_1.sm,9,centralizada,GF,0,3.1904761904761907,0.5333333333333333,0.14285714285714285
True,148,84,0.592990786434349,0.0,8.387900964582338,343.0,475.0,141.0,97.0,88.02425006663748,54,6,13,12,0.1,0.31666666666666665,382.0,0.1872759757696712,0.2304299739964332,0.021957855928226015,0.10988961952065085,34,12,141,85,26,226,14,13,1,0.6872143627230507,0.3512385487549321,15,60,211,70,1,141,0.6872143627230507,nenhuma,88.02425006663746,0.0,95,0,terminal,0.9188140253003522,j604_1.sm,9,adaptativa,GF,0,1.7619047619047619,0.5666666666666667,0.16666666666666666
True,218,84,0.5939475587035368,0.0,50.39115383103088,227.0,533.0,113.0,116.0,135.38562300588873,39,21,5,22,0.35,0.43333333333333335,382.0,0.2616725648836744,0.3544126256698658,0.13191401526447874,0.1508667172005722,43,22,113,94,17,207,26,7,22,0.5820371027673271,0.4175993861121362,28,60,159,46,22,113,0.5820371027673271,nenhuma,135.3856230058887,0.0,147,0,terminal,0.8666666666666667,j604_1.sm,10,centralizada,GF,0,2.5952380952380953,0.7166666666666667,0.2682926829268293
True,166,84,0.5937420861489691,0.0,9.884328368537277,329.0,527.0,160.0,85.0,115.59077770305885,53,7,17,14,0.11666666666666667,0.4,382.0,0.23230088434645094,0.302593658908531,0.025875205153238944,0.1302298092846222,45,14,160,71,15,231,22,7,1,0.5820371027673271,0.4175993861121362,28,60,208,48,1,160,0.5820371027673271,nenhuma,115.59077770305885,0.0,127,0,terminal,0.9766666666666666,j604_1.sm,10,adaptativa,GF,0,1.9761904761904763,0.75,0.1891891891891892
True,210,84,0.7422927868317876,1.3322676295501878e-15,43.72054398411005,231.0,627.0,21.0,85.0,111.6801735419338,36,24,2,27,0.4,0.43333333333333335,382.0,0.2262196853899938,0.2923564752406644,0.11445168582227762,0.13221592863205694,44,27,21,58,16,79,7,16,14,0.7131697048371954,0.48671389683598903,12,60,58,37,14,21,0.7131697048371954,nenhuma,111.6801735419338,0.0,121,0,terminal,0.39582847901480606,j604_1.sm,11,centralizada,GF,0,2.5,0.7333333333333333,0.3103448275862069
True,152,84,0.7160786774126033,0.0,8.836467989822726,359.0,503.0,69.0,58.0,72.43677945764654,56,4,14,11,0.06666666666666667,0.3,382.0,0.1593990247534479,0.18962507711425794,0.023132115156603995,0.1031221336581709,32,11,69,47,28,116,8,18,0,0.7131697048371954,0.48671389683598903,12,60,108,39,0,69,0.7131697048371954,nenhuma,72.43677945764654,0.0,79,0,terminal,0.9741820294425213,j604_1.sm,11,adaptativa,GF,0,1.8095238095238095,0.5333333333333333,0.15492957746478872
True,193,77,0.7897056689391622,0.0,13.73938930838921,285.0,508.0,36.0,68.0,31.277641253877903,50,10,0,12,0.16666666666666666,0.16666666666666666,336.0,0.08516075508189584,0.09308821801749376,0.04089103960830122,0.048622304348883434,27,12,36,56,33,92,10,5,33,0.6268507180531939,0.4857196752206667,13,60,49,13,33,36,0.6268507180531939,nenhuma,31.2776412538779,0.0,35,0,terminal,0.5566902735484955,j607_1.sm,0,centralizada,GF,0,2.5064935064935066,0.45,0.16666666666666666
True,126,77,0.7230084653282774,0.0,3.5,325.0,427.0,63.0,53.0,47.58782915649999,58,2,12,6,0.03333333333333333,0.23333333333333334,336.0,0.12405979944969692,0.14163044391815474,0.010416666666666666,0.0805770569713005,20,6,63,47,40,110,10,10,0,0.6268507180531939,0.4857196752206667,13,60,100,37,0,63,0.6268507180531939,nenhuma,47.58782915649999,0.0,52,0,terminal,0.9702706867663924,j607_1.sm,0,adaptativa,GF,0,1.6363636363636365,0.3333333333333333,0.09090909090909091
True,259,77,0.7325486182402048,0.0,14.448552875452945,292.0,473.0,55.0,90.0,27.69093193607246,52,8,3,13,0.13333333333333333,0.18333333333333332,336.0,0.07613863724526355,0.08241348790497756,0.04300164546265758,0.042885737690387817,22,13,55,77,38,132,16,17,25,0.6586427040007742,0.39362113220747674,11,60,91,36,25,55,0.6586427040007742,nenhuma,27.69093193607246,0.0,31,0,terminal,0.6577985170844526,j607_1.sm,1,centralizada,GF,0,3.3636363636363638,0.36666666666666664,0.1780821917808219
True,113,77,0.8385710882906582,0.0,6.249848849046733,320.0,452.0,32.0,24.0,31.012143766315617,57,3,6,8,0.05,0.15,336.0,0.08449895812183726,0.09229804692355839,0.0186007406221629,0.057535148558286814,22,8,32,16,38,48,7,3,0,0.6586427040007742,0.39362113220747674,11,60,41,9,0,32,0.6586427040007742,nenhuma,31.012143766315614,0.0,34,0,terminal,0.9616666666666666,j607_1.sm,1,adaptativa,GF,0,1.4675324675324675,0.36666666666666664,0.11764705882352941
True,264,77,0.6926951307848269,0.0,21.740663551184603,271.0,513.0,34.0,150.0,43.585543626917776,48,12,0,24,0.2,0.2,336.0,0.11482403468388296,0.1297188798420172,0.06470435580709703,0.05885281450872435,32,24,34,126,28,160,0,21,63,0.7659648859265082,0.2570239140832174,4,60,97,63,63,34,0.7659648859265082,nenhuma,43.58554362691777,0.0,48,0,terminal,0.4752922302727492,j607_1.sm,2,centralizada,GF,0,3.4285714285714284,0.5333333333333333,0.2857142857142857
True,125,77,0.7291684861977249,0.0,4.5,325.0,447.0,61.0,55.0,50.027041707325324,58,2,14,6,0.03333333333333333,0.26666666666666666,336.0,0.12959465607918316,0.14889000508132538,0.013392857142857142,0.081606582261031,31,6,61,49,29,110,1,20,1,0.7659648859265082,0.2570239140832174,4,60,108,47,1,61,0.7659648859265082,nenhuma,50.027041707325324,0.0,56,0,terminal,0.8857591223484471,j607_1.sm,2,adaptativa,GF,0,1.6233766233766234,0.5166666666666667,0.09090909090909091
True,165,77,0.6604459549107823,8.881784197001252e-15,52.83548540930634,216.0,522.0,59.0,122.0,87.37504298215505,42,18,2,10,0.3,0.3333333333333333,336.0,0.2063774056371052,0.26004477078022337,0.1572484684800784,0.11054883850137939,35,10,59,112,25,171,3,27,34,0.794910294566222,0.24332019624229823,3,60,134,75,34,59,0.794910294566222,nenhuma,87.37504298215504,0.0,95,0,terminal,0.5708494074210226,j607_1.sm,3,centralizada,GF,0,2.142857142857143,0.5833333333333334,0.14285714285714285
True,148,77,0.5930483879505412,8.881784197001252e-16,9.711164799751533,302.0,442.0,147.0,82.0,74.3017476827907,54,6,9,14,0.1,0.25,336.0,0.18109049767010568,0.22113615381782947,0.028902276189736703,0.09969351059997032,28,14,147,68,32,215,3,14,2,0.794910294566222,0.24332019624229823,3,60,210,63,2,147,0.794910294566222,nenhuma,74.3017476827907,0.0,79,0,terminal,0.9416666666666668,j607_1.sm,3,adaptativa,GF,0,1.922077922077922,0.4666666666666667,0.1891891891891892
True,296,77,0.6837985218652392,0.0,19.192827019265703,240.0,544.0,55.0,115.0,81.55597534211955,44,16,5,9,0.26666666666666666,0.35,336.0,0.19531746677866993,0.24272611708964154,0.05712150898590983,0.1025144400518736,38,9,55,106,22,161,3,26,37,0.7496468789669437,0.35303232464984247,4,60,121,66,37,55,0.7496468789669437,nenhuma,81.55597534211957,0.0,91,0,terminal,0.5546288281999044,j607_1.sm,4,centralizada,GF,0,3.844155844155844,0.6333333333333333,0.13043478260869565
True,135,77,0.6949719352011535,0.0,6.91921887415082,293.0,435.0,80.0,54.0,56.924556038501095,54,6,10,12,0.1,0.26666666666666666,336.0,0.14487400994333194,0.16941832154315803,0.02059291331592506,0.0909447560242382,25,12,80,42,35,122,0,5,2,0.7496468789669437,0.35303232464984247,4,60,120,40,2,80,0.7496468789669437,nenhuma,56.924556038501095,0.0,63,0,terminal,0.9042597964071541,j607_1.sm,4,adaptativa,GF,0,1.7532467532467533,0.4166666666666667,0.16666666666666666
True,190,77,0.7004907648352289,5.329070518200751e-15,29.45500694423053,232.0,552.0,24.0,117.0,95.01895429676759,41,19,4,7,0.31666666666666665,0.38333333333333336,336.0,0.22045191597616984,0.2827945068356178,0.08766371114354324,0.12057952892968549,34,7,24,110,26,134,0,17,39,0.6863255838987572,0.3910769205246226,7,60,95,71,39,24,0.6863255838987572,nenhuma,95.01895429676759,0.0,105,0,terminal,0.3721011378197305,j607_1.sm,5,centralizada,GF,0,2.4675324675324677,0.5666666666666667,0.1044776119402985
True,131,77,0.6345195484806506,0.0,7.125178881875155,296.0,420.0,92.0,68.0,81.91814106544851,52,8,15,7,0.13333333333333333,0.38333333333333336,336.0,0.19601480054587925,0.2438039912662158,0.021205889529390343,0.1237587187648158,30,7,92,61,30,153,0,9,0,0.6863255838987572,0.3910769205246226,7,60,153,61,0,92,0.6863255838987572,nenhuma,81.91814106544851,0.0,89,0,terminal,0.9262201858191154,j607_1.sm,5,adaptativa,GF,0,1.7012987012987013,0.5,0.1044776119402985
True,233,77,0.7136364668589636,0.0,26.67885382341064,242.0,544.0,22.0,122.0,74.29288337014181,43,17,4,13,0.2833333333333333,0.35,336.0,0.18107280526023453,0.22110977193494585,0.07940135066491262,0.097459762501899,36,13,22,109,24,131,9,48,28,0.7631789564580391,0.24360497938515846,4,60,94,72,28,22,0.7631789564580391,nenhuma,74.29288337014182,0.0,82,0,terminal,0.37149564056055073,j607_1.sm,6,centralizada,GF,0,3.0259740259740258,0.6,0.1780821917808219
True,135,77,0.6850002066343817,0.0,9.0,290.0,436.0,67.0,64.0,69.49615836205827,52,8,14,9,0.13333333333333333,0.36666666666666664,336.0,0.17138549140089937,0.20683380464898293,0.026785714285714284,0.10918551109703124,22,9,67,55,38,122,2,25,3,0.7631789564580391,0.24360497938515846,4,60,117,50,3,67,0.7631789564580391,nenhuma,69.49615836205827,0.0,75,0,terminal,0.9362126511045071,j607_1.sm,6,adaptativa,GF,0,1.7532467532467533,0.36666666666666664,0.13043478260869565
True,187,77,0.6587667876972557,6.661338147750939e-16,25.750155862676202,261.0,485.0,56.0,133.0,62.22412218948656,47,13,2,14,0.21666666666666667,0.25,336.0,0.15625402561595333,0.18519083984966236,0.07663736863891726,0.08451790740628783,34,14,56,119,26,175,6,13,51,0.5858494645010164,0.43100241340042456,18,60,118,62,51,56,0.5858494645010164,nenhuma,62.22412218948656,0.0,69,0,terminal,0.6041986911957228,j607_1.sm,7,centralizada,GF,0,2.4285714285714284,0.5666666666666667,0.1891891891891892
True,135,77,0.6188870388552495,0.0,9.958987325950346,306.0,412.0,135.0,66.0,52.71114619248302,56,4,10,6,0.06666666666666667,0.23333333333333334,336.0,0.13560492594256965,0.15687841128715185,0.02963984323199508,0.07918020675177666,29,6,135,60,31,195,15,9,0,0.5858494645010164,0.43100241340042456,18,60,180,45,0,135,0.5858494645010164,nenhuma,52.71114619248303,0.0,56,0,terminal,0.9866666666666667,j607_1.sm,7,adaptativa,GF,0,1.7532467532467533,0.48333333333333334,0.09090909090909091
True,235,77,0.5217330657103685,0.0,39.8443030169149,178.0,507.0,168.0,168.0,128.76129580687277,33,27,3,24,0.45,0.5,336.0,0.2770482330791554,0.3832181422823594,0.11858423516938958,0.1325030090851269,48,24,168,144,12,312,21,13,34,0.5273323364698471,0.27249021043639565,31,60,257,89,34,168,0.5273323364698471,nenhuma,128.76129580687277,0.0,139,0,terminal,0.7020432083570912,j607_1.sm,8,centralizada,GF,0,3.051948051948052,0.8,0.2857142857142857
True,163,77,0.5469666258461259,0.0,4.5,326.0,418.0,154.0,110.0,82.21481722651376,58,2,17,10,0.03333333333333333,0.31666666666666665,336.0,0.19658513720709353,0.24468695603129095,0.013392857142857142,0.10758076835632098,49,10,154,100,11,254,15,24,2,0.5273323364698471,0.27249021043639565,31,60,237,83,2,154,0.5273323364698471,nenhuma,82.21481722651376,0.0,89,0,terminal,0.9249999999999999,j607_1.sm,8,adaptativa,GF,0,2.116883116883117,0.8166666666666667,0.14285714285714285
True,230,77,0.6182718381242163,0.0,36.122726819988685,207.0,481.0,71.0,139.0,86.97494619731155,38,22,2,12,0.36666666666666664,0.4,336.0,0.2056267090503725,0.2588540065396177,0.10750811553568061,0.11179659013756055,39,12,71,127,21,198,5,16,45,0.6872143627230507,0.3512385487549321,7,60,148,77,45,71,0.6872143627230507,nenhuma,86.97494619731154,0.0,98,0,terminal,0.7435432251231545,j607_1.sm,9,centralizada,GF,0,2.987012987012987,0.65,0.16666666666666666
True,141,77,0.6128141958005154,0.0,4.5,319.0,423.0,123.0,79.0,65.25816128074133,57,3,18,5,0.05,0.35,336.0,0.1626338541562605,0.19422071809744446,0.013392857142857142,0.09454167287157882,24,5,123,74,36,197,4,19,2,0.6872143627230507,0.3512385487549321,7,60,191,68,2,123,0.6872143627230507,nenhuma,65.25816128074133,0.0,73,0,terminal,0.9657657316421683,j607_1.sm,9,adaptativa,GF,0,1.8311688311688312,0.4,0.07692307692307693
True,149,77,0.6442452492441566,0.0,21.852785894536986,250.0,461.0,95.0,101.0,58.56600617677163,45,15,1,10,0.25,0.26666666666666666,336.0,0.14843145445868228,0.17430358981182031,0.06503805325755055,0.08184570769325175,36,10,95,91,24,186,15,7,23,0.5820371027673271,0.4175993861121362,18,60,148,53,23,95,0.5820371027673271,nenhuma,58.56600617677164,0.0,64,0,terminal,0.8796832249354417,j607_1.sm,10,centralizada,GF,0,1.9350649350649352,0.6,0.14285714285714285
True,152,77,0.5771832042817384,0.0,5.0,309.0,433.0,162.0,80.0,75.1950798080418,55,5,15,8,0.08333333333333333,0.3333333333333333,336.0,0.1828696001011129,0.22379488038107678,0.01488095238095238,0.10023403489567347,31,8,162,72,29,234,18,2,2,0.5820371027673271,0.4175993861121362,18,60,214,52,2,162,0.5820371027673271,nenhuma,75.1950798080418,0.0,82,0,terminal,0.9983333333333334,j607_1.sm,10,adaptativa,GF,0,1.974025974025974,0.5166666666666667,0.11764705882352941
True,246,77,0.7413580692089643,1.7763568394002505e-15,31.992244886480236,244.0,538.0,36.0,87.0,64.69521037796322,46,14,1,9,0.23333333333333334,0.25,336.0,0.16145740877945172,0.1925452689820334,0.09521501454309594,0.08914928671538024,33,9,36,78,27,114,1,13,25,0.7131697048371954,0.48671389683598903,5,60,88,52,25,36,0.7131697048371954,nenhuma,64.69521037796322,0.0,68,0,terminal,0.4718355392904243,j607_1.sm,11,centralizada,GF,0,3.1948051948051948,0.55,0.13043478260869565
True,129,77,0.749846113397123,0.0,8.0,294.0,458.0,43.0,37.0,72.7919902725967,54,6,14,17,0.1,0.3333333333333333,336.0,0.17806608741051036,0.2166428281922521,0.023809523809523808,0.11917639954661098,30,17,43,20,30,63,1,3,0,0.7131697048371954,0.48671389683598903,5,60,62,19,0,43,0.7131697048371954,nenhuma,72.7919902725967,0.0,80,0,terminal,0.9800800954034595,j607_1.sm,11,adaptativa,GF,0,1.6753246753246753,0.5,0.22077922077922077
