etapa,canal,tau_sat,s_transicao,cenario,arquivo,semente,atraso_relativo,taxa_omissao,divida_latente_sobre_plano,taxa_falha_efetiva,fracao_porta1,n_executadas,N_req,N_blocked,motivo_termino,TW,TL,TU,TR,concluiu,violacoes
nominal,ativo,1.0,0.25,centralizada,j6010_1.sm,0,2.411764705882353,0.23333333333333334,0.08894242034778303,0.26666666666666666,0.5166666666666667,60,0,99,terminal,535.0,0.0,121.0,69.8894835451404,True,0
nominal,ativo,1.0,0.25,centralizada,j6010_1.sm,1,3.0352941176470587,0.23333333333333334,0.080676008929519,0.2833333333333333,0.5,60,0,58,terminal,518.0,0.0,65.0,73.56675043879109,True,0
nominal,ativo,1.0,0.25,centralizada,j6010_1.sm,2,2.376470588235294,0.31666666666666665,0.12674635278409738,0.36666666666666664,0.55,60,0,90,terminal,525.0,0.0,98.0,85.0062091711865,True,0
nominal,ativo,1.0,0.25,centralizada,j6010_1.sm,3,2.611764705882353,0.21666666666666667,0.05040944109350287,0.3,0.6666666666666666,60,0,204,terminal,526.0,0.0,207.0,74.76847840892171,True,0
nominal,ativo,1.0,0.25,centralizada,j6010_1.sm,4,2.9529411764705884,0.25,0.09382218323362401,0.31666666666666665,0.6,60,0,138,terminal,525.0,0.0,147.0,78.52719895926086,True,0
nominal,ativo,1.0,0.25,centralizada,j6010_1.sm,5,2.0823529411764707,0.2,0.05225390614223538,0.31666666666666665,0.38333333333333336,60,0,77,terminal,511.0,0.0,84.0,74.34306546129403,True,0
nominal,ativo,1.0,0.25,centralizada,j6010_1.sm,6,2.7411764705882353,0.25,0.09474763063930433,0.26666666666666666,0.38333333333333336,60,0,95,terminal,522.0,0.0,98.0,55.454114209770275,True,0
nominal,ativo,1.0,0.25,centralizada,j6010_1.sm,7,2.7294117647058824,0.35,0.12006810949260277,0.35,0.6333333333333333,60,0,156,terminal,517.0,0.0,157.0,78.38703241444973,True,0
nominal,ativo,1.0,0.25,centralizada,j6010_1.sm,8,2.388235294117647,0.43333333333333335,0.08524363043549825,0.48333333333333334,0.8333333333333334,60,0,199,terminal,521.0,0.0,220.0,101.27723006707886,True,0
nominal,ativo,1.0,0.25,centralizada,j6010_1.sm,9,2.5647058823529414,0.31666666666666665,0.12091493888159684,0.36666666666666664,0.45,60,0,114,terminal,506.0,0.0,125.0,93.59530718445994,True,0
nominal,ativo,1.0,0.25,centralizada,j6010_1.sm,10,2.623529411764706,0.43333333333333335,0.10534195005363685,0.5,0.6166666666666667,60,0,143,terminal,540.0,0.0,168.0,119.95692534410588,True,0
nominal,ativo,1.0,0.25,centralizada,j6010_1.sm,11,2.764705882352941,0.36666666666666664,0.1283413795457325,0.43333333333333335,0.4666666666666667,60,0,71,terminal,532.0,0.0,78.0,115.11207479914171,True,0
nominal,ativo,1.0,0.25,centralizada,j6013_1.sm,0,3.7246376811594204,0.18333333333333332,0.07547481989881702,0.21666666666666667,0.6833333333333333,60,0,56,terminal,541.0,0.0,66.0,82.7516865073458,True,0
nominal,ativo,1.0,0.25,centralizada,j6013_1.sm,1,4.434782608695652,0.45,0.1320105671056729,0.48333333333333334,0.7666666666666667,60,0,93,terminal,581.0,0.0,107.0,159.68172496381897,True,0
nominal,ativo,1.0,0.25,centralizada,j6013_1.sm,2,4.188405797101449,0.38333333333333336,0.11986737902107407,0.4166666666666667,0.7,60,0,13,terminal,576.0,0.0,13.0,126.37568486044064,True,0
nominal,ativo,1.0,0.25,centralizada,j6013_1.sm,3,4.27536231884058,0.25,0.09069554549513766,0.3333333333333333,0.7166666666666667,60,0,124,terminal,573.0,0.0,124.0,124.95069545134857,True,0
nominal,ativo,1.0,0.25,centralizada,j6013_1.sm,4,4.739130434782608,0.3333333333333333,0.06112226941406612,0.35,0.6833333333333333,60,0,101,terminal,560.0,0.0,109.0,91.08532732657585,True,0
nominal,ativo,1.0,0.25,centralizada,j6013_1.sm,5,4.333333333333333,0.38333333333333336,0.07323491644965098,0.4666666666666667,0.7666666666666667,60,0,56,terminal,553.0,0.0,63.0,130.82056025592274,True,0
nominal,ativo,1.0,0.25,centralizada,j6013_1.sm,6,4.579710144927536,0.3333333333333333,0.08651915632566771,0.4,0.6833333333333333,60,0,2,terminal,581.0,0.0,3.0,133.00886136040052,True,0
nominal,ativo,1.0,0.25,centralizada,j6013_1.sm,7,3.898550724637681,0.35,0.12351918735259798,0.38333333333333336,0.8833333333333333,60,0,112,terminal,550.0,0.0,129.0,99.50261344679976,True,0
nominal,ativo,1.0,0.25,centralizada,j6013_1.sm,8,4.449275362318841,0.4,0.10238523101316398,0.4166666666666667,0.8,60,0,146,terminal,561.0,0.0,166.0,115.18357762960858,True,0
nominal,ativo,1.0,0.25,centralizada,j6013_1.sm,9,4.942028985507246,0.3333333333333333,0.07786699586881143,0.4,0.65,60,0,81,terminal,558.0,0.0,81.0,129.64579549942565,True,0
nominal,ativo,1.0,0.25,centralizada,j6013_1.sm,10,5.63768115942029,0.43333333333333335,0.08237678881640101,0.45,0.8333333333333334,60,0,121,terminal,563.0,0.0,146.0,137.51231985635619,True,0
nominal,ativo,1.0,0.25,centralizada,j6013_1.sm,11,4.405797101449275,0.21666666666666667,0.095787407351481,0.3,0.5333333333333333,60,0,29,terminal,567.0,0.0,31.0,103.26010946373776,True,0
nominal,ativo,1.0,0.25,centralizada,j6016_1.sm,0,3.46875,0.36666666666666664,0.13877758956864267,0.38333333333333336,0.8333333333333334,60,0,134,terminal,616.0,0.0,151.0,111.78518807945787,True,0
nominal,ativo,1.0,0.25,centralizada,j6016_1.sm,1,4.46875,0.26666666666666666,0.1547755701472645,0.31666666666666665,0.7666666666666667,60,0,126,terminal,644.0,0.0,134.0,103.47004151645092,True,0
nominal,ativo,1.0,0.25,centralizada,j6016_1.sm,2,3.28125,0.36666666666666664,0.14968277973954197,0.4,0.8,60,0,126,terminal,634.0,0.0,132.0,124.47790872928152,True,0
nominal,ativo,1.0,0.25,centralizada,j6016_1.sm,3,3.0625,0.3333333333333333,0.14260400606922172,0.36666666666666664,0.8166666666666667,60,0,155,terminal,650.0,0.0,155.0,120.74470315553268,True,0
nominal,ativo,1.0,0.25,centralizada,j6016_1.sm,4,3.75,0.36666666666666664,0.1498960593587791,0.4666666666666667,0.85,60,0,200,terminal,669.0,0.0,210.0,155.72194404902893,True,0
nominal,ativo,1.0,0.25,centralizada,j6016_1.sm,5,3.328125,0.43333333333333335,0.12270851760415187,0.5,0.8666666666666667,60,0,179,terminal,622.0,0.0,193.0,148.85661790414554,True,0
nominal,ativo,1.0,0.25,centralizada,j6016_1.sm,6,3.171875,0.4,0.11869191939237135,0.45,0.7666666666666667,60,0,68,terminal,636.0,0.0,79.0,125.5673662692673,True,0
nominal,ativo,1.0,0.25,centralizada,j6016_1.sm,7,3.578125,0.31666666666666665,0.13178132191786843,0.4166666666666667,0.8833333333333333,60,0,151,terminal,647.0,0.0,156.0,145.21170038545253,True,0
nominal,ativo,1.0,0.25,centralizada,j6016_1.sm,8,3.40625,0.5333333333333333,0.1637975792382154,0.6166666666666667,0.9166666666666666,60,0,164,terminal,676.0,0.0,194.0,208.45637483503012,True,0
nominal,ativo,1.0,0.25,centralizada,j6016_1.sm,9,4.359375,0.38333333333333336,0.19174202458405384,0.45,0.7166666666666667,60,0,137,terminal,647.0,0.0,145.0,156.8491546084968,True,0
nominal,ativo,1.0,0.25,centralizada,j6016_1.sm,10,3.875,0.4166666666666667,0.17830543318649744,0.4666666666666667,0.8666666666666667,60,0,166,terminal,696.0,0.0,196.0,174.28555742145028,True,0
nominal,ativo,1.0,0.25,centralizada,j6016_1.sm,11,3.5,0.35,0.12104588149627311,0.45,0.8,60,0,111,terminal,651.0,0.0,114.0,132.09028722509962,True,0
nominal,ativo,1.0,0.25,centralizada,j6019_1.sm,0,2.8870967741935485,0.2,0.054389695632364156,0.21666666666666667,0.6,60,0,91,terminal,562.0,0.0,106.0,47.801815538745686,True,0
nominal,ativo,1.0,0.25,centralizada,j6019_1.sm,1,4.548387096774194,0.26666666666666666,0.13953457534025918,0.35,0.6333333333333333,60,0,84,terminal,575.0,0.0,88.0,102.1415277282218,True,0
nominal,ativo,1.0,0.25,centralizada,j6019_1.sm,2,3.2096774193548385,0.3333333333333333,0.13506718748075594,0.38333333333333336,0.6333333333333333,60,0,120,terminal,580.0,0.0,121.0,103.64669875807414,True,0
nominal,ativo,1.0,0.25,centralizada,j6019_1.sm,3,3.8225806451612905,0.26666666666666666,0.10570395798726985,0.3333333333333333,0.6,60,0,101,terminal,579.0,0.0,101.0,88.99617799697839,True,0
nominal,ativo,1.0,0.25,centralizada,j6019_1.sm,4,3.3870967741935485,0.31666666666666665,0.08485603703328685,0.36666666666666664,0.65,60,0,112,terminal,589.0,0.0,119.0,95.54315444535581,True,0
nominal,ativo,1.0,0.25,centralizada,j6019_1.sm,5,3.435483870967742,0.3,0.09029906381128869,0.4166666666666667,0.7333333333333333,60,0,114,terminal,577.0,0.0,139.0,100.45603572352809,True,0
nominal,ativo,1.0,0.25,centralizada,j6019_1.sm,6,3.0161290322580645,0.25,0.0906121756755703,0.3,0.6166666666666667,60,0,114,terminal,569.0,0.0,115.0,80.28557479996154,True,0
nominal,ativo,1.0,0.25,centralizada,j6019_1.sm,7,2.838709677419355,0.2833333333333333,0.12108203030000497,0.31666666666666665,0.6833333333333333,60,0,31,terminal,555.0,0.0,31.0,75.61977515936864,True,0
nominal,ativo,1.0,0.25,centralizada,j6019_1.sm,8,3.5,0.38333333333333336,0.14239847350091311,0.4166666666666667,0.9166666666666666,60,0,192,terminal,611.0,0.0,204.0,117.21268019333235,True,0
nominal,ativo,1.0,0.25,centralizada,j6019_1.sm,9,5.225806451612903,0.4166666666666667,0.15035046055573603,0.43333333333333335,0.65,60,0,118,terminal,573.0,0.0,131.0,123.1039794746903,True,0
nominal,ativo,1.0,0.25,centralizada,j6019_1.sm,10,3.129032258064516,0.43333333333333335,0.13748979465553213,0.48333333333333334,0.7,60,0,111,terminal,588.0,0.0,134.0,124.02407621195934,True,0
nominal,ativo,1.0,0.25,centralizada,j6019_1.sm,11,4.112903225806452,0.31666666666666665,0.08821778503326415,0.4166666666666667,0.6333333333333333,60,0,101,terminal,582.0,0.0,108.0,105.37082325290176,True,0
nominal,ativo,1.0,0.25,centralizada,j6021_1.sm,0,3.5,0.2833333333333333,0.07528251860987722,0.3,0.5333333333333333,60,0,111,terminal,531.0,0.0,121.0,72.91508796032242,True,0
nominal,ativo,1.0,0.25,centralizada,j6021_1.sm,1,4.092105263157895,0.2833333333333333,0.10180891915996569,0.3,0.5666666666666667,60,0,81,terminal,540.0,0.0,86.0,75.55507246772123,True,0
nominal,ativo,1.0,0.25,centralizada,j6021_1.sm,2,3.4210526315789473,0.2,0.07318080412579829,0.25,0.5166666666666667,60,0,21,terminal,525.0,0.0,23.0,56.66461519537095,True,0
nominal,ativo,1.0,0.25,centralizada,j6021_1.sm,3,3.8421052631578947,0.31666666666666665,0.12867547013828065,0.38333333333333336,0.5666666666666667,60,0,82,terminal,541.0,0.0,82.0,118.83749212091763,True,0
nominal,ativo,1.0,0.25,centralizada,j6021_1.sm,4,3.513157894736842,0.3333333333333333,0.12085050464336122,0.4,0.5166666666666667,60,0,64,terminal,557.0,0.0,68.0,110.99035961921862,True,0
nominal,ativo,1.0,0.25,centralizada,j6021_1.sm,5,3.276315789473684,0.3333333333333333,0.09045939727843166,0.4,0.6166666666666667,60,0,112,terminal,530.0,0.0,116.0,102.32191301820235,True,0
nominal,ativo,1.0,0.25,centralizada,j6021_1.sm,6,4.0394736842105265,0.2833333333333333,0.07479213304226778,0.35,0.48333333333333334,60,0,34,terminal,542.0,0.0,34.0,91.64552029468169,True,0
nominal,ativo,1.0,0.25,centralizada,j6021_1.sm,7,3.8684210526315788,0.21666666666666667,0.10484784498965512,0.2833333333333333,0.6833333333333333,60,0,139,terminal,538.0,0.0,140.0,82.67162577807468,True,0
nominal,ativo,1.0,0.25,centralizada,j6021_1.sm,8,3.6315789473684212,0.38333333333333336,0.11838941939270711,0.4666666666666667,0.8,60,0,162,terminal,549.0,0.0,177.0,113.95824083151781,True,0
nominal,ativo,1.0,0.25,centralizada,j6021_1.sm,9,4.092105263157895,0.3,0.08991357101705491,0.38333333333333336,0.6166666666666667,60,0,127,terminal,520.0,0.0,129.0,100.28669014658516,True,0
nominal,ativo,1.0,0.25,centralizada,j6021_1.sm,10,4.394736842105263,0.4166666666666667,0.08581106189296517,0.45,0.6333333333333333,60,0,128,terminal,540.0,0.0,143.0,118.49430972322034,True,0
nominal,ativo,1.0,0.25,centralizada,j6021_1.sm,11,4.921052631578948,0.35,0.07073048846477517,0.43333333333333335,0.48333333333333334,60,0,6,terminal,558.0,0.0,6.0,114.41980190356635,True,0
nominal,ativo,1.0,0.25,centralizada,j6024_1.sm,0,2.707692307692308,0.3,0.13868876111196934,0.3,0.31666666666666665,60,0,69,terminal,463.0,0.0,71.0,75.09227432741014,True,0
nominal,ativo,1.0,0.25,centralizada,j6024_1.sm,1,2.4,0.18333333333333332,0.07245701711721791,0.25,0.31666666666666665,60,0,83,terminal,458.0,0.0,88.0,57.3710743677645,True,0
nominal,ativo,1.0,0.25,centralizada,j6024_1.sm,2,4.2,0.25,0.07233760657269649,0.25,0.55,60,0,163,terminal,472.0,0.0,168.0,61.10314247591547,True,0
nominal,ativo,1.0,0.25,centralizada,j6024_1.sm,3,2.276923076923077,0.2,0.07949190935817976,0.25,0.43333333333333335,60,0,142,terminal,464.0,0.0,142.0,53.71262034869175,True,0
nominal,ativo,1.0,0.25,centralizada,j6024_1.sm,4,2.769230769230769,0.18333333333333332,0.1082174776650668,0.21666666666666667,0.4166666666666667,60,0,116,terminal,468.0,0.0,117.0,56.38145064529786,True,0
nominal,ativo,1.0,0.25,centralizada,j6024_1.sm,5,2.707692307692308,0.3,0.08827204378173693,0.3333333333333333,0.4166666666666667,60,0,114,terminal,445.0,0.0,120.0,70.23591110502156,True,0
nominal,ativo,1.0,0.25,centralizada,j6024_1.sm,6,3.4307692307692306,0.3,0.10812771387354769,0.31666666666666665,0.4166666666666667,60,0,56,terminal,495.0,0.0,56.0,72.91528069582785,True,0
nominal,ativo,1.0,0.25,centralizada,j6024_1.sm,7,2.6615384615384614,0.2833333333333333,0.1451032504545163,0.35,0.55,60,0,179,terminal,442.0,0.0,179.0,72.46853457857578,True,0
nominal,ativo,1.0,0.25,centralizada,j6024_1.sm,8,2.769230769230769,0.26666666666666666,0.07423255641155468,0.3,0.65,60,0,265,terminal,485.0,0.0,280.0,70.19413317777585,True,0
nominal,ativo,1.0,0.25,centralizada,j6024_1.sm,9,3.246153846153846,0.3,0.12130478763109126,0.31666666666666665,0.4,60,0,126,terminal,461.0,0.0,134.0,74.57015668784665,True,0
nominal,ativo,1.0,0.25,centralizada,j6024_1.sm,10,2.4153846153846152,0.25,0.13642417898464268,0.2833333333333333,0.6333333333333333,60,0,168,terminal,485.0,0.0,186.0,72.4116536082697,True,0
nominal,ativo,1.0,0.25,centralizada,j6024_1.sm,11,2.3692307692307693,0.2,0.05864012681903264,0.2833333333333333,0.3333333333333333,60,0,47,terminal,462.0,0.0,49.0,66.10987373234451,True,0
nominal,ativo,1.0,0.25,centralizada,j6027_1.sm,0,2.0833333333333335,0.23333333333333334,0.06392148112553976,0.25,0.43333333333333335,60,0,173,terminal,518.0,0.0,173.0,66.54236426581141,True,0
nominal,ativo,1.0,0.25,centralizada,j6027_1.sm,1,2.4375,0.18333333333333332,0.045922328749537715,0.25,0.36666666666666664,60,0,149,terminal,504.0,0.0,173.0,59.45619381778315,True,0
nominal,ativo,1.0,0.25,centralizada,j6027_1.sm,2,2.9375,0.26666666666666666,0.1022338370297344,0.3,0.38333333333333336,60,0,119,terminal,536.0,0.0,119.0,87.61555885654934,True,0
nominal,ativo,1.0,0.25,centralizada,j6027_1.sm,3,2.375,0.25,0.07230838167538793,0.31666666666666665,0.45,60,0,166,terminal,534.0,0.0,168.0,76.67740552062422,True,0
nominal,ativo,1.0,0.25,centralizada,j6027_1.sm,4,2.6875,0.25,0.07462465938651323,0.26666666666666666,0.43333333333333335,60,0,166,terminal,531.0,0.0,176.0,73.44204237617538,True,0
nominal,ativo,1.0,0.25,centralizada,j6027_1.sm,5,2.1979166666666665,0.38333333333333336,0.0805847962818181,0.4666666666666667,0.5,60,0,160,terminal,525.0,0.0,162.0,116.70094107507087,True,0
nominal,ativo,1.0,0.25,centralizada,j6027_1.sm,6,2.1875,0.26666666666666666,0.05420419637392919,0.3,0.38333333333333336,60,0,79,terminal,558.0,0.0,80.0,74.52079888706126,True,0
nominal,ativo,1.0,0.25,centralizada,j6027_1.sm,7,2.3958333333333335,0.31666666666666665,0.12577417040958513,0.3333333333333333,0.65,60,0,205,terminal,525.0,0.0,211.0,83.8751892610679,True,0
nominal,ativo,1.0,0.25,centralizada,j6027_1.sm,8,3.3541666666666665,0.38333333333333336,0.11560687184650918,0.4666666666666667,0.7666666666666667,60,0,291,terminal,565.0,0.0,307.0,132.89386103108058,True,0
nominal,ativo,1.0,0.25,centralizada,j6027_1.sm,9,2.3958333333333335,0.2833333333333333,0.08219224481082042,0.31666666666666665,0.38333333333333336,60,0,119,terminal,508.0,0.0,131.0,63.99917321776772,True,0
nominal,ativo,1.0,0.25,centralizada,j6027_1.sm,10,2.1770833333333335,0.2833333333333333,0.06939402723520811,0.3333333333333333,0.7,60,0,174,terminal,562.0,0.0,190.0,73.08504141235866,True,0
nominal,ativo,1.0,0.25,centralizada,j6027_1.sm,11,2.6875,0.38333333333333336,0.0660574569765487,0.4,0.4,60,0,33,terminal,559.0,0.0,33.0,95.5841800641702,True,0
nominal,ativo,1.0,0.25,centralizada,j602_1.sm,0,2.923076923076923,0.3333333333333333,0.11217242197827866,0.35,0.7,60,0,81,terminal,560.0,0.0,101.0,79.60423940392627,True,0
nominal,ativo,1.0,0.25,centralizada,j602_1.sm,1,4.0,0.35,0.15918734036732884,0.38333333333333336,0.6166666666666667,60,0,85,terminal,576.0,0.0,95.0,108.9959913073564,True,0
nominal,ativo,1.0,0.25,centralizada,j602_1.sm,2,3.0923076923076924,0.23333333333333334,0.08819600416889481,0.3333333333333333,0.7,60,0,79,terminal,553.0,0.0,85.0,72.76488214950692,True,0
nominal,ativo,1.0,0.25,centralizada,j602_1.sm,3,3.2153846153846155,0.35,0.11825977411958541,0.38333333333333336,0.7,60,0,196,terminal,557.0,0.0,208.0,101.25218279622707,True,0
nominal,ativo,1.0,0.25,centralizada,j602_1.sm,4,3.0615384615384613,0.36666666666666664,0.11047518422299782,0.4,0.6833333333333333,60,0,170,terminal,581.0,0.0,175.0,116.13092709049113,True,0
nominal,ativo,1.0,0.25,centralizada,j602_1.sm,5,2.5846153846153848,0.3,0.08611719090450869,0.45,0.6333333333333333,60,0,79,terminal,544.0,0.0,86.0,112.20480167426098,True,0
nominal,ativo,1.0,0.25,centralizada,j602_1.sm,6,2.9846153846153847,0.35,0.1266380031556722,0.4,0.65,60,0,107,terminal,552.0,0.0,109.0,114.51595435517444,True,0
nominal,ativo,1.0,0.25,centralizada,j602_1.sm,7,3.0923076923076924,0.3333333333333333,0.18003703727252915,0.35,0.6666666666666666,60,0,126,terminal,515.0,0.0,137.0,84.63629702024761,True,0
nominal,ativo,1.0,0.25,centralizada,j602_1.sm,8,3.169230769230769,0.4166666666666667,0.1769094538415493,0.4666666666666667,0.95,60,0,162,terminal,566.0,0.0,178.0,139.06497096576246,True,0
nominal,ativo,1.0,0.25,centralizada,j602_1.sm,9,3.6769230769230767,0.31666666666666665,0.10169248590761569,0.4,0.7166666666666667,60,0,94,terminal,557.0,0.0,101.0,81.25025616107975,True,0
nominal,ativo,1.0,0.25,centralizada,j602_1.sm,10,2.830769230769231,0.31666666666666665,0.06826073660096744,0.36666666666666664,0.8166666666666667,60,0,155,terminal,587.0,0.0,175.0,90.17714313138069,True,0
nominal,ativo,1.0,0.25,centralizada,j602_1.sm,11,3.6615384615384614,0.31666666666666665,0.07845213017380012,0.4166666666666667,0.6,60,0,91,terminal,533.0,0.0,96.0,104.8631544043683,True,0
nominal,ativo,1.0,0.25,centralizada,j6032_1.sm,0,2.463768115942029,0.31666666666666665,0.11761381668178554,0.36666666666666664,0.65,60,0,106,terminal,600.0,0.0,123.0,99.87695663387204,True,0
nominal,ativo,1.0,0.25,centralizada,j6032_1.sm,1,4.884057971014493,0.3333333333333333,0.15935100909713734,0.36666666666666664,0.6166666666666667,60,0,117,terminal,585.0,0.0,128.0,94.0257936140988,True,0
nominal,ativo,1.0,0.25,centralizada,j6032_1.sm,2,3.9565217391304346,0.2833333333333333,0.08192236705737872,0.31666666666666665,0.5333333333333333,60,0,106,terminal,560.0,0.0,106.0,87.00716173258073,True,0
nominal,ativo,1.0,0.25,centralizada,j6032_1.sm,3,3.1884057971014492,0.3,0.09124377311585785,0.31666666666666665,0.55,60,0,165,terminal,557.0,0.0,165.0,77.3133163150021,True,0
nominal,ativo,1.0,0.25,centralizada,j6032_1.sm,4,2.5072463768115942,0.16666666666666666,0.08248196791853855,0.18333333333333332,0.5,60,0,123,terminal,595.0,0.0,123.0,47.38598674257672,True,0
nominal,ativo,1.0,0.25,centralizada,j6032_1.sm,5,2.463768115942029,0.18333333333333332,0.06736820487742279,0.2833333333333333,0.6,60,0,116,terminal,561.0,0.0,117.0,72.20404094230182,True,0
nominal,ativo,1.0,0.25,centralizada,j6032_1.sm,6,2.753623188405797,0.4,0.1542568823573794,0.45,0.5,60,0,100,terminal,587.0,0.0,100.0,124.17306793997184,True,0
nominal,ativo,1.0,0.25,centralizada,j6032_1.sm,7,2.579710144927536,0.25,0.08526597611569303,0.31666666666666665,0.6333333333333333,60,0,192,terminal,547.0,0.0,206.0,80.28421661613152,True,0
nominal,ativo,1.0,0.25,centralizada,j6032_1.sm,8,3.971014492753623,0.2833333333333333,0.15470538038336207,0.35,0.8,60,0,195,terminal,559.0,0.0,219.0,112.36269998024753,True,0
nominal,ativo,1.0,0.25,centralizada,j6032_1.sm,9,3.1159420289855073,0.2833333333333333,0.10966730029313876,0.3333333333333333,0.6333333333333333,60,0,129,terminal,564.0,0.0,132.0,86.50073226432589,True,0
nominal,ativo,1.0,0.25,centralizada,j6032_1.sm,10,3.0,0.26666666666666666,0.12580588055778863,0.31666666666666665,0.75,60,0,198,terminal,605.0,0.0,209.0,88.28095530111777,True,0
nominal,ativo,1.0,0.25,centralizada,j6032_1.sm,11,2.9855072463768115,0.4,0.07761529038105189,0.45,0.5833333333333334,60,0,84,terminal,570.0,0.0,85.0,99.20659373836627,True,0
nominal,ativo,1.0,0.25,centralizada,j6035_1.sm,0,2.7435897435897436,0.16666666666666666,0.05183968081839714,0.18333333333333332,0.5333333333333333,60,0,125,terminal,553.0,0.0,145.0,48.133896625646834,True,0
nominal,ativo,1.0,0.25,centralizada,j6035_1.sm,1,2.782051282051282,0.4166666666666667,0.17671604204738747,0.4666666666666667,0.6333333333333333,60,0,116,terminal,603.0,0.0,128.0,128.29458242057524,True,0
nominal,ativo,1.0,0.25,centralizada,j6035_1.sm,2,2.5384615384615383,0.3333333333333333,0.11093349630092865,0.36666666666666664,0.7666666666666667,60,0,113,terminal,610.0,0.0,122.0,98.85341911757746,True,0
nominal,ativo,1.0,0.25,centralizada,j6035_1.sm,3,3.282051282051282,0.4,0.08381470288966616,0.4166666666666667,0.7333333333333333,60,0,201,terminal,590.0,0.0,208.0,109.33769477420608,True,0
nominal,ativo,1.0,0.25,centralizada,j6035_1.sm,4,2.6153846153846154,0.3333333333333333,0.13127078878360188,0.35,0.5833333333333334,60,0,117,terminal,608.0,0.0,135.0,100.67542238771695,True,0
nominal,ativo,1.0,0.25,centralizada,j6035_1.sm,5,2.5,0.3,0.06586261944556894,0.35,0.65,60,0,137,terminal,594.0,0.0,150.0,86.88027279865115,True,0
nominal,ativo,1.0,0.25,centralizada,j6035_1.sm,6,2.6538461538461537,0.3,0.10132543500230944,0.3333333333333333,0.5333333333333333,60,0,89,terminal,599.0,0.0,104.0,102.44821054595907,True,0
nominal,ativo,1.0,0.25,centralizada,j6035_1.sm,7,2.4358974358974357,0.23333333333333334,0.12073167370250792,0.2833333333333333,0.6333333333333333,60,0,150,terminal,560.0,0.0,155.0,72.12026890667158,True,0
nominal,ativo,1.0,0.25,centralizada,j6035_1.sm,8,2.5384615384615383,0.3333333333333333,0.12695143168721298,0.4,0.8666666666666667,60,0,247,terminal,594.0,0.0,256.0,135.72114921355538,True,0
nominal,ativo,1.0,0.25,centralizada,j6035_1.sm,9,2.8076923076923075,0.35,0.09348453502018979,0.36666666666666664,0.6166666666666667,60,0,127,terminal,583.0,0.0,136.0,94.58229168398685,True,0
nominal,ativo,1.0,0.25,centralizada,j6035_1.sm,10,2.3461538461538463,0.35,0.14762501591771404,0.36666666666666664,0.7,60,0,153,terminal,643.0,0.0,179.0,110.94105731224332,True,0
nominal,ativo,1.0,0.25,centralizada,j6035_1.sm,11,2.9871794871794872,0.31666666666666665,0.07932011331444759,0.4166666666666667,0.6333333333333333,60,0,72,terminal,604.0,0.0,82.0,101.6713954708725,True,0
nominal,ativo,1.0,0.25,centralizada,j6038_1.sm,0,2.547945205479452,0.3,0.08026534239544776,0.31666666666666665,0.55,60,0,78,terminal,576.0,0.0,82.0,83.66294129184783,True,0
nominal,ativo,1.0,0.25,centralizada,j6038_1.sm,1,3.3698630136986303,0.2,0.05074887783674463,0.23333333333333334,0.6,60,0,65,terminal,574.0,0.0,75.0,45.30823094828568,True,0
nominal,ativo,1.0,0.25,centralizada,j6038_1.sm,2,3.0684931506849313,0.31666666666666665,0.13811087846181228,0.36666666666666664,0.6166666666666667,60,0,92,terminal,569.0,0.0,94.0,111.25856547815306,True,0
nominal,ativo,1.0,0.25,centralizada,j6038_1.sm,3,2.506849315068493,0.25,0.10835777011952867,0.2833333333333333,0.6,60,0,152,terminal,565.0,0.0,160.0,81.80436469153331,True,0
nominal,ativo,1.0,0.25,centralizada,j6038_1.sm,4,2.4246575342465753,0.16666666666666666,0.08563712673102335,0.21666666666666667,0.45,60,0,81,terminal,574.0,0.0,83.0,60.39080220965222,True,0
nominal,ativo,1.0,0.25,centralizada,j6038_1.sm,5,2.219178082191781,0.23333333333333334,0.050651280246169404,0.3,0.6,60,0,108,terminal,574.0,0.0,113.0,76.78781340118036,True,0
nominal,ativo,1.0,0.25,centralizada,j6038_1.sm,6,3.0547945205479454,0.3333333333333333,0.09467850777938107,0.36666666666666664,0.45,60,0,48,terminal,588.0,0.0,59.0,99.74996883353688,True,0
nominal,ativo,1.0,0.25,centralizada,j6038_1.sm,7,2.4383561643835616,0.2833333333333333,0.08511210008408976,0.3333333333333333,0.5666666666666667,60,0,118,terminal,561.0,0.0,134.0,66.06026212631868,True,0
nominal,ativo,1.0,0.25,centralizada,j6038_1.sm,8,3.2054794520547945,0.36666666666666664,0.11843367557941081,0.43333333333333335,0.9,60,0,224,terminal,591.0,0.0,242.0,135.7202736575232,True,0
nominal,ativo,1.0,0.25,centralizada,j6038_1.sm,9,3.2739726027397262,0.3,0.13616498675965322,0.3333333333333333,0.6333333333333333,60,0,121,terminal,589.0,0.0,128.0,88.85623662886597,True,0
nominal,ativo,1.0,0.25,centralizada,j6038_1.sm,10,3.4246575342465753,0.38333333333333336,0.09936647658939667,0.45,0.7666666666666667,60,0,198,terminal,603.0,0.0,214.0,141.59803896500514,True,0
nominal,ativo,1.0,0.25,centralizada,j6038_1.sm,11,3.0273972602739727,0.35,0.08096909060656052,0.36666666666666664,0.5333333333333333,60,0,56,terminal,570.0,0.0,57.0,96.23830379380932,True,0
nominal,ativo,1.0,0.25,centralizada,j6040_1.sm,0,2.7790697674418605,0.3333333333333333,0.1288391435751499,0.35,0.6833333333333333,60,0,167,terminal,615.0,0.0,186.0,112.37709792338437,True,0
nominal,ativo,1.0,0.25,centralizada,j6040_1.sm,1,3.4767441860465116,0.3,0.11984269387922934,0.36666666666666664,0.6,60,0,117,terminal,627.0,0.0,121.0,102.7606873667499,True,0
nominal,ativo,1.0,0.25,centralizada,j6040_1.sm,2,2.441860465116279,0.3333333333333333,0.0912859426863025,0.36666666666666664,0.6666666666666666,60,0,124,terminal,603.0,0.0,130.0,88.71482807807591,True,0
nominal,ativo,1.0,0.25,centralizada,j6040_1.sm,3,3.244186046511628,0.4,0.13532149407980268,0.4166666666666667,0.7333333333333333,60,0,246,terminal,659.0,0.0,246.0,152.006425858196,True,0
nominal,ativo,1.0,0.25,centralizada,j6040_1.sm,4,2.313953488372093,0.31666666666666665,0.09243844555491497,0.38333333333333336,0.7166666666666667,60,0,143,terminal,642.0,0.0,147.0,118.50281720315289,True,0
nominal,ativo,1.0,0.25,centralizada,j6040_1.sm,5,2.2906976744186047,0.3333333333333333,0.08806618180757533,0.38333333333333336,0.6666666666666666,60,0,129,terminal,595.0,0.0,140.0,96.49489981165132,True,0
nominal,ativo,1.0,0.25,centralizada,j6040_1.sm,6,2.3255813953488373,0.35,0.10132258645037005,0.45,0.5833333333333334,60,0,88,terminal,637.0,0.0,90.0,135.43042648792493,True,0
nominal,ativo,1.0,0.25,centralizada,j6040_1.sm,7,2.395348837209302,0.2833333333333333,0.09177886619294214,0.36666666666666664,0.7166666666666667,60,0,200,terminal,601.0,0.0,214.0,107.72423410302733,True,0
nominal,ativo,1.0,0.25,centralizada,j6040_1.sm,8,2.872093023255814,0.4166666666666667,0.1165250988966225,0.5,0.8833333333333333,60,0,251,terminal,623.0,0.0,266.0,147.1086022304032,True,0
nominal,ativo,1.0,0.25,centralizada,j6040_1.sm,9,3.1744186046511627,0.25,0.07942905923962651,0.31666666666666665,0.5833333333333334,60,0,150,terminal,586.0,0.0,155.0,88.50064870844209,True,0
nominal,ativo,1.0,0.25,centralizada,j6040_1.sm,10,2.7209302325581395,0.38333333333333336,0.13234381506391193,0.4166666666666667,0.8166666666666667,60,0,165,terminal,635.0,0.0,203.0,136.94152781654816,True,0
nominal,ativo,1.0,0.25,centralizada,j6040_1.sm,11,2.488372093023256,0.3,0.0839870313936924,0.36666666666666664,0.6166666666666667,60,0,83,terminal,628.0,0.0,91.0,104.05547206712382,True,0
nominal,ativo,1.0,0.25,centralizada,j6043_1.sm,0,1.9907407407407407,0.21666666666666667,0.05028318503755579,0.23333333333333334,0.45,60,0,171,terminal,510.0,0.0,207.0,58.09857985334466,True,0
nominal,ativo,1.0,0.25,centralizada,j6043_1.sm,1,2.259259259259259,0.18333333333333332,0.08340152766628926,0.2,0.48333333333333334,60,0,168,terminal,506.0,0.0,181.0,53.85695468621138,True,0
nominal,ativo,1.0,0.25,centralizada,j6043_1.sm,2,2.1666666666666665,0.2833333333333333,0.08923715596498813,0.3333333333333333,0.43333333333333335,60,0,82,terminal,534.0,0.0,82.0,77.78773422167602,True,0
nominal,ativo,1.0,0.25,centralizada,j6043_1.sm,3,1.9444444444444444,0.3,0.06185953200576928,0.3333333333333333,0.48333333333333334,60,0,236,terminal,492.0,0.0,236.0,85.5801560890785,True,0
nominal,ativo,1.0,0.25,centralizada,j6043_1.sm,4,2.2777777777777777,0.2,0.049629959562609585,0.23333333333333334,0.4,60,0,194,terminal,493.0,0.0,203.0,63.80912667140184,True,0
nominal,ativo,1.0,0.25,centralizada,j6043_1.sm,5,2.0,0.2833333333333333,0.07019450248233365,0.31666666666666665,0.5166666666666667,60,0,133,terminal,524.0,0.0,137.0,91.75540175317742,True,0
nominal,ativo,1.0,0.25,centralizada,j6043_1.sm,6,2.0555555555555554,0.21666666666666667,0.07250399504277007,0.26666666666666666,0.31666666666666665,60,0,48,terminal,521.0,0.0,49.0,64.80299187287318,True,0
nominal,ativo,1.0,0.25,centralizada,j6043_1.sm,7,2.1203703703703702,0.21666666666666667,0.05594387832684799,0.21666666666666667,0.5333333333333333,60,0,214,terminal,484.0,0.0,250.0,51.528527458977926,True,0
nominal,ativo,1.0,0.25,centralizada,j6043_1.sm,8,2.2314814814814814,0.31666666666666665,0.09524816340833386,0.3333333333333333,0.8166666666666667,60,0,273,terminal,514.0,0.0,305.0,86.23408234740072,True,0
nominal,ativo,1.0,0.25,centralizada,j6043_1.sm,9,2.7222222222222223,0.18333333333333332,0.04790419161676647,0.2,0.38333333333333336,60,0,213,terminal,472.0,0.0,235.0,45.41763622362469,True,0
nominal,ativo,1.0,0.25,centralizada,j6043_1.sm,10,2.361111111111111,0.3333333333333333,0.0975570736058589,0.4,0.65,60,0,292,terminal,529.0,0.0,329.0,110.68633692198037,True,0
nominal,ativo,1.0,0.25,centralizada,j6043_1.sm,11,2.5462962962962963,0.23333333333333334,0.040419161676646706,0.3,0.45,60,0,116,terminal,498.0,0.0,120.0,72.8273024874161,True,0
nominal,ativo,1.0,0.25,centralizada,j6046_1.sm,0,3.1153846153846154,0.23333333333333334,0.12926911784771736,0.3,0.6833333333333333,60,0,122,terminal,506.0,0.0,150.0,77.34165150752146,True,0
nominal,ativo,1.0,0.25,centralizada,j6046_1.sm,1,2.551282051282051,0.21666666666666667,0.09488148457838902,0.26666666666666666,0.7,60,0,129,terminal,507.0,0.0,158.0,72.71802304416072,True,0
nominal,ativo,1.0,0.25,centralizada,j6046_1.sm,2,3.1794871794871793,0.35,0.15577078919779588,0.38333333333333336,0.65,60,0,126,terminal,507.0,0.0,133.0,116.15330782820507,True,0
nominal,ativo,1.0,0.25,centralizada,j6046_1.sm,3,3.641025641025641,0.35,0.1358058501555617,0.45,0.7833333333333333,60,0,141,terminal,524.0,0.0,148.0,121.72302027871525,True,0
nominal,ativo,1.0,0.25,centralizada,j6046_1.sm,4,3.269230769230769,0.26666666666666666,0.08672526305544345,0.3333333333333333,0.75,60,0,193,terminal,522.0,0.0,200.0,90.3965776218075,True,0
nominal,ativo,1.0,0.25,centralizada,j6046_1.sm,5,2.5,0.35,0.1130536479427396,0.38333333333333336,0.7333333333333333,60,0,122,terminal,525.0,0.0,147.0,106.31109660416308,True,0
nominal,ativo,1.0,0.25,centralizada,j6046_1.sm,6,3.3333333333333335,0.43333333333333335,0.10388855950922057,0.48333333333333334,0.55,60,0,112,terminal,524.0,0.0,121.0,122.5114105444765,True,0
nominal,ativo,1.0,0.25,centralizada,j6046_1.sm,7,3.282051282051282,0.36666666666666664,0.15274655778633747,0.4166666666666667,0.7833333333333333,60,0,183,terminal,507.0,0.0,219.0,108.6244634025181,True,0
nominal,ativo,1.0,0.25,centralizada,j6046_1.sm,8,2.5,0.3,0.08752174648924653,0.35,0.8333333333333334,60,0,187,terminal,524.0,0.0,215.0,88.1049732936054,True,0
nominal,ativo,1.0,0.25,centralizada,j6046_1.sm,9,3.4871794871794872,0.3,0.10592402107975933,0.3,0.6666666666666666,60,0,119,terminal,511.0,0.0,143.0,82.26007593587919,True,0
nominal,ativo,1.0,0.25,centralizada,j6046_1.sm,10,2.9615384615384617,0.35,0.09223371247329068,0.38333333333333336,0.7666666666666667,60,0,180,terminal,528.0,0.0,223.0,109.05303025485695,True,0
nominal,ativo,1.0,0.25,centralizada,j6046_1.sm,11,3.269230769230769,0.4166666666666667,0.11994663012661796,0.5,0.65,60,0,114,terminal,521.0,0.0,120.0,129.90959390717683,True,0
nominal,ativo,1.0,0.25,centralizada,j604_1.sm,0,2.1785714285714284,0.26666666666666666,0.07856747981817784,0.3333333333333333,0.6333333333333333,60,0,185,terminal,620.0,0.0,188.0,78.33673286251336,True,0
nominal,ativo,1.0,0.25,centralizada,j604_1.sm,1,2.9047619047619047,0.25,0.08645097608194632,0.3333333333333333,0.48333333333333334,60,0,83,terminal,651.0,0.0,97.0,96.95542451403097,True,0
nominal,ativo,1.0,0.25,centralizada,j604_1.sm,2,3.0,0.36666666666666664,0.15672564933480776,0.45,0.8,60,0,165,terminal,672.0,0.0,173.0,149.09399702211473,True,0
nominal,ativo,1.0,0.25,centralizada,j604_1.sm,3,2.642857142857143,0.2833333333333333,0.11261661807725326,0.35,0.6833333333333333,60,0,166,terminal,659.0,0.0,171.0,108.6043354330063,True,0
nominal,ativo,1.0,0.25,centralizada,j604_1.sm,4,2.8095238095238093,0.31666666666666665,0.1084493667404863,0.4,0.8,60,0,179,terminal,687.0,0.0,188.0,106.92860676756911,True,0
nominal,ativo,1.0,0.25,centralizada,j604_1.sm,5,2.369047619047619,0.45,0.1133837055181225,0.48333333333333334,0.7166666666666667,60,0,99,terminal,677.0,0.0,108.0,139.03465021829018,True,0
nominal,ativo,1.0,0.25,centralizada,j604_1.sm,6,2.6547619047619047,0.35,0.09637413755803395,0.4166666666666667,0.65,60,0,123,terminal,632.0,0.0,124.0,118.68548362081454,True,0
nominal,ativo,1.0,0.25,centralizada,j604_1.sm,7,2.2023809523809526,0.3333333333333333,0.14412024816282298,0.45,0.75,60,0,121,terminal,654.0,0.0,138.0,128.3053269579377,True,0
nominal,ativo,1.0,0.25,centralizada,j604_1.sm,8,2.869047619047619,0.3333333333333333,0.08654011354316203,0.43333333333333335,0.9,60,0,206,terminal,655.0,0.0,235.0,141.84962768535868,True,0
nominal,ativo,1.0,0.25,centralizada,j604_1.sm,9,3.488095238095238,0.4,0.1616392613020791,0.4166666666666667,0.6333333333333333,60,0,113,terminal,653.0,0.0,122.0,131.39088961001312,True,0
nominal,ativo,1.0,0.25,centralizada,j604_1.sm,10,2.869047619047619,0.38333333333333336,0.12615214078271483,0.45,0.9333333333333333,60,0,164,terminal,669.0,0.0,199.0,157.7395584239531,True,0
nominal,ativo,1.0,0.25,centralizada,j604_1.sm,11,2.5833333333333335,0.4166666666666667,0.1481182009863072,0.45,0.6333333333333333,60,0,138,terminal,649.0,0.0,147.0,134.91652775442154,True,0
nominal,ativo,1.0,0.25,centralizada,j607_1.sm,0,2.7012987012987013,0.25,0.062343735931883436,0.26666666666666666,0.6,60,0,102,terminal,559.0,0.0,113.0,53.4221746814225,True,0
nominal,ativo,1.0,0.25,centralizada,j607_1.sm,1,3.116883116883117,0.31666666666666665,0.08971129318862292,0.35,0.65,60,0,131,terminal,570.0,0.0,152.0,72.82243106433395,True,0
nominal,ativo,1.0,0.25,centralizada,j607_1.sm,2,2.883116883116883,0.43333333333333335,0.18309469259969602,0.45,0.65,60,0,130,terminal,597.0,0.0,130.0,127.481874470615,True,0
nominal,ativo,1.0,0.25,centralizada,j607_1.sm,3,3.064935064935065,0.36666666666666664,0.08029033459433814,0.38333333333333336,0.7166666666666667,60,0,129,terminal,565.0,0.0,132.0,82.75697175893004,True,0
nominal,ativo,1.0,0.25,centralizada,j607_1.sm,4,3.0,0.2833333333333333,0.07427137262508178,0.36666666666666664,0.6833333333333333,60,0,143,terminal,578.0,0.0,147.0,92.91143246973184,True,0
nominal,ativo,1.0,0.25,centralizada,j607_1.sm,5,2.1948051948051948,0.36666666666666664,0.08222855054350188,0.4166666666666667,0.6833333333333333,60,0,92,terminal,568.0,0.0,92.0,93.07064672512844,True,0
nominal,ativo,1.0,0.25,centralizada,j607_1.sm,6,2.8051948051948052,0.3333333333333333,0.08148145132913147,0.36666666666666664,0.5166666666666667,60,0,111,terminal,570.0,0.0,119.0,95.36937300417247,True,0
nominal,ativo,1.0,0.25,centralizada,j607_1.sm,7,2.831168831168831,0.3,0.12906404020556952,0.3,0.7166666666666667,60,0,170,terminal,528.0,0.0,180.0,74.9597253774789,True,0
nominal,ativo,1.0,0.25,centralizada,j607_1.sm,8,2.74025974025974,0.38333333333333336,0.1367126799126813,0.43333333333333335,0.95,60,0,214,terminal,568.0,0.0,221.0,120.64747574799335,True,0
nominal,ativo,1.0,0.25,centralizada,j607_1.sm,9,3.1818181818181817,0.35,0.09598901218410572,0.38333333333333336,0.8,60,0,207,terminal,611.0,0.0,212.0,110.24831927141874,True,0
nominal,ativo,1.0,0.25,centralizada,j607_1.sm,10,2.688311688311688,0.35,0.05652607972734482,0.4166666666666667,0.8833333333333333,60,0,184,terminal,609.0,0.0,216.0,100.97679978265705,True,0
nominal,ativo,1.0,0.25,centralizada,j607_1.sm,11,2.935064935064935,0.3,0.08916887487839374,0.31666666666666665,0.6333333333333333,60,0,125,terminal,565.0,0.0,126.0,89.42413059888543,True,0
nominal,ativo,1.0,0.25,adaptativa,j6010_1.sm,0,1.4352941176470588,0.06666666666666667,0.02358931983237935,0.16666666666666666,0.4666666666666667,60,104,0,terminal,382.0,80.0,32.0,37.04251869831918,True,0
nominal,ativo,1.0,0.25,adaptativa,j6010_1.sm,1,1.4470588235294117,0.016666666666666666,0.019164346803984114,0.16666666666666666,0.26666666666666666,60,111,0,terminal,359.0,93.0,39.0,32.92848936002933,True,0
nominal,ativo,1.0,0.25,adaptativa,j6010_1.sm,2,1.611764705882353,0.08333333333333333,0.012451647991487227,0.2833333333333333,0.6,60,101,0,terminal,420.0,57.0,52.0,64.09790123313071,True,0
nominal,ativo,1.0,0.25,adaptativa,j6010_1.sm,3,1.7529411764705882,0.08333333333333333,0.015745913699355723,0.31666666666666665,0.48333333333333334,60,166,0,terminal,406.0,112.0,57.0,54.51975203000572,True,0
nominal,ativo,1.0,0.25,adaptativa,j6010_1.sm,4,1.7647058823529411,0.1,0.016585952166928535,0.2,0.38333333333333336,60,227,0,terminal,393.0,174.0,61.0,47.284596036346066,True,0
nominal,ativo,1.0,0.25,adaptativa,j6010_1.sm,5,1.5058823529411764,0.1,0.014712613127618799,0.3,0.3333333333333333,60,114,0,terminal,382.0,76.0,41.0,62.038184429690766,True,0
nominal,ativo,1.0,0.25,adaptativa,j6010_1.sm,6,1.588235294117647,0.06666666666666667,0.015479876160990712,0.26666666666666666,0.2833333333333333,60,75,0,terminal,431.0,32.0,44.0,58.86527249167487,True,0
nominal,ativo,1.0,0.25,adaptativa,j6010_1.sm,7,1.588235294117647,0.13333333333333333,0.020123839009287926,0.36666666666666664,0.55,60,122,0,terminal,387.0,86.0,42.0,65.38437513255238,True,0
nominal,ativo,1.0,0.25,adaptativa,j6010_1.sm,8,1.8588235294117648,0.08333333333333333,0.017329851422675898,0.45,0.8666666666666667,60,220,0,terminal,418.0,159.0,75.0,97.07875307862668,True,0
nominal,ativo,1.0,0.25,adaptativa,j6010_1.sm,9,1.811764705882353,0.06666666666666667,0.021066517776156552,0.2833333333333333,0.36666666666666664,60,135,0,terminal,397.0,91.0,48.0,64.5566501045762,True,0
nominal,ativo,1.0,0.25,adaptativa,j6010_1.sm,10,1.7294117647058824,0.05,0.02476780185758514,0.23333333333333334,0.35,60,149,0,terminal,384.0,128.0,45.0,49.46760474401701,True,0
nominal,ativo,1.0,0.25,adaptativa,j6010_1.sm,11,1.4941176470588236,0.11666666666666667,0.02321981424148607,0.35,0.36666666666666664,60,82,0,terminal,385.0,60.0,28.0,77.40202120976369,True,0
nominal,ativo,1.0,0.25,adaptativa,j6013_1.sm,0,2.927536231884058,0.06666666666666667,0.03657087347568286,0.23333333333333334,0.6333333333333333,60,89,0,terminal,405.0,84.0,21.0,80.22008123651888,True,0
nominal,ativo,1.0,0.25,adaptativa,j6013_1.sm,1,3.1884057971014492,0.16666666666666666,0.030245122704861644,0.36666666666666664,0.6166666666666667,60,62,0,terminal,413.0,51.0,18.0,92.82254223801735,True,0
nominal,ativo,1.0,0.25,adaptativa,j6013_1.sm,2,3.6956521739130435,0.03333333333333333,0.0058823529411764705,0.3333333333333333,0.6166666666666667,60,35,0,terminal,492.0,25.0,10.0,111.7188924599601,True,0
nominal,ativo,1.0,0.25,adaptativa,j6013_1.sm,3,3.550724637681159,0.08333333333333333,0.07198312763299469,0.35,0.65,60,90,0,terminal,449.0,68.0,22.0,106.89900341035379,True,0
nominal,ativo,1.0,0.25,adaptativa,j6013_1.sm,4,4.115942028985507,0.25,0.05924782270935158,0.5166666666666667,0.6833333333333333,60,132,0,terminal,468.0,101.0,31.0,178.69328737440622,True,0
nominal,ativo,1.0,0.25,adaptativa,j6013_1.sm,5,3.608695652173913,0.15,0.02982335321727343,0.45,0.6833333333333333,60,108,0,terminal,441.0,89.0,27.0,120.42448398365593,True,0
nominal,ativo,1.0,0.25,adaptativa,j6013_1.sm,6,3.318840579710145,0.11666666666666667,0.03172645619246738,0.35,0.5166666666666667,60,27,0,terminal,450.0,24.0,6.0,104.48352626669138,True,0
nominal,ativo,1.0,0.25,adaptativa,j6013_1.sm,7,3.130434782608696,0.06666666666666667,0.022070831214330112,0.31666666666666665,0.6666666666666666,60,104,0,terminal,416.0,90.0,29.0,97.08224376275076,True,0
nominal,ativo,1.0,0.25,adaptativa,j6013_1.sm,8,3.550724637681159,0.03333333333333333,0.008823529411764706,0.43333333333333335,0.8166666666666667,60,156,0,terminal,437.0,132.0,41.0,132.86631288657077,True,0
nominal,ativo,1.0,0.25,adaptativa,j6013_1.sm,9,3.4347826086956523,0.11666666666666667,0.02557877041306436,0.4,0.6666666666666666,60,83,0,terminal,439.0,65.0,25.0,107.78275252812503,True,0
nominal,ativo,1.0,0.25,adaptativa,j6013_1.sm,10,3.4347826086956523,0.06666666666666667,0.02512841159518563,0.4,0.8,60,142,0,terminal,439.0,133.0,32.0,116.86918582969278,True,0
nominal,ativo,1.0,0.25,adaptativa,j6013_1.sm,11,3.1884057971014492,0.16666666666666666,0.03657087347568286,0.38333333333333336,0.6333333333333333,60,32,0,terminal,436.0,24.0,10.0,97.03214709473386,True,0
nominal,ativo,1.0,0.25,adaptativa,j6016_1.sm,0,2.34375,0.08333333333333333,0.04544873519584769,0.26666666666666666,0.8,60,136,0,terminal,494.0,100.0,52.0,87.5383852634772,True,0
nominal,ativo,1.0,0.25,adaptativa,j6016_1.sm,1,2.203125,0.1,0.02749872870195004,0.31666666666666665,0.6,60,126,0,terminal,495.0,98.0,45.0,83.08178182530453,True,0
nominal,ativo,1.0,0.25,adaptativa,j6016_1.sm,2,2.34375,0.06666666666666667,0.02553779666332749,0.31666666666666665,0.85,60,169,0,terminal,497.0,85.0,89.0,101.91870756847253,True,0
nominal,ativo,1.0,0.25,adaptativa,j6016_1.sm,3,2.390625,0.08333333333333333,0.03126901137952362,0.36666666666666664,0.7333333333333333,60,152,0,terminal,505.0,105.0,55.0,119.60696004251155,True,0
nominal,ativo,1.0,0.25,adaptativa,j6016_1.sm,4,2.296875,0.16666666666666666,0.028300942460975514,0.36666666666666664,0.7333333333333333,60,144,0,terminal,523.0,106.0,54.0,103.64764208415473,True,0
nominal,ativo,1.0,0.25,adaptativa,j6016_1.sm,5,2.515625,0.11666666666666667,0.029567645592979756,0.4666666666666667,0.75,60,155,0,terminal,501.0,102.0,55.0,133.03323593648625,True,0
nominal,ativo,1.0,0.25,adaptativa,j6016_1.sm,6,2.234375,0.1,0.012328767123287671,0.3333333333333333,0.6166666666666667,60,76,0,terminal,515.0,38.0,42.0,97.39407675246773,True,0
nominal,ativo,1.0,0.25,adaptativa,j6016_1.sm,7,2.515625,0.11666666666666667,0.027449482793462467,0.43333333333333335,0.85,60,153,0,terminal,517.0,113.0,56.0,146.6491239042224,True,0
nominal,ativo,1.0,0.25,adaptativa,j6016_1.sm,8,2.6875,0.06666666666666667,0.04645156822679008,0.5333333333333333,0.9333333333333333,60,173,0,terminal,547.0,141.0,51.0,179.27517405009166,True,0
nominal,ativo,1.0,0.25,adaptativa,j6016_1.sm,9,2.265625,0.11666666666666667,0.024657534246575342,0.4,0.6666666666666666,60,140,0,terminal,515.0,100.0,50.0,106.32722932708214,True,0
nominal,ativo,1.0,0.25,adaptativa,j6016_1.sm,10,2.765625,0.18333333333333332,0.02560216017788034,0.5166666666666667,0.8333333333333334,60,198,0,terminal,519.0,147.0,63.0,166.47574455845728,True,0
nominal,ativo,1.0,0.25,adaptativa,j6016_1.sm,11,2.203125,0.13333333333333333,0.05451647015691261,0.4666666666666667,0.75,60,101,0,terminal,493.0,64.0,43.0,121.13611882194975,True,0
nominal,ativo,1.0,0.25,adaptativa,j6019_1.sm,0,2.274193548387097,0.06666666666666667,0.01636904761904762,0.25,0.4666666666666667,60,147,0,terminal,409.0,115.0,46.0,50.7490143082202,True,0
nominal,ativo,1.0,0.25,adaptativa,j6019_1.sm,1,2.2580645161290325,0.08333333333333333,0.03541439547080172,0.25,0.4666666666666667,60,71,0,terminal,452.0,51.0,32.0,70.93626642441521,True,0
nominal,ativo,1.0,0.25,adaptativa,j6019_1.sm,2,2.2419354838709675,0.11666666666666667,0.04138279386623972,0.4166666666666667,0.55,60,111,0,terminal,450.0,54.0,58.0,104.19117166701275,True,0
nominal,ativo,1.0,0.25,adaptativa,j6019_1.sm,3,2.2580645161290325,0.03333333333333333,0.014679528264150258,0.2,0.4666666666666667,60,138,0,terminal,437.0,97.0,47.0,50.57859204506953,True,0
nominal,ativo,1.0,0.25,adaptativa,j6019_1.sm,4,2.064516129032258,0.11666666666666667,0.02778645738642856,0.3,0.5,60,83,0,terminal,478.0,58.0,26.0,75.37004062353397,True,0
nominal,ativo,1.0,0.25,adaptativa,j6019_1.sm,5,2.3225806451612905,0.15,0.0354489659385453,0.45,0.7333333333333333,60,107,0,terminal,476.0,91.0,39.0,118.7877406031538,True,0
nominal,ativo,1.0,0.25,adaptativa,j6019_1.sm,6,2.096774193548387,0.05,0.015002548653063174,0.3,0.4166666666666667,60,107,0,terminal,467.0,43.0,66.0,69.5357958717053,True,0
nominal,ativo,1.0,0.25,adaptativa,j6019_1.sm,7,2.274193548387097,0.1,0.030618641835015732,0.3333333333333333,0.6166666666666667,60,104,0,terminal,459.0,80.0,34.0,96.67097122409737,True,0
nominal,ativo,1.0,0.25,adaptativa,j6019_1.sm,8,2.5483870967741935,0.11666666666666667,0.04585259111653534,0.5166666666666667,0.85,60,149,0,terminal,494.0,126.0,44.0,149.4212993089208,True,0
nominal,ativo,1.0,0.25,adaptativa,j6019_1.sm,9,2.225806451612903,0.08333333333333333,0.028273809523809524,0.38333333333333336,0.5666666666666667,60,109,0,terminal,443.0,69.0,52.0,94.88190064813838,True,0
nominal,ativo,1.0,0.25,adaptativa,j6019_1.sm,10,2.3225806451612905,0.1,0.02090813582974236,0.4166666666666667,0.6666666666666666,60,134,0,terminal,480.0,107.0,40.0,110.81233078180489,True,0
nominal,ativo,1.0,0.25,adaptativa,j6019_1.sm,11,2.1451612903225805,0.1,0.0494285525622428,0.36666666666666664,0.5666666666666667,60,55,0,terminal,436.0,41.0,17.0,98.39858576646004,True,0
nominal,ativo,1.0,0.25,adaptativa,j6021_1.sm,0,2.973684210526316,0.1,0.05893108541779092,0.2833333333333333,0.4666666666666667,60,87,0,terminal,417.0,73.0,21.0,79.90484904866048,True,0
nominal,ativo,1.0,0.25,adaptativa,j6021_1.sm,1,2.8947368421052633,0.05,0.03521602156517454,0.3,0.43333333333333335,60,74,0,terminal,402.0,63.0,27.0,85.1059307580569,True,0
nominal,ativo,1.0,0.25,adaptativa,j6021_1.sm,2,2.6052631578947367,0.03333333333333333,0.025673916629181368,0.23333333333333334,0.4166666666666667,60,72,0,terminal,406.0,51.0,25.0,64.45882801434658,True,0
nominal,ativo,1.0,0.25,adaptativa,j6021_1.sm,3,2.8157894736842106,0.016666666666666666,0.012962556419254487,0.2,0.43333333333333335,60,120,0,terminal,434.0,89.0,31.0,41.17820953591587,True,0
nominal,ativo,1.0,0.25,adaptativa,j6021_1.sm,4,2.776315789473684,0.1,0.04651110765350428,0.25,0.43333333333333335,60,58,0,terminal,442.0,43.0,19.0,85.28686393552442,True,0
nominal,ativo,1.0,0.25,adaptativa,j6021_1.sm,5,2.8947368421052633,0.1,0.033003352712729216,0.25,0.45,60,73,0,terminal,407.0,63.0,21.0,59.0831123837913,True,0
nominal,ativo,1.0,0.25,adaptativa,j6021_1.sm,6,2.276315789473684,0.11666666666666667,0.025245176917359717,0.3,0.31666666666666665,60,30,0,terminal,420.0,24.0,11.0,75.46428670329253,True,0
nominal,ativo,1.0,0.25,adaptativa,j6021_1.sm,7,2.986842105263158,0.06666666666666667,0.009036144578313253,0.3,0.5666666666666667,60,127,0,terminal,385.0,107.0,34.0,77.63197591702105,True,0
nominal,ativo,1.0,0.25,adaptativa,j6021_1.sm,8,3.5526315789473686,0.05,0.017491751110431365,0.4,0.75,60,225,0,terminal,406.0,188.0,55.0,91.0549859161983,True,0
nominal,ativo,1.0,0.25,adaptativa,j6021_1.sm,9,2.4078947368421053,0.13333333333333333,0.03817246015204545,0.43333333333333335,0.5833333333333334,60,77,0,terminal,422.0,53.0,30.0,116.86457141480298,True,0
nominal,ativo,1.0,0.25,adaptativa,j6021_1.sm,10,2.710526315789474,0.08333333333333333,0.028055485511692596,0.3,0.5666666666666667,60,194,0,terminal,393.0,162.0,49.0,73.31741978140413,True,0
nominal,ativo,1.0,0.25,adaptativa,j6021_1.sm,11,3.013157894736842,0.06666666666666667,0.022590361445783132,0.35,0.43333333333333335,60,23,0,terminal,440.0,16.0,7.0,110.21292326476856,True,0
nominal,ativo,1.0,0.25,adaptativa,j6024_1.sm,0,1.523076923076923,0.03333333333333333,0.01232394366197183,0.13333333333333333,0.23333333333333334,60,115,0,terminal,330.0,82.0,41.0,21.29960510480818,True,0
nominal,ativo,1.0,0.25,adaptativa,j6024_1.sm,1,1.4153846153846155,0.016666666666666666,0.012784454282003204,0.15,0.16666666666666666,60,85,0,terminal,330.0,73.0,32.0,25.13078501608891,True,0
nominal,ativo,1.0,0.25,adaptativa,j6024_1.sm,2,1.9538461538461538,0.08333333333333333,0.01232394366197183,0.26666666666666666,0.43333333333333335,60,136,0,terminal,364.0,90.0,49.0,49.03803083295981,True,0
nominal,ativo,1.0,0.25,adaptativa,j6024_1.sm,3,1.6615384615384616,0.08333333333333333,0.04172729882906988,0.21666666666666667,0.23333333333333334,60,144,0,terminal,362.0,77.0,67.0,46.097537333411466,True,0
nominal,ativo,1.0,0.25,adaptativa,j6024_1.sm,4,1.6615384615384616,0.05,0.01936619718309859,0.2,0.2,60,136,0,terminal,352.0,82.0,54.0,39.15364363066711,True,0
nominal,ativo,1.0,0.25,adaptativa,j6024_1.sm,5,1.4615384615384615,0.0,0.0,0.13333333333333333,0.2833333333333333,60,87,0,terminal,342.0,58.0,35.0,29.30186305927449,True,0
nominal,ativo,1.0,0.25,adaptativa,j6024_1.sm,6,1.7846153846153847,0.03333333333333333,0.01056338028169014,0.25,0.21666666666666667,60,78,0,terminal,376.0,38.0,42.0,50.22808973047769,True,0
nominal,ativo,1.0,0.25,adaptativa,j6024_1.sm,7,1.6615384615384616,0.05,0.01232394366197183,0.26666666666666666,0.2833333333333333,60,187,0,terminal,315.0,146.0,58.0,39.48063263220618,True,0
nominal,ativo,1.0,0.25,adaptativa,j6024_1.sm,8,2.2615384615384615,0.05,0.01584507042253521,0.3333333333333333,0.6166666666666667,60,267,0,terminal,368.0,201.0,80.0,76.59682343454726,True,0
nominal,ativo,1.0,0.25,adaptativa,j6024_1.sm,9,1.6615384615384616,0.1,0.02984653329634746,0.23333333333333334,0.26666666666666666,60,137,0,terminal,336.0,101.0,45.0,48.64357752343787,True,0
nominal,ativo,1.0,0.25,adaptativa,j6024_1.sm,10,1.7384615384615385,0.06666666666666667,0.0321597957034847,0.21666666666666667,0.3333333333333333,60,171,0,terminal,336.0,137.0,54.0,45.25191570753372,True,0
nominal,ativo,1.0,0.25,adaptativa,j6024_1.sm,11,1.8461538461538463,0.06666666666666667,0.01936619718309859,0.3333333333333333,0.26666666666666666,60,101,0,terminal,340.0,64.0,41.0,64.78123927844071,True,0
nominal,ativo,1.0,0.25,adaptativa,j6027_1.sm,0,1.5,0.05,0.010115606936416185,0.21666666666666667,0.35,60,218,0,terminal,365.0,195.0,61.0,26.75075613094347,True,0
nominal,ativo,1.0,0.25,adaptativa,j6027_1.sm,1,1.375,0.03333333333333333,0.010115606936416185,0.23333333333333334,0.3,60,131,0,terminal,387.0,110.0,37.0,45.248989453365525,True,0
nominal,ativo,1.0,0.25,adaptativa,j6027_1.sm,2,1.5416666666666667,0.03333333333333333,0.015945361107893564,0.21666666666666667,0.3333333333333333,60,109,0,terminal,447.0,65.0,45.0,44.78626753548918,True,0
nominal,ativo,1.0,0.25,adaptativa,j6027_1.sm,3,1.5,0.016666666666666666,0.001445086705202312,0.2,0.35,60,209,0,terminal,385.0,153.0,62.0,32.950710598789726,True,0
nominal,ativo,1.0,0.25,adaptativa,j6027_1.sm,4,1.40625,0.11666666666666667,0.03468208092485549,0.2,0.36666666666666664,60,157,0,terminal,388.0,130.0,48.0,43.024292317515325,True,0
nominal,ativo,1.0,0.25,adaptativa,j6027_1.sm,5,1.4166666666666667,0.06666666666666667,0.014840846011773887,0.3,0.38333333333333336,60,174,0,terminal,385.0,134.0,54.0,68.2098038889196,True,0
nominal,ativo,1.0,0.25,adaptativa,j6027_1.sm,6,1.6041666666666667,0.1,0.023441226158909905,0.25,0.2,60,119,0,terminal,426.0,80.0,44.0,63.66878852618607,True,0
nominal,ativo,1.0,0.25,adaptativa,j6027_1.sm,7,1.6145833333333333,0.13333333333333333,0.02601156069364162,0.3333333333333333,0.4166666666666667,60,209,0,terminal,377.0,180.0,64.0,73.87623588620984,True,0
nominal,ativo,1.0,0.25,adaptativa,j6027_1.sm,8,2.375,0.08333333333333333,0.030559573905980107,0.4666666666666667,0.8166666666666667,60,283,0,terminal,447.0,215.0,82.0,153.84207775283963,True,0
nominal,ativo,1.0,0.25,adaptativa,j6027_1.sm,9,1.6145833333333333,0.13333333333333333,0.017230409434963952,0.3333333333333333,0.4166666666666667,60,204,0,terminal,424.0,146.0,64.0,81.6710600513583,True,0
nominal,ativo,1.0,0.25,adaptativa,j6027_1.sm,10,1.6875,0.11666666666666667,0.02728889264263596,0.4166666666666667,0.4166666666666667,60,221,0,terminal,387.0,191.0,64.0,79.8978049437888,True,0
nominal,ativo,1.0,0.25,adaptativa,j6027_1.sm,11,1.5208333333333333,0.08333333333333333,0.014450867052023121,0.3333333333333333,0.36666666666666664,60,59,0,terminal,434.0,43.0,26.0,77.99151000558066,True,0
nominal,ativo,1.0,0.25,adaptativa,j602_1.sm,0,2.1538461538461537,0.16666666666666666,0.052842875561304445,0.31666666666666665,0.48333333333333334,60,85,0,terminal,425.0,64.0,34.0,85.52401130528656,True,0
nominal,ativo,1.0,0.25,adaptativa,j602_1.sm,1,1.876923076923077,0.08333333333333333,0.02328951883390419,0.31666666666666665,0.36666666666666664,60,85,0,terminal,416.0,60.0,42.0,79.14778218773512,True,0
nominal,ativo,1.0,0.25,adaptativa,j602_1.sm,2,1.876923076923077,0.08333333333333333,0.03790499474344573,0.38333333333333336,0.5833333333333334,60,83,0,terminal,448.0,53.0,35.0,84.05412584201078,True,0
nominal,ativo,1.0,0.25,adaptativa,j602_1.sm,3,2.0615384615384613,0.03333333333333333,0.007277202630185875,0.2833333333333333,0.6166666666666667,60,181,0,terminal,414.0,115.0,76.0,67.1301573203745,True,0
nominal,ativo,1.0,0.25,adaptativa,j602_1.sm,4,2.276923076923077,0.1,0.030864197530864196,0.36666666666666664,0.6,60,166,0,terminal,446.0,109.0,67.0,107.38854067872332,True,0
nominal,ativo,1.0,0.25,adaptativa,j602_1.sm,5,2.0307692307692307,0.08333333333333333,0.02947454369871199,0.38333333333333336,0.45,60,121,0,terminal,412.0,61.0,65.0,85.06678942245534,True,0
nominal,ativo,1.0,0.25,adaptativa,j602_1.sm,6,1.8923076923076922,0.05,0.015432098765432098,0.35,0.43333333333333335,60,79,0,terminal,439.0,52.0,30.0,77.97691477766597,True,0
nominal,ativo,1.0,0.25,adaptativa,j602_1.sm,7,1.9230769230769231,0.08333333333333333,0.029320987654320986,0.31666666666666665,0.6333333333333333,60,118,0,terminal,412.0,93.0,37.0,72.0738524536239,True,0
nominal,ativo,1.0,0.25,adaptativa,j602_1.sm,8,2.2153846153846155,0.06666666666666667,0.023447134824525286,0.4666666666666667,0.8666666666666667,60,174,0,terminal,453.0,138.0,58.0,112.8275816373254,True,0
nominal,ativo,1.0,0.25,adaptativa,j602_1.sm,9,1.9538461538461538,0.1,0.015432098765432098,0.23333333333333334,0.5833333333333334,60,139,0,terminal,422.0,99.0,51.0,51.49982707251309,True,0
nominal,ativo,1.0,0.25,adaptativa,j602_1.sm,10,2.0153846153846153,0.15,0.025985861074894402,0.31666666666666665,0.6166666666666667,60,137,0,terminal,435.0,105.0,48.0,76.71750084184221,True,0
nominal,ativo,1.0,0.25,adaptativa,j602_1.sm,11,1.9230769230769231,0.13333333333333333,0.027777777777777776,0.35,0.55,60,65,0,terminal,434.0,39.0,32.0,80.27390376246981,True,0
nominal,ativo,1.0,0.25,adaptativa,j6032_1.sm,0,1.9275362318840579,0.1,0.0273756073923319,0.25,0.4666666666666667,60,145,0,terminal,443.0,96.0,57.0,53.18976284929845,True,0
nominal,ativo,1.0,0.25,adaptativa,j6032_1.sm,1,1.8985507246376812,0.06666666666666667,0.010385756676557863,0.3333333333333333,0.43333333333333335,60,134,0,terminal,425.0,90.0,57.0,72.54175110323301,True,0
nominal,ativo,1.0,0.25,adaptativa,j6032_1.sm,2,1.7391304347826086,0.06666666666666667,0.025825384386607312,0.25,0.55,60,114,0,terminal,459.0,49.0,65.0,61.08897116982239,True,0
nominal,ativo,1.0,0.25,adaptativa,j6032_1.sm,3,1.8695652173913044,0.06666666666666667,0.04119843409525285,0.21666666666666667,0.48333333333333334,60,156,0,terminal,460.0,94.0,62.0,41.832369695010556,True,0
nominal,ativo,1.0,0.25,adaptativa,j6032_1.sm,4,1.8115942028985508,0.08333333333333333,0.030473959470620777,0.21666666666666667,0.31666666666666665,60,154,3,terminal,451.0,93.0,64.0,57.705676957022625,True,0
nominal,ativo,1.0,0.25,adaptativa,j6032_1.sm,5,1.7971014492753623,0.11666666666666667,0.027204838022811036,0.35,0.38333333333333336,60,124,0,terminal,419.0,69.0,60.0,90.77784878841625,True,0
nominal,ativo,1.0,0.25,adaptativa,j6032_1.sm,6,1.8695652173913044,0.08333333333333333,0.017804154302670624,0.3333333333333333,0.35,60,84,0,terminal,465.0,32.0,52.0,68.36873173805884,True,0
nominal,ativo,1.0,0.25,adaptativa,j6032_1.sm,7,1.8985507246376812,0.05,0.013353115727002967,0.3,0.5166666666666667,60,150,0,terminal,414.0,104.0,62.0,62.44391121620846,True,0
nominal,ativo,1.0,0.25,adaptativa,j6032_1.sm,8,2.391304347826087,0.1,0.058618339032776766,0.35,0.75,60,280,0,terminal,436.0,210.0,90.0,92.79606105626816,True,0
nominal,ativo,1.0,0.25,adaptativa,j6032_1.sm,9,1.9565217391304348,0.11666666666666667,0.029170274870931823,0.4,0.4166666666666667,60,135,0,terminal,455.0,94.0,50.0,93.50808892396758,True,0
nominal,ativo,1.0,0.25,adaptativa,j6032_1.sm,10,2.246376811594203,0.16666666666666666,0.02246267636013594,0.3333333333333333,0.5833333333333334,60,207,0,terminal,453.0,151.0,70.0,93.12263575637252,True,0
nominal,ativo,1.0,0.25,adaptativa,j6032_1.sm,11,1.7536231884057971,0.1,0.02350344127028046,0.36666666666666664,0.4,60,93,0,terminal,457.0,49.0,44.0,84.63402130575975,True,0
nominal,ativo,1.0,0.25,adaptativa,j6035_1.sm,0,1.9615384615384615,0.16666666666666666,0.02728954250042831,0.31666666666666665,0.5666666666666667,60,125,0,terminal,451.0,96.0,48.0,92.56112112325542,True,0
nominal,ativo,1.0,0.25,adaptativa,j6035_1.sm,1,1.8974358974358974,0.08333333333333333,0.015580736543909348,0.36666666666666664,0.43333333333333335,60,113,0,terminal,436.0,85.0,41.0,74.6720854332678,True,0
nominal,ativo,1.0,0.25,adaptativa,j6035_1.sm,2,1.8461538461538463,0.05,0.02633802520747459,0.3333333333333333,0.5166666666666667,60,149,0,terminal,448.0,97.0,56.0,80.62308172287409,True,0
nominal,ativo,1.0,0.25,adaptativa,j6035_1.sm,3,1.9102564102564104,0.1,0.039959197883350846,0.26666666666666666,0.5666666666666667,60,176,0,terminal,447.0,124.0,58.0,67.48295977292605,True,0
nominal,ativo,1.0,0.25,adaptativa,j6035_1.sm,4,1.6794871794871795,0.06666666666666667,0.019830028328611898,0.2833333333333333,0.45,60,125,0,terminal,457.0,93.0,46.0,60.898393640293534,True,0
nominal,ativo,1.0,0.25,adaptativa,j6035_1.sm,5,2.0256410256410255,0.11666666666666667,0.04410235347787186,0.45,0.6166666666666667,60,152,0,terminal,459.0,101.0,61.0,119.71650769718721,True,0
nominal,ativo,1.0,0.25,adaptativa,j6035_1.sm,6,2.051282051282051,0.13333333333333333,0.04133446261905355,0.3,0.48333333333333334,60,117,0,terminal,439.0,65.0,63.0,69.35028699090716,True,0
nominal,ativo,1.0,0.25,adaptativa,j6035_1.sm,7,1.5897435897435896,0.06666666666666667,0.02052889096491908,0.18333333333333332,0.5166666666666667,60,183,0,terminal,404.0,140.0,68.0,31.97005312486814,True,0
nominal,ativo,1.0,0.25,adaptativa,j6035_1.sm,8,2.282051282051282,0.06666666666666667,0.029973777240127918,0.36666666666666664,0.7333333333333333,60,226,0,terminal,448.0,169.0,72.0,128.4831208578844,True,0
nominal,ativo,1.0,0.25,adaptativa,j6035_1.sm,9,1.705128205128205,0.06666666666666667,0.03277883231005247,0.25,0.6166666666666667,60,148,0,terminal,436.0,110.0,61.0,61.237764220949586,True,0
nominal,ativo,1.0,0.25,adaptativa,j6035_1.sm,10,2.1794871794871793,0.1,0.0226628895184136,0.36666666666666664,0.75,60,162,0,terminal,494.0,141.0,46.0,104.63145499140823,True,0
nominal,ativo,1.0,0.25,adaptativa,j6035_1.sm,11,1.8846153846153846,0.08333333333333333,0.0169971671388102,0.5,0.6,60,130,0,terminal,457.0,96.0,46.0,111.27159525830895,True,0
nominal,ativo,1.0,0.25,adaptativa,j6038_1.sm,0,2.0821917808219177,0.05,0.02625487735573081,0.18333333333333332,0.38333333333333336,60,128,0,terminal,412.0,110.0,32.0,46.35688667895703,True,0
nominal,ativo,1.0,0.25,adaptativa,j6038_1.sm,1,1.9726027397260273,0.06666666666666667,0.01466275659824047,0.3,0.43333333333333335,60,98,0,terminal,438.0,66.0,44.0,83.55168460675571,True,0
nominal,ativo,1.0,0.25,adaptativa,j6038_1.sm,2,2.0136986301369864,0.11666666666666667,0.026855723237485724,0.38333333333333336,0.5666666666666667,60,83,0,terminal,474.0,59.0,26.0,86.37364334592152,True,0
nominal,ativo,1.0,0.25,adaptativa,j6038_1.sm,3,1.821917808219178,0.03333333333333333,0.017231778889002864,0.21666666666666667,0.36666666666666664,60,116,0,terminal,437.0,80.0,42.0,46.30815675701448,True,0
nominal,ativo,1.0,0.25,adaptativa,j6038_1.sm,4,1.8767123287671232,0.08333333333333333,0.03472117269072137,0.25,0.4666666666666667,60,110,0,terminal,446.0,75.0,45.0,62.05232947786002,True,0
nominal,ativo,1.0,0.25,adaptativa,j6038_1.sm,5,1.8082191780821917,0.05,0.014657499899007975,0.31666666666666665,0.43333333333333335,60,103,0,terminal,429.0,76.0,33.0,73.06674711683368,True,0
nominal,ativo,1.0,0.25,adaptativa,j6038_1.sm,6,1.7808219178082192,0.06666666666666667,0.02716474071344267,0.35,0.26666666666666666,60,69,0,terminal,469.0,53.0,22.0,88.32481825860074,True,0
nominal,ativo,1.0,0.25,adaptativa,j6038_1.sm,7,1.8904109589041096,0.08333333333333333,0.026392961876832845,0.26666666666666666,0.45,60,152,0,terminal,391.0,121.0,60.0,63.11398651232597,True,0
nominal,ativo,1.0,0.25,adaptativa,j6038_1.sm,8,2.4657534246575343,0.06666666666666667,0.04105136540593686,0.4166666666666667,0.85,60,267,0,terminal,464.0,185.0,98.0,109.23154807374132,True,0
nominal,ativo,1.0,0.25,adaptativa,j6038_1.sm,9,2.041095890410959,0.1,0.04295615440607291,0.25,0.43333333333333335,60,122,0,terminal,444.0,83.0,48.0,73.06403026024222,True,0
nominal,ativo,1.0,0.25,adaptativa,j6038_1.sm,10,2.1232876712328768,0.13333333333333333,0.02586542842273989,0.36666666666666664,0.5333333333333333,60,182,0,terminal,451.0,131.0,63.0,109.69972711653642,True,0
nominal,ativo,1.0,0.25,adaptativa,j6038_1.sm,11,1.917808219178082,0.08333333333333333,0.026392961876832845,0.2833333333333333,0.36666666666666664,60,47,0,terminal,444.0,33.0,17.0,73.61465697130572,True,0
nominal,ativo,1.0,0.25,adaptativa,j6040_1.sm,0,1.6511627906976745,0.05,0.0237367804662069,0.16666666666666666,0.5,60,217,0,terminal,447.0,162.0,63.0,45.64278721069674,True,0
nominal,ativo,1.0,0.25,adaptativa,j6040_1.sm,1,1.6627906976744187,0.05,0.020631211098876237,0.2833333333333333,0.43333333333333335,60,160,0,terminal,441.0,127.0,53.0,63.61830991379739,True,0
nominal,ativo,1.0,0.25,adaptativa,j6040_1.sm,2,1.6046511627906976,0.016666666666666666,0.02319324491260851,0.23333333333333334,0.4666666666666667,60,161,0,terminal,479.0,92.0,70.0,65.31596221462758,True,0
nominal,ativo,1.0,0.25,adaptativa,j6040_1.sm,3,1.7325581395348837,0.06666666666666667,0.017983300540063606,0.25,0.6333333333333333,60,217,0,terminal,447.0,150.0,71.0,67.0719441801716,True,0
nominal,ativo,1.0,0.25,adaptativa,j6040_1.sm,4,1.7906976744186047,0.1,0.03237053671902441,0.3,0.45,60,192,0,terminal,465.0,128.0,68.0,82.11016187464222,True,0
nominal,ativo,1.0,0.25,adaptativa,j6040_1.sm,5,1.7093023255813953,0.05,0.021358881003795602,0.36666666666666664,0.4666666666666667,60,151,0,terminal,454.0,99.0,64.0,96.13150159144257,True,0
nominal,ativo,1.0,0.25,adaptativa,j6040_1.sm,6,1.6395348837209303,0.08333333333333333,0.026137255464536012,0.3,0.45,60,85,0,terminal,515.0,43.0,42.0,83.76149203070509,True,0
nominal,ativo,1.0,0.25,adaptativa,j6040_1.sm,7,1.697674418604651,0.1,0.017996836839392145,0.25,0.5666666666666667,60,189,0,terminal,438.0,142.0,66.0,72.39891165542566,True,0
nominal,ativo,1.0,0.25,adaptativa,j6040_1.sm,8,2.046511627906977,0.05,0.01674851960630838,0.45,0.7833333333333333,60,207,0,terminal,510.0,157.0,71.0,126.37765366804487,True,0
nominal,ativo,1.0,0.25,adaptativa,j6040_1.sm,9,1.813953488372093,0.06666666666666667,0.022542585359517024,0.2833333333333333,0.5666666666666667,60,219,0,terminal,467.0,150.0,80.0,91.8856480114668,True,0
nominal,ativo,1.0,0.25,adaptativa,j6040_1.sm,10,1.930232558139535,0.08333333333333333,0.018666666666666668,0.3333333333333333,0.65,60,205,0,terminal,455.0,153.0,66.0,81.6571543372699,True,0
nominal,ativo,1.0,0.25,adaptativa,j6040_1.sm,11,1.6395348837209303,0.08333333333333333,0.021393316949952015,0.31666666666666665,0.4666666666666667,60,149,0,terminal,448.0,104.0,48.0,73.7505762344251,True,0
nominal,ativo,1.0,0.25,adaptativa,j6043_1.sm,0,1.7685185185185186,0.05,0.020594804985097033,0.25,0.31666666666666665,60,270,0,terminal,394.0,229.0,72.0,53.90301745994712,True,0
nominal,ativo,1.0,0.25,adaptativa,j6043_1.sm,1,1.5740740740740742,0.06666666666666667,0.017964071856287425,0.3333333333333333,0.35,60,177,0,terminal,388.0,145.0,43.0,73.54734617528402,True,0
nominal,ativo,1.0,0.25,adaptativa,j6043_1.sm,2,1.5648148148148149,0.08333333333333333,0.018313312445540606,0.36666666666666664,0.3333333333333333,60,178,0,terminal,396.0,126.0,53.0,80.25361986203313,True,0
nominal,ativo,1.0,0.25,adaptativa,j6043_1.sm,3,1.4537037037037037,0.03333333333333333,0.0074850299401197605,0.2,0.38333333333333336,60,246,1,terminal,370.0,187.0,60.0,37.53606153759509,True,0
nominal,ativo,1.0,0.25,adaptativa,j6043_1.sm,4,1.462962962962963,0.11666666666666667,0.02245508982035928,0.25,0.3,60,236,0,terminal,391.0,180.0,60.0,49.9658641928236,True,0
nominal,ativo,1.0,0.25,adaptativa,j6043_1.sm,5,1.3518518518518519,0.06666666666666667,0.014970059880239521,0.23333333333333334,0.36666666666666664,60,200,0,terminal,356.0,161.0,58.0,49.0,True,0
nominal,ativo,1.0,0.25,adaptativa,j6043_1.sm,6,1.3796296296296295,0.08333333333333333,0.01347305389221557,0.31666666666666665,0.15,60,111,0,terminal,388.0,83.0,34.0,59.681477357211456,True,0
nominal,ativo,1.0,0.25,adaptativa,j6043_1.sm,7,1.6851851851851851,0.08333333333333333,0.03913703716932595,0.25,0.45,60,273,0,terminal,374.0,225.0,66.0,67.48870447985982,True,0
nominal,ativo,1.0,0.25,adaptativa,j6043_1.sm,8,1.7685185185185186,0.11666666666666667,0.033670303751327145,0.36666666666666664,0.75,60,297,0,terminal,401.0,239.0,76.0,73.20046634333363,True,0
nominal,ativo,1.0,0.25,adaptativa,j6043_1.sm,9,1.4074074074074074,0.08333333333333333,0.020958083832335328,0.2833333333333333,0.45,60,166,0,terminal,402.0,123.0,46.0,66.7702567746992,True,0
nominal,ativo,1.0,0.25,adaptativa,j6043_1.sm,10,1.6481481481481481,0.06666666666666667,0.011976047904191617,0.25,0.45,60,264,0,terminal,380.0,222.0,66.0,59.17879946662006,True,0
nominal,ativo,1.0,0.25,adaptativa,j6043_1.sm,11,1.3611111111111112,0.06666666666666667,0.023952095808383235,0.3,0.26666666666666666,60,116,0,terminal,374.0,93.0,35.0,57.77781491526298,True,0
nominal,ativo,1.0,0.25,adaptativa,j6046_1.sm,0,1.8974358974358974,0.05,0.01409897310696807,0.23333333333333334,0.6666666666666666,60,200,0,terminal,366.0,166.0,56.0,52.522394334042104,True,0
nominal,ativo,1.0,0.25,adaptativa,j6046_1.sm,1,1.9487179487179487,0.1,0.039628343257749346,0.36666666666666664,0.65,60,140,0,terminal,374.0,115.0,37.0,76.48132526613756,True,0
nominal,ativo,1.0,0.25,adaptativa,j6046_1.sm,2,1.935897435897436,0.05,0.03256836369359024,0.45,0.6166666666666667,60,171,0,terminal,405.0,115.0,61.0,108.81225416684653,True,0
nominal,ativo,1.0,0.25,adaptativa,j6046_1.sm,3,1.9871794871794872,0.06666666666666667,0.020799387582584466,0.31666666666666665,0.6,60,222,0,terminal,397.0,161.0,62.0,70.76724415834722,True,0
nominal,ativo,1.0,0.25,adaptativa,j6046_1.sm,4,1.794871794871795,0.08333333333333333,0.03798924947797563,0.23333333333333334,0.55,60,147,0,terminal,367.0,115.0,45.0,57.00937757376052,True,0
nominal,ativo,1.0,0.25,adaptativa,j6046_1.sm,5,1.9230769230769231,0.05,0.019690507969580846,0.4166666666666667,0.7,60,150,0,terminal,383.0,121.0,47.0,87.43914835353763,True,0
nominal,ativo,1.0,0.25,adaptativa,j6046_1.sm,6,1.9487179487179487,0.05,0.02684206718029968,0.2833333333333333,0.38333333333333336,60,119,0,terminal,385.0,94.0,32.0,71.50363134840815,True,0
nominal,ativo,1.0,0.25,adaptativa,j6046_1.sm,7,1.9615384615384615,0.06666666666666667,0.025,0.23333333333333334,0.65,60,174,0,terminal,368.0,139.0,46.0,63.291264631125266,True,0
nominal,ativo,1.0,0.25,adaptativa,j6046_1.sm,8,2.3076923076923075,0.11666666666666667,0.027631717328649042,0.4666666666666667,0.8166666666666667,60,218,0,terminal,413.0,171.0,69.0,126.26867624023077,True,0
nominal,ativo,1.0,0.25,adaptativa,j6046_1.sm,9,2.3461538461538463,0.13333333333333333,0.020621347597442028,0.4,0.7,60,165,0,terminal,424.0,130.0,52.0,115.0082776144446,True,0
nominal,ativo,1.0,0.25,adaptativa,j6046_1.sm,10,2.282051282051282,0.08333333333333333,0.046462693718386815,0.43333333333333335,0.8333333333333334,60,192,0,terminal,400.0,169.0,55.0,104.02139383955333,True,0
nominal,ativo,1.0,0.25,adaptativa,j6046_1.sm,11,2.0384615384615383,0.11666666666666667,0.0265625,0.43333333333333335,0.5166666666666667,60,107,0,terminal,396.0,80.0,33.0,105.55150937455159,True,0
nominal,ativo,1.0,0.25,adaptativa,j604_1.sm,0,1.6785714285714286,0.08333333333333333,0.03923833845414518,0.23333333333333334,0.48333333333333334,60,111,0,terminal,500.0,79.0,44.0,66.08193237475842,True,0
nominal,ativo,1.0,0.25,adaptativa,j604_1.sm,1,1.5238095238095237,0.06666666666666667,0.02039274264204097,0.21666666666666667,0.43333333333333335,60,128,0,terminal,461.0,87.0,57.0,61.878186522486075,True,0
nominal,ativo,1.0,0.25,adaptativa,j604_1.sm,2,1.8928571428571428,0.08333333333333333,0.0243878028615918,0.36666666666666664,0.5166666666666667,60,210,0,terminal,503.0,116.0,100.0,117.42305415732801,True,0
nominal,ativo,1.0,0.25,adaptativa,j604_1.sm,3,1.6547619047619047,0.05,0.009162303664921465,0.26666666666666666,0.6,60,174,0,terminal,496.0,115.0,65.0,61.23814795723217,True,0
nominal,ativo,1.0,0.25,adaptativa,j604_1.sm,4,1.7857142857142858,0.016666666666666666,0.011780104712041885,0.2,0.36666666666666664,60,208,0,terminal,509.0,141.0,79.0,54.64764156067264,True,0
nominal,ativo,1.0,0.25,adaptativa,j604_1.sm,5,1.75,0.13333333333333333,0.02371637495514935,0.5,0.6833333333333333,60,120,0,terminal,523.0,66.0,67.0,142.1383918619635,True,0
nominal,ativo,1.0,0.25,adaptativa,j604_1.sm,6,1.7380952380952381,0.05,0.02151911331130269,0.35,0.48333333333333334,60,128,0,terminal,512.0,59.0,70.0,87.10771176861108,True,0
nominal,ativo,1.0,0.25,adaptativa,j604_1.sm,7,1.5952380952380953,0.1,0.028631640731489362,0.21666666666666667,0.55,60,192,0,terminal,448.0,133.0,72.0,58.40205682729127,True,0
nominal,ativo,1.0,0.25,adaptativa,j604_1.sm,8,2.0833333333333335,0.1,0.02745581588282992,0.5,0.8666666666666667,60,224,0,terminal,527.0,152.0,87.0,150.75272011726895,True,0
nominal,ativo,1.0,0.25,adaptativa,j604_1.sm,9,1.869047619047619,0.1,0.023295016440657967,0.36666666666666664,0.5666666666666667,60,153,0,terminal,515.0,109.0,56.0,106.50477850173124,True,0
nominal,ativo,1.0,0.25,adaptativa,j604_1.sm,10,2.1547619047619047,0.13333333333333333,0.05128783860912646,0.5166666666666667,0.7666666666666667,60,193,0,terminal,568.0,150.0,60.0,176.40896730627315,True,0
nominal,ativo,1.0,0.25,adaptativa,j604_1.sm,11,1.6666666666666667,0.06666666666666667,0.03525156542888879,0.43333333333333335,0.5,60,68,0,terminal,535.0,43.0,32.0,104.7424745433273,True,0
nominal,ativo,1.0,0.25,adaptativa,j607_1.sm,0,1.5714285714285714,0.06666666666666667,0.013392857142857142,0.2,0.3333333333333333,60,118,0,terminal,411.0,79.0,49.0,43.248547426179606,True,0
nominal,ativo,1.0,0.25,adaptativa,j607_1.sm,1,1.5454545454545454,0.06666666666666667,0.016480988377280223,0.2,0.31666666666666665,60,38,0,terminal,467.0,30.0,15.0,33.31684394853847,True,0
nominal,ativo,1.0,0.25,adaptativa,j607_1.sm,2,1.6623376623376624,0.08333333333333333,0.015957684236643448,0.43333333333333335,0.5666666666666667,60,106,0,terminal,449.0,49.0,58.0,84.86120432671493,True,0
nominal,ativo,1.0,0.25,adaptativa,j607_1.sm,3,1.9090909090909092,0.06666666666666667,0.030411891933252416,0.2,0.43333333333333335,60,145,0,terminal,445.0,101.0,47.0,52.043580447174165,True,0
nominal,ativo,1.0,0.25,adaptativa,j607_1.sm,4,1.7142857142857142,0.08333333333333333,0.02084981949991165,0.21666666666666667,0.43333333333333335,60,149,0,terminal,443.0,85.0,64.0,43.96667478884349,True,0
nominal,ativo,1.0,0.25,adaptativa,j607_1.sm,5,1.7402597402597402,0.1,0.031875445073699604,0.35,0.5166666666666667,60,109,0,terminal,463.0,56.0,53.0,86.88973252448956,True,0
nominal,ativo,1.0,0.25,adaptativa,j607_1.sm,6,1.896103896103896,0.11666666666666667,0.0301905685892026,0.31666666666666665,0.48333333333333334,60,128,0,terminal,459.0,53.0,76.0,68.44769251933832,True,0
nominal,ativo,1.0,0.25,adaptativa,j607_1.sm,7,1.7532467532467533,0.05,0.01488095238095238,0.26666666666666666,0.48333333333333334,60,166,0,terminal,419.0,113.0,59.0,42.36932289924358,True,0
nominal,ativo,1.0,0.25,adaptativa,j607_1.sm,8,2.1948051948051948,0.05,0.035573283451809226,0.5333333333333333,0.8833333333333333,60,198,0,terminal,459.0,144.0,71.0,136.24218863442184,True,0
nominal,ativo,1.0,0.25,adaptativa,j607_1.sm,9,1.8831168831168832,0.08333333333333333,0.015212005511210904,0.38333333333333336,0.5666666666666667,60,161,0,terminal,470.0,113.0,52.0,83.58279768076615,True,0
nominal,ativo,1.0,0.25,adaptativa,j607_1.sm,10,2.168831168831169,0.11666666666666667,0.022043020345718707,0.36666666666666664,0.65,60,192,0,terminal,441.0,147.0,54.0,80.0284683932416,True,0
nominal,ativo,1.0,0.25,adaptativa,j607_1.sm,11,1.6363636363636365,0.1,0.02593114016635998,0.3333333333333333,0.55,60,56,0,terminal,482.0,37.0,20.0,77.39623978377523,True,0
nominal,desligado,1.0,0.25,centralizada,j6010_1.sm,0,2.4,0.21666666666666667,0.06548332819695894,0.25,0.5166666666666667,60,0,99,terminal,531.0,0.0,121.0,65.72001862098402,True,0
nominal,desligado,1.0,0.25,centralizada,j6010_1.sm,1,2.611764705882353,0.2833333333333333,0.06356197740785167,0.2833333333333333,0.43333333333333335,60,0,51,terminal,521.0,0.0,58.0,68.96572945212637,True,0
nominal,desligado,1.0,0.25,centralizada,j6010_1.sm,2,2.376470588235294,0.31666666666666665,0.10132453892607272,0.36666666666666664,0.55,60,0,90,terminal,525.0,0.0,98.0,76.79496329504454,True,0
nominal,desligado,1.0,0.25,centralizada,j6010_1.sm,3,2.4941176470588236,0.25,0.06398843945487297,0.2833333333333333,0.6833333333333333,60,0,203,terminal,534.0,0.0,206.0,75.87352596063417,True,0
nominal,desligado,1.0,0.25,centralizada,j6010_1.sm,4,2.1176470588235294,0.23333333333333334,0.06608933291333902,0.23333333333333334,0.6,60,0,138,terminal,524.0,0.0,148.0,50.766937404820474,True,0
nominal,desligado,1.0,0.25,centralizada,j6010_1.sm,5,2.2823529411764705,0.18333333333333332,0.0662980172613558,0.2833333333333333,0.36666666666666664,60,0,77,terminal,507.0,0.0,84.0,68.82819954776586,True,0
nominal,desligado,1.0,0.25,centralizada,j6010_1.sm,6,2.9176470588235293,0.31666666666666665,0.07479794818870339,0.36666666666666664,0.4166666666666667,60,0,71,terminal,523.0,0.0,74.0,74.48870378009767,True,0
nominal,desligado,1.0,0.25,centralizada,j6010_1.sm,7,2.7294117647058824,0.35,0.12006810949260277,0.35,0.6333333333333333,60,0,156,terminal,517.0,0.0,157.0,78.38703241444973,True,0
nominal,desligado,1.0,0.25,centralizada,j6010_1.sm,8,2.2588235294117647,0.43333333333333335,0.12591650102986404,0.4666666666666667,0.8333333333333334,60,0,196,terminal,527.0,0.0,217.0,111.62401568114143,True,0
nominal,desligado,1.0,0.25,centralizada,j6010_1.sm,9,2.5647058823529414,0.31666666666666665,0.12091493888159684,0.36666666666666664,0.45,60,0,114,terminal,506.0,0.0,125.0,93.59530718445994,True,0
nominal,desligado,1.0,0.25,centralizada,j6010_1.sm,10,2.8588235294117648,0.3333333333333333,0.15188714074189616,0.36666666666666664,0.65,60,0,125,terminal,541.0,0.0,150.0,118.069522842384,True,0
nominal,desligado,1.0,0.25,centralizada,j6010_1.sm,11,2.764705882352941,0.36666666666666664,0.1283413795457325,0.43333333333333335,0.4666666666666667,60,0,71,terminal,532.0,0.0,78.0,115.11207479914171,True,0
nominal,desligado,1.0,0.25,centralizada,j6013_1.sm,0,4.405797101449275,0.26666666666666666,0.07547481989881702,0.2833333333333333,0.7166666666666667,60,0,56,terminal,546.0,0.0,66.0,93.73917295959467,True,0
nominal,desligado,1.0,0.25,centralizada,j6013_1.sm,1,4.420289855072464,0.45,0.13245699415970974,0.48333333333333334,0.7666666666666667,60,0,93,terminal,582.0,0.0,107.0,165.36977280258756,True,0
nominal,desligado,1.0,0.25,centralizada,j6013_1.sm,2,4.768115942028985,0.35,0.11373406125129971,0.4166666666666667,0.7166666666666667,60,0,11,terminal,577.0,0.0,11.0,126.37903299439489,True,0
nominal,desligado,1.0,0.25,centralizada,j6013_1.sm,3,4.449275362318841,0.3333333333333333,0.0778717901618842,0.4,0.7666666666666667,60,0,123,terminal,577.0,0.0,123.0,110.78860549373374,True,0
nominal,desligado,1.0,0.25,centralizada,j6013_1.sm,4,4.739130434782608,0.3333333333333333,0.06112226941406612,0.35,0.6833333333333333,60,0,101,terminal,560.0,0.0,109.0,91.08532732657585,True,0
nominal,desligado,1.0,0.25,centralizada,j6013_1.sm,5,4.057971014492754,0.3,0.0803620531633222,0.36666666666666664,0.7833333333333333,60,0,54,terminal,564.0,0.0,61.0,109.18473592552886,True,0
nominal,desligado,1.0,0.25,centralizada,j6013_1.sm,6,4.666666666666667,0.25,0.09630437533617194,0.3333333333333333,0.5833333333333334,60,0,3,terminal,571.0,0.0,4.0,117.93036732854799,True,0
nominal,desligado,1.0,0.25,centralizada,j6013_1.sm,7,4.246376811594203,0.26666666666666666,0.13057368612435277,0.35,0.9,60,0,110,terminal,550.0,0.0,127.0,97.42197989420173,True,0
nominal,desligado,1.0,0.25,centralizada,j6013_1.sm,8,5.681159420289855,0.45,0.11865035039021214,0.5166666666666667,0.8833333333333333,60,0,142,terminal,557.0,0.0,162.0,143.7922321615309,True,0
nominal,desligado,1.0,0.25,centralizada,j6013_1.sm,9,5.260869565217392,0.25,0.10785092737816528,0.3333333333333333,0.65,60,0,86,terminal,550.0,0.0,86.0,131.81684072614053,True,0
nominal,desligado,1.0,0.25,centralizada,j6013_1.sm,10,4.231884057971015,0.2833333333333333,0.10929719053807883,0.3333333333333333,0.75,60,0,135,terminal,564.0,0.0,155.0,106.32278880478056,True,0
nominal,desligado,1.0,0.25,centralizada,j6013_1.sm,11,4.826086956521739,0.23333333333333334,0.04183292697011373,0.3333333333333333,0.6833333333333333,60,0,33,terminal,555.0,0.0,35.0,103.13266420315144,True,0
nominal,desligado,1.0,0.25,centralizada,j6016_1.sm,0,2.703125,0.31666666666666665,0.12192797863325969,0.36666666666666664,0.8,60,0,111,terminal,628.0,0.0,128.0,101.89690293748251,True,0
nominal,desligado,1.0,0.25,centralizada,j6016_1.sm,1,3.5625,0.21666666666666667,0.1416998040844469,0.2833333333333333,0.7,60,0,121,terminal,632.0,0.0,129.0,101.08523816539444,True,0
nominal,desligado,1.0,0.25,centralizada,j6016_1.sm,2,3.28125,0.36666666666666664,0.11775294638667932,0.4,0.8,60,0,126,terminal,634.0,0.0,132.0,112.82351955548667,True,0
nominal,desligado,1.0,0.25,centralizada,j6016_1.sm,3,3.0625,0.3333333333333333,0.14260400606922172,0.36666666666666664,0.8166666666666667,60,0,155,terminal,650.0,0.0,155.0,120.74470315553268,True,0
nominal,desligado,1.0,0.25,centralizada,j6016_1.sm,4,3.75,0.36666666666666664,0.1498960593587791,0.4666666666666667,0.85,60,0,200,terminal,669.0,0.0,210.0,155.72194404902893,True,0
nominal,desligado,1.0,0.25,centralizada,j6016_1.sm,5,3.421875,0.38333333333333336,0.09758062000134675,0.4166666666666667,0.8166666666666667,60,0,172,terminal,633.0,0.0,186.0,142.98507353948892,True,0
nominal,desligado,1.0,0.25,centralizada,j6016_1.sm,6,3.234375,0.4,0.10489084369948357,0.4166666666666667,0.7833333333333333,60,0,68,terminal,631.0,0.0,79.0,105.82244488089407,True,0
nominal,desligado,1.0,0.25,centralizada,j6016_1.sm,7,3.578125,0.31666666666666665,0.13178132191786843,0.4166666666666667,0.8833333333333333,60,0,151,terminal,647.0,0.0,156.0,145.21170038545253,True,0
nominal,desligado,1.0,0.25,centralizada,j6016_1.sm,8,3.5,0.38333333333333336,0.17005910014194722,0.4666666666666667,0.9,60,0,147,terminal,673.0,0.0,180.0,152.5895965406082,True,0
nominal,desligado,1.0,0.25,centralizada,j6016_1.sm,9,4.359375,0.38333333333333336,0.19174202458405384,0.45,0.7166666666666667,60,0,137,terminal,647.0,0.0,145.0,156.8491546084968,True,0
nominal,desligado,1.0,0.25,centralizada,j6016_1.sm,10,3.65625,0.4,0.13696913844692896,0.45,0.8666666666666667,60,0,166,terminal,692.0,0.0,196.0,158.393390153672,True,0
nominal,desligado,1.0,0.25,centralizada,j6016_1.sm,11,3.734375,0.31666666666666665,0.08395518372834126,0.35,0.8,60,0,122,terminal,650.0,0.0,124.0,105.30214829254258,True,0
nominal,desligado,1.0,0.25,centralizada,j6019_1.sm,0,2.935483870967742,0.2,0.04749922930466863,0.2,0.6,60,0,91,terminal,562.0,0.0,106.0,42.97276076805288,True,0
nominal,desligado,1.0,0.25,centralizada,j6019_1.sm,1,5.516129032258065,0.2833333333333333,0.12272058384620448,0.2833333333333333,0.6666666666666666,60,0,112,terminal,551.0,0.0,116.0,77.02479116268105,True,0
nominal,desligado,1.0,0.25,centralizada,j6019_1.sm,2,3.2096774193548385,0.3333333333333333,0.13506718748075594,0.38333333333333336,0.6333333333333333,60,0,120,terminal,580.0,0.0,121.0,103.64669875807414,True,0
nominal,desligado,1.0,0.25,centralizada,j6019_1.sm,3,3.338709677419355,0.23333333333333334,0.0670096103576143,0.31666666666666665,0.6,60,0,108,terminal,564.0,0.0,108.0,82.97147512247983,True,0
nominal,desligado,1.0,0.25,centralizada,j6019_1.sm,4,3.3225806451612905,0.31666666666666665,0.05710295456874969,0.36666666666666664,0.6666666666666666,60,0,109,terminal,582.0,0.0,116.0,83.95413170534717,True,0
nominal,desligado,1.0,0.25,centralizada,j6019_1.sm,5,2.9516129032258065,0.26666666666666666,0.0904345283863217,0.36666666666666664,0.75,60,0,112,terminal,578.0,0.0,137.0,95.20147971252398,True,0
nominal,desligado,1.0,0.25,centralizada,j6019_1.sm,6,3.3225806451612905,0.2,0.07923735524656896,0.25,0.5333333333333333,60,0,119,terminal,569.0,0.0,120.0,63.69101144939477,True,0
nominal,desligado,1.0,0.25,centralizada,j6019_1.sm,7,2.725806451612903,0.23333333333333334,0.12064670740856624,0.2833333333333333,0.6166666666666667,60,0,34,terminal,561.0,0.0,34.0,66.05530281326389,True,0
nominal,desligado,1.0,0.25,centralizada,j6019_1.sm,8,3.403225806451613,0.31666666666666665,0.16272727638122853,0.35,0.9333333333333333,60,0,185,terminal,604.0,0.0,197.0,105.7427365488372,True,0
nominal,desligado,1.0,0.25,centralizada,j6019_1.sm,9,3.532258064516129,0.4,0.17165265518681197,0.45,0.65,60,0,104,terminal,594.0,0.0,124.0,127.97997731170884,True,0
nominal,desligado,1.0,0.25,centralizada,j6019_1.sm,10,3.306451612903226,0.35,0.08982387559052833,0.4166666666666667,0.7,60,0,103,terminal,596.0,0.0,126.0,110.19716829502056,True,0
nominal,desligado,1.0,0.25,centralizada,j6019_1.sm,11,3.7096774193548385,0.3,0.10838251850815801,0.38333333333333336,0.6333333333333333,60,0,100,terminal,578.0,0.0,107.0,105.70841175171063,True,0
nominal,desligado,1.0,0.25,centralizada,j6021_1.sm,0,3.763157894736842,0.31666666666666665,0.08510121260001828,0.35,0.5666666666666667,60,0,108,terminal,536.0,0.0,118.0,96.44143456222032,True,0
nominal,desligado,1.0,0.25,centralizada,j6021_1.sm,1,5.7631578947368425,0.3,0.12242513341103836,0.35,0.5833333333333334,60,0,84,terminal,535.0,0.0,86.0,99.1648280680648,True,0
nominal,desligado,1.0,0.25,centralizada,j6021_1.sm,2,3.4210526315789473,0.2,0.07318080412579829,0.25,0.5166666666666667,60,0,21,terminal,525.0,0.0,23.0,56.66461519537095,True,0
nominal,desligado,1.0,0.25,centralizada,j6021_1.sm,3,3.8421052631578947,0.31666666666666665,0.12867547013828065,0.38333333333333336,0.5666666666666667,60,0,82,terminal,541.0,0.0,82.0,118.83749212091763,True,0
nominal,desligado,1.0,0.25,centralizada,j6021_1.sm,4,3.3947368421052633,0.26666666666666666,0.06728612185802905,0.3333333333333333,0.5666666666666667,60,0,64,terminal,552.0,0.0,68.0,96.2435268235738,True,0
nominal,desligado,1.0,0.25,centralizada,j6021_1.sm,5,3.1315789473684212,0.23333333333333334,0.03614457831325301,0.26666666666666666,0.6333333333333333,60,0,112,terminal,522.0,0.0,116.0,71.38355378827616,True,0
nominal,desligado,1.0,0.25,centralizada,j6021_1.sm,6,3.263157894736842,0.26666666666666666,0.056075539113154896,0.3,0.5,60,0,24,terminal,545.0,0.0,24.0,74.42035471002018,True,0
nominal,desligado,1.0,0.25,centralizada,j6021_1.sm,7,3.486842105263158,0.26666666666666666,0.13748103793885666,0.3,0.5833333333333334,60,0,132,terminal,532.0,0.0,135.0,93.71537098300676,True,0
nominal,desligado,1.0,0.25,centralizada,j6021_1.sm,8,3.6578947368421053,0.25,0.06642361680632662,0.35,0.8333333333333334,60,0,199,terminal,555.0,0.0,214.0,109.91131867785805,True,0
nominal,desligado,1.0,0.25,centralizada,j6021_1.sm,9,4.381578947368421,0.31666666666666665,0.09394452590058663,0.38333333333333336,0.7,60,0,121,terminal,521.0,0.0,123.0,104.37807497623277,True,0
nominal,desligado,1.0,0.25,centralizada,j6021_1.sm,10,4.2105263157894735,0.3,0.07268588835240739,0.38333333333333336,0.7166666666666667,60,0,112,terminal,541.0,0.0,127.0,105.05281421051922,True,0
nominal,desligado,1.0,0.25,centralizada,j6021_1.sm,11,4.144736842105263,0.3333333333333333,0.09898101067208676,0.35,0.6333333333333333,60,0,9,terminal,549.0,0.0,9.0,105.25025259896107,True,0
nominal,desligado,1.0,0.25,centralizada,j6024_1.sm,0,2.4615384615384617,0.2,0.06967056597354628,0.23333333333333334,0.31666666666666665,60,0,65,terminal,467.0,0.0,67.0,59.469539102874144,True,0
nominal,desligado,1.0,0.25,centralizada,j6024_1.sm,1,2.4,0.18333333333333332,0.07245701711721791,0.25,0.31666666666666665,60,0,83,terminal,458.0,0.0,88.0,57.3710743677645,True,0
nominal,desligado,1.0,0.25,centralizada,j6024_1.sm,2,4.184615384615385,0.21666666666666667,0.06793021259002723,0.2833333333333333,0.5,60,0,143,terminal,474.0,0.0,148.0,73.57279038770312,True,0
nominal,desligado,1.0,0.25,centralizada,j6024_1.sm,3,3.3230769230769233,0.3333333333333333,0.14090540418829214,0.3333333333333333,0.43333333333333335,60,0,138,terminal,474.0,0.0,138.0,65.10148866266493,True,0
nominal,desligado,1.0,0.25,centralizada,j6024_1.sm,4,3.123076923076923,0.23333333333333334,0.0899127224057953,0.25,0.35,60,0,120,terminal,468.0,0.0,121.0,57.160010965614106,True,0
nominal,desligado,1.0,0.25,centralizada,j6024_1.sm,5,2.169230769230769,0.2,0.07940076935294099,0.25,0.38333333333333336,60,0,110,terminal,447.0,0.0,116.0,56.752706884177535,True,0
nominal,desligado,1.0,0.25,centralizada,j6024_1.sm,6,2.8,0.21666666666666667,0.11329139856997407,0.23333333333333334,0.36666666666666664,60,0,69,terminal,495.0,0.0,69.0,58.27811148242601,True,0
nominal,desligado,1.0,0.25,centralizada,j6024_1.sm,7,3.2153846153846155,0.18333333333333332,0.06826348115738774,0.21666666666666667,0.4666666666666667,60,0,190,terminal,439.0,0.0,200.0,36.603645213220986,True,0
nominal,desligado,1.0,0.25,centralizada,j6024_1.sm,8,3.3692307692307693,0.3333333333333333,0.13042096368848566,0.38333333333333336,0.7333333333333333,60,0,211,terminal,478.0,0.0,227.0,100.89681994684909,True,0
nominal,desligado,1.0,0.25,centralizada,j6024_1.sm,9,3.8615384615384616,0.2,0.08045760680176887,0.23333333333333334,0.35,60,0,153,terminal,455.0,0.0,161.0,53.70924975455219,True,0
nominal,desligado,1.0,0.25,centralizada,j6024_1.sm,10,2.476923076923077,0.21666666666666667,0.12873717874114754,0.25,0.6,60,0,177,terminal,485.0,0.0,195.0,64.98058732142718,True,0
nominal,desligado,1.0,0.25,centralizada,j6024_1.sm,11,2.3692307692307693,0.2,0.05864012681903264,0.2833333333333333,0.3333333333333333,60,0,47,terminal,462.0,0.0,49.0,66.10987373234451,True,0
nominal,desligado,1.0,0.25,centralizada,j6027_1.sm,0,2.0833333333333335,0.23333333333333334,0.06392148112553976,0.25,0.43333333333333335,60,0,173,terminal,518.0,0.0,173.0,66.54236426581141,True,0
nominal,desligado,1.0,0.25,centralizada,j6027_1.sm,1,2.4375,0.18333333333333332,0.045922328749537715,0.25,0.36666666666666664,60,0,149,terminal,504.0,0.0,173.0,59.45619381778315,True,0
nominal,desligado,1.0,0.25,centralizada,j6027_1.sm,2,2.3229166666666665,0.3333333333333333,0.1063364182572861,0.3333333333333333,0.4666666666666667,60,0,75,terminal,545.0,0.0,75.0,76.84186243690078,True,0
nominal,desligado,1.0,0.25,centralizada,j6027_1.sm,3,1.9791666666666667,0.3,0.09680331239512946,0.36666666666666664,0.45,60,0,179,terminal,533.0,0.0,181.0,91.04586595365602,True,0
nominal,desligado,1.0,0.25,centralizada,j6027_1.sm,4,2.2291666666666665,0.25,0.09038716256520751,0.26666666666666666,0.38333333333333336,60,0,154,terminal,505.0,0.0,166.0,63.57206821325877,True,0
nominal,desligado,1.0,0.25,centralizada,j6027_1.sm,5,2.1979166666666665,0.38333333333333336,0.0805847962818181,0.4666666666666667,0.5,60,0,160,terminal,525.0,0.0,162.0,116.70094107507087,True,0
nominal,desligado,1.0,0.25,centralizada,j6027_1.sm,6,2.1875,0.26666666666666666,0.05420419637392919,0.3,0.38333333333333336,60,0,79,terminal,558.0,0.0,80.0,74.52079888706126,True,0
nominal,desligado,1.0,0.25,centralizada,j6027_1.sm,7,1.8958333333333333,0.21666666666666667,0.06690147720749827,0.25,0.65,60,0,180,terminal,530.0,0.0,186.0,53.01157572818246,True,0
nominal,desligado,1.0,0.25,centralizada,j6027_1.sm,8,2.6666666666666665,0.36666666666666664,0.12455051712433053,0.38333333333333336,0.75,60,0,298,terminal,554.0,0.0,314.0,121.6403510387744,True,0
nominal,desligado,1.0,0.25,centralizada,j6027_1.sm,9,2.875,0.26666666666666666,0.0735003889267282,0.2833333333333333,0.36666666666666664,60,0,91,terminal,511.0,0.0,103.0,55.68731803622364,True,0
nominal,desligado,1.0,0.25,centralizada,j6027_1.sm,10,2.3020833333333335,0.3,0.10308746772895529,0.35,0.6333333333333333,60,0,164,terminal,555.0,0.0,180.0,98.17727250713801,True,0
nominal,desligado,1.0,0.25,centralizada,j6027_1.sm,11,2.6354166666666665,0.31666666666666665,0.0866910657490678,0.35,0.38333333333333336,60,0,40,terminal,558.0,0.0,40.0,93.07349105576887,True,0
nominal,desligado,1.0,0.25,centralizada,j602_1.sm,0,2.5538461538461537,0.3,0.1575178770252572,0.31666666666666665,0.7333333333333333,60,0,81,terminal,553.0,0.0,101.0,77.49603416720666,True,0
nominal,desligado,1.0,0.25,centralizada,j602_1.sm,1,2.923076923076923,0.2833333333333333,0.11372553947294581,0.35,0.6166666666666667,60,0,85,terminal,572.0,0.0,95.0,100.07369936826811,True,0
nominal,desligado,1.0,0.25,centralizada,j602_1.sm,2,3.0615384615384613,0.23333333333333334,0.08046166035325036,0.31666666666666665,0.6833333333333333,60,0,79,terminal,552.0,0.0,85.0,70.67140238995164,True,0
nominal,desligado,1.0,0.25,centralizada,j602_1.sm,3,3.3076923076923075,0.2833333333333333,0.13802308291421653,0.36666666666666664,0.6833333333333333,60,0,188,terminal,557.0,0.0,200.0,83.43572237015555,True,0
nominal,desligado,1.0,0.25,centralizada,j602_1.sm,4,3.3076923076923075,0.2833333333333333,0.07960422367248025,0.35,0.6666666666666666,60,0,176,terminal,583.0,0.0,181.0,101.48600920880855,True,0
nominal,desligado,1.0,0.25,centralizada,j602_1.sm,5,2.1538461538461537,0.26666666666666666,0.06916095891017121,0.3333333333333333,0.5666666666666667,60,0,88,terminal,523.0,0.0,95.0,83.08443975181015,True,0
nominal,desligado,1.0,0.25,centralizada,j602_1.sm,6,2.769230769230769,0.31666666666666665,0.12631962921467776,0.38333333333333336,0.6666666666666666,60,0,79,terminal,563.0,0.0,81.0,106.16432230425788,True,0
nominal,desligado,1.0,0.25,centralizada,j602_1.sm,7,2.7846153846153845,0.2833333333333333,0.13451522377899416,0.31666666666666665,0.6666666666666666,60,0,127,terminal,517.0,0.0,138.0,80.46404563040258,True,0
nominal,desligado,1.0,0.25,centralizada,j602_1.sm,8,3.169230769230769,0.36666666666666664,0.1115754173315416,0.4666666666666667,0.8666666666666667,60,0,169,terminal,544.0,0.0,207.0,110.6921836330106,True,0
nominal,desligado,1.0,0.25,centralizada,j602_1.sm,9,3.723076923076923,0.26666666666666666,0.09562111622515644,0.36666666666666664,0.7,60,0,94,terminal,556.0,0.0,101.0,79.48764090352533,True,0
nominal,desligado,1.0,0.25,centralizada,j602_1.sm,10,3.1846153846153844,0.26666666666666666,0.06870255655865794,0.31666666666666665,0.8166666666666667,60,0,155,terminal,584.0,0.0,175.0,71.76069030921268,True,0
nominal,desligado,1.0,0.25,centralizada,j602_1.sm,11,2.8461538461538463,0.2833333333333333,0.043209876543209874,0.36666666666666664,0.65,60,0,87,terminal,538.0,0.0,92.0,76.89384508921577,True,0
nominal,desligado,1.0,0.25,centralizada,j6032_1.sm,0,2.420289855072464,0.31666666666666665,0.15708416023916422,0.31666666666666665,0.65,60,0,108,terminal,597.0,0.0,125.0,98.00992489352255,True,0
nominal,desligado,1.0,0.25,centralizada,j6032_1.sm,1,4.855072463768116,0.35,0.15137754374929072,0.38333333333333336,0.6166666666666667,60,0,117,terminal,584.0,0.0,128.0,104.80977886223381,True,0
nominal,desligado,1.0,0.25,centralizada,j6032_1.sm,2,3.3043478260869565,0.31666666666666665,0.10402606818104769,0.3333333333333333,0.5333333333333333,60,0,97,terminal,560.0,0.0,97.0,87.64764222259858,True,0
nominal,desligado,1.0,0.25,centralizada,j6032_1.sm,3,3.3043478260869565,0.23333333333333334,0.08998674400993278,0.2833333333333333,0.5166666666666667,60,0,165,terminal,575.0,0.0,165.0,69.40892858740395,True,0
nominal,desligado,1.0,0.25,centralizada,j6032_1.sm,4,2.8115942028985508,0.26666666666666666,0.1384240686461469,0.3,0.5333333333333333,60,0,121,terminal,601.0,0.0,121.0,99.2059586119153,True,0
nominal,desligado,1.0,0.25,centralizada,j6032_1.sm,5,2.463768115942029,0.18333333333333332,0.06736820487742279,0.2833333333333333,0.6,60,0,116,terminal,561.0,0.0,117.0,72.4810380283723,True,0
nominal,desligado,1.0,0.25,centralizada,j6032_1.sm,6,2.753623188405797,0.4,0.1542568823573794,0.45,0.5,60,0,100,terminal,587.0,0.0,100.0,124.17306793997184,True,0
nominal,desligado,1.0,0.25,centralizada,j6032_1.sm,7,3.0,0.26666666666666666,0.11215986094547992,0.3,0.65,60,0,190,terminal,540.0,0.0,204.0,71.787390361915,True,0
nominal,desligado,1.0,0.25,centralizada,j6032_1.sm,8,2.898550724637681,0.2,0.08321490744705931,0.26666666666666666,0.7833333333333333,60,0,189,terminal,563.0,0.0,215.0,70.51894097112628,True,0
nominal,desligado,1.0,0.25,centralizada,j6032_1.sm,9,3.4782608695652173,0.25,0.10808566122705522,0.2833333333333333,0.65,60,0,129,terminal,570.0,0.0,132.0,84.11146046588104,True,0
nominal,desligado,1.0,0.25,centralizada,j6032_1.sm,10,2.898550724637681,0.26666666666666666,0.10681350049623223,0.31666666666666665,0.75,60,0,198,terminal,605.0,0.0,209.0,91.16556958333172,True,0
nominal,desligado,1.0,0.25,centralizada,j6032_1.sm,11,4.36231884057971,0.3,0.0582972460766155,0.35,0.55,60,0,84,terminal,573.0,0.0,85.0,86.68382183010384,True,0
nominal,desligado,1.0,0.25,centralizada,j6035_1.sm,0,2.7435897435897436,0.16666666666666666,0.05183968081839714,0.18333333333333332,0.5333333333333333,60,0,125,terminal,553.0,0.0,145.0,48.133896625646834,True,0
nominal,desligado,1.0,0.25,centralizada,j6035_1.sm,1,2.8205128205128207,0.26666666666666666,0.11597517817719191,0.3333333333333333,0.6166666666666667,60,0,115,terminal,593.0,0.0,127.0,98.2609610058762,True,0
nominal,desligado,1.0,0.25,centralizada,j6035_1.sm,2,2.9358974358974357,0.35,0.13014042712592555,0.38333333333333336,0.7666666666666667,60,0,112,terminal,610.0,0.0,121.0,99.69652890395413,True,0
nominal,desligado,1.0,0.25,centralizada,j6035_1.sm,3,3.1153846153846154,0.25,0.09945179640770155,0.3,0.65,60,0,219,terminal,600.0,0.0,226.0,92.56027021883807,True,0
nominal,desligado,1.0,0.25,centralizada,j6035_1.sm,4,2.2948717948717947,0.26666666666666666,0.07714798735606156,0.26666666666666666,0.65,60,0,119,terminal,594.0,0.0,137.0,75.54718697002373,True,0
nominal,desligado,1.0,0.25,centralizada,j6035_1.sm,5,2.3461538461538463,0.3333333333333333,0.12892176479898274,0.43333333333333335,0.6666666666666666,60,0,94,terminal,601.0,0.0,107.0,120.58067122424899,True,0
nominal,desligado,1.0,0.25,centralizada,j6035_1.sm,6,2.6666666666666665,0.2833333333333333,0.0715793417646622,0.31666666666666665,0.55,60,0,85,terminal,596.0,0.0,100.0,88.39622871377517,True,0
nominal,desligado,1.0,0.25,centralizada,j6035_1.sm,7,2.4358974358974357,0.23333333333333334,0.12073167370250792,0.2833333333333333,0.6333333333333333,60,0,150,terminal,560.0,0.0,155.0,72.12026890667158,True,0
nominal,desligado,1.0,0.25,centralizada,j6035_1.sm,8,3.08974358974359,0.31666666666666665,0.11830052861601936,0.4166666666666667,0.8333333333333334,60,0,255,terminal,606.0,0.0,264.0,142.12789163200762,True,0
nominal,desligado,1.0,0.25,centralizada,j6035_1.sm,9,3.5,0.3,0.07422279922105188,0.3,0.6,60,0,144,terminal,578.0,0.0,154.0,77.42308821376004,True,0
nominal,desligado,1.0,0.25,centralizada,j6035_1.sm,10,2.3461538461538463,0.35,0.14762501591771404,0.36666666666666664,0.7,60,0,153,terminal,643.0,0.0,179.0,110.94105731224332,True,0
nominal,desligado,1.0,0.25,centralizada,j6035_1.sm,11,2.051282051282051,0.23333333333333334,0.053824362606232294,0.2833333333333333,0.6166666666666667,60,0,70,terminal,587.0,0.0,79.0,78.37771675791207,True,0
nominal,desligado,1.0,0.25,centralizada,j6038_1.sm,0,2.671232876712329,0.31666666666666665,0.09047373035286874,0.3333333333333333,0.5166666666666667,60,0,75,terminal,573.0,0.0,77.0,78.48524900048247,True,0
nominal,desligado,1.0,0.25,centralizada,j6038_1.sm,1,3.589041095890411,0.21666666666666667,0.10195330362097606,0.26666666666666666,0.4666666666666667,60,0,63,terminal,577.0,0.0,73.0,86.42973731353146,True,0
nominal,desligado,1.0,0.25,centralizada,j6038_1.sm,2,3.0684931506849313,0.31666666666666665,0.13811087846181228,0.36666666666666664,0.6166666666666667,60,0,92,terminal,569.0,0.0,94.0,111.25856547815306,True,0
nominal,desligado,1.0,0.25,centralizada,j6038_1.sm,3,2.643835616438356,0.16666666666666666,0.06402722849138483,0.23333333333333334,0.5666666666666667,60,0,133,terminal,578.0,0.0,141.0,55.11516253996305,True,0
nominal,desligado,1.0,0.25,centralizada,j6038_1.sm,4,2.3835616438356166,0.16666666666666666,0.05720656658629597,0.21666666666666667,0.4166666666666667,60,0,72,terminal,573.0,0.0,74.0,70.33236625647751,True,0
nominal,desligado,1.0,0.25,centralizada,j6038_1.sm,5,2.356164383561644,0.3,0.09959009408257218,0.36666666666666664,0.7166666666666667,60,0,95,terminal,559.0,0.0,100.0,106.29533372042474,True,0
nominal,desligado,1.0,0.25,centralizada,j6038_1.sm,6,2.356164383561644,0.18333333333333332,0.07405454141542853,0.2,0.48333333333333334,60,0,51,terminal,573.0,0.0,62.0,56.3975594017678,True,0
nominal,desligado,1.0,0.25,centralizada,j6038_1.sm,7,3.2465753424657535,0.2,0.07750797234948037,0.21666666666666667,0.5666666666666667,60,0,116,terminal,559.0,0.0,133.0,59.59480778868852,True,0
nominal,desligado,1.0,0.25,centralizada,j6038_1.sm,8,3.2054794520547945,0.36666666666666664,0.11843367557941081,0.43333333333333335,0.9,60,0,224,terminal,591.0,0.0,242.0,135.7202736575232,True,0
nominal,desligado,1.0,0.25,centralizada,j6038_1.sm,9,3.356164383561644,0.31666666666666665,0.13509344153519842,0.36666666666666664,0.6333333333333333,60,0,120,terminal,584.0,0.0,127.0,90.14380897913877,True,0
nominal,desligado,1.0,0.25,centralizada,j6038_1.sm,10,2.8493150684931505,0.3,0.13470791788359032,0.35,0.7833333333333333,60,0,190,terminal,598.0,0.0,206.0,123.90127142207479,True,0
nominal,desligado,1.0,0.25,centralizada,j6038_1.sm,11,3.4794520547945207,0.38333333333333336,0.08096909060656052,0.4,0.5166666666666667,60,0,56,terminal,567.0,0.0,57.0,86.33780427864284,True,0
nominal,desligado,1.0,0.25,centralizada,j6040_1.sm,0,2.383720930232558,0.25,0.07683771834922803,0.26666666666666666,0.6833333333333333,60,0,164,terminal,597.0,0.0,183.0,78.28342858118373,True,0
nominal,desligado,1.0,0.25,centralizada,j6040_1.sm,1,3.5930232558139537,0.3,0.12499772791428636,0.31666666666666665,0.5833333333333334,60,0,93,terminal,626.0,0.0,97.0,90.8929580187027,True,0
nominal,desligado,1.0,0.25,centralizada,j6040_1.sm,2,3.2906976744186047,0.26666666666666666,0.0912859426863025,0.31666666666666665,0.6666666666666666,60,0,124,terminal,607.0,0.0,130.0,90.36858244656348,True,0
nominal,desligado,1.0,0.25,centralizada,j6040_1.sm,3,2.8255813953488373,0.21666666666666667,0.09121051021894801,0.3,0.75,60,0,238,terminal,644.0,0.0,238.0,93.38706025444394,True,0
nominal,desligado,1.0,0.25,centralizada,j6040_1.sm,4,2.313953488372093,0.31666666666666665,0.09243844555491497,0.38333333333333336,0.7166666666666667,60,0,143,terminal,642.0,0.0,147.0,118.50281720315289,True,0
nominal,desligado,1.0,0.25,centralizada,j6040_1.sm,5,2.2209302325581395,0.26666666666666666,0.07344943128421112,0.3,0.6666666666666666,60,0,124,terminal,603.0,0.0,135.0,69.56186354648459,True,0
nominal,desligado,1.0,0.25,centralizada,j6040_1.sm,6,2.3255813953488373,0.35,0.10132258645037005,0.45,0.5833333333333334,60,0,88,terminal,637.0,0.0,90.0,135.43042648792493,True,0
nominal,desligado,1.0,0.25,centralizada,j6040_1.sm,7,2.36046511627907,0.31666666666666665,0.1107666774180075,0.36666666666666664,0.7,60,0,185,terminal,595.0,0.0,199.0,101.11578482290122,True,0
nominal,desligado,1.0,0.25,centralizada,j6040_1.sm,8,2.9069767441860463,0.38333333333333336,0.1165250988966225,0.48333333333333334,0.8833333333333333,60,0,251,terminal,634.0,0.0,266.0,143.2641502639381,True,0
nominal,desligado,1.0,0.25,centralizada,j6040_1.sm,9,2.8488372093023258,0.23333333333333334,0.06687633773867413,0.2833333333333333,0.5833333333333334,60,0,152,terminal,586.0,0.0,157.0,72.3359139435938,True,0
nominal,desligado,1.0,0.25,centralizada,j6040_1.sm,10,2.7209302325581395,0.31666666666666665,0.12529634376208473,0.36666666666666664,0.7833333333333333,60,0,153,terminal,635.0,0.0,191.0,111.85549527464678,True,0
nominal,desligado,1.0,0.25,centralizada,j6040_1.sm,11,2.9651162790697674,0.35,0.09744954798724889,0.36666666666666664,0.6833333333333333,60,0,69,terminal,627.0,0.0,77.0,98.93945500448251,True,0
nominal,desligado,1.0,0.25,centralizada,j6043_1.sm,0,2.3518518518518516,0.23333333333333334,0.04581008787950625,0.25,0.43333333333333335,60,0,181,terminal,521.0,0.0,217.0,65.6797900275793,True,0
nominal,desligado,1.0,0.25,centralizada,j6043_1.sm,1,2.259259259259259,0.18333333333333332,0.08340152766628926,0.2,0.48333333333333334,60,0,168,terminal,506.0,0.0,181.0,53.85695468621138,True,0
nominal,desligado,1.0,0.25,centralizada,j6043_1.sm,2,2.759259259259259,0.25,0.10353146453447053,0.3,0.4166666666666667,60,0,94,terminal,537.0,0.0,94.0,81.34924638216127,True,0
nominal,desligado,1.0,0.25,centralizada,j6043_1.sm,3,1.9444444444444444,0.3,0.06185953200576928,0.3333333333333333,0.48333333333333334,60,0,236,terminal,492.0,0.0,236.0,85.5801560890785,True,0
nominal,desligado,1.0,0.25,centralizada,j6043_1.sm,4,2.2777777777777777,0.2,0.049629959562609585,0.23333333333333334,0.4,60,0,194,terminal,493.0,0.0,203.0,63.80912667140184,True,0
nominal,desligado,1.0,0.25,centralizada,j6043_1.sm,5,1.9259259259259258,0.2833333333333333,0.07019450248233365,0.3333333333333333,0.55,60,0,135,terminal,516.0,0.0,139.0,94.96641837356763,True,0
nominal,desligado,1.0,0.25,centralizada,j6043_1.sm,6,2.0555555555555554,0.21666666666666667,0.07250399504277007,0.26666666666666666,0.31666666666666665,60,0,48,terminal,521.0,0.0,49.0,64.80299187287318,True,0
nominal,desligado,1.0,0.25,centralizada,j6043_1.sm,7,1.8333333333333333,0.21666666666666667,0.03474183404926712,0.21666666666666667,0.5666666666666667,60,0,232,terminal,478.0,0.0,266.0,39.248621690682086,True,0
nominal,desligado,1.0,0.25,centralizada,j6043_1.sm,8,2.3425925925925926,0.26666666666666666,0.06840063604588757,0.3,0.8,60,0,272,terminal,497.0,0.0,305.0,73.90443905671788,True,0
nominal,desligado,1.0,0.25,centralizada,j6043_1.sm,9,2.7222222222222223,0.18333333333333332,0.04790419161676647,0.2,0.38333333333333336,60,0,213,terminal,472.0,0.0,235.0,45.41763622362469,True,0
nominal,desligado,1.0,0.25,centralizada,j6043_1.sm,10,2.0185185185185186,0.23333333333333334,0.07806499761189262,0.23333333333333334,0.6333333333333333,60,0,284,terminal,502.0,0.0,320.0,65.4208204113567,True,0
nominal,desligado,1.0,0.25,centralizada,j6043_1.sm,11,1.6944444444444444,0.18333333333333332,0.05132115353705338,0.21666666666666667,0.38333333333333336,60,0,118,terminal,499.0,0.0,126.0,57.56705249917889,True,0
nominal,desligado,1.0,0.25,centralizada,j6046_1.sm,0,3.1153846153846154,0.23333333333333334,0.12926911784771736,0.3,0.6833333333333333,60,0,122,terminal,506.0,0.0,150.0,77.34165150752146,True,0
nominal,desligado,1.0,0.25,centralizada,j6046_1.sm,1,2.551282051282051,0.21666666666666667,0.09488148457838902,0.26666666666666666,0.7,60,0,129,terminal,507.0,0.0,158.0,72.71802304416072,True,0
nominal,desligado,1.0,0.25,centralizada,j6046_1.sm,2,3.217948717948718,0.3333333333333333,0.1367635239373794,0.35,0.6333333333333333,60,0,134,terminal,511.0,0.0,141.0,103.73203146587181,True,0
nominal,desligado,1.0,0.25,centralizada,j6046_1.sm,3,3.4358974358974357,0.38333333333333336,0.10012594035606473,0.4666666666666667,0.75,60,0,177,terminal,526.0,0.0,184.0,138.18165242053237,True,0
nominal,desligado,1.0,0.25,centralizada,j6046_1.sm,4,2.7051282051282053,0.23333333333333334,0.09317667524520745,0.2833333333333333,0.75,60,0,194,terminal,523.0,0.0,201.0,90.01179085203388,True,0
nominal,desligado,1.0,0.25,centralizada,j6046_1.sm,5,2.5,0.35,0.1130536479427396,0.38333333333333336,0.7333333333333333,60,0,122,terminal,525.0,0.0,147.0,106.31109660416308,True,0
nominal,desligado,1.0,0.25,centralizada,j6046_1.sm,6,3.0256410256410255,0.38333333333333336,0.11038168456637239,0.4166666666666667,0.7,60,0,109,terminal,523.0,0.0,118.0,110.04640505223972,True,0
nominal,desligado,1.0,0.25,centralizada,j6046_1.sm,7,3.282051282051282,0.36666666666666664,0.15274655778633747,0.4166666666666667,0.7833333333333333,60,0,183,terminal,507.0,0.0,219.0,108.6244634025181,True,0
nominal,desligado,1.0,0.25,centralizada,j6046_1.sm,8,3.0641025641025643,0.38333333333333336,0.14785577144109846,0.4666666666666667,0.8333333333333334,60,0,219,terminal,522.0,0.0,246.0,133.5116669512293,True,0
nominal,desligado,1.0,0.25,centralizada,j6046_1.sm,9,3.0256410256410255,0.31666666666666665,0.10618413791986425,0.3333333333333333,0.6666666666666666,60,0,113,terminal,515.0,0.0,137.0,99.02399671108181,True,0
nominal,desligado,1.0,0.25,centralizada,j6046_1.sm,10,3.3333333333333335,0.31666666666666665,0.09038340189731478,0.35,0.7666666666666667,60,0,180,terminal,529.0,0.0,223.0,98.60341572818199,True,0
nominal,desligado,1.0,0.25,centralizada,j6046_1.sm,11,3.2435897435897436,0.4166666666666667,0.1601369439736207,0.48333333333333334,0.7166666666666667,60,0,87,terminal,528.0,0.0,96.0,130.81332942510326,True,0
nominal,desligado,1.0,0.25,centralizada,j604_1.sm,0,2.130952380952381,0.2833333333333333,0.07856747981817784,0.31666666666666665,0.6166666666666667,60,0,185,terminal,620.0,0.0,188.0,87.98058968123348,True,0
nominal,desligado,1.0,0.25,centralizada,j604_1.sm,1,2.5952380952380953,0.25,0.0753860397100937,0.3,0.5,60,0,82,terminal,651.0,0.0,96.0,89.87197162670125,True,0
nominal,desligado,1.0,0.25,centralizada,j604_1.sm,2,2.5,0.3333333333333333,0.12607267801953773,0.35,0.7,60,0,104,terminal,657.0,0.0,114.0,107.91329152972462,True,0
nominal,desligado,1.0,0.25,centralizada,j604_1.sm,3,2.9047619047619047,0.31666666666666665,0.08151726576495018,0.35,0.6833333333333333,60,0,171,terminal,660.0,0.0,176.0,85.57139921027385,True,0
nominal,desligado,1.0,0.25,centralizada,j604_1.sm,4,2.8452380952380953,0.2833333333333333,0.1084493667404863,0.36666666666666664,0.7833333333333333,60,0,179,terminal,688.0,0.0,188.0,99.09963569984424,True,0
nominal,desligado,1.0,0.25,centralizada,j604_1.sm,5,2.107142857142857,0.4166666666666667,0.1133837055181225,0.48333333333333334,0.7166666666666667,60,0,100,terminal,676.0,0.0,109.0,142.80578796215806,True,0
nominal,desligado,1.0,0.25,centralizada,j604_1.sm,6,2.857142857142857,0.2833333333333333,0.0971682660561094,0.35,0.6333333333333333,60,0,114,terminal,637.0,0.0,115.0,95.87307444079502,True,0
nominal,desligado,1.0,0.25,centralizada,j604_1.sm,7,2.369047619047619,0.2833333333333333,0.09723756350339881,0.36666666666666664,0.7166666666666667,60,0,126,terminal,646.0,0.0,145.0,89.06763786198874,True,0
nominal,desligado,1.0,0.25,centralizada,j604_1.sm,8,3.130952380952381,0.3333333333333333,0.09289686485969895,0.4,0.9,60,0,195,terminal,663.0,0.0,224.0,122.64147714300057,True,0
nominal,desligado,1.0,0.25,centralizada,j604_1.sm,9,3.488095238095238,0.4,0.1616392613020791,0.4166666666666667,0.6333333333333333,60,0,113,terminal,653.0,0.0,122.0,131.39088961001312,True,0
nominal,desligado,1.0,0.25,centralizada,j604_1.sm,10,2.4523809523809526,0.2833333333333333,0.08985886352786471,0.31666666666666665,0.8666666666666667,60,0,167,terminal,672.0,0.0,194.0,108.13786120433718,True,0
nominal,desligado,1.0,0.25,centralizada,j604_1.sm,11,3.1547619047619047,0.31666666666666665,0.12637846346429737,0.35,0.75,60,0,127,terminal,670.0,0.0,133.0,116.71965955847114,True,0
nominal,desligado,1.0,0.25,centralizada,j607_1.sm,0,2.3766233766233764,0.18333333333333332,0.08545472892546557,0.18333333333333332,0.5833333333333334,60,0,108,terminal,567.0,0.0,119.0,42.98271372300478,True,0
nominal,desligado,1.0,0.25,centralizada,j607_1.sm,1,4.51948051948052,0.26666666666666666,0.0924402540552763,0.3333333333333333,0.65,60,0,134,terminal,564.0,0.0,155.0,67.01235205234599,True,0
nominal,desligado,1.0,0.25,centralizada,j607_1.sm,2,3.207792207792208,0.26666666666666666,0.05621617834034278,0.2833333333333333,0.6666666666666666,60,0,134,terminal,593.0,0.0,134.0,70.25913726100251,True,0
nominal,desligado,1.0,0.25,centralizada,j607_1.sm,3,2.220779220779221,0.25,0.10238317716204443,0.3,0.75,60,0,132,terminal,566.0,0.0,135.0,76.92857650349589,True,0
nominal,desligado,1.0,0.25,centralizada,j607_1.sm,4,2.831168831168831,0.25,0.07427137262508178,0.31666666666666665,0.6666666666666666,60,0,143,terminal,583.0,0.0,147.0,77.45371651845419,True,0
nominal,desligado,1.0,0.25,centralizada,j607_1.sm,5,2.0779220779220777,0.2833333333333333,0.11584043484615308,0.36666666666666664,0.7,60,0,101,terminal,556.0,0.0,101.0,83.61903960718806,True,0
nominal,desligado,1.0,0.25,centralizada,j607_1.sm,6,3.0779220779220777,0.31666666666666665,0.069649558038955,0.35,0.5333333333333333,60,0,116,terminal,565.0,0.0,124.0,66.66815890069077,True,0
nominal,desligado,1.0,0.25,centralizada,j607_1.sm,7,2.831168831168831,0.3,0.12906404020556952,0.3,0.7166666666666667,60,0,170,terminal,528.0,0.0,180.0,74.9597253774789,True,0
nominal,desligado,1.0,0.25,centralizada,j607_1.sm,8,3.4155844155844157,0.2833333333333333,0.0914728447513722,0.31666666666666665,0.95,60,0,214,terminal,563.0,0.0,221.0,83.66584908177899,True,0
nominal,desligado,1.0,0.25,centralizada,j607_1.sm,9,2.8051948051948052,0.35,0.09598901218410572,0.36666666666666664,0.8333333333333334,60,0,207,terminal,607.0,0.0,212.0,76.12573195036647,True,0
nominal,desligado,1.0,0.25,centralizada,j607_1.sm,10,2.9220779220779223,0.3333333333333333,0.12615800714857578,0.4,0.8833333333333333,60,0,182,terminal,613.0,0.0,214.0,107.64465222627274,True,0
nominal,desligado,1.0,0.25,centralizada,j607_1.sm,11,2.5194805194805197,0.21666666666666667,0.03719596220826571,0.31666666666666665,0.7,60,0,128,terminal,573.0,0.0,129.0,55.036347044468435,True,0
nominal,desligado,1.0,0.25,adaptativa,j6010_1.sm,0,1.4352941176470588,0.06666666666666667,0.02358931983237935,0.16666666666666666,0.4666666666666667,60,104,0,terminal,382.0,80.0,32.0,37.04251869831918,True,0
nominal,desligado,1.0,0.25,adaptativa,j6010_1.sm,1,1.4470588235294117,0.016666666666666666,0.019164346803984114,0.16666666666666666,0.26666666666666666,60,111,0,terminal,359.0,93.0,39.0,32.92848936002933,True,0
nominal,desligado,1.0,0.25,adaptativa,j6010_1.sm,2,1.6235294117647059,0.08333333333333333,0.015292488690792444,0.35,0.5333333333333333,60,95,0,terminal,417.0,55.0,48.0,74.54486088017806,True,0
nominal,desligado,1.0,0.25,adaptativa,j6010_1.sm,3,1.7529411764705882,0.08333333333333333,0.015745913699355723,0.31666666666666665,0.48333333333333334,60,166,0,terminal,406.0,112.0,57.0,54.51975203000572,True,0
nominal,desligado,1.0,0.25,adaptativa,j6010_1.sm,4,1.8235294117647058,0.08333333333333333,0.02924501441974547,0.16666666666666666,0.43333333333333335,60,213,0,terminal,390.0,167.0,54.0,44.640551754387296,True,0
nominal,desligado,1.0,0.25,adaptativa,j6010_1.sm,5,1.4705882352941178,0.08333333333333333,0.020792356166047597,0.26666666666666666,0.31666666666666665,60,97,0,terminal,380.0,62.0,38.0,64.66210308352723,True,0
nominal,desligado,1.0,0.25,adaptativa,j6010_1.sm,6,1.588235294117647,0.06666666666666667,0.015479876160990712,0.26666666666666666,0.2833333333333333,60,75,0,terminal,431.0,32.0,44.0,58.86527249167487,True,0
nominal,desligado,1.0,0.25,adaptativa,j6010_1.sm,7,1.5647058823529412,0.1,0.020123839009287926,0.25,0.5333333333333333,60,105,0,terminal,386.0,76.0,35.0,55.80036494609203,True,0
nominal,desligado,1.0,0.25,adaptativa,j6010_1.sm,8,1.9176470588235295,0.11666666666666667,0.031180517037194048,0.36666666666666664,0.8,60,225,0,terminal,406.0,166.0,73.0,91.68585302257158,True,0
nominal,desligado,1.0,0.25,adaptativa,j6010_1.sm,9,1.5647058823529412,0.05,0.021066517776156552,0.25,0.36666666666666664,60,115,0,terminal,391.0,77.0,42.0,59.18216248146035,True,0
nominal,desligado,1.0,0.25,adaptativa,j6010_1.sm,10,1.7411764705882353,0.08333333333333333,0.02476780185758514,0.26666666666666666,0.36666666666666664,60,147,0,terminal,393.0,124.0,39.0,52.65411208827122,True,0
nominal,desligado,1.0,0.25,adaptativa,j6010_1.sm,11,1.4941176470588236,0.11666666666666667,0.02321981424148607,0.35,0.36666666666666664,60,82,0,terminal,385.0,60.0,28.0,77.40202120976369,True,0
nominal,desligado,1.0,0.25,adaptativa,j6013_1.sm,0,2.927536231884058,0.08333333333333333,0.02557877041306436,0.21666666666666667,0.6333333333333333,60,85,0,terminal,407.0,81.0,20.0,64.11337334683081,True,0
nominal,desligado,1.0,0.25,adaptativa,j6013_1.sm,1,3.2318840579710146,0.11666666666666667,0.03657087347568286,0.35,0.6,60,73,0,terminal,416.0,61.0,20.0,107.84219094545664,True,0
nominal,desligado,1.0,0.25,adaptativa,j6013_1.sm,2,3.4782608695652173,0.06666666666666667,0.02396985195916719,0.35,0.6833333333333333,60,33,0,terminal,494.0,24.0,9.0,102.43254563146037,True,0
nominal,desligado,1.0,0.25,adaptativa,j6013_1.sm,3,3.1159420289855073,0.03333333333333333,0.032167175227439684,0.23333333333333334,0.65,60,104,0,terminal,443.0,78.0,26.0,70.18959056640415,True,0
nominal,desligado,1.0,0.25,adaptativa,j6013_1.sm,4,3.8260869565217392,0.18333333333333332,0.06873804870312253,0.4,0.6833333333333333,60,124,0,terminal,468.0,95.0,29.0,149.2294263576973,True,0
nominal,desligado,1.0,0.25,adaptativa,j6013_1.sm,5,3.681159420289855,0.18333333333333332,0.03700316411433949,0.48333333333333334,0.7333333333333333,60,103,0,terminal,446.0,85.0,26.0,136.37689853921708,True,0
nominal,desligado,1.0,0.25,adaptativa,j6013_1.sm,6,3.289855072463768,0.11666666666666667,0.03172645619246738,0.35,0.5166666666666667,60,27,0,terminal,453.0,24.0,6.0,110.0690562327604,True,0
nominal,desligado,1.0,0.25,adaptativa,j6013_1.sm,7,3.260869565217391,0.1,0.024508862142359346,0.2833333333333333,0.6833333333333333,60,104,0,terminal,416.0,90.0,29.0,86.6175350401113,True,0
nominal,desligado,1.0,0.25,adaptativa,j6013_1.sm,8,3.550724637681159,0.03333333333333333,0.008823529411764706,0.43333333333333335,0.8166666666666667,60,156,0,terminal,437.0,132.0,41.0,132.86631288657077,True,0
nominal,desligado,1.0,0.25,adaptativa,j6013_1.sm,9,3.4347826086956523,0.11666666666666667,0.02557877041306436,0.4,0.6666666666666666,60,83,0,terminal,439.0,65.0,25.0,107.78275252812503,True,0
nominal,desligado,1.0,0.25,adaptativa,j6013_1.sm,10,3.463768115942029,0.1,0.02512841159518563,0.4,0.8833333333333333,60,139,0,terminal,436.0,130.0,32.0,116.57557933580934,True,0
nominal,desligado,1.0,0.25,adaptativa,j6013_1.sm,11,3.2028985507246377,0.13333333333333333,0.029587705818215793,0.38333333333333336,0.6666666666666666,60,32,0,terminal,435.0,24.0,10.0,99.03240807221701,True,0
nominal,desligado,1.0,0.25,adaptativa,j6016_1.sm,0,2.46875,0.08333333333333333,0.06532726788258197,0.2833333333333333,0.8,60,132,0,terminal,494.0,103.0,45.0,100.91106919777374,True,0
nominal,desligado,1.0,0.25,adaptativa,j6016_1.sm,1,2.171875,0.08333333333333333,0.07075819975066078,0.26666666666666666,0.5833333333333334,60,139,0,terminal,482.0,101.0,56.0,83.99144380182118,True,0
nominal,desligado,1.0,0.25,adaptativa,j6016_1.sm,2,2.359375,0.08333333333333333,0.03202795433009079,0.35,0.85,60,169,0,terminal,496.0,85.0,89.0,105.83533582211487,True,0
nominal,desligado,1.0,0.25,adaptativa,j6016_1.sm,3,2.484375,0.016666666666666666,0.00684931506849315,0.2833333333333333,0.7,60,185,0,terminal,496.0,106.0,87.0,92.9149672595224,True,0
nominal,desligado,1.0,0.25,adaptativa,j6016_1.sm,4,2.3125,0.15,0.01780821917808219,0.3333333333333333,0.7166666666666667,60,132,0,terminal,516.0,98.0,50.0,87.23913991434327,True,0
nominal,desligado,1.0,0.25,adaptativa,j6016_1.sm,5,2.5625,0.11666666666666667,0.029567645592979756,0.4666666666666667,0.75,60,155,0,terminal,501.0,102.0,55.0,134.54693858425878,True,0
nominal,desligado,1.0,0.25,adaptativa,j6016_1.sm,6,2.0625,0.08333333333333333,0.04317166039247584,0.3333333333333333,0.6166666666666667,60,71,0,terminal,511.0,36.0,39.0,105.86053673277902,True,0
nominal,desligado,1.0,0.25,adaptativa,j6016_1.sm,7,2.515625,0.11666666666666667,0.027449482793462467,0.43333333333333335,0.85,60,153,0,terminal,517.0,113.0,56.0,146.6491239042224,True,0
nominal,desligado,1.0,0.25,adaptativa,j6016_1.sm,8,2.578125,0.06666666666666667,0.02855879400239546,0.4166666666666667,0.9333333333333333,60,170,0,terminal,543.0,141.0,48.0,138.2289627605976,True,0
nominal,desligado,1.0,0.25,adaptativa,j6016_1.sm,9,2.28125,0.1,0.024657534246575342,0.4,0.6666666666666666,60,140,0,terminal,519.0,100.0,50.0,118.54948763339205,True,0
nominal,desligado,1.0,0.25,adaptativa,j6016_1.sm,10,2.75,0.11666666666666667,0.025405286309369415,0.4,0.8,60,198,0,terminal,522.0,147.0,63.0,130.88875678031178,True,0
nominal,desligado,1.0,0.25,adaptativa,j6016_1.sm,11,2.28125,0.13333333333333333,0.02744948279346246,0.4166666666666667,0.7166666666666667,60,88,0,terminal,503.0,61.0,37.0,126.53987353580905,True,0
nominal,desligado,1.0,0.25,adaptativa,j6019_1.sm,0,2.1451612903225805,0.03333333333333333,0.01636904761904762,0.16666666666666666,0.4666666666666667,60,139,0,terminal,406.0,109.0,44.0,27.51036920936118,True,0
nominal,desligado,1.0,0.25,adaptativa,j6019_1.sm,1,2.2580645161290325,0.08333333333333333,0.03541439547080172,0.25,0.4666666666666667,60,71,0,terminal,452.0,51.0,32.0,70.93626642441521,True,0
nominal,desligado,1.0,0.25,adaptativa,j6019_1.sm,2,2.2903225806451615,0.11666666666666667,0.04138279386623972,0.38333333333333336,0.55,60,111,0,terminal,452.0,54.0,58.0,97.57466140211459,True,0
nominal,desligado,1.0,0.25,adaptativa,j6019_1.sm,3,2.274193548387097,0.05,0.03429485396185459,0.18333333333333332,0.43333333333333335,60,160,0,terminal,431.0,108.0,58.0,46.34615041604883,True,0
nominal,desligado,1.0,0.25,adaptativa,j6019_1.sm,4,2.0806451612903225,0.08333333333333333,0.01261794007184093,0.2,0.45,60,100,0,terminal,473.0,65.0,36.0,42.63698016622096,True,0
nominal,desligado,1.0,0.25,adaptativa,j6019_1.sm,5,2.306451612903226,0.11666666666666667,0.026423887412525455,0.38333333333333336,0.7333333333333333,60,107,0,terminal,475.0,91.0,39.0,108.4217245486131,True,0
nominal,desligado,1.0,0.25,adaptativa,j6019_1.sm,6,2.1451612903225805,0.05,0.013392857142857142,0.31666666666666665,0.43333333333333335,60,114,0,terminal,468.0,43.0,73.0,71.25399663057573,True,0
nominal,desligado,1.0,0.25,adaptativa,j6019_1.sm,7,2.2096774193548385,0.06666666666666667,0.01488095238095238,0.3333333333333333,0.6333333333333333,60,104,0,terminal,457.0,80.0,34.0,101.69946884824424,True,0
nominal,desligado,1.0,0.25,adaptativa,j6019_1.sm,8,2.532258064516129,0.15,0.06719543196107618,0.5333333333333333,0.8666666666666667,60,146,0,terminal,492.0,126.0,41.0,144.78386742741202,True,0
nominal,desligado,1.0,0.25,adaptativa,j6019_1.sm,9,2.338709677419355,0.11666666666666667,0.028273809523809524,0.38333333333333336,0.5833333333333334,60,101,0,terminal,467.0,69.0,44.0,106.57550301000776,True,0
nominal,desligado,1.0,0.25,adaptativa,j6019_1.sm,10,2.306451612903226,0.08333333333333333,0.019345238095238096,0.31666666666666665,0.65,60,133,0,terminal,449.0,104.0,42.0,81.02844735705929,True,0
nominal,desligado,1.0,0.25,adaptativa,j6019_1.sm,11,2.032258064516129,0.08333333333333333,0.01934660324005752,0.31666666666666665,0.5333333333333333,60,97,0,terminal,410.0,64.0,36.0,72.1068079063758,True,0
nominal,desligado,1.0,0.25,adaptativa,j6021_1.sm,0,2.6710526315789473,0.06666666666666667,0.03189388550393999,0.31666666666666665,0.5,60,102,0,terminal,418.0,81.0,28.0,72.45427723449154,True,0
nominal,desligado,1.0,0.25,adaptativa,j6021_1.sm,1,2.973684210526316,0.03333333333333333,0.010542168674698794,0.3,0.4,60,74,0,terminal,405.0,63.0,27.0,90.09233310279167,True,0
nominal,desligado,1.0,0.25,adaptativa,j6021_1.sm,2,2.3026315789473686,0.03333333333333333,0.03521602156517454,0.23333333333333334,0.43333333333333335,60,73,0,terminal,393.0,50.0,27.0,61.50865889829609,True,0
nominal,desligado,1.0,0.25,adaptativa,j6021_1.sm,3,2.736842105263158,0.05,0.03521602156517454,0.25,0.5166666666666667,60,115,0,terminal,431.0,81.0,34.0,75.18605275234447,True,0
nominal,desligado,1.0,0.25,adaptativa,j6021_1.sm,4,2.776315789473684,0.1,0.04651110765350428,0.25,0.43333333333333335,60,58,0,terminal,442.0,43.0,19.0,85.28686393552442,True,0
nominal,desligado,1.0,0.25,adaptativa,j6021_1.sm,5,2.763157894736842,0.03333333333333333,0.00856371577709901,0.2,0.48333333333333334,60,76,0,terminal,405.0,65.0,22.0,45.23408414441905,True,0
nominal,desligado,1.0,0.25,adaptativa,j6021_1.sm,6,2.289473684210526,0.1,0.01355421686746988,0.3,0.26666666666666666,60,31,0,terminal,421.0,23.0,13.0,59.64351242404266,True,0
nominal,desligado,1.0,0.25,adaptativa,j6021_1.sm,7,2.8684210526315788,0.05,0.012962556419254487,0.23333333333333334,0.5833333333333334,60,117,0,terminal,386.0,100.0,31.0,61.94837685655626,True,0
nominal,desligado,1.0,0.25,adaptativa,j6021_1.sm,8,3.539473684210526,0.016666666666666666,0.015060240963855422,0.3333333333333333,0.7666666666666667,60,214,0,terminal,410.0,181.0,51.0,105.65110614755275,True,0
nominal,desligado,1.0,0.25,adaptativa,j6021_1.sm,9,2.460526315789474,0.1,0.05570945433674026,0.31666666666666665,0.48333333333333334,60,95,0,terminal,416.0,74.0,27.0,79.24763634126737,True,0
nominal,desligado,1.0,0.25,adaptativa,j6021_1.sm,10,3.1052631578947367,0.05,0.028055485511692596,0.23333333333333334,0.55,60,182,0,terminal,396.0,154.0,45.0,76.08595967822306,True,0
nominal,desligado,1.0,0.25,adaptativa,j6021_1.sm,11,2.8947368421052633,0.06666666666666667,0.022590361445783132,0.31666666666666665,0.45,60,23,0,terminal,437.0,16.0,7.0,104.00227622945893,True,0
nominal,desligado,1.0,0.25,adaptativa,j6024_1.sm,0,1.523076923076923,0.03333333333333333,0.01232394366197183,0.13333333333333333,0.23333333333333334,60,115,0,terminal,330.0,82.0,41.0,21.29960510480818,True,0
nominal,desligado,1.0,0.25,adaptativa,j6024_1.sm,1,1.523076923076923,0.016666666666666666,0.007042253521126761,0.11666666666666667,0.15,60,74,0,terminal,341.0,60.0,29.0,18.625854748773435,True,0
nominal,desligado,1.0,0.25,adaptativa,j6024_1.sm,2,1.7538461538461538,0.05,0.01232394366197183,0.2833333333333333,0.38333333333333336,60,133,0,terminal,357.0,82.0,54.0,61.45559963126888,True,0
nominal,desligado,1.0,0.25,adaptativa,j6024_1.sm,3,1.6615384615384616,0.08333333333333333,0.04172729882906988,0.21666666666666667,0.23333333333333334,60,144,0,terminal,362.0,77.0,67.0,46.097537333411466,True,0
nominal,desligado,1.0,0.25,adaptativa,j6024_1.sm,4,1.676923076923077,0.05,0.01936619718309859,0.15,0.2,60,127,0,terminal,359.0,77.0,50.0,25.5,True,0
nominal,desligado,1.0,0.25,adaptativa,j6024_1.sm,5,1.8307692307692307,0.03333333333333333,0.01584507042253521,0.18333333333333332,0.3333333333333333,60,141,0,terminal,337.0,94.0,53.0,45.05472106485081,True,0
nominal,desligado,1.0,0.25,adaptativa,j6024_1.sm,6,1.7076923076923076,0.016666666666666666,0.01056338028169014,0.16666666666666666,0.18333333333333332,60,89,0,terminal,368.0,43.0,48.0,39.94533280811815,True,0
nominal,desligado,1.0,0.25,adaptativa,j6024_1.sm,7,1.7692307692307692,0.016666666666666666,0.017605633802816902,0.2,0.4166666666666667,60,139,0,terminal,338.0,101.0,45.0,43.39334979895081,True,0
nominal,desligado,1.0,0.25,adaptativa,j6024_1.sm,8,2.1846153846153844,0.05,0.034010021166075086,0.23333333333333334,0.6333333333333333,60,255,0,terminal,367.0,188.0,87.0,74.88275039846336,True,0
nominal,desligado,1.0,0.25,adaptativa,j6024_1.sm,9,1.6615384615384616,0.1,0.02984653329634746,0.23333333333333334,0.26666666666666666,60,137,0,terminal,336.0,101.0,45.0,48.64357752343787,True,0
nominal,desligado,1.0,0.25,adaptativa,j6024_1.sm,10,1.7384615384615385,0.06666666666666667,0.0321597957034847,0.21666666666666667,0.3333333333333333,60,171,0,terminal,336.0,137.0,54.0,45.25191570753372,True,0
nominal,desligado,1.0,0.25,adaptativa,j6024_1.sm,11,1.8461538461538463,0.06666666666666667,0.01936619718309859,0.3333333333333333,0.26666666666666666,60,101,0,terminal,340.0,64.0,41.0,64.78123927844071,True,0
nominal,desligado,1.0,0.25,adaptativa,j6027_1.sm,0,1.5,0.05,0.010115606936416185,0.21666666666666667,0.35,60,218,0,terminal,365.0,195.0,61.0,26.75075613094347,True,0
nominal,desligado,1.0,0.25,adaptativa,j6027_1.sm,1,1.375,0.03333333333333333,0.010115606936416185,0.23333333333333334,0.3,60,131,0,terminal,387.0,110.0,37.0,45.248989453365525,True,0
nominal,desligado,1.0,0.25,adaptativa,j6027_1.sm,2,1.5416666666666667,0.03333333333333333,0.015945361107893564,0.21666666666666667,0.3333333333333333,60,109,0,terminal,447.0,65.0,45.0,44.78626753548918,True,0
nominal,desligado,1.0,0.25,adaptativa,j6027_1.sm,3,1.5,0.016666666666666666,0.001445086705202312,0.2,0.35,60,209,0,terminal,385.0,153.0,62.0,32.950710598789726,True,0
nominal,desligado,1.0,0.25,adaptativa,j6027_1.sm,4,1.5208333333333333,0.11666666666666667,0.03468208092485549,0.2,0.36666666666666664,60,157,0,terminal,393.0,130.0,48.0,50.3802608356435,True,0
nominal,desligado,1.0,0.25,adaptativa,j6027_1.sm,5,1.4166666666666667,0.06666666666666667,0.014840846011773887,0.3,0.38333333333333336,60,174,0,terminal,385.0,133.0,55.0,65.44597908852151,True,0
nominal,desligado,1.0,0.25,adaptativa,j6027_1.sm,6,1.6041666666666667,0.1,0.023441226158909905,0.25,0.2,60,119,0,terminal,426.0,80.0,44.0,63.66878852618607,True,0
nominal,desligado,1.0,0.25,adaptativa,j6027_1.sm,7,1.5625,0.13333333333333333,0.02601156069364162,0.31666666666666665,0.4166666666666667,60,209,0,terminal,377.0,180.0,64.0,68.87623588620984,True,0
nominal,desligado,1.0,0.25,adaptativa,j6027_1.sm,8,1.9375,0.1,0.01603274494025082,0.43333333333333335,0.8166666666666667,60,301,0,terminal,446.0,230.0,85.0,111.01190099752803,True,0
nominal,desligado,1.0,0.25,adaptativa,j6027_1.sm,9,1.6666666666666667,0.11666666666666667,0.02463996205243753,0.31666666666666665,0.4166666666666667,60,186,0,terminal,433.0,128.0,62.0,75.03983752116865,True,0
nominal,desligado,1.0,0.25,adaptativa,j6027_1.sm,10,1.6458333333333333,0.1,0.02079267789641138,0.38333333333333336,0.43333333333333335,60,215,0,terminal,385.0,188.0,62.0,75.2419945536184,True,0
nominal,desligado,1.0,0.25,adaptativa,j6027_1.sm,11,1.5208333333333333,0.08333333333333333,0.014450867052023121,0.3333333333333333,0.36666666666666664,60,59,0,terminal,434.0,43.0,26.0,77.99151000558066,True,0
nominal,desligado,1.0,0.25,adaptativa,j602_1.sm,0,1.7692307692307692,0.05,0.021804555757810096,0.21666666666666667,0.4,60,121,0,terminal,399.0,85.0,52.0,47.453818269705856,True,0
nominal,desligado,1.0,0.25,adaptativa,j602_1.sm,1,1.876923076923077,0.08333333333333333,0.02328951883390419,0.31666666666666665,0.36666666666666664,60,85,0,terminal,416.0,60.0,42.0,79.14778218773512,True,0
nominal,desligado,1.0,0.25,adaptativa,j602_1.sm,2,1.9692307692307693,0.05,0.024691358024691357,0.4,0.6,60,85,0,terminal,444.0,53.0,37.0,97.6371441378329,True,0
nominal,desligado,1.0,0.25,adaptativa,j602_1.sm,3,1.9230769230769231,0.06666666666666667,0.020171367449555666,0.3,0.6333333333333333,60,171,0,terminal,414.0,115.0,66.0,64.98236162406738,True,0
nominal,desligado,1.0,0.25,adaptativa,j602_1.sm,4,1.9846153846153847,0.06666666666666667,0.022606039923699105,0.23333333333333334,0.6166666666666667,60,138,0,terminal,438.0,86.0,62.0,54.75690517190893,True,0
nominal,desligado,1.0,0.25,adaptativa,j602_1.sm,5,1.8461538461538463,0.06666666666666667,0.02947454369871199,0.38333333333333336,0.45,60,122,0,terminal,413.0,58.0,69.0,81.5414543159638,True,0
nominal,desligado,1.0,0.25,adaptativa,j602_1.sm,6,1.8461538461538463,0.08333333333333333,0.027564875391646856,0.26666666666666666,0.4666666666666667,60,73,0,terminal,438.0,51.0,25.0,63.19157349099623,True,0
nominal,desligado,1.0,0.25,adaptativa,j602_1.sm,7,1.9538461538461538,0.06666666666666667,0.029320987654320986,0.31666666666666665,0.5833333333333334,60,120,0,terminal,406.0,93.0,39.0,67.37820778521106,True,0
nominal,desligado,1.0,0.25,adaptativa,j602_1.sm,8,2.1538461538461537,0.06666666666666667,0.016518809280182515,0.45,0.8666666666666667,60,174,0,terminal,447.0,138.0,58.0,104.21075638618348,True,0
nominal,desligado,1.0,0.25,adaptativa,j602_1.sm,9,1.9230769230769231,0.06666666666666667,0.015432098765432098,0.26666666666666666,0.5666666666666667,60,139,0,terminal,431.0,100.0,50.0,63.568090405689105,True,0
nominal,desligado,1.0,0.25,adaptativa,j602_1.sm,10,2.0307692307692307,0.1,0.04838005400706614,0.3,0.5833333333333334,60,137,0,terminal,439.0,105.0,48.0,81.30150300770704,True,0
nominal,desligado,1.0,0.25,adaptativa,j602_1.sm,11,2.0615384615384613,0.11666666666666667,0.030556541659304267,0.43333333333333335,0.45,60,83,0,terminal,445.0,54.0,35.0,89.40021480332595,True,0
nominal,desligado,1.0,0.25,adaptativa,j6032_1.sm,0,1.6521739130434783,0.03333333333333333,0.010385756676557863,0.18333333333333332,0.31666666666666665,60,106,0,terminal,437.0,74.0,40.0,31.74468167282344,True,0
nominal,desligado,1.0,0.25,adaptativa,j6032_1.sm,1,1.8985507246376812,0.06666666666666667,0.010385756676557863,0.3333333333333333,0.43333333333333335,60,134,0,terminal,425.0,90.0,57.0,72.54175110323301,True,0
nominal,desligado,1.0,0.25,adaptativa,j6032_1.sm,2,1.7681159420289856,0.0,0.0,0.18333333333333332,0.5333333333333333,60,139,0,terminal,451.0,63.0,76.0,49.529980200536414,True,0
nominal,desligado,1.0,0.25,adaptativa,j6032_1.sm,3,2.028985507246377,0.03333333333333333,0.017651325230023118,0.23333333333333334,0.45,60,155,0,terminal,461.0,92.0,63.0,59.744726885572774,True,0
nominal,desligado,1.0,0.25,adaptativa,j6032_1.sm,4,1.8115942028985508,0.05,0.030473959470620777,0.18333333333333332,0.35,60,148,3,terminal,450.0,92.0,59.0,51.48799341962871,True,0
nominal,desligado,1.0,0.25,adaptativa,j6032_1.sm,5,1.7971014492753623,0.11666666666666667,0.027204838022811036,0.35,0.38333333333333336,60,124,0,terminal,419.0,69.0,60.0,90.77784878841625,True,0
nominal,desligado,1.0,0.25,adaptativa,j6032_1.sm,6,1.7536231884057971,0.08333333333333333,0.017804154302670624,0.3,0.35,60,83,0,terminal,464.0,32.0,51.0,58.58200585634955,True,0
nominal,desligado,1.0,0.25,adaptativa,j6032_1.sm,7,1.8695652173913044,0.05,0.013353115727002967,0.23333333333333334,0.48333333333333334,60,138,0,terminal,424.0,98.0,53.0,45.970390837150816,True,0
nominal,desligado,1.0,0.25,adaptativa,j6032_1.sm,8,2.36231884057971,0.08333333333333333,0.028283272070601096,0.35,0.7333333333333333,60,274,0,terminal,446.0,211.0,83.0,92.29520197973953,True,0
nominal,desligado,1.0,0.25,adaptativa,j6032_1.sm,9,1.9420289855072463,0.1,0.037581001676545406,0.3333333333333333,0.4166666666666667,60,135,0,terminal,455.0,94.0,50.0,80.86461360646126,True,0
nominal,desligado,1.0,0.25,adaptativa,j6032_1.sm,10,2.246376811594203,0.16666666666666666,0.02246267636013594,0.3333333333333333,0.5833333333333334,60,207,0,terminal,453.0,151.0,70.0,93.12263575637252,True,0
nominal,desligado,1.0,0.25,adaptativa,j6032_1.sm,11,1.7391304347826086,0.11666666666666667,0.02350344127028046,0.35,0.43333333333333335,60,78,0,terminal,460.0,42.0,36.0,76.16343702204053,True,0
nominal,desligado,1.0,0.25,adaptativa,j6035_1.sm,0,1.8205128205128205,0.16666666666666666,0.02728954250042831,0.3,0.5666666666666667,60,125,0,terminal,451.0,96.0,48.0,82.03588931421683,True,0
nominal,desligado,1.0,0.25,adaptativa,j6035_1.sm,1,1.7564102564102564,0.06666666666666667,0.015580736543909348,0.31666666666666665,0.43333333333333335,60,113,0,terminal,436.0,85.0,41.0,57.698351042559494,True,0
nominal,desligado,1.0,0.25,adaptativa,j6035_1.sm,2,1.9615384615384615,0.06666666666666667,0.023195750165308622,0.3333333333333333,0.5333333333333333,60,154,0,terminal,442.0,101.0,57.0,75.20109624846444,True,0
nominal,desligado,1.0,0.25,adaptativa,j6035_1.sm,3,1.9743589743589745,0.1,0.039959197883350846,0.25,0.5666666666666667,60,180,0,terminal,451.0,126.0,60.0,66.86544581843866,True,0
nominal,desligado,1.0,0.25,adaptativa,j6035_1.sm,4,1.6666666666666667,0.08333333333333333,0.0252913906161509,0.26666666666666666,0.45,60,126,0,terminal,459.0,93.0,47.0,56.424011529449906,True,0
nominal,desligado,1.0,0.25,adaptativa,j6035_1.sm,5,1.8461538461538463,0.11666666666666667,0.017079781932402185,0.31666666666666665,0.55,60,141,0,terminal,440.0,105.0,49.0,72.45789051875995,True,0
nominal,desligado,1.0,0.25,adaptativa,j6035_1.sm,6,1.6282051282051282,0.08333333333333333,0.021246458923512748,0.18333333333333332,0.43333333333333335,60,112,0,terminal,433.0,68.0,55.0,42.09961693935069,True,0
nominal,desligado,1.0,0.25,adaptativa,j6035_1.sm,7,1.5897435897435896,0.06666666666666667,0.02052889096491908,0.18333333333333332,0.5166666666666667,60,183,0,terminal,404.0,140.0,68.0,31.97005312486814,True,0
nominal,desligado,1.0,0.25,adaptativa,j6035_1.sm,8,2.141025641025641,0.03333333333333333,0.014164305949008499,0.3,0.7166666666666667,60,225,0,terminal,449.0,168.0,72.0,102.22190183089154,True,0
nominal,desligado,1.0,0.25,adaptativa,j6035_1.sm,9,1.705128205128205,0.05,0.02172243640342268,0.21666666666666667,0.6166666666666667,60,147,0,terminal,436.0,110.0,60.0,48.5573365523105,True,0
nominal,desligado,1.0,0.25,adaptativa,j6035_1.sm,10,2.282051282051282,0.1,0.015099209662839558,0.43333333333333335,0.75,60,185,0,terminal,492.0,148.0,59.0,110.98212916534291,True,0
nominal,desligado,1.0,0.25,adaptativa,j6035_1.sm,11,1.8717948717948718,0.08333333333333333,0.0169971671388102,0.48333333333333334,0.6,60,130,0,terminal,461.0,96.0,46.0,107.09964627940995,True,0
nominal,desligado,1.0,0.25,adaptativa,j6038_1.sm,0,2.0821917808219177,0.05,0.02625487735573081,0.18333333333333332,0.38333333333333336,60,128,0,terminal,412.0,110.0,32.0,46.35688667895703,True,0
nominal,desligado,1.0,0.25,adaptativa,j6038_1.sm,1,1.7808219178082192,0.03333333333333333,0.026273733053832994,0.26666666666666666,0.43333333333333335,60,102,0,terminal,432.0,68.0,47.0,66.57901102438291,True,0
nominal,desligado,1.0,0.25,adaptativa,j6038_1.sm,2,1.8904109589041096,0.13333333333333333,0.04583064292813167,0.43333333333333335,0.6166666666666667,60,76,0,terminal,475.0,57.0,21.0,111.18215256641764,True,0
nominal,desligado,1.0,0.25,adaptativa,j6038_1.sm,3,1.7123287671232876,0.0,0.0,0.15,0.31666666666666665,60,80,0,terminal,437.0,57.0,29.0,34.95264229092214,True,0
nominal,desligado,1.0,0.25,adaptativa,j6038_1.sm,4,1.9589041095890412,0.11666666666666667,0.042648452637923565,0.25,0.45,60,107,0,terminal,449.0,75.0,42.0,69.91961645004433,True,0
nominal,desligado,1.0,0.25,adaptativa,j6038_1.sm,5,1.917808219178082,0.06666666666666667,0.026793355059164775,0.3,0.4,60,122,0,terminal,428.0,86.0,42.0,69.38999787387753,True,0
nominal,desligado,1.0,0.25,adaptativa,j6038_1.sm,6,1.7397260273972603,0.06666666666666667,0.02716474071344267,0.31666666666666665,0.3,60,67,0,terminal,465.0,52.0,21.0,79.43284417845976,True,0
nominal,desligado,1.0,0.25,adaptativa,j6038_1.sm,7,1.7397260273972603,0.08333333333333333,0.026392961876832845,0.23333333333333334,0.45,60,151,0,terminal,388.0,121.0,59.0,53.641037476493544,True,0
nominal,desligado,1.0,0.25,adaptativa,j6038_1.sm,8,2.3835616438356166,0.06666666666666667,0.025714265531728186,0.36666666666666664,0.8166666666666667,60,230,0,terminal,468.0,172.0,74.0,122.94560754448389,True,0
nominal,desligado,1.0,0.25,adaptativa,j6038_1.sm,9,1.8082191780821917,0.06666666666666667,0.020614927804442917,0.21666666666666667,0.45,60,124,0,terminal,441.0,85.0,48.0,50.218411975046564,True,0
nominal,desligado,1.0,0.25,adaptativa,j6038_1.sm,10,1.9315068493150684,0.08333333333333333,0.027575375190061868,0.3333333333333333,0.7166666666666667,60,146,0,terminal,479.0,100.0,58.0,82.24914348774642,True,0
nominal,desligado,1.0,0.25,adaptativa,j6038_1.sm,11,1.917808219178082,0.08333333333333333,0.026392961876832845,0.26666666666666666,0.36666666666666664,60,47,0,terminal,444.0,33.0,17.0,73.11465697130572,True,0
nominal,desligado,1.0,0.25,adaptativa,j6040_1.sm,0,1.627906976744186,0.016666666666666666,0.010666666666666666,0.18333333333333332,0.5166666666666667,60,204,0,terminal,452.0,153.0,59.0,50.153356563047126,True,0
nominal,desligado,1.0,0.25,adaptativa,j6040_1.sm,1,1.6627906976744187,0.05,0.020631211098876237,0.2833333333333333,0.43333333333333335,60,160,0,terminal,441.0,127.0,53.0,63.61830991379739,True,0
nominal,desligado,1.0,0.25,adaptativa,j6040_1.sm,2,1.6627906976744187,0.016666666666666666,0.02319324491260851,0.25,0.48333333333333334,60,160,0,terminal,478.0,92.0,69.0,68.65613827786285,True,0
nominal,desligado,1.0,0.25,adaptativa,j6040_1.sm,3,1.686046511627907,0.1,0.027944633622053856,0.25,0.65,60,213,0,terminal,442.0,148.0,69.0,59.28078936543417,True,0
nominal,desligado,1.0,0.25,adaptativa,j6040_1.sm,4,1.7906976744186047,0.1,0.03237053671902441,0.3,0.45,60,192,0,terminal,465.0,128.0,68.0,82.11016187464222,True,0
nominal,desligado,1.0,0.25,adaptativa,j6040_1.sm,5,1.7209302325581395,0.05,0.009333333333333334,0.3333333333333333,0.48333333333333334,60,155,0,terminal,449.0,102.0,65.0,85.52722112415707,True,0
nominal,desligado,1.0,0.25,adaptativa,j6040_1.sm,6,1.6395348837209303,0.08333333333333333,0.026137255464536012,0.3,0.45,60,85,0,terminal,515.0,43.0,42.0,83.76149203070509,True,0
nominal,desligado,1.0,0.25,adaptativa,j6040_1.sm,7,1.697674418604651,0.1,0.017996836839392145,0.23333333333333334,0.5666666666666667,60,189,0,terminal,438.0,142.0,66.0,69.89891165542566,True,0
nominal,desligado,1.0,0.25,adaptativa,j6040_1.sm,8,2.0697674418604652,0.06666666666666667,0.02565168989717556,0.4666666666666667,0.7833333333333333,60,210,0,terminal,505.0,157.0,74.0,140.3303606066118,True,0
nominal,desligado,1.0,0.25,adaptativa,j6040_1.sm,9,1.813953488372093,0.06666666666666667,0.022542585359517024,0.2833333333333333,0.5666666666666667,60,219,0,terminal,467.0,150.0,80.0,91.8856480114668,True,0
nominal,desligado,1.0,0.25,adaptativa,j6040_1.sm,10,1.930232558139535,0.08333333333333333,0.018666666666666668,0.3333333333333333,0.65,60,205,0,terminal,455.0,153.0,66.0,81.6571543372699,True,0
nominal,desligado,1.0,0.25,adaptativa,j6040_1.sm,11,1.569767441860465,0.06666666666666667,0.021393316949952015,0.3,0.4666666666666667,60,149,0,terminal,448.0,104.0,48.0,67.84445095683907,True,0
nominal,desligado,1.0,0.25,adaptativa,j6043_1.sm,0,1.7685185185185186,0.05,0.020594804985097033,0.25,0.31666666666666665,60,270,0,terminal,394.0,229.0,72.0,53.90301745994712,True,0
nominal,desligado,1.0,0.25,adaptativa,j6043_1.sm,1,1.3796296296296295,0.08333333333333333,0.017964071856287425,0.36666666666666664,0.4166666666666667,60,183,0,terminal,375.0,152.0,46.0,71.20290793933474,True,0
nominal,desligado,1.0,0.25,adaptativa,j6043_1.sm,2,1.5648148148148149,0.08333333333333333,0.018313312445540606,0.36666666666666664,0.3333333333333333,60,178,0,terminal,396.0,126.0,53.0,80.25361986203313,True,0
nominal,desligado,1.0,0.25,adaptativa,j6043_1.sm,3,1.4537037037037037,0.03333333333333333,0.0074850299401197605,0.2,0.38333333333333336,60,246,1,terminal,370.0,187.0,60.0,37.53606153759509,True,0
nominal,desligado,1.0,0.25,adaptativa,j6043_1.sm,4,1.462962962962963,0.11666666666666667,0.02245508982035928,0.25,0.3,60,236,0,terminal,391.0,180.0,60.0,49.9658641928236,True,0
nominal,desligado,1.0,0.25,adaptativa,j6043_1.sm,5,1.3518518518518519,0.06666666666666667,0.014970059880239521,0.23333333333333334,0.36666666666666664,60,200,0,terminal,356.0,161.0,58.0,49.0,True,0
nominal,desligado,1.0,0.25,adaptativa,j6043_1.sm,6,1.3611111111111112,0.08333333333333333,0.016467065868263474,0.2833333333333333,0.23333333333333334,60,92,0,terminal,401.0,64.0,36.0,62.57630714843526,True,0
nominal,desligado,1.0,0.25,adaptativa,j6043_1.sm,7,1.6203703703703705,0.08333333333333333,0.03913703716932595,0.25,0.45,60,295,0,terminal,367.0,244.0,71.0,69.00161514250468,True,0
nominal,desligado,1.0,0.25,adaptativa,j6043_1.sm,8,1.7685185185185186,0.08333333333333333,0.016467065868263474,0.2833333333333333,0.75,60,302,0,terminal,403.0,242.0,78.0,60.5696061070214,True,0
nominal,desligado,1.0,0.25,adaptativa,j6043_1.sm,9,1.4074074074074074,0.08333333333333333,0.020958083832335328,0.2833333333333333,0.45,60,166,0,terminal,402.0,123.0,46.0,66.7702567746992,True,0
nominal,desligado,1.0,0.25,adaptativa,j6043_1.sm,10,1.6481481481481481,0.06666666666666667,0.011976047904191617,0.25,0.45,60,264,0,terminal,380.0,222.0,66.0,59.17879946662006,True,0
nominal,desligado,1.0,0.25,adaptativa,j6043_1.sm,11,1.3611111111111112,0.06666666666666667,0.023952095808383235,0.3,0.26666666666666666,60,116,0,terminal,374.0,93.0,35.0,57.77781491526298,True,0
nominal,desligado,1.0,0.25,adaptativa,j6046_1.sm,0,1.935897435897436,0.05,0.01409897310696807,0.25,0.6666666666666666,60,199,0,terminal,364.0,166.0,55.0,54.15445134765356,True,0
nominal,desligado,1.0,0.25,adaptativa,j6046_1.sm,1,1.858974358974359,0.08333333333333333,0.0203125,0.3,0.65,60,129,0,terminal,374.0,109.0,35.0,59.36766841319729,True,0
nominal,desligado,1.0,0.25,adaptativa,j6046_1.sm,2,2.1794871794871793,0.06666666666666667,0.025949569287833096,0.4,0.65,60,149,0,terminal,400.0,106.0,49.0,89.57698836028803,True,0
nominal,desligado,1.0,0.25,adaptativa,j6046_1.sm,3,1.9743589743589745,0.1,0.053398735672689754,0.26666666666666666,0.6,60,210,0,terminal,394.0,154.0,57.0,73.66124650599023,True,0
nominal,desligado,1.0,0.25,adaptativa,j6046_1.sm,4,1.794871794871795,0.08333333333333333,0.03798924947797563,0.23333333333333334,0.55,60,147,0,terminal,367.0,115.0,45.0,57.00937757376052,True,0
nominal,desligado,1.0,0.25,adaptativa,j6046_1.sm,5,1.9230769230769231,0.05,0.019690507969580846,0.4,0.7,60,143,0,terminal,386.0,116.0,45.0,77.30966243854886,True,0
nominal,desligado,1.0,0.25,adaptativa,j6046_1.sm,6,1.8717948717948718,0.06666666666666667,0.03069283273776069,0.2833333333333333,0.45,60,114,0,terminal,384.0,92.0,29.0,64.86517556676944,True,0
nominal,desligado,1.0,0.25,adaptativa,j6046_1.sm,7,1.8461538461538463,0.08333333333333333,0.04458596989187459,0.2,0.6,60,190,0,terminal,371.0,147.0,54.0,59.067234371148125,True,0
nominal,desligado,1.0,0.25,adaptativa,j6046_1.sm,8,2.3076923076923075,0.13333333333333333,0.035427875133707716,0.36666666666666664,0.8166666666666667,60,221,0,terminal,422.0,178.0,64.0,93.77716431627461,True,0
nominal,desligado,1.0,0.25,adaptativa,j6046_1.sm,9,2.1794871794871793,0.11666666666666667,0.07641257234576511,0.31666666666666665,0.7,60,170,0,terminal,420.0,133.0,54.0,116.53050907459382,True,0
nominal,desligado,1.0,0.25,adaptativa,j6046_1.sm,10,2.2564102564102564,0.05,0.025489621357076452,0.31666666666666665,0.7833333333333333,60,184,0,terminal,409.0,163.0,49.0,84.58065951559627,True,0
nominal,desligado,1.0,0.25,adaptativa,j6046_1.sm,11,1.935897435897436,0.11666666666666667,0.04596608539519827,0.4166666666666667,0.5,60,116,0,terminal,408.0,88.0,34.0,105.17488788500415,True,0
nominal,desligado,1.0,0.25,adaptativa,j604_1.sm,0,1.6785714285714286,0.08333333333333333,0.03923833845414518,0.23333333333333334,0.48333333333333334,60,111,0,terminal,500.0,79.0,44.0,66.08193237475842,True,0
nominal,desligado,1.0,0.25,adaptativa,j604_1.sm,1,1.5238095238095237,0.06666666666666667,0.02039274264204097,0.21666666666666667,0.43333333333333335,60,128,0,terminal,461.0,87.0,57.0,61.878186522486075,True,0
nominal,desligado,1.0,0.25,adaptativa,j604_1.sm,2,1.8571428571428572,0.06666666666666667,0.01963350785340314,0.2833333333333333,0.5666666666666667,60,179,0,terminal,500.0,99.0,86.0,66.831298765647,True,0
nominal,desligado,1.0,0.25,adaptativa,j604_1.sm,3,1.6785714285714286,0.1,0.020486693952719303,0.26666666666666666,0.5666666666666667,60,169,0,terminal,507.0,114.0,61.0,66.60086697563257,True,0
nominal,desligado,1.0,0.25,adaptativa,j604_1.sm,4,1.8928571428571428,0.05,0.020233315086020436,0.2,0.35,60,210,0,terminal,511.0,142.0,80.0,46.74899433485889,True,0
nominal,desligado,1.0,0.25,adaptativa,j604_1.sm,5,1.7261904761904763,0.13333333333333333,0.02279349245797626,0.43333333333333335,0.6833333333333333,60,118,0,terminal,528.0,65.0,66.0,123.09038320335819,True,0
nominal,desligado,1.0,0.25,adaptativa,j604_1.sm,6,1.7261904761904763,0.03333333333333333,0.011780104712041885,0.35,0.4666666666666667,60,136,0,terminal,509.0,61.0,76.0,91.35403820438579,True,0
nominal,desligado,1.0,0.25,adaptativa,j604_1.sm,7,1.6547619047619047,0.08333333333333333,0.013089005235602094,0.23333333333333334,0.5333333333333333,60,179,0,terminal,461.0,128.0,64.0,64.94539566857685,True,0
nominal,desligado,1.0,0.25,adaptativa,j604_1.sm,8,2.0833333333333335,0.11666666666666667,0.018030902317401794,0.45,0.8333333333333334,60,218,0,terminal,523.0,149.0,83.0,132.48902639441587,True,0
nominal,desligado,1.0,0.25,adaptativa,j604_1.sm,9,1.7738095238095237,0.06666666666666667,0.014036914721719645,0.21666666666666667,0.48333333333333334,60,148,0,terminal,498.0,104.0,61.0,58.50664103612964,True,0
nominal,desligado,1.0,0.25,adaptativa,j604_1.sm,10,2.2261904761904763,0.15,0.0400506443064686,0.5166666666666667,0.7666666666666667,60,195,0,terminal,566.0,151.0,61.0,158.8426552266548,True,0
nominal,desligado,1.0,0.25,adaptativa,j604_1.sm,11,1.6071428571428572,0.06666666666666667,0.020030357241241258,0.4,0.5166666666666667,60,95,0,terminal,495.0,61.0,41.0,90.6444733636172,True,0
nominal,desligado,1.0,0.25,adaptativa,j607_1.sm,0,1.5714285714285714,0.06666666666666667,0.013392857142857142,0.2,0.3333333333333333,60,118,0,terminal,411.0,79.0,49.0,43.248547426179606,True,0
nominal,desligado,1.0,0.25,adaptativa,j607_1.sm,1,1.4675324675324675,0.05,0.01127094254100561,0.21666666666666667,0.31666666666666665,60,38,0,terminal,470.0,30.0,15.0,36.5662685475502,True,0
nominal,desligado,1.0,0.25,adaptativa,j607_1.sm,2,1.8181818181818181,0.05,0.013392857142857142,0.3333333333333333,0.55,60,108,0,terminal,448.0,53.0,56.0,74.63314245852712,True,0
nominal,desligado,1.0,0.25,adaptativa,j607_1.sm,3,1.948051948051948,0.06666666666666667,0.031075861965401855,0.15,0.4166666666666667,60,161,0,terminal,450.0,107.0,57.0,46.33167236781868,True,0
nominal,desligado,1.0,0.25,adaptativa,j607_1.sm,4,1.844155844155844,0.06666666666666667,0.02084981949991165,0.13333333333333333,0.4666666666666667,60,153,1,terminal,440.0,90.0,64.0,29.769955413294266,True,0
nominal,desligado,1.0,0.25,adaptativa,j607_1.sm,5,1.8051948051948052,0.05,0.021249308677844133,0.23333333333333334,0.45,60,137,0,terminal,444.0,78.0,59.0,53.162574781383064,True,0
nominal,desligado,1.0,0.25,adaptativa,j607_1.sm,6,1.7532467532467533,0.08333333333333333,0.012979332704959923,0.3,0.4666666666666667,60,131,0,terminal,452.0,56.0,76.0,60.53464184772919,True,0
nominal,desligado,1.0,0.25,adaptativa,j607_1.sm,7,1.6883116883116882,0.05,0.02257571970970164,0.18333333333333332,0.5166666666666667,60,152,0,terminal,429.0,101.0,57.0,42.92771448254655,True,0
nominal,desligado,1.0,0.25,adaptativa,j607_1.sm,8,2.038961038961039,0.05,0.011904761904761904,0.3,0.85,60,214,0,terminal,458.0,144.0,87.0,71.84238059112961,True,0
nominal,desligado,1.0,0.25,adaptativa,j607_1.sm,9,1.9090909090909092,0.06666666666666667,0.022934599199828654,0.35,0.5666666666666667,60,164,0,terminal,472.0,114.0,54.0,83.81407726070793,True,0
nominal,desligado,1.0,0.25,adaptativa,j607_1.sm,10,2.0779220779220777,0.1,0.02636889506389489,0.36666666666666664,0.75,60,185,0,terminal,441.0,138.0,58.0,79.83253423111414,True,0
nominal,desligado,1.0,0.25,adaptativa,j607_1.sm,11,1.6363636363636365,0.05,0.01488095238095238,0.2833333333333333,0.48333333333333334,60,87,0,terminal,444.0,52.0,36.0,67.17194703146171,True,0
grade,ativo,0.7,0.01,centralizada,j6010_1.sm,0,3.541176470588235,0.36666666666666664,0.14976422747307414,0.38333333333333336,0.6166666666666667,60,0,239,terminal,603.0,0.0,290.0,127.40543744882928,True,0
grade,ativo,0.7,0.01,centralizada,j6010_1.sm,1,2.8117647058823527,0.4,0.14650665996610274,0.4666666666666667,0.7333333333333333,60,0,242,terminal,596.0,0.0,289.0,132.84415059733635,True,0
grade,ativo,0.7,0.01,centralizada,j6010_1.sm,2,3.541176470588235,0.4,0.18426443049804184,0.48333333333333334,0.8,60,0,392,terminal,598.0,0.0,436.0,157.24347358243523,True,0
grade,ativo,0.7,0.01,centralizada,j6010_1.sm,3,3.2941176470588234,0.43333333333333335,0.1264778853639296,0.45,0.7333333333333333,60,0,294,terminal,605.0,0.0,340.0,143.40229448314037,True,0
grade,ativo,0.7,0.01,centralizada,j6021_1.sm,0,5.092105263157895,0.36666666666666664,0.09432492253952801,0.4166666666666667,0.7166666666666667,60,0,322,terminal,601.0,0.0,385.0,127.19192740435464,True,0
grade,ativo,0.7,0.01,centralizada,j6021_1.sm,1,4.973684210526316,0.36666666666666664,0.12766865167649916,0.4166666666666667,0.6666666666666666,60,0,332,terminal,596.0,0.0,399.0,132.76393492154418,True,0
grade,ativo,0.7,0.01,centralizada,j6021_1.sm,2,4.552631578947368,0.23333333333333334,0.05524433633575603,0.31666666666666665,0.6166666666666667,60,0,225,terminal,580.0,0.0,262.0,67.67643085201333,True,0
grade,ativo,0.7,0.01,centralizada,j6021_1.sm,3,5.0394736842105265,0.43333333333333335,0.07294921624121098,0.4666666666666667,0.5833333333333334,60,0,601,terminal,555.0,0.0,601.0,130.53225695943397,True,0
grade,ativo,0.7,0.01,centralizada,j6032_1.sm,0,4.246376811594203,0.48333333333333334,0.1399919236110936,0.5333333333333333,0.8166666666666667,60,0,375,terminal,643.0,0.0,428.0,168.1621429204227,True,0
grade,ativo,0.7,0.01,centralizada,j6032_1.sm,1,4.188405797101449,0.4,0.17385561982012251,0.48333333333333334,0.7666666666666667,60,0,346,terminal,651.0,0.0,408.0,148.58467484650464,True,0
grade,ativo,0.7,0.01,centralizada,j6032_1.sm,2,3.4347826086956523,0.31666666666666665,0.1249219449382965,0.3333333333333333,0.5833333333333334,60,0,239,terminal,609.0,0.0,239.0,95.1149898889877,True,0
grade,ativo,0.7,0.01,centralizada,j6032_1.sm,3,3.9130434782608696,0.4166666666666667,0.11092189917928097,0.45,0.7,60,0,327,terminal,641.0,0.0,327.0,127.05201318653677,True,0
grade,ativo,0.7,0.01,centralizada,j6043_1.sm,0,2.7962962962962963,0.36666666666666664,0.10464689317491996,0.43333333333333335,0.8,60,0,496,terminal,632.0,0.0,579.0,147.58020159471937,True,0
grade,ativo,0.7,0.01,centralizada,j6043_1.sm,1,2.75,0.3,0.12984360446016754,0.36666666666666664,0.8,60,0,445,terminal,627.0,0.0,536.0,107.99688922367801,True,0
grade,ativo,0.7,0.01,centralizada,j6043_1.sm,2,2.324074074074074,0.43333333333333335,0.12277367803295547,0.4666666666666667,0.5833333333333334,60,0,420,terminal,588.0,0.0,420.0,141.10989817105536,True,0
grade,ativo,0.7,0.01,centralizada,j6043_1.sm,3,2.611111111111111,0.4166666666666667,0.10082338957148093,0.45,0.6333333333333333,60,0,431,terminal,588.0,0.0,431.0,112.93152528706293,True,0
grade,ativo,0.7,0.01,adaptativa,j6010_1.sm,0,2.0823529411764707,0.1,0.022832136788402384,0.3333333333333333,0.5166666666666667,60,242,0,terminal,449.0,217.0,56.0,81.06859268850937,True,0
grade,ativo,0.7,0.01,adaptativa,j6010_1.sm,1,1.8352941176470587,0.08333333333333333,0.018559643011830922,0.35,0.36666666666666664,60,196,0,terminal,421.0,176.0,48.0,78.33020933514923,True,0
grade,ativo,0.7,0.01,adaptativa,j6010_1.sm,2,1.8470588235294119,0.11666666666666667,0.016429709803192593,0.3,0.4666666666666667,60,165,0,terminal,412.0,143.0,45.0,56.448290734552245,True,0
grade,ativo,0.7,0.01,adaptativa,j6010_1.sm,3,2.152941176470588,0.05,0.03772920887845502,0.45,0.55,60,291,0,terminal,450.0,220.0,84.0,102.76756688853584,True,0
grade,ativo,0.7,0.01,adaptativa,j6021_1.sm,0,2.9078947368421053,0.06666666666666667,0.03808846486884193,0.31666666666666665,0.4666666666666667,60,191,0,terminal,440.0,173.0,44.0,93.28506673843188,True,0
grade,ativo,0.7,0.01,adaptativa,j6021_1.sm,1,2.986842105263158,0.08333333333333333,0.015092218926474896,0.4166666666666667,0.5333333333333333,60,108,0,terminal,424.0,104.0,22.0,96.04989348804091,True,0
grade,ativo,0.7,0.01,adaptativa,j6021_1.sm,2,2.3947368421052633,0.1,0.0192123759913177,0.3333333333333333,0.4,60,107,0,terminal,422.0,94.0,22.0,76.20028677007325,True,0
grade,ativo,0.7,0.01,adaptativa,j6021_1.sm,3,3.1973684210526314,0.06666666666666667,0.027653768289365232,0.35,0.45,60,202,0,terminal,455.0,154.0,48.0,110.20783381131955,True,0
grade,ativo,0.7,0.01,adaptativa,j6032_1.sm,0,2.289855072463768,0.1,0.02225519287833828,0.31666666666666665,0.36666666666666664,60,215,0,terminal,487.0,180.0,50.0,75.74836339033146,True,0
grade,ativo,0.7,0.01,adaptativa,j6032_1.sm,1,2.130434782608696,0.1,0.03964074881194398,0.35,0.25,60,191,0,terminal,456.0,134.0,75.0,84.43130545063433,True,0
grade,ativo,0.7,0.01,adaptativa,j6032_1.sm,2,2.3333333333333335,0.1,0.057672267890990246,0.3,0.4166666666666667,60,220,0,terminal,493.0,128.0,92.0,93.36506222505622,True,0
grade,ativo,0.7,0.01,adaptativa,j6032_1.sm,3,2.550724637681159,0.1,0.02817233172733142,0.43333333333333335,0.5333333333333333,60,297,1,terminal,500.0,201.0,97.0,108.85140167823393,True,0
grade,ativo,0.7,0.01,adaptativa,j6043_1.sm,0,1.962962962962963,0.03333333333333333,0.017964071856287425,0.21666666666666667,0.21666666666666667,60,406,0,terminal,428.0,361.0,81.0,46.4820557168578,True,0
grade,ativo,0.7,0.01,adaptativa,j6043_1.sm,1,1.8240740740740742,0.016666666666666666,0.004491017964071856,0.2,0.1,60,371,0,terminal,400.0,321.0,86.0,42.92441575464372,True,0
grade,ativo,0.7,0.01,adaptativa,j6043_1.sm,2,1.9537037037037037,0.1,0.035819729260394444,0.26666666666666666,0.15,60,365,0,terminal,424.0,291.0,87.0,64.52633067033207,True,0
grade,ativo,0.7,0.01,adaptativa,j6043_1.sm,3,2.0,0.03333333333333333,0.005988023952095809,0.2833333333333333,0.36666666666666664,60,404,6,terminal,473.0,313.0,97.0,76.74042333038068,True,0
grade,ativo,0.7,0.25,centralizada,j6010_1.sm,0,2.1058823529411765,0.16666666666666666,0.03897478718200823,0.18333333333333332,0.5666666666666667,60,0,54,terminal,481.0,0.0,65.0,26.209380131053116,True,0
grade,ativo,0.7,0.25,centralizada,j6010_1.sm,1,2.4941176470588236,0.26666666666666666,0.08551138249297927,0.31666666666666665,0.48333333333333334,60,0,20,terminal,503.0,0.0,27.0,67.94921492838968,True,0
grade,ativo,0.7,0.25,centralizada,j6010_1.sm,2,3.364705882352941,0.3,0.12564868041926192,0.36666666666666664,0.6833333333333333,60,0,9,terminal,530.0,0.0,10.0,107.98150456581364,True,0
grade,ativo,0.7,0.25,centralizada,j6010_1.sm,3,2.4352941176470586,0.2833333333333333,0.07864950488478062,0.2833333333333333,0.6166666666666667,60,0,82,terminal,493.0,0.0,83.0,56.50720688800118,True,0
grade,ativo,0.7,0.25,centralizada,j6021_1.sm,0,3.460526315789474,0.31666666666666665,0.11056943742566135,0.35,0.7,60,0,38,terminal,518.0,0.0,39.0,97.34122980563298,True,0
grade,ativo,0.7,0.25,centralizada,j6021_1.sm,1,3.9473684210526314,0.2833333333333333,0.09190498161276214,0.3333333333333333,0.6,60,0,31,terminal,528.0,0.0,34.0,96.74696933618964,True,0
grade,ativo,0.7,0.25,centralizada,j6021_1.sm,2,3.5921052631578947,0.35,0.14048217571902197,0.4,0.7166666666666667,60,0,13,terminal,541.0,0.0,14.0,102.2485993661755,True,0
grade,ativo,0.7,0.25,centralizada,j6021_1.sm,3,6.184210526315789,0.45,0.0930344112866411,0.5,0.6833333333333333,60,0,38,terminal,533.0,0.0,38.0,120.81125210392955,True,0
grade,ativo,0.7,0.25,centralizada,j6032_1.sm,0,2.5652173913043477,0.23333333333333334,0.09996470433432068,0.25,0.55,60,0,49,terminal,565.0,0.0,56.0,69.13117418918497,True,0
grade,ativo,0.7,0.25,centralizada,j6032_1.sm,1,3.5072463768115942,0.23333333333333334,0.0870486479578697,0.25,0.5833333333333334,60,0,29,terminal,564.0,0.0,39.0,53.977137241517525,True,0
grade,ativo,0.7,0.25,centralizada,j6032_1.sm,2,2.536231884057971,0.31666666666666665,0.13779445946216573,0.4,0.6833333333333333,60,0,25,terminal,579.0,0.0,28.0,103.89530774626314,True,0
grade,ativo,0.7,0.25,centralizada,j6032_1.sm,3,3.3043478260869565,0.35,0.11747897173822767,0.36666666666666664,0.6666666666666666,60,0,128,terminal,545.0,0.0,128.0,86.62528470661591,True,0
grade,ativo,0.7,0.25,centralizada,j6043_1.sm,0,1.8333333333333333,0.23333333333333334,0.05431887836853643,0.26666666666666666,0.48333333333333334,60,0,90,terminal,468.0,0.0,98.0,57.29111175698745,True,0
grade,ativo,0.7,0.25,centralizada,j6043_1.sm,1,2.074074074074074,0.25,0.08701113583111506,0.2833333333333333,0.48333333333333334,60,0,66,terminal,478.0,0.0,73.0,61.75389074217785,True,0
grade,ativo,0.7,0.25,centralizada,j6043_1.sm,2,2.074074074074074,0.35,0.08691511216458866,0.36666666666666664,0.6333333333333333,60,0,46,terminal,505.0,0.0,46.0,85.24736174766134,True,0
grade,ativo,0.7,0.25,centralizada,j6043_1.sm,3,1.8611111111111112,0.18333333333333332,0.07126382415201878,0.21666666666666667,0.48333333333333334,60,0,85,terminal,492.0,0.0,85.0,53.311238402094816,True,0
grade,ativo,0.7,0.25,adaptativa,j6010_1.sm,0,1.2352941176470589,0.03333333333333333,0.0030959752321981426,0.18333333333333332,0.36666666666666664,60,57,0,terminal,361.0,39.0,25.0,30.579975208969675,True,0
grade,ativo,0.7,0.25,adaptativa,j6010_1.sm,1,1.188235294117647,0.05,0.024800928699045665,0.15,0.35,60,39,0,terminal,383.0,23.0,19.0,26.656405711188576,True,0
grade,ativo,0.7,0.25,adaptativa,j6010_1.sm,2,1.5529411764705883,0.06666666666666667,0.026463931406718714,0.31666666666666665,0.5166666666666667,60,57,0,terminal,409.0,36.0,22.0,75.98872410235347,True,0
grade,ativo,0.7,0.25,adaptativa,j6010_1.sm,3,1.4352941176470588,0.05,0.019008621066681736,0.16666666666666666,0.45,60,69,0,terminal,387.0,44.0,27.0,28.059579109433596,True,0
grade,ativo,0.7,0.25,adaptativa,j6021_1.sm,0,2.3552631578947367,0.05,0.025264966364865294,0.15,0.5333333333333333,60,44,0,terminal,375.0,36.0,18.0,30.755929724668682,True,0
grade,ativo,0.7,0.25,adaptativa,j6021_1.sm,1,2.5921052631578947,0.016666666666666666,0.010542168674698794,0.21666666666666667,0.48333333333333334,60,19,0,terminal,397.0,14.0,9.0,50.3183022314999,True,0
grade,ativo,0.7,0.25,adaptativa,j6021_1.sm,2,2.5657894736842106,0.11666666666666667,0.026220580995771164,0.4,0.6,60,51,0,terminal,427.0,34.0,17.0,107.17820373970858,True,0
grade,ativo,0.7,0.25,adaptativa,j6021_1.sm,3,2.6184210526315788,0.05,0.020863917692568488,0.2833333333333333,0.6166666666666667,60,38,0,terminal,404.0,22.0,16.0,92.78046734756825,True,0
grade,ativo,0.7,0.25,adaptativa,j6032_1.sm,0,1.4927536231884058,0.11666666666666667,0.03635862633018156,0.21666666666666667,0.48333333333333334,60,37,0,terminal,448.0,19.0,19.0,51.33706364722705,True,0
grade,ativo,0.7,0.25,adaptativa,j6032_1.sm,1,1.5797101449275361,0.016666666666666666,0.005934718100890208,0.2,0.35,60,47,0,terminal,452.0,25.0,29.0,50.98591045798329,True,0
grade,ativo,0.7,0.25,adaptativa,j6032_1.sm,2,1.826086956521739,0.1,0.016391382628192626,0.4,0.5666666666666667,60,40,0,terminal,504.0,18.0,22.0,94.90286472914686,True,0
grade,ativo,0.7,0.25,adaptativa,j6032_1.sm,3,1.7536231884057971,0.06666666666666667,0.02879120821044699,0.35,0.5166666666666667,60,93,0,terminal,458.0,52.0,41.0,77.12741856037306,True,0
grade,ativo,0.7,0.25,adaptativa,j6043_1.sm,0,1.1574074074074074,0.05,0.023952095808383235,0.16666666666666666,0.45,60,116,0,terminal,340.0,99.0,37.0,30.5,True,0
grade,ativo,0.7,0.25,adaptativa,j6043_1.sm,1,1.3518518518518519,0.05,0.021754415593743966,0.35,0.43333333333333335,60,84,0,terminal,380.0,61.0,28.0,82.38270625857496,True,0
grade,ativo,0.7,0.25,adaptativa,j6043_1.sm,2,1.3981481481481481,0.11666666666666667,0.023569687074197827,0.4666666666666667,0.5166666666666667,60,86,0,terminal,401.0,55.0,31.0,84.93801645008271,True,0
grade,ativo,0.7,0.25,adaptativa,j6043_1.sm,3,1.2777777777777777,0.08333333333333333,0.03854099675923028,0.26666666666666666,0.55,60,120,0,terminal,374.0,84.0,37.0,49.18945783925949,True,0
grade,ativo,0.7,0.6,centralizada,j6010_1.sm,0,2.0352941176470587,0.18333333333333332,0.07753856423216275,0.23333333333333334,0.5666666666666667,60,0,37,terminal,488.0,0.0,41.0,48.569695619504486,True,0
grade,ativo,0.7,0.6,centralizada,j6010_1.sm,1,2.4352941176470586,0.3,0.0714968526126557,0.35,0.7,60,0,9,terminal,505.0,0.0,11.0,71.80849990092383,True,0
grade,ativo,0.7,0.6,centralizada,j6010_1.sm,2,3.8117647058823527,0.21666666666666667,0.09039251789190102,0.26666666666666666,0.7333333333333333,60,0,33,terminal,516.0,0.0,33.0,61.35488574047874,True,0
grade,ativo,0.7,0.6,centralizada,j6010_1.sm,3,2.1176470588235294,0.21666666666666667,0.04960949902450461,0.2833333333333333,0.6666666666666666,60,0,15,terminal,491.0,0.0,16.0,59.056118679409664,True,0
grade,ativo,0.7,0.6,centralizada,j6021_1.sm,0,3.6315789473684212,0.4,0.08335551540910989,0.4166666666666667,0.7,60,0,31,terminal,520.0,0.0,32.0,108.57668067704816,True,0
grade,ativo,0.7,0.6,centralizada,j6021_1.sm,1,3.8289473684210527,0.35,0.18107779455937228,0.4166666666666667,0.6333333333333333,60,0,22,terminal,518.0,0.0,25.0,110.93794699612967,True,0
grade,ativo,0.7,0.6,centralizada,j6021_1.sm,2,4.342105263157895,0.23333333333333334,0.06427587830547556,0.31666666666666665,0.7166666666666667,60,0,4,terminal,516.0,0.0,4.0,65.74492797914401,True,0
grade,ativo,0.7,0.6,centralizada,j6021_1.sm,3,4.302631578947368,0.35,0.10464852820540294,0.35,0.7666666666666667,60,0,8,terminal,518.0,0.0,8.0,101.35524871029014,True,0
grade,ativo,0.7,0.6,centralizada,j6032_1.sm,0,2.3768115942028984,0.26666666666666666,0.1276770512833833,0.26666666666666666,0.6666666666666666,60,0,34,terminal,553.0,0.0,37.0,78.71022733844592,True,0
grade,ativo,0.7,0.6,centralizada,j6032_1.sm,1,2.6231884057971016,0.2833333333333333,0.09792786397442138,0.3,0.7333333333333333,60,0,14,terminal,571.0,0.0,15.0,75.79435046271095,True,0
grade,ativo,0.7,0.6,centralizada,j6032_1.sm,2,3.391304347826087,0.3333333333333333,0.10783031765902926,0.35,0.7666666666666667,60,0,25,terminal,571.0,0.0,25.0,100.68613450915976,True,0
grade,ativo,0.7,0.6,centralizada,j6032_1.sm,3,2.260869565217391,0.2,0.05748749096502855,0.26666666666666666,0.7833333333333333,60,0,31,terminal,541.0,0.0,31.0,67.49648339864855,True,0
grade,ativo,0.7,0.6,centralizada,j6043_1.sm,0,2.1944444444444446,0.3,0.06112243191425947,0.3,0.6833333333333333,60,0,49,terminal,484.0,0.0,50.0,70.05730791636753,True,0
grade,ativo,0.7,0.6,centralizada,j6043_1.sm,1,2.240740740740741,0.18333333333333332,0.044812327018988754,0.25,0.5333333333333333,60,0,28,terminal,474.0,0.0,36.0,51.914910212038315,True,0
grade,ativo,0.7,0.6,centralizada,j6043_1.sm,2,2.25,0.2833333333333333,0.08926565287836188,0.3333333333333333,0.7,60,0,40,terminal,481.0,0.0,40.0,78.7470900835247,True,0
grade,ativo,0.7,0.6,centralizada,j6043_1.sm,3,1.6759259259259258,0.18333333333333332,0.03521843709032639,0.21666666666666667,0.65,60,0,32,terminal,461.0,0.0,33.0,42.54418649865481,True,0
grade,ativo,0.7,0.6,adaptativa,j6010_1.sm,0,1.3764705882352941,0.03333333333333333,0.021314337010663563,0.21666666666666667,0.6166666666666667,60,22,0,terminal,392.0,18.0,7.0,47.16410913228971,True,0
grade,ativo,0.7,0.6,adaptativa,j6010_1.sm,1,1.2823529411764707,0.06666666666666667,0.02631578947368421,0.26666666666666666,0.6333333333333333,60,10,0,terminal,400.0,6.0,5.0,56.227107986865065,True,0
grade,ativo,0.7,0.6,adaptativa,j6010_1.sm,2,1.3647058823529412,0.03333333333333333,0.01706045652386984,0.2833333333333333,0.6166666666666667,60,42,0,terminal,397.0,25.0,17.0,55.1239845563336,True,0
grade,ativo,0.7,0.6,adaptativa,j6010_1.sm,3,1.3764705882352941,0.05,0.018624528500051,0.23333333333333334,0.5,60,29,0,terminal,379.0,10.0,20.0,51.36613799326786,True,0
grade,ativo,0.7,0.6,adaptativa,j6021_1.sm,0,2.223684210526316,0.08333333333333333,0.022050298235386092,0.25,0.7,60,33,0,terminal,382.0,24.0,12.0,58.205222050115424,True,0
grade,ativo,0.7,0.6,adaptativa,j6021_1.sm,1,2.973684210526316,0.03333333333333333,0.013143279310820754,0.23333333333333334,0.6333333333333333,60,6,0,terminal,412.0,3.0,4.0,55.54425501430789,True,0
grade,ativo,0.7,0.6,adaptativa,j6021_1.sm,2,3.0657894736842106,0.05,0.01837732373564322,0.26666666666666666,0.6833333333333333,60,16,0,terminal,428.0,9.0,8.0,69.37643478496528,True,0
grade,ativo,0.7,0.6,adaptativa,j6021_1.sm,3,2.736842105263158,0.06666666666666667,0.014624845277166652,0.2833333333333333,0.6666666666666666,60,14,0,terminal,429.0,7.0,7.0,74.30334574461645,True,0
grade,ativo,0.7,0.6,adaptativa,j6032_1.sm,0,1.4927536231884058,0.1,0.026457185498983418,0.2833333333333333,0.65,60,30,0,terminal,433.0,20.0,16.0,54.822892823895536,True,0
grade,ativo,0.7,0.6,adaptativa,j6032_1.sm,1,1.6956521739130435,0.13333333333333333,0.01785834398000708,0.3333333333333333,0.6833333333333333,60,13,0,terminal,468.0,5.0,12.0,72.33598163414584,True,0
grade,ativo,0.7,0.6,adaptativa,j6032_1.sm,2,1.7681159420289856,0.1,0.02967359050445104,0.38333333333333336,0.65,60,38,0,terminal,458.0,9.0,29.0,99.47784376321495,True,0
grade,ativo,0.7,0.6,adaptativa,j6032_1.sm,3,1.4927536231884058,0.05,0.03263424635938278,0.23333333333333334,0.7166666666666667,60,38,0,terminal,448.0,10.0,28.0,61.49758931005297,True,0
grade,ativo,0.7,0.6,adaptativa,j6043_1.sm,0,1.1388888888888888,0.03333333333333333,0.017235913312656496,0.2,0.7666666666666667,60,53,0,terminal,366.0,39.0,15.0,35.517817524931225,True,0
grade,ativo,0.7,0.6,adaptativa,j6043_1.sm,1,1.0740740740740742,0.1,0.025449101796407185,0.21666666666666667,0.6,60,38,0,terminal,354.0,27.0,14.0,42.51323049995352,True,0
grade,ativo,0.7,0.6,adaptativa,j6043_1.sm,2,1.1481481481481481,0.03333333333333333,0.011976047904191617,0.2833333333333333,0.6833333333333333,60,65,0,terminal,374.0,37.0,29.0,61.09020547217016,True,0
grade,ativo,0.7,0.6,adaptativa,j6043_1.sm,3,1.1481481481481481,0.03333333333333333,0.01347305389221557,0.2,0.55,60,25,0,terminal,357.0,11.0,14.0,40.10880044429553,True,0
grade,ativo,1.0,0.01,centralizada,j6010_1.sm,0,4.152941176470589,0.31666666666666665,0.1478435027738041,0.35,0.7333333333333333,60,0,738,terminal,620.0,0.0,889.0,115.52831938834667,True,0
grade,ativo,1.0,0.01,centralizada,j6010_1.sm,1,5.023529411764706,0.43333333333333335,0.13773658034498376,0.48333333333333334,0.7666666666666667,60,0,1153,terminal,623.0,0.0,1382.0,144.71876958184623,True,0
grade,ativo,1.0,0.01,centralizada,j6010_1.sm,2,10.211764705882352,0.25,0.07566286042263785,0.3333333333333333,0.75,60,0,3128,terminal,625.0,0.0,3733.0,107.75425573781253,True,0
grade,ativo,1.0,0.01,centralizada,j6010_1.sm,3,8.388235294117647,0.43333333333333335,0.13322381426108765,0.4666666666666667,0.7333333333333333,60,0,2376,terminal,606.0,0.0,2751.0,158.57846249878668,True,0
grade,ativo,1.0,0.01,centralizada,j6021_1.sm,0,256.0,0.0,0.0,0.0,nan,0,0,97280,limite_seguranca,0.0,0.0,116736.0,0.0,False,0
grade,ativo,1.0,0.01,centralizada,j6021_1.sm,1,256.0,0.0,0.0,0.0,nan,0,0,97280,limite_seguranca,0.0,0.0,116736.0,0.0,False,0
grade,ativo,1.0,0.01,centralizada,j6021_1.sm,2,256.0,0.016666666666666666,0.012048192771084338,0.03333333333333333,0.0,11,0,97154,limite_seguranca,82.0,0.0,116581.0,7.5,False,0
grade,ativo,1.0,0.01,centralizada,j6021_1.sm,3,4.7894736842105265,0.31666666666666665,0.09528316693477941,0.38333333333333336,0.5333333333333333,60,0,864,terminal,566.0,0.0,864.0,149.26291213725466,True,0
grade,ativo,1.0,0.01,centralizada,j6032_1.sm,0,256.0,0.016666666666666666,0.005934718100890208,0.016666666666666666,0.0,8,0,88269,limite_seguranca,48.0,0.0,105918.0,2.0,False,0
grade,ativo,1.0,0.01,centralizada,j6032_1.sm,1,256.0,0.016666666666666666,0.005934718100890208,0.016666666666666666,0.0,8,0,88269,limite_seguranca,48.0,0.0,105918.0,2.0,False,0
grade,ativo,1.0,0.01,centralizada,j6032_1.sm,2,3.4057971014492754,0.23333333333333334,0.1644267258442781,0.2833333333333333,0.35,60,0,336,terminal,611.0,0.0,336.0,111.47026996756574,True,0
grade,ativo,1.0,0.01,centralizada,j6032_1.sm,3,3.8115942028985508,0.36666666666666664,0.12979117345978267,0.4666666666666667,0.5,60,0,564,terminal,621.0,0.0,564.0,164.8995893485742,True,0
grade,ativo,1.0,0.01,centralizada,j6043_1.sm,0,256.0,0.0,0.0,0.0,nan,0,0,138240,limite_seguranca,0.0,0.0,165888.0,0.0,False,0
grade,ativo,1.0,0.01,centralizada,j6043_1.sm,1,256.0,0.0,0.0,0.0,nan,0,0,138240,limite_seguranca,0.0,0.0,165888.0,0.0,False,0
grade,ativo,1.0,0.01,centralizada,j6043_1.sm,2,2.6574074074074074,0.3333333333333333,0.12308351341427397,0.38333333333333336,0.45,60,0,429,terminal,600.0,0.0,429.0,122.4745040402372,True,0
grade,ativo,1.0,0.01,centralizada,j6043_1.sm,3,2.7962962962962963,0.43333333333333335,0.22033879789416808,0.5,0.5333333333333333,60,0,587,terminal,596.0,0.0,587.0,166.57405769575573,True,0
grade,ativo,1.0,0.01,adaptativa,j6010_1.sm,0,2.0941176470588236,0.06666666666666667,0.01393188854489164,0.2833333333333333,0.45,60,237,0,terminal,455.0,220.0,52.0,69.57039226357915,True,0
grade,ativo,1.0,0.01,adaptativa,j6010_1.sm,1,1.964705882352941,0.08333333333333333,0.034084506073417904,0.31666666666666665,0.2,60,233,0,terminal,418.0,203.0,59.0,76.9553316430625,True,0
grade,ativo,1.0,0.01,adaptativa,j6010_1.sm,2,2.2470588235294118,0.1,0.03375446228099279,0.3,0.25,60,287,0,terminal,433.0,230.0,80.0,81.25253868354397,True,0
grade,ativo,1.0,0.01,adaptativa,j6010_1.sm,3,2.3294117647058825,0.03333333333333333,0.010910659608610264,0.3,0.4166666666666667,60,338,0,terminal,453.0,257.0,94.0,93.44309299628256,True,0
grade,ativo,1.0,0.01,adaptativa,j6021_1.sm,0,3.1842105263157894,0.08333333333333333,0.03376087965389503,0.31666666666666665,0.2833333333333333,60,258,0,terminal,445.0,229.0,60.0,104.82351756927933,True,0
grade,ativo,1.0,0.01,adaptativa,j6021_1.sm,1,3.3289473684210527,0.11666666666666667,0.05181945294894458,0.36666666666666664,0.26666666666666666,60,180,0,terminal,436.0,166.0,41.0,100.23039204753967,True,0
grade,ativo,1.0,0.01,adaptativa,j6021_1.sm,2,2.9473684210526314,0.06666666666666667,0.013762917620735666,0.35,0.3333333333333333,60,85,0,terminal,429.0,75.0,19.0,100.71059089209808,True,0
grade,ativo,1.0,0.01,adaptativa,j6021_1.sm,3,3.8684210526315788,0.06666666666666667,0.033003352712729216,0.4,0.3,60,312,6,terminal,469.0,253.0,65.0,114.6390885924649,True,0
grade,ativo,1.0,0.01,adaptativa,j6032_1.sm,0,2.3333333333333335,0.1,0.045838280554720896,0.2833333333333333,0.16666666666666666,60,257,0,terminal,488.0,198.0,76.0,68.74149209482162,True,0
grade,ativo,1.0,0.01,adaptativa,j6032_1.sm,1,2.1884057971014492,0.06666666666666667,0.01363845288575612,0.26666666666666666,0.15,60,211,0,terminal,453.0,159.0,77.0,59.50587410633871,True,0
grade,ativo,1.0,0.01,adaptativa,j6032_1.sm,2,2.63768115942029,0.05,0.021200131882624464,0.31666666666666665,0.23333333333333334,60,364,1,terminal,488.0,244.0,121.0,91.20627077939919,True,0
grade,ativo,1.0,0.01,adaptativa,j6032_1.sm,3,2.782608695652174,0.06666666666666667,0.02983844378503132,0.35,0.35,60,393,10,terminal,493.0,272.0,131.0,105.59162027866377,True,0
grade,ativo,1.0,0.01,adaptativa,j6043_1.sm,0,2.3333333333333335,0.06666666666666667,0.017964071856287425,0.21666666666666667,0.1,60,513,0,terminal,431.0,456.0,106.0,56.49018555028617,True,0
grade,ativo,1.0,0.01,adaptativa,j6043_1.sm,1,2.0185185185185186,0.03333333333333333,0.005988023952095809,0.21666666666666667,0.03333333333333333,60,464,0,terminal,405.0,413.0,101.0,27.0,True,0
grade,ativo,1.0,0.01,adaptativa,j6043_1.sm,2,2.037037037037037,0.15,0.03754872734340788,0.31666666666666665,0.15,60,380,0,terminal,430.0,300.0,93.0,80.25664331607396,True,0
grade,ativo,1.0,0.01,adaptativa,j6043_1.sm,3,2.2777777777777777,0.05,0.0074850299401197605,0.3333333333333333,0.25,60,485,22,terminal,477.0,394.0,113.0,93.75290345906193,True,0
grade,ativo,1.0,0.25,centralizada,j6010_1.sm,0,2.411764705882353,0.23333333333333334,0.08894242034778303,0.26666666666666666,0.5166666666666667,60,0,99,terminal,535.0,0.0,121.0,69.8894835451404,True,0
grade,ativo,1.0,0.25,centralizada,j6010_1.sm,1,3.0352941176470587,0.23333333333333334,0.080676008929519,0.2833333333333333,0.5,60,0,58,terminal,518.0,0.0,65.0,73.56675043879109,True,0
grade,ativo,1.0,0.25,centralizada,j6010_1.sm,2,2.376470588235294,0.31666666666666665,0.12674635278409738,0.36666666666666664,0.55,60,0,90,terminal,525.0,0.0,98.0,85.0062091711865,True,0
grade,ativo,1.0,0.25,centralizada,j6010_1.sm,3,2.611764705882353,0.21666666666666667,0.05040944109350287,0.3,0.6666666666666666,60,0,204,terminal,526.0,0.0,207.0,74.76847840892171,True,0
grade,ativo,1.0,0.25,centralizada,j6021_1.sm,0,3.5,0.2833333333333333,0.07528251860987722,0.3,0.5333333333333333,60,0,111,terminal,531.0,0.0,121.0,72.91508796032242,True,0
grade,ativo,1.0,0.25,centralizada,j6021_1.sm,1,4.092105263157895,0.2833333333333333,0.10180891915996569,0.3,0.5666666666666667,60,0,81,terminal,540.0,0.0,86.0,75.55507246772123,True,0
grade,ativo,1.0,0.25,centralizada,j6021_1.sm,2,3.4210526315789473,0.2,0.07318080412579829,0.25,0.5166666666666667,60,0,21,terminal,525.0,0.0,23.0,56.66461519537095,True,0
grade,ativo,1.0,0.25,centralizada,j6021_1.sm,3,3.8421052631578947,0.31666666666666665,0.12867547013828065,0.38333333333333336,0.5666666666666667,60,0,82,terminal,541.0,0.0,82.0,118.83749212091763,True,0
grade,ativo,1.0,0.25,centralizada,j6032_1.sm,0,2.463768115942029,0.31666666666666665,0.11761381668178554,0.36666666666666664,0.65,60,0,106,terminal,600.0,0.0,123.0,99.87695663387204,True,0
grade,ativo,1.0,0.25,centralizada,j6032_1.sm,1,4.884057971014493,0.3333333333333333,0.15935100909713734,0.36666666666666664,0.6166666666666667,60,0,117,terminal,585.0,0.0,128.0,94.0257936140988,True,0
grade,ativo,1.0,0.25,centralizada,j6032_1.sm,2,3.9565217391304346,0.2833333333333333,0.08192236705737872,0.31666666666666665,0.5333333333333333,60,0,106,terminal,560.0,0.0,106.0,87.00716173258073,True,0
grade,ativo,1.0,0.25,centralizada,j6032_1.sm,3,3.1884057971014492,0.3,0.09124377311585785,0.31666666666666665,0.55,60,0,165,terminal,557.0,0.0,165.0,77.3133163150021,True,0
grade,ativo,1.0,0.25,centralizada,j6043_1.sm,0,1.9907407407407407,0.21666666666666667,0.05028318503755579,0.23333333333333334,0.45,60,0,171,terminal,510.0,0.0,207.0,58.09857985334466,True,0
grade,ativo,1.0,0.25,centralizada,j6043_1.sm,1,2.259259259259259,0.18333333333333332,0.08340152766628926,0.2,0.48333333333333334,60,0,168,terminal,506.0,0.0,181.0,53.85695468621138,True,0
grade,ativo,1.0,0.25,centralizada,j6043_1.sm,2,2.1666666666666665,0.2833333333333333,0.08923715596498813,0.3333333333333333,0.43333333333333335,60,0,82,terminal,534.0,0.0,82.0,77.78773422167602,True,0
grade,ativo,1.0,0.25,centralizada,j6043_1.sm,3,1.9444444444444444,0.3,0.06185953200576928,0.3333333333333333,0.48333333333333334,60,0,236,terminal,492.0,0.0,236.0,85.5801560890785,True,0
grade,ativo,1.0,0.25,adaptativa,j6010_1.sm,0,1.4352941176470588,0.06666666666666667,0.02358931983237935,0.16666666666666666,0.4666666666666667,60,104,0,terminal,382.0,80.0,32.0,37.04251869831918,True,0
grade,ativo,1.0,0.25,adaptativa,j6010_1.sm,1,1.4470588235294117,0.016666666666666666,0.019164346803984114,0.16666666666666666,0.26666666666666666,60,111,0,terminal,359.0,93.0,39.0,32.92848936002933,True,0
grade,ativo,1.0,0.25,adaptativa,j6010_1.sm,2,1.611764705882353,0.08333333333333333,0.012451647991487227,0.2833333333333333,0.6,60,101,0,terminal,420.0,57.0,52.0,64.09790123313071,True,0
grade,ativo,1.0,0.25,adaptativa,j6010_1.sm,3,1.7529411764705882,0.08333333333333333,0.015745913699355723,0.31666666666666665,0.48333333333333334,60,166,0,terminal,406.0,112.0,57.0,54.51975203000572,True,0
grade,ativo,1.0,0.25,adaptativa,j6021_1.sm,0,2.973684210526316,0.1,0.05893108541779092,0.2833333333333333,0.4666666666666667,60,87,0,terminal,417.0,73.0,21.0,79.90484904866048,True,0
grade,ativo,1.0,0.25,adaptativa,j6021_1.sm,1,2.8947368421052633,0.05,0.03521602156517454,0.3,0.43333333333333335,60,74,0,terminal,402.0,63.0,27.0,85.1059307580569,True,0
grade,ativo,1.0,0.25,adaptativa,j6021_1.sm,2,2.6052631578947367,0.03333333333333333,0.025673916629181368,0.23333333333333334,0.4166666666666667,60,72,0,terminal,406.0,51.0,25.0,64.45882801434658,True,0
grade,ativo,1.0,0.25,adaptativa,j6021_1.sm,3,2.8157894736842106,0.016666666666666666,0.012962556419254487,0.2,0.43333333333333335,60,120,0,terminal,434.0,89.0,31.0,41.17820953591587,True,0
grade,ativo,1.0,0.25,adaptativa,j6032_1.sm,0,1.9275362318840579,0.1,0.0273756073923319,0.25,0.4666666666666667,60,145,0,terminal,443.0,96.0,57.0,53.18976284929845,True,0
grade,ativo,1.0,0.25,adaptativa,j6032_1.sm,1,1.8985507246376812,0.06666666666666667,0.010385756676557863,0.3333333333333333,0.43333333333333335,60,134,0,terminal,425.0,90.0,57.0,72.54175110323301,True,0
grade,ativo,1.0,0.25,adaptativa,j6032_1.sm,2,1.7391304347826086,0.06666666666666667,0.025825384386607312,0.25,0.55,60,114,0,terminal,459.0,49.0,65.0,61.08897116982239,True,0
grade,ativo,1.0,0.25,adaptativa,j6032_1.sm,3,1.8695652173913044,0.06666666666666667,0.04119843409525285,0.21666666666666667,0.48333333333333334,60,156,0,terminal,460.0,94.0,62.0,41.832369695010556,True,0
grade,ativo,1.0,0.25,adaptativa,j6043_1.sm,0,1.7685185185185186,0.05,0.020594804985097033,0.25,0.31666666666666665,60,270,0,terminal,394.0,229.0,72.0,53.90301745994712,True,0
grade,ativo,1.0,0.25,adaptativa,j6043_1.sm,1,1.5740740740740742,0.06666666666666667,0.017964071856287425,0.3333333333333333,0.35,60,177,0,terminal,388.0,145.0,43.0,73.54734617528402,True,0
grade,ativo,1.0,0.25,adaptativa,j6043_1.sm,2,1.5648148148148149,0.08333333333333333,0.018313312445540606,0.36666666666666664,0.3333333333333333,60,178,0,terminal,396.0,126.0,53.0,80.25361986203313,True,0
grade,ativo,1.0,0.25,adaptativa,j6043_1.sm,3,1.4537037037037037,0.03333333333333333,0.0074850299401197605,0.2,0.38333333333333336,60,246,1,terminal,370.0,187.0,60.0,37.53606153759509,True,0
grade,ativo,1.0,0.6,centralizada,j6010_1.sm,0,2.1294117647058823,0.26666666666666666,0.06314587277073325,0.31666666666666665,0.5333333333333333,60,0,38,terminal,512.0,0.0,39.0,64.01825539409754,True,0
grade,ativo,1.0,0.6,centralizada,j6010_1.sm,1,4.070588235294117,0.21666666666666667,0.08401121912755156,0.25,0.55,60,0,20,terminal,507.0,0.0,28.0,61.708053423652224,True,0
grade,ativo,1.0,0.6,centralizada,j6010_1.sm,2,2.588235294117647,0.38333333333333336,0.1351296511087754,0.43333333333333335,0.7333333333333333,60,0,45,terminal,521.0,0.0,45.0,98.93737423150077,True,0
grade,ativo,1.0,0.6,centralizada,j6010_1.sm,3,2.176470588235294,0.3,0.07601866792092221,0.35,0.6666666666666666,60,0,65,terminal,483.0,0.0,67.0,77.87662065170608,True,0
grade,ativo,1.0,0.6,centralizada,j6021_1.sm,0,3.4342105263157894,0.3,0.10432988670060302,0.31666666666666665,0.6833333333333333,60,0,37,terminal,530.0,0.0,38.0,80.38804314892377,True,0
grade,ativo,1.0,0.6,centralizada,j6021_1.sm,1,4.026315789473684,0.2833333333333333,0.0683749102029329,0.3333333333333333,0.55,60,0,28,terminal,498.0,0.0,32.0,74.97083376371174,True,0
grade,ativo,1.0,0.6,centralizada,j6021_1.sm,2,4.065789473684211,0.3333333333333333,0.1224061202257651,0.43333333333333335,0.65,60,0,6,terminal,530.0,0.0,6.0,129.63989547433093,True,0
grade,ativo,1.0,0.6,centralizada,j6021_1.sm,3,3.3421052631578947,0.26666666666666666,0.06564657834777841,0.3,0.65,60,0,32,terminal,506.0,0.0,32.0,71.44260541862144,True,0
grade,ativo,1.0,0.6,centralizada,j6032_1.sm,0,2.1449275362318843,0.2,0.0967994650020283,0.2,0.65,60,0,46,terminal,572.0,0.0,54.0,50.12141970568354,True,0
grade,ativo,1.0,0.6,centralizada,j6032_1.sm,1,3.0434782608695654,0.21666666666666667,0.07044001071217842,0.3,0.6666666666666666,60,0,48,terminal,562.0,0.0,51.0,66.64315301011685,True,0
grade,ativo,1.0,0.6,centralizada,j6032_1.sm,2,2.4782608695652173,0.36666666666666664,0.09889887916372996,0.4166666666666667,0.7333333333333333,60,0,36,terminal,562.0,0.0,36.0,93.41886030842049,True,0
grade,ativo,1.0,0.6,centralizada,j6032_1.sm,3,2.8260869565217392,0.21666666666666667,0.07114093409908148,0.23333333333333334,0.6166666666666667,60,0,80,terminal,522.0,0.0,80.0,58.58347371525558,True,0
grade,ativo,1.0,0.6,centralizada,j6043_1.sm,0,1.3333333333333333,0.11666666666666667,0.024001483704466097,0.11666666666666667,0.5,60,0,62,terminal,448.0,0.0,77.0,18.016495557291677,True,0
grade,ativo,1.0,0.6,centralizada,j6043_1.sm,1,2.3055555555555554,0.13333333333333333,0.04780411987742681,0.2,0.5666666666666667,60,0,37,terminal,489.0,0.0,42.0,55.79607717089476,True,0
grade,ativo,1.0,0.6,centralizada,j6043_1.sm,2,3.1203703703703702,0.23333333333333334,0.08095460371177066,0.25,0.6333333333333333,60,0,42,terminal,509.0,0.0,42.0,52.53883763973141,True,0
grade,ativo,1.0,0.6,centralizada,j6043_1.sm,3,1.6296296296296295,0.2,0.056938273587078224,0.21666666666666667,0.5833333333333334,60,0,87,terminal,457.0,0.0,87.0,45.71423691857418,True,0
grade,ativo,1.0,0.6,adaptativa,j6010_1.sm,0,1.2823529411764707,0.13333333333333333,0.033405231824422135,0.26666666666666666,0.55,60,58,0,terminal,374.0,40.0,26.0,53.8218171381676,True,0
grade,ativo,1.0,0.6,adaptativa,j6010_1.sm,1,1.3176470588235294,0.08333333333333333,0.014601391769380738,0.21666666666666667,0.5166666666666667,60,35,0,terminal,389.0,18.0,20.0,40.25476374280298,True,0
grade,ativo,1.0,0.6,adaptativa,j6010_1.sm,2,1.423529411764706,0.016666666666666666,0.010835913312693499,0.26666666666666666,0.6333333333333333,60,71,0,terminal,393.0,43.0,28.0,61.62416392802712,True,0
grade,ativo,1.0,0.6,adaptativa,j6010_1.sm,3,1.388235294117647,0.016666666666666666,0.003998537428665129,0.21666666666666667,0.5833333333333334,60,58,0,terminal,395.0,26.0,33.0,41.64122286986368,True,0
grade,ativo,1.0,0.6,adaptativa,j6021_1.sm,0,2.25,0.06666666666666667,0.029756195932182296,0.26666666666666666,0.6166666666666667,60,38,0,terminal,374.0,28.0,17.0,54.08924973947447,True,0
grade,ativo,1.0,0.6,adaptativa,j6021_1.sm,1,2.5657894736842106,0.03333333333333333,0.02590426598589707,0.2,0.6166666666666667,60,33,0,terminal,382.0,24.0,11.0,49.36650131258885,True,0
grade,ativo,1.0,0.6,adaptativa,j6021_1.sm,2,2.6710526315789473,0.03333333333333333,0.012048192771084338,0.31666666666666665,0.5,60,34,0,terminal,410.0,24.0,14.0,72.10676380188352,True,0
grade,ativo,1.0,0.6,adaptativa,j6021_1.sm,3,2.986842105263158,0.06666666666666667,0.026785864714946418,0.2833333333333333,0.6,60,57,0,terminal,401.0,37.0,20.0,86.63872864307196,True,0
grade,ativo,1.0,0.6,adaptativa,j6032_1.sm,0,1.565217391304348,0.11666666666666667,0.013550987570726987,0.2,0.5,60,37,0,terminal,447.0,18.0,20.0,34.59005294116362,True,0
grade,ativo,1.0,0.6,adaptativa,j6032_1.sm,1,1.608695652173913,0.1,0.02373887240356083,0.3333333333333333,0.5,60,44,0,terminal,446.0,12.0,36.0,78.88691488173336,True,0
grade,ativo,1.0,0.6,adaptativa,j6032_1.sm,2,1.7681159420289856,0.08333333333333333,0.02967359050445104,0.3333333333333333,0.5666666666666667,60,43,0,terminal,451.0,11.0,32.0,79.64281270677672,True,0
grade,ativo,1.0,0.6,adaptativa,j6032_1.sm,3,1.608695652173913,0.05,0.012232804957111952,0.18333333333333332,0.5833333333333334,60,68,0,terminal,436.0,30.0,38.0,43.48255206903322,True,0
grade,ativo,1.0,0.6,adaptativa,j6043_1.sm,0,1.1111111111111112,0.03333333333333333,0.0074850299401197605,0.11666666666666667,0.5333333333333333,60,67,0,terminal,342.0,57.0,29.0,24.0,True,0
grade,ativo,1.0,0.6,adaptativa,j6043_1.sm,1,1.0925925925925926,0.08333333333333333,0.02902350429162627,0.23333333333333334,0.65,60,66,0,terminal,346.0,49.0,24.0,37.68308169930155,True,0
grade,ativo,1.0,0.6,adaptativa,j6043_1.sm,2,1.1666666666666667,0.05,0.008982035928143712,0.26666666666666666,0.6,60,71,0,terminal,357.0,46.0,25.0,50.547597355858265,True,0
grade,ativo,1.0,0.6,adaptativa,j6043_1.sm,3,1.2037037037037037,0.11666666666666667,0.02694610778443114,0.23333333333333334,0.5166666666666667,60,79,0,terminal,353.0,51.0,29.0,43.36839752321363,True,0
grade,ativo,1.4,0.01,centralizada,j6010_1.sm,0,256.0,0.0,0.0,0.0,nan,0,0,108800,limite_seguranca,0.0,0.0,130560.0,0.0,False,0
grade,ativo,1.4,0.01,centralizada,j6010_1.sm,1,256.0,0.0,0.0,0.0,nan,0,0,108800,limite_seguranca,0.0,0.0,130560.0,0.0,False,0
grade,ativo,1.4,0.01,centralizada,j6010_1.sm,2,256.0,0.0,0.0,0.0,nan,0,0,108800,limite_seguranca,0.0,0.0,130560.0,0.0,False,0
grade,ativo,1.4,0.01,centralizada,j6010_1.sm,3,256.0,0.0,0.0,0.0,nan,0,0,108800,limite_seguranca,0.0,0.0,130560.0,0.0,False,0
grade,ativo,1.4,0.01,centralizada,j6021_1.sm,0,256.0,0.0,0.0,0.0,nan,0,0,97280,limite_seguranca,0.0,0.0,116736.0,0.0,False,0
grade,ativo,1.4,0.01,centralizada,j6021_1.sm,1,256.0,0.0,0.0,0.0,nan,0,0,97280,limite_seguranca,0.0,0.0,116736.0,0.0,False,0
grade,ativo,1.4,0.01,centralizada,j6021_1.sm,2,256.0,0.016666666666666666,0.012048192771084338,0.03333333333333333,0.0,11,0,97154,limite_seguranca,82.0,0.0,116581.0,7.5,False,0
grade,ativo,1.4,0.01,centralizada,j6021_1.sm,3,4.921052631578948,0.38333333333333336,0.08763266283476989,0.4,0.5166666666666667,60,0,717,terminal,562.0,0.0,717.0,125.86223632431691,True,0
grade,ativo,1.4,0.01,centralizada,j6032_1.sm,0,256.0,0.016666666666666666,0.005934718100890208,0.016666666666666666,0.0,8,0,88269,limite_seguranca,48.0,0.0,105918.0,2.0,False,0
grade,ativo,1.4,0.01,centralizada,j6032_1.sm,1,256.0,0.016666666666666666,0.005934718100890208,0.016666666666666666,0.0,8,0,88269,limite_seguranca,48.0,0.0,105918.0,2.0,False,0
grade,ativo,1.4,0.01,centralizada,j6032_1.sm,2,3.2753623188405796,0.3,0.16151871397484188,0.35,0.36666666666666664,60,0,329,terminal,610.0,0.0,329.0,128.87976077496864,True,0
grade,ativo,1.4,0.01,centralizada,j6032_1.sm,3,3.710144927536232,0.3333333333333333,0.12495371298518879,0.43333333333333335,0.4666666666666667,60,0,570,terminal,621.0,0.0,570.0,149.11810731036644,True,0
grade,ativo,1.4,0.01,centralizada,j6043_1.sm,0,256.0,0.0,0.0,0.0,nan,0,0,138240,limite_seguranca,0.0,0.0,165888.0,0.0,False,0
grade,ativo,1.4,0.01,centralizada,j6043_1.sm,1,256.0,0.0,0.0,0.0,nan,0,0,138240,limite_seguranca,0.0,0.0,165888.0,0.0,False,0
grade,ativo,1.4,0.01,centralizada,j6043_1.sm,2,2.638888888888889,0.43333333333333335,0.16754074337365113,0.48333333333333334,0.4166666666666667,60,0,417,terminal,599.0,0.0,417.0,156.16591727406666,True,0
grade,ativo,1.4,0.01,centralizada,j6043_1.sm,3,2.814814814814815,0.4166666666666667,0.15436300908444436,0.4666666666666667,0.4666666666666667,60,0,593,terminal,602.0,0.0,593.0,157.9824262201713,True,0
grade,ativo,1.4,0.01,adaptativa,j6010_1.sm,0,2.152941176470588,0.05,0.014255300435089347,0.3,0.36666666666666664,60,286,0,terminal,460.0,256.0,67.0,87.15771396930859,True,0
grade,ativo,1.4,0.01,adaptativa,j6010_1.sm,1,2.388235294117647,0.06666666666666667,0.01393188854489164,0.2833333333333333,0.1,60,345,0,terminal,424.0,318.0,83.0,70.22998243556444,True,0
grade,ativo,1.4,0.01,adaptativa,j6010_1.sm,2,2.2470588235294118,0.1,0.033197186739197124,0.3,0.25,60,287,0,terminal,433.0,230.0,80.0,80.07253868354397,True,0
grade,ativo,1.4,0.01,adaptativa,j6010_1.sm,3,2.2823529411764705,0.1,0.03455034605199258,0.38333333333333336,0.36666666666666664,60,316,0,terminal,448.0,255.0,81.0,92.26358162356378,True,0
grade,ativo,1.4,0.01,adaptativa,j6021_1.sm,0,3.0921052631578947,0.06666666666666667,0.026810394795389332,0.21666666666666667,0.18333333333333332,60,347,0,terminal,449.0,305.0,82.0,58.45115453934183,True,0
grade,ativo,1.4,0.01,adaptativa,j6021_1.sm,1,3.1710526315789473,0.08333333333333333,0.015060240963855422,0.36666666666666664,0.25,60,211,0,terminal,437.0,193.0,48.0,84.69366945624415,True,0
grade,ativo,1.4,0.01,adaptativa,j6021_1.sm,2,2.8289473684210527,0.1,0.05229297403429845,0.36666666666666664,0.21666666666666667,60,211,0,terminal,436.0,172.0,48.0,100.62731135179996,True,0
grade,ativo,1.4,0.01,adaptativa,j6021_1.sm,3,3.789473684210526,0.11666666666666667,0.03246118403803042,0.35,0.21666666666666667,60,354,21,terminal,470.0,299.0,76.0,94.44648743187662,True,0
grade,ativo,1.4,0.01,adaptativa,j6032_1.sm,0,2.681159420289855,0.1,0.024265693281301817,0.26666666666666666,0.06666666666666667,60,363,0,terminal,476.0,302.0,96.0,53.837371139736305,True,0
grade,ativo,1.4,0.01,adaptativa,j6032_1.sm,1,2.1594202898550723,0.05,0.011869436201780416,0.23333333333333334,0.05,60,269,0,terminal,446.0,217.0,85.0,47.15129827615362,True,0
grade,ativo,1.4,0.01,adaptativa,j6032_1.sm,2,2.63768115942029,0.05,0.02084404879657105,0.31666666666666665,0.21666666666666667,60,364,1,terminal,491.0,244.0,121.0,89.86627077939917,True,0
grade,ativo,1.4,0.01,adaptativa,j6032_1.sm,3,2.681159420289855,0.06666666666666667,0.037259907041271766,0.3,0.3333333333333333,60,371,10,terminal,503.0,265.0,116.0,77.44054707850306,True,0
grade,ativo,1.4,0.01,adaptativa,j6043_1.sm,0,2.5277777777777777,0.08333333333333333,0.017964071856287425,0.25,0.05,60,625,0,terminal,429.0,563.0,128.0,57.14360879461372,True,0
grade,ativo,1.4,0.01,adaptativa,j6043_1.sm,1,2.1666666666666665,0.03333333333333333,0.005988023952095809,0.23333333333333334,0.016666666666666666,60,519,0,terminal,405.0,468.0,111.0,31.531195138208936,True,0
grade,ativo,1.4,0.01,adaptativa,j6043_1.sm,2,1.9444444444444444,0.1,0.03301921422358243,0.3,0.16666666666666666,60,382,0,terminal,431.0,302.0,93.0,71.10907369532768,True,0
grade,ativo,1.4,0.01,adaptativa,j6043_1.sm,3,2.537037037037037,0.016666666666666666,0.005988023952095809,0.3,0.25,60,562,34,terminal,485.0,468.0,130.0,86.57671061671837,True,0
grade,ativo,1.4,0.25,centralizada,j6010_1.sm,0,3.152941176470588,0.35,0.10468720294126083,0.36666666666666664,0.55,60,0,216,terminal,571.0,0.0,258.0,107.19361888328392,True,0
grade,ativo,1.4,0.25,centralizada,j6010_1.sm,1,3.011764705882353,0.3,0.11833558433318785,0.3333333333333333,0.4166666666666667,60,0,183,terminal,526.0,0.0,206.0,81.39510214034773,True,0
grade,ativo,1.4,0.25,centralizada,j6010_1.sm,2,3.6470588235294117,0.1,0.046793634507678504,0.18333333333333332,0.48333333333333334,60,0,241,terminal,553.0,0.0,254.0,73.13660930720063,True,0
grade,ativo,1.4,0.25,centralizada,j6010_1.sm,3,3.2,0.2833333333333333,0.07793177947117372,0.31666666666666665,0.5333333333333333,60,0,183,terminal,546.0,0.0,186.0,61.264913466914805,True,0
grade,ativo,1.4,0.25,centralizada,j6021_1.sm,0,3.763157894736842,0.25,0.06852740122926872,0.31666666666666665,0.5,60,0,240,terminal,566.0,0.0,265.0,84.61960955328948,True,0
grade,ativo,1.4,0.25,centralizada,j6021_1.sm,1,3.5657894736842106,0.26666666666666666,0.12227995245910137,0.31666666666666665,0.43333333333333335,60,0,135,terminal,557.0,0.0,151.0,83.759023985107,True,0
grade,ativo,1.4,0.25,centralizada,j6021_1.sm,2,3.486842105263158,0.3,0.1309233583085947,0.38333333333333336,0.55,60,0,91,terminal,567.0,0.0,97.0,127.52327624015827,True,0
grade,ativo,1.4,0.25,centralizada,j6021_1.sm,3,4.4868421052631575,0.3,0.0551647057046769,0.35,0.48333333333333334,60,0,237,terminal,560.0,0.0,237.0,102.40201468027372,True,0
grade,ativo,1.4,0.25,centralizada,j6032_1.sm,0,3.782608695652174,0.2833333333333333,0.10263650644488116,0.3333333333333333,0.5666666666666667,60,0,309,terminal,618.0,0.0,355.0,98.88708249342598,True,0
grade,ativo,1.4,0.25,centralizada,j6032_1.sm,1,3.1739130434782608,0.4,0.15261596687413703,0.43333333333333335,0.6,60,0,239,terminal,636.0,0.0,276.0,126.36712613381461,True,0
grade,ativo,1.4,0.25,centralizada,j6032_1.sm,2,3.4057971014492754,0.43333333333333335,0.17295058298732857,0.48333333333333334,0.5166666666666667,60,0,258,terminal,596.0,0.0,258.0,144.98336086012426,True,0
grade,ativo,1.4,0.25,centralizada,j6032_1.sm,3,4.115942028985507,0.38333333333333336,0.09427518337436278,0.5166666666666667,0.5833333333333334,60,0,238,terminal,628.0,0.0,238.0,133.07797783416243,True,0
grade,ativo,1.4,0.25,centralizada,j6043_1.sm,0,2.8796296296296298,0.2,0.039655613618857055,0.23333333333333334,0.45,60,0,406,terminal,549.0,0.0,474.0,63.47751134546814,True,0
grade,ativo,1.4,0.25,centralizada,j6043_1.sm,1,2.4722222222222223,0.2833333333333333,0.0903269558316215,0.36666666666666664,0.65,60,0,413,terminal,598.0,0.0,490.0,99.2619275973726,True,0
grade,ativo,1.4,0.25,centralizada,j6043_1.sm,2,2.935185185185185,0.2,0.06771392659956621,0.26666666666666666,0.4166666666666667,60,0,221,terminal,544.0,0.0,224.0,79.40431969245863,True,0
grade,ativo,1.4,0.25,centralizada,j6043_1.sm,3,2.8981481481481484,0.3333333333333333,0.07199528892517829,0.4,0.4166666666666667,60,0,423,terminal,559.0,0.0,423.0,115.55333259643518,True,0
grade,ativo,1.4,0.25,adaptativa,j6010_1.sm,0,1.8941176470588235,0.016666666666666666,0.0030959752321981426,0.16666666666666666,0.16666666666666666,60,289,0,terminal,387.0,250.0,73.0,33.72724568907226,True,0
grade,ativo,1.4,0.25,adaptativa,j6010_1.sm,1,1.6823529411764706,0.016666666666666666,0.015479876160990712,0.16666666666666666,0.2,60,185,0,terminal,398.0,169.0,46.0,32.45314982895908,True,0
grade,ativo,1.4,0.25,adaptativa,j6010_1.sm,2,1.964705882352941,0.06666666666666667,0.02732969862617914,0.31666666666666665,0.31666666666666665,60,213,0,terminal,414.0,167.0,63.0,72.73416883279738,True,0
grade,ativo,1.4,0.25,adaptativa,j6010_1.sm,3,1.6823529411764706,0.016666666666666666,0.01238390092879257,0.18333333333333332,0.36666666666666664,60,162,0,terminal,407.0,124.0,45.0,39.09657890811032,True,0
grade,ativo,1.4,0.25,adaptativa,j6021_1.sm,0,2.6578947368421053,0.05,0.01313268948428691,0.3,0.36666666666666664,60,120,0,terminal,428.0,109.0,27.0,75.01406852093993,True,0
grade,ativo,1.4,0.25,adaptativa,j6021_1.sm,1,3.236842105263158,0.05,0.025482579238909116,0.36666666666666664,0.2833333333333333,60,120,0,terminal,420.0,110.0,27.0,89.30951506414658,True,0
grade,ativo,1.4,0.25,adaptativa,j6021_1.sm,2,2.5789473684210527,0.03333333333333333,0.006024096385542169,0.31666666666666665,0.2833333333333333,60,95,0,terminal,432.0,75.0,27.0,75.35084265948763,True,0
grade,ativo,1.4,0.25,adaptativa,j6021_1.sm,3,3.1315789473684212,0.05,0.014203158530178698,0.26666666666666666,0.4166666666666667,60,171,0,terminal,456.0,130.0,41.0,88.01908793760128,True,0
grade,ativo,1.4,0.25,adaptativa,j6032_1.sm,0,2.130434782608696,0.11666666666666667,0.02225519287833828,0.3,0.25,60,237,0,terminal,465.0,187.0,66.0,65.7138754802569,True,0
grade,ativo,1.4,0.25,adaptativa,j6032_1.sm,1,2.1449275362318843,0.11666666666666667,0.025980181233683383,0.36666666666666664,0.23333333333333334,60,169,0,terminal,451.0,121.0,66.0,91.8757483067732,True,0
grade,ativo,1.4,0.25,adaptativa,j6032_1.sm,2,2.1594202898550723,0.06666666666666667,0.04563644270432738,0.26666666666666666,0.26666666666666666,60,241,0,terminal,456.0,142.0,106.0,74.67267865704041,True,0
grade,ativo,1.4,0.25,adaptativa,j6032_1.sm,3,2.347826086956522,0.05,0.012266229146797956,0.31666666666666665,0.45,60,279,0,terminal,481.0,179.0,100.0,76.04751529292875,True,0
grade,ativo,1.4,0.25,adaptativa,j6043_1.sm,0,1.7407407407407407,0.08333333333333333,0.024569293826583828,0.18333333333333332,0.23333333333333334,60,304,0,terminal,397.0,259.0,73.0,41.80742124740928,True,0
grade,ativo,1.4,0.25,adaptativa,j6043_1.sm,1,1.8611111111111112,0.1,0.014459843470150474,0.21666666666666667,0.1,60,401,0,terminal,381.0,357.0,86.0,41.32958771903026,True,0
grade,ativo,1.4,0.25,adaptativa,j6043_1.sm,2,1.7685185185185186,0.08333333333333333,0.021345198535740885,0.3,0.31666666666666665,60,235,0,terminal,425.0,172.0,70.0,79.59517097400538,True,0
grade,ativo,1.4,0.25,adaptativa,j6043_1.sm,3,1.8240740740740742,0.08333333333333333,0.014970059880239521,0.25,0.23333333333333334,60,322,0,terminal,412.0,255.0,74.0,51.76654883418069,True,0
grade,ativo,1.4,0.6,centralizada,j6010_1.sm,0,2.2588235294117647,0.18333333333333332,0.061012966847639974,0.2,0.5833333333333334,60,0,57,terminal,493.0,0.0,69.0,35.46298607060341,True,0
grade,ativo,1.4,0.6,centralizada,j6010_1.sm,1,2.2823529411764705,0.26666666666666666,0.12218251003060628,0.3333333333333333,0.48333333333333334,60,0,23,terminal,500.0,0.0,31.0,72.38413990020072,True,0
grade,ativo,1.4,0.6,centralizada,j6010_1.sm,2,2.623529411764706,0.4166666666666667,0.10936608377466277,0.45,0.65,60,0,28,terminal,509.0,0.0,29.0,83.21651148785266,True,0
grade,ativo,1.4,0.6,centralizada,j6010_1.sm,3,1.9411764705882353,0.18333333333333332,0.04785668958228427,0.21666666666666667,0.4666666666666667,60,0,100,terminal,488.0,0.0,101.0,46.94570803051517,True,0
grade,ativo,1.4,0.6,centralizada,j6021_1.sm,0,3.8421052631578947,0.2,0.05723256108914521,0.25,0.43333333333333335,60,0,77,terminal,523.0,0.0,86.0,76.27091928207697,True,0
grade,ativo,1.4,0.6,centralizada,j6021_1.sm,1,4.7105263157894735,0.2,0.07343079196205378,0.2,0.55,60,0,40,terminal,520.0,0.0,43.0,59.40930741122857,True,0
grade,ativo,1.4,0.6,centralizada,j6021_1.sm,2,4.421052631578948,0.26666666666666666,0.10912294168903366,0.3,0.4666666666666667,60,0,18,terminal,543.0,0.0,20.0,94.43676443499115,True,0
grade,ativo,1.4,0.6,centralizada,j6021_1.sm,3,3.526315789473684,0.36666666666666664,0.11530228794324328,0.36666666666666664,0.6333333333333333,60,0,54,terminal,522.0,0.0,54.0,92.37372066119147,True,0
grade,ativo,1.4,0.6,centralizada,j6032_1.sm,0,2.4347826086956523,0.21666666666666667,0.08081372367605494,0.21666666666666667,0.45,60,0,54,terminal,552.0,0.0,65.0,50.55886774034564,True,0
grade,ativo,1.4,0.6,centralizada,j6032_1.sm,1,2.9130434782608696,0.2,0.08888213657370328,0.2833333333333333,0.5833333333333334,60,0,43,terminal,555.0,0.0,52.0,63.634045402863364,True,0
grade,ativo,1.4,0.6,centralizada,j6032_1.sm,2,3.1449275362318843,0.4,0.17865480147230006,0.4666666666666667,0.5666666666666667,60,0,40,terminal,578.0,0.0,43.0,119.06592708576663,True,0
grade,ativo,1.4,0.6,centralizada,j6032_1.sm,3,2.130434782608696,0.23333333333333334,0.09669190885348489,0.26666666666666666,0.6166666666666667,60,0,101,terminal,570.0,0.0,101.0,63.667583063683075,True,0
grade,ativo,1.4,0.6,centralizada,j6043_1.sm,0,1.5833333333333333,0.2,0.054139193261883316,0.21666666666666667,0.4666666666666667,60,0,111,terminal,459.0,0.0,129.0,46.35683182918964,True,0
grade,ativo,1.4,0.6,centralizada,j6043_1.sm,1,2.324074074074074,0.18333333333333332,0.04640718562874251,0.2,0.48333333333333334,60,0,99,terminal,452.0,0.0,124.0,39.2351102449667,True,0
grade,ativo,1.4,0.6,centralizada,j6043_1.sm,2,1.8148148148148149,0.3333333333333333,0.09512754526350477,0.35,0.5166666666666667,60,0,102,terminal,517.0,0.0,102.0,80.39134866120583,True,0
grade,ativo,1.4,0.6,centralizada,j6043_1.sm,3,2.4537037037037037,0.2833333333333333,0.08258300207962882,0.2833333333333333,0.5166666666666667,60,0,81,terminal,504.0,0.0,81.0,79.27113441778904,True,0
grade,ativo,1.4,0.6,adaptativa,j6010_1.sm,0,1.388235294117647,0.03333333333333333,0.021601087675372107,0.13333333333333333,0.4166666666666667,60,66,0,terminal,365.0,44.0,25.0,29.539028408706923,True,0
grade,ativo,1.4,0.6,adaptativa,j6010_1.sm,1,1.3058823529411765,0.05,0.021398650494690627,0.13333333333333333,0.35,60,54,0,terminal,387.0,32.0,34.0,32.009546590765574,True,0
grade,ativo,1.4,0.6,adaptativa,j6010_1.sm,2,1.6705882352941177,0.11666666666666667,0.02538034007544937,0.3333333333333333,0.5666666666666667,60,51,0,terminal,407.0,31.0,21.0,77.95333967402499,True,0
grade,ativo,1.4,0.6,adaptativa,j6010_1.sm,3,1.4588235294117646,0.016666666666666666,0.02182108982029522,0.21666666666666667,0.3333333333333333,60,116,0,terminal,374.0,81.0,36.0,40.11618310420014,True,0
grade,ativo,1.4,0.6,adaptativa,j6021_1.sm,0,2.75,0.13333333333333333,0.025482579238909116,0.36666666666666664,0.5333333333333333,60,101,0,terminal,383.0,85.0,32.0,76.49803421397756,True,0
grade,ativo,1.4,0.6,adaptativa,j6021_1.sm,1,2.8684210526315788,0.08333333333333333,0.03543282518769906,0.36666666666666664,0.45,60,57,0,terminal,401.0,48.0,19.0,95.67866967986598,True,0
grade,ativo,1.4,0.6,adaptativa,j6021_1.sm,2,2.460526315789474,0.05,0.010542168674698794,0.31666666666666665,0.5666666666666667,60,39,0,terminal,440.0,26.0,13.0,62.055868570897545,True,0
grade,ativo,1.4,0.6,adaptativa,j6021_1.sm,3,3.0921052631578947,0.05,0.026810394795389332,0.2833333333333333,0.5833333333333334,60,86,0,terminal,416.0,62.0,24.0,66.2866730524189,True,0
grade,ativo,1.4,0.6,adaptativa,j6032_1.sm,0,1.7246376811594204,0.13333333333333333,0.019287833827893175,0.31666666666666665,0.5166666666666667,60,59,0,terminal,448.0,28.0,35.0,69.79998766676634,True,0
grade,ativo,1.4,0.6,adaptativa,j6032_1.sm,1,1.5072463768115942,0.016666666666666666,0.005934718100890208,0.15,0.35,60,55,0,terminal,446.0,33.0,30.0,33.16247640317925,True,0
grade,ativo,1.4,0.6,adaptativa,j6032_1.sm,2,1.826086956521739,0.11666666666666667,0.028080649915953496,0.43333333333333335,0.4666666666666667,60,43,0,terminal,509.0,18.0,25.0,91.66378070861492,True,0
grade,ativo,1.4,0.6,adaptativa,j6032_1.sm,3,2.0434782608695654,0.05,0.01839755604455408,0.35,0.5666666666666667,60,144,0,terminal,448.0,79.0,65.0,83.1107299371624,True,0
grade,ativo,1.4,0.6,adaptativa,j6043_1.sm,0,1.1203703703703705,0.03333333333333333,0.011976047904191617,0.13333333333333333,0.45,60,126,0,terminal,334.0,111.0,39.0,25.0,True,0
grade,ativo,1.4,0.6,adaptativa,j6043_1.sm,1,1.1851851851851851,0.11666666666666667,0.02694610778443114,0.25,0.43333333333333335,60,93,0,terminal,347.0,78.0,30.0,51.5,True,0
grade,ativo,1.4,0.6,adaptativa,j6043_1.sm,2,1.4351851851851851,0.06666666666666667,0.020958083832335328,0.3333333333333333,0.4166666666666667,60,104,0,terminal,402.0,71.0,33.0,71.00089285507445,True,0
grade,ativo,1.4,0.6,adaptativa,j6043_1.sm,3,1.3148148148148149,0.08333333333333333,0.02682885486510005,0.21666666666666667,0.5333333333333333,60,180,0,terminal,364.0,125.0,57.0,39.115469832935304,True,0
grade,desligado,0.7,0.01,centralizada,j6010_1.sm,0,3.0470588235294116,0.31666666666666665,0.12121243625792492,0.3333333333333333,0.65,60,0,239,terminal,609.0,0.0,290.0,104.0966774721529,True,0
grade,desligado,0.7,0.01,centralizada,j6010_1.sm,1,3.164705882352941,0.4166666666666667,0.19087832404964114,0.45,0.75,60,0,244,terminal,596.0,0.0,291.0,158.64502310701894,True,0
grade,desligado,0.7,0.01,centralizada,j6010_1.sm,2,2.988235294117647,0.3333333333333333,0.158360688572725,0.36666666666666664,0.7666666666666667,60,0,389,terminal,600.0,0.0,433.0,135.44914934560225,True,0
grade,desligado,0.7,0.01,centralizada,j6010_1.sm,3,3.4823529411764707,0.4,0.1264778853639296,0.43333333333333335,0.7333333333333333,60,0,294,terminal,609.0,0.0,340.0,134.0792883746995,True,0
grade,desligado,0.7,0.01,centralizada,j6021_1.sm,0,5.526315789473684,0.2833333333333333,0.07349954251266398,0.36666666666666664,0.6833333333333333,60,0,339,terminal,586.0,0.0,402.0,110.21741067992286,True,0
grade,desligado,0.7,0.01,centralizada,j6021_1.sm,1,4.328947368421052,0.2833333333333333,0.11240119403361315,0.36666666666666664,0.7833333333333333,60,0,332,terminal,606.0,0.0,399.0,133.37918630696007,True,0
grade,desligado,0.7,0.01,centralizada,j6021_1.sm,2,4.118421052631579,0.3333333333333333,0.1413356976651297,0.4,0.6,60,0,241,terminal,577.0,0.0,278.0,130.69200741646736,True,0
grade,desligado,0.7,0.01,centralizada,j6021_1.sm,3,4.802631578947368,0.23333333333333334,0.04023678326835286,0.3333333333333333,0.5,60,0,633,terminal,561.0,0.0,633.0,115.33852439775436,True,0
grade,desligado,0.7,0.01,centralizada,j6032_1.sm,0,3.739130434782609,0.3,0.10018066565364335,0.3333333333333333,0.75,60,0,383,terminal,647.0,0.0,436.0,109.7944224720773,True,0
grade,desligado,0.7,0.01,centralizada,j6032_1.sm,1,3.5072463768115942,0.38333333333333336,0.1697519722152982,0.48333333333333334,0.7666666666666667,60,0,346,terminal,647.0,0.0,408.0,153.53004825569207,True,0
grade,desligado,0.7,0.01,centralizada,j6032_1.sm,2,3.463768115942029,0.3,0.1165477469039727,0.31666666666666665,0.5833333333333334,60,0,239,terminal,607.0,0.0,239.0,85.97839954407857,True,0
grade,desligado,0.7,0.01,centralizada,j6032_1.sm,3,3.869565217391304,0.48333333333333334,0.155052386051351,0.5,0.7166666666666667,60,0,317,terminal,644.0,0.0,317.0,173.79485510709947,True,0
grade,desligado,0.7,0.01,centralizada,j6043_1.sm,0,2.7314814814814814,0.3333333333333333,0.10464689317491996,0.38333333333333336,0.8166666666666667,60,0,495,terminal,625.0,0.0,578.0,111.246292431927,True,0
grade,desligado,0.7,0.01,centralizada,j6043_1.sm,1,2.7222222222222223,0.31666666666666665,0.12501075295564407,0.4166666666666667,0.7666666666666667,60,0,442,terminal,640.0,0.0,533.0,113.7101542578526,True,0
grade,desligado,0.7,0.01,centralizada,j6043_1.sm,2,2.4166666666666665,0.4,0.12277367803295547,0.4666666666666667,0.5666666666666667,60,0,427,terminal,587.0,0.0,427.0,156.15602441415336,True,0
grade,desligado,0.7,0.01,centralizada,j6043_1.sm,3,2.611111111111111,0.4166666666666667,0.10082338957148093,0.45,0.6333333333333333,60,0,431,terminal,588.0,0.0,431.0,112.93152528706293,True,0
grade,desligado,0.7,0.01,adaptativa,j6010_1.sm,0,2.1294117647058823,0.08333333333333333,0.023259921383777003,0.2833333333333333,0.5166666666666667,60,227,0,terminal,451.0,207.0,51.0,79.69066641636032,True,0
grade,desligado,0.7,0.01,adaptativa,j6010_1.sm,1,1.8352941176470587,0.08333333333333333,0.018559643011830922,0.35,0.36666666666666664,60,196,0,terminal,421.0,176.0,48.0,78.33020933514923,True,0
grade,desligado,0.7,0.01,adaptativa,j6010_1.sm,2,1.8470588235294119,0.11666666666666667,0.016429709803192593,0.3,0.4666666666666667,60,165,0,terminal,412.0,143.0,45.0,56.448290734552245,True,0
grade,desligado,0.7,0.01,adaptativa,j6010_1.sm,3,2.0588235294117645,0.016666666666666666,0.017004138269327528,0.38333333333333336,0.55,60,291,0,terminal,447.0,220.0,84.0,91.03522359388815,True,0
grade,desligado,0.7,0.01,adaptativa,j6021_1.sm,0,3.026315789473684,0.1,0.03808846486884193,0.36666666666666664,0.48333333333333334,60,199,0,terminal,432.0,179.0,46.0,86.31497313648138,True,0
grade,desligado,0.7,0.01,adaptativa,j6021_1.sm,1,2.986842105263158,0.08333333333333333,0.015092218926474896,0.4166666666666667,0.5333333333333333,60,108,0,terminal,424.0,104.0,22.0,96.04989348804091,True,0
grade,desligado,0.7,0.01,adaptativa,j6021_1.sm,2,2.8026315789473686,0.08333333333333333,0.019104440101467803,0.35,0.38333333333333336,60,111,0,terminal,425.0,97.0,23.0,97.2195892598496,True,0
grade,desligado,0.7,0.01,adaptativa,j6021_1.sm,3,3.1052631578947367,0.05,0.024314207815299176,0.38333333333333336,0.5,60,222,0,terminal,464.0,169.0,53.0,111.66325389884476,True,0
grade,desligado,0.7,0.01,adaptativa,j6032_1.sm,0,2.1594202898550723,0.11666666666666667,0.02225519287833828,0.31666666666666665,0.36666666666666664,60,215,0,terminal,486.0,180.0,50.0,72.58773786116603,True,0
grade,desligado,0.7,0.01,adaptativa,j6032_1.sm,1,2.130434782608696,0.1,0.03964074881194398,0.35,0.25,60,191,0,terminal,456.0,134.0,75.0,84.43130545063433,True,0
grade,desligado,0.7,0.01,adaptativa,j6032_1.sm,2,2.1594202898550723,0.03333333333333333,0.024579452990499788,0.13333333333333333,0.35,60,250,0,terminal,485.0,147.0,103.0,52.309095259703525,True,0
grade,desligado,0.7,0.01,adaptativa,j6032_1.sm,3,2.36231884057971,0.13333333333333333,0.024911323033234668,0.4,0.4666666666666667,60,269,4,terminal,488.0,192.0,81.0,99.00606289832324,True,0
grade,desligado,0.7,0.01,adaptativa,j6043_1.sm,0,1.962962962962963,0.03333333333333333,0.017964071856287425,0.21666666666666667,0.21666666666666667,60,406,0,terminal,428.0,361.0,81.0,46.4820557168578,True,0
grade,desligado,0.7,0.01,adaptativa,j6043_1.sm,1,1.75,0.05,0.01347305389221557,0.11666666666666667,0.1,60,339,0,terminal,396.0,294.0,73.0,28.705208492584536,True,0
grade,desligado,0.7,0.01,adaptativa,j6043_1.sm,2,1.9537037037037037,0.1,0.035819729260394444,0.26666666666666666,0.15,60,365,0,terminal,424.0,291.0,87.0,64.52633067033207,True,0
grade,desligado,0.7,0.01,adaptativa,j6043_1.sm,3,2.0,0.08333333333333333,0.029273530271002452,0.23333333333333334,0.3,60,388,7,terminal,468.0,309.0,86.0,56.96414826431081,True,0
grade,desligado,0.7,0.25,centralizada,j6010_1.sm,0,2.211764705882353,0.18333333333333332,0.0717151189342587,0.2,0.5666666666666667,60,0,54,terminal,489.0,0.0,62.0,42.83920710257013,True,0
grade,desligado,0.7,0.25,centralizada,j6010_1.sm,1,3.1411764705882352,0.11666666666666667,0.0439573553571161,0.16666666666666666,0.5166666666666667,60,0,15,terminal,503.0,0.0,22.0,43.96413274026409,True,0
grade,desligado,0.7,0.25,centralizada,j6010_1.sm,2,3.623529411764706,0.2833333333333333,0.06967071035725746,0.35,0.7,60,0,9,terminal,524.0,0.0,10.0,90.79479696041174,True,0
grade,desligado,0.7,0.25,centralizada,j6010_1.sm,3,2.223529411764706,0.18333333333333332,0.04371482387701823,0.18333333333333332,0.55,60,0,69,terminal,497.0,0.0,70.0,41.661290367585735,True,0
grade,desligado,0.7,0.25,centralizada,j6021_1.sm,0,3.6447368421052633,0.3,0.11056943742566135,0.3333333333333333,0.7,60,0,38,terminal,518.0,0.0,39.0,95.32345706697413,True,0
grade,desligado,0.7,0.25,centralizada,j6021_1.sm,1,3.1315789473684212,0.2,0.08367440062691002,0.25,0.5666666666666667,60,0,31,terminal,531.0,0.0,34.0,88.1054490573675,True,0
grade,desligado,0.7,0.25,centralizada,j6021_1.sm,2,3.973684210526316,0.4,0.16407344909334748,0.43333333333333335,0.7166666666666667,60,0,14,terminal,542.0,0.0,15.0,145.8204414200683,True,0
grade,desligado,0.7,0.25,centralizada,j6021_1.sm,3,3.4210526315789473,0.25,0.060664547547747166,0.2833333333333333,0.6666666666666666,60,0,58,terminal,529.0,0.0,58.0,84.0439811583245,True,0
grade,desligado,0.7,0.25,centralizada,j6032_1.sm,0,2.3043478260869565,0.18333333333333332,0.07008772151203506,0.23333333333333334,0.5666666666666667,60,0,46,terminal,555.0,0.0,54.0,51.20953443598313,True,0
grade,desligado,0.7,0.25,centralizada,j6032_1.sm,1,3.5072463768115942,0.23333333333333334,0.08019547786323546,0.25,0.5833333333333334,60,0,29,terminal,564.0,0.0,39.0,51.66761891962579,True,0
grade,desligado,0.7,0.25,centralizada,j6032_1.sm,2,3.2028985507246377,0.3333333333333333,0.14979684729725926,0.38333333333333336,0.6833333333333333,60,0,25,terminal,576.0,0.0,28.0,105.32938309072928,True,0
grade,desligado,0.7,0.25,centralizada,j6032_1.sm,3,3.2318840579710146,0.31666666666666665,0.09270149610500172,0.35,0.7333333333333333,60,0,117,terminal,542.0,0.0,117.0,81.76707587447419,True,0
grade,desligado,0.7,0.25,centralizada,j6043_1.sm,0,1.8333333333333333,0.23333333333333334,0.05431887836853643,0.26666666666666666,0.48333333333333334,60,0,90,terminal,468.0,0.0,98.0,57.29111175698745,True,0
grade,desligado,0.7,0.25,centralizada,j6043_1.sm,1,2.425925925925926,0.2,0.06460365690413768,0.2,0.4666666666666667,60,0,60,terminal,478.0,0.0,65.0,46.815990387433146,True,0
grade,desligado,0.7,0.25,centralizada,j6043_1.sm,2,2.074074074074074,0.35,0.08691511216458866,0.36666666666666664,0.6333333333333333,60,0,46,terminal,505.0,0.0,46.0,85.24736174766134,True,0
grade,desligado,0.7,0.25,centralizada,j6043_1.sm,3,1.8611111111111112,0.18333333333333332,0.07126382415201878,0.21666666666666667,0.48333333333333334,60,0,85,terminal,492.0,0.0,85.0,53.311238402094816,True,0
grade,desligado,0.7,0.25,adaptativa,j6010_1.sm,0,1.3176470588235294,0.05,0.0046439628482972135,0.18333333333333332,0.4,60,71,0,terminal,366.0,51.0,26.0,27.105813386084765,True,0
grade,desligado,0.7,0.25,adaptativa,j6010_1.sm,1,1.1294117647058823,0.05,0.015479876160990712,0.16666666666666666,0.36666666666666664,60,65,0,terminal,358.0,42.0,27.0,30.20162377337068,True,0
grade,desligado,0.7,0.25,adaptativa,j6010_1.sm,2,1.5294117647058822,0.06666666666666667,0.019507815741892417,0.25,0.48333333333333334,60,53,0,terminal,402.0,33.0,21.0,57.1441393328424,True,0
grade,desligado,0.7,0.25,adaptativa,j6010_1.sm,3,1.4941176470588236,0.0,0.0,0.2,0.4666666666666667,60,70,0,terminal,389.0,43.0,29.0,44.103550821764614,True,0
grade,desligado,0.7,0.25,adaptativa,j6021_1.sm,0,2.460526315789474,0.05,0.025264966364865294,0.16666666666666666,0.5166666666666667,60,40,0,terminal,380.0,33.0,19.0,34.525953267028854,True,0
grade,desligado,0.7,0.25,adaptativa,j6021_1.sm,1,2.75,0.03333333333333333,0.03562264807119864,0.21666666666666667,0.45,60,19,0,terminal,397.0,14.0,9.0,65.59690687332167,True,0
grade,desligado,0.7,0.25,adaptativa,j6021_1.sm,2,2.4078947368421053,0.06666666666666667,0.02252629782177968,0.31666666666666665,0.5833333333333334,60,43,0,terminal,424.0,29.0,14.0,76.61156453462486,True,0
grade,desligado,0.7,0.25,adaptativa,j6021_1.sm,3,2.4473684210526314,0.05,0.0076970956586282545,0.2,0.65,60,63,0,terminal,407.0,45.0,18.0,42.57936002591692,True,0
grade,desligado,0.7,0.25,adaptativa,j6032_1.sm,0,1.6231884057971016,0.1,0.019952523187509542,0.25,0.48333333333333334,60,45,0,terminal,443.0,22.0,27.0,60.257333170237715,True,0
grade,desligado,0.7,0.25,adaptativa,j6032_1.sm,1,1.6231884057971016,0.05,0.02102283614831292,0.16666666666666666,0.35,60,55,0,terminal,448.0,29.0,34.0,44.24341952898127,True,0
grade,desligado,0.7,0.25,adaptativa,j6032_1.sm,2,1.7826086956521738,0.05,0.012767208245158446,0.3333333333333333,0.55,60,46,0,terminal,493.0,19.0,27.0,82.63857062247195,True,0
grade,desligado,0.7,0.25,adaptativa,j6032_1.sm,3,1.8115942028985508,0.05,0.013761674975452895,0.35,0.5166666666666667,60,94,0,terminal,460.0,53.0,41.0,69.78263178018344,True,0
grade,desligado,0.7,0.25,adaptativa,j6043_1.sm,0,1.1574074074074074,0.05,0.023952095808383235,0.16666666666666666,0.45,60,116,0,terminal,340.0,99.0,37.0,30.5,True,0
grade,desligado,0.7,0.25,adaptativa,j6043_1.sm,1,1.3518518518518519,0.05,0.021754415593743966,0.35,0.43333333333333335,60,84,0,terminal,380.0,61.0,28.0,82.38270625857496,True,0
grade,desligado,0.7,0.25,adaptativa,j6043_1.sm,2,1.2685185185185186,0.06666666666666667,0.020958083832335328,0.4,0.5333333333333333,60,116,0,terminal,379.0,79.0,37.0,75.95571440120078,True,0
grade,desligado,0.7,0.25,adaptativa,j6043_1.sm,3,1.2777777777777777,0.08333333333333333,0.03854099675923028,0.26666666666666666,0.55,60,120,0,terminal,374.0,84.0,37.0,49.18945783925949,True,0
grade,desligado,0.7,0.6,centralizada,j6010_1.sm,0,2.3529411764705883,0.16666666666666666,0.05188877296572285,0.2,0.5666666666666667,60,0,37,terminal,497.0,0.0,41.0,36.62461690854131,True,0
grade,desligado,0.7,0.6,centralizada,j6010_1.sm,1,2.3176470588235296,0.13333333333333333,0.03759774289164923,0.2,0.6833333333333333,60,0,4,terminal,531.0,0.0,6.0,53.44246930884124,True,0
grade,desligado,0.7,0.6,centralizada,j6010_1.sm,2,2.8588235294117648,0.3333333333333333,0.08157550067836991,0.36666666666666664,0.8,60,0,32,terminal,505.0,0.0,32.0,91.92382750371252,True,0
grade,desligado,0.7,0.6,centralizada,j6010_1.sm,3,2.1176470588235294,0.21666666666666667,0.04960949902450461,0.2833333333333333,0.6666666666666666,60,0,15,terminal,491.0,0.0,16.0,59.056118679409664,True,0
grade,desligado,0.7,0.6,centralizada,j6021_1.sm,0,2.986842105263158,0.23333333333333334,0.07500055158588448,0.26666666666666666,0.6833333333333333,60,0,37,terminal,509.0,0.0,38.0,73.77771412379067,True,0
grade,desligado,0.7,0.6,centralizada,j6021_1.sm,1,3.5526315789473686,0.31666666666666665,0.10261307580943112,0.36666666666666664,0.5833333333333334,60,0,20,terminal,529.0,0.0,23.0,101.04041764768911,True,0
grade,desligado,0.7,0.6,centralizada,j6021_1.sm,2,4.618421052631579,0.31666666666666665,0.09806641674910035,0.4166666666666667,0.6833333333333333,60,0,5,terminal,536.0,0.0,5.0,121.19346948854756,True,0
grade,desligado,0.7,0.6,centralizada,j6021_1.sm,3,4.302631578947368,0.35,0.10464852820540294,0.35,0.7666666666666667,60,0,8,terminal,518.0,0.0,8.0,101.35524871029014,True,0
grade,desligado,0.7,0.6,centralizada,j6032_1.sm,0,2.4057971014492754,0.26666666666666666,0.10820550538830259,0.26666666666666666,0.65,60,0,35,terminal,555.0,0.0,38.0,77.82803387773141,True,0
grade,desligado,0.7,0.6,centralizada,j6032_1.sm,1,3.3043478260869565,0.25,0.08447931673847436,0.26666666666666666,0.7333333333333333,60,0,14,terminal,562.0,0.0,15.0,72.88011760192818,True,0
grade,desligado,0.7,0.6,centralizada,j6032_1.sm,2,3.391304347826087,0.3333333333333333,0.10783031765902926,0.35,0.7666666666666667,60,0,25,terminal,571.0,0.0,25.0,100.68613450915976,True,0
grade,desligado,0.7,0.6,centralizada,j6032_1.sm,3,2.318840579710145,0.18333333333333332,0.08073752715977135,0.21666666666666667,0.75,60,0,33,terminal,546.0,0.0,33.0,53.216951302463734,True,0
grade,desligado,0.7,0.6,centralizada,j6043_1.sm,0,1.8148148148148149,0.31666666666666665,0.0713378881917884,0.31666666666666665,0.7166666666666667,60,0,39,terminal,497.0,0.0,41.0,82.30405452888678,True,0
grade,desligado,0.7,0.6,centralizada,j6043_1.sm,1,1.9351851851851851,0.21666666666666667,0.0629523914381028,0.26666666666666666,0.6,60,0,21,terminal,495.0,0.0,27.0,67.98325968749373,True,0
grade,desligado,0.7,0.6,centralizada,j6043_1.sm,2,2.25,0.2833333333333333,0.08926565287836188,0.3333333333333333,0.7,60,0,40,terminal,480.0,0.0,40.0,77.48685373831107,True,0
grade,desligado,0.7,0.6,centralizada,j6043_1.sm,3,1.7037037037037037,0.16666666666666666,0.03521843709032639,0.2,0.7,60,0,31,terminal,458.0,0.0,32.0,39.91957617796475,True,0
grade,desligado,0.7,0.6,adaptativa,j6010_1.sm,0,1.3764705882352941,0.03333333333333333,0.021314337010663563,0.21666666666666667,0.6166666666666667,60,22,0,terminal,392.0,18.0,7.0,47.16410913228971,True,0
grade,desligado,0.7,0.6,adaptativa,j6010_1.sm,1,1.2823529411764707,0.06666666666666667,0.02631578947368421,0.26666666666666666,0.6333333333333333,60,10,0,terminal,400.0,6.0,5.0,56.227107986865065,True,0
grade,desligado,0.7,0.6,adaptativa,j6010_1.sm,2,1.4588235294117646,0.016666666666666666,0.010835913312693499,0.25,0.6166666666666667,60,42,0,terminal,405.0,25.0,17.0,54.797415312865695,True,0
grade,desligado,0.7,0.6,adaptativa,j6010_1.sm,3,1.3764705882352941,0.05,0.018624528500051,0.23333333333333334,0.5,60,29,0,terminal,379.0,10.0,20.0,51.36613799326786,True,0
grade,desligado,0.7,0.6,adaptativa,j6021_1.sm,0,2.223684210526316,0.08333333333333333,0.022050298235386092,0.25,0.7,60,33,0,terminal,382.0,24.0,12.0,58.205222050115424,True,0
grade,desligado,0.7,0.6,adaptativa,j6021_1.sm,1,2.6315789473684212,0.016666666666666666,0.012048192771084338,0.16666666666666666,0.6166666666666667,60,8,0,terminal,412.0,3.0,6.0,42.38174938158251,True,0
grade,desligado,0.7,0.6,adaptativa,j6021_1.sm,2,3.0657894736842106,0.05,0.01837732373564322,0.26666666666666666,0.6833333333333333,60,16,0,terminal,428.0,9.0,8.0,69.37643478496528,True,0
grade,desligado,0.7,0.6,adaptativa,j6021_1.sm,3,2.6578947368421053,0.06666666666666667,0.023831970663828264,0.23333333333333334,0.7,60,14,0,terminal,427.0,6.0,8.0,64.59813612684331,True,0
grade,desligado,0.7,0.6,adaptativa,j6032_1.sm,0,1.6376811594202898,0.08333333333333333,0.026457185498983418,0.2833333333333333,0.6,60,30,0,terminal,436.0,20.0,16.0,60.133198668546214,True,0
grade,desligado,0.7,0.6,adaptativa,j6032_1.sm,1,1.681159420289855,0.11666666666666667,0.01785834398000708,0.3333333333333333,0.6833333333333333,60,13,0,terminal,466.0,5.0,12.0,74.64147269999297,True,0
grade,desligado,0.7,0.6,adaptativa,j6032_1.sm,2,1.7681159420289856,0.1,0.02967359050445104,0.35,0.65,60,38,0,terminal,462.0,9.0,29.0,86.20209847812495,True,0
grade,desligado,0.7,0.6,adaptativa,j6032_1.sm,3,1.6956521739130435,0.05,0.03263424635938278,0.21666666666666667,0.6833333333333333,60,39,0,terminal,459.0,10.0,29.0,60.38950330053598,True,0
grade,desligado,0.7,0.6,adaptativa,j6043_1.sm,0,1.1296296296296295,0.05,0.02102404592639265,0.15,0.6833333333333333,60,48,0,terminal,367.0,34.0,15.0,30.877887163062294,True,0
grade,desligado,0.7,0.6,adaptativa,j6043_1.sm,1,1.0740740740740742,0.1,0.025449101796407185,0.21666666666666667,0.6,60,38,0,terminal,354.0,27.0,14.0,42.51323049995352,True,0
grade,desligado,0.7,0.6,adaptativa,j6043_1.sm,2,1.1851851851851851,0.05,0.020072678303371123,0.21666666666666667,0.7833333333333333,60,70,0,terminal,368.0,42.0,28.0,50.29160616153273,True,0
grade,desligado,0.7,0.6,adaptativa,j6043_1.sm,3,1.1481481481481481,0.03333333333333333,0.01347305389221557,0.2,0.55,60,25,0,terminal,357.0,11.0,14.0,40.10880044429553,True,0
grade,desligado,1.0,0.01,centralizada,j6010_1.sm,0,4.152941176470589,0.31666666666666665,0.1478435027738041,0.35,0.7333333333333333,60,0,738,terminal,620.0,0.0,889.0,115.52831938834667,True,0
grade,desligado,1.0,0.01,centralizada,j6010_1.sm,1,5.023529411764706,0.43333333333333335,0.13773658034498376,0.48333333333333334,0.7666666666666667,60,0,1153,terminal,623.0,0.0,1382.0,144.71876958184623,True,0
grade,desligado,1.0,0.01,centralizada,j6010_1.sm,2,10.376470588235295,0.2833333333333333,0.10933805091375765,0.38333333333333336,0.8,60,0,3091,terminal,627.0,0.0,3696.0,130.57099424339665,True,0
grade,desligado,1.0,0.01,centralizada,j6010_1.sm,3,7.552941176470588,0.31666666666666665,0.1324639291470932,0.4,0.7166666666666667,60,0,2334,terminal,608.0,0.0,2709.0,137.14870102721207,True,0
grade,desligado,1.0,0.01,centralizada,j6021_1.sm,0,256.0,0.0,0.0,0.0,nan,0,0,97280,limite_seguranca,0.0,0.0,116736.0,0.0,False,0
grade,desligado,1.0,0.01,centralizada,j6021_1.sm,1,256.0,0.0,0.0,0.0,nan,0,0,97280,limite_seguranca,0.0,0.0,116736.0,0.0,False,0
grade,desligado,1.0,0.01,centralizada,j6021_1.sm,2,256.0,0.016666666666666666,0.012048192771084338,0.03333333333333333,0.0,11,0,97154,limite_seguranca,82.0,0.0,116581.0,7.5,False,0
grade,desligado,1.0,0.01,centralizada,j6021_1.sm,3,5.026315789473684,0.26666666666666666,0.09428788449165539,0.26666666666666666,0.5,60,0,706,terminal,563.0,0.0,706.0,88.59283051635228,True,0
grade,desligado,1.0,0.01,centralizada,j6032_1.sm,0,256.0,0.016666666666666666,0.005934718100890208,0.016666666666666666,0.0,8,0,88269,limite_seguranca,48.0,0.0,105918.0,2.0,False,0
grade,desligado,1.0,0.01,centralizada,j6032_1.sm,1,256.0,0.016666666666666666,0.005934718100890208,0.016666666666666666,0.0,8,0,88269,limite_seguranca,48.0,0.0,105918.0,2.0,False,0
grade,desligado,1.0,0.01,centralizada,j6032_1.sm,2,3.318840579710145,0.23333333333333334,0.18993698025567124,0.31666666666666665,0.38333333333333336,60,0,353,terminal,606.0,0.0,353.0,96.66188870310796,True,0
grade,desligado,1.0,0.01,centralizada,j6032_1.sm,3,3.4782608695652173,0.36666666666666664,0.11483150478469709,0.4166666666666667,0.5333333333333333,60,0,499,terminal,630.0,0.0,499.0,139.63099366579078,True,0
grade,desligado,1.0,0.01,centralizada,j6043_1.sm,0,256.0,0.0,0.0,0.0,nan,0,0,138240,limite_seguranca,0.0,0.0,165888.0,0.0,False,0
grade,desligado,1.0,0.01,centralizada,j6043_1.sm,1,256.0,0.0,0.0,0.0,nan,0,0,138240,limite_seguranca,0.0,0.0,165888.0,0.0,False,0
grade,desligado,1.0,0.01,centralizada,j6043_1.sm,2,2.6574074074074074,0.3,0.13477665356624147,0.35,0.43333333333333335,60,0,514,terminal,595.0,0.0,514.0,118.0478217445262,True,0
grade,desligado,1.0,0.01,centralizada,j6043_1.sm,3,3.074074074074074,0.5,0.22033879789416808,0.5,0.5166666666666667,60,0,589,terminal,600.0,0.0,590.0,169.7880708743834,True,0
grade,desligado,1.0,0.01,adaptativa,j6010_1.sm,0,2.0941176470588236,0.06666666666666667,0.01393188854489164,0.2833333333333333,0.45,60,237,0,terminal,455.0,220.0,52.0,69.57039226357915,True,0
grade,desligado,1.0,0.01,adaptativa,j6010_1.sm,1,1.964705882352941,0.1,0.049355253781556474,0.26666666666666666,0.2,60,241,0,terminal,418.0,210.0,61.0,69.78017111284964,True,0
grade,desligado,1.0,0.01,adaptativa,j6010_1.sm,2,2.1176470588235294,0.08333333333333333,0.02426405941077538,0.26666666666666666,0.25,60,287,0,terminal,433.0,230.0,80.0,61.686727668412445,True,0
grade,desligado,1.0,0.01,adaptativa,j6010_1.sm,3,2.176470588235294,0.03333333333333333,0.010910659608610264,0.31666666666666665,0.38333333333333336,60,339,0,terminal,454.0,257.0,95.0,90.56296159481118,True,0
grade,desligado,1.0,0.01,adaptativa,j6021_1.sm,0,3.039473684210526,0.08333333333333333,0.009036144578313253,0.3333333333333333,0.3,60,288,0,terminal,446.0,255.0,69.0,73.4126450870694,True,0
grade,desligado,1.0,0.01,adaptativa,j6021_1.sm,1,3.1184210526315788,0.08333333333333333,0.01372699357640296,0.3333333333333333,0.3333333333333333,60,180,0,terminal,435.0,166.0,41.0,69.2321934867798,True,0
grade,desligado,1.0,0.01,adaptativa,j6021_1.sm,2,2.9210526315789473,0.06666666666666667,0.013762917620735666,0.35,0.3333333333333333,60,85,0,terminal,429.0,75.0,19.0,98.87982542339843,True,0
grade,desligado,1.0,0.01,adaptativa,j6021_1.sm,3,3.0789473684210527,0.05,0.01355421686746988,0.26666666666666666,0.35,60,197,0,terminal,470.0,151.0,46.0,79.32085375752843,True,0
grade,desligado,1.0,0.01,adaptativa,j6032_1.sm,0,2.3333333333333335,0.1,0.045838280554720896,0.2833333333333333,0.16666666666666666,60,257,0,terminal,488.0,198.0,76.0,68.24149209482162,True,0
grade,desligado,1.0,0.01,adaptativa,j6032_1.sm,1,2.1884057971014492,0.06666666666666667,0.01363845288575612,0.26666666666666666,0.15,60,211,0,terminal,453.0,159.0,77.0,59.50587410633871,True,0
grade,desligado,1.0,0.01,adaptativa,j6032_1.sm,2,2.536231884057971,0.08333333333333333,0.029309690527621748,0.3,0.23333333333333334,60,332,0,terminal,489.0,217.0,115.0,84.37723981490434,True,0
grade,desligado,1.0,0.01,adaptativa,j6032_1.sm,3,2.7246376811594204,0.06666666666666667,0.01500738088839122,0.35,0.3,60,387,10,terminal,499.0,271.0,126.0,91.7510751378272,True,0
grade,desligado,1.0,0.01,adaptativa,j6043_1.sm,0,2.2314814814814814,0.03333333333333333,0.017964071856287425,0.21666666666666667,0.1,60,524,0,terminal,431.0,472.0,108.0,59.95462787554838,True,0
grade,desligado,1.0,0.01,adaptativa,j6043_1.sm,1,2.2314814814814814,0.05,0.01347305389221557,0.16666666666666666,0.06666666666666667,60,478,0,terminal,406.0,429.0,102.0,52.56779248875006,True,0
grade,desligado,1.0,0.01,adaptativa,j6043_1.sm,2,1.9351851851851851,0.13333333333333333,0.03754872734340788,0.26666666666666666,0.15,60,386,0,terminal,429.0,305.0,94.0,58.06839199352527,True,0
grade,desligado,1.0,0.01,adaptativa,j6043_1.sm,3,2.2777777777777777,0.1,0.028116546034444415,0.26666666666666666,0.25,60,476,31,terminal,471.0,401.0,106.0,68.31401408781541,True,0
grade,desligado,1.0,0.25,centralizada,j6010_1.sm,0,2.4,0.21666666666666667,0.06548332819695894,0.25,0.5166666666666667,60,0,99,terminal,531.0,0.0,121.0,65.72001862098402,True,0
grade,desligado,1.0,0.25,centralizada,j6010_1.sm,1,2.611764705882353,0.2833333333333333,0.06356197740785167,0.2833333333333333,0.43333333333333335,60,0,51,terminal,521.0,0.0,58.0,68.96572945212637,True,0
grade,desligado,1.0,0.25,centralizada,j6010_1.sm,2,2.376470588235294,0.31666666666666665,0.10132453892607272,0.36666666666666664,0.55,60,0,90,terminal,525.0,0.0,98.0,76.79496329504454,True,0
grade,desligado,1.0,0.25,centralizada,j6010_1.sm,3,2.4941176470588236,0.25,0.06398843945487297,0.2833333333333333,0.6833333333333333,60,0,203,terminal,534.0,0.0,206.0,75.87352596063417,True,0
grade,desligado,1.0,0.25,centralizada,j6021_1.sm,0,3.763157894736842,0.31666666666666665,0.08510121260001828,0.35,0.5666666666666667,60,0,108,terminal,536.0,0.0,118.0,96.44143456222032,True,0
grade,desligado,1.0,0.25,centralizada,j6021_1.sm,1,5.7631578947368425,0.3,0.12242513341103836,0.35,0.5833333333333334,60,0,84,terminal,535.0,0.0,86.0,99.1648280680648,True,0
grade,desligado,1.0,0.25,centralizada,j6021_1.sm,2,3.4210526315789473,0.2,0.07318080412579829,0.25,0.5166666666666667,60,0,21,terminal,525.0,0.0,23.0,56.66461519537095,True,0
grade,desligado,1.0,0.25,centralizada,j6021_1.sm,3,3.8421052631578947,0.31666666666666665,0.12867547013828065,0.38333333333333336,0.5666666666666667,60,0,82,terminal,541.0,0.0,82.0,118.83749212091763,True,0
grade,desligado,1.0,0.25,centralizada,j6032_1.sm,0,2.420289855072464,0.31666666666666665,0.15708416023916422,0.31666666666666665,0.65,60,0,108,terminal,597.0,0.0,125.0,98.00992489352255,True,0
grade,desligado,1.0,0.25,centralizada,j6032_1.sm,1,4.855072463768116,0.35,0.15137754374929072,0.38333333333333336,0.6166666666666667,60,0,117,terminal,584.0,0.0,128.0,104.80977886223381,True,0
grade,desligado,1.0,0.25,centralizada,j6032_1.sm,2,3.3043478260869565,0.31666666666666665,0.10402606818104769,0.3333333333333333,0.5333333333333333,60,0,97,terminal,560.0,0.0,97.0,87.64764222259858,True,0
grade,desligado,1.0,0.25,centralizada,j6032_1.sm,3,3.3043478260869565,0.23333333333333334,0.08998674400993278,0.2833333333333333,0.5166666666666667,60,0,165,terminal,575.0,0.0,165.0,69.40892858740395,True,0
grade,desligado,1.0,0.25,centralizada,j6043_1.sm,0,2.3518518518518516,0.23333333333333334,0.04581008787950625,0.25,0.43333333333333335,60,0,181,terminal,521.0,0.0,217.0,65.6797900275793,True,0
grade,desligado,1.0,0.25,centralizada,j6043_1.sm,1,2.259259259259259,0.18333333333333332,0.08340152766628926,0.2,0.48333333333333334,60,0,168,terminal,506.0,0.0,181.0,53.85695468621138,True,0
grade,desligado,1.0,0.25,centralizada,j6043_1.sm,2,2.759259259259259,0.25,0.10353146453447053,0.3,0.4166666666666667,60,0,94,terminal,537.0,0.0,94.0,81.34924638216127,True,0
grade,desligado,1.0,0.25,centralizada,j6043_1.sm,3,1.9444444444444444,0.3,0.06185953200576928,0.3333333333333333,0.48333333333333334,60,0,236,terminal,492.0,0.0,236.0,85.5801560890785,True,0
grade,desligado,1.0,0.25,adaptativa,j6010_1.sm,0,1.4352941176470588,0.06666666666666667,0.02358931983237935,0.16666666666666666,0.4666666666666667,60,104,0,terminal,382.0,80.0,32.0,37.04251869831918,True,0
grade,desligado,1.0,0.25,adaptativa,j6010_1.sm,1,1.4470588235294117,0.016666666666666666,0.019164346803984114,0.16666666666666666,0.26666666666666666,60,111,0,terminal,359.0,93.0,39.0,32.92848936002933,True,0
grade,desligado,1.0,0.25,adaptativa,j6010_1.sm,2,1.6235294117647059,0.08333333333333333,0.015292488690792444,0.35,0.5333333333333333,60,95,0,terminal,417.0,55.0,48.0,74.54486088017806,True,0
grade,desligado,1.0,0.25,adaptativa,j6010_1.sm,3,1.7529411764705882,0.08333333333333333,0.015745913699355723,0.31666666666666665,0.48333333333333334,60,166,0,terminal,406.0,112.0,57.0,54.51975203000572,True,0
grade,desligado,1.0,0.25,adaptativa,j6021_1.sm,0,2.6710526315789473,0.06666666666666667,0.03189388550393999,0.31666666666666665,0.5,60,102,0,terminal,418.0,81.0,28.0,72.45427723449154,True,0
grade,desligado,1.0,0.25,adaptativa,j6021_1.sm,1,2.973684210526316,0.03333333333333333,0.010542168674698794,0.3,0.4,60,74,0,terminal,405.0,63.0,27.0,90.09233310279167,True,0
grade,desligado,1.0,0.25,adaptativa,j6021_1.sm,2,2.3026315789473686,0.03333333333333333,0.03521602156517454,0.23333333333333334,0.43333333333333335,60,73,0,terminal,393.0,50.0,27.0,61.50865889829609,True,0
grade,desligado,1.0,0.25,adaptativa,j6021_1.sm,3,2.736842105263158,0.05,0.03521602156517454,0.25,0.5166666666666667,60,115,0,terminal,431.0,81.0,34.0,75.18605275234447,True,0
grade,desligado,1.0,0.25,adaptativa,j6032_1.sm,0,1.6521739130434783,0.03333333333333333,0.010385756676557863,0.18333333333333332,0.31666666666666665,60,106,0,terminal,437.0,74.0,40.0,31.74468167282344,True,0
grade,desligado,1.0,0.25,adaptativa,j6032_1.sm,1,1.8985507246376812,0.06666666666666667,0.010385756676557863,0.3333333333333333,0.43333333333333335,60,134,0,terminal,425.0,90.0,57.0,72.54175110323301,True,0
grade,desligado,1.0,0.25,adaptativa,j6032_1.sm,2,1.7681159420289856,0.0,0.0,0.18333333333333332,0.5333333333333333,60,139,0,terminal,451.0,63.0,76.0,49.529980200536414,True,0
grade,desligado,1.0,0.25,adaptativa,j6032_1.sm,3,2.028985507246377,0.03333333333333333,0.017651325230023118,0.23333333333333334,0.45,60,155,0,terminal,461.0,92.0,63.0,59.744726885572774,True,0
grade,desligado,1.0,0.25,adaptativa,j6043_1.sm,0,1.7685185185185186,0.05,0.020594804985097033,0.25,0.31666666666666665,60,270,0,terminal,394.0,229.0,72.0,53.90301745994712,True,0
grade,desligado,1.0,0.25,adaptativa,j6043_1.sm,1,1.3796296296296295,0.08333333333333333,0.017964071856287425,0.36666666666666664,0.4166666666666667,60,183,0,terminal,375.0,152.0,46.0,71.20290793933474,True,0
grade,desligado,1.0,0.25,adaptativa,j6043_1.sm,2,1.5648148148148149,0.08333333333333333,0.018313312445540606,0.36666666666666664,0.3333333333333333,60,178,0,terminal,396.0,126.0,53.0,80.25361986203313,True,0
grade,desligado,1.0,0.25,adaptativa,j6043_1.sm,3,1.4537037037037037,0.03333333333333333,0.0074850299401197605,0.2,0.38333333333333336,60,246,1,terminal,370.0,187.0,60.0,37.53606153759509,True,0
grade,desligado,1.0,0.6,centralizada,j6010_1.sm,0,2.0588235294117645,0.2,0.0533190022384184,0.25,0.5666666666666667,60,0,44,terminal,515.0,0.0,45.0,42.35254325158448,True,0
grade,desligado,1.0,0.6,centralizada,j6010_1.sm,1,2.447058823529412,0.2833333333333333,0.09331916717567014,0.31666666666666665,0.65,60,0,10,terminal,524.0,0.0,13.0,72.75860854302148,True,0
grade,desligado,1.0,0.6,centralizada,j6010_1.sm,2,2.588235294117647,0.38333333333333336,0.1351296511087754,0.43333333333333335,0.7333333333333333,60,0,45,terminal,521.0,0.0,45.0,98.93737423150077,True,0
grade,desligado,1.0,0.6,centralizada,j6010_1.sm,3,2.176470588235294,0.3,0.07601866792092221,0.35,0.6666666666666666,60,0,65,terminal,483.0,0.0,67.0,77.87662065170608,True,0
grade,desligado,1.0,0.6,centralizada,j6021_1.sm,0,3.5526315789473686,0.31666666666666665,0.13653231421309137,0.3333333333333333,0.6833333333333333,60,0,34,terminal,528.0,0.0,35.0,90.87776850470499,True,0
grade,desligado,1.0,0.6,centralizada,j6021_1.sm,1,3.789473684210526,0.3,0.06858964153245795,0.3,0.55,60,0,26,terminal,513.0,0.0,29.0,74.58303236172986,True,0
grade,desligado,1.0,0.6,centralizada,j6021_1.sm,2,4.881578947368421,0.2833333333333333,0.1224061202257651,0.4,0.6666666666666666,60,0,6,terminal,533.0,0.0,6.0,149.52617042175677,True,0
grade,desligado,1.0,0.6,centralizada,j6021_1.sm,3,3.8421052631578947,0.23333333333333334,0.0684298159961564,0.25,0.65,60,0,27,terminal,520.0,0.0,27.0,97.75053134516477,True,0
grade,desligado,1.0,0.6,centralizada,j6032_1.sm,0,2.1449275362318843,0.2,0.0967994650020283,0.2,0.65,60,0,46,terminal,572.0,0.0,54.0,50.12141970568354,True,0
grade,desligado,1.0,0.6,centralizada,j6032_1.sm,1,3.0434782608695654,0.21666666666666667,0.07044001071217842,0.3,0.6666666666666666,60,0,48,terminal,562.0,0.0,51.0,66.64315301011685,True,0
grade,desligado,1.0,0.6,centralizada,j6032_1.sm,2,3.1884057971014492,0.36666666666666664,0.15543632706570978,0.38333333333333336,0.7666666666666667,60,0,29,terminal,573.0,0.0,29.0,101.614299923192,True,0
grade,desligado,1.0,0.6,centralizada,j6032_1.sm,3,2.6956521739130435,0.2,0.05054708055659672,0.21666666666666667,0.6,60,0,87,terminal,525.0,0.0,87.0,54.85730397628073,True,0
grade,desligado,1.0,0.6,centralizada,j6043_1.sm,0,1.3333333333333333,0.11666666666666667,0.024001483704466097,0.11666666666666667,0.5,60,0,62,terminal,448.0,0.0,77.0,18.016495557291677,True,0
grade,desligado,1.0,0.6,centralizada,j6043_1.sm,1,2.3055555555555554,0.13333333333333333,0.04780411987742681,0.2,0.5666666666666667,60,0,37,terminal,489.0,0.0,42.0,55.79607717089476,True,0
grade,desligado,1.0,0.6,centralizada,j6043_1.sm,2,1.6388888888888888,0.2,0.06057021132604013,0.23333333333333334,0.6,60,0,40,terminal,512.0,0.0,41.0,49.85904443651606,True,0
grade,desligado,1.0,0.6,centralizada,j6043_1.sm,3,1.9259259259259258,0.15,0.04538490960238957,0.2,0.6,60,0,91,terminal,451.0,0.0,91.0,47.47435736752105,True,0
grade,desligado,1.0,0.6,adaptativa,j6010_1.sm,0,1.3411764705882352,0.1,0.021671826625386997,0.21666666666666667,0.5333333333333333,60,64,0,terminal,377.0,45.0,27.0,40.43343577232976,True,0
grade,desligado,1.0,0.6,adaptativa,j6010_1.sm,1,1.3176470588235294,0.08333333333333333,0.014601391769380738,0.21666666666666667,0.5166666666666667,60,35,0,terminal,389.0,18.0,20.0,40.25476374280298,True,0
grade,desligado,1.0,0.6,adaptativa,j6010_1.sm,2,1.423529411764706,0.016666666666666666,0.010835913312693499,0.26666666666666666,0.6333333333333333,60,71,0,terminal,393.0,43.0,28.0,61.62416392802712,True,0
grade,desligado,1.0,0.6,adaptativa,j6010_1.sm,3,1.3647058823529412,0.016666666666666666,0.01831629864800645,0.15,0.5666666666666667,60,55,0,terminal,382.0,30.0,26.0,40.115296188400485,True,0
grade,desligado,1.0,0.6,adaptativa,j6021_1.sm,0,2.3947368421052633,0.08333333333333333,0.029032502292398562,0.26666666666666666,0.65,60,33,0,terminal,387.0,28.0,13.0,65.0917263497927,True,0
grade,desligado,1.0,0.6,adaptativa,j6021_1.sm,1,2.5657894736842106,0.03333333333333333,0.02590426598589707,0.18333333333333332,0.6166666666666667,60,34,0,terminal,382.0,25.0,11.0,48.86650131258885,True,0
grade,desligado,1.0,0.6,adaptativa,j6021_1.sm,2,2.75,0.016666666666666666,0.012048192771084338,0.2833333333333333,0.5,60,28,0,terminal,406.0,19.0,12.0,71.60127179836867,True,0
grade,desligado,1.0,0.6,adaptativa,j6021_1.sm,3,2.8157894736842106,0.03333333333333333,0.026785864714946418,0.25,0.6,60,52,0,terminal,400.0,34.0,18.0,70.41523126083828,True,0
grade,desligado,1.0,0.6,adaptativa,j6032_1.sm,0,1.4927536231884058,0.1,0.010385756676557863,0.18333333333333332,0.5,60,37,0,terminal,447.0,18.0,20.0,30.023370129828628,True,0
grade,desligado,1.0,0.6,adaptativa,j6032_1.sm,1,1.608695652173913,0.1,0.02373887240356083,0.3333333333333333,0.5,60,44,0,terminal,446.0,12.0,36.0,78.88691488173336,True,0
grade,desligado,1.0,0.6,adaptativa,j6032_1.sm,2,1.7681159420289856,0.08333333333333333,0.02967359050445104,0.3333333333333333,0.5666666666666667,60,43,0,terminal,451.0,11.0,32.0,79.64281270677672,True,0
grade,desligado,1.0,0.6,adaptativa,j6032_1.sm,3,1.7536231884057971,0.016666666666666666,0.005934718100890208,0.16666666666666666,0.5666666666666667,60,69,0,terminal,436.0,29.0,40.0,41.932248515254635,True,0
grade,desligado,1.0,0.6,adaptativa,j6043_1.sm,0,1.1111111111111112,0.03333333333333333,0.0074850299401197605,0.11666666666666667,0.5333333333333333,60,67,0,terminal,342.0,57.0,29.0,24.0,True,0
grade,desligado,1.0,0.6,adaptativa,j6043_1.sm,1,1.0925925925925926,0.08333333333333333,0.02902350429162627,0.23333333333333334,0.65,60,66,0,terminal,346.0,49.0,24.0,37.68308169930155,True,0
grade,desligado,1.0,0.6,adaptativa,j6043_1.sm,2,1.1666666666666667,0.05,0.008982035928143712,0.26666666666666666,0.6,60,71,0,terminal,357.0,46.0,25.0,50.547597355858265,True,0
grade,desligado,1.0,0.6,adaptativa,j6043_1.sm,3,1.2037037037037037,0.11666666666666667,0.02694610778443114,0.23333333333333334,0.5166666666666667,60,79,0,terminal,353.0,51.0,29.0,43.36839752321363,True,0
grade,desligado,1.4,0.01,centralizada,j6010_1.sm,0,256.0,0.0,0.0,0.0,nan,0,0,108800,limite_seguranca,0.0,0.0,130560.0,0.0,False,0
grade,desligado,1.4,0.01,centralizada,j6010_1.sm,1,256.0,0.0,0.0,0.0,nan,0,0,108800,limite_seguranca,0.0,0.0,130560.0,0.0,False,0
grade,desligado,1.4,0.01,centralizada,j6010_1.sm,2,256.0,0.0,0.0,0.0,nan,0,0,108800,limite_seguranca,0.0,0.0,130560.0,0.0,False,0
grade,desligado,1.4,0.01,centralizada,j6010_1.sm,3,256.0,0.0,0.0,0.0,nan,0,0,108800,limite_seguranca,0.0,0.0,130560.0,0.0,False,0
grade,desligado,1.4,0.01,centralizada,j6021_1.sm,0,256.0,0.0,0.0,0.0,nan,0,0,97280,limite_seguranca,0.0,0.0,116736.0,0.0,False,0
grade,desligado,1.4,0.01,centralizada,j6021_1.sm,1,256.0,0.0,0.0,0.0,nan,0,0,97280,limite_seguranca,0.0,0.0,116736.0,0.0,False,0
grade,desligado,1.4,0.01,centralizada,j6021_1.sm,2,256.0,0.016666666666666666,0.012048192771084338,0.03333333333333333,0.0,11,0,97154,limite_seguranca,82.0,0.0,116581.0,7.5,False,0
grade,desligado,1.4,0.01,centralizada,j6021_1.sm,3,5.2105263157894735,0.2833333333333333,0.06509346554171876,0.3,0.5,60,0,636,terminal,567.0,0.0,636.0,82.38695146319174,True,0
grade,desligado,1.4,0.01,centralizada,j6032_1.sm,0,256.0,0.016666666666666666,0.005934718100890208,0.016666666666666666,0.0,8,0,88269,limite_seguranca,48.0,0.0,105918.0,2.0,False,0
grade,desligado,1.4,0.01,centralizada,j6032_1.sm,1,256.0,0.016666666666666666,0.005934718100890208,0.016666666666666666,0.0,8,0,88269,limite_seguranca,48.0,0.0,105918.0,2.0,False,0
grade,desligado,1.4,0.01,centralizada,j6032_1.sm,2,3.710144927536232,0.23333333333333334,0.18673223248119053,0.2833333333333333,0.4,60,0,351,terminal,608.0,0.0,351.0,89.82158659650815,True,0
grade,desligado,1.4,0.01,centralizada,j6032_1.sm,3,3.782608695652174,0.2833333333333333,0.11322913089745672,0.31666666666666665,0.4666666666666667,60,0,531,terminal,626.0,0.0,531.0,98.19835378024156,True,0
grade,desligado,1.4,0.01,centralizada,j6043_1.sm,0,256.0,0.0,0.0,0.0,nan,0,0,138240,limite_seguranca,0.0,0.0,165888.0,0.0,False,0
grade,desligado,1.4,0.01,centralizada,j6043_1.sm,1,256.0,0.0,0.0,0.0,nan,0,0,138240,limite_seguranca,0.0,0.0,165888.0,0.0,False,0
grade,desligado,1.4,0.01,centralizada,j6043_1.sm,2,2.9722222222222223,0.35,0.14770026081819196,0.4,0.4,60,0,418,terminal,597.0,0.0,418.0,141.15272465753955,True,0
grade,desligado,1.4,0.01,centralizada,j6043_1.sm,3,2.861111111111111,0.2833333333333333,0.08548207523312815,0.3333333333333333,0.4166666666666667,60,0,551,terminal,594.0,0.0,551.0,95.18364653955892,True,0
grade,desligado,1.4,0.01,adaptativa,j6010_1.sm,0,2.2,0.06666666666666667,0.03904938527795504,0.16666666666666666,0.2,60,313,0,terminal,449.0,283.0,75.0,45.736731617266045,True,0
grade,desligado,1.4,0.01,adaptativa,j6010_1.sm,1,2.388235294117647,0.06666666666666667,0.01393188854489164,0.2833333333333333,0.1,60,345,0,terminal,424.0,318.0,83.0,70.22998243556444,True,0
grade,desligado,1.4,0.01,adaptativa,j6010_1.sm,2,2.1176470588235294,0.08333333333333333,0.023768703373623676,0.26666666666666666,0.25,60,287,0,terminal,433.0,230.0,80.0,60.846727668412434,True,0
grade,desligado,1.4,0.01,adaptativa,j6010_1.sm,3,2.2470588235294118,0.05,0.028358395587596296,0.3,0.3,60,355,0,terminal,451.0,282.0,93.0,62.26473476951624,True,0
grade,desligado,1.4,0.01,adaptativa,j6021_1.sm,0,3.026315789473684,0.05,0.01805030050170511,0.21666666666666667,0.18333333333333332,60,379,0,terminal,446.0,335.0,85.0,50.745046616004984,True,0
grade,desligado,1.4,0.01,adaptativa,j6021_1.sm,1,3.1710526315789473,0.08333333333333333,0.015060240963855422,0.36666666666666664,0.25,60,211,0,terminal,437.0,193.0,48.0,84.69366945624415,True,0
grade,desligado,1.4,0.01,adaptativa,j6021_1.sm,2,3.1973684210526314,0.1,0.027513316836993804,0.26666666666666666,0.23333333333333334,60,189,0,terminal,435.0,157.0,41.0,82.1287945779758,True,0
grade,desligado,1.4,0.01,adaptativa,j6021_1.sm,3,3.0657894736842106,0.05,0.01355421686746988,0.26666666666666666,0.31666666666666665,60,197,0,terminal,470.0,151.0,46.0,76.58158109561235,True,0
grade,desligado,1.4,0.01,adaptativa,j6032_1.sm,0,2.782608695652174,0.1,0.03195583909218911,0.23333333333333334,0.1,60,401,0,terminal,471.0,328.0,103.0,53.39416413702618,True,0
grade,desligado,1.4,0.01,adaptativa,j6032_1.sm,1,2.1594202898550723,0.05,0.011869436201780416,0.23333333333333334,0.05,60,269,0,terminal,446.0,217.0,85.0,47.15129827615362,True,0
grade,desligado,1.4,0.01,adaptativa,j6032_1.sm,2,2.681159420289855,0.05,0.011869436201780416,0.25,0.21666666666666667,60,345,2,terminal,488.0,235.0,112.0,75.01578025893095,True,0
grade,desligado,1.4,0.01,adaptativa,j6032_1.sm,3,2.652173913043478,0.05,0.0292449719749423,0.3,0.3333333333333333,60,376,10,terminal,502.0,265.0,121.0,83.395929184608,True,0
grade,desligado,1.4,0.01,adaptativa,j6043_1.sm,0,2.574074074074074,0.05,0.03521567927472137,0.18333333333333332,0.05,60,679,0,terminal,432.0,624.0,140.0,47.78010822219228,True,0
grade,desligado,1.4,0.01,adaptativa,j6043_1.sm,1,2.185185185185185,0.08333333333333333,0.013566452509607595,0.18333333333333332,0.016666666666666666,60,512,0,terminal,404.0,459.0,108.0,39.531195138208936,True,0
grade,desligado,1.4,0.01,adaptativa,j6043_1.sm,2,2.0277777777777777,0.13333333333333333,0.033817001368388194,0.31666666666666665,0.15,60,373,0,terminal,432.0,296.0,90.0,89.67671869420981,True,0
grade,desligado,1.4,0.01,adaptativa,j6043_1.sm,3,2.287037037037037,0.06666666666666667,0.03778111407639051,0.23333333333333334,0.2,60,458,24,terminal,477.0,382.0,100.0,54.30212161666041,True,0
grade,desligado,1.4,0.25,centralizada,j6010_1.sm,0,2.541176470588235,0.3,0.1096912255364019,0.3333333333333333,0.48333333333333334,60,0,216,terminal,568.0,0.0,258.0,99.6685648687246,True,0
grade,desligado,1.4,0.25,centralizada,j6010_1.sm,1,2.764705882352941,0.21666666666666667,0.0936103111284005,0.23333333333333334,0.38333333333333336,60,0,185,terminal,526.0,0.0,208.0,70.90467289530204,True,0
grade,desligado,1.4,0.25,centralizada,j6010_1.sm,2,3.6705882352941175,0.1,0.046793634507678504,0.15,0.48333333333333334,60,0,241,terminal,553.0,0.0,254.0,53.91079829206909,True,0
grade,desligado,1.4,0.25,centralizada,j6010_1.sm,3,3.2941176470588234,0.2833333333333333,0.08276871077649682,0.3333333333333333,0.55,60,0,210,terminal,535.0,0.0,214.0,77.23749343500639,True,0
grade,desligado,1.4,0.25,centralizada,j6021_1.sm,0,4.328947368421052,0.25,0.06522212682737624,0.2833333333333333,0.5166666666666667,60,0,192,terminal,574.0,0.0,217.0,91.90815898231357,True,0
grade,desligado,1.4,0.25,centralizada,j6021_1.sm,1,3.5657894736842106,0.26666666666666666,0.12227995245910137,0.31666666666666665,0.43333333333333335,60,0,135,terminal,557.0,0.0,151.0,83.759023985107,True,0
grade,desligado,1.4,0.25,centralizada,j6021_1.sm,2,3.486842105263158,0.3,0.1309233583085947,0.38333333333333336,0.55,60,0,91,terminal,567.0,0.0,97.0,127.52327624015827,True,0
grade,desligado,1.4,0.25,centralizada,j6021_1.sm,3,4.328947368421052,0.31666666666666665,0.11016434244077236,0.35,0.48333333333333334,60,0,167,terminal,554.0,0.0,167.0,88.93476388923168,True,0
grade,desligado,1.4,0.25,centralizada,j6032_1.sm,0,3.0144927536231885,0.21666666666666667,0.06021623369585328,0.3,0.6333333333333333,60,0,300,terminal,607.0,0.0,346.0,79.82129627245405,True,0
grade,desligado,1.4,0.25,centralizada,j6032_1.sm,1,3.1159420289855073,0.3333333333333333,0.1884024679371542,0.36666666666666664,0.65,60,0,251,terminal,617.0,0.0,288.0,111.12372353006762,True,0
grade,desligado,1.4,0.25,centralizada,j6032_1.sm,2,3.1159420289855073,0.3,0.1087256374318092,0.3333333333333333,0.43333333333333335,60,0,240,terminal,607.0,0.0,240.0,92.80246411046842,True,0
grade,desligado,1.4,0.25,centralizada,j6032_1.sm,3,2.8840579710144927,0.26666666666666666,0.0899880425842846,0.3333333333333333,0.55,60,0,240,terminal,623.0,0.0,240.0,99.66195676445226,True,0
grade,desligado,1.4,0.25,centralizada,j6043_1.sm,0,2.2777777777777777,0.18333333333333332,0.06488950909279345,0.21666666666666667,0.5166666666666667,60,0,307,terminal,574.0,0.0,359.0,77.71578687517686,True,0
grade,desligado,1.4,0.25,centralizada,j6043_1.sm,1,2.564814814814815,0.26666666666666666,0.0903269558316215,0.3333333333333333,0.6166666666666667,60,0,394,terminal,606.0,0.0,474.0,101.20552559843024,True,0
grade,desligado,1.4,0.25,centralizada,j6043_1.sm,2,2.111111111111111,0.23333333333333334,0.07715095411573872,0.2833333333333333,0.4166666666666667,60,0,249,terminal,539.0,0.0,249.0,62.52268082323761,True,0
grade,desligado,1.4,0.25,centralizada,j6043_1.sm,3,2.7685185185185186,0.35,0.07832479476738634,0.38333333333333336,0.4666666666666667,60,0,392,terminal,558.0,0.0,392.0,103.17206065494008,True,0
grade,desligado,1.4,0.25,adaptativa,j6010_1.sm,0,2.2941176470588234,0.016666666666666666,0.009287925696594427,0.16666666666666666,0.13333333333333333,60,337,0,terminal,384.0,295.0,81.0,29.0,True,0
grade,desligado,1.4,0.25,adaptativa,j6010_1.sm,1,1.6823529411764706,0.016666666666666666,0.015479876160990712,0.16666666666666666,0.2,60,185,0,terminal,398.0,169.0,46.0,32.45314982895908,True,0
grade,desligado,1.4,0.25,adaptativa,j6010_1.sm,2,1.964705882352941,0.06666666666666667,0.02732969862617914,0.31666666666666665,0.31666666666666665,60,213,0,terminal,414.0,167.0,63.0,72.73416883279738,True,0
grade,desligado,1.4,0.25,adaptativa,j6010_1.sm,3,1.8,0.03333333333333333,0.027973907290355315,0.2,0.35,60,156,0,terminal,408.0,121.0,42.0,51.9141282754768,True,0
grade,desligado,1.4,0.25,adaptativa,j6021_1.sm,0,3.3815789473684212,0.05,0.03467385289047575,0.2833333333333333,0.4,60,131,0,terminal,430.0,119.0,28.0,95.27304520316484,True,0
grade,desligado,1.4,0.25,adaptativa,j6021_1.sm,1,2.8552631578947367,0.06666666666666667,0.027513316836993804,0.3333333333333333,0.38333333333333336,60,110,0,terminal,416.0,100.0,26.0,83.1588986056386,True,0
grade,desligado,1.4,0.25,adaptativa,j6021_1.sm,2,2.539473684210526,0.03333333333333333,0.015359909736392667,0.26666666666666666,0.25,60,98,0,terminal,430.0,78.0,27.0,71.25609387571625,True,0
grade,desligado,1.4,0.25,adaptativa,j6021_1.sm,3,3.1315789473684212,0.05,0.014203158530178698,0.26666666666666666,0.4166666666666667,60,171,0,terminal,456.0,130.0,41.0,88.01908793760128,True,0
grade,desligado,1.4,0.25,adaptativa,j6032_1.sm,0,2.1449275362318843,0.11666666666666667,0.02225519287833828,0.26666666666666666,0.2,60,250,0,terminal,463.0,203.0,62.0,61.217956220759206,True,0
grade,desligado,1.4,0.25,adaptativa,j6032_1.sm,1,2.1449275362318843,0.11666666666666667,0.025980181233683383,0.36666666666666664,0.23333333333333334,60,169,0,terminal,451.0,121.0,66.0,91.8757483067732,True,0
grade,desligado,1.4,0.25,adaptativa,j6032_1.sm,2,2.1594202898550723,0.08333333333333333,0.04563644270432738,0.25,0.26666666666666666,60,241,0,terminal,456.0,142.0,106.0,69.04784913625564,True,0
grade,desligado,1.4,0.25,adaptativa,j6032_1.sm,3,2.1739130434782608,0.06666666666666667,0.02225519287833828,0.3,0.45,60,257,0,terminal,482.0,172.0,85.0,57.631366554962575,True,0
grade,desligado,1.4,0.25,adaptativa,j6043_1.sm,0,1.7407407407407407,0.06666666666666667,0.02874633865068947,0.16666666666666666,0.23333333333333334,60,311,0,terminal,394.0,267.0,76.0,41.242370066689986,True,0
grade,desligado,1.4,0.25,adaptativa,j6043_1.sm,1,1.8611111111111112,0.1,0.014459843470150474,0.21666666666666667,0.1,60,401,0,terminal,381.0,357.0,86.0,41.32958771903026,True,0
grade,desligado,1.4,0.25,adaptativa,j6043_1.sm,2,1.7685185185185186,0.08333333333333333,0.021345198535740885,0.3,0.31666666666666665,60,235,0,terminal,425.0,172.0,70.0,79.59517097400538,True,0
grade,desligado,1.4,0.25,adaptativa,j6043_1.sm,3,1.9444444444444444,0.11666666666666667,0.014970059880239521,0.2833333333333333,0.23333333333333334,60,319,0,terminal,414.0,254.0,72.0,67.23350651541341,True,0
grade,desligado,1.4,0.6,centralizada,j6010_1.sm,0,2.152941176470588,0.16666666666666666,0.06907741034937644,0.2,0.5166666666666667,60,0,61,terminal,486.0,0.0,72.0,31.787623069263965,True,0
grade,desligado,1.4,0.6,centralizada,j6010_1.sm,1,2.0,0.16666666666666666,0.055078150299201545,0.21666666666666667,0.4166666666666667,60,0,34,terminal,503.0,0.0,41.0,57.87870364112118,True,0
grade,desligado,1.4,0.6,centralizada,j6010_1.sm,2,2.458823529411765,0.3333333333333333,0.09332937260217586,0.35,0.6,60,0,41,terminal,525.0,0.0,42.0,72.44570214721263,True,0
grade,desligado,1.4,0.6,centralizada,j6010_1.sm,3,3.0470588235294116,0.18333333333333332,0.03752462159046003,0.23333333333333334,0.5666666666666667,60,0,105,terminal,514.0,0.0,106.0,52.64728136936464,True,0
grade,desligado,1.4,0.6,centralizada,j6021_1.sm,0,3.236842105263158,0.21666666666666667,0.07723805191257559,0.25,0.5,60,0,84,terminal,519.0,0.0,99.0,60.72628707421085,True,0
grade,desligado,1.4,0.6,centralizada,j6021_1.sm,1,3.1578947368421053,0.16666666666666666,0.07343079196205378,0.18333333333333332,0.5333333333333333,60,0,48,terminal,512.0,0.0,51.0,62.30936411351139,True,0
grade,desligado,1.4,0.6,centralizada,j6021_1.sm,2,4.447368421052632,0.26666666666666666,0.10912294168903366,0.3,0.4666666666666667,60,0,18,terminal,543.0,0.0,20.0,98.16033316618363,True,0
grade,desligado,1.4,0.6,centralizada,j6021_1.sm,3,3.1973684210526314,0.18333333333333332,0.047232787672323986,0.18333333333333332,0.5833333333333334,60,0,53,terminal,539.0,0.0,53.0,62.34095492394438,True,0
grade,desligado,1.4,0.6,centralizada,j6032_1.sm,0,2.4347826086956523,0.21666666666666667,0.08081372367605494,0.21666666666666667,0.45,60,0,54,terminal,552.0,0.0,65.0,50.55886774034564,True,0
grade,desligado,1.4,0.6,centralizada,j6032_1.sm,1,2.463768115942029,0.15,0.03654822154843028,0.23333333333333334,0.5333333333333333,60,0,24,terminal,572.0,0.0,27.0,43.86922877256959,True,0
grade,desligado,1.4,0.6,centralizada,j6032_1.sm,2,2.579710144927536,0.3,0.10512020621437329,0.35,0.6,60,0,30,terminal,584.0,0.0,33.0,83.82335400304916,True,0
grade,desligado,1.4,0.6,centralizada,j6032_1.sm,3,3.101449275362319,0.3,0.12818091505981713,0.35,0.65,60,0,106,terminal,573.0,0.0,106.0,83.69040511510336,True,0
grade,desligado,1.4,0.6,centralizada,j6043_1.sm,0,1.5833333333333333,0.2,0.054139193261883316,0.21666666666666667,0.4666666666666667,60,0,111,terminal,459.0,0.0,129.0,46.35683182918964,True,0
grade,desligado,1.4,0.6,centralizada,j6043_1.sm,1,2.324074074074074,0.18333333333333332,0.04640718562874251,0.2,0.48333333333333334,60,0,99,terminal,452.0,0.0,124.0,39.2351102449667,True,0
grade,desligado,1.4,0.6,centralizada,j6043_1.sm,2,2.611111111111111,0.21666666666666667,0.05688622754491018,0.26666666666666666,0.5333333333333333,60,0,102,terminal,507.0,0.0,102.0,59.54644554337004,True,0
grade,desligado,1.4,0.6,centralizada,j6043_1.sm,3,1.9444444444444444,0.2,0.07413606185848948,0.21666666666666667,0.55,60,0,121,terminal,507.0,0.0,122.0,70.0148369596793,True,0
grade,desligado,1.4,0.6,adaptativa,j6010_1.sm,0,1.4,0.05,0.0176690533888886,0.15,0.43333333333333335,60,70,0,terminal,377.0,49.0,25.0,25.707104244611017,True,0
grade,desligado,1.4,0.6,adaptativa,j6010_1.sm,1,1.3058823529411765,0.05,0.021398650494690627,0.13333333333333333,0.35,60,54,0,terminal,387.0,32.0,34.0,32.009546590765574,True,0
grade,desligado,1.4,0.6,adaptativa,j6010_1.sm,2,1.5294117647058822,0.06666666666666667,0.018640942676876934,0.25,0.48333333333333334,60,53,0,terminal,402.0,33.0,21.0,56.01668861643291,True,0
grade,desligado,1.4,0.6,adaptativa,j6010_1.sm,3,1.4588235294117646,0.016666666666666666,0.02182108982029522,0.21666666666666667,0.3333333333333333,60,116,0,terminal,374.0,81.0,36.0,40.11618310420014,True,0
grade,desligado,1.4,0.6,adaptativa,j6021_1.sm,0,2.5,0.05,0.010542168674698794,0.2,0.5666666666666667,60,104,0,terminal,378.0,87.0,32.0,36.74257269375735,True,0
grade,desligado,1.4,0.6,adaptativa,j6021_1.sm,1,2.5921052631578947,0.06666666666666667,0.023645562225025098,0.31666666666666665,0.45,60,58,0,terminal,396.0,49.0,19.0,82.01670728627721,True,0
grade,desligado,1.4,0.6,adaptativa,j6021_1.sm,2,2.5,0.05,0.03315847001534081,0.2833333333333333,0.5666666666666667,60,39,0,terminal,440.0,26.0,13.0,65.39784434641113,True,0
grade,desligado,1.4,0.6,adaptativa,j6021_1.sm,3,2.8289473684210527,0.03333333333333333,0.01355421686746988,0.2833333333333333,0.55,60,83,0,terminal,415.0,58.0,25.0,60.01132669031071,True,0
grade,desligado,1.4,0.6,adaptativa,j6032_1.sm,0,1.608695652173913,0.08333333333333333,0.019322158937957405,0.25,0.48333333333333334,60,52,0,terminal,451.0,26.0,30.0,46.584388054666775,True,0
grade,desligado,1.4,0.6,adaptativa,j6032_1.sm,1,1.5072463768115942,0.016666666666666666,0.005934718100890208,0.15,0.31666666666666665,60,57,0,terminal,448.0,30.0,35.0,36.130134159058116,True,0
grade,desligado,1.4,0.6,adaptativa,j6032_1.sm,2,1.6956521739130435,0.06666666666666667,0.011726048854441671,0.3333333333333333,0.48333333333333334,60,48,0,terminal,494.0,19.0,29.0,81.18912751779813,True,0
grade,desligado,1.4,0.6,adaptativa,j6032_1.sm,3,1.9275362318840579,0.08333333333333333,0.023538798568064852,0.31666666666666665,0.5666666666666667,60,140,0,terminal,450.0,73.0,67.0,72.18722540335133,True,0
grade,desligado,1.4,0.6,adaptativa,j6043_1.sm,0,1.1203703703703705,0.03333333333333333,0.011976047904191617,0.13333333333333333,0.45,60,126,0,terminal,334.0,111.0,39.0,25.0,True,0
grade,desligado,1.4,0.6,adaptativa,j6043_1.sm,1,1.1851851851851851,0.11666666666666667,0.02694610778443114,0.25,0.43333333333333335,60,93,0,terminal,347.0,78.0,30.0,51.5,True,0
grade,desligado,1.4,0.6,adaptativa,j6043_1.sm,2,1.4351851851851851,0.06666666666666667,0.020958083832335328,0.31666666666666665,0.45,60,105,0,terminal,400.0,71.0,34.0,67.47779443318697,True,0
grade,desligado,1.4,0.6,adaptativa,j6043_1.sm,3,1.3333333333333333,0.03333333333333333,0.01347305389221557,0.15,0.5,60,177,0,terminal,359.0,123.0,56.0,32.549685584275124,True,0
