concluiu,makespan,makespan_cpm,E_total,S_UR_final,S_UR_maximo,S_PV_final,TW,TL,TU,TR,n_limpas,n_com_erro,n_reportadas,n_adiamentos,taxa_omissao,taxa_falha_efetiva,E_plano,retrabalho_sobre_esforco_total,retrabalho_sobre_plano,divida_latente_sobre_plano,retrabalho_sobre_esforco_realizado,p1_omissao,p1_fuga,p2_ajuda,p2_bloqueio,p3_analitica,hiato_encontrado,hiato_sem_colega_capaz,hiato_sem_colega_livre,hiato_colega_capaz_sem_confianca,competencia_maxima_inicial,competencia_minima_inicial,tarefas_acima_da_competencia_maxima_inicial,n_tarefas,N_req,N_fail,N_blocked,N_success,competencia_maxima_final,ablacoes,retrabalho_gerado,retrabalho_pendente,ocupacao_retrabalho,extensoes_horizonte,motivo_termino,confianca_media_final,arquivo,semente,cenario,violacoes,atraso_relativo,fracao_porta1
True,195,74,0.6795144129173775,0.0,40.112266505716036,249.0,643.0,0.0,178.0,125.26396111215783,41,19,3,0,0.31666666666666665,0.36666666666666664,373.0,0.2514008053734419,0.33582831397361346,0.10753958848717436,0.13237739812571248,47,0,0,178,13,178,25,2,153,0.6268507180531939,0.4857196752206667,30,60,0,0,153,0,0.6268507180531939,nenhuma,125.26396111215782,0.0,137,0,terminal,0.25,j6032_9.sm,0,centralizada,0,2.635135135135135,0.7833333333333333
True,158,74,0.6326158666841615,0.0,17.26091638210636,330.0,468.0,122.0,59.0,90.78542848286284,54,6,12,0,0.1,0.3,373.0,0.19574877283195505,0.2433925696591497,0.046275915233529114,0.12271859513243426,37,0,122,59,23,181,15,13,0,0.6268507180531939,0.4857196752206667,30,60,166,44,0,122,0.6268507180531939,nenhuma,90.78542848286284,0.0,99,0,terminal,0.9583333333333334,j6032_9.sm,0,adaptativa,0,2.135135135135135,0.6166666666666667
True,224,74,0.6861524412222526,0.0,68.5478128000119,209.0,644.0,0.0,130.0,164.5669441805586,38,22,3,0,0.36666666666666664,0.4166666666666667,373.0,0.3061329309067108,0.4411982417709346,0.18377429705097023,0.1753385256117647,44,0,0,130,16,130,4,16,126,0.6586427040007742,0.39362113220747674,23,60,0,0,126,0,0.6586427040007742,nenhuma,164.5669441805586,0.0,174,0,terminal,0.25,j6032_9.sm,1,centralizada,0,3.027027027027027,0.7333333333333333
True,171,74,0.641120326746133,0.0,5.070872474789767,337.0,505.0,112.0,47.0,123.68365146526838,54,6,19,0,0.1,0.4166666666666667,373.0,0.24901897032525383,0.331591558888119,0.013594832372090528,0.15702198621894592,37,0,112,47,23,159,16,10,0,0.6586427040007742,0.39362113220747674,23,60,143,31,0,112,0.6586427040007742,nenhuma,123.68365146526838,0.0,134,0,terminal,0.9533333333333333,j6032_9.sm,1,adaptativa,0,2.310810810810811,0.6166666666666667
True,212,74,0.6931105651522715,0.0,66.76496712290104,194.0,642.0,0.0,134.0,150.25914576696303,36,24,1,0,0.4,0.4166666666666667,373.0,0.28716009453923996,0.40283953288730034,0.17899454992734865,0.1622214975729553,43,0,0,134,17,134,2,11,132,0.7659648859265082,0.2570239140832174,11,60,0,0,132,0,0.7659648859265082,nenhuma,150.25914576696303,0.0,159,0,terminal,0.25,j6032_9.sm,2,centralizada,0,2.864864864864865,0.7166666666666667
True,173,74,0.6511210482390981,0.0,11.549233545136195,317.0,503.0,95.0,60.0,114.5138073178882,52,8,20,0,0.13333333333333333,0.4666666666666667,373.0,0.23489346475723163,0.3070075263214161,0.030963092614306152,0.1482352887846391,39,0,95,60,21,155,4,9,0,0.7659648859265082,0.2570239140832174,11,60,151,56,0,95,0.7659648859265082,nenhuma,114.51380731788822,0.0,126,0,terminal,0.9023771572308233,j6032_9.sm,2,adaptativa,0,2.3378378378378377,0.65
True,278,74,0.6458483912124535,9.769962616701378e-15,49.44078370615304,197.0,652.0,0.0,184.0,173.5248495951164,35,25,4,0,0.4166666666666667,0.48333333333333334,373.0,0.3175058731980244,0.4652140739815453,0.13254901797896257,0.17188764562329584,49,0,0,184,11,184,0,5,184,0.794910294566222,0.24332019624229823,9,60,0,0,184,0,0.794910294566222,nenhuma,173.5248495951164,0.0,186,0,terminal,0.25,j6032_9.sm,3,centralizada,0,3.7567567567567566,0.8166666666666667
True,164,74,0.6087236536461913,0.0,5.896956412694914,345.0,484.0,136.0,67.0,108.10628033080428,56,4,17,0,0.06666666666666667,0.35,373.0,0.22470353173621302,0.28982916978767903,0.015809534618485024,0.13596456600220364,44,0,136,67,16,203,5,17,0,0.794910294566222,0.24332019624229823,9,60,198,62,0,136,0.794910294566222,nenhuma,108.1062803308043,0.0,115,0,terminal,0.8933333333333332,j6032_9.sm,3,adaptativa,0,2.2162162162162162,0.7333333333333333
True,267,74,0.6259473586434401,0.0,46.223484456746654,244.0,634.0,0.0,235.0,143.8647261552659,41,19,2,0,0.31666666666666665,0.35,373.0,0.278341157512167,0.3856963167701499,0.12392355082237709,0.1420374532158526,45,0,0,235,15,235,6,29,229,0.7496468789669437,0.35303232464984247,11,60,0,0,229,0,0.7496468789669437,nenhuma,143.86472615526594,0.0,155,0,terminal,0.25,j6032_9.sm,4,centralizada,0,3.608108108108108,0.75
True,161,74,0.6043864513104681,0.0,12.3830461283193,350.0,503.0,154.0,85.0,90.24896737735317,57,3,15,0,0.05,0.3,373.0,0.19481741726979004,0.24195433613231412,0.03319851508932788,0.10843986705294767,42,0,154,85,18,239,7,28,0,0.7496468789669437,0.35303232464984247,11,60,232,78,0,154,0.7496468789669437,nenhuma,90.24896737735318,0.0,99,0,terminal,0.8854693686428181,j6032_9.sm,4,adaptativa,0,2.175675675675676,0.7
True,177,74,0.7193176568071182,0.0,34.71407300967984,259.0,611.0,0.0,118.0,120.41610179859227,44,16,7,0,0.26666666666666666,0.38333333333333336,373.0,0.24404574832408887,0.3228313721141884,0.09306721986509342,0.14176338492243992,43,0,0,118,17,118,9,18,109,0.6863255838987572,0.3910769205246226,19,60,0,0,109,0,0.6863255838987572,nenhuma,120.41610179859228,0.0,128,0,terminal,0.25,j6032_9.sm,5,centralizada,0,2.391891891891892,0.7166666666666667
True,154,74,0.6077028417650376,0.0,8.215443238013918,345.0,481.0,94.0,76.0,140.5052669540978,54,6,26,0,0.1,0.5333333333333333,373.0,0.2736199139446364,0.3766897237375276,0.02202531699199442,0.17751652808931492,44,0,94,76,16,170,6,23,0,0.6863255838987572,0.3910769205246226,19,60,164,70,0,94,0.6863255838987572,nenhuma,140.5052669540978,0.0,154,0,terminal,0.9499999999999998,j6032_9.sm,5,adaptativa,0,2.081081081081081,0.7333333333333333
True,266,74,0.7359639278054675,0.0,49.42870867535984,206.0,652.0,0.0,80.0,153.9129848172924,35,25,3,0,0.4166666666666667,0.4666666666666667,373.0,0.2921032300440686,0.41263534803563645,0.1325166452422516,0.17373374976441378,34,0,0,80,26,80,2,8,78,0.7631789564580391,0.24360497938515846,11,60,0,0,78,0,0.7631789564580391,nenhuma,153.91298481729237,0.0,166,0,terminal,0.25,j6032_9.sm,6,centralizada,0,3.5945945945945947,0.5666666666666667
True,170,74,0.6801705884260059,0.0,12.757763107417773,324.0,482.0,64.0,68.0,94.64575475897047,51,9,15,0,0.15,0.4,373.0,0.2023877129126338,0.2537419698631916,0.03420311825044979,0.13355862802164395,33,0,64,68,27,132,7,41,0,0.7631789564580391,0.24360497938515846,11,60,125,61,0,64,0.7631789564580391,nenhuma,94.64575475897047,0.0,105,0,terminal,0.8883333333333333,j6032_9.sm,6,adaptativa,0,2.2972972972972974,0.55
True,227,74,0.6415959100623799,1.0658141036401503e-14,64.41548435589925,250.0,618.0,0.0,204.0,141.22309775932672,42,18,5,0,0.3,0.38333333333333336,373.0,0.27463390573992413,0.37861420310811456,0.1726956685144752,0.14661514875198006,54,0,0,204,6,204,20,15,184,0.5858494645010164,0.43100241340042456,37,60,0,0,184,0,0.5858494645010164,nenhuma,141.22309775932678,0.0,152,0,terminal,0.25,j6032_9.sm,7,centralizada,0,3.0675675675675675,0.9
True,166,74,0.6225413080134504,0.0,13.24367765047256,337.0,487.0,133.0,74.0,88.27740670580214,54,6,12,0,0.1,0.3,373.0,0.19137596037107565,0.23666865068579662,0.03550583820502027,0.1128466781081425,46,0,133,74,14,207,9,24,0,0.5858494645010164,0.43100241340042456,37,60,198,65,0,133,0.5858494645010164,nenhuma,88.27740670580214,0.0,94,0,terminal,0.9199999999999999,j6032_9.sm,7,adaptativa,0,2.2432432432432434,0.7666666666666667
True,255,74,0.6424943348078421,0.0,31.753837108828,262.0,641.0,0.0,250.0,106.67416656165688,42,18,5,0,0.3,0.38333333333333336,373.0,0.22238880889981194,0.2859897226854072,0.08513093058667025,0.10692285130454397,58,0,0,250,2,250,13,13,237,0.5273323364698471,0.27249021043639565,46,60,0,0,237,0,0.5273323364698471,nenhuma,106.67416656165689,0.0,115,0,terminal,0.25,j6032_9.sm,8,centralizada,0,3.445945945945946,0.9666666666666667
True,188,74,0.5114398680665256,0.0,12.80445596821256,326.0,495.0,200.0,105.0,167.85571658956547,53,7,23,0,0.11666666666666667,0.5,373.0,0.3103521169157665,0.45001532597738736,0.0343283001828755,0.1734305162561202,56,0,200,105,4,305,21,29,0,0.5273323364698471,0.27249021043639565,46,60,284,84,0,200,0.5273323364698471,nenhuma,167.85571658956547,0.0,179,0,terminal,0.9116666666666666,j6032_9.sm,8,adaptativa,0,2.5405405405405403,0.9333333333333333
True,252,74,0.723786765380395,2.6645352591003757e-15,43.267048690537415,231.0,647.0,0.0,128.0,118.90968576216119,39,21,4,0,0.35,0.4166666666666667,373.0,0.24173072660263523,0.31879272322295227,0.11599744957248637,0.1330220352862347,44,0,0,128,16,128,11,10,117,0.6872143627230507,0.3512385487549321,19,60,0,0,117,0,0.6872143627230507,nenhuma,118.90968576216119,0.0,130,0,terminal,0.25,j6032_9.sm,9,centralizada,0,3.4054054054054053,0.7333333333333333
True,171,74,0.5792068879321959,0.0,21.641750182302175,318.0,497.0,128.0,88.0,145.06990620280862,50,10,19,0,0.16666666666666666,0.48333333333333334,373.0,0.2800199441540582,0.38892736247401777,0.05802077796863854,0.16906537002886185,45,0,128,88,15,216,9,36,0,0.6872143627230507,0.3512385487549321,19,60,207,79,0,128,0.6872143627230507,nenhuma,145.06990620280862,0.0,158,0,terminal,0.9120217279500684,j6032_9.sm,9,adaptativa,0,2.310810810810811,0.75
True,243,74,0.6447703430893391,3.552713678800501e-15,58.48452551344397,190.0,662.0,0.0,202.0,162.72216099162856,34,26,4,0,0.43333333333333335,0.5,373.0,0.3037435686633305,0.43625244233680577,0.1567949745668739,0.15848704466889882,53,0,0,202,7,202,31,13,171,0.5820371027673271,0.4175993861121362,39,60,0,0,171,0,0.5820371027673271,nenhuma,162.72216099162856,0.0,175,0,terminal,0.25,j6032_9.sm,10,centralizada,0,3.2837837837837838,0.8833333333333333
True,185,74,0.5843497564528709,0.0,11.76039570109606,313.0,530.0,176.0,62.0,138.99105141621743,51,9,18,0,0.15,0.45,373.0,0.2714716419979501,0.3726301646547384,0.031529210994895605,0.15324412649848135,50,0,176,62,10,238,18,5,0,0.5820371027673271,0.4175993861121362,39,60,220,44,0,176,0.5820371027673271,nenhuma,138.99105141621743,0.0,148,0,terminal,0.9566666666666667,j6032_9.sm,10,adaptativa,0,2.5,0.8333333333333334
True,206,74,0.7125380356268894,4.884981308350689e-15,48.994630495355466,206.0,638.0,0.0,111.0,146.3907975434448,35,25,3,0,0.4166666666666667,0.4666666666666667,373.0,0.28185096508414714,0.3924686261218359,0.13135289677039,0.16349374814335393,47,0,0,111,13,111,3,11,108,0.7131697048371954,0.48671389683598903,17,60,0,0,108,0,0.7131697048371954,nenhuma,146.39079754344476,0.0,157,0,terminal,0.25,j6032_9.sm,11,centralizada,0,2.7837837837837838,0.7833333333333333
True,156,74,0.6149977074923901,0.0,8.5,314.0,485.0,94.0,60.0,149.62082588495053,51,9,21,0,0.15,0.5,373.0,0.28628944442005066,0.4011282195306985,0.022788203753351208,0.1897246699223972,40,0,94,60,20,154,12,13,0,0.7131697048371954,0.48671389683598903,17,60,142,48,0,94,0.7131697048371954,nenhuma,149.6208258849505,0.0,159,0,terminal,0.9466666666666667,j6032_9.sm,11,adaptativa,0,2.108108108108108,0.6666666666666666
True,278,90,0.7132898879494718,6.217248937900877e-15,23.70599652902728,241.0,546.0,0.0,137.0,82.467181330177,45,15,0,0,0.25,0.25,346.0,0.19247024025074105,0.2383444547114942,0.06851444083533896,0.1077344441950746,34,0,0,137,26,137,18,1,119,0.6268507180531939,0.4857196752206667,25,60,0,0,119,0,0.6268507180531939,nenhuma,82.467181330177,0.0,89,0,terminal,0.25,j6033_1.sm,0,centralizada,0,3.088888888888889,0.5666666666666667
True,171,90,0.6309225889076199,0.0,16.022309753135698,325.0,413.0,129.0,37.0,75.59694621977116,56,4,10,0,0.06666666666666667,0.23333333333333334,346.0,0.17931094353886468,0.21848828387217098,0.046307253621779475,0.11548624944912379,33,0,129,37,27,166,15,0,0,0.6268507180531939,0.4857196752206667,25,60,151,22,0,129,0.6268507180531939,nenhuma,75.59694621977117,0.0,82,0,terminal,0.9633333333333333,j6033_1.sm,0,adaptativa,0,1.9,0.55
True,340,90,0.6755536129381691,8.881784197001252e-16,40.41441757720856,224.0,541.0,0.0,141.0,118.82467126042246,45,15,4,0,0.25,0.31666666666666665,346.0,0.25563331425205227,0.34342390537694356,0.11680467507863745,0.1483778853533616,34,0,0,141,26,141,15,0,126,0.6586427040007742,0.39362113220747674,22,60,0,0,126,0,0.6586427040007742,nenhuma,118.82467126042248,0.0,131,0,terminal,0.25,j6033_1.sm,1,centralizada,0,3.7777777777777777,0.5666666666666667
True,168,90,0.6081825581689821,0.0,7.974332514009297,298.0,398.0,109.0,47.0,100.4087702847549,52,8,14,0,0.13333333333333333,0.36666666666666664,346.0,0.2249256219153271,0.29019875804842454,0.02304720379771473,0.15343432857885406,30,0,109,47,30,156,18,7,0,0.6586427040007742,0.39362113220747674,22,60,138,29,0,109,0.6586427040007742,nenhuma,100.4087702847549,0.0,107,0,terminal,0.9615538085067227,j6033_1.sm,1,adaptativa,0,1.8666666666666667,0.5
True,258,90,0.68344269441613,1.7763568394002505e-15,52.849435781337604,211.0,540.0,0.0,140.0,110.11745156091806,38,22,1,0,0.36666666666666664,0.38333333333333336,346.0,0.241423456138492,0.31825853052288455,0.1527440340501087,0.13936845888339172,30,0,0,140,30,140,12,0,128,0.7659648859265082,0.2570239140832174,14,60,0,0,128,0,0.7659648859265082,nenhuma,110.11745156091807,0.0,120,0,terminal,0.25,j6033_1.sm,2,centralizada,0,2.8666666666666667,0.5
True,194,90,0.6452998927655876,0.0,8.646860331460005,320.0,422.0,96.0,38.0,97.95950740270175,57,3,17,0,0.05,0.3333333333333333,346.0,0.22064964432408413,0.28311996359162356,0.02499092581346822,0.14979445408135836,34,0,96,38,26,134,8,0,0,0.7659648859265082,0.2570239140832174,14,60,126,30,0,96,0.7659648859265082,nenhuma,97.95950740270175,0.0,104,0,terminal,0.9166666666666666,j6033_1.sm,2,adaptativa,0,2.1555555555555554,0.5666666666666667
True,208,90,0.735993242701367,1.7763568394002505e-15,22.968400769887992,254.0,547.0,0.0,104.0,92.21334526429621,48,12,3,0,0.2,0.25,346.0,0.21043025334767085,0.2665125585673301,0.06638266118464738,0.12407385557844626,33,0,0,104,27,104,5,0,99,0.794910294566222,0.24332019624229823,11,60,0,0,99,0,0.794910294566222,nenhuma,92.2133452642962,0.0,98,0,terminal,0.25,j6033_1.sm,3,centralizada,0,2.311111111111111,0.55
True,201,90,0.5873496968687485,0.0,9.100947065586402,304.0,417.0,157.0,48.0,87.96886901123997,54,6,12,0,0.1,0.3,346.0,0.20270778687805263,0.2542452861596531,0.026303315218457808,0.1239052483156797,34,0,157,48,26,205,6,0,0,0.794910294566222,0.24332019624229823,11,60,199,42,0,157,0.794910294566222,nenhuma,87.96886901123997,0.0,95,0,terminal,0.9166666666666666,j6033_1.sm,3,adaptativa,0,2.2333333333333334,0.5666666666666667
True,272,90,0.6473997443847805,0.0,35.58923380057103,202.0,543.0,0.0,162.0,133.73990484195983,40,20,5,0,0.3333333333333333,0.4166666666666667,346.0,0.2787758606114236,0.38653151688427695,0.1028590572270839,0.15945337055014672,37,0,0,162,23,162,18,1,144,0.7496468789669437,0.35303232464984247,17,60,0,0,144,0,0.7496468789669437,nenhuma,133.73990484195983,0.0,142,0,terminal,0.25,j6033_1.sm,4,centralizada,0,3.022222222222222,0.6166666666666667
True,180,90,0.5828504654586811,2.220446049250313e-16,10.058171603650182,326.0,425.0,173.0,55.0,76.17502032968463,56,4,12,0,0.06666666666666667,0.26666666666666666,346.0,0.18043469334163373,0.2201590182938862,0.029069860126156595,0.10446740248348514,36,0,173,55,24,228,13,3,0,0.7496468789669437,0.35303232464984247,17,60,215,42,0,173,0.7496468789669437,nenhuma,76.17502032968463,0.0,83,0,terminal,0.9166666666666666,j6033_1.sm,4,adaptativa,0,2.0,0.6
True,240,90,0.6952671057191355,3.1086244689504383e-15,24.6162731957629,211.0,544.0,0.0,126.0,112.43310452221752,42,18,5,0,0.3,0.38333333333333336,346.0,0.24525520389587957,0.324951169139357,0.07114529825365,0.14369676317680005,36,0,0,126,24,126,23,5,103,0.6863255838987572,0.3910769205246226,22,60,0,0,103,0,0.6863255838987572,nenhuma,112.43310452221752,0.0,123,0,terminal,0.25,j6033_1.sm,5,centralizada,0,2.6666666666666665,0.6
True,174,90,0.589364909912826,0.0,6.167218971037157,306.0,401.0,113.0,52.0,114.39340865969211,54,6,19,0,0.1,0.4166666666666667,346.0,0.24846882363654343,0.33061678803379224,0.01782433228623456,0.1681283316442407,34,0,113,52,26,165,15,0,0,0.6863255838987572,0.3910769205246226,22,60,150,37,0,113,0.6863255838987572,nenhuma,114.39340865969208,0.0,126,0,terminal,0.9383333333333334,j6033_1.sm,5,adaptativa,0,1.9333333333333333,0.5666666666666667
True,233,90,0.6935655318788735,0.0,24.44587578026971,227.0,533.0,0.0,155.0,80.49263047444062,41,19,3,0,0.31666666666666665,0.36666666666666664,346.0,0.1887315857835543,0.23263766033075323,0.07065282017418992,0.10474092695560043,31,0,0,155,29,155,20,1,135,0.7631789564580391,0.24360497938515846,14,60,0,0,135,0,0.7631789564580391,nenhuma,80.49263047444063,0.0,87,0,terminal,0.25,j6033_1.sm,6,centralizada,0,2.588888888888889,0.5166666666666667
True,163,90,0.61891655731326,0.0,5.0,308.0,381.0,133.0,41.0,60.591868561305475,53,7,9,0,0.11666666666666667,0.26666666666666666,346.0,0.14902380801589862,0.175121007402617,0.014450867052023121,0.09842863698462136,21,0,133,41,39,174,19,0,0,0.7631789564580391,0.24360497938515846,14,60,155,22,0,133,0.7631789564580391,nenhuma,60.591868561305475,0.0,65,0,terminal,0.9550000000000001,j6033_1.sm,6,adaptativa,0,1.8111111111111111,0.35
True,196,90,0.6816393208344714,6.217248937900877e-15,51.872188849319826,195.0,501.0,0.0,132.0,101.99281025435778,37,23,1,0,0.38333333333333336,0.4,346.0,0.2276661765987921,0.29477690824958896,0.1499196209517914,0.1387670856522546,35,0,0,132,25,132,13,0,119,0.5858494645010164,0.43100241340042456,29,60,0,0,119,0,0.5858494645010164,nenhuma,101.9928102543578,0.0,108,0,terminal,0.25,j6033_1.sm,7,centralizada,0,2.1777777777777776,0.5833333333333334
True,178,90,0.5801578563225972,0.0,9.221675114149692,315.0,387.0,151.0,50.0,79.05982825613653,55,5,14,0,0.08333333333333333,0.31666666666666665,346.0,0.18599694207869466,0.22849661345704197,0.026652240214305466,0.11851984620752679,36,0,151,50,24,201,19,0,0,0.5858494645010164,0.43100241340042456,29,60,182,31,0,151,0.5858494645010164,nenhuma,79.05982825613654,0.0,86,0,terminal,0.9520956224706941,j6033_1.sm,7,adaptativa,0,1.9777777777777779,0.6
True,210,90,0.6257065817044308,0.0,36.148808920828834,213.0,530.0,0.0,188.0,129.04239254807715,40,20,6,0,0.3333333333333333,0.43333333333333335,346.0,0.2716439513027614,0.3729548917574484,0.10447632636077697,0.15234466855890313,47,0,0,188,13,188,16,11,172,0.5273323364698471,0.27249021043639565,34,60,0,0,172,0,0.5273323364698471,nenhuma,129.04239254807715,0.0,137,0,terminal,0.25,j6033_1.sm,8,centralizada,0,2.3333333333333335,0.7833333333333333
True,188,90,0.5513660328013198,0.0,4.5,320.0,402.0,176.0,63.0,88.09823254356581,56,4,14,0,0.06666666666666667,0.3,346.0,0.20294538410663612,0.25461916920105726,0.01300578034682081,0.1208317735680448,40,0,176,63,20,239,11,0,0,0.5273323364698471,0.27249021043639565,34,60,228,52,0,176,0.5273323364698471,nenhuma,88.09823254356581,0.0,95,0,terminal,0.96,j6033_1.sm,8,adaptativa,0,2.088888888888889,0.6666666666666666
True,297,90,0.6368008515381304,1.0658141036401503e-14,55.01928996132948,190.0,538.0,0.0,175.0,131.84811648808795,38,22,4,0,0.36666666666666664,0.43333333333333335,346.0,0.2759205528675025,0.38106392048580334,0.15901528890557654,0.15606132500615802,35,0,0,175,25,175,30,0,145,0.6872143627230507,0.3512385487549321,22,60,0,0,145,0,0.6872143627230507,nenhuma,131.84811648808792,0.0,142,0,terminal,0.25,j6033_1.sm,9,centralizada,0,3.3,0.5833333333333334
True,191,90,0.5974600578454593,0.0,15.61192545161687,288.0,410.0,133.0,45.0,98.23834282500562,53,7,15,0,0.11666666666666667,0.36666666666666664,346.0,0.2211388197612282,0.28392584631504514,0.04512117182548228,0.14315484387041444,30,0,133,45,30,178,9,3,0,0.6872143627230507,0.3512385487549321,22,60,169,36,0,133,0.6872143627230507,nenhuma,98.23834282500562,0.0,104,0,terminal,0.9483333333333333,j6033_1.sm,9,adaptativa,0,2.1222222222222222,0.5
True,225,90,0.6358970652043502,0.0,36.257638764325655,187.0,557.0,0.0,183.0,135.92792997244607,37,23,1,0,0.38333333333333336,0.4,346.0,0.2820503264465657,0.3928552889377054,0.10479086348070998,0.1551816368918867,39,0,0,183,21,183,17,0,166,0.5820371027673271,0.4175993861121362,30,60,0,0,166,0,0.5820371027673271,nenhuma,135.9279299724461,0.0,147,0,terminal,0.25,j6033_1.sm,10,centralizada,0,2.5,0.65
True,175,90,0.5709957954791338,0.0,13.76411715238878,297.0,412.0,156.0,56.0,97.54646892676797,53,7,14,0,0.11666666666666667,0.35,346.0,0.21992389920902167,0.2819262107710057,0.039780685411528266,0.13519083403160312,34,0,156,56,26,212,28,2,0,0.5820371027673271,0.4175993861121362,30,60,184,28,0,156,0.5820371027673271,nenhuma,97.54646892676796,0.0,105,0,terminal,0.9716666666666667,j6033_1.sm,10,adaptativa,0,1.9444444444444444,0.5666666666666667
True,289,90,0.7153355122772586,0.0,44.45333731059467,187.0,537.0,0.0,84.0,129.69668817429402,37,23,1,0,0.38333333333333336,0.4,346.0,0.2726457665115665,0.37484591957888447,0.12847785349882854,0.17276842993635472,39,0,0,84,21,84,12,1,72,0.7131697048371954,0.48671389683598903,19,60,0,0,72,0,0.7131697048371954,nenhuma,129.696688174294,0.0,139,0,terminal,0.25,j6033_1.sm,11,centralizada,0,3.2111111111111112,0.65
True,178,90,0.612598642507182,0.0,5.0,305.0,395.0,115.0,43.0,91.79411574172576,54,6,15,0,0.1,0.35,346.0,0.20967416518653986,0.2653009125483404,0.014450867052023121,0.14236190048994518,27,0,115,43,33,158,15,0,0,0.7131697048371954,0.48671389683598903,19,60,143,28,0,115,0.7131697048371954,nenhuma,91.79411574172578,0.0,98,0,terminal,0.9666666666666667,j6033_1.sm,11,adaptativa,0,1.9777777777777779,0.45
True,239,92,0.6654107412205895,6.661338147750939e-15,27.78904469420958,222.0,573.0,0.0,189.0,99.12225803407263,39,21,3,0,0.35,0.4,361.0,0.21542591409853618,0.274576892061143,0.07697796314185479,0.1151082289527239,39,0,0,189,21,189,19,6,170,0.6268507180531939,0.4857196752206667,17,60,0,0,170,0,0.6268507180531939,nenhuma,99.12225803407263,0.0,109,0,terminal,0.25,j6034_10.sm,0,centralizada,0,2.597826086956522,0.65
True,142,92,0.6743640367978294,0.0,5.736218219131244,341.0,416.0,114.0,45.0,41.87749835437104,57,3,8,0,0.05,0.18333333333333332,361.0,0.10394598488480386,0.11600415056612477,0.015889801161028377,0.06788624721453873,25,0,114,45,35,159,18,1,0,0.6268507180531939,0.4857196752206667,17,60,141,27,0,114,0.6268507180531939,nenhuma,41.877498354371035,0.0,45,0,terminal,0.995,j6034_10.sm,0,adaptativa,0,1.5434782608695652,0.4166666666666667
True,280,92,0.7930206605855274,0.0,24.193083839933628,267.0,588.0,0.0,82.0,71.46870217208425,42,18,1,0,0.3,0.31666666666666665,361.0,0.1652575130018219,0.1979742442440007,0.06701685274219842,0.09638802280220506,31,0,0,82,29,82,3,5,79,0.6586427040007742,0.39362113220747674,14,60,0,0,79,0,0.6586427040007742,nenhuma,71.46870217208425,0.0,80,0,terminal,0.25,j6034_10.sm,1,centralizada,0,3.0434782608695654,0.5166666666666667
True,138,92,0.6841683947632711,0.0,6.858158513647141,337.0,420.0,74.0,45.0,74.88395490751086,55,5,14,0,0.08333333333333333,0.31666666666666665,361.0,0.17179791562504357,0.2074347781371492,0.01899766901287297,0.12198389338713542,22,0,74,45,38,119,9,11,0,0.6586427040007742,0.39362113220747674,14,60,110,36,0,74,0.6586427040007742,nenhuma,74.88395490751086,0.0,81,0,terminal,0.955,j6034_10.sm,1,adaptativa,0,1.5,0.36666666666666664
True,215,92,0.7599379703463837,0.0,35.76772521755548,220.0,590.0,0.0,95.0,91.37915596068316,37,23,0,0,0.38333333333333336,0.38333333333333336,361.0,0.2019968311020613,0.2531278558467678,0.09907957123976588,0.11769913612326645,42,0,0,95,18,95,8,31,87,0.7659648859265082,0.2570239140832174,7,60,0,0,87,0,0.7659648859265082,nenhuma,91.37915596068316,0.0,99,0,terminal,0.25,j6034_10.sm,2,centralizada,0,2.3369565217391304,0.7
True,168,92,0.6081508956822997,0.0,4.738533698553357,345.0,433.0,129.0,71.0,78.99434724864858,57,3,15,0,0.05,0.3,361.0,0.17953491389744486,0.21882090650595173,0.013126132128956667,0.1109479977669844,34,0,129,71,26,200,10,13,0,0.7659648859265082,0.2570239140832174,7,60,190,61,0,129,0.7659648859265082,nenhuma,78.99434724864858,0.0,87,0,terminal,0.8933333333333332,j6034_10.sm,2,adaptativa,0,1.826086956521739,0.5666666666666667
True,237,92,0.6478743667334748,0.0,28.951921292589798,264.0,558.0,0.0,214.0,89.27809441417887,46,14,4,0,0.23333333333333334,0.3,361.0,0.1982732349667854,0.24730774075949824,0.08019922795731246,0.10365768616802419,39,0,0,214,21,214,1,15,213,0.794910294566222,0.24332019624229823,5,60,0,0,213,0,0.794910294566222,nenhuma,89.27809441417888,0.0,96,0,terminal,0.25,j6034_10.sm,3,centralizada,0,2.5760869565217392,0.65
True,155,92,0.6351462226966992,0.0,5.6255636277453025,353.0,442.0,129.0,63.0,61.90274523456926,58,2,13,0,0.03333333333333333,0.25,361.0,0.1463758415666798,0.171475748572214,0.015583278747216904,0.08895315567939538,28,0,129,63,32,192,0,1,4,0.794910294566222,0.24332019624229823,5,60,188,59,4,129,0.794910294566222,nenhuma,61.90274523456927,0.0,66,0,terminal,0.8416666666666667,j6034_10.sm,3,adaptativa,0,1.684782608695652,0.4666666666666667
True,252,92,0.6740569773265455,1.7763568394002505e-15,26.879601101783116,260.0,588.0,0.0,209.0,75.32981747646048,47,13,2,0,0.21666666666666667,0.25,361.0,0.1726442119223824,0.20866985450543069,0.07445872881380365,0.08635474331759069,35,0,0,209,25,209,15,8,194,0.7496468789669437,0.35303232464984247,7,60,0,0,194,0,0.7496468789669437,nenhuma,75.32981747646048,0.0,81,0,terminal,0.25,j6034_10.sm,4,centralizada,0,2.739130434782609,0.5833333333333334
True,146,92,0.662154553586507,4.440892098500626e-16,11.867206702675174,336.0,457.0,112.0,59.0,62.17119571963401,55,5,10,0,0.08333333333333333,0.25,361.0,0.14691736192938953,0.17221937872474793,0.03287314876087306,0.09008083227062058,33,0,112,59,27,171,9,10,0,0.7496468789669437,0.35303232464984247,7,60,162,50,0,112,0.7496468789669437,nenhuma,62.171195719634,0.0,69,0,terminal,0.8883333333333332,j6034_10.sm,4,adaptativa,0,1.5869565217391304,0.55
True,189,92,0.7079907345510461,0.0,25.31055407999472,226.0,543.0,0.0,146.0,77.95918957799536,42,18,0,0,0.3,0.3,361.0,0.17760008544972808,0.21595343373405917,0.07011233817173053,0.10164711582749392,36,0,0,146,24,146,4,13,142,0.6863255838987572,0.3910769205246226,7,60,0,0,142,0,0.6863255838987572,nenhuma,77.95918957799536,0.0,84,0,terminal,0.25,j6034_10.sm,5,centralizada,0,2.0543478260869565,0.6
True,178,92,0.6042346050883782,0.0,4.5,340.0,435.0,131.0,68.0,85.91904524629933,57,3,17,0,0.05,0.3333333333333333,361.0,0.19224744651226244,0.23800289541911174,0.012465373961218837,0.11934542614705329,31,0,131,68,29,199,7,13,0,0.6863255838987572,0.3910769205246226,7,60,192,61,0,131,0.6863255838987572,nenhuma,85.91904524629932,0.0,94,0,terminal,0.9366666666666665,j6034_10.sm,5,adaptativa,0,1.934782608695652,0.5166666666666667
True,245,92,0.7946198002889567,8.881784197001252e-16,20.162082528841644,255.0,588.0,0.0,79.0,72.97652687005628,43,17,1,0,0.2833333333333333,0.3,361.0,0.16815777433028614,0.20215104396137473,0.05585064412421508,0.09862005647494185,23,0,0,79,37,79,4,19,75,0.7631789564580391,0.24360497938515846,7,60,0,0,75,0,0.7631789564580391,nenhuma,72.97652687005628,0.0,81,0,terminal,0.25,j6034_10.sm,6,centralizada,0,2.6630434782608696,0.38333333333333336
True,146,92,0.6804670507941952,0.0,6.202178568859823,340.0,449.0,84.0,61.0,65.84091290821124,56,4,13,0,0.06666666666666667,0.2833333333333333,361.0,0.15425164485666304,0.18238480029975412,0.01718055005224328,0.09978301075333622,23,0,84,61,37,145,7,27,0,0.7631789564580391,0.24360497938515846,7,60,138,54,0,84,0.7631789564580391,nenhuma,65.84091290821124,0.0,72,0,terminal,0.9049999999999999,j6034_10.sm,6,adaptativa,0,1.5869565217391304,0.38333333333333336
True,208,92,0.6695416730987553,0.0,34.443246493564715,261.0,567.0,0.0,190.0,89.84796000198973,45,15,3,0,0.25,0.3,361.0,0.19928660651274369,0.2488863157949854,0.09541065510682746,0.10609691969002161,42,0,0,190,18,190,0,9,190,0.5858494645010164,0.43100241340042456,26,60,0,0,190,0,0.5858494645010164,nenhuma,89.84796000198973,0.0,98,0,terminal,0.25,j6034_10.sm,7,centralizada,0,2.260869565217391,0.7
True,160,92,0.5642998856311455,0.0,5.0,333.0,387.0,197.0,65.0,36.805561642382635,57,3,8,0,0.05,0.18333333333333332,361.0,0.09252148584958679,0.1019544643833314,0.013850415512465374,0.053667633657329704,34,0,197,65,26,262,23,3,0,0.5858494645010164,0.43100241340042456,26,60,239,42,0,197,0.5858494645010164,nenhuma,36.805561642382635,0.0,41,0,terminal,0.9666666666666667,j6034_10.sm,7,adaptativa,0,1.7391304347826086,0.5666666666666667
True,231,92,0.5944643648224864,0.0,27.16321611526173,271.0,544.0,0.0,289.0,82.10952075730295,46,14,5,0,0.23333333333333334,0.31666666666666665,361.0,0.18530299375416814,0.22745019600360927,0.07524436597025409,0.08972644136556775,51,0,0,289,9,289,18,8,271,0.5273323364698471,0.27249021043639565,34,60,0,0,271,0,0.5273323364698471,nenhuma,82.10952075730293,0.0,89,0,terminal,0.25,j6034_10.sm,8,centralizada,0,2.510869565217391,0.85
True,184,92,0.5410942009551617,0.0,8.127866172432205,342.0,479.0,199.0,99.0,108.24327031124994,57,3,21,0,0.05,0.4,361.0,0.23067623375707014,0.29984285404778377,0.022514864743579513,0.12227516880551016,51,0,199,99,9,298,26,18,0,0.5273323364698471,0.27249021043639565,34,60,272,73,0,199,0.5273323364698471,nenhuma,108.24327031124994,0.0,117,0,terminal,0.9216666666666665,j6034_10.sm,8,adaptativa,0,2.0,0.85
True,226,92,0.6674760551226085,3.552713678800501e-15,35.90945049447103,255.0,569.0,0.0,186.0,97.46503695998577,43,17,3,0,0.2833333333333333,0.3333333333333333,361.0,0.21258990130689592,0.26998625196671955,0.09947216203454579,0.11433317817650358,40,0,0,186,20,186,7,15,179,0.6872143627230507,0.3512385487549321,7,60,0,0,179,0,0.6872143627230507,nenhuma,97.46503695998575,0.0,107,0,terminal,0.25,j6034_10.sm,9,centralizada,0,2.4565217391304346,0.6666666666666666
True,146,92,0.6212707594966455,0.0,4.5,342.0,438.0,144.0,71.0,52.00662280463407,57,3,12,0,0.05,0.25,361.0,0.125922006895359,0.14406266704884785,0.012465373961218837,0.07376756632121134,26,0,144,71,34,215,5,2,0,0.6872143627230507,0.3512385487549321,7,60,210,66,0,144,0.6872143627230507,nenhuma,52.00662280463407,0.0,56,0,terminal,0.8895029688816583,j6034_10.sm,9,adaptativa,0,1.5869565217391304,0.43333333333333335
True,198,92,0.6435870120359773,0.0,28.986480721497237,226.0,614.0,0.0,235.0,105.02795351264265,38,22,2,0,0.36666666666666664,0.4,361.0,0.22536835552675363,0.2909361593147996,0.08029496044736077,0.11008896869943847,47,0,0,235,13,235,47,12,188,0.5820371027673271,0.4175993861121362,27,60,0,0,188,0,0.5820371027673271,nenhuma,105.02795351264267,0.0,115,0,terminal,0.25,j6034_10.sm,10,centralizada,0,2.152173913043478,0.7833333333333333
True,159,92,0.5752009614917851,0.0,10.386556474373194,331.0,444.0,161.0,72.0,94.90413390214941,55,5,17,0,0.08333333333333333,0.36666666666666664,361.0,0.20816686413841262,0.26289233767908426,0.02877162458275123,0.12294808349112943,41,0,161,72,19,233,11,13,0,0.5820371027673271,0.4175993861121362,27,60,222,61,0,161,0.5820371027673271,nenhuma,94.9041339021494,0.0,105,0,terminal,0.9183333333333333,j6034_10.sm,10,adaptativa,0,1.7282608695652173,0.6833333333333333
True,196,92,0.724598464937086,3.552713678800501e-15,23.35800489280869,251.0,602.0,0.0,139.0,89.804961824297,44,16,5,0,0.26666666666666666,0.35,361.0,0.1992102337580278,0.24876720726952076,0.06470361466151991,0.10809391608242394,33,0,0,139,27,139,6,9,133,0.7131697048371954,0.48671389683598903,7,60,0,0,133,0,0.7131697048371954,nenhuma,89.804961824297,0.0,96,0,terminal,0.25,j6034_10.sm,11,centralizada,0,2.130434782608696,0.55
True,148,92,0.6121607688831205,0.0,4.5,341.0,422.0,123.0,59.0,85.36139238379083,57,3,18,0,0.05,0.35,361.0,0.19123829668134767,0.23645815064762002,0.012465373961218837,0.12382676681183684,28,0,123,59,32,182,6,8,0,0.7131697048371954,0.48671389683598903,7,60,176,53,0,123,0.7131697048371954,nenhuma,85.36139238379081,0.0,93,0,terminal,0.9383333333333334,j6034_10.sm,11,adaptativa,0,1.608695652173913,0.4666666666666667
True,182,73,0.7350323200045233,0.0,33.50486604080248,236.0,466.0,0.0,108.0,59.98572731758552,45,15,1,0,0.25,0.26666666666666666,318.0,0.15869839251148551,0.18863436263391672,0.10536121396478768,0.09461684188284034,29,0,0,108,31,108,18,1,90,0.6268507180531939,0.4857196752206667,22,60,0,0,90,0,0.6268507180531939,nenhuma,59.98572731758552,0.0,67,0,terminal,0.25,j6035_9.sm,0,centralizada,0,2.493150684931507,0.48333333333333334
True,117,73,0.6732118682104532,0.0,3.0,310.0,365.0,104.0,43.0,30.177013263671586,58,2,8,0,0.03333333333333333,0.16666666666666666,318.0,0.08667146914956957,0.09489626812475342,0.009433962264150943,0.05565896842807664,28,0,104,43,32,147,23,1,0,0.6268507180531939,0.4857196752206667,22,60,124,20,0,104,0.6268507180531939,nenhuma,30.177013263671586,0.0,35,0,terminal,0.9877897790854581,j6035_9.sm,0,adaptativa,0,1.6027397260273972,0.4666666666666667
True,215,73,0.7523136110017827,0.0,27.899532856454933,232.0,482.0,0.0,97.0,61.6902559667472,48,12,1,0,0.2,0.21666666666666667,318.0,0.16247521498721304,0.1939945156187019,0.08773438005174507,0.09628717682565946,26,0,0,97,34,97,2,8,95,0.6586427040007742,0.39362113220747674,21,60,0,0,95,0,0.6586427040007742,nenhuma,61.690255966747195,0.0,66,0,terminal,0.25,j6035_9.sm,1,centralizada,0,2.9452054794520546,0.43333333333333335
True,118,73,0.6183165178973524,0.0,6.079017758210394,294.0,370.0,125.0,47.0,56.399022653029306,56,4,11,0,0.06666666666666667,0.25,318.0,0.1506388084386015,0.1773554171478909,0.019116408044686773,0.09424985756658102,31,0,125,47,29,172,17,7,0,0.6586427040007742,0.39362113220747674,21,60,155,30,0,125,0.6586427040007742,nenhuma,56.399022653029306,0.0,62,0,terminal,0.9466666666666667,j6035_9.sm,1,adaptativa,0,1.6164383561643836,0.5166666666666667
True,164,73,0.764098066771931,0.0,18.096160021483907,242.0,510.0,0.0,110.0,47.453592906714434,49,11,0,0,0.18333333333333332,0.18333333333333332,318.0,0.12984847824119605,0.14922513492677494,0.05690616358957203,0.07109646784588769,29,0,0,110,31,110,12,5,98,0.7659648859265082,0.2570239140832174,12,60,0,0,98,0,0.7659648859265082,nenhuma,47.453592906714434,0.0,52,0,terminal,0.25,j6035_9.sm,2,centralizada,0,2.2465753424657535,0.48333333333333334
True,127,73,0.6810500825622654,0.0,9.8273045964037,290.0,372.0,84.0,41.0,49.21533647048596,57,3,11,0,0.05,0.23333333333333334,318.0,0.13402309648481014,0.1547652090266854,0.03090347357359654,0.09010244345847886,22,0,84,41,38,125,5,11,0,0.7659648859265082,0.2570239140832174,12,60,120,36,0,84,0.7659648859265082,nenhuma,49.21533647048596,0.0,53,0,terminal,0.9283333333333332,j6035_9.sm,2,adaptativa,0,1.7397260273972603,0.36666666666666664
True,202,73,0.6855340668666281,1.7763568394002505e-15,22.173048078523166,240.0,479.0,0.0,163.0,56.725305059406026,46,14,2,0,0.23333333333333334,0.26666666666666666,318.0,0.1513783678164282,0.17838146245096234,0.06972656628466405,0.081183985535751,32,0,0,163,28,163,4,3,159,0.794910294566222,0.24332019624229823,9,60,0,0,159,0,0.794910294566222,nenhuma,56.725305059406026,0.0,61,0,terminal,0.25,j6035_9.sm,3,centralizada,0,2.767123287671233,0.5333333333333333
True,136,73,0.626155866856924,0.0,9.731501937144833,291.0,427.0,99.0,68.0,87.93883121048695,56,4,13,0,0.06666666666666667,0.2833333333333333,318.0,0.2166307444603372,0.27653720506442436,0.03060220734951205,0.1289541336931784,31,0,99,68,29,167,1,25,1,0.794910294566222,0.24332019624229823,9,60,165,66,1,99,0.794910294566222,nenhuma,87.93883121048695,0.0,92,0,terminal,0.8398984930059816,j6035_9.sm,3,adaptativa,0,1.8630136986301369,0.5166666666666667
True,309,73,0.7009743427428405,5.329070518200751e-15,51.89109283519996,232.0,543.0,0.0,139.0,92.63605568685557,45,15,2,0,0.25,0.2833333333333333,318.0,0.22559162646326003,0.29130835121652693,0.16317953721760994,0.11958655294545628,34,0,0,139,26,139,8,7,131,0.7496468789669437,0.35303232464984247,15,60,0,0,131,0,0.7496468789669437,nenhuma,92.63605568685557,0.0,101,0,terminal,0.25,j6035_9.sm,4,centralizada,0,4.232876712328767,0.5666666666666667
True,125,73,0.5549416532760219,0.0,5.83104813187972,292.0,356.0,165.0,74.0,46.508882777861245,56,4,9,0,0.06666666666666667,0.21666666666666667,318.0,0.12759327680418878,0.14625434835805423,0.01833662934553371,0.07249920309204219,26,0,165,74,34,239,11,2,0,0.7496468789669437,0.35303232464984247,15,60,228,63,0,165,0.7496468789669437,nenhuma,46.508882777861245,0.0,51,0,terminal,0.9199999999999999,j6035_9.sm,4,adaptativa,0,1.7123287671232876,0.43333333333333335
True,214,73,0.6718384327270869,3.552713678800501e-15,42.27221360695744,213.0,506.0,0.0,152.0,95.15727018782582,43,17,3,0,0.2833333333333333,0.3333333333333333,318.0,0.23031730784881574,0.2992366987038548,0.13293148933005486,0.1263444886671479,34,0,0,152,26,152,13,12,139,0.6863255838987572,0.3910769205246226,18,60,0,0,139,0,0.6863255838987572,nenhuma,95.1572701878258,0.0,103,0,terminal,0.25,j6035_9.sm,5,centralizada,0,2.9315068493150687,0.5666666666666667
True,128,73,0.6283119404005753,0.0,8.547343026013465,299.0,383.0,110.0,53.0,63.56982570762766,57,3,13,0,0.05,0.26666666666666666,318.0,0.1666007672114438,0.1999051122881373,0.02687843718872159,0.10428637217045929,30,0,110,53,30,163,23,10,0,0.6863255838987572,0.3910769205246226,18,60,140,30,0,110,0.6863255838987572,nenhuma,63.56982570762766,0.0,68,0,terminal,0.9566666666666667,j6035_9.sm,5,adaptativa,0,1.7534246575342465,0.5
True,195,73,0.7450673274501635,0.0,29.495019632616195,227.0,491.0,0.0,97.0,71.00084718564221,41,19,3,0,0.31666666666666665,0.36666666666666664,318.0,0.18252106055635042,0.22327310435736544,0.0927516340648308,0.10774014553829715,26,0,0,97,34,97,4,13,93,0.7631789564580391,0.24360497938515846,12,60,0,0,93,0,0.7631789564580391,nenhuma,71.00084718564223,0.0,80,0,terminal,0.25,j6035_9.sm,6,centralizada,0,2.671232876712329,0.43333333333333335
True,125,73,0.6574299017929399,0.0,8.5,272.0,378.0,78.0,48.0,70.96624198126683,53,7,14,0,0.11666666666666667,0.35,318.0,0.18244833181354764,0.2231642829599586,0.026729559748427674,0.1234267976094134,24,0,78,48,36,126,4,15,0,0.7631789564580391,0.24360497938515846,12,60,122,44,0,78,0.7631789564580391,nenhuma,70.96624198126682,0.0,78,0,terminal,0.94,j6035_9.sm,6,adaptativa,0,1.7123287671232876,0.4
True,193,73,0.6982285285345443,0.0,21.109577484122084,256.0,495.0,0.0,167.0,46.93694509864222,48,12,2,0,0.2,0.23333333333333334,318.0,0.12861658905473436,0.14760045628503843,0.06638231913245939,0.0662075032527912,38,0,0,167,22,167,18,6,149,0.5858494645010164,0.43100241340042456,25,60,0,0,149,0,0.5858494645010164,nenhuma,46.93694509864223,0.0,53,0,terminal,0.25,j6035_9.sm,7,centralizada,0,2.643835616438356,0.6333333333333333
True,135,73,0.5895713057313847,0.0,9.892574481876796,265.0,374.0,118.0,62.0,80.35923079064942,53,7,11,0,0.11666666666666667,0.3,318.0,0.2017255396119609,0.2527019836183944,0.031108724785776087,0.1266777984620665,35,0,118,62,25,180,15,8,0,0.5858494645010164,0.43100241340042456,25,60,165,47,0,118,0.5858494645010164,nenhuma,80.35923079064942,0.0,88,0,terminal,0.96,j6035_9.sm,7,adaptativa,0,1.8493150684931507,0.5833333333333334
True,275,73,0.566620104462433,0.0,33.464339937352,208.0,504.0,0.0,292.0,93.4848524271083,44,16,2,0,0.26666666666666666,0.3,318.0,0.22718904930690853,0.29397752335568644,0.10523377338789937,0.10509999374583977,46,0,0,292,14,292,17,10,275,0.5273323364698471,0.27249021043639565,33,60,0,0,275,0,0.5273323364698471,nenhuma,93.4848524271083,0.0,100,0,terminal,0.25,j6035_9.sm,8,centralizada,0,3.767123287671233,0.7666666666666667
True,187,73,0.5177654601184319,0.0,7.838513185502348,291.0,416.0,169.0,83.0,135.4525901068132,53,7,18,0,0.11666666666666667,0.4166666666666667,318.0,0.2987138965837787,0.4259515412163937,0.024649412533026254,0.1685881553867488,47,0,169,83,13,252,16,31,0,0.5273323364698471,0.27249021043639565,33,60,236,67,0,169,0.5273323364698471,nenhuma,135.45259010681318,0.0,146,0,terminal,0.9199999999999999,j6035_9.sm,8,adaptativa,0,2.5616438356164384,0.7833333333333333
True,216,73,0.7054901805186762,1.7763568394002505e-15,30.86546439082045,229.0,499.0,0.0,140.0,68.30963205346856,44,16,1,0,0.26666666666666666,0.2833333333333333,318.0,0.17682611663178494,0.2148101636901527,0.09706120877616493,0.09657670270253685,26,0,0,140,34,140,10,1,130,0.6872143627230507,0.3512385487549321,18,60,0,0,130,0,0.6872143627230507,nenhuma,68.30963205346856,0.0,74,0,terminal,0.25,j6035_9.sm,9,centralizada,0,2.958904109589041,0.43333333333333335
True,128,73,0.5936927281688382,0.0,7.179656995412797,260.0,363.0,128.0,52.0,68.4273980070843,50,10,8,0,0.16666666666666666,0.3,318.0,0.17707698356789348,0.2151804968776236,0.02257753772142389,0.11191418348297744,29,0,128,52,31,180,12,3,0,0.6872143627230507,0.3512385487549321,18,60,168,40,0,128,0.6872143627230507,nenhuma,68.4273980070843,0.0,76,0,terminal,0.9766666666666666,j6035_9.sm,9,adaptativa,0,1.7534246575342465,0.48333333333333334
True,228,73,0.6976247956417321,3.552713678800501e-15,37.53049404471102,205.0,523.0,0.0,141.0,85.68665573146946,42,18,0,0,0.3,0.3,318.0,0.21226031258379727,0.2694548922373253,0.11802042152424849,0.11429662656575494,36,0,0,141,24,141,19,6,122,0.5820371027673271,0.4175993861121362,25,60,0,0,122,0,0.5820371027673271,nenhuma,85.68665573146946,0.0,94,0,terminal,0.25,j6035_9.sm,10,centralizada,0,3.1232876712328768,0.6
True,145,73,0.6047456791257612,0.0,6.0,294.0,411.0,143.0,54.0,71.6245333975005,55,5,13,0,0.08333333333333333,0.3,318.0,0.18382962893260146,0.22523438175314622,0.018867924528301886,0.10538838708403213,39,0,143,54,21,197,11,5,0,0.5820371027673271,0.4175993861121362,25,60,186,43,0,143,0.5820371027673271,nenhuma,71.6245333975005,0.0,79,0,terminal,0.9416666666666665,j6035_9.sm,10,adaptativa,0,1.9863013698630136,0.65
True,240,73,0.7251111630142266,0.0,29.954134479996213,216.0,519.0,0.0,109.0,87.75232388170704,40,20,4,0,0.3333333333333333,0.4,318.0,0.21627066246277454,0.2759507040305253,0.09419539144652897,0.12260152143943291,34,0,0,109,26,109,9,7,100,0.7131697048371954,0.48671389683598903,17,60,0,0,100,0,0.7131697048371954,nenhuma,87.75232388170706,0.0,99,0,terminal,0.25,j6035_9.sm,11,centralizada,0,3.287671232876712,0.5666666666666667
True,140,73,0.6709270549917892,0.0,10.0,280.0,393.0,73.0,36.0,83.75667365926915,55,5,18,0,0.08333333333333333,0.38333333333333336,318.0,0.20847612286411799,0.26338576622411686,0.031446540880503145,0.14298885087562804,29,0,73,36,31,109,4,3,0,0.7131697048371954,0.48671389683598903,17,60,105,32,0,73,0.7131697048371954,nenhuma,83.75667365926917,0.0,91,0,terminal,0.9466666666666667,j6035_9.sm,11,adaptativa,0,1.917808219178082,0.48333333333333334
True,200,86,0.6721894174131273,6.217248937900877e-15,38.96343349160911,248.0,554.0,0.0,184.0,86.17245146766696,44,16,3,0,0.26666666666666666,0.31666666666666665,344.0,0.2003207113185953,0.2505013124060086,0.11326579503374741,0.10455633564821668,34,0,0,184,26,184,19,16,165,0.6268507180531939,0.4857196752206667,20,60,0,0,165,0,0.6268507180531939,nenhuma,86.17245146766697,0.0,94,0,terminal,0.25,j6036_9.sm,0,centralizada,0,2.3255813953488373,0.5666666666666667
True,123,86,0.6547011018877736,0.0,6.198221254630134,323.0,404.0,127.0,57.0,29.075485034470137,55,5,6,0,0.08333333333333333,0.18333333333333332,344.0,0.07793459018563957,0.08452175882113412,0.01801808504252946,0.04711819824254721,17,0,127,57,43,184,23,10,0,0.6268507180531939,0.4857196752206667,20,60,161,34,0,127,0.6268507180531939,nenhuma,29.075485034470137,0.0,34,0,terminal,0.9889259556598774,j6036_9.sm,0,adaptativa,0,1.430232558139535,0.2833333333333333
True,262,86,0.747975730865198,5.329070518200751e-15,36.9039489439881,220.0,560.0,0.0,98.0,90.6873930417998,40,20,2,0,0.3333333333333333,0.36666666666666664,344.0,0.20862669240807552,0.26362614256337147,0.10727892134880261,0.12112851623339227,28,0,0,98,32,98,0,18,98,0.6586427040007742,0.39362113220747674,13,60,0,0,98,0,0.6586427040007742,nenhuma,90.6873930417998,0.0,98,0,terminal,0.25,j6036_9.sm,1,centralizada,0,3.046511627906977,0.4666666666666667
True,129,86,0.6823404301429653,0.0,3.5,330.0,429.0,96.0,48.0,55.71842418910324,55,5,15,0,0.08333333333333333,0.3333333333333333,344.0,0.13939418554983432,0.1619721633404164,0.010174418604651164,0.08862222267617927,24,0,96,48,36,144,10,9,0,0.6586427040007742,0.39362113220747674,13,60,134,38,0,96,0.6586427040007742,nenhuma,55.71842418910324,0.0,63,0,terminal,0.9177957230020093,j6036_9.sm,1,adaptativa,0,1.5,0.4
True,249,86,0.763024401379891,3.1086244689504383e-15,33.267732725391426,264.0,541.0,0.0,104.0,64.02057525503622,45,15,2,0,0.25,0.2833333333333333,344.0,0.15690526198346663,0.18610632341580297,0.09670852536450995,0.09029438282804118,27,0,0,104,33,104,0,21,104,0.7659648859265082,0.2570239140832174,3,60,0,0,104,0,0.7659648859265082,nenhuma,64.02057525503623,0.0,72,0,terminal,0.25,j6036_9.sm,2,centralizada,0,2.895348837209302,0.45
True,135,86,0.6357263170112178,0.0,4.0,329.0,431.0,92.0,72.0,82.96469717706323,57,3,17,0,0.05,0.3333333333333333,344.0,0.19431277978155084,0.24117644528216056,0.011627906976744186,0.12237318185226308,30,0,92,72,30,164,5,27,0,0.7659648859265082,0.2570239140832174,3,60,159,67,0,92,0.7659648859265082,nenhuma,82.96469717706324,0.0,92,0,terminal,0.9034962687807316,j6036_9.sm,2,adaptativa,0,1.569767441860465,0.5
True,188,86,0.6736541185696946,0.0,25.41077933048514,258.0,551.0,0.0,173.0,93.9271599643533,44,16,5,0,0.26666666666666666,0.35,344.0,0.21448123923622103,0.2730440696638177,0.07386854456536378,0.11483560463800566,38,0,0,173,22,173,8,11,165,0.794910294566222,0.24332019624229823,3,60,0,0,165,0,0.794910294566222,nenhuma,93.9271599643533,0.0,104,0,terminal,0.25,j6036_9.sm,3,centralizada,0,2.186046511627907,0.6333333333333333
True,148,86,0.632706576197533,0.0,9.5,310.0,431.0,144.0,56.0,50.2004430082618,55,5,10,0,0.08333333333333333,0.25,344.0,0.1273475053076226,0.14593152037285406,0.027616279069767442,0.07369408449966752,28,0,144,56,32,200,2,7,0,0.794910294566222,0.24332019624229823,3,60,198,54,0,144,0.794910294566222,nenhuma,50.2004430082618,0.0,57,0,terminal,0.88853175797109,j6036_9.sm,3,adaptativa,0,1.7209302325581395,0.4666666666666667
True,218,86,0.6858089600369068,8.881784197001252e-16,24.91190340276021,262.0,531.0,0.0,183.0,60.268099342744435,47,13,2,0,0.21666666666666667,0.25,344.0,0.14907953271783697,0.17519796320565242,0.07241832384523317,0.0778387994983965,27,0,0,183,33,183,0,14,183,0.7496468789669437,0.35303232464984247,4,60,0,0,183,0,0.7496468789669437,nenhuma,60.26809934274443,0.0,67,0,terminal,0.25,j6036_9.sm,4,centralizada,0,2.5348837209302326,0.45
True,146,86,0.6000266675409215,0.0,7.828508892752374,322.0,426.0,145.0,75.0,63.96844481240843,56,4,12,0,0.06666666666666667,0.26666666666666666,344.0,0.1567975308527166,0.18595478143141986,0.022757293292884808,0.0901004055600112,24,0,145,75,36,220,0,13,2,0.7496468789669437,0.35303232464984247,4,60,218,73,2,145,0.7496468789669437,nenhuma,63.96844481240843,0.0,69,0,terminal,0.8483333333333333,j6036_9.sm,4,adaptativa,0,1.697674418604651,0.4
True,166,86,0.7080461001937236,0.0,37.37765274469709,217.0,534.0,0.0,132.0,88.18818047849702,41,19,3,0,0.31666666666666665,0.36666666666666664,344.0,0.204050421695613,0.2563609897630727,0.10865596728109618,0.11693126829771551,36,0,0,132,24,132,7,20,125,0.6863255838987572,0.3910769205246226,12,60,0,0,125,0,0.6863255838987572,nenhuma,88.188180478497,0.0,97,0,terminal,0.25,j6036_9.sm,5,centralizada,0,1.930232558139535,0.6
True,121,86,0.6455163573451413,0.0,0.0,344.0,395.0,111.0,67.0,38.913231175958394,60,0,13,0,0.0,0.21666666666666667,344.0,0.10162414878287862,0.1131198580696465,0.0,0.0635927271929976,22,0,111,67,38,178,10,7,0,0.6863255838987572,0.3910769205246226,12,60,168,57,0,111,0.6863255838987572,nenhuma,38.913231175958394,0.0,43,0,terminal,0.9283333333333332,j6036_9.sm,5,adaptativa,0,1.4069767441860466,0.36666666666666664
True,237,86,0.7195453298378192,0.0,25.28771716697219,239.0,547.0,0.0,138.0,75.20227957464509,39,21,2,0,0.35,0.38333333333333336,344.0,0.1793937753653227,0.2186112778332706,0.07351080571794241,0.09892403850291387,24,0,0,138,36,138,13,14,125,0.7631789564580391,0.24360497938515846,3,60,0,0,125,0,0.7631789564580391,nenhuma,75.2022795746451,0.0,85,0,terminal,0.25,j6036_9.sm,6,centralizada,0,2.755813953488372,0.4
True,129,86,0.6984450939157726,0.0,4.206492391024462,331.0,431.0,81.0,60.0,45.08501320216221,55,5,9,0,0.08333333333333333,0.23333333333333334,344.0,0.11587445332605698,0.13106108489000642,0.012228175555303667,0.07306126747141074,17,0,81,60,43,141,13,28,0,0.7631789564580391,0.24360497938515846,3,60,128,47,0,81,0.7631789564580391,nenhuma,45.08501320216221,0.0,50,0,terminal,0.8783333333333333,j6036_9.sm,6,adaptativa,0,1.5,0.2833333333333333
True,189,86,0.6284362270633916,2.220446049250313e-15,30.082943154939684,275.0,497.0,0.0,231.0,62.85192513872466,49,11,3,0,0.18333333333333332,0.23333333333333334,344.0,0.1544835387402775,0.18270908470559494,0.08745041614808048,0.07947369556911642,35,0,0,231,25,231,26,12,205,0.5858494645010164,0.43100241340042456,25,60,0,0,205,0,0.5858494645010164,nenhuma,62.85192513872467,0.0,70,0,terminal,0.25,j6036_9.sm,7,centralizada,0,2.197674418604651,0.5833333333333334
True,137,86,0.5812654452960525,0.0,5.0,321.0,409.0,152.0,78.0,64.63721654172379,57,3,12,0,0.05,0.25,344.0,0.15817750788522225,0.1878988852957087,0.014534883720930232,0.09186156590665635,32,0,152,78,28,230,23,14,0,0.5858494645010164,0.43100241340042456,25,60,207,55,0,152,0.5858494645010164,nenhuma,64.63721654172379,0.0,69,0,terminal,0.975,j6036_9.sm,7,adaptativa,0,1.5930232558139534,0.5333333333333333
True,212,86,0.619228066774029,0.0,34.95721417498075,225.0,549.0,0.0,239.0,98.5877201918613,41,19,4,0,0.31666666666666665,0.38333333333333336,344.0,0.22275294974095444,0.2865922098600619,0.10161980864819985,0.11119905898372526,44,0,0,239,16,239,24,17,215,0.5273323364698471,0.27249021043639565,31,60,0,0,215,0,0.5273323364698471,nenhuma,98.58772019186128,0.0,108,0,terminal,0.25,j6036_9.sm,8,centralizada,0,2.4651162790697674,0.7333333333333333
True,161,86,0.5147748590860234,2.6645352591003757e-15,17.865734778328836,300.0,418.0,207.0,89.0,98.00546728749349,54,6,15,0,0.1,0.35,344.0,0.22172908378019637,0.2848996142078299,0.05193527551839778,0.12069557562818022,39,0,207,89,21,296,17,6,0,0.5273323364698471,0.27249021043639565,31,60,279,72,0,207,0.5273323364698471,nenhuma,98.00546728749349,0.0,104,0,terminal,0.9316666666666666,j6036_9.sm,8,adaptativa,0,1.872093023255814,0.65
True,251,86,0.6507328992616234,1.7763568394002505e-15,37.36398828783153,256.0,544.0,0.0,227.0,64.98047773098372,46,14,1,0,0.23333333333333334,0.25,344.0,0.15888405747749682,0.18889673759006895,0.10861624502276608,0.07772965931854484,37,0,0,227,23,227,21,15,206,0.6872143627230507,0.3512385487549321,11,60,0,0,206,0,0.6872143627230507,nenhuma,64.98047773098372,0.0,72,0,terminal,0.25,j6036_9.sm,9,centralizada,0,2.9186046511627906,0.6166666666666667
True,154,86,0.5545759852599764,0.0,7.448955014503479,307.0,414.0,190.0,73.0,69.51627730674892,54,6,12,0,0.1,0.3,344.0,0.16811013525153526,0.20208220147310732,0.021653938995649647,0.09312091299274401,29,0,190,73,31,263,10,12,0,0.6872143627230507,0.3512385487549321,11,60,253,63,0,190,0.6872143627230507,nenhuma,69.51627730674892,0.0,73,0,terminal,0.9146063365118419,j6036_9.sm,9,adaptativa,0,1.7906976744186047,0.48333333333333334
True,238,86,0.6399570628751183,0.0,38.95519154797498,207.0,560.0,0.0,211.0,104.05870703903577,40,20,1,0,0.3333333333333333,0.35,344.0,0.23224346587682754,0.30249624139254583,0.11324183589527609,0.11891625807729238,37,0,0,211,23,211,25,15,186,0.5820371027673271,0.4175993861121362,25,60,0,0,186,0,0.5820371027673271,nenhuma,104.05870703903575,0.0,111,0,terminal,0.25,j6036_9.sm,10,centralizada,0,2.7674418604651163,0.6166666666666667
True,148,86,0.6142802741132412,0.0,9.0,297.0,436.0,150.0,61.0,62.773727683829826,54,6,9,0,0.1,0.25,344.0,0.15432099816589318,0.18248176652276113,0.02616279069767442,0.0884418868090205,33,0,150,61,27,211,17,11,0,0.5820371027673271,0.4175993861121362,25,60,194,44,0,150,0.5820371027673271,nenhuma,62.773727683829826,0.0,68,0,terminal,0.9566666666666667,j6036_9.sm,10,adaptativa,0,1.7209302325581395,0.55
True,199,86,0.686445324888208,8.881784197001252e-15,51.15687410046884,196.0,536.0,0.0,136.0,108.8342202451318,38,22,3,0,0.36666666666666664,0.4166666666666667,344.0,0.24034009661685196,0.3163785472242204,0.1487118433153164,0.13938198073717217,33,0,0,136,27,136,2,17,134,0.7131697048371954,0.48671389683598903,10,60,0,0,134,0,0.7131697048371954,nenhuma,108.8342202451318,0.0,120,0,terminal,0.25,j6036_9.sm,11,centralizada,0,2.313953488372093,0.55
True,127,86,0.6467204998666862,0.0,6.0,315.0,401.0,105.0,51.0,63.05147522409046,55,5,12,0,0.08333333333333333,0.2833333333333333,344.0,0.15489803885216064,0.18328917216305365,0.01744186046511628,0.10168748522258295,19,0,105,51,41,156,6,8,0,0.7131697048371954,0.48671389683598903,10,60,150,45,0,105,0.7131697048371954,nenhuma,63.05147522409046,0.0,69,0,terminal,0.9616666666666666,j6036_9.sm,11,adaptativa,0,1.4767441860465116,0.31666666666666665
True,296,62,0.7462588788751829,0.0,24.444232804232804,247.0,576.0,0.0,101.0,94.85011301733552,44,16,1,0,0.26666666666666666,0.2833333333333333,346.0,0.21515274742280885,0.27413327461657666,0.07064807168853411,0.12288669965538401,46,0,0,101,14,101,10,0,91,0.6268507180531939,0.4857196752206667,20,60,0,0,91,0,0.6268507180531939,nenhuma,94.85011301733552,0.0,102,0,terminal,0.25,j6037_6.sm,0,centralizada,0,4.774193548387097,0.7666666666666667
True,211,62,0.6787317700150424,0.0,10.622755224900107,317.0,438.0,87.0,26.0,94.32119955176532,56,4,13,0,0.06666666666666667,0.2833333333333333,346.0,0.21420998954350068,0.2726046229819807,0.030701604696243084,0.14616163178472988,40,0,87,26,20,113,12,0,0,0.6268507180531939,0.4857196752206667,20,60,101,14,0,87,0.6268507180531939,nenhuma,94.32119955176532,0.0,102,0,terminal,0.9800000000000001,j6037_6.sm,0,adaptativa,0,3.403225806451613,0.6666666666666666
True,263,62,0.7655695162189539,0.0,25.417313345091124,242.0,582.0,0.0,82.0,96.21835727527495,44,16,5,0,0.26666666666666666,0.35,346.0,0.21758110149050264,0.278087737789812,0.07346044319390498,0.12656673750964725,41,0,0,82,19,82,11,6,71,0.6586427040007742,0.39362113220747674,18,60,0,0,71,0,0.6586427040007742,nenhuma,96.21835727527494,0.0,106,0,terminal,0.25,j6037_6.sm,1,centralizada,0,4.241935483870968,0.6833333333333333
True,206,62,0.7752874365084553,0.0,5.0,304.0,440.0,48.0,21.0,58.53144611959835,54,6,9,0,0.1,0.25,346.0,0.14468948379922417,0.16916602924739407,0.014450867052023121,0.10313339731180951,24,0,48,21,36,69,8,0,0,0.6586427040007742,0.39362113220747674,18,60,61,13,0,48,0.6586427040007742,nenhuma,58.53144611959835,0.0,64,0,terminal,0.96,j6037_6.sm,1,adaptativa,0,3.3225806451612905,0.4
True,333,62,0.7765748259250149,7.105427357601002e-15,28.443780909759834,241.0,573.0,0.0,77.0,87.85549166813726,45,15,3,0,0.25,0.3,346.0,0.2024994343861833,0.2539176059772753,0.08220745927676253,0.1190686965946602,39,0,0,77,21,77,3,1,74,0.7659648859265082,0.2570239140832174,4,60,0,0,74,0,0.7659648859265082,nenhuma,87.85549166813725,0.0,96,0,terminal,0.25,j6037_6.sm,2,centralizada,0,5.370967741935484,0.65
True,205,62,0.7145962557638641,0.0,7.11888888888889,316.0,450.0,61.0,24.0,94.72622144370851,56,4,18,0,0.06666666666666667,0.36666666666666664,346.0,0.2149321207470007,0.27377520648470666,0.020574823378291588,0.15042445148073944,41,0,61,24,19,85,4,0,0,0.7659648859265082,0.2570239140832174,4,60,81,20,0,61,0.7659648859265082,nenhuma,94.72622144370851,0.0,103,0,terminal,0.9338901685439539,j6037_6.sm,2,adaptativa,0,3.306451612903226,0.6833333333333333
True,312,62,0.7878152176986931,5.329070518200751e-15,36.03683660444531,231.0,567.0,0.0,29.0,123.71191627432377,42,18,3,0,0.3,0.35,346.0,0.26337827929848145,0.3575488909662537,0.10415270694926392,0.17189088227791688,34,0,0,29,26,29,2,2,27,0.794910294566222,0.24332019624229823,3,60,0,0,27,0,0.794910294566222,nenhuma,123.71191627432378,0.0,135,0,terminal,0.25,j6037_6.sm,3,centralizada,0,5.032258064516129,0.5666666666666667
True,217,62,0.708469646077423,0.0,13.033333333333331,336.0,451.0,84.0,28.0,73.58337727953108,59,1,12,0,0.016666666666666666,0.21666666666666667,346.0,0.17537247961686772,0.2126687204610725,0.03766859344894027,0.11559110700312832,30,0,84,28,30,112,4,0,0,0.794910294566222,0.24332019624229823,3,60,108,24,0,84,0.794910294566222,nenhuma,73.58337727953108,0.0,81,0,terminal,0.9416666666666668,j6037_6.sm,3,adaptativa,0,3.5,0.5
True,323,62,0.7578310739277151,8.881784197001252e-16,18.132716049382715,254.0,584.0,0.0,79.0,107.62028741210501,44,16,6,0,0.26666666666666666,0.36666666666666664,346.0,0.2372475182405899,0.3110412930985694,0.05240669378434311,0.13965410614028237,34,0,0,79,26,79,5,0,74,0.7496468789669437,0.35303232464984247,5,60,0,0,74,0,0.7496468789669437,nenhuma,107.62028741210501,0.0,118,0,terminal,0.25,j6037_6.sm,4,centralizada,0,5.209677419354839,0.5666666666666667
True,215,62,0.745685077749556,0.0,7.042857142857143,309.0,447.0,50.0,24.0,78.4487664270096,53,7,8,0,0.11666666666666667,0.25,346.0,0.18482505459348544,0.22673053880638613,0.020355078447563995,0.1308681755983924,36,0,50,24,24,74,2,2,0,0.7496468789669437,0.35303232464984247,5,60,72,22,0,50,0.7496468789669437,nenhuma,78.4487664270096,0.0,85,0,terminal,0.9399305358026532,j6037_6.sm,4,adaptativa,0,3.467741935483871,0.6
True,320,62,0.7553487537320709,2.6645352591003757e-15,25.474656084656086,251.0,564.0,0.0,82.0,100.67495936593009,43,17,6,0,0.2833333333333333,0.38333333333333336,346.0,0.22538751558592302,0.29096809065297713,0.0736261736550754,0.13483103739198968,34,0,0,82,26,82,7,0,75,0.6863255838987572,0.3910769205246226,10,60,0,0,75,0,0.6863255838987572,nenhuma,100.6749593659301,0.0,110,0,terminal,0.25,j6037_6.sm,5,centralizada,0,5.161290322580645,0.5666666666666667
True,205,62,0.727750290832799,0.0,10.196666666666669,320.0,445.0,57.0,24.0,85.473476006125,56,4,17,0,0.06666666666666667,0.35,346.0,0.19809670990045203,0.24703316764776012,0.02947013487475916,0.13978280229651177,36,0,57,24,24,81,0,0,0,0.6863255838987572,0.3910769205246226,10,60,81,24,0,57,0.6863255838987572,nenhuma,85.473476006125,0.0,91,0,terminal,0.8933333333333332,j6037_6.sm,5,adaptativa,0,3.306451612903226,0.6
True,308,62,0.8193850144058957,3.1086244689504383e-15,27.5,211.0,590.0,0.0,31.0,99.0522216381833,41,19,2,0,0.31666666666666665,0.35,346.0,0.22256314387912518,0.28627809722018294,0.07947976878612717,0.13756255263379458,28,0,0,31,32,31,1,4,30,0.7631789564580391,0.24360497938515846,4,60,0,0,30,0,0.7631789564580391,nenhuma,99.0522216381833,0.0,107,0,terminal,0.25,j6037_6.sm,6,centralizada,0,4.967741935483871,0.4666666666666667
True,205,62,0.7480872286220239,0.0,8.5,316.0,457.0,37.0,17.0,99.89132726111852,56,4,16,0,0.06666666666666667,0.3333333333333333,346.0,0.22402617219469068,0.2887032579801113,0.024566473988439308,0.16351734392592077,28,0,37,17,32,54,4,3,0,0.7631789564580391,0.24360497938515846,4,60,50,13,0,37,0.7631789564580391,nenhuma,99.89132726111852,0.0,107,0,terminal,0.9583333333333334,j6037_6.sm,6,adaptativa,0,3.306451612903226,0.4666666666666667
True,243,62,0.7704320764939081,2.6645352591003757e-15,27.55603604339821,244.0,559.0,0.0,97.0,69.56688260424478,44,16,2,0,0.26666666666666666,0.3,346.0,0.16740237376060388,0.20106035434752828,0.07964172266878095,0.09587935209301653,36,0,0,97,24,97,18,0,79,0.5858494645010164,0.43100241340042456,28,60,0,0,79,0,0.5858494645010164,nenhuma,69.56688260424478,0.0,75,0,terminal,0.25,j6037_6.sm,7,centralizada,0,3.9193548387096775,0.6
True,218,62,0.6769590620652164,0.0,6.292226678154417,324.0,436.0,94.0,34.0,80.05667112259886,55,5,12,0,0.08333333333333333,0.2833333333333333,346.0,0.18790146135175137,0.23137766220404293,0.01818562623744051,0.12430066283306884,41,0,94,34,19,128,13,0,0,0.5858494645010164,0.43100241340042456,28,60,115,21,0,94,0.5858494645010164,nenhuma,80.05667112259887,0.0,88,0,terminal,0.9766666666666666,j6037_6.sm,7,adaptativa,0,3.5161290322580645,0.6833333333333333
True,311,62,0.6251361848266528,0.0,38.52142857142857,182.0,558.0,0.0,184.0,150.60550507843465,36,24,4,0,0.4,0.4666666666666667,346.0,0.3032699064716324,0.4352760262382504,0.11133360858794385,0.1687257183846303,53,0,0,184,7,184,15,0,169,0.5273323364698471,0.27249021043639565,33,60,0,0,169,0,0.5273323364698471,nenhuma,150.60550507843467,0.0,163,0,terminal,0.25,j6037_6.sm,8,centralizada,0,5.016129032258065,0.8833333333333333
True,222,62,0.5951915352858196,0.0,9.300015851764059,302.0,449.0,123.0,47.0,135.3790080690306,54,6,21,0,0.1,0.45,346.0,0.2812316403494209,0.3912688094480653,0.026878658531109996,0.17945754934983893,45,0,123,47,15,170,14,0,0,0.5273323364698471,0.27249021043639565,33,60,156,33,0,123,0.5273323364698471,nenhuma,135.3790080690306,0.0,150,0,terminal,0.9702535642384204,j6037_6.sm,8,adaptativa,0,3.5806451612903225,0.75
True,324,62,0.7334750970734122,0.0,33.85785817400906,223.0,590.0,0.0,90.0,124.38995455212842,40,20,5,0,0.3333333333333333,0.4166666666666667,346.0,0.26444007434334693,0.3595085391680012,0.09785508142777186,0.15463887116962663,38,0,0,90,22,90,3,0,87,0.6872143627230507,0.3512385487549321,9,60,0,0,87,0,0.6872143627230507,nenhuma,124.38995455212842,0.0,137,0,terminal,0.25,j6037_6.sm,9,centralizada,0,5.225806451612903,0.6333333333333333
True,242,62,0.6682133817916293,0.0,17.897142857142857,301.0,468.0,78.0,27.0,127.37507890845818,54,6,19,0,0.1,0.4166666666666667,346.0,0.2690785480346128,0.3681360662094167,0.05172584640792733,0.1818669492166591,43,0,78,27,17,105,4,0,0,0.6872143627230507,0.3512385487549321,9,60,101,23,0,78,0.6872143627230507,nenhuma,127.37507890845818,0.0,139,0,terminal,0.94,j6037_6.sm,9,adaptativa,0,3.903225806451613,0.7166666666666667
True,341,62,0.6398279124902739,0.0,31.914897119341564,196.0,583.0,0.0,177.0,151.1825048877689,36,24,4,0,0.4,0.4666666666666667,346.0,0.3040784890890237,0.4369436557449969,0.09223958705012013,0.16591901630770467,44,0,0,177,16,177,19,1,158,0.5820371027673271,0.4175993861121362,28,60,0,0,158,0,0.5820371027673271,nenhuma,151.18250488776889,0.0,164,0,terminal,0.25,j6037_6.sm,10,centralizada,0,5.5,0.7333333333333333
True,243,62,0.6159130076018309,0.0,12.716666666666667,301.0,449.0,111.0,44.0,124.99905418179598,53,7,16,0,0.11666666666666667,0.38333333333333336,346.0,0.2653913061437888,0.3612689427219537,0.036753371868978806,0.17146668910577767,36,0,111,44,24,155,9,2,0,0.5820371027673271,0.4175993861121362,28,60,146,35,0,111,0.5820371027673271,nenhuma,124.99905418179598,0.0,135,0,terminal,0.9766666666666666,j6037_6.sm,10,adaptativa,0,3.9193548387096775,0.6
True,361,62,0.7690967090181773,0.0,27.766277483029754,237.0,581.0,0.0,47.0,127.43165532680527,43,17,3,0,0.2833333333333333,0.3333333333333333,346.0,0.26916589521002865,0.3682995818693794,0.08024935688736923,0.16868720608706475,34,0,0,47,26,47,0,2,47,0.7131697048371954,0.48671389683598903,5,60,0,0,47,0,0.7131697048371954,nenhuma,127.43165532680527,0.0,136,0,terminal,0.25,j6037_6.sm,11,centralizada,0,5.82258064516129,0.5666666666666667
True,194,62,0.7643525441255199,0.0,10.196666666666669,304.0,444.0,32.0,16.0,88.88378643126165,54,6,15,0,0.1,0.35,346.0,0.2043851465713605,0.25688955615971576,0.02947013487475916,0.1530147484014509,34,0,32,16,26,48,2,1,0,0.7131697048371954,0.48671389683598903,5,60,46,14,0,32,0.7131697048371954,nenhuma,88.88378643126165,0.0,96,0,terminal,0.9845093168015614,j6037_6.sm,11,adaptativa,0,3.129032258064516,0.5666666666666667
True,179,74,0.7841958705610583,3.552713678800501e-15,31.324045696475736,258.0,551.0,0.0,95.0,56.630580808571864,47,13,1,0,0.21666666666666667,0.23333333333333334,343.0,0.14170732553547657,0.16510373413577803,0.09132374838622663,0.08059794485944895,27,0,0,95,33,95,0,0,95,0.6268507180531939,0.4857196752206667,15,60,0,0,95,0,0.6268507180531939,nenhuma,56.630580808571864,0.0,61,0,terminal,0.25,j6038_7.sm,0,centralizada,0,2.418918918918919,0.45
True,128,74,0.7185387245119581,0.0,8.460914594784576,314.0,427.0,71.0,27.0,69.2616388421161,56,4,11,0,0.06666666666666667,0.25,343.0,0.16800408361215785,0.2019289762160819,0.02466738948916786,0.11655074855087119,22,0,71,27,38,98,6,3,0,0.6268507180531939,0.4857196752206667,15,60,92,21,0,71,0.6268507180531939,nenhuma,69.2616388421161,0.0,76,0,terminal,0.9899999999999999,j6038_7.sm,0,adaptativa,0,1.7297297297297298,0.36666666666666664
True,251,74,0.7041946612497342,0.0,52.728183493358635,195.0,576.0,0.0,113.0,128.95564734582464,38,22,4,0,0.36666666666666664,0.43333333333333335,343.0,0.27323679263304296,0.3759639864309756,0.15372648248792606,0.15765603888703675,35,0,0,113,25,113,11,23,102,0.6586427040007742,0.39362113220747674,10,60,0,0,102,0,0.6586427040007742,nenhuma,128.95564734582462,0.0,137,0,terminal,0.25,j6038_7.sm,1,centralizada,0,3.391891891891892,0.5833333333333334
True,135,74,0.7114545365868626,0.0,9.0,293.0,435.0,75.0,36.0,65.42346788154904,53,7,11,0,0.11666666666666667,0.3,343.0,0.16018537872197675,0.19073897341559487,0.026239067055393587,0.10700189200821372,23,0,75,36,37,111,9,12,0,0.6586427040007742,0.39362113220747674,10,60,102,27,0,75,0.6586427040007742,nenhuma,65.42346788154906,0.0,72,0,terminal,0.9516666666666667,j6038_7.sm,1,adaptativa,0,1.8243243243243243,0.38333333333333336
True,235,74,0.8184877757712871,8.881784197001252e-16,40.27418049441006,210.0,562.0,0.0,37.0,87.63212406612853,38,22,2,0,0.36666666666666664,0.4,343.0,0.20349648613922636,0.25548724217530183,0.1174174358437611,0.12762601835053206,35,0,0,37,25,37,0,4,37,0.7659648859265082,0.2570239140832174,2,60,0,0,37,0,0.7659648859265082,nenhuma,87.63212406612854,0.0,99,0,terminal,0.25,j6038_7.sm,2,centralizada,0,3.175675675675676,0.5833333333333334
True,130,74,0.8115925225507767,0.0,5.0,333.0,460.0,22.0,24.0,60.78688777744418,59,1,11,0,0.016666666666666666,0.2,343.0,0.1505420052444798,0.17722124716456028,0.014577259475218658,0.10724822519414544,27,0,22,24,33,46,0,10,0,0.7659648859265082,0.2570239140832174,2,60,46,24,0,22,0.7659648859265082,nenhuma,60.78688777744419,0.0,66,0,terminal,0.8933333333333332,j6038_7.sm,2,adaptativa,0,1.7567567567567568,0.45
True,215,74,0.7270356901151905,0.0,19.283802628671065,283.0,564.0,0.0,132.0,79.75283809057657,51,9,6,0,0.15,0.25,343.0,0.18865121864300577,0.2325155629462874,0.05622099891740835,0.10280702070891382,34,0,0,132,26,132,0,14,132,0.794910294566222,0.24332019624229823,1,60,0,0,132,0,0.794910294566222,nenhuma,79.75283809057656,0.0,86,0,terminal,0.25,j6038_7.sm,3,centralizada,0,2.9054054054054053,0.5666666666666667
True,127,74,0.7041897861711695,0.0,8.815439101448765,333.0,433.0,83.0,55.0,43.89105423456031,59,1,8,0,0.016666666666666666,0.15,343.0,0.11344551328899553,0.12796225724361607,0.025700988633961416,0.07138021269344624,20,0,83,55,40,138,0,6,0,0.794910294566222,0.24332019624229823,1,60,138,55,0,83,0.794910294566222,nenhuma,43.89105423456031,0.0,47,0,terminal,0.8416666666666667,j6038_7.sm,3,adaptativa,0,1.7162162162162162,0.3333333333333333
True,198,74,0.7673313571189437,0.0,30.48283582038286,249.0,595.0,0.0,96.0,84.41468164941587,46,14,5,0,0.23333333333333334,0.31666666666666665,343.0,0.1975006598361459,0.24610694358430282,0.08887124145884216,0.10886391971564684,31,0,0,96,29,96,0,4,96,0.7496468789669437,0.35303232464984247,2,60,0,0,96,0,0.7496468789669437,nenhuma,84.4146816494159,0.0,92,0,terminal,0.25,j6038_7.sm,4,centralizada,0,2.675675675675676,0.5166666666666667
True,140,74,0.7615587808077794,0.0,11.619339637993171,311.0,458.0,67.0,41.0,35.39809498907353,56,4,6,0,0.06666666666666667,0.16666666666666666,343.0,0.09354723360881526,0.10320144311683244,0.03387562576674394,0.05885967262619389,26,0,67,41,34,108,0,11,0,0.7496468789669437,0.35303232464984247,2,60,108,41,0,67,0.7496468789669437,nenhuma,35.39809498907353,0.0,39,0,terminal,0.8649999999999999,j6038_7.sm,4,adaptativa,0,1.8918918918918919,0.43333333333333335
True,266,74,0.7668316715376945,0.0,34.981218935929036,240.0,558.0,0.0,85.0,84.66947520707727,43,17,3,0,0.2833333333333333,0.3333333333333333,343.0,0.19797876658389138,0.24684978194483168,0.10198606103769398,0.11635705233201155,28,0,0,85,32,85,11,5,74,0.6863255838987572,0.3910769205246226,8,60,0,0,74,0,0.6863255838987572,nenhuma,84.66947520707727,0.0,93,0,terminal,0.25,j6038_7.sm,5,centralizada,0,3.5945945945945947,0.4666666666666667
True,150,74,0.6765699277940452,0.0,11.866378752012494,322.0,451.0,84.0,43.0,88.597762437483,56,4,17,0,0.06666666666666667,0.35,343.0,0.20527854902935555,0.2583025143949942,0.0345958564198615,0.13291038078723247,28,0,84,43,32,127,13,13,0,0.6863255838987572,0.3910769205246226,8,60,114,30,0,84,0.6863255838987572,nenhuma,88.597762437483,0.0,99,0,terminal,0.9416689416243492,j6038_7.sm,5,adaptativa,0,2.027027027027027,0.4666666666666667
True,242,74,0.8376632315358201,4.440892098500626e-15,34.56693854556593,240.0,583.0,0.0,38.0,74.98375343644261,43,17,1,0,0.2833333333333333,0.3,343.0,0.1793939425156256,0.21861152605376855,0.10077824648853041,0.10773779282376618,38,0,0,38,22,38,1,21,37,0.7631789564580391,0.24360497938515846,2,60,0,0,37,0,0.7631789564580391,nenhuma,74.98375343644263,0.0,81,0,terminal,0.25,j6038_7.sm,6,centralizada,0,3.27027027027027,0.6333333333333333
True,139,74,0.7281413743117684,0.0,7.273587210172515,313.0,462.0,42.0,52.0,78.49216910202024,55,5,18,0,0.08333333333333333,0.38333333333333336,343.0,0.1862245015589402,0.22884014315457796,0.02120579361566331,0.12370864909665961,25,0,42,52,35,94,6,31,0,0.7631789564580391,0.24360497938515846,2,60,88,46,0,42,0.7631789564580391,nenhuma,78.49216910202023,0.0,88,0,terminal,0.8733333333333332,j6038_7.sm,6,adaptativa,0,1.8783783783783783,0.4166666666666667
True,205,74,0.6725903605983231,0.0,43.5620035571073,231.0,542.0,0.0,174.0,89.83967857916892,42,18,3,0,0.3,0.35,343.0,0.20755878683321016,0.2619232611637578,0.12700292582247028,0.11148579670037023,38,0,0,174,22,174,14,12,160,0.5858494645010164,0.43100241340042456,17,60,0,0,160,0,0.5858494645010164,nenhuma,89.83967857916892,0.0,98,0,terminal,0.25,j6038_7.sm,7,centralizada,0,2.77027027027027,0.6333333333333333
True,133,74,0.6935865724866471,0.0,13.458041261306718,287.0,406.0,89.0,37.0,53.36311991221008,53,7,7,0,0.11666666666666667,0.23333333333333334,343.0,0.13463189997098973,0.15557760907349877,0.039236271898853405,0.0911624222588762,26,0,89,37,34,126,10,2,0,0.5858494645010164,0.43100241340042456,17,60,116,27,0,89,0.5858494645010164,nenhuma,53.36311991221008,0.0,60,0,terminal,0.9833333333333334,j6038_7.sm,7,adaptativa,0,1.7972972972972974,0.43333333333333335
True,218,74,0.6751565777906856,8.881784197001252e-16,40.22381070986684,233.0,556.0,0.0,174.0,93.51267585868514,43,17,4,0,0.2833333333333333,0.35,343.0,0.21422671329012805,0.27263170804281384,0.11727058515996162,0.1135534140517977,45,0,0,174,15,174,15,8,159,0.5273323364698471,0.27249021043639565,25,60,0,0,159,0,0.5273323364698471,nenhuma,93.51267585868516,0.0,102,0,terminal,0.25,j6038_7.sm,8,centralizada,0,2.945945945945946,0.75
True,162,74,0.6066526416696573,0.0,11.070816678386988,310.0,467.0,133.0,51.0,118.79801606847231,55,5,19,0,0.08333333333333333,0.4,343.0,0.25725103169533264,0.3463499010742633,0.032276433464685096,0.15432361942837927,46,0,133,51,14,184,12,11,0,0.5273323364698471,0.27249021043639565,25,60,172,39,0,133,0.5273323364698471,nenhuma,118.79801606847231,0.0,128,0,terminal,0.9716666666666667,j6038_7.sm,8,adaptativa,0,2.189189189189189,0.7666666666666667
True,236,74,0.7350792650572996,0.0,35.92170936830854,212.0,575.0,0.0,107.0,100.22856681337441,40,20,3,0,0.3333333333333333,0.38333333333333336,343.0,0.22613291271809338,0.2922115650535697,0.10472801565104531,0.12813207170595078,36,0,0,107,24,107,5,12,102,0.6872143627230507,0.3512385487549321,8,60,0,0,102,0,0.6872143627230507,nenhuma,100.22856681337441,0.0,110,0,terminal,0.25,j6038_7.sm,9,centralizada,0,3.189189189189189,0.6
True,136,74,0.6384891354535854,0.0,8.574992506723618,297.0,427.0,95.0,54.0,92.76627383276832,54,6,19,0,0.1,0.4166666666666667,343.0,0.21288080194193443,0.2704556088418901,0.02499997815371317,0.1387125479595663,28,0,95,54,32,149,8,14,0,0.6872143627230507,0.3512385487549321,8,60,141,46,0,95,0.6872143627230507,nenhuma,92.76627383276833,0.0,101,0,terminal,0.93,j6038_7.sm,9,adaptativa,0,1.837837837837838,0.4666666666666667
True,180,74,0.681032772380503,6.661338147750939e-16,28.777655943954322,230.0,587.0,0.0,178.0,96.92621530999475,40,20,2,0,0.3333333333333333,0.36666666666666664,343.0,0.220323799621024,0.28258371810494093,0.08389987155671814,0.11245303088401239,44,0,0,178,16,178,26,7,152,0.5820371027673271,0.4175993861121362,17,60,0,0,152,0,0.5820371027673271,nenhuma,96.92621530999477,0.0,105,0,terminal,0.25,j6038_7.sm,10,centralizada,0,2.4324324324324325,0.7333333333333333
True,145,74,0.6389050654596402,0.0,9.363018908858372,299.0,436.0,102.0,50.0,94.4175038999472,54,6,18,0,0.1,0.4,343.0,0.21585213910768378,0.2752696906704,0.027297431221161433,0.1383573887837881,29,0,102,50,31,152,13,10,0,0.5820371027673271,0.4175993861121362,17,60,139,37,0,102,0.5820371027673271,nenhuma,94.41750389994722,0.0,103,0,terminal,0.9416666666666668,j6038_7.sm,10,adaptativa,0,1.9594594594594594,0.48333333333333334
True,263,74,0.8223216982750601,0.0,29.408494396957032,218.0,543.0,0.0,32.0,85.32551632654452,39,21,3,0,0.35,0.4,343.0,0.19920717555732662,0.2487624382698091,0.08573905071999134,0.12921735449694374,29,0,0,32,31,32,1,0,31,0.7131697048371954,0.48671389683598903,5,60,0,0,31,0,0.7131697048371954,nenhuma,85.32551632654452,0.0,93,0,terminal,0.25,j6038_7.sm,11,centralizada,0,3.554054054054054,0.48333333333333334
True,135,74,0.7459455489973142,0.0,7.277989089506713,315.0,423.0,60.0,29.0,55.06551915027646,55,5,12,0,0.08333333333333333,0.2833333333333333,343.0,0.13833280327274036,0.1605408721582404,0.02121862708310995,0.09710609672192694,17,0,60,29,43,89,4,0,0,0.7131697048371954,0.48671389683598903,5,60,85,25,0,60,0.7131697048371954,nenhuma,55.06551915027646,0.0,60,0,terminal,0.965,j6038_7.sm,11,adaptativa,0,1.8243243243243243,0.2833333333333333
True,182,84,0.7011910609339225,1.7763568394002505e-15,34.2189361442335,251.0,577.0,0.0,147.0,98.88556164918688,41,19,2,0,0.31666666666666665,0.35,358.0,0.21643398248840867,0.27621665265136003,0.09558362051461872,0.12016927536194132,40,0,0,147,20,147,12,3,135,0.6268507180531939,0.4857196752206667,27,60,0,0,135,0,0.6268507180531939,nenhuma,98.88556164918688,0.0,110,0,terminal,0.25,j6039_2.sm,0,centralizada,0,2.1666666666666665,0.6666666666666666
True,141,84,0.6875831005008416,0.0,14.161358134240968,319.0,434.0,91.0,45.0,61.19643237867625,54,6,7,0,0.1,0.21666666666666667,358.0,0.14598509827821043,0.17093975524769903,0.03955686629676248,0.09695307077078412,38,0,91,45,22,136,12,10,0,0.6268507180531939,0.4857196752206667,27,60,124,33,0,91,0.6268507180531939,nenhuma,61.19643237867625,0.0,67,0,terminal,0.9683333333333333,j6039_2.sm,0,adaptativa,0,1.6785714285714286,0.6333333333333333
True,206,84,0.7534786294299552,7.105427357601002e-15,32.94910273970795,267.0,564.0,0.0,106.0,78.52819704613867,45,15,4,0,0.25,0.31666666666666665,358.0,0.17989261078096788,0.21935250571547116,0.09203659983158646,0.10491013879774827,40,0,0,106,20,106,23,3,83,0.6586427040007742,0.39362113220747674,26,60,0,0,83,0,0.6586427040007742,nenhuma,78.52819704613867,0.0,85,0,terminal,0.25,j6039_2.sm,1,centralizada,0,2.4523809523809526,0.6666666666666666
True,145,84,0.6370641187343659,0.0,8.490708741163056,332.0,449.0,108.0,41.0,106.79561914743128,57,3,21,0,0.05,0.4,358.0,0.22976898823471084,0.29831178532802033,0.023717063522801833,0.15152707571681354,35,0,108,41,25,149,14,2,0,0.6586427040007742,0.39362113220747674,26,60,135,27,0,108,0.6586427040007742,nenhuma,106.79561914743127,0.0,119,0,terminal,0.9483333333333333,j6039_2.sm,1,adaptativa,0,1.7261904761904763,0.5833333333333334
True,265,84,0.7311236884621007,0.0,61.02372300560298,198.0,589.0,0.0,108.0,108.6092413568843,34,26,0,0,0.43333333333333335,0.43333333333333335,358.0,0.23276273106175996,0.3033777691533081,0.17045732683129325,0.13481628037676704,41,0,0,108,19,108,4,39,104,0.7659648859265082,0.2570239140832174,13,60,0,0,104,0,0.7659648859265082,nenhuma,108.6092413568843,0.0,118,0,terminal,0.25,j6039_2.sm,2,centralizada,0,3.1547619047619047,0.6833333333333333
True,136,84,0.6897823034806357,0.0,5.0,342.0,480.0,66.0,41.0,108.87172297393543,57,3,19,0,0.05,0.36666666666666664,358.0,0.2331940822640345,0.3041109580277526,0.013966480446927373,0.1564537247018059,36,0,66,41,24,107,8,9,0,0.7659648859265082,0.2570239140832174,13,60,99,33,0,66,0.7659648859265082,nenhuma,108.87172297393546,0.0,118,0,terminal,0.9433333333333334,j6039_2.sm,2,adaptativa,0,1.619047619047619,0.6
True,176,84,0.7068373096372299,3.552713678800501e-15,63.13853351839848,238.0,586.0,0.0,146.0,97.04508860851269,43,17,3,0,0.2833333333333333,0.3333333333333333,358.0,0.21326477537702454,0.2710756665042254,0.17636461876647622,0.117056466459979,45,0,0,146,15,146,4,9,142,0.794910294566222,0.24332019624229823,8,60,0,0,142,0,0.794910294566222,nenhuma,97.04508860851269,0.0,105,0,terminal,0.25,j6039_2.sm,3,centralizada,0,2.0952380952380953,0.75
True,160,84,0.6412960700225149,0.0,13.09081472447933,313.0,468.0,121.0,67.0,73.7721315890323,54,6,8,0,0.1,0.23333333333333334,358.0,0.17085894663356782,0.20606740667327458,0.0365665215767579,0.10108926937015009,34,0,121,67,26,188,0,10,0,0.794910294566222,0.24332019624229823,8,60,188,67,0,121,0.794910294566222,nenhuma,73.77213158903228,0.0,80,0,terminal,0.8216666666666667,j6039_2.sm,3,adaptativa,0,1.9047619047619047,0.5666666666666667
True,224,84,0.669254143389717,0.0,32.34063993754846,226.0,606.0,0.0,186.0,113.48561556998368,41,19,2,0,0.31666666666666665,0.35,358.0,0.2406979382240321,0.3169989261731388,0.09033698306577782,0.12533121854017187,43,0,0,186,17,186,11,18,175,0.7496468789669437,0.35303232464984247,16,60,0,0,175,0,0.7496468789669437,nenhuma,113.48561556998368,0.0,121,0,terminal,0.25,j6039_2.sm,4,centralizada,0,2.6666666666666665,0.7166666666666667
True,150,84,0.6056061461356654,0.0,8.447542413723163,306.0,440.0,135.0,79.0,72.54480607175505,53,7,7,0,0.11666666666666667,0.23333333333333334,358.0,0.16849536923612232,0.20263912310546103,0.023596487189170845,0.09984904642562455,39,0,135,79,21,214,9,22,0,0.7496468789669437,0.35303232464984247,16,60,205,70,0,135,0.7496468789669437,nenhuma,72.54480607175506,0.0,79,0,terminal,0.9233333333333332,j6039_2.sm,4,adaptativa,0,1.7857142857142858,0.65
True,194,84,0.7130255127913415,0.0,36.54566263138279,243.0,589.0,0.0,119.0,118.05739827484113,41,19,5,0,0.31666666666666665,0.4,358.0,0.24798984051642303,0.32976926892413727,0.10208285651224243,0.1429167010929206,44,0,0,119,16,119,22,22,97,0.6863255838987572,0.3910769205246226,22,60,0,0,97,0,0.6863255838987572,nenhuma,118.05739827484113,0.0,129,0,terminal,0.25,j6039_2.sm,5,centralizada,0,2.3095238095238093,0.7333333333333333
True,144,84,0.629284987869305,0.0,7.356190041971076,320.0,440.0,107.0,52.0,100.20625548337848,54,6,15,0,0.1,0.35,358.0,0.2186924649853749,0.2799057415736829,0.02054801687701418,0.14331430060519615,36,0,107,52,24,159,13,3,0,0.6863255838987572,0.3910769205246226,22,60,146,39,0,107,0.6863255838987572,nenhuma,100.20625548337848,0.0,106,0,terminal,0.945,j6039_2.sm,5,adaptativa,0,1.7142857142857142,0.6
True,252,84,0.7617974874746872,0.0,36.27987208244764,219.0,593.0,0.0,69.0,116.42210003311938,39,21,3,0,0.35,0.4,358.0,0.24539771655871842,0.3252013967405569,0.10134042481130626,0.14956165816485167,33,0,0,69,27,69,5,5,64,0.7631789564580391,0.24360497938515846,14,60,0,0,64,0,0.7631789564580391,nenhuma,116.42210003311936,0.0,125,0,terminal,0.25,j6039_2.sm,6,centralizada,0,3.0,0.55
True,131,84,0.6877749143014811,0.0,8.561200204878078,316.0,459.0,55.0,61.0,92.36949902595715,53,7,15,0,0.11666666666666667,0.36666666666666664,358.0,0.2050971462892815,0.25801536040770157,0.023913967052732063,0.13840833175740397,33,0,55,61,27,116,10,35,0,0.7631789564580391,0.24360497938515846,14,60,106,51,0,55,0.7631789564580391,nenhuma,92.36949902595717,0.0,99,0,terminal,0.9116666666666666,j6039_2.sm,6,adaptativa,0,1.5595238095238095,0.55
True,213,84,0.6348763848992522,0.0,37.88927225566909,240.0,572.0,0.0,236.0,92.9627915058929,45,15,2,0,0.25,0.2833333333333333,358.0,0.2061429307625663,0.25967260197176784,0.10583595602142204,0.10318161014231501,41,0,0,236,19,236,0,7,236,0.5858494645010164,0.43100241340042456,30,60,0,0,236,0,0.5858494645010164,nenhuma,92.9627915058929,0.0,100,0,terminal,0.25,j6039_2.sm,7,centralizada,0,2.5357142857142856,0.6833333333333333
True,161,84,0.6399022231891935,0.0,9.518853284527287,306.0,465.0,112.0,62.0,87.67351846739578,52,8,14,0,0.13333333333333333,0.36666666666666664,358.0,0.19672139993619508,0.24489809627764184,0.026588975655104152,0.12065049329485027,37,0,112,62,23,174,25,11,0,0.5858494645010164,0.43100241340042456,30,60,149,37,0,112,0.5858494645010164,nenhuma,87.6735184673958,0.0,97,0,terminal,0.9616666666666666,j6039_2.sm,7,adaptativa,0,1.9166666666666667,0.6166666666666667
True,207,84,0.6262814716104985,3.552713678800501e-15,44.3660120086618,232.0,603.0,0.0,250.0,109.82586557984921,37,23,2,0,0.38333333333333336,0.4166666666666667,358.0,0.2347580021975163,0.3067761608375676,0.12392740784542401,0.11406617697553029,52,0,0,250,8,250,15,21,235,0.5273323364698471,0.27249021043639565,40,60,0,0,235,0,0.5273323364698471,nenhuma,109.82586557984918,0.0,122,0,terminal,0.25,j6039_2.sm,8,centralizada,0,2.4642857142857144,0.8666666666666667
True,171,84,0.5516227534771166,0.0,8.208252478995645,322.0,476.0,177.0,90.0,119.90856749393714,53,7,19,0,0.11666666666666667,0.43333333333333335,358.0,0.2509027367362656,0.3349401326646289,0.022928079550267166,0.13895860119013087,51,0,177,90,9,267,8,21,0,0.5273323364698471,0.27249021043639565,40,60,259,82,0,177,0.5273323364698471,nenhuma,119.90856749393711,0.0,129,0,terminal,0.8866666666666666,j6039_2.sm,8,adaptativa,0,2.0357142857142856,0.85
True,207,84,0.7182384371352877,8.881784197001252e-15,53.21671480193983,216.0,586.0,0.0,122.0,107.88504555294465,38,22,0,0,0.36666666666666664,0.36666666666666664,358.0,0.2315700977800204,0.3013548758462141,0.14865004134620063,0.1322306937000278,41,0,0,122,19,122,9,16,113,0.6872143627230507,0.3512385487549321,22,60,0,0,113,0,0.6872143627230507,nenhuma,107.88504555294466,0.0,117,0,terminal,0.25,j6039_2.sm,9,centralizada,0,2.4642857142857144,0.6833333333333333
True,149,84,0.6338085451965181,1.7763568394002505e-15,16.771770211665498,299.0,455.0,108.0,60.0,94.88240068445766,52,8,12,0,0.13333333333333333,0.3333333333333333,358.0,0.20950781161082532,0.2650346387834013,0.046848520144317035,0.13216983811553676,37,0,108,60,23,168,15,9,0,0.6872143627230507,0.3512385487549321,22,60,153,45,0,108,0.6872143627230507,nenhuma,94.88240068445768,0.0,104,0,terminal,0.9216666666666665,j6039_2.sm,9,adaptativa,0,1.7738095238095237,0.6166666666666667
True,219,84,0.6755083748508459,0.0,48.57037415241463,208.0,621.0,0.0,157.0,141.3076253675145,34,26,3,0,0.43333333333333335,0.48333333333333334,358.0,0.2830071446705931,0.394714037339426,0.13567143617992913,0.15371092490505942,44,0,0,157,16,157,31,3,126,0.5820371027673271,0.4175993861121362,30,60,0,0,126,0,0.5820371027673271,nenhuma,141.30762536751453,0.0,156,0,terminal,0.25,j6039_2.sm,10,centralizada,0,2.607142857142857,0.7333333333333333
True,146,84,0.6067856183800474,0.0,9.0,307.0,456.0,133.0,65.0,97.50100165095552,54,6,13,0,0.1,0.31666666666666665,358.0,0.21405222227298035,0.27234916662278075,0.025139664804469275,0.12974167890230057,42,0,133,65,18,198,18,17,0,0.5820371027673271,0.4175993861121362,30,60,180,47,0,133,0.5820371027673271,nenhuma,97.50100165095552,0.0,104,0,terminal,0.9566666666666667,j6039_2.sm,10,adaptativa,0,1.7380952380952381,0.7
True,250,84,0.7668251014177455,0.0,23.765898706726453,222.0,607.0,0.0,71.0,113.57554816313038,40,20,7,0,0.3333333333333333,0.45,358.0,0.2408427421767882,0.31725013453388373,0.06638519191823032,0.14348036447902554,38,0,0,71,22,71,9,3,62,0.7131697048371954,0.48671389683598903,18,60,0,0,62,0,0.7131697048371954,nenhuma,113.57554816313038,0.0,124,0,terminal,0.25,j6039_2.sm,11,centralizada,0,2.9761904761904763,0.6333333333333333
True,143,84,0.6830896728983102,0.0,7.76070414984648,323.0,456.0,63.0,48.0,100.55510746520027,55,5,20,0,0.08333333333333333,0.4166666666666667,358.0,0.21928685522891356,0.28088018845028007,0.021677944552643796,0.1506319198830221,36,0,63,48,24,111,2,6,0,0.7131697048371954,0.48671389683598903,18,60,109,46,0,63,0.7131697048371954,nenhuma,100.55510746520027,0.0,106,0,terminal,0.8899999999999998,j6039_2.sm,11,adaptativa,0,1.7023809523809523,0.6
True,223,63,0.7855830248164336,0.0,23.398409010333623,263.0,526.0,0.0,91.0,52.56640276552548,51,9,1,0,0.15,0.16666666666666666,324.0,0.13959397965265827,0.16224198384421445,0.07221731176028896,0.07850812488262443,30,0,0,91,30,91,22,4,69,0.6268507180531939,0.4857196752206667,17,60,0,0,69,0,0.6268507180531939,nenhuma,52.56640276552548,0.0,57,0,terminal,0.25,j603_9.sm,0,centralizada,0,3.5396825396825395,0.5
True,131,63,0.7173750378851125,0.0,11.761939313121804,303.0,419.0,75.0,38.0,52.07384962160169,57,3,9,0,0.05,0.2,324.0,0.13846708478666464,0.16072175809136324,0.036302281830622854,0.0891562764800004,22,0,75,38,38,113,21,4,0,0.6268507180531939,0.4857196752206667,17,60,92,17,0,75,0.6268507180531939,nenhuma,52.07384962160169,0.0,56,0,terminal,0.9983333333333334,j603_9.sm,0,adaptativa,0,2.0793650793650795,0.36666666666666664
True,336,63,0.7123002904658015,5.329070518200751e-15,51.63393207279245,203.0,554.0,0.0,118.0,105.76186169700622,40,20,4,0,0.3333333333333333,0.4,324.0,0.2460941072792802,0.32642549906483403,0.15936398787898903,0.1359823191461759,31,0,0,118,29,118,15,15,103,0.6586427040007742,0.39362113220747674,13,60,0,0,103,0,0.6586427040007742,nenhuma,105.76186169700624,0.0,116,0,terminal,0.25,j603_9.sm,1,centralizada,0,5.333333333333333,0.5166666666666667
True,134,63,0.7062905278256894,0.0,8.42104290888418,310.0,398.0,69.0,42.0,54.50748639549276,58,2,10,0,0.03333333333333333,0.2,324.0,0.14400636276593823,0.16823298270213816,0.025990873175568457,0.09672894808222152,19,0,69,42,41,111,8,18,0,0.6586427040007742,0.39362113220747674,13,60,103,34,0,69,0.6586427040007742,nenhuma,54.50748639549276,0.0,59,0,terminal,0.9633333333333333,j603_9.sm,1,adaptativa,0,2.126984126984127,0.31666666666666665
True,192,63,0.7282940643842495,0.0,44.11500620268304,199.0,576.0,0.0,121.0,93.8893236511416,40,20,3,0,0.3333333333333333,0.38333333333333336,324.0,0.2246750953836796,0.2897818631208074,0.13615742655149088,0.11871360611836484,40,0,0,121,20,121,0,35,121,0.7659648859265082,0.2570239140832174,2,60,0,0,121,0,0.7659648859265082,nenhuma,93.8893236511416,0.0,103,0,terminal,0.25,j603_9.sm,2,centralizada,0,3.0476190476190474,0.6666666666666666
True,147,63,0.7176936907541611,0.0,4.165261658242014,309.0,457.0,42.0,46.0,91.76190258796753,57,3,21,0,0.05,0.4,324.0,0.220707818625956,0.28321574872829486,0.012855745858771648,0.14410708651856066,31,0,42,46,29,88,0,29,0,0.7659648859265082,0.2570239140832174,2,60,88,46,0,42,0.7659648859265082,nenhuma,91.76190258796754,0.0,100,0,terminal,0.8566666666666666,j603_9.sm,2,adaptativa,0,2.3333333333333335,0.5166666666666667
True,244,63,0.6740910314187962,0.0,23.0885566885981,230.0,568.0,0.0,188.0,86.61616536345153,41,19,2,0,0.31666666666666665,0.35,324.0,0.21094192744892148,0.2673338437143566,0.07126097743394476,0.10279433142146137,39,0,0,188,21,188,0,40,188,0.794910294566222,0.24332019624229823,2,60,0,0,188,0,0.794910294566222,nenhuma,86.61616536345153,0.0,98,0,terminal,0.25,j603_9.sm,3,centralizada,0,3.873015873015873,0.65
True,151,63,0.673858716265215,3.3306690738754696e-16,5.5170911577473944,313.0,442.0,85.0,62.0,66.92384476338677,58,2,12,0,0.03333333333333333,0.23333333333333334,324.0,0.17119407183742794,0.20655507643020607,0.017028059128849984,0.10202990072350303,32,0,85,62,28,147,0,28,0,0.794910294566222,0.24332019624229823,2,60,147,62,0,85,0.794910294566222,nenhuma,66.92384476338677,0.0,72,0,terminal,0.8633333333333333,j603_9.sm,3,adaptativa,0,2.3968253968253967,0.5333333333333333
True,191,63,0.7184216146733429,3.552713678800501e-15,30.220619378659144,205.0,567.0,0.0,117.0,105.23015179297974,40,20,3,0,0.3333333333333333,0.38333333333333336,324.0,0.24516020450430254,0.324784419114135,0.09327351660079983,0.13333265531469748,38,0,0,117,22,117,0,17,117,0.7496468789669437,0.35303232464984247,2,60,0,0,117,0,0.7496468789669437,nenhuma,105.23015179297974,0.0,115,0,terminal,0.25,j603_9.sm,4,centralizada,0,3.0317460317460316,0.6333333333333333
True,146,63,0.7089311213508861,0.0,14.85370023963956,290.0,440.0,73.0,48.0,59.652679433185185,54,6,10,0,0.1,0.26666666666666666,324.0,0.15548615357337536,0.18411320812711476,0.045844753826048024,0.09611282027762025,19,0,73,48,41,121,0,21,0,0.7496468789669437,0.35303232464984247,2,60,121,48,0,73,0.7496468789669437,nenhuma,59.652679433185185,0.0,68,0,terminal,0.8533333333333332,j603_9.sm,4,adaptativa,0,2.3174603174603177,0.31666666666666665
True,168,63,0.7417096889174288,9.769962616701378e-15,43.93872343991713,208.0,559.0,0.0,100.0,94.66414697358894,39,21,3,0,0.35,0.4,324.0,0.22610999212110883,0.29217329312836093,0.1356133439503615,0.12560521467515995,39,0,0,100,21,100,6,9,94,0.6863255838987572,0.3910769205246226,10,60,0,0,94,0,0.6863255838987572,nenhuma,94.66414697358894,0.0,104,0,terminal,0.25,j603_9.sm,5,centralizada,0,2.6666666666666665,0.65
True,141,63,0.6809787633464889,0.0,4.5,311.0,433.0,76.0,47.0,79.84949091824355,58,2,18,0,0.03333333333333333,0.3333333333333333,324.0,0.1977209151277809,0.24644904604396156,0.013888888888888888,0.12557923228487802,27,0,76,47,33,123,3,19,0,0.6863255838987572,0.3910769205246226,10,60,120,44,0,76,0.6863255838987572,nenhuma,79.84949091824353,0.0,86,0,terminal,0.9401236069893373,j603_9.sm,5,adaptativa,0,2.238095238095238,0.45
True,205,63,0.7119398014906608,0.0,42.816878446929024,207.0,567.0,0.0,131.0,98.41565033000593,38,22,2,0,0.36666666666666664,0.4,324.0,0.2329829641802338,0.30375200719137635,0.13215085940410193,0.12357322497269614,38,0,0,131,22,131,0,48,131,0.7631789564580391,0.24360497938515846,2,60,0,0,131,0,0.7631789564580391,nenhuma,98.41565033000596,0.0,110,0,terminal,0.25,j603_9.sm,6,centralizada,0,3.253968253968254,0.6333333333333333
True,150,63,0.7358015607062597,0.0,8.367042238727414,304.0,457.0,30.0,54.0,80.0913708328482,57,3,11,0,0.05,0.23333333333333334,324.0,0.19820114116215037,0.24719558899027222,0.02582420444051671,0.12895263820112365,18,0,30,54,42,84,0,43,0,0.7631789564580391,0.24360497938515846,2,60,84,54,0,30,0.7631789564580391,nenhuma,80.0913708328482,0.0,87,0,terminal,0.8433333333333333,j603_9.sm,6,adaptativa,0,2.380952380952381,0.3
True,237,63,0.7534839481316413,0.0,35.21425704130846,257.0,527.0,0.0,111.0,61.417686742714395,50,10,3,0,0.16666666666666666,0.21666666666666667,324.0,0.15935357627662214,0.18956076155158763,0.10868597852255697,0.08781260169262392,36,0,0,111,24,111,3,20,108,0.5858494645010164,0.43100241340042456,17,60,0,0,108,0,0.5858494645010164,nenhuma,61.41768674271441,0.0,68,0,terminal,0.25,j603_9.sm,7,centralizada,0,3.761904761904762,0.6
True,133,63,0.6731504952588067,0.0,13.255402596383888,281.0,395.0,89.0,42.0,60.79300213265695,53,7,7,0,0.11666666666666667,0.23333333333333334,324.0,0.15798884542005945,0.18763272263165726,0.04091173640859225,0.10360212530093092,28,0,89,42,32,131,10,5,0,0.5858494645010164,0.43100241340042456,17,60,121,32,0,89,0.5858494645010164,nenhuma,60.79300213265695,0.0,68,0,terminal,0.9983333333333334,j603_9.sm,7,adaptativa,0,2.111111111111111,0.4666666666666667
True,211,63,0.6424649296648407,0.0,46.295592373822934,175.0,581.0,0.0,197.0,126.32951772650758,36,24,6,0,0.4,0.5,324.0,0.280526842575817,0.38990591890897397,0.1428876307834041,0.13969412172246806,54,0,0,197,6,197,11,3,186,0.5273323364698471,0.27249021043639565,25,60,0,0,186,0,0.5273323364698471,nenhuma,126.32951772650758,0.0,141,0,terminal,0.25,j603_9.sm,8,centralizada,0,3.3492063492063493,0.9
True,173,63,0.5877365085805206,0.0,1.0,321.0,453.0,149.0,73.0,95.75354922917535,58,2,17,0,0.03333333333333333,0.31666666666666665,324.0,0.22811849811637022,0.2955356457690597,0.0030864197530864196,0.12423367926743603,43,0,149,73,17,222,12,20,0,0.5273323364698471,0.27249021043639565,25,60,210,61,0,149,0.5273323364698471,nenhuma,95.75354922917535,0.0,104,0,terminal,0.9433333333333334,j603_9.sm,8,adaptativa,0,2.746031746031746,0.7166666666666667
True,268,63,0.6831066319213297,1.021405182655144e-14,45.527757687408766,228.0,554.0,0.0,166.0,91.00076344128021,41,19,2,0,0.31666666666666665,0.35,324.0,0.21927854466262012,0.28086655383111175,0.1405177706401505,0.11220798739466173,38,0,0,166,22,166,16,12,150,0.6872143627230507,0.3512385487549321,10,60,0,0,150,0,0.6872143627230507,nenhuma,91.00076344128023,0.0,102,0,terminal,0.25,j603_9.sm,9,centralizada,0,4.253968253968254,0.6333333333333333
True,157,63,0.6752858965875126,0.0,17.24063097746547,278.0,436.0,82.0,56.0,71.65245950386475,52,8,11,0,0.13333333333333333,0.31666666666666665,324.0,0.18109949220008537,0.22114956636995292,0.05321182400452306,0.11097682421735722,26,0,82,56,34,138,6,24,0,0.6872143627230507,0.3512385487549321,10,60,132,50,0,82,0.6872143627230507,nenhuma,71.65245950386476,0.0,80,0,terminal,0.9233333333333332,j603_9.sm,9,adaptativa,0,2.492063492063492,0.43333333333333335
True,234,63,0.6787656952343424,0.0,38.466881306182344,194.0,605.0,0.0,167.0,119.32377232341567,40,20,2,0,0.3333333333333333,0.36666666666666664,324.0,0.2691571708371326,0.36828324791177675,0.11872494230303193,0.13387253434559937,42,0,0,167,18,167,17,4,150,0.5820371027673271,0.4175993861121362,17,60,0,0,150,0,0.5820371027673271,nenhuma,119.32377232341565,0.0,129,0,terminal,0.25,j603_9.sm,10,centralizada,0,3.7142857142857144,0.7
True,159,63,0.6309558394590209,0.0,4.874890631194014,295.0,441.0,131.0,48.0,78.93956505436527,53,7,12,0,0.11666666666666667,0.31666666666666665,324.0,0.19590919309131288,0.24364063288384344,0.01504595873825313,0.11294190370840597,24,0,131,48,36,179,14,10,0,0.5820371027673271,0.4175993861121362,17,60,165,34,0,131,0.5820371027673271,nenhuma,78.93956505436527,0.0,86,0,terminal,0.985,j603_9.sm,10,adaptativa,0,2.5238095238095237,0.4
True,235,63,0.7231847166765131,0.0,29.615800559703295,192.0,550.0,0.0,85.0,125.52492166537282,40,20,4,0,0.3333333333333333,0.4,324.0,0.279239071329651,0.38742259773263216,0.0914067918509361,0.16505037256438934,32,0,0,85,28,85,4,8,81,0.7131697048371954,0.48671389683598903,9,60,0,0,81,0,0.7131697048371954,nenhuma,125.5249216653728,0.0,138,0,terminal,0.25,j603_9.sm,11,centralizada,0,3.7301587301587302,0.5333333333333333
True,136,63,0.7047396735675262,0.0,9.5,292.0,427.0,59.0,40.0,79.89749096775661,54,6,15,0,0.1,0.35,324.0,0.19781625970569566,0.2465971943449278,0.029320987654320986,0.13186635059363272,20,0,59,40,40,99,2,12,0,0.7131697048371954,0.48671389683598903,9,60,97,38,0,59,0.7131697048371954,nenhuma,79.89749096775661,0.0,89,0,terminal,0.9443933456900853,j603_9.sm,11,adaptativa,0,2.1587301587301586,0.3333333333333333
True,220,80,0.7510871531111709,0.0,37.06272089730256,265.0,579.0,0.0,114.0,77.88257681102989,44,16,3,0,0.26666666666666666,0.31666666666666665,351.0,0.18159417290888402,0.2218876832223074,0.10559179742821242,0.10103040223481613,33,0,0,114,27,114,10,12,104,0.6268507180531939,0.4857196752206667,21,60,0,0,104,0,0.6268507180531939,nenhuma,77.88257681102989,0.0,87,0,terminal,0.25,j6040_8.sm,0,centralizada,0,2.75,0.55
True,131,80,0.643078004852202,0.0,5.640202058694889,315.0,404.0,131.0,54.0,39.228608274125214,55,5,7,0,0.08333333333333333,0.2,351.0,0.10052724849575395,0.11176241673539947,0.016068951734173473,0.06244320579716095,24,0,131,54,36,185,17,8,0,0.6268507180531939,0.4857196752206667,21,60,168,37,0,131,0.6268507180531939,nenhuma,39.228608274125214,0.0,41,0,terminal,0.9833333333333334,j6040_8.sm,0,adaptativa,0,1.6375,0.4
True,236,80,0.7008329247250958,7.105427357601002e-15,66.06106476381885,213.0,559.0,0.0,133.0,105.62234375513921,40,20,2,0,0.3333333333333333,0.36666666666666664,351.0,0.2313122544256803,0.3009183582767499,0.18820816172028162,0.1324214956891479,31,0,0,133,29,133,21,24,112,0.6586427040007742,0.39362113220747674,17,60,0,0,112,0,0.6586427040007742,nenhuma,105.62234375513923,0.0,114,0,terminal,0.25,j6040_8.sm,1,centralizada,0,2.95,0.5166666666666667
True,123,80,0.6845635645258459,0.0,5.175943766221767,323.0,387.0,97.0,46.0,35.323689507271084,56,4,6,0,0.06666666666666667,0.16666666666666666,351.0,0.09143547358517927,0.10063729204350737,0.01474627853624435,0.062484007238505716,21,0,97,46,39,143,16,10,0,0.6586427040007742,0.39362113220747674,17,60,127,30,0,97,0.6586427040007742,nenhuma,35.323689507271084,0.0,39,0,terminal,0.9666666666666667,j6040_8.sm,1,adaptativa,0,1.5375,0.35
True,229,80,0.751573635980706,1.4210854715202004e-14,48.40183976588901,194.0,582.0,0.0,72.0,120.37522038750811,37,23,1,0,0.38333333333333336,0.4,351.0,0.2553702765464635,0.34294934583335646,0.13789697938999718,0.15544818224848503,33,0,0,72,27,72,5,9,67,0.7659648859265082,0.2570239140832174,4,60,0,0,67,0,0.7659648859265082,nenhuma,120.3752203875081,0.0,130,0,terminal,0.25,j6040_8.sm,2,centralizada,0,2.8625,0.55
True,151,80,0.6699123522685272,8.881784197001252e-16,15.91081991524413,304.0,450.0,73.0,64.0,84.72966504672283,53,7,15,0,0.11666666666666667,0.36666666666666664,351.0,0.19445466270385184,0.24139505711317044,0.045329971268501794,0.12613655381861,30,0,73,64,30,137,1,21,0,0.7659648859265082,0.2570239140832174,4,60,136,63,0,73,0.7659648859265082,nenhuma,84.72966504672284,0.0,92,0,terminal,0.847209970505769,j6040_8.sm,2,adaptativa,0,1.8875,0.5
True,240,80,0.6842754184958816,0.0,43.71408620602164,223.0,566.0,0.0,161.0,100.15232010545552,40,20,1,0,0.3333333333333333,0.35,351.0,0.2219922532639203,0.2853342453146881,0.12454155614251179,0.12108086705564323,36,0,0,161,24,161,1,24,160,0.794910294566222,0.24332019624229823,3,60,0,0,160,0,0.794910294566222,nenhuma,100.15232010545552,0.0,109,0,terminal,0.25,j6040_8.sm,3,centralizada,0,3.0,0.6
True,147,80,0.6579007512051874,0.0,2.5,343.0,441.0,106.0,64.0,59.313872103271095,57,3,14,0,0.05,0.2833333333333333,351.0,0.14455731608397218,0.16898539060760995,0.007122507122507123,0.08848671431662236,30,0,106,64,30,170,12,21,0,0.794910294566222,0.24332019624229823,3,60,158,52,0,106,0.794910294566222,nenhuma,59.313872103271095,0.0,66,0,terminal,0.9016666666666667,j6040_8.sm,3,adaptativa,0,1.8375,0.5
True,231,80,0.7221001414413126,0.0,31.363405881606493,254.0,605.0,0.0,149.0,83.83393089000003,45,15,2,0,0.25,0.2833333333333333,351.0,0.19279528328990386,0.23884310794871805,0.08935443271112961,0.10006031959214919,37,0,0,149,23,149,3,10,146,0.7496468789669437,0.35303232464984247,4,60,0,0,146,0,0.7496468789669437,nenhuma,83.83393089000002,0.0,94,0,terminal,0.25,j6040_8.sm,4,centralizada,0,2.8875,0.6166666666666667
True,141,80,0.6295730043132824,0.0,8.521465552531332,312.0,416.0,126.0,71.0,47.765307835521185,55,5,5,0,0.08333333333333333,0.16666666666666666,351.0,0.11978300744061454,0.13608349810689796,0.024277679636841402,0.07228785662489866,22,0,126,71,38,197,6,16,0,0.7496468789669437,0.35303232464984247,4,60,191,65,0,126,0.7496468789669437,nenhuma,47.76530783552119,0.0,50,0,terminal,0.8766666666666666,j6040_8.sm,4,adaptativa,0,1.7625,0.36666666666666664
True,173,80,0.7769251716741365,0.0,35.07015040595607,246.0,572.0,0.0,83.0,81.23563871336674,44,16,2,0,0.26666666666666666,0.3,351.0,0.18794294462895375,0.23144056613494798,0.09991495842152727,0.11033918278573529,29,0,0,83,31,83,4,15,79,0.6863255838987572,0.3910769205246226,11,60,0,0,79,0,0.6863255838987572,nenhuma,81.23563871336674,0.0,89,0,terminal,0.25,j6040_8.sm,5,centralizada,0,2.1625,0.48333333333333334
True,138,80,0.6637682905461265,0.0,10.731771976125021,319.0,416.0,78.0,58.0,74.7247259698546,53,7,15,0,0.11666666666666667,0.36666666666666664,351.0,0.17552357523895812,0.21289095717907294,0.03057484893482912,0.11923053754456284,25,0,78,58,35,136,1,15,0,0.6863255838987572,0.3910769205246226,11,60,135,57,0,78,0.6863255838987572,nenhuma,74.7247259698546,0.0,83,0,terminal,0.8901264933072918,j6040_8.sm,5,adaptativa,0,1.725,0.4166666666666667
True,233,80,0.8195710713336058,0.0,27.487775991826595,237.0,568.0,0.0,38.0,87.04544763366347,43,17,5,0,0.2833333333333333,0.36666666666666664,351.0,0.19871327987514986,0.24799272830103553,0.07831275211346608,0.12559846966872334,23,0,0,38,37,38,2,10,36,0.7631789564580391,0.24360497938515846,4,60,0,0,36,0,0.7631789564580391,nenhuma,87.04544763366347,0.0,94,0,terminal,0.25,j6040_8.sm,6,centralizada,0,2.9125,0.38333333333333336
True,116,80,0.7964795533807566,0.0,5.0,333.0,452.0,34.0,49.0,32.49730496084892,58,2,9,0,0.03333333333333333,0.18333333333333332,351.0,0.08473933073445343,0.092584914418373,0.014245014245014245,0.05726424544534335,18,0,34,49,42,83,4,23,0,0.7631789564580391,0.24360497938515846,4,60,79,45,0,34,0.7631789564580391,nenhuma,32.49730496084892,0.0,36,0,terminal,0.91,j6040_8.sm,6,adaptativa,0,1.45,0.3
True,189,80,0.7236035457864141,0.0,37.60813821659477,259.0,551.0,0.0,140.0,70.46669430865195,46,14,2,0,0.23333333333333334,0.26666666666666666,351.0,0.16719398059256185,0.20075981284516226,0.10714569292477141,0.09254074385043172,37,0,0,140,23,140,11,20,129,0.5858494645010164,0.43100241340042456,24,60,0,0,129,0,0.5858494645010164,nenhuma,70.46669430865197,0.0,77,0,terminal,0.25,j6040_8.sm,7,centralizada,0,2.3625,0.6166666666666667
True,154,80,0.5723449823900764,0.0,5.5,320.0,406.0,187.0,68.0,48.362381940643054,55,5,9,0,0.08333333333333333,0.23333333333333334,351.0,0.12109899211245971,0.137784563933456,0.01566951566951567,0.06817725773438299,30,0,187,68,30,255,36,4,0,0.5858494645010164,0.43100241340042456,24,60,219,32,0,187,0.5858494645010164,nenhuma,48.362381940643054,0.0,52,0,terminal,0.9950000000000001,j6040_8.sm,7,adaptativa,0,1.925,0.5
True,219,80,0.6225927992794724,0.0,38.443607651302855,229.0,583.0,0.0,253.0,100.40658978823193,42,18,3,0,0.3,0.35,351.0,0.22243049184402824,0.2860586603653331,0.10952594772450956,0.10722541990113381,47,0,0,253,13,253,34,21,219,0.5273323364698471,0.27249021043639565,36,60,0,0,219,0,0.5273323364698471,nenhuma,100.40658978823194,0.0,109,0,terminal,0.25,j6040_8.sm,8,centralizada,0,2.7375,0.7833333333333333
True,168,80,0.6099502686832169,0.0,8.86891208112355,323.0,498.0,144.0,74.0,100.4600059527817,56,4,21,0,0.06666666666666667,0.4166666666666667,351.0,0.22252249286349596,0.28621084317031825,0.025267555786676783,0.12304338880083687,47,0,144,74,13,218,14,19,0,0.5273323364698471,0.27249021043639565,36,60,204,60,0,144,0.5273323364698471,nenhuma,100.4600059527817,0.0,109,0,terminal,0.9083333333333332,j6040_8.sm,8,adaptativa,0,2.1,0.7833333333333333
True,229,80,0.7012962760693303,0.0,45.675441117812596,229.0,580.0,0.0,146.0,101.03989710428898,41,19,3,0,0.31666666666666665,0.36666666666666664,351.0,0.22351986572764468,0.28786295471307405,0.13012946187410995,0.12217052340287271,39,0,0,146,21,146,6,18,140,0.6872143627230507,0.3512385487549321,11,60,0,0,140,0,0.6872143627230507,nenhuma,101.039897104289,0.0,110,0,terminal,0.25,j6040_8.sm,9,centralizada,0,2.8625,0.65
True,145,80,0.6413276902821339,0.0,12.780215589639894,314.0,441.0,109.0,63.0,74.63598809525074,54,6,11,0,0.1,0.2833333333333333,351.0,0.1753516859071333,0.21263814272151207,0.03641087062575468,0.10853996792982311,25,0,109,63,35,172,6,13,0,0.6872143627230507,0.3512385487549321,11,60,166,57,0,109,0.6872143627230507,nenhuma,74.63598809525074,0.0,78,0,terminal,0.9183333333333333,j6040_8.sm,9,adaptativa,0,1.8125,0.4166666666666667
True,211,80,0.6836421172677289,0.0,14.436702913014098,289.0,623.0,0.0,213.0,75.29552182932544,49,11,4,0,0.18333333333333332,0.25,351.0,0.1766275223962387,0.21451715620890438,0.041130207729384895,0.0826247029922609,44,0,0,213,16,213,27,17,186,0.5820371027673271,0.4175993861121362,25,60,0,0,186,0,0.5820371027673271,nenhuma,75.29552182932544,0.0,81,0,terminal,0.25,j6040_8.sm,10,centralizada,0,2.6375,0.7333333333333333
True,140,80,0.6297057997664033,0.0,13.0,308.0,447.0,127.0,47.0,88.85530094501257,54,6,15,0,0.1,0.35,351.0,0.2020102991918258,0.25314900554134634,0.037037037037037035,0.12517382180103712,30,0,127,47,30,174,19,3,0,0.5820371027673271,0.4175993861121362,25,60,155,28,0,127,0.5820371027673271,nenhuma,88.85530094501256,0.0,96,0,terminal,0.98,j6040_8.sm,10,adaptativa,0,1.75,0.5
True,204,80,0.8112311415874977,1.7763568394002505e-15,24.431793294482347,228.0,576.0,0.0,55.0,79.03191380551051,41,19,1,0,0.31666666666666665,0.3333333333333333,351.0,0.1837815084609141,0.22516214759404704,0.06960624870222891,0.11130755149008509,31,0,0,55,29,55,0,17,55,0.7131697048371954,0.48671389683598903,7,60,0,0,55,0,0.7131697048371954,nenhuma,79.0319138055105,0.0,85,0,terminal,0.25,j6040_8.sm,11,centralizada,0,2.55,0.5166666666666667
True,130,80,0.7172098870993017,0.0,7.299350356242353,324.0,448.0,57.0,40.0,79.64281106316082,56,4,16,0,0.06666666666666667,0.3333333333333333,351.0,0.1849393720669353,0.2269025956215408,0.020795869960804427,0.12750136502428702,25,0,57,40,35,97,2,7,0,0.7131697048371954,0.48671389683598903,7,60,95,38,0,57,0.7131697048371954,nenhuma,79.6428110631608,0.0,87,0,terminal,0.9147946284954122,j6040_8.sm,11,adaptativa,0,1.625,0.4166666666666667
True,333,82,0.6660765131689713,5.329070518200751e-15,31.230792417732655,225.0,503.0,0.0,138.0,114.16849799566225,38,22,0,0,0.36666666666666664,0.36666666666666664,339.0,0.2519338800040665,0.33678023007569985,0.0921262313207453,0.15118281323795107,45,0,0,138,15,138,26,0,112,0.6268507180531939,0.4857196752206667,26,60,0,0,112,0,0.6268507180531939,nenhuma,114.16849799566225,0.0,123,0,terminal,0.25,j6041_6.sm,0,centralizada,0,4.060975609756097,0.75
True,231,82,0.7103164662199437,0.0,13.596098104793754,305.0,411.0,85.0,26.0,56.61533491853078,55,5,7,0,0.08333333333333333,0.2,339.0,0.14310702827075597,0.16700688766528252,0.040106484084937326,0.0978462399834291,35,0,85,26,25,111,12,0,0,0.6268507180531939,0.4857196752206667,26,60,99,14,0,85,0.6268507180531939,nenhuma,56.61533491853078,0.0,63,0,terminal,0.9516666666666667,j6041_6.sm,0,adaptativa,0,2.817073170731707,0.5833333333333334
True,374,82,0.7600488975270583,1.7763568394002505e-15,26.80466140088712,213.0,534.0,0.0,46.0,122.58637534697456,38,22,3,0,0.36666666666666664,0.4166666666666667,339.0,0.2655762429184058,0.3616117266872406,0.07906979764273486,0.17447872553240856,41,0,0,46,19,46,6,0,40,0.6586427040007742,0.39362113220747674,22,60,0,0,40,0,0.6586427040007742,nenhuma,122.58637534697456,0.0,133,0,terminal,0.25,j6041_6.sm,1,centralizada,0,4.560975609756097,0.6833333333333333
True,275,82,0.6808841718924897,0.0,12.292698765124893,315.0,427.0,63.0,16.0,121.12575446301085,57,3,19,0,0.05,0.36666666666666664,339.0,0.2632448918326046,0.3573031105103565,0.0362616482747047,0.19314428342482481,36,0,63,16,24,79,7,0,0,0.6586427040007742,0.39362113220747674,22,60,72,9,0,63,0.6586427040007742,nenhuma,121.12575446301085,0.0,130,0,terminal,0.9566666666666667,j6041_6.sm,1,adaptativa,0,3.3536585365853657,0.6
True,385,82,0.7470738518285914,0.0,43.37451149284661,201.0,569.0,0.0,53.0,139.63822171967993,36,24,1,0,0.4,0.4166666666666667,339.0,0.2917406412258081,0.41191215846513257,0.12794841148332334,0.18333930432797216,46,0,0,53,14,53,8,0,45,0.7659648859265082,0.2570239140832174,9,60,0,0,45,0,0.7659648859265082,nenhuma,139.63822171967993,0.0,150,0,terminal,0.25,j6041_6.sm,2,centralizada,0,4.695121951219512,0.7666666666666667
True,268,82,0.6779416636185397,1.7763568394002505e-15,19.644066905445257,305.0,428.0,60.0,17.0,126.32275676277742,56,4,21,0,0.06666666666666667,0.4166666666666667,339.0,0.27147341265146213,0.3726335007751546,0.05794710001606271,0.2000921959641062,40,0,60,17,20,77,11,0,0,0.7659648859265082,0.2570239140832174,9,60,66,6,0,60,0.7659648859265082,nenhuma,126.32275676277742,0.0,134,0,terminal,0.96,j6041_6.sm,2,adaptativa,0,3.268292682926829,0.6666666666666666
True,322,82,0.6965488955184881,0.0,26.6568270120259,229.0,548.0,0.0,133.0,105.735868114595,41,19,3,0,0.31666666666666665,0.36666666666666664,339.0,0.23774980993291517,0.31190521567727136,0.07863370800007641,0.1343981791093242,42,0,0,133,18,133,12,0,121,0.794910294566222,0.24332019624229823,7,60,0,0,121,0,0.794910294566222,nenhuma,105.73586811459501,0.0,113,0,terminal,0.25,j6041_6.sm,3,centralizada,0,3.926829268292683,0.7
True,258,82,0.7235945428521958,0.0,4.956572815610743,334.0,426.0,73.0,26.0,63.72749139432964,58,2,13,0,0.03333333333333333,0.25,339.0,0.15823973469924113,0.18798670027825853,0.014621158748114286,0.1082461619779277,33,0,73,26,27,99,8,0,0,0.794910294566222,0.24332019624229823,7,60,91,18,0,73,0.794910294566222,nenhuma,63.72749139432963,0.0,71,0,terminal,0.9433333333333334,j6041_6.sm,3,adaptativa,0,3.1463414634146343,0.55
True,379,82,0.7521063027751999,8.881784197001252e-16,19.8982501693325,250.0,559.0,0.0,81.0,103.24599852087903,44,16,6,0,0.26666666666666666,0.36666666666666664,339.0,0.23345829892456255,0.3045604676132125,0.058696903154373155,0.13891228304807168,41,0,0,81,19,81,10,0,71,0.7496468789669437,0.35303232464984247,9,60,0,0,71,0,0.7496468789669437,nenhuma,103.24599852087904,0.0,112,0,terminal,0.25,j6041_6.sm,4,centralizada,0,4.621951219512195,0.6833333333333333
True,255,82,0.6708016855427812,0.0,13.323048402345751,307.0,445.0,97.0,28.0,93.38533368461492,53,7,11,0,0.11666666666666667,0.3,339.0,0.21597710747684815,0.27547296072157795,0.03930102773553319,0.14077087469801067,42,0,97,28,18,125,10,0,0,0.7496468789669437,0.35303232464984247,9,60,115,18,0,97,0.7496468789669437,nenhuma,93.38533368461492,0.0,100,0,terminal,0.9366666666666666,j6041_6.sm,4,adaptativa,0,3.1097560975609757,0.7
True,331,82,0.7376243671666103,8.881784197001252e-16,26.065616752453018,226.0,538.0,0.0,60.0,131.36852949501292,40,20,6,0,0.3333333333333333,0.43333333333333335,339.0,0.27928851795431553,0.3875177861209821,0.07688972493348972,0.18011269225718787,39,0,0,60,21,60,2,0,58,0.6863255838987572,0.3910769205246226,16,60,0,0,58,0,0.6863255838987572,nenhuma,131.3685294950129,0.0,141,0,terminal,0.25,j6041_6.sm,5,centralizada,0,4.036585365853658,0.65
True,262,82,0.6458785634223048,0.0,11.622872801642458,282.0,423.0,84.0,26.0,121.92187534241383,49,11,16,0,0.18333333333333332,0.45,339.0,0.2645174418155775,0.3596515496826367,0.034285760476821414,0.18616247209435358,43,0,84,26,17,110,14,0,0,0.6863255838987572,0.3910769205246226,16,60,96,12,0,84,0.6863255838987572,nenhuma,121.92187534241383,0.0,133,0,terminal,0.9499999999999998,j6041_6.sm,5,adaptativa,0,3.1951219512195124,0.7166666666666667
True,402,82,0.7425440123941817,1.4210854715202004e-14,34.731427189660316,182.0,552.0,0.0,57.0,134.3902782680701,36,24,1,0,0.4,0.4166666666666667,339.0,0.2838889694983722,0.396431499315841,0.10245258758011892,0.18078024719554955,33,0,0,57,27,57,2,0,55,0.7631789564580391,0.24360497938515846,9,60,0,0,55,0,0.7631789564580391,nenhuma,134.3902782680701,0.0,143,0,terminal,0.25,j6041_6.sm,6,centralizada,0,4.902439024390244,0.55
True,271,82,0.8009502367956707,0.0,19.450169516249996,301.0,447.0,14.0,5.0,92.08710637042182,55,5,11,0,0.08333333333333333,0.26666666666666666,339.0,0.2136160070890494,0.2716433816236632,0.05737513131637167,0.16500489855305922,36,0,14,5,24,19,2,0,0,0.7631789564580391,0.24360497938515846,9,60,17,3,0,14,0.7631789564580391,nenhuma,92.08710637042181,0.0,97,0,terminal,0.9564983500198553,j6041_6.sm,6,adaptativa,0,3.3048780487804876,0.6
True,346,82,0.6692462918853046,1.3322676295501878e-14,47.413893698722575,218.0,532.0,0.0,131.0,131.92409065327195,39,21,3,0,0.35,0.4,339.0,0.2801387596677527,0.3891566095966724,0.13986399321157103,0.16595809864669742,45,0,0,131,15,131,21,0,110,0.5858494645010164,0.43100241340042456,33,60,0,0,110,0,0.5858494645010164,nenhuma,131.92409065327195,0.0,144,0,terminal,0.25,j6041_6.sm,7,centralizada,0,4.219512195121951,0.75
True,259,82,0.6291097494033085,0.0,13.596098104793754,299.0,402.0,114.0,36.0,86.99820401970366,53,7,13,0,0.11666666666666667,0.3333333333333333,339.0,0.20422199717931144,0.2566318702646126,0.040106484084937326,0.1361478067894868,43,0,114,36,17,150,19,0,0,0.5858494645010164,0.43100241340042456,33,60,131,17,0,114,0.5858494645010164,nenhuma,86.99820401970366,0.0,94,0,terminal,0.9616666666666666,j6041_6.sm,7,adaptativa,0,3.158536585365854,0.7166666666666667
True,398,82,0.6571887901047091,0.0,27.683451749439577,180.0,545.0,0.0,141.0,143.2898603963798,37,23,3,0,0.38333333333333336,0.43333333333333335,339.0,0.2971031990567127,0.4226839539716218,0.08166209955586896,0.17278622016177891,49,0,0,141,11,141,15,0,126,0.5273323364698471,0.27249021043639565,39,60,0,0,126,0,0.5273323364698471,nenhuma,143.28986039637977,0.0,152,0,terminal,0.25,j6041_6.sm,8,centralizada,0,4.853658536585366,0.8166666666666667
True,290,82,0.5449037170224813,0.0,17.98132197949034,285.0,425.0,172.0,53.0,129.95430517950683,49,11,16,0,0.18333333333333332,0.45,339.0,0.2771150701554233,0.38334603297789627,0.053042247727110144,0.16661784455385215,52,0,172,53,8,225,6,0,0,0.5273323364698471,0.27249021043639565,39,60,219,47,0,172,0.5273323364698471,nenhuma,129.95430517950683,0.0,139,0,terminal,0.9566666666666667,j6041_6.sm,8,adaptativa,0,3.5365853658536586,0.8666666666666667
True,357,82,0.7277029173307836,3.552713678800501e-15,32.92286073366468,220.0,540.0,0.0,103.0,99.06106247412276,42,18,2,0,0.3,0.3333333333333333,339.0,0.2261352833201753,0.29221552352248603,0.09711758328514654,0.13349448917834472,40,0,0,103,20,103,10,0,93,0.6872143627230507,0.3512385487549321,16,60,0,0,93,0,0.6872143627230507,nenhuma,99.06106247412276,0.0,106,0,terminal,0.25,j6041_6.sm,9,centralizada,0,4.353658536585366,0.6666666666666666
True,264,82,0.6419821399176736,0.0,17.501320040457276,268.0,421.0,80.0,24.0,130.7814833509046,50,10,17,0,0.16666666666666666,0.45,339.0,0.27838790583667383,0.38578608658083957,0.05162631280370878,0.19942844784613145,34,0,80,24,26,104,12,0,0,0.6872143627230507,0.3512385487549321,16,60,92,12,0,80,0.6872143627230507,nenhuma,130.78148335090458,0.0,140,0,terminal,0.96,j6041_6.sm,9,adaptativa,0,3.2195121951219514,0.5666666666666667
True,347,82,0.6627288486114864,3.552713678800501e-15,22.733593802298707,212.0,543.0,0.0,159.0,117.33961549684197,40,20,1,0,0.3333333333333333,0.35,339.0,0.25713221362359234,0.34613455898773443,0.06706074867934722,0.14321242776194587,47,0,0,159,13,159,20,0,139,0.5820371027673271,0.4175993861121362,33,60,0,0,139,0,0.5820371027673271,nenhuma,117.33961549684194,0.0,125,0,terminal,0.25,j6041_6.sm,10,centralizada,0,4.2317073170731705,0.7833333333333333
True,284,82,0.5946872247096475,0.0,7.562058714232627,283.0,439.0,136.0,40.0,123.20317935085812,52,8,18,0,0.13333333333333333,0.43333333333333335,339.0,0.26655632166765053,0.36343120752465524,0.022306957859093295,0.16689602916530016,46,0,136,40,14,176,20,0,0,0.5820371027673271,0.4175993861121362,33,60,156,20,0,136,0.5820371027673271,nenhuma,123.20317935085812,0.0,133,0,terminal,0.94,j6041_6.sm,10,adaptativa,0,3.4634146341463414,0.7666666666666667
True,435,82,0.778311794924485,0.0,29.646774862652883,230.0,546.0,0.0,62.0,93.51834208419665,41,19,2,0,0.31666666666666665,0.35,339.0,0.21621821084755707,0.275865315882586,0.08745361316416779,0.13330847744672727,46,0,0,62,14,62,8,0,54,0.7131697048371954,0.48671389683598903,12,60,0,0,54,0,0.7131697048371954,nenhuma,93.51834208419665,0.0,104,0,terminal,0.25,j6041_6.sm,11,centralizada,0,5.304878048780488,0.7666666666666667
True,287,82,0.7020060202478451,0.0,9.052693506856318,324.0,440.0,45.0,17.0,124.77525164906251,56,4,21,0,0.06666666666666667,0.4166666666666667,339.0,0.2690424967813496,0.36806858893528765,0.026704110639694155,0.19907494962632216,41,0,45,17,19,62,6,0,0,0.7131697048371954,0.48671389683598903,12,60,56,11,0,45,0.7131697048371954,nenhuma,124.77525164906251,0.0,134,0,terminal,0.9816666666666666,j6041_6.sm,11,adaptativa,0,3.5,0.6833333333333333
True,187,83,0.7173785581217557,0.0,36.85349095411027,239.0,495.0,0.0,123.0,72.01225976980915,42,18,1,0,0.3,0.31666666666666665,328.0,0.18002513175783486,0.21954957246893034,0.11235820412838497,0.10436373955708081,31,0,0,123,29,123,23,1,100,0.6268507180531939,0.4857196752206667,22,60,0,0,100,0,0.6268507180531939,nenhuma,72.01225976980916,0.0,78,0,terminal,0.25,j6042_1.sm,0,centralizada,0,2.253012048192771,0.5166666666666667
True,136,83,0.6503288967153159,0.0,9.055501018567302,303.0,376.0,127.0,45.0,30.168987875369723,57,3,4,0,0.05,0.11666666666666667,328.0,0.08423115595331071,0.09197862157124916,0.02760823481270519,0.05218022500001844,24,0,127,45,36,172,21,1,0,0.6268507180531939,0.4857196752206667,22,60,151,24,0,127,0.6268507180531939,nenhuma,30.168987875369723,0.0,32,0,terminal,0.9856358734466498,j6042_1.sm,0,adaptativa,0,1.6385542168674698,0.4
True,237,83,0.7864096231890145,0.0,25.77715676238662,260.0,502.0,0.0,93.0,43.34417229574473,50,10,0,0,0.16666666666666666,0.16666666666666666,328.0,0.11672237113021044,0.13214686675531928,0.0785888925682519,0.0679009446265664,32,0,0,93,28,93,10,0,83,0.6586427040007742,0.39362113220747674,17,60,0,0,83,0,0.6586427040007742,nenhuma,43.34417229574471,0.0,47,0,terminal,0.25,j6042_1.sm,1,centralizada,0,2.855421686746988,0.5333333333333333
True,125,83,0.7383291459273119,0.0,3.0,316.0,388.0,60.0,34.0,43.51088107552288,58,2,12,0,0.03333333333333333,0.23333333333333334,328.0,0.11711872596990702,0.1326551252302527,0.009146341463414634,0.08279729810060735,22,0,60,34,38,94,9,5,0,0.6586427040007742,0.39362113220747674,17,60,85,25,0,60,0.6586427040007742,nenhuma,43.51088107552288,0.0,45,0,terminal,0.9633333333333333,j6042_1.sm,1,adaptativa,0,1.5060240963855422,0.36666666666666664
True,218,83,0.6939307018972686,0.0,46.1059768467168,218.0,548.0,0.0,154.0,87.70421470287887,39,21,1,0,0.35,0.36666666666666664,328.0,0.21097744887086298,0.2673908984843868,0.14056700258145366,0.11105957530678372,35,0,0,154,25,154,10,6,144,0.7659648859265082,0.2570239140832174,5,60,0,0,144,0,0.7659648859265082,nenhuma,87.70421470287889,0.0,96,0,terminal,0.25,j6042_1.sm,2,centralizada,0,2.6265060240963853,0.5833333333333334
True,151,83,0.6358883938142472,0.0,5.598508532316981,313.0,407.0,104.0,52.0,77.04942370263012,57,3,18,0,0.05,0.35,328.0,0.1902222770700607,0.23490677958118938,0.01706862357413714,0.12038042821272446,36,0,104,52,24,156,9,5,0,0.7659648859265082,0.2570239140832174,5,60,147,43,0,104,0.7659648859265082,nenhuma,77.04942370263012,0.0,84,0,terminal,0.9351348331754853,j6042_1.sm,2,adaptativa,0,1.819277108433735,0.6
True,209,83,0.6360377350919325,0.0,27.606520432462826,228.0,504.0,0.0,202.0,86.4058152416886,41,19,4,0,0.31666666666666665,0.38333333333333336,328.0,0.2085053154751104,0.26343236354173355,0.08416622083067934,0.10904237901804682,38,0,0,202,22,202,5,4,197,0.794910294566222,0.24332019624229823,4,60,0,0,197,0,0.794910294566222,nenhuma,86.4058152416886,0.0,94,0,terminal,0.25,j6042_1.sm,3,centralizada,0,2.5180722891566263,0.6333333333333333
True,153,83,0.5681636870272957,0.0,9.13854229613207,318.0,386.0,161.0,68.0,64.38167963461525,59,1,16,0,0.016666666666666666,0.2833333333333333,328.0,0.16407921923002955,0.19628560864211966,0.02786140943942704,0.09476511004718434,31,0,161,68,29,229,5,6,0,0.794910294566222,0.24332019624229823,4,60,224,63,0,161,0.794910294566222,nenhuma,64.38167963461524,0.0,70,0,terminal,0.9002327740934403,j6042_1.sm,3,adaptativa,0,1.8433734939759037,0.5166666666666667
True,301,83,0.7082192538717749,3.552713678800501e-15,21.221196945597313,234.0,525.0,0.0,140.0,76.2958587751876,43,17,3,0,0.2833333333333333,0.3333333333333333,328.0,0.18871293662597868,0.2326093255341085,0.06469877117560156,0.10292227842908508,33,0,0,140,27,140,14,2,126,0.7496468789669437,0.35303232464984247,8,60,0,0,126,0,0.7496468789669437,nenhuma,76.2958587751876,0.0,84,0,terminal,0.25,j6042_1.sm,4,centralizada,0,3.6265060240963853,0.55
True,143,83,0.5872893892357504,0.0,3.0,322.0,390.0,157.0,57.0,60.06784653050459,59,1,15,0,0.016666666666666666,0.26666666666666666,328.0,0.15478697106069794,0.18313367844666034,0.009146341463414634,0.09045438179899186,27,0,157,57,33,214,11,0,0,0.7496468789669437,0.35303232464984247,8,60,203,46,0,157,0.7496468789669437,nenhuma,60.06784653050459,0.0,64,0,terminal,0.9277519257954329,j6042_1.sm,4,adaptativa,0,1.7228915662650603,0.45
True,199,83,0.737290256367837,0.0,38.49333956669439,196.0,535.0,0.0,81.0,109.63009666722951,38,22,3,0,0.36666666666666664,0.4166666666666667,328.0,0.25050858590877806,0.3342380995952119,0.11735774258138533,0.15108262070544373,35,0,0,81,25,81,9,7,72,0.6863255838987572,0.3910769205246226,14,60,0,0,72,0,0.6863255838987572,nenhuma,109.63009666722951,0.0,121,0,terminal,0.25,j6042_1.sm,5,centralizada,0,2.397590361445783,0.5833333333333334
True,137,83,0.6052140574373278,0.0,4.601502224575091,298.0,375.0,123.0,52.0,69.61548214506338,55,5,17,0,0.08333333333333333,0.36666666666666664,328.0,0.1750824232736122,0.2122423236129981,0.014028970196875276,0.11235271575858576,29,0,123,52,31,175,10,3,0,0.6863255838987572,0.3910769205246226,14,60,165,42,0,123,0.6863255838987572,nenhuma,69.61548214506338,0.0,76,0,terminal,0.9616666666666666,j6042_1.sm,5,adaptativa,0,1.6506024096385543,0.48333333333333334
True,212,83,0.7968337757020509,0.0,19.32496185905898,256.0,534.0,0.0,76.0,60.15231568154714,47,13,5,0,0.21666666666666667,0.3,328.0,0.15497090510957576,0.1833912063461803,0.0589175666434725,0.08975917007818145,26,0,0,76,34,76,9,13,67,0.7631789564580391,0.24360497938515846,6,60,0,0,67,0,0.7631789564580391,nenhuma,60.15231568154714,0.0,65,0,terminal,0.25,j6042_1.sm,6,centralizada,0,2.5542168674698793,0.43333333333333335
True,141,83,0.7218168864363538,0.0,9.57773602900797,296.0,404.0,49.0,33.0,73.69873743820027,55,5,13,0,0.08333333333333333,0.3,328.0,0.18346768503233973,0.22469127267743985,0.02920041472258527,0.1316757257226041,22,0,49,33,38,82,6,11,0,0.7631789564580391,0.24360497938515846,6,60,76,27,0,49,0.7631789564580391,nenhuma,73.69873743820028,0.0,79,0,terminal,0.935,j6042_1.sm,6,adaptativa,0,1.6987951807228916,0.36666666666666664
True,188,83,0.7004410587824217,5.773159728050814e-15,53.29774262655443,227.0,505.0,0.0,136.0,79.97429707767654,41,19,1,0,0.31666666666666665,0.3333333333333333,328.0,0.19602778324647688,0.24382407645633092,0.16249311776388545,0.11092530954548058,40,0,0,136,20,136,21,8,115,0.5858494645010164,0.43100241340042456,27,60,0,0,115,0,0.5858494645010164,nenhuma,79.97429707767657,0.0,91,0,terminal,0.25,j6042_1.sm,7,centralizada,0,2.2650602409638556,0.6666666666666666
True,138,83,0.5464309514315533,0.0,5.0,301.0,366.0,194.0,73.0,36.80100420948734,54,6,6,0,0.1,0.2,328.0,0.10087966805144627,0.11219818356551017,0.01524390243902439,0.05494319055690373,33,0,194,73,27,267,37,0,0,0.5858494645010164,0.43100241340042456,27,60,230,36,0,194,0.5858494645010164,nenhuma,36.80100420948734,0.0,40,0,terminal,0.9900000000000001,j6042_1.sm,7,adaptativa,0,1.6626506024096386,0.55
True,245,83,0.6171404317301128,0.0,44.33100756829245,172.0,550.0,0.0,206.0,135.20720620768756,36,24,3,0,0.4,0.45,328.0,0.29189357245678277,0.4122170920966084,0.1351555108789404,0.15171242474915397,51,0,0,206,9,206,28,12,178,0.5273323364698471,0.27249021043639565,33,60,0,0,178,0,0.5273323364698471,nenhuma,135.20720620768756,0.0,147,0,terminal,0.25,j6042_1.sm,8,centralizada,0,2.9518072289156625,0.85
True,160,83,0.5765483958595449,0.0,10.135353781922067,291.0,413.0,168.0,65.0,70.33188638792511,54,6,12,0,0.1,0.3,328.0,0.17656604653394659,0.2144264828900156,0.030900468847323375,0.09818338081049391,41,0,168,65,19,233,38,3,0,0.5273323364698471,0.27249021043639565,33,60,195,27,0,168,0.5273323364698471,nenhuma,70.33188638792511,0.0,78,0,terminal,0.9666666666666667,j6042_1.sm,8,adaptativa,0,1.927710843373494,0.6833333333333333
True,234,83,0.6976257510070518,3.552713678800501e-15,27.90175538725115,241.0,529.0,0.0,155.0,74.28622902231817,44,16,4,0,0.26666666666666666,0.3333333333333333,328.0,0.18466013416083626,0.22648240555584806,0.08506632740015595,0.09796594765817876,36,0,0,155,24,155,13,0,142,0.6872143627230507,0.3512385487549321,14,60,0,0,142,0,0.6872143627230507,nenhuma,74.28622902231815,0.0,81,0,terminal,0.25,j6042_1.sm,9,centralizada,0,2.819277108433735,0.6
True,155,83,0.6407529850732847,0.0,8.639362682718952,302.0,415.0,123.0,57.0,52.675484418594394,55,5,12,0,0.08333333333333333,0.2833333333333333,328.0,0.13837372401074277,0.16059598908108047,0.026339520374143145,0.08133005754553169,31,0,123,57,29,180,15,7,0,0.6872143627230507,0.3512385487549321,14,60,165,42,0,123,0.6872143627230507,nenhuma,52.675484418594394,0.0,58,0,terminal,0.9274966061336177,j6042_1.sm,9,adaptativa,0,1.8674698795180722,0.5166666666666667
True,230,83,0.6605321361710721,7.993605777301127e-15,48.06210554131794,180.0,548.0,0.0,155.0,126.63412374848144,35,25,3,0,0.4166666666666667,0.4666666666666667,328.0,0.278540736679369,0.38607964557463853,0.14653080957718884,0.1526385187440444,48,0,0,155,12,155,21,5,134,0.5820371027673271,0.4175993861121362,28,60,0,0,134,0,0.5820371027673271,nenhuma,126.63412374848149,0.0,138,0,terminal,0.25,j6042_1.sm,10,centralizada,0,2.7710843373493974,0.8
True,178,83,0.5694615739769195,0.0,8.426708534790965,270.0,421.0,141.0,61.0,116.29483434656348,50,10,16,0,0.16666666666666666,0.43333333333333335,328.0,0.2617514887779451,0.3545574217883033,0.025691184557289526,0.15730508173961796,40,0,141,61,20,202,21,14,0,0.5820371027673271,0.4175993861121362,28,60,181,40,0,141,0.5820371027673271,nenhuma,116.29483434656348,0.0,126,0,terminal,0.9583333333333334,j6042_1.sm,10,adaptativa,0,2.144578313253012,0.6666666666666666
True,228,83,0.7033746012036153,1.7763568394002505e-15,25.341310577600282,229.0,522.0,0.0,143.0,77.13655014945542,42,18,3,0,0.3,0.35,328.0,0.1903964234305684,0.23517240899224212,0.0772600932243911,0.10393848697240589,36,0,0,143,24,143,6,0,137,0.7131697048371954,0.48671389683598903,11,60,0,0,137,0,0.7131697048371954,nenhuma,77.13655014945542,0.0,85,0,terminal,0.25,j6042_1.sm,11,centralizada,0,2.746987951807229,0.6
True,137,83,0.6435422962776225,0.0,3.5,308.0,406.0,107.0,39.0,78.88316393248004,56,4,19,0,0.06666666666666667,0.38333333333333336,328.0,0.19387178169301264,0.2404974510136587,0.010670731707317074,0.1250360897900304,28,0,107,39,32,146,10,0,0,0.7131697048371954,0.48671389683598903,11,60,136,29,0,107,0.7131697048371954,nenhuma,78.88316393248003,0.0,88,0,terminal,0.9566666666666667,j6042_1.sm,11,adaptativa,0,1.6506024096385543,0.4666666666666667
