concluiu,makespan,makespan_cpm,E_total,S_UR_final,S_UR_maximo,S_PV_final,TW,TL,TU,TR,n_limpas,n_com_erro,n_reportadas,n_adiamentos,taxa_omissao,taxa_falha_efetiva,E_plano,retrabalho_sobre_esforco_total,retrabalho_sobre_plano,divida_latente_sobre_plano,retrabalho_sobre_esforco_realizado,p1_omissao,p1_fuga,p2_ajuda,p2_bloqueio,p3_analitica,hiato_encontrado,hiato_sem_colega_capaz,hiato_sem_colega_livre,hiato_colega_capaz_sem_confianca,competencia_maxima_inicial,competencia_minima_inicial,tarefas_acima_da_competencia_maxima_inicial,n_tarefas,N_req,N_fail,N_blocked,N_success,competencia_maxima_final,ablacoes,retrabalho_gerado,retrabalho_pendente,ocupacao_retrabalho,extensoes_horizonte,motivo_termino,confianca_media_final,arquivo,semente,cenario,violacoes,atraso_relativo,fracao_porta1
True,212,73,0.7033952163756644,7.105427357601002e-15,40.81661399399196,256.0,569.0,0.0,154.0,85.93356501889039,43,17,1,0,0.2833333333333333,0.3,358.0,0.1935730293681076,0.2400378911142189,0.1140128882513741,0.1062306828829431,41,0,0,154,19,154,29,3,125,0.6268507180531939,0.4857196752206667,30,60,0,0,125,0,0.6268507180531939,nenhuma,85.93356501889039,0.0,96,0,terminal,0.25,j6010_9.sm,0,centralizada,0,2.904109589041096,0.6833333333333333
True,148,73,0.6585319313651383,0.0,9.375482397518702,323.0,441.0,99.0,53.0,76.67139935918662,55,5,12,0,0.0833333333333333,0.2833333333333333,358.0,0.1763893356503769,0.214165919997728,0.0261884983170913,0.1144910764183061,35,0,99,53,25,152,14,3,0,0.6268507180531939,0.4857196752206667,30,60,138,39,0,99,0.6268507180531939,nenhuma,76.67139935918662,0.0,83,0,terminal,0.9683333333333332,j6010_9.sm,0,adaptativa,0,2.0273972602739727,0.5833333333333334
True,266,73,0.6714448465422153,0.0,59.62195466074304,227.0,586.0,0.0,156.0,130.74480252214855,40,20,3,0,0.3333333333333333,0.3833333333333333,358.0,0.2675113921364382,0.3652089455925937,0.1665417727953716,0.1498087437980823,40,0,0,156,20,156,17,9,139,0.6586427040007742,0.3936211322074767,23,60,0,0,139,0,0.6586427040007742,nenhuma,130.74480252214852,0.0,141,0,terminal,0.25,j6010_9.sm,1,centralizada,0,3.643835616438356,0.6666666666666666
True,159,73,0.6679293502138997,0.0,5.0,337.0,441.0,106.0,42.0,71.2494707842571,57,3,12,0,0.05,0.25,358.0,0.1659861587111133,0.1990208681124499,0.0139664804469273,0.1079129540227053,31,0,106,42,29,148,14,8,0,0.6586427040007742,0.3936211322074767,23,60,134,28,0,106,0.6586427040007742,nenhuma,71.24947078425708,0.0,75,0,terminal,0.96,j6010_9.sm,1,adaptativa,0,2.1780821917808217,0.5166666666666667
True,255,73,0.7569522129561161,1.7763568394002505e-15,56.85886946588351,199.0,613.0,0.0,56.0,140.82655114522834,37,23,2,0,0.3833333333333333,0.4166666666666667,358.0,0.2823156682857246,0.3933702545956098,0.1588236577259316,0.1738971770511554,38,0,0,56,22,56,1,16,55,0.7659648859265082,0.2570239140832174,10,60,0,0,55,0,0.7659648859265082,nenhuma,140.8265511452283,0.0,151,0,terminal,0.25,j6010_9.sm,2,centralizada,0,3.493150684931507,0.6333333333333333
True,155,73,0.6428018430218229,0.0,7.1530069099413485,339.0,472.0,89.0,63.0,110.28538689484716,58,2,20,0,0.0333333333333333,0.3666666666666666,358.0,0.235508922510135,0.3080597399297406,0.0199804662288864,0.1501941736321664,36,0,89,63,24,152,2,10,0,0.7659648859265082,0.2570239140832174,10,60,150,61,0,89,0.7659648859265082,nenhuma,110.28538689484714,0.0,118,0,terminal,0.8780108401341451,j6010_9.sm,2,adaptativa,0,2.1232876712328768,0.6
True,205,73,0.6960543100283642,2.220446049250313e-16,36.897085206338346,251.0,600.0,0.0,156.0,106.00170210216794,43,17,3,0,0.2833333333333333,0.3333333333333333,358.0,0.2284511061531139,0.2960941399501898,0.1030644838165875,0.1229715693642611,39,0,0,156,21,156,4,26,152,0.794910294566222,0.2433201962422982,8,60,0,0,152,0,0.794910294566222,nenhuma,106.00170210216794,0.0,115,0,terminal,0.25,j6010_9.sm,3,centralizada,0,2.808219178082192,0.65
True,157,73,0.6506438694053966,0.0,5.0,339.0,467.0,111.0,58.0,81.75055750049077,57,3,14,0,0.05,0.2833333333333333,358.0,0.1859021122455303,0.2283535125712032,0.0139664804469273,0.1138982849211299,39,0,111,58,21,169,6,8,0,0.794910294566222,0.2433201962422982,8,60,163,52,0,111,0.794910294566222,nenhuma,81.75055750049077,0.0,89,0,terminal,0.8916666666666666,j6010_9.sm,3,adaptativa,0,2.150684931506849,0.65
True,223,73,0.6926751160012176,2.664535259100376e-15,48.68073570853705,220.0,603.0,0.0,138.0,129.53798537053277,38,22,2,0,0.3666666666666666,0.4,358.0,0.2656982414859077,0.361837947962382,0.1359797086830644,0.1488022206353197,42,0,0,138,18,138,0,28,138,0.7496468789669437,0.3530323246498424,12,60,0,0,138,0,0.7496468789669437,nenhuma,129.5379853705328,0.0,140,0,terminal,0.25,j6010_9.sm,4,centralizada,0,3.054794520547945,0.7
True,172,73,0.6492085494770227,0.0,14.245024775390643,329.0,479.0,84.0,64.0,110.8214602778474,57,3,16,0,0.05,0.3166666666666666,358.0,0.2363830789916677,0.3095571516140989,0.0397905719982978,0.1502009174904108,36,0,84,64,24,148,7,20,0,0.7496468789669437,0.3530323246498424,12,60,141,57,0,84,0.7496468789669437,nenhuma,110.8214602778474,0.0,117,0,terminal,0.8833333333333333,j6010_9.sm,4,adaptativa,0,2.356164383561644,0.6
True,206,73,0.6797966209551713,5.3290705182007506e-15,41.733316880512206,195.0,607.0,0.0,133.0,152.91411767701064,36,24,4,0,0.4,0.4666666666666667,358.0,0.2992951503713972,0.4271344069190241,0.1165735108394195,0.171252883843778,42,0,0,133,18,133,16,10,117,0.6863255838987572,0.3910769205246226,21,60,0,0,117,0,0.6863255838987572,nenhuma,152.91411767701064,0.0,163,0,terminal,0.25,j6010_9.sm,5,centralizada,0,2.8219178082191783,0.7
True,173,73,0.6081427679233964,0.0,12.144085414060942,318.0,451.0,111.0,62.0,117.60217598248153,53,7,17,0,0.1166666666666666,0.4,358.0,0.247270054514665,0.328497698275088,0.0339220262962596,0.1585785206558773,43,0,111,62,17,173,10,11,0,0.6863255838987572,0.3910769205246226,21,60,163,52,0,111,0.6863255838987572,nenhuma,117.6021759824815,0.0,128,0,terminal,0.9233333333333332,j6010_9.sm,5,adaptativa,0,2.3698630136986303,0.7166666666666667
True,239,73,0.72781213656247,1.4210854715202004e-14,35.75929744888112,222.0,602.0,0.0,90.0,135.1365229539955,38,22,5,0,0.3666666666666666,0.45,358.0,0.2740347077610439,0.3774763211005461,0.0998863057231316,0.1633787400311806,40,0,0,90,20,90,11,6,79,0.7631789564580391,0.2436049793851584,11,60,0,0,79,0,0.7631789564580391,nenhuma,135.13652295399552,0.0,145,0,terminal,0.25,j6010_9.sm,6,centralizada,0,3.2739726027397262,0.6666666666666666
True,161,73,0.6570166277664461,0.0,10.160980022022969,319.0,456.0,94.0,47.0,97.04636158173034,54,6,16,0,0.1,0.3666666666666666,358.0,0.2132669762360026,0.2710792222953361,0.0283826257598406,0.1398269149636659,30,0,94,47,30,141,7,10,0,0.7631789564580391,0.2436049793851584,11,60,134,40,0,94,0.7631789564580391,nenhuma,97.04636158173034,0.0,106,0,terminal,0.925,j6010_9.sm,6,adaptativa,0,2.2054794520547945,0.5
True,213,73,0.6794388138649745,9.325873406851317e-15,42.85435352935761,250.0,570.0,0.0,157.0,111.92763905783669,43,17,5,0,0.2833333333333333,0.3666666666666666,358.0,0.238180583040916,0.3126470364744041,0.1197048981266972,0.1334175128423922,46,0,0,157,14,157,21,5,136,0.5858494645010164,0.4310024134004245,35,60,0,0,136,0,0.5858494645010164,nenhuma,111.92763905783669,0.0,121,0,terminal,0.25,j6010_9.sm,7,centralizada,0,2.9178082191780823,0.7666666666666667
True,162,73,0.6096590739422779,0.0,6.733228237053809,326.0,437.0,125.0,66.0,88.79405536310419,54,6,13,0,0.1,0.3166666666666666,358.0,0.1987359820419775,0.2480280876064363,0.0188079001035022,0.1238766626184198,42,0,125,66,18,191,14,15,0,0.5858494645010164,0.4310024134004245,35,60,177,52,0,125,0.5858494645010164,nenhuma,88.79405536310419,0.0,95,0,terminal,0.9633333333333332,j6010_9.sm,7,adaptativa,0,2.219178082191781,0.7
True,264,73,0.6339954806328103,3.552713678800501e-15,42.76865079331742,212.0,601.0,0.0,212.0,134.95628416802512,35,25,3,0,0.4166666666666667,0.4666666666666667,358.0,0.2737692742791468,0.3769728608045394,0.1194655050092665,0.1423655145516226,50,0,0,212,10,212,34,16,178,0.5273323364698471,0.2724902104363956,39,60,0,0,178,0,0.5273323364698471,nenhuma,134.9562841680251,0.0,147,0,terminal,0.25,j6010_9.sm,8,centralizada,0,3.616438356164384,0.8333333333333334
True,183,73,0.5547852598367574,0.0,6.567820250642336,337.0,479.0,170.0,66.0,148.39712800037847,56,4,24,0,0.0666666666666666,0.4666666666666667,358.0,0.2930449637152514,0.4145171173194929,0.0183458666219059,0.1718758647530658,55,0,170,66,5,236,15,7,0,0.5273323364698471,0.2724902104363956,39,60,221,51,0,170,0.5273323364698471,nenhuma,148.39712800037847,0.0,160,0,terminal,0.9466666666666668,j6010_9.sm,8,adaptativa,0,2.506849315068493,0.9166666666666666
True,312,73,0.6711469230112294,0.0,50.98984516501072,207.0,587.0,0.0,136.0,151.62220249228284,35,25,3,0,0.4166666666666667,0.4666666666666667,358.0,0.2975188320893041,0.4235257052857062,0.1424297350977953,0.1733573673984347,46,0,0,136,14,136,10,8,126,0.6872143627230507,0.3512385487549321,21,60,0,0,126,0,0.6872143627230507,nenhuma,151.62220249228287,0.0,164,0,terminal,0.25,j6010_9.sm,9,centralizada,0,4.273972602739726,0.7666666666666667
True,159,73,0.6547664667273688,0.0,13.297177488111126,296.0,497.0,85.0,48.0,129.04925688098876,51,9,18,0,0.15,0.45,358.0,0.2649614080255585,0.3604727845837675,0.0371429538774053,0.1700143379512225,43,0,85,48,17,133,6,9,0,0.6872143627230507,0.3512385487549321,21,60,127,42,0,85,0.6872143627230507,nenhuma,129.04925688098876,0.0,143,0,terminal,0.9266415603586952,j6010_9.sm,9,adaptativa,0,2.1780821917808217,0.7166666666666667
True,208,73,0.6442745262617562,8.881784197001252e-16,53.04233259951463,225.0,638.0,0.0,216.0,136.26109832688468,40,20,5,0,0.3333333333333333,0.4166666666666667,358.0,0.2756864717618682,0.3806175930918566,0.1481629402221079,0.1376011827154548,48,0,0,216,12,216,34,3,182,0.5820371027673271,0.4175993861121362,35,60,0,0,182,0,0.5820371027673271,nenhuma,136.26109832688468,0.0,146,0,terminal,0.25,j6010_9.sm,10,centralizada,0,2.8493150684931505,0.8
True,182,73,0.6087272439999082,0.0,5.0,323.0,493.0,146.0,54.0,116.8865376232024,55,5,19,0,0.0833333333333333,0.4,358.0,0.2461357152978418,0.3264987084446994,0.0139664804469273,0.1443245839920154,46,0,146,54,14,200,22,3,0,0.5820371027673271,0.4175993861121362,35,60,178,32,0,146,0.5820371027673271,nenhuma,116.8865376232024,0.0,128,0,terminal,0.995,j6010_9.sm,10,adaptativa,0,2.493150684931507,0.7666666666666667
True,233,73,0.739871099690132,1.7763568394002505e-15,28.657536734218983,254.0,582.0,0.0,103.0,101.62350812695544,41,19,5,0,0.3166666666666666,0.4,358.0,0.2211016328148415,0.2838645478406576,0.0800489852911144,0.1291895132513051,43,0,0,103,17,103,0,13,103,0.7131697048371954,0.486713896835989,15,60,0,0,103,0,0.7131697048371954,nenhuma,101.62350812695544,0.0,112,0,terminal,0.25,j6010_9.sm,11,centralizada,0,3.191780821917808,0.7166666666666667
True,147,73,0.7203184825685542,0.0,8.713617818826425,329.0,482.0,38.0,32.0,117.1484553905322,56,4,22,0,0.0666666666666666,0.4333333333333333,358.0,0.2465512705797306,0.3272303223199223,0.0243397145777274,0.1750709494235645,39,0,38,32,21,70,1,12,0,0.7131697048371954,0.486713896835989,15,60,69,31,0,38,0.7131697048371954,nenhuma,117.1484553905322,0.0,127,0,terminal,0.901228577793249,j6010_9.sm,11,adaptativa,0,2.0136986301369864,0.65
True,174,69,0.7093455254698652,2.220446049250313e-16,41.15373362122891,239.0,614.0,0.0,143.0,108.5866259158976,41,19,3,0,0.3166666666666666,0.3666666666666666,358.0,0.2327255430923354,0.3033145975304402,0.1149545631877902,0.1254485948197265,46,0,0,143,14,143,13,10,130,0.6268507180531939,0.4857196752206667,20,60,0,0,130,0,0.6268507180531939,nenhuma,108.58662591589764,0.0,121,0,terminal,0.25,j6011_8.sm,0,centralizada,0,2.5217391304347827,0.7666666666666667
True,138,69,0.6749475718184349,0.0,15.373596117630296,309.0,472.0,93.0,53.0,81.31357590982029,52,8,14,0,0.1333333333333333,0.3666666666666666,358.0,0.1850923357909427,0.2271328936028499,0.0429430059151684,0.1162762724919643,42,0,93,53,18,146,8,10,0,0.6268507180531939,0.4857196752206667,20,60,138,45,0,93,0.6268507180531939,nenhuma,81.31357590982026,0.0,90,0,terminal,0.9833333333333334,j6011_8.sm,0,adaptativa,0,2.0,0.7
True,202,69,0.71474106751026,1.0658141036401504e-14,61.26102757136477,184.0,653.0,0.0,120.0,140.61757380847052,31,29,1,0,0.4833333333333333,0.5,358.0,0.2820148771220099,0.3927865190180741,0.1711201887468289,0.1539129476486508,44,0,0,120,16,120,19,7,101,0.6586427040007742,0.3936211322074767,15,60,0,0,101,0,0.6586427040007742,nenhuma,140.61757380847052,0.0,154,0,terminal,0.25,j6011_8.sm,1,centralizada,0,2.927536231884058,0.7333333333333333
True,133,69,0.7216619574610806,0.0,12.08365945865754,304.0,490.0,44.0,44.0,100.98826442770576,53,7,18,0,0.1166666666666666,0.4166666666666667,358.0,0.2200236307863426,0.2820901240997367,0.0337532387113339,0.1487334460969293,31,0,44,44,29,88,9,22,0,0.6586427040007742,0.3936211322074767,15,60,79,35,0,44,0.6586427040007742,nenhuma,100.98826442770576,0.0,115,0,terminal,0.9583333333333334,j6011_8.sm,1,adaptativa,0,1.9275362318840576,0.5166666666666667
True,236,69,0.7454617223664338,0.0,38.21512708802408,275.0,621.0,0.0,129.0,83.04076033396345,45,15,5,0,0.25,0.3333333333333333,358.0,0.188283641337557,0.2319574311004565,0.1067461650503466,0.0996839101854663,49,0,0,129,11,129,0,16,129,0.7659648859265082,0.2570239140832174,6,60,0,0,129,0,0.7659648859265082,nenhuma,83.04076033396345,0.0,91,0,terminal,0.25,j6011_8.sm,2,centralizada,0,3.420289855072464,0.8166666666666667
True,140,69,0.7479710852117891,0.0,10.06683034023632,331.0,519.0,46.0,37.0,91.87708998542954,56,4,17,0,0.0666666666666666,0.35,358.0,0.204227092311825,0.2566399161604177,0.0281196378218891,0.1324111882514507,42,0,46,37,18,83,0,16,0,0.7659648859265082,0.2570239140832174,6,60,83,37,0,46,0.7659648859265082,nenhuma,91.87708998542956,0.0,101,0,terminal,0.8383333333333333,j6011_8.sm,2,adaptativa,0,2.028985507246377,0.7
True,295,69,0.669337793274923,0.0,43.198341696325,217.0,631.0,0.0,176.0,135.72280205881603,35,25,3,0,0.4166666666666667,0.4666666666666667,358.0,0.2748967669567906,0.3791139722313297,0.1206657589282821,0.1439689395041792,49,0,0,176,11,176,0,21,176,0.794910294566222,0.2433201962422982,3,60,0,0,176,0,0.794910294566222,nenhuma,135.722802058816,0.0,151,0,terminal,0.25,j6011_8.sm,3,centralizada,0,4.27536231884058,0.8166666666666667
True,149,69,0.651376854302533,8.881784197001252e-16,11.577977807383064,314.0,502.0,121.0,59.0,88.67521924388991,52,8,12,0,0.1333333333333333,0.3333333333333333,358.0,0.1985228090199295,0.2476961431393573,0.0323407201323549,0.1150617238360009,44,0,121,59,16,180,0,11,0,0.794910294566222,0.2433201962422982,3,60,180,59,0,121,0.794910294566222,nenhuma,88.67521924388991,0.0,97,0,terminal,0.8683333333333332,j6011_8.sm,3,adaptativa,0,2.1594202898550723,0.7333333333333333
True,200,69,0.672216011522184,8.881784197001252e-15,52.71943038488821,201.0,669.0,0.0,182.0,144.21580642671466,32,28,0,0,0.4666666666666667,0.4666666666666667,358.0,0.2871590351821378,0.4028374481193147,0.147260978728738,0.1449090795136345,51,0,0,182,9,182,9,2,173,0.7496468789669437,0.3530323246498424,7,60,0,0,173,0,0.7496468789669437,nenhuma,144.21580642671466,0.0,156,0,terminal,0.25,j6011_8.sm,4,centralizada,0,2.898550724637681,0.85
True,145,69,0.6781257017955715,0.0,9.329300178544386,334.0,508.0,116.0,46.0,79.12364869064086,53,7,13,0,0.1166666666666666,0.3333333333333333,358.0,0.1810097644628646,0.2210157784654772,0.0260594977054312,0.1056216137735572,38,0,116,46,22,162,6,6,0,0.7496468789669437,0.3530323246498424,7,60,156,40,0,116,0.7496468789669437,nenhuma,79.12364869064088,0.0,89,0,terminal,0.9383333333333334,j6011_8.sm,4,adaptativa,0,2.101449275362319,0.6333333333333333
True,180,69,0.7003987234318565,0.0,40.68662888192662,231.0,625.0,0.0,134.0,133.3488565735626,38,22,6,0,0.3666666666666666,0.4666666666666667,358.0,0.2713934403012052,0.3724828395909569,0.1136498013461637,0.1494357902643535,52,0,0,134,8,134,6,6,128,0.6863255838987572,0.3910769205246226,11,60,0,0,128,0,0.6863255838987572,nenhuma,133.3488565735626,0.0,144,0,terminal,0.25,j6011_8.sm,5,centralizada,0,2.608695652173913,0.8666666666666667
True,153,69,0.6374397438578031,0.0,12.567092292187825,317.0,463.0,104.0,69.0,90.3431633520544,53,7,16,0,0.1166666666666666,0.3833333333333333,358.0,0.2015044964143099,0.2523552048940067,0.0351036097547146,0.1243808270117434,45,0,104,69,15,173,13,23,0,0.6863255838987572,0.3910769205246226,11,60,160,56,0,104,0.6863255838987572,nenhuma,90.3431633520544,0.0,99,0,terminal,0.945,j6011_8.sm,5,adaptativa,0,2.217391304347826,0.75
True,213,69,0.725277438519625,2.220446049250313e-15,48.52747743970112,229.0,641.0,0.0,109.0,133.79972401782553,40,20,5,0,0.3333333333333333,0.4166666666666667,358.0,0.2720614052499466,0.3737422458598478,0.135551612960059,0.1513914525901423,40,0,0,109,20,109,0,29,109,0.7631789564580391,0.2436049793851584,6,60,0,0,109,0,0.7631789564580391,nenhuma,133.7997240178255,0.0,146,0,terminal,0.25,j6011_8.sm,6,centralizada,0,3.0869565217391304,0.6666666666666666
True,149,69,0.6525437236221613,0.0,8.554594707593793,328.0,526.0,56.0,100.0,124.07625352713804,55,5,22,0,0.0833333333333333,0.45,358.0,0.2573788951837539,0.3465817137629554,0.0238955159429994,0.1539261986495931,35,0,56,100,25,156,0,58,0,0.7631789564580391,0.2436049793851584,6,60,156,100,0,56,0.7631789564580391,nenhuma,124.07625352713804,0.0,134,0,terminal,0.7575214048106149,j6011_8.sm,6,adaptativa,0,2.1594202898550723,0.5833333333333334
True,230,69,0.6685986817294767,8.881784197001252e-15,56.7438646352633,232.0,611.0,0.0,175.0,127.85163730732296,39,21,4,0,0.35,0.4166666666666667,358.0,0.2631495450255138,0.3571274785120753,0.1585024151822997,0.1399041508357304,54,0,0,175,6,175,16,19,159,0.5858494645010164,0.4310024134004245,24,60,0,0,159,0,0.5858494645010164,nenhuma,127.851637307323,0.0,139,0,terminal,0.25,j6011_8.sm,7,centralizada,0,3.333333333333333,0.9
True,147,69,0.6479838415486088,0.0,16.98451145047565,296.0,464.0,114.0,53.0,85.0672384840523,52,8,10,0,0.1333333333333333,0.3,358.0,0.1919962278752736,0.2376179845923248,0.0474427694147364,0.1187978361698876,48,0,114,53,12,167,9,8,0,0.5858494645010164,0.4310024134004245,24,60,158,44,0,114,0.5858494645010164,nenhuma,85.0672384840523,0.0,94,0,terminal,0.9833333333333334,j6011_8.sm,7,adaptativa,0,2.130434782608696,0.8
True,210,69,0.6349308117092026,4.440892098500626e-15,49.90382978080707,236.0,641.0,0.0,235.0,133.55881834504052,39,21,6,0,0.35,0.45,358.0,0.271704653361119,0.3730693249861467,0.1393961725720868,0.1322942417203409,58,0,0,235,2,235,30,26,205,0.5273323364698471,0.2724902104363956,34,60,0,0,205,0,0.5273323364698471,nenhuma,133.5588183450405,0.0,145,0,terminal,0.25,j6011_8.sm,8,centralizada,0,3.0434782608695654,0.9666666666666668
True,155,69,0.6341016146738564,0.0,4.5,345.0,524.0,139.0,53.0,110.36597648393304,58,2,21,0,0.0333333333333333,0.3833333333333333,358.0,0.2356404649894954,0.3082848505137794,0.0125698324022346,0.1335558089570969,56,0,139,53,4,192,17,9,0,0.5273323364698471,0.2724902104363956,34,60,175,36,0,139,0.5273323364698471,nenhuma,110.36597648393308,0.0,120,0,terminal,0.9499999999999998,j6011_8.sm,8,adaptativa,0,2.246376811594203,0.9333333333333332
True,350,69,0.6584062966789724,0.0,62.10753525745611,186.0,645.0,0.0,180.0,154.63826174416278,34,26,2,0,0.4333333333333333,0.4666666666666667,358.0,0.3016518143184102,0.4319504517993374,0.1734847353560226,0.1578524112245702,51,0,0,180,9,180,10,25,170,0.6872143627230507,0.3512385487549321,11,60,0,0,170,0,0.6872143627230507,nenhuma,154.63826174416275,0.0,167,0,terminal,0.25,j6011_8.sm,9,centralizada,0,5.072463768115942,0.85
True,157,69,0.6171054152532857,0.0,11.452161149834929,306.0,496.0,109.0,67.0,131.7524671476445,52,8,19,0,0.1333333333333333,0.45,358.0,0.2690184858383274,0.3680236512504036,0.0319892769548461,0.1639216954632904,42,0,109,67,18,176,6,10,0,0.6872143627230507,0.3512385487549321,11,60,170,61,0,109,0.6872143627230507,nenhuma,131.7524671476445,0.0,144,0,terminal,0.8749999999999999,j6011_8.sm,9,adaptativa,0,2.27536231884058,0.7
True,247,69,0.6513312593759865,0.0,38.71604691304509,201.0,658.0,0.0,208.0,144.23863130782735,35,25,3,0,0.4166666666666667,0.4666666666666667,358.0,0.2871914311573973,0.4029012047704674,0.1081453824386734,0.1427767923714221,53,0,0,208,7,208,28,9,180,0.5820371027673271,0.4175993861121362,24,60,0,0,180,0,0.5820371027673271,nenhuma,144.23863130782735,0.0,155,0,terminal,0.25,j6011_8.sm,10,centralizada,0,3.579710144927536,0.8833333333333333
True,166,69,0.6101431367436889,1.7763568394002505e-15,19.2665852217638,312.0,507.0,131.0,60.0,132.9525576340004,52,8,20,0,0.1333333333333333,0.4666666666666667,358.0,0.2708053060660803,0.3713758593128503,0.0538172771557648,0.1600001786053355,49,0,131,60,11,191,10,16,0,0.5820371027673271,0.4175993861121362,24,60,181,50,0,131,0.5820371027673271,nenhuma,132.9525576340004,0.0,144,0,terminal,0.965,j6011_8.sm,10,adaptativa,0,2.4057971014492754,0.8166666666666667
True,223,69,0.7522551047319473,3.1086244689504387e-15,29.49290389784899,234.0,614.0,0.0,101.0,101.21247385059353,40,20,6,0,0.3333333333333333,0.4333333333333333,358.0,0.2204044524355045,0.2827164074038925,0.0823824131224832,0.1240026060531884,43,0,0,101,17,101,3,15,98,0.7131697048371954,0.486713896835989,7,60,0,0,98,0,0.7131697048371954,nenhuma,101.21247385059354,0.0,110,0,terminal,0.25,j6011_8.sm,11,centralizada,0,3.231884057971014,0.7166666666666667
True,135,69,0.7286844583567077,0.0,10.5,312.0,487.0,58.0,41.0,82.32768891250649,53,7,16,0,0.1166666666666666,0.3833333333333333,358.0,0.186969139087833,0.2299656114874483,0.0293296089385474,0.1231846147904914,32,0,58,41,28,99,1,11,0,0.7131697048371954,0.486713896835989,7,60,98,40,0,58,0.7131697048371954,nenhuma,82.32768891250652,0.0,90,0,terminal,0.8666666666666666,j6011_8.sm,11,adaptativa,0,1.9565217391304348,0.5333333333333333
True,236,71,0.6860863041850185,0.0,55.92500990728088,194.0,613.0,0.0,133.0,147.4735998383825,35,25,2,0,0.4166666666666667,0.45,349.0,0.2970421788517853,0.4225604579896347,0.1602435813962203,0.1650564715790802,43,0,0,133,17,133,20,10,113,0.6268507180531939,0.4857196752206667,17,60,0,0,113,0,0.6268507180531939,nenhuma,147.4735998383825,0.0,161,0,terminal,0.25,j6012_7.sm,0,centralizada,0,3.323943661971831,0.7166666666666667
True,138,71,0.6422079006377098,0.0,9.921270894276647,303.0,448.0,132.0,53.0,64.59341103579983,52,8,9,0,0.1333333333333333,0.2833333333333333,349.0,0.1561761123660859,0.1850814069793691,0.0284277102987869,0.092594640393593,22,0,132,53,38,185,17,5,0,0.6268507180531939,0.4857196752206667,17,60,168,36,0,132,0.6268507180531939,nenhuma,64.59341103579983,0.0,69,0,terminal,0.9866666666666668,j6012_7.sm,0,adaptativa,0,1.943661971830986,0.3666666666666666
True,256,71,0.7294646031982488,8.881784197001252e-16,39.48694569342049,236.0,581.0,0.0,132.0,83.47456155196036,42,18,1,0,0.3,0.3166666666666666,349.0,0.1930161192658523,0.2391821247907173,0.1131431108693996,0.1048050566603245,35,0,0,132,25,132,14,9,118,0.6586427040007742,0.3936211322074767,17,60,0,0,118,0,0.6586427040007742,nenhuma,83.47456155196038,0.0,90,0,terminal,0.25,j6012_7.sm,1,centralizada,0,3.6056338028169015,0.5833333333333334
True,143,71,0.6682182078258343,0.0,5.0,308.0,467.0,106.0,44.0,81.87350349142204,53,7,16,0,0.1166666666666666,0.3833333333333333,349.0,0.1900174942947077,0.2345945658780001,0.0143266475644699,0.1171506761701503,35,0,106,44,25,150,16,11,0,0.6586427040007742,0.3936211322074767,17,60,134,28,0,106,0.6586427040007742,nenhuma,81.87350349142204,0.0,90,0,terminal,0.9566666666666668,j6012_7.sm,1,adaptativa,0,2.014084507042253,0.5833333333333334
True,200,71,0.7240826572214215,0.0,59.78954900949541,221.0,590.0,0.0,120.0,104.82410069597948,40,20,2,0,0.3333333333333333,0.3666666666666666,349.0,0.2309795811531877,0.3003555893867606,0.1713167593395284,0.1286462938521876,38,0,0,120,22,120,3,45,117,0.7659648859265082,0.2570239140832174,8,60,0,0,117,0,0.7659648859265082,nenhuma,104.82410069597948,0.0,112,0,terminal,0.25,j6012_7.sm,2,centralizada,0,2.816901408450704,0.6333333333333333
True,148,71,0.6842551466919943,0.0,9.12245755334546,321.0,501.0,64.0,41.0,126.18302035734136,56,4,23,0,0.0666666666666666,0.45,349.0,0.2655461473822249,0.3615559322559924,0.0261388468577233,0.1723380860372285,39,0,64,41,21,105,4,15,0,0.7659648859265082,0.2570239140832174,8,60,101,37,0,64,0.7659648859265082,nenhuma,126.18302035734136,0.0,138,0,terminal,0.9166666666666666,j6012_7.sm,2,adaptativa,0,2.084507042253521,0.65
True,248,71,0.6989160757766544,4.440892098500626e-15,40.89271022006393,208.0,606.0,0.0,151.0,110.05689138226847,39,21,0,0,0.35,0.35,349.0,0.239745646886763,0.3153492589749813,0.1171710894557705,0.1269315687080405,37,0,0,151,23,151,0,18,151,0.794910294566222,0.2433201962422982,4,60,0,0,151,0,0.794910294566222,nenhuma,110.05689138226847,0.0,118,0,terminal,0.25,j6012_7.sm,3,centralizada,0,3.492957746478873,0.6166666666666667
True,151,71,0.6351366463258484,0.0,13.610206514840094,314.0,475.0,122.0,69.0,81.87056100099046,55,5,13,0,0.0833333333333333,0.3,349.0,0.1900119627824892,0.2345861346733251,0.0389977264035532,0.1094715653620734,30,0,122,69,30,191,0,21,0,0.794910294566222,0.2433201962422982,4,60,191,69,0,122,0.794910294566222,nenhuma,81.87056100099046,0.0,89,0,terminal,0.8183333333333332,j6012_7.sm,3,adaptativa,0,2.126760563380281,0.5
True,181,71,0.7073213315563697,0.0,45.7074219488838,239.0,610.0,0.0,167.0,85.40860099295098,39,21,0,0,0.35,0.35,349.0,0.1966089087502594,0.2447237850800887,0.1309668250684349,0.099034959640493,38,0,0,167,22,167,7,7,160,0.7496468789669437,0.3530323246498424,9,60,0,0,160,0,0.7496468789669437,nenhuma,85.40860099295097,0.0,94,0,terminal,0.25,j6012_7.sm,4,centralizada,0,2.5492957746478875,0.6333333333333333
True,148,71,0.6573859791176703,0.0,7.611763339088549,328.0,503.0,115.0,76.0,71.15170079397812,57,3,10,0,0.05,0.2166666666666666,349.0,0.1693476443377946,0.2038730681775877,0.0218102101406548,0.0929903190702521,36,0,115,76,24,191,7,37,0,0.7496468789669437,0.3530323246498424,9,60,184,69,0,115,0.7496468789669437,nenhuma,71.15170079397812,0.0,76,0,terminal,0.8849999999999999,j6012_7.sm,4,adaptativa,0,2.084507042253521,0.6
True,195,71,0.7238431931577715,0.0,39.58178205733349,238.0,593.0,0.0,141.0,85.23820739825285,44,16,4,0,0.2666666666666666,0.3333333333333333,349.0,0.1962936608203118,0.2442355512843921,0.1134148483018151,0.104045693460701,41,0,0,141,19,141,18,11,123,0.6863255838987572,0.3910769205246226,14,60,0,0,123,0,0.6863255838987572,nenhuma,85.23820739825284,0.0,92,0,terminal,0.25,j6012_7.sm,5,centralizada,0,2.7464788732394365,0.6833333333333333
True,145,71,0.6515480945250309,0.0,5.173585217839724,332.0,465.0,108.0,63.0,77.68484369366192,58,2,19,0,0.0333333333333333,0.35,349.0,0.1820660959530957,0.2225926753400054,0.0148240264121482,0.108850348133506,37,0,108,63,23,171,3,11,0,0.6863255838987572,0.3910769205246226,14,60,168,60,0,108,0.6863255838987572,nenhuma,77.68484369366192,0.0,85,0,terminal,0.8980481434761493,j6012_7.sm,5,adaptativa,0,2.0422535211267605,0.6166666666666667
True,206,71,0.6882798847996155,0.0,35.07273926372102,225.0,593.0,0.0,156.0,112.5681107296124,39,21,6,0,0.35,0.45,349.0,0.2438819062947679,0.3225447298842762,0.1004949549103754,0.130654917850064,39,0,0,156,21,156,7,39,149,0.7631789564580391,0.2436049793851584,8,60,0,0,149,0,0.7631789564580391,nenhuma,112.5681107296124,0.0,122,0,terminal,0.25,j6012_7.sm,6,centralizada,0,2.901408450704225,0.65
True,153,71,0.6247699459832208,0.0,7.324657091995181,320.0,484.0,80.0,87.0,123.68515108919566,55,5,19,0,0.0833333333333333,0.4,349.0,0.2616649810221271,0.3543987137226236,0.020987556137522,0.1596586057126514,33,0,80,87,27,167,4,54,0,0.7631789564580391,0.2436049793851584,8,60,163,83,0,80,0.7631789564580391,nenhuma,123.68515108919566,0.0,135,0,terminal,0.8366341225028169,j6012_7.sm,6,adaptativa,0,2.1549295774647885,0.55
True,185,71,0.6972158272965912,0.0,45.21025541340373,233.0,572.0,0.0,154.0,94.40593114171354,42,18,3,0,0.3,0.35,349.0,0.2129108442429499,0.2705041006925889,0.1295422791215006,0.1150722192004804,44,0,0,154,16,154,26,16,128,0.5858494645010164,0.4310024134004245,25,60,0,0,128,0,0.5858494645010164,nenhuma,94.40593114171357,0.0,102,0,terminal,0.25,j6012_7.sm,7,centralizada,0,2.605633802816901,0.7333333333333333
True,133,71,0.5945393342777625,0.0,5.237331752051358,320.0,418.0,133.0,76.0,76.06534135000531,55,5,9,0,0.0833333333333333,0.2333333333333333,349.0,0.1789497612494638,0.2179522674785252,0.0150066812379695,0.1081909985833562,37,0,133,76,23,209,19,16,0,0.5858494645010164,0.4310024134004245,25,60,190,57,0,133,0.5858494645010164,nenhuma,76.0653413500053,0.0,82,0,terminal,0.9483333333333333,j6012_7.sm,7,adaptativa,0,1.8732394366197185,0.6166666666666667
True,217,71,0.6280493845975752,1.2434497875801752e-14,51.87511108985082,190.0,630.0,0.0,215.0,158.10583124553915,33,27,5,0,0.45,0.5333333333333333,349.0,0.3117807398451799,0.4530253044284789,0.1486392867904035,0.1576163016111888,56,0,0,215,4,215,14,6,201,0.5273323364698471,0.2724902104363956,34,60,0,0,201,0,0.5273323364698471,nenhuma,158.10583124553912,0.0,170,0,terminal,0.25,j6012_7.sm,8,centralizada,0,3.056338028169014,0.9333333333333332
True,155,71,0.5818656871924939,0.0,11.125781505113585,316.0,465.0,151.0,70.0,113.15349922699228,55,5,23,0,0.0833333333333333,0.4666666666666667,349.0,0.2448396461700608,0.3242220608223274,0.0318790301006119,0.1415916958837617,53,0,151,70,7,221,19,16,0,0.5273323364698471,0.2724902104363956,34,60,202,51,0,151,0.5273323364698471,nenhuma,113.15349922699228,0.0,124,0,terminal,0.9473496711992628,j6012_7.sm,8,adaptativa,0,2.183098591549296,0.8833333333333333
True,269,71,0.6605393693661977,0.0,42.83990999162235,218.0,604.0,0.0,189.0,121.4042399464418,41,19,4,0,0.3166666666666666,0.3833333333333333,349.0,0.2580849185378609,0.3478631517090023,0.1227504584287173,0.1327686756500086,45,0,0,189,15,189,20,16,169,0.6872143627230507,0.3512385487549321,14,60,0,0,169,0,0.6872143627230507,nenhuma,121.40423994644182,0.0,130,0,terminal,0.25,j6012_7.sm,9,centralizada,0,3.788732394366197,0.75
True,141,71,0.6219742991570507,0.0,10.980294252728417,313.0,466.0,129.0,82.0,72.22709930548643,55,5,14,0,0.0833333333333333,0.3166666666666666,349.0,0.1714683110953058,0.2069544392707347,0.0314621611826029,0.0964021447868597,35,0,129,82,25,211,14,27,0,0.6872143627230507,0.3512385487549321,14,60,197,68,0,129,0.6872143627230507,nenhuma,72.22709930548645,0.0,76,0,terminal,0.9405025974188492,j6012_7.sm,9,adaptativa,0,1.9859154929577465,0.5833333333333334
True,191,71,0.6566826870529836,0.0,36.71882062806311,220.0,624.0,0.0,225.0,101.23062477913837,41,19,1,0,0.3166666666666666,0.3333333333333333,349.0,0.2248417126862422,0.290059096788362,0.1052115204242496,0.1065326902115656,50,0,0,225,10,225,24,13,201,0.5820371027673271,0.4175993861121362,26,60,0,0,201,0,0.5820371027673271,nenhuma,101.23062477913838,0.0,108,0,terminal,0.25,j6012_7.sm,10,centralizada,0,2.6901408450704225,0.8333333333333334
True,151,71,0.6074366129413795,0.0,7.47879930711577,311.0,495.0,173.0,55.0,91.89984214660726,54,6,16,0,0.1,0.3666666666666666,349.0,0.2084370039671025,0.2633233299329721,0.0214292243756898,0.1127744017038031,47,0,173,55,13,228,17,5,0,0.5820371027673271,0.4175993861121362,26,60,211,38,0,173,0.5820371027673271,nenhuma,91.89984214660726,0.0,98,0,terminal,0.9866666666666668,j6012_7.sm,10,adaptativa,0,2.126760563380281,0.7833333333333333
True,263,71,0.7006102252419198,0.0,40.78315904271321,195.0,575.0,0.0,127.0,118.71311448737872,36,24,2,0,0.4,0.4333333333333333,349.0,0.2538160911256257,0.3401521905082485,0.1168571892341352,0.1446462989220386,36,0,0,127,24,127,1,25,126,0.7131697048371954,0.486713896835989,13,60,0,0,126,0,0.7131697048371954,nenhuma,118.71311448737872,0.0,128,0,terminal,0.25,j6012_7.sm,11,centralizada,0,3.704225352112676,0.6
True,133,71,0.6794128226674403,0.0,6.5,295.0,444.0,72.0,53.0,84.50547588550532,53,7,15,0,0.1166666666666666,0.3666666666666666,349.0,0.1949351982530074,0.2421360340558891,0.0186246418338108,0.1293110448248344,32,0,72,53,28,125,8,21,0,0.7131697048371954,0.486713896835989,13,60,117,45,0,72,0.7131697048371954,nenhuma,84.50547588550532,0.0,91,0,terminal,0.97,j6012_7.sm,11,adaptativa,0,1.8732394366197185,0.5333333333333333
True,248,57,0.7921954725113605,0.0,33.57906164197924,237.0,576.0,0.0,67.0,84.09327430767394,43,17,2,0,0.2833333333333333,0.3166666666666666,331.0,0.2025888625825881,0.2540582305367793,0.10144731613891,0.1156567902347139,36,0,0,67,24,67,8,0,59,0.6268507180531939,0.4857196752206667,17,60,0,0,59,0,0.6268507180531939,nenhuma,84.09327430767392,0.0,90,0,terminal,0.25,j6013_3.sm,0,centralizada,0,4.350877192982456,0.6
True,174,57,0.705869151042025,0.0,14.03258681844428,286.0,434.0,62.0,17.0,101.84483258592093,51,9,11,0,0.15,0.3333333333333333,331.0,0.2352917833799123,0.3076883159695496,0.0423945221101035,0.1656431463489427,43,0,62,17,17,79,7,0,0,0.6268507180531939,0.4857196752206667,17,60,72,10,0,62,0.6268507180531939,nenhuma,101.84483258592094,0.0,112,0,terminal,0.9883333333333332,j6013_3.sm,0,adaptativa,0,3.0526315789473686,0.7166666666666667
True,239,57,0.7496114556263029,8.881784197001252e-16,31.127912521269334,231.0,571.0,0.0,86.0,104.72795348081694,45,15,4,0,0.25,0.3166666666666666,331.0,0.2403516979899881,0.3163986509994469,0.0940420317863121,0.1374873444019596,44,0,0,86,16,86,18,0,68,0.6586427040007742,0.3936211322074767,13,60,0,0,68,0,0.6586427040007742,nenhuma,104.72795348081694,0.0,112,0,terminal,0.25,j6013_3.sm,1,centralizada,0,4.192982456140351,0.7333333333333333
True,169,57,0.764124072352781,0.0,5.91818856718634,319.0,417.0,43.0,11.0,74.72289381753615,56,4,18,0,0.0666666666666666,0.3666666666666666,331.0,0.184172239122254,0.2257489239200487,0.0178797237679345,0.1369246089252761,32,0,43,11,28,54,10,0,0,0.6586427040007742,0.3936211322074767,13,60,44,1,0,43,0.6586427040007742,nenhuma,74.72289381753615,0.0,83,0,terminal,0.9666666666666668,j6013_3.sm,1,adaptativa,0,2.9649122807017543,0.5333333333333333
True,264,57,0.7434411529964581,4.218847493575595e-15,44.62809118244345,184.0,574.0,0.0,53.0,145.08531931071974,34,26,4,0,0.4333333333333333,0.5,331.0,0.3047464675465638,0.4383242275248331,0.1348280700375935,0.1879135837477713,41,0,0,53,19,53,0,0,53,0.7659648859265082,0.2570239140832174,6,60,0,0,53,0,0.7659648859265082,nenhuma,145.08531931071977,0.0,157,0,terminal,0.25,j6013_3.sm,2,centralizada,0,4.631578947368421,0.6833333333333333
True,176,57,0.712008440522236,0.0,8.824152437515465,291.0,424.0,32.0,12.0,127.49855854097636,52,8,20,0,0.1333333333333333,0.4666666666666667,331.0,0.2780784283089119,0.3851920197612579,0.0266590708082038,0.214103891121683,38,0,32,12,22,44,3,0,0,0.7659648859265082,0.2570239140832174,6,60,41,9,0,32,0.7659648859265082,nenhuma,127.49855854097636,0.0,136,0,terminal,0.9616666666666666,j6013_3.sm,2,adaptativa,0,3.087719298245614,0.6333333333333333
True,245,57,0.669163896635177,0.0,43.20764799692044,199.0,591.0,0.0,151.0,141.19170082513983,39,21,3,0,0.35,0.4,331.0,0.2990135162867366,0.4265610296832019,0.1305367008970406,0.1598652939030435,43,0,0,151,17,151,0,0,151,0.794910294566222,0.2433201962422982,3,60,0,0,151,0,0.794910294566222,nenhuma,141.1917008251398,0.0,152,0,terminal,0.25,j6013_3.sm,3,centralizada,0,4.298245614035087,0.7166666666666667
True,159,57,0.7717801752031272,0.0,11.605076536925088,314.0,446.0,57.0,18.0,56.88475828964624,56,4,13,0,0.0666666666666666,0.2833333333333333,331.0,0.1466537601025522,0.1718572757995354,0.035060654190106,0.0984361630474679,42,0,57,18,18,75,0,0,0,0.794910294566222,0.2433201962422982,3,60,75,18,0,57,0.794910294566222,nenhuma,56.88475828964624,0.0,63,0,terminal,0.9033333333333332,j6013_3.sm,3,adaptativa,0,2.789473684210526,0.7
True,255,57,0.7694372790946795,0.0,17.882902960429405,241.0,563.0,0.0,95.0,73.70356479533487,41,19,2,0,0.3166666666666666,0.35,331.0,0.1821174093996626,0.2226693800463289,0.0540268971614181,0.1007287217685628,39,0,0,95,21,95,7,0,88,0.7496468789669437,0.3530323246498424,6,60,0,0,88,0,0.7496468789669437,nenhuma,73.70356479533487,0.0,83,0,terminal,0.25,j6013_3.sm,4,centralizada,0,4.473684210526316,0.65
True,162,57,0.7318464829749329,8.881784197001252e-16,12.070842394898271,298.0,425.0,75.0,24.0,56.72288367416672,55,5,10,0,0.0833333333333333,0.25,331.0,0.1462974873617088,0.1713682286228601,0.0364678017972757,0.0976763362850238,32,0,75,24,28,99,6,0,0,0.7496468789669437,0.3530323246498424,6,60,93,18,0,75,0.7496468789669437,nenhuma,56.72288367416672,0.0,62,0,terminal,0.9633333333333334,j6013_3.sm,4,adaptativa,0,2.8421052631578947,0.5333333333333333
True,241,57,0.7257710610533972,0.0,27.964209260576776,222.0,565.0,0.0,85.0,128.48240350055963,39,21,6,0,0.35,0.45,331.0,0.2796242087220716,0.388164361028881,0.0844840158929812,0.165042142150959,50,0,0,85,10,85,11,0,74,0.6863255838987572,0.3910769205246226,12,60,0,0,74,0,0.6863255838987572,nenhuma,128.48240350055963,0.0,139,0,terminal,0.25,j6013_3.sm,5,centralizada,0,4.228070175438597,0.8333333333333334
True,199,57,0.6364308056378157,4.440892098500626e-16,11.054950448380293,303.0,442.0,84.0,23.0,145.49812310238207,53,7,26,0,0.1166666666666666,0.55,331.0,0.3053487853321928,0.4395713688893718,0.0333986418380069,0.2095011034046133,43,0,84,23,17,107,7,0,0,0.6863255838987572,0.3910769205246226,12,60,100,16,0,84,0.6863255838987572,nenhuma,145.49812310238207,0.0,159,0,terminal,0.9499999999999998,j6013_3.sm,5,adaptativa,0,3.491228070175439,0.7166666666666667
True,240,57,0.7967432744435021,1.4210854715202004e-14,54.899444611436834,208.0,586.0,0.0,36.0,113.4941281547697,36,24,3,0,0.4,0.45,331.0,0.2553332450665171,0.3428825624011169,0.1658593492792653,0.154310039754508,38,0,0,36,22,36,0,0,36,0.7631789564580391,0.2436049793851584,6,60,0,0,36,0,0.7631789564580391,nenhuma,113.49412815476968,0.0,124,0,terminal,0.25,j6013_3.sm,6,centralizada,0,4.2105263157894735,0.6333333333333333
True,181,57,0.7494659116848823,0.0,11.02269899775552,292.0,460.0,40.0,11.0,102.77041013896026,53,7,18,0,0.1166666666666666,0.4166666666666667,331.0,0.2369235146907261,0.310484622776315,0.0333012054312855,0.1674411285413589,33,0,40,11,27,51,0,0,0,0.7631789564580391,0.2436049793851584,6,60,51,11,0,40,0.7631789564580391,nenhuma,102.77041013896026,0.0,111,0,terminal,0.9344420558421256,j6013_3.sm,6,adaptativa,0,3.175438596491228,0.55
True,274,57,0.7005180788704712,2.664535259100376e-15,42.27150018818628,225.0,575.0,0.0,120.0,125.8210713521356,43,17,4,0,0.2833333333333333,0.35,331.0,0.2754274687455206,0.3801240826348507,0.1277084597830401,0.1532868438000391,51,0,0,120,9,120,16,0,104,0.5858494645010164,0.4310024134004245,24,60,0,0,104,0,0.5858494645010164,nenhuma,125.82107135213562,0.0,135,0,terminal,0.25,j6013_3.sm,7,centralizada,0,4.807017543859649,0.85
True,194,57,0.6652584459760299,4.440892098500626e-16,7.850942113803001,302.0,418.0,96.0,32.0,82.32723511947883,54,6,15,0,0.1,0.35,331.0,0.1991817333200432,0.2487227647114164,0.023718858349858,0.131026049036095,44,0,96,32,16,128,16,0,0,0.5858494645010164,0.4310024134004245,24,60,112,16,0,96,0.5858494645010164,nenhuma,82.32723511947883,0.0,90,0,terminal,0.9837796536656804,j6013_3.sm,7,adaptativa,0,3.4035087719298245,0.7333333333333333
True,364,57,0.6070302690727556,0.0,45.191004616572194,184.0,562.0,0.0,224.0,139.81874188656235,35,25,3,0,0.4166666666666667,0.4666666666666667,331.0,0.2969693630425822,0.4224131174820615,0.1365287148536924,0.151021723325292,56,0,0,224,4,224,19,0,205,0.5273323364698471,0.2724902104363956,31,60,0,0,205,0,0.5273323364698471,nenhuma,139.81874188656232,0.0,150,0,terminal,0.25,j6013_3.sm,8,centralizada,0,6.385964912280702,0.9333333333333332
True,199,57,0.5998650499878574,0.0,11.729832019419993,282.0,445.0,134.0,41.0,121.83351740363574,51,9,20,0,0.15,0.4833333333333333,331.0,0.269047039852924,0.3680770918538844,0.0354375589710573,0.1642329640618616,47,0,134,41,13,175,14,0,0,0.5273323364698471,0.2724902104363956,31,60,161,27,0,134,0.5273323364698471,nenhuma,121.83351740363574,0.0,134,0,terminal,0.9883333333333332,j6013_3.sm,8,adaptativa,0,3.491228070175439,0.7833333333333333
True,308,57,0.773901091121146,0.0,26.761195955739375,231.0,567.0,0.0,76.0,89.65176455377572,42,18,4,0,0.3,0.3666666666666666,331.0,0.2131258492374985,0.2708512524283254,0.0808495346094845,0.1223661347603229,46,0,0,76,14,76,11,0,65,0.6872143627230507,0.3512385487549321,12,60,0,0,65,0,0.6872143627230507,nenhuma,89.65176455377573,0.0,97,0,terminal,0.25,j6013_3.sm,9,centralizada,0,5.4035087719298245,0.7666666666666667
True,191,57,0.6475856119818025,0.0,12.188160639162868,300.0,437.0,101.0,28.0,108.81425145109604,55,5,15,0,0.0833333333333333,0.3333333333333333,331.0,0.2474095623142747,0.3287439620879034,0.0368222375805524,0.1612506718954228,38,0,101,28,22,129,13,0,0,0.6872143627230507,0.3512385487549321,12,60,116,15,0,101,0.6872143627230507,nenhuma,108.81425145109604,0.0,114,0,terminal,0.9483333333333333,j6013_3.sm,9,adaptativa,0,3.3508771929824563,0.6333333333333333
True,289,57,0.6814654242921208,0.0,36.27093124773848,197.0,582.0,0.0,141.0,131.0418622185542,38,22,5,0,0.3666666666666666,0.45,331.0,0.2836146958401986,0.3958968647086229,0.1095798527122008,0.1534372821938087,50,0,0,141,10,141,21,0,120,0.5820371027673271,0.4175993861121362,24,60,0,0,120,0,0.5820371027673271,nenhuma,131.0418622185542,0.0,144,0,terminal,0.25,j6013_3.sm,10,centralizada,0,5.0701754385964914,0.8333333333333334
True,186,57,0.6421463411702278,0.0,15.178234701452965,274.0,429.0,112.0,31.0,96.0720148902563,52,8,13,0,0.1333333333333333,0.35,331.0,0.2249550697320771,0.2902477791246414,0.0458556939620935,0.1438048784396963,46,0,112,31,14,143,19,0,0,0.5820371027673271,0.4175993861121362,24,60,124,12,0,112,0.5820371027673271,nenhuma,96.0720148902563,0.0,104,0,terminal,0.96,j6013_3.sm,10,adaptativa,0,3.263157894736842,0.7666666666666667
True,301,57,0.7281722796020055,5.10702591327572e-15,33.89171342167523,201.0,570.0,0.0,78.0,134.78178937482068,36,24,4,0,0.4,0.4666666666666667,331.0,0.2893668074823767,0.4071957382925096,0.1023918834491698,0.1721830926629833,46,0,0,78,14,78,11,0,67,0.7131697048371954,0.486713896835989,8,60,0,0,67,0,0.7131697048371954,nenhuma,134.78178937482068,0.0,145,0,terminal,0.25,j6013_3.sm,11,centralizada,0,5.280701754385965,0.7666666666666667
True,174,57,0.728678313484412,0.0,11.223841045945724,275.0,433.0,38.0,17.0,106.22654961346367,53,7,18,0,0.1166666666666666,0.4166666666666667,331.0,0.2429553962525257,0.3209261317627301,0.0339088853351834,0.1787643949644501,44,0,38,17,16,55,2,0,0,0.7131697048371954,0.486713896835989,8,60,53,15,0,38,0.7131697048371954,nenhuma,106.22654961346367,0.0,115,0,terminal,0.9617325892871406,j6013_3.sm,11,adaptativa,0,3.0526315789473686,0.7333333333333333
True,163,59,0.7508671627748918,0.0,34.848659277208334,251.0,533.0,0.0,122.0,54.84593071063897,48,12,1,0,0.2,0.2166666666666666,312.0,0.1495067169053604,0.1757882394571761,0.1116944207602831,0.0772645560646262,30,0,0,122,30,122,17,9,105,0.6268507180531939,0.4857196752206667,16,60,0,0,105,0,0.6268507180531939,nenhuma,54.84593071063895,0.0,60,0,terminal,0.25,j6014_5.sm,0,centralizada,0,2.76271186440678,0.5
True,116,59,0.7030987289394074,0.0,10.04558398755204,282.0,409.0,85.0,42.0,45.71062350938684,53,7,6,0,0.1166666666666666,0.2166666666666666,312.0,0.127786597616068,0.1465084086839321,0.0321973845754873,0.0785796608520236,22,0,85,42,38,127,23,7,0,0.6268507180531939,0.4857196752206667,16,60,104,19,0,85,0.6268507180531939,nenhuma,45.71062350938684,0.0,50,0,terminal,1.0,j6014_5.sm,0,adaptativa,0,1.9661016949152543,0.3666666666666666
True,276,59,0.7500819134152845,0.0,34.98489270782413,206.0,541.0,0.0,103.0,77.25455943432961,41,19,2,0,0.3166666666666666,0.35,312.0,0.1984679628328491,0.2476107674177231,0.1121310663712311,0.1071113636978868,33,0,0,103,27,103,19,2,84,0.6586427040007742,0.3936211322074767,15,60,0,0,84,0,0.6586427040007742,nenhuma,77.25455943432961,0.0,88,0,terminal,0.25,j6014_5.sm,1,centralizada,0,4.677966101694915,0.55
True,110,59,0.7316558105101083,0.0,5.0,279.0,409.0,51.0,37.0,62.00601638746836,56,4,13,0,0.0666666666666666,0.2833333333333333,312.0,0.1657888206889977,0.1987372320111165,0.016025641025641,0.1109219124119222,25,0,51,37,35,88,2,14,0,0.6586427040007742,0.3936211322074767,15,60,86,35,0,51,0.6586427040007742,nenhuma,62.00601638746836,0.0,69,0,terminal,0.9449624273173336,j6014_5.sm,1,adaptativa,0,1.8644067796610169,0.4166666666666667
True,290,59,0.7840845819787897,0.0,36.46089698657728,228.0,535.0,0.0,69.0,78.32434650076092,45,15,2,0,0.25,0.2833333333333333,312.0,0.2006647732915841,0.2510395721178234,0.1168618493159528,0.1147904906258149,38,0,0,69,22,69,1,11,68,0.7659648859265082,0.2570239140832174,3,60,0,0,68,0,0.7659648859265082,nenhuma,78.32434650076094,0.0,85,0,terminal,0.25,j6014_5.sm,2,centralizada,0,4.915254237288136,0.6333333333333333
True,122,59,0.7109801128689174,0.0,8.5,290.0,411.0,49.0,43.0,75.075240869326,56,4,17,0,0.0666666666666666,0.35,312.0,0.1939551615358185,0.2406257720170705,0.0272435897435897,0.1298710540801327,38,0,49,43,22,92,2,22,0,0.7659648859265082,0.2570239140832174,3,60,90,41,0,49,0.7659648859265082,nenhuma,75.075240869326,0.0,84,0,terminal,0.9097639154303914,j6014_5.sm,2,adaptativa,0,2.067796610169492,0.6333333333333333
True,217,59,0.7112822102820167,1.2434497875801752e-14,41.09595024980393,203.0,556.0,0.0,124.0,101.68691971018268,40,20,2,0,0.3333333333333333,0.3666666666666666,312.0,0.2458064658689756,0.3259196144557137,0.131717789262192,0.1300865054104832,39,0,0,124,21,124,0,21,124,0.794910294566222,0.2433201962422982,2,60,0,0,124,0,0.794910294566222,nenhuma,101.68691971018266,0.0,112,0,terminal,0.25,j6014_5.sm,3,centralizada,0,3.6779661016949152,0.65
True,125,59,0.715109665056723,0.0,7.097388080508335,305.0,426.0,79.0,46.0,44.71282673995093,59,1,8,0,0.0166666666666666,0.15,312.0,0.1253468431415483,0.1433103421152273,0.0227480387195779,0.0750576867458816,32,0,79,46,28,125,0,14,0,0.794910294566222,0.2433201962422982,2,60,125,46,0,79,0.794910294566222,nenhuma,44.71282673995093,0.0,47,0,terminal,0.8566666666666666,j6014_5.sm,3,adaptativa,0,2.1186440677966103,0.5333333333333333
True,195,59,0.7396251471384373,4.440892098500626e-16,35.54598967221232,203.0,542.0,0.0,89.0,101.80363992079452,42,18,3,0,0.3,0.35,312.0,0.246019198720148,0.3262937176948542,0.1139294540776035,0.1389234910620777,36,0,0,89,24,89,0,21,89,0.7496468789669437,0.3530323246498424,6,60,0,0,89,0,0.7496468789669437,nenhuma,101.80363992079452,0.0,111,0,terminal,0.25,j6014_5.sm,4,centralizada,0,3.305084745762712,0.6
True,123,59,0.6735679936358385,0.0,8.026074135819986,278.0,442.0,96.0,52.0,66.2069518982597,55,5,11,0,0.0833333333333333,0.2666666666666666,312.0,0.175054825317092,0.2122017689046785,0.0257245965891666,0.100893402160306,20,0,96,52,40,148,1,14,0,0.7496468789669437,0.3530323246498424,6,60,147,51,0,96,0.7496468789669437,nenhuma,66.2069518982597,0.0,72,0,terminal,0.8638353459142473,j6014_5.sm,4,adaptativa,0,2.0847457627118646,0.3333333333333333
True,192,59,0.7106066344510777,7.105427357601002e-15,48.10511666724196,209.0,540.0,0.0,110.0,109.91409849013552,43,17,5,0,0.2833333333333333,0.3666666666666666,312.0,0.2605129785505505,0.3522887772119728,0.1541830662411601,0.1446401622348138,38,0,0,110,22,110,16,13,94,0.6863255838987572,0.3910769205246226,11,60,0,0,94,0,0.6863255838987572,nenhuma,109.91409849013552,0.0,119,0,terminal,0.25,j6014_5.sm,5,centralizada,0,3.254237288135593,0.6333333333333333
True,110,59,0.7492791789979197,0.0,10.091688705492109,287.0,426.0,40.0,30.0,72.54642694026164,56,4,16,0,0.0666666666666666,0.3333333333333333,312.0,0.1886545339076354,0.2325205991675052,0.0323451561073465,0.1275998291479619,25,0,40,30,35,70,1,11,0,0.6863255838987572,0.3910769205246226,11,60,69,29,0,40,0.6863255838987572,nenhuma,72.54642694026163,0.0,80,0,terminal,0.902786105690274,j6014_5.sm,5,adaptativa,0,1.8644067796610169,0.4166666666666667
True,200,59,0.7969689299406983,0.0,40.85422533150527,209.0,542.0,0.0,46.0,92.07670015483497,40,20,3,0,0.3333333333333333,0.3833333333333333,312.0,0.2278693627213665,0.2951176287013941,0.1309430299086707,0.1353916405809397,32,0,0,46,28,46,0,19,46,0.7631789564580391,0.2436049793851584,4,60,0,0,46,0,0.7631789564580391,nenhuma,92.07670015483494,0.0,101,0,terminal,0.25,j6014_5.sm,6,centralizada,0,3.389830508474576,0.5333333333333333
True,111,59,0.7456835800697718,0.0,4.844950940932678,295.0,418.0,34.0,42.0,66.55948014959488,56,4,16,0,0.0666666666666666,0.3333333333333333,312.0,0.1758230440386611,0.2133316671461374,0.0155286889132457,0.1187375871902698,30,0,34,42,30,76,3,21,0,0.7631789564580391,0.2436049793851584,4,60,73,39,0,34,0.7631789564580391,nenhuma,66.55948014959486,0.0,74,0,terminal,0.9066666666666666,j6014_5.sm,6,adaptativa,0,1.88135593220339,0.5
True,173,59,0.6759745881042231,0.0,61.152166796155335,195.0,524.0,0.0,127.0,124.1770691107824,40,20,6,0,0.3333333333333333,0.4333333333333333,312.0,0.284694171025399,0.398003426637123,0.1960005346030619,0.1601918762292953,40,0,0,127,20,127,18,18,109,0.5858494645010164,0.4310024134004245,22,60,0,0,109,0,0.5858494645010164,nenhuma,124.1770691107824,0.0,136,0,terminal,0.25,j6014_5.sm,7,centralizada,0,2.9322033898305087,0.6666666666666666
True,113,59,0.6584950454928464,0.0,4.982491136593747,293.0,380.0,84.0,44.0,69.07343829077925,57,3,15,0,0.05,0.3,312.0,0.1812601754679961,0.2213892252909591,0.0159695228736979,0.1196960970779842,30,0,84,44,30,128,10,6,0,0.5858494645010164,0.4310024134004245,22,60,118,34,0,84,0.5858494645010164,nenhuma,69.07343829077924,0.0,75,0,terminal,0.9716666666666668,j6014_5.sm,7,adaptativa,0,1.915254237288136,0.5
True,204,59,0.6523816720677257,0.0,61.15940699667502,175.0,573.0,0.0,181.0,124.32019894715124,38,22,1,0,0.3666666666666666,0.3833333333333333,312.0,0.2849288188975394,0.3984621761126642,0.1960237403739584,0.1415431400714395,51,0,0,181,9,181,19,16,162,0.5273323364698471,0.2724902104363956,30,60,0,0,162,0,0.5273323364698471,nenhuma,124.32019894715124,0.0,135,0,terminal,0.25,j6014_5.sm,8,centralizada,0,3.457627118644068,0.85
True,154,59,0.5970529491683738,0.0,3.784623460914809,292.0,459.0,145.0,57.0,107.77603676413337,54,6,21,0,0.1,0.45,312.0,0.2567465203467327,0.3454360152696582,0.0121302034003679,0.1401917224394442,47,0,145,57,13,202,18,6,0,0.5273323364698471,0.2724902104363956,30,60,184,39,0,145,0.5273323364698471,nenhuma,107.77603676413337,0.0,119,0,terminal,0.965206690981178,j6014_5.sm,8,adaptativa,0,2.610169491525424,0.7833333333333333
True,251,59,0.7284133717523787,1.1102230246251563e-15,44.622232285434976,225.0,537.0,0.0,120.0,80.21875630607036,44,16,5,0,0.2666666666666666,0.35,312.0,0.2045255486034715,0.2571113984168922,0.14301997527383,0.1088126904258605,36,0,0,120,24,120,7,11,113,0.6872143627230507,0.3512385487549321,11,60,0,0,113,0,0.6872143627230507,nenhuma,80.21875630607036,0.0,90,0,terminal,0.25,j6014_5.sm,9,centralizada,0,4.254237288135593,0.6
True,116,59,0.6811891643120865,0.0,11.091985927699737,279.0,414.0,80.0,44.0,69.76069510454823,55,5,13,0,0.0833333333333333,0.3,312.0,0.1827340949424971,0.2235919714889366,0.0355512369477555,0.1147831632852596,27,0,80,44,33,124,13,9,0,0.6872143627230507,0.3512385487549321,11,60,111,31,0,80,0.6872143627230507,nenhuma,69.7606951045482,0.0,80,0,terminal,0.9533333333333333,j6014_5.sm,9,adaptativa,0,1.9661016949152543,0.45
True,151,59,0.7508640068060001,8.881784197001252e-16,31.19769536408461,221.0,543.0,0.0,109.0,71.1669051627538,45,15,2,0,0.25,0.2833333333333333,312.0,0.1857334341871853,0.2280990550088263,0.099992613346425,0.0984100691758525,38,0,0,109,22,109,12,2,97,0.5820371027673271,0.4175993861121362,22,60,0,0,97,0,0.5820371027673271,nenhuma,71.16690516275379,0.0,78,0,terminal,0.25,j6014_5.sm,10,centralizada,0,2.559322033898305,0.6333333333333333
True,134,59,0.6278546785639494,0.0,12.010896100597908,277.0,433.0,114.0,46.0,96.65003333314698,55,5,16,0,0.0833333333333333,0.35,312.0,0.2365105235519562,0.3097757478626505,0.0384964618608907,0.1401435926364387,33,0,114,46,27,160,11,4,0,0.5820371027673271,0.4175993861121362,22,60,149,35,0,114,0.5820371027673271,nenhuma,96.65003333314696,0.0,107,0,terminal,0.9499999999999998,j6014_5.sm,10,adaptativa,0,2.2711864406779663,0.55
True,255,59,0.679777914781847,0.0,59.58146822423465,177.0,523.0,0.0,129.0,117.36891980057943,37,23,3,0,0.3833333333333333,0.4333333333333333,312.0,0.2733521556592673,0.3761824352582674,0.1909662443084444,0.1525521980157471,31,0,0,129,29,129,4,11,125,0.7131697048371954,0.486713896835989,8,60,0,0,125,0,0.7131697048371954,nenhuma,117.36891980057943,0.0,129,0,terminal,0.25,j6014_5.sm,11,centralizada,0,4.322033898305085,0.5166666666666667
True,103,59,0.7279596972238309,0.0,8.0,291.0,398.0,59.0,33.0,56.733564396250046,56,4,14,0,0.0666666666666666,0.3,312.0,0.1538605916961841,0.1818383474238783,0.0256410256410256,0.1037682119606102,24,0,59,33,36,92,2,7,0,0.7131697048371954,0.486713896835989,8,60,90,31,0,59,0.7131697048371954,nenhuma,56.733564396250046,0.0,63,0,terminal,0.9533333333333333,j6014_5.sm,11,adaptativa,0,1.7457627118644068,0.4
True,207,72,0.7189676906713589,0.0,26.802579964377344,250.0,578.0,0.0,144.0,81.93042343846382,44,16,4,0,0.2666666666666666,0.3333333333333333,341.0,0.1937208081943167,0.2402651713737942,0.0785999412445083,0.1019123310298943,36,0,0,144,24,144,22,7,122,0.6268507180531939,0.4857196752206667,18,60,0,0,122,0,0.6268507180531939,nenhuma,81.93042343846383,0.0,91,0,terminal,0.25,j6015_3.sm,0,centralizada,0,2.875,0.6
True,114,72,0.733460679313233,0.0,7.731867229115282,309.0,425.0,86.0,35.0,33.44483185921235,54,6,6,0,0.1,0.2,341.0,0.089318449644906,0.0980786858041418,0.0226740974460858,0.0577187508117052,27,0,86,35,33,121,15,4,0,0.6268507180531939,0.4857196752206667,18,60,106,20,0,86,0.6268507180531939,nenhuma,33.44483185921236,0.0,37,0,terminal,0.9866666666666668,j6015_3.sm,0,adaptativa,0,1.5833333333333333,0.45
True,205,72,0.7761005417272091,0.0,25.288545306892324,256.0,591.0,0.0,105.0,65.49927519021118,43,17,2,0,0.2833333333333333,0.3166666666666666,341.0,0.1611301155692404,0.1920799858950474,0.0741599569117077,0.0860135752248095,42,0,0,105,18,105,1,4,104,0.6586427040007742,0.3936211322074767,12,60,0,0,104,0,0.6586427040007742,nenhuma,65.49927519021116,0.0,71,0,terminal,0.25,j6015_3.sm,1,centralizada,0,2.8472222222222223,0.7
True,124,72,0.7423400995992359,0.0,5.0,324.0,445.0,62.0,47.0,45.45569455326514,58,2,9,0,0.0333333333333333,0.1833333333333333,341.0,0.1176220073708863,0.1333011570476983,0.0146627565982404,0.0758282804989287,17,0,62,47,43,109,2,15,0,0.6586427040007742,0.3936211322074767,12,60,107,45,0,62,0.6586427040007742,nenhuma,45.45569455326514,0.0,47,0,terminal,0.8818676372022792,j6015_3.sm,1,adaptativa,0,1.7222222222222223,0.2833333333333333
True,241,72,0.736245901626698,3.552713678800501e-15,29.90351654167807,221.0,603.0,0.0,120.0,96.01983925167129,37,23,3,0,0.3833333333333333,0.4333333333333333,341.0,0.2197150578245838,0.2815831063098865,0.0876935968964166,0.1172375010346556,49,0,0,120,11,120,8,11,112,0.7659648859265082,0.2570239140832174,3,60,0,0,112,0,0.7659648859265082,nenhuma,96.01983925167129,0.0,106,0,terminal,0.25,j6015_3.sm,2,centralizada,0,3.3472222222222223,0.8166666666666667
True,143,72,0.6025614230546992,0.0,5.912480288166989,314.0,434.0,112.0,86.0,88.25852202722652,57,3,18,0,0.05,0.35,341.0,0.2056069186708623,0.2588226452411334,0.0173386518714574,0.1225372825562906,28,0,112,86,32,198,8,26,0,0.7659648859265082,0.2570239140832174,3,60,190,78,0,112,0.7659648859265082,nenhuma,88.25852202722652,0.0,94,0,terminal,0.8572849327325972,j6015_3.sm,2,adaptativa,0,1.9861111111111112,0.4666666666666667
True,252,72,0.648690430413519,1.0658141036401504e-14,42.6072949525006,229.0,605.0,0.0,212.0,115.64825814423108,39,21,4,0,0.35,0.4166666666666667,341.0,0.2532545697518108,0.3391444520358683,0.1249480790395912,0.1239998650448843,49,0,0,212,11,212,3,7,209,0.794910294566222,0.2433201962422982,3,60,0,0,209,0,0.794910294566222,nenhuma,115.64825814423108,0.0,127,0,terminal,0.25,j6015_3.sm,3,centralizada,0,3.5,0.8166666666666667
True,146,72,0.6216760055105945,0.0,11.16508132688746,288.0,462.0,108.0,75.0,98.15237503906954,50,10,12,0,0.1666666666666666,0.3666666666666666,341.0,0.2235041425663184,0.287836876947418,0.0327421739791421,0.1320757065923518,36,0,108,75,24,183,3,32,0,0.794910294566222,0.2433201962422982,3,60,180,72,0,108,0.794910294566222,nenhuma,98.15237503906954,0.0,107,0,terminal,0.8466666666666666,j6015_3.sm,3,adaptativa,0,2.0277777777777777,0.6
True,209,72,0.6673637592675729,0.0,42.12455657761623,225.0,602.0,0.0,191.0,109.05677434550964,40,20,1,0,0.3333333333333333,0.35,341.0,0.242317815355861,0.3198145875234887,0.1235324239812792,0.120897905150855,41,0,0,191,19,191,9,30,182,0.7496468789669437,0.3530323246498424,5,60,0,0,182,0,0.7496468789669437,nenhuma,109.05677434550964,0.0,117,0,terminal,0.25,j6015_3.sm,4,centralizada,0,2.9027777777777777,0.6833333333333333
True,139,72,0.6407651026351835,0.0,17.393400683295773,317.0,459.0,138.0,64.0,55.33114555136655,56,4,9,0,0.0666666666666666,0.2166666666666666,341.0,0.1396083708596536,0.1622614239043007,0.051007040126967,0.0772424121092454,30,0,138,64,30,202,8,11,0,0.7496468789669437,0.3530323246498424,5,60,194,56,0,138,0.7496468789669437,nenhuma,55.33114555136655,0.0,61,0,terminal,0.8733333333333332,j6015_3.sm,4,adaptativa,0,1.930555555555556,0.5
True,185,72,0.7251346376026307,0.0,34.59159560780035,206.0,588.0,0.0,101.0,121.88389591205866,37,23,3,0,0.3833333333333333,0.4333333333333333,341.0,0.2633141852383969,0.3574307798007585,0.1014416293483881,0.1503099229452167,45,0,0,101,15,101,4,18,97,0.6863255838987572,0.3910769205246226,10,60,0,0,97,0,0.6863255838987572,nenhuma,121.88389591205863,0.0,131,0,terminal,0.25,j6015_3.sm,5,centralizada,0,2.5694444444444446,0.75
True,129,72,0.6857659442985624,0.0,11.978947616730776,298.0,443.0,75.0,58.0,69.9930005027062,52,8,11,0,0.1333333333333333,0.3166666666666666,341.0,0.1703021716114246,0.2052580659903407,0.0351288786414392,0.1083494719729753,28,0,75,58,32,133,1,21,0,0.6863255838987572,0.3910769205246226,10,60,132,57,0,75,0.6863255838987572,nenhuma,69.99300050270621,0.0,75,0,terminal,0.858396148314117,j6015_3.sm,5,adaptativa,0,1.7916666666666667,0.4666666666666667
True,210,72,0.7770365606108203,0.0,39.52534151427485,222.0,592.0,0.0,76.0,93.86891326533596,38,22,3,0,0.3666666666666666,0.4166666666666667,341.0,0.2158556530529964,0.2752754054701934,0.1159100924172283,0.1232087457972501,38,0,0,76,22,76,1,48,75,0.7631789564580391,0.2436049793851584,3,60,0,0,75,0,0.7631789564580391,nenhuma,93.86891326533596,0.0,105,0,terminal,0.25,j6015_3.sm,6,centralizada,0,2.9166666666666665,0.6333333333333333
True,126,72,0.7059183551943513,0.0,4.0,333.0,474.0,36.0,80.0,81.46575310327454,59,1,17,0,0.0166666666666666,0.3,341.0,0.1928339812277273,0.2389025017691335,0.0117302052785923,0.1213252540829803,29,0,36,80,31,116,1,54,0,0.7631789564580391,0.2436049793851584,3,60,115,79,0,36,0.7631789564580391,nenhuma,81.46575310327454,0.0,87,0,terminal,0.8226851054149106,j6015_3.sm,6,adaptativa,0,1.75,0.4833333333333333
True,187,72,0.7287162576822264,0.0,44.49517263906801,256.0,537.0,0.0,129.0,70.91233637080632,45,15,1,0,0.25,0.2666666666666666,341.0,0.172153951482945,0.2079540656035375,0.1304843772406686,0.0962289988522108,42,0,0,129,18,129,13,15,116,0.5858494645010164,0.4310024134004245,21,60,0,0,116,0,0.5858494645010164,nenhuma,70.91233637080633,0.0,77,0,terminal,0.25,j6015_3.sm,7,centralizada,0,2.5972222222222223,0.7
True,130,72,0.6938665175184822,0.0,8.0,313.0,453.0,88.0,45.0,66.86332250198774,56,4,13,0,0.0666666666666666,0.2833333333333333,341.0,0.1639356098308199,0.1960801246392602,0.0234604105571847,0.1024154983094247,37,0,88,45,23,133,7,15,0,0.5858494645010164,0.4310024134004245,21,60,126,38,0,88,0.5858494645010164,nenhuma,66.86332250198774,0.0,71,0,terminal,0.9433333333333334,j6015_3.sm,7,adaptativa,0,1.805555555555556,0.6166666666666667
True,210,72,0.6038839627634031,5.773159728050814e-15,41.39614769807251,218.0,572.0,0.0,265.0,110.2018388806014,41,19,7,0,0.3166666666666666,0.4333333333333333,341.0,0.244240668774764,0.3231725480369543,0.1213963275603299,0.1163446209213839,51,0,0,265,9,265,23,24,242,0.5273323364698471,0.2724902104363956,28,60,0,0,242,0,0.5273323364698471,nenhuma,110.2018388806014,0.0,119,0,terminal,0.25,j6015_3.sm,8,centralizada,0,2.9166666666666665,0.85
True,162,72,0.5695904876160967,0.0,7.88962644184575,316.0,489.0,160.0,68.0,141.5115282500741,55,5,22,0,0.0833333333333333,0.45,341.0,0.2932811341592072,0.4149898189151733,0.0231367344335652,0.1648335795076865,49,0,160,68,11,228,15,23,0,0.5273323364698471,0.2724902104363956,28,60,213,53,0,160,0.5273323364698471,nenhuma,141.51152825007406,0.0,150,0,terminal,0.9116666666666668,j6015_3.sm,8,adaptativa,0,2.25,0.8166666666666667
True,225,72,0.7380352066908119,3.552713678800501e-15,39.81029657360779,243.0,595.0,0.0,126.0,85.19460237926805,40,20,3,0,0.3333333333333333,0.3833333333333333,341.0,0.1998960144114023,0.2498375436342171,0.1167457377525155,0.1056749848334867,47,0,0,126,13,126,5,7,121,0.6872143627230507,0.3512385487549321,10,60,0,0,121,0,0.6872143627230507,nenhuma,85.19460237926808,0.0,94,0,terminal,0.25,j6015_3.sm,9,centralizada,0,3.125,0.7833333333333333
True,143,72,0.6340913603369359,0.0,4.910243542664357,317.0,464.0,111.0,64.0,92.7557516529562,56,4,22,0,0.0666666666666666,0.4333333333333333,341.0,0.2138432776959905,0.2720110019148276,0.0143995411808338,0.1267578033290905,32,0,111,64,28,175,6,20,0,0.6872143627230507,0.3512385487549321,10,60,169,58,0,111,0.6872143627230507,nenhuma,92.75575165295622,0.0,104,0,terminal,0.925,j6015_3.sm,9,adaptativa,0,1.9861111111111112,0.5333333333333333
True,208,72,0.6764259949139374,1.1768364061026661e-14,32.25049485071533,227.0,602.0,0.0,180.0,107.97171091361336,39,21,3,0,0.35,0.4,341.0,0.2404866682889697,0.3166325833243794,0.0945762312337692,0.1213203853443537,44,0,0,180,16,180,22,8,158,0.5820371027673271,0.4175993861121362,21,60,0,0,158,0,0.5820371027673271,nenhuma,107.97171091361336,0.0,119,0,terminal,0.25,j6015_3.sm,10,centralizada,0,2.888888888888889,0.7333333333333333
True,137,72,0.6440438929164068,0.0,11.251705082384689,287.0,474.0,110.0,43.0,108.97468311297608,52,8,17,0,0.1333333333333333,0.4166666666666667,341.0,0.2421795874360681,0.3195738507711908,0.0329962025876383,0.1480685213953859,44,0,110,43,16,153,22,10,0,0.5820371027673271,0.4175993861121362,21,60,131,21,0,110,0.5820371027673271,nenhuma,108.97468311297608,0.0,119,0,terminal,0.95,j6015_3.sm,10,adaptativa,0,1.9027777777777777,0.7333333333333333
True,233,72,0.7760540200147144,0.0,25.561773219228694,244.0,612.0,0.0,97.0,79.60489632976353,42,18,5,0,0.3,0.3833333333333333,341.0,0.189262885488027,0.2334454437822977,0.0749612117865944,0.1009439539372019,45,0,0,97,15,97,6,6,91,0.7131697048371954,0.486713896835989,6,60,0,0,91,0,0.7131697048371954,nenhuma,79.60489632976353,0.0,87,0,terminal,0.25,j6015_3.sm,11,centralizada,0,3.236111111111111,0.75
True,145,72,0.7339026479204422,0.0,10.611172700579244,316.0,461.0,60.0,49.0,58.14870787872421,55,5,12,0,0.0833333333333333,0.2833333333333333,341.0,0.1456818141483045,0.1705240700255842,0.0311178085060974,0.0925715633087808,30,0,60,49,30,109,6,20,0,0.7131697048371954,0.486713896835989,6,60,103,43,0,60,0.7131697048371954,nenhuma,58.14870787872421,0.0,63,0,terminal,0.9169112739074372,j6015_3.sm,11,adaptativa,0,2.013888888888889,0.5
True,157,53,0.7759237727344445,0.0,30.86195744906651,228.0,532.0,0.0,86.0,67.63436086662345,45,15,3,0,0.25,0.3,308.0,0.1800537115683045,0.2195920807357904,0.1002011605489172,0.0986449406957017,41,0,0,86,19,86,10,7,76,0.6268507180531939,0.4857196752206667,24,60,0,0,76,0,0.6268507180531939,nenhuma,67.63436086662345,0.0,75,0,terminal,0.25,j6016_3.sm,0,centralizada,0,2.962264150943396,0.6833333333333333
True,120,53,0.6998344096307497,0.0,5.77180944472679,280.0,423.0,65.0,41.0,75.42869653006264,55,5,11,0,0.0833333333333333,0.2666666666666666,308.0,0.1967215735615883,0.2448983653573462,0.0187396410543077,0.1247933742442869,38,0,65,41,22,106,11,10,0,0.6268507180531939,0.4857196752206667,24,60,95,30,0,65,0.6268507180531939,nenhuma,75.42869653006264,0.0,81,0,terminal,0.945,j6016_3.sm,0,adaptativa,0,2.2641509433962264,0.6333333333333333
True,253,53,0.6890930606674638,0.0,52.32394223333841,199.0,540.0,0.0,135.0,108.63871416285846,40,20,5,0,0.3333333333333333,0.4166666666666667,308.0,0.260750406695027,0.3527230979313586,0.1698829293290208,0.1386336741656701,48,0,0,135,12,135,10,11,125,0.6586427040007742,0.3936211322074767,21,60,0,0,125,0,0.6586427040007742,nenhuma,108.63871416285843,0.0,118,0,terminal,0.25,j6016_3.sm,1,centralizada,0,4.773584905660377,0.8
True,122,53,0.6743470756690947,8.881784197001252e-16,14.280453280779822,263.0,403.0,80.0,48.0,66.61510732457604,53,7,14,0,0.1166666666666666,0.35,308.0,0.1778228000475673,0.2162828159888832,0.0463651080544799,0.1114682452102003,38,0,80,48,22,128,11,18,0,0.6586427040007742,0.3936211322074767,21,60,117,37,0,80,0.6586427040007742,nenhuma,66.61510732457604,0.0,75,0,terminal,0.9333333333333332,j6016_3.sm,1,adaptativa,0,2.30188679245283,0.6333333333333333
True,220,53,0.7469427532162847,0.0,36.870588853553215,181.0,554.0,0.0,58.0,129.6900393162846,38,22,6,0,0.3666666666666666,0.4666666666666667,308.0,0.2963056676338199,0.4210715562217033,0.1197097040699779,0.1748574639560177,43,0,0,58,17,58,3,7,55,0.7659648859265082,0.2570239140832174,6,60,0,0,55,0,0.7659648859265082,nenhuma,129.6900393162846,0.0,141,0,terminal,0.25,j6016_3.sm,2,centralizada,0,4.150943396226415,0.7166666666666667
True,128,53,0.726136599463667,0.0,5.0,296.0,424.0,48.0,46.0,65.91217343013886,58,2,15,0,0.0333333333333333,0.2833333333333333,308.0,0.176277153069085,0.2140005630848664,0.0162337662337662,0.1128802865042936,46,0,48,46,14,94,1,30,0,0.7659648859265082,0.2570239140832174,6,60,93,45,0,48,0.7659648859265082,nenhuma,65.91217343013886,0.0,73,0,terminal,0.8765308301550303,j6016_3.sm,2,adaptativa,0,2.4150943396226414,0.7666666666666667
True,258,53,0.7157850312802692,0.0,50.36768313932134,189.0,552.0,0.0,112.0,107.18125677017916,37,23,2,0,0.3833333333333333,0.4166666666666667,308.0,0.2581553358260308,0.3479910934096725,0.1635314387640303,0.1389832232425747,43,0,0,112,17,112,0,13,112,0.794910294566222,0.2433201962422982,5,60,0,0,112,0,0.794910294566222,nenhuma,107.18125677017912,0.0,118,0,terminal,0.25,j6016_3.sm,3,centralizada,0,4.867924528301887,0.7166666666666667
True,131,53,0.6921621526140244,0.0,8.027049904031474,280.0,435.0,61.0,38.0,94.46545185571904,54,6,18,0,0.1,0.4,308.0,0.2347169214653093,0.3067060125185683,0.0260618503377645,0.1503112885151976,35,0,61,38,25,99,0,11,0,0.794910294566222,0.2433201962422982,5,60,99,38,0,61,0.794910294566222,nenhuma,94.46545185571904,0.0,105,0,terminal,0.87,j6016_3.sm,3,adaptativa,0,2.4716981132075477,0.5833333333333334
True,187,53,0.7562387993771807,0.0,26.786262915863823,244.0,549.0,0.0,120.0,56.96116524587545,47,13,1,0,0.2166666666666666,0.2333333333333333,308.0,0.1560745927789345,0.1849388482008943,0.0869683860904669,0.0784631023982988,42,0,0,120,18,120,0,7,120,0.7496468789669437,0.3530323246498424,6,60,0,0,120,0,0.7496468789669437,nenhuma,56.96116524587544,0.0,62,0,terminal,0.25,j6016_3.sm,4,centralizada,0,3.5283018867924527,0.7
True,124,53,0.7238253706459578,8.881784197001252e-16,9.0,264.0,426.0,68.0,36.0,58.53974629243545,52,8,7,0,0.1333333333333333,0.25,308.0,0.1597091362794005,0.1900641113390761,0.0292207792207792,0.0994660881634798,36,0,68,36,24,104,4,7,0,0.7496468789669437,0.3530323246498424,6,60,100,32,0,68,0.7496468789669437,nenhuma,58.53974629243545,0.0,63,0,terminal,0.9533333333333333,j6016_3.sm,4,adaptativa,0,2.339622641509434,0.6
True,213,53,0.6957908021481695,0.0,38.55147241226969,193.0,536.0,0.0,123.0,111.34648682501292,36,24,5,0,0.4,0.4833333333333333,308.0,0.2655238336871442,0.3615145676136783,0.1251671182216548,0.1445407861648439,50,0,0,123,10,123,16,8,107,0.6863255838987572,0.3910769205246226,18,60,0,0,107,0,0.6863255838987572,nenhuma,111.34648682501292,0.0,127,0,terminal,0.25,j6016_3.sm,5,centralizada,0,4.018867924528302,0.8333333333333334
True,125,53,0.6390315506253932,0.0,8.320036973946847,285.0,419.0,86.0,51.0,99.67967589384656,53,7,19,0,0.1166666666666666,0.4333333333333333,308.0,0.2445048938858595,0.3236353113436576,0.0270131070582689,0.1520249590746572,42,0,86,51,18,137,14,15,0,0.6863255838987572,0.3910769205246226,18,60,123,37,0,86,0.6863255838987572,nenhuma,99.67967589384658,0.0,109,0,terminal,0.96,j6016_3.sm,5,adaptativa,0,2.358490566037736,0.7
True,228,53,0.7890724180593693,3.552713678800501e-15,23.892772668184968,227.0,527.0,0.0,64.0,76.87279334398036,41,19,3,0,0.3166666666666666,0.3666666666666666,308.0,0.1997355871171575,0.2495869913765596,0.0775739372343667,0.1151009505254511,37,0,0,64,23,64,1,9,63,0.7631789564580391,0.2436049793851584,6,60,0,0,63,0,0.7631789564580391,nenhuma,76.87279334398035,0.0,84,0,terminal,0.25,j6016_3.sm,6,centralizada,0,4.30188679245283,0.6166666666666667
True,133,53,0.6884483835080228,0.0,11.292968427341942,277.0,434.0,41.0,64.0,91.40310703982112,56,4,18,0,0.0666666666666666,0.3666666666666666,308.0,0.2288492638859419,0.2967633345448738,0.0366654819069543,0.1449915237077779,37,0,41,64,23,105,1,46,0,0.7631789564580391,0.2436049793851584,6,60,104,63,0,41,0.7631789564580391,nenhuma,91.40310703982112,0.0,100,0,terminal,0.8607391199200611,j6016_3.sm,6,adaptativa,0,2.509433962264151,0.6166666666666667
True,183,53,0.6940012116242632,1.3322676295501878e-15,56.58349403790689,187.0,545.0,0.0,133.0,107.30122263686567,42,18,2,0,0.3,0.3333333333333333,308.0,0.2583696285688245,0.3483805929768366,0.1837126429802171,0.1366370248050451,44,0,0,133,16,133,22,12,111,0.5858494645010164,0.4310024134004245,28,60,0,0,111,0,0.5858494645010164,nenhuma,107.30122263686567,0.0,118,0,terminal,0.25,j6016_3.sm,7,centralizada,0,3.452830188679245,0.7333333333333333
True,123,53,0.6998456023603398,0.0,0.5,307.0,411.0,77.0,40.0,59.27239067279638,59,1,14,0,0.0166666666666666,0.25,308.0,0.1613853700361654,0.1924428268597285,0.0016233766233766,0.1009282772597094,45,0,77,40,15,117,1,10,0,0.5858494645010164,0.4310024134004245,28,60,116,39,0,77,0.5858494645010164,nenhuma,59.27239067279638,0.0,66,0,terminal,0.905,j6016_3.sm,7,adaptativa,0,2.320754716981132,0.75
True,205,53,0.6175884367842225,2.220446049250313e-15,63.7806866592655,125.0,557.0,0.0,176.0,168.8951243651744,31,29,5,0,0.4833333333333333,0.5666666666666667,308.0,0.3541556953219044,0.5483607933934234,0.2070801514911217,0.187266922508375,58,0,0,176,2,176,19,13,157,0.5273323364698471,0.2724902104363956,37,60,0,0,157,0,0.5273323364698471,nenhuma,168.89512436517438,0.0,182,0,terminal,0.25,j6016_3.sm,8,centralizada,0,3.867924528301887,0.9666666666666668
True,153,53,0.6154852827307884,0.0,13.655088474874807,247.0,476.0,130.0,44.0,123.37348813294228,51,9,20,0,0.15,0.4833333333333333,308.0,0.2860015543999323,0.4005632731589035,0.0443347028405026,0.1595263996323267,50,0,130,44,10,174,9,6,0,0.5273323364698471,0.2724902104363956,37,60,165,35,0,130,0.5273323364698471,nenhuma,123.37348813294226,0.0,135,0,terminal,0.9602772772018872,j6016_3.sm,8,adaptativa,0,2.8867924528301887,0.8333333333333334
True,269,53,0.687177153750667,0.0,52.98431147965252,150.0,554.0,0.0,124.0,128.1967674219441,34,26,1,0,0.4333333333333333,0.45,308.0,0.2938966471017795,0.4162232708504678,0.1720269853235471,0.1590142414387144,44,0,0,124,16,124,19,7,105,0.6872143627230507,0.3512385487549321,18,60,0,0,105,0,0.6872143627230507,nenhuma,128.19676742194412,0.0,140,0,terminal,0.25,j6016_3.sm,9,centralizada,0,5.075471698113208,0.7333333333333333
True,139,53,0.625855040937987,0.0,9.5,261.0,422.0,96.0,60.0,96.27754415389292,52,8,15,0,0.1333333333333333,0.3833333333333333,308.0,0.238147148032649,0.3125894290710809,0.0308441558441558,0.1427862235493922,44,0,96,60,16,156,14,15,0,0.6872143627230507,0.3512385487549321,18,60,142,46,0,96,0.6872143627230507,nenhuma,96.27754415389292,0.0,106,0,terminal,0.96,j6016_3.sm,9,adaptativa,0,2.6226415094339623,0.7333333333333333
True,175,53,0.6550504150476851,0.0,33.80973084598135,187.0,549.0,0.0,201.0,88.10343049707856,39,21,0,0,0.35,0.35,308.0,0.2224253154952879,0.2860500990164888,0.1097718533960433,0.1051223838146378,52,0,0,201,8,201,27,16,174,0.5820371027673271,0.4175993861121362,28,60,0,0,174,0,0.5820371027673271,nenhuma,88.10343049707855,0.0,96,0,terminal,0.25,j6016_3.sm,10,centralizada,0,3.30188679245283,0.8666666666666667
True,141,53,0.6622767002676935,0.0,1.0849736950791633,306.0,434.0,113.0,42.0,66.31521767952331,59,1,18,0,0.0166666666666666,0.3166666666666666,308.0,0.1771640973899711,0.2153091483101406,0.0035226418671401,0.1011959067795587,46,0,113,42,14,155,10,7,0,0.5820371027673271,0.4175993861121362,28,60,145,32,0,113,0.5820371027673271,nenhuma,66.31521767952333,0.0,75,0,terminal,0.9633333333333332,j6016_3.sm,10,adaptativa,0,2.660377358490566,0.7666666666666667
True,256,53,0.7315371878121683,0.0,33.03084068979724,175.0,543.0,0.0,79.0,120.27258579152696,38,22,4,0,0.3666666666666666,0.4333333333333333,308.0,0.2808318575171954,0.3904954084140485,0.1072429892525884,0.1620329082519915,43,0,0,79,17,79,8,5,71,0.7131697048371954,0.486713896835989,11,60,0,0,71,0,0.7131697048371954,nenhuma,120.27258579152696,0.0,132,0,terminal,0.25,j6016_3.sm,11,centralizada,0,4.830188679245283,0.7166666666666667
True,134,53,0.6973544749763069,0.0,12.399762044461887,281.0,431.0,49.0,28.0,110.05009570583675,54,6,20,0,0.1,0.4333333333333333,308.0,0.2632461918709238,0.357305505538431,0.0402589676768243,0.1780601547843065,42,0,49,28,18,77,2,7,0,0.7131697048371954,0.486713896835989,11,60,75,26,0,49,0.7131697048371954,nenhuma,110.05009570583675,0.0,121,0,terminal,0.975,j6016_3.sm,11,adaptativa,0,2.5283018867924527,0.7
True,172,69,0.7075405708872391,0.0,17.32696213038855,272.0,471.0,0.0,164.0,30.686208508689635,53,7,3,0,0.1166666666666666,0.1666666666666666,305.0,0.0914133727596833,0.1006105197006217,0.0568097119029132,0.0460971071902401,29,0,0,164,31,164,20,7,144,0.6268507180531939,0.4857196752206667,20,60,0,0,144,0,0.6268507180531939,nenhuma,30.68620850868963,0.0,33,0,terminal,0.25,j6017_4.sm,0,centralizada,0,2.4927536231884058,0.4833333333333333
True,126,69,0.668096921048953,0.0,8.271713883399313,263.0,358.0,91.0,41.0,45.85039643337692,54,6,7,0,0.1,0.2166666666666666,305.0,0.130683610163979,0.1503291686340226,0.0271203733881944,0.0855656667207067,20,0,91,41,40,132,13,2,0,0.6268507180531939,0.4857196752206667,20,60,119,28,0,91,0.6268507180531939,nenhuma,45.85039643337692,0.0,51,0,terminal,0.9933333333333332,j6017_4.sm,0,adaptativa,0,1.826086956521739,0.3333333333333333
True,276,69,0.7064973795469762,7.771561172376097e-16,21.970783017602777,199.0,501.0,0.0,142.0,66.13214189308631,41,19,1,0,0.3166666666666666,0.3333333333333333,305.0,0.1781902843438909,0.2168266947314305,0.0720353541560746,0.0932578541942001,37,0,0,142,23,142,7,9,135,0.6586427040007742,0.3936211322074767,18,60,0,0,135,0,0.6586427040007742,nenhuma,66.13214189308631,0.0,71,0,terminal,0.25,j6017_4.sm,1,centralizada,0,4.0,0.6166666666666667
True,115,69,0.7095007319157778,0.0,10.81259668643535,262.0,353.0,67.0,33.0,44.53296102575878,54,6,8,0,0.1,0.2333333333333333,305.0,0.1274070430870665,0.1460097082811763,0.0354511366768372,0.0895075593262115,23,0,67,33,37,100,11,6,0,0.6586427040007742,0.3936211322074767,18,60,89,22,0,67,0.6586427040007742,nenhuma,44.53296102575878,0.0,47,0,terminal,0.9666666666666668,j6017_4.sm,1,adaptativa,0,1.6666666666666667,0.3833333333333333
True,173,69,0.7842226753266105,0.0,24.085833774039287,240.0,498.0,0.0,75.0,62.023719242235096,49,11,2,0,0.1833333333333333,0.2166666666666666,305.0,0.168991037882485,0.2033564565319183,0.0789699468001288,0.0976715000760083,27,0,0,75,33,75,2,17,73,0.7659648859265082,0.2570239140832174,5,60,0,0,73,0,0.7659648859265082,nenhuma,62.02371924223509,0.0,67,0,terminal,0.25,j6017_4.sm,2,centralizada,0,2.5072463768115942,0.45
True,141,69,0.7587087401936854,0.0,5.869928037125417,271.0,405.0,33.0,24.0,71.80167980747188,53,7,14,0,0.1166666666666666,0.35,305.0,0.1905556255592045,0.2354153436310553,0.0192456656954931,0.1345100297049812,23,0,33,24,37,57,0,3,0,0.7659648859265082,0.2570239140832174,5,60,57,24,0,33,0.7659648859265082,nenhuma,71.80167980747188,0.0,77,0,terminal,0.8599999999999999,j6017_4.sm,2,adaptativa,0,2.0434782608695654,0.3833333333333333
True,224,69,0.7100785072926747,0.0,26.37695461926074,215.0,499.0,0.0,131.0,72.73919696928095,43,17,1,0,0.2833333333333333,0.3,305.0,0.1925645989425777,0.238489170391085,0.0864818184238057,0.1035080970052402,32,0,0,131,28,131,0,9,131,0.794910294566222,0.2433201962422982,4,60,0,0,131,0,0.794910294566222,nenhuma,72.73919696928098,0.0,81,0,terminal,0.25,j6017_4.sm,3,centralizada,0,3.246376811594203,0.5333333333333333
True,128,69,0.7046906094331575,0.0,4.075399603827584,294.0,401.0,95.0,48.0,25.04405228637625,58,2,7,0,0.0333333333333333,0.15,305.0,0.07588093805322,0.0821116468405778,0.0133619659141888,0.0440107443101305,23,0,95,48,37,143,0,11,0,0.794910294566222,0.2433201962422982,4,60,143,48,0,95,0.794910294566222,nenhuma,25.04405228637625,0.0,28,0,terminal,0.8533333333333332,j6017_4.sm,3,adaptativa,0,1.855072463768116,0.3833333333333333
True,185,69,0.7289570344618773,6.217248937900877e-15,28.24299942281349,203.0,481.0,0.0,111.0,67.84684591881143,44,16,2,0,0.2666666666666666,0.3,305.0,0.1819697461879167,0.222448675143644,0.0925999981075852,0.1028221114315357,27,0,0,111,33,111,0,4,111,0.7496468789669437,0.3530323246498424,6,60,0,0,111,0,0.7496468789669437,nenhuma,67.84684591881143,0.0,75,0,terminal,0.25,j6017_4.sm,4,centralizada,0,2.681159420289855,0.45
True,136,69,0.6666562000650382,0.0,9.583559394106526,283.0,396.0,88.0,50.0,60.00932588846654,56,4,15,0,0.0666666666666666,0.3166666666666666,305.0,0.1644049114153406,0.1967518881589067,0.0314215062101853,0.1010242150638121,28,0,88,50,32,138,4,13,0,0.7496468789669437,0.3530323246498424,6,60,134,46,0,88,0.7496468789669437,nenhuma,60.009325888466535,0.0,67,0,terminal,0.925,j6017_4.sm,4,adaptativa,0,1.9710144927536235,0.4666666666666667
True,190,69,0.70079255907731,2.664535259100376e-15,26.89987098633724,217.0,488.0,0.0,136.0,72.35442568414146,46,14,1,0,0.2333333333333333,0.25,305.0,0.1917412934881134,0.2372276251939064,0.0881962983158598,0.1039045965896691,29,0,0,136,31,136,5,12,131,0.6863255838987572,0.3910769205246226,12,60,0,0,131,0,0.6863255838987572,nenhuma,72.35442568414146,0.0,77,0,terminal,0.25,j6017_4.sm,5,centralizada,0,2.753623188405797,0.4833333333333333
True,145,69,0.6356988967110383,8.881784197001252e-16,16.19786147376037,259.0,373.0,89.0,46.0,78.75577687772831,52,8,13,0,0.1333333333333333,0.35,305.0,0.2052236907506446,0.2582156618941911,0.0531077425369192,0.1342224141308112,27,0,89,46,33,135,6,4,0,0.6863255838987572,0.3910769205246226,12,60,129,40,0,89,0.6863255838987572,nenhuma,78.75577687772831,0.0,84,0,terminal,0.9622005006729112,j6017_4.sm,5,adaptativa,0,2.101449275362319,0.45
True,177,69,0.7505289257930864,1.3322676295501878e-15,26.322076466782992,217.0,499.0,0.0,82.0,83.86444805935366,43,17,4,0,0.2833333333333333,0.35,305.0,0.2156649919474077,0.2749654034732907,0.0863018900550262,0.1261376635555446,22,0,0,82,38,82,2,23,80,0.7631789564580391,0.2436049793851584,5,60,0,0,80,0,0.7631789564580391,nenhuma,83.86444805935366,0.0,91,0,terminal,0.25,j6017_4.sm,6,centralizada,0,2.565217391304348,0.3666666666666666
True,145,69,0.7281637775800425,0.0,8.469716036108666,271.0,395.0,45.0,38.0,64.46038070271919,55,5,14,0,0.0833333333333333,0.3166666666666666,305.0,0.1744716999969376,0.2113455105007186,0.0277695607741267,0.1188296564980751,19,0,45,38,41,83,1,19,0,0.7631789564580391,0.2436049793851584,5,60,82,37,0,45,0.7631789564580391,nenhuma,64.46038070271919,0.0,70,0,terminal,0.8901419166777936,j6017_4.sm,6,adaptativa,0,2.101449275362319,0.3166666666666666
True,176,69,0.6963559396216165,1.3322676295501878e-15,30.847900746127912,224.0,491.0,0.0,132.0,82.09917710588905,43,17,4,0,0.2833333333333333,0.35,305.0,0.2120882243142336,0.2691776298553739,0.1011406581840259,0.1164363535961973,35,0,0,132,25,132,2,5,130,0.5858494645010164,0.4310024134004245,21,60,0,0,130,0,0.5858494645010164,nenhuma,82.09917710588905,0.0,88,0,terminal,0.25,j6017_4.sm,7,centralizada,0,2.550724637681159,0.5833333333333334
True,124,69,0.6716559757189067,0.0,5.0,280.0,349.0,92.0,39.0,39.61124834249862,57,3,7,0,0.05,0.1666666666666666,305.0,0.1149447341983747,0.1298729453852413,0.0163934426229508,0.076232468925286,24,0,92,39,36,131,17,4,0,0.5858494645010164,0.4310024134004245,21,60,114,22,0,92,0.5858494645010164,nenhuma,39.61124834249862,0.0,43,0,terminal,1.0,j6017_4.sm,7,adaptativa,0,1.7971014492753623,0.4
True,196,69,0.612154033964031,5.3290705182007506e-15,35.28071179838251,182.0,526.0,0.0,226.0,107.26085726146944,38,22,3,0,0.3666666666666666,0.4166666666666667,305.0,0.2601771557308946,0.3516749418408834,0.1156744649127295,0.1248292138004727,53,0,0,226,7,226,18,16,208,0.5273323364698471,0.2724902104363956,26,60,0,0,208,0,0.5273323364698471,nenhuma,107.26085726146944,0.0,118,0,terminal,0.25,j6017_4.sm,8,centralizada,0,2.840579710144928,0.8833333333333333
True,166,69,0.5523995306883387,0.0,4.5,296.0,384.0,184.0,66.0,61.14903374646612,59,1,16,0,0.0166666666666666,0.2833333333333333,305.0,0.1670058585728994,0.2004886352343151,0.0147540983606557,0.0879653581864408,45,0,184,66,15,250,19,3,0,0.5273323364698471,0.2724902104363956,26,60,231,47,0,184,0.5273323364698471,nenhuma,61.14903374646612,0.0,67,0,terminal,0.9533333333333333,j6017_4.sm,8,adaptativa,0,2.4057971014492754,0.75
True,256,69,0.7438092860419143,8.881784197001252e-16,24.12918190233753,208.0,471.0,0.0,101.0,61.22683494093768,44,16,3,0,0.2666666666666666,0.3166666666666666,305.0,0.1671828197701893,0.2007437211178284,0.0791120718109427,0.0966902088832802,27,0,0,101,33,101,17,6,84,0.6872143627230507,0.3512385487549321,12,60,0,0,84,0,0.6872143627230507,nenhuma,61.22683494093769,0.0,66,0,terminal,0.25,j6017_4.sm,9,centralizada,0,3.710144927536232,0.45
True,132,69,0.6397497464583454,0.0,8.542652182443971,282.0,360.0,103.0,45.0,54.7200354403577,56,4,10,0,0.0666666666666666,0.2333333333333333,305.0,0.1521183977794597,0.1794099522634678,0.0280086956801441,0.0972420244421125,20,0,103,45,40,148,5,1,0,0.6872143627230507,0.3512385487549321,12,60,143,40,0,103,0.6872143627230507,nenhuma,54.7200354403577,0.0,59,0,terminal,0.9410929841698884,j6017_4.sm,9,adaptativa,0,1.9130434782608696,0.3333333333333333
True,222,69,0.6573716684091107,3.552713678800501e-15,33.71154876898465,193.0,532.0,0.0,179.0,98.28343213737888,41,19,3,0,0.3166666666666666,0.3666666666666666,305.0,0.2437080829640889,0.3222407611061602,0.1105296680950316,0.1214450070697788,36,0,0,179,24,179,20,4,159,0.5820371027673271,0.4175993861121362,21,60,0,0,159,0,0.5820371027673271,nenhuma,98.28343213737888,0.0,108,0,terminal,0.25,j6017_4.sm,10,centralizada,0,3.217391304347826,0.6
True,158,69,0.5877272243485332,0.0,8.591899289293224,263.0,393.0,154.0,57.0,64.67754924169316,55,5,11,0,0.0833333333333333,0.2666666666666666,305.0,0.1749566598630725,0.2120575384973546,0.02817016160424,0.096724571230244,27,0,154,57,33,211,23,8,0,0.5820371027673271,0.4175993861121362,21,60,188,34,0,154,0.5820371027673271,nenhuma,64.67754924169316,0.0,70,0,terminal,0.9933333333333332,j6017_4.sm,10,adaptativa,0,2.289855072463768,0.45
True,231,69,0.7113325307665151,0.0,21.50486938807505,207.0,524.0,0.0,129.0,83.64562962606249,40,20,4,0,0.3333333333333333,0.4,305.0,0.2152233892519069,0.2742479659870901,0.0705077684854919,0.1135493462012702,34,0,0,129,26,129,6,8,123,0.7131697048371954,0.486713896835989,10,60,0,0,123,0,0.7131697048371954,nenhuma,83.64562962606249,0.0,93,0,terminal,0.25,j6017_4.sm,11,centralizada,0,3.347826086956522,0.5666666666666667
True,150,69,0.6330591198478033,0.0,11.10891020861622,268.0,379.0,93.0,37.0,89.68026242338497,54,6,17,0,0.1,0.3833333333333333,305.0,0.2272225671300034,0.2940336472897868,0.0364226564216925,0.1497965910223433,23,0,93,37,37,130,10,6,0,0.7131697048371954,0.486713896835989,10,60,120,27,0,93,0.7131697048371954,nenhuma,89.68026242338497,0.0,97,0,terminal,0.9833333333333334,j6017_4.sm,11,adaptativa,0,2.1739130434782608,0.3833333333333333
True,178,78,0.731639400495573,0.0,38.31336536189788,246.0,517.0,0.0,126.0,63.63225579405948,46,14,2,0,0.2333333333333333,0.2666666666666666,333.0,0.1604313690188092,0.1910878552374158,0.1150551512369305,0.0900500299445776,26,0,0,126,34,126,1,6,125,0.6268507180531939,0.4857196752206667,15,60,0,0,125,0,0.6268507180531939,nenhuma,63.63225579405948,0.0,70,0,terminal,0.25,j6018_8.sm,0,centralizada,0,2.282051282051282,0.4333333333333333
True,117,78,0.684272209095601,0.0,2.5,328.0,392.0,128.0,39.0,13.871431558070068,59,1,5,0,0.0166666666666666,0.1,333.0,0.0399901239942495,0.041655950624835,0.0075075075075075,0.0242138650907118,25,0,128,39,35,167,23,3,0,0.6268507180531939,0.4857196752206667,15,60,144,16,0,128,0.6268507180531939,nenhuma,13.871431558070068,0.0,16,0,terminal,1.0,j6018_8.sm,0,adaptativa,0,1.5,0.4166666666666667
True,230,78,0.7352720096108781,0.0,15.050426253851082,269.0,491.0,0.0,125.0,51.78007809633314,49,11,5,0,0.1833333333333333,0.2666666666666666,333.0,0.1345705795178136,0.1554957300190184,0.04519647523679,0.077540615233603,25,0,0,125,35,125,11,13,114,0.6586427040007742,0.3936211322074767,13,60,0,0,114,0,0.6586427040007742,nenhuma,51.780078096333135,0.0,59,0,terminal,0.25,j6018_8.sm,1,centralizada,0,2.948717948717949,0.4166666666666667
True,119,78,0.7003182331590452,0.0,3.5,319.0,403.0,82.0,51.0,39.45267411090964,58,2,11,0,0.0333333333333333,0.2166666666666666,333.0,0.1059266770069191,0.1184764988315604,0.0105105105105105,0.0685593722748184,18,0,82,51,42,133,11,17,0,0.6586427040007742,0.3936211322074767,13,60,122,40,0,82,0.6586427040007742,nenhuma,39.45267411090964,0.0,44,0,terminal,0.9606387257432066,j6018_8.sm,1,adaptativa,0,1.5256410256410255,0.3
True,281,78,0.7683039965563987,0.0,22.54382742311664,267.0,526.0,0.0,101.0,57.62483907096023,47,13,3,0,0.2166666666666666,0.2666666666666666,333.0,0.1475196487965585,0.1730475647776583,0.0676991814508007,0.084169950872886,30,0,0,101,30,101,3,23,98,0.7659648859265082,0.2570239140832174,3,60,0,0,98,0,0.7659648859265082,nenhuma,57.62483907096024,0.0,63,0,terminal,0.25,j6018_8.sm,2,centralizada,0,3.602564102564102,0.5
True,137,78,0.6772834886760025,0.0,6.5,302.0,435.0,86.0,50.0,71.27167393430189,56,4,12,0,0.0666666666666666,0.2666666666666666,333.0,0.1762964821173304,0.2140290508537594,0.0195195195195195,0.1109681102666724,24,0,86,50,36,136,4,13,0,0.7659648859265082,0.2570239140832174,3,60,132,46,0,86,0.7659648859265082,nenhuma,71.27167393430189,0.0,76,0,terminal,0.8649999999999999,j6018_8.sm,2,adaptativa,0,1.7564102564102564,0.4
True,192,78,0.7232723837819202,0.0,29.9897267488262,216.0,530.0,0.0,125.0,77.78063961004858,43,17,1,0,0.2833333333333333,0.3,333.0,0.189348358004129,0.2335754943244702,0.0900592394859645,0.1061445068355514,28,0,0,125,32,125,0,18,125,0.794910294566222,0.2433201962422982,1,60,0,0,125,0,0.794910294566222,nenhuma,77.78063961004858,0.0,81,0,terminal,0.25,j6018_8.sm,3,centralizada,0,2.4615384615384617,0.4666666666666667
True,139,78,0.6489490012364538,0.0,6.924971146378334,309.0,429.0,90.0,73.0,69.0688962963482,56,4,13,0,0.0666666666666666,0.2833333333333333,333.0,0.1717837339137032,0.2074141029920366,0.0207957091482832,0.1044806323263854,22,0,90,73,38,163,0,25,3,0.794910294566222,0.2433201962422982,1,60,160,70,3,90,0.794910294566222,nenhuma,69.06889629634821,0.0,74,0,terminal,0.8233333333333333,j6018_8.sm,3,adaptativa,0,1.7820512820512822,0.3666666666666666
True,302,78,0.7009919095136636,0.0,27.681239572495777,244.0,523.0,0.0,149.0,74.08564364579973,45,15,4,0,0.25,0.3166666666666666,333.0,0.1819903128548074,0.2224794103477469,0.0831268455630503,0.0992991143533804,30,0,0,149,30,149,3,22,146,0.7496468789669437,0.3530323246498424,3,60,0,0,146,0,0.7496468789669437,nenhuma,74.08564364579973,0.0,81,0,terminal,0.25,j6018_8.sm,4,centralizada,0,3.871794871794872,0.5
True,125,78,0.6735201339176896,0.0,4.5,313.0,428.0,102.0,59.0,46.46726882600596,56,4,7,0,0.0666666666666666,0.1833333333333333,333.0,0.1224539575436009,0.1395413478258437,0.0135135135135135,0.0731229932768243,20,0,102,59,40,161,5,10,0,0.7496468789669437,0.3530323246498424,3,60,156,54,0,102,0.7496468789669437,nenhuma,46.46726882600596,0.0,53,0,terminal,0.8783333333333333,j6018_8.sm,4,adaptativa,0,1.6025641025641026,0.3333333333333333
True,166,78,0.6823114364390461,0.0,34.13784756628903,232.0,536.0,0.0,153.0,96.56502408542478,45,15,3,0,0.25,0.3,333.0,0.2247972220061881,0.2899850573135879,0.1025160587576247,0.1229242915923456,32,0,0,153,28,153,7,28,146,0.6863255838987572,0.3910769205246226,12,60,0,0,146,0,0.6863255838987572,nenhuma,96.56502408542478,0.0,105,0,terminal,0.25,j6018_8.sm,5,centralizada,0,2.128205128205128,0.5333333333333333
True,126,78,0.6275100557797917,0.0,7.0,316.0,393.0,99.0,69.0,65.28478441134838,56,4,15,0,0.0666666666666666,0.3166666666666666,333.0,0.1639148342255582,0.1960504036376828,0.021021021021021,0.1042413707570913,27,0,99,69,33,168,13,21,0,0.6863255838987572,0.3910769205246226,12,60,155,56,0,99,0.6863255838987572,nenhuma,65.28478441134838,0.0,70,0,terminal,0.9366666666666664,j6018_8.sm,5,adaptativa,0,1.6153846153846154,0.45
True,202,78,0.7547610108004823,0.0,32.769434014173484,197.0,572.0,0.0,90.0,95.85578721580995,38,22,1,0,0.3666666666666666,0.3833333333333333,333.0,0.2235152003850029,0.2878552168642942,0.0984067087512717,0.1264828861015396,27,0,0,90,33,90,8,44,82,0.7631789564580391,0.2436049793851584,3,60,0,0,82,0,0.7631789564580391,nenhuma,95.85578721580995,0.0,105,0,terminal,0.25,j6018_8.sm,6,centralizada,0,2.58974358974359,0.45
True,132,78,0.7388793008741136,0.0,5.152648158300977,315.0,442.0,42.0,48.0,66.20325116308226,57,3,12,0,0.05,0.25,333.0,0.1658384569018375,0.198808562051298,0.0154734178927957,0.1106701627488044,13,0,42,48,47,90,2,24,0,0.7631789564580391,0.2436049793851584,3,60,88,46,0,42,0.7631789564580391,nenhuma,66.20325116308226,0.0,73,0,terminal,0.8966666666666666,j6018_8.sm,6,adaptativa,0,1.6923076923076923,0.2166666666666666
True,188,78,0.7025927922194419,5.3290705182007506e-15,41.2438842354886,256.0,522.0,0.0,165.0,55.962361385800925,48,12,1,0,0.2,0.2166666666666666,333.0,0.1438760325971319,0.1680551392966994,0.1238555082146804,0.075323279205447,37,0,0,165,23,165,15,4,150,0.5858494645010164,0.4310024134004245,19,60,0,0,150,0,0.5858494645010164,nenhuma,55.962361385800925,0.0,61,0,terminal,0.25,j6018_8.sm,7,centralizada,0,2.41025641025641,0.6166666666666667
True,127,78,0.6792869210860936,0.0,8.5,313.0,394.0,79.0,45.0,62.020000046584215,56,4,11,0,0.0666666666666666,0.25,333.0,0.1570047087217616,0.1862462463861388,0.0255255255255255,0.1069273474045775,27,0,79,45,33,124,20,5,0,0.5858494645010164,0.4310024134004245,19,60,104,25,0,79,0.5858494645010164,nenhuma,62.020000046584215,0.0,68,0,terminal,0.9583333333333334,j6018_8.sm,7,adaptativa,0,1.6282051282051282,0.45
True,226,78,0.5880789870713681,8.881784197001252e-16,40.78299693280329,207.0,570.0,0.0,260.0,139.25755303483746,35,25,6,0,0.4166666666666667,0.5166666666666667,333.0,0.2948762854928118,0.4181908499544668,0.1224714622606705,0.1436744574223939,47,0,0,260,13,260,26,11,234,0.5273323364698471,0.2724902104363956,27,60,0,0,234,0,0.5273323364698471,nenhuma,139.25755303483746,0.0,153,0,terminal,0.25,j6018_8.sm,8,centralizada,0,2.8974358974358974,0.7833333333333333
True,164,78,0.566529547475085,0.0,7.018474773986585,300.0,447.0,161.0,78.0,103.01445121828944,55,5,18,0,0.0833333333333333,0.3833333333333333,333.0,0.236263846141915,0.3093527063612296,0.0210765008227825,0.1305609181925989,44,0,161,78,16,239,19,20,0,0.5273323364698471,0.2724902104363956,27,60,220,59,0,161,0.5273323364698471,nenhuma,103.01445121828948,0.0,114,0,terminal,0.98,j6018_8.sm,8,adaptativa,0,2.102564102564102,0.7333333333333333
True,260,78,0.7257839293478058,2.664535259100376e-15,23.58389672823747,248.0,515.0,0.0,135.0,59.57757422761118,45,15,1,0,0.25,0.2666666666666666,333.0,0.1517600039809429,0.1789116343171506,0.0708225126974098,0.083962030920245,32,0,0,135,28,135,13,11,122,0.6872143627230507,0.3512385487549321,12,60,0,0,122,0,0.6872143627230507,nenhuma,59.57757422761117,0.0,66,0,terminal,0.25,j6018_8.sm,9,centralizada,0,3.333333333333333,0.5333333333333333
True,135,78,0.5952816845597625,0.0,6.53258976563747,293.0,401.0,143.0,70.0,59.63066998534895,55,5,7,0,0.0833333333333333,0.2,333.0,0.151874712150159,0.1790710810370839,0.019617386683596,0.0885213109234558,27,0,143,70,33,213,13,9,0,0.6872143627230507,0.3512385487549321,12,60,200,57,0,143,0.6872143627230507,nenhuma,59.63066998534895,0.0,64,0,terminal,0.96,j6018_8.sm,9,adaptativa,0,1.7307692307692308,0.45
True,195,78,0.6761987747436727,1.7763568394002505e-15,50.11131258341887,226.0,577.0,0.0,170.0,106.2993870311638,45,15,3,0,0.25,0.3,333.0,0.2419748130074739,0.3192173784719633,0.150484422172429,0.124574549855245,42,0,0,170,18,170,25,4,145,0.5820371027673271,0.4175993861121362,19,60,0,0,145,0,0.5820371027673271,nenhuma,106.29938703116376,0.0,114,0,terminal,0.25,j6018_8.sm,10,centralizada,0,2.5,0.7
True,140,78,0.6083334447292249,0.0,7.48888110196617,293.0,426.0,146.0,58.0,70.2738443710204,54,6,10,0,0.1,0.2666666666666666,333.0,0.174258373936017,0.2110325656787399,0.0224891324383368,0.1003519479356532,31,0,146,58,29,204,26,15,0,0.5820371027673271,0.4175993861121362,19,60,178,32,0,146,0.5820371027673271,nenhuma,70.27384437102042,0.0,77,0,terminal,0.9716666666666668,j6018_8.sm,10,adaptativa,0,1.794871794871795,0.5166666666666667
True,247,78,0.7385980592591329,0.0,23.0761626515128,251.0,544.0,0.0,109.0,83.53050286331812,44,16,7,0,0.2666666666666666,0.3833333333333333,333.0,0.2005387415546086,0.2508423509408952,0.0692977857402786,0.1134107854849011,35,0,0,109,25,109,6,10,103,0.7131697048371954,0.486713896835989,8,60,0,0,103,0,0.7131697048371954,nenhuma,83.53050286331813,0.0,91,0,terminal,0.25,j6018_8.sm,11,centralizada,0,3.1666666666666665,0.5833333333333334
True,125,78,0.7369633471914427,0.0,9.0,296.0,403.0,66.0,31.0,46.83859317539663,53,7,11,0,0.1166666666666666,0.3,333.0,0.1233118330178949,0.140656435962152,0.027027027027027,0.0856534153952321,17,0,66,31,43,97,9,3,0,0.7131697048371954,0.486713896835989,8,60,88,22,0,66,0.7131697048371954,nenhuma,46.83859317539663,0.0,51,0,terminal,0.995,j6018_8.sm,11,adaptativa,0,1.6025641025641026,0.2833333333333333
True,174,60,0.8198876137449909,1.7763568394002505e-15,31.319330875291516,241.0,540.0,0.0,54.0,64.62685439709033,46,14,2,0,0.2333333333333333,0.2666666666666666,315.0,0.1702378365717261,0.20516461713362,0.0994264472231476,0.0981236248805099,38,0,0,54,22,54,4,3,50,0.6268507180531939,0.4857196752206667,12,60,0,0,50,0,0.6268507180531939,nenhuma,64.62685439709031,0.0,73,0,terminal,0.25,j6019_7.sm,0,centralizada,0,2.9,0.6333333333333333
True,108,60,0.8402482291797045,0.0,3.5,308.0,414.0,29.0,19.0,30.71154121225465,59,1,7,0,0.0166666666666666,0.1333333333333333,315.0,0.0888357417995451,0.0974969562293798,0.0111111111111111,0.0623316862777209,25,0,29,19,35,48,8,6,0,0.6268507180531939,0.4857196752206667,12,60,40,11,0,29,0.6268507180531939,nenhuma,30.71154121225465,0.0,34,0,terminal,0.9795194845213704,j6019_7.sm,0,adaptativa,0,1.8,0.4166666666666667
True,194,60,0.8144327841875099,0.0,33.74850687217904,236.0,527.0,0.0,58.0,62.07611264168713,46,14,2,0,0.2333333333333333,0.2666666666666666,315.0,0.1646248875506848,0.1970670242593242,0.1071381170545366,0.0959332471542822,26,0,0,58,34,58,8,17,50,0.6586427040007742,0.3936211322074767,10,60,0,0,50,0,0.6586427040007742,nenhuma,62.07611264168713,0.0,68,0,terminal,0.25,j6019_7.sm,1,centralizada,0,3.2333333333333334,0.4333333333333333
True,113,60,0.8427197942354911,0.0,4.511778720751883,303.0,432.0,13.0,30.0,37.625908344667565,56,4,7,0,0.0666666666666666,0.1833333333333333,315.0,0.1067020529526458,0.1194473280783097,0.0143231070500059,0.0733983743938465,30,0,13,30,30,43,6,21,0,0.6586427040007742,0.3936211322074767,10,60,37,24,0,13,0.6586427040007742,nenhuma,37.62590834466758,0.0,42,0,terminal,0.9086557050009364,j6019_7.sm,1,adaptativa,0,1.8833333333333333,0.5
True,230,60,0.783915794284454,6.661338147750939e-15,30.643555964659168,204.0,567.0,0.0,59.0,97.29197106884249,41,19,3,0,0.3166666666666666,0.3666666666666666,315.0,0.2359783306393738,0.3088634002185475,0.097281130046537,0.1345127209487333,41,0,0,59,19,59,8,9,51,0.7659648859265082,0.2570239140832174,2,60,0,0,51,0,0.7659648859265082,nenhuma,97.29197106884246,0.0,106,0,terminal,0.25,j6019_7.sm,2,centralizada,0,3.8333333333333335,0.6833333333333333
True,128,60,0.6713030333831174,0.0,8.765615224566877,298.0,459.0,48.0,61.0,115.74486211809725,57,3,27,0,0.05,0.5,315.0,0.2687086307865548,0.3674440067241182,0.0278273499192599,0.1692807778614147,39,0,48,61,21,109,8,39,0,0.7659648859265082,0.2570239140832174,2,60,101,53,0,48,0.7659648859265082,nenhuma,115.74486211809726,0.0,128,0,terminal,0.8783333333333333,j6019_7.sm,2,adaptativa,0,2.1333333333333333,0.65
True,237,60,0.7071783164583235,0.0,30.68956850095335,216.0,548.0,0.0,140.0,86.91063745348244,41,19,3,0,0.3166666666666666,0.3666666666666666,315.0,0.2162436854225874,0.2759067855666109,0.0974272015903281,0.1121556902859004,44,0,0,140,16,140,3,21,137,0.794910294566222,0.2433201962422982,2,60,0,0,137,0,0.794910294566222,nenhuma,86.91063745348244,0.0,96,0,terminal,0.25,j6019_7.sm,3,centralizada,0,3.95,0.7333333333333333
True,131,60,0.69148719525862,0.0,4.642276839051032,303.0,452.0,72.0,70.0,59.66358639649064,56,4,14,0,0.0666666666666666,0.3,315.0,0.1592457568944295,0.1894082107825099,0.0147373867906381,0.0912756770273886,30,0,72,70,30,142,3,39,0,0.794910294566222,0.2433201962422982,2,60,139,67,0,72,0.794910294566222,nenhuma,59.66358639649064,0.0,68,0,terminal,0.8549999999999999,j6019_7.sm,3,adaptativa,0,2.183333333333333,0.5
True,201,60,0.7506050914854931,0.0,22.37074750364301,224.0,555.0,0.0,115.0,69.4034576845479,40,20,2,0,0.3333333333333333,0.3666666666666666,315.0,0.1805484739981249,0.2203284370938028,0.0710182460433111,0.0938641237922876,38,0,0,115,22,115,8,15,107,0.7496468789669437,0.3530323246498424,2,60,0,0,107,0,0.7496468789669437,nenhuma,69.40345768454787,0.0,82,0,terminal,0.25,j6019_7.sm,4,centralizada,0,3.35,0.6333333333333333
True,129,60,0.6859791210147586,0.0,18.68009374655906,277.0,459.0,83.0,54.0,73.11657503658157,52,8,12,0,0.1333333333333333,0.3333333333333333,315.0,0.1883881795815858,0.232116111227243,0.0593018849097113,0.1092732982030585,30,0,83,54,30,137,8,20,0,0.7496468789669437,0.3530323246498424,2,60,129,46,0,83,0.7496468789669437,nenhuma,73.11657503658155,0.0,80,0,terminal,0.913524858248004,j6019_7.sm,4,adaptativa,0,2.15,0.5
True,158,60,0.7986156321560409,0.0,30.53965062205748,223.0,536.0,0.0,60.0,75.16141785623267,44,16,3,0,0.2666666666666666,0.3166666666666666,315.0,0.1926418513373566,0.238607675734072,0.0969512718160554,0.1119870955876858,42,0,0,60,18,60,3,3,57,0.6863255838987572,0.3910769205246226,7,60,0,0,57,0,0.6863255838987572,nenhuma,75.16141785623266,0.0,83,0,terminal,0.25,j6019_7.sm,5,centralizada,0,2.6333333333333333,0.7
True,112,60,0.7933024963771511,0.0,8.384920469243482,284.0,431.0,29.0,35.0,48.29842899560778,55,5,12,0,0.0833333333333333,0.2833333333333333,315.0,0.1329442275022656,0.1533283460178024,0.0266187951404555,0.0888985250424831,30,0,29,35,30,64,4,15,0,0.6863255838987572,0.3910769205246226,7,60,60,31,0,29,0.6863255838987572,nenhuma,48.29842899560777,0.0,55,0,terminal,0.9083333333333332,j6019_7.sm,5,adaptativa,0,1.8666666666666667,0.5
True,239,60,0.7697879822172352,6.217248937900877e-15,41.320780282265865,218.0,551.0,0.0,73.0,91.78150442534074,42,18,3,0,0.3,0.35,315.0,0.2256285092288064,0.291369855318542,0.1311770802611614,0.1282255881968154,35,0,0,73,25,73,1,64,72,0.7631789564580391,0.2436049793851584,2,60,0,0,72,0,0.7631789564580391,nenhuma,91.78150442534074,0.0,100,0,terminal,0.25,j6019_7.sm,6,centralizada,0,3.983333333333333,0.5833333333333334
True,116,60,0.774891191042474,0.0,7.377283053874494,279.0,453.0,9.0,57.0,65.5982058339979,54,6,14,0,0.1,0.3333333333333333,315.0,0.172355530920735,0.2082482724888822,0.0234199462027761,0.1122107546334569,30,0,9,57,30,66,1,50,0,0.7631789564580391,0.2436049793851584,2,60,65,56,0,9,0.7631789564580391,nenhuma,65.5982058339979,0.0,74,0,terminal,0.8484201031159287,j6019_7.sm,6,adaptativa,0,1.9333333333333331,0.5
True,197,60,0.7269462529677534,0.0,45.82302535671708,221.0,546.0,0.0,111.0,94.08716465757752,44,16,5,0,0.2666666666666666,0.35,315.0,0.2299929520798636,0.2986894116113572,0.1454699217673558,0.125267970330011,36,0,0,111,24,111,0,9,111,0.5858494645010164,0.4310024134004245,18,60,0,0,111,0,0.5858494645010164,nenhuma,94.08716465757752,0.0,105,0,terminal,0.25,j6019_7.sm,7,centralizada,0,3.283333333333333,0.6
True,128,60,0.685514776724987,0.0,8.0,283.0,416.0,98.0,38.0,54.84322807368131,54,6,16,0,0.1,0.3666666666666666,315.0,0.1482877714412423,0.1741054859481946,0.0253968253968253,0.0903746231918441,33,0,98,38,27,136,11,7,0,0.5858494645010164,0.4310024134004245,18,60,125,27,0,98,0.5858494645010164,nenhuma,54.84322807368131,0.0,62,0,terminal,0.98,j6019_7.sm,7,adaptativa,0,2.1333333333333333,0.55
True,209,60,0.6412365441870023,5.3290705182007506e-15,36.16806770705789,188.0,555.0,0.0,198.0,112.5152377562354,38,22,4,0,0.3666666666666666,0.4333333333333333,315.0,0.263184157708059,0.3571912309721758,0.1148192625620885,0.1299979859949321,50,0,0,198,10,198,11,23,187,0.5273323364698471,0.2724902104363956,27,60,0,0,187,0,0.5273323364698471,nenhuma,112.5152377562354,0.0,122,0,terminal,0.25,j6019_7.sm,8,centralizada,0,3.4833333333333334,0.8333333333333334
True,160,60,0.5667122726608295,0.0,10.413978494623656,292.0,461.0,154.0,76.0,122.46394323791723,57,3,22,0,0.05,0.4166666666666667,315.0,0.2799406559806794,0.3887744229775151,0.0330602491892814,0.1505462464020974,50,0,154,76,10,230,10,22,0,0.5273323364698471,0.2724902104363956,27,60,220,66,0,154,0.5273323364698471,nenhuma,122.46394323791728,0.0,131,0,terminal,0.9316666666666666,j6019_7.sm,8,adaptativa,0,2.6666666666666665,0.8333333333333334
True,223,60,0.8017277882431019,1.7763568394002505e-15,21.943942844314424,235.0,552.0,0.0,85.0,51.512994179292726,45,15,1,0,0.25,0.2666666666666666,315.0,0.1405488891182213,0.1635333148548975,0.0696633106168711,0.0748177516107683,33,0,0,85,27,85,1,4,84,0.6872143627230507,0.3512385487549321,7,60,0,0,84,0,0.6872143627230507,nenhuma,51.512994179292726,0.0,57,0,terminal,0.25,j6019_7.sm,9,centralizada,0,3.716666666666667,0.55
True,112,60,0.7072094892746853,0.0,5.0,287.0,408.0,82.0,47.0,39.91533582000598,57,3,8,0,0.05,0.1833333333333333,315.0,0.1124643873947698,0.1267153518095428,0.0158730158730158,0.0691875104399362,18,0,82,47,42,129,11,12,0,0.6872143627230507,0.3512385487549321,7,60,118,36,0,82,0.6872143627230507,nenhuma,39.91533582000598,0.0,44,0,terminal,0.9316666666666666,j6019_7.sm,9,adaptativa,0,1.8666666666666667,0.3
True,165,60,0.6948183329325437,0.0,29.690552995391705,209.0,558.0,0.0,151.0,94.087618089912,45,15,2,0,0.25,0.2833333333333333,315.0,0.2299938055549576,0.2986908510790857,0.0942557237948942,0.1171573511663557,40,0,0,151,20,151,14,31,137,0.5820371027673271,0.4175993861121362,19,60,0,0,137,0,0.5820371027673271,nenhuma,94.087618089912,0.0,103,0,terminal,0.25,j6019_7.sm,10,centralizada,0,2.75,0.6666666666666666
True,132,60,0.647591607340447,0.0,8.912169312169311,288.0,445.0,101.0,52.0,89.16146867242821,56,4,15,0,0.0666666666666666,0.3166666666666666,315.0,0.2206085329343786,0.2830522814997721,0.0282926009910136,0.1297533006975566,38,0,101,52,22,153,11,23,0,0.5820371027673271,0.4175993861121362,19,60,142,41,0,101,0.5820371027673271,nenhuma,89.1614686724282,0.0,95,0,terminal,0.9204559266077236,j6019_7.sm,10,adaptativa,0,2.2,0.6333333333333333
True,211,60,0.7618471343552435,0.0,27.83441288244196,201.0,549.0,0.0,74.0,97.61700470216046,38,22,4,0,0.3666666666666666,0.4333333333333333,315.0,0.2365801786880388,0.3098952530227316,0.0883632154998157,0.1354630879721007,42,0,0,74,18,74,6,9,68,0.7131697048371954,0.486713896835989,4,60,0,0,68,0,0.7131697048371954,nenhuma,97.61700470216049,0.0,108,0,terminal,0.25,j6019_7.sm,11,centralizada,0,3.5166666666666666,0.7
True,123,60,0.7045989845050928,0.0,3.507867224428372,298.0,427.0,65.0,38.0,76.01847205318205,57,3,20,0,0.05,0.3833333333333333,315.0,0.1944114600367086,0.2413284827085144,0.0111360864267567,0.1254391995604235,26,0,65,38,34,103,6,10,0,0.7131697048371954,0.486713896835989,4,60,97,32,0,65,0.7131697048371954,nenhuma,76.01847205318205,0.0,83,0,terminal,0.9466666666666668,j6019_7.sm,11,adaptativa,0,2.05,0.4333333333333333
True,182,68,0.7462330985761283,0.0,40.46719953377864,196.0,492.0,0.0,68.0,99.31141480962836,41,19,3,0,0.3166666666666666,0.3666666666666666,308.0,0.2438218306649842,0.3224396584728193,0.1313870114733072,0.1506289934905857,31,0,0,68,29,68,11,5,57,0.6268507180531939,0.4857196752206667,20,60,0,0,57,0,0.6268507180531939,nenhuma,99.31141480962836,0.0,107,0,terminal,0.25,j601_5.sm,0,centralizada,0,2.676470588235294,0.5166666666666667
True,145,68,0.6829032268431661,0.0,5.718013468013467,299.0,382.0,88.0,34.0,55.37647529630016,58,2,11,0,0.0333333333333333,0.2166666666666666,308.0,0.1523942221387494,0.1797937509620135,0.0185649787922515,0.0989967897147755,23,0,88,34,37,122,16,1,0,0.6268507180531939,0.4857196752206667,20,60,106,18,0,88,0.6268507180531939,nenhuma,55.37647529630016,0.0,59,0,terminal,0.9866666666666668,j601_5.sm,0,adaptativa,0,2.1323529411764706,0.3833333333333333
True,258,68,0.7387531261251881,1.7763568394002505e-15,32.726276563729414,216.0,494.0,0.0,92.0,82.69429384490684,43,17,1,0,0.2833333333333333,0.3,308.0,0.2116598454282361,0.2684879670289183,0.1062541446874331,0.1236653200215381,33,0,0,92,27,92,10,9,82,0.6586427040007742,0.3936211322074767,17,60,0,0,82,0,0.6586427040007742,nenhuma,82.69429384490684,0.0,91,0,terminal,0.25,j601_5.sm,1,centralizada,0,3.794117647058824,0.55
True,128,68,0.7413119547466531,0.0,5.0,285.0,362.0,71.0,28.0,27.323434799746707,57,3,7,0,0.05,0.1666666666666666,308.0,0.0814838211831633,0.0887124506485282,0.0162337662337662,0.0559535603916932,24,0,71,28,36,99,15,2,0,0.6586427040007742,0.3936211322074767,17,60,84,13,0,71,0.6586427040007742,nenhuma,27.323434799746707,0.0,31,0,terminal,0.965,j601_5.sm,1,adaptativa,0,1.8823529411764703,0.4
True,265,68,0.7567783707262723,3.552713678800501e-15,23.662192618255222,224.0,512.0,0.0,91.0,73.5521053523754,47,13,1,0,0.2166666666666666,0.2333333333333333,308.0,0.1927708019968798,0.2388055368583617,0.0768253007086208,0.1087160985391753,33,0,0,91,27,91,9,10,82,0.7659648859265082,0.2570239140832174,6,60,0,0,82,0,0.7659648859265082,nenhuma,73.55210535237542,0.0,79,0,terminal,0.25,j601_5.sm,2,centralizada,0,3.897058823529412,0.55
True,165,68,0.7328163470453316,0.0,6.152936383371279,275.0,403.0,51.0,22.0,73.93314713143349,55,5,17,0,0.0833333333333333,0.3666666666666666,308.0,0.1935761472569729,0.2400426854916671,0.0199770661797768,0.1344402451772261,34,0,51,22,26,73,9,6,0,0.7659648859265082,0.2570239140832174,6,60,64,13,0,51,0.7659648859265082,nenhuma,73.93314713143349,0.0,81,0,terminal,0.9516666666666668,j601_5.sm,2,adaptativa,0,2.426470588235294,0.5666666666666667
True,232,68,0.7155188144029369,0.0,33.73215488215488,223.0,517.0,0.0,132.0,73.55262837694853,42,18,3,0,0.3,0.35,308.0,0.1927719085302262,0.2388072349900926,0.1095199833836197,0.1017955308558878,40,0,0,132,20,132,9,4,123,0.794910294566222,0.2433201962422982,5,60,0,0,123,0,0.794910294566222,nenhuma,73.55262837694855,0.0,83,0,terminal,0.25,j601_5.sm,3,centralizada,0,3.411764705882353,0.6666666666666666
True,151,68,0.6847868692936555,0.0,1.0,306.0,405.0,108.0,37.0,41.42489168600701,58,2,13,0,0.0333333333333333,0.25,308.0,0.1185516334744446,0.1344964015779448,0.0032467532467532,0.0700425231814556,32,0,108,37,28,145,10,8,0,0.794910294566222,0.2433201962422982,5,60,135,27,0,108,0.794910294566222,nenhuma,41.42489168600701,0.0,49,0,terminal,0.9216666666666664,j601_5.sm,3,adaptativa,0,2.2205882352941178,0.5333333333333333
True,229,68,0.7929064932654227,1.3322676295501878e-15,18.779340099268325,259.0,500.0,0.0,81.0,49.59138025324094,50,10,2,0,0.1666666666666666,0.2,308.0,0.138681699257183,0.1610109748481848,0.0609718834391828,0.0786426548255788,25,0,0,81,35,81,12,0,69,0.7496468789669437,0.3530323246498424,7,60,0,0,69,0,0.7496468789669437,nenhuma,49.59138025324094,0.0,53,0,terminal,0.25,j601_5.sm,4,centralizada,0,3.367647058823529,0.4166666666666667
True,151,68,0.7152616723797802,4.440892098500626e-16,7.011838549963427,291.0,397.0,69.0,30.0,59.041623688744494,56,4,10,0,0.0666666666666666,0.2333333333333333,308.0,0.1608581149336143,0.1916935834050145,0.0227657095778033,0.1063733261955391,26,0,69,30,34,99,11,3,0,0.7496468789669437,0.3530323246498424,7,60,88,19,0,69,0.7496468789669437,nenhuma,59.041623688744494,0.0,64,0,terminal,0.935,j601_5.sm,4,adaptativa,0,2.2205882352941178,0.4333333333333333
True,164,68,0.7845247956036044,1.3322676295501878e-15,26.187197646587208,208.0,493.0,0.0,71.0,64.4058869301784,44,16,0,0,0.2666666666666666,0.2666666666666666,308.0,0.172945404974905,0.2091100225005792,0.085023368982426,0.1024909032039899,33,0,0,71,27,71,2,2,69,0.6863255838987572,0.3910769205246226,13,60,0,0,69,0,0.6863255838987572,nenhuma,64.4058869301784,0.0,71,0,terminal,0.25,j601_5.sm,5,centralizada,0,2.411764705882353,0.55
True,159,68,0.6940604382331733,0.0,5.718013468013467,279.0,412.0,68.0,31.0,82.60824692558884,55,5,16,0,0.0833333333333333,0.35,308.0,0.2114861823215058,0.2682085939142495,0.0185649787922515,0.139162903065166,26,0,68,31,34,99,6,3,0,0.6863255838987572,0.3910769205246226,13,60,93,25,0,68,0.6863255838987572,nenhuma,82.60824692558884,0.0,90,0,terminal,0.9383333333333334,j601_5.sm,5,adaptativa,0,2.338235294117647,0.4333333333333333
True,226,68,0.7819932215101659,0.0,33.40704092611311,182.0,496.0,0.0,50.0,88.27659774612508,37,23,2,0,0.3833333333333333,0.4166666666666667,308.0,0.2227651045966624,0.2866123303445619,0.1084644185912763,0.1391768166440512,32,0,0,50,28,50,7,1,43,0.7631789564580391,0.2436049793851584,6,60,0,0,43,0,0.7631789564580391,nenhuma,88.27659774612508,0.0,97,0,terminal,0.25,j601_5.sm,6,centralizada,0,3.323529411764706,0.5333333333333333
True,158,68,0.7065995811084905,0.0,4.0,294.0,403.0,61.0,34.0,72.33716233993034,58,2,17,0,0.0333333333333333,0.3166666666666666,308.0,0.1901922018213888,0.2348609166880855,0.0129870129870129,0.1268322794242473,24,0,61,34,36,95,8,12,0,0.7631789564580391,0.2436049793851584,6,60,87,26,0,61,0.7631789564580391,nenhuma,72.33716233993034,0.0,78,0,terminal,0.935,j601_5.sm,6,adaptativa,0,2.323529411764706,0.4
True,225,68,0.697946676492039,0.0,25.19071174257581,223.0,506.0,0.0,144.0,74.98375168603813,44,16,5,0,0.2666666666666666,0.35,308.0,0.1957883365963478,0.2434537392403835,0.0817880251382331,0.1034281823718866,42,0,0,144,18,144,1,7,143,0.5858494645010164,0.4310024134004245,23,60,0,0,143,0,0.5858494645010164,nenhuma,74.9837516860381,0.0,82,0,terminal,0.25,j601_5.sm,7,centralizada,0,3.3088235294117645,0.7
True,161,68,0.6643566355922181,0.0,18.818036854293982,271.0,377.0,80.0,27.0,83.46629717024821,53,7,15,0,0.1166666666666666,0.3666666666666666,308.0,0.2132145162267923,0.2709944713319747,0.0610975222542012,0.1470859108046853,35,0,80,27,25,107,11,0,0,0.5858494645010164,0.4310024134004245,23,60,96,16,0,80,0.5858494645010164,nenhuma,83.46629717024821,0.0,91,0,terminal,0.9833333333333334,j601_5.sm,7,adaptativa,0,2.367647058823529,0.5833333333333334
True,192,68,0.6137549071618768,0.0,36.7028782477648,203.0,510.0,0.0,220.0,100.95058638038456,43,17,4,0,0.2833333333333333,0.35,308.0,0.2468527732748757,0.3277616440921577,0.1191651891161194,0.1214880740624116,49,0,0,220,11,220,16,22,204,0.5273323364698471,0.2724902104363956,26,60,0,0,204,0,0.5273323364698471,nenhuma,100.95058638038456,0.0,109,0,terminal,0.25,j601_5.sm,8,centralizada,0,2.823529411764706,0.8166666666666667
True,155,68,0.5603989821596604,0.0,13.598522917846298,281.0,397.0,157.0,70.0,84.42384200992842,57,3,19,0,0.05,0.3666666666666666,308.0,0.2151343342889764,0.2741033831491182,0.0441510484345659,0.1191713731294001,49,0,157,70,11,227,19,8,0,0.5273323364698471,0.2724902104363956,26,60,208,51,0,157,0.5273323364698471,nenhuma,84.42384200992842,0.0,93,0,terminal,0.9733333333333332,j601_5.sm,8,adaptativa,0,2.2794117647058822,0.8166666666666667
True,238,68,0.7255341220834899,1.3322676295501878e-15,22.51409899987221,219.0,493.0,0.0,121.0,65.49939912442694,45,15,2,0,0.25,0.2833333333333333,308.0,0.1753668125784764,0.2126603867676199,0.0730977240255591,0.096393608601901,23,0,0,121,37,121,4,5,117,0.6872143627230507,0.3512385487549321,12,60,0,0,117,0,0.6872143627230507,nenhuma,65.49939912442694,0.0,72,0,terminal,0.25,j601_5.sm,9,centralizada,0,3.5,0.3833333333333333
True,148,68,0.6802575228270543,0.0,4.0,279.0,374.0,88.0,29.0,58.791788329967645,55,5,9,0,0.0833333333333333,0.2333333333333333,308.0,0.1602865445751971,0.1908824296427521,0.0129870129870129,0.1069346424917548,27,0,88,29,33,117,13,1,0,0.6872143627230507,0.3512385487549321,12,60,104,16,0,88,0.6872143627230507,nenhuma,58.791788329967645,0.0,64,0,terminal,0.96,j601_5.sm,9,adaptativa,0,2.176470588235294,0.45
True,212,68,0.6864153616624545,0.0,27.13396886489665,212.0,527.0,0.0,163.0,77.75671034465108,42,18,1,0,0.3,0.3166666666666666,308.0,0.2015693007003818,0.2524568517683476,0.0880973015094047,0.1012777997208849,41,0,0,163,19,163,37,5,126,0.5820371027673271,0.4175993861121362,25,60,0,0,126,0,0.5820371027673271,nenhuma,77.75671034465107,0.0,86,0,terminal,0.25,j601_5.sm,10,centralizada,0,3.117647058823529,0.6833333333333333
True,183,68,0.6427896810720259,0.0,7.604679921125694,270.0,413.0,108.0,37.0,84.51186999643582,54,6,18,0,0.1,0.4,308.0,0.215310354810934,0.2743891883001162,0.024690519224434,0.1315335543869479,36,0,108,37,24,145,21,3,0,0.5820371027673271,0.4175993861121362,25,60,124,16,0,108,0.5820371027673271,nenhuma,84.51186999643582,0.0,94,0,terminal,0.9566666666666668,j601_5.sm,10,adaptativa,0,2.6911764705882355,0.6
True,228,68,0.7228268292356439,2.664535259100376e-15,20.99569981739353,207.0,511.0,0.0,106.0,89.94664244873005,41,19,5,0,0.3166666666666666,0.4,308.0,0.2260268911813182,0.2920345534049677,0.0681678565499789,0.1272325760501129,34,0,0,106,26,106,10,1,96,0.7131697048371954,0.486713896835989,9,60,0,0,96,0,0.7131697048371954,nenhuma,89.94664244873005,0.0,98,0,terminal,0.25,j601_5.sm,11,centralizada,0,3.3529411764705883,0.5666666666666667
True,167,68,0.7218926915731445,0.0,11.872758100085598,270.0,397.0,42.0,16.0,94.94323205414344,53,7,19,0,0.1166666666666666,0.4333333333333333,308.0,0.2356243373790825,0.3082572469290371,0.0385479159093688,0.1726418774161694,36,0,42,16,24,58,7,2,0,0.7131697048371954,0.486713896835989,9,60,51,9,0,42,0.7131697048371954,nenhuma,94.94323205414342,0.0,104,0,terminal,0.9933333333333332,j601_5.sm,11,adaptativa,0,2.4558823529411766,0.6
True,209,86,0.700410186971693,1.7763568394002505e-15,27.925828881394192,232.0,542.0,0.0,159.0,72.83226298207012,44,16,0,0,0.2666666666666666,0.2666666666666666,338.0,0.1772798038143579,0.2154800679942903,0.0826207955070834,0.0941189279203749,32,0,0,159,28,159,13,10,146,0.6268507180531939,0.4857196752206667,16,60,0,0,146,0,0.6268507180531939,nenhuma,72.83226298207012,0.0,79,0,terminal,0.25,j6020_4.sm,0,centralizada,0,2.4302325581395348,0.5333333333333333
True,134,86,0.746522828416112,0.0,6.52924656412088,319.0,404.0,76.0,36.0,25.17568093284122,57,3,5,0,0.05,0.1333333333333333,338.0,0.0693209437046439,0.0744842631149148,0.0193172975269848,0.0465203478645698,21,0,76,36,39,112,16,4,0,0.6268507180531939,0.4857196752206667,16,60,96,20,0,76,0.6268507180531939,nenhuma,25.17568093284122,0.0,28,0,terminal,0.9666666666666668,j6020_4.sm,0,adaptativa,0,1.558139534883721,0.35
True,254,86,0.7482983911190474,5.3290705182007506e-15,32.39474495689569,223.0,555.0,0.0,103.0,83.68273857975547,41,19,2,0,0.3166666666666666,0.35,338.0,0.1984495235958728,0.2475820668040102,0.0958424407008748,0.1128282137723727,35,0,0,103,25,103,2,30,101,0.6586427040007742,0.3936211322074767,13,60,0,0,101,0,0.6586427040007742,nenhuma,83.68273857975548,0.0,91,0,terminal,0.25,j6020_4.sm,1,centralizada,0,2.953488372093023,0.5833333333333334
True,138,86,0.706067814317696,0.0,5.0,319.0,413.0,61.0,51.0,59.92965070090309,58,2,12,0,0.0333333333333333,0.2333333333333333,338.0,0.1506036320624626,0.1773066588784115,0.014792899408284,0.102456168240217,15,0,61,51,45,112,7,22,0,0.6586427040007742,0.3936211322074767,13,60,105,44,0,61,0.6586427040007742,nenhuma,59.92965070090309,0.0,64,0,terminal,0.9502910731962416,j6020_4.sm,1,adaptativa,0,1.6046511627906976,0.25
True,248,86,0.6663779256643934,1.7763568394002505e-15,41.04700455582141,246.0,550.0,0.0,188.0,87.3574718154687,43,17,4,0,0.2833333333333333,0.35,338.0,0.2053742501398134,0.258454058625647,0.1214408418811284,0.1058419833812322,39,0,0,188,21,188,0,24,188,0.7659648859265082,0.2570239140832174,4,60,0,0,188,0,0.7659648859265082,nenhuma,87.35747181546873,0.0,96,0,terminal,0.25,j6020_4.sm,2,centralizada,0,2.883720930232558,0.65
True,164,86,0.6715621910530721,0.0,7.000473654505481,329.0,433.0,94.0,57.0,60.765303599083865,59,1,13,0,0.0166666666666666,0.2333333333333333,338.0,0.1523836277896858,0.1797790047310173,0.0207114605162884,0.0942440656466648,26,0,94,57,34,151,0,15,0,0.7659648859265082,0.2570239140832174,4,60,151,57,0,94,0.7659648859265082,nenhuma,60.765303599083865,0.0,67,0,terminal,0.8383333333333333,j6020_4.sm,2,adaptativa,0,1.9069767441860463,0.4333333333333333
True,232,86,0.621814479446156,0.0,22.933419548166466,249.0,537.0,0.0,241.0,85.60163320465075,43,17,5,0,0.2833333333333333,0.3666666666666666,338.0,0.2020805079457633,0.2532592698362448,0.0678503536928002,0.0991216666497033,35,0,0,241,25,241,1,17,240,0.794910294566222,0.2433201962422982,3,60,0,0,240,0,0.794910294566222,nenhuma,85.60163320465074,0.0,95,0,terminal,0.25,j6020_4.sm,3,centralizada,0,2.697674418604651,0.5833333333333334
True,177,86,0.5902083375901895,0.0,11.428676161805305,308.0,440.0,143.0,81.0,81.49946514905636,56,4,18,0,0.0666666666666666,0.3666666666666666,338.0,0.1942778761829839,0.241122677955788,0.0338126513662878,0.1093219632729866,34,0,143,81,26,224,0,33,0,0.794910294566222,0.2433201962422982,3,60,224,81,0,143,0.794910294566222,nenhuma,81.49946514905636,0.0,92,0,terminal,0.7983333333333332,j6020_4.sm,3,adaptativa,0,2.058139534883721,0.5666666666666667
True,206,86,0.6639013916298124,0.0,22.400454144039387,246.0,548.0,0.0,192.0,85.4237856840668,47,13,4,0,0.2166666666666666,0.2833333333333333,338.0,0.2017453637992006,0.2527330937398426,0.0662735329705307,0.1034908215217861,29,0,0,192,31,192,0,21,192,0.7496468789669437,0.3530323246498424,5,60,0,0,192,0,0.7496468789669437,nenhuma,85.42378568406681,0.0,92,0,terminal,0.25,j6020_4.sm,4,centralizada,0,2.395348837209302,0.4833333333333333
True,152,86,0.6376488006019382,0.0,7.329098423667199,302.0,420.0,134.0,67.0,37.66978751237598,55,5,7,0,0.0833333333333333,0.2,338.0,0.1002736678981271,0.1114490754804023,0.0216837231469443,0.0571907019671343,16,0,134,67,44,201,0,12,5,0.7496468789669437,0.3530323246498424,5,60,196,62,5,134,0.7496468789669437,nenhuma,37.66978751237598,0.0,40,0,terminal,0.8416666666666667,j6020_4.sm,4,adaptativa,0,1.7674418604651163,0.2666666666666666
True,196,86,0.6939235861625862,6.217248937900877e-15,25.968268814541467,244.0,533.0,0.0,152.0,83.09609966927714,44,16,4,0,0.2666666666666666,0.3333333333333333,338.0,0.1973328647179103,0.245846448725672,0.0768291976761581,0.1081845093407663,30,0,0,152,30,152,6,13,146,0.6863255838987572,0.3910769205246226,9,60,0,0,146,0,0.6863255838987572,nenhuma,83.09609966927714,0.0,91,0,terminal,0.25,j6020_4.sm,5,centralizada,0,2.2790697674418605,0.5
True,141,86,0.6379363694864361,0.0,11.525637288255254,297.0,403.0,103.0,58.0,67.72444663161454,54,6,14,0,0.1,0.3333333333333333,338.0,0.1669222724779664,0.2003681853006347,0.0340995186043054,0.1072056764507446,21,0,103,58,39,161,4,13,0,0.6863255838987572,0.3910769205246226,9,60,157,54,0,103,0.6863255838987572,nenhuma,67.72444663161454,0.0,74,0,terminal,0.9099999999999998,j6020_4.sm,5,adaptativa,0,1.6395348837209305,0.35
True,197,86,0.7647713570502054,1.7763568394002505e-15,33.04478472189213,194.0,571.0,0.0,74.0,101.62838080442816,37,23,1,0,0.3833333333333333,0.4,338.0,0.2311688354115569,0.3006756828533377,0.0977656352718702,0.136116418043113,28,0,0,74,32,74,0,27,74,0.7631789564580391,0.2436049793851584,4,60,0,0,74,0,0.7631789564580391,nenhuma,101.62838080442816,0.0,109,0,terminal,0.25,j6020_4.sm,6,centralizada,0,2.2906976744186047,0.4666666666666667
True,160,86,0.6923509470955143,0.0,11.021116030241124,266.0,481.0,56.0,82.0,75.73437137313967,50,10,8,0,0.1666666666666666,0.3,338.0,0.1830507122765398,0.224066187494496,0.0326068521604766,0.1090119828438184,19,0,56,82,41,138,0,39,0,0.7631789564580391,0.2436049793851584,4,60,138,82,0,56,0.7631789564580391,nenhuma,75.73437137313967,0.0,82,0,terminal,0.7633333333333333,j6020_4.sm,6,adaptativa,0,1.8604651162790695,0.3166666666666666
True,210,86,0.6074345180995641,5.3290705182007506e-15,29.206712094535565,241.0,510.0,0.0,249.0,80.59667223983205,44,16,1,0,0.2666666666666666,0.2833333333333333,338.0,0.1925401647571023,0.2384516930172545,0.0864103908122354,0.0959945112988841,37,0,0,249,23,249,20,18,229,0.5858494645010164,0.4310024134004245,24,60,0,0,229,0,0.5858494645010164,nenhuma,80.59667223983205,0.0,87,0,terminal,0.25,j6020_4.sm,7,centralizada,0,2.441860465116279,0.6166666666666667
True,155,86,0.5330013080154455,0.0,7.0,317.0,382.0,210.0,75.0,49.69617739273961,56,4,11,0,0.0666666666666666,0.25,338.0,0.1281833050997481,0.1470301106294071,0.0207100591715976,0.0693406480463293,31,0,210,75,29,285,31,5,0,0.5858494645010164,0.4310024134004245,24,60,254,44,0,210,0.5858494645010164,nenhuma,49.69617739273961,0.0,53,0,terminal,1.0,j6020_4.sm,7,adaptativa,0,1.802325581395349,0.5166666666666667
True,257,86,0.5605747128985418,3.552713678800501e-15,25.015360827475497,197.0,557.0,0.0,325.0,111.6231285209814,35,25,6,0,0.4166666666666667,0.5166666666666667,338.0,0.2482593119445646,0.3302459423697675,0.0740099432765547,0.1123395030942301,50,0,0,325,10,325,23,20,302,0.5273323364698471,0.2724902104363956,29,60,0,0,302,0,0.5273323364698471,nenhuma,111.6231285209814,0.0,123,0,terminal,0.25,j6020_4.sm,8,centralizada,0,2.988372093023256,0.8333333333333334
True,193,86,0.5213897599785893,0.0,6.5,313.0,428.0,200.0,96.0,96.88301852643916,55,5,21,0,0.0833333333333333,0.4333333333333333,338.0,0.2227794933329848,0.2866361494865064,0.0192307692307692,0.1180229293820124,46,0,200,96,14,296,17,18,0,0.5273323364698471,0.2724902104363956,29,60,279,79,0,200,0.5273323364698471,nenhuma,96.88301852643916,0.0,106,0,terminal,0.9383333333333334,j6020_4.sm,8,adaptativa,0,2.244186046511628,0.7666666666666667
True,244,86,0.6287511421123869,8.881784197001252e-16,42.23714022725963,207.0,576.0,0.0,219.0,121.1017156403704,39,21,5,0,0.35,0.4333333333333333,338.0,0.2637797061408357,0.3582890995277231,0.1249619533350876,0.1321924340636326,33,0,0,219,27,219,1,17,218,0.6872143627230507,0.3512385487549321,9,60,0,0,218,0,0.6872143627230507,nenhuma,121.1017156403704,0.0,132,0,terminal,0.25,j6020_4.sm,9,centralizada,0,2.8372093023255816,0.55
True,166,86,0.6118947635444967,0.0,10.30200668100496,302.0,415.0,134.0,65.0,64.22119868463534,54,6,10,0,0.1,0.2666666666666666,338.0,0.1596663698846675,0.1900035464042465,0.0304793097071152,0.094690638996817,18,0,134,65,42,199,5,7,0,0.6872143627230507,0.3512385487549321,9,60,194,60,0,134,0.6872143627230507,nenhuma,64.22119868463534,0.0,68,0,terminal,0.93,j6020_4.sm,9,adaptativa,0,1.930232558139535,0.3
True,198,86,0.6412642580359454,0.0,35.34756171206935,214.0,568.0,0.0,216.0,101.7502860671854,42,18,3,0,0.3,0.35,338.0,0.231381966745645,0.3010363493111994,0.1045785849469507,0.1148746860912303,43,0,0,216,17,216,24,10,192,0.5820371027673271,0.4175993861121362,24,60,0,0,192,0,0.5820371027673271,nenhuma,101.75028606718536,0.0,110,0,terminal,0.25,j6020_4.sm,10,centralizada,0,2.302325581395349,0.7166666666666667
True,164,86,0.5828717760044128,0.0,6.0,290.0,424.0,167.0,60.0,76.43271754642309,52,8,12,0,0.1333333333333333,0.3333333333333333,338.0,0.1844273251371892,0.2261323004332044,0.0177514792899408,0.1050718722196397,34,0,167,60,26,227,21,13,0,0.5820371027673271,0.4175993861121362,24,60,206,39,0,167,0.5820371027673271,nenhuma,76.43271754642309,0.0,83,0,terminal,0.9966666666666668,j6020_4.sm,10,adaptativa,0,1.9069767441860463,0.5666666666666667
True,242,86,0.7124982902773662,3.552713678800501e-15,35.3781759313104,192.0,569.0,0.0,112.0,117.59840755336522,36,24,4,0,0.4,0.4666666666666667,338.0,0.2581185658327628,0.3479242827022639,0.1046691595600899,0.1472560005643473,36,0,0,112,24,112,6,12,106,0.7131697048371954,0.486713896835989,8,60,0,0,106,0,0.7131697048371954,nenhuma,117.59840755336523,0.0,130,0,terminal,0.25,j6020_4.sm,11,centralizada,0,2.813953488372093,0.6
True,139,86,0.6850382479542164,0.0,8.95189719842401,312.0,416.0,72.0,56.0,63.26536254338132,56,4,12,0,0.0666666666666666,0.2666666666666666,338.0,0.1576646490052866,0.1871756288265719,0.0264849029539171,0.1041807526752554,25,0,72,56,35,128,2,20,0,0.7131697048371954,0.486713896835989,8,60,126,54,0,72,0.7131697048371954,nenhuma,63.26536254338132,0.0,66,0,terminal,0.9107174461802116,j6020_4.sm,11,adaptativa,0,1.6162790697674418,0.4166666666666667
True,243,80,0.6837197206723568,0.0,23.704087780486,228.0,522.0,0.0,144.0,97.47073839946476,41,19,6,0,0.3166666666666666,0.4166666666666667,334.0,0.2259034732251629,0.2918285580822298,0.0709703226960658,0.1276679425904413,31,0,0,144,29,144,17,0,127,0.6268507180531939,0.4857196752206667,18,60,0,0,127,0,0.6268507180531939,nenhuma,97.47073839946476,0.0,108,0,terminal,0.25,j6021_7.sm,0,centralizada,0,3.0375,0.5166666666666667
True,178,80,0.597581791668799,0.0,10.561048336472062,324.0,377.0,139.0,41.0,73.8759825951102,59,1,14,0,0.0166666666666666,0.25,334.0,0.1811236398992517,0.2211855766320664,0.0316199051990181,0.1171006420171855,27,0,139,41,33,180,24,0,0,0.6268507180531939,0.4857196752206667,18,60,156,17,0,139,0.6268507180531939,nenhuma,73.87598259511022,0.0,79,0,terminal,0.9933333333333332,j6021_7.sm,0,adaptativa,0,2.225,0.45
True,340,80,0.7857472154716675,3.552713678800501e-15,25.605960995250395,250.0,533.0,0.0,70.0,75.33520692790664,47,13,2,0,0.2166666666666666,0.25,334.0,0.1840428227351939,0.2255545117601995,0.0766645538779952,0.1110589663613218,34,0,0,70,26,70,10,0,60,0.6586427040007742,0.3936211322074767,12,60,0,0,60,0,0.6586427040007742,nenhuma,75.33520692790664,0.0,82,0,terminal,0.25,j6021_7.sm,1,centralizada,0,4.25,0.5666666666666667
True,192,80,0.7063361643468805,0.0,8.355193079717093,294.0,382.0,78.0,24.0,56.81897442306298,55,5,8,0,0.0833333333333333,0.2166666666666666,334.0,0.1453843803437144,0.1701166898894101,0.0250155481428655,0.1050609854871984,17,0,78,24,43,102,12,0,0,0.6586427040007742,0.3936211322074767,12,60,90,12,0,78,0.6586427040007742,nenhuma,56.818974423062976,0.0,61,0,terminal,0.9616666666666666,j6021_7.sm,1,adaptativa,0,2.4,0.2833333333333333
True,270,80,0.7370719546203568,0.0,28.959299236623607,211.0,527.0,0.0,102.0,85.99125247743501,40,20,0,0,0.3333333333333333,0.3333333333333333,334.0,0.2047453416474551,0.2574588397527994,0.086704488732406,0.1202689573886064,26,0,0,102,34,102,0,0,102,0.7659648859265082,0.2570239140832174,5,60,0,0,102,0,0.7659648859265082,nenhuma,85.99125247743503,0.0,93,0,terminal,0.25,j6021_7.sm,2,centralizada,0,3.375,0.4333333333333333
True,247,80,0.6941147635851012,0.0,7.0,280.0,424.0,58.0,19.0,109.8499951939374,53,7,17,0,0.1166666666666666,0.4,334.0,0.2474935144382262,0.3288922011794533,0.0209580838323353,0.1798313760468498,29,0,58,19,31,77,0,1,0,0.7659648859265082,0.2570239140832174,5,60,77,19,0,58,0.7659648859265082,nenhuma,109.8499951939374,0.0,118,0,terminal,0.9016666666666668,j6021_7.sm,2,adaptativa,0,3.0875,0.4833333333333333
True,269,80,0.7396688767292147,0.0,25.639469554300057,243.0,532.0,0.0,113.0,74.2407531765864,47,13,2,0,0.2166666666666666,0.25,334.0,0.1818553209078399,0.2222777041215161,0.0767648789050899,0.1032210047173995,34,0,0,113,26,113,0,0,113,0.794910294566222,0.2433201962422982,4,60,0,0,113,0,0.794910294566222,nenhuma,74.24075317658641,0.0,79,0,terminal,0.25,j6021_7.sm,3,centralizada,0,3.3625,0.5666666666666667
True,194,80,0.6395999966160688,0.0,4.0,323.0,391.0,128.0,43.0,49.31957796851695,58,2,9,0,0.0333333333333333,0.1833333333333333,334.0,0.1286643855497714,0.1476634070913681,0.0119760479041916,0.0806772427155227,23,0,128,43,37,171,5,0,0,0.794910294566222,0.2433201962422982,4,60,166,38,0,128,0.794910294566222,nenhuma,49.31957796851695,0.0,54,0,terminal,0.9383333333333334,j6021_7.sm,3,adaptativa,0,2.425,0.3833333333333333
True,307,80,0.6778021379566653,0.0,21.89705200637404,240.0,522.0,0.0,166.0,82.13625476845814,46,14,3,0,0.2333333333333333,0.2833333333333333,334.0,0.1973782717253498,0.2459169304444854,0.0655600359472276,0.1066515882870005,30,0,0,166,30,166,9,3,157,0.7496468789669437,0.3530323246498424,5,60,0,0,157,0,0.7496468789669437,nenhuma,82.13625476845816,0.0,88,0,terminal,0.25,j6021_7.sm,4,centralizada,0,3.8375,0.5
True,207,80,0.6956415316512785,0.0,18.95816292192814,295.0,415.0,75.0,26.0,80.57162650265298,54,6,9,0,0.1,0.25,334.0,0.1943491096637733,0.2412324146786017,0.0567609668321201,0.1350577582360006,23,0,75,26,37,101,0,0,0,0.7496468789669437,0.3530323246498424,5,60,101,26,0,75,0.7496468789669437,nenhuma,80.57162650265299,0.0,84,0,terminal,0.89,j6021_7.sm,4,adaptativa,0,2.5875,0.3833333333333333
True,301,80,0.7101986464396771,3.552713678800501e-15,24.4947250008808,213.0,532.0,0.0,91.0,126.08619252794792,40,20,5,0,0.3333333333333333,0.4166666666666667,334.0,0.2740490685781422,0.3775035704429578,0.0733375000026371,0.1683200061430096,30,0,0,91,30,91,18,0,73,0.6863255838987572,0.3910769205246226,10,60,0,0,73,0,0.6863255838987572,nenhuma,126.08619252794792,0.0,137,0,terminal,0.25,j6021_7.sm,5,centralizada,0,3.7625,0.5
True,217,80,0.6520327166264446,0.0,5.754437752505867,316.0,394.0,100.0,33.0,77.26415723204607,58,2,14,0,0.0333333333333333,0.2666666666666666,334.0,0.1878699027701838,0.2313298120719942,0.0172288555464247,0.1278648688778267,24,0,100,33,36,133,10,0,0,0.6863255838987572,0.3910769205246226,10,60,123,23,0,100,0.6863255838987572,nenhuma,77.26415723204607,0.0,82,0,terminal,0.9283333333333332,j6021_7.sm,5,adaptativa,0,2.7125,0.4
True,269,80,0.7591181331864743,0.0,27.11526502667921,204.0,540.0,0.0,69.0,102.35173353493228,41,19,1,0,0.3166666666666666,0.3333333333333333,334.0,0.2345624542516879,0.3064423159728511,0.0811834282235904,0.143883438684143,20,0,0,69,40,69,7,4,62,0.7631789564580391,0.2436049793851584,5,60,0,0,62,0,0.7631789564580391,nenhuma,102.35173353493228,0.0,109,0,terminal,0.25,j6021_7.sm,6,centralizada,0,3.3625,0.3333333333333333
True,226,80,0.809967343485469,0.0,9.146641556811048,301.0,428.0,28.0,8.0,64.41636572435279,55,5,10,0,0.0833333333333333,0.25,334.0,0.1616810233365757,0.1928633704321939,0.0273851543617097,0.1219045622026692,19,0,28,8,41,36,0,0,0,0.7631789564580391,0.2436049793851584,5,60,36,8,0,28,0.7631789564580391,nenhuma,64.41636572435279,0.0,70,0,terminal,0.92,j6021_7.sm,6,adaptativa,0,2.825,0.3166666666666666
True,238,80,0.6833540070591189,0.0,30.392395867886524,252.0,505.0,0.0,163.0,71.00203230433544,47,13,2,0,0.2166666666666666,0.25,334.0,0.1753127802849679,0.2125809350429205,0.0909951972092411,0.09607826392972,36,0,0,163,24,163,19,1,144,0.5858494645010164,0.4310024134004245,27,60,0,0,144,0,0.5858494645010164,nenhuma,71.00203230433544,0.0,77,0,terminal,0.25,j6021_7.sm,7,centralizada,0,2.975,0.6
True,207,80,0.600800974307577,0.0,10.775737602008787,306.0,403.0,134.0,43.0,90.77121581644812,56,4,13,0,0.0666666666666666,0.2833333333333333,334.0,0.213694366370795,0.2717701072348746,0.032262687431164,0.1353236598054723,32,0,134,43,28,177,18,0,0,0.5858494645010164,0.4310024134004245,27,60,159,25,0,134,0.5858494645010164,nenhuma,90.77121581644816,0.0,98,0,terminal,0.985,j6021_7.sm,7,adaptativa,0,2.5875,0.5333333333333333
True,310,80,0.6000640776047202,1.7763568394002505e-15,36.18710042289264,226.0,531.0,0.0,265.0,88.90549562572751,44,16,2,0,0.2666666666666666,0.3,334.0,0.2102254440893081,0.2661841186399027,0.1083446120445887,0.1004689156810596,40,0,0,265,20,265,19,1,246,0.5273323364698471,0.2724902104363956,29,60,0,0,246,0,0.5273323364698471,nenhuma,88.90549562572751,0.0,96,0,terminal,0.25,j6021_7.sm,8,centralizada,0,3.875,0.6666666666666666
True,239,80,0.5686271993594664,0.0,8.731546111958766,306.0,422.0,165.0,52.0,103.13825943494176,55,5,18,0,0.0833333333333333,0.3833333333333333,334.0,0.2359396763126188,0.3087971839369514,0.026142353628619,0.1389744540504763,39,0,165,52,21,217,12,0,0,0.5273323364698471,0.2724902104363956,29,60,205,40,0,165,0.5273323364698471,nenhuma,103.13825943494176,0.0,112,0,terminal,0.9499999999999998,j6021_7.sm,8,adaptativa,0,2.9875,0.65
True,336,80,0.7190987385403208,0.0,27.05006277463904,220.0,525.0,0.0,114.0,91.08054647082731,44,16,1,0,0.2666666666666666,0.2833333333333333,334.0,0.2142665601308058,0.2726962469186446,0.0809882119001168,0.1247541068052095,26,0,0,114,34,114,8,0,106,0.6872143627230507,0.3512385487549321,10,60,0,0,106,0,0.6872143627230507,nenhuma,91.08054647082731,0.0,97,0,terminal,0.25,j6021_7.sm,9,centralizada,0,4.2,0.4333333333333333
True,216,80,0.6684388051536317,0.0,9.026233507377416,320.0,408.0,103.0,30.0,69.37748983802139,57,3,11,0,0.05,0.2333333333333333,334.0,0.1719914759395233,0.2077170354431778,0.0270246512196928,0.1136632510095226,21,0,103,30,39,133,12,0,0,0.6872143627230507,0.3512385487549321,10,60,121,18,0,103,0.6872143627230507,nenhuma,69.37748983802139,0.0,75,0,terminal,0.945,j6021_7.sm,9,adaptativa,0,2.7,0.35
True,248,80,0.63674545359642,0.0,29.30419805398619,205.0,513.0,0.0,209.0,83.65946266676934,41,19,0,0,0.3166666666666666,0.3166666666666666,334.0,0.2003054405438366,0.25047743313404,0.0877371199221143,0.1038397319754089,34,0,0,209,26,209,42,0,167,0.5820371027673271,0.4175993861121362,28,60,0,0,167,0,0.5820371027673271,nenhuma,83.65946266676934,0.0,89,0,terminal,0.25,j6021_7.sm,10,centralizada,0,3.1,0.5666666666666667
True,245,80,0.6167272930791792,0.0,7.583603391507157,311.0,398.0,129.0,36.0,82.34195983588876,57,3,13,0,0.05,0.2666666666666666,334.0,0.1977748288170278,0.2465328138799064,0.0227053993757699,0.1275943065236738,33,0,129,36,27,165,13,2,0,0.5820371027673271,0.4175993861121362,28,60,152,23,0,129,0.5820371027673271,nenhuma,82.34195983588876,0.0,88,0,terminal,0.9783333333333334,j6021_7.sm,10,adaptativa,0,3.0625,0.55
True,351,80,0.7692517701962138,0.0,23.755075919348585,213.0,529.0,0.0,75.0,83.68122543945198,43,17,3,0,0.2833333333333333,0.3333333333333333,334.0,0.2003471076570632,0.2505425911360838,0.0711229817944568,0.1216860695680281,25,0,0,75,35,75,6,0,69,0.7131697048371954,0.486713896835989,8,60,0,0,69,0,0.7131697048371954,nenhuma,83.68122543945198,0.0,88,0,terminal,0.25,j6021_7.sm,11,centralizada,0,4.3875,0.4166666666666667
True,187,80,0.6831269329192787,0.0,11.128473018538347,286.0,425.0,74.0,30.0,93.13913625657014,54,6,14,0,0.1,0.3333333333333333,334.0,0.2180533890498485,0.2788596893909286,0.0333187814926297,0.1497078882016507,27,0,74,30,33,104,2,1,0,0.7131697048371954,0.486713896835989,8,60,102,28,0,74,0.7131697048371954,nenhuma,93.13913625657015,0.0,102,0,terminal,0.9533333333333333,j6021_7.sm,11,adaptativa,0,2.3375,0.45
True,215,83,0.7304580763385534,0.0,37.026945211481824,258.0,596.0,0.0,134.0,85.92636087682236,45,15,3,0,0.25,0.3,357.0,0.1939969450152425,0.2406900864896984,0.1037169333654953,0.1053114165651946,29,0,0,134,31,134,13,6,121,0.6268507180531939,0.4857196752206667,18,60,0,0,121,0,0.6268507180531939,nenhuma,85.92636087682236,0.0,92,0,terminal,0.25,j6022_2.sm,0,centralizada,0,2.5903614457831323,0.4833333333333333
True,144,83,0.708518204975121,0.0,9.106408325559824,320.0,456.0,75.0,42.0,70.59673018706981,54,6,11,0,0.1,0.2833333333333333,357.0,0.1651011927901889,0.1977499445015961,0.0255081465701955,0.1096909398009992,25,0,75,42,35,117,14,13,0,0.6268507180531939,0.4857196752206667,18,60,103,28,0,75,0.6268507180531939,nenhuma,70.59673018706981,0.0,78,0,terminal,0.9683333333333332,j6022_2.sm,0,adaptativa,0,1.7349397590361446,0.4166666666666667
True,223,83,0.7714555888374053,0.0,33.029909897071065,243.0,620.0,0.0,98.0,85.67555692265967,42,18,0,0,0.3,0.3,357.0,0.1935402928461851,0.2399875544052091,0.0925207560142046,0.1066046567979726,36,0,0,98,24,98,9,40,89,0.6586427040007742,0.3936211322074767,14,60,0,0,89,0,0.6586427040007742,nenhuma,85.67555692265967,0.0,93,0,terminal,0.25,j6022_2.sm,1,centralizada,0,2.6867469879518078,0.6
True,143,83,0.7405959994406066,0.0,5.0,341.0,474.0,58.0,39.0,69.02506138032858,58,2,16,0,0.0333333333333333,0.3,357.0,0.1620211288901319,0.1933475108692677,0.0140056022408963,0.1078474352730246,29,0,58,39,31,97,12,21,0,0.6586427040007742,0.3936211322074767,14,60,85,27,0,58,0.6586427040007742,nenhuma,69.0250613803286,0.0,74,0,terminal,0.935,j6022_2.sm,1,adaptativa,0,1.7228915662650603,0.4833333333333333
True,236,83,0.6935469439678684,3.219646771412954e-15,38.27559712513872,239.0,597.0,0.0,152.0,111.792488803265,42,18,5,0,0.3,0.3833333333333333,357.0,0.2384690272846504,0.3131442263396778,0.1072145577734978,0.1298715895612505,37,0,0,152,23,152,8,34,144,0.7659648859265082,0.2570239140832174,5,60,0,0,144,0,0.7659648859265082,nenhuma,111.792488803265,0.0,121,0,terminal,0.25,j6022_2.sm,2,centralizada,0,2.8433734939759034,0.6166666666666667
True,160,83,0.6649534146518847,0.0,5.991359329006882,330.0,463.0,87.0,68.0,78.28937877157752,56,4,13,0,0.0666666666666666,0.2833333333333333,357.0,0.1798559362797148,0.219297979752318,0.0167825191288708,0.1124379908102273,34,0,87,68,26,155,6,19,0,0.7659648859265082,0.2570239140832174,5,60,149,62,0,87,0.7659648859265082,nenhuma,78.28937877157752,0.0,86,0,terminal,0.8901196423321857,j6022_2.sm,2,adaptativa,0,1.927710843373494,0.5666666666666667
True,199,83,0.7566793426444843,0.0,23.65767593908277,278.0,611.0,0.0,103.0,93.47545963742556,48,12,7,0,0.2,0.3166666666666666,357.0,0.2075039996910402,0.2618360213933489,0.0662679998293635,0.1157626012305044,39,0,0,103,21,103,1,22,102,0.794910294566222,0.2433201962422982,4,60,0,0,102,0,0.794910294566222,nenhuma,93.47545963742556,0.0,102,0,terminal,0.25,j6022_2.sm,3,centralizada,0,2.397590361445783,0.65
True,172,83,0.6410198040213507,0.0,8.870272422671137,342.0,480.0,86.0,63.0,119.80681843023436,57,3,24,0,0.05,0.45,357.0,0.251269096412396,0.3355933289362307,0.0248467014640648,0.1599969651470216,30,0,86,63,30,149,0,26,0,0.794910294566222,0.2433201962422982,4,60,149,63,0,86,0.794910294566222,nenhuma,119.80681843023436,0.0,130,0,terminal,0.8283333333333333,j6022_2.sm,3,adaptativa,0,2.072289156626506,0.5
True,204,83,0.7322479560888323,0.0,21.699077022778795,268.0,591.0,0.0,150.0,66.1036526434539,47,13,1,0,0.2166666666666666,0.2333333333333333,357.0,0.1562351263820426,0.1851642931189185,0.0607817283551226,0.0819023088632407,39,0,0,150,21,150,8,34,142,0.7496468789669437,0.3530323246498424,5,60,0,0,142,0,0.7496468789669437,nenhuma,66.1036526434539,0.0,71,0,terminal,0.25,j6022_2.sm,4,centralizada,0,2.4578313253012047,0.65
True,157,83,0.6621368679324212,0.0,8.086507897143928,331.0,442.0,112.0,59.0,54.53570357769476,56,4,9,0,0.0666666666666666,0.2166666666666666,357.0,0.1325175509769563,0.1527610744473242,0.022651282625053,0.0816970587272075,20,0,112,59,40,171,9,15,0,0.7496468789669437,0.3530323246498424,5,60,162,50,0,112,0.7496468789669437,nenhuma,54.535703577694775,0.0,61,0,terminal,0.9506328720349668,j6022_2.sm,4,adaptativa,0,1.891566265060241,0.3333333333333333
True,176,83,0.7411637198356236,0.0,26.090177099974483,270.0,575.0,0.0,122.0,78.8069973089406,46,14,4,0,0.2333333333333333,0.3,357.0,0.1808300412695642,0.2207478916216823,0.0730817285713571,0.1015806735209919,33,0,0,122,27,122,7,22,115,0.6863255838987572,0.3910769205246226,13,60,0,0,115,0,0.6863255838987572,nenhuma,78.8069973089406,0.0,86,0,terminal,0.25,j6022_2.sm,5,centralizada,0,2.1204819277108435,0.55
True,145,83,0.6859045567294074,0.0,5.0,344.0,444.0,69.0,57.0,77.32038247000605,58,2,15,0,0.0333333333333333,0.2833333333333333,357.0,0.1780261428908318,0.216583704397776,0.0140056022408963,0.1194468528473823,27,0,69,57,33,126,5,18,0,0.6863255838987572,0.3910769205246226,13,60,121,52,0,69,0.6863255838987572,nenhuma,77.32038247000604,0.0,85,0,terminal,0.9366666666666664,j6022_2.sm,5,adaptativa,0,1.7469879518072289,0.45
True,232,83,0.7417807190291184,3.552713678800501e-15,28.024901137024912,244.0,599.0,0.0,121.0,87.51627082462154,43,17,3,0,0.2833333333333333,0.3333333333333333,357.0,0.1968797917391645,0.2451436157552424,0.078501123633123,0.1083770989967192,33,0,0,121,27,121,7,49,114,0.7631789564580391,0.2436049793851584,5,60,0,0,114,0,0.7631789564580391,nenhuma,87.51627082462156,0.0,95,0,terminal,0.25,j6022_2.sm,6,centralizada,0,2.7951807228915664,0.55
True,152,83,0.710694206018503,0.0,9.614774860577205,337.0,467.0,47.0,63.0,80.10399218850766,57,3,17,0,0.05,0.3333333333333333,357.0,0.1832607196915319,0.2243809305000214,0.0269321424666028,0.1219045891377383,25,0,47,63,35,110,8,44,0,0.7631789564580391,0.2436049793851584,5,60,102,55,0,47,0.7631789564580391,nenhuma,80.10399218850766,0.0,89,0,terminal,0.8833333333333333,j6022_2.sm,6,adaptativa,0,1.8313253012048192,0.4166666666666667
True,212,83,0.7150142969555652,1.7763568394002505e-15,27.85495695007949,254.0,560.0,0.0,147.0,76.2011225291644,42,18,2,0,0.3,0.3333333333333333,357.0,0.1759024124505455,0.2134485224906565,0.0780250894960209,0.0972944500935988,36,0,0,147,24,147,16,7,131,0.5858494645010164,0.4310024134004245,20,60,0,0,131,0,0.5858494645010164,nenhuma,76.20112252916441,0.0,84,0,terminal,0.25,j6022_2.sm,7,centralizada,0,2.5542168674698797,0.6
True,137,83,0.6667986869779986,0.0,10.530462616265892,321.0,424.0,94.0,52.0,65.87407755946907,55,5,10,0,0.0833333333333333,0.25,357.0,0.1557770529223446,0.1845212256567761,0.0294970941632097,0.1035961047701434,28,0,94,52,32,146,4,6,0,0.5858494645010164,0.4310024134004245,20,60,142,48,0,94,0.5858494645010164,nenhuma,65.87407755946907,0.0,73,0,terminal,0.9433333333333334,j6022_2.sm,7,adaptativa,0,1.6506024096385543,0.4666666666666667
True,249,83,0.6053284666542302,4.329869796038111e-15,35.5559736946956,211.0,578.0,0.0,243.0,133.85349168315165,38,22,4,0,0.3666666666666666,0.4333333333333333,357.0,0.2726954049448928,0.3749397526138701,0.0995965649711361,0.1401822298907905,48,0,0,243,12,243,26,29,217,0.5273323364698471,0.2724902104363956,30,60,0,0,217,0,0.5273323364698471,nenhuma,133.85349168315165,0.0,145,0,terminal,0.25,j6022_2.sm,8,centralizada,0,3.0,0.8
True,172,83,0.53279319589832,0.0,11.449575171745954,303.0,448.0,202.0,87.0,103.85157890322952,52,8,16,0,0.1333333333333333,0.4,357.0,0.2253471261840603,0.2909007812415392,0.0320716391365432,0.1235076219262013,45,0,202,87,15,289,13,7,0,0.5273323364698471,0.2724902104363956,30,60,276,74,0,202,0.5273323364698471,nenhuma,103.85157890322952,0.0,112,0,terminal,0.9083333333333332,j6022_2.sm,8,adaptativa,0,2.072289156626506,0.75
True,261,83,0.7064372801888006,1.7763568394002505e-15,27.38455594010175,261.0,593.0,0.0,166.0,80.42342318275783,45,15,3,0,0.25,0.3,357.0,0.1838571482925744,0.2252756951897978,0.0767074396081281,0.0958079331141659,39,0,0,166,21,166,6,24,160,0.6872143627230507,0.3512385487549321,13,60,0,0,160,0,0.6872143627230507,nenhuma,80.42342318275782,0.0,87,0,terminal,0.25,j6022_2.sm,9,centralizada,0,3.144578313253012,0.65
True,149,83,0.6699126083674833,0.0,9.953303527115333,323.0,440.0,98.0,49.0,69.80208806972652,56,4,10,0,0.0666666666666666,0.2333333333333333,357.0,0.1635467351751169,0.1955240562177213,0.0278804020367376,0.106275679291562,21,0,98,49,39,147,12,11,0,0.6872143627230507,0.3512385487549321,13,60,135,37,0,98,0.6872143627230507,nenhuma,69.80208806972651,0.0,77,0,terminal,0.9283333333333332,j6022_2.sm,9,adaptativa,0,1.7951807228915662,0.35
True,215,83,0.6318581477971088,0.0,35.06689681738287,199.0,637.0,0.0,241.0,130.13766859035945,37,23,1,0,0.3833333333333333,0.4,357.0,0.2671476196183751,0.3645312845668331,0.0982266017293637,0.1290871997396208,47,0,0,241,13,241,39,9,202,0.5820371027673271,0.4175993861121362,22,60,0,0,202,0,0.5820371027673271,nenhuma,130.13766859035945,0.0,142,0,terminal,0.25,j6022_2.sm,10,centralizada,0,2.5903614457831323,0.7833333333333333
True,163,83,0.6080005514354274,0.0,8.84345096214728,337.0,460.0,152.0,60.0,84.57826117753811,57,3,16,0,0.05,0.3166666666666666,357.0,0.1915362883852045,0.236913896855849,0.0247715713225414,0.1117904987725929,39,0,152,60,21,212,17,7,0,0.5820371027673271,0.4175993861121362,22,60,195,43,0,152,0.5820371027673271,nenhuma,84.57826117753811,0.0,95,0,terminal,0.9433333333333332,j6022_2.sm,10,adaptativa,0,1.963855421686747,0.65
True,315,83,0.707638173245484,0.0,18.235290619554707,231.0,616.0,0.0,156.0,98.501371025254,43,17,4,0,0.2833333333333333,0.35,357.0,0.2162482426859542,0.2759142045525322,0.0510792454329263,0.1131547569066337,41,0,0,156,19,156,9,10,147,0.7131697048371954,0.486713896835989,9,60,0,0,147,0,0.7131697048371954,nenhuma,98.501371025254,0.0,106,0,terminal,0.25,j6022_2.sm,11,centralizada,0,3.7951807228915664,0.6833333333333333
True,140,83,0.6906754473576099,0.0,4.5,332.0,460.0,76.0,38.0,92.01469874145756,54,6,17,0,0.1,0.3833333333333333,357.0,0.2049258053230003,0.2577442541777522,0.0126050420168067,0.1381571591668085,31,0,76,38,29,114,7,4,0,0.7131697048371954,0.486713896835989,9,60,107,31,0,76,0.7131697048371954,nenhuma,92.01469874145756,0.0,101,0,terminal,0.9716666666666668,j6022_2.sm,11,adaptativa,0,1.686746987951807,0.5166666666666667
True,219,83,0.704292760427836,1.7763568394002505e-15,39.87887761911263,182.0,543.0,0.0,123.0,104.98620134920084,36,24,1,0,0.4,0.4166666666666667,334.0,0.2391560395896985,0.3143299441592839,0.1193978371829719,0.1361713104144774,34,0,0,123,26,123,22,9,101,0.6268507180531939,0.4857196752206667,22,60,0,0,101,0,0.6268507180531939,nenhuma,104.98620134920084,0.0,113,0,terminal,0.25,j6023_4.sm,0,centralizada,0,2.63855421686747,0.5666666666666667
True,120,83,0.7289969477164131,0.0,5.108056782321501,319.0,393.0,78.0,30.0,38.09690737536641,57,3,6,0,0.05,0.15,334.0,0.1023843698247531,0.1140625969322347,0.0152935831806032,0.0706680132164809,24,0,78,30,36,108,17,4,0,0.6268507180531939,0.4857196752206667,22,60,91,13,0,78,0.6268507180531939,nenhuma,38.096907375366406,0.0,42,0,terminal,0.9666666666666668,j6023_4.sm,0,adaptativa,0,1.4457831325301205,0.4
True,230,83,0.718190710569362,0.0,38.84972808330978,221.0,517.0,0.0,127.0,75.86450449928057,43,17,1,0,0.2833333333333333,0.3,334.0,0.1850965469477822,0.2271392350277861,0.116316551147634,0.1053871999871003,35,0,0,127,25,127,15,9,112,0.6586427040007742,0.3936211322074767,18,60,0,0,112,0,0.6586427040007742,nenhuma,75.86450449928057,0.0,85,0,terminal,0.25,j6023_4.sm,1,centralizada,0,2.7710843373493974,0.5833333333333334
True,125,83,0.6574008022030099,0.0,3.5,313.0,383.0,98.0,49.0,52.59740285763594,56,4,14,0,0.0666666666666666,0.3,334.0,0.1360521371039962,0.1574772540647782,0.0104790419161676,0.0902808742360437,22,0,98,49,38,147,18,14,0,0.6586427040007742,0.3936211322074767,18,60,129,31,0,98,0.6586427040007742,nenhuma,52.597402857635934,0.0,59,0,terminal,0.9583333333333334,j6023_4.sm,1,adaptativa,0,1.5060240963855422,0.3666666666666666
True,217,83,0.7380652896321993,4.6629367034256575e-15,28.030932962104533,230.0,539.0,0.0,97.0,94.28769618552349,40,20,4,0,0.3333333333333333,0.4,334.0,0.2201503732777801,0.2822984915734236,0.0839249489883369,0.1291103447011525,37,0,0,97,23,97,8,18,89,0.7659648859265082,0.2570239140832174,10,60,0,0,89,0,0.7659648859265082,nenhuma,94.28769618552349,0.0,105,0,terminal,0.25,j6023_4.sm,2,centralizada,0,2.6144578313253013,0.6166666666666667
True,134,83,0.6965023825682123,0.0,8.5,308.0,391.0,74.0,40.0,56.37639983120548,56,4,13,0,0.0666666666666666,0.2833333333333333,334.0,0.1444154919600211,0.1687916162610942,0.0254491017964071,0.100425311516759,23,0,74,40,37,114,16,8,0,0.7659648859265082,0.2570239140832174,10,60,98,24,0,74,0.7659648859265082,nenhuma,56.37639983120548,0.0,61,0,terminal,0.9666666666666668,j6023_4.sm,2,adaptativa,0,1.6144578313253013,0.3833333333333333
True,231,83,0.7206056764148174,4.440892098500626e-15,25.83955369794984,236.0,541.0,0.0,120.0,89.75733887027103,44,16,4,0,0.2666666666666666,0.3333333333333333,334.0,0.2118130605349806,0.2687345475157815,0.0773639332273947,0.1195557262288459,33,0,0,120,27,120,0,11,120,0.794910294566222,0.2433201962422982,7,60,0,0,120,0,0.794910294566222,nenhuma,89.75733887027101,0.0,97,0,terminal,0.25,j6023_4.sm,3,centralizada,0,2.783132530120482,0.55
True,145,83,0.7075379633086669,3.3306690738754696e-16,8.12708986309906,324.0,422.0,100.0,43.0,31.43442738619584,57,3,8,0,0.05,0.1833333333333333,334.0,0.086019337616966,0.0941150520544785,0.0243326043805361,0.0527039116838938,26,0,100,43,34,143,0,8,0,0.794910294566222,0.2433201962422982,7,60,143,43,0,100,0.794910294566222,nenhuma,31.43442738619584,0.0,34,0,terminal,0.8616666666666667,j6023_4.sm,3,adaptativa,0,1.7469879518072289,0.4333333333333333
True,191,83,0.7521434293649504,3.552713678800501e-15,21.259009007609347,271.0,556.0,0.0,111.0,72.22071016354134,47,13,4,0,0.2166666666666666,0.2833333333333333,334.0,0.1777868738756964,0.2162296711483273,0.0636497275676926,0.0976984399524786,30,0,0,111,30,111,6,13,105,0.7496468789669437,0.3530323246498424,10,60,0,0,105,0,0.7496468789669437,nenhuma,72.22071016354136,0.0,79,0,terminal,0.25,j6023_4.sm,4,centralizada,0,2.3012048192771086,0.5
True,130,83,0.6905191884802747,0.0,3.0,318.0,395.0,113.0,46.0,18.033343301195625,56,4,5,0,0.0666666666666666,0.15,334.0,0.0512262365038714,0.0539920458119629,0.0089820359281437,0.0315249862833615,19,0,113,46,41,159,6,3,0,0.7496468789669437,0.3530323246498424,10,60,153,40,0,113,0.7496468789669437,nenhuma,18.033343301195625,0.0,21,0,terminal,0.9206042165442128,j6023_4.sm,4,adaptativa,0,1.5662650602409638,0.3166666666666666
True,185,83,0.7293250206142243,0.0,19.67097468711512,253.0,503.0,0.0,115.0,71.6787931070602,45,15,3,0,0.25,0.3,334.0,0.1766885386294863,0.2146071649911982,0.0588951337937578,0.1039306903785475,34,0,0,115,26,115,13,8,102,0.6863255838987572,0.3910769205246226,14,60,0,0,102,0,0.6863255838987572,nenhuma,71.67879310706022,0.0,80,0,terminal,0.25,j6023_4.sm,5,centralizada,0,2.2289156626506026,0.5666666666666667
True,133,83,0.6548072438870636,0.0,7.152209799834792,311.0,394.0,91.0,43.0,73.70378944059809,56,4,16,0,0.0666666666666666,0.3333333333333333,334.0,0.1807777885550819,0.2206700282652637,0.0214138017959125,0.1224918152985545,29,0,91,43,31,134,5,7,0,0.6863255838987572,0.3910769205246226,14,60,129,38,0,91,0.6863255838987572,nenhuma,73.70378944059807,0.0,81,0,terminal,0.9483333333333333,j6023_4.sm,5,adaptativa,0,1.6024096385542168,0.4833333333333333
True,234,83,0.7539954405694911,1.7763568394002505e-15,34.50444390853653,225.0,549.0,0.0,88.0,91.1211138164729,40,20,4,0,0.3333333333333333,0.4,334.0,0.2143415390462361,0.272817706037344,0.1033067182890315,0.1251455452772936,29,0,0,88,31,88,3,8,85,0.7631789564580391,0.2436049793851584,10,60,0,0,85,0,0.7631789564580391,nenhuma,91.1211138164729,0.0,101,0,terminal,0.25,j6023_4.sm,6,centralizada,0,2.819277108433735,0.4833333333333333
True,137,83,0.6703768236981852,0.0,5.0,303.0,407.0,89.0,51.0,60.1212273639671,55,5,13,0,0.0833333333333333,0.3,334.0,0.152545012015924,0.1800036747424164,0.0149700598802395,0.0990267258896626,17,0,89,51,43,140,9,12,0,0.7631789564580391,0.2436049793851584,10,60,131,42,0,89,0.7631789564580391,nenhuma,60.1212273639671,0.0,65,0,terminal,0.9433333333333334,j6023_4.sm,6,adaptativa,0,1.6506024096385543,0.2833333333333333
True,197,83,0.7186205151873941,0.0,27.2608970954628,234.0,503.0,0.0,128.0,68.95218529049788,44,16,0,0,0.2666666666666666,0.2666666666666666,334.0,0.1711175365404423,0.2064436685344247,0.0816194523816251,0.0985098507291337,38,0,0,128,22,128,14,5,114,0.5858494645010164,0.4310024134004245,24,60,0,0,114,0,0.5858494645010164,nenhuma,68.95218529049787,0.0,73,0,terminal,0.25,j6023_4.sm,7,centralizada,0,2.3734939759036147,0.6333333333333333
True,147,83,0.6965422016002408,0.0,10.251081993561952,304.0,399.0,83.0,35.0,55.82961331464863,55,5,8,0,0.0833333333333333,0.2166666666666666,334.0,0.1432154238872204,0.1671545308821815,0.0306918622561735,0.0974628615856528,32,0,83,35,28,118,15,2,0,0.5858494645010164,0.4310024134004245,24,60,103,20,0,83,0.5858494645010164,nenhuma,55.82961331464863,0.0,60,0,terminal,0.9583333333333334,j6023_4.sm,7,adaptativa,0,1.7710843373493976,0.5333333333333333
True,266,83,0.6445462764815246,0.0,50.28912353861878,212.0,552.0,0.0,182.0,122.41639730397638,43,17,7,0,0.2833333333333333,0.4,334.0,0.2682120932268922,0.3665161595927436,0.1505662381395772,0.142940277287248,45,0,0,182,15,182,10,22,172,0.5273323364698471,0.2724902104363956,29,60,0,0,172,0,0.5273323364698471,nenhuma,122.41639730397635,0.0,133,0,terminal,0.25,j6023_4.sm,8,centralizada,0,3.2048192771084336,0.75
True,165,83,0.5991650389763512,0.0,3.5,323.0,444.0,136.0,61.0,100.03122031044352,55,5,21,0,0.0833333333333333,0.4333333333333333,334.0,0.2304701035996801,0.2994946715881542,0.0104790419161676,0.1349892117481055,45,0,136,61,15,197,14,11,0,0.5273323364698471,0.2724902104363956,29,60,183,47,0,136,0.5273323364698471,nenhuma,100.03122031044352,0.0,110,0,terminal,0.97,j6023_4.sm,8,adaptativa,0,1.987951807228916,0.75
True,246,83,0.7538094698731457,1.1546319456101628e-14,41.48230552151645,225.0,536.0,0.0,73.0,102.05500981594255,42,18,4,0,0.3,0.3666666666666666,334.0,0.2340415945662902,0.3055539216046184,0.1241985195254983,0.143526180685176,34,0,0,73,26,73,13,8,60,0.6872143627230507,0.3512385487549321,14,60,0,0,60,0,0.6872143627230507,nenhuma,102.05500981594255,0.0,110,0,terminal,0.25,j6023_4.sm,9,centralizada,0,2.963855421686747,0.5666666666666667
True,140,83,0.6643059412689738,0.0,7.502772651561253,290.0,414.0,75.0,46.0,88.20683028841628,54,6,14,0,0.1,0.3333333333333333,334.0,0.2089185298782608,0.2640923062527434,0.022463391172339,0.1415370082635241,28,0,75,46,32,121,6,11,0,0.6872143627230507,0.3512385487549321,14,60,115,40,0,75,0.6872143627230507,nenhuma,88.20683028841628,0.0,95,0,terminal,0.9316875393096864,j6023_4.sm,9,adaptativa,0,1.686746987951807,0.4666666666666667
True,214,83,0.6958313923843403,0.0,21.016707529305616,235.0,568.0,0.0,162.0,86.28970209821605,40,20,3,0,0.3333333333333333,0.3833333333333333,334.0,0.2053100555817361,0.2583524014916648,0.0629242740398371,0.1057096541539288,43,0,0,162,17,162,21,4,141,0.5820371027673271,0.4175993861121362,24,60,0,0,141,0,0.5820371027673271,nenhuma,86.28970209821605,0.0,94,0,terminal,0.25,j6023_4.sm,10,centralizada,0,2.5783132530120483,0.7166666666666667
True,141,83,0.5828961443682446,0.0,12.913907899382275,302.0,374.0,162.0,61.0,44.623732826967554,55,5,7,0,0.0833333333333333,0.2,334.0,0.1178577277599256,0.1336039904999028,0.0386643949083301,0.0695481331875883,32,0,162,61,28,223,25,7,0,0.5820371027673271,0.4175993861121362,24,60,198,36,0,162,0.5820371027673271,nenhuma,44.623732826967554,0.0,49,0,terminal,0.9816666666666666,j6023_4.sm,10,adaptativa,0,1.6987951807228916,0.5333333333333333
True,273,83,0.7915924881679643,0.0,30.94906925474446,213.0,545.0,0.0,46.0,97.48556314794008,36,24,6,0,0.4,0.5,334.0,0.2259300692165127,0.2918729435567068,0.0926618839962409,0.1415942009040974,32,0,0,46,28,46,9,5,37,0.7131697048371954,0.486713896835989,10,60,0,0,37,0,0.7131697048371954,nenhuma,97.48556314794006,0.0,107,0,terminal,0.25,j6023_4.sm,11,centralizada,0,3.289156626506024,0.5333333333333333
True,137,83,0.677851644576727,0.0,14.086282669638605,279.0,400.0,69.0,36.0,85.09962312590274,52,8,17,0,0.1333333333333333,0.4166666666666667,334.0,0.2030534470328973,0.254789290796116,0.042174499010894,0.1442122987218821,29,0,69,36,31,105,6,4,0,0.7131697048371954,0.486713896835989,10,60,99,30,0,69,0.7131697048371954,nenhuma,85.09962312590274,0.0,93,0,terminal,0.970832165095841,j6023_4.sm,11,adaptativa,0,1.6506024096385543,0.4833333333333333
True,187,67,0.6800104144434505,2.1094237467877974e-15,45.36162494428028,221.0,509.0,0.0,165.0,74.51794794435214,44,16,0,0,0.2666666666666666,0.2666666666666666,313.0,0.1922954751893271,0.2380765110043199,0.1449253193107996,0.0995539895188887,35,0,0,165,25,165,17,10,148,0.6268507180531939,0.4857196752206667,18,60,0,0,148,0,0.6268507180531939,nenhuma,74.51794794435216,0.0,81,0,terminal,0.25,j6024_3.sm,0,centralizada,0,2.791044776119403,0.5833333333333334
True,118,67,0.6868755177969298,0.0,10.672215494285698,280.0,371.0,89.0,36.0,44.12698136328643,55,5,9,0,0.0833333333333333,0.2333333333333333,313.0,0.1235610403751554,0.1409807711287106,0.0340965351255134,0.0816974209507354,22,0,89,36,38,125,5,2,0,0.6268507180531939,0.4857196752206667,18,60,120,31,0,89,0.6268507180531939,nenhuma,44.12698136328643,0.0,48,0,terminal,0.9666666666666668,j6024_3.sm,0,adaptativa,0,1.7611940298507462,0.3666666666666666
True,191,67,0.8048186506870888,2.1094237467877974e-15,18.868483384682573,254.0,495.0,0.0,76.0,44.04538889277629,45,15,1,0,0.25,0.2666666666666666,313.0,0.1233607554192598,0.1407200923091894,0.0602826945197526,0.0716132332478228,23,0,0,76,37,76,5,12,71,0.6586427040007742,0.3936211322074767,9,60,0,0,71,0,0.6586427040007742,nenhuma,44.04538889277629,0.0,49,0,terminal,0.25,j6024_3.sm,1,centralizada,0,2.8507462686567164,0.3833333333333333
True,122,67,0.6831790439286374,0.0,6.5,289.0,381.0,71.0,43.0,62.6868953840423,52,8,14,0,0.1333333333333333,0.3666666666666666,313.0,0.1668594144599087,0.2002776210352789,0.0207667731629392,0.1124051791478334,22,0,71,43,38,114,4,14,0,0.6586427040007742,0.3936211322074767,9,60,110,39,0,71,0.6586427040007742,nenhuma,62.6868953840423,0.0,70,0,terminal,0.9666666666666668,j6024_3.sm,1,adaptativa,0,1.82089552238806,0.3666666666666666
True,219,67,0.7386277129899842,0.0,38.37334910801515,191.0,512.0,0.0,88.0,93.17734901579942,38,22,2,0,0.3666666666666666,0.4,313.0,0.2294006527975419,0.2976912109130972,0.1225985594505276,0.1344206488398622,32,0,0,88,28,88,0,17,88,0.7659648859265082,0.2570239140832174,3,60,0,0,88,0,0.7659648859265082,nenhuma,93.17734901579942,0.0,101,0,terminal,0.25,j6024_3.sm,2,centralizada,0,3.2686567164179103,0.5333333333333333
True,120,67,0.7644364415891238,2.220446049250313e-16,6.303189898952248,291.0,446.0,28.0,37.0,72.43634046651073,55,5,16,0,0.0833333333333333,0.35,313.0,0.1879333442685705,0.2314260078802259,0.020137986897611,0.1241546599729993,33,0,28,37,27,65,0,20,0,0.7659648859265082,0.2570239140832174,3,60,65,37,0,28,0.7659648859265082,nenhuma,72.43634046651071,0.0,82,0,terminal,0.8383333333333333,j6024_3.sm,2,adaptativa,0,1.791044776119403,0.55
True,161,67,0.7501447440621661,0.0,28.626743700956848,253.0,511.0,0.0,109.0,61.20186676619883,47,13,2,0,0.2166666666666666,0.25,313.0,0.1635530771000609,0.1955331206587822,0.0914592450509803,0.0898439504529491,34,0,0,109,26,109,0,9,109,0.794910294566222,0.2433201962422982,2,60,0,0,109,0,0.794910294566222,nenhuma,61.201866766198826,0.0,67,0,terminal,0.25,j6024_3.sm,3,centralizada,0,2.4029850746268657,0.5666666666666667
True,133,67,0.63489039036367,0.0,5.5897733019031,299.0,413.0,122.0,58.0,57.50598696797171,56,4,11,0,0.0666666666666666,0.25,313.0,0.1552093326171887,0.1837251979807402,0.0178587006450578,0.088401933448774,22,0,122,58,38,180,0,11,0,0.794910294566222,0.2433201962422982,2,60,180,58,0,122,0.794910294566222,nenhuma,57.50598696797171,0.0,62,0,terminal,0.8366666666666666,j6024_3.sm,3,adaptativa,0,1.985074626865672,0.3666666666666666
True,177,67,0.6988779513208938,8.881784197001252e-16,35.4221133523926,225.0,508.0,0.0,141.0,77.87942013318563,46,14,4,0,0.2333333333333333,0.3,313.0,0.1992415464253644,0.2488160387641713,0.1131696912217015,0.1071421448675983,30,0,0,141,30,141,0,6,141,0.7496468789669437,0.3530323246498424,3,60,0,0,141,0,0.7496468789669437,nenhuma,77.87942013318565,0.0,85,0,terminal,0.25,j6024_3.sm,4,centralizada,0,2.6417910447761197,0.5
True,135,67,0.6033106229883736,0.0,6.80692714347249,279.0,417.0,135.0,69.0,70.18623825066652,54,6,12,0,0.1,0.3,313.0,0.1831648197259976,0.2242371829094777,0.0217473710654073,0.1015446118086811,33,0,135,69,27,204,0,9,0,0.7496468789669437,0.3530323246498424,3,60,204,69,0,135,0.7496468789669437,nenhuma,70.1862382506665,0.0,78,0,terminal,0.8516666666666666,j6024_3.sm,4,adaptativa,0,2.014925373134328,0.55
True,152,67,0.7372379479650525,1.7763568394002505e-15,26.62224582096407,240.0,502.0,0.0,113.0,65.91991382922747,49,11,4,0,0.1833333333333333,0.25,313.0,0.1739679320705652,0.210606753448011,0.0850550984695337,0.0968100836683122,36,0,0,113,24,113,1,5,112,0.6863255838987572,0.3910769205246226,7,60,0,0,112,0,0.6863255838987572,nenhuma,65.9199138292275,0.0,72,0,terminal,0.25,j6024_3.sm,5,centralizada,0,2.2686567164179103,0.6
True,119,67,0.6610642517999442,4.440892098500626e-16,6.854308809113295,281.0,364.0,66.0,56.0,64.62726355101125,53,7,12,0,0.1166666666666666,0.3166666666666666,313.0,0.1711403539651505,0.2064768803546685,0.0218987501888603,0.1173702572121622,25,0,66,56,35,122,4,15,0,0.6863255838987572,0.3910769205246226,7,60,118,52,0,66,0.6863255838987572,nenhuma,64.62726355101125,0.0,71,0,terminal,0.9622603791842832,j6024_3.sm,5,adaptativa,0,1.7761194029850746,0.4166666666666667
True,209,67,0.740028237795355,8.881784197001252e-16,30.628805717714105,190.0,530.0,0.0,90.0,96.18888703347626,37,23,2,0,0.3833333333333333,0.4166666666666667,313.0,0.2350720903757265,0.3073127381261222,0.0978556093217703,0.13430658974883,28,0,0,90,32,90,3,27,87,0.7631789564580391,0.2436049793851584,3,60,0,0,87,0,0.7631789564580391,nenhuma,96.18888703347628,0.0,106,0,terminal,0.25,j6024_3.sm,6,centralizada,0,3.1194029850746268,0.4666666666666667
True,120,67,0.7479046858485097,0.0,8.0,282.0,432.0,30.0,67.0,48.61370957301755,54,6,10,0,0.1,0.2666666666666666,313.0,0.1344354715710838,0.1553153660479794,0.0255591054313099,0.0841630120049499,15,0,30,67,45,97,0,45,0,0.7631789564580391,0.2436049793851584,3,60,97,67,0,30,0.7631789564580391,nenhuma,48.61370957301755,0.0,54,0,terminal,0.8216666666666667,j6024_3.sm,6,adaptativa,0,1.791044776119403,0.25
True,172,67,0.6822848570454201,0.0,43.53350844766611,227.0,492.0,0.0,159.0,70.10643365377716,46,14,2,0,0.2333333333333333,0.2666666666666666,313.0,0.1829946654384146,0.2239822161462529,0.1390846915260898,0.0972206464703893,34,0,0,159,26,159,7,10,152,0.5858494645010164,0.4310024134004245,22,60,0,0,152,0,0.5858494645010164,nenhuma,70.10643365377715,0.0,77,0,terminal,0.25,j6024_3.sm,7,centralizada,0,2.567164179104477,0.5666666666666667
True,122,67,0.6258904767529113,0.0,6.0,292.0,374.0,125.0,52.0,46.54863493097613,56,4,10,0,0.0666666666666666,0.2333333333333333,313.0,0.1294640847125236,0.1487176834855467,0.0191693290734824,0.077899324356005,33,0,125,52,27,177,16,9,0,0.5858494645010164,0.4310024134004245,22,60,161,36,0,125,0.5858494645010164,nenhuma,46.54863493097612,0.0,51,0,terminal,0.9633333333333332,j6024_3.sm,7,adaptativa,0,1.82089552238806,0.55
True,211,67,0.6119753311804519,0.0,45.9714579885325,199.0,547.0,0.0,227.0,119.82687851956452,39,21,9,0,0.35,0.5,313.0,0.276847128647414,0.3828334776982892,0.146873667694992,0.1340605003040773,47,0,0,227,13,227,46,12,181,0.5273323364698471,0.2724902104363956,31,60,0,0,181,0,0.5273323364698471,nenhuma,119.82687851956456,0.0,131,0,terminal,0.25,j6024_3.sm,8,centralizada,0,3.149253731343284,0.7833333333333333
True,145,67,0.5188162381102106,0.0,5.786625764606454,290.0,379.0,186.0,91.0,74.50913244448253,55,5,15,0,0.0833333333333333,0.3333333333333333,313.0,0.1922771006052542,0.2380483464679953,0.0184876222511388,0.1019961683369442,45,0,186,91,15,277,26,10,0,0.5273323364698471,0.2724902104363956,31,60,251,65,0,186,0.5273323364698471,nenhuma,74.50913244448253,0.0,83,0,terminal,0.9099999999999998,j6024_3.sm,8,adaptativa,0,2.164179104477612,0.75
True,226,67,0.7208520160060904,0.0,31.98085986592441,221.0,487.0,0.0,124.0,64.58942638219025,44,16,3,0,0.2666666666666666,0.3166666666666666,313.0,0.17105729628354,0.2063559948312787,0.1021752711371386,0.0956045548671022,33,0,0,124,27,124,7,12,117,0.6872143627230507,0.3512385487549321,7,60,0,0,117,0,0.6872143627230507,nenhuma,64.58942638219024,0.0,72,0,terminal,0.25,j6024_3.sm,9,centralizada,0,3.373134328358209,0.55
True,132,67,0.6517827469805061,0.0,9.494523415015056,271.0,402.0,85.0,50.0,79.76993118080081,55,5,14,0,0.0833333333333333,0.3166666666666666,313.0,0.2030958198377994,0.2548560101623029,0.0303339406230512,0.1293349872424584,24,0,85,50,36,135,0,11,0,0.6872143627230507,0.3512385487549321,7,60,135,50,0,85,0.6872143627230507,nenhuma,79.7699311808008,0.0,88,0,terminal,0.85,j6024_3.sm,9,adaptativa,0,1.9701492537313432,0.4
True,207,67,0.6254379138186921,1.4210854715202004e-14,54.77995331352336,191.0,515.0,0.0,193.0,115.42305866237128,41,19,2,0,0.3166666666666666,0.35,313.0,0.2694137402938741,0.3687637656944769,0.1750158252828222,0.1401746738181864,40,0,0,193,20,193,31,8,162,0.5820371027673271,0.4175993861121362,22,60,0,0,162,0,0.5820371027673271,nenhuma,115.42305866237126,0.0,124,0,terminal,0.25,j6024_3.sm,10,centralizada,0,3.08955223880597,0.6666666666666666
True,134,67,0.6008952852659275,0.0,11.780573703947224,265.0,397.0,125.0,53.0,85.68083696863556,53,7,13,0,0.1166666666666666,0.3333333333333333,313.0,0.214910848537664,0.2737406931905289,0.037637615667563,0.1296856699548909,31,0,125,53,29,178,19,11,0,0.5820371027673271,0.4175993861121362,22,60,159,34,0,125,0.5820371027673271,nenhuma,85.68083696863555,0.0,91,0,terminal,0.98,j6024_3.sm,10,adaptativa,0,2.0,0.5166666666666667
True,234,67,0.8100923689601551,0.0,25.56509789200332,233.0,499.0,0.0,59.0,57.979139070922,45,15,2,0,0.25,0.2833333333333333,313.0,0.1562867907239329,0.1852368660412843,0.0816776290479339,0.0941251665736142,34,0,0,59,26,59,1,11,58,0.7131697048371954,0.486713896835989,5,60,0,0,58,0,0.7131697048371954,nenhuma,57.979139070922,0.0,64,0,terminal,0.25,j6024_3.sm,11,centralizada,0,3.492537313432836,0.5666666666666667
True,121,67,0.7419258465287581,0.0,8.5,276.0,411.0,58.0,39.0,45.963717429365865,54,6,10,0,0.1,0.2666666666666666,313.0,0.1280455800896096,0.1468489374740123,0.0271565495207667,0.0829724330009511,25,0,58,39,35,97,0,6,0,0.7131697048371954,0.486713896835989,5,60,97,39,0,58,0.7131697048371954,nenhuma,45.963717429365865,0.0,51,0,terminal,0.8919877907485949,j6024_3.sm,11,adaptativa,0,1.8059701492537317,0.4166666666666667
True,257,57,0.7475885267059248,3.552713678800501e-15,44.111143558358336,207.0,554.0,0.0,68.0,119.0493609914966,39,21,3,0,0.35,0.4,326.0,0.2674969821915355,0.3651820889309712,0.1353102563139826,0.1606497046731313,45,0,0,68,15,68,15,0,53,0.6268507180531939,0.4857196752206667,23,60,0,0,53,0,0.6268507180531939,nenhuma,119.0493609914966,0.0,129,0,terminal,0.25,j6025_8.sm,0,centralizada,0,4.508771929824562,0.75
True,219,57,0.69696526750603,0.0,14.872003067717742,277.0,413.0,68.0,18.0,93.56898335529584,51,9,12,0,0.15,0.35,326.0,0.2230121554911521,0.2870214213352633,0.0456196413120176,0.1579039503982834,43,0,68,18,17,86,10,0,0,0.6268507180531939,0.4857196752206667,23,60,76,8,0,68,0.6268507180531939,nenhuma,93.56898335529584,0.0,102,0,terminal,0.9832991231433472,j6025_8.sm,0,adaptativa,0,3.842105263157895,0.7166666666666667
True,364,57,0.7711250187411333,4.440892098500626e-15,28.430270829581723,234.0,531.0,0.0,68.0,89.60429514640967,43,17,4,0,0.2833333333333333,0.35,326.0,0.2156000219267314,0.2748598010626063,0.0872094197226433,0.1301245080490794,35,0,0,68,25,68,10,0,58,0.6586427040007742,0.3936211322074767,20,60,0,0,58,0,0.6586427040007742,nenhuma,89.60429514640967,0.0,98,0,terminal,0.25,j6025_8.sm,1,centralizada,0,6.385964912280702,0.5833333333333334
True,219,57,0.6520021798250746,0.0,16.292798109093333,271.0,412.0,73.0,25.0,121.8997278667616,52,8,15,0,0.1333333333333333,0.3833333333333333,326.0,0.272158521835547,0.3739255456035632,0.0499779083101022,0.1929099230320678,37,0,73,25,23,98,11,0,0,0.6586427040007742,0.3936211322074767,20,60,87,14,0,73,0.6586427040007742,nenhuma,121.8997278667616,0.0,129,0,terminal,0.9633333333333332,j6025_8.sm,1,adaptativa,0,3.842105263157895,0.6166666666666667
True,335,57,0.7161214705241571,0.0,64.65132223639301,173.0,543.0,0.0,52.0,163.25124975314205,32,28,3,0,0.4666666666666667,0.5166666666666667,326.0,0.3336756928786846,0.5007707047642395,0.1983169393754387,0.215299677786605,45,0,0,52,15,52,1,0,51,0.7659648859265082,0.2570239140832174,6,60,0,0,51,0,0.7659648859265082,nenhuma,163.25124975314202,0.0,172,0,terminal,0.25,j6025_8.sm,2,centralizada,0,5.87719298245614,0.75
True,212,57,0.7131221108368277,0.0,9.649946310764648,294.0,411.0,49.0,16.0,100.33888187494792,55,5,15,0,0.0833333333333333,0.3333333333333333,326.0,0.2353500610445822,0.3077879812114967,0.029601062302959,0.174097020052725,39,0,49,16,21,65,5,0,0,0.7659648859265082,0.2570239140832174,6,60,60,11,0,49,0.7659648859265082,nenhuma,100.33888187494792,0.0,109,0,terminal,0.96,j6025_8.sm,2,adaptativa,0,3.719298245614035,0.65
True,297,57,0.7651099463797871,1.7763568394002505e-15,24.726689925675604,235.0,535.0,0.0,70.0,94.24590907675308,40,20,3,0,0.3333333333333333,0.3833333333333333,326.0,0.2242637156987532,0.289097880603537,0.0758487421032994,0.134782210168652,48,0,0,70,12,70,11,0,59,0.794910294566222,0.2433201962422982,4,60,0,0,59,0,0.794910294566222,nenhuma,94.24590907675308,0.0,104,0,terminal,0.25,j6025_8.sm,3,centralizada,0,5.2105263157894735,0.8
True,217,57,0.6791145845362287,1.7763568394002505e-15,20.532387282094945,285.0,432.0,78.0,29.0,97.12240089795046,55,5,15,0,0.0833333333333333,0.3333333333333333,326.0,0.2295373648188733,0.2979214751470873,0.0629827830739108,0.1526787938309552,43,0,78,29,17,107,0,0,0,0.794910294566222,0.2433201962422982,4,60,107,29,0,78,0.794910294566222,nenhuma,97.12240089795046,0.0,104,0,terminal,0.8849999999999999,j6025_8.sm,3,adaptativa,0,3.807017543859649,0.7166666666666667
True,287,57,0.7502779668099174,0.0,25.800360182682564,221.0,538.0,0.0,82.0,97.06757201934738,44,16,2,0,0.2666666666666666,0.3,326.0,0.2294375140974131,0.2977532884029061,0.079142209149333,0.1353673988435895,37,0,0,82,23,82,9,0,73,0.7496468789669437,0.3530323246498424,9,60,0,0,73,0,0.7496468789669437,nenhuma,97.0675720193474,0.0,103,0,terminal,0.25,j6025_8.sm,4,centralizada,0,5.035087719298246,0.6166666666666667
True,225,57,0.6851666753821339,0.0,15.029467764053484,262.0,435.0,78.0,22.0,99.8820157626464,48,12,10,0,0.2,0.3666666666666666,326.0,0.2345297807041302,0.3063865514191607,0.0461026618529247,0.157323744070249,36,0,78,22,24,100,8,0,0,0.7496468789669437,0.3530323246498424,9,60,92,14,0,78,0.7496468789669437,nenhuma,99.8820157626464,0.0,107,0,terminal,0.9533333333333333,j6025_8.sm,4,adaptativa,0,3.947368421052632,0.6
True,264,57,0.7457383557890503,0.0,25.4442483578564,232.0,539.0,0.0,98.0,85.77360526762129,44,16,2,0,0.2666666666666666,0.3,326.0,0.208302825072712,0.2631092186123352,0.0780498415885165,0.1186728522493041,49,0,0,98,11,98,15,0,83,0.6863255838987572,0.3910769205246226,16,60,0,0,83,0,0.6863255838987572,nenhuma,85.77360526762128,0.0,93,0,terminal,0.25,j6025_8.sm,5,centralizada,0,4.631578947368421,0.8166666666666667
True,223,57,0.638684231677843,0.0,11.07594784879842,293.0,414.0,95.0,28.0,111.20764231552936,53,7,19,0,0.1166666666666666,0.4333333333333333,326.0,0.254358871053932,0.3411277371642005,0.0339753001496884,0.1715617574613484,40,0,95,28,20,123,14,0,0,0.6863255838987572,0.3910769205246226,16,60,109,14,0,95,0.6863255838987572,nenhuma,111.20764231552936,0.0,120,0,terminal,0.965,j6025_8.sm,5,adaptativa,0,3.912280701754386,0.6666666666666666
True,292,57,0.7928032192738845,0.0,25.81499034903314,223.0,548.0,0.0,36.0,107.21818211321629,38,22,3,0,0.3666666666666666,0.4166666666666667,326.0,0.2474923411344635,0.328890129181645,0.0791870869602243,0.1551148174161523,36,0,0,36,24,36,0,0,36,0.7631789564580391,0.2436049793851584,6,60,0,0,36,0,0.7631789564580391,nenhuma,107.21818211321629,0.0,117,0,terminal,0.25,j6025_8.sm,6,centralizada,0,5.12280701754386,0.6
True,226,57,0.7301923312436048,0.0,7.724412333884142,288.0,432.0,37.0,12.0,110.62494799726583,54,6,14,0,0.1,0.3333333333333333,326.0,0.2533637816727746,0.3393403312799565,0.0236945163616077,0.1869849274810789,34,0,37,12,26,49,5,0,0,0.7631789564580391,0.2436049793851584,6,60,44,7,0,37,0.7631789564580391,nenhuma,110.62494799726582,0.0,118,0,terminal,0.955,j6025_8.sm,6,adaptativa,0,3.9649122807017534,0.5666666666666667
True,311,57,0.7488210805055453,0.0,34.70792287469849,213.0,533.0,0.0,88.0,90.7855170959666,38,22,1,0,0.3666666666666666,0.3833333333333333,326.0,0.2178231089422977,0.2784831812759712,0.1064660210880321,0.1275461707430701,47,0,0,88,13,88,2,0,86,0.5858494645010164,0.4310024134004245,27,60,0,0,86,0,0.5858494645010164,nenhuma,90.7855170959666,0.0,99,0,terminal,0.25,j6025_8.sm,7,centralizada,0,5.456140350877193,0.7833333333333333
True,260,57,0.6156581926644895,0.0,11.014945060968673,274.0,406.0,88.0,32.0,133.45682984073375,54,6,16,0,0.1,0.3666666666666666,326.0,0.2904665273710161,0.4093767786525576,0.0337881750336462,0.202373868616942,42,0,88,32,18,120,13,0,0,0.5858494645010164,0.4310024134004245,27,60,107,19,0,88,0.5858494645010164,nenhuma,133.45682984073375,0.0,141,0,terminal,0.98,j6025_8.sm,7,adaptativa,0,4.56140350877193,0.7
True,302,57,0.6282515611995224,5.10702591327572e-15,39.83023898551932,145.0,528.0,0.0,148.0,164.42767676038582,30,30,3,0,0.5,0.55,326.0,0.335274056812096,0.5043793765656007,0.1221786471948445,0.1956476224036417,49,0,0,148,11,148,16,0,132,0.5273323364698471,0.2724902104363956,32,60,0,0,132,0,0.5273323364698471,nenhuma,164.42767676038582,0.0,173,0,terminal,0.25,j6025_8.sm,8,centralizada,0,5.298245614035087,0.8166666666666667
True,256,57,0.5815832582015305,0.0,9.649946310764648,299.0,424.0,142.0,40.0,123.04436986574215,56,4,22,0,0.0666666666666666,0.4333333333333333,326.0,0.2740138349859072,0.3774367173795772,0.029601062302959,0.1687748715327182,53,0,142,40,7,182,15,0,0,0.5273323364698471,0.2724902104363956,32,60,167,25,0,142,0.5273323364698471,nenhuma,123.04436986574215,0.0,131,0,terminal,0.9416666666666664,j6025_8.sm,8,adaptativa,0,4.491228070175438,0.8833333333333333
True,286,57,0.8141849305172264,1.2212453270876722e-15,20.37435864464879,241.0,536.0,0.0,43.0,79.3270948769537,48,12,2,0,0.2,0.2333333333333333,326.0,0.1957113054606804,0.2433346468618211,0.0624980326522969,0.1204979948330708,38,0,0,43,22,43,6,0,37,0.6872143627230507,0.3512385487549321,16,60,0,0,37,0,0.6872143627230507,nenhuma,79.3270948769537,0.0,85,0,terminal,0.25,j6025_8.sm,9,centralizada,0,5.017543859649122,0.6333333333333333
True,225,57,0.6852853184338933,0.0,11.974447931878965,285.0,420.0,50.0,25.0,117.88340593643662,53,7,16,0,0.1166666666666666,0.3833333333333333,326.0,0.2655729057673252,0.3616055396823209,0.0367314353738618,0.1923423032743401,36,0,50,25,24,75,9,0,0,0.6872143627230507,0.3512385487549321,16,60,66,16,0,50,0.6872143627230507,nenhuma,117.88340593643662,0.0,125,0,terminal,0.96,j6025_8.sm,9,adaptativa,0,3.947368421052632,0.6
True,332,57,0.6726048547403671,0.0,32.2204941723096,190.0,555.0,0.0,136.0,134.15015478774103,39,21,2,0,0.35,0.3833333333333333,326.0,0.2915356072185221,0.4115035422936841,0.0988358716942012,0.1625766583322636,48,0,0,136,12,136,20,0,116,0.5820371027673271,0.4175993861121362,27,60,0,0,116,0,0.5820371027673271,nenhuma,134.15015478774103,0.0,143,0,terminal,0.25,j6025_8.sm,10,centralizada,0,5.824561403508772,0.8
True,258,57,0.5821823017676223,8.881784197001252e-16,14.552408142489597,265.0,426.0,98.0,31.0,176.72956083786548,50,10,25,0,0.1666666666666666,0.5833333333333334,326.0,0.3515400219221687,0.5421152172940659,0.0446392887806429,0.2415230575562666,45,0,98,31,15,129,7,0,0,0.5820371027673271,0.4175993861121362,27,60,122,24,0,98,0.5820371027673271,nenhuma,176.7295608378655,0.0,188,0,terminal,0.945,j6025_8.sm,10,adaptativa,0,4.526315789473684,0.75
True,370,57,0.7656833462943435,3.552713678800501e-15,29.95350950892611,166.0,539.0,0.0,32.0,132.9463540751975,34,26,4,0,0.4333333333333333,0.5,326.0,0.2896773291577657,0.4078109020711579,0.0918819310089757,0.1888586442781629,47,0,0,32,13,32,2,0,30,0.7131697048371954,0.486713896835989,13,60,0,0,30,0,0.7131697048371954,nenhuma,132.94635407519746,0.0,143,0,terminal,0.25,j6025_8.sm,11,centralizada,0,6.491228070175438,0.7833333333333333
True,245,57,0.7053882891163901,0.0,12.0,261.0,428.0,40.0,14.0,124.75801768149196,51,9,18,0,0.15,0.45,326.0,0.2767738182965536,0.3826933057714477,0.0368098159509202,0.2056141230044391,39,0,40,14,21,54,7,0,0,0.7131697048371954,0.486713896835989,13,60,47,7,0,40,0.7131697048371954,nenhuma,124.75801768149196,0.0,133,0,terminal,0.9983333333333334,j6025_8.sm,11,adaptativa,0,4.298245614035087,0.65
True,246,71,0.7227209008244024,0.0,25.647723056685997,300.0,530.0,0.0,146.0,57.339798801214734,53,7,4,0,0.1166666666666666,0.1833333333333333,347.0,0.1418109198530928,0.1652443769487456,0.0739127465610547,0.0781899453635922,35,0,0,146,25,146,19,2,127,0.6268507180531939,0.4857196752206667,25,60,0,0,127,0,0.6268507180531939,nenhuma,57.339798801214734,0.0,63,0,terminal,0.25,j6026_3.sm,0,centralizada,0,3.464788732394366,0.5833333333333334
True,148,71,0.6618501182118021,0.0,10.286587720538837,313.0,436.0,107.0,48.0,67.75941999979128,53,7,8,0,0.1166666666666666,0.25,347.0,0.1633704184460123,0.1952721037457961,0.029644345015962,0.1028591287541857,33,0,107,48,27,155,25,6,0,0.6268507180531939,0.4857196752206667,25,60,130,23,0,107,0.6268507180531939,nenhuma,67.75941999979128,0.0,75,0,terminal,0.979796786731266,j6026_3.sm,0,adaptativa,0,2.084507042253521,0.55
True,225,71,0.6899343280652181,3.1086244689504387e-15,56.95595446655208,210.0,565.0,0.0,123.0,130.9185216865911,38,22,6,0,0.3666666666666666,0.4666666666666667,347.0,0.2739348147139707,0.3772868060132309,0.1641381973099483,0.1598675792763361,46,0,0,123,14,123,16,1,107,0.6586427040007742,0.3936211322074767,22,60,0,0,107,0,0.6586427040007742,nenhuma,130.9185216865911,0.0,143,0,terminal,0.25,j6026_3.sm,1,centralizada,0,3.1690140845070425,0.7666666666666667
True,175,71,0.6243387650686512,0.0,9.144572262891728,319.0,449.0,115.0,43.0,112.16085484557206,55,5,19,0,0.0833333333333333,0.4,347.0,0.2442735561229293,0.3232301292379598,0.0263532341870078,0.1559607340831374,41,0,115,43,19,158,14,3,0,0.6586427040007742,0.3936211322074767,22,60,144,29,0,115,0.6586427040007742,nenhuma,112.16085484557208,0.0,121,0,terminal,0.945,j6026_3.sm,1,adaptativa,0,2.464788732394366,0.6833333333333333
True,203,71,0.706587217717486,3.774758283725532e-15,53.19167545699068,188.0,583.0,0.0,115.0,127.09276332974974,34,26,3,0,0.4333333333333333,0.4833333333333333,347.0,0.2680757293933884,0.366261565791786,0.1532901309999731,0.1540345146366978,44,0,0,115,16,115,6,16,109,0.7659648859265082,0.2570239140832174,4,60,0,0,109,0,0.7659648859265082,nenhuma,127.09276332974976,0.0,140,0,terminal,0.25,j6026_3.sm,2,centralizada,0,2.859154929577465,0.7333333333333333
True,146,71,0.6820116701826255,0.0,4.0,334.0,456.0,60.0,52.0,100.61025981842022,58,2,19,0,0.0333333333333333,0.35,347.0,0.2247720145182424,0.2899431118686462,0.0115273775216138,0.150476691526905,38,0,60,52,22,112,0,18,0,0.7659648859265082,0.2570239140832174,4,60,112,52,0,60,0.7659648859265082,nenhuma,100.61025981842022,0.0,108,0,terminal,0.8466666666666666,j6026_3.sm,2,adaptativa,0,2.056338028169014,0.6333333333333333
True,273,71,0.6704672622024223,0.0,46.76535763390034,199.0,589.0,0.0,160.0,129.49181191217318,36,24,3,0,0.4,0.45,347.0,0.2717608333971562,0.3731752504673578,0.1347704830948136,0.1474024119021829,43,0,0,160,17,160,0,20,160,0.794910294566222,0.2433201962422982,3,60,0,0,160,0,0.794910294566222,nenhuma,129.49181191217318,0.0,141,0,terminal,0.25,j6026_3.sm,3,centralizada,0,3.845070422535212,0.7166666666666667
True,161,71,0.6292208895818486,0.0,4.59257406032199,332.0,440.0,124.0,66.0,69.2774831306123,57,3,14,0,0.05,0.2833333333333333,347.0,0.1664214038424836,0.1996469254484504,0.0132350837473256,0.0990700899168986,32,0,124,66,28,190,0,8,6,0.794910294566222,0.2433201962422982,3,60,184,60,6,124,0.794910294566222,nenhuma,69.2774831306123,0.0,74,0,terminal,0.835,j6026_3.sm,3,adaptativa,0,2.267605633802817,0.5333333333333333
True,259,71,0.6813881710902759,0.0,34.873634430112546,245.0,578.0,0.0,168.0,102.26832123480142,44,16,3,0,0.2666666666666666,0.3166666666666666,347.0,0.2276330566858571,0.2947213868438081,0.1005003874066644,0.1205612878315816,39,0,0,168,21,168,0,9,168,0.7496468789669437,0.3530323246498424,4,60,0,0,168,0,0.7496468789669437,nenhuma,102.26832123480143,0.0,111,0,terminal,0.25,j6026_3.sm,4,centralizada,0,3.647887323943662,0.65
True,203,71,0.6076631756910914,8.881784197001252e-16,15.652365863945484,287.0,470.0,116.0,66.0,121.45479996458896,50,10,14,0,0.1666666666666666,0.4,347.0,0.2592668491683079,0.3500138327509768,0.0451076826050302,0.157028956275337,33,0,116,66,27,182,0,8,1,0.7496468789669437,0.3530323246498424,4,60,181,65,1,116,0.7496468789669437,nenhuma,121.45479996458896,0.0,129,0,terminal,0.8399999999999999,j6026_3.sm,4,adaptativa,0,2.859154929577465,0.55
True,199,71,0.6997709235804924,3.552713678800501e-15,39.63332776803473,230.0,560.0,0.0,135.0,105.26188732545272,45,15,4,0,0.25,0.3166666666666666,347.0,0.2327454297507609,0.3033483784595179,0.1142170829049992,0.1315343001992103,40,0,0,135,20,135,23,5,112,0.6863255838987572,0.3910769205246226,18,60,0,0,112,0,0.6863255838987572,nenhuma,105.26188732545272,0.0,113,0,terminal,0.25,j6026_3.sm,5,centralizada,0,2.8028169014084505,0.6666666666666666
True,160,71,0.6172717529932525,0.0,12.826419462295744,292.0,427.0,113.0,56.0,95.75366915690944,51,9,14,0,0.15,0.3833333333333333,347.0,0.2162684938088562,0.2759471733628514,0.0369637448481145,0.1384216281405654,35,0,113,56,25,169,17,5,0,0.6863255838987572,0.3910769205246226,18,60,152,39,0,113,0.6863255838987572,nenhuma,95.75366915690944,0.0,103,0,terminal,0.96,j6026_3.sm,5,adaptativa,0,2.2535211267605635,0.5833333333333334
True,238,71,0.752363562995231,8.881784197001252e-16,32.329090997791084,245.0,583.0,0.0,70.0,121.8913273777128,45,15,6,0,0.25,0.35,347.0,0.2599564552822789,0.3512718368233798,0.0931674092155362,0.1573011893037978,29,0,0,70,31,70,0,16,70,0.7631789564580391,0.2436049793851584,4,60,0,0,70,0,0.7631789564580391,nenhuma,121.89132737771284,0.0,132,0,terminal,0.25,j6026_3.sm,6,centralizada,0,3.352112676056338,0.4833333333333333
True,167,71,0.6765016591506826,0.0,12.638914654662848,294.0,457.0,73.0,42.0,103.53418948557042,52,8,14,0,0.1333333333333333,0.3666666666666666,347.0,0.2298031800955838,0.2983694221486179,0.036423385171939,0.1532626935794519,33,0,73,42,27,115,0,12,0,0.7631789564580391,0.2436049793851584,4,60,115,42,0,73,0.7631789564580391,nenhuma,103.53418948557042,0.0,112,0,terminal,0.8633333333333333,j6026_3.sm,6,adaptativa,0,2.352112676056338,0.55
True,238,71,0.6534599311152585,1.7763568394002505e-15,59.717125943076496,219.0,562.0,0.0,175.0,123.0374303606282,39,21,3,0,0.35,0.4,347.0,0.2617609203297487,0.3545747272640582,0.1720954638129005,0.1430605529680685,43,0,0,175,17,175,8,20,167,0.5858494645010164,0.4310024134004245,34,60,0,0,167,0,0.5858494645010164,nenhuma,123.0374303606282,0.0,134,0,terminal,0.25,j6026_3.sm,7,centralizada,0,3.352112676056338,0.7166666666666667
True,140,71,0.6819541600927473,0.0,8.5,327.0,423.0,94.0,43.0,60.27629531942589,57,3,15,0,0.05,0.3,347.0,0.1479985356676634,0.1737069029378267,0.0244956772334293,0.0971765256455354,41,0,94,43,19,137,14,2,0,0.5858494645010164,0.4310024134004245,34,60,123,29,0,94,0.5858494645010164,nenhuma,60.27629531942589,0.0,66,0,terminal,0.985,j6026_3.sm,7,adaptativa,0,1.971830985915493,0.6833333333333333
True,239,71,0.6505433286622013,1.7763568394002505e-15,37.18978106508004,220.0,591.0,0.0,191.0,126.47138685650926,41,19,7,0,0.3166666666666666,0.4333333333333333,347.0,0.2671151633812199,0.364470855494263,0.1071751615708358,0.1392133959156658,48,0,0,191,12,191,25,4,166,0.5273323364698471,0.2724902104363956,37,60,0,0,166,0,0.5273323364698471,nenhuma,126.47138685650926,0.0,137,0,terminal,0.25,j6026_3.sm,8,centralizada,0,3.3661971830985915,0.8
True,176,71,0.597589939239196,0.0,14.717077505909163,309.0,476.0,141.0,51.0,128.53282082694585,54,6,18,0,0.1,0.4,347.0,0.2702922179029174,0.3704115873975385,0.0424123271063664,0.1613653793870106,49,0,141,51,11,192,16,9,0,0.5273323364698471,0.2724902104363956,37,60,176,35,0,141,0.5273323364698471,nenhuma,128.53282082694582,0.0,138,0,terminal,0.9700302295207476,j6026_3.sm,8,adaptativa,0,2.4788732394366195,0.8166666666666667
True,260,71,0.6943936101098466,0.0,43.0744112634609,229.0,559.0,0.0,152.0,94.01892854626269,42,18,2,0,0.3,0.3333333333333333,347.0,0.2131856989816257,0.2709479208826013,0.1241337500387922,0.1167909538674401,44,0,0,152,16,152,17,14,135,0.6872143627230507,0.3512385487549321,18,60,0,0,135,0,0.6872143627230507,nenhuma,94.01892854626269,0.0,101,0,terminal,0.25,j6026_3.sm,9,centralizada,0,3.661971830985916,0.7333333333333333
True,183,71,0.6099233902045031,0.0,5.570652530855778,322.0,450.0,143.0,62.0,82.79757790419892,55,5,15,0,0.0833333333333333,0.3333333333333333,347.0,0.1926431933561392,0.2386097345942331,0.016053753691227,0.1122226209245566,42,0,143,62,18,205,9,4,0,0.6872143627230507,0.3512385487549321,18,60,196,53,0,143,0.6872143627230507,nenhuma,82.79757790419893,0.0,93,0,terminal,0.9368660050742422,j6026_3.sm,9,adaptativa,0,2.5774647887323945,0.7
True,228,71,0.6674060762294899,0.0,35.99157029661306,211.0,583.0,0.0,175.0,115.5311540668883,37,23,3,0,0.3833333333333333,0.4333333333333333,347.0,0.2497802646396029,0.3329428071091882,0.1037221046011903,0.1322576230155173,44,0,0,175,16,175,36,9,139,0.5820371027673271,0.4175993861121362,34,60,0,0,139,0,0.5820371027673271,nenhuma,115.5311540668883,0.0,129,0,terminal,0.25,j6026_3.sm,10,centralizada,0,3.211267605633803,0.7333333333333333
True,179,71,0.5812289785969523,0.0,10.068134260758484,303.0,427.0,155.0,55.0,97.65022516728142,55,5,15,0,0.0833333333333333,0.3333333333333333,347.0,0.2196113251276203,0.2814127526434623,0.0290147961405143,0.1329207040602842,41,0,155,55,19,210,22,2,0,0.5820371027673271,0.4175993861121362,34,60,188,33,0,155,0.5820371027673271,nenhuma,97.65022516728142,0.0,105,0,terminal,0.9866666666666668,j6026_3.sm,10,adaptativa,0,2.5211267605633805,0.6833333333333333
True,276,71,0.7404608861692213,3.552713678800501e-15,45.96041824356228,186.0,591.0,0.0,83.0,124.15154458399805,35,25,2,0,0.4166666666666667,0.45,347.0,0.2635066063374944,0.3577854310778041,0.1324507730362025,0.1555488370929691,42,0,0,83,18,83,7,6,76,0.7131697048371954,0.486713896835989,14,60,0,0,76,0,0.7131697048371954,nenhuma,124.15154458399805,0.0,134,0,terminal,0.25,j6026_3.sm,11,centralizada,0,3.887323943661972,0.7
True,147,71,0.7094379619181832,0.0,7.195088432181117,329.0,454.0,49.0,44.0,92.94320063233113,58,2,19,0,0.0333333333333333,0.35,347.0,0.211261818568269,0.2678478404389945,0.020735125164787,0.1452366405963739,36,0,49,44,24,93,4,19,0,0.7131697048371954,0.486713896835989,14,60,89,40,0,49,0.7131697048371954,nenhuma,92.94320063233113,0.0,102,0,terminal,0.9516666666666668,j6026_3.sm,11,adaptativa,0,2.0704225352112675,0.6
True,153,74,0.603471705124973,0.0,15.98186418330819,240.0,393.0,0.0,231.0,27.23185836627368,54,6,1,0,0.1,0.1166666666666666,277.0,0.0895102127453346,0.098309958000988,0.0576962605895602,0.0418159185801957,26,0,0,231,34,231,55,0,176,0.6268507180531939,0.4857196752206667,23,60,0,0,176,0,0.6268507180531939,nenhuma,27.23185836627368,0.0,29,0,terminal,0.25,j6027_2.sm,0,centralizada,0,2.0675675675675675,0.4333333333333333
True,127,74,0.5316109891415579,8.881784197001252e-16,9.016689641828702,262.0,308.0,178.0,51.0,42.37101807725327,56,4,10,0,0.0666666666666666,0.2333333333333333,277.0,0.1326702038661631,0.1529639641778096,0.0325512261437859,0.0731327884122838,22,0,178,51,38,229,11,0,0,0.6268507180531939,0.4857196752206667,23,60,218,40,0,178,0.6268507180531939,nenhuma,42.37101807725326,0.0,47,0,terminal,0.9666666666666668,j6027_2.sm,0,adaptativa,0,1.7162162162162162,0.3666666666666666
True,186,74,0.6731755303419866,0.0,25.466631998466653,210.0,410.0,0.0,153.0,46.05362943259656,46,14,3,0,0.2333333333333333,0.2833333333333333,277.0,0.1425572265307281,0.1662585900093738,0.0919372996334536,0.0756150644328329,27,0,0,153,33,153,16,0,137,0.6586427040007742,0.3936211322074767,14,60,0,0,137,0,0.6586427040007742,nenhuma,46.05362943259656,0.0,50,0,terminal,0.25,j6027_2.sm,1,centralizada,0,2.5135135135135136,0.45
True,106,74,0.6885428266077754,0.0,1.415124683726872,273.0,316.0,85.0,24.0,33.940225340562066,58,2,8,0,0.0333333333333333,0.1666666666666666,277.0,0.1091535368361829,0.1225278893161085,0.0051087533708551,0.0739534768724539,18,0,85,24,42,109,6,0,0,0.6586427040007742,0.3936211322074767,14,60,103,18,0,85,0.6586427040007742,nenhuma,33.940225340562066,0.0,37,0,terminal,0.9483333333333333,j6027_2.sm,1,adaptativa,0,1.4324324324324325,0.3
True,210,74,0.7573640155834339,0.0,31.66341524509994,178.0,428.0,0.0,65.0,72.11795014487323,44,16,3,0,0.2666666666666666,0.3166666666666666,277.0,0.2065718766822115,0.2603536106313113,0.1143083582855593,0.1276157484050632,26,0,0,65,34,65,1,3,64,0.7659648859265082,0.2570239140832174,6,60,0,0,64,0,0.7659648859265082,nenhuma,72.11795014487322,0.0,80,0,terminal,0.25,j6027_2.sm,2,centralizada,0,2.8378378378378377,0.4333333333333333
True,115,74,0.641027676936725,0.0,6.451166520022671,256.0,322.0,101.0,36.0,43.31840462605206,56,4,9,0,0.0666666666666666,0.2166666666666666,277.0,0.1352354532254338,0.1563841322240146,0.0232894098195764,0.0862369449877119,21,0,101,36,39,137,7,0,0,0.7659648859265082,0.2570239140832174,6,60,130,29,0,101,0.7659648859265082,nenhuma,43.31840462605204,0.0,48,0,terminal,0.945,j6027_2.sm,2,adaptativa,0,1.554054054054054,0.35
True,171,74,0.6300977876091669,0.0,17.603860334803866,188.0,418.0,0.0,183.0,62.389093280350366,42,18,2,0,0.3,0.3333333333333333,277.0,0.1838276318114154,0.2252313836835753,0.0635518423639128,0.0940460039399299,29,0,0,183,31,183,14,2,169,0.794910294566222,0.2433201962422982,5,60,0,0,169,0,0.794910294566222,nenhuma,62.389093280350366,0.0,71,0,terminal,0.25,j6027_2.sm,3,centralizada,0,2.310810810810811,0.4833333333333333
True,136,74,0.5436154764969667,0.0,5.0,250.0,326.0,166.0,59.0,48.68859257048585,55,5,11,0,0.0833333333333333,0.2666666666666666,277.0,0.1494943135288001,0.1757710923122233,0.0180505415162454,0.0811897927919366,23,0,166,59,37,225,13,2,0,0.794910294566222,0.2433201962422982,5,60,212,46,0,166,0.794910294566222,nenhuma,48.68859257048585,0.0,56,0,terminal,0.92,j6027_2.sm,3,adaptativa,0,1.837837837837838,0.3833333333333333
True,183,74,0.6887744252050657,1.7763568394002505e-15,26.97145871214289,210.0,425.0,0.0,143.0,49.038009030992455,49,11,2,0,0.1833333333333333,0.2166666666666666,277.0,0.1504058044543236,0.17703252357759,0.0973698870474472,0.0794732387847591,24,0,0,143,36,143,11,2,132,0.7496468789669437,0.3530323246498424,7,60,0,0,132,0,0.7496468789669437,nenhuma,49.038009030992455,0.0,54,0,terminal,0.25,j6027_2.sm,4,centralizada,0,2.472972972972973,0.4
True,116,74,0.637387183801083,0.0,12.570349446716428,241.0,352.0,103.0,45.0,52.25459335538327,55,5,8,0,0.0833333333333333,0.2166666666666666,277.0,0.1587057383858025,0.1886447413551742,0.0453803229123336,0.0946204775552799,23,0,103,45,37,148,4,6,0,0.7496468789669437,0.3530323246498424,7,60,144,41,0,103,0.7496468789669437,nenhuma,52.25459335538327,0.0,56,0,terminal,0.9368581915813374,j6027_2.sm,4,adaptativa,0,1.5675675675675675,0.3833333333333333
True,182,74,0.6640103998056456,8.881784197001252e-16,19.0,201.0,402.0,0.0,140.0,63.412204564363066,47,13,4,0,0.2166666666666666,0.2833333333333333,277.0,0.1862806436259058,0.2289249262251374,0.0685920577617328,0.1047421972769654,32,0,0,140,28,140,10,1,130,0.6863255838987572,0.3910769205246226,11,60,0,0,130,0,0.6863255838987572,nenhuma,63.412204564363066,0.0,69,0,terminal,0.25,j6027_2.sm,5,centralizada,0,2.45945945945946,0.5333333333333333
True,119,74,0.5946040810747504,0.0,3.899246895057323,265.0,326.0,116.0,43.0,63.26397997597505,55,5,16,0,0.0833333333333333,0.35,277.0,0.1859261740853143,0.2283898194078521,0.0140767035922647,0.1153896339838835,30,0,116,43,30,159,14,2,0,0.6863255838987572,0.3910769205246226,11,60,145,29,0,116,0.6863255838987572,nenhuma,63.26397997597505,0.0,68,0,terminal,0.9484753908309552,j6027_2.sm,5,adaptativa,0,1.608108108108108,0.5
True,175,74,0.7185536898815834,0.0,38.24479094448782,207.0,457.0,0.0,105.0,73.99979574986656,47,13,4,0,0.2166666666666666,0.2833333333333333,277.0,0.2108257515984457,0.2671472770753305,0.1380678373447213,0.1163519174760396,23,0,0,105,37,105,9,5,96,0.7631789564580391,0.2436049793851584,6,60,0,0,96,0,0.7631789564580391,nenhuma,73.99979574986656,0.0,82,0,terminal,0.25,j6027_2.sm,6,centralizada,0,2.364864864864865,0.3833333333333333
True,122,74,0.6723139724849873,0.0,5.253898910341603,265.0,337.0,100.0,35.0,29.253898910341604,57,3,8,0,0.05,0.1833333333333333,277.0,0.0955217191174631,0.1056097433586339,0.0189671440806556,0.058361439130819,11,0,100,35,49,135,8,3,0,0.7631789564580391,0.2436049793851584,6,60,127,27,0,100,0.7631789564580391,nenhuma,29.253898910341604,0.0,33,0,terminal,0.94,j6027_2.sm,6,adaptativa,0,1.648648648648649,0.1833333333333333
True,177,74,0.6034134576028668,0.0,34.76356229820842,201.0,414.0,0.0,211.0,61.09672983540209,46,14,1,0,0.2333333333333333,0.25,277.0,0.180707840224146,0.2205658116801519,0.1255002249032795,0.0890497318797299,34,0,0,211,26,211,9,1,202,0.5858494645010164,0.4310024134004245,25,60,0,0,202,0,0.5858494645010164,nenhuma,61.09672983540209,0.0,67,0,terminal,0.25,j6027_2.sm,7,centralizada,0,2.391891891891892,0.5666666666666667
True,129,74,0.5306088952094206,0.0,7.041400464957853,245.0,315.0,182.0,63.0,33.65759383976393,55,5,4,0,0.0833333333333333,0.15,277.0,0.1083430584256839,0.1215075589883174,0.0254202182850464,0.0566952974054747,29,0,182,63,31,245,26,0,0,0.5858494645010164,0.4310024134004245,25,60,219,37,0,182,0.5858494645010164,nenhuma,33.65759383976393,0.0,37,0,terminal,1.0,j6027_2.sm,7,adaptativa,0,1.7432432432432432,0.4833333333333333
True,227,74,0.6148697464966427,3.552713678800501e-15,37.135932912164805,162.0,441.0,0.0,182.0,94.22507492472305,41,19,5,0,0.3166666666666666,0.4,277.0,0.2538219567841153,0.3401627253600109,0.1340647397551076,0.1313744851079175,33,0,0,182,27,182,31,5,151,0.5273323364698471,0.2724902104363956,29,60,0,0,151,0,0.5273323364698471,nenhuma,94.22507492472305,0.0,105,0,terminal,0.25,j6027_2.sm,8,centralizada,0,3.0675675675675675,0.55
True,145,74,0.4727766291357437,0.0,4.0,264.0,325.0,200.0,74.0,88.42822713997981,58,2,16,0,0.0333333333333333,0.3,277.0,0.2419852123413191,0.3192354770396383,0.0144404332129963,0.1286363050698139,31,0,200,74,29,274,27,5,0,0.5273323364698471,0.2724902104363956,29,60,247,47,0,200,0.5273323364698471,nenhuma,88.4282271399798,0.0,95,0,terminal,0.985,j6027_2.sm,8,adaptativa,0,1.9594594594594597,0.5166666666666667
True,308,74,0.6295429967286433,0.0,15.29109157980141,200.0,402.0,0.0,185.0,51.55844968326622,48,12,2,0,0.2,0.2333333333333333,277.0,0.1569232193935937,0.1861315873042101,0.0552024966779834,0.080741942587777,25,0,0,185,35,185,24,4,161,0.6872143627230507,0.3512385487549321,11,60,0,0,161,0,0.6872143627230507,nenhuma,51.55844968326623,0.0,56,0,terminal,0.25,j6027_2.sm,9,centralizada,0,4.162162162162162,0.4166666666666667
True,160,74,0.5487131092566329,0.0,8.209547542035377,248.0,336.0,160.0,51.0,65.34184919546531,55,5,9,0,0.0833333333333333,0.2333333333333333,277.0,0.1908672554904538,0.2358911523301997,0.0296373557474201,0.106708122728041,23,0,160,51,37,211,11,1,0,0.6872143627230507,0.3512385487549321,11,60,200,40,0,160,0.6872143627230507,nenhuma,65.34184919546531,0.0,71,0,terminal,0.9533333333333333,j6027_2.sm,9,adaptativa,0,2.1621621621621623,0.3833333333333333
True,161,74,0.6210156297896076,0.0,37.98772581491066,141.0,450.0,0.0,180.0,94.6194433986379,36,24,1,0,0.4,0.4166666666666667,277.0,0.2546138128115627,0.3415864382622307,0.137139804385959,0.1305781182945494,34,0,0,180,26,180,28,2,152,0.5820371027673271,0.4175993861121362,26,60,0,0,152,0,0.5820371027673271,nenhuma,94.6194433986379,0.0,102,0,terminal,0.25,j6027_2.sm,10,centralizada,0,2.175675675675676,0.5666666666666667
True,133,74,0.5068695421451507,0.0,7.2379610618333405,249.0,306.0,189.0,65.0,43.70563736175677,55,5,8,0,0.0833333333333333,0.2166666666666666,277.0,0.1362796043165798,0.157782084338472,0.0261298233279181,0.0723956091461295,24,0,189,65,36,254,26,1,0,0.5820371027673271,0.4175993861121362,26,60,228,39,0,189,0.5820371027673271,nenhuma,43.70563736175677,0.0,47,0,terminal,1.0,j6027_2.sm,10,adaptativa,0,1.7972972972972974,0.4
True,228,74,0.702349674008771,0.0,16.0,196.0,406.0,0.0,125.0,47.0596404105824,46,14,1,0,0.2333333333333333,0.25,277.0,0.1452190724860337,0.1698903985941603,0.0577617328519855,0.0814096628111885,22,0,0,125,38,125,12,1,113,0.7131697048371954,0.486713896835989,9,60,0,0,113,0,0.7131697048371954,nenhuma,47.0596404105824,0.0,51,0,terminal,0.25,j6027_2.sm,11,centralizada,0,3.081081081081081,0.3666666666666666
True,117,74,0.6843742851608681,0.0,4.0,261.0,319.0,74.0,27.0,46.11920832913282,55,5,11,0,0.0833333333333333,0.2666666666666666,277.0,0.142731249459349,0.1664953369282773,0.0144404332129963,0.0989429474371016,14,0,74,27,46,101,7,0,0,0.7131697048371954,0.486713896835989,9,60,94,20,0,74,0.7131697048371954,nenhuma,46.11920832913282,0.0,51,0,terminal,0.9916666666666668,j6027_2.sm,11,adaptativa,0,1.5810810810810811,0.2333333333333333
True,169,84,0.7759380286944523,0.0,23.841580254997183,256.0,521.0,0.0,104.0,46.44537415778412,48,12,0,0,0.2,0.2,331.0,0.1230519098595933,0.1403183509298614,0.0720289433685715,0.0691722304529122,22,0,0,104,38,104,4,8,100,0.6268507180531939,0.4857196752206667,14,60,0,0,100,0,0.6268507180531939,nenhuma,46.44537415778412,0.0,50,0,terminal,0.25,j6028_4.sm,0,centralizada,0,2.011904761904762,0.3666666666666666
True,118,84,0.7187545319695147,0.0,4.5,308.0,396.0,90.0,41.0,23.95304778794218,56,4,3,0,0.0666666666666666,0.1166666666666666,331.0,0.0674822992427221,0.0723657032868343,0.0135951661631419,0.0434756607375398,16,0,90,41,44,131,11,1,0,0.6268507180531939,0.4857196752206667,14,60,120,30,0,90,0.6268507180531939,nenhuma,23.95304778794218,0.0,26,0,terminal,0.955,j6028_4.sm,0,adaptativa,0,1.4047619047619049,0.2666666666666666
True,203,84,0.724770035061635,0.0,42.34804381139492,227.0,514.0,0.0,126.0,69.19046750641272,45,15,0,0,0.25,0.25,331.0,0.1728938421185757,0.2090346450344795,0.1279397093999846,0.0975626022578864,23,0,0,126,37,126,29,16,97,0.6586427040007742,0.3936211322074767,13,60,0,0,97,0,0.6586427040007742,nenhuma,69.19046750641273,0.0,75,0,terminal,0.25,j6028_4.sm,1,centralizada,0,2.4166666666666665,0.3833333333333333
True,130,84,0.6789584844381603,0.0,8.502529832038325,290.0,412.0,94.0,42.0,58.811770444154526,54,6,11,0,0.1,0.2833333333333333,331.0,0.1508722283504778,0.1776790647859653,0.0256874013052517,0.0969192973977867,13,0,94,42,47,136,14,11,0,0.6586427040007742,0.3936211322074767,13,60,122,28,0,94,0.6586427040007742,nenhuma,58.811770444154526,0.0,65,0,terminal,0.9666666666666668,j6028_4.sm,1,adaptativa,0,1.5476190476190477,0.2166666666666666
True,214,84,0.721063230891812,6.661338147750939e-15,53.07868514744091,190.0,562.0,0.0,113.0,104.4046013203553,35,25,0,0,0.4166666666666667,0.4166666666666667,331.0,0.2397875470395823,0.3154217562548498,0.1603585654001235,0.1339543045338557,34,0,0,113,26,113,13,42,100,0.7659648859265082,0.2570239140832174,6,60,0,0,100,0,0.7659648859265082,nenhuma,104.4046013203553,0.0,116,0,terminal,0.25,j6028_4.sm,2,centralizada,0,2.5476190476190474,0.5666666666666667
True,146,84,0.6029622433045504,0.0,5.0,314.0,411.0,147.0,56.0,67.63472018994703,57,3,14,0,0.05,0.2833333333333333,331.0,0.1696659040580296,0.2043345020844321,0.0151057401812688,0.0992242885912555,19,0,147,56,41,203,8,11,0,0.7659648859265082,0.2570239140832174,6,60,195,48,0,147,0.7659648859265082,nenhuma,67.63472018994703,0.0,75,0,terminal,0.8866666666666666,j6028_4.sm,2,adaptativa,0,1.738095238095238,0.3166666666666666
True,241,84,0.6912238362437557,0.0,29.60559223951324,239.0,518.0,0.0,154.0,77.39545316450945,46,14,5,0,0.2333333333333333,0.3166666666666666,331.0,0.1895110549463759,0.2338231213429288,0.0894428768565354,0.103277185413506,25,0,0,154,35,154,4,40,150,0.794910294566222,0.2433201962422982,5,60,0,0,150,0,0.794910294566222,nenhuma,77.39545316450945,0.0,87,0,terminal,0.25,j6028_4.sm,3,centralizada,0,2.869047619047619,0.4166666666666667
True,126,84,0.6331970229086091,0.0,11.0,299.0,380.0,114.0,63.0,43.129163991420576,56,4,7,0,0.0666666666666666,0.1833333333333333,331.0,0.1152788078087641,0.1302995890979473,0.0332326283987915,0.0718664690523807,22,0,114,63,38,177,4,20,0,0.794910294566222,0.2433201962422982,5,60,173,59,0,114,0.794910294566222,nenhuma,43.129163991420576,0.0,47,0,terminal,0.8683333333333332,j6028_4.sm,3,adaptativa,0,1.5,0.3666666666666666
True,194,84,0.7113874888199171,0.0,21.244936481034426,264.0,508.0,0.0,154.0,52.0974616276907,47,13,2,0,0.2166666666666666,0.25,331.0,0.1359900987240711,0.1573941438903042,0.0641840981300133,0.0729556740181395,25,0,0,154,35,154,15,19,139,0.7496468789669437,0.3530323246498424,6,60,0,0,139,0,0.7496468789669437,nenhuma,52.0974616276907,0.0,57,0,terminal,0.25,j6028_4.sm,4,centralizada,0,2.3095238095238093,0.4166666666666667
True,134,84,0.6186788708666517,0.0,4.160756446907028,318.0,411.0,131.0,73.0,49.31879178978087,57,3,10,0,0.05,0.2166666666666666,331.0,0.1296775043843785,0.1489993709661053,0.0125702611689034,0.0742396457834771,17,0,131,73,43,204,10,25,0,0.7496468789669437,0.3530323246498424,6,60,194,63,0,131,0.7496468789669437,nenhuma,49.31879178978087,0.0,53,0,terminal,0.8733333333333332,j6028_4.sm,4,adaptativa,0,1.5952380952380951,0.2833333333333333
True,163,84,0.6999382863644246,0.0,32.92470910779065,213.0,490.0,0.0,134.0,76.06171907687354,41,19,3,0,0.3166666666666666,0.3666666666666666,331.0,0.1868554951552919,0.2297937132231829,0.0994704202652285,0.108650018997141,26,0,0,134,34,134,14,12,120,0.6863255838987572,0.3910769205246226,11,60,0,0,120,0,0.6863255838987572,nenhuma,76.06171907687356,0.0,86,0,terminal,0.25,j6028_4.sm,5,centralizada,0,1.9404761904761905,0.4333333333333333
True,126,84,0.6398727622507209,0.0,7.0,289.0,385.0,93.0,52.0,71.68211981047837,54,6,12,0,0.1,0.3,331.0,0.178011677906671,0.2165622954999346,0.0211480362537764,0.1191361974210854,21,0,93,52,39,145,17,3,0,0.6863255838987572,0.3910769205246226,11,60,128,35,0,93,0.6863255838987572,nenhuma,71.68211981047837,0.0,78,0,terminal,0.9833333333333334,j6028_4.sm,5,adaptativa,0,1.5,0.35
True,205,84,0.7703721374223212,3.552713678800501e-15,31.927640702804293,241.0,525.0,0.0,98.0,58.48882143720734,46,14,1,0,0.2333333333333333,0.25,331.0,0.1501681645737214,0.1767033880278167,0.0964581290114933,0.0858250635921788,21,0,0,98,39,98,10,40,88,0.7631789564580391,0.2436049793851584,6,60,0,0,88,0,0.7631789564580391,nenhuma,58.48882143720735,0.0,65,0,terminal,0.25,j6028_4.sm,6,centralizada,0,2.4404761904761907,0.35
True,137,84,0.6777826525434794,8.881784197001252e-16,11.792529251259776,292.0,420.0,68.0,66.0,65.6676743258153,54,6,13,0,0.1,0.3166666666666666,331.0,0.1655483382592883,0.1983917653347894,0.0356269765899086,0.1059724059307438,14,0,68,66,46,134,8,37,0,0.7631789564580391,0.2436049793851584,6,60,126,58,0,68,0.7631789564580391,nenhuma,65.6676743258153,0.0,73,0,terminal,0.905771373035726,j6028_4.sm,6,adaptativa,0,1.630952380952381,0.2333333333333333
True,174,84,0.6526073395541798,0.0,35.01983639886579,237.0,490.0,0.0,198.0,62.83433835533798,44,16,1,0,0.2666666666666666,0.2833333333333333,331.0,0.1595450986263304,0.1898318379315346,0.1058001099663619,0.0836860211973964,28,0,0,198,32,198,15,7,183,0.5858494645010164,0.4310024134004245,17,60,0,0,183,0,0.5858494645010164,nenhuma,62.83433835533797,0.0,70,0,terminal,0.25,j6028_4.sm,7,centralizada,0,2.071428571428572,0.4666666666666667
True,131,84,0.5314155942467828,0.0,4.5,313.0,351.0,200.0,75.0,34.5,57,3,8,0,0.05,0.1833333333333333,331.0,0.094391244870041,0.1042296072507553,0.0135951661631419,0.05223315669947,23,0,200,75,37,275,31,6,0,0.5858494645010164,0.4310024134004245,17,60,244,44,0,200,0.5858494645010164,nenhuma,34.5,0.0,38,0,terminal,0.9833333333333334,j6028_4.sm,7,adaptativa,0,1.5595238095238095,0.3833333333333333
True,284,84,0.5645566080342105,0.0,33.57902085932716,224.0,523.0,0.0,299.0,104.3907153989201,45,15,3,0,0.25,0.3,331.0,0.2397633015744805,0.3153798048305743,0.1014471929284808,0.1126854076403039,42,0,0,299,18,299,17,15,282,0.5273323364698471,0.2724902104363956,25,60,0,0,282,0,0.5273323364698471,nenhuma,104.3907153989201,0.0,113,0,terminal,0.25,j6028_4.sm,8,centralizada,0,3.380952380952381,0.7
True,143,84,0.4853168740455207,0.0,9.029476277254664,285.0,371.0,224.0,94.0,75.44900196320339,55,5,14,0,0.0833333333333333,0.3166666666666666,331.0,0.1856296893307021,0.2279426041184392,0.0272793845234279,0.0986972339154615,34,0,224,94,26,318,10,7,0,0.5273323364698471,0.2724902104363956,25,60,308,84,0,224,0.5273323364698471,nenhuma,75.44900196320339,0.0,81,0,terminal,0.905,j6028_4.sm,8,adaptativa,0,1.7023809523809523,0.5666666666666667
True,235,84,0.6581413304110832,0.0,41.99046744615293,215.0,528.0,0.0,190.0,84.2592953859996,45,15,2,0,0.25,0.2833333333333333,331.0,0.2029076683465383,0.2545598047915395,0.126859418266323,0.1050275090243223,30,0,0,190,30,190,9,24,181,0.6872143627230507,0.3512385487549321,11,60,0,0,181,0,0.6872143627230507,nenhuma,84.2592953859996,0.0,91,0,terminal,0.25,j6028_4.sm,9,centralizada,0,2.7976190476190474,0.5
True,126,84,0.5945714203120593,0.0,14.889004716849657,284.0,387.0,137.0,62.0,64.88900471684966,54,6,14,0,0.1,0.3333333333333333,331.0,0.16390706471694,0.1960392891747723,0.0449818873620835,0.0996928881062873,14,0,137,62,46,199,18,14,0,0.6872143627230507,0.3512385487549321,11,60,181,44,0,137,0.6872143627230507,nenhuma,64.88900471684966,0.0,71,0,terminal,0.9983333333333334,j6028_4.sm,9,adaptativa,0,1.5,0.2333333333333333
True,172,84,0.6972747291210161,1.7763568394002505e-15,29.113282510981133,218.0,539.0,0.0,146.0,88.0095147424359,43,17,3,0,0.2833333333333333,0.3333333333333333,331.0,0.2100418048896458,0.2658897726357579,0.087955536286952,0.1138530808016772,26,0,0,146,34,146,16,21,130,0.5820371027673271,0.4175993861121362,18,60,0,0,130,0,0.5820371027673271,nenhuma,88.0095147424359,0.0,97,0,terminal,0.25,j6028_4.sm,10,centralizada,0,2.0476190476190474,0.4333333333333333
True,159,84,0.5559850722683173,0.0,5.0,292.0,410.0,171.0,68.0,88.4298707828164,54,6,13,0,0.1,0.3166666666666666,331.0,0.2108335074413571,0.2671597304616809,0.0151057401812688,0.11991631243381,35,0,171,68,25,239,23,12,0,0.5820371027673271,0.4175993861121362,18,60,216,45,0,171,0.5820371027673271,nenhuma,88.4298707828164,0.0,97,0,terminal,0.9616666666666666,j6028_4.sm,10,adaptativa,0,1.8928571428571428,0.5833333333333334
True,249,84,0.6516445499551159,8.881784197001252e-16,40.4710044111243,199.0,524.0,0.0,180.0,100.11936236724786,40,20,3,0,0.3333333333333333,0.3833333333333333,331.0,0.2322311895654583,0.3024754150067911,0.122268895501886,0.1245080855564855,26,0,0,180,34,180,6,6,174,0.7131697048371954,0.486713896835989,9,60,0,0,174,0,0.7131697048371954,nenhuma,100.11936236724785,0.0,110,0,terminal,0.25,j6028_4.sm,11,centralizada,0,2.9642857142857144,0.4333333333333333
True,137,84,0.6920742615579998,0.0,7.778975769609763,308.0,423.0,63.0,35.0,90.2060850922862,57,3,18,0,0.05,0.35,331.0,0.2141614005232665,0.2725259368347015,0.0235014373704222,0.1475870206342365,26,0,63,35,34,98,11,3,0,0.7131697048371954,0.486713896835989,9,60,87,24,0,63,0.7131697048371954,nenhuma,90.2060850922862,0.0,98,0,terminal,0.9683333333333332,j6028_4.sm,11,adaptativa,0,1.630952380952381,0.4333333333333333
True,308,73,0.7092927361992309,0.0,37.84402600944248,185.0,488.0,0.0,91.0,109.00930151204491,40,20,0,0,0.3333333333333333,0.3333333333333333,308.0,0.2614073621782182,0.3539263036105354,0.1228702143163716,0.1584416101242731,41,0,0,91,19,91,13,0,78,0.6268507180531939,0.4857196752206667,15,60,0,0,78,0,0.6268507180531939,nenhuma,109.0093015120449,0.0,117,0,terminal,0.25,j6029_7.sm,0,centralizada,0,4.219178082191781,0.6833333333333333
True,258,73,0.7025380107305086,0.0,12.945143256464007,271.0,408.0,49.0,10.0,113.75149496289328,55,5,14,0,0.0833333333333333,0.3166666666666666,308.0,0.2697121321950534,0.3693230355938093,0.0420296858976104,0.1958694828158149,39,0,49,10,21,59,4,0,0,0.6268507180531939,0.4857196752206667,15,60,55,6,0,49,0.6268507180531939,nenhuma,113.7514949628933,0.0,123,0,terminal,0.9583333333333334,j6029_7.sm,0,adaptativa,0,3.5342465753424657,0.65
True,277,73,0.7799571967465,0.0,29.345277905609244,236.0,510.0,0.0,61.0,82.8820362545601,44,16,3,0,0.2666666666666666,0.3166666666666666,308.0,0.2120384887694955,0.2690975203070133,0.0952768763169131,0.1267538052112715,36,0,0,61,24,61,14,0,47,0.6586427040007742,0.3936211322074767,14,60,0,0,47,0,0.6586427040007742,nenhuma,82.88203625456013,0.0,91,0,terminal,0.25,j6029_7.sm,1,centralizada,0,3.7945205479452055,0.6
True,253,73,0.7509532966999043,0.0,9.54033864161518,286.0,414.0,33.0,8.0,96.29926430756784,54,6,15,0,0.1,0.35,308.0,0.2381880770238277,0.3126599490505449,0.0309751254597895,0.174676932370878,38,0,33,8,22,41,5,0,0,0.6586427040007742,0.3936211322074767,14,60,36,3,0,33,0.6586427040007742,nenhuma,96.29926430756784,0.0,106,0,terminal,0.9283333333333332,j6029_7.sm,1,adaptativa,0,3.4657534246575343,0.6333333333333333
True,335,73,0.7626160025930591,3.552713678800501e-15,35.49158215586348,170.0,512.0,0.0,34.0,125.37327076679416,34,26,1,0,0.4333333333333333,0.45,308.0,0.2892962700375209,0.4070560739181628,0.1152324095969593,0.1867415284847456,41,0,0,34,19,34,1,0,33,0.7659648859265082,0.2570239140832174,4,60,0,0,33,0,0.7659648859265082,nenhuma,125.37327076679414,0.0,139,0,terminal,0.25,j6029_7.sm,2,centralizada,0,4.589041095890411,0.6833333333333333
True,267,73,0.7375233304565538,0.0,9.276330725571404,286.0,409.0,40.0,10.0,95.55872798873236,55,5,15,0,0.0833333333333333,0.3333333333333333,308.0,0.2367901407187516,0.3102556103530271,0.0301179569012058,0.1723148932040141,39,0,40,10,21,50,2,0,0,0.7659648859265082,0.2570239140832174,4,60,48,8,0,40,0.7659648859265082,nenhuma,95.55872798873236,0.0,104,0,terminal,0.9612967142497508,j6029_7.sm,2,adaptativa,0,3.6575342465753424,0.65
True,355,73,0.7387801333330732,2.3314683517128287e-15,22.88392363064092,202.0,513.0,0.0,63.0,118.38791983421946,39,21,5,0,0.35,0.4333333333333333,308.0,0.277653081448107,0.3843763630981151,0.0742984533462367,0.1704924818716371,39,0,0,63,21,63,4,0,59,0.794910294566222,0.2433201962422982,4,60,0,0,59,0,0.794910294566222,nenhuma,118.38791983421947,0.0,130,0,terminal,0.25,j6029_7.sm,3,centralizada,0,4.863013698630137,0.65
True,269,73,0.7272494900901588,0.0,19.560611716180052,278.0,429.0,35.0,10.0,115.89384777267551,54,6,17,0,0.1,0.3833333333333333,308.0,0.2734029955415317,0.3762787265346607,0.0635084795979872,0.1964655983619225,43,0,35,10,17,45,0,0,0,0.794910294566222,0.2433201962422982,4,60,45,10,0,35,0.794910294566222,nenhuma,115.89384777267554,0.0,127,0,terminal,0.9166666666666666,j6029_7.sm,3,adaptativa,0,3.684931506849315,0.7166666666666667
True,336,73,0.7888696631682889,0.0,29.91838136048841,211.0,513.0,0.0,35.0,102.29753830267664,39,21,2,0,0.35,0.3833333333333333,308.0,0.2493252548525204,0.33213486461908,0.0971376018197675,0.1573088198514184,43,0,0,35,17,35,0,0,35,0.7496468789669437,0.3530323246498424,5,60,0,0,35,0,0.7496468789669437,nenhuma,102.2975383026766,0.0,112,0,terminal,0.25,j6029_7.sm,4,centralizada,0,4.602739726027397,0.7166666666666667
True,276,73,0.7405259952916995,8.881784197001252e-16,12.945143256464007,249.0,431.0,45.0,11.0,95.01873092952728,51,9,9,0,0.15,0.3,308.0,0.2357675304827022,0.3085023731478158,0.0420296858976104,0.1632571700532305,40,0,45,11,20,56,0,0,0,0.7496468789669437,0.3530323246498424,5,60,56,11,0,45,0.7496468789669437,nenhuma,95.01873092952728,0.0,103,0,terminal,0.915,j6029_7.sm,4,adaptativa,0,3.780821917808219,0.6666666666666666
True,328,73,0.7167160837073058,0.0,30.10171294165772,201.0,518.0,0.0,91.0,113.74086179366677,40,20,3,0,0.3333333333333333,0.3833333333333333,308.0,0.2696937197641369,0.3692885123170999,0.0977328342261614,0.1573743340197891,45,0,0,91,15,91,9,0,82,0.6863255838987572,0.3910769205246226,11,60,0,0,82,0,0.6863255838987572,nenhuma,113.74086179366677,0.0,123,0,terminal,0.25,j6029_7.sm,5,centralizada,0,4.493150684931507,0.75
True,243,73,0.7177007253693385,0.0,11.5562893081761,276.0,404.0,54.0,15.0,89.90872465273898,55,5,14,0,0.0833333333333333,0.3166666666666666,308.0,0.2259531371954804,0.291911443677724,0.0375204198317405,0.1597216754957992,31,0,54,15,29,69,7,0,0,0.6863255838987572,0.3910769205246226,11,60,62,8,0,54,0.6863255838987572,nenhuma,89.90872465273898,0.0,99,0,terminal,0.9666666666666668,j6029_7.sm,5,adaptativa,0,3.328767123287671,0.5166666666666667
True,363,73,0.780408446175902,0.0,27.54455097066694,215.0,522.0,0.0,43.0,103.88051065805936,44,16,5,0,0.2666666666666666,0.35,308.0,0.2522103084996422,0.3372743852534395,0.0894303602943731,0.1553050343115236,39,0,0,43,21,43,0,0,43,0.7631789564580391,0.2436049793851584,5,60,0,0,43,0,0.7631789564580391,nenhuma,103.88051065805936,0.0,114,0,terminal,0.25,j6029_7.sm,6,centralizada,0,4.972602739726027,0.65
True,240,73,0.826787890398093,0.0,8.391652944133497,278.0,420.0,14.0,5.0,68.99002365379678,53,7,11,0,0.1166666666666666,0.3,308.0,0.1830022529114795,0.223993583291548,0.0272456264419918,0.1358098002743742,29,0,14,5,31,19,0,0,0,0.7631789564580391,0.2436049793851584,5,60,19,5,0,14,0.7631789564580391,nenhuma,68.99002365379677,0.0,77,0,terminal,0.925,j6029_7.sm,6,adaptativa,0,3.287671232876712,0.4833333333333333
True,308,73,0.7410827932898734,0.0,26.279716417109604,217.0,489.0,0.0,85.0,85.84530261348064,46,14,2,0,0.2333333333333333,0.2666666666666666,308.0,0.217967059766431,0.2787185149788332,0.0853237546010052,0.1300991342568767,40,0,0,85,20,85,9,0,76,0.5858494645010164,0.4310024134004245,20,60,0,0,76,0,0.5858494645010164,nenhuma,85.84530261348064,0.0,91,0,terminal,0.25,j6029_7.sm,7,centralizada,0,4.219178082191781,0.6666666666666666
True,266,73,0.6663934325976896,6.661338147750939e-16,11.22245231886281,273.0,404.0,55.0,16.0,131.24847160506167,53,7,18,0,0.1166666666666666,0.4166666666666667,308.0,0.2988023410200278,0.4261314013151352,0.0364365335028013,0.2164928700893501,45,0,55,16,15,71,5,0,0,0.5858494645010164,0.4310024134004245,20,60,66,11,0,55,0.5858494645010164,nenhuma,131.2484716050617,0.0,142,0,terminal,0.9616666666666666,j6029_7.sm,7,adaptativa,0,3.643835616438356,0.75
True,362,73,0.6334600705206884,0.0,30.95412495432188,162.0,503.0,0.0,156.0,135.0516275738524,36,24,1,0,0.4,0.4166666666666667,308.0,0.3048214229871904,0.4384793103047156,0.1005004056958502,0.1700791521408872,49,0,0,156,11,156,12,0,144,0.5273323364698471,0.2724902104363956,31,60,0,0,144,0,0.5273323364698471,nenhuma,135.05162757385244,0.0,145,0,terminal,0.25,j6029_7.sm,8,centralizada,0,4.958904109589041,0.8166666666666667
True,252,73,0.592554689040184,0.0,10.305800139762404,286.0,394.0,125.0,39.0,106.91752961772772,56,4,20,0,0.0666666666666666,0.4,308.0,0.2576838093975762,0.3471348364211939,0.0334603900641636,0.1607981815116175,41,0,125,39,19,164,21,0,0,0.5273323364698471,0.2724902104363956,31,60,143,18,0,125,0.5273323364698471,nenhuma,106.91752961772777,0.0,118,0,terminal,0.9869202337158688,j6029_7.sm,8,adaptativa,0,3.452054794520548,0.6833333333333333
True,378,73,0.7705916814728272,0.0,22.25658732052436,222.0,512.0,0.0,37.0,115.42450951639852,43,17,7,0,0.2833333333333333,0.4,308.0,0.272597610488413,0.3747549010272679,0.0722616471445596,0.173721029045738,41,0,0,37,19,37,7,0,30,0.6872143627230507,0.3512385487549321,11,60,0,0,30,0,0.6872143627230507,nenhuma,115.42450951639852,0.0,126,0,terminal,0.25,j6029_7.sm,9,centralizada,0,5.178082191780822,0.6833333333333333
True,253,73,0.7628103670966879,0.0,12.945143256464007,259.0,408.0,27.0,6.0,93.86425669970616,53,7,15,0,0.1166666666666666,0.3666666666666666,308.0,0.2335720461196587,0.3047540801938511,0.0420296858976104,0.1754917355646093,36,0,27,6,24,33,3,0,0,0.6872143627230507,0.3512385487549321,11,60,30,3,0,27,0.6872143627230507,nenhuma,93.86425669970616,0.0,103,0,terminal,0.9633333333333332,j6029_7.sm,9,adaptativa,0,3.4657534246575343,0.6
True,328,73,0.6333610038667382,3.552713678800501e-15,37.52723065909905,181.0,517.0,0.0,174.0,125.28012593711722,38,22,3,0,0.3666666666666666,0.4166666666666667,308.0,0.2891434857902976,0.406753655639991,0.1218416579840878,0.1534768787777252,43,0,0,174,17,174,24,0,150,0.5820371027673271,0.4175993861121362,20,60,0,0,150,0,0.5820371027673271,nenhuma,125.28012593711722,0.0,136,0,terminal,0.25,j6029_7.sm,10,centralizada,0,4.493150684931507,0.7166666666666667
True,265,73,0.6331603643258468,0.0,12.15403691772767,274.0,410.0,88.0,24.0,125.54527146775015,54,6,20,0,0.1,0.4333333333333333,308.0,0.2895782279961714,0.4076145177524355,0.0394611588237911,0.1938787556631903,45,0,88,24,15,112,11,0,0,0.5820371027673271,0.4175993861121362,20,60,101,13,0,88,0.5820371027673271,nenhuma,125.54527146775014,0.0,138,0,terminal,0.9916666666666668,j6029_7.sm,10,adaptativa,0,3.6301369863013697,0.75
True,336,73,0.7828611025891867,0.0,32.85828859231988,182.0,518.0,0.0,21.0,122.67548532785516,39,21,4,0,0.35,0.4166666666666667,308.0,0.2848443654378597,0.398297030285244,0.1066827551698697,0.1854012851436839,44,0,0,21,16,21,0,0,21,0.7131697048371954,0.486713896835989,8,60,0,0,21,0,0.7131697048371954,nenhuma,122.67548532785514,0.0,132,0,terminal,0.25,j6029_7.sm,11,centralizada,0,4.602739726027397,0.7333333333333333
True,248,73,0.7498040977626853,0.0,10.305800139762404,266.0,413.0,19.0,6.0,112.810540022836,53,7,19,0,0.1166666666666666,0.4333333333333333,308.0,0.268079169349499,0.3662679870871299,0.0334603900641636,0.2048082449877575,41,0,19,6,19,25,1,0,0,0.7131697048371954,0.486713896835989,8,60,24,5,0,19,0.7131697048371954,nenhuma,112.810540022836,0.0,122,0,terminal,0.9474798633656868,j6029_7.sm,11,adaptativa,0,3.3972602739726026,0.6833333333333333
True,207,64,0.7561702912347991,1.0658141036401504e-14,38.95654869773195,260.0,704.0,0.0,89.0,138.00721908869644,37,23,5,0,0.3833333333333333,0.4666666666666667,386.0,0.2633689271088774,0.357531655670198,0.100923701289461,0.1482343168335288,54,0,0,89,6,89,8,12,81,0.6268507180531939,0.4857196752206667,28,60,0,0,81,0,0.6268507180531939,nenhuma,138.00721908869644,0.0,151,0,terminal,0.25,j602_10.sm,0,centralizada,0,3.234375,0.9
True,147,64,0.724122772998918,1.7763568394002505e-15,13.518088713780903,340.0,570.0,56.0,18.0,143.15933437554202,53,7,15,0,0.1166666666666666,0.3666666666666666,386.0,0.2705410735019605,0.3708791045998498,0.0350209552170489,0.1818683055942049,52,0,56,18,8,74,10,2,0,0.6268507180531939,0.4857196752206667,28,60,64,8,0,56,0.6268507180531939,nenhuma,143.15933437554202,0.0,153,0,terminal,0.965,j602_10.sm,0,adaptativa,0,2.296875,0.8666666666666667
True,225,64,0.700651051670126,0.0,82.24669843015086,226.0,705.0,0.0,114.0,187.2070103505983,35,25,6,0,0.4166666666666667,0.5166666666666667,386.0,0.3265958143744515,0.4849922547942961,0.2130743482646395,0.1860521825278962,51,0,0,114,9,114,24,6,90,0.6586427040007742,0.3936211322074767,25,60,0,0,90,0,0.6586427040007742,nenhuma,187.20701035059827,0.0,201,0,terminal,0.25,j602_10.sm,1,centralizada,0,3.515625,0.85
True,144,64,0.7215283214053404,0.0,8.464330599275193,345.0,563.0,74.0,28.0,115.2881512723292,52,8,17,0,0.1333333333333333,0.4166666666666667,386.0,0.2299837947091191,0.2986739670267596,0.0219283176147025,0.1477507393702462,44,0,74,28,16,102,11,2,0,0.6586427040007742,0.3936211322074767,25,60,91,17,0,74,0.6586427040007742,nenhuma,115.2881512723292,0.0,125,0,terminal,0.9616666666666668,j602_10.sm,1,adaptativa,0,2.25,0.7333333333333333
True,245,64,0.7505444543018283,0.0,54.961017015158575,222.0,683.0,0.0,84.0,143.00605771624882,37,23,0,0,0.3833333333333333,0.3833333333333333,386.0,0.2703297167023278,0.3704820148089348,0.142386054443416,0.1571484678631006,53,0,0,84,7,84,4,9,80,0.7659648859265082,0.2570239140832174,13,60,0,0,80,0,0.7659648859265082,nenhuma,143.00605771624882,0.0,150,0,terminal,0.25,j602_10.sm,2,centralizada,0,3.828125,0.8833333333333333
True,156,64,0.6843919098497723,0.0,10.751423660718196,364.0,555.0,57.0,53.0,145.93886706203978,57,3,27,0,0.05,0.5,386.0,0.2743527049791964,0.3780799664819683,0.027853429172845,0.1799628467565791,56,0,57,53,4,110,1,32,0,0.7659648859265082,0.2570239140832174,13,60,109,52,0,57,0.7659648859265082,nenhuma,145.93886706203978,0.0,158,0,terminal,0.8661106601001389,j602_10.sm,2,adaptativa,0,2.4375,0.9333333333333332
True,266,64,0.7184920161957906,0.0,69.90690676872134,214.0,703.0,0.0,101.0,174.43815122982667,34,26,2,0,0.4333333333333333,0.4666666666666667,386.0,0.3112531701259795,0.4519123088855613,0.1811059760847703,0.1782822460577303,56,0,0,101,4,101,0,2,101,0.794910294566222,0.2433201962422982,11,60,0,0,101,0,0.794910294566222,nenhuma,174.43815122982667,0.0,186,0,terminal,0.25,j602_10.sm,3,centralizada,0,4.15625,0.9333333333333332
True,147,64,0.7060705676336128,0.0,17.536259085218724,356.0,559.0,86.0,26.0,120.70556828828308,56,4,21,0,0.0666666666666666,0.4166666666666667,386.0,0.2382163841144318,0.3127087261354484,0.0454307230187013,0.1524626996741428,52,0,86,26,8,112,3,1,0,0.794910294566222,0.2433201962422982,11,60,109,23,0,86,0.794910294566222,nenhuma,120.70556828828308,0.0,131,0,terminal,0.9516666666666668,j602_10.sm,3,adaptativa,0,2.296875,0.8666666666666667
True,230,64,0.7016162769222402,0.0,57.52737411683261,239.0,700.0,0.0,156.0,141.69635201547752,37,23,0,0,0.3833333333333333,0.3833333333333333,386.0,0.2685187257298332,0.36708899485875,0.1490346479710689,0.1420235242208035,49,0,0,156,11,156,8,8,148,0.7496468789669437,0.3530323246498424,14,60,0,0,148,0,0.7496468789669437,nenhuma,141.69635201547752,0.0,149,0,terminal,0.25,j602_10.sm,4,centralizada,0,3.59375,0.8166666666666667
True,157,64,0.6815154984782729,0.0,9.0,350.0,558.0,103.0,61.0,96.76347822747186,54,6,15,0,0.1,0.35,386.0,0.2004366166694121,0.2506825860815333,0.0233160621761658,0.118182455373991,51,0,103,61,9,164,10,21,0,0.7496468789669437,0.3530323246498424,14,60,154,51,0,103,0.7496468789669437,nenhuma,96.76347822747184,0.0,103,0,terminal,0.9416666666666664,j602_10.sm,4,adaptativa,0,2.453125,0.85
True,214,64,0.735359096808579,1.4210854715202004e-14,45.85600946909283,231.0,711.0,0.0,91.0,164.87455569082334,36,24,5,0,0.4,0.4833333333333333,386.0,0.2992960084788499,0.4271361546394387,0.1187979519924684,0.1705232128825873,54,0,0,91,6,91,2,3,89,0.6863255838987572,0.3910769205246226,19,60,0,0,89,0,0.6863255838987572,nenhuma,164.8745556908233,0.0,176,0,terminal,0.25,j602_10.sm,5,centralizada,0,3.34375,0.9
True,160,64,0.65908739463834,4.440892098500626e-16,9.04062965836946,338.0,577.0,82.0,43.0,173.45294401604554,50,10,23,0,0.1666666666666666,0.55,386.0,0.3100402739342288,0.4493599585907915,0.0234213203584701,0.1981293742874962,51,0,82,43,9,125,2,12,0,0.6863255838987572,0.3910769205246226,19,60,123,41,0,82,0.6863255838987572,nenhuma,173.45294401604554,0.0,186,0,terminal,0.9360730680732492,j602_10.sm,5,adaptativa,0,2.5,0.85
True,267,64,0.726220794441468,0.0,63.30970585028626,211.0,702.0,0.0,77.0,187.64816729725283,33,27,4,0,0.45,0.5166666666666667,386.0,0.327113687439042,0.4861351484384789,0.1640147819955602,0.1941225087323311,51,0,0,77,9,77,0,22,77,0.7631789564580391,0.2436049793851584,13,60,0,0,77,0,0.7631789564580391,nenhuma,187.64816729725283,0.0,199,0,terminal,0.25,j602_10.sm,6,centralizada,0,4.171875,0.85
True,165,64,0.6655820925633007,1.7763568394002505e-15,17.045155926813464,321.0,558.0,71.0,38.0,171.3639016654147,52,8,25,0,0.1333333333333333,0.55,386.0,0.307454252335639,0.4439479317756857,0.0441584350435582,0.2044027674915383,48,0,71,38,12,109,5,14,0,0.7631789564580391,0.2436049793851584,13,60,104,33,0,71,0.7631789564580391,nenhuma,171.3639016654147,0.0,184,0,terminal,0.935,j602_10.sm,6,adaptativa,0,2.578125,0.8
True,225,64,0.7090669396762985,0.0,61.74522071549284,256.0,675.0,0.0,125.0,151.95525588620637,42,18,6,0,0.3,0.4,386.0,0.2824682057170001,0.3936664660264414,0.1599617116981679,0.1596243677910536,57,0,0,125,3,125,14,9,111,0.5858494645010164,0.4310024134004245,33,60,0,0,111,0,0.5858494645010164,nenhuma,151.95525588620634,0.0,160,0,terminal,0.25,j602_10.sm,7,centralizada,0,3.515625,0.95
True,160,64,0.6480780054874153,1.7763568394002505e-15,16.857726620638402,335.0,535.0,108.0,45.0,137.5179090634775,53,7,18,0,0.1166666666666666,0.4166666666666667,386.0,0.2626804292320842,0.3562640131178173,0.0436728668928456,0.166583798550763,54,0,108,45,6,153,12,4,0,0.5858494645010164,0.4310024134004245,33,60,141,33,0,108,0.5858494645010164,nenhuma,137.5179090634775,0.0,147,0,terminal,0.985,j602_10.sm,7,adaptativa,0,2.5,0.9
True,217,64,0.6771014167256895,0.0,52.232792234235326,215.0,706.0,0.0,164.0,172.67984464433349,36,24,5,0,0.4,0.4833333333333333,386.0,0.3090855098849411,0.4473571104775479,0.1353181145964646,0.1656115686241503,60,0,0,164,0,164,11,2,153,0.5273323364698471,0.2724902104363956,37,60,0,0,153,0,0.5273323364698471,nenhuma,172.6798446443335,0.0,184,0,terminal,0.25,j602_10.sm,8,centralizada,0,3.390625,1.0
True,171,64,0.6102943259332593,0.0,11.028523512270043,352.0,570.0,129.0,49.0,185.9755848595817,55,5,29,0,0.0833333333333333,0.5666666666666667,386.0,0.3251460198344622,0.4818020333149784,0.0285713044359327,0.1991225336875825,60,0,129,49,0,178,13,6,0,0.5273323364698471,0.2724902104363956,37,60,165,36,0,129,0.5273323364698471,nenhuma,185.97558485958163,0.0,198,0,terminal,0.9883635628540808,j602_10.sm,8,adaptativa,0,2.671875,1.0
True,244,64,0.7338233718355012,9.325873406851317e-15,74.83501338987588,217.0,671.0,0.0,95.0,148.38897390476674,36,24,1,0,0.4,0.4166666666666667,386.0,0.2776797073870972,0.3844273935356651,0.1938730916836162,0.162282112032796,51,0,0,95,9,95,6,0,89,0.6872143627230507,0.3512385487549321,19,60,0,0,89,0,0.6872143627230507,nenhuma,148.38897390476674,0.0,159,0,terminal,0.25,j602_10.sm,9,centralizada,0,3.8125,0.85
True,165,64,0.6259296797625657,0.0,17.38241669985874,308.0,563.0,103.0,44.0,189.46206131903364,50,10,23,0,0.1666666666666666,0.55,386.0,0.3292346690670833,0.4908343557487918,0.0450321676162143,0.2106393026084872,51,0,103,44,9,147,5,3,0,0.6872143627230507,0.3512385487549321,19,60,142,39,0,103,0.6872143627230507,nenhuma,189.46206131903364,0.0,202,0,terminal,0.9233333333333332,j602_10.sm,9,adaptativa,0,2.578125,0.85
True,225,64,0.6970211142262098,0.0,52.44466383645877,248.0,721.0,0.0,169.0,144.4019503633114,37,23,2,0,0.3833333333333333,0.4166666666666667,386.0,0.2722500365324823,0.3740983170033974,0.1358670047576652,0.1395994567804066,56,0,0,169,4,169,32,6,137,0.5820371027673271,0.4175993861121362,33,60,0,0,137,0,0.5820371027673271,nenhuma,144.4019503633114,0.0,155,0,terminal,0.25,j602_10.sm,10,centralizada,0,3.515625,0.9333333333333332
True,168,64,0.639776832111222,1.7763568394002505e-15,19.24495457364062,317.0,581.0,106.0,50.0,171.12916448183603,51,9,20,0,0.15,0.4833333333333333,386.0,0.3071624596084402,0.4433398043570881,0.049857395268499,0.1884414367194997,52,0,106,50,8,156,10,16,0,0.5820371027673271,0.4175993861121362,33,60,146,40,0,106,0.5820371027673271,nenhuma,171.129164481836,0.0,182,0,terminal,0.945,j602_10.sm,10,adaptativa,0,2.625,0.8666666666666667
True,258,64,0.7319174591274188,1.5987211554602254e-14,51.37084173233158,241.0,698.0,0.0,94.0,161.65944792756449,38,22,5,0,0.3666666666666666,0.45,386.0,0.2951824323296366,0.4188068599159701,0.1330850822081128,0.1695148601304932,54,0,0,94,6,94,0,7,94,0.7131697048371954,0.486713896835989,19,60,0,0,94,0,0.7131697048371954,nenhuma,161.6594479275645,0.0,171,0,terminal,0.25,j602_10.sm,11,centralizada,0,4.03125,0.9
True,154,64,0.6823267577465824,0.0,13.062202279194969,334.0,553.0,50.0,38.0,169.46213375290995,53,7,23,0,0.1166666666666666,0.5,386.0,0.3050831433062059,0.4390210718987304,0.0338399022777071,0.2090932157042327,48,0,50,38,12,88,6,13,0,0.7131697048371954,0.486713896835989,19,60,82,32,0,50,0.7131697048371954,nenhuma,169.46213375290992,0.0,180,0,terminal,0.9551336565191092,j602_10.sm,11,adaptativa,0,2.40625,0.8
True,257,72,0.7111743760500717,4.440892098500626e-15,50.65954812693776,184.0,614.0,0.0,93.0,156.36068997622334,33,27,2,0,0.45,0.4833333333333333,363.0,0.3010637751258795,0.4307457024138384,0.1395579838207651,0.1811070295319207,39,0,0,93,21,93,21,5,72,0.6268507180531939,0.4857196752206667,25,60,0,0,72,0,0.6268507180531939,nenhuma,156.36068997622337,0.0,168,0,terminal,0.25,j6030_5.sm,0,centralizada,0,3.5694444444444446,0.65
True,161,72,0.6527162980261683,0.0,15.929166958277913,318.0,449.0,125.0,47.0,66.89457434690712,54,6,7,0,0.1,0.2166666666666666,363.0,0.1556069286255424,0.1842825739584218,0.043882002639884,0.097245387362471,39,0,125,47,21,172,18,2,0,0.6268507180531939,0.4857196752206667,25,60,154,29,0,125,0.6268507180531939,nenhuma,66.89457434690712,0.0,72,0,terminal,0.98,j6030_5.sm,0,adaptativa,0,2.236111111111111,0.65
True,224,72,0.7264604567902747,0.0,58.72578970162207,196.0,598.0,0.0,87.0,138.16937475461174,33,27,3,0,0.45,0.5,363.0,0.2756939703713216,0.3806318863763409,0.1617790349906944,0.1678504800980968,47,0,0,87,13,87,14,12,73,0.6586427040007742,0.3936211322074767,20,60,0,0,73,0,0.6586427040007742,nenhuma,138.1693747546117,0.0,150,0,terminal,0.25,j6030_5.sm,1,centralizada,0,3.111111111111111,0.7833333333333333
True,134,72,0.7428140978675627,0.0,4.0,352.0,460.0,55.0,29.0,75.26665274736614,58,2,17,0,0.0333333333333333,0.3166666666666666,363.0,0.1717371200285063,0.2073461508191904,0.0110192837465564,0.1215415886087954,34,0,55,29,26,84,5,3,0,0.6586427040007742,0.3936211322074767,20,60,79,24,0,55,0.6586427040007742,nenhuma,75.26665274736614,0.0,81,0,terminal,0.9533333333333333,j6030_5.sm,1,adaptativa,0,1.8611111111111112,0.5666666666666667
True,251,72,0.7161301540263892,0.0,75.25231755820639,215.0,635.0,0.0,112.0,139.71032273918246,39,21,2,0,0.35,0.3833333333333333,363.0,0.2779141712824293,0.3848769221465081,0.2073066599399625,0.157560275499665,52,0,0,112,8,112,9,11,103,0.7659648859265082,0.2570239140832174,10,60,0,0,103,0,0.7659648859265082,nenhuma,139.71032273918243,0.0,148,0,terminal,0.25,j6030_5.sm,2,centralizada,0,3.486111111111111,0.8666666666666667
True,143,72,0.7118946082869662,0.0,6.762332079795694,355.0,475.0,57.0,33.0,102.23359675808427,59,1,19,0,0.0166666666666666,0.3333333333333333,363.0,0.2197468056272911,0.2816352527770917,0.0186290139939275,0.1532200975112927,42,0,57,33,18,90,8,8,0,0.7659648859265082,0.2570239140832174,10,60,82,25,0,57,0.7659648859265082,nenhuma,102.23359675808427,0.0,111,0,terminal,0.925,j6030_5.sm,2,adaptativa,0,1.9861111111111112,0.7
True,298,72,0.6670110633417733,0.0,37.917184368157926,215.0,635.0,0.0,168.0,149.0081973132566,36,24,5,0,0.4,0.4833333333333333,363.0,0.2910269759257203,0.4104909016894121,0.1044550533558069,0.1565198679315843,45,0,0,168,15,168,4,7,164,0.794910294566222,0.2433201962422982,6,60,0,0,164,0,0.794910294566222,nenhuma,149.00819731325657,0.0,161,0,terminal,0.25,j6030_5.sm,3,centralizada,0,4.138888888888889,0.75
True,159,72,0.64790019170044,0.0,6.5,330.0,479.0,110.0,43.0,107.311403416698,54,6,18,0,0.1,0.4,363.0,0.2281709578740952,0.2956237008724463,0.0179063360881542,0.1451504777564131,33,0,110,43,27,153,9,1,0,0.794910294566222,0.2433201962422982,6,60,144,34,0,110,0.794910294566222,nenhuma,107.31140341669804,0.0,117,0,terminal,0.938297399442703,j6030_5.sm,3,adaptativa,0,2.208333333333333,0.55
True,261,72,0.7594023374560165,2.664535259100376e-15,32.2247643905773,270.0,637.0,0.0,109.0,92.81753924268656,42,18,2,0,0.3,0.3333333333333333,363.0,0.2036287137982828,0.2556957003930759,0.088773455621425,0.1106528355695631,43,0,0,109,17,109,8,6,101,0.7496468789669437,0.3530323246498424,10,60,0,0,101,0,0.7496468789669437,nenhuma,92.81753924268656,0.0,102,0,terminal,0.25,j6030_5.sm,4,centralizada,0,3.625,0.7166666666666667
True,158,72,0.6712412167287783,0.0,5.856035246654672,347.0,486.0,101.0,54.0,83.03182028730089,57,3,17,0,0.05,0.3333333333333333,363.0,0.1861567191188689,0.2287377969347132,0.0161323285031809,0.1146797943968171,42,0,101,54,18,155,12,12,0,0.7496468789669437,0.3530323246498424,10,60,143,42,0,101,0.7496468789669437,nenhuma,83.03182028730089,0.0,91,0,terminal,0.9396633457240212,j6030_5.sm,4,adaptativa,0,2.1944444444444446,0.7
True,181,72,0.749938824080417,0.0,42.6807692426882,223.0,616.0,0.0,60.0,145.40033322764137,38,22,7,0,0.3666666666666666,0.4833333333333333,363.0,0.2859957472973113,0.4005518821698109,0.1175778767016203,0.1770151865611008,44,0,0,60,16,60,1,0,59,0.6863255838987572,0.3910769205246226,14,60,0,0,59,0,0.6863255838987572,nenhuma,145.40033322764137,0.0,158,0,terminal,0.25,j6030_5.sm,5,centralizada,0,2.513888888888889,0.7333333333333333
True,145,72,0.6813913677910076,0.0,5.679922265152621,327.0,460.0,67.0,45.0,103.08926843506543,53,7,12,0,0.1166666666666666,0.3166666666666666,363.0,0.2211792362892123,0.2839924750277285,0.0156471687745251,0.1527046470077034,34,0,67,45,26,112,10,8,0,0.6863255838987572,0.3910769205246226,14,60,102,35,0,67,0.6863255838987572,nenhuma,103.08926843506543,0.0,111,0,terminal,0.9433333333333334,j6030_5.sm,5,adaptativa,0,2.013888888888889,0.5666666666666667
True,218,72,0.7541514915169443,3.552713678800501e-15,49.70808488386737,241.0,611.0,0.0,65.0,134.18204813332537,41,19,4,0,0.3166666666666666,0.3833333333333333,363.0,0.269885142951386,0.3696475155188026,0.1369368729583123,0.1656196264067851,42,0,0,65,18,65,3,30,62,0.7631789564580391,0.2436049793851584,10,60,0,0,62,0,0.7631789564580391,nenhuma,134.18204813332542,0.0,143,0,terminal,0.25,j6030_5.sm,6,centralizada,0,3.0277777777777777,0.7
True,148,72,0.7161656191763262,0.0,14.125402638591362,343.0,498.0,41.0,50.0,106.36987906897576,56,4,20,0,0.0666666666666666,0.4,363.0,0.2266227208272652,0.2930299698869856,0.0389129549272489,0.1529687757131405,38,0,41,50,22,91,2,31,0,0.7631789564580391,0.2436049793851584,10,60,89,48,0,41,0.7631789564580391,nenhuma,106.36987906897576,0.0,118,0,terminal,0.8826851054149106,j6030_5.sm,6,adaptativa,0,2.055555555555556,0.6333333333333333
True,219,72,0.7011232071196329,0.0,63.17575034046055,254.0,617.0,0.0,141.0,122.01651312437744,42,18,5,0,0.3,0.3833333333333333,363.0,0.2515718739932625,0.3361336449707367,0.1740378797257866,0.1386525267476795,45,0,0,141,15,141,2,4,139,0.5858494645010164,0.4310024134004245,32,60,0,0,139,0,0.5858494645010164,nenhuma,122.01651312437744,0.0,132,0,terminal,0.25,j6030_5.sm,7,centralizada,0,3.0416666666666665,0.75
True,151,72,0.6344158462163824,0.0,18.27986458671468,297.0,449.0,106.0,53.0,99.73768132969684,50,10,9,0,0.1666666666666666,0.3166666666666666,363.0,0.2155382743914355,0.2747594526988893,0.0503577536824095,0.1409246447671258,47,0,106,53,13,159,3,8,0,0.5858494645010164,0.4310024134004245,32,60,156,50,0,106,0.5858494645010164,nenhuma,99.73768132969684,0.0,107,0,terminal,0.94,j6030_5.sm,7,adaptativa,0,2.0972222222222223,0.7833333333333333
True,279,72,0.6278049501670189,0.0,50.88718703585974,181.0,633.0,0.0,200.0,175.27494245083446,33,27,6,0,0.45,0.55,363.0,0.3256234474760896,0.4828510811317754,0.1401850882530571,0.17383645578337,57,0,0,200,3,200,18,8,182,0.5273323364698471,0.2724902104363956,40,60,0,0,182,0,0.5273323364698471,nenhuma,175.2749424508345,0.0,193,0,terminal,0.25,j6030_5.sm,8,centralizada,0,3.875,0.95
True,175,72,0.5680923906671012,0.0,5.01939716594711,330.0,486.0,160.0,71.0,138.49464837805436,56,4,28,0,0.0666666666666666,0.5333333333333333,363.0,0.2761637613202393,0.3815279569643371,0.0138275404020581,0.1618883866084125,55,0,160,71,5,231,21,11,0,0.5273323364698471,0.2724902104363956,40,60,210,50,0,160,0.5273323364698471,nenhuma,138.4946483780544,0.0,154,0,terminal,0.974839383314078,j6030_5.sm,8,adaptativa,0,2.430555555555556,0.9166666666666666
True,287,72,0.7321102915643619,0.0,42.88615309084644,263.0,578.0,0.0,116.0,95.49853138239403,43,17,4,0,0.2833333333333333,0.35,363.0,0.2082853593760957,0.263081353670507,0.1181436724265742,0.1209609994019599,41,0,0,116,19,116,12,8,104,0.6872143627230507,0.3512385487549321,14,60,0,0,104,0,0.6872143627230507,nenhuma,95.49853138239406,0.0,104,0,terminal,0.25,j6030_5.sm,9,centralizada,0,3.986111111111111,0.6833333333333333
True,146,72,0.6334783369913024,0.0,10.64614712187245,304.0,437.0,116.0,58.0,78.8420584917334,52,8,10,0,0.1333333333333333,0.3,363.0,0.1784394603828971,0.2171957534207531,0.0293282289858745,0.1142900139549525,38,0,116,58,22,174,19,4,0,0.6872143627230507,0.3512385487549321,14,60,155,39,0,116,0.6872143627230507,nenhuma,78.84205849173338,0.0,86,0,terminal,0.9666666666666668,j6030_5.sm,9,adaptativa,0,2.0277777777777777,0.6333333333333333
True,298,72,0.6469809971951856,0.0,42.21935582339204,221.0,630.0,0.0,209.0,134.7534838444989,38,22,1,0,0.3666666666666666,0.3833333333333333,363.0,0.2707233363867257,0.3712217185798868,0.116306765353697,0.138385624370221,49,0,0,209,11,209,25,3,184,0.5820371027673271,0.4175993861121362,32,60,0,0,184,0,0.5820371027673271,nenhuma,134.75348384449893,0.0,147,0,terminal,0.25,j6030_5.sm,10,centralizada,0,4.138888888888889,0.8166666666666667
True,165,72,0.653477357769852,1.7763568394002505e-15,17.855024995827225,318.0,487.0,107.0,40.0,111.24387755683556,53,7,19,0,0.1166666666666666,0.4333333333333333,363.0,0.2345710357504901,0.3064569629664891,0.0491873966827196,0.1492717765378107,47,0,107,40,13,147,17,7,0,0.5820371027673271,0.4175993861121362,32,60,130,23,0,107,0.5820371027673271,nenhuma,111.24387755683556,0.0,122,0,terminal,0.9983333333333334,j6030_5.sm,10,adaptativa,0,2.2916666666666665,0.7833333333333333
True,230,72,0.7551361084733245,5.3290705182007506e-15,39.60817867924462,231.0,624.0,0.0,63.0,139.34109665548203,37,23,3,0,0.3833333333333333,0.4333333333333333,363.0,0.2773834304682533,0.3838597704007769,0.1091134398877262,0.1686241882673494,46,0,0,63,14,63,12,0,51,0.7131697048371954,0.486713896835989,12,60,0,0,51,0,0.7131697048371954,nenhuma,139.34109665548203,0.0,149,0,terminal,0.25,j6030_5.sm,11,centralizada,0,3.1944444444444446,0.7666666666666667
True,152,72,0.6861976567789044,0.0,12.539931821177202,312.0,477.0,69.0,29.0,120.13498813023676,52,8,18,0,0.1333333333333333,0.4333333333333333,363.0,0.2486571891536293,0.3309503805240682,0.034545266725006,0.1728225311365408,41,0,69,29,19,98,7,1,0,0.7131697048371954,0.486713896835989,12,60,91,22,0,69,0.7131697048371954,nenhuma,120.13498813023676,0.0,130,0,terminal,0.98,j6030_5.sm,11,adaptativa,0,2.111111111111111,0.6833333333333333
True,169,66,0.7417456047087876,8.881784197001252e-16,16.632380595834583,283.0,522.0,0.0,141.0,40.745322771328624,52,8,3,0,0.1333333333333333,0.1833333333333333,322.0,0.1123248742672668,0.1265382694761758,0.051653355887685,0.0578978239043561,47,0,0,141,13,141,10,11,131,0.6268507180531939,0.4857196752206667,28,60,0,0,131,0,0.6268507180531939,nenhuma,40.745322771328624,0.0,45,0,terminal,0.25,j6031_3.sm,0,centralizada,0,2.560606060606061,0.7833333333333333
True,128,66,0.6252521255736446,0.0,8.576117482913421,311.0,385.0,136.0,47.0,47.75160523729106,58,2,10,0,0.0333333333333333,0.2,322.0,0.1291450924375191,0.1482969106748169,0.0266339052264391,0.0775501108419995,39,0,136,47,21,183,17,8,0,0.6268507180531939,0.4857196752206667,28,60,166,30,0,136,0.6268507180531939,nenhuma,47.75160523729106,0.0,53,0,terminal,0.9553237511249844,j6031_3.sm,0,adaptativa,0,1.9393939393939397,0.65
True,222,66,0.6921879999383895,7.993605777301127e-15,56.99233149189048,199.0,542.0,0.0,146.0,95.02426515374798,40,20,2,0,0.3333333333333333,0.3666666666666666,322.0,0.2278626763330295,0.2951064135209564,0.1769948182977965,0.1213554539527454,45,0,0,146,15,146,12,7,134,0.6586427040007742,0.3936211322074767,22,60,0,0,134,0,0.6586427040007742,nenhuma,95.024265153748,0.0,102,0,terminal,0.25,j6031_3.sm,1,centralizada,0,3.363636363636364,0.75
True,128,66,0.6310697603348913,4.440892098500626e-16,7.5,281.0,403.0,94.0,50.0,91.59817936156388,52,8,17,0,0.1333333333333333,0.4166666666666667,322.0,0.2214665922924422,0.284466395532807,0.0232919254658385,0.1434363302650483,41,0,94,50,19,144,14,15,0,0.6586427040007742,0.3936211322074767,22,60,130,36,0,94,0.6586427040007742,nenhuma,91.59817936156388,0.0,102,0,terminal,0.9499999999999998,j6031_3.sm,1,adaptativa,0,1.9393939393939397,0.6833333333333333
True,190,66,0.7103753953323703,0.0,44.260978718051135,231.0,550.0,0.0,138.0,86.23852742347049,42,18,2,0,0.3,0.3333333333333333,322.0,0.2112454401786881,0.2678215137374859,0.1374564556461215,0.1113849600205987,51,0,0,138,9,138,9,42,129,0.7659648859265082,0.2570239140832174,8,60,0,0,129,0,0.7659648859265082,nenhuma,86.2385274234705,0.0,96,0,terminal,0.25,j6031_3.sm,2,centralizada,0,2.878787878787879,0.85
True,141,66,0.6296098090108864,0.0,12.694538128153876,290.0,446.0,78.0,74.0,110.37524069179229,54,6,22,0,0.1,0.4666666666666667,322.0,0.2552765059238683,0.3427802505956282,0.039424031453894,0.1558146506984079,51,0,78,74,9,152,8,43,0,0.7659648859265082,0.2570239140832174,8,60,144,66,0,78,0.7659648859265082,nenhuma,110.3752406917923,0.0,122,0,terminal,0.8566666666666665,j6031_3.sm,2,adaptativa,0,2.136363636363636,0.85
True,197,66,0.6951791012693213,4.440892098500626e-16,37.23244448346614,197.0,586.0,0.0,140.0,116.94824014419864,37,23,1,0,0.3833333333333333,0.4,322.0,0.2664283153425562,0.3631932923732877,0.1156287095759818,0.1387371544001241,47,0,0,140,13,140,3,4,137,0.794910294566222,0.2433201962422982,4,60,0,0,137,0,0.794910294566222,nenhuma,116.94824014419864,0.0,127,0,terminal,0.25,j6031_3.sm,3,centralizada,0,2.984848484848485,0.7833333333333333
True,146,66,0.5922268279618127,8.881784197001252e-16,15.934091552617868,291.0,453.0,137.0,64.0,110.90962349515482,55,5,15,0,0.0833333333333333,0.3333333333333333,322.0,0.2561957911670128,0.3444398245191143,0.0494847563745896,0.1449970298299657,40,0,137,64,20,201,3,15,0,0.794910294566222,0.2433201962422982,4,60,198,61,0,137,0.794910294566222,nenhuma,110.90962349515485,0.0,119,0,terminal,0.8649999999999999,j6031_3.sm,3,adaptativa,0,2.212121212121212,0.6666666666666666
True,227,66,0.6685924676322822,3.552713678800501e-15,27.00996089247585,238.0,576.0,0.0,193.0,92.51135091278508,44,16,7,0,0.2666666666666666,0.3833333333333333,322.0,0.2231817071090288,0.2873023320272829,0.0838818661257014,0.1073826256784287,52,0,0,193,8,193,21,12,172,0.7496468789669437,0.3530323246498424,11,60,0,0,172,0,0.7496468789669437,nenhuma,92.5113509127851,0.0,103,0,terminal,0.25,j6031_3.sm,4,centralizada,0,3.4393939393939394,0.8666666666666667
True,132,66,0.6701795779272235,0.0,8.194463048548785,313.0,450.0,116.0,57.0,48.461821310327394,59,1,9,0,0.0166666666666666,0.1666666666666666,322.0,0.1308146171147067,0.1505025506531906,0.0254486430079154,0.0721736065585327,33,0,116,57,27,173,11,7,0,0.7496468789669437,0.3530323246498424,11,60,162,46,0,116,0.7496468789669437,nenhuma,48.461821310327394,0.0,53,0,terminal,0.8983333333333333,j6031_3.sm,4,adaptativa,0,2.0,0.55
True,204,66,0.6835689428462843,0.0,29.29518639577816,189.0,544.0,0.0,139.0,112.82316559740264,37,23,6,0,0.3833333333333333,0.4833333333333333,322.0,0.2594690773717061,0.3503825018552877,0.0909788397384414,0.1417691397720364,53,0,0,139,7,139,14,7,125,0.6863255838987572,0.3910769205246226,20,60,0,0,125,0,0.6863255838987572,nenhuma,112.82316559740264,0.0,126,0,terminal,0.25,j6031_3.sm,5,centralizada,0,3.090909090909091,0.8833333333333333
True,125,66,0.6110124353586179,0.0,12.054530763951224,286.0,416.0,95.0,57.0,112.83720711156975,53,7,22,0,0.1166666666666666,0.4833333333333333,322.0,0.2594929901723387,0.3504261090421421,0.0374364309439479,0.1657330209526562,41,0,95,57,19,152,14,15,0,0.6863255838987572,0.3910769205246226,20,60,138,43,0,95,0.6863255838987572,nenhuma,112.83720711156975,0.0,123,0,terminal,0.935,j6031_3.sm,5,adaptativa,0,1.893939393939394,0.6833333333333333
True,227,66,0.7258796169282965,0.0,47.31210617505369,168.0,554.0,0.0,80.0,129.2119528915288,33,27,2,0,0.45,0.4833333333333333,322.0,0.2863664228385175,0.40127935680599,0.1469320067548251,0.1693002217824188,42,0,0,80,18,80,2,21,78,0.7631789564580391,0.2436049793851584,8,60,0,0,78,0,0.7631789564580391,nenhuma,129.21195289152882,0.0,143,0,terminal,0.25,j6031_3.sm,6,centralizada,0,3.4393939393939394,0.7
True,130,66,0.651245850480902,0.0,7.609253911968341,280.0,443.0,64.0,73.0,100.23466049399585,52,8,18,0,0.1333333333333333,0.4333333333333333,322.0,0.2373908868038586,0.3112877655093038,0.0236312233290942,0.1473530625757941,39,0,64,73,21,137,1,47,0,0.7631789564580391,0.2436049793851584,8,60,136,72,0,64,0.7631789564580391,nenhuma,100.23466049399585,0.0,112,0,terminal,0.8343517720815773,j6031_3.sm,6,adaptativa,0,1.9696969696969695,0.65
True,234,66,0.650546703430805,0.0,37.0868537179378,203.0,553.0,0.0,175.0,122.05426525663655,35,25,5,0,0.4166666666666667,0.5,322.0,0.2748634002785595,0.3790505132193681,0.1151765643414217,0.1435840866227377,47,0,0,175,13,175,21,9,154,0.5858494645010164,0.4310024134004245,32,60,0,0,154,0,0.5858494645010164,nenhuma,122.05426525663654,0.0,136,0,terminal,0.25,j6031_3.sm,7,centralizada,0,3.5454545454545454,0.7833333333333333
True,133,66,0.6123749449749785,0.0,9.533487128641754,292.0,419.0,129.0,64.0,72.22133112764804,54,6,14,0,0.1,0.3333333333333333,322.0,0.1831999575493872,0.2242898482225094,0.0296071028839806,0.1055525863372629,42,0,129,64,18,193,15,18,0,0.5858494645010164,0.4310024134004245,32,60,178,49,0,129,0.5858494645010164,nenhuma,72.22133112764804,0.0,80,0,terminal,0.9353848413449708,j6031_3.sm,7,adaptativa,0,2.015151515151515,0.7
True,219,66,0.5984420955030918,8.881784197001252e-16,66.0006134496446,158.0,569.0,0.0,234.0,147.802098107185,36,24,3,0,0.4,0.45,322.0,0.3146050192254869,0.4590127270409472,0.2049708492224987,0.1554499074007334,59,0,0,234,1,234,16,18,218,0.5273323364698471,0.2724902104363956,42,60,0,0,218,0,0.5273323364698471,nenhuma,147.802098107185,0.0,161,0,terminal,0.25,j6031_3.sm,8,centralizada,0,3.3181818181818183,0.9833333333333332
True,154,66,0.5869123375116808,0.0,12.71183608027927,282.0,470.0,129.0,48.0,153.80102250473814,54,6,28,0,0.1,0.5666666666666667,322.0,0.3232465153082065,0.4776429270333482,0.0394777518021095,0.1920589736807287,56,0,129,48,4,177,21,4,0,0.5273323364698471,0.2724902104363956,42,60,156,27,0,129,0.5273323364698471,nenhuma,153.80102250473814,0.0,168,0,terminal,0.995,j6031_3.sm,8,adaptativa,0,2.333333333333333,0.9333333333333332
True,204,66,0.6537716562296354,0.0,49.993422999230674,195.0,542.0,0.0,175.0,112.03563474404292,37,23,1,0,0.3833333333333333,0.4,322.0,0.2581254297475182,0.3479367538634872,0.1552590776373623,0.1351397093788771,49,0,0,175,11,175,15,16,160,0.6872143627230507,0.3512385487549321,19,60,0,0,160,0,0.6872143627230507,nenhuma,112.03563474404288,0.0,123,0,terminal,0.25,j6031_3.sm,9,centralizada,0,3.090909090909091,0.8166666666666667
True,140,66,0.6135677054766168,0.0,4.5,297.0,431.0,129.0,79.0,63.44896553869477,56,4,12,0,0.0666666666666666,0.2666666666666666,322.0,0.1646105482473404,0.1970464768282446,0.0139751552795031,0.0903253740149463,44,0,129,79,16,208,9,27,0,0.6872143627230507,0.3512385487549321,19,60,199,70,0,129,0.6872143627230507,nenhuma,63.44896553869477,0.0,69,0,terminal,0.8988370395065628,j6031_3.sm,9,adaptativa,0,2.121212121212121,0.7333333333333333
True,186,66,0.658824026665345,7.105427357601002e-15,31.402708686827243,211.0,572.0,0.0,196.0,100.21363042145398,39,21,3,0,0.35,0.4,322.0,0.2373529019454456,0.3112224547250123,0.0975239400212026,0.1154250830786976,52,0,0,196,8,196,26,17,170,0.5820371027673271,0.4175993861121362,33,60,0,0,170,0,0.5820371027673271,nenhuma,100.21363042145396,0.0,111,0,terminal,0.25,j6031_3.sm,10,centralizada,0,2.8181818181818183,0.8666666666666667
True,148,66,0.5867696898405119,0.0,11.472356297976392,270.0,465.0,151.0,53.0,123.47447175805928,52,8,18,0,0.1333333333333333,0.4333333333333333,322.0,0.2771751909167069,0.3834610924163331,0.0356284357080012,0.1558087688101021,48,0,151,53,12,204,15,5,0,0.5820371027673271,0.4175993861121362,33,60,189,38,0,151,0.5820371027673271,nenhuma,123.47447175805924,0.0,135,0,terminal,0.9666666666666668,j6031_3.sm,10,adaptativa,0,2.242424242424242,0.8
True,236,66,0.718101727310662,6.661338147750939e-16,21.60800629767426,221.0,558.0,0.0,128.0,91.04868095742722,43,17,7,0,0.2833333333333333,0.4,322.0,0.2204308720860231,0.282759878749774,0.0671056096201064,0.1171724284316951,43,0,0,128,17,128,22,8,106,0.7131697048371954,0.486713896835989,14,60,0,0,106,0,0.7131697048371954,nenhuma,91.04868095742724,0.0,101,0,terminal,0.25,j6031_3.sm,11,centralizada,0,3.575757575757576,0.7166666666666667
True,133,66,0.6432482888968648,8.881784197001252e-16,8.290913489881017,291.0,414.0,86.0,46.0,97.60839686023434,55,5,21,0,0.0833333333333333,0.4333333333333333,322.0,0.2326178350829006,0.3031316672678085,0.0257481785400031,0.1516580537737001,39,0,86,46,21,132,9,11,0,0.7131697048371954,0.486713896835989,14,60,123,37,0,86,0.7131697048371954,nenhuma,97.60839686023434,0.0,108,0,terminal,0.9583333333333334,j6031_3.sm,11,adaptativa,0,2.015151515151515,0.65
True,195,74,0.6795144129173775,0.0,40.11226650571604,249.0,643.0,0.0,178.0,125.26396111215784,41,19,3,0,0.3166666666666666,0.3666666666666666,373.0,0.2514008053734419,0.3358283139736134,0.1075395884871743,0.1323773981257124,47,0,0,178,13,178,25,2,153,0.6268507180531939,0.4857196752206667,30,60,0,0,153,0,0.6268507180531939,nenhuma,125.26396111215782,0.0,137,0,terminal,0.25,j6032_9.sm,0,centralizada,0,2.635135135135135,0.7833333333333333
True,158,74,0.6326158666841615,0.0,17.26091638210636,330.0,468.0,122.0,59.0,90.78542848286284,54,6,12,0,0.1,0.3,373.0,0.195748772831955,0.2433925696591497,0.0462759152335291,0.1227185951324342,37,0,122,59,23,181,15,13,0,0.6268507180531939,0.4857196752206667,30,60,166,44,0,122,0.6268507180531939,nenhuma,90.78542848286284,0.0,99,0,terminal,0.9583333333333334,j6032_9.sm,0,adaptativa,0,2.135135135135135,0.6166666666666667
True,224,74,0.6861524412222526,0.0,68.5478128000119,209.0,644.0,0.0,130.0,164.5669441805586,38,22,3,0,0.3666666666666666,0.4166666666666667,373.0,0.3061329309067108,0.4411982417709346,0.1837742970509702,0.1753385256117647,44,0,0,130,16,130,4,16,126,0.6586427040007742,0.3936211322074767,23,60,0,0,126,0,0.6586427040007742,nenhuma,164.5669441805586,0.0,174,0,terminal,0.25,j6032_9.sm,1,centralizada,0,3.027027027027027,0.7333333333333333
True,171,74,0.641120326746133,0.0,5.070872474789767,337.0,505.0,112.0,47.0,123.68365146526838,54,6,19,0,0.1,0.4166666666666667,373.0,0.2490189703252538,0.331591558888119,0.0135948323720905,0.1570219862189459,37,0,112,47,23,159,16,10,0,0.6586427040007742,0.3936211322074767,23,60,143,31,0,112,0.6586427040007742,nenhuma,123.68365146526838,0.0,134,0,terminal,0.9533333333333333,j6032_9.sm,1,adaptativa,0,2.310810810810811,0.6166666666666667
True,212,74,0.6931105651522715,0.0,66.76496712290104,194.0,642.0,0.0,134.0,150.25914576696303,36,24,1,0,0.4,0.4166666666666667,373.0,0.2871600945392399,0.4028395328873003,0.1789945499273486,0.1622214975729553,43,0,0,134,17,134,2,11,132,0.7659648859265082,0.2570239140832174,11,60,0,0,132,0,0.7659648859265082,nenhuma,150.25914576696303,0.0,159,0,terminal,0.25,j6032_9.sm,2,centralizada,0,2.864864864864865,0.7166666666666667
True,173,74,0.6511210482390981,0.0,11.549233545136197,317.0,503.0,95.0,60.0,114.5138073178882,52,8,20,0,0.1333333333333333,0.4666666666666667,373.0,0.2348934647572316,0.3070075263214161,0.0309630926143061,0.1482352887846391,39,0,95,60,21,155,4,9,0,0.7659648859265082,0.2570239140832174,11,60,151,56,0,95,0.7659648859265082,nenhuma,114.51380731788822,0.0,126,0,terminal,0.9023771572308232,j6032_9.sm,2,adaptativa,0,2.3378378378378377,0.65
True,278,74,0.6458483912124535,9.769962616701378e-15,49.44078370615304,197.0,652.0,0.0,184.0,173.5248495951164,35,25,4,0,0.4166666666666667,0.4833333333333333,373.0,0.3175058731980244,0.4652140739815453,0.1325490179789625,0.1718876456232958,49,0,0,184,11,184,0,5,184,0.794910294566222,0.2433201962422982,9,60,0,0,184,0,0.794910294566222,nenhuma,173.5248495951164,0.0,186,0,terminal,0.25,j6032_9.sm,3,centralizada,0,3.756756756756757,0.8166666666666667
True,164,74,0.6087236536461913,0.0,5.896956412694914,345.0,484.0,136.0,67.0,108.10628033080428,56,4,17,0,0.0666666666666666,0.35,373.0,0.224703531736213,0.289829169787679,0.015809534618485,0.1359645660022036,44,0,136,67,16,203,5,17,0,0.794910294566222,0.2433201962422982,9,60,198,62,0,136,0.794910294566222,nenhuma,108.1062803308043,0.0,115,0,terminal,0.8933333333333332,j6032_9.sm,3,adaptativa,0,2.216216216216216,0.7333333333333333
True,267,74,0.6259473586434401,0.0,46.223484456746654,244.0,634.0,0.0,235.0,143.8647261552659,41,19,2,0,0.3166666666666666,0.35,373.0,0.278341157512167,0.3856963167701499,0.123923550822377,0.1420374532158526,45,0,0,235,15,235,6,29,229,0.7496468789669437,0.3530323246498424,11,60,0,0,229,0,0.7496468789669437,nenhuma,143.86472615526594,0.0,155,0,terminal,0.25,j6032_9.sm,4,centralizada,0,3.608108108108108,0.75
True,161,74,0.6043864513104681,0.0,12.3830461283193,350.0,503.0,154.0,85.0,90.24896737735315,57,3,15,0,0.05,0.3,373.0,0.19481741726979,0.2419543361323141,0.0331985150893278,0.1084398670529476,42,0,154,85,18,239,7,28,0,0.7496468789669437,0.3530323246498424,11,60,232,78,0,154,0.7496468789669437,nenhuma,90.24896737735318,0.0,99,0,terminal,0.8854693686428181,j6032_9.sm,4,adaptativa,0,2.175675675675676,0.7
True,177,74,0.7193176568071182,0.0,34.71407300967984,259.0,611.0,0.0,118.0,120.41610179859228,44,16,7,0,0.2666666666666666,0.3833333333333333,373.0,0.2440457483240888,0.3228313721141884,0.0930672198650934,0.1417633849224399,43,0,0,118,17,118,9,18,109,0.6863255838987572,0.3910769205246226,19,60,0,0,109,0,0.6863255838987572,nenhuma,120.41610179859228,0.0,128,0,terminal,0.25,j6032_9.sm,5,centralizada,0,2.391891891891892,0.7166666666666667
True,154,74,0.6077028417650376,0.0,8.215443238013918,345.0,481.0,94.0,76.0,140.5052669540978,54,6,26,0,0.1,0.5333333333333333,373.0,0.2736199139446364,0.3766897237375276,0.0220253169919944,0.1775165280893149,44,0,94,76,16,170,6,23,0,0.6863255838987572,0.3910769205246226,19,60,164,70,0,94,0.6863255838987572,nenhuma,140.5052669540978,0.0,154,0,terminal,0.9499999999999998,j6032_9.sm,5,adaptativa,0,2.081081081081081,0.7333333333333333
True,266,74,0.7359639278054675,0.0,49.42870867535984,206.0,652.0,0.0,80.0,153.9129848172924,35,25,3,0,0.4166666666666667,0.4666666666666667,373.0,0.2921032300440686,0.4126353480356364,0.1325166452422516,0.1737337497644137,34,0,0,80,26,80,2,8,78,0.7631789564580391,0.2436049793851584,11,60,0,0,78,0,0.7631789564580391,nenhuma,153.91298481729237,0.0,166,0,terminal,0.25,j6032_9.sm,6,centralizada,0,3.5945945945945947,0.5666666666666667
True,170,74,0.6801705884260059,0.0,12.757763107417771,324.0,482.0,64.0,68.0,94.64575475897048,51,9,15,0,0.15,0.4,373.0,0.2023877129126338,0.2537419698631916,0.0342031182504497,0.1335586280216439,33,0,64,68,27,132,7,41,0,0.7631789564580391,0.2436049793851584,11,60,125,61,0,64,0.7631789564580391,nenhuma,94.64575475897048,0.0,105,0,terminal,0.8883333333333333,j6032_9.sm,6,adaptativa,0,2.2972972972972974,0.55
True,227,74,0.6415959100623799,1.0658141036401504e-14,64.41548435589925,250.0,618.0,0.0,204.0,141.22309775932672,42,18,5,0,0.3,0.3833333333333333,373.0,0.2746339057399241,0.3786142031081145,0.1726956685144752,0.14661514875198,54,0,0,204,6,204,20,15,184,0.5858494645010164,0.4310024134004245,37,60,0,0,184,0,0.5858494645010164,nenhuma,141.22309775932678,0.0,152,0,terminal,0.25,j6032_9.sm,7,centralizada,0,3.0675675675675675,0.9
True,166,74,0.6225413080134504,0.0,13.24367765047256,337.0,487.0,133.0,74.0,88.27740670580214,54,6,12,0,0.1,0.3,373.0,0.1913759603710756,0.2366686506857966,0.0355058382050202,0.1128466781081425,46,0,133,74,14,207,9,24,0,0.5858494645010164,0.4310024134004245,37,60,198,65,0,133,0.5858494645010164,nenhuma,88.27740670580214,0.0,94,0,terminal,0.92,j6032_9.sm,7,adaptativa,0,2.2432432432432434,0.7666666666666667
True,255,74,0.6424943348078421,0.0,31.753837108828,262.0,641.0,0.0,250.0,106.67416656165688,42,18,5,0,0.3,0.3833333333333333,373.0,0.2223888088998119,0.2859897226854072,0.0851309305866702,0.1069228513045439,58,0,0,250,2,250,13,13,237,0.5273323364698471,0.2724902104363956,46,60,0,0,237,0,0.5273323364698471,nenhuma,106.67416656165688,0.0,115,0,terminal,0.25,j6032_9.sm,8,centralizada,0,3.445945945945946,0.9666666666666668
True,188,74,0.5114398680665256,0.0,12.80445596821256,326.0,495.0,200.0,105.0,167.85571658956547,53,7,23,0,0.1166666666666666,0.5,373.0,0.3103521169157665,0.4500153259773873,0.0343283001828755,0.1734305162561202,56,0,200,105,4,305,21,29,0,0.5273323364698471,0.2724902104363956,46,60,284,84,0,200,0.5273323364698471,nenhuma,167.85571658956547,0.0,179,0,terminal,0.9116666666666666,j6032_9.sm,8,adaptativa,0,2.5405405405405403,0.9333333333333332
True,252,74,0.723786765380395,2.664535259100376e-15,43.267048690537415,231.0,647.0,0.0,128.0,118.9096857621612,39,21,4,0,0.35,0.4166666666666667,373.0,0.2417307266026352,0.3187927232229522,0.1159974495724863,0.1330220352862347,44,0,0,128,16,128,11,10,117,0.6872143627230507,0.3512385487549321,19,60,0,0,117,0,0.6872143627230507,nenhuma,118.9096857621612,0.0,130,0,terminal,0.25,j6032_9.sm,9,centralizada,0,3.4054054054054053,0.7333333333333333
True,171,74,0.5792068879321959,0.0,21.64175018230217,318.0,497.0,128.0,88.0,145.06990620280862,50,10,19,0,0.1666666666666666,0.4833333333333333,373.0,0.2800199441540582,0.3889273624740177,0.0580207779686385,0.1690653700288618,45,0,128,88,15,216,9,36,0,0.6872143627230507,0.3512385487549321,19,60,207,79,0,128,0.6872143627230507,nenhuma,145.06990620280862,0.0,158,0,terminal,0.9120217279500684,j6032_9.sm,9,adaptativa,0,2.310810810810811,0.75
True,243,74,0.6447703430893391,3.552713678800501e-15,58.48452551344397,190.0,662.0,0.0,202.0,162.72216099162856,34,26,4,0,0.4333333333333333,0.5,373.0,0.3037435686633305,0.4362524423368057,0.1567949745668739,0.1584870446688988,53,0,0,202,7,202,31,13,171,0.5820371027673271,0.4175993861121362,39,60,0,0,171,0,0.5820371027673271,nenhuma,162.72216099162856,0.0,175,0,terminal,0.25,j6032_9.sm,10,centralizada,0,3.283783783783784,0.8833333333333333
True,185,74,0.5843497564528709,0.0,11.76039570109606,313.0,530.0,176.0,62.0,138.99105141621743,51,9,18,0,0.15,0.45,373.0,0.2714716419979501,0.3726301646547384,0.0315292109948956,0.1532441264984813,50,0,176,62,10,238,18,5,0,0.5820371027673271,0.4175993861121362,39,60,220,44,0,176,0.5820371027673271,nenhuma,138.99105141621743,0.0,148,0,terminal,0.9566666666666668,j6032_9.sm,10,adaptativa,0,2.5,0.8333333333333334
True,206,74,0.7125380356268894,4.884981308350689e-15,48.994630495355466,206.0,638.0,0.0,111.0,146.3907975434448,35,25,3,0,0.4166666666666667,0.4666666666666667,373.0,0.2818509650841471,0.3924686261218359,0.13135289677039,0.1634937481433539,47,0,0,111,13,111,3,11,108,0.7131697048371954,0.486713896835989,17,60,0,0,108,0,0.7131697048371954,nenhuma,146.39079754344476,0.0,157,0,terminal,0.25,j6032_9.sm,11,centralizada,0,2.783783783783784,0.7833333333333333
True,156,74,0.6149977074923901,0.0,8.5,314.0,485.0,94.0,60.0,149.62082588495053,51,9,21,0,0.15,0.5,373.0,0.2862894444200506,0.4011282195306985,0.0227882037533512,0.1897246699223972,40,0,94,60,20,154,12,13,0,0.7131697048371954,0.486713896835989,17,60,142,48,0,94,0.7131697048371954,nenhuma,149.6208258849505,0.0,159,0,terminal,0.9466666666666668,j6032_9.sm,11,adaptativa,0,2.108108108108108,0.6666666666666666
True,278,90,0.7132898879494718,6.217248937900877e-15,23.70599652902728,241.0,546.0,0.0,137.0,82.467181330177,45,15,0,0,0.25,0.25,346.0,0.192470240250741,0.2383444547114942,0.0685144408353389,0.1077344441950746,34,0,0,137,26,137,18,1,119,0.6268507180531939,0.4857196752206667,25,60,0,0,119,0,0.6268507180531939,nenhuma,82.467181330177,0.0,89,0,terminal,0.25,j6033_1.sm,0,centralizada,0,3.088888888888889,0.5666666666666667
True,171,90,0.6309225889076199,0.0,16.022309753135698,325.0,413.0,129.0,37.0,75.59694621977116,56,4,10,0,0.0666666666666666,0.2333333333333333,346.0,0.1793109435388646,0.2184882838721709,0.0463072536217794,0.1154862494491237,33,0,129,37,27,166,15,0,0,0.6268507180531939,0.4857196752206667,25,60,151,22,0,129,0.6268507180531939,nenhuma,75.59694621977117,0.0,82,0,terminal,0.9633333333333332,j6033_1.sm,0,adaptativa,0,1.9,0.55
True,340,90,0.6755536129381691,8.881784197001252e-16,40.41441757720856,224.0,541.0,0.0,141.0,118.82467126042246,45,15,4,0,0.25,0.3166666666666666,346.0,0.2556333142520522,0.3434239053769435,0.1168046750786374,0.1483778853533616,34,0,0,141,26,141,15,0,126,0.6586427040007742,0.3936211322074767,22,60,0,0,126,0,0.6586427040007742,nenhuma,118.82467126042248,0.0,131,0,terminal,0.25,j6033_1.sm,1,centralizada,0,3.7777777777777777,0.5666666666666667
True,168,90,0.6081825581689821,0.0,7.974332514009297,298.0,398.0,109.0,47.0,100.4087702847549,52,8,14,0,0.1333333333333333,0.3666666666666666,346.0,0.2249256219153271,0.2901987580484245,0.0230472037977147,0.153434328578854,30,0,109,47,30,156,18,7,0,0.6586427040007742,0.3936211322074767,22,60,138,29,0,109,0.6586427040007742,nenhuma,100.4087702847549,0.0,107,0,terminal,0.9615538085067228,j6033_1.sm,1,adaptativa,0,1.8666666666666667,0.5
True,258,90,0.68344269441613,1.7763568394002505e-15,52.8494357813376,211.0,540.0,0.0,140.0,110.11745156091806,38,22,1,0,0.3666666666666666,0.3833333333333333,346.0,0.241423456138492,0.3182585305228845,0.1527440340501087,0.1393684588833917,30,0,0,140,30,140,12,0,128,0.7659648859265082,0.2570239140832174,14,60,0,0,128,0,0.7659648859265082,nenhuma,110.11745156091808,0.0,120,0,terminal,0.25,j6033_1.sm,2,centralizada,0,2.8666666666666667,0.5
True,194,90,0.6452998927655876,0.0,8.646860331460005,320.0,422.0,96.0,38.0,97.95950740270176,57,3,17,0,0.05,0.3333333333333333,346.0,0.2206496443240841,0.2831199635916235,0.0249909258134682,0.1497944540813583,34,0,96,38,26,134,8,0,0,0.7659648859265082,0.2570239140832174,14,60,126,30,0,96,0.7659648859265082,nenhuma,97.95950740270176,0.0,104,0,terminal,0.9166666666666666,j6033_1.sm,2,adaptativa,0,2.1555555555555554,0.5666666666666667
True,208,90,0.735993242701367,1.7763568394002505e-15,22.968400769887992,254.0,547.0,0.0,104.0,92.2133452642962,48,12,3,0,0.2,0.25,346.0,0.2104302533476708,0.2665125585673301,0.0663826611846473,0.1240738555784462,33,0,0,104,27,104,5,0,99,0.794910294566222,0.2433201962422982,11,60,0,0,99,0,0.794910294566222,nenhuma,92.2133452642962,0.0,98,0,terminal,0.25,j6033_1.sm,3,centralizada,0,2.311111111111111,0.55
True,201,90,0.5873496968687485,0.0,9.100947065586402,304.0,417.0,157.0,48.0,87.96886901123997,54,6,12,0,0.1,0.3,346.0,0.2027077868780526,0.2542452861596531,0.0263033152184578,0.1239052483156797,34,0,157,48,26,205,6,0,0,0.794910294566222,0.2433201962422982,11,60,199,42,0,157,0.794910294566222,nenhuma,87.96886901123997,0.0,95,0,terminal,0.9166666666666666,j6033_1.sm,3,adaptativa,0,2.2333333333333334,0.5666666666666667
True,272,90,0.6473997443847805,0.0,35.58923380057103,202.0,543.0,0.0,162.0,133.73990484195983,40,20,5,0,0.3333333333333333,0.4166666666666667,346.0,0.2787758606114236,0.3865315168842769,0.1028590572270839,0.1594533705501467,37,0,0,162,23,162,18,1,144,0.7496468789669437,0.3530323246498424,17,60,0,0,144,0,0.7496468789669437,nenhuma,133.73990484195983,0.0,142,0,terminal,0.25,j6033_1.sm,4,centralizada,0,3.022222222222222,0.6166666666666667
True,180,90,0.5828504654586811,2.220446049250313e-16,10.058171603650182,326.0,425.0,173.0,55.0,76.17502032968463,56,4,12,0,0.0666666666666666,0.2666666666666666,346.0,0.1804346933416337,0.2201590182938862,0.0290698601261565,0.1044674024834851,36,0,173,55,24,228,13,3,0,0.7496468789669437,0.3530323246498424,17,60,215,42,0,173,0.7496468789669437,nenhuma,76.17502032968463,0.0,83,0,terminal,0.9166666666666666,j6033_1.sm,4,adaptativa,0,2.0,0.6
True,240,90,0.6952671057191355,3.1086244689504387e-15,24.6162731957629,211.0,544.0,0.0,126.0,112.43310452221752,42,18,5,0,0.3,0.3833333333333333,346.0,0.2452552038958795,0.324951169139357,0.07114529825365,0.1436967631768,36,0,0,126,24,126,23,5,103,0.6863255838987572,0.3910769205246226,22,60,0,0,103,0,0.6863255838987572,nenhuma,112.43310452221752,0.0,123,0,terminal,0.25,j6033_1.sm,5,centralizada,0,2.6666666666666665,0.6
True,174,90,0.589364909912826,0.0,6.167218971037157,306.0,401.0,113.0,52.0,114.39340865969211,54,6,19,0,0.1,0.4166666666666667,346.0,0.2484688236365434,0.3306167880337922,0.0178243322862345,0.1681283316442407,34,0,113,52,26,165,15,0,0,0.6863255838987572,0.3910769205246226,22,60,150,37,0,113,0.6863255838987572,nenhuma,114.39340865969208,0.0,126,0,terminal,0.9383333333333334,j6033_1.sm,5,adaptativa,0,1.9333333333333331,0.5666666666666667
True,233,90,0.6935655318788735,0.0,24.44587578026971,227.0,533.0,0.0,155.0,80.49263047444062,41,19,3,0,0.3166666666666666,0.3666666666666666,346.0,0.1887315857835543,0.2326376603307532,0.0706528201741899,0.1047409269556004,31,0,0,155,29,155,20,1,135,0.7631789564580391,0.2436049793851584,14,60,0,0,135,0,0.7631789564580391,nenhuma,80.49263047444063,0.0,87,0,terminal,0.25,j6033_1.sm,6,centralizada,0,2.588888888888889,0.5166666666666667
True,163,90,0.61891655731326,0.0,5.0,308.0,381.0,133.0,41.0,60.59186856130548,53,7,9,0,0.1166666666666666,0.2666666666666666,346.0,0.1490238080158986,0.175121007402617,0.0144508670520231,0.0984286369846213,21,0,133,41,39,174,19,0,0,0.7631789564580391,0.2436049793851584,14,60,155,22,0,133,0.7631789564580391,nenhuma,60.59186856130548,0.0,65,0,terminal,0.955,j6033_1.sm,6,adaptativa,0,1.8111111111111111,0.35
True,196,90,0.6816393208344714,6.217248937900877e-15,51.87218884931983,195.0,501.0,0.0,132.0,101.99281025435778,37,23,1,0,0.3833333333333333,0.4,346.0,0.2276661765987921,0.2947769082495889,0.1499196209517914,0.1387670856522546,35,0,0,132,25,132,13,0,119,0.5858494645010164,0.4310024134004245,29,60,0,0,119,0,0.5858494645010164,nenhuma,101.9928102543578,0.0,108,0,terminal,0.25,j6033_1.sm,7,centralizada,0,2.1777777777777776,0.5833333333333334
True,178,90,0.5801578563225972,0.0,9.221675114149692,315.0,387.0,151.0,50.0,79.05982825613653,55,5,14,0,0.0833333333333333,0.3166666666666666,346.0,0.1859969420786946,0.2284966134570419,0.0266522402143054,0.1185198462075267,36,0,151,50,24,201,19,0,0,0.5858494645010164,0.4310024134004245,29,60,182,31,0,151,0.5858494645010164,nenhuma,79.05982825613654,0.0,86,0,terminal,0.952095622470694,j6033_1.sm,7,adaptativa,0,1.9777777777777776,0.6
True,210,90,0.6257065817044308,0.0,36.148808920828834,213.0,530.0,0.0,188.0,129.04239254807715,40,20,6,0,0.3333333333333333,0.4333333333333333,346.0,0.2716439513027614,0.3729548917574484,0.1044763263607769,0.1523446685589031,47,0,0,188,13,188,16,11,172,0.5273323364698471,0.2724902104363956,34,60,0,0,172,0,0.5273323364698471,nenhuma,129.04239254807715,0.0,137,0,terminal,0.25,j6033_1.sm,8,centralizada,0,2.333333333333333,0.7833333333333333
True,188,90,0.5513660328013198,0.0,4.5,320.0,402.0,176.0,63.0,88.09823254356581,56,4,14,0,0.0666666666666666,0.3,346.0,0.2029453841066361,0.2546191692010572,0.0130057803468208,0.1208317735680448,40,0,176,63,20,239,11,0,0,0.5273323364698471,0.2724902104363956,34,60,228,52,0,176,0.5273323364698471,nenhuma,88.09823254356581,0.0,95,0,terminal,0.96,j6033_1.sm,8,adaptativa,0,2.088888888888889,0.6666666666666666
True,297,90,0.6368008515381304,1.0658141036401504e-14,55.01928996132948,190.0,538.0,0.0,175.0,131.84811648808795,38,22,4,0,0.3666666666666666,0.4333333333333333,346.0,0.2759205528675025,0.3810639204858033,0.1590152889055765,0.156061325006158,35,0,0,175,25,175,30,0,145,0.6872143627230507,0.3512385487549321,22,60,0,0,145,0,0.6872143627230507,nenhuma,131.84811648808792,0.0,142,0,terminal,0.25,j6033_1.sm,9,centralizada,0,3.3,0.5833333333333334
True,191,90,0.5974600578454593,0.0,15.61192545161687,288.0,410.0,133.0,45.0,98.23834282500562,53,7,15,0,0.1166666666666666,0.3666666666666666,346.0,0.2211388197612282,0.2839258463150451,0.0451211718254822,0.1431548438704144,30,0,133,45,30,178,9,3,0,0.6872143627230507,0.3512385487549321,22,60,169,36,0,133,0.6872143627230507,nenhuma,98.23834282500562,0.0,104,0,terminal,0.9483333333333333,j6033_1.sm,9,adaptativa,0,2.1222222222222222,0.5
True,225,90,0.6358970652043502,0.0,36.257638764325655,187.0,557.0,0.0,183.0,135.9279299724461,37,23,1,0,0.3833333333333333,0.4,346.0,0.2820503264465657,0.3928552889377054,0.1047908634807099,0.1551816368918867,39,0,0,183,21,183,17,0,166,0.5820371027673271,0.4175993861121362,30,60,0,0,166,0,0.5820371027673271,nenhuma,135.9279299724461,0.0,147,0,terminal,0.25,j6033_1.sm,10,centralizada,0,2.5,0.65
True,175,90,0.5709957954791338,0.0,13.76411715238878,297.0,412.0,156.0,56.0,97.54646892676796,53,7,14,0,0.1166666666666666,0.35,346.0,0.2199238992090216,0.2819262107710057,0.0397806854115282,0.1351908340316031,34,0,156,56,26,212,28,2,0,0.5820371027673271,0.4175993861121362,30,60,184,28,0,156,0.5820371027673271,nenhuma,97.54646892676796,0.0,105,0,terminal,0.9716666666666668,j6033_1.sm,10,adaptativa,0,1.9444444444444444,0.5666666666666667
True,289,90,0.7153355122772586,0.0,44.45333731059467,187.0,537.0,0.0,84.0,129.69668817429402,37,23,1,0,0.3833333333333333,0.4,346.0,0.2726457665115665,0.3748459195788844,0.1284778534988285,0.1727684299363547,39,0,0,84,21,84,12,1,72,0.7131697048371954,0.486713896835989,19,60,0,0,72,0,0.7131697048371954,nenhuma,129.696688174294,0.0,139,0,terminal,0.25,j6033_1.sm,11,centralizada,0,3.2111111111111112,0.65
True,178,90,0.612598642507182,0.0,5.0,305.0,395.0,115.0,43.0,91.79411574172576,54,6,15,0,0.1,0.35,346.0,0.2096741651865398,0.2653009125483404,0.0144508670520231,0.1423619004899451,27,0,115,43,33,158,15,0,0,0.7131697048371954,0.486713896835989,19,60,143,28,0,115,0.7131697048371954,nenhuma,91.79411574172578,0.0,98,0,terminal,0.9666666666666668,j6033_1.sm,11,adaptativa,0,1.9777777777777776,0.45
True,239,92,0.6654107412205895,6.661338147750939e-15,27.78904469420958,222.0,573.0,0.0,189.0,99.12225803407264,39,21,3,0,0.35,0.4,361.0,0.2154259140985361,0.274576892061143,0.0769779631418547,0.1151082289527239,39,0,0,189,21,189,19,6,170,0.6268507180531939,0.4857196752206667,17,60,0,0,170,0,0.6268507180531939,nenhuma,99.12225803407264,0.0,109,0,terminal,0.25,j6034_10.sm,0,centralizada,0,2.597826086956522,0.65
True,142,92,0.6743640367978294,0.0,5.736218219131244,341.0,416.0,114.0,45.0,41.87749835437104,57,3,8,0,0.05,0.1833333333333333,361.0,0.1039459848848038,0.1160041505661247,0.0158898011610283,0.0678862472145387,25,0,114,45,35,159,18,1,0,0.6268507180531939,0.4857196752206667,17,60,141,27,0,114,0.6268507180531939,nenhuma,41.87749835437104,0.0,45,0,terminal,0.995,j6034_10.sm,0,adaptativa,0,1.5434782608695652,0.4166666666666667
True,280,92,0.7930206605855274,0.0,24.193083839933628,267.0,588.0,0.0,82.0,71.46870217208425,42,18,1,0,0.3,0.3166666666666666,361.0,0.1652575130018219,0.1979742442440007,0.0670168527421984,0.096388022802205,31,0,0,82,29,82,3,5,79,0.6586427040007742,0.3936211322074767,14,60,0,0,79,0,0.6586427040007742,nenhuma,71.46870217208425,0.0,80,0,terminal,0.25,j6034_10.sm,1,centralizada,0,3.0434782608695654,0.5166666666666667
True,138,92,0.6841683947632711,0.0,6.858158513647141,337.0,420.0,74.0,45.0,74.88395490751086,55,5,14,0,0.0833333333333333,0.3166666666666666,361.0,0.1717979156250435,0.2074347781371492,0.0189976690128729,0.1219838933871354,22,0,74,45,38,119,9,11,0,0.6586427040007742,0.3936211322074767,14,60,110,36,0,74,0.6586427040007742,nenhuma,74.88395490751086,0.0,81,0,terminal,0.955,j6034_10.sm,1,adaptativa,0,1.5,0.3666666666666666
True,215,92,0.7599379703463837,0.0,35.76772521755548,220.0,590.0,0.0,95.0,91.37915596068316,37,23,0,0,0.3833333333333333,0.3833333333333333,361.0,0.2019968311020613,0.2531278558467678,0.0990795712397658,0.1176991361232664,42,0,0,95,18,95,8,31,87,0.7659648859265082,0.2570239140832174,7,60,0,0,87,0,0.7659648859265082,nenhuma,91.37915596068316,0.0,99,0,terminal,0.25,j6034_10.sm,2,centralizada,0,2.3369565217391304,0.7
True,168,92,0.6081508956822997,0.0,4.738533698553357,345.0,433.0,129.0,71.0,78.99434724864858,57,3,15,0,0.05,0.3,361.0,0.1795349138974448,0.2188209065059517,0.0131261321289566,0.1109479977669844,34,0,129,71,26,200,10,13,0,0.7659648859265082,0.2570239140832174,7,60,190,61,0,129,0.7659648859265082,nenhuma,78.99434724864858,0.0,87,0,terminal,0.8933333333333332,j6034_10.sm,2,adaptativa,0,1.826086956521739,0.5666666666666667
True,237,92,0.6478743667334748,0.0,28.9519212925898,264.0,558.0,0.0,214.0,89.27809441417887,46,14,4,0,0.2333333333333333,0.3,361.0,0.1982732349667854,0.2473077407594982,0.0801992279573124,0.1036576861680241,39,0,0,214,21,214,1,15,213,0.794910294566222,0.2433201962422982,5,60,0,0,213,0,0.794910294566222,nenhuma,89.27809441417888,0.0,96,0,terminal,0.25,j6034_10.sm,3,centralizada,0,2.5760869565217392,0.65
True,155,92,0.6351462226966992,0.0,5.625563627745303,353.0,442.0,129.0,63.0,61.90274523456926,58,2,13,0,0.0333333333333333,0.25,361.0,0.1463758415666798,0.171475748572214,0.0155832787472169,0.0889531556793953,28,0,129,63,32,192,0,1,4,0.794910294566222,0.2433201962422982,5,60,188,59,4,129,0.794910294566222,nenhuma,61.90274523456927,0.0,66,0,terminal,0.8416666666666667,j6034_10.sm,3,adaptativa,0,1.684782608695652,0.4666666666666667
True,252,92,0.6740569773265455,1.7763568394002505e-15,26.87960110178312,260.0,588.0,0.0,209.0,75.32981747646048,47,13,2,0,0.2166666666666666,0.25,361.0,0.1726442119223824,0.2086698545054306,0.0744587288138036,0.0863547433175906,35,0,0,209,25,209,15,8,194,0.7496468789669437,0.3530323246498424,7,60,0,0,194,0,0.7496468789669437,nenhuma,75.32981747646048,0.0,81,0,terminal,0.25,j6034_10.sm,4,centralizada,0,2.739130434782609,0.5833333333333334
True,146,92,0.662154553586507,4.440892098500626e-16,11.867206702675174,336.0,457.0,112.0,59.0,62.17119571963401,55,5,10,0,0.0833333333333333,0.25,361.0,0.1469173619293895,0.1722193787247479,0.032873148760873,0.0900808322706205,33,0,112,59,27,171,9,10,0,0.7496468789669437,0.3530323246498424,7,60,162,50,0,112,0.7496468789669437,nenhuma,62.171195719634,0.0,69,0,terminal,0.8883333333333332,j6034_10.sm,4,adaptativa,0,1.5869565217391304,0.55
True,189,92,0.7079907345510461,0.0,25.31055407999472,226.0,543.0,0.0,146.0,77.95918957799536,42,18,0,0,0.3,0.3,361.0,0.177600085449728,0.2159534337340591,0.0701123381717305,0.1016471158274939,36,0,0,146,24,146,4,13,142,0.6863255838987572,0.3910769205246226,7,60,0,0,142,0,0.6863255838987572,nenhuma,77.95918957799536,0.0,84,0,terminal,0.25,j6034_10.sm,5,centralizada,0,2.0543478260869565,0.6
True,178,92,0.6042346050883782,0.0,4.5,340.0,435.0,131.0,68.0,85.91904524629933,57,3,17,0,0.05,0.3333333333333333,361.0,0.1922474465122624,0.2380028954191117,0.0124653739612188,0.1193454261470532,31,0,131,68,29,199,7,13,0,0.6863255838987572,0.3910769205246226,7,60,192,61,0,131,0.6863255838987572,nenhuma,85.91904524629932,0.0,94,0,terminal,0.9366666666666664,j6034_10.sm,5,adaptativa,0,1.934782608695652,0.5166666666666667
True,245,92,0.7946198002889567,8.881784197001252e-16,20.162082528841644,255.0,588.0,0.0,79.0,72.97652687005628,43,17,1,0,0.2833333333333333,0.3,361.0,0.1681577743302861,0.2021510439613747,0.055850644124215,0.0986200564749418,23,0,0,79,37,79,4,19,75,0.7631789564580391,0.2436049793851584,7,60,0,0,75,0,0.7631789564580391,nenhuma,72.97652687005628,0.0,81,0,terminal,0.25,j6034_10.sm,6,centralizada,0,2.6630434782608696,0.3833333333333333
True,146,92,0.6804670507941952,0.0,6.202178568859823,340.0,449.0,84.0,61.0,65.84091290821124,56,4,13,0,0.0666666666666666,0.2833333333333333,361.0,0.154251644856663,0.1823848002997541,0.0171805500522432,0.0997830107533362,23,0,84,61,37,145,7,27,0,0.7631789564580391,0.2436049793851584,7,60,138,54,0,84,0.7631789564580391,nenhuma,65.84091290821124,0.0,72,0,terminal,0.905,j6034_10.sm,6,adaptativa,0,1.5869565217391304,0.3833333333333333
True,208,92,0.6695416730987553,0.0,34.443246493564715,261.0,567.0,0.0,190.0,89.84796000198973,45,15,3,0,0.25,0.3,361.0,0.1992866065127436,0.2488863157949854,0.0954106551068274,0.1060969196900216,42,0,0,190,18,190,0,9,190,0.5858494645010164,0.4310024134004245,26,60,0,0,190,0,0.5858494645010164,nenhuma,89.84796000198973,0.0,98,0,terminal,0.25,j6034_10.sm,7,centralizada,0,2.260869565217391,0.7
True,160,92,0.5642998856311455,0.0,5.0,333.0,387.0,197.0,65.0,36.80556164238264,57,3,8,0,0.05,0.1833333333333333,361.0,0.0925214858495867,0.1019544643833314,0.0138504155124653,0.0536676336573297,34,0,197,65,26,262,23,3,0,0.5858494645010164,0.4310024134004245,26,60,239,42,0,197,0.5858494645010164,nenhuma,36.80556164238264,0.0,41,0,terminal,0.9666666666666668,j6034_10.sm,7,adaptativa,0,1.7391304347826086,0.5666666666666667
True,231,92,0.5944643648224864,0.0,27.16321611526173,271.0,544.0,0.0,289.0,82.10952075730295,46,14,5,0,0.2333333333333333,0.3166666666666666,361.0,0.1853029937541681,0.2274501960036092,0.075244365970254,0.0897264413655677,51,0,0,289,9,289,18,8,271,0.5273323364698471,0.2724902104363956,34,60,0,0,271,0,0.5273323364698471,nenhuma,82.10952075730293,0.0,89,0,terminal,0.25,j6034_10.sm,8,centralizada,0,2.510869565217391,0.85
True,184,92,0.5410942009551617,0.0,8.127866172432205,342.0,479.0,199.0,99.0,108.24327031124994,57,3,21,0,0.05,0.4,361.0,0.2306762337570701,0.2998428540477837,0.0225148647435795,0.1222751688055101,51,0,199,99,9,298,26,18,0,0.5273323364698471,0.2724902104363956,34,60,272,73,0,199,0.5273323364698471,nenhuma,108.24327031124994,0.0,117,0,terminal,0.9216666666666664,j6034_10.sm,8,adaptativa,0,2.0,0.85
True,226,92,0.6674760551226085,3.552713678800501e-15,35.90945049447103,255.0,569.0,0.0,186.0,97.46503695998577,43,17,3,0,0.2833333333333333,0.3333333333333333,361.0,0.2125899013068959,0.2699862519667195,0.0994721620345457,0.1143331781765035,40,0,0,186,20,186,7,15,179,0.6872143627230507,0.3512385487549321,7,60,0,0,179,0,0.6872143627230507,nenhuma,97.46503695998577,0.0,107,0,terminal,0.25,j6034_10.sm,9,centralizada,0,2.4565217391304346,0.6666666666666666
True,146,92,0.6212707594966455,0.0,4.5,342.0,438.0,144.0,71.0,52.00662280463407,57,3,12,0,0.05,0.25,361.0,0.125922006895359,0.1440626670488478,0.0124653739612188,0.0737675663212113,26,0,144,71,34,215,5,2,0,0.6872143627230507,0.3512385487549321,7,60,210,66,0,144,0.6872143627230507,nenhuma,52.00662280463407,0.0,56,0,terminal,0.8895029688816583,j6034_10.sm,9,adaptativa,0,1.5869565217391304,0.4333333333333333
True,198,92,0.6435870120359773,0.0,28.98648072149724,226.0,614.0,0.0,235.0,105.02795351264264,38,22,2,0,0.3666666666666666,0.4,361.0,0.2253683555267536,0.2909361593147996,0.0802949604473607,0.1100889686994384,47,0,0,235,13,235,47,12,188,0.5820371027673271,0.4175993861121362,27,60,0,0,188,0,0.5820371027673271,nenhuma,105.02795351264268,0.0,115,0,terminal,0.25,j6034_10.sm,10,centralizada,0,2.152173913043478,0.7833333333333333
True,159,92,0.5752009614917851,0.0,10.386556474373194,331.0,444.0,161.0,72.0,94.9041339021494,55,5,17,0,0.0833333333333333,0.3666666666666666,361.0,0.2081668641384126,0.2628923376790842,0.0287716245827512,0.1229480834911294,41,0,161,72,19,233,11,13,0,0.5820371027673271,0.4175993861121362,27,60,222,61,0,161,0.5820371027673271,nenhuma,94.9041339021494,0.0,105,0,terminal,0.9183333333333332,j6034_10.sm,10,adaptativa,0,1.7282608695652173,0.6833333333333333
True,196,92,0.724598464937086,3.552713678800501e-15,23.35800489280869,251.0,602.0,0.0,139.0,89.804961824297,44,16,5,0,0.2666666666666666,0.35,361.0,0.1992102337580278,0.2487672072695207,0.0647036146615199,0.1080939160824239,33,0,0,139,27,139,6,9,133,0.7131697048371954,0.486713896835989,7,60,0,0,133,0,0.7131697048371954,nenhuma,89.804961824297,0.0,96,0,terminal,0.25,j6034_10.sm,11,centralizada,0,2.130434782608696,0.55
True,148,92,0.6121607688831205,0.0,4.5,341.0,422.0,123.0,59.0,85.36139238379083,57,3,18,0,0.05,0.35,361.0,0.1912382966813476,0.23645815064762,0.0124653739612188,0.1238267668118368,28,0,123,59,32,182,6,8,0,0.7131697048371954,0.486713896835989,7,60,176,53,0,123,0.7131697048371954,nenhuma,85.36139238379081,0.0,93,0,terminal,0.9383333333333334,j6034_10.sm,11,adaptativa,0,1.608695652173913,0.4666666666666667
True,182,73,0.7350323200045233,0.0,33.50486604080248,236.0,466.0,0.0,108.0,59.98572731758552,45,15,1,0,0.25,0.2666666666666666,318.0,0.1586983925114855,0.1886343626339167,0.1053612139647876,0.0946168418828403,29,0,0,108,31,108,18,1,90,0.6268507180531939,0.4857196752206667,22,60,0,0,90,0,0.6268507180531939,nenhuma,59.98572731758552,0.0,67,0,terminal,0.25,j6035_9.sm,0,centralizada,0,2.493150684931507,0.4833333333333333
True,117,73,0.6732118682104532,0.0,3.0,310.0,365.0,104.0,43.0,30.177013263671583,58,2,8,0,0.0333333333333333,0.1666666666666666,318.0,0.0866714691495695,0.0948962681247534,0.0094339622641509,0.0556589684280766,28,0,104,43,32,147,23,1,0,0.6268507180531939,0.4857196752206667,22,60,124,20,0,104,0.6268507180531939,nenhuma,30.177013263671583,0.0,35,0,terminal,0.987789779085458,j6035_9.sm,0,adaptativa,0,1.6027397260273972,0.4666666666666667
True,215,73,0.7523136110017827,0.0,27.899532856454933,232.0,482.0,0.0,97.0,61.6902559667472,48,12,1,0,0.2,0.2166666666666666,318.0,0.162475214987213,0.1939945156187019,0.087734380051745,0.0962871768256594,26,0,0,97,34,97,2,8,95,0.6586427040007742,0.3936211322074767,21,60,0,0,95,0,0.6586427040007742,nenhuma,61.6902559667472,0.0,66,0,terminal,0.25,j6035_9.sm,1,centralizada,0,2.9452054794520546,0.4333333333333333
True,118,73,0.6183165178973524,0.0,6.079017758210394,294.0,370.0,125.0,47.0,56.399022653029306,56,4,11,0,0.0666666666666666,0.25,318.0,0.1506388084386015,0.1773554171478909,0.0191164080446867,0.094249857566581,31,0,125,47,29,172,17,7,0,0.6586427040007742,0.3936211322074767,21,60,155,30,0,125,0.6586427040007742,nenhuma,56.399022653029306,0.0,62,0,terminal,0.9466666666666668,j6035_9.sm,1,adaptativa,0,1.6164383561643836,0.5166666666666667
True,164,73,0.764098066771931,0.0,18.096160021483907,242.0,510.0,0.0,110.0,47.453592906714434,49,11,0,0,0.1833333333333333,0.1833333333333333,318.0,0.129848478241196,0.1492251349267749,0.056906163589572,0.0710964678458876,29,0,0,110,31,110,12,5,98,0.7659648859265082,0.2570239140832174,12,60,0,0,98,0,0.7659648859265082,nenhuma,47.453592906714434,0.0,52,0,terminal,0.25,j6035_9.sm,2,centralizada,0,2.246575342465753,0.4833333333333333
True,127,73,0.6810500825622654,0.0,9.8273045964037,290.0,372.0,84.0,41.0,49.21533647048596,57,3,11,0,0.05,0.2333333333333333,318.0,0.1340230964848101,0.1547652090266854,0.0309034735735965,0.0901024434584788,22,0,84,41,38,125,5,11,0,0.7659648859265082,0.2570239140832174,12,60,120,36,0,84,0.7659648859265082,nenhuma,49.21533647048596,0.0,53,0,terminal,0.9283333333333332,j6035_9.sm,2,adaptativa,0,1.7397260273972603,0.3666666666666666
True,202,73,0.6855340668666281,1.7763568394002505e-15,22.173048078523166,240.0,479.0,0.0,163.0,56.725305059406026,46,14,2,0,0.2333333333333333,0.2666666666666666,318.0,0.1513783678164282,0.1783814624509623,0.069726566284664,0.081183985535751,32,0,0,163,28,163,4,3,159,0.794910294566222,0.2433201962422982,9,60,0,0,159,0,0.794910294566222,nenhuma,56.725305059406026,0.0,61,0,terminal,0.25,j6035_9.sm,3,centralizada,0,2.767123287671233,0.5333333333333333
True,136,73,0.626155866856924,0.0,9.731501937144833,291.0,427.0,99.0,68.0,87.93883121048695,56,4,13,0,0.0666666666666666,0.2833333333333333,318.0,0.2166307444603372,0.2765372050644243,0.030602207349512,0.1289541336931784,31,0,99,68,29,167,1,25,1,0.794910294566222,0.2433201962422982,9,60,165,66,1,99,0.794910294566222,nenhuma,87.93883121048695,0.0,92,0,terminal,0.8398984930059816,j6035_9.sm,3,adaptativa,0,1.8630136986301369,0.5166666666666667
True,309,73,0.7009743427428405,5.3290705182007506e-15,51.89109283519996,232.0,543.0,0.0,139.0,92.63605568685556,45,15,2,0,0.25,0.2833333333333333,318.0,0.22559162646326,0.2913083512165269,0.1631795372176099,0.1195865529454562,34,0,0,139,26,139,8,7,131,0.7496468789669437,0.3530323246498424,15,60,0,0,131,0,0.7496468789669437,nenhuma,92.63605568685556,0.0,101,0,terminal,0.25,j6035_9.sm,4,centralizada,0,4.232876712328767,0.5666666666666667
True,125,73,0.5549416532760219,0.0,5.83104813187972,292.0,356.0,165.0,74.0,46.508882777861245,56,4,9,0,0.0666666666666666,0.2166666666666666,318.0,0.1275932768041887,0.1462543483580542,0.0183366293455337,0.0724992030920421,26,0,165,74,34,239,11,2,0,0.7496468789669437,0.3530323246498424,15,60,228,63,0,165,0.7496468789669437,nenhuma,46.508882777861245,0.0,51,0,terminal,0.92,j6035_9.sm,4,adaptativa,0,1.7123287671232876,0.4333333333333333
True,214,73,0.6718384327270869,3.552713678800501e-15,42.27221360695744,213.0,506.0,0.0,152.0,95.15727018782582,43,17,3,0,0.2833333333333333,0.3333333333333333,318.0,0.2303173078488157,0.2992366987038548,0.1329314893300548,0.1263444886671479,34,0,0,152,26,152,13,12,139,0.6863255838987572,0.3910769205246226,18,60,0,0,139,0,0.6863255838987572,nenhuma,95.1572701878258,0.0,103,0,terminal,0.25,j6035_9.sm,5,centralizada,0,2.9315068493150687,0.5666666666666667
True,128,73,0.6283119404005753,0.0,8.547343026013465,299.0,383.0,110.0,53.0,63.56982570762766,57,3,13,0,0.05,0.2666666666666666,318.0,0.1666007672114438,0.1999051122881373,0.0268784371887215,0.1042863721704592,30,0,110,53,30,163,23,10,0,0.6863255838987572,0.3910769205246226,18,60,140,30,0,110,0.6863255838987572,nenhuma,63.56982570762766,0.0,68,0,terminal,0.9566666666666668,j6035_9.sm,5,adaptativa,0,1.7534246575342465,0.5
True,195,73,0.7450673274501635,0.0,29.495019632616195,227.0,491.0,0.0,97.0,71.00084718564221,41,19,3,0,0.3166666666666666,0.3666666666666666,318.0,0.1825210605563504,0.2232731043573654,0.0927516340648308,0.1077401455382971,26,0,0,97,34,97,4,13,93,0.7631789564580391,0.2436049793851584,12,60,0,0,93,0,0.7631789564580391,nenhuma,71.00084718564223,0.0,80,0,terminal,0.25,j6035_9.sm,6,centralizada,0,2.671232876712329,0.4333333333333333
True,125,73,0.6574299017929399,0.0,8.5,272.0,378.0,78.0,48.0,70.96624198126683,53,7,14,0,0.1166666666666666,0.35,318.0,0.1824483318135476,0.2231642829599586,0.0267295597484276,0.1234267976094134,24,0,78,48,36,126,4,15,0,0.7631789564580391,0.2436049793851584,12,60,122,44,0,78,0.7631789564580391,nenhuma,70.96624198126682,0.0,78,0,terminal,0.94,j6035_9.sm,6,adaptativa,0,1.7123287671232876,0.4
True,193,73,0.6982285285345443,0.0,21.109577484122084,256.0,495.0,0.0,167.0,46.93694509864222,48,12,2,0,0.2,0.2333333333333333,318.0,0.1286165890547343,0.1476004562850384,0.0663823191324593,0.0662075032527912,38,0,0,167,22,167,18,6,149,0.5858494645010164,0.4310024134004245,25,60,0,0,149,0,0.5858494645010164,nenhuma,46.93694509864223,0.0,53,0,terminal,0.25,j6035_9.sm,7,centralizada,0,2.643835616438356,0.6333333333333333
True,135,73,0.5895713057313847,0.0,9.892574481876796,265.0,374.0,118.0,62.0,80.35923079064942,53,7,11,0,0.1166666666666666,0.3,318.0,0.2017255396119609,0.2527019836183944,0.031108724785776,0.1266777984620665,35,0,118,62,25,180,15,8,0,0.5858494645010164,0.4310024134004245,25,60,165,47,0,118,0.5858494645010164,nenhuma,80.35923079064942,0.0,88,0,terminal,0.96,j6035_9.sm,7,adaptativa,0,1.8493150684931507,0.5833333333333334
True,275,73,0.566620104462433,0.0,33.464339937352,208.0,504.0,0.0,292.0,93.4848524271083,44,16,2,0,0.2666666666666666,0.3,318.0,0.2271890493069085,0.2939775233556864,0.1052337733878993,0.1050999937458397,46,0,0,292,14,292,17,10,275,0.5273323364698471,0.2724902104363956,33,60,0,0,275,0,0.5273323364698471,nenhuma,93.4848524271083,0.0,100,0,terminal,0.25,j6035_9.sm,8,centralizada,0,3.767123287671233,0.7666666666666667
True,187,73,0.5177654601184319,0.0,7.838513185502348,291.0,416.0,169.0,83.0,135.4525901068132,53,7,18,0,0.1166666666666666,0.4166666666666667,318.0,0.2987138965837787,0.4259515412163937,0.0246494125330262,0.1685881553867488,47,0,169,83,13,252,16,31,0,0.5273323364698471,0.2724902104363956,33,60,236,67,0,169,0.5273323364698471,nenhuma,135.45259010681318,0.0,146,0,terminal,0.92,j6035_9.sm,8,adaptativa,0,2.5616438356164384,0.7833333333333333
True,216,73,0.7054901805186762,1.7763568394002505e-15,30.86546439082045,229.0,499.0,0.0,140.0,68.30963205346856,44,16,1,0,0.2666666666666666,0.2833333333333333,318.0,0.1768261166317849,0.2148101636901527,0.0970612087761649,0.0965767027025368,26,0,0,140,34,140,10,1,130,0.6872143627230507,0.3512385487549321,18,60,0,0,130,0,0.6872143627230507,nenhuma,68.30963205346856,0.0,74,0,terminal,0.25,j6035_9.sm,9,centralizada,0,2.958904109589041,0.4333333333333333
True,128,73,0.5936927281688382,0.0,7.179656995412797,260.0,363.0,128.0,52.0,68.4273980070843,50,10,8,0,0.1666666666666666,0.3,318.0,0.1770769835678934,0.2151804968776236,0.0225775377214238,0.1119141834829774,29,0,128,52,31,180,12,3,0,0.6872143627230507,0.3512385487549321,18,60,168,40,0,128,0.6872143627230507,nenhuma,68.4273980070843,0.0,76,0,terminal,0.9766666666666666,j6035_9.sm,9,adaptativa,0,1.7534246575342465,0.4833333333333333
True,228,73,0.6976247956417321,3.552713678800501e-15,37.53049404471102,205.0,523.0,0.0,141.0,85.68665573146946,42,18,0,0,0.3,0.3,318.0,0.2122603125837972,0.2694548922373253,0.1180204215242484,0.1142966265657549,36,0,0,141,24,141,19,6,122,0.5820371027673271,0.4175993861121362,25,60,0,0,122,0,0.5820371027673271,nenhuma,85.68665573146946,0.0,94,0,terminal,0.25,j6035_9.sm,10,centralizada,0,3.1232876712328768,0.6
True,145,73,0.6047456791257612,0.0,6.0,294.0,411.0,143.0,54.0,71.6245333975005,55,5,13,0,0.0833333333333333,0.3,318.0,0.1838296289326014,0.2252343817531462,0.0188679245283018,0.1053883870840321,39,0,143,54,21,197,11,5,0,0.5820371027673271,0.4175993861121362,25,60,186,43,0,143,0.5820371027673271,nenhuma,71.6245333975005,0.0,79,0,terminal,0.9416666666666664,j6035_9.sm,10,adaptativa,0,1.9863013698630136,0.65
True,240,73,0.7251111630142266,0.0,29.954134479996213,216.0,519.0,0.0,109.0,87.75232388170704,40,20,4,0,0.3333333333333333,0.4,318.0,0.2162706624627745,0.2759507040305253,0.0941953914465289,0.1226015214394329,34,0,0,109,26,109,9,7,100,0.7131697048371954,0.486713896835989,17,60,0,0,100,0,0.7131697048371954,nenhuma,87.75232388170706,0.0,99,0,terminal,0.25,j6035_9.sm,11,centralizada,0,3.287671232876712,0.5666666666666667
True,140,73,0.6709270549917892,0.0,10.0,280.0,393.0,73.0,36.0,83.75667365926915,55,5,18,0,0.0833333333333333,0.3833333333333333,318.0,0.2084761228641179,0.2633857662241168,0.0314465408805031,0.142988850875628,29,0,73,36,31,109,4,3,0,0.7131697048371954,0.486713896835989,17,60,105,32,0,73,0.7131697048371954,nenhuma,83.75667365926917,0.0,91,0,terminal,0.9466666666666668,j6035_9.sm,11,adaptativa,0,1.917808219178082,0.4833333333333333
True,200,86,0.6721894174131273,6.217248937900877e-15,38.96343349160911,248.0,554.0,0.0,184.0,86.17245146766696,44,16,3,0,0.2666666666666666,0.3166666666666666,344.0,0.2003207113185953,0.2505013124060086,0.1132657950337474,0.1045563356482166,34,0,0,184,26,184,19,16,165,0.6268507180531939,0.4857196752206667,20,60,0,0,165,0,0.6268507180531939,nenhuma,86.17245146766697,0.0,94,0,terminal,0.25,j6036_9.sm,0,centralizada,0,2.3255813953488373,0.5666666666666667
True,123,86,0.6547011018877736,0.0,6.198221254630134,323.0,404.0,127.0,57.0,29.075485034470137,55,5,6,0,0.0833333333333333,0.1833333333333333,344.0,0.0779345901856395,0.0845217588211341,0.0180180850425294,0.0471181982425472,17,0,127,57,43,184,23,10,0,0.6268507180531939,0.4857196752206667,20,60,161,34,0,127,0.6268507180531939,nenhuma,29.075485034470137,0.0,34,0,terminal,0.9889259556598774,j6036_9.sm,0,adaptativa,0,1.430232558139535,0.2833333333333333
True,262,86,0.747975730865198,5.3290705182007506e-15,36.9039489439881,220.0,560.0,0.0,98.0,90.6873930417998,40,20,2,0,0.3333333333333333,0.3666666666666666,344.0,0.2086266924080755,0.2636261425633714,0.1072789213488026,0.1211285162333922,28,0,0,98,32,98,0,18,98,0.6586427040007742,0.3936211322074767,13,60,0,0,98,0,0.6586427040007742,nenhuma,90.6873930417998,0.0,98,0,terminal,0.25,j6036_9.sm,1,centralizada,0,3.046511627906977,0.4666666666666667
True,129,86,0.6823404301429653,0.0,3.5,330.0,429.0,96.0,48.0,55.71842418910324,55,5,15,0,0.0833333333333333,0.3333333333333333,344.0,0.1393941855498343,0.1619721633404164,0.0101744186046511,0.0886222226761792,24,0,96,48,36,144,10,9,0,0.6586427040007742,0.3936211322074767,13,60,134,38,0,96,0.6586427040007742,nenhuma,55.71842418910324,0.0,63,0,terminal,0.9177957230020092,j6036_9.sm,1,adaptativa,0,1.5,0.4
True,249,86,0.763024401379891,3.1086244689504387e-15,33.267732725391426,264.0,541.0,0.0,104.0,64.02057525503622,45,15,2,0,0.25,0.2833333333333333,344.0,0.1569052619834666,0.1861063234158029,0.0967085253645099,0.0902943828280411,27,0,0,104,33,104,0,21,104,0.7659648859265082,0.2570239140832174,3,60,0,0,104,0,0.7659648859265082,nenhuma,64.02057525503623,0.0,72,0,terminal,0.25,j6036_9.sm,2,centralizada,0,2.895348837209302,0.45
True,135,86,0.6357263170112178,0.0,4.0,329.0,431.0,92.0,72.0,82.96469717706323,57,3,17,0,0.05,0.3333333333333333,344.0,0.1943127797815508,0.2411764452821605,0.0116279069767441,0.122373181852263,30,0,92,72,30,164,5,27,0,0.7659648859265082,0.2570239140832174,3,60,159,67,0,92,0.7659648859265082,nenhuma,82.96469717706324,0.0,92,0,terminal,0.9034962687807316,j6036_9.sm,2,adaptativa,0,1.569767441860465,0.5
True,188,86,0.6736541185696946,0.0,25.41077933048514,258.0,551.0,0.0,173.0,93.9271599643533,44,16,5,0,0.2666666666666666,0.35,344.0,0.214481239236221,0.2730440696638177,0.0738685445653637,0.1148356046380056,38,0,0,173,22,173,8,11,165,0.794910294566222,0.2433201962422982,3,60,0,0,165,0,0.794910294566222,nenhuma,93.9271599643533,0.0,104,0,terminal,0.25,j6036_9.sm,3,centralizada,0,2.186046511627907,0.6333333333333333
True,148,86,0.632706576197533,0.0,9.5,310.0,431.0,144.0,56.0,50.2004430082618,55,5,10,0,0.0833333333333333,0.25,344.0,0.1273475053076226,0.145931520372854,0.0276162790697674,0.0736940844996675,28,0,144,56,32,200,2,7,0,0.794910294566222,0.2433201962422982,3,60,198,54,0,144,0.794910294566222,nenhuma,50.2004430082618,0.0,57,0,terminal,0.88853175797109,j6036_9.sm,3,adaptativa,0,1.7209302325581397,0.4666666666666667
True,218,86,0.6858089600369068,8.881784197001252e-16,24.91190340276021,262.0,531.0,0.0,183.0,60.26809934274444,47,13,2,0,0.2166666666666666,0.25,344.0,0.1490795327178369,0.1751979632056524,0.0724183238452331,0.0778387994983965,27,0,0,183,33,183,0,14,183,0.7496468789669437,0.3530323246498424,4,60,0,0,183,0,0.7496468789669437,nenhuma,60.26809934274443,0.0,67,0,terminal,0.25,j6036_9.sm,4,centralizada,0,2.5348837209302326,0.45
True,146,86,0.6000266675409215,0.0,7.828508892752374,322.0,426.0,145.0,75.0,63.96844481240843,56,4,12,0,0.0666666666666666,0.2666666666666666,344.0,0.1567975308527166,0.1859547814314198,0.0227572932928848,0.0901004055600112,24,0,145,75,36,220,0,13,2,0.7496468789669437,0.3530323246498424,4,60,218,73,2,145,0.7496468789669437,nenhuma,63.96844481240843,0.0,69,0,terminal,0.8483333333333333,j6036_9.sm,4,adaptativa,0,1.697674418604651,0.4
True,166,86,0.7080461001937236,0.0,37.37765274469709,217.0,534.0,0.0,132.0,88.18818047849702,41,19,3,0,0.3166666666666666,0.3666666666666666,344.0,0.204050421695613,0.2563609897630727,0.1086559672810961,0.1169312682977155,36,0,0,132,24,132,7,20,125,0.6863255838987572,0.3910769205246226,12,60,0,0,125,0,0.6863255838987572,nenhuma,88.188180478497,0.0,97,0,terminal,0.25,j6036_9.sm,5,centralizada,0,1.930232558139535,0.6
True,121,86,0.6455163573451413,0.0,0.0,344.0,395.0,111.0,67.0,38.9132311759584,60,0,13,0,0.0,0.2166666666666666,344.0,0.1016241487828786,0.1131198580696465,0.0,0.0635927271929976,22,0,111,67,38,178,10,7,0,0.6863255838987572,0.3910769205246226,12,60,168,57,0,111,0.6863255838987572,nenhuma,38.9132311759584,0.0,43,0,terminal,0.9283333333333332,j6036_9.sm,5,adaptativa,0,1.4069767441860466,0.3666666666666666
True,237,86,0.7195453298378192,0.0,25.28771716697219,239.0,547.0,0.0,138.0,75.20227957464509,39,21,2,0,0.35,0.3833333333333333,344.0,0.1793937753653227,0.2186112778332706,0.0735108057179424,0.0989240385029138,24,0,0,138,36,138,13,14,125,0.7631789564580391,0.2436049793851584,3,60,0,0,125,0,0.7631789564580391,nenhuma,75.2022795746451,0.0,85,0,terminal,0.25,j6036_9.sm,6,centralizada,0,2.755813953488372,0.4
True,129,86,0.6984450939157726,0.0,4.206492391024462,331.0,431.0,81.0,60.0,45.08501320216221,55,5,9,0,0.0833333333333333,0.2333333333333333,344.0,0.1158744533260569,0.1310610848900064,0.0122281755553036,0.0730612674714107,17,0,81,60,43,141,13,28,0,0.7631789564580391,0.2436049793851584,3,60,128,47,0,81,0.7631789564580391,nenhuma,45.08501320216221,0.0,50,0,terminal,0.8783333333333333,j6036_9.sm,6,adaptativa,0,1.5,0.2833333333333333
True,189,86,0.6284362270633916,2.220446049250313e-15,30.082943154939684,275.0,497.0,0.0,231.0,62.85192513872466,49,11,3,0,0.1833333333333333,0.2333333333333333,344.0,0.1544835387402775,0.1827090847055949,0.0874504161480804,0.0794736955691164,35,0,0,231,25,231,26,12,205,0.5858494645010164,0.4310024134004245,25,60,0,0,205,0,0.5858494645010164,nenhuma,62.85192513872467,0.0,70,0,terminal,0.25,j6036_9.sm,7,centralizada,0,2.197674418604651,0.5833333333333334
True,137,86,0.5812654452960525,0.0,5.0,321.0,409.0,152.0,78.0,64.63721654172379,57,3,12,0,0.05,0.25,344.0,0.1581775078852222,0.1878988852957087,0.0145348837209302,0.0918615659066563,32,0,152,78,28,230,23,14,0,0.5858494645010164,0.4310024134004245,25,60,207,55,0,152,0.5858494645010164,nenhuma,64.63721654172379,0.0,69,0,terminal,0.975,j6036_9.sm,7,adaptativa,0,1.5930232558139534,0.5333333333333333
True,212,86,0.619228066774029,0.0,34.95721417498075,225.0,549.0,0.0,239.0,98.5877201918613,41,19,4,0,0.3166666666666666,0.3833333333333333,344.0,0.2227529497409544,0.2865922098600619,0.1016198086481998,0.1111990589837252,44,0,0,239,16,239,24,17,215,0.5273323364698471,0.2724902104363956,31,60,0,0,215,0,0.5273323364698471,nenhuma,98.58772019186128,0.0,108,0,terminal,0.25,j6036_9.sm,8,centralizada,0,2.4651162790697674,0.7333333333333333
True,161,86,0.5147748590860234,2.664535259100376e-15,17.865734778328836,300.0,418.0,207.0,89.0,98.00546728749347,54,6,15,0,0.1,0.35,344.0,0.2217290837801963,0.2848996142078299,0.0519352755183977,0.1206955756281802,39,0,207,89,21,296,17,6,0,0.5273323364698471,0.2724902104363956,31,60,279,72,0,207,0.5273323364698471,nenhuma,98.00546728749347,0.0,104,0,terminal,0.9316666666666666,j6036_9.sm,8,adaptativa,0,1.872093023255814,0.65
True,251,86,0.6507328992616234,1.7763568394002505e-15,37.36398828783153,256.0,544.0,0.0,227.0,64.98047773098372,46,14,1,0,0.2333333333333333,0.25,344.0,0.1588840574774968,0.1888967375900689,0.108616245022766,0.0777296593185448,37,0,0,227,23,227,21,15,206,0.6872143627230507,0.3512385487549321,11,60,0,0,206,0,0.6872143627230507,nenhuma,64.98047773098372,0.0,72,0,terminal,0.25,j6036_9.sm,9,centralizada,0,2.9186046511627906,0.6166666666666667
True,154,86,0.5545759852599764,0.0,7.448955014503479,307.0,414.0,190.0,73.0,69.51627730674892,54,6,12,0,0.1,0.3,344.0,0.1681101352515352,0.2020822014731073,0.0216539389956496,0.093120912992744,29,0,190,73,31,263,10,12,0,0.6872143627230507,0.3512385487549321,11,60,253,63,0,190,0.6872143627230507,nenhuma,69.51627730674892,0.0,73,0,terminal,0.914606336511842,j6036_9.sm,9,adaptativa,0,1.7906976744186047,0.4833333333333333
True,238,86,0.6399570628751183,0.0,38.95519154797498,207.0,560.0,0.0,211.0,104.05870703903577,40,20,1,0,0.3333333333333333,0.35,344.0,0.2322434658768275,0.3024962413925458,0.113241835895276,0.1189162580772923,37,0,0,211,23,211,25,15,186,0.5820371027673271,0.4175993861121362,25,60,0,0,186,0,0.5820371027673271,nenhuma,104.05870703903577,0.0,111,0,terminal,0.25,j6036_9.sm,10,centralizada,0,2.7674418604651163,0.6166666666666667
True,148,86,0.6142802741132412,0.0,9.0,297.0,436.0,150.0,61.0,62.77372768382983,54,6,9,0,0.1,0.25,344.0,0.1543209981658931,0.1824817665227611,0.0261627906976744,0.0884418868090205,33,0,150,61,27,211,17,11,0,0.5820371027673271,0.4175993861121362,25,60,194,44,0,150,0.5820371027673271,nenhuma,62.77372768382983,0.0,68,0,terminal,0.9566666666666668,j6036_9.sm,10,adaptativa,0,1.7209302325581397,0.55
True,199,86,0.686445324888208,8.881784197001252e-15,51.15687410046884,196.0,536.0,0.0,136.0,108.8342202451318,38,22,3,0,0.3666666666666666,0.4166666666666667,344.0,0.2403400966168519,0.3163785472242204,0.1487118433153164,0.1393819807371721,33,0,0,136,27,136,2,17,134,0.7131697048371954,0.486713896835989,10,60,0,0,134,0,0.7131697048371954,nenhuma,108.8342202451318,0.0,120,0,terminal,0.25,j6036_9.sm,11,centralizada,0,2.313953488372093,0.55
True,127,86,0.6467204998666862,0.0,6.0,315.0,401.0,105.0,51.0,63.05147522409046,55,5,12,0,0.0833333333333333,0.2833333333333333,344.0,0.1548980388521606,0.1832891721630536,0.0174418604651162,0.1016874852225829,19,0,105,51,41,156,6,8,0,0.7131697048371954,0.486713896835989,10,60,150,45,0,105,0.7131697048371954,nenhuma,63.05147522409046,0.0,69,0,terminal,0.9616666666666666,j6036_9.sm,11,adaptativa,0,1.4767441860465116,0.3166666666666666
True,296,62,0.7462588788751829,0.0,24.444232804232804,247.0,576.0,0.0,101.0,94.85011301733552,44,16,1,0,0.2666666666666666,0.2833333333333333,346.0,0.2151527474228088,0.2741332746165766,0.0706480716885341,0.122886699655384,46,0,0,101,14,101,10,0,91,0.6268507180531939,0.4857196752206667,20,60,0,0,91,0,0.6268507180531939,nenhuma,94.85011301733552,0.0,102,0,terminal,0.25,j6037_6.sm,0,centralizada,0,4.774193548387097,0.7666666666666667
True,211,62,0.6787317700150424,0.0,10.622755224900107,317.0,438.0,87.0,26.0,94.32119955176532,56,4,13,0,0.0666666666666666,0.2833333333333333,346.0,0.2142099895435006,0.2726046229819807,0.030701604696243,0.1461616317847298,40,0,87,26,20,113,12,0,0,0.6268507180531939,0.4857196752206667,20,60,101,14,0,87,0.6268507180531939,nenhuma,94.32119955176532,0.0,102,0,terminal,0.98,j6037_6.sm,0,adaptativa,0,3.403225806451613,0.6666666666666666
True,263,62,0.7655695162189539,0.0,25.417313345091124,242.0,582.0,0.0,82.0,96.21835727527495,44,16,5,0,0.2666666666666666,0.35,346.0,0.2175811014905026,0.278087737789812,0.0734604431939049,0.1265667375096472,41,0,0,82,19,82,11,6,71,0.6586427040007742,0.3936211322074767,18,60,0,0,71,0,0.6586427040007742,nenhuma,96.21835727527494,0.0,106,0,terminal,0.25,j6037_6.sm,1,centralizada,0,4.241935483870968,0.6833333333333333
True,206,62,0.7752874365084553,0.0,5.0,304.0,440.0,48.0,21.0,58.53144611959835,54,6,9,0,0.1,0.25,346.0,0.1446894837992241,0.169166029247394,0.0144508670520231,0.1031333973118095,24,0,48,21,36,69,8,0,0,0.6586427040007742,0.3936211322074767,18,60,61,13,0,48,0.6586427040007742,nenhuma,58.53144611959835,0.0,64,0,terminal,0.96,j6037_6.sm,1,adaptativa,0,3.3225806451612905,0.4
True,333,62,0.7765748259250149,7.105427357601002e-15,28.443780909759838,241.0,573.0,0.0,77.0,87.85549166813726,45,15,3,0,0.25,0.3,346.0,0.2024994343861833,0.2539176059772753,0.0822074592767625,0.1190686965946602,39,0,0,77,21,77,3,1,74,0.7659648859265082,0.2570239140832174,4,60,0,0,74,0,0.7659648859265082,nenhuma,87.85549166813725,0.0,96,0,terminal,0.25,j6037_6.sm,2,centralizada,0,5.370967741935484,0.65
True,205,62,0.7145962557638641,0.0,7.11888888888889,316.0,450.0,61.0,24.0,94.72622144370852,56,4,18,0,0.0666666666666666,0.3666666666666666,346.0,0.2149321207470007,0.2737752064847066,0.0205748233782915,0.1504244514807394,41,0,61,24,19,85,4,0,0,0.7659648859265082,0.2570239140832174,4,60,81,20,0,61,0.7659648859265082,nenhuma,94.72622144370852,0.0,103,0,terminal,0.933890168543954,j6037_6.sm,2,adaptativa,0,3.306451612903226,0.6833333333333333
True,312,62,0.7878152176986931,5.3290705182007506e-15,36.03683660444531,231.0,567.0,0.0,29.0,123.71191627432376,42,18,3,0,0.3,0.35,346.0,0.2633782792984814,0.3575488909662537,0.1041527069492639,0.1718908822779168,34,0,0,29,26,29,2,2,27,0.794910294566222,0.2433201962422982,3,60,0,0,27,0,0.794910294566222,nenhuma,123.71191627432378,0.0,135,0,terminal,0.25,j6037_6.sm,3,centralizada,0,5.032258064516129,0.5666666666666667
True,217,62,0.708469646077423,0.0,13.033333333333331,336.0,451.0,84.0,28.0,73.58337727953108,59,1,12,0,0.0166666666666666,0.2166666666666666,346.0,0.1753724796168677,0.2126687204610725,0.0376685934489402,0.1155911070031283,30,0,84,28,30,112,4,0,0,0.794910294566222,0.2433201962422982,3,60,108,24,0,84,0.794910294566222,nenhuma,73.58337727953108,0.0,81,0,terminal,0.9416666666666668,j6037_6.sm,3,adaptativa,0,3.5,0.5
True,323,62,0.7578310739277151,8.881784197001252e-16,18.132716049382715,254.0,584.0,0.0,79.0,107.620287412105,44,16,6,0,0.2666666666666666,0.3666666666666666,346.0,0.2372475182405899,0.3110412930985694,0.0524066937843431,0.1396541061402823,34,0,0,79,26,79,5,0,74,0.7496468789669437,0.3530323246498424,5,60,0,0,74,0,0.7496468789669437,nenhuma,107.620287412105,0.0,118,0,terminal,0.25,j6037_6.sm,4,centralizada,0,5.209677419354839,0.5666666666666667
True,215,62,0.745685077749556,0.0,7.042857142857143,309.0,447.0,50.0,24.0,78.4487664270096,53,7,8,0,0.1166666666666666,0.25,346.0,0.1848250545934854,0.2267305388063861,0.0203550784475639,0.1308681755983924,36,0,50,24,24,74,2,2,0,0.7496468789669437,0.3530323246498424,5,60,72,22,0,50,0.7496468789669437,nenhuma,78.4487664270096,0.0,85,0,terminal,0.9399305358026532,j6037_6.sm,4,adaptativa,0,3.467741935483871,0.6
True,320,62,0.7553487537320709,2.664535259100376e-15,25.47465608465609,251.0,564.0,0.0,82.0,100.67495936593008,43,17,6,0,0.2833333333333333,0.3833333333333333,346.0,0.225387515585923,0.2909680906529771,0.0736261736550754,0.1348310373919896,34,0,0,82,26,82,7,0,75,0.6863255838987572,0.3910769205246226,10,60,0,0,75,0,0.6863255838987572,nenhuma,100.6749593659301,0.0,110,0,terminal,0.25,j6037_6.sm,5,centralizada,0,5.161290322580645,0.5666666666666667
True,205,62,0.727750290832799,0.0,10.196666666666667,320.0,445.0,57.0,24.0,85.473476006125,56,4,17,0,0.0666666666666666,0.35,346.0,0.198096709900452,0.2470331676477601,0.0294701348747591,0.1397828022965117,36,0,57,24,24,81,0,0,0,0.6863255838987572,0.3910769205246226,10,60,81,24,0,57,0.6863255838987572,nenhuma,85.473476006125,0.0,91,0,terminal,0.8933333333333332,j6037_6.sm,5,adaptativa,0,3.306451612903226,0.6
True,308,62,0.8193850144058957,3.1086244689504387e-15,27.5,211.0,590.0,0.0,31.0,99.0522216381833,41,19,2,0,0.3166666666666666,0.35,346.0,0.2225631438791251,0.2862780972201829,0.0794797687861271,0.1375625526337945,28,0,0,31,32,31,1,4,30,0.7631789564580391,0.2436049793851584,4,60,0,0,30,0,0.7631789564580391,nenhuma,99.0522216381833,0.0,107,0,terminal,0.25,j6037_6.sm,6,centralizada,0,4.967741935483871,0.4666666666666667
True,205,62,0.7480872286220239,0.0,8.5,316.0,457.0,37.0,17.0,99.89132726111852,56,4,16,0,0.0666666666666666,0.3333333333333333,346.0,0.2240261721946906,0.2887032579801113,0.0245664739884393,0.1635173439259207,28,0,37,17,32,54,4,3,0,0.7631789564580391,0.2436049793851584,4,60,50,13,0,37,0.7631789564580391,nenhuma,99.89132726111852,0.0,107,0,terminal,0.9583333333333334,j6037_6.sm,6,adaptativa,0,3.306451612903226,0.4666666666666667
True,243,62,0.7704320764939081,2.664535259100376e-15,27.55603604339821,244.0,559.0,0.0,97.0,69.56688260424478,44,16,2,0,0.2666666666666666,0.3,346.0,0.1674023737606038,0.2010603543475282,0.0796417226687809,0.0958793520930165,36,0,0,97,24,97,18,0,79,0.5858494645010164,0.4310024134004245,28,60,0,0,79,0,0.5858494645010164,nenhuma,69.56688260424478,0.0,75,0,terminal,0.25,j6037_6.sm,7,centralizada,0,3.9193548387096775,0.6
True,218,62,0.6769590620652164,0.0,6.292226678154417,324.0,436.0,94.0,34.0,80.05667112259886,55,5,12,0,0.0833333333333333,0.2833333333333333,346.0,0.1879014613517513,0.2313776622040429,0.0181856262374405,0.1243006628330688,41,0,94,34,19,128,13,0,0,0.5858494645010164,0.4310024134004245,28,60,115,21,0,94,0.5858494645010164,nenhuma,80.05667112259887,0.0,88,0,terminal,0.9766666666666666,j6037_6.sm,7,adaptativa,0,3.5161290322580645,0.6833333333333333
True,311,62,0.6251361848266528,0.0,38.52142857142857,182.0,558.0,0.0,184.0,150.60550507843465,36,24,4,0,0.4,0.4666666666666667,346.0,0.3032699064716324,0.4352760262382504,0.1113336085879438,0.1687257183846303,53,0,0,184,7,184,15,0,169,0.5273323364698471,0.2724902104363956,33,60,0,0,169,0,0.5273323364698471,nenhuma,150.60550507843467,0.0,163,0,terminal,0.25,j6037_6.sm,8,centralizada,0,5.016129032258065,0.8833333333333333
True,222,62,0.5951915352858196,0.0,9.30001585176406,302.0,449.0,123.0,47.0,135.3790080690306,54,6,21,0,0.1,0.45,346.0,0.2812316403494209,0.3912688094480653,0.0268786585311099,0.1794575493498389,45,0,123,47,15,170,14,0,0,0.5273323364698471,0.2724902104363956,33,60,156,33,0,123,0.5273323364698471,nenhuma,135.3790080690306,0.0,150,0,terminal,0.9702535642384204,j6037_6.sm,8,adaptativa,0,3.5806451612903225,0.75
True,324,62,0.7334750970734122,0.0,33.85785817400906,223.0,590.0,0.0,90.0,124.38995455212842,40,20,5,0,0.3333333333333333,0.4166666666666667,346.0,0.2644400743433469,0.3595085391680012,0.0978550814277718,0.1546388711696266,38,0,0,90,22,90,3,0,87,0.6872143627230507,0.3512385487549321,9,60,0,0,87,0,0.6872143627230507,nenhuma,124.38995455212842,0.0,137,0,terminal,0.25,j6037_6.sm,9,centralizada,0,5.225806451612903,0.6333333333333333
True,242,62,0.6682133817916293,0.0,17.897142857142857,301.0,468.0,78.0,27.0,127.37507890845818,54,6,19,0,0.1,0.4166666666666667,346.0,0.2690785480346128,0.3681360662094167,0.0517258464079273,0.1818669492166591,43,0,78,27,17,105,4,0,0,0.6872143627230507,0.3512385487549321,9,60,101,23,0,78,0.6872143627230507,nenhuma,127.37507890845818,0.0,139,0,terminal,0.94,j6037_6.sm,9,adaptativa,0,3.903225806451613,0.7166666666666667
True,341,62,0.6398279124902739,0.0,31.914897119341564,196.0,583.0,0.0,177.0,151.1825048877689,36,24,4,0,0.4,0.4666666666666667,346.0,0.3040784890890237,0.4369436557449969,0.0922395870501201,0.1659190163077046,44,0,0,177,16,177,19,1,158,0.5820371027673271,0.4175993861121362,28,60,0,0,158,0,0.5820371027673271,nenhuma,151.18250488776889,0.0,164,0,terminal,0.25,j6037_6.sm,10,centralizada,0,5.5,0.7333333333333333
True,243,62,0.6159130076018309,0.0,12.716666666666669,301.0,449.0,111.0,44.0,124.99905418179598,53,7,16,0,0.1166666666666666,0.3833333333333333,346.0,0.2653913061437888,0.3612689427219537,0.0367533718689788,0.1714666891057776,36,0,111,44,24,155,9,2,0,0.5820371027673271,0.4175993861121362,28,60,146,35,0,111,0.5820371027673271,nenhuma,124.99905418179598,0.0,135,0,terminal,0.9766666666666666,j6037_6.sm,10,adaptativa,0,3.9193548387096775,0.6
True,361,62,0.7690967090181773,0.0,27.766277483029757,237.0,581.0,0.0,47.0,127.43165532680528,43,17,3,0,0.2833333333333333,0.3333333333333333,346.0,0.2691658952100286,0.3682995818693794,0.0802493568873692,0.1686872060870647,34,0,0,47,26,47,0,2,47,0.7131697048371954,0.486713896835989,5,60,0,0,47,0,0.7131697048371954,nenhuma,127.43165532680528,0.0,136,0,terminal,0.25,j6037_6.sm,11,centralizada,0,5.82258064516129,0.5666666666666667
True,194,62,0.7643525441255199,0.0,10.196666666666667,304.0,444.0,32.0,16.0,88.88378643126165,54,6,15,0,0.1,0.35,346.0,0.2043851465713605,0.2568895561597157,0.0294701348747591,0.1530147484014509,34,0,32,16,26,48,2,1,0,0.7131697048371954,0.486713896835989,5,60,46,14,0,32,0.7131697048371954,nenhuma,88.88378643126165,0.0,96,0,terminal,0.9845093168015614,j6037_6.sm,11,adaptativa,0,3.129032258064516,0.5666666666666667
True,179,74,0.7841958705610583,3.552713678800501e-15,31.324045696475736,258.0,551.0,0.0,95.0,56.63058080857186,47,13,1,0,0.2166666666666666,0.2333333333333333,343.0,0.1417073255354765,0.165103734135778,0.0913237483862266,0.0805979448594489,27,0,0,95,33,95,0,0,95,0.6268507180531939,0.4857196752206667,15,60,0,0,95,0,0.6268507180531939,nenhuma,56.63058080857186,0.0,61,0,terminal,0.25,j6038_7.sm,0,centralizada,0,2.418918918918919,0.45
True,128,74,0.7185387245119581,0.0,8.460914594784576,314.0,427.0,71.0,27.0,69.2616388421161,56,4,11,0,0.0666666666666666,0.25,343.0,0.1680040836121578,0.2019289762160819,0.0246673894891678,0.1165507485508711,22,0,71,27,38,98,6,3,0,0.6268507180531939,0.4857196752206667,15,60,92,21,0,71,0.6268507180531939,nenhuma,69.2616388421161,0.0,76,0,terminal,0.99,j6038_7.sm,0,adaptativa,0,1.7297297297297298,0.3666666666666666
True,251,74,0.7041946612497342,0.0,52.72818349335864,195.0,576.0,0.0,113.0,128.95564734582464,38,22,4,0,0.3666666666666666,0.4333333333333333,343.0,0.2732367926330429,0.3759639864309756,0.153726482487926,0.1576560388870367,35,0,0,113,25,113,11,23,102,0.6586427040007742,0.3936211322074767,10,60,0,0,102,0,0.6586427040007742,nenhuma,128.95564734582462,0.0,137,0,terminal,0.25,j6038_7.sm,1,centralizada,0,3.391891891891892,0.5833333333333334
True,135,74,0.7114545365868626,0.0,9.0,293.0,435.0,75.0,36.0,65.42346788154904,53,7,11,0,0.1166666666666666,0.3,343.0,0.1601853787219767,0.1907389734155948,0.0262390670553935,0.1070018920082137,23,0,75,36,37,111,9,12,0,0.6586427040007742,0.3936211322074767,10,60,102,27,0,75,0.6586427040007742,nenhuma,65.42346788154906,0.0,72,0,terminal,0.9516666666666668,j6038_7.sm,1,adaptativa,0,1.8243243243243243,0.3833333333333333
True,235,74,0.8184877757712871,8.881784197001252e-16,40.27418049441006,210.0,562.0,0.0,37.0,87.63212406612853,38,22,2,0,0.3666666666666666,0.4,343.0,0.2034964861392263,0.2554872421753018,0.1174174358437611,0.127626018350532,35,0,0,37,25,37,0,4,37,0.7659648859265082,0.2570239140832174,2,60,0,0,37,0,0.7659648859265082,nenhuma,87.63212406612854,0.0,99,0,terminal,0.25,j6038_7.sm,2,centralizada,0,3.175675675675676,0.5833333333333334
True,130,74,0.8115925225507767,0.0,5.0,333.0,460.0,22.0,24.0,60.78688777744418,59,1,11,0,0.0166666666666666,0.2,343.0,0.1505420052444798,0.1772212471645602,0.0145772594752186,0.1072482251941454,27,0,22,24,33,46,0,10,0,0.7659648859265082,0.2570239140832174,2,60,46,24,0,22,0.7659648859265082,nenhuma,60.78688777744419,0.0,66,0,terminal,0.8933333333333332,j6038_7.sm,2,adaptativa,0,1.7567567567567568,0.45
True,215,74,0.7270356901151905,0.0,19.283802628671065,283.0,564.0,0.0,132.0,79.75283809057657,51,9,6,0,0.15,0.25,343.0,0.1886512186430057,0.2325155629462874,0.0562209989174083,0.1028070207089138,34,0,0,132,26,132,0,14,132,0.794910294566222,0.2433201962422982,1,60,0,0,132,0,0.794910294566222,nenhuma,79.75283809057656,0.0,86,0,terminal,0.25,j6038_7.sm,3,centralizada,0,2.9054054054054053,0.5666666666666667
True,127,74,0.7041897861711695,0.0,8.815439101448765,333.0,433.0,83.0,55.0,43.89105423456031,59,1,8,0,0.0166666666666666,0.15,343.0,0.1134455132889955,0.127962257243616,0.0257009886339614,0.0713802126934462,20,0,83,55,40,138,0,6,0,0.794910294566222,0.2433201962422982,1,60,138,55,0,83,0.794910294566222,nenhuma,43.89105423456031,0.0,47,0,terminal,0.8416666666666667,j6038_7.sm,3,adaptativa,0,1.7162162162162162,0.3333333333333333
True,198,74,0.7673313571189437,0.0,30.48283582038286,249.0,595.0,0.0,96.0,84.41468164941587,46,14,5,0,0.2333333333333333,0.3166666666666666,343.0,0.1975006598361459,0.2461069435843028,0.0888712414588421,0.1088639197156468,31,0,0,96,29,96,0,4,96,0.7496468789669437,0.3530323246498424,2,60,0,0,96,0,0.7496468789669437,nenhuma,84.4146816494159,0.0,92,0,terminal,0.25,j6038_7.sm,4,centralizada,0,2.675675675675676,0.5166666666666667
True,140,74,0.7615587808077794,0.0,11.619339637993171,311.0,458.0,67.0,41.0,35.39809498907353,56,4,6,0,0.0666666666666666,0.1666666666666666,343.0,0.0935472336088152,0.1032014431168324,0.0338756257667439,0.0588596726261938,26,0,67,41,34,108,0,11,0,0.7496468789669437,0.3530323246498424,2,60,108,41,0,67,0.7496468789669437,nenhuma,35.39809498907353,0.0,39,0,terminal,0.8649999999999999,j6038_7.sm,4,adaptativa,0,1.891891891891892,0.4333333333333333
True,266,74,0.7668316715376945,0.0,34.98121893592904,240.0,558.0,0.0,85.0,84.66947520707727,43,17,3,0,0.2833333333333333,0.3333333333333333,343.0,0.1979787665838913,0.2468497819448316,0.1019860610376939,0.1163570523320115,28,0,0,85,32,85,11,5,74,0.6863255838987572,0.3910769205246226,8,60,0,0,74,0,0.6863255838987572,nenhuma,84.66947520707727,0.0,93,0,terminal,0.25,j6038_7.sm,5,centralizada,0,3.5945945945945947,0.4666666666666667
True,150,74,0.6765699277940452,0.0,11.866378752012494,322.0,451.0,84.0,43.0,88.597762437483,56,4,17,0,0.0666666666666666,0.35,343.0,0.2052785490293555,0.2583025143949942,0.0345958564198615,0.1329103807872324,28,0,84,43,32,127,13,13,0,0.6863255838987572,0.3910769205246226,8,60,114,30,0,84,0.6863255838987572,nenhuma,88.597762437483,0.0,99,0,terminal,0.9416689416243492,j6038_7.sm,5,adaptativa,0,2.027027027027027,0.4666666666666667
True,242,74,0.8376632315358201,4.440892098500626e-15,34.56693854556593,240.0,583.0,0.0,38.0,74.98375343644261,43,17,1,0,0.2833333333333333,0.3,343.0,0.1793939425156256,0.2186115260537685,0.1007782464885304,0.1077377928237661,38,0,0,38,22,38,1,21,37,0.7631789564580391,0.2436049793851584,2,60,0,0,37,0,0.7631789564580391,nenhuma,74.98375343644263,0.0,81,0,terminal,0.25,j6038_7.sm,6,centralizada,0,3.27027027027027,0.6333333333333333
True,139,74,0.7281413743117684,0.0,7.273587210172515,313.0,462.0,42.0,52.0,78.49216910202024,55,5,18,0,0.0833333333333333,0.3833333333333333,343.0,0.1862245015589402,0.2288401431545779,0.0212057936156633,0.1237086490966596,25,0,42,52,35,94,6,31,0,0.7631789564580391,0.2436049793851584,2,60,88,46,0,42,0.7631789564580391,nenhuma,78.49216910202023,0.0,88,0,terminal,0.8733333333333332,j6038_7.sm,6,adaptativa,0,1.8783783783783785,0.4166666666666667
True,205,74,0.6725903605983231,0.0,43.5620035571073,231.0,542.0,0.0,174.0,89.83967857916892,42,18,3,0,0.3,0.35,343.0,0.2075587868332101,0.2619232611637578,0.1270029258224702,0.1114857967003702,38,0,0,174,22,174,14,12,160,0.5858494645010164,0.4310024134004245,17,60,0,0,160,0,0.5858494645010164,nenhuma,89.83967857916892,0.0,98,0,terminal,0.25,j6038_7.sm,7,centralizada,0,2.77027027027027,0.6333333333333333
True,133,74,0.6935865724866471,0.0,13.458041261306718,287.0,406.0,89.0,37.0,53.36311991221008,53,7,7,0,0.1166666666666666,0.2333333333333333,343.0,0.1346318999709897,0.1555776090734987,0.0392362718988534,0.0911624222588762,26,0,89,37,34,126,10,2,0,0.5858494645010164,0.4310024134004245,17,60,116,27,0,89,0.5858494645010164,nenhuma,53.36311991221008,0.0,60,0,terminal,0.9833333333333334,j6038_7.sm,7,adaptativa,0,1.7972972972972974,0.4333333333333333
True,218,74,0.6751565777906856,8.881784197001252e-16,40.22381070986684,233.0,556.0,0.0,174.0,93.51267585868514,43,17,4,0,0.2833333333333333,0.35,343.0,0.214226713290128,0.2726317080428138,0.1172705851599616,0.1135534140517977,45,0,0,174,15,174,15,8,159,0.5273323364698471,0.2724902104363956,25,60,0,0,159,0,0.5273323364698471,nenhuma,93.51267585868516,0.0,102,0,terminal,0.25,j6038_7.sm,8,centralizada,0,2.945945945945946,0.75
True,162,74,0.6066526416696573,0.0,11.070816678386988,310.0,467.0,133.0,51.0,118.79801606847232,55,5,19,0,0.0833333333333333,0.4,343.0,0.2572510316953326,0.3463499010742633,0.032276433464685,0.1543236194283792,46,0,133,51,14,184,12,11,0,0.5273323364698471,0.2724902104363956,25,60,172,39,0,133,0.5273323364698471,nenhuma,118.79801606847232,0.0,128,0,terminal,0.9716666666666668,j6038_7.sm,8,adaptativa,0,2.189189189189189,0.7666666666666667
True,236,74,0.7350792650572996,0.0,35.92170936830854,212.0,575.0,0.0,107.0,100.2285668133744,40,20,3,0,0.3333333333333333,0.3833333333333333,343.0,0.2261329127180933,0.2922115650535697,0.1047280156510453,0.1281320717059507,36,0,0,107,24,107,5,12,102,0.6872143627230507,0.3512385487549321,8,60,0,0,102,0,0.6872143627230507,nenhuma,100.2285668133744,0.0,110,0,terminal,0.25,j6038_7.sm,9,centralizada,0,3.189189189189189,0.6
True,136,74,0.6384891354535854,0.0,8.574992506723618,297.0,427.0,95.0,54.0,92.76627383276832,54,6,19,0,0.1,0.4166666666666667,343.0,0.2128808019419344,0.2704556088418901,0.0249999781537131,0.1387125479595663,28,0,95,54,32,149,8,14,0,0.6872143627230507,0.3512385487549321,8,60,141,46,0,95,0.6872143627230507,nenhuma,92.76627383276832,0.0,101,0,terminal,0.93,j6038_7.sm,9,adaptativa,0,1.837837837837838,0.4666666666666667
True,180,74,0.681032772380503,6.661338147750939e-16,28.77765594395432,230.0,587.0,0.0,178.0,96.92621530999476,40,20,2,0,0.3333333333333333,0.3666666666666666,343.0,0.220323799621024,0.2825837181049409,0.0838998715567181,0.1124530308840123,44,0,0,178,16,178,26,7,152,0.5820371027673271,0.4175993861121362,17,60,0,0,152,0,0.5820371027673271,nenhuma,96.92621530999476,0.0,105,0,terminal,0.25,j6038_7.sm,10,centralizada,0,2.4324324324324325,0.7333333333333333
True,145,74,0.6389050654596402,0.0,9.363018908858372,299.0,436.0,102.0,50.0,94.4175038999472,54,6,18,0,0.1,0.4,343.0,0.2158521391076837,0.2752696906704,0.0272974312211614,0.1383573887837881,29,0,102,50,31,152,13,10,0,0.5820371027673271,0.4175993861121362,17,60,139,37,0,102,0.5820371027673271,nenhuma,94.41750389994722,0.0,103,0,terminal,0.9416666666666668,j6038_7.sm,10,adaptativa,0,1.9594594594594597,0.4833333333333333
True,263,74,0.8223216982750601,0.0,29.408494396957032,218.0,543.0,0.0,32.0,85.32551632654452,39,21,3,0,0.35,0.4,343.0,0.1992071755573266,0.2487624382698091,0.0857390507199913,0.1292173544969437,29,0,0,32,31,32,1,0,31,0.7131697048371954,0.486713896835989,5,60,0,0,31,0,0.7131697048371954,nenhuma,85.32551632654452,0.0,93,0,terminal,0.25,j6038_7.sm,11,centralizada,0,3.554054054054054,0.4833333333333333
True,135,74,0.7459455489973142,0.0,7.277989089506713,315.0,423.0,60.0,29.0,55.06551915027646,55,5,12,0,0.0833333333333333,0.2833333333333333,343.0,0.1383328032727403,0.1605408721582404,0.0212186270831099,0.0971060967219269,17,0,60,29,43,89,4,0,0,0.7131697048371954,0.486713896835989,5,60,85,25,0,60,0.7131697048371954,nenhuma,55.06551915027646,0.0,60,0,terminal,0.965,j6038_7.sm,11,adaptativa,0,1.8243243243243243,0.2833333333333333
True,182,84,0.7011910609339225,1.7763568394002505e-15,34.2189361442335,251.0,577.0,0.0,147.0,98.88556164918688,41,19,2,0,0.3166666666666666,0.35,358.0,0.2164339824884086,0.27621665265136,0.0955836205146187,0.1201692753619413,40,0,0,147,20,147,12,3,135,0.6268507180531939,0.4857196752206667,27,60,0,0,135,0,0.6268507180531939,nenhuma,98.88556164918688,0.0,110,0,terminal,0.25,j6039_2.sm,0,centralizada,0,2.1666666666666665,0.6666666666666666
True,141,84,0.6875831005008416,0.0,14.161358134240968,319.0,434.0,91.0,45.0,61.19643237867625,54,6,7,0,0.1,0.2166666666666666,358.0,0.1459850982782104,0.170939755247699,0.0395568662967624,0.0969530707707841,38,0,91,45,22,136,12,10,0,0.6268507180531939,0.4857196752206667,27,60,124,33,0,91,0.6268507180531939,nenhuma,61.19643237867625,0.0,67,0,terminal,0.9683333333333332,j6039_2.sm,0,adaptativa,0,1.6785714285714286,0.6333333333333333
True,206,84,0.7534786294299552,7.105427357601002e-15,32.94910273970795,267.0,564.0,0.0,106.0,78.52819704613867,45,15,4,0,0.25,0.3166666666666666,358.0,0.1798926107809678,0.2193525057154711,0.0920365998315864,0.1049101387977482,40,0,0,106,20,106,23,3,83,0.6586427040007742,0.3936211322074767,26,60,0,0,83,0,0.6586427040007742,nenhuma,78.52819704613867,0.0,85,0,terminal,0.25,j6039_2.sm,1,centralizada,0,2.452380952380953,0.6666666666666666
True,145,84,0.6370641187343659,0.0,8.490708741163056,332.0,449.0,108.0,41.0,106.79561914743128,57,3,21,0,0.05,0.4,358.0,0.2297689882347108,0.2983117853280203,0.0237170635228018,0.1515270757168135,35,0,108,41,25,149,14,2,0,0.6586427040007742,0.3936211322074767,26,60,135,27,0,108,0.6586427040007742,nenhuma,106.79561914743128,0.0,119,0,terminal,0.9483333333333333,j6039_2.sm,1,adaptativa,0,1.7261904761904765,0.5833333333333334
True,265,84,0.7311236884621007,0.0,61.02372300560298,198.0,589.0,0.0,108.0,108.6092413568843,34,26,0,0,0.4333333333333333,0.4333333333333333,358.0,0.2327627310617599,0.3033777691533081,0.1704573268312932,0.134816280376767,41,0,0,108,19,108,4,39,104,0.7659648859265082,0.2570239140832174,13,60,0,0,104,0,0.7659648859265082,nenhuma,108.6092413568843,0.0,118,0,terminal,0.25,j6039_2.sm,2,centralizada,0,3.1547619047619047,0.6833333333333333
True,136,84,0.6897823034806357,0.0,5.0,342.0,480.0,66.0,41.0,108.87172297393543,57,3,19,0,0.05,0.3666666666666666,358.0,0.2331940822640345,0.3041109580277526,0.0139664804469273,0.1564537247018059,36,0,66,41,24,107,8,9,0,0.7659648859265082,0.2570239140832174,13,60,99,33,0,66,0.7659648859265082,nenhuma,108.87172297393546,0.0,118,0,terminal,0.9433333333333334,j6039_2.sm,2,adaptativa,0,1.619047619047619,0.6
True,176,84,0.7068373096372299,3.552713678800501e-15,63.13853351839848,238.0,586.0,0.0,146.0,97.04508860851269,43,17,3,0,0.2833333333333333,0.3333333333333333,358.0,0.2132647753770245,0.2710756665042254,0.1763646187664762,0.117056466459979,45,0,0,146,15,146,4,9,142,0.794910294566222,0.2433201962422982,8,60,0,0,142,0,0.794910294566222,nenhuma,97.04508860851269,0.0,105,0,terminal,0.25,j6039_2.sm,3,centralizada,0,2.095238095238096,0.75
True,160,84,0.6412960700225149,0.0,13.09081472447933,313.0,468.0,121.0,67.0,73.7721315890323,54,6,8,0,0.1,0.2333333333333333,358.0,0.1708589466335678,0.2060674066732745,0.0365665215767579,0.10108926937015,34,0,121,67,26,188,0,10,0,0.794910294566222,0.2433201962422982,8,60,188,67,0,121,0.794910294566222,nenhuma,73.77213158903228,0.0,80,0,terminal,0.8216666666666667,j6039_2.sm,3,adaptativa,0,1.9047619047619049,0.5666666666666667
True,224,84,0.669254143389717,0.0,32.34063993754846,226.0,606.0,0.0,186.0,113.48561556998368,41,19,2,0,0.3166666666666666,0.35,358.0,0.2406979382240321,0.3169989261731388,0.0903369830657778,0.1253312185401718,43,0,0,186,17,186,11,18,175,0.7496468789669437,0.3530323246498424,16,60,0,0,175,0,0.7496468789669437,nenhuma,113.48561556998368,0.0,121,0,terminal,0.25,j6039_2.sm,4,centralizada,0,2.6666666666666665,0.7166666666666667
True,150,84,0.6056061461356654,0.0,8.447542413723163,306.0,440.0,135.0,79.0,72.54480607175505,53,7,7,0,0.1166666666666666,0.2333333333333333,358.0,0.1684953692361223,0.202639123105461,0.0235964871891708,0.0998490464256245,39,0,135,79,21,214,9,22,0,0.7496468789669437,0.3530323246498424,16,60,205,70,0,135,0.7496468789669437,nenhuma,72.54480607175506,0.0,79,0,terminal,0.9233333333333332,j6039_2.sm,4,adaptativa,0,1.7857142857142858,0.65
True,194,84,0.7130255127913415,0.0,36.54566263138279,243.0,589.0,0.0,119.0,118.05739827484112,41,19,5,0,0.3166666666666666,0.4,358.0,0.247989840516423,0.3297692689241372,0.1020828565122424,0.1429167010929206,44,0,0,119,16,119,22,22,97,0.6863255838987572,0.3910769205246226,22,60,0,0,97,0,0.6863255838987572,nenhuma,118.05739827484112,0.0,129,0,terminal,0.25,j6039_2.sm,5,centralizada,0,2.3095238095238093,0.7333333333333333
True,144,84,0.629284987869305,0.0,7.356190041971076,320.0,440.0,107.0,52.0,100.20625548337848,54,6,15,0,0.1,0.35,358.0,0.2186924649853749,0.2799057415736829,0.0205480168770141,0.1433143006051961,36,0,107,52,24,159,13,3,0,0.6863255838987572,0.3910769205246226,22,60,146,39,0,107,0.6863255838987572,nenhuma,100.20625548337848,0.0,106,0,terminal,0.945,j6039_2.sm,5,adaptativa,0,1.7142857142857142,0.6
True,252,84,0.7617974874746872,0.0,36.27987208244764,219.0,593.0,0.0,69.0,116.42210003311938,39,21,3,0,0.35,0.4,358.0,0.2453977165587184,0.3252013967405569,0.1013404248113062,0.1495616581648516,33,0,0,69,27,69,5,5,64,0.7631789564580391,0.2436049793851584,14,60,0,0,64,0,0.7631789564580391,nenhuma,116.42210003311936,0.0,125,0,terminal,0.25,j6039_2.sm,6,centralizada,0,3.0,0.55
True,131,84,0.6877749143014811,0.0,8.561200204878078,316.0,459.0,55.0,61.0,92.36949902595715,53,7,15,0,0.1166666666666666,0.3666666666666666,358.0,0.2050971462892815,0.2580153604077015,0.023913967052732,0.1384083317574039,33,0,55,61,27,116,10,35,0,0.7631789564580391,0.2436049793851584,14,60,106,51,0,55,0.7631789564580391,nenhuma,92.36949902595715,0.0,99,0,terminal,0.9116666666666666,j6039_2.sm,6,adaptativa,0,1.5595238095238095,0.55
True,213,84,0.6348763848992522,0.0,37.88927225566909,240.0,572.0,0.0,236.0,92.9627915058929,45,15,2,0,0.25,0.2833333333333333,358.0,0.2061429307625663,0.2596726019717678,0.105835956021422,0.103181610142315,41,0,0,236,19,236,0,7,236,0.5858494645010164,0.4310024134004245,30,60,0,0,236,0,0.5858494645010164,nenhuma,92.9627915058929,0.0,100,0,terminal,0.25,j6039_2.sm,7,centralizada,0,2.5357142857142856,0.6833333333333333
True,161,84,0.6399022231891935,0.0,9.518853284527289,306.0,465.0,112.0,62.0,87.67351846739578,52,8,14,0,0.1333333333333333,0.3666666666666666,358.0,0.196721399936195,0.2448980962776418,0.0265889756551041,0.1206504932948502,37,0,112,62,23,174,25,11,0,0.5858494645010164,0.4310024134004245,30,60,149,37,0,112,0.5858494645010164,nenhuma,87.6735184673958,0.0,97,0,terminal,0.9616666666666666,j6039_2.sm,7,adaptativa,0,1.9166666666666667,0.6166666666666667
True,207,84,0.6262814716104985,3.552713678800501e-15,44.3660120086618,232.0,603.0,0.0,250.0,109.8258655798492,37,23,2,0,0.3833333333333333,0.4166666666666667,358.0,0.2347580021975163,0.3067761608375676,0.123927407845424,0.1140661769755302,52,0,0,250,8,250,15,21,235,0.5273323364698471,0.2724902104363956,40,60,0,0,235,0,0.5273323364698471,nenhuma,109.82586557984918,0.0,122,0,terminal,0.25,j6039_2.sm,8,centralizada,0,2.4642857142857144,0.8666666666666667
True,171,84,0.5516227534771166,0.0,8.208252478995645,322.0,476.0,177.0,90.0,119.90856749393714,53,7,19,0,0.1166666666666666,0.4333333333333333,358.0,0.2509027367362656,0.3349401326646289,0.0229280795502671,0.1389586011901308,51,0,177,90,9,267,8,21,0,0.5273323364698471,0.2724902104363956,40,60,259,82,0,177,0.5273323364698471,nenhuma,119.90856749393711,0.0,129,0,terminal,0.8866666666666666,j6039_2.sm,8,adaptativa,0,2.0357142857142856,0.85
True,207,84,0.7182384371352877,8.881784197001252e-15,53.21671480193983,216.0,586.0,0.0,122.0,107.88504555294465,38,22,0,0,0.3666666666666666,0.3666666666666666,358.0,0.2315700977800204,0.3013548758462141,0.1486500413462006,0.1322306937000278,41,0,0,122,19,122,9,16,113,0.6872143627230507,0.3512385487549321,22,60,0,0,113,0,0.6872143627230507,nenhuma,107.88504555294466,0.0,117,0,terminal,0.25,j6039_2.sm,9,centralizada,0,2.4642857142857144,0.6833333333333333
True,149,84,0.6338085451965181,1.7763568394002505e-15,16.771770211665498,299.0,455.0,108.0,60.0,94.88240068445766,52,8,12,0,0.1333333333333333,0.3333333333333333,358.0,0.2095078116108253,0.2650346387834013,0.046848520144317,0.1321698381155367,37,0,108,60,23,168,15,9,0,0.6872143627230507,0.3512385487549321,22,60,153,45,0,108,0.6872143627230507,nenhuma,94.88240068445768,0.0,104,0,terminal,0.9216666666666664,j6039_2.sm,9,adaptativa,0,1.7738095238095235,0.6166666666666667
True,219,84,0.6755083748508459,0.0,48.57037415241463,208.0,621.0,0.0,157.0,141.3076253675145,34,26,3,0,0.4333333333333333,0.4833333333333333,358.0,0.2830071446705931,0.394714037339426,0.1356714361799291,0.1537109249050594,44,0,0,157,16,157,31,3,126,0.5820371027673271,0.4175993861121362,30,60,0,0,126,0,0.5820371027673271,nenhuma,141.30762536751453,0.0,156,0,terminal,0.25,j6039_2.sm,10,centralizada,0,2.607142857142857,0.7333333333333333
True,146,84,0.6067856183800474,0.0,9.0,307.0,456.0,133.0,65.0,97.50100165095552,54,6,13,0,0.1,0.3166666666666666,358.0,0.2140522222729803,0.2723491666227807,0.0251396648044692,0.1297416789023005,42,0,133,65,18,198,18,17,0,0.5820371027673271,0.4175993861121362,30,60,180,47,0,133,0.5820371027673271,nenhuma,97.50100165095552,0.0,104,0,terminal,0.9566666666666668,j6039_2.sm,10,adaptativa,0,1.738095238095238,0.7
True,250,84,0.7668251014177455,0.0,23.765898706726453,222.0,607.0,0.0,71.0,113.57554816313038,40,20,7,0,0.3333333333333333,0.45,358.0,0.2408427421767882,0.3172501345338837,0.0663851919182303,0.1434803644790255,38,0,0,71,22,71,9,3,62,0.7131697048371954,0.486713896835989,18,60,0,0,62,0,0.7131697048371954,nenhuma,113.57554816313038,0.0,124,0,terminal,0.25,j6039_2.sm,11,centralizada,0,2.9761904761904763,0.6333333333333333
True,143,84,0.6830896728983102,0.0,7.76070414984648,323.0,456.0,63.0,48.0,100.55510746520028,55,5,20,0,0.0833333333333333,0.4166666666666667,358.0,0.2192868552289135,0.28088018845028,0.0216779445526437,0.1506319198830221,36,0,63,48,24,111,2,6,0,0.7131697048371954,0.486713896835989,18,60,109,46,0,63,0.7131697048371954,nenhuma,100.55510746520028,0.0,106,0,terminal,0.8899999999999998,j6039_2.sm,11,adaptativa,0,1.7023809523809523,0.6
True,223,63,0.7855830248164336,0.0,23.398409010333623,263.0,526.0,0.0,91.0,52.56640276552548,51,9,1,0,0.15,0.1666666666666666,324.0,0.1395939796526582,0.1622419838442144,0.0722173117602889,0.0785081248826244,30,0,0,91,30,91,22,4,69,0.6268507180531939,0.4857196752206667,17,60,0,0,69,0,0.6268507180531939,nenhuma,52.56640276552548,0.0,57,0,terminal,0.25,j603_9.sm,0,centralizada,0,3.5396825396825395,0.5
True,131,63,0.7173750378851125,0.0,11.761939313121804,303.0,419.0,75.0,38.0,52.07384962160169,57,3,9,0,0.05,0.2,324.0,0.1384670847866646,0.1607217580913632,0.0363022818306228,0.0891562764800004,22,0,75,38,38,113,21,4,0,0.6268507180531939,0.4857196752206667,17,60,92,17,0,75,0.6268507180531939,nenhuma,52.07384962160169,0.0,56,0,terminal,0.9983333333333334,j603_9.sm,0,adaptativa,0,2.0793650793650795,0.3666666666666666
True,336,63,0.7123002904658015,5.3290705182007506e-15,51.63393207279245,203.0,554.0,0.0,118.0,105.76186169700622,40,20,4,0,0.3333333333333333,0.4,324.0,0.2460941072792802,0.326425499064834,0.159363987878989,0.1359823191461759,31,0,0,118,29,118,15,15,103,0.6586427040007742,0.3936211322074767,13,60,0,0,103,0,0.6586427040007742,nenhuma,105.76186169700624,0.0,116,0,terminal,0.25,j603_9.sm,1,centralizada,0,5.333333333333333,0.5166666666666667
True,134,63,0.7062905278256894,0.0,8.42104290888418,310.0,398.0,69.0,42.0,54.50748639549276,58,2,10,0,0.0333333333333333,0.2,324.0,0.1440063627659382,0.1682329827021381,0.0259908731755684,0.0967289480822215,19,0,69,42,41,111,8,18,0,0.6586427040007742,0.3936211322074767,13,60,103,34,0,69,0.6586427040007742,nenhuma,54.50748639549276,0.0,59,0,terminal,0.9633333333333332,j603_9.sm,1,adaptativa,0,2.126984126984127,0.3166666666666666
True,192,63,0.7282940643842495,0.0,44.11500620268304,199.0,576.0,0.0,121.0,93.8893236511416,40,20,3,0,0.3333333333333333,0.3833333333333333,324.0,0.2246750953836796,0.2897818631208074,0.1361574265514908,0.1187136061183648,40,0,0,121,20,121,0,35,121,0.7659648859265082,0.2570239140832174,2,60,0,0,121,0,0.7659648859265082,nenhuma,93.8893236511416,0.0,103,0,terminal,0.25,j603_9.sm,2,centralizada,0,3.0476190476190474,0.6666666666666666
True,147,63,0.7176936907541611,0.0,4.165261658242014,309.0,457.0,42.0,46.0,91.76190258796753,57,3,21,0,0.05,0.4,324.0,0.220707818625956,0.2832157487282948,0.0128557458587716,0.1441070865185606,31,0,42,46,29,88,0,29,0,0.7659648859265082,0.2570239140832174,2,60,88,46,0,42,0.7659648859265082,nenhuma,91.76190258796754,0.0,100,0,terminal,0.8566666666666666,j603_9.sm,2,adaptativa,0,2.333333333333333,0.5166666666666667
True,244,63,0.6740910314187962,0.0,23.0885566885981,230.0,568.0,0.0,188.0,86.61616536345153,41,19,2,0,0.3166666666666666,0.35,324.0,0.2109419274489214,0.2673338437143566,0.0712609774339447,0.1027943314214613,39,0,0,188,21,188,0,40,188,0.794910294566222,0.2433201962422982,2,60,0,0,188,0,0.794910294566222,nenhuma,86.61616536345153,0.0,98,0,terminal,0.25,j603_9.sm,3,centralizada,0,3.873015873015873,0.65
True,151,63,0.673858716265215,3.3306690738754696e-16,5.517091157747394,313.0,442.0,85.0,62.0,66.92384476338677,58,2,12,0,0.0333333333333333,0.2333333333333333,324.0,0.1711940718374279,0.206555076430206,0.0170280591288499,0.102029900723503,32,0,85,62,28,147,0,28,0,0.794910294566222,0.2433201962422982,2,60,147,62,0,85,0.794910294566222,nenhuma,66.92384476338677,0.0,72,0,terminal,0.8633333333333333,j603_9.sm,3,adaptativa,0,2.3968253968253967,0.5333333333333333
True,191,63,0.7184216146733429,3.552713678800501e-15,30.220619378659144,205.0,567.0,0.0,117.0,105.23015179297974,40,20,3,0,0.3333333333333333,0.3833333333333333,324.0,0.2451602045043025,0.324784419114135,0.0932735166007998,0.1333326553146974,38,0,0,117,22,117,0,17,117,0.7496468789669437,0.3530323246498424,2,60,0,0,117,0,0.7496468789669437,nenhuma,105.23015179297974,0.0,115,0,terminal,0.25,j603_9.sm,4,centralizada,0,3.031746031746032,0.6333333333333333
True,146,63,0.7089311213508861,0.0,14.85370023963956,290.0,440.0,73.0,48.0,59.65267943318519,54,6,10,0,0.1,0.2666666666666666,324.0,0.1554861535733753,0.1841132081271147,0.045844753826048,0.0961128202776202,19,0,73,48,41,121,0,21,0,0.7496468789669437,0.3530323246498424,2,60,121,48,0,73,0.7496468789669437,nenhuma,59.65267943318519,0.0,68,0,terminal,0.8533333333333332,j603_9.sm,4,adaptativa,0,2.3174603174603177,0.3166666666666666
True,168,63,0.7417096889174288,9.769962616701378e-15,43.93872343991713,208.0,559.0,0.0,100.0,94.66414697358894,39,21,3,0,0.35,0.4,324.0,0.2261099921211088,0.2921732931283609,0.1356133439503615,0.1256052146751599,39,0,0,100,21,100,6,9,94,0.6863255838987572,0.3910769205246226,10,60,0,0,94,0,0.6863255838987572,nenhuma,94.66414697358894,0.0,104,0,terminal,0.25,j603_9.sm,5,centralizada,0,2.6666666666666665,0.65
True,141,63,0.6809787633464889,0.0,4.5,311.0,433.0,76.0,47.0,79.84949091824355,58,2,18,0,0.0333333333333333,0.3333333333333333,324.0,0.1977209151277809,0.2464490460439615,0.0138888888888888,0.125579232284878,27,0,76,47,33,123,3,19,0,0.6863255838987572,0.3910769205246226,10,60,120,44,0,76,0.6863255838987572,nenhuma,79.84949091824353,0.0,86,0,terminal,0.9401236069893372,j603_9.sm,5,adaptativa,0,2.238095238095238,0.45
True,205,63,0.7119398014906608,0.0,42.816878446929024,207.0,567.0,0.0,131.0,98.41565033000592,38,22,2,0,0.3666666666666666,0.4,324.0,0.2329829641802338,0.3037520071913763,0.1321508594041019,0.1235732249726961,38,0,0,131,22,131,0,48,131,0.7631789564580391,0.2436049793851584,2,60,0,0,131,0,0.7631789564580391,nenhuma,98.41565033000596,0.0,110,0,terminal,0.25,j603_9.sm,6,centralizada,0,3.253968253968254,0.6333333333333333
True,150,63,0.7358015607062597,0.0,8.367042238727414,304.0,457.0,30.0,54.0,80.0913708328482,57,3,11,0,0.05,0.2333333333333333,324.0,0.1982011411621503,0.2471955889902722,0.0258242044405167,0.1289526382011236,18,0,30,54,42,84,0,43,0,0.7631789564580391,0.2436049793851584,2,60,84,54,0,30,0.7631789564580391,nenhuma,80.0913708328482,0.0,87,0,terminal,0.8433333333333333,j603_9.sm,6,adaptativa,0,2.380952380952381,0.3
True,237,63,0.7534839481316413,0.0,35.21425704130846,257.0,527.0,0.0,111.0,61.4176867427144,50,10,3,0,0.1666666666666666,0.2166666666666666,324.0,0.1593535762766221,0.1895607615515876,0.1086859785225569,0.0878126016926239,36,0,0,111,24,111,3,20,108,0.5858494645010164,0.4310024134004245,17,60,0,0,108,0,0.5858494645010164,nenhuma,61.41768674271441,0.0,68,0,terminal,0.25,j603_9.sm,7,centralizada,0,3.761904761904762,0.6
True,133,63,0.6731504952588067,0.0,13.255402596383888,281.0,395.0,89.0,42.0,60.79300213265695,53,7,7,0,0.1166666666666666,0.2333333333333333,324.0,0.1579888454200594,0.1876327226316572,0.0409117364085922,0.1036021253009309,28,0,89,42,32,131,10,5,0,0.5858494645010164,0.4310024134004245,17,60,121,32,0,89,0.5858494645010164,nenhuma,60.79300213265695,0.0,68,0,terminal,0.9983333333333334,j603_9.sm,7,adaptativa,0,2.111111111111111,0.4666666666666667
True,211,63,0.6424649296648407,0.0,46.29559237382293,175.0,581.0,0.0,197.0,126.32951772650758,36,24,6,0,0.4,0.5,324.0,0.280526842575817,0.3899059189089739,0.1428876307834041,0.139694121722468,54,0,0,197,6,197,11,3,186,0.5273323364698471,0.2724902104363956,25,60,0,0,186,0,0.5273323364698471,nenhuma,126.32951772650758,0.0,141,0,terminal,0.25,j603_9.sm,8,centralizada,0,3.3492063492063493,0.9
True,173,63,0.5877365085805206,0.0,1.0,321.0,453.0,149.0,73.0,95.75354922917536,58,2,17,0,0.0333333333333333,0.3166666666666666,324.0,0.2281184981163702,0.2955356457690597,0.0030864197530864,0.124233679267436,43,0,149,73,17,222,12,20,0,0.5273323364698471,0.2724902104363956,25,60,210,61,0,149,0.5273323364698471,nenhuma,95.75354922917536,0.0,104,0,terminal,0.9433333333333334,j603_9.sm,8,adaptativa,0,2.746031746031746,0.7166666666666667
True,268,63,0.6831066319213297,1.021405182655144e-14,45.527757687408766,228.0,554.0,0.0,166.0,91.0007634412802,41,19,2,0,0.3166666666666666,0.35,324.0,0.2192785446626201,0.2808665538311117,0.1405177706401505,0.1122079873946617,38,0,0,166,22,166,16,12,150,0.6872143627230507,0.3512385487549321,10,60,0,0,150,0,0.6872143627230507,nenhuma,91.00076344128024,0.0,102,0,terminal,0.25,j603_9.sm,9,centralizada,0,4.253968253968254,0.6333333333333333
True,157,63,0.6752858965875126,0.0,17.24063097746547,278.0,436.0,82.0,56.0,71.65245950386475,52,8,11,0,0.1333333333333333,0.3166666666666666,324.0,0.1810994922000853,0.2211495663699529,0.053211824004523,0.1109768242173572,26,0,82,56,34,138,6,24,0,0.6872143627230507,0.3512385487549321,10,60,132,50,0,82,0.6872143627230507,nenhuma,71.65245950386476,0.0,80,0,terminal,0.9233333333333332,j603_9.sm,9,adaptativa,0,2.492063492063492,0.4333333333333333
True,234,63,0.6787656952343424,0.0,38.46688130618234,194.0,605.0,0.0,167.0,119.32377232341568,40,20,2,0,0.3333333333333333,0.3666666666666666,324.0,0.2691571708371326,0.3682832479117767,0.1187249423030319,0.1338725343455993,42,0,0,167,18,167,17,4,150,0.5820371027673271,0.4175993861121362,17,60,0,0,150,0,0.5820371027673271,nenhuma,119.32377232341564,0.0,129,0,terminal,0.25,j603_9.sm,10,centralizada,0,3.7142857142857135,0.7
True,159,63,0.6309558394590209,0.0,4.874890631194014,295.0,441.0,131.0,48.0,78.93956505436527,53,7,12,0,0.1166666666666666,0.3166666666666666,324.0,0.1959091930913128,0.2436406328838434,0.0150459587382531,0.1129419037084059,24,0,131,48,36,179,14,10,0,0.5820371027673271,0.4175993861121362,17,60,165,34,0,131,0.5820371027673271,nenhuma,78.93956505436527,0.0,86,0,terminal,0.985,j603_9.sm,10,adaptativa,0,2.523809523809524,0.4
True,235,63,0.7231847166765131,0.0,29.615800559703292,192.0,550.0,0.0,85.0,125.52492166537282,40,20,4,0,0.3333333333333333,0.4,324.0,0.279239071329651,0.3874225977326321,0.0914067918509361,0.1650503725643893,32,0,0,85,28,85,4,8,81,0.7131697048371954,0.486713896835989,9,60,0,0,81,0,0.7131697048371954,nenhuma,125.5249216653728,0.0,138,0,terminal,0.25,j603_9.sm,11,centralizada,0,3.73015873015873,0.5333333333333333
True,136,63,0.7047396735675262,0.0,9.5,292.0,427.0,59.0,40.0,79.89749096775661,54,6,15,0,0.1,0.35,324.0,0.1978162597056956,0.2465971943449278,0.0293209876543209,0.1318663505936327,20,0,59,40,40,99,2,12,0,0.7131697048371954,0.486713896835989,9,60,97,38,0,59,0.7131697048371954,nenhuma,79.89749096775661,0.0,89,0,terminal,0.9443933456900852,j603_9.sm,11,adaptativa,0,2.1587301587301586,0.3333333333333333
True,220,80,0.7510871531111709,0.0,37.06272089730256,265.0,579.0,0.0,114.0,77.88257681102989,44,16,3,0,0.2666666666666666,0.3166666666666666,351.0,0.181594172908884,0.2218876832223074,0.1055917974282124,0.1010304022348161,33,0,0,114,27,114,10,12,104,0.6268507180531939,0.4857196752206667,21,60,0,0,104,0,0.6268507180531939,nenhuma,77.88257681102989,0.0,87,0,terminal,0.25,j6040_8.sm,0,centralizada,0,2.75,0.55
True,131,80,0.643078004852202,0.0,5.640202058694889,315.0,404.0,131.0,54.0,39.228608274125214,55,5,7,0,0.0833333333333333,0.2,351.0,0.1005272484957539,0.1117624167353994,0.0160689517341734,0.0624432057971609,24,0,131,54,36,185,17,8,0,0.6268507180531939,0.4857196752206667,21,60,168,37,0,131,0.6268507180531939,nenhuma,39.228608274125214,0.0,41,0,terminal,0.9833333333333334,j6040_8.sm,0,adaptativa,0,1.6375,0.4
True,236,80,0.7008329247250958,7.105427357601002e-15,66.06106476381885,213.0,559.0,0.0,133.0,105.6223437551392,40,20,2,0,0.3333333333333333,0.3666666666666666,351.0,0.2313122544256803,0.3009183582767499,0.1882081617202816,0.1324214956891479,31,0,0,133,29,133,21,24,112,0.6586427040007742,0.3936211322074767,17,60,0,0,112,0,0.6586427040007742,nenhuma,105.62234375513924,0.0,114,0,terminal,0.25,j6040_8.sm,1,centralizada,0,2.95,0.5166666666666667
True,123,80,0.6845635645258459,0.0,5.175943766221767,323.0,387.0,97.0,46.0,35.323689507271084,56,4,6,0,0.0666666666666666,0.1666666666666666,351.0,0.0914354735851792,0.1006372920435073,0.0147462785362443,0.0624840072385057,21,0,97,46,39,143,16,10,0,0.6586427040007742,0.3936211322074767,17,60,127,30,0,97,0.6586427040007742,nenhuma,35.323689507271084,0.0,39,0,terminal,0.9666666666666668,j6040_8.sm,1,adaptativa,0,1.5375,0.35
True,229,80,0.751573635980706,1.4210854715202004e-14,48.40183976588901,194.0,582.0,0.0,72.0,120.37522038750812,37,23,1,0,0.3833333333333333,0.4,351.0,0.2553702765464635,0.3429493458333564,0.1378969793899971,0.155448182248485,33,0,0,72,27,72,5,9,67,0.7659648859265082,0.2570239140832174,4,60,0,0,67,0,0.7659648859265082,nenhuma,120.3752203875081,0.0,130,0,terminal,0.25,j6040_8.sm,2,centralizada,0,2.8625,0.55
True,151,80,0.6699123522685272,8.881784197001252e-16,15.91081991524413,304.0,450.0,73.0,64.0,84.72966504672283,53,7,15,0,0.1166666666666666,0.3666666666666666,351.0,0.1944546627038518,0.2413950571131704,0.0453299712685017,0.12613655381861,30,0,73,64,30,137,1,21,0,0.7659648859265082,0.2570239140832174,4,60,136,63,0,73,0.7659648859265082,nenhuma,84.72966504672284,0.0,92,0,terminal,0.847209970505769,j6040_8.sm,2,adaptativa,0,1.8875,0.5
True,240,80,0.6842754184958816,0.0,43.71408620602164,223.0,566.0,0.0,161.0,100.15232010545552,40,20,1,0,0.3333333333333333,0.35,351.0,0.2219922532639203,0.2853342453146881,0.1245415561425117,0.1210808670556432,36,0,0,161,24,161,1,24,160,0.794910294566222,0.2433201962422982,3,60,0,0,160,0,0.794910294566222,nenhuma,100.15232010545552,0.0,109,0,terminal,0.25,j6040_8.sm,3,centralizada,0,3.0,0.6
True,147,80,0.6579007512051874,0.0,2.5,343.0,441.0,106.0,64.0,59.313872103271095,57,3,14,0,0.05,0.2833333333333333,351.0,0.1445573160839721,0.1689853906076099,0.0071225071225071,0.0884867143166223,30,0,106,64,30,170,12,21,0,0.794910294566222,0.2433201962422982,3,60,158,52,0,106,0.794910294566222,nenhuma,59.313872103271095,0.0,66,0,terminal,0.9016666666666668,j6040_8.sm,3,adaptativa,0,1.8375,0.5
True,231,80,0.7221001414413126,0.0,31.363405881606493,254.0,605.0,0.0,149.0,83.83393089000003,45,15,2,0,0.25,0.2833333333333333,351.0,0.1927952832899038,0.238843107948718,0.0893544327111296,0.1000603195921491,37,0,0,149,23,149,3,10,146,0.7496468789669437,0.3530323246498424,4,60,0,0,146,0,0.7496468789669437,nenhuma,83.83393089000002,0.0,94,0,terminal,0.25,j6040_8.sm,4,centralizada,0,2.8875,0.6166666666666667
True,141,80,0.6295730043132824,0.0,8.521465552531332,312.0,416.0,126.0,71.0,47.76530783552119,55,5,5,0,0.0833333333333333,0.1666666666666666,351.0,0.1197830074406145,0.1360834981068979,0.0242776796368414,0.0722878566248986,22,0,126,71,38,197,6,16,0,0.7496468789669437,0.3530323246498424,4,60,191,65,0,126,0.7496468789669437,nenhuma,47.76530783552119,0.0,50,0,terminal,0.8766666666666666,j6040_8.sm,4,adaptativa,0,1.7625,0.3666666666666666
True,173,80,0.7769251716741365,0.0,35.07015040595607,246.0,572.0,0.0,83.0,81.23563871336674,44,16,2,0,0.2666666666666666,0.3,351.0,0.1879429446289537,0.2314405661349479,0.0999149584215272,0.1103391827857352,29,0,0,83,31,83,4,15,79,0.6863255838987572,0.3910769205246226,11,60,0,0,79,0,0.6863255838987572,nenhuma,81.23563871336674,0.0,89,0,terminal,0.25,j6040_8.sm,5,centralizada,0,2.1625,0.4833333333333333
True,138,80,0.6637682905461265,0.0,10.73177197612502,319.0,416.0,78.0,58.0,74.7247259698546,53,7,15,0,0.1166666666666666,0.3666666666666666,351.0,0.1755235752389581,0.2128909571790729,0.0305748489348291,0.1192305375445628,25,0,78,58,35,136,1,15,0,0.6863255838987572,0.3910769205246226,11,60,135,57,0,78,0.6863255838987572,nenhuma,74.7247259698546,0.0,83,0,terminal,0.8901264933072918,j6040_8.sm,5,adaptativa,0,1.725,0.4166666666666667
True,233,80,0.8195710713336058,0.0,27.487775991826595,237.0,568.0,0.0,38.0,87.04544763366347,43,17,5,0,0.2833333333333333,0.3666666666666666,351.0,0.1987132798751498,0.2479927283010355,0.078312752113466,0.1255984696687233,23,0,0,38,37,38,2,10,36,0.7631789564580391,0.2436049793851584,4,60,0,0,36,0,0.7631789564580391,nenhuma,87.04544763366347,0.0,94,0,terminal,0.25,j6040_8.sm,6,centralizada,0,2.9125,0.3833333333333333
True,116,80,0.7964795533807566,0.0,5.0,333.0,452.0,34.0,49.0,32.49730496084892,58,2,9,0,0.0333333333333333,0.1833333333333333,351.0,0.0847393307344534,0.092584914418373,0.0142450142450142,0.0572642454453433,18,0,34,49,42,83,4,23,0,0.7631789564580391,0.2436049793851584,4,60,79,45,0,34,0.7631789564580391,nenhuma,32.49730496084892,0.0,36,0,terminal,0.91,j6040_8.sm,6,adaptativa,0,1.45,0.3
True,189,80,0.7236035457864141,0.0,37.60813821659477,259.0,551.0,0.0,140.0,70.46669430865195,46,14,2,0,0.2333333333333333,0.2666666666666666,351.0,0.1671939805925618,0.2007598128451622,0.1071456929247714,0.0925407438504317,37,0,0,140,23,140,11,20,129,0.5858494645010164,0.4310024134004245,24,60,0,0,129,0,0.5858494645010164,nenhuma,70.46669430865197,0.0,77,0,terminal,0.25,j6040_8.sm,7,centralizada,0,2.3625,0.6166666666666667
True,154,80,0.5723449823900764,0.0,5.5,320.0,406.0,187.0,68.0,48.362381940643054,55,5,9,0,0.0833333333333333,0.2333333333333333,351.0,0.1210989921124597,0.137784563933456,0.0156695156695156,0.0681772577343829,30,0,187,68,30,255,36,4,0,0.5858494645010164,0.4310024134004245,24,60,219,32,0,187,0.5858494645010164,nenhuma,48.362381940643054,0.0,52,0,terminal,0.995,j6040_8.sm,7,adaptativa,0,1.925,0.5
True,219,80,0.6225927992794724,0.0,38.443607651302855,229.0,583.0,0.0,253.0,100.40658978823193,42,18,3,0,0.3,0.35,351.0,0.2224304918440282,0.2860586603653331,0.1095259477245095,0.1072254199011338,47,0,0,253,13,253,34,21,219,0.5273323364698471,0.2724902104363956,36,60,0,0,219,0,0.5273323364698471,nenhuma,100.40658978823194,0.0,109,0,terminal,0.25,j6040_8.sm,8,centralizada,0,2.7375,0.7833333333333333
True,168,80,0.6099502686832169,0.0,8.86891208112355,323.0,498.0,144.0,74.0,100.4600059527817,56,4,21,0,0.0666666666666666,0.4166666666666667,351.0,0.2225224928634959,0.2862108431703182,0.0252675557866767,0.1230433888008368,47,0,144,74,13,218,14,19,0,0.5273323364698471,0.2724902104363956,36,60,204,60,0,144,0.5273323364698471,nenhuma,100.4600059527817,0.0,109,0,terminal,0.9083333333333332,j6040_8.sm,8,adaptativa,0,2.1,0.7833333333333333
True,229,80,0.7012962760693303,0.0,45.6754411178126,229.0,580.0,0.0,146.0,101.03989710428898,41,19,3,0,0.3166666666666666,0.3666666666666666,351.0,0.2235198657276446,0.287862954713074,0.1301294618741099,0.1221705234028727,39,0,0,146,21,146,6,18,140,0.6872143627230507,0.3512385487549321,11,60,0,0,140,0,0.6872143627230507,nenhuma,101.039897104289,0.0,110,0,terminal,0.25,j6040_8.sm,9,centralizada,0,2.8625,0.65
True,145,80,0.6413276902821339,0.0,12.780215589639894,314.0,441.0,109.0,63.0,74.63598809525074,54,6,11,0,0.1,0.2833333333333333,351.0,0.1753516859071333,0.212638142721512,0.0364108706257546,0.1085399679298231,25,0,109,63,35,172,6,13,0,0.6872143627230507,0.3512385487549321,11,60,166,57,0,109,0.6872143627230507,nenhuma,74.63598809525074,0.0,78,0,terminal,0.9183333333333332,j6040_8.sm,9,adaptativa,0,1.8125,0.4166666666666667
True,211,80,0.6836421172677289,0.0,14.436702913014098,289.0,623.0,0.0,213.0,75.29552182932544,49,11,4,0,0.1833333333333333,0.25,351.0,0.1766275223962387,0.2145171562089043,0.0411302077293848,0.0826247029922609,44,0,0,213,16,213,27,17,186,0.5820371027673271,0.4175993861121362,25,60,0,0,186,0,0.5820371027673271,nenhuma,75.29552182932544,0.0,81,0,terminal,0.25,j6040_8.sm,10,centralizada,0,2.6375,0.7333333333333333
True,140,80,0.6297057997664033,0.0,13.0,308.0,447.0,127.0,47.0,88.85530094501257,54,6,15,0,0.1,0.35,351.0,0.2020102991918258,0.2531490055413463,0.037037037037037,0.1251738218010371,30,0,127,47,30,174,19,3,0,0.5820371027673271,0.4175993861121362,25,60,155,28,0,127,0.5820371027673271,nenhuma,88.85530094501256,0.0,96,0,terminal,0.98,j6040_8.sm,10,adaptativa,0,1.75,0.5
True,204,80,0.8112311415874977,1.7763568394002505e-15,24.431793294482347,228.0,576.0,0.0,55.0,79.03191380551051,41,19,1,0,0.3166666666666666,0.3333333333333333,351.0,0.1837815084609141,0.225162147594047,0.0696062487022289,0.111307551490085,31,0,0,55,29,55,0,17,55,0.7131697048371954,0.486713896835989,7,60,0,0,55,0,0.7131697048371954,nenhuma,79.0319138055105,0.0,85,0,terminal,0.25,j6040_8.sm,11,centralizada,0,2.55,0.5166666666666667
True,130,80,0.7172098870993017,0.0,7.299350356242353,324.0,448.0,57.0,40.0,79.64281106316082,56,4,16,0,0.0666666666666666,0.3333333333333333,351.0,0.1849393720669353,0.2269025956215408,0.0207958699608044,0.127501365024287,25,0,57,40,35,97,2,7,0,0.7131697048371954,0.486713896835989,7,60,95,38,0,57,0.7131697048371954,nenhuma,79.6428110631608,0.0,87,0,terminal,0.9147946284954122,j6040_8.sm,11,adaptativa,0,1.625,0.4166666666666667
True,333,82,0.6660765131689713,5.3290705182007506e-15,31.23079241773265,225.0,503.0,0.0,138.0,114.16849799566224,38,22,0,0,0.3666666666666666,0.3666666666666666,339.0,0.2519338800040665,0.3367802300756998,0.0921262313207453,0.151182813237951,45,0,0,138,15,138,26,0,112,0.6268507180531939,0.4857196752206667,26,60,0,0,112,0,0.6268507180531939,nenhuma,114.16849799566224,0.0,123,0,terminal,0.25,j6041_6.sm,0,centralizada,0,4.060975609756097,0.75
True,231,82,0.7103164662199437,0.0,13.596098104793754,305.0,411.0,85.0,26.0,56.61533491853078,55,5,7,0,0.0833333333333333,0.2,339.0,0.1431070282707559,0.1670068876652825,0.0401064840849373,0.0978462399834291,35,0,85,26,25,111,12,0,0,0.6268507180531939,0.4857196752206667,26,60,99,14,0,85,0.6268507180531939,nenhuma,56.61533491853078,0.0,63,0,terminal,0.9516666666666668,j6041_6.sm,0,adaptativa,0,2.817073170731707,0.5833333333333334
True,374,82,0.7600488975270583,1.7763568394002505e-15,26.80466140088712,213.0,534.0,0.0,46.0,122.58637534697456,38,22,3,0,0.3666666666666666,0.4166666666666667,339.0,0.2655762429184058,0.3616117266872406,0.0790697976427348,0.1744787255324085,41,0,0,46,19,46,6,0,40,0.6586427040007742,0.3936211322074767,22,60,0,0,40,0,0.6586427040007742,nenhuma,122.58637534697456,0.0,133,0,terminal,0.25,j6041_6.sm,1,centralizada,0,4.560975609756097,0.6833333333333333
True,275,82,0.6808841718924897,0.0,12.292698765124891,315.0,427.0,63.0,16.0,121.12575446301084,57,3,19,0,0.05,0.3666666666666666,339.0,0.2632448918326046,0.3573031105103565,0.0362616482747047,0.1931442834248248,36,0,63,16,24,79,7,0,0,0.6586427040007742,0.3936211322074767,22,60,72,9,0,63,0.6586427040007742,nenhuma,121.12575446301084,0.0,130,0,terminal,0.9566666666666668,j6041_6.sm,1,adaptativa,0,3.3536585365853657,0.6
True,385,82,0.7470738518285914,0.0,43.37451149284661,201.0,569.0,0.0,53.0,139.63822171967993,36,24,1,0,0.4,0.4166666666666667,339.0,0.2917406412258081,0.4119121584651325,0.1279484114833233,0.1833393043279721,46,0,0,53,14,53,8,0,45,0.7659648859265082,0.2570239140832174,9,60,0,0,45,0,0.7659648859265082,nenhuma,139.63822171967993,0.0,150,0,terminal,0.25,j6041_6.sm,2,centralizada,0,4.695121951219512,0.7666666666666667
True,268,82,0.6779416636185397,1.7763568394002505e-15,19.644066905445257,305.0,428.0,60.0,17.0,126.32275676277742,56,4,21,0,0.0666666666666666,0.4166666666666667,339.0,0.2714734126514621,0.3726335007751546,0.0579471000160627,0.2000921959641062,40,0,60,17,20,77,11,0,0,0.7659648859265082,0.2570239140832174,9,60,66,6,0,60,0.7659648859265082,nenhuma,126.32275676277742,0.0,134,0,terminal,0.96,j6041_6.sm,2,adaptativa,0,3.268292682926829,0.6666666666666666
True,322,82,0.6965488955184881,0.0,26.6568270120259,229.0,548.0,0.0,133.0,105.735868114595,41,19,3,0,0.3166666666666666,0.3666666666666666,339.0,0.2377498099329151,0.3119052156772713,0.0786337080000764,0.1343981791093242,42,0,0,133,18,133,12,0,121,0.794910294566222,0.2433201962422982,7,60,0,0,121,0,0.794910294566222,nenhuma,105.735868114595,0.0,113,0,terminal,0.25,j6041_6.sm,3,centralizada,0,3.926829268292683,0.7
True,258,82,0.7235945428521958,0.0,4.956572815610743,334.0,426.0,73.0,26.0,63.72749139432964,58,2,13,0,0.0333333333333333,0.25,339.0,0.1582397346992411,0.1879867002782585,0.0146211587481142,0.1082461619779277,33,0,73,26,27,99,8,0,0,0.794910294566222,0.2433201962422982,7,60,91,18,0,73,0.794910294566222,nenhuma,63.72749139432963,0.0,71,0,terminal,0.9433333333333334,j6041_6.sm,3,adaptativa,0,3.1463414634146343,0.55
True,379,82,0.7521063027751999,8.881784197001252e-16,19.8982501693325,250.0,559.0,0.0,81.0,103.24599852087904,44,16,6,0,0.2666666666666666,0.3666666666666666,339.0,0.2334582989245625,0.3045604676132125,0.0586969031543731,0.1389122830480716,41,0,0,81,19,81,10,0,71,0.7496468789669437,0.3530323246498424,9,60,0,0,71,0,0.7496468789669437,nenhuma,103.24599852087904,0.0,112,0,terminal,0.25,j6041_6.sm,4,centralizada,0,4.621951219512195,0.6833333333333333
True,255,82,0.6708016855427812,0.0,13.323048402345751,307.0,445.0,97.0,28.0,93.38533368461492,53,7,11,0,0.1166666666666666,0.3,339.0,0.2159771074768481,0.2754729607215779,0.0393010277355331,0.1407708746980106,42,0,97,28,18,125,10,0,0,0.7496468789669437,0.3530323246498424,9,60,115,18,0,97,0.7496468789669437,nenhuma,93.38533368461492,0.0,100,0,terminal,0.9366666666666666,j6041_6.sm,4,adaptativa,0,3.109756097560976,0.7
True,331,82,0.7376243671666103,8.881784197001252e-16,26.065616752453018,226.0,538.0,0.0,60.0,131.36852949501292,40,20,6,0,0.3333333333333333,0.4333333333333333,339.0,0.2792885179543155,0.3875177861209821,0.0768897249334897,0.1801126922571878,39,0,0,60,21,60,2,0,58,0.6863255838987572,0.3910769205246226,16,60,0,0,58,0,0.6863255838987572,nenhuma,131.3685294950129,0.0,141,0,terminal,0.25,j6041_6.sm,5,centralizada,0,4.036585365853658,0.65
True,262,82,0.6458785634223048,0.0,11.622872801642458,282.0,423.0,84.0,26.0,121.92187534241384,49,11,16,0,0.1833333333333333,0.45,339.0,0.2645174418155775,0.3596515496826367,0.0342857604768214,0.1861624720943535,43,0,84,26,17,110,14,0,0,0.6863255838987572,0.3910769205246226,16,60,96,12,0,84,0.6863255838987572,nenhuma,121.92187534241384,0.0,133,0,terminal,0.9499999999999998,j6041_6.sm,5,adaptativa,0,3.1951219512195124,0.7166666666666667
True,402,82,0.7425440123941817,1.4210854715202004e-14,34.73142718966032,182.0,552.0,0.0,57.0,134.3902782680701,36,24,1,0,0.4,0.4166666666666667,339.0,0.2838889694983722,0.396431499315841,0.1024525875801189,0.1807802471955495,33,0,0,57,27,57,2,0,55,0.7631789564580391,0.2436049793851584,9,60,0,0,55,0,0.7631789564580391,nenhuma,134.3902782680701,0.0,143,0,terminal,0.25,j6041_6.sm,6,centralizada,0,4.902439024390244,0.55
True,271,82,0.8009502367956707,0.0,19.45016951625,301.0,447.0,14.0,5.0,92.08710637042182,55,5,11,0,0.0833333333333333,0.2666666666666666,339.0,0.2136160070890494,0.2716433816236632,0.0573751313163716,0.1650048985530592,36,0,14,5,24,19,2,0,0,0.7631789564580391,0.2436049793851584,9,60,17,3,0,14,0.7631789564580391,nenhuma,92.0871063704218,0.0,97,0,terminal,0.9564983500198552,j6041_6.sm,6,adaptativa,0,3.304878048780488,0.6
True,346,82,0.6692462918853046,1.3322676295501878e-14,47.413893698722575,218.0,532.0,0.0,131.0,131.92409065327195,39,21,3,0,0.35,0.4,339.0,0.2801387596677527,0.3891566095966724,0.139863993211571,0.1659580986466974,45,0,0,131,15,131,21,0,110,0.5858494645010164,0.4310024134004245,33,60,0,0,110,0,0.5858494645010164,nenhuma,131.92409065327195,0.0,144,0,terminal,0.25,j6041_6.sm,7,centralizada,0,4.219512195121951,0.75
True,259,82,0.6291097494033085,0.0,13.596098104793754,299.0,402.0,114.0,36.0,86.99820401970366,53,7,13,0,0.1166666666666666,0.3333333333333333,339.0,0.2042219971793114,0.2566318702646126,0.0401064840849373,0.1361478067894868,43,0,114,36,17,150,19,0,0,0.5858494645010164,0.4310024134004245,33,60,131,17,0,114,0.5858494645010164,nenhuma,86.99820401970366,0.0,94,0,terminal,0.9616666666666666,j6041_6.sm,7,adaptativa,0,3.158536585365854,0.7166666666666667
True,398,82,0.6571887901047091,0.0,27.683451749439577,180.0,545.0,0.0,141.0,143.2898603963798,37,23,3,0,0.3833333333333333,0.4333333333333333,339.0,0.2971031990567127,0.4226839539716218,0.0816620995558689,0.1727862201617789,49,0,0,141,11,141,15,0,126,0.5273323364698471,0.2724902104363956,39,60,0,0,126,0,0.5273323364698471,nenhuma,143.28986039637977,0.0,152,0,terminal,0.25,j6041_6.sm,8,centralizada,0,4.853658536585366,0.8166666666666667
True,290,82,0.5449037170224813,0.0,17.98132197949034,285.0,425.0,172.0,53.0,129.95430517950683,49,11,16,0,0.1833333333333333,0.45,339.0,0.2771150701554233,0.3833460329778962,0.0530422477271101,0.1666178445538521,52,0,172,53,8,225,6,0,0,0.5273323364698471,0.2724902104363956,39,60,219,47,0,172,0.5273323364698471,nenhuma,129.95430517950683,0.0,139,0,terminal,0.9566666666666668,j6041_6.sm,8,adaptativa,0,3.5365853658536586,0.8666666666666667
True,357,82,0.7277029173307836,3.552713678800501e-15,32.92286073366468,220.0,540.0,0.0,103.0,99.06106247412276,42,18,2,0,0.3,0.3333333333333333,339.0,0.2261352833201753,0.292215523522486,0.0971175832851465,0.1334944891783447,40,0,0,103,20,103,10,0,93,0.6872143627230507,0.3512385487549321,16,60,0,0,93,0,0.6872143627230507,nenhuma,99.06106247412276,0.0,106,0,terminal,0.25,j6041_6.sm,9,centralizada,0,4.353658536585366,0.6666666666666666
True,264,82,0.6419821399176736,0.0,17.501320040457276,268.0,421.0,80.0,24.0,130.7814833509046,50,10,17,0,0.1666666666666666,0.45,339.0,0.2783879058366738,0.3857860865808395,0.0516263128037087,0.1994284478461314,34,0,80,24,26,104,12,0,0,0.6872143627230507,0.3512385487549321,16,60,92,12,0,80,0.6872143627230507,nenhuma,130.78148335090458,0.0,140,0,terminal,0.96,j6041_6.sm,9,adaptativa,0,3.2195121951219514,0.5666666666666667
True,347,82,0.6627288486114864,3.552713678800501e-15,22.733593802298707,212.0,543.0,0.0,159.0,117.33961549684196,40,20,1,0,0.3333333333333333,0.35,339.0,0.2571322136235923,0.3461345589877344,0.0670607486793472,0.1432124277619458,47,0,0,159,13,159,20,0,139,0.5820371027673271,0.4175993861121362,33,60,0,0,139,0,0.5820371027673271,nenhuma,117.33961549684194,0.0,125,0,terminal,0.25,j6041_6.sm,10,centralizada,0,4.2317073170731705,0.7833333333333333
True,284,82,0.5946872247096475,0.0,7.562058714232627,283.0,439.0,136.0,40.0,123.20317935085812,52,8,18,0,0.1333333333333333,0.4333333333333333,339.0,0.2665563216676505,0.3634312075246552,0.0223069578590932,0.1668960291653001,46,0,136,40,14,176,20,0,0,0.5820371027673271,0.4175993861121362,33,60,156,20,0,136,0.5820371027673271,nenhuma,123.20317935085812,0.0,133,0,terminal,0.94,j6041_6.sm,10,adaptativa,0,3.463414634146341,0.7666666666666667
True,435,82,0.778311794924485,0.0,29.646774862652883,230.0,546.0,0.0,62.0,93.51834208419665,41,19,2,0,0.3166666666666666,0.35,339.0,0.216218210847557,0.275865315882586,0.0874536131641677,0.1333084774467272,46,0,0,62,14,62,8,0,54,0.7131697048371954,0.486713896835989,12,60,0,0,54,0,0.7131697048371954,nenhuma,93.51834208419665,0.0,104,0,terminal,0.25,j6041_6.sm,11,centralizada,0,5.304878048780488,0.7666666666666667
True,287,82,0.7020060202478451,0.0,9.052693506856318,324.0,440.0,45.0,17.0,124.77525164906253,56,4,21,0,0.0666666666666666,0.4166666666666667,339.0,0.2690424967813496,0.3680685889352876,0.0267041106396941,0.1990749496263221,41,0,45,17,19,62,6,0,0,0.7131697048371954,0.486713896835989,12,60,56,11,0,45,0.7131697048371954,nenhuma,124.77525164906253,0.0,134,0,terminal,0.9816666666666666,j6041_6.sm,11,adaptativa,0,3.5,0.6833333333333333
True,187,83,0.7173785581217557,0.0,36.85349095411027,239.0,495.0,0.0,123.0,72.01225976980915,42,18,1,0,0.3,0.3166666666666666,328.0,0.1800251317578348,0.2195495724689303,0.1123582041283849,0.1043637395570808,31,0,0,123,29,123,23,1,100,0.6268507180531939,0.4857196752206667,22,60,0,0,100,0,0.6268507180531939,nenhuma,72.01225976980916,0.0,78,0,terminal,0.25,j6042_1.sm,0,centralizada,0,2.253012048192771,0.5166666666666667
True,136,83,0.6503288967153159,0.0,9.055501018567302,303.0,376.0,127.0,45.0,30.168987875369723,57,3,4,0,0.05,0.1166666666666666,328.0,0.0842311559533107,0.0919786215712491,0.0276082348127051,0.0521802250000184,24,0,127,45,36,172,21,1,0,0.6268507180531939,0.4857196752206667,22,60,151,24,0,127,0.6268507180531939,nenhuma,30.168987875369723,0.0,32,0,terminal,0.9856358734466498,j6042_1.sm,0,adaptativa,0,1.6385542168674698,0.4
True,237,83,0.7864096231890145,0.0,25.77715676238662,260.0,502.0,0.0,93.0,43.34417229574473,50,10,0,0,0.1666666666666666,0.1666666666666666,328.0,0.1167223711302104,0.1321468667553192,0.0785888925682519,0.0679009446265664,32,0,0,93,28,93,10,0,83,0.6586427040007742,0.3936211322074767,17,60,0,0,83,0,0.6586427040007742,nenhuma,43.34417229574471,0.0,47,0,terminal,0.25,j6042_1.sm,1,centralizada,0,2.855421686746988,0.5333333333333333
True,125,83,0.7383291459273119,0.0,3.0,316.0,388.0,60.0,34.0,43.51088107552288,58,2,12,0,0.0333333333333333,0.2333333333333333,328.0,0.117118725969907,0.1326551252302527,0.0091463414634146,0.0827972981006073,22,0,60,34,38,94,9,5,0,0.6586427040007742,0.3936211322074767,17,60,85,25,0,60,0.6586427040007742,nenhuma,43.51088107552288,0.0,45,0,terminal,0.9633333333333332,j6042_1.sm,1,adaptativa,0,1.5060240963855422,0.3666666666666666
True,218,83,0.6939307018972686,0.0,46.1059768467168,218.0,548.0,0.0,154.0,87.70421470287887,39,21,1,0,0.35,0.3666666666666666,328.0,0.2109774488708629,0.2673908984843868,0.1405670025814536,0.1110595753067837,35,0,0,154,25,154,10,6,144,0.7659648859265082,0.2570239140832174,5,60,0,0,144,0,0.7659648859265082,nenhuma,87.70421470287889,0.0,96,0,terminal,0.25,j6042_1.sm,2,centralizada,0,2.6265060240963853,0.5833333333333334
True,151,83,0.6358883938142472,0.0,5.598508532316981,313.0,407.0,104.0,52.0,77.04942370263012,57,3,18,0,0.05,0.35,328.0,0.1902222770700607,0.2349067795811893,0.0170686235741371,0.1203804282127244,36,0,104,52,24,156,9,5,0,0.7659648859265082,0.2570239140832174,5,60,147,43,0,104,0.7659648859265082,nenhuma,77.04942370263012,0.0,84,0,terminal,0.9351348331754852,j6042_1.sm,2,adaptativa,0,1.819277108433735,0.6
True,209,83,0.6360377350919325,0.0,27.606520432462823,228.0,504.0,0.0,202.0,86.4058152416886,41,19,4,0,0.3166666666666666,0.3833333333333333,328.0,0.2085053154751104,0.2634323635417335,0.0841662208306793,0.1090423790180468,38,0,0,202,22,202,5,4,197,0.794910294566222,0.2433201962422982,4,60,0,0,197,0,0.794910294566222,nenhuma,86.4058152416886,0.0,94,0,terminal,0.25,j6042_1.sm,3,centralizada,0,2.5180722891566263,0.6333333333333333
True,153,83,0.5681636870272957,0.0,9.13854229613207,318.0,386.0,161.0,68.0,64.38167963461525,59,1,16,0,0.0166666666666666,0.2833333333333333,328.0,0.1640792192300295,0.1962856086421196,0.027861409439427,0.0947651100471843,31,0,161,68,29,229,5,6,0,0.794910294566222,0.2433201962422982,4,60,224,63,0,161,0.794910294566222,nenhuma,64.38167963461524,0.0,70,0,terminal,0.9002327740934403,j6042_1.sm,3,adaptativa,0,1.843373493975904,0.5166666666666667
True,301,83,0.7082192538717749,3.552713678800501e-15,21.221196945597317,234.0,525.0,0.0,140.0,76.2958587751876,43,17,3,0,0.2833333333333333,0.3333333333333333,328.0,0.1887129366259786,0.2326093255341085,0.0646987711756015,0.102922278429085,33,0,0,140,27,140,14,2,126,0.7496468789669437,0.3530323246498424,8,60,0,0,126,0,0.7496468789669437,nenhuma,76.2958587751876,0.0,84,0,terminal,0.25,j6042_1.sm,4,centralizada,0,3.626506024096385,0.55
True,143,83,0.5872893892357504,0.0,3.0,322.0,390.0,157.0,57.0,60.06784653050459,59,1,15,0,0.0166666666666666,0.2666666666666666,328.0,0.1547869710606979,0.1831336784466603,0.0091463414634146,0.0904543817989918,27,0,157,57,33,214,11,0,0,0.7496468789669437,0.3530323246498424,8,60,203,46,0,157,0.7496468789669437,nenhuma,60.06784653050459,0.0,64,0,terminal,0.9277519257954328,j6042_1.sm,4,adaptativa,0,1.7228915662650603,0.45
True,199,83,0.737290256367837,0.0,38.49333956669439,196.0,535.0,0.0,81.0,109.63009666722952,38,22,3,0,0.3666666666666666,0.4166666666666667,328.0,0.250508585908778,0.3342380995952119,0.1173577425813853,0.1510826207054437,35,0,0,81,25,81,9,7,72,0.6863255838987572,0.3910769205246226,14,60,0,0,72,0,0.6863255838987572,nenhuma,109.63009666722952,0.0,121,0,terminal,0.25,j6042_1.sm,5,centralizada,0,2.397590361445783,0.5833333333333334
True,137,83,0.6052140574373278,0.0,4.601502224575091,298.0,375.0,123.0,52.0,69.61548214506338,55,5,17,0,0.0833333333333333,0.3666666666666666,328.0,0.1750824232736122,0.2122423236129981,0.0140289701968752,0.1123527157585857,29,0,123,52,31,175,10,3,0,0.6863255838987572,0.3910769205246226,14,60,165,42,0,123,0.6863255838987572,nenhuma,69.61548214506338,0.0,76,0,terminal,0.9616666666666666,j6042_1.sm,5,adaptativa,0,1.6506024096385543,0.4833333333333333
True,212,83,0.7968337757020509,0.0,19.32496185905898,256.0,534.0,0.0,76.0,60.15231568154714,47,13,5,0,0.2166666666666666,0.3,328.0,0.1549709051095757,0.1833912063461803,0.0589175666434725,0.0897591700781814,26,0,0,76,34,76,9,13,67,0.7631789564580391,0.2436049793851584,6,60,0,0,67,0,0.7631789564580391,nenhuma,60.15231568154714,0.0,65,0,terminal,0.25,j6042_1.sm,6,centralizada,0,2.5542168674698797,0.4333333333333333
True,141,83,0.7218168864363538,0.0,9.57773602900797,296.0,404.0,49.0,33.0,73.69873743820027,55,5,13,0,0.0833333333333333,0.3,328.0,0.1834676850323397,0.2246912726774398,0.0292004147225852,0.1316757257226041,22,0,49,33,38,82,6,11,0,0.7631789564580391,0.2436049793851584,6,60,76,27,0,49,0.7631789564580391,nenhuma,73.69873743820028,0.0,79,0,terminal,0.935,j6042_1.sm,6,adaptativa,0,1.6987951807228916,0.3666666666666666
True,188,83,0.7004410587824217,5.773159728050814e-15,53.29774262655443,227.0,505.0,0.0,136.0,79.97429707767654,41,19,1,0,0.3166666666666666,0.3333333333333333,328.0,0.1960277832464768,0.2438240764563309,0.1624931177638854,0.1109253095454805,40,0,0,136,20,136,21,8,115,0.5858494645010164,0.4310024134004245,27,60,0,0,115,0,0.5858494645010164,nenhuma,79.97429707767657,0.0,91,0,terminal,0.25,j6042_1.sm,7,centralizada,0,2.265060240963856,0.6666666666666666
True,138,83,0.5464309514315533,0.0,5.0,301.0,366.0,194.0,73.0,36.80100420948734,54,6,6,0,0.1,0.2,328.0,0.1008796680514462,0.1121981835655101,0.0152439024390243,0.0549431905569037,33,0,194,73,27,267,37,0,0,0.5858494645010164,0.4310024134004245,27,60,230,36,0,194,0.5858494645010164,nenhuma,36.80100420948734,0.0,40,0,terminal,0.99,j6042_1.sm,7,adaptativa,0,1.6626506024096386,0.55
True,245,83,0.6171404317301128,0.0,44.33100756829245,172.0,550.0,0.0,206.0,135.20720620768756,36,24,3,0,0.4,0.45,328.0,0.2918935724567827,0.4122170920966084,0.1351555108789404,0.1517124247491539,51,0,0,206,9,206,28,12,178,0.5273323364698471,0.2724902104363956,33,60,0,0,178,0,0.5273323364698471,nenhuma,135.20720620768756,0.0,147,0,terminal,0.25,j6042_1.sm,8,centralizada,0,2.9518072289156625,0.85
True,160,83,0.5765483958595449,0.0,10.135353781922069,291.0,413.0,168.0,65.0,70.33188638792511,54,6,12,0,0.1,0.3,328.0,0.1765660465339465,0.2144264828900156,0.0309004688473233,0.0981833808104939,41,0,168,65,19,233,38,3,0,0.5273323364698471,0.2724902104363956,33,60,195,27,0,168,0.5273323364698471,nenhuma,70.33188638792511,0.0,78,0,terminal,0.9666666666666668,j6042_1.sm,8,adaptativa,0,1.927710843373494,0.6833333333333333
True,234,83,0.6976257510070518,3.552713678800501e-15,27.90175538725115,241.0,529.0,0.0,155.0,74.28622902231817,44,16,4,0,0.2666666666666666,0.3333333333333333,328.0,0.1846601341608362,0.226482405555848,0.0850663274001559,0.0979659476581787,36,0,0,155,24,155,13,0,142,0.6872143627230507,0.3512385487549321,14,60,0,0,142,0,0.6872143627230507,nenhuma,74.28622902231815,0.0,81,0,terminal,0.25,j6042_1.sm,9,centralizada,0,2.819277108433735,0.6
True,155,83,0.6407529850732847,0.0,8.639362682718952,302.0,415.0,123.0,57.0,52.6754844185944,55,5,12,0,0.0833333333333333,0.2833333333333333,328.0,0.1383737240107427,0.1605959890810804,0.0263395203741431,0.0813300575455316,31,0,123,57,29,180,15,7,0,0.6872143627230507,0.3512385487549321,14,60,165,42,0,123,0.6872143627230507,nenhuma,52.6754844185944,0.0,58,0,terminal,0.9274966061336176,j6042_1.sm,9,adaptativa,0,1.867469879518072,0.5166666666666667
True,230,83,0.6605321361710721,7.993605777301127e-15,48.06210554131794,180.0,548.0,0.0,155.0,126.63412374848144,35,25,3,0,0.4166666666666667,0.4666666666666667,328.0,0.278540736679369,0.3860796455746385,0.1465308095771888,0.1526385187440444,48,0,0,155,12,155,21,5,134,0.5820371027673271,0.4175993861121362,28,60,0,0,134,0,0.5820371027673271,nenhuma,126.63412374848149,0.0,138,0,terminal,0.25,j6042_1.sm,10,centralizada,0,2.7710843373493974,0.8
True,178,83,0.5694615739769195,0.0,8.426708534790965,270.0,421.0,141.0,61.0,116.29483434656348,50,10,16,0,0.1666666666666666,0.4333333333333333,328.0,0.2617514887779451,0.3545574217883033,0.0256911845572895,0.1573050817396179,40,0,141,61,20,202,21,14,0,0.5820371027673271,0.4175993861121362,28,60,181,40,0,141,0.5820371027673271,nenhuma,116.29483434656348,0.0,126,0,terminal,0.9583333333333334,j6042_1.sm,10,adaptativa,0,2.144578313253012,0.6666666666666666
True,228,83,0.7033746012036153,1.7763568394002505e-15,25.34131057760028,229.0,522.0,0.0,143.0,77.13655014945542,42,18,3,0,0.3,0.35,328.0,0.1903964234305684,0.2351724089922421,0.0772600932243911,0.1039384869724058,36,0,0,143,24,143,6,0,137,0.7131697048371954,0.486713896835989,11,60,0,0,137,0,0.7131697048371954,nenhuma,77.13655014945542,0.0,85,0,terminal,0.25,j6042_1.sm,11,centralizada,0,2.746987951807229,0.6
True,137,83,0.6435422962776225,0.0,3.5,308.0,406.0,107.0,39.0,78.88316393248004,56,4,19,0,0.0666666666666666,0.3833333333333333,328.0,0.1938717816930126,0.2404974510136587,0.010670731707317,0.1250360897900304,28,0,107,39,32,146,10,0,0,0.7131697048371954,0.486713896835989,11,60,136,29,0,107,0.7131697048371954,nenhuma,78.88316393248003,0.0,88,0,terminal,0.9566666666666668,j6042_1.sm,11,adaptativa,0,1.6506024096385543,0.4666666666666667
True,167,78,0.6099522587920252,0.0,23.02849540070721,235.0,427.0,0.0,228.0,45.054789280801245,52,8,2,0,0.1333333333333333,0.1666666666666666,294.0,0.1328835064573808,0.1532475825877593,0.0783282156486639,0.0643589472862375,24,0,0,228,36,228,23,1,205,0.6268507180531939,0.4857196752206667,17,60,0,0,205,0,0.6268507180531939,nenhuma,45.054789280801245,0.0,48,0,terminal,0.25,j6043_10.sm,0,centralizada,0,2.141025641025641,0.4
True,119,78,0.6594274432379073,0.0,4.5,285.0,334.0,117.0,34.0,21.5,59,1,7,0,0.0166666666666666,0.1333333333333333,294.0,0.0681458003169572,0.0731292517006802,0.0153061224489795,0.0424481737413622,17,0,117,34,43,151,19,0,0,0.6268507180531939,0.4857196752206667,17,60,132,15,0,117,0.6268507180531939,nenhuma,21.5,0.0,24,0,terminal,0.9882507359349773,j6043_10.sm,0,adaptativa,0,1.5256410256410255,0.2833333333333333
True,271,78,0.6924271670326844,5.3290705182007506e-15,35.47907031151186,209.0,444.0,0.0,139.0,58.22267458498212,44,16,2,0,0.2666666666666666,0.3,294.0,0.1653007565557353,0.1980363081121841,0.1206771099031015,0.0907994631079843,24,0,0,139,36,139,10,8,129,0.6586427040007742,0.3936211322074767,14,60,0,0,129,0,0.6586427040007742,nenhuma,58.22267458498212,0.0,65,0,terminal,0.25,j6043_10.sm,1,centralizada,0,3.4743589743589745,0.4
True,102,78,0.6463654223968566,0.0,3.0,282.0,329.0,101.0,39.0,40.0,57,3,12,0,0.05,0.25,294.0,0.1197604790419161,0.1360544217687075,0.010204081632653,0.0785854616895874,18,0,101,39,42,140,11,5,0,0.6586427040007742,0.3936211322074767,14,60,129,28,0,101,0.6586427040007742,nenhuma,40.0,0.0,45,0,terminal,0.9666666666666668,j6043_10.sm,1,adaptativa,0,1.3076923076923077,0.3
True,267,78,0.7106753896133532,0.0,26.62814161421246,200.0,479.0,0.0,114.0,81.0067364097166,45,15,3,0,0.25,0.3,294.0,0.2160140833342578,0.2755331170398523,0.0905719102524233,0.1201868349880616,27,0,0,114,33,114,0,12,114,0.7659648859265082,0.2570239140832174,3,60,0,0,114,0,0.7659648859265082,nenhuma,81.00673640971658,0.0,89,0,terminal,0.25,j6043_10.sm,2,centralizada,0,3.423076923076923,0.45
True,117,78,0.7027541270915746,0.0,6.0,279.0,373.0,74.0,51.0,32.76885018619758,57,3,7,0,0.05,0.1666666666666666,294.0,0.1002814379875114,0.1114586741027128,0.0204081632653061,0.0617384576632596,18,0,74,51,42,125,0,17,0,0.7659648859265082,0.2570239140832174,3,60,125,51,0,74,0.7659648859265082,nenhuma,32.76885018619758,0.0,37,0,terminal,0.8687297535210866,j6043_10.sm,2,adaptativa,0,1.5,0.3
True,194,78,0.6967205436182377,0.0,15.702529270587812,222.0,473.0,0.0,155.0,50.894865857689545,47,13,1,0,0.2166666666666666,0.2333333333333333,294.0,0.1475663191770728,0.1731117886315971,0.0534099635054007,0.0749672275005216,27,0,0,155,33,155,0,7,155,0.794910294566222,0.2433201962422982,2,60,0,0,155,0,0.794910294566222,nenhuma,50.894865857689545,0.0,57,0,terminal,0.25,j6043_10.sm,3,centralizada,0,2.4871794871794872,0.45
True,121,78,0.6187889039770815,0.0,4.5,285.0,349.0,109.0,54.0,52.00494216510078,59,1,11,0,0.0166666666666666,0.2,294.0,0.1503011541964795,0.1768875583846965,0.0153061224489795,0.0922065362857714,21,0,109,54,39,163,0,14,0,0.794910294566222,0.2433201962422982,2,60,163,54,0,109,0.794910294566222,nenhuma,52.00494216510078,0.0,58,0,terminal,0.8433333333333333,j6043_10.sm,3,adaptativa,0,1.551282051282051,0.35
True,179,78,0.6672507447525126,1.7763568394002505e-15,22.781871744350703,210.0,467.0,0.0,176.0,56.88681717127679,47,13,0,0,0.2166666666666666,0.2166666666666666,294.0,0.1621229820768925,0.193492575412506,0.0774893596746622,0.0812800238204164,23,0,0,176,37,176,0,16,176,0.7496468789669437,0.3530323246498424,4,60,0,0,176,0,0.7496468789669437,nenhuma,56.88681717127678,0.0,62,0,terminal,0.25,j6043_10.sm,4,centralizada,0,2.2948717948717947,0.3833333333333333
True,131,78,0.6313686516277129,0.0,5.176307404550498,270.0,379.0,127.0,49.0,45.28320858647526,56,4,8,0,0.0666666666666666,0.2,294.0,0.1334672846768178,0.1540245190016165,0.0176064877705799,0.0754364072470167,20,0,127,49,40,176,0,4,0,0.7496468789669437,0.3530323246498424,4,60,176,49,0,127,0.7496468789669437,nenhuma,45.28320858647526,0.0,52,0,terminal,0.8734325032257053,j6043_10.sm,4,adaptativa,0,1.6794871794871795,0.3333333333333333
True,170,78,0.707867548890865,4.440892098500626e-16,17.6129997322869,221.0,480.0,0.0,128.0,70.09295785927264,47,13,4,0,0.2166666666666666,0.2833333333333333,294.0,0.1925139070840381,0.238411421290043,0.0599081623547173,0.1033677714049042,29,0,0,128,31,128,10,15,118,0.6863255838987572,0.3910769205246226,9,60,0,0,118,0,0.6863255838987572,nenhuma,70.09295785927264,0.0,77,0,terminal,0.25,j6043_10.sm,5,centralizada,0,2.1794871794871797,0.4833333333333333
True,127,78,0.6052154966437149,0.0,15.896430676122804,245.0,333.0,115.0,48.0,54.21723972153057,52,8,9,0,0.1333333333333333,0.2833333333333333,294.0,0.1556994701494047,0.184412380005206,0.0540694920956558,0.0985378788730254,21,0,115,48,39,163,8,9,0,0.6863255838987572,0.3910769205246226,9,60,155,40,0,115,0.6863255838987572,nenhuma,54.21723972153057,0.0,59,0,terminal,0.9533333333333333,j6043_10.sm,5,adaptativa,0,1.6282051282051282,0.35
True,175,78,0.7505112626608573,0.0,25.82174809147529,212.0,485.0,0.0,102.0,59.22614493549959,44,16,2,0,0.2666666666666666,0.3,294.0,0.167672030467378,0.2014494725697265,0.0878290751410724,0.0916492552950035,19,0,0,102,41,102,0,24,102,0.7631789564580391,0.2436049793851584,3,60,0,0,102,0,0.7631789564580391,nenhuma,59.22614493549958,0.0,66,0,terminal,0.25,j6043_10.sm,6,centralizada,0,2.243589743589744,0.3166666666666666
True,128,78,0.697705574357623,0.0,7.793056879601541,260.0,379.0,53.0,49.0,62.20907547419984,55,5,12,0,0.0833333333333333,0.2833333333333333,294.0,0.1746420283969031,0.2115954948102035,0.0265069961891208,0.1145214214616974,9,0,53,49,51,102,0,27,0,0.7631789564580391,0.2436049793851584,3,60,102,49,0,53,0.7631789564580391,nenhuma,62.20907547419984,0.0,68,0,terminal,0.8516666666666666,j6043_10.sm,6,adaptativa,0,1.641025641025641,0.15
True,175,78,0.6086808717471699,2.220446049250313e-15,25.519777143562344,207.0,425.0,0.0,216.0,57.231240255786894,45,15,3,0,0.25,0.3,294.0,0.162944617950578,0.1946640825026765,0.0868019630733413,0.0819660263766213,28,0,0,216,32,216,26,6,190,0.5858494645010164,0.4310024134004245,21,60,0,0,190,0,0.5858494645010164,nenhuma,57.231240255786894,0.0,64,0,terminal,0.25,j6043_10.sm,7,centralizada,0,2.243589743589744,0.4666666666666667
True,124,78,0.5175292153589316,0.0,4.5,273.0,310.0,201.0,63.0,25.0,56,4,6,0,0.0666666666666666,0.1666666666666666,294.0,0.0783699059561128,0.0850340136054421,0.0153061224489795,0.0417362270450751,19,0,201,63,41,264,25,3,0,0.5858494645010164,0.4310024134004245,21,60,239,38,0,201,0.5858494645010164,nenhuma,25.0,0.0,28,0,terminal,1.0,j6043_10.sm,7,adaptativa,0,1.5897435897435896,0.3166666666666666
True,228,78,0.5445558591219689,0.0,34.11191433610681,185.0,433.0,0.0,282.0,80.14340493583268,43,17,2,0,0.2833333333333333,0.3166666666666666,294.0,0.2142050451205404,0.2725966154280023,0.1160269195105673,0.1007911333205362,37,0,0,282,23,282,16,9,266,0.5273323364698471,0.2724902104363956,26,60,0,0,266,0,0.5273323364698471,nenhuma,80.14340493583266,0.0,88,0,terminal,0.25,j6043_10.sm,8,centralizada,0,2.923076923076923,0.6166666666666667
True,154,78,0.4853349413401558,0.0,4.5,280.0,368.0,212.0,77.0,101.23924604282809,58,2,22,0,0.0333333333333333,0.4,294.0,0.2561467441719029,0.344351177016422,0.0153061224489795,0.1335188683139064,41,0,212,77,19,289,12,3,0,0.5273323364698471,0.2724902104363956,26,60,277,65,0,212,0.5273323364698471,nenhuma,101.23924604282809,0.0,110,0,terminal,0.94,j6043_10.sm,8,adaptativa,0,1.9743589743589745,0.6833333333333333
True,246,78,0.6595544532964129,0.0,37.15848049500956,189.0,471.0,0.0,166.0,77.11844411931531,43,17,0,0,0.2833333333333333,0.2833333333333333,294.0,0.2078000846935044,0.2623076330588956,0.126389389438808,0.1079911109345753,26,0,0,166,34,166,15,11,151,0.6872143627230507,0.3512385487549321,9,60,0,0,151,0,0.6872143627230507,nenhuma,77.1184441193153,0.0,83,0,terminal,0.25,j6043_10.sm,9,centralizada,0,3.1538461538461537,0.4333333333333333
True,141,78,0.6019900810693464,0.0,5.5,252.0,348.0,128.0,56.0,46.08261455376383,54,6,10,0,0.1,0.2666666666666666,294.0,0.1355041762844322,0.156743586917564,0.0187074829931972,0.0797163128480107,17,0,128,56,43,184,6,6,0,0.6872143627230507,0.3512385487549321,9,60,178,50,0,128,0.6872143627230507,nenhuma,46.08261455376383,0.0,53,0,terminal,0.8833333333333332,j6043_10.sm,9,adaptativa,0,1.807692307692308,0.2833333333333333
True,189,78,0.6091151815146691,0.0,27.29952304749936,205.0,476.0,0.0,234.0,71.46139588303245,47,13,2,0,0.2166666666666666,0.25,294.0,0.1955374676725199,0.2430659723912668,0.0928555205697257,0.0914458426987078,33,0,0,234,27,234,26,4,208,0.5820371027673271,0.4175993861121362,21,60,0,0,208,0,0.5820371027673271,nenhuma,71.46139588303244,0.0,78,0,terminal,0.25,j6043_10.sm,10,centralizada,0,2.423076923076923,0.55
True,133,78,0.5607987760629891,0.0,8.46993226206127,270.0,350.0,165.0,61.0,48.109778657376864,57,3,9,0,0.05,0.2,294.0,0.1406267276141172,0.1636387029162478,0.0288092934083716,0.0770854428220521,31,0,165,61,29,226,17,7,0,0.5820371027673271,0.4175993861121362,21,60,209,44,0,165,0.5820371027673271,nenhuma,48.109778657376864,0.0,52,0,terminal,0.98,j6043_10.sm,10,adaptativa,0,1.705128205128205,0.5166666666666667
True,221,78,0.7562451678963531,4.440892098500626e-16,24.91857868838329,212.0,482.0,0.0,85.0,70.35944434630798,46,14,7,0,0.2333333333333333,0.35,294.0,0.1931044890919153,0.2393178379126121,0.0847570703686506,0.1103920950264892,23,0,0,85,37,85,6,6,79,0.7131697048371954,0.486713896835989,7,60,0,0,79,0,0.7131697048371954,nenhuma,70.35944434630797,0.0,79,0,terminal,0.25,j6043_10.sm,11,centralizada,0,2.833333333333333,0.3833333333333333
True,117,78,0.6832646467350906,0.0,7.5542846219665,263.0,369.0,84.0,41.0,46.0542846219665,54,6,11,0,0.1,0.2833333333333333,294.0,0.1354321551136001,0.1566472266053282,0.0256948456529472,0.0852771396012608,15,0,84,41,45,125,3,0,0,0.7131697048371954,0.486713896835989,7,60,122,38,0,84,0.7131697048371954,nenhuma,46.0542846219665,0.0,51,0,terminal,0.9572490849607196,j6043_10.sm,11,adaptativa,0,1.5,0.25
True,181,65,0.7189932190686418,4.440892098500626e-16,38.2629914062458,222.0,522.0,0.0,122.0,82.01519201555233,41,19,1,0,0.3166666666666666,0.3333333333333333,325.0,0.2015040067900425,0.2523544369709302,0.117732281249987,0.1129662201528634,33,0,0,122,27,122,13,25,109,0.6268507180531939,0.4857196752206667,22,60,0,0,109,0,0.6268507180531939,nenhuma,82.01519201555233,0.0,90,0,terminal,0.25,j6044_9.sm,0,centralizada,0,2.7846153846153845,0.55
True,124,65,0.7089454833643494,0.0,5.545945645079309,305.0,444.0,67.0,42.0,73.2822888622798,56,4,13,0,0.0666666666666666,0.2833333333333333,325.0,0.1839958514640849,0.2254839657300917,0.0170644481387055,0.1170115939178261,35,0,67,42,25,109,15,15,0,0.6268507180531939,0.4857196752206667,22,60,94,27,0,67,0.6268507180531939,nenhuma,73.2822888622798,0.0,79,0,terminal,0.9733333333333332,j6044_9.sm,0,adaptativa,0,1.907692307692308,0.5833333333333334
True,181,65,0.7289284230593446,3.552713678800501e-15,26.38866212797272,251.0,523.0,0.0,143.0,51.4915718129718,46,14,2,0,0.2333333333333333,0.2666666666666666,325.0,0.1367668645675581,0.1584356055783747,0.0811958834706852,0.0717660998900124,43,0,0,143,17,143,14,29,129,0.6586427040007742,0.3936211322074767,20,60,0,0,129,0,0.6586427040007742,nenhuma,51.4915718129718,0.0,57,0,terminal,0.25,j6044_9.sm,1,centralizada,0,2.7846153846153845,0.7166666666666667
True,140,65,0.6287412309124617,0.0,7.5,292.0,442.0,102.0,38.0,120.99191188487322,54,6,23,0,0.1,0.4833333333333333,325.0,0.2712872333794826,0.3722828057996099,0.023076923076923,0.1721099629161703,45,0,102,38,15,140,17,5,0,0.6586427040007742,0.3936211322074767,20,60,123,21,0,102,0.6586427040007742,nenhuma,120.9919118848732,0.0,133,0,terminal,0.9883333333333332,j6044_9.sm,1,adaptativa,0,2.1538461538461537,0.75
True,234,65,0.7491424170033291,7.105427357601002e-15,40.52710260999403,218.0,581.0,0.0,95.0,99.55346862360108,39,21,2,0,0.35,0.3833333333333333,325.0,0.2344898251481789,0.3063183649956956,0.1246987772615201,0.1283644167052488,47,0,0,95,13,95,8,15,87,0.7659648859265082,0.2570239140832174,10,60,0,0,87,0,0.7659648859265082,nenhuma,99.55346862360106,0.0,109,0,terminal,0.25,j6044_9.sm,2,centralizada,0,3.6,0.7833333333333333
True,134,65,0.7125172826292129,0.0,8.5,298.0,444.0,51.0,34.0,94.14277958511398,56,4,19,0,0.0666666666666666,0.3833333333333333,325.0,0.2246079001487289,0.2896700910311199,0.0261538461538461,0.1510773817323116,31,0,51,34,29,85,11,13,0,0.7659648859265082,0.2570239140832174,10,60,74,23,0,51,0.7659648859265082,nenhuma,94.14277958511398,0.0,102,0,terminal,0.9565246304308972,j6044_9.sm,2,adaptativa,0,2.0615384615384613,0.5166666666666667
True,261,65,0.626357769197648,0.0,52.21568600214288,160.0,578.0,0.0,193.0,151.79529116467518,29,31,4,0,0.5166666666666667,0.5833333333333334,325.0,0.3183657514609309,0.4670624343528467,0.1606636492373627,0.1644950864162861,51,0,0,193,9,193,3,2,190,0.794910294566222,0.2433201962422982,6,60,0,0,190,0,0.794910294566222,nenhuma,151.7952911646752,0.0,163,0,terminal,0.25,j6044_9.sm,3,centralizada,0,4.015384615384615,0.85
True,147,65,0.6366594042471234,0.0,8.128071164803764,291.0,448.0,121.0,49.0,85.67294822225844,53,7,15,0,0.1166666666666666,0.3666666666666666,325.0,0.208616001110187,0.2636090714531029,0.0250094497378577,0.1217510896769591,42,0,121,49,18,170,3,6,0,0.794910294566222,0.2433201962422982,6,60,167,46,0,121,0.794910294566222,nenhuma,85.67294822225846,0.0,95,0,terminal,0.89,j6044_9.sm,3,adaptativa,0,2.261538461538461,0.7
True,236,65,0.696067306459405,5.3290705182007506e-15,45.51801598378687,229.0,573.0,0.0,149.0,101.19625513602207,40,20,3,0,0.3333333333333333,0.3833333333333333,325.0,0.2374405075514446,0.3113730927262217,0.1400554337962672,0.1229308983181668,50,0,0,149,10,149,8,33,141,0.7496468789669437,0.3530323246498424,11,60,0,0,141,0,0.7496468789669437,nenhuma,101.19625513602207,0.0,110,0,terminal,0.25,j6044_9.sm,4,centralizada,0,3.630769230769231,0.8333333333333334
True,137,65,0.6493186564971075,0.0,6.677476729622265,305.0,442.0,108.0,77.0,53.713538071532255,57,3,11,0,0.05,0.2333333333333333,325.0,0.1418315763018398,0.1652724248354838,0.0205460822449915,0.0789076976839673,40,0,108,77,20,185,8,22,0,0.7496468789669437,0.3530323246498424,11,60,177,69,0,108,0.7496468789669437,nenhuma,53.713538071532255,0.0,58,0,terminal,0.8718581915813374,j6044_9.sm,4,adaptativa,0,2.107692307692308,0.6666666666666666
True,169,65,0.7143348207552283,0.0,33.651968093341274,193.0,573.0,0.0,115.0,114.1448532975021,39,21,6,0,0.35,0.45,325.0,0.2599252898910186,0.3512149332230834,0.1035445172102808,0.1422995520425881,50,0,0,115,10,115,16,2,99,0.6863255838987572,0.3910769205246226,16,60,0,0,99,0,0.6863255838987572,nenhuma,114.14485329750212,0.0,123,0,terminal,0.25,j6044_9.sm,5,centralizada,0,2.6,0.8333333333333334
True,133,65,0.6557892777478531,0.0,7.565278211007033,289.0,446.0,86.0,45.0,103.09651138499436,53,7,20,0,0.1166666666666666,0.45,325.0,0.2408253948425147,0.3172200350307518,0.0232777791107908,0.1515910016580465,39,0,86,45,21,131,25,6,0,0.6863255838987572,0.3910769205246226,16,60,106,20,0,86,0.6863255838987572,nenhuma,103.09651138499436,0.0,113,0,terminal,0.9833843271883054,j6044_9.sm,5,adaptativa,0,2.046153846153846,0.65
True,235,65,0.7748087720260641,1.3322676295501878e-15,35.63993927974936,236.0,552.0,0.0,87.0,73.43385455815547,43,17,3,0,0.2833333333333333,0.3333333333333333,325.0,0.1843062624273988,0.2259503217174014,0.109661351629998,0.1030746280350453,39,0,0,87,21,87,1,24,86,0.7631789564580391,0.2436049793851584,10,60,0,0,86,0,0.7631789564580391,nenhuma,73.43385455815549,0.0,81,0,terminal,0.25,j6044_9.sm,6,centralizada,0,3.615384615384616,0.65
True,136,65,0.6706122824049437,0.0,6.11729390715861,311.0,435.0,63.0,70.0,80.66094972195702,58,2,18,0,0.0333333333333333,0.3333333333333333,325.0,0.1988383396953604,0.2481875376060216,0.0188224427912572,0.1243499392965333,36,0,63,70,24,133,3,38,0,0.7631789564580391,0.2436049793851584,10,60,130,67,0,63,0.7631789564580391,nenhuma,80.66094972195702,0.0,90,0,terminal,0.8685194614061656,j6044_9.sm,6,adaptativa,0,2.0923076923076924,0.6
True,205,65,0.7287785775867658,0.0,40.90818775718594,213.0,539.0,0.0,104.0,96.5936386945026,41,19,3,0,0.3166666666666666,0.3666666666666666,325.0,0.2291155032452868,0.2972111959830849,0.1258713469451875,0.1306036634725595,41,0,0,104,19,104,8,15,96,0.5858494645010164,0.4310024134004245,25,60,0,0,96,0,0.5858494645010164,nenhuma,96.5936386945026,0.0,105,0,terminal,0.25,j6044_9.sm,7,centralizada,0,3.1538461538461537,0.6833333333333333
True,128,65,0.6401437556454973,0.0,8.374918691816621,284.0,424.0,78.0,63.0,97.35122386291818,54,6,15,0,0.1,0.35,325.0,0.2304982639153315,0.2995422272705174,0.0257689805902049,0.1469782501422028,36,0,78,63,24,141,10,22,0,0.5858494645010164,0.4310024134004245,25,60,131,53,0,78,0.5858494645010164,nenhuma,97.35122386291818,0.0,107,0,terminal,0.9116666666666666,j6044_9.sm,7,adaptativa,0,1.9692307692307691,0.6
True,213,65,0.6319951408598207,1.7763568394002505e-15,60.88168749283859,155.0,573.0,0.0,190.0,143.6525404300442,30,30,2,0,0.5,0.5333333333333333,325.0,0.3065224831561267,0.4420078167078283,0.1873282692087341,0.1584427705479177,55,0,0,190,5,190,20,3,170,0.5273323364698471,0.2724902104363956,34,60,0,0,170,0,0.5273323364698471,nenhuma,143.6525404300442,0.0,154,0,terminal,0.25,j6044_9.sm,8,centralizada,0,3.276923076923077,0.9166666666666666
True,148,65,0.5947363576673986,0.0,10.721276377705944,309.0,438.0,138.0,78.0,82.46077686904728,56,4,16,0,0.0666666666666666,0.3333333333333333,325.0,0.2023772140785691,0.2537254672893762,0.0329885427006336,0.111969000195254,45,0,138,78,15,216,15,27,0,0.5273323364698471,0.2724902104363956,34,60,201,63,0,138,0.5273323364698471,nenhuma,82.46077686904728,0.0,91,0,terminal,0.89,j6044_9.sm,8,adaptativa,0,2.276923076923077,0.75
True,262,65,0.6590708335933949,0.0,52.73846405087832,211.0,562.0,0.0,173.0,117.71562835796574,40,20,4,0,0.3333333333333333,0.4,325.0,0.2658944496596461,0.3622019334091254,0.1622721970796256,0.1380479311545458,51,0,0,173,9,173,21,15,152,0.6872143627230507,0.3512385487549321,16,60,0,0,152,0,0.6872143627230507,nenhuma,117.71562835796574,0.0,128,0,terminal,0.25,j6044_9.sm,9,centralizada,0,4.030769230769231,0.85
True,149,65,0.5882403591817355,0.0,12.19710109750483,288.0,462.0,131.0,53.0,139.39323728596162,53,7,24,0,0.1166666666666666,0.5166666666666667,325.0,0.300162074065964,0.4289022685721896,0.0375295418384764,0.1774820951701275,39,0,131,53,21,184,13,14,0,0.6872143627230507,0.3512385487549321,16,60,171,40,0,131,0.6872143627230507,nenhuma,139.39323728596162,0.0,152,0,terminal,0.9233333333333332,j6044_9.sm,9,adaptativa,0,2.292307692307692,0.65
True,245,65,0.6800941100791731,0.0,74.56603933720504,183.0,598.0,0.0,142.0,139.29007344348838,35,25,3,0,0.4166666666666667,0.4666666666666667,325.0,0.3000065722069379,0.4285848413645796,0.2294339671914001,0.1584119708050366,51,0,0,142,9,142,25,10,117,0.5820371027673271,0.4175993861121362,25,60,0,0,117,0,0.5820371027673271,nenhuma,139.29007344348832,0.0,149,0,terminal,0.25,j6044_9.sm,10,centralizada,0,3.769230769230769,0.85
True,147,65,0.6431548515254035,0.0,6.0,288.0,464.0,119.0,45.0,93.44367549977632,53,7,19,0,0.1166666666666666,0.4333333333333333,325.0,0.2233124335985483,0.2875190015377732,0.0184615384615384,0.1295231750906177,42,0,119,45,18,164,20,7,0,0.5820371027673271,0.4175993861121362,25,60,144,25,0,119,0.5820371027673271,nenhuma,93.44367549977632,0.0,102,0,terminal,0.9583333333333334,j6044_9.sm,10,adaptativa,0,2.261538461538461,0.7
True,225,65,0.7669353333501147,0.0,30.648898298870627,233.0,585.0,0.0,86.0,91.77617494112884,42,18,4,0,0.3,0.3666666666666666,325.0,0.2202049456260127,0.2823882305880887,0.0943043024580634,0.1203186176445693,43,0,0,86,17,86,10,9,76,0.7131697048371954,0.486713896835989,15,60,0,0,76,0,0.7131697048371954,nenhuma,91.77617494112884,0.0,100,0,terminal,0.25,j6044_9.sm,11,centralizada,0,3.4615384615384617,0.7166666666666667
True,130,65,0.6301710919822973,4.440892098500626e-16,4.5,298.0,421.0,86.0,59.0,102.07253673868412,55,5,23,0,0.0833333333333333,0.4666666666666667,325.0,0.2390051524224793,0.3140693438113358,0.0138461538461538,0.1527866079287879,36,0,86,59,24,145,7,17,0,0.7131697048371954,0.486713896835989,15,60,138,52,0,86,0.7131697048371954,nenhuma,102.07253673868414,0.0,112,0,terminal,0.92,j6044_9.sm,11,adaptativa,0,2.0,0.6
True,375,79,0.6876259379136173,8.881784197001252e-15,34.58585624470581,226.0,578.0,0.0,113.0,149.57329447716523,37,23,3,0,0.3833333333333333,0.4333333333333333,362.0,0.2923790121414198,0.4131858963457603,0.095541039350016,0.177942001560018,45,0,0,113,15,113,20,0,93,0.6268507180531939,0.4857196752206667,29,60,0,0,93,0,0.6268507180531939,nenhuma,149.57329447716523,0.0,161,0,terminal,0.25,j6045_8.sm,0,centralizada,0,4.746835443037975,0.75
True,268,79,0.602193791335604,0.0,10.201349355331654,315.0,444.0,112.0,33.0,148.30418079411544,53,7,15,0,0.1166666666666666,0.3666666666666666,362.0,0.2906191765141533,0.4096800574423078,0.0281805230810266,0.2011438218543451,43,0,112,33,17,145,14,0,0,0.6268507180531939,0.4857196752206667,29,60,131,19,0,112,0.6268507180531939,nenhuma,148.30418079411544,0.0,158,0,terminal,0.9783333333333334,j6045_8.sm,0,adaptativa,0,3.392405063291139,0.7166666666666667
True,334,79,0.7221687002173722,0.0,41.45539485760668,224.0,589.0,0.0,80.0,146.59890344556806,36,24,3,0,0.4,0.45,362.0,0.2882406990113724,0.4049693465347184,0.1145176653525046,0.1797438702115075,47,0,0,80,13,80,13,0,67,0.6586427040007742,0.3936211322074767,25,60,0,0,67,0,0.6586427040007742,nenhuma,146.59890344556806,0.0,160,0,terminal,0.25,j6045_8.sm,1,centralizada,0,4.227848101265823,0.7833333333333333
True,272,79,0.6732897782376641,0.0,8.99757456571616,321.0,451.0,71.0,19.0,128.84530966813793,53,7,19,0,0.1166666666666666,0.4333333333333333,362.0,0.2624967726700916,0.355926269801486,0.0248551783583319,0.1923508425131346,42,0,71,19,18,90,9,0,0,0.6586427040007742,0.3936211322074767,25,60,81,10,0,71,0.6586427040007742,nenhuma,128.84530966813793,0.0,141,0,terminal,0.965,j6045_8.sm,1,adaptativa,0,3.4430379746835444,0.7
True,377,79,0.7430791829383578,8.881784197001252e-16,50.98352999016715,219.0,599.0,0.0,58.0,149.10520891108058,38,22,4,0,0.3666666666666666,0.4333333333333333,362.0,0.2917309514977397,0.4118928422958027,0.1408384806358208,0.1849699112011668,43,0,0,58,17,58,4,0,54,0.7659648859265082,0.2570239140832174,10,60,0,0,54,0,0.7659648859265082,nenhuma,149.10520891108058,0.0,161,0,terminal,0.25,j6045_8.sm,2,centralizada,0,4.772151898734177,0.7166666666666667
True,303,79,0.6743111602582798,0.0,11.376552440012698,316.0,482.0,54.0,18.0,160.80353345387422,53,7,23,0,0.1166666666666666,0.5,362.0,0.3075792781879917,0.4442086559499288,0.031426940442024,0.2249618614458776,42,0,54,18,18,72,1,0,0,0.7659648859265082,0.2570239140832174,10,60,71,17,0,54,0.7659648859265082,nenhuma,160.8035334538742,0.0,173,0,terminal,0.9238766371724356,j6045_8.sm,2,adaptativa,0,3.835443037974684,0.7
True,364,79,0.7414142193041389,3.552713678800501e-15,31.28909022802828,238.0,590.0,0.0,81.0,124.77648315640602,40,20,1,0,0.3333333333333333,0.35,362.0,0.256332192441421,0.3446864175591326,0.0864339509061554,0.1567984048252929,45,0,0,81,15,81,1,0,80,0.794910294566222,0.2433201962422982,9,60,0,0,80,0,0.794910294566222,nenhuma,124.77648315640602,0.0,135,0,terminal,0.25,j6045_8.sm,3,centralizada,0,4.6075949367088604,0.75
True,267,79,0.6678454045451285,0.0,15.582770179672837,314.0,477.0,92.0,33.0,112.23715242135424,51,9,14,0,0.15,0.3833333333333333,362.0,0.2366688308756392,0.3100473823794316,0.0430463264631846,0.1571426969891668,44,0,92,33,16,125,1,0,0,0.794910294566222,0.2433201962422982,9,60,124,32,0,92,0.794910294566222,nenhuma,112.23715242135424,0.0,121,0,terminal,0.9003105533603052,j6045_8.sm,3,adaptativa,0,3.3797468354430378,0.7333333333333333
True,361,79,0.7452425960540809,6.217248937900877e-15,30.783296726217085,235.0,595.0,0.0,82.0,121.39773404044912,41,19,2,0,0.3166666666666666,0.35,362.0,0.251134263757825,0.3353528564653291,0.0850367312878925,0.1520517016325835,44,0,0,82,16,82,2,0,80,0.7496468789669437,0.3530323246498424,14,60,0,0,80,0,0.7496468789669437,nenhuma,121.39773404044912,0.0,129,0,terminal,0.25,j6045_8.sm,4,centralizada,0,4.569620253164557,0.7333333333333333
True,276,79,0.6451134840407455,0.0,9.607962260617128,320.0,478.0,89.0,33.0,140.95490456344166,53,7,20,0,0.1166666666666666,0.45,362.0,0.2802535640561825,0.3893781894017725,0.0265413322116495,0.1902341204509469,45,0,89,33,15,122,1,0,0,0.7496468789669437,0.3530323246498424,14,60,121,32,0,89,0.7496468789669437,nenhuma,140.95490456344166,0.0,153,0,terminal,0.9031052219603508,j6045_8.sm,4,adaptativa,0,3.4936708860759493,0.75
True,359,79,0.655402114228886,4.440892098500626e-15,26.85821276396497,207.0,584.0,0.0,132.0,175.05602090879097,34,26,5,0,0.4333333333333333,0.5166666666666667,362.0,0.3259548614920398,0.4835801682563286,0.0741939579115054,0.1964590517330782,51,0,0,132,9,132,21,0,111,0.6863255838987572,0.3910769205246226,20,60,0,0,111,0,0.6863255838987572,nenhuma,175.05602090879094,0.0,187,0,terminal,0.25,j6045_8.sm,5,centralizada,0,4.544303797468355,0.85
True,251,79,0.6692080907517903,4.440892098500626e-16,10.201349355331654,340.0,468.0,92.0,36.0,103.33404342772886,55,5,18,0,0.0833333333333333,0.3833333333333333,362.0,0.2220642243721368,0.285453158640135,0.0281805230810266,0.1477606365639594,45,0,92,36,15,128,15,0,0,0.6863255838987572,0.3910769205246226,20,60,113,21,0,92,0.6863255838987572,nenhuma,103.33404342772889,0.0,114,0,terminal,0.9660251000944824,j6045_8.sm,5,adaptativa,0,3.1772151898734178,0.75
True,365,79,0.7287185299451586,3.552713678800501e-15,36.30275007413651,229.0,590.0,0.0,80.0,139.64045204724223,40,20,4,0,0.3333333333333333,0.4,362.0,0.278367606673976,0.3857471051028791,0.1002838399838025,0.1724721778588877,39,0,0,80,21,80,7,0,73,0.7631789564580391,0.2436049793851584,11,60,0,0,73,0,0.7631789564580391,nenhuma,139.64045204724223,0.0,148,0,terminal,0.25,j6045_8.sm,6,centralizada,0,4.620253164556962,0.65
True,284,79,0.6825152061708886,0.0,11.586030979836291,295.0,478.0,51.0,13.0,158.35069648004017,49,11,17,0,0.1833333333333333,0.4666666666666667,362.0,0.3043153349293427,0.4374328632045308,0.0320056104415367,0.2261020047183649,39,0,51,13,21,64,6,0,0,0.7631789564580391,0.2436049793851584,11,60,58,7,0,51,0.7631789564580391,nenhuma,158.35069648004017,0.0,170,0,terminal,0.9666666666666668,j6045_8.sm,6,adaptativa,0,3.59493670886076,0.65
True,338,79,0.7143568231896097,0.0,35.173911987406576,233.0,571.0,0.0,91.0,137.3204256809361,40,20,4,0,0.3333333333333333,0.4,362.0,0.2750146371313945,0.3793381924887737,0.0971655027276424,0.1717964676856014,51,0,0,91,9,91,9,0,82,0.5858494645010164,0.4310024134004245,34,60,0,0,82,0,0.5858494645010164,nenhuma,137.32042568093613,0.0,149,0,terminal,0.25,j6045_8.sm,7,centralizada,0,4.278481012658228,0.85
True,279,79,0.6226609577761824,0.0,14.372140920371011,324.0,449.0,119.0,34.0,119.09868844770996,54,6,18,0,0.1,0.4,362.0,0.2475556290373355,0.329001901789254,0.0397020467413563,0.1651628138501965,47,0,119,34,13,153,21,0,0,0.5858494645010164,0.4310024134004245,34,60,132,13,0,119,0.5858494645010164,nenhuma,119.09868844770996,0.0,129,0,terminal,0.9966666666666668,j6045_8.sm,7,adaptativa,0,3.5316455696202533,0.7833333333333333
True,402,79,0.6302314136742984,0.0,42.27635318369312,216.0,586.0,0.0,183.0,160.8171866482729,35,25,4,0,0.4166666666666667,0.4833333333333333,362.0,0.3075973605214765,0.444246371956555,0.1167855060323014,0.1729557045809975,58,0,0,183,2,183,19,0,164,0.5273323364698471,0.2724902104363956,44,60,0,0,164,0,0.5273323364698471,nenhuma,160.8171866482729,0.0,172,0,terminal,0.25,j6045_8.sm,8,centralizada,0,5.0886075949367084,0.9666666666666668
True,288,79,0.5760258141094469,0.0,14.520160943612268,322.0,460.0,152.0,48.0,138.57532202992286,53,7,20,0,0.1166666666666666,0.45,362.0,0.2768321088382364,0.3828047569887371,0.040110941833183,0.173528179756011,52,0,152,48,8,200,19,0,0,0.5273323364698471,0.2724902104363956,44,60,181,29,0,152,0.5273323364698471,nenhuma,138.57532202992286,0.0,152,0,terminal,0.9483333333333333,j6045_8.sm,8,adaptativa,0,3.645569620253165,0.8666666666666667
True,360,79,0.7054503295169477,5.3290705182007506e-15,42.62794846909891,223.0,574.0,0.0,101.0,138.66465643731797,37,23,2,0,0.3833333333333333,0.4166666666666667,362.0,0.276961144859001,0.3830515371196629,0.1177567637267925,0.1704199086690946,44,0,0,101,16,101,11,0,90,0.6872143627230507,0.3512385487549321,20,60,0,0,90,0,0.6872143627230507,nenhuma,138.66465643731794,0.0,149,0,terminal,0.25,j6045_8.sm,9,centralizada,0,4.556962025316456,0.7333333333333333
True,313,79,0.6203683066497286,0.0,17.667548457279565,285.0,467.0,63.0,21.0,201.77862359218943,49,11,20,0,0.1833333333333333,0.5166666666666667,362.0,0.3579039983930757,0.5573995126856062,0.0488053824786728,0.2680451028608127,44,0,63,21,16,84,7,0,0,0.6872143627230507,0.3512385487549321,20,60,77,14,0,63,0.6872143627230507,nenhuma,201.77862359218943,0.0,215,0,terminal,0.955,j6045_8.sm,9,adaptativa,0,3.962025316455696,0.7333333333333333
True,393,79,0.6571081943912842,1.7763568394002505e-15,36.04272923078233,229.0,589.0,0.0,153.0,154.3516282818896,40,20,4,0,0.3333333333333333,0.4,362.0,0.2989273584659349,0.4263857134858828,0.0995655503612771,0.1721998637719306,54,0,0,153,6,153,18,0,135,0.5820371027673271,0.4175993861121362,35,60,0,0,135,0,0.5820371027673271,nenhuma,154.35162828188956,0.0,167,0,terminal,0.25,j6045_8.sm,10,centralizada,0,4.974683544303797,0.9
True,327,79,0.5600340004790557,0.0,12.583898402482472,297.0,484.0,155.0,39.0,186.2332422424069,52,8,21,0,0.1333333333333333,0.4833333333333333,362.0,0.3396970995058011,0.514456470282892,0.0347621502831007,0.2154895613123971,48,0,155,39,12,194,18,0,0,0.5820371027673271,0.4175993861121362,35,60,176,21,0,155,0.5820371027673271,nenhuma,186.2332422424069,0.0,198,0,terminal,0.9733333333333332,j6045_8.sm,10,adaptativa,0,4.139240506329114,0.8
True,380,79,0.771259036078459,0.0,27.836657171903035,244.0,585.0,0.0,43.0,130.50002740258185,40,20,5,0,0.3333333333333333,0.4166666666666667,362.0,0.2649746601859736,0.3604973132668007,0.0768968430163067,0.1720501287909876,41,0,0,43,19,43,6,0,37,0.7131697048371954,0.486713896835989,18,60,0,0,37,0,0.7131697048371954,nenhuma,130.50002740258185,0.0,140,0,terminal,0.25,j6045_8.sm,11,centralizada,0,4.810126582278481,0.6833333333333333
True,294,79,0.7024439704437776,0.0,12.583898402482472,320.0,480.0,34.0,17.0,152.32852184175505,54,6,19,0,0.1,0.4166666666666667,362.0,0.2961696957739832,0.4207970216623067,0.0347621502831007,0.2229213576965711,50,0,34,17,10,51,1,0,0,0.7131697048371954,0.486713896835989,18,60,50,16,0,34,0.7131697048371954,nenhuma,152.32852184175505,0.0,165,0,terminal,0.94,j6045_8.sm,11,adaptativa,0,3.721518987341772,0.8333333333333334
True,278,79,0.6839080920408438,0.0,34.73179213057266,219.0,544.0,0.0,142.0,109.42851785340729,39,21,0,0,0.35,0.35,345.0,0.2408046888657359,0.3171841097200211,0.1006718612480366,0.1375717809926124,43,0,0,142,17,142,28,0,114,0.6268507180531939,0.4857196752206667,30,60,0,0,114,0,0.6268507180531939,nenhuma,109.42851785340729,0.0,120,0,terminal,0.25,j6046_10.sm,0,centralizada,0,3.518987341772152,0.7166666666666667
True,152,79,0.6744515379775088,0.0,5.973810989380288,321.0,395.0,99.0,32.0,59.6610560700837,55,5,8,0,0.0833333333333333,0.2166666666666666,345.0,0.147434637396268,0.1729305973045904,0.0173153941721167,0.1018695975286844,36,0,99,32,24,131,17,0,0,0.6268507180531939,0.4857196752206667,30,60,114,15,0,99,0.6268507180531939,nenhuma,59.6610560700837,0.0,64,0,terminal,0.9916666666666668,j6046_10.sm,0,adaptativa,0,1.9240506329113924,0.6
True,256,79,0.7364367190958709,0.0,31.23106334329188,253.0,549.0,0.0,111.0,85.48156788544112,45,15,3,0,0.25,0.3,345.0,0.1985719581568456,0.2477726605375105,0.0905248212849039,0.1146662393382973,42,0,0,111,18,111,13,0,98,0.6586427040007742,0.3936211322074767,25,60,0,0,98,0,0.6586427040007742,nenhuma,85.48156788544111,0.0,94,0,terminal,0.25,j6046_10.sm,1,centralizada,0,3.240506329113924,0.7
True,159,79,0.6913904601451878,0.0,9.617233708750986,308.0,420.0,84.0,29.0,74.47150013004604,54,6,13,0,0.1,0.3166666666666666,345.0,0.1775364955830327,0.2158594206668001,0.0278760397355101,0.1225925827205117,34,0,84,29,26,113,11,0,0,0.6586427040007742,0.3936211322074767,25,60,102,18,0,84,0.6586427040007742,nenhuma,74.47150013004604,0.0,82,0,terminal,0.9616666666666666,j6046_10.sm,1,adaptativa,0,2.0126582278481013,0.5666666666666667
True,243,79,0.750446611749493,7.105427357601002e-15,52.75162638600754,232.0,565.0,0.0,81.0,106.88500361515788,41,19,3,0,0.3166666666666666,0.3666666666666666,345.0,0.2365314244997276,0.309811604681617,0.1529032648869784,0.1419672368315531,36,0,0,81,24,81,4,0,77,0.7659648859265082,0.2570239140832174,6,60,0,0,77,0,0.7659648859265082,nenhuma,106.88500361515788,0.0,117,0,terminal,0.25,j6046_10.sm,2,centralizada,0,3.075949367088608,0.6
True,184,79,0.6583215809078146,0.0,9.53780372753824,292.0,430.0,78.0,30.0,115.17621732381474,52,8,18,0,0.1333333333333333,0.4333333333333333,345.0,0.2502872008328237,0.3338441081849702,0.0276458079059079,0.1763325336548738,36,0,78,30,24,108,4,0,0,0.7659648859265082,0.2570239140832174,6,60,104,26,0,78,0.7659648859265082,nenhuma,115.17621732381474,0.0,126,0,terminal,0.9383333333333334,j6046_10.sm,2,adaptativa,0,2.329113924050633,0.6
True,222,79,0.6547391016848216,0.0,36.98090324785224,222.0,576.0,0.0,180.0,123.73972918036428,39,21,4,0,0.35,0.4166666666666667,345.0,0.2639838730903712,0.3586658816822153,0.107191023906818,0.1406549290386715,43,0,0,180,17,180,0,0,180,0.794910294566222,0.2433201962422982,5,60,0,0,180,0,0.794910294566222,nenhuma,123.73972918036428,0.0,135,0,terminal,0.25,j6046_10.sm,3,centralizada,0,2.810126582278481,0.7166666666666667
True,197,79,0.5802650521958883,0.0,12.910304511453212,315.0,425.0,166.0,51.0,90.42391281652904,55,5,13,0,0.0833333333333333,0.3,345.0,0.2076686882712163,0.2620982980189247,0.0374211724969658,0.1234584388005639,38,0,166,51,22,217,0,0,0,0.794910294566222,0.2433201962422982,5,60,217,51,0,166,0.794910294566222,nenhuma,90.42391281652904,0.0,98,0,terminal,0.8483333333333333,j6046_10.sm,3,adaptativa,0,2.4936708860759493,0.6333333333333333
True,372,79,0.6673711428077617,1.7763568394002505e-15,47.04302318989424,213.0,601.0,0.0,141.0,158.54837773098012,41,19,5,0,0.3166666666666666,0.4,345.0,0.3148622550337841,0.4595605151622612,0.1363565889562152,0.1760575907431628,44,0,0,141,16,141,7,6,134,0.7496468789669437,0.3530323246498424,7,60,0,0,134,0,0.7496468789669437,nenhuma,158.54837773098012,0.0,169,0,terminal,0.25,j6046_10.sm,4,centralizada,0,4.708860759493671,0.7333333333333333
True,168,79,0.6899113179468777,0.0,16.507480868454312,308.0,457.0,83.0,38.0,84.4039758617041,54,6,10,0,0.1,0.2666666666666666,345.0,0.1965607693601971,0.2446492053962437,0.0478477706332009,0.1274206963385223,37,0,83,38,23,121,4,0,0,0.7496468789669437,0.3530323246498424,7,60,117,34,0,83,0.7496468789669437,nenhuma,84.40397586170407,0.0,90,0,terminal,0.9499999999999998,j6046_10.sm,4,adaptativa,0,2.1265822784810124,0.6166666666666667
True,215,79,0.6868851912307239,0.0,35.00855448673255,236.0,558.0,0.0,149.0,105.3628331544106,40,20,6,0,0.3333333333333333,0.4333333333333333,345.0,0.2339509955038543,0.3053995163895959,0.1014740709760363,0.1296992290320397,45,0,0,149,15,149,1,0,148,0.6863255838987572,0.3910769205246226,16,60,0,0,148,0,0.6863255838987572,nenhuma,105.3628331544106,0.0,116,0,terminal,0.25,j6046_10.sm,5,centralizada,0,2.721518987341772,0.75
True,172,79,0.65404324494604,0.0,4.475793929922853,328.0,417.0,97.0,35.0,88.57252019995012,56,4,18,0,0.0666666666666666,0.3666666666666666,345.0,0.2042853642087446,0.2567319426085511,0.0129733157389068,0.1389214832724797,36,0,97,35,24,132,2,0,0,0.6863255838987572,0.3910769205246226,16,60,130,33,0,97,0.6863255838987572,nenhuma,88.5725201999501,0.0,97,0,terminal,0.9499382559421188,j6046_10.sm,5,adaptativa,0,2.1772151898734178,0.6
True,267,79,0.7763193521101388,0.0,30.53007457270474,242.0,578.0,0.0,70.0,96.5389560738368,42,18,4,0,0.3,0.3666666666666666,345.0,0.2186419901253128,0.2798230610835849,0.0884929697759557,0.1296627332744465,33,0,0,70,27,70,8,0,62,0.7631789564580391,0.2436049793851584,6,60,0,0,62,0,0.7631789564580391,nenhuma,96.53895607383676,0.0,107,0,terminal,0.25,j6046_10.sm,6,centralizada,0,3.3797468354430378,0.55
True,172,79,0.74123990124536,0.0,5.950474716740716,317.0,438.0,44.0,20.0,88.90181095771352,55,5,14,0,0.0833333333333333,0.3166666666666666,345.0,0.2048892369485352,0.2576864085730826,0.017247752802147,0.1504510720886512,22,0,44,20,38,64,5,0,0,0.7631789564580391,0.2436049793851584,6,60,59,15,0,44,0.7631789564580391,nenhuma,88.90181095771352,0.0,96,0,terminal,0.95,j6046_10.sm,6,adaptativa,0,2.1772151898734178,0.3666666666666666
True,218,79,0.6613520069491547,0.0,44.34180652703906,215.0,536.0,0.0,163.0,111.46098653664193,43,17,4,0,0.2833333333333333,0.35,345.0,0.2441851326273083,0.3230753232946142,0.1285269754406929,0.1375278864599642,43,0,0,163,17,163,13,0,150,0.5858494645010164,0.4310024134004245,34,60,0,0,150,0,0.5858494645010164,nenhuma,111.46098653664193,0.0,119,0,terminal,0.25,j6046_10.sm,7,centralizada,0,2.759493670886076,0.7166666666666667
True,175,79,0.6391761878281803,0.0,10.821334683970626,308.0,422.0,113.0,41.0,84.22484572507196,55,5,16,0,0.0833333333333333,0.35,345.0,0.19622546682449,0.2441299876089042,0.0313661874897699,0.1275699426800192,43,0,113,41,17,154,20,0,0,0.5858494645010164,0.4310024134004245,34,60,134,21,0,113,0.5858494645010164,nenhuma,84.22484572507196,0.0,93,0,terminal,1.0,j6046_10.sm,7,adaptativa,0,2.2151898734177213,0.7166666666666667
True,251,79,0.6542205958315269,0.0,31.02284253518099,206.0,588.0,0.0,171.0,139.77940827075415,39,21,5,0,0.35,0.4333333333333333,345.0,0.2883361089311903,0.4051577051326208,0.0899212827106695,0.15552137374808,57,0,0,171,3,171,8,0,163,0.5273323364698471,0.2724902104363956,41,60,0,0,163,0,0.5273323364698471,nenhuma,139.77940827075415,0.0,150,0,terminal,0.25,j6046_10.sm,8,centralizada,0,3.1772151898734178,0.95
True,190,79,0.5689796021746762,0.0,9.555941548195616,335.0,445.0,184.0,67.0,86.10185092608182,58,2,16,0,0.0333333333333333,0.3,345.0,0.1997250782874628,0.24957058239444,0.0276983812991177,0.1100903300818546,49,0,184,67,11,251,11,0,0,0.5273323364698471,0.2724902104363956,41,60,240,56,0,184,0.5273323364698471,nenhuma,86.10185092608182,0.0,94,0,terminal,0.9216666666666664,j6046_10.sm,8,adaptativa,0,2.4050632911392404,0.8166666666666667
True,259,79,0.709804003140267,0.0,36.83854041369291,208.0,561.0,0.0,116.0,113.35902519295692,40,20,5,0,0.3333333333333333,0.4166666666666667,345.0,0.2473149190096907,0.3285768846172665,0.106778378010704,0.1434272546774317,41,0,0,116,19,116,5,0,111,0.6872143627230507,0.3512385487549321,16,60,0,0,111,0,0.6872143627230507,nenhuma,113.35902519295696,0.0,124,0,terminal,0.25,j6046_10.sm,9,centralizada,0,3.278481012658228,0.6833333333333333
True,200,79,0.5819301093476998,0.0,9.709256230856314,320.0,432.0,141.0,46.0,123.3571887081762,55,5,20,0,0.0833333333333333,0.4166666666666667,345.0,0.2633827166151122,0.3575570687193513,0.0281427716836414,0.1661695886892912,36,0,141,46,24,187,12,0,0,0.6872143627230507,0.3512385487549321,16,60,175,34,0,141,0.6872143627230507,nenhuma,123.3571887081762,0.0,133,0,terminal,0.974028295544849,j6046_10.sm,9,adaptativa,0,2.5316455696202533,0.6
True,299,79,0.6300897286167128,0.0,27.80656840833059,220.0,580.0,0.0,229.0,111.50381661247071,39,21,3,0,0.35,0.4,345.0,0.2442560446479839,0.3231994684419441,0.0805987490096538,0.121133464739792,47,0,0,229,13,229,31,0,198,0.5820371027673271,0.4175993861121362,34,60,0,0,198,0,0.5820371027673271,nenhuma,111.50381661247071,0.0,121,0,terminal,0.25,j6046_10.sm,10,centralizada,0,3.784810126582279,0.7833333333333333
True,182,79,0.5607596056147355,0.0,10.647253838066751,288.0,420.0,168.0,54.0,106.9840491266716,52,8,13,0,0.1333333333333333,0.35,345.0,0.2366987271639061,0.3100986931207872,0.0308616053277297,0.1428388885603329,43,0,168,54,17,222,20,0,0,0.5820371027673271,0.4175993861121362,34,60,202,34,0,168,0.5820371027673271,nenhuma,106.9840491266716,0.0,115,0,terminal,0.9816666666666668,j6046_10.sm,10,adaptativa,0,2.3037974683544302,0.7166666666666667
True,296,79,0.7713782788777723,3.552713678800501e-15,25.381919510887947,226.0,581.0,0.0,71.0,101.19725212545372,40,20,4,0,0.3333333333333333,0.4,345.0,0.2267993620386548,0.293325368479576,0.0735707811909795,0.1343569056311402,40,0,0,71,20,71,1,0,70,0.7131697048371954,0.486713896835989,13,60,0,0,70,0,0.7131697048371954,nenhuma,101.19725212545372,0.0,111,0,terminal,0.25,j6046_10.sm,11,centralizada,0,3.746835443037975,0.6666666666666666
True,179,79,0.7127728821127944,0.0,9.99276922560874,301.0,441.0,42.0,15.0,120.71040701322993,53,7,17,0,0.1166666666666666,0.4,345.0,0.259196284204576,0.349885237719507,0.0289645484800253,0.1951000106753478,39,0,42,15,21,57,1,0,0,0.7131697048371954,0.486713896835989,13,60,56,14,0,42,0.7131697048371954,nenhuma,120.71040701322993,0.0,129,0,terminal,0.9816666666666666,j6046_10.sm,11,adaptativa,0,2.2658227848101267,0.65
True,189,76,0.7009694428157593,0.0,37.02609181068164,244.0,503.0,0.0,159.0,55.5776421572302,47,13,2,0,0.2166666666666666,0.25,316.0,0.1495720836016095,0.1758786144216145,0.1171711766160811,0.0774517472285632,32,0,0,159,28,159,4,2,155,0.6268507180531939,0.4857196752206667,20,60,0,0,155,0,0.6268507180531939,nenhuma,55.57764215723021,0.0,62,0,terminal,0.25,j6047_4.sm,0,centralizada,0,2.486842105263158,0.5333333333333333
True,131,76,0.6277975651014007,8.881784197001252e-16,16.412035760216177,259.0,386.0,104.0,44.0,80.8478768592451,53,7,14,0,0.1166666666666666,0.35,316.0,0.2037251087220013,0.2558477115798895,0.0519368220260005,0.1314924876576475,29,0,104,44,31,148,14,2,0,0.6268507180531939,0.4857196752206667,20,60,134,30,0,104,0.6268507180531939,nenhuma,80.84787685924509,0.0,93,0,terminal,0.9916666666666668,j6047_4.sm,0,adaptativa,0,1.7236842105263157,0.4833333333333333
True,229,76,0.7038824396108597,1.7763568394002505e-15,33.07291510683948,232.0,505.0,0.0,137.0,75.44935174002691,48,12,4,0,0.2,0.2666666666666666,316.0,0.1927435858678725,0.2387637713291991,0.1046611237558211,0.105163314395699,30,0,0,137,30,137,24,16,113,0.6586427040007742,0.3936211322074767,16,60,0,0,113,0,0.6586427040007742,nenhuma,75.44935174002691,0.0,81,0,terminal,0.25,j6047_4.sm,1,centralizada,0,3.013157894736842,0.5
True,120,76,0.6380865533984011,0.0,6.052520364922904,291.0,355.0,118.0,35.0,48.35085570961584,56,4,10,0,0.0666666666666666,0.2333333333333333,316.0,0.1327041091078183,0.1530090370557463,0.0191535454586167,0.0869071292214427,20,0,118,35,40,153,20,2,0,0.6586427040007742,0.3936211322074767,16,60,133,15,0,118,0.6586427040007742,nenhuma,48.35085570961584,0.0,54,0,terminal,0.9616666666666666,j6047_4.sm,1,adaptativa,0,1.5789473684210529,0.3333333333333333
True,240,76,0.7462200462263866,4.884981308350689e-15,35.98645465918397,209.0,515.0,0.0,92.0,83.14495470115051,42,18,1,0,0.3,0.3166666666666666,316.0,0.2083076679834351,0.2631169452568054,0.113881185630329,0.1204746251273463,37,0,0,92,23,92,4,14,88,0.7659648859265082,0.2570239140832174,5,60,0,0,88,0,0.7659648859265082,nenhuma,83.14495470115051,0.0,92,0,terminal,0.25,j6047_4.sm,2,centralizada,0,3.1578947368421053,0.6166666666666667
True,117,76,0.6696441868559107,0.0,2.426557230843255,311.0,367.0,89.0,49.0,43.05224506334511,58,2,11,0,0.0333333333333333,0.2166666666666666,316.0,0.1199052384584023,0.1362412818460288,0.0076789785786178,0.0785550017377796,27,0,89,49,33,138,3,9,0,0.7659648859265082,0.2570239140832174,5,60,135,46,0,89,0.7659648859265082,nenhuma,43.05224506334511,0.0,49,0,terminal,0.8966666666666665,j6047_4.sm,2,adaptativa,0,1.5394736842105263,0.45
True,206,76,0.6978463226558765,4.440892098500626e-15,42.28968786450673,231.0,506.0,0.0,156.0,63.08800802196074,46,14,0,0,0.2333333333333333,0.2333333333333333,316.0,0.1664204793793055,0.1996455950062048,0.1338281261535023,0.0870073802407307,36,0,0,156,24,156,3,7,153,0.794910294566222,0.2433201962422982,2,60,0,0,153,0,0.794910294566222,nenhuma,63.088008021960746,0.0,68,0,terminal,0.25,j6047_4.sm,3,centralizada,0,2.710526315789474,0.6
True,149,76,0.580477937286131,8.881784197001252e-16,6.7462739676631,284.0,375.0,141.0,61.0,69.0193849110132,54,6,13,0,0.1,0.3166666666666666,316.0,0.1792621037171028,0.2184157750348519,0.0213489682520984,0.1068379471624065,31,0,141,61,29,202,5,8,0,0.794910294566222,0.2433201962422982,2,60,197,56,0,141,0.794910294566222,nenhuma,69.01938491101322,0.0,76,0,terminal,0.8866666666666666,j6047_4.sm,3,adaptativa,0,1.9605263157894737,0.5166666666666667
True,224,76,0.822238248337835,0.0,16.721654376182535,282.0,524.0,0.0,81.0,32.28487583650194,53,7,2,0,0.1166666666666666,0.15,316.0,0.0926967493462382,0.1021673285965251,0.0529166277727295,0.0506600377015455,32,0,0,81,28,81,5,10,76,0.7496468789669437,0.3530323246498424,5,60,0,0,76,0,0.7496468789669437,nenhuma,32.28487583650194,0.0,35,0,terminal,0.25,j6047_4.sm,4,centralizada,0,2.9473684210526314,0.5333333333333333
True,137,76,0.6327092345524287,0.0,17.804975196625474,251.0,410.0,112.0,52.0,74.00697952516754,52,8,8,0,0.1333333333333333,0.2666666666666666,316.0,0.1897580900097502,0.234199302294834,0.0563448582171692,0.1142070716266,25,0,112,52,35,164,7,8,0,0.7496468789669437,0.3530323246498424,5,60,157,45,0,112,0.7496468789669437,nenhuma,74.00697952516754,0.0,80,0,terminal,0.91,j6047_4.sm,4,adaptativa,0,1.8026315789473684,0.4166666666666667
True,188,76,0.6921012541263437,1.7763568394002505e-15,23.650187093171727,200.0,501.0,0.0,136.0,86.882520098052,41,19,2,0,0.3166666666666666,0.35,316.0,0.2156522454161249,0.2749446838545949,0.0748423642188978,0.1200229563303773,35,0,0,136,25,136,9,4,127,0.6863255838987572,0.3910769205246226,12,60,0,0,127,0,0.6863255838987572,nenhuma,86.88252009805198,0.0,94,0,terminal,0.25,j6047_4.sm,5,centralizada,0,2.473684210526316,0.5833333333333334
True,126,76,0.5873902713893603,0.0,4.693537475659518,295.0,360.0,120.0,60.0,72.88042641306998,56,4,16,0,0.0666666666666666,0.3333333333333333,316.0,0.1874108889596211,0.2306342608008544,0.014852966695125,0.1189145929159596,31,0,120,60,29,180,11,9,0,0.6863255838987572,0.3910769205246226,12,60,169,49,0,120,0.6863255838987572,nenhuma,72.88042641306998,0.0,80,0,terminal,0.9566666666666668,j6047_4.sm,5,adaptativa,0,1.6578947368421053,0.5166666666666667
True,246,76,0.8162488656139899,0.0,34.29245956013011,218.0,522.0,0.0,43.0,74.51084282040239,43,17,2,0,0.2833333333333333,0.3166666666666666,316.0,0.1908035184945434,0.2357938063936784,0.1085204416459813,0.1165122431572715,33,0,0,43,27,43,2,11,41,0.7631789564580391,0.2436049793851584,5,60,0,0,41,0,0.7631789564580391,nenhuma,74.51084282040239,0.0,83,0,terminal,0.25,j6047_4.sm,6,centralizada,0,3.236842105263158,0.55
True,123,76,0.6651217229352011,0.0,3.0,301.0,395.0,80.0,60.0,58.87625810333436,55,5,14,0,0.0833333333333333,0.3166666666666666,316.0,0.1570551797577566,0.1863172724789062,0.0094936708860759,0.0991389322270059,19,0,80,60,41,140,3,15,0,0.7631789564580391,0.2436049793851584,5,60,137,57,0,80,0.7631789564580391,nenhuma,58.87625810333436,0.0,65,0,terminal,0.9291586857592868,j6047_4.sm,6,adaptativa,0,1.618421052631579,0.3166666666666666
True,171,76,0.745942309869084,3.996802888650564e-15,40.0656984309646,234.0,478.0,0.0,112.0,50.80022499848681,47,13,1,0,0.2166666666666666,0.2333333333333333,316.0,0.1384956211482596,0.1607602056914139,0.1267901849081158,0.0792762284042687,32,0,0,112,28,112,21,1,91,0.5858494645010164,0.4310024134004245,24,60,0,0,91,0,0.5858494645010164,nenhuma,50.80022499848683,0.0,56,0,terminal,0.25,j6047_4.sm,7,centralizada,0,2.25,0.5333333333333333
True,115,76,0.584541920785344,0.0,9.0,273.0,337.0,141.0,57.0,41.51981494711902,54,6,5,0,0.1,0.1833333333333333,316.0,0.1161329056775783,0.1313918194529083,0.0284810126582278,0.0720180189312788,32,0,141,57,28,198,17,3,0,0.5858494645010164,0.4310024134004245,24,60,181,40,0,141,0.5858494645010164,nenhuma,41.519814947119016,0.0,44,0,terminal,0.9716666666666668,j6047_4.sm,7,adaptativa,0,1.513157894736842,0.5333333333333333
True,233,76,0.5713660380756315,0.0,51.90855673735515,150.0,524.0,0.0,252.0,141.1003613810143,34,26,4,0,0.4333333333333333,0.5,316.0,0.3086857357861518,0.4465201309525768,0.1642675846118833,0.1538548749108969,53,0,0,252,7,252,22,23,230,0.5273323364698471,0.2724902104363956,34,60,0,0,230,0,0.5273323364698471,nenhuma,141.10036138101435,0.0,155,0,terminal,0.25,j6047_4.sm,8,centralizada,0,3.0657894736842106,0.8833333333333333
True,153,76,0.488631083210526,0.0,13.9890386563487,263.0,391.0,194.0,95.0,120.19469377787858,51,9,16,0,0.15,0.4166666666666667,316.0,0.2755528563102713,0.3803629549932866,0.0442691096719895,0.1502068118077807,44,0,194,95,16,289,15,12,0,0.5273323364698471,0.2724902104363956,34,60,274,80,0,194,0.5273323364698471,nenhuma,120.1946937778786,0.0,130,0,terminal,0.92,j6047_4.sm,8,adaptativa,0,2.013157894736842,0.7333333333333333
True,262,76,0.6379535967375927,0.0,47.7359065869742,197.0,493.0,0.0,184.0,95.7834791137389,43,17,1,0,0.2833333333333333,0.3,316.0,0.2326064156820689,0.3031122756763889,0.1510629955283993,0.1239460750682552,35,0,0,184,25,184,16,6,168,0.6872143627230507,0.3512385487549321,12,60,0,0,168,0,0.6872143627230507,nenhuma,95.78347911373888,0.0,103,0,terminal,0.25,j6047_4.sm,9,centralizada,0,3.4473684210526314,0.5833333333333334
True,136,76,0.5956225865594925,0.0,8.049800518762408,294.0,369.0,136.0,53.0,61.51982400711599,55,5,12,0,0.0833333333333333,0.2833333333333333,316.0,0.1629578636536882,0.1946829873642911,0.0254740522745645,0.0993024300807674,28,0,136,53,32,189,14,3,0,0.6872143627230507,0.3512385487549321,12,60,175,39,0,136,0.6872143627230507,nenhuma,61.51982400711599,0.0,68,0,terminal,0.9766666666666666,j6047_4.sm,9,adaptativa,0,1.7894736842105263,0.4666666666666667
True,214,76,0.6234670096321795,1.5543122344752194e-15,37.9526978238958,212.0,514.0,0.0,221.0,89.42212989463437,41,19,2,0,0.3166666666666666,0.35,316.0,0.220565487922118,0.2829814237171973,0.1201034741262525,0.1084664356427004,40,0,0,221,20,221,22,9,199,0.5820371027673271,0.4175993861121362,24,60,0,0,199,0,0.5820371027673271,nenhuma,89.42212989463437,0.0,99,0,terminal,0.25,j6047_4.sm,10,centralizada,0,2.8157894736842106,0.6666666666666666
True,136,76,0.6054537240991015,0.0,4.5,287.0,404.0,148.0,60.0,55.26817247864956,56,4,16,0,0.0666666666666666,0.3333333333333333,316.0,0.1488632114885308,0.1748992799957264,0.0142405063291139,0.0828275268597768,33,0,148,60,27,208,13,10,0,0.5820371027673271,0.4175993861121362,24,60,195,47,0,148,0.5820371027673271,nenhuma,55.26817247864956,0.0,62,0,terminal,0.9352211944526236,j6047_4.sm,10,adaptativa,0,1.7894736842105263,0.55
True,318,76,0.7429709397798684,0.0,20.35454031409054,229.0,515.0,0.0,101.0,77.16304639396412,43,17,3,0,0.2833333333333333,0.3333333333333333,316.0,0.1962622049597302,0.2441868556771016,0.0644131022597801,0.111320196302138,37,0,0,101,23,101,6,1,95,0.7131697048371954,0.486713896835989,10,60,0,0,95,0,0.7131697048371954,nenhuma,77.16304639396412,0.0,88,0,terminal,0.25,j6047_4.sm,11,centralizada,0,4.184210526315789,0.6166666666666667
True,132,76,0.6663141038580863,0.0,11.213055737482522,279.0,387.0,71.0,36.0,86.80715650351061,52,8,17,0,0.1333333333333333,0.4166666666666667,316.0,0.2155054971143593,0.2747061914668057,0.0354843535996282,0.1494595160054401,29,0,71,36,31,107,3,4,0,0.7131697048371954,0.486713896835989,10,60,104,33,0,71,0.7131697048371954,nenhuma,86.80715650351063,0.0,97,0,terminal,0.9483333333333333,j6047_4.sm,11,adaptativa,0,1.736842105263158,0.4833333333333333
True,169,62,0.7237210496636428,8.881784197001252e-16,20.662550025397717,254.0,500.0,0.0,151.0,39.87392197916638,50,10,1,0,0.1666666666666666,0.1833333333333333,303.0,0.1162932478183313,0.1315971022414732,0.0681932344072531,0.0577151933379369,35,0,0,151,25,151,27,0,124,0.6268507180531939,0.4857196752206667,19,60,0,0,124,0,0.6268507180531939,nenhuma,39.87392197916639,0.0,44,0,terminal,0.25,j6048_4.sm,0,centralizada,0,2.725806451612903,0.5833333333333334
True,117,62,0.6383971713304433,0.0,9.771246816426295,269.0,391.0,111.0,52.0,58.47138546234709,54,6,10,0,0.1,0.2666666666666666,303.0,0.1617593751924737,0.1929748695126966,0.0322483393281395,0.0954679465036685,25,0,111,52,35,163,19,11,0,0.6268507180531939,0.4857196752206667,19,60,144,33,0,111,0.6268507180531939,nenhuma,58.47138546234709,0.0,63,0,terminal,0.9983333333333334,j6048_4.sm,0,adaptativa,0,1.8870967741935485,0.4166666666666667
True,342,62,0.7074689266996247,0.0,37.15326931700152,236.0,518.0,0.0,147.0,67.18763460961318,50,10,2,0,0.1666666666666666,0.2,303.0,0.181496161211508,0.2217413683485583,0.1226180505511601,0.0917628643721034,38,0,0,147,22,147,19,22,128,0.6586427040007742,0.3936211322074767,18,60,0,0,128,0,0.6586427040007742,nenhuma,67.18763460961318,0.0,72,0,terminal,0.25,j6048_4.sm,1,centralizada,0,5.516129032258065,0.6333333333333333
True,114,62,0.6973168526108575,0.0,7.733942862757599,284.0,390.0,76.0,39.0,54.28664069967947,56,4,13,0,0.0666666666666666,0.2833333333333333,303.0,0.1519414232599606,0.1791638306920114,0.0255245639034904,0.0970640754654281,27,0,76,39,33,115,10,19,0,0.6586427040007742,0.3936211322074767,18,60,105,29,0,76,0.6586427040007742,nenhuma,54.28664069967947,0.0,58,0,terminal,0.9566666666666666,j6048_4.sm,1,adaptativa,0,1.8387096774193548,0.45
True,179,62,0.7145389622034484,0.0,29.88318779338813,218.0,501.0,0.0,131.0,69.15140881198286,42,18,3,0,0.3,0.35,303.0,0.1858152546909188,0.2282224713266761,0.0986243821563964,0.0986255007732946,32,0,0,131,28,131,4,30,127,0.7659648859265082,0.2570239140832174,4,60,0,0,127,0,0.7659648859265082,nenhuma,69.15140881198286,0.0,80,0,terminal,0.25,j6048_4.sm,2,centralizada,0,2.8870967741935485,0.5333333333333333
True,125,62,0.648164894175787,0.0,4.5,278.0,407.0,90.0,53.0,77.92663357299732,54,6,17,0,0.1,0.3833333333333333,303.0,0.2045712394590654,0.2571836091518063,0.0148514851485148,0.1241014943570445,35,0,90,53,25,143,4,20,0,0.7659648859265082,0.2570239140832174,4,60,139,49,0,90,0.7659648859265082,nenhuma,77.9266335729973,0.0,86,0,terminal,0.89,j6048_4.sm,2,adaptativa,0,2.0161290322580645,0.5833333333333334
True,178,62,0.6935774205634802,4.440892098500626e-16,25.657352152436616,207.0,508.0,0.0,151.0,73.43445495571028,42,18,3,0,0.3,0.35,303.0,0.1950789944675767,0.2423579371475586,0.0846777298760284,0.1002607871036744,38,0,0,151,22,151,0,14,151,0.794910294566222,0.2433201962422982,4,60,0,0,151,0,0.794910294566222,nenhuma,73.43445495571028,0.0,82,0,terminal,0.25,j6048_4.sm,3,centralizada,0,2.870967741935484,0.6333333333333333
True,117,62,0.6516283906877799,0.0,4.692461095380379,293.0,395.0,98.0,66.0,47.17371134349422,58,2,13,0,0.0333333333333333,0.25,303.0,0.134715170829087,0.1556888163151624,0.0154866702817834,0.0778221002671671,29,0,98,66,31,164,0,28,1,0.794910294566222,0.2433201962422982,4,60,163,65,1,98,0.794910294566222,nenhuma,47.173711343494205,0.0,52,0,terminal,0.8249999999999998,j6048_4.sm,3,adaptativa,0,1.8870967741935485,0.4833333333333333
True,166,62,0.677535975124025,0.0,41.74852897546469,204.0,559.0,0.0,163.0,103.04844100370224,45,15,3,0,0.25,0.3,303.0,0.253783614459839,0.3400938646986872,0.1377839240114346,0.124899867550007,39,0,0,163,21,163,4,18,159,0.7496468789669437,0.3530323246498424,8,60,0,0,159,0,0.7496468789669437,nenhuma,103.0484410037022,0.0,110,0,terminal,0.25,j6048_4.sm,4,centralizada,0,2.677419354838709,0.65
True,119,62,0.6626114335943336,0.0,9.408662912419013,281.0,400.0,89.0,59.0,55.672046270317495,54,6,9,0,0.1,0.25,303.0,0.155217131776028,0.1837361263046782,0.0310516927802607,0.0922223359757628,27,0,89,59,33,148,5,10,0,0.7496468789669437,0.3530323246498424,8,60,143,54,0,89,0.7496468789669437,nenhuma,55.672046270317495,0.0,61,0,terminal,0.8783333333333333,j6048_4.sm,4,adaptativa,0,1.9193548387096773,0.45
True,239,62,0.74848499644908,0.0,27.471628540772663,215.0,516.0,0.0,92.0,81.39257626803207,43,17,4,0,0.2833333333333333,0.35,303.0,0.2117433615868743,0.2686223639208979,0.0906654407286226,0.1180641902305415,38,0,0,92,22,92,0,9,92,0.6863255838987572,0.3910769205246226,11,60,0,0,92,0,0.6863255838987572,nenhuma,81.39257626803207,0.0,89,0,terminal,0.25,j6048_4.sm,5,centralizada,0,3.85483870967742,0.6333333333333333
True,113,62,0.6681312543522399,2.220446049250313e-16,5.553843291874893,291.0,385.0,69.0,54.0,68.23408198926647,56,4,17,0,0.0666666666666666,0.35,303.0,0.1838033879422723,0.2251949900635857,0.0183295158147686,0.1184138254261355,28,0,69,54,32,123,1,18,0,0.6863255838987572,0.3910769205246226,11,60,122,53,0,69,0.6863255838987572,nenhuma,68.23408198926649,0.0,77,0,terminal,0.8656320227757665,j6048_4.sm,5,adaptativa,0,1.8225806451612905,0.4666666666666667
True,210,62,0.7519498697298341,0.0,20.9107769538685,236.0,518.0,0.0,104.0,66.8757094753015,46,14,5,0,0.2333333333333333,0.3166666666666666,303.0,0.180805897121955,0.2207119124597409,0.0690124651942854,0.0970795000541374,27,0,0,104,33,104,2,49,102,0.7631789564580391,0.2436049793851584,5,60,0,0,102,0,0.7631789564580391,nenhuma,66.87570947530152,0.0,73,0,terminal,0.25,j6048_4.sm,6,centralizada,0,3.3870967741935485,0.45
True,113,62,0.6941971196925429,0.0,9.0,267.0,416.0,36.0,61.0,86.25342269389527,54,6,20,0,0.1,0.4333333333333333,303.0,0.2215868060888549,0.284664761365991,0.0297029702970297,0.1439348019176094,29,0,36,61,31,97,6,50,0,0.7631789564580391,0.2436049793851584,5,60,91,55,0,36,0.7631789564580391,nenhuma,86.25342269389526,0.0,94,0,terminal,0.92,j6048_4.sm,6,adaptativa,0,1.8225806451612905,0.4833333333333333
True,193,62,0.6857443116759674,2.664535259100376e-15,41.97150477267387,190.0,503.0,0.0,144.0,86.5095478527003,41,19,3,0,0.3166666666666666,0.3666666666666666,303.0,0.2220986579908315,0.2855100589198029,0.1385198177315969,0.1179392253392626,42,0,0,144,18,144,10,15,134,0.5858494645010164,0.4310024134004245,25,60,0,0,134,0,0.5858494645010164,nenhuma,86.50954785270027,0.0,96,0,terminal,0.25,j6048_4.sm,7,centralizada,0,3.1129032258064515,0.7
True,135,62,0.6249307691316205,8.881784197001252e-16,13.568103423678291,273.0,370.0,114.0,51.0,57.06558274308956,55,5,11,0,0.0833333333333333,0.2666666666666666,303.0,0.1584866354299861,0.1883352565778533,0.0447792192200603,0.0963838878772515,32,0,114,51,28,165,16,12,0,0.5858494645010164,0.4310024134004245,25,60,149,35,0,114,0.5858494645010164,nenhuma,57.06558274308956,0.0,62,0,terminal,0.975,j6048_4.sm,7,adaptativa,0,2.177419354838709,0.5333333333333333
True,194,62,0.6068745609140347,0.0,33.120348590968774,180.0,519.0,0.0,238.0,98.20144264791097,36,24,1,0,0.4,0.4166666666666667,303.0,0.2447684185774258,0.3240971704551516,0.1093080811583127,0.1148284342737489,49,0,0,238,11,238,19,14,219,0.5273323364698471,0.2724902104363956,32,60,0,0,219,0,0.5273323364698471,nenhuma,98.20144264791097,0.0,107,0,terminal,0.25,j6048_4.sm,8,centralizada,0,3.129032258064516,0.8166666666666667
True,145,62,0.5794613778356943,0.0,7.174115135504459,278.0,417.0,159.0,72.0,71.6338115881124,56,4,15,0,0.0666666666666666,0.3166666666666666,303.0,0.1912102148080257,0.2364152197627471,0.0236769476419289,0.0995420315646765,50,0,159,72,10,231,19,12,0,0.5273323364698471,0.2724902104363956,32,60,212,53,0,159,0.5273323364698471,nenhuma,71.6338115881124,0.0,79,0,terminal,0.9466666666666668,j6048_4.sm,8,adaptativa,0,2.338709677419355,0.8333333333333334
True,213,62,0.6805531245137438,0.0,40.3099981512966,192.0,530.0,0.0,137.0,111.77829211156111,41,19,4,0,0.3166666666666666,0.3833333333333333,303.0,0.2694892530236288,0.368905254493601,0.1330362975290316,0.1435303131119488,39,0,0,137,21,137,7,18,130,0.6872143627230507,0.3512385487549321,11,60,0,0,130,0,0.6872143627230507,nenhuma,111.77829211156114,0.0,120,0,terminal,0.25,j6048_4.sm,9,centralizada,0,3.435483870967742,0.65
True,134,62,0.6048434997090194,0.0,6.916813630072776,267.0,420.0,100.0,69.0,105.394500729619,54,6,20,0,0.1,0.4333333333333333,303.0,0.2580703230364904,0.3478366360713498,0.0228277677560157,0.151778996836637,38,0,100,69,22,169,5,25,0,0.6872143627230507,0.3512385487549321,11,60,164,64,0,100,0.6872143627230507,nenhuma,105.394500729619,0.0,116,0,terminal,0.888677802320554,j6048_4.sm,9,adaptativa,0,2.161290322580645,0.6333333333333333
True,205,62,0.6434374668140282,0.0,39.35910790448853,176.0,567.0,0.0,192.0,122.2045136374987,37,23,3,0,0.3833333333333333,0.4333333333333333,303.0,0.2874017319150149,0.4033152265263984,0.1298980458894011,0.1386789465399515,46,0,0,192,14,192,18,6,174,0.5820371027673271,0.4175993861121362,25,60,0,0,174,0,0.5820371027673271,nenhuma,122.20451363749872,0.0,132,0,terminal,0.25,j6048_4.sm,10,centralizada,0,3.306451612903226,0.7666666666666667
True,122,62,0.6318486663782146,0.0,8.462389913720028,255.0,416.0,116.0,52.0,74.38549978198256,50,10,10,0,0.1666666666666666,0.3333333333333333,303.0,0.1971074665692122,0.2454966989504375,0.0279286795832344,0.1129816798921217,36,0,116,52,24,168,21,9,0,0.5820371027673271,0.4175993861121362,25,60,147,31,0,116,0.5820371027673271,nenhuma,74.38549978198256,0.0,80,0,terminal,0.9625059312415282,j6048_4.sm,10,adaptativa,0,1.967741935483871,0.6
True,192,62,0.7447801199636087,0.0,51.7008442109976,157.0,519.0,0.0,68.0,109.84996428927133,35,25,3,0,0.4166666666666667,0.4666666666666667,303.0,0.2660772042898926,0.3625411362682222,0.1706298488811801,0.1576378990006968,38,0,0,68,22,68,3,9,65,0.7131697048371954,0.486713896835989,10,60,0,0,65,0,0.7131697048371954,nenhuma,109.84996428927134,0.0,118,0,terminal,0.25,j6048_4.sm,11,centralizada,0,3.096774193548387,0.6333333333333333
True,138,62,0.6297802817131706,0.0,5.5,287.0,399.0,86.0,54.0,94.55429121187072,57,3,20,0,0.05,0.3833333333333333,303.0,0.2378399461458193,0.312060367035877,0.0181518151815181,0.1492441808436118,31,0,86,54,29,140,4,12,0,0.7131697048371954,0.486713896835989,10,60,136,50,0,86,0.7131697048371954,nenhuma,94.55429121187072,0.0,102,0,terminal,0.9183333333333332,j6048_4.sm,11,adaptativa,0,2.225806451612903,0.5166666666666667
True,193,77,0.7295766972980614,0.0,38.5044348156238,234.0,529.0,0.0,131.0,65.07798283458911,45,15,2,0,0.25,0.2833333333333333,321.0,0.1685617562462013,0.2027351490174115,0.1199515103290461,0.0897530808757645,42,0,0,131,18,131,16,1,115,0.6268507180531939,0.4857196752206667,14,60,0,0,115,0,0.6268507180531939,nenhuma,65.07798283458912,0.0,71,0,terminal,0.25,j604_10.sm,0,centralizada,0,2.5064935064935066,0.7
True,121,77,0.7088864977349927,0.0,2.325716313928601,317.0,405.0,89.0,43.0,34.318541535267805,58,2,10,0,0.0333333333333333,0.2,321.0,0.0965852820035327,0.1069113443466286,0.0072452221617713,0.0600690141143429,18,0,89,43,42,132,8,10,0,0.6268507180531939,0.4857196752206667,14,60,124,35,0,89,0.6268507180531939,nenhuma,34.3185415352678,0.0,38,0,terminal,0.9666666666666668,j604_10.sm,0,adaptativa,0,1.5714285714285714,0.3
True,224,77,0.718203630544133,0.0,46.8207290085737,178.0,536.0,0.0,109.0,101.30644737051792,37,23,3,0,0.3833333333333333,0.4333333333333333,321.0,0.239888469620344,0.3155964092539499,0.1458589688740613,0.1357437654832726,35,0,0,109,25,109,10,6,99,0.6586427040007742,0.3936211322074767,9,60,0,0,99,0,0.6586427040007742,nenhuma,101.30644737051792,0.0,112,0,terminal,0.25,j604_10.sm,1,centralizada,0,2.909090909090909,0.5833333333333334
True,114,77,0.7342153350165296,0.0,4.5,308.0,404.0,55.0,50.0,41.24729222102759,58,2,13,0,0.0333333333333333,0.25,321.0,0.1138650118490334,0.128496237448684,0.014018691588785,0.0749613724667981,16,0,55,50,44,105,4,23,0,0.6586427040007742,0.3936211322074767,9,60,101,46,0,55,0.6586427040007742,nenhuma,41.24729222102758,0.0,46,0,terminal,0.8966666666666665,j604_10.sm,1,adaptativa,0,1.4805194805194806,0.2666666666666666
True,235,77,0.752157304632423,3.552713678800501e-15,36.95877458945233,201.0,553.0,0.0,89.0,93.218546166017,42,18,4,0,0.3,0.3666666666666666,321.0,0.2250467706693543,0.2904004553458473,0.1151363694375462,0.1267902539348724,40,0,0,89,20,89,9,18,80,0.7659648859265082,0.2570239140832174,5,60,0,0,80,0,0.7659648859265082,nenhuma,93.218546166017,0.0,101,0,terminal,0.25,j604_10.sm,2,centralizada,0,3.051948051948052,0.6666666666666666
True,123,77,0.7033919546910485,0.0,8.5,300.0,392.0,53.0,54.0,58.29952181807154,57,3,15,0,0.05,0.3,321.0,0.1537031250095657,0.1816184480313755,0.0264797507788162,0.1046107515539968,30,0,53,54,30,107,5,27,0,0.7659648859265082,0.2570239140832174,5,60,102,49,0,53,0.7659648859265082,nenhuma,58.29952181807154,0.0,64,0,terminal,0.89,j604_10.sm,2,adaptativa,0,1.5974025974025974,0.5
True,196,77,0.6901994010783147,1.1102230246251563e-15,22.151452743434746,237.0,522.0,0.0,154.0,80.30317729118171,44,16,4,0,0.2666666666666666,0.3333333333333333,321.0,0.2001060092103743,0.2501656613432452,0.0690076409452795,0.1061785533928339,36,0,0,154,24,154,2,14,152,0.794910294566222,0.2433201962422982,1,60,0,0,152,0,0.794910294566222,nenhuma,80.30317729118173,0.0,89,0,terminal,0.25,j604_10.sm,3,centralizada,0,2.5454545454545454,0.6
True,124,77,0.6587323745278387,8.881784197001252e-16,9.071394262399233,301.0,393.0,110.0,61.0,32.600402829284945,57,3,7,0,0.05,0.1666666666666666,321.0,0.0921956043274762,0.1015588873186447,0.0282597952099664,0.0546436151814222,21,0,110,61,39,171,3,16,0,0.794910294566222,0.2433201962422982,1,60,168,58,0,110,0.794910294566222,nenhuma,32.60040282928494,0.0,37,0,terminal,0.8833333333333333,j604_10.sm,3,adaptativa,0,1.6103896103896105,0.35
True,198,77,0.7243352164720457,1.3322676295501878e-15,18.963783178265302,266.0,551.0,0.0,161.0,48.69751610822684,49,11,3,0,0.1833333333333333,0.2333333333333333,321.0,0.1317225947873853,0.1517056576580275,0.0590772061628202,0.0640169253573564,40,0,0,161,20,161,8,40,153,0.7496468789669437,0.3530323246498424,7,60,0,0,153,0,0.7496468789669437,nenhuma,48.69751610822684,0.0,55,0,terminal,0.25,j604_10.sm,4,centralizada,0,2.571428571428572,0.6666666666666666
True,126,77,0.7169746053653668,0.0,4.443301092891189,315.0,422.0,81.0,40.0,45.58430527668517,58,2,13,0,0.0333333333333333,0.25,321.0,0.1243487640374557,0.1420071815473058,0.0138420594794118,0.0774473679777387,30,0,81,40,30,121,8,8,0,0.7496468789669437,0.3530323246498424,7,60,113,32,0,81,0.7496468789669437,nenhuma,45.58430527668517,0.0,52,0,terminal,0.9366666666666666,j604_10.sm,4,adaptativa,0,1.6363636363636365,0.5
True,164,77,0.7596791904645374,0.0,37.125747891818186,199.0,532.0,0.0,84.0,84.29560724795756,40,20,0,0,0.3333333333333333,0.3333333333333333,321.0,0.2079854943909767,0.2626031378441045,0.1156565354885301,0.1203714636726409,39,0,0,84,21,84,5,6,79,0.6863255838987572,0.3910769205246226,8,60,0,0,79,0,0.6863255838987572,nenhuma,84.29560724795758,0.0,93,0,terminal,0.25,j604_10.sm,5,centralizada,0,2.1298701298701297,0.65
True,128,77,0.6306478134235234,0.0,2.930337509833137,314.0,374.0,112.0,53.0,54.04098426935053,57,3,14,0,0.05,0.2833333333333333,321.0,0.144093543202038,0.1683519759169798,0.0091287772891998,0.0911252100660987,27,0,112,53,33,165,10,8,0,0.6863255838987572,0.3910769205246226,8,60,155,43,0,112,0.6863255838987572,nenhuma,54.04098426935053,0.0,60,0,terminal,0.9466666666666668,j604_10.sm,5,adaptativa,0,1.6623376623376624,0.45
True,227,77,0.7691895428797517,0.0,21.0,232.0,521.0,0.0,104.0,52.33630133535052,43,17,1,0,0.2833333333333333,0.3,321.0,0.1401854069592318,0.1630414371817773,0.0654205607476635,0.0772678228409888,27,0,0,104,33,104,12,27,92,0.7631789564580391,0.2436049793851584,5,60,0,0,92,0,0.7631789564580391,nenhuma,52.33630133535052,0.0,59,0,terminal,0.25,j604_10.sm,6,centralizada,0,2.948051948051948,0.45
True,124,77,0.7689288571318664,0.0,7.0,283.0,422.0,21.0,49.0,56.81540221298998,55,5,12,0,0.0833333333333333,0.2833333333333333,321.0,0.1503787349065267,0.1769950224703737,0.0218068535825545,0.1035237021116628,23,0,21,49,37,70,1,35,0,0.7631789564580391,0.2436049793851584,5,60,69,48,0,21,0.7631789564580391,nenhuma,56.81540221298998,0.0,62,0,terminal,0.8617534364492622,j604_10.sm,6,adaptativa,0,1.6103896103896105,0.3833333333333333
True,237,77,0.7227511131909928,0.0,32.57461767285612,253.0,477.0,0.0,138.0,44.97822942674438,50,10,0,0,0.1666666666666666,0.1666666666666666,321.0,0.1228986475430429,0.1401190947873656,0.1014785597285237,0.0681510804770217,36,0,0,138,24,138,5,5,133,0.5858494645010164,0.4310024134004245,20,60,0,0,133,0,0.5858494645010164,nenhuma,44.97822942674438,0.0,49,0,terminal,0.25,j604_10.sm,7,centralizada,0,3.0779220779220777,0.6
True,116,77,0.6390399272271189,0.0,8.27890553276254,295.0,364.0,111.0,57.0,37.60447147558607,56,4,8,0,0.0666666666666666,0.2,321.0,0.1048633647005324,0.117147886216779,0.0257909829681076,0.0660185678988263,24,0,111,57,36,168,24,10,0,0.5858494645010164,0.4310024134004245,20,60,144,33,0,111,0.5858494645010164,nenhuma,37.60447147558606,0.0,41,0,terminal,1.0,j604_10.sm,7,adaptativa,0,1.5064935064935066,0.4
True,232,77,0.5856999206966885,1.7763568394002505e-15,54.73960055347457,149.0,552.0,0.0,260.0,130.46213887718727,32,28,1,0,0.4666666666666667,0.4833333333333333,321.0,0.2889769210805899,0.4064241086516737,0.1705283506338771,0.1384269282505234,52,0,0,260,8,260,20,8,240,0.5273323364698471,0.2724902104363956,26,60,0,0,240,0,0.5273323364698471,nenhuma,130.46213887718724,0.0,144,0,terminal,0.25,j604_10.sm,8,centralizada,0,3.012987012987013,0.8666666666666667
True,171,77,0.5225864465152582,8.881784197001252e-16,11.086769797523791,294.0,439.0,173.0,101.0,127.05240267397993,55,5,21,0,0.0833333333333333,0.4333333333333333,321.0,0.2835659443309092,0.395801877489034,0.0345382236682984,0.1512434251358106,46,0,173,101,14,274,12,22,0,0.5273323364698471,0.2724902104363956,26,60,262,89,0,173,0.5273323364698471,nenhuma,127.05240267397993,0.0,136,0,terminal,0.8916666666666666,j604_10.sm,8,adaptativa,0,2.220779220779221,0.7666666666666667
True,269,77,0.7528922899863545,0.0,30.44147983541661,231.0,514.0,0.0,99.0,69.70057594734544,45,15,3,0,0.25,0.3,321.0,0.1783989587891955,0.2171357506147833,0.0948332705153165,0.1020953817867018,36,0,0,99,24,99,1,25,98,0.6872143627230507,0.3512385487549321,8,60,0,0,98,0,0.6872143627230507,nenhuma,69.70057594734544,0.0,78,0,terminal,0.25,j604_10.sm,9,centralizada,0,3.493506493506493,0.6
True,125,77,0.6908616430369621,8.881784197001252e-16,6.664268674546891,302.0,430.0,60.0,63.0,69.41116486039216,56,4,16,0,0.0666666666666666,0.3333333333333333,321.0,0.1777899074305752,0.2162341584435892,0.0207609616029498,0.1115197939547906,28,0,60,63,32,123,1,32,0,0.6872143627230507,0.3512385487549321,8,60,122,62,0,60,0.6872143627230507,nenhuma,69.41116486039216,0.0,78,0,terminal,0.8511696355483248,j604_10.sm,9,adaptativa,0,1.6233766233766234,0.4666666666666667
True,244,77,0.6954851863892861,9.992007221626409e-16,36.92927923889143,200.0,551.0,0.0,146.0,95.25267594928616,37,23,3,0,0.3833333333333333,0.4333333333333333,321.0,0.2288337864304593,0.2967373082532279,0.1150444836102536,0.1202301725710845,47,0,0,146,13,146,20,2,126,0.5820371027673271,0.4175993861121362,20,60,0,0,126,0,0.5820371027673271,nenhuma,95.25267594928616,0.0,106,0,terminal,0.25,j604_10.sm,10,centralizada,0,3.168831168831169,0.7833333333333333
True,140,77,0.6185086179240255,0.0,4.5,289.0,412.0,121.0,46.0,87.11844695526621,56,4,17,0,0.0666666666666666,0.35,321.0,0.2134636344061537,0.2713970310132904,0.014018691588785,0.1307852189854107,33,0,121,46,27,167,20,6,0,0.5820371027673271,0.4175993861121362,20,60,147,26,0,121,0.5820371027673271,nenhuma,87.11844695526621,0.0,96,0,terminal,0.9821789854403976,j604_10.sm,10,adaptativa,0,1.818181818181818,0.55
True,208,77,0.7810516369553312,8.881784197001252e-16,23.1650792574982,224.0,514.0,0.0,85.0,59.087091403658256,44,16,1,0,0.2666666666666666,0.2833333333333333,321.0,0.1554567169999122,0.1840719358369416,0.072165355942362,0.089786127361394,37,0,0,85,23,85,10,7,75,0.7131697048371954,0.486713896835989,7,60,0,0,75,0,0.7131697048371954,nenhuma,59.08709140365825,0.0,66,0,terminal,0.25,j604_10.sm,11,centralizada,0,2.7012987012987013,0.6166666666666667
True,119,77,0.7155511305071074,0.0,4.5,292.0,406.0,50.0,33.0,78.39481315929156,56,4,17,0,0.0666666666666666,0.35,321.0,0.1962840041390952,0.2442206017423413,0.014018691588785,0.1381662492168092,24,0,50,33,36,83,6,8,0,0.7131697048371954,0.486713896835989,7,60,77,27,0,50,0.7131697048371954,nenhuma,78.39481315929157,0.0,85,0,terminal,0.9716666666666668,j604_10.sm,11,adaptativa,0,1.5454545454545454,0.4
True,206,65,0.7756710958314634,0.0,22.42943334719836,240.0,528.0,0.0,95.0,57.70088319331036,46,14,2,0,0.2333333333333333,0.2666666666666666,323.0,0.1515648787292445,0.1786405052424469,0.0694409701151652,0.0847668698806786,34,0,0,95,26,95,19,0,76,0.6268507180531939,0.4857196752206667,16,60,0,0,76,0,0.6268507180531939,nenhuma,57.70088319331036,0.0,63,0,terminal,0.25,j605_8.sm,0,centralizada,0,3.169230769230769,0.5666666666666667
True,158,65,0.6816574017973341,0.0,5.0,293.0,383.0,99.0,34.0,45.86582730582745,55,5,9,0,0.0833333333333333,0.2333333333333333,323.0,0.1243428474815044,0.141999465343119,0.0154798761609907,0.0816312811294401,27,0,99,34,33,133,19,0,0,0.6268507180531939,0.4857196752206667,16,60,114,15,0,99,0.6268507180531939,nenhuma,45.86582730582745,0.0,51,0,terminal,0.9852706867663924,j605_8.sm,0,adaptativa,0,2.4307692307692306,0.45
True,298,65,0.7410673846662037,1.7763568394002505e-15,29.577925767051884,251.0,526.0,0.0,107.0,76.7870057213815,47,13,3,0,0.2166666666666666,0.2666666666666666,323.0,0.1920697887186851,0.2377306678680542,0.0915725255945878,0.1081831663617737,33,0,0,107,27,107,2,8,105,0.6586427040007742,0.3936211322074767,13,60,0,0,105,0,0.6586427040007742,nenhuma,76.7870057213815,0.0,81,0,terminal,0.25,j605_8.sm,1,centralizada,0,4.584615384615384,0.55
True,163,65,0.7203855337629321,0.0,9.985017459593422,311.0,414.0,69.0,24.0,67.69227322968568,58,2,15,0,0.0333333333333333,0.2833333333333333,323.0,0.1732623803130342,0.2095736013302962,0.0309133667479672,0.1177887303917714,21,0,69,24,39,93,18,1,0,0.6586427040007742,0.3936211322074767,13,60,75,6,0,69,0.6586427040007742,nenhuma,67.6922732296857,0.0,73,0,terminal,0.9633333333333334,j605_8.sm,1,adaptativa,0,2.507692307692308,0.35
True,202,65,0.708052026059768,3.996802888650564e-15,38.26123113125005,205.0,519.0,0.0,112.0,101.99698454106289,40,20,5,0,0.3333333333333333,0.4166666666666667,323.0,0.2399946076116406,0.3157801378980274,0.1184558239357586,0.1391506195689526,36,0,0,112,24,112,0,7,112,0.7659648859265082,0.2570239140832174,4,60,0,0,112,0,0.7659648859265082,nenhuma,101.99698454106289,0.0,110,0,terminal,0.25,j605_8.sm,2,centralizada,0,3.107692307692308,0.6
True,151,65,0.7516065439658997,0.0,5.718894811070205,312.0,420.0,45.0,18.0,75.80301119232317,58,2,21,0,0.0333333333333333,0.3833333333333333,323.0,0.1900763260680774,0.2346842451774711,0.0177055566906198,0.1356524744392153,33,0,45,18,27,63,0,0,0,0.7659648859265082,0.2570239140832174,4,60,63,18,0,45,0.7659648859265082,nenhuma,75.80301119232317,0.0,82,0,terminal,0.9033333333333332,j605_8.sm,2,adaptativa,0,2.3230769230769237,0.55
True,240,65,0.686135472537217,3.552713678800501e-15,31.67061038666749,210.0,538.0,0.0,148.0,98.10171392329242,41,19,4,0,0.3166666666666666,0.3833333333333333,323.0,0.2329644137738241,0.303720476542701,0.0980514253457198,0.1251135052778236,36,0,0,148,24,148,1,9,147,0.794910294566222,0.2433201962422982,2,60,0,0,147,0,0.794910294566222,nenhuma,98.10171392329242,0.0,106,0,terminal,0.25,j605_8.sm,3,centralizada,0,3.692307692307693,0.6
True,156,65,0.6818171722347143,0.0,3.7974821571392807,312.0,410.0,90.0,42.0,59.33422374239978,58,2,13,0,0.0333333333333333,0.25,323.0,0.1551894129738608,0.1836972871281726,0.0117569107032175,0.098670957679963,31,0,90,42,29,132,3,5,0,0.794910294566222,0.2433201962422982,2,60,129,39,0,90,0.794910294566222,nenhuma,59.33422374239977,0.0,64,0,terminal,0.9233333333333332,j605_8.sm,3,adaptativa,0,2.4,0.5166666666666667
True,233,65,0.7336156982963901,0.0,26.36372531661284,262.0,558.0,0.0,139.0,63.61622085758716,50,10,1,0,0.1666666666666666,0.1833333333333333,323.0,0.1645461763515107,0.1969542441411367,0.0816214406087084,0.0836377388663372,36,0,0,139,24,139,15,5,124,0.7496468789669437,0.3530323246498424,6,60,0,0,124,0,0.7496468789669437,nenhuma,63.61622085758716,0.0,70,0,terminal,0.25,j605_8.sm,4,centralizada,0,3.5846153846153848,0.6
True,155,65,0.7196119920792798,0.0,13.160296717802972,303.0,422.0,90.0,31.0,43.4271366304693,56,4,8,0,0.0666666666666666,0.2,323.0,0.1185150669511255,0.1344493394132176,0.0407439526866965,0.0740537637463295,28,0,90,31,32,121,5,1,0,0.7496468789669437,0.3530323246498424,6,60,116,26,0,90,0.7496468789669437,nenhuma,43.4271366304693,0.0,47,0,terminal,0.9233333333333332,j605_8.sm,4,adaptativa,0,2.3846153846153846,0.4666666666666667
True,311,65,0.7174518699229475,7.105427357601002e-15,18.20297446299353,222.0,537.0,0.0,120.0,91.48226412410423,43,17,3,0,0.2833333333333333,0.3333333333333333,323.0,0.2207145444870293,0.2832268239136354,0.0563559580897632,0.1222236898708073,42,0,0,120,18,120,17,8,103,0.6863255838987572,0.3910769205246226,10,60,0,0,103,0,0.6863255838987572,nenhuma,91.48226412410423,0.0,98,0,terminal,0.25,j605_8.sm,5,centralizada,0,4.7846153846153845,0.7
True,168,65,0.6624410973137437,0.0,4.797482157139281,313.0,388.0,77.0,30.0,90.71245288580938,56,4,20,0,0.0666666666666666,0.4,323.0,0.2192644970028188,0.2808435073864068,0.0148528859354157,0.1548754042002496,31,0,77,30,29,107,8,2,0,0.6863255838987572,0.3910769205246226,10,60,99,22,0,77,0.6863255838987572,nenhuma,90.71245288580936,0.0,98,0,terminal,0.9533333333333333,j605_8.sm,5,adaptativa,0,2.5846153846153848,0.5166666666666667
True,236,65,0.798865115096941,2.220446049250313e-15,38.607570388237264,209.0,538.0,0.0,48.0,87.45536791240978,39,21,3,0,0.35,0.4,323.0,0.2130691294335138,0.2707596529795968,0.119528081697329,0.1298606738906925,28,0,0,48,32,48,0,5,48,0.7631789564580391,0.2436049793851584,4,60,0,0,48,0,0.7631789564580391,nenhuma,87.45536791240978,0.0,97,0,terminal,0.25,j605_8.sm,6,centralizada,0,3.630769230769231,0.4666666666666667
True,149,65,0.7530722984918866,2.220446049250313e-16,6.862823730722049,296.0,424.0,38.0,27.0,74.02695086395885,53,7,17,0,0.1166666666666666,0.4,323.0,0.1864532135737157,0.2291856063899654,0.0212471322932571,0.1314802972581779,27,0,38,27,33,65,1,12,0,0.7631789564580391,0.2436049793851584,4,60,64,26,0,38,0.7631789564580391,nenhuma,74.02695086395885,0.0,84,0,terminal,0.89,j605_8.sm,6,adaptativa,0,2.292307692307692,0.45
True,210,65,0.7291696980485707,6.217248937900877e-15,44.89937070028075,225.0,527.0,0.0,101.0,94.73985247930048,44,16,4,0,0.2666666666666666,0.3333333333333333,323.0,0.2267915113126415,0.29331223677802,0.1390073396293521,0.1310843066897488,37,0,0,101,23,101,3,0,98,0.5858494645010164,0.4310024134004245,23,60,0,0,98,0,0.5858494645010164,nenhuma,94.7398524793005,0.0,102,0,terminal,0.25,j605_8.sm,7,centralizada,0,3.230769230769231,0.6166666666666667
True,139,65,0.6923965783274361,0.0,6.213844666466402,295.0,389.0,70.0,39.0,63.81675672007865,55,5,14,0,0.0833333333333333,0.3166666666666666,323.0,0.1649792973324055,0.1975750982045778,0.0192379091841065,0.1135899845576783,31,0,70,39,29,109,12,6,0,0.5858494645010164,0.4310024134004245,23,60,97,27,0,70,0.5858494645010164,nenhuma,63.81675672007865,0.0,72,0,terminal,0.9983333333333334,j605_8.sm,7,adaptativa,0,2.1384615384615384,0.5166666666666667
True,268,65,0.6469650628571572,6.217248937900877e-15,29.65821456691197,184.0,536.0,0.0,167.0,125.48368601681818,38,22,4,0,0.3666666666666666,0.4333333333333333,323.0,0.2797954305345959,0.3884943839529974,0.0918210977303776,0.1514618671854823,49,0,0,167,11,167,14,0,153,0.5273323364698471,0.2724902104363956,27,60,0,0,153,0,0.5273323364698471,nenhuma,125.48368601681815,0.0,134,0,terminal,0.25,j605_8.sm,8,centralizada,0,4.123076923076923,0.8166666666666667
True,201,65,0.5574304093493311,0.0,5.3514668629672615,295.0,411.0,149.0,61.0,116.31176682618708,55,5,19,0,0.0833333333333333,0.4,323.0,0.2647590517924953,0.3600983493070807,0.0165680088636757,0.1577511333188939,46,0,149,61,14,210,9,0,0,0.5273323364698471,0.2724902104363956,27,60,201,52,0,149,0.5273323364698471,nenhuma,116.3117668261871,0.0,123,0,terminal,0.9183333333333332,j605_8.sm,8,adaptativa,0,3.0923076923076924,0.7666666666666667
True,276,65,0.6992304575668865,0.0,40.82894127783264,224.0,535.0,0.0,132.0,98.1268536866092,43,17,6,0,0.2833333333333333,0.3833333333333333,323.0,0.2330102030483016,0.3037983086272731,0.1264053909530422,0.1282491304726853,39,0,0,132,21,132,4,8,128,0.6872143627230507,0.3512385487549321,10,60,0,0,128,0,0.6872143627230507,nenhuma,98.12685368660922,0.0,106,0,terminal,0.25,j605_8.sm,9,centralizada,0,4.246153846153846,0.65
True,172,65,0.6833565102268179,0.0,11.813368866421232,268.0,398.0,79.0,35.0,70.41927023991752,52,8,9,0,0.1333333333333333,0.2833333333333333,323.0,0.1789929359509359,0.2180163165322524,0.0365738974192607,0.1209082079494202,33,0,79,35,27,114,11,6,0,0.6872143627230507,0.3512385487549321,10,60,103,24,0,79,0.6872143627230507,nenhuma,70.41927023991754,0.0,77,0,terminal,0.9616666666666666,j605_8.sm,9,adaptativa,0,2.646153846153846,0.55
True,252,65,0.6617628729949836,3.552713678800501e-15,31.78396544196843,189.0,549.0,0.0,150.0,130.60229774655505,39,21,3,0,0.35,0.4,323.0,0.2879224783370201,0.4043414790915017,0.0984023697893759,0.1574275988643106,39,0,0,150,21,150,21,0,129,0.5820371027673271,0.4175993861121362,23,60,0,0,129,0,0.5820371027673271,nenhuma,130.60229774655502,0.0,139,0,terminal,0.25,j605_8.sm,10,centralizada,0,3.876923076923077,0.65
True,190,65,0.619828712189725,0.0,10.761974101141089,273.0,401.0,122.0,39.0,84.95292766182288,52,8,12,0,0.1333333333333333,0.3333333333333333,323.0,0.2082419855367371,0.2630121599437241,0.0333188052666906,0.1313123784273679,38,0,122,39,22,161,17,0,0,0.5820371027673271,0.4175993861121362,23,60,144,22,0,122,0.5820371027673271,nenhuma,84.95292766182288,0.0,90,0,terminal,0.975,j605_8.sm,10,adaptativa,0,2.923076923076923,0.6333333333333333
True,235,65,0.7696928373972446,0.0,21.87843193120772,241.0,526.0,0.0,64.0,93.38949570934784,46,14,6,0,0.2333333333333333,0.3333333333333333,323.0,0.2242839857193142,0.2891315656636156,0.067735083378352,0.1366563230715318,35,0,0,64,25,64,8,0,56,0.7131697048371954,0.486713896835989,8,60,0,0,56,0,0.7131697048371954,nenhuma,93.3894957093478,0.0,101,0,terminal,0.25,j605_8.sm,11,centralizada,0,3.615384615384616,0.5833333333333334
True,177,65,0.6525467429597548,0.0,5.920664503147773,296.0,407.0,53.0,24.0,139.7101087256539,55,5,23,0,0.0833333333333333,0.4666666666666667,323.0,0.301938743267201,0.432539036302334,0.0183302306599002,0.2239984678316429,40,0,53,24,20,77,4,2,0,0.7131697048371954,0.486713896835989,8,60,73,20,0,53,0.7131697048371954,nenhuma,139.7101087256539,0.0,149,0,terminal,0.9666666666666668,j605_8.sm,11,adaptativa,0,2.723076923076923,0.6666666666666666
True,215,67,0.7116577356425966,0.0,54.54820604592032,216.0,585.0,0.0,129.0,108.02436747458376,40,20,2,0,0.3333333333333333,0.3666666666666666,342.0,0.240041151728711,0.315860723609894,0.159497678496843,0.1314126098310872,45,0,0,129,15,129,8,3,121,0.6268507180531939,0.4857196752206667,18,60,0,0,121,0,0.6268507180531939,nenhuma,108.02436747458373,0.0,117,0,terminal,0.25,j606_4.sm,0,centralizada,0,3.208955223880597,0.75
True,123,67,0.7341785584450768,0.0,5.616047651019539,322.0,453.0,78.0,29.0,57.01611248278982,57,3,9,0,0.05,0.2,342.0,0.1428917547414805,0.1667137791894439,0.0164211919620454,0.0924061970656887,40,0,78,29,20,107,5,3,0,0.6268507180531939,0.4857196752206667,18,60,102,24,0,78,0.6268507180531939,nenhuma,57.01611248278982,0.0,61,0,terminal,0.9766666666666666,j606_4.sm,0,adaptativa,0,1.835820895522388,0.6666666666666666
True,181,67,0.738258678290985,1.9984014443252818e-15,51.578411959638274,207.0,588.0,0.0,91.0,117.46879513990548,34,26,4,0,0.4333333333333333,0.5,342.0,0.2556621829000094,0.3434760091810102,0.1508140700574218,0.1474870024496957,47,0,0,91,13,91,2,3,89,0.6586427040007742,0.3936211322074767,14,60,0,0,89,0,0.6586427040007742,nenhuma,117.46879513990552,0.0,131,0,terminal,0.25,j606_4.sm,1,centralizada,0,2.701492537313433,0.7833333333333333
True,139,67,0.716095965504274,0.0,13.75853424936492,269.0,460.0,53.0,30.0,99.37200341726336,50,10,13,0,0.1666666666666666,0.3833333333333333,342.0,0.2251434224370576,0.2905614135007701,0.0402296323080845,0.1546954146329983,37,0,53,30,23,83,6,6,0,0.6586427040007742,0.3936211322074767,14,60,77,24,0,53,0.6586427040007742,nenhuma,99.3720034172634,0.0,108,0,terminal,0.9066666666666666,j606_4.sm,1,adaptativa,0,2.074626865671642,0.6166666666666667
True,246,67,0.7180084440148243,8.881784197001252e-16,50.88070317805998,231.0,598.0,0.0,129.0,105.85928596635478,40,20,4,0,0.3333333333333333,0.4,342.0,0.2363672905384558,0.3095300759250139,0.1487739859007602,0.1271034468247871,48,0,0,129,12,129,0,22,129,0.7659648859265082,0.2570239140832174,3,60,0,0,129,0,0.7659648859265082,nenhuma,105.85928596635476,0.0,115,0,terminal,0.25,j606_4.sm,2,centralizada,0,3.671641791044776,0.8
True,143,67,0.7387205265768034,0.0,6.049495434140293,323.0,499.0,46.0,35.0,95.49226269959333,56,4,19,0,0.0666666666666666,0.3833333333333333,342.0,0.2182718892223327,0.2792171423964716,0.017688583140761,0.1413669230169419,45,0,46,35,15,81,0,12,0,0.7659648859265082,0.2570239140832174,3,60,81,35,0,46,0.7659648859265082,nenhuma,95.4922626995933,0.0,105,0,terminal,0.8416666666666667,j606_4.sm,2,adaptativa,0,2.1343283582089554,0.75
True,182,67,0.7208134598760808,0.0,42.88865189111216,224.0,592.0,0.0,102.0,127.29431947868189,41,19,6,0,0.3166666666666666,0.4166666666666667,342.0,0.2712462397160218,0.3722056125107657,0.1254054148862928,0.1549923291317565,47,0,0,102,13,102,0,6,102,0.794910294566222,0.2433201962422982,3,60,0,0,102,0,0.794910294566222,nenhuma,127.29431947868189,0.0,139,0,terminal,0.25,j606_4.sm,3,centralizada,0,2.716417910447761,0.7833333333333333
True,152,67,0.6271347361684787,0.0,13.236186477955426,274.0,476.0,125.0,63.0,95.0075506073122,51,9,13,0,0.15,0.3666666666666666,342.0,0.2174048262444884,0.2777998555769363,0.0387022996431445,0.1251733932439708,43,0,125,63,17,188,0,16,0,0.794910294566222,0.2433201962422982,3,60,188,63,0,125,0.794910294566222,nenhuma,95.00755060731224,0.0,104,0,terminal,0.8283333333333333,j606_4.sm,3,adaptativa,0,2.2686567164179103,0.7166666666666667
True,201,67,0.6952886593699034,0.0,31.86958052629192,262.0,589.0,0.0,174.0,84.13016969638751,45,15,2,0,0.25,0.2833333333333333,342.0,0.1974283345305713,0.2459946482350512,0.0931859079716138,0.0993119743646243,46,0,0,174,14,174,0,13,174,0.7496468789669437,0.3530323246498424,3,60,0,0,174,0,0.7496468789669437,nenhuma,84.13016969638751,0.0,92,0,terminal,0.25,j606_4.sm,4,centralizada,0,3.0,0.7666666666666667
True,144,67,0.6725641925783175,0.0,15.735449225260302,287.0,461.0,106.0,50.0,68.43643132817903,51,9,9,0,0.15,0.3,342.0,0.1667406353444737,0.2001065243514006,0.0460100854539774,0.09984358607197,35,0,106,50,25,156,0,4,0,0.7496468789669437,0.3530323246498424,3,60,156,50,0,106,0.7496468789669437,nenhuma,68.43643132817903,0.0,77,0,terminal,0.8833333333333333,j606_4.sm,4,adaptativa,0,2.149253731343284,0.5833333333333334
True,246,67,0.7194319354746921,5.3290705182007506e-15,27.925398343926037,228.0,579.0,0.0,114.0,111.80163786163736,42,18,7,0,0.3,0.4166666666666667,342.0,0.2463667570449036,0.3269053738644367,0.0816532115319474,0.1389182533955757,44,0,0,114,16,114,9,7,105,0.6863255838987572,0.3910769205246226,11,60,0,0,105,0,0.6863255838987572,nenhuma,111.80163786163736,0.0,123,0,terminal,0.25,j606_4.sm,5,centralizada,0,3.671641791044776,0.7333333333333333
True,134,67,0.6849105713166996,0.0,15.91544628578059,288.0,459.0,80.0,45.0,86.16048404334,51,9,14,0,0.15,0.3833333333333333,342.0,0.2012340868771498,0.251931239892807,0.0465363926484812,0.1285669419412797,40,0,80,45,20,125,0,15,0,0.6863255838987572,0.3910769205246226,11,60,125,45,0,80,0.6863255838987572,nenhuma,86.16048404334002,0.0,96,0,terminal,0.8916666666666666,j606_4.sm,5,adaptativa,0,2.0,0.6666666666666666
True,229,67,0.7349402672610341,0.0,43.35110985437035,187.0,596.0,0.0,96.0,118.9502588845283,34,26,3,0,0.4333333333333333,0.4833333333333333,342.0,0.2580544355748508,0.3478077745161646,0.1267576311531296,0.1466800923747725,42,0,0,96,18,96,0,41,96,0.7631789564580391,0.2436049793851584,3,60,0,0,96,0,0.7631789564580391,nenhuma,118.95025888452828,0.0,132,0,terminal,0.25,j606_4.sm,6,centralizada,0,3.417910447761194,0.7
True,130,67,0.7271659359890076,0.0,8.809559661651075,311.0,480.0,39.0,42.0,99.09692732259124,55,5,21,0,0.0833333333333333,0.4333333333333333,342.0,0.2246602077327956,0.2897570974344772,0.0257589463790967,0.1501248123128473,33,0,39,42,27,81,0,15,0,0.7631789564580391,0.2436049793851584,3,60,81,42,0,39,0.7631789564580391,nenhuma,99.09692732259124,0.0,111,0,terminal,0.8633333333333333,j606_4.sm,6,adaptativa,0,1.9402985074626864,0.55
True,211,67,0.6675973829845719,0.0,30.573539449967043,238.0,583.0,0.0,185.0,105.2808349152457,43,17,7,0,0.2833333333333333,0.4,342.0,0.2353797138104411,0.3078386985825898,0.0893963141811901,0.1205578213856754,48,0,0,185,12,185,22,13,163,0.5858494645010164,0.4310024134004245,24,60,0,0,163,0,0.5858494645010164,nenhuma,105.28083491524572,0.0,116,0,terminal,0.25,j606_4.sm,7,centralizada,0,3.149253731343284,0.8
True,150,67,0.6306962341556981,0.0,12.936388663565364,295.0,446.0,101.0,61.0,99.15500719146088,52,8,15,0,0.1333333333333333,0.3833333333333333,342.0,0.224762284401382,0.2899269216124587,0.0378256978466823,0.1402167928998554,44,0,101,61,16,162,13,16,0,0.5858494645010164,0.4310024134004245,24,60,149,48,0,101,0.5858494645010164,nenhuma,99.1550071914609,0.0,110,0,terminal,0.9416666666666664,j606_4.sm,7,adaptativa,0,2.238805970149253,0.7333333333333333
True,242,67,0.6198074621223096,0.0,57.61799384755479,178.0,594.0,0.0,220.0,144.36213066241385,34,26,4,0,0.4333333333333333,0.5,342.0,0.2968202529785697,0.4221114931649528,0.1684736662209204,0.1506342185731312,54,0,0,220,6,220,18,38,202,0.5273323364698471,0.2724902104363956,29,60,0,0,202,0,0.5273323364698471,nenhuma,144.36213066241385,0.0,157,0,terminal,0.25,j606_4.sm,8,centralizada,0,3.611940298507463,0.9
True,158,67,0.5921902992984139,0.0,11.704003479340042,294.0,464.0,112.0,77.0,130.53191626022092,54,6,22,0,0.1,0.4666666666666667,342.0,0.2762393645138198,0.3816722697667278,0.0342222323957311,0.1665942555132235,51,0,112,77,9,189,6,31,0,0.5273323364698471,0.2724902104363956,29,60,183,71,0,112,0.5273323364698471,nenhuma,130.5319162602209,0.0,142,0,terminal,0.9216666666666664,j606_4.sm,8,adaptativa,0,2.3582089552238807,0.85
True,213,67,0.7245814328292459,0.0,33.85293785569352,223.0,602.0,0.0,141.0,87.82449083658301,38,22,2,0,0.3666666666666666,0.4,342.0,0.204326399981646,0.256796756832114,0.0989851984084605,0.1057076335678908,41,0,0,141,19,141,2,9,139,0.6872143627230507,0.3512385487549321,11,60,0,0,139,0,0.6872143627230507,nenhuma,87.82449083658301,0.0,96,0,terminal,0.25,j606_4.sm,9,centralizada,0,3.1791044776119404,0.6833333333333333
True,132,67,0.6862525850482639,0.0,5.0,327.0,444.0,95.0,65.0,42.99209835220311,57,3,11,0,0.05,0.2333333333333333,342.0,0.1116700798177747,0.1257078899187225,0.0146198830409356,0.0664491861055148,38,0,95,65,22,160,4,23,0,0.6872143627230507,0.3512385487549321,11,60,156,61,0,95,0.6872143627230507,nenhuma,42.99209835220311,0.0,48,0,terminal,0.95,j606_4.sm,9,adaptativa,0,1.9701492537313432,0.6333333333333333
True,239,67,0.6800685717653265,8.437694987151191e-15,52.31681601300127,202.0,625.0,0.0,156.0,138.02497181662264,33,27,3,0,0.45,0.5,342.0,0.2875370656119749,0.4035817889374931,0.1529731462368458,0.150186312722048,49,0,0,156,11,156,19,11,137,0.5820371027673271,0.4175993861121362,24,60,0,0,137,0,0.5820371027673271,nenhuma,138.02497181662264,0.0,151,0,terminal,0.25,j606_4.sm,10,centralizada,0,3.567164179104477,0.8166666666666667
True,150,67,0.6260478103456953,8.881784197001252e-16,11.870939913947751,295.0,460.0,123.0,51.0,100.76816370620972,53,7,15,0,0.1166666666666666,0.3666666666666666,342.0,0.2275867416995963,0.294643753526929,0.0347103506255782,0.1371428005235416,41,0,123,51,19,174,12,4,0,0.5820371027673271,0.4175993861121362,24,60,162,39,0,123,0.5820371027673271,nenhuma,100.76816370620972,0.0,109,0,terminal,0.9616666666666666,j606_4.sm,10,adaptativa,0,2.238805970149253,0.6833333333333333
True,203,67,0.7845462365669286,3.1086244689504387e-15,38.667489660975946,204.0,604.0,0.0,57.0,108.87177026433103,37,23,4,0,0.3833333333333333,0.45,342.0,0.2414694763446892,0.3183385095448276,0.1130628352660115,0.141415459651093,48,0,0,57,12,57,0,8,57,0.7131697048371954,0.486713896835989,9,60,0,0,57,0,0.7131697048371954,nenhuma,108.87177026433103,0.0,118,0,terminal,0.25,j606_4.sm,11,centralizada,0,3.029850746268657,0.8
True,156,67,0.6925470418440878,0.0,17.637104755296345,278.0,468.0,44.0,37.0,126.76636924739078,51,9,17,0,0.15,0.4333333333333333,342.0,0.2704254775164769,0.3706618983841835,0.0515704817406325,0.1875890470675124,42,0,44,37,18,81,0,14,0,0.7131697048371954,0.486713896835989,9,60,81,37,0,44,0.7131697048371954,nenhuma,126.76636924739076,0.0,139,0,terminal,0.8958717193185531,j606_4.sm,11,adaptativa,0,2.328358208955224,0.7
True,174,44,0.7993625355697525,3.552713678800501e-15,40.16273691682476,213.0,563.0,0.0,60.0,81.3112166855768,44,16,2,0,0.2666666666666666,0.3,297.0,0.2149320799894665,0.2737751403554774,0.1352280704270194,0.1154478514032757,39,0,0,60,21,60,3,3,57,0.6268507180531939,0.4857196752206667,11,60,0,0,57,0,0.6268507180531939,nenhuma,81.31121668557681,0.0,91,0,terminal,0.25,j607_9.sm,0,centralizada,0,3.954545454545455,0.65
True,102,44,0.7853959819088407,0.0,4.528763553644366,277.0,426.0,44.0,21.0,51.40155260871315,54,6,10,0,0.1,0.2666666666666666,297.0,0.1475353718255148,0.1730692007027379,0.0152483621334827,0.0947666030111718,42,0,44,21,18,65,4,7,0,0.6268507180531939,0.4857196752206667,11,60,61,17,0,44,0.6268507180531939,nenhuma,51.401552608713146,0.0,57,0,terminal,0.9433333333333334,j607_9.sm,0,adaptativa,0,2.3181818181818183,0.7
True,282,44,0.7526161265753372,5.3290705182007506e-15,34.75998574905686,201.0,548.0,0.0,71.0,109.12683737403938,41,19,4,0,0.3166666666666666,0.3833333333333333,297.0,0.2687013694530472,0.3674304288688195,0.1170369890540635,0.1498733898720187,39,0,0,71,21,71,7,22,64,0.6586427040007742,0.3936211322074767,7,60,0,0,64,0,0.6586427040007742,nenhuma,109.12683737403938,0.0,119,0,terminal,0.25,j607_9.sm,1,centralizada,0,6.409090909090909,0.65
True,96,44,0.8347043786942006,0.0,4.297702363277569,284.0,429.0,25.0,31.0,28.95441422162104,58,2,8,0,0.0333333333333333,0.1666666666666666,297.0,0.0888296429142221,0.0974896101738082,0.0144703783275339,0.0563365415694935,29,0,25,31,31,56,5,21,0,0.6586427040007742,0.3936211322074767,7,60,51,26,0,25,0.6586427040007742,nenhuma,28.95441422162104,0.0,33,0,terminal,0.9016666666666668,j607_9.sm,1,adaptativa,0,2.1818181818181817,0.4833333333333333
True,200,44,0.7592019973393334,1.4654943925052066e-14,43.17666999509971,169.0,564.0,0.0,73.0,105.88529531872966,36,24,3,0,0.4,0.45,297.0,0.2628174732338194,0.3565161458543086,0.1453759932494939,0.1425324959128452,47,0,0,73,13,73,8,7,65,0.7659648859265082,0.2570239140832174,3,60,0,0,65,0,0.7659648859265082,nenhuma,105.88529531872967,0.0,117,0,terminal,0.25,j607_9.sm,2,centralizada,0,4.545454545454546,0.7833333333333333
True,107,44,0.7548718003395618,0.0,10.641798828404056,285.0,435.0,34.0,46.0,61.256789304256905,57,3,19,0,0.05,0.3666666666666666,297.0,0.17098570392265,0.2062518158392488,0.0358309724862089,0.1063012018968405,39,0,34,46,21,80,3,37,0,0.7659648859265082,0.2570239140832174,3,60,77,43,0,34,0.7659648859265082,nenhuma,61.256789304256905,0.0,70,0,terminal,0.8949999999999999,j607_9.sm,2,adaptativa,0,2.4318181818181817,0.65
True,165,44,0.7460924285363786,0.0,39.11752836902179,222.0,558.0,0.0,117.0,72.89661261492428,46,14,4,0,0.2333333333333333,0.3,297.0,0.1970729391101839,0.2454431401175901,0.1317088497273461,0.0974688364479291,46,0,0,117,14,117,0,28,117,0.794910294566222,0.2433201962422982,1,60,0,0,117,0,0.794910294566222,nenhuma,72.89661261492431,0.0,81,0,terminal,0.25,j607_9.sm,3,centralizada,0,3.75,0.7666666666666667
True,129,44,0.711087053668704,8.881784197001252e-16,8.411539571215489,273.0,469.0,69.0,28.0,93.55356321043006,54,6,19,0,0.1,0.4166666666666667,297.0,0.2395409286280751,0.3149951623246803,0.0283216820579646,0.1418437689200715,45,0,69,28,15,97,0,6,0,0.794910294566222,0.2433201962422982,1,60,97,28,0,69,0.794910294566222,nenhuma,93.55356321043006,0.0,107,0,terminal,0.8866666666666667,j607_9.sm,3,adaptativa,0,2.9318181818181817,0.75
True,166,44,0.7575648862246027,0.0,27.210391131113468,240.0,552.0,0.0,108.0,68.65045626777264,47,13,4,0,0.2166666666666666,0.2833333333333333,297.0,0.1877488598496336,0.2311463173999078,0.0916174785559376,0.0942158969053663,45,0,0,108,15,108,8,32,100,0.7496468789669437,0.3530323246498424,3,60,0,0,100,0,0.7496468789669437,nenhuma,68.65045626777263,0.0,75,0,terminal,0.25,j607_9.sm,4,centralizada,0,3.772727272727273,0.75
True,123,44,0.691829785294668,0.0,22.115716530932986,255.0,450.0,62.0,45.0,93.44901154166638,52,8,14,0,0.1333333333333333,0.3666666666666666,297.0,0.2393372982881634,0.3146431365039272,0.0744636920233433,0.1436684657574888,44,0,62,45,16,107,5,26,0,0.7496468789669437,0.3530323246498424,3,60,102,40,0,62,0.7496468789669437,nenhuma,93.44901154166637,0.0,104,0,terminal,0.8999999999999999,j607_9.sm,4,adaptativa,0,2.7954545454545454,0.7333333333333333
True,194,44,0.7660939593718809,1.7763568394002505e-15,28.79300666140712,215.0,542.0,0.0,86.0,79.48501978058269,40,20,3,0,0.3333333333333333,0.3833333333333333,297.0,0.2111239906089941,0.2676263292275511,0.0969461503751081,0.1123486965211418,40,0,0,86,20,86,4,17,82,0.6863255838987572,0.3910769205246226,6,60,0,0,82,0,0.6863255838987572,nenhuma,79.48501978058268,0.0,91,0,terminal,0.25,j607_9.sm,5,centralizada,0,4.409090909090909,0.6666666666666666
True,121,44,0.6622236694652018,2.220446049250313e-16,11.252191651947516,282.0,427.0,72.0,48.0,97.7972485562716,57,3,24,0,0.05,0.45,297.0,0.2477151219110694,0.3292836651726317,0.0378861671782744,0.1516713180387227,34,0,72,48,26,120,4,16,0,0.6863255838987572,0.3910769205246226,6,60,116,44,0,72,0.6863255838987572,nenhuma,97.7972485562716,0.0,111,0,terminal,0.9266666666666666,j607_9.sm,5,adaptativa,0,2.75,0.5666666666666667
True,176,44,0.7811131965559239,0.0,43.40004759513969,196.0,545.0,0.0,78.0,74.72217701993544,43,17,2,0,0.2833333333333333,0.3166666666666666,297.0,0.2010161933812415,0.2515898216159442,0.1461281063809417,0.1070944560470814,40,0,0,78,20,78,1,59,77,0.7631789564580391,0.2436049793851584,3,60,0,0,77,0,0.7631789564580391,nenhuma,74.72217701993543,0.0,83,0,terminal,0.25,j607_9.sm,6,centralizada,0,4.0,0.6666666666666666
True,125,44,0.6950894380855358,0.0,9.330101367210254,283.0,440.0,21.0,65.0,107.0120641911621,57,3,22,0,0.05,0.4166666666666667,297.0,0.264873437394504,0.3603099804416232,0.0314144827178796,0.1690521717432003,40,0,21,65,20,86,1,57,0,0.7631789564580391,0.2436049793851584,3,60,85,64,0,21,0.7631789564580391,nenhuma,107.01206419116208,0.0,117,0,terminal,0.8476851054149105,j607_9.sm,6,adaptativa,0,2.840909090909091,0.6666666666666666
True,217,44,0.7327008331458108,0.0,51.38205466371228,198.0,537.0,0.0,100.0,95.904857900079,37,23,3,0,0.3833333333333333,0.4333333333333333,297.0,0.244091809942622,0.3229119794615455,0.1730035510562703,0.1308558087264776,48,0,0,100,12,100,11,7,89,0.5858494645010164,0.4310024134004245,13,60,0,0,89,0,0.5858494645010164,nenhuma,95.90485790007898,0.0,106,0,terminal,0.25,j607_9.sm,7,centralizada,0,4.931818181818182,0.8
True,119,44,0.6901820509127573,0.0,7.078508075342718,277.0,436.0,78.0,38.0,79.71738445442818,56,4,15,0,0.0666666666666666,0.3166666666666666,297.0,0.2116105806210057,0.2684087018667616,0.0238333605230394,0.126191531871922,45,0,78,38,15,116,3,9,0,0.5858494645010164,0.4310024134004245,13,60,113,35,0,78,0.5858494645010164,nenhuma,79.71738445442818,0.0,89,0,terminal,0.93963239986871,j607_9.sm,7,adaptativa,0,2.7045454545454546,0.75
True,198,44,0.6725141583272419,0.0,54.8566874632884,154.0,561.0,0.0,139.0,134.18318120675218,37,23,3,0,0.3833333333333333,0.4333333333333333,297.0,0.3111976233191976,0.4517952229183575,0.1847026513915434,0.1608557739232276,54,0,0,139,6,139,11,6,128,0.5273323364698471,0.2724902104363956,27,60,0,0,128,0,0.5273323364698471,nenhuma,134.1831812067522,0.0,145,0,terminal,0.25,j607_9.sm,8,centralizada,0,4.5,0.9
True,131,44,0.66673229217805,0.0,12.5,258.0,455.0,100.0,40.0,87.43282249555855,54,6,20,0,0.1,0.4333333333333333,297.0,0.2274332923187605,0.2943866077291533,0.042087542087542,0.128119310228704,49,0,100,40,11,140,6,5,0,0.5273323364698471,0.2724902104363956,27,60,134,34,0,100,0.5273323364698471,nenhuma,87.43282249555857,0.0,97,0,terminal,0.9516666666666668,j607_9.sm,8,adaptativa,0,2.977272727272727,0.8166666666666667
True,198,44,0.7661398591057929,4.440892098500626e-16,43.96474457649085,172.0,529.0,0.0,61.0,100.47445282043824,36,24,5,0,0.4,0.4833333333333333,297.0,0.2527821652624005,0.3382978209442365,0.1480294430184877,0.1455150909784162,40,0,0,61,20,61,3,15,58,0.6872143627230507,0.3512385487549321,6,60,0,0,58,0,0.6872143627230507,nenhuma,100.47445282043824,0.0,112,0,terminal,0.25,j607_9.sm,9,centralizada,0,4.5,0.6666666666666666
True,109,44,0.7421599790031959,2.220446049250313e-16,9.5,256.0,423.0,37.0,28.0,81.95797667254497,54,6,13,0,0.1,0.3166666666666666,297.0,0.2162719396809644,0.2759527834092423,0.0319865319865319,0.1437965254052964,35,0,37,28,25,65,5,12,0,0.6872143627230507,0.3512385487549321,6,60,60,23,0,37,0.6872143627230507,nenhuma,81.95797667254497,0.0,89,0,terminal,0.9671473586336856,j607_9.sm,9,adaptativa,0,2.477272727272727,0.5833333333333334
True,219,44,0.6926836006169248,2.3314683517128287e-15,49.576963548277774,161.0,564.0,0.0,120.0,130.22456009884544,33,27,2,0,0.45,0.4833333333333333,297.0,0.3048152476737663,0.4384665323193449,0.1669258031928544,0.1599369098901124,50,0,0,120,10,120,14,11,106,0.5820371027673271,0.4175993861121362,14,60,0,0,106,0,0.5820371027673271,nenhuma,130.22456009884544,0.0,144,0,terminal,0.25,j607_9.sm,10,centralizada,0,4.977272727272728,0.8333333333333334
True,131,44,0.6619766862453018,0.0,7.868110085747436,246.0,458.0,96.0,33.0,104.8672658968593,50,10,16,0,0.1666666666666666,0.4333333333333333,297.0,0.2609500071194499,0.3530884373631626,0.0264919531506647,0.1515713650087508,46,0,96,33,14,129,12,5,0,0.5820371027673271,0.4175993861121362,14,60,117,21,0,96,0.5820371027673271,nenhuma,104.8672658968593,0.0,115,0,terminal,0.97,j607_9.sm,10,adaptativa,0,2.977272727272727,0.7666666666666667
True,225,44,0.8061323348585829,1.4432899320127037e-15,37.58299137073245,203.0,556.0,0.0,39.0,94.71306069435512,42,18,4,0,0.3,0.3666666666666666,297.0,0.241791939555106,0.3188991942570879,0.1265420584873146,0.1373224114373078,47,0,0,39,13,39,6,2,33,0.7131697048371954,0.486713896835989,5,60,0,0,33,0,0.7131697048371954,nenhuma,94.71306069435512,0.0,106,0,terminal,0.25,j607_9.sm,11,centralizada,0,5.113636363636363,0.7833333333333333
True,110,44,0.7305794973436491,0.0,12.116924950631317,245.0,429.0,49.0,32.0,77.2050906983057,51,9,14,0,0.15,0.3833333333333333,297.0,0.206317585242448,0.2599498003309956,0.0407977271065027,0.1314789192418158,37,0,49,32,23,81,5,14,0,0.7131697048371954,0.486713896835989,5,60,76,27,0,49,0.7131697048371954,nenhuma,77.20509069830568,0.0,89,0,terminal,0.96,j607_9.sm,11,adaptativa,0,2.5,0.6166666666666667
True,162,79,0.7640442401727363,0.0,29.361292719275585,236.0,518.0,0.0,100.0,59.971212613146285,48,12,2,0,0.2,0.2333333333333333,315.0,0.1599355113028848,0.1903848019464961,0.0932104530770653,0.0884568717630289,33,0,0,100,27,100,17,5,83,0.6268507180531939,0.4857196752206667,17,60,0,0,83,0,0.6268507180531939,nenhuma,59.971212613146285,0.0,65,0,terminal,0.25,j608_3.sm,0,centralizada,0,2.050632911392405,0.55
True,117,79,0.6232638677367895,0.0,0.0,315.0,345.0,147.0,46.0,15.537623242579642,60,0,6,0,0.0,0.1,315.0,0.0470071246055299,0.0493257880716814,0.0,0.0280696787177021,18,0,147,46,42,193,24,1,0,0.6268507180531939,0.4857196752206667,17,60,169,22,0,147,0.6268507180531939,nenhuma,15.537623242579642,0.0,18,0,terminal,0.9966666666666668,j608_3.sm,0,adaptativa,0,1.481012658227848,0.3
True,230,79,0.6965334364006475,0.0,17.0044637817723,236.0,492.0,0.0,154.0,60.35517878713955,48,12,4,0,0.2,0.2666666666666666,315.0,0.1607948476484626,0.1916037421813954,0.053982424704039,0.0854459351324832,22,0,0,154,38,154,12,11,142,0.6586427040007742,0.3936211322074767,14,60,0,0,142,0,0.6586427040007742,nenhuma,60.35517878713954,0.0,64,0,terminal,0.25,j608_3.sm,1,centralizada,0,2.911392405063291,0.3666666666666666
True,113,79,0.6823308270676691,0.0,5.0,289.0,363.0,96.0,42.0,31.0,56,4,6,0,0.0666666666666666,0.1666666666666666,315.0,0.0895953757225433,0.0984126984126984,0.0158730158730158,0.0582706766917293,14,0,96,42,46,138,16,5,0,0.6586427040007742,0.3936211322074767,14,60,122,26,0,96,0.6586427040007742,nenhuma,31.0,0.0,33,0,terminal,0.965,j608_3.sm,1,adaptativa,0,1.4303797468354431,0.2333333333333333
True,297,79,0.7352949167741771,0.0,25.71499675338858,217.0,499.0,0.0,113.0,66.6392624461081,45,15,0,0,0.25,0.25,315.0,0.1746132251146941,0.2115532141146289,0.0816349103282177,0.0981954126937948,21,0,0,113,39,113,1,10,112,0.7659648859265082,0.2570239140832174,6,60,0,0,112,0,0.7659648859265082,nenhuma,66.63926244610812,0.0,73,0,terminal,0.25,j608_3.sm,2,centralizada,0,3.759493670886076,0.35
True,126,79,0.7101723471614555,0.0,6.661576424325862,300.0,388.0,59.0,41.0,58.34625179483288,58,2,13,0,0.0333333333333333,0.25,315.0,0.1562791952894607,0.1852261961740726,0.0211478616645265,0.1067935427453859,20,0,59,41,40,100,0,16,0,0.7659648859265082,0.2570239140832174,6,60,100,41,0,59,0.7659648859265082,nenhuma,58.346251794832895,0.0,63,0,terminal,0.8649999999999999,j608_3.sm,2,adaptativa,0,1.5949367088607596,0.3333333333333333
True,169,79,0.7133494173317815,0.0,34.33155419433677,200.0,519.0,0.0,122.0,86.55368882373557,42,18,4,0,0.3,0.3666666666666666,315.0,0.2155469896871719,0.2747736153134462,0.1089890609344024,0.1189653631798229,28,0,0,122,32,122,0,23,122,0.794910294566222,0.2433201962422982,2,60,0,0,122,0,0.794910294566222,nenhuma,86.5536888237356,0.0,94,0,terminal,0.25,j608_3.sm,3,centralizada,0,2.1392405063291138,0.4666666666666667
True,142,79,0.6449302005845416,0.0,7.518983198787895,297.0,393.0,97.0,63.0,56.36826906818584,57,3,11,0,0.05,0.2333333333333333,315.0,0.1517853671494917,0.1789468859307487,0.0238697879326599,0.0925027966329478,20,0,97,63,40,160,0,18,4,0.794910294566222,0.2433201962422982,2,60,156,59,4,97,0.794910294566222,nenhuma,56.36826906818584,0.0,60,0,terminal,0.8416666666666667,j608_3.sm,3,adaptativa,0,1.7974683544303798,0.3333333333333333
True,195,79,0.7469883360620659,0.0,20.0,244.0,474.0,0.0,112.0,48.548060681654505,49,11,2,0,0.1833333333333333,0.2166666666666666,315.0,0.133539594711705,0.1541208275608079,0.0634920634920634,0.0765080908599774,19,0,0,112,41,112,5,15,107,0.7496468789669437,0.3530323246498424,6,60,0,0,107,0,0.7496468789669437,nenhuma,48.548060681654505,0.0,54,0,terminal,0.25,j608_3.sm,4,centralizada,0,2.4683544303797467,0.3166666666666666
True,117,79,0.7897959211473307,0.0,4.162232498504814,299.0,404.0,49.0,33.0,25.5245460031146,57,3,5,0,0.05,0.1333333333333333,315.0,0.0749565524797179,0.0810303047717923,0.0132134365031898,0.0498989661445478,16,0,49,33,44,82,0,10,0,0.7496468789669437,0.3530323246498424,6,60,82,33,0,49,0.7496468789669437,nenhuma,25.5245460031146,0.0,28,0,terminal,0.8783333333333333,j608_3.sm,4,adaptativa,0,1.481012658227848,0.2666666666666666
True,162,79,0.7284947115768864,0.0,26.95899882793926,220.0,485.0,0.0,98.0,82.75637721539229,45,15,4,0,0.25,0.3166666666666666,315.0,0.2080579519422217,0.2627186578266422,0.0855841232632992,0.1243042951560313,25,0,0,98,35,98,0,13,98,0.6863255838987572,0.3910769205246226,11,60,0,0,98,0,0.6863255838987572,nenhuma,82.75637721539229,0.0,91,0,terminal,0.25,j608_3.sm,5,centralizada,0,2.050632911392405,0.4166666666666667
True,142,79,0.7231901235164372,0.0,11.263342953080237,279.0,399.0,59.0,36.0,57.7221364416646,55,5,10,0,0.0833333333333333,0.25,315.0,0.1548664026041791,0.183244877592586,0.0357566442954928,0.1046217518367921,17,0,59,36,43,95,0,3,0,0.6863255838987572,0.3910769205246226,11,60,95,36,0,59,0.6863255838987572,nenhuma,57.7221364416646,0.0,62,0,terminal,0.8955212641123138,j608_3.sm,5,adaptativa,0,1.7974683544303798,0.2833333333333333
True,172,79,0.8103133230664795,0.0,35.9237315456911,212.0,536.0,0.0,44.0,81.47252518520628,44,16,2,0,0.2666666666666666,0.3,315.0,0.2054934957905282,0.258642937095893,0.1140435922085431,0.1231684190698543,24,0,0,44,36,44,0,21,44,0.7631789564580391,0.2436049793851584,6,60,0,0,44,0,0.7631789564580391,nenhuma,81.47252518520631,0.0,89,0,terminal,0.25,j608_3.sm,6,centralizada,0,2.1772151898734178,0.4
True,120,79,0.8425204597215824,0.0,7.833432612585595,280.0,412.0,12.0,25.0,40.00889615920862,55,5,5,0,0.0833333333333333,0.1666666666666666,315.0,0.1126982917669366,0.1270123687593924,0.0248680400399542,0.0818162951092463,14,0,12,25,46,37,2,16,0,0.7631789564580391,0.2436049793851584,6,60,35,23,0,12,0.7631789564580391,nenhuma,40.00889615920862,0.0,43,0,terminal,0.9054469888155848,j608_3.sm,6,adaptativa,0,1.518987341772152,0.2333333333333333
True,223,79,0.7183306390729736,2.664535259100376e-15,20.87040627326172,252.0,479.0,0.0,141.0,46.82384677084546,48,12,1,0,0.2,0.2166666666666666,315.0,0.129410615659339,0.1486471326058586,0.0662552580103546,0.0702192145610781,27,0,0,141,33,141,8,5,133,0.5858494645010164,0.4310024134004245,21,60,0,0,133,0,0.5858494645010164,nenhuma,46.82384677084546,0.0,51,0,terminal,0.25,j608_3.sm,7,centralizada,0,2.8227848101265822,0.45
True,121,79,0.5367504252136721,0.0,7.846016421815703,287.0,348.0,200.0,75.0,25.346016421815705,56,4,2,0,0.0666666666666666,0.1,315.0,0.0744713180083252,0.0804635441962403,0.0249079886406847,0.039093347965179,27,0,200,75,33,275,36,7,0,0.5858494645010164,0.4310024134004245,21,60,239,39,0,200,0.5858494645010164,nenhuma,25.346016421815705,0.0,26,0,terminal,0.9966666666666668,j608_3.sm,7,adaptativa,0,1.5316455696202531,0.45
True,219,79,0.5537308203141633,0.0,63.14383723237969,162.0,538.0,0.0,305.0,128.59121411150946,34,26,3,0,0.4333333333333333,0.4833333333333333,315.0,0.2898867471238606,0.4082260765444744,0.2004566261345386,0.1323511495820824,39,0,0,305,21,305,23,8,282,0.5273323364698471,0.2724902104363956,25,60,0,0,282,0,0.5273323364698471,nenhuma,128.5912141115095,0.0,139,0,terminal,0.25,j608_3.sm,8,centralizada,0,2.7721518987341773,0.65
True,155,79,0.5238639609036104,0.0,7.575617058327731,283.0,396.0,196.0,75.0,88.92144059106768,56,4,17,0,0.0666666666666666,0.35,315.0,0.2201453838670877,0.282290287590691,0.0240495779629451,0.117633176962858,39,0,196,75,21,271,18,4,0,0.5273323364698471,0.2724902104363956,25,60,253,57,0,196,0.5273323364698471,nenhuma,88.92144059106768,0.0,96,0,terminal,0.9416666666666664,j608_3.sm,8,adaptativa,0,1.962025316455696,0.65
True,238,79,0.7026930525505255,0.0,25.770018186891456,222.0,492.0,0.0,135.0,73.16346143485438,46,14,4,0,0.2333333333333333,0.3,315.0,0.188486214453066,0.2322649569360456,0.0818095815456871,0.1044948293715863,25,0,0,135,35,135,7,12,128,0.6872143627230507,0.3512385487549321,11,60,0,0,128,0,0.6872143627230507,nenhuma,73.16346143485438,0.0,80,0,terminal,0.25,j608_3.sm,9,centralizada,0,3.0126582278481013,0.4166666666666667
True,117,79,0.6251053074978938,0.0,4.0,298.0,371.0,128.0,58.0,36.5,57,3,8,0,0.05,0.1833333333333333,315.0,0.1038406827880512,0.1158730158730158,0.0126984126984126,0.0614995787700084,19,0,128,58,41,186,10,7,0,0.6872143627230507,0.3512385487549321,11,60,176,48,0,128,0.6872143627230507,nenhuma,36.5,0.0,39,0,terminal,0.9568220028141526,j608_3.sm,9,adaptativa,0,1.481012658227848,0.3166666666666666
True,214,79,0.6642872475983433,0.0,24.24483708886309,227.0,505.0,0.0,181.0,74.21329902955581,45,15,2,0,0.25,0.2833333333333333,315.0,0.1906751367812852,0.2355977746970025,0.0769677367900415,0.0976216795000721,30,0,0,181,30,181,24,10,157,0.5820371027673271,0.4175993861121362,22,60,0,0,157,0,0.5820371027673271,nenhuma,74.2132990295558,0.0,81,0,terminal,0.25,j608_3.sm,10,centralizada,0,2.7088607594936707,0.5
True,117,79,0.6196293238993995,0.0,6.138430871081399,303.0,371.0,135.0,50.0,42.74506530009552,57,3,11,0,0.05,0.2333333333333333,315.0,0.1194847097729739,0.1356986200003032,0.0194870821304171,0.0713910941022476,23,0,135,50,37,185,23,6,0,0.5820371027673271,0.4175993861121362,22,60,162,27,0,135,0.5820371027673271,nenhuma,42.74506530009552,0.0,48,0,terminal,0.9983333333333334,j608_3.sm,10,adaptativa,0,1.481012658227848,0.3833333333333333
True,175,79,0.7956118820145456,0.0,27.46747472310065,212.0,504.0,0.0,63.0,66.47470216738881,44,16,2,0,0.2666666666666666,0.3,315.0,0.1742571703698981,0.211030800531393,0.0871983324542877,0.1049366327336361,16,0,0,63,44,63,0,8,63,0.7131697048371954,0.486713896835989,8,60,0,0,63,0,0.7131697048371954,nenhuma,66.47470216738881,0.0,70,0,terminal,0.25,j608_3.sm,11,centralizada,0,2.2151898734177213,0.2666666666666666
True,105,79,0.7408532160347443,0.0,4.0,301.0,379.0,49.0,34.0,49.57232201611415,57,3,12,0,0.05,0.25,315.0,0.1359739042776896,0.1573724508448068,0.0126984126984126,0.0969018844114726,19,0,49,34,41,83,15,10,0,0.7131697048371954,0.486713896835989,8,60,68,19,0,49,0.7131697048371954,nenhuma,49.57232201611415,0.0,52,0,terminal,1.0,j608_3.sm,11,adaptativa,0,1.3291139240506329,0.3166666666666666
True,249,71,0.774736933630434,8.881784197001252e-16,23.009425708699904,201.0,469.0,0.0,75.0,61.36677630980605,42,18,2,0,0.3,0.3333333333333333,284.0,0.1776858126467785,0.2160801982739649,0.0810191046080982,0.1013712326333558,32,0,0,75,28,75,15,0,60,0.6268507180531939,0.4857196752206667,15,60,0,0,60,0,0.6268507180531939,nenhuma,61.36677630980604,0.0,69,0,terminal,0.25,j609_2.sm,0,centralizada,0,3.507042253521127,0.5333333333333333
True,173,71,0.6638483398609547,0.0,16.680373861786897,228.0,364.0,77.0,22.0,85.31800901428934,50,10,14,0,0.1666666666666666,0.4,284.0,0.2310150248074912,0.3004155246982019,0.0587337107809397,0.1555995017702691,40,0,77,22,20,99,13,0,0,0.6268507180531939,0.4857196752206667,15,60,86,9,0,77,0.6268507180531939,nenhuma,85.31800901428936,0.0,93,0,terminal,0.986617987281682,j609_2.sm,0,adaptativa,0,2.436619718309859,0.6666666666666666
True,400,71,0.7549815974801597,0.0,12.5,236.0,471.0,0.0,97.0,55.85626559907972,48,12,5,0,0.2,0.2833333333333333,284.0,0.1643526138928744,0.1966769915460553,0.0440140845070422,0.0895338697054549,38,0,0,97,22,97,11,0,86,0.6586427040007742,0.3936211322074767,13,60,0,0,86,0,0.6586427040007742,nenhuma,55.85626559907972,0.0,64,0,terminal,0.25,j609_2.sm,1,centralizada,0,5.633802816901408,0.6333333333333333
True,158,71,0.6976249781735206,0.0,7.213482201892408,253.0,354.0,64.0,16.0,73.43595925538867,53,7,17,0,0.1166666666666666,0.4,284.0,0.2054520742914916,0.258577321321791,0.025399585217931,0.1447196595273787,37,0,64,16,23,80,8,0,0,0.6586427040007742,0.3936211322074767,13,60,72,8,0,64,0.6586427040007742,nenhuma,73.43595925538865,0.0,82,0,terminal,0.9566666666666668,j609_2.sm,1,adaptativa,0,2.2253521126760565,0.6166666666666667
True,267,71,0.7343038798043063,1.4210854715202004e-14,41.90990579228183,176.0,481.0,0.0,73.0,101.04216064905944,36,24,5,0,0.4,0.4833333333333333,284.0,0.2624184335521446,0.3557822558065472,0.1475700908178937,0.1542529118262252,41,0,0,73,19,73,9,5,64,0.7659648859265082,0.2570239140832174,4,60,0,0,64,0,0.7659648859265082,nenhuma,101.04216064905944,0.0,115,0,terminal,0.25,j609_2.sm,2,centralizada,0,3.76056338028169,0.6833333333333333
True,172,71,0.7160480485125517,0.0,10.0,235.0,372.0,60.0,17.0,70.51820938937894,53,7,14,0,0.1166666666666666,0.35,284.0,0.1989127991784661,0.248303554187954,0.0352112676056338,0.1357377048867319,35,0,60,17,25,77,7,0,0,0.7659648859265082,0.2570239140832174,4,60,70,10,0,60,0.7659648859265082,nenhuma,70.51820938937894,0.0,78,0,terminal,0.9583333333333334,j609_2.sm,2,adaptativa,0,2.422535211267605,0.5833333333333334
True,269,71,0.7496207729008785,4.440892098500626e-16,43.789609717244126,188.0,472.0,0.0,75.0,82.65170798756938,40,20,1,0,0.3333333333333333,0.35,284.0,0.2254229455011062,0.2910271408013006,0.1541887666100145,0.1312657568288548,34,0,0,75,26,75,7,0,68,0.794910294566222,0.2433201962422982,4,60,0,0,68,0,0.794910294566222,nenhuma,82.6517079875694,0.0,90,0,terminal,0.25,j609_2.sm,3,centralizada,0,3.788732394366197,0.5666666666666667
True,172,71,0.6932358612548328,0.0,12.605870783032133,266.0,357.0,67.0,17.0,73.97624394934054,57,3,14,0,0.05,0.2833333333333333,284.0,0.2066512658303923,0.2604797322159878,0.0443868689543384,0.1436498184499123,34,0,67,17,26,84,9,0,0,0.794910294566222,0.2433201962422982,4,60,75,8,0,67,0.794910294566222,nenhuma,73.97624394934053,0.0,79,0,terminal,0.9566666666666668,j609_2.sm,3,adaptativa,0,2.422535211267605,0.5666666666666667
True,255,71,0.7459809209655245,3.996802888650564e-15,27.145259947141668,244.0,476.0,0.0,114.0,48.086024216158606,51,9,4,0,0.15,0.2166666666666666,284.0,0.1447999033673843,0.1693169866766148,0.0955819012223298,0.0753597828368498,41,0,0,114,19,114,16,0,98,0.7496468789669437,0.3530323246498424,6,60,0,0,98,0,0.7496468789669437,nenhuma,48.08602421615861,0.0,53,0,terminal,0.25,j609_2.sm,4,centralizada,0,3.591549295774648,0.6833333333333333
True,179,71,0.6508190496674551,0.0,12.583414555231183,260.0,363.0,98.0,24.0,72.75871985535744,54,6,11,0,0.1,0.2833333333333333,284.0,0.2039437743381756,0.2561926755470332,0.0443077977296872,0.1304483771660725,36,0,98,24,24,122,10,0,0,0.7496468789669437,0.3530323246498424,6,60,112,14,0,98,0.7496468789669437,nenhuma,72.75871985535743,0.0,81,0,terminal,0.9813915809514198,j609_2.sm,4,adaptativa,0,2.5211267605633805,0.6
True,268,71,0.7471529135141322,1.5543122344752194e-15,21.70042152619592,190.0,473.0,0.0,79.0,81.06987290634903,38,22,3,0,0.3666666666666666,0.4166666666666667,284.0,0.2220667300233394,0.2854572989660177,0.076409934951394,0.1280583334887929,47,0,0,79,13,79,8,0,71,0.6863255838987572,0.3910769205246226,11,60,0,0,71,0,0.6863255838987572,nenhuma,81.06987290634902,0.0,90,0,terminal,0.25,j609_2.sm,5,centralizada,0,3.774647887323944,0.7833333333333333
True,181,71,0.6882067801032258,0.0,4.0,270.0,349.0,64.0,18.0,76.1150271836216,56,4,20,0,0.0666666666666666,0.4,284.0,0.2113630963386895,0.2680106590972592,0.0140845070422535,0.1500942056604863,35,0,64,18,25,82,5,0,0,0.6863255838987572,0.3910769205246226,11,60,77,13,0,64,0.6863255838987572,nenhuma,76.1150271836216,0.0,84,0,terminal,0.9583333333333334,j609_2.sm,5,adaptativa,0,2.5492957746478875,0.5833333333333334
True,256,71,0.8005753216396134,0.0,35.63490193399614,175.0,460.0,0.0,35.0,79.58678473613182,38,22,2,0,0.3666666666666666,0.4,284.0,0.2188935023969335,0.2802351575215909,0.1254750068098455,0.1385113386704161,34,0,0,35,26,35,2,0,33,0.7631789564580391,0.2436049793851584,4,60,0,0,33,0,0.7631789564580391,nenhuma,79.58678473613182,0.0,90,0,terminal,0.25,j609_2.sm,6,centralizada,0,3.6056338028169015,0.5666666666666667
True,165,71,0.7998240601707182,0.0,4.180579545461828,263.0,367.0,25.0,9.0,57.850912689055406,56,4,13,0,0.0666666666666666,0.2833333333333333,284.0,0.1692284868687072,0.2037003967924486,0.0147203505121895,0.1260777980151008,31,0,25,9,29,34,1,2,0,0.7631789564580391,0.2436049793851584,4,60,33,8,0,25,0.7631789564580391,nenhuma,57.850912689055406,0.0,65,0,terminal,0.941018438748244,j609_2.sm,6,adaptativa,0,2.323943661971831,0.5166666666666667
True,217,71,0.7269532317552118,6.661338147750939e-15,39.11704508733133,189.0,447.0,0.0,89.0,78.89512732576875,41,19,0,0,0.3166666666666666,0.3166666666666666,284.0,0.2174047579728043,0.2777997441048195,0.1377360742511666,0.1283066393270839,42,0,0,89,18,89,13,0,76,0.5858494645010164,0.4310024134004245,18,60,0,0,76,0,0.5858494645010164,nenhuma,78.89512732576874,0.0,86,0,terminal,0.25,j609_2.sm,7,centralizada,0,3.056338028169014,0.7
True,164,71,0.6465243654203734,0.0,5.629541428468943,271.0,349.0,102.0,30.0,58.80950860696254,57,3,15,0,0.05,0.3,284.0,0.1715515676503265,0.2070757345315582,0.0198223289734821,0.1089449290338121,42,0,102,30,18,132,5,0,0,0.5858494645010164,0.4310024134004245,18,60,127,25,0,102,0.5858494645010164,nenhuma,58.80950860696254,0.0,66,0,terminal,0.9783333333333334,j609_2.sm,7,adaptativa,0,2.309859154929577,0.7
True,274,71,0.6235953569373821,9.769962616701378e-15,34.990825752272464,155.0,464.0,0.0,180.0,100.07224947730366,38,22,4,0,0.3666666666666666,0.4333333333333333,284.0,0.2605557928579719,0.3523670756243086,0.1232071329305368,0.1344926511472541,46,0,0,180,14,180,24,0,156,0.5273323364698471,0.2724902104363956,30,60,0,0,156,0,0.5273323364698471,nenhuma,100.07224947730369,0.0,110,0,terminal,0.25,j609_2.sm,8,centralizada,0,3.859154929577465,0.7666666666666667
True,185,71,0.5725873156232348,0.0,5.112376452699032,269.0,358.0,153.0,49.0,65.23215277714198,58,2,19,0,0.0333333333333333,0.35,284.0,0.1867873626709538,0.2296906787927534,0.0180013255376726,0.1043326906452191,43,0,153,49,17,202,23,0,0,0.5273323364698471,0.2724902104363956,30,60,179,26,0,153,0.5273323364698471,nenhuma,65.23215277714199,0.0,74,0,terminal,1.0,j609_2.sm,8,adaptativa,0,2.605633802816901,0.7166666666666667
True,216,71,0.8361538678480974,0.0,24.24367370564836,226.0,471.0,0.0,35.0,57.29345364645945,49,11,4,0,0.1833333333333333,0.25,284.0,0.1678715282532457,0.2017375128396459,0.0853650482593252,0.1017115559848466,45,0,0,35,15,35,6,0,29,0.6872143627230507,0.3512385487549321,10,60,0,0,29,0,0.6872143627230507,nenhuma,57.293453646459454,0.0,61,0,terminal,0.25,j609_2.sm,9,centralizada,0,3.0422535211267605,0.75
True,170,71,0.7405127679561341,0.0,12.129234278266535,239.0,354.0,30.0,8.0,86.04712534135533,50,10,15,0,0.1666666666666666,0.4166666666666667,284.0,0.2325301818301653,0.3029828357089976,0.0427085714023469,0.1799971609073317,37,0,30,8,23,38,6,0,0,0.6872143627230507,0.3512385487549321,10,60,32,2,0,30,0.6872143627230507,nenhuma,86.04712534135533,0.0,94,0,terminal,0.9633333333333332,j609_2.sm,9,adaptativa,0,2.3943661971830985,0.6166666666666667
True,270,71,0.6718633268954731,7.105427357601002e-15,27.164551957200665,173.0,480.0,0.0,141.0,93.431017120655,35,25,3,0,0.4166666666666667,0.4666666666666667,284.0,0.2475446184402685,0.3289824546501937,0.0956498308352136,0.1307768208289816,49,0,0,141,11,141,16,0,125,0.5820371027673271,0.4175993861121362,18,60,0,0,125,0,0.5820371027673271,nenhuma,93.43101712065504,0.0,105,0,terminal,0.25,j609_2.sm,10,centralizada,0,3.8028169014084505,0.8166666666666667
True,171,71,0.6660328035121009,0.0,13.53623004117292,246.0,368.0,91.0,25.0,68.52533818075523,52,8,12,0,0.1333333333333333,0.3333333333333333,284.0,0.1943841499007917,0.2412864020449127,0.0476627818351159,0.1240220736416935,38,0,91,25,22,116,17,0,0,0.5820371027673271,0.4175993861121362,18,60,99,8,0,91,0.5820371027673271,nenhuma,68.52533818075524,0.0,76,0,terminal,0.965,j609_2.sm,10,adaptativa,0,2.408450704225352,0.6333333333333333
True,274,71,0.7266732857912969,0.0,29.394434693099598,153.0,489.0,0.0,63.0,120.9296501763001,33,27,3,0,0.45,0.5,284.0,0.2986436042005054,0.4258086273813384,0.1035015306095056,0.1797062295362046,38,0,0,63,22,63,8,0,55,0.7131697048371954,0.486713896835989,7,60,0,0,55,0,0.7131697048371954,nenhuma,120.92965017630009,0.0,133,0,terminal,0.25,j609_2.sm,11,centralizada,0,3.859154929577465,0.6333333333333333
True,171,71,0.7195358932417197,0.0,5.514985763949563,248.0,367.0,44.0,14.0,85.05099738187849,53,7,21,0,0.1166666666666666,0.4666666666666667,284.0,0.2304586574355502,0.2994753428939383,0.0194189639575688,0.166749987390379,40,0,44,14,20,58,6,2,0,0.7131697048371954,0.486713896835989,7,60,52,8,0,44,0.7131697048371954,nenhuma,85.05099738187847,0.0,95,0,terminal,0.9866666666666668,j609_2.sm,11,adaptativa,0,2.408450704225352,0.6666666666666666
