grupo,ponto,risco.F_ancora,retrabalho.f_retrabalho,agentes.tau_sat,agentes.k_analitico,fuzzy.mu_minimo,media_taxa_omissao,var_media_taxa_omissao,media_atraso_relativo,var_media_atraso_relativo,media_retrabalho_sobre_plano,var_media_retrabalho_sobre_plano,media_E_total,var_media_E_total
onda2,0,0.10691171117624229,0.44621492483676856,1.0219090487103641,0.026785748283194546,0.45388488797143256,0.058333333333333334,1.157407407407407e-05,1.7945865302642796,0.012746613984684775,0.12269266163670602,0.00019328444192789342,0.6545269419410495,0.0003709306844773981
onda2,1,0.19172109335185233,0.4291105763370682,1.202695713483552,0.04846188897618441,0.5883070451229638,0.15416666666666667,0.00026041666666666677,2.027365728900256,0.007140129808054546,0.3071191667672498,0.0009078245249818619,0.5669113013820943,0.00033997660643688153
onda2,2,0.1991694199143344,0.5648283217917734,1.1094399266069732,0.03056372465231649,0.5628025865068056,0.13749999999999998,0.00010995370370370365,1.9171355498721228,0.009118058901779575,0.3253656138594053,0.0003995172522285051,0.5718032356934312,0.00048010225277558713
onda2,3,0.12248882698572541,0.36793096361574923,0.8999553200897679,0.04531935259299297,0.4489481810139948,0.07291666666666666,9.69328703703704e-05,1.7441815856777492,0.009018061463685017,0.11041971695137051,0.0001942584510634429,0.7125850391763224,0.0004795986485057954
onda2,4,0.10393596611102834,0.507553386405422,0.7974257261811922,0.07537384913564729,0.5307034189158715,0.08333333333333334,8.101851851851856e-05,1.7040068201193521,0.004404897830241724,0.22150166227515394,0.0009326354354818023,0.7154756889959063,0.0008017109530903697
onda2,5,0.11243105582493629,0.5457570926311867,0.8327736988259745,0.020302760829204174,0.49282193211992864,0.07291666666666666,0.00010850694444444449,1.5359121909633418,0.0030410621659983914,0.14040336972358286,0.00030623073067032367,0.68426932646086,0.0002981809443574103
onda2,6,0.15443214324901852,0.3615322111176208,1.1618749250882088,0.056327071186242195,0.6713577832677237,0.08541666666666667,0.00014322916666666667,1.7618286445012787,0.0026303045372738504,0.1807750899089321,0.00024466290090789726,0.6043699408804972,6.729616467076052e-05
onda2,7,0.20411240702213668,0.40338789385676305,0.8846184653915048,0.04539785596189438,0.5936190491911392,0.11458333333333334,0.0009534143518518516,1.6887468030690538,0.0015546914121295486,0.21371634001800047,0.00041445930047331604,0.6609292709713954,0.0005806840207773106
onda2,8,0.15056702235974978,0.42510571960352606,1.2580524749801305,0.05387748579901734,0.47481962849933657,0.09791666666666667,0.00015480324074074075,2.0911125319693094,0.005564545087961169,0.23488576864864308,0.0004338800729530689,0.6249210244561091,0.00017226661855477077
onda2,9,0.06288140342661738,0.5396732226364889,0.8518504348688364,0.0672962149933346,0.5623977101036901,0.05,0.0001967592592592593,1.6142796248934355,0.0007034622910532918,0.1499305669479743,0.00016305858527830067,0.7177772719175974,0.0002678883692938928
onda2,10,0.16631717835484258,0.7085954629203508,0.9049767743224191,0.043785407934496784,0.46130559285268546,0.13125,8.535879629629627e-05,2.0563725490196076,0.012669631905667602,0.4009441427859792,0.0019007081498226032,0.6282993269901733,0.00030304961497527237
onda2,11,0.12022874804081637,0.35888221229669803,1.0356184225160143,0.03258139698624206,0.4957071478056747,0.0875,0.0005150462962962962,1.75153452685422,0.00999991096924331,0.11808725482012022,0.0004708838383754333,0.6498574603433672,0.0002991281720080915
onda2,12,0.08508514468630207,0.38611105975195686,1.2392687459942833,0.058829395970054335,0.6937619435150022,0.052083333333333336,0.00024739583333333335,1.7841219096334187,0.008741964368558749,0.14738008043647755,0.00039271042136215095,0.5880061516034588,0.0005125152586333769
onda2,13,0.12234435478491065,0.6509669321807305,1.1933429953077428,0.06775278087476418,0.5656739038508012,0.08333333333333333,3.472222222222225e-05,1.990323955669224,0.0017881476200201148,0.33351257164690357,0.0011850014511316962,0.5949519123545416,0.0001512811804645046
onda2,14,0.11325487851202812,0.3710525945087267,0.7644639459029008,0.07825301520708013,0.49493690490579906,0.06041666666666666,0.0001548032407407407,1.7035805626598466,0.00600248632015169,0.14497322871317192,0.00047762774950271315,0.7585995779043584,0.0011659382904866075
onda2,15,0.22891031873834847,0.6822438201808759,1.0306834336743593,0.060267956987415806,0.6914198703481498,0.13124999999999998,0.00020109953703703699,1.92075873827792,0.006886385489367558,0.49181281315944947,0.0012588556628379893,0.5525948920492637,0.0005398960808966568
onda2,16,0.12981073036607166,0.7795568219040482,0.9794567387012606,0.0628140695665136,0.4864918780433791,0.12083333333333332,5.208333333333331e-05,2.0406223358908777,0.005849987535694076,0.40784361904846794,0.0006768188489101082,0.6269924066648704,0.0004486423352818866
onda2,17,0.17192669022072143,0.7055248173381947,0.9431332967084493,0.06686558871762124,0.6903052481269479,0.12708333333333333,0.0002010995370370371,1.7930520034100599,0.00349923397210176,0.4534693692845441,0.0005607921873489962,0.5878940433322666,0.0005879568433821941
onda2,18,0.1739181950523319,0.38266252509402393,1.2249826662293437,0.07562633528142274,0.6500159049672292,0.14583333333333331,9.837962962962968e-05,1.861082693947144,0.0025366770378413375,0.26730825010748815,0.0005998530887054862,0.5867920447785973,0.00028180318431193227
onda2,19,0.09863220827355079,0.6534758825372505,1.2587958872638647,0.051540907240001245,0.6762303151503523,0.08124999999999999,0.00012008101851851854,1.9583120204603581,0.004058134540372363,0.2650757263662312,0.00030732129014385295,0.5409044902564493,0.00017964235026056896
onda2,20,0.1230908041390261,0.49538256487710386,0.9405657742705311,0.03369800185202669,0.45019922639142435,0.06875,0.00012008101851851855,1.686466325660699,0.001890974964308962,0.13596158629276964,0.0005088792680135001,0.6706106473243555,0.00030491490503103784
onda2,21,0.178284994253556,0.40634264848555474,0.8209531717157296,0.07436691495209777,0.645111094149594,0.12083333333333333,5.208333333333331e-05,1.651705029838022,0.0014152650076178807,0.23847572046742926,0.0001832929861384614,0.6843207132991935,0.000429019867551037
onda2,22,0.094003682939393,0.747570850976637,1.003486506464565,0.06475238973723976,0.5750702729646922,0.07083333333333333,0.00014467592592592594,1.7205029838022168,0.0018128993816783681,0.2472125287764309,8.432215902227072e-05,0.6480784791094292,0.00015216238417583718
onda2,23,0.12358046647427215,0.7553943287725708,1.0825079316851767,0.04862294006016067,0.45045040508230516,0.09375,0.00015480324074074073,2.073785166240409,0.01244861411211383,0.3350633168658833,0.001438273093178343,0.6342524731003922,0.0005304661963779646
onda2,24,0.08739803876409344,0.607910400127855,1.1581746072011476,0.042765024341392,0.5572090241121898,0.05625,0.0002242476851851852,1.8628090366581413,0.006307043429081983,0.17599446461885926,0.0009489318805259699,0.6084123241307053,0.0001715864614840596
onda2,25,0.11373822030619346,0.6719958874524463,0.8438823033181307,0.046619608585552946,0.6682912952604094,0.06041666666666666,0.00010850694444444442,1.564236999147485,0.001305288402720392,0.2165673095175959,0.00044241077844501224,0.6662920395633607,0.00030856829174614125
onda2,26,0.23248732718394147,0.6884047506169728,0.7818906508648418,0.07766262263310475,0.6591695711932687,0.16875,0.0007103587962962963,1.9132566069906225,0.005402222183460533,0.5636551513781283,0.0007850108623577448,0.5924001397241878,0.0003948958998644008
onda2,27,0.15754328967454667,0.6262188222707112,1.0136673941241028,0.05279445252745507,0.5098665233802882,0.08333333333333333,0.00010416666666666669,1.9137254901960783,0.0044376647826062715,0.30588317578155544,0.0018909031940827286,0.6246359558708303,0.0006911514551318189
onda2,28,0.1263828115304657,0.6459042733095753,0.9386396640324515,0.04561682690707361,0.49645053324999133,0.08541666666666667,0.0001432291666666667,1.9225703324808185,0.011356241704089859,0.2703338912369107,0.001026472747457613,0.6570838800151064,0.0003398459893858689
onda2,29,0.06725452857190863,0.5613369411453805,1.2084211053790033,0.0392613230493061,0.6925758469050987,0.05,0.00019675925925925926,1.7505115089514067,0.0008298544716575758,0.12369556354358667,0.00018467112054865764,0.5726517068537824,0.0002498400192626634
onda2,30,0.1399729067578469,0.6343697488225513,1.1560099950857312,0.07743560565024402,0.4170486744055812,0.12708333333333333,0.0001432291666666666,2.4179454390451833,0.007358919561498689,0.3989122111132131,0.0007729995097824866,0.6366315441014061,0.0002678809419999569
onda2,31,0.07104744529847513,0.3808152299040061,0.9911259950295368,0.044424234908285815,0.5824093854983874,0.05625000000000001,5.063657407407409e-05,1.6015771526001705,0.00462175555570091,0.08230834843256626,0.00048688226754509616,0.6567457986699781,0.00013749026750250234
onda2,32,0.062083846243235694,0.7504773255558226,1.1107023188211853,0.06102910449549115,0.6258689017214825,0.05,0.00010416666666666673,1.7096973572037508,0.003859369893601585,0.20038242068815823,0.0017235306002807303,0.6117668880679307,0.0005089509445884035
onda2,33,0.05946485359889564,0.5870813397817192,1.228453288351354,0.07415949895246599,0.5473138635840264,0.04375,0.00015480324074074075,1.906223358908781,0.002324738413101261,0.18890154607540188,0.0013023279906417384,0.6280609000650428,0.0002948373796730403
onda2,34,0.2224138408661291,0.5618194754269072,0.7866461554596426,0.05829155858674479,0.5796067144207323,0.13749999999999998,0.0003530092592592591,1.8321184995737427,0.0030439874622891134,0.42899109196624374,0.0017321340308624296,0.6245016228297212,0.00010132859758824639
onda2,35,0.14823909679692948,0.5192509935685424,0.7750430381929428,0.04330890200109444,0.5875997631456552,0.10625000000000001,3.906249999999999e-05,1.6049658994032394,0.004845240773082523,0.22837638365786683,0.0009809449820717563,0.6749104757236988,0.0004949839096062109
onda2,36,0.2107303739892331,0.47556309435562494,0.9211579267662048,0.021420718619440917,0.6630967761265036,0.12083333333333333,0.0002951388888888891,1.682161125319693,0.004921196727205161,0.2370956754031743,0.00011258035445018394,0.6256969985840158,0.00046002296173820295
onda2,37,0.05406450852433814,0.7277922000195821,1.0978158978144583,0.07814005306534985,0.5860338876921926,0.041666666666666664,3.472222222222223e-05,1.8104219948849105,0.001434419187569514,0.19857369069307113,0.0003773567900894104,0.641766657278477,0.0003297411638439189
onda2,38,0.23071407641437064,0.5305161941200378,1.0898098668295444,0.03232770617158513,0.5046460659184762,0.16041666666666665,0.0002936921296296295,2.056457800511509,0.00825332602554347,0.34852502776470334,0.001678979180714419,0.5743694906550328,0.0002484846874246654
onda2,39,0.15613945330486084,0.6686511167630254,0.9752610796295114,0.04175610997249561,0.679208862167062,0.09791666666666667,5.0636574074074086e-05,1.7338874680306906,0.0036882396063556543,0.30077094449901753,0.000569773910859459,0.6054155268059861,0.00023476210920452076
onda2,40,0.14864416507377226,0.7235780723098786,0.9414442198396711,0.06825246704742141,0.5403677869240352,0.10833333333333334,1.157407407407407e-05,1.9707587382779201,0.003318622060682879,0.3959291700389216,0.00043976645783733544,0.631949200078406,0.0003653318209283669
onda2,41,0.0855028192735317,0.5922771862283646,0.7507325189477331,0.05994823870250558,0.4527902721016935,0.05,0.00031250000000000006,1.701300085251492,0.0027934851955781683,0.162600662125438,0.0013361114038825032,0.7397258442636092,9.667588228523571e-05
onda2,42,0.215755920077443,0.7519589909745341,1.2443315695376411,0.02543096818602929,0.6808525569406509,0.13333333333333333,0.00010416666666666662,2.093520886615516,0.0011542952676579503,0.45110413061913796,0.000372845678676375,0.5113889679270038,8.744262346533542e-05
onda2,43,0.15949480364294666,0.44796660802850197,1.241892389348398,0.05215673500156594,0.4847350286830567,0.10416666666666667,9.837962962962958e-05,2.1365089514066495,0.004849462163381982,0.2599532856909762,0.00022443008009584984,0.6085281970431791,0.00017975823155868525
onda2,44,0.22929982935200113,0.5956008696724666,0.8916838354563641,0.06382396876255064,0.620308155711216,0.10833333333333332,0.0002199074074074074,1.9121696504688832,0.0013793824330082902,0.42005399725704395,0.0002065632028706908,0.61634755582392,0.0002544914104058575
onda2,45,0.10507588662950154,0.4615367842717738,1.2560665294034208,0.024983053015056173,0.5758165414630905,0.07291666666666667,7.378472222222226e-05,1.8966325660699062,0.007501813320309397,0.1382278419511086,0.0003159341204092108,0.5692975788841657,0.00030579500187534535
onda2,46,0.14340048790638338,0.3530102248712016,1.034662971111334,0.04475275765785733,0.5709179031644798,0.10416666666666666,0.0004224537037037037,1.7197144075021313,0.008637496768849751,0.15141079073130634,0.00035375000464165805,0.6462691814359486,0.0005239498550258947
onda2,47,0.16846200258732993,0.4417873601983542,1.1437963135676228,0.06592378412252385,0.62202714801827,0.09791666666666667,0.0002473958333333333,1.8698209718670078,0.0012543198086529155,0.25986897991042746,0.000222689359100659,0.6043143702329823,0.00013877394861846258
onda2,48,0.22663639971407198,0.7206452626149824,0.7396670497539695,0.024363155486550304,0.5108131217206459,0.11875,0.00031684027777777776,1.756223358908781,0.005310931135739318,0.3754081861859517,0.000502732242508882,0.6635726549140164,0.00012079711319359556
onda2,49,0.11565736481147988,0.5904321590857753,0.7911027502575535,0.047890713778622904,0.5896311840266826,0.09791666666666665,0.0001663773148148148,1.6262574595055412,0.009838781652250954,0.22859016265290635,0.001474994069881233,0.6785760294179396,0.0006253112009944173
onda2,50,0.1677461568740174,0.4127204178186646,0.7449132258468173,0.0690686815790278,0.5373272910248833,0.11041666666666666,9.693287037037033e-05,1.648998294970162,0.0012189538546926008,0.23180900250630349,0.00039259495710688936,0.7265387174771348,0.0004298834722228888
onda2,51,0.18478907070264614,0.34303394971070345,1.1062311086205574,0.035654164375533634,0.6294037441883951,0.12083333333333333,2.8935185185185173e-05,1.9004688832054561,0.01044915411090737,0.16676992241770566,0.00022430335128795293,0.5935427563576914,0.00044328785155085164
onda2,52,0.20721360753953783,0.5221681143041437,0.9746292996701267,0.07324970118054128,0.5138946484004278,0.13124999999999998,0.00046730324074074073,2.0462489343563512,0.010326250482401336,0.39659675937542943,0.0014915823316296914,0.6492789031942723,0.0006561103040368244
onda2,53,0.2076791226801952,0.3388349414230937,0.8483780336491175,0.02261202187270655,0.5380638075883066,0.0875,0.0004224537037037037,1.5597186700767265,0.007054909204375129,0.1549701641340816,0.00018613360836080965,0.680351210949836,0.000577186607661998
onda2,54,0.17748249962758833,0.5853515990777491,1.0875457066803127,0.060128483715373174,0.5427063633496808,0.08333333333333334,3.472222222222222e-05,1.9800511508951408,0.004443542023849589,0.35346881488108206,0.0006355469183044068,0.6028009049038989,0.00021076798864627934
onda2,55,0.19818212141703517,0.4801148423691698,1.1216487241565338,0.07233849511519166,0.4435169161207364,0.1,0.000324074074074074,2.2641943734015344,0.011533520261583255,0.3512592266959912,0.0012275425441587073,0.6288056942153989,0.0005473522433218316
onda2,56,0.20529433365806068,0.3275241765749262,0.7532172485716062,0.02554393066728866,0.6263139808761076,0.11250000000000002,0.00019097222222222212,1.4580562659846548,0.002997774594473987,0.16078164346481805,0.00027851676314574546,0.7003222939597937,0.00014921958257708902
onda2,57,0.15394430854587915,0.3770783666322476,0.7740108754391305,0.07622716449120753,0.4621647051652113,0.12499999999999999,0.00010416666666666662,1.846845694799659,0.0040789538074517935,0.21579816399518204,0.0002998361793974212,0.7501542370123235,0.00014037564496788965
onda2,58,0.19202205739311967,0.6419903725675594,1.006026556193679,0.033138536250573655,0.5264485369570844,0.11875000000000001,0.0001548032407407408,1.920311167945439,0.009374700505379748,0.3329831062907901,0.0007746489607422264,0.604149757475388,0.00037914488040246544
onda2,59,0.12680476964742118,0.4506901570451322,0.7715782393560999,0.06880026267472963,0.5963825444599988,0.08125,0.00015480324074074075,1.5492966751918158,0.001471088957593985,0.17571340512599792,0.0004016539106642481,0.7108239820116922,9.636751727589486e-05
onda2,60,0.13030904934353454,0.697794945078113,1.2208842070478267,0.058135950013844126,0.6581012619303721,0.07916666666666666,0.00016782407407407412,1.9992753623188406,0.008901421633432148,0.3629180732267572,0.002938950287539608,0.5416346483707357,0.00039040758810670516
onda2,61,0.23410033609489028,0.7427482897724023,0.7769406623820425,0.047189071111883404,0.608860444588439,0.16666666666666669,0.0004976851851851852,1.9191815856777494,0.0024485602091386983,0.568732695130887,0.0005483386702341582,0.5882150989220262,0.0002156293485699391
onda2,62,0.15159945205612904,0.718507256224503,1.1849998512526865,0.06546400789927685,0.5634005600537928,0.10416666666666667,9.837962962962964e-05,2.1125959079283887,0.0010858026043979504,0.4553230973211936,0.0028568564625363452,0.57146149416817,0.0001279210574699276
onda2,63,0.08593128601133135,0.3344850241168644,0.9290087671540117,0.06493025436121318,0.41900588094568014,0.07708333333333334,8.535879629629634e-05,1.917242114236999,0.0026594666524701956,0.12374370038472625,0.00010584219622644023,0.7336852312517825,0.0009702031346594002
onda2,64,0.1368428292759561,0.48193493993219616,1.2172214757984658,0.05250149504955412,0.5696035263263992,0.09375,0.0003747106481481481,1.9534313725490193,0.0013861669400577084,0.23740135995999256,0.0010091259829598785,0.5884639330251478,0.00010079178667272846
onda2,65,0.10449217034689771,0.6997268283282039,1.1017592029375414,0.07020047308771306,0.5273973025039737,0.08333333333333334,0.00012731481481481483,1.9209931798806479,0.011481101586637092,0.29584915229836317,0.0022843931153661763,0.6505155482831587,0.0005687916072402167
onda2,66,0.1868669255397974,0.5876984343491787,1.129990803634775,0.04313228689845891,0.5666342534928561,0.09583333333333334,0.00023726851851851852,2.0131926683716967,0.006087756435833531,0.32677333976957046,0.0009400179319379375,0.5776671815195742,0.00016404309770928936
onda2,67,0.0965543395995816,0.6728922035768004,0.9891543373695223,0.07182085676171314,0.4556426332642896,0.08958333333333333,0.00012008101851851854,2.035528559249787,0.003919766663105443,0.3138600217742886,0.000838759832177066,0.6672029176310211,0.0004350941437680626
onda2,68,0.07300072787371333,0.3904982210151227,0.7209071951529922,0.05532295769555838,0.42424664201165385,0.05208333333333334,4.340277777777776e-06,1.5932225063938619,0.007530792528781159,0.09766008306071396,0.0008186687228876791,0.7716250313725157,0.0003676058018896339
onda2,69,0.22188236005590717,0.4578327005978513,0.869537002817106,0.046742268255390795,0.5270440956875303,0.11875,0.00043258101851851834,1.8314791133844843,0.006301241288613008,0.3051453311712169,0.000764969476478563,0.654460121983232,0.0004075063988036871
onda2,70,0.2329871074268749,0.7710683459770793,1.0183935822302783,0.047060444161910985,0.6612616661469564,0.13541666666666669,8.535879629629627e-05,1.97075873827792,0.007207126966580389,0.48701761265905363,0.001829334511032141,0.5412444690688059,0.0002709268559743747
onda2,71,0.216972252482342,0.3547624003116574,0.873950402519587,0.023953072836146522,0.5727015531653862,0.12916666666666668,0.00042245370370370353,1.6302003410059678,0.0033637823063544688,0.17800323956727188,6.858911247536759e-05,0.6526411086591034,0.00039321806733569917
onda2,72,0.10587310441190056,0.3761226391981004,1.1716620886609952,0.03905633287262429,0.6046030229689217,0.06875,0.0002242476851851852,1.820140664961637,0.0013180420586139739,0.13877723147090637,0.00020009689336822226,0.5828584857064202,0.00010912432307097664
onda2,73,0.10095162801980023,0.619579028664156,0.9984282348418778,0.04901785632410241,0.48136882362865796,0.07708333333333334,4.34027777777778e-06,1.8988917306052857,0.0014043844801100455,0.26010322845223616,0.00031258743927565374,0.6550149822344893,0.0001556322485670512
onda2,74,0.06554611358936532,0.49190653659410505,1.2268761797098455,0.04083186859517754,0.6900800304262502,0.04583333333333334,7.523148148148147e-05,1.7271739130434782,0.0033143623629319995,0.09797492139048898,0.00028021161063052996,0.5896518200048751,0.00015388473090272711
onda2,75,0.23351072226591224,0.7781729241153497,0.8129604298752023,0.029662000780550785,0.5026870711779254,0.10625,0.0001663773148148148,2.015132139812447,0.005064090637428722,0.5001718106830537,0.0013168384816929955,0.6015465701349518,0.00015541144340568713
onda2,76,0.19048462301750613,0.6602026255039533,1.1029332396848397,0.03468205907166397,0.6072313015029459,0.09166666666666667,0.00012731481481481478,1.91768968456948,0.004198072114670648,0.32075843335281473,0.0010946165794682848,0.5596017205800492,0.00021036851432541746
onda2,77,0.23016791656456753,0.49022723875086466,0.913705868464437,0.07155198388245625,0.5997727411778156,0.16666666666666666,0.00042824074074074075,1.8786445012787725,0.0038030904937682215,0.3801731359700445,0.0005295764016876623,0.6221730486321361,0.0006439390294916522
onda2,78,0.18234774354783614,0.3950495113806009,1.0724011582606674,0.07751877468154772,0.6541489282257378,0.13124999999999998,0.00020109953703703696,1.718627450980392,0.005461004286316125,0.24306900544098958,0.0005613889357952753,0.6280804009169929,0.0005837265190171838
onda2,79,0.07731534584238221,0.5343473181108565,0.7245526362782179,0.07711372859093624,0.5678525933669114,0.075,3.472222222222224e-05,1.5578644501278773,0.0006814539788511385,0.18638203484217286,0.0005786045155781223,0.734247374836044,0.0002475467556998883
onda2,80,0.11195213117584678,0.32632910637216933,0.8257465561570199,0.05320323814589888,0.49093418659519034,0.05208333333333333,0.00016637731481481484,1.6102941176470589,0.0008670001322742682,0.10147613425921213,0.00012515601342257538,0.74197664754786,0.00026179269173362714
onda2,81,0.09041340410385093,0.3776880703141677,0.9989423112349581,0.034224599986260276,0.5012803040101674,0.05416666666666667,0.00016782407407407406,1.7096973572037508,0.008080126681681976,0.08821716156289111,8.739280790158242e-05,0.6632283689174867,0.0001981685266178387
onda2,82,0.12768075013372054,0.5352880562785582,1.2509358099246612,0.02423127977811142,0.43508525313241225,0.0875,0.0002488425925925926,2.1476555839727194,0.009378452667252462,0.21078954055617194,0.0003115446916823256,0.5894014965630439,0.0001495070079637991
onda2,83,0.07791476847841103,0.5425818634749031,1.0318733262718058,0.024876722966719174,0.5646103631172478,0.04166666666666667,5.787037037037038e-05,1.6186913895993178,0.0013244716539395102,0.10045414343038815,0.00025291472424915606,0.6412266067243249,0.0001308774292905951
onda2,84,0.13185757961647207,0.7588847696860677,0.8360212831540217,0.0766917254811692,0.46564491910854633,0.1,0.00017361111111111104,2.0644075021312873,0.006624713799428118,0.41962833383577536,0.001991734011116388,0.6809070639403438,0.0010508891684618035
onda2,85,0.05632389661675312,0.5829272866732805,0.7034448343992171,0.05903801819920752,0.6514463687008334,0.05416666666666667,0.00024884259259259266,1.466219096334186,0.00273983053752531,0.13543119623839353,0.0015704971561472738,0.7409870909409395,0.00037143033436265243
onda2,86,0.23157726351378025,0.7725980090662792,0.7884225130675148,0.04761783176803483,0.6434894475214471,0.1625,0.000329861111111111,1.8658567774936061,0.0021318414685641504,0.5209275480223935,0.0018130359614006001,0.5826190590569946,0.0003975684983381863
onda2,87,0.06131600594273564,0.47638400525635516,0.8165020374849823,0.051199817355424,0.6408522144964988,0.04375,7.378472222222222e-05,1.47116368286445,0.006859083783877417,0.07758607899318286,0.0003166470468027249,0.7030913593339241,0.0008076847270750955
onda2,88,0.1256999841031548,0.5714026858900145,0.885920327568339,0.06167287538475582,0.48755353068746676,0.10416666666666669,9.837962962962958e-05,1.8445652173913043,0.002491265144010586,0.24565698422512874,0.0005669269803449378,0.6789752124016688,0.0005605482660355035
onda2,89,0.09195884245721395,0.4891054036095641,0.7901134456787172,0.05430688043352981,0.6358404862200313,0.060416666666666674,5.0636574074074086e-05,1.464855072463768,0.0020938185218859367,0.13763445856628642,0.00026687092822149267,0.6933887190478105,0.00034113138800553774
onda2,90,0.1168869891921328,0.3296122561353753,0.70563223888911,0.06601284539931329,0.647059999608521,0.06666666666666667,5.78703703703704e-05,1.4301150895140666,0.0026445252322854856,0.09792363116599978,0.00045538916202447413,0.750056926212378,0.0004970581144739188
onda2,91,0.13925324968527575,0.6666884529152775,0.756243113604543,0.07453502256675881,0.5918207877995594,0.11875000000000001,0.00012008101851851846,1.6760656436487638,0.003767104958419611,0.3241416118634504,0.0016287996230808313,0.6825372136674609,0.0003764506944320402
onda2,92,0.19887142939712746,0.6614168337808362,0.9470169992930182,0.05517082351904498,0.43864306196381847,0.11875000000000001,0.00036313657407407394,2.2302003410059674,0.011221800416300548,0.44058051400386167,0.0010809840565046101,0.6260881599004382,0.0003574425350041952
onda2,93,0.13880114157052953,0.7628623757974442,1.056566828652341,0.03995828118584732,0.5806069736388647,0.09791666666666668,0.0001432291666666667,1.927621483375959,0.012014700613185708,0.34229653257619086,0.00208866541603374,0.5625350100440262,0.00025737517609339676
onda2,94,0.07826030263523458,0.5489557386171121,1.088926199115809,0.07079060681118593,0.5721813183014998,0.05416666666666667,0.00015624999999999998,1.755306905370844,0.005436959774087174,0.19900835776700282,0.00030594496186798955,0.6482354762548701,0.0003019087679875992
onda2,95,0.06593394669649402,0.6633520296274346,1.1324498211540812,0.02297535980634821,0.4563713933705569,0.06666666666666667,0.0002662037037037038,1.847080136402387,0.013669822806990771,0.12907757555628713,0.0002500865058875413,0.6269336717342344,0.0006754444672536646
onda2,96,0.12479192226555447,0.5725881047427868,0.7925762656729477,0.06754889626726246,0.5558887688511377,0.0875,7.52314814814815e-05,1.728452685421995,0.006420427428789329,0.2658146714946475,0.0003851284765063396,0.6958625769831298,0.0006039787356812517
onda2,97,0.1762908304015984,0.6320050488282961,0.717421195570359,0.06292396072834613,0.4289992520375321,0.10416666666666666,0.0002372685185185185,1.986764705882353,0.006710441181921448,0.36854259473662276,0.001809040417977949,0.7099049624187581,0.000445387013482303
onda2,98,0.17133777644967016,0.4534806399869773,1.1521374896005185,0.06612718889846764,0.4721088787837031,0.10416666666666667,0.0002372685185185185,2.075980392156863,0.004847559206664495,0.2712777273758019,0.0004379161810087963,0.6316583351264318,5.101089934785782e-05
onda2,99,0.1101056660021191,0.6871397354757995,1.0280748902441257,0.028869973709499647,0.4441123010398956,0.06875,8.535879629629631e-05,1.858525149190111,0.017122353333638585,0.20292549956105616,0.0009144134954253337,0.6322016069254885,0.00048141538550409356
onda2,100,0.0547387071140104,0.7546096221481882,1.2406611391445252,0.05354312261491895,0.5129290547662304,0.05,0.00012731481481481486,2.001086956521739,0.008187377855252706,0.19948024829466926,0.000690640061191532,0.611933125284986,0.0004755056698312492
onda2,101,0.15827598393620393,0.7869067641704399,0.8967832493048216,0.03660672165045048,0.6625640136601066,0.11458333333333331,0.0001432291666666667,1.7405583972719523,0.002672501482028988,0.34695155490186536,0.0006920691124139984,0.5903571638638014,0.00039874121218697354
onda2,102,0.07249233651529886,0.7245950104229177,1.068072783065209,0.02362502644914595,0.6862546762040908,0.060416666666666674,6.221064814814811e-05,1.6929241261722079,0.0031620635948511836,0.14466192414814139,0.00017598719267932514,0.5934560902560773,7.476523714905181e-05
onda2,103,0.06901562563741583,0.5770935360487517,1.1002757853922978,0.04406319241970448,0.6667753733090922,0.05208333333333333,1.5914351851851857e-05,1.6350809889173061,0.004858876560248868,0.14160169089503624,0.0008372261019822563,0.6167515447401605,0.0004304127579568173
onda2,104,0.14779154463228553,0.665201550311003,1.1469980811824678,0.07130622638961019,0.4329064739572714,0.1125,5.208333333333331e-05,2.281457800511509,0.008960014773049092,0.41717199784467957,0.0006225423885725137,0.6169491501613454,0.00019674118370401986
onda2,105,0.08053444687490986,0.6447524228354404,1.1450569395889851,0.05197399396828082,0.6943707428526285,0.06875,8.535879629629631e-05,1.8095694799658992,0.004396015800960659,0.23064298372696068,0.0011068194640878075,0.56802646076227,0.000495983150148528
onda2,106,0.19464427267860007,0.7070800597201704,1.2127470145591452,0.041155895295855484,0.5686106771967216,0.10833333333333334,9.259259259259256e-05,2.17653452685422,0.00039544358151232206,0.4248358878927492,0.002334617145633018,0.5387285396450295,8.561392475530136e-05
onda2,107,0.1695808939788482,0.41995161792382485,0.9107709675933152,0.05860248670881393,0.6918182939471963,0.14166666666666666,0.00024305555555555547,1.6304347826086956,0.0060947415649111785,0.22434220856144102,0.00025922460221084175,0.6526088432681131,0.0008936763162460181
onda2,108,0.05825818170198283,0.6987030992963479,0.8091694328170812,0.06668160608309376,0.48189358716583014,0.05416666666666667,7.523148148148147e-05,1.7912830349531117,0.008682155080918656,0.18424904384886515,0.001391107909990472,0.7211189159269156,0.0003497436629663262
onda2,109,0.14049270426748656,0.6006086295131121,0.8429853150695774,0.06060748206612575,0.5811504821508904,0.09583333333333333,6.365740740740742e-05,1.7300085251491901,0.0017930055499472237,0.2942627598026694,0.0002347493464072534,0.6652882054570584,0.00035371295345207874
onda2,110,0.13818185068416725,0.4017309428948543,0.7471491080181375,0.04587177554101991,0.5179381303953351,0.09375,6.221064814814815e-05,1.5804134697357204,0.0038116263932707777,0.15016873190666807,0.0003454371184557411,0.7433867035577626,0.000498087700049397
onda2,111,0.0833369011072477,0.4269185379052095,0.8120947309807173,0.079161928400441,0.6183447920142895,0.07083333333333333,5.2083333333333364e-05,1.5604859335038364,0.001973251647916905,0.14693866653351884,0.0008407428900537366,0.7089551314454229,0.000386889941483509
onda2,112,0.18759923919021626,0.4361429404513286,1.0955704527214696,0.06186072303825122,0.4615841534590275,0.12916666666666665,0.00020254629629629618,2.145673486786019,0.006425299288698765,0.2919601615415165,0.0015399387529406205,0.6435562734061582,0.00027337443560815827
onda2,113,0.1576536803163847,0.62564681575642,1.0678598076076715,0.034275921272079644,0.5780552100559879,0.11875,0.00018952546296296287,1.9011935208866153,0.0030086339241826164,0.29460212521090895,0.0009135147696833818,0.5927407081118112,0.0001771405692160093
onda2,114,0.20132036715017027,0.5679394768301202,0.9547495983498591,0.026399436517989358,0.5038188823546427,0.1125,0.00028356481481481467,1.8487212276214833,0.008080422390980932,0.29207734476760444,0.001048195457068023,0.6158794288210416,7.942232558930621e-05
onda2,115,0.05973005387176178,0.34836999135649555,1.1178352945504557,0.029123752210197296,0.6190241034372719,0.04375,0.00021267361111111115,1.7086530264279625,0.006112551955805858,0.06090907583445372,4.365966251321909e-05,0.6230339114152317,0.0002869684357662391
onda2,116,0.1037519728910674,0.4441346328227572,0.8820370580592326,0.06724257349683788,0.430171515286862,0.06875,0.00018952546296296304,1.8932651321398124,0.004660270745559302,0.170726815880111,0.0003313009753861545,0.7340114554410204,0.0007650533217494878
onda2,117,0.06863792099610565,0.5133969907198169,1.185143565627837,0.06859906019518966,0.6108274290604743,0.05416666666666667,0.00014467592592592594,1.784697357203751,0.003148336505735395,0.15919940207047423,8.549764428043366e-05,0.617088843054848,0.0003158859833651875
onda2,118,0.06977746924834778,0.46322333589885895,0.9783811259544208,0.022239871384548086,0.41603094770535903,0.035416666666666666,1.591435185185186e-05,1.7214407502131288,0.004323162144752137,0.06614713280887724,0.00011871146313298072,0.6752557897193142,0.00016419364882716396
onda2,119,0.12176672937287802,0.7373202241402862,1.0531889312904235,0.0293008825748339,0.660521546964197,0.08958333333333333,0.00012008101851851855,1.778005115089514,0.0022023726030437145,0.23830130188463944,0.000852141823015592,0.5868550883070853,0.0003024674615262855
onda2,120,0.07441337283707647,0.46835551482211296,1.193674426510644,0.03576622607177578,0.5059866571487114,0.0625,2.893518518518519e-05,1.8564578005115089,0.0038165527618067457,0.11883106599340712,0.0002707357878545717,0.6087622749665242,0.00016494979879514956
onda2,121,0.14935469239180352,0.7011242354963922,1.0047233174597847,0.07510310522841215,0.5899067902638742,0.12708333333333333,0.00017795138888888882,1.9468670076726342,0.004506175312582744,0.4360340336721131,0.00040291726322136916,0.6111634973531979,0.0003181240022948839
onda2,122,0.074649294756883,0.4590285348495329,0.8658824096959133,0.04252564164917179,0.4460794553147263,0.03958333333333333,0.00015480324074074075,1.6570119352088661,0.011927221989652083,0.10309128152375717,0.0006929897650089709,0.7067897984591238,0.00038870169774143346
onda2,123,0.06047171078194592,0.47205865339342706,0.94605708195634,0.029803463015753894,0.4311111574842907,0.04166666666666667,0.00035879629629629635,1.6635976129582266,0.0038253560564050497,0.07196034518288744,0.0001534395319005938,0.6714424193324917,0.0006661518932533469
onda2,124,0.09904540785377441,0.5699709344451008,0.9968078055346884,0.023154089003822056,0.6016672417537763,0.07083333333333333,6.365740740740739e-05,1.7214194373401535,0.008022939864629652,0.14134100148247475,0.00010028870171681847,0.6226057501219424,0.0002921207281382058
onda2,125,0.06373658626361434,0.44062387861319396,1.124979300442991,0.046042327913308256,0.632074706932925,0.04583333333333334,9.837962962962968e-05,1.6784313725490196,0.006649682989941101,0.10379078807840937,0.00011366752916703656,0.6283686440497731,0.0006945436515542278
onda2,126,0.14297980943670416,0.6912311957945882,0.8580728735304494,0.0737419862571202,0.5641449759858537,0.11041666666666666,5.0636574074074046e-05,1.8595055413469739,0.00806826878421779,0.3923884990230211,0.0007255922894470195,0.6530992385885319,0.0005334018574188387
onda2,127,0.19279418936904494,0.39804005019003447,0.7327815493743356,0.05313643582679476,0.4703765882497569,0.10625,0.0007103587962962962,1.7430520034100596,0.00042759110390143846,0.24306794093963496,0.000145963858979981,0.7253545554759537,0.0002786104068435108
onda2,128,0.15030775985511982,0.39152134501946756,0.838042450414776,0.02374910902516428,0.524149921035408,0.07708333333333334,0.00014322916666666667,1.5037936913895993,0.002145011964037876,0.13091425780878593,0.0003093419125844226,0.6981631636515664,0.00028976099312527735
onda2,129,0.16549651989530134,0.48458992936728484,1.0082202632265818,0.07092661090944855,0.5391079125867712,0.1125,6.365740740740739e-05,1.8815856777493607,0.0009178174649031064,0.2706621956798573,0.0004412937055821937,0.6497816746978164,0.0002678770817555868
onda2,130,0.22613458105427853,0.5211884376164622,0.7855993272660498,0.04929060793488499,0.44140651924291985,0.15625,5.063657407407406e-05,2.0628729752770676,0.007584888101057538,0.38725388349086454,0.0014905166360994577,0.6794307707467222,9.218997674625908e-05
onda2,131,0.21357546843845351,0.39885036073150393,1.0646290784201362,0.053694795528790966,0.675488413612369,0.11666666666666667,0.00013888888888888892,1.8293691389599318,0.0021129172847339267,0.2657385747018249,0.0004964189799707121,0.5934845862053086,0.0006088610276466319
onda2,132,0.15648059375964782,0.6064387260488213,0.9685261424477923,0.06147487371224131,0.4871660874043062,0.11875,0.00022424768518518508,1.9659846547314577,0.008622691771644223,0.3348596576622548,0.0010341495851813108,0.6539960033235452,0.00018281616527513343
onda2,133,0.1815496866861471,0.730721515758937,0.9725968806244276,0.030850529802296425,0.48867189013863443,0.08333333333333333,0.00026620370370370367,1.931159420289855,0.008205809190251339,0.3337571009327981,0.0003796761453878049,0.6167009822800297,0.00043236329036997005
onda2,134,0.11285529934724202,0.679438020518004,1.1747938424754265,0.06107081803113036,0.6129093647952712,0.07083333333333333,7.52314814814815e-05,1.9372762148337594,0.005910454409348162,0.2723874102988917,0.0005666268408136835,0.5931005789008605,0.0005362736246302429
onda2,135,0.17739359397633006,0.6368786204820435,0.7081647823323277,0.039419265754940105,0.573830056183283,0.10208333333333333,0.0003168402777777777,1.6526427962489343,0.000640795540079949,0.2866702330110219,0.0002913708693789157,0.6783292216387464,0.00022199337954659595
onda2,136,0.17246303054099207,0.3422656267049845,1.1188949063647722,0.02961485212192791,0.6553571739233761,0.10624999999999998,0.00040943287037037033,1.7864023870417733,0.00019044405634302368,0.15825895589204322,0.00034052241068922113,0.5772085035537046,4.3511099860976846e-05
onda2,137,0.13281983325929994,0.7533184357968423,1.026837247091262,0.05108076620290164,0.5073955917936979,0.07708333333333334,0.0001663773148148148,2.0345055413469737,0.01895557640813346,0.37550369761250674,0.003524266281374016,0.6180925832003754,0.0005001404852584525
onda2,138,0.055802963758305166,0.59522846891759,1.160540690071117,0.03459313096161467,0.47461614952405357,0.03125,5.0636574074074086e-05,1.8432225063938619,0.008077485587313494,0.0974822428358169,0.00031579970494859344,0.6198499040274865,0.00022182627279849275
onda2,139,0.16117231603892207,0.49983126714503634,1.0397408149569398,0.06957846007361697,0.5815575236477843,0.08958333333333333,8.535879629629631e-05,1.8022591645353794,0.004221227379222808,0.2738340694661865,0.0004314196945170218,0.6393642471557193,9.76135314309328e-05
onda2,140,0.1630035968332452,0.4376565383806159,0.7807268926307642,0.04311194248242409,0.4390068018104273,0.10833333333333334,3.472222222222221e-05,1.7297953964194375,0.0031889539116238333,0.20512370753578651,0.0002884122691953033,0.7279124172316146,0.00011469457087534329
onda2,141,0.11055529074793463,0.5808194161346445,1.2066753412977569,0.051658733934239774,0.6283683452857842,0.09375,5.0636574074074046e-05,1.9043265132139813,0.004609727167365956,0.28393122468501275,0.0012857055074735027,0.5703843632023612,0.0002979760569217598
onda2,142,0.16690332076983397,0.49614465991987117,0.800082389731043,0.04468144864638822,0.45678225742197703,0.10833333333333334,0.00028935185185185184,1.7583333333333333,0.00494254109405355,0.25532622065561117,0.001317556072788032,0.6875286844637651,8.71574871843859e-05
onda2,143,0.08856024611289245,0.5786036302205284,1.0456407907267558,0.05241580584038594,0.5535188991130071,0.07500000000000001,0.00026620370370370367,1.7917306052855926,0.01061287924982564,0.19461603140918526,0.001277894890759441,0.6370195105535434,0.0004992712703405453
onda2,144,0.12810247751350565,0.45697053739296445,1.178545630316505,0.07291870032826409,0.5228770876228417,0.09375000000000001,5.063657407407406e-05,2.0772804774083546,0.0048562892174426634,0.235681318285473,0.0006858730303474313,0.6152348667870446,0.00020516361885660294
onda2,145,0.0867091465944887,0.5814509521835198,0.8110998523457944,0.035952919457880386,0.4790283770052312,0.043750000000000004,0.0001200810185185185,1.5909420289855074,0.013686690198646387,0.12766055470457194,0.0013018218288224758,0.7108595087673479,0.00018468256771723385
onda2,146,0.17923616836529654,0.4210024873771522,1.0712795922549043,0.03262002327291001,0.6427459551729338,0.09375,6.221064814814815e-05,1.7609548167092923,0.005822812562760619,0.1947464110591227,0.00015483051235075121,0.6002835477373705,0.00031825356746562706
onda2,147,0.16298455239820014,0.604843529492415,1.0171181479223124,0.02787986665153229,0.5580772063201762,0.09166666666666667,0.0003125,1.799765558397272,0.0022063848921952604,0.23030339235203764,0.0009056991435354072,0.6153472549303423,0.00015641336247737843
onda2,148,0.08105563094382688,0.41767444856846014,1.135342422483323,0.0418517299934967,0.534170750123719,0.06041666666666667,0.00014322916666666667,1.770694799658994,0.004754264664092413,0.12118001466564857,0.00044593193121830353,0.6286073566268753,0.00022186885646003195
onda2,149,0.08143641433292975,0.34733330741335566,0.9925274678044592,0.03544816187243724,0.4450240978303404,0.056249999999999994,8.535879629629631e-05,1.7292625745950554,0.014954805535023966,0.09089025528932365,8.121991675432123e-05,0.6739943364175688,0.0002827824171299741
onda2,150,0.17225554379541455,0.3660590163859536,1.0476639491476973,0.02698181738013807,0.5940867402406115,0.10833333333333334,8.101851851851848e-05,1.7634271099744245,0.0015519490225634237,0.15509370710927045,0.0004995662179418366,0.6007645103884239,0.00011311124506393919
onda2,151,0.09522347160826107,0.6021504041018192,1.1920672135849941,0.07288977735051735,0.6198633239115534,0.06875,3.906249999999999e-05,1.881926683716965,0.011283972501488099,0.2524428717667688,0.0024271152037317243,0.6073716557480175,0.0007560430970953359
onda2,152,0.06959999820287238,0.40480612957498624,0.7992068112232161,0.040289978387832714,0.5615702412308146,0.04583333333333334,0.00026041666666666677,1.5316283034953113,0.005905904301748123,0.07870878351915561,0.0005032758278885673,0.6978428823208265,0.0005003874991844941
onda2,153,0.14726657984185076,0.5056094291463417,0.9639531307633058,0.07032492765103664,0.47546598776393256,0.10833333333333334,4.629629629629628e-05,1.9522165387894288,0.0025789769433354954,0.2699837275075562,0.0004532563492937308,0.6808241591524504,0.000413768909423558
onda2,154,0.13738142776136184,0.5268840660367943,0.9957320524332411,0.055571800193246396,0.47617512930546735,0.10833333333333334,5.7870370370370345e-05,1.9865089514066496,0.0038866944624322912,0.27916908749950764,0.0007887970772784528,0.6464083097498285,0.000615084254448826
onda2,155,0.07573627627453877,0.4730577693621133,1.01025899302448,0.02197554636853104,0.5186588408464339,0.07083333333333333,5.2083333333333364e-05,1.721994884910486,0.008623450047204467,0.10707067002181422,0.00022777306730448785,0.6259110522439107,0.00037063166713098274
onda2,156,0.19238479818043916,0.369619437541356,0.7268823481715363,0.04844179924399313,0.6812435308930804,0.10625000000000001,0.0005598958333333333,1.4758312020460358,0.0016645874653900446,0.1861430536330933,0.00047382491384689976,0.6921395706794232,0.0007204212528360109
onda2,157,0.08184456545591214,0.7358145205706517,0.9187149419701248,0.06245299984330007,0.6369388367673191,0.05416666666666667,7.523148148148147e-05,1.5867220801364024,0.0015543127285879805,0.20714560435074,0.000752017397812368,0.6592922540839371,0.0004911296527761116
onda2,158,0.10873530613359562,0.7154392352327562,0.8058030017162977,0.0625348898100497,0.6524324478833172,0.06666666666666667,3.472222222222221e-05,1.5687553282182438,0.0029828095538844443,0.23239693529929,0.001073391161555878,0.6667885044803057,0.0002195018939900416
onda2,159,0.17674303579807032,0.4932595606167972,0.88172522277065,0.03276737664281426,0.588792176156445,0.1,0.00035879629629629646,1.6826300085251493,0.0012668669374170697,0.2314227891273566,0.0006370633869664455,0.6374593159556847,0.00033295877758060793
onda2,160,0.08478597482605921,0.4314665940158017,1.1898053664269534,0.03645432357578164,0.630816474765149,0.035416666666666666,3.90625e-05,1.7558184143222506,0.003063222950941994,0.09834371977866518,5.2642255279172985e-05,0.5972718341560836,0.00018125887281867942
onda2,161,0.170662123063883,0.6441921608968955,0.9614109808971293,0.022901649044845047,0.5417362040448928,0.11249999999999999,0.00010995370370370373,1.7665814151747656,0.008350470845516017,0.2768576331102574,0.000526679535081316,0.6165082826496495,0.0002994495770254222
onda2,162,0.16022249286482487,0.5914633421541043,1.0925961061715515,0.033245952330109144,0.5330430769235659,0.1,0.00010416666666666669,1.9206095481670928,0.010015251967943117,0.27826890581202945,0.0004667124930539772,0.597657150967704,0.0002659353251906886
onda2,163,0.2127093361229547,0.48669014570294955,0.8148646822943816,0.04291209462069842,0.5547412525157438,0.12083333333333335,0.0003530092592592591,1.7146419437340152,0.0060571516589882175,0.2909141137946908,0.0012708234803206194,0.6561086674819699,0.0005405627373437212
onda2,164,0.17540267668873105,0.5163571810371008,0.8889062135717657,0.06565651761039468,0.5854029486440421,0.10416666666666666,0.0004918981481481481,1.7862745098039217,0.0013719978768284334,0.31396788334341336,0.0002255569332714235,0.6510508531986399,0.0003566255910434238
onda2,165,0.2162227972597813,0.6817423633282772,0.9373024107073988,0.062332505577052985,0.5730244866150119,0.11875,0.00022424768518518518,2.019757033248082,0.0037441544040426582,0.514451252736481,0.00025173311330021364,0.5966855758320325,0.0004550219381530933
onda2,166,0.1614564329785462,0.7037071861949402,1.1871880373493557,0.07877035503072766,0.6822012316247222,0.12916666666666665,0.000167824074074074,1.9835038363171353,0.0005447743548782889,0.4387443924744553,0.0020509519556275797,0.5364935821549733,6.0718951997953875e-05
onda2,167,0.22120073800425244,0.7698354722558368,1.0123934062621573,0.06053128178556453,0.42510738769757134,0.14583333333333331,1.73611111111111e-05,2.53190537084399,0.0038544725963330986,0.6405545571180985,0.0010429751803088933,0.6047958695789385,0.0003133457111748708
onda2,168,0.20566992007550194,0.3494786925461722,1.142089091219775,0.06162805343813635,0.6302248789902819,0.125,0.00017361111111111104,1.8552003410059676,0.001419320449432106,0.2309186494528303,0.00030435013392705136,0.5960409555572208,0.00040006819456371465
onda2,169,0.09615299937382642,0.5283951704527914,0.8763205384281978,0.07097454477852928,0.6743692250233686,0.06874999999999999,5.0636574074074046e-05,1.556393861892583,0.0031349952165651996,0.17501218759504883,0.0009861852583280197,0.6622196069642743,0.0006340111389563871
onda2,170,0.19806198501468186,0.5582011438624819,1.0964473446704963,0.031226224000817614,0.4207674976694955,0.09166666666666667,0.0001967592592592593,2.0985933503836316,0.012696491485631393,0.2833023665044098,0.0007733159067636362,0.6214854268007539,0.00030112471623194083
onda2,171,0.057817360282635746,0.7614719099938576,0.8600229012301706,0.046960288959809846,0.6870988090239587,0.03333333333333333,3.472222222222222e-05,1.5192028985507244,0.007179326809983166,0.10284989687136215,0.0006148351611919983,0.6823161918770486,0.0012448092588401574
onda2,172,0.06772667805615758,0.33682384524866005,0.8607513286690314,0.02834336184298615,0.6543798269230355,0.029166666666666667,6.365740740740742e-05,1.4117860187553282,0.0006944851745014944,0.05094512827646075,3.751169306394568e-05,0.6966753303539798,0.0005363778428136022
onda2,173,0.14609051943935833,0.41135495694090074,0.911548449311605,0.06125654749780294,0.6614907913616375,0.1,0.00028935185185185184,1.6274936061381073,0.001078992811402333,0.188767361775122,8.584651779127362e-05,0.6599780534121515,0.00018916272583342428
onda2,174,0.13559451035377912,0.3408648362271056,1.0245329368398057,0.057527557993160366,0.5701996004430119,0.10416666666666666,9.837962962962964e-05,1.7648763853367435,0.00321014262606089,0.15371125975223365,0.000370243125219095,0.6508835191072939,0.0006055828830204554
onda2,175,0.219234356796667,0.7438362446616857,0.9838322346862423,0.026899928443516095,0.5787522150280979,0.11875,0.00031684027777777776,1.8965260017050298,0.005837202083101678,0.4219978228882736,0.0008917945394227731,0.5762233016418334,0.00020416597112407988
onda2,176,0.2200184450464243,0.40224719948007426,0.7835837852133969,0.060348054984417795,0.6083358442526079,0.11250000000000002,7.523148148148145e-05,1.6311167945439045,0.0009876781432762872,0.23833423944155185,0.000306639662574647,0.6991291332677064,0.0004708157383376004
onda2,177,0.2099972012510674,0.7687046231035128,0.9024603911598622,0.0265576064735578,0.6121237883549793,0.10208333333333333,0.0003399884259259259,1.8080349531116795,0.0031366024639837287,0.42002423145489876,0.00035239076397079305,0.5959799441910172,0.0005672815203325227
onda2,178,0.14366552093873663,0.6138752878047038,0.8749931921452709,0.032208967391577956,0.5564392054433382,0.08333333333333333,0.00015046296296296297,1.7000426257459504,0.004265666445482773,0.21831425367055945,0.0008678042363673955,0.653270096066747,0.0003138271603445757
onda2,179,0.11153882106173231,0.702274558194669,0.7049828280544285,0.069440433114203,0.5494465441924891,0.08125,0.00029369212962962964,1.660080988917306,0.003232454066791721,0.26783296847803056,0.0022175029976001987,0.7012752966719937,0.00011844003515218357
onda2,180,0.1338809354103453,0.7561946599042235,0.7236939548369107,0.0567168944702384,0.6577215734825015,0.08125,1.5914351851851874e-05,1.6023657289002557,0.006170493263097154,0.30222941010028187,0.0012938203554495231,0.6686216225860838,0.000375146053430779
onda2,181,0.10962628530073883,0.5123550825335219,0.9939587455093236,0.03756432356927503,0.5847191101763161,0.08125,0.00010850694444444445,1.6853580562659847,0.006525666628389497,0.1654414900957227,0.0006305746035856664,0.6345871994221999,0.00023217519307451663
onda2,182,0.1680873249017487,0.7227346699725419,0.7655645535178301,0.07794214586146508,0.41725387644759365,0.12916666666666665,0.00015625000000000003,2.25,0.002163039783787292,0.49724004916898157,0.0014560089681376759,0.6835999267646261,0.00024028957177103707
onda2,183,0.21505372916555127,0.5657380138352684,0.9831601365808914,0.06320113621654846,0.5395202330674962,0.14166666666666666,0.0002199074074074074,2.0287084398976982,0.00883821327868905,0.40827129908987136,0.001987026872826941,0.629398642555625,0.000635136628122663
onda2,184,0.133541320006926,0.5550491066113644,0.8899450544153693,0.06769520056213893,0.6211214371814422,0.10833333333333332,0.0005671296296296296,1.6644927536231884,0.0021566259353983154,0.2658532874332284,0.0004304091125418771,0.6568440239240874,0.0005192059632769093
onda2,185,0.23242306940876326,0.4427348283605306,1.253888937264997,0.020778891276575152,0.5359531322197519,0.14583333333333331,0.00021412037037037027,2.0699062233589087,0.004402243865780859,0.26612045214651947,0.0005262580508467255,0.5598526528062389,0.0002751841115382362
onda2,186,0.21229175766346436,0.5068299651000752,0.7611590029167764,0.048108115799344466,0.5140584484066164,0.12291666666666666,0.00014322916666666659,1.729688832054561,0.0014623179139330615,0.2927579532828386,0.0003544393155668682,0.6829732390566383,0.0003306349847963516
onda2,187,0.1384221079090475,0.6947735725936388,1.128080111932203,0.035071376637891456,0.6748785228254572,0.1,0.00011574074074074069,1.8523657289002555,0.002316529868183611,0.2828366102209364,0.0013615101134346471,0.5578763972654099,0.00025993668626442327
onda2,188,0.06088016387407154,0.4159954636724506,0.7681591799042081,0.02521376166408426,0.4509336749782409,0.029166666666666667,7.52314814814815e-05,1.4486786018755327,0.0050248292850381985,0.05656304106025096,0.00018391810474638925,0.7239357326683868,0.00027466656918879925
onda2,189,0.18896077554544144,0.7412885897987513,0.8544555358092605,0.04158164313545469,0.5327938134214596,0.10416666666666667,0.00016782407407407406,1.936700767263427,0.012324454362591879,0.4183175310156978,0.0014241928061847955,0.6245146623383174,0.0003594904091689891
onda2,190,0.11703257225592908,0.3213404671657861,1.2307869293336893,0.03353909616608576,0.5694664005498526,0.07500000000000001,0.00018518518518518523,1.9518755328218242,0.004249713587450116,0.1050699298532409,0.0001722076731043756,0.5803691878931931,0.00018488348937693017
onda2,191,0.055165320483523655,0.6964512423705043,0.8784995988727321,0.03784365590744425,0.63827835494886,0.035416666666666666,3.90625e-05,1.5208013640238705,0.003239125468441076,0.08760477731208469,0.00042864524868534777,0.6753860484636522,0.0003495037813991541
onda2,192,0.1568952587076993,0.6274735937254151,0.8218100636872318,0.031742092178987644,0.42927069273845214,0.08124999999999999,0.0003052662037037037,1.7877237851662402,0.010900759898706014,0.27536231552821433,0.001447172327311704,0.6717782719617039,0.00024339103954222431
onda2,193,0.16046522220192708,0.6305152149941318,1.219511739210017,0.02515211933102368,0.512190458049066,0.11875,1.5914351851851844e-05,2.094309462915601,0.005412726450032416,0.28610273025120786,0.0005278103645980647,0.5698931325796945,8.714554034381756e-05
onda2,194,0.1269767594440229,0.7765581550004186,0.7253770834833686,0.028702119891477314,0.6788044752361299,0.07083333333333333,6.36574074074074e-05,1.5110400682011935,0.0012805584445127595,0.23378524267156964,0.001537497898691692,0.6729515439169339,0.000374300188614592
onda2,195,0.10907327651595772,0.6210105856237922,1.0018881877302346,0.04101754559344056,0.45833426306874514,0.07083333333333333,7.523148148148151e-05,1.8350809889173059,0.006964290429714523,0.20056969490200544,0.0002856020628387893,0.6624778612483868,0.0004960079397468938
onda2,196,0.2154479652992395,0.6304017630845113,1.2228540979612874,0.06926711254122173,0.6561155677036004,0.17083333333333334,2.8935185185185227e-05,2.02193094629156,0.0021876581507233733,0.4888014480376977,0.0015724593255257047,0.5346101080922685,0.00010550465144399704
onda2,197,0.1674359721413948,0.4854030767045514,0.746048500757731,0.049119270963564596,0.633824723759431,0.1,0.00032407407407407406,1.5722719522591646,0.0007029594489735051,0.22751292516252994,0.0007178332975856951,0.6870970007928262,0.0006114727232061475
onda2,198,0.19076361827232072,0.38119410201333526,0.7436137999955614,0.06558086803758315,0.6287637055359195,0.12083333333333335,0.00046875000000000004,1.5780264279624894,0.0014502400135956597,0.21870098830550588,0.0005578366618129465,0.7054980313226026,0.00022171330452351915
onda2,199,0.06297734291478388,0.662980982267277,1.0916164340080665,0.0405184253670149,0.5112568453014936,0.05416666666666667,6.365740740740737e-05,1.8192028985507247,0.0027627847258107053,0.14233506186470518,8.979201940982668e-05,0.6268705096589128,0.0002971581517821864
onda2,200,0.21426696923171365,0.3888570772850418,1.1272393035775732,0.05807527446043716,0.6172180893720484,0.11041666666666666,0.00040943287037037033,1.8858908780903665,0.001480927310445044,0.25882815076675225,0.0004730379510021389,0.5873342101063526,0.00024140156332177752
onda2,201,0.10172634401840905,0.5191092010341187,0.7365037146763378,0.04944098645862321,0.6462849811242347,0.05208333333333334,1.5914351851851847e-05,1.4814791133844845,0.004422184786908816,0.13938012403064381,0.0002577886239378885,0.7199321148362451,0.0005733653535442163
onda2,202,0.15574179490816792,0.612699049679478,1.180381356714954,0.02095309867663087,0.6424211806303375,0.08125,0.00014322916666666664,1.9053282182438194,0.0038428684668079965,0.2422351456436166,0.001060865923033884,0.546686455164987,5.4906527288477556e-05
onda2,203,0.13663353367917389,0.5288368570321693,0.734728031595781,0.06970302542454765,0.46793065161017167,0.11458333333333334,0.00022424768518518508,1.9415814151747655,0.003307450669087333,0.29225524036994555,0.0006863983589794734,0.722107394054917,0.0004150899832719083
onda2,204,0.22344089432131656,0.6741751372887896,1.1996214613445142,0.03984382612452014,0.5990696398118149,0.15,8.101851851851856e-05,2.1939471440750213,0.002024944601065896,0.4898052301917276,0.0011072419885843111,0.5274067479753235,0.00017054823939347455
onda2,205,0.05916084597287065,0.6678618156601814,1.2016527492333982,0.05691739970814929,0.6145068771213833,0.05208333333333333,5.063657407407407e-05,1.8791986359761297,0.0017928698840322926,0.19049851351630315,0.0002893545312694724,0.592164273235881,0.00035775255745530693
onda2,206,0.09038773734281215,0.4688515756499819,0.8986108783119299,0.052640690915921655,0.442695840476719,0.03958333333333333,2.7488425925925926e-05,1.6874893435635123,0.00918894237396455,0.1153503772814488,0.00048065395044437424,0.7110678533067623,0.0002527159825722102
onda2,207,0.20385830882087852,0.5447614639076107,0.9254566386515614,0.06791646401526089,0.4342250696630182,0.1375,0.000329861111111111,2.1758525149190113,0.009869469251926026,0.4179332964390059,0.0010571315381603466,0.658322158029624,0.00037992991059464785
onda2,208,0.07343964370776,0.5988119163208885,0.8318796182538771,0.03447306826667107,0.4894533276699413,0.041666666666666664,0.00015046296296296295,1.6187979539641946,0.006109710239409159,0.1240827506111443,0.0007686939883098763,0.6873928690728839,0.0002744887761842603
onda2,209,0.19761860430749595,0.5592426881150856,1.0627799195472754,0.07059648264014848,0.44536433934163944,0.13125,0.0002473958333333332,2.226555839727195,0.016027833437141984,0.42248818205092536,0.001163911761450004,0.6506710006616749,0.0003875627817289458
onda2,210,0.06475955453144505,0.34616325330626296,1.2241488900079047,0.05421767810616197,0.49959478609024777,0.07291666666666666,2.7488425925925912e-05,1.9267476555839727,0.004483852213062348,0.1111877862098414,4.117371356204627e-05,0.6336493474133086,0.0003714430318895656
onda2,211,0.16499621524051405,0.538467296455239,1.1162608691483111,0.02160752171982743,0.6073750207277624,0.09375,3.906250000000003e-05,1.8888320545609547,0.0024150797994179434,0.2186360859639853,7.364969140839665e-05,0.5735143324246518,0.00012119232476079584
onda2,212,0.11077863958101897,0.5111543751794321,1.112578192642105,0.057762288411159574,0.5318326486653183,0.08333333333333334,0.0003587962962962963,1.8800298380221654,0.010257264213245491,0.21041718467962023,0.0015473407287783746,0.6411103408758134,0.0008882848318467885
onda2,213,0.05537407979493623,0.7390401590226284,1.0408519444373538,0.05600395641702032,0.6248986025051216,0.043750000000000004,7.378472222222222e-05,1.6819479965899404,0.0035143799510488297,0.19428896278129848,0.0007193796452228118,0.6355998134439821,0.0005149884730694825
onda2,214,0.0933886197928716,0.7146263944253936,0.9657086267592874,0.02850604874455055,0.5525052720362907,0.05416666666666667,5.208333333333332e-05,1.672762148337596,0.014747074522013863,0.18094092364584785,0.0012692425327841359,0.6428401400607288,0.0009695461762455072
onda2,215,0.10535145722897063,0.6558809278288549,1.252444336910804,0.07315003726608688,0.47139258001331674,0.08125,0.0002936921296296297,2.187404092071611,0.006293280606533229,0.3304155912298767,0.0008721798933069907,0.6229593552052548,0.00018606026227217126
onda2,216,0.1415814625588519,0.447557771488598,0.9157985981941403,0.0715737688039113,0.4939149084698482,0.09791666666666667,0.0007798032407407406,1.828708439897698,0.003456178062240125,0.21533544779957964,3.4009291835089175e-05,0.6974410276826949,0.0007970399196788416
onda2,217,0.14576434809636812,0.5731404928052972,0.7779506996835847,0.03342922112731328,0.5452137044449268,0.08333333333333334,0.0006712962962962962,1.577387041773231,0.00449217628598568,0.2093511155442399,0.0006766617813317794,0.689897476886497,0.00042798685337464134
onda2,218,0.17591355909547982,0.516972488979817,0.7625338718333865,0.07001037596298648,0.6934576470145299,0.14791666666666667,0.00016637731481481473,1.6105072463768115,0.0014231637618413936,0.3156892446785997,0.0006401176217169594,0.6653916963481978,0.000543805133186943
onda2,219,0.1691668028549966,0.5236004120938397,1.2603982170921029,0.021763446377918768,0.49674709217128665,0.10625000000000001,0.0003284143518518517,2.0384697357203754,0.0062297078010565944,0.22905974244608998,0.00030501846307993095,0.5788077661312783,6.972381678767642e-05
onda2,220,0.08004884786166631,0.7404051965810887,1.2110278636653886,0.06473573511524763,0.4677311277998911,0.0625,2.89351851851852e-05,2.1247016197783464,0.004116911040952445,0.2706463836204556,0.00033081481591293744,0.6290893862630792,5.838363905195205e-05
onda2,221,0.19424946165234955,0.6187783394784795,1.261540277659209,0.05685662456153384,0.4730962566848822,0.15000000000000002,0.0003819444444444445,2.375149190110827,0.004563734151011187,0.4851605663913458,0.00027271399359369837,0.5720725604470712,0.00016579996409037408
onda2,222,0.22594569547420074,0.5935148749173282,1.2470232217762678,0.05055777554656475,0.6830118166611994,0.13541666666666669,1.5914351851851847e-05,2.006415174765558,0.0054926457869555745,0.42786643032111643,6.096017890806812e-05,0.5297881071980223,0.00022802335662863957
onda2,223,0.20291986429966083,0.5377538248875706,1.2548356425031537,0.04068244545528421,0.5835138957897061,0.125,0.00017361111111111104,2.067647058823529,0.002530370995402617,0.32867851729359027,0.0012100473378009171,0.539517195745364,0.00012737293122120944
onda2,224,0.1838150035147861,0.48834407398708746,1.1725289701244133,0.04818299695994438,0.4593086577717992,0.10833333333333334,0.0002199074074074074,2.2011935208866156,0.0018999381508784299,0.3029352641452525,0.0009723348158009606,0.610125145393674,6.572003073773887e-05
onda2,225,0.21205035530917477,0.5557523933878606,0.9565207233226727,0.05719891749748591,0.6889520102123081,0.15,0.00017361111111111112,1.7326300085251491,0.005842972729697538,0.381635734121646,0.0019851498235927603,0.5991969529263932,0.0006726672768759
onda2,226,0.1411420913655232,0.5320587955801879,0.7119965771691488,0.05840538324354028,0.5212364218318174,0.09166666666666667,3.472222222222221e-05,1.7603793691389598,0.004266446373080788,0.26762529157537407,0.0013745344716881115,0.7172954132135402,0.0009231224889119132
onda2,227,0.14697326001207286,0.4264846349765077,1.057067288624002,0.0764711276121888,0.6392760589651096,0.11041666666666666,0.00022424768518518518,1.7347826086956522,0.011023109961827012,0.23675729105278548,0.0007490459384083395,0.6340013655452261,0.0010186045726352374
onda2,228,0.058487472100880546,0.5105823490588942,0.9276965330705387,0.03521792649243915,0.64897126783826,0.04583333333333334,1.736111111111112e-05,1.5349104859335037,0.0002671292147584166,0.09345885654876787,0.0001791008032484483,0.6548086597223629,0.00042239366186085325
onda2,229,0.15856067481392003,0.6703270939027766,1.076796853150889,0.05551840149123621,0.5465837689640324,0.13541666666666666,0.0004557291666666665,1.995311167945439,0.013081698498493258,0.3935753854494404,0.004013247498183239,0.594321819350958,0.00034494690021320785
onda2,230,0.08881807706605825,0.42792654950631476,0.9888142521801342,0.02945809923697377,0.42340581853210957,0.06458333333333333,0.0003515625000000001,1.7909420289855071,0.013035291519402534,0.11691091315898432,0.00023890538197941737,0.6656509325804998,0.0003214447290043738
onda2,231,0.1784643072455304,0.4646196791432392,0.868466519246841,0.0234083579854683,0.45790713542534267,0.10208333333333333,0.00032841435185185187,1.701385336743393,0.005255585347548213,0.2184530737050062,0.00012391524453158007,0.657762067673182,0.0001413380094361604
onda2,232,0.227853875152422,0.4166811090508042,1.0514622994161766,0.03864923840364886,0.5951261597442203,0.11875,8.535879629629625e-05,1.8658567774936063,0.009945398708799671,0.25079658290911777,0.0011112775835441428,0.6101012823539895,0.00036431251481788444
onda2,233,0.1841956067250544,0.748356682221375,0.8382295778072422,0.05622307775803782,0.6873567991654692,0.125,0.0003124999999999999,1.7552642796248934,0.001678961844445946,0.44196889487891233,0.000549297260884272,0.5947480633180842,0.00031070169905464835
onda2,234,0.08434849262298615,0.7163087324935834,0.8042435762105222,0.028918568648341955,0.42635428908849915,0.04375,0.00010850694444444444,1.6587382779198636,0.013269388657893441,0.14791196992192152,0.0015403974601309672,0.6987197804187373,0.0003151953930574181
onda2,235,0.09715633977682456,0.6495861220838954,0.7137121724046407,0.04037057843582448,0.5588826528552654,0.04583333333333334,1.7361111111111104e-05,1.4606564364876387,0.003516800285479845,0.15517007820754958,0.0008406125093689138,0.7068370669432706,0.0002890243728681515
onda2,236,0.22113762274485077,0.32049405346397897,1.2186887766971288,0.023529835091825737,0.5296905667830918,0.09791666666666667,8.535879629629628e-05,1.9917945439045184,0.0005063044374624962,0.18622021706875844,4.333622152736595e-05,0.5728212148199506,0.00017652285108235493
onda2,237,0.10231012108041022,0.7815851106595777,0.7946228416818397,0.03188363071895749,0.5223229231208486,0.0625,1.7361111111111104e-05,1.632693947144075,0.0070003739291780364,0.20702739147195873,0.000940262644338483,0.6810310635148034,0.0003427125050153485
onda2,238,0.1870772391133893,0.6548316328299087,1.21557563307324,0.03870821084494028,0.6023134862992603,0.12291666666666667,0.00042100694444444434,2.057779198635976,0.0013433473856572528,0.3649577840077251,0.00204530479459843,0.5469307692382686,5.951151062787008e-05
onda2,239,0.21878007931883298,0.5888645281504328,1.230048512318235,0.03887514936148577,0.6694442341727502,0.13333333333333333,0.00015046296296296306,2.019884910485934,0.004468782394779574,0.3525863942510207,0.0013284528424644913,0.5302414335056893,0.00032542585432626675
onda2,240,0.1144042549651181,0.6228648953381046,1.1694914153492264,0.059455072662732,0.43599250494647557,0.07708333333333334,5.0636574074074086e-05,2.125618073316283,0.010382081851607173,0.2730997352176545,0.0015626082248289905,0.6250926227570839,0.0002997367011011997
onda2,241,0.0870705895658894,0.5755240987623793,0.7718975081722784,0.02781151535213828,0.5293805019436738,0.04375,6.221064814814815e-05,1.4958866155157715,0.004543244812535143,0.1171089147869857,0.0005515881105178848,0.7037885392706948,0.00029789616775312977
onda2,242,0.15199218038140921,0.7753730922258044,0.8302777037982714,0.04222583937856609,0.5253702394560377,0.1,0.00011574074074074076,1.8485720375106565,0.0007753311580757437,0.37031488335717533,0.0003536196563523058,0.6361587860803497,0.0001301789711578647
onda2,243,0.06693233227797299,0.7597983680231404,1.1811457363678577,0.02240484703546352,0.6006382240910904,0.04166666666666667,3.4722222222222215e-05,1.7991687979539641,0.00315609232622711,0.12002243091947482,0.00018368353487595814,0.5793984595975157,0.00011865190824722907
onda2,244,0.14501894423712114,0.766026164804531,1.17554074105849,0.05648768376541104,0.5311445157230053,0.10625000000000001,0.00017795138888888892,2.1210571184995737,0.0072967609520549455,0.4157869244430166,0.0036672242649211533,0.5827303599936975,0.0005926672204186791
onda2,245,0.20884451234945406,0.6042719485847337,0.8730848544727464,0.03846110523232543,0.42174000437144826,0.13958333333333334,0.0003052662037037036,2.0515132139812446,0.01038432261039631,0.3866824496438919,0.0012580722001354625,0.6494028396013647,0.00016211693222208728
onda2,246,0.11423911841449048,0.7207874469783385,0.9227805694887733,0.07854773792279347,0.644065922686337,0.06875,0.00013165509259259258,1.7141730605285592,0.0036688501308328163,0.2858626708343245,0.001014814160464796,0.642109760971313,0.0004226796009017126
onda2,247,0.09969626930255981,0.37299220352457224,1.1207841810747592,0.04007805346336629,0.5834193124045141,0.07708333333333334,7.378472222222225e-05,1.7934356351236147,0.0034835312480997692,0.1016228516094663,0.00020528223006774737,0.6223247699177423,0.000465755445901689
onda2,248,0.18342124357877584,0.6033609402699776,1.00048900576773,0.07598471361586986,0.4637213011704349,0.12708333333333333,0.0003168402777777778,2.175063938618926,0.001333747962285847,0.3985411196454457,0.0007167673506384217,0.6458740599834336,0.0002617574513594299
onda2,249,0.08955233682066387,0.7718547636138682,1.0600132081048346,0.03406434932520898,0.5429276435504282,0.04375,2.7488425925925926e-05,1.883610400682012,0.008936076855467597,0.22266467577423427,0.0007078405753458485,0.6018508874561841,0.00010245507261068922
onda2,250,0.20206306918580488,0.7133177562226053,0.7934331938442405,0.06406874785622915,0.5972752920722247,0.15416666666666667,0.00042245370370370375,1.8799872122762147,0.002444489474626478,0.5119449970277183,0.00013557819254739824,0.6119733515847672,0.00036336286564278304
onda2,251,0.06814247107130551,0.4352598610182797,0.7143283219903903,0.026217639146653236,0.5958041712169402,0.03333333333333333,0.0001388888888888889,1.3446504688832053,0.0038923609369863332,0.06029140322078077,0.0004304908853797957,0.75137957644747,0.0005405339617388431
onda2,252,0.06438086358973083,0.676616854588046,0.9070803978306501,0.06083401537357589,0.603890104694017,0.05,5.7870370370370366e-05,1.6382566069906224,0.006808556709684876,0.16965128534840757,0.0009491985718666886,0.6775743213230916,0.0009431283866177696
onda2,253,0.12101579419673328,0.4549278634676625,1.1529095651203423,0.07348952754307086,0.41854683561016676,0.10208333333333333,0.00013165509259259258,2.1081841432225064,0.007754219149389246,0.23465604693047248,0.0011461232538230715,0.6930063540740388,0.000178411918395916
onda2,254,0.18526718601638398,0.35693484354356864,0.8195348597503883,0.05400421975495623,0.500377289802488,0.12083333333333333,0.00039930555555555536,1.7646419437340155,0.004159451995706174,0.208426324832657,0.0007742170090942655,0.6985643965145701,0.0005166444465565258
onda2,255,0.1787718778410332,0.6284079768104407,0.7367235149319731,0.030521263816987387,0.4225521120082219,0.11666666666666667,0.0006597222222222218,1.813917306052856,0.011185458909338109,0.3193684710944783,0.0013231114303080065,0.6960160699131932,0.00012586863608406263
onda2,256,0.21723272555147383,0.45126780904894037,0.9098314840567759,0.07445110029480376,0.5609170717878774,0.12083333333333335,0.00019097222222222215,1.833162830349531,0.004639786403707374,0.32404781483403666,0.0004729637643240479,0.6653307620418345,0.00036982129741358936
onda2,257,0.12946135592181857,0.33795665728098395,1.1035578183364874,0.02598999309618334,0.5863867932956099,0.08541666666666667,0.00024739583333333335,1.8118925831202046,0.003460687894021666,0.11891312899155074,0.00013565112303159433,0.6082054078300426,0.00063893588334172
onda2,258,0.12446773304017777,0.4807867575986101,0.7675935774837924,0.02745719160532248,0.6954646974060021,0.075,1.157407407407409e-05,1.4104219948849104,0.004667099313748505,0.1363304724765949,0.0003036764894605063,0.6924921981973535,0.00022807092620085397
onda2,259,0.18292143114720813,0.48367953797913144,1.1396110735427518,0.022715259074779993,0.5159963018529776,0.08541666666666667,8.535879629629634e-05,1.9214194373401532,0.00586958384117204,0.22964737929934437,0.0004077947362918677,0.5841821893672929,0.00019206254983761959
onda2,260,0.11972528351316425,0.3898380275982803,1.0746935865554281,0.04953536163012845,0.4991379422543765,0.07916666666666666,9.837962962962964e-05,1.8616581415174767,0.004193662821022496,0.15999236086830282,0.000641513347447573,0.6484667193421361,0.0006832922814486031
onda2,261,0.13062941509435191,0.3850529511959333,1.141036412835196,0.0645623614440674,0.5232675466105535,0.11458333333333334,1.5914351851851844e-05,1.934782608695652,0.005558965372971028,0.20153912651139466,0.00042362024560045706,0.6379790597214491,0.00020984563555001505
onda2,262,0.13200046862629505,0.675445874368051,1.038228633753934,0.04357427154946348,0.4973827843993443,0.0875,0.00035300925925925924,1.9762361466325662,0.01358952190968187,0.27868936905968533,0.002014414440336022,0.6291671960515982,0.0005458189382017142
onda2,263,0.1238929704756418,0.40716705025255123,0.9806185245556451,0.026256265703590957,0.684506308355125,0.07291666666666666,6.221064814814819e-05,1.5846121057118498,0.0008336095103744443,0.12164581187638877,0.00011443740020176524,0.6327540089970118,0.0004607936312410405
onda2,264,0.07637987794194472,0.3794307877356757,0.925710570776565,0.07486837078627616,0.613823448172516,0.06875,0.00022424768518518518,1.5742966751918157,0.0017424984622510795,0.1175469188550751,0.0003816831425543146,0.7060593735315611,0.000481658405254507
onda2,265,0.11789026452073459,0.4741235389891548,0.9084179477166022,0.045068643796478486,0.6375381836437066,0.08333333333333334,0.00015046296296296295,1.593286445012788,0.0022895032798446215,0.16277194867829778,0.0005046851925923861,0.6455405426385923,0.0006828514143598601
onda2,266,0.09481642748457439,0.35613874744809987,0.8479193837318234,0.035361777557999685,0.6458866854672194,0.05208333333333333,0.00014322916666666667,1.4984867860187552,0.002414813767037884,0.0870943274379972,0.00011466000564319232,0.6826369321911434,0.0001226533459664402
onda2,267,0.2205090166463338,0.5795056709071108,0.8078873868035997,0.0621263743401011,0.5987586487612747,0.15833333333333333,0.0005671296296296298,1.823316283034953,0.004726776720794951,0.4235519214890475,0.0006782458418206179,0.6296762602960458,0.0005919461034543569
onda2,268,0.22308927724665936,0.5332151266825349,0.8715534809377654,0.06436027374862788,0.6162491381885765,0.13958333333333334,0.0003284143518518517,1.86692242114237,0.0022262897770645605,0.3902070329544605,0.00030078235528984717,0.6126147778203699,0.000290412020632621
onda2,269,0.18104355026402216,0.6849229504476809,1.2326101999692103,0.06986422383432747,0.5531363481841949,0.12083333333333332,0.000167824074074074,2.1594202898550723,0.0052450707849024175,0.4989181293390246,0.0020934221453028025,0.5649410421434313,0.00026923860889602446
onda2,270,0.1325623170965501,0.5471244186178698,1.1309643510570164,0.07516512456941761,0.5517362169502681,0.06666666666666668,0.000150462962962963,1.9271312872975277,0.005122242711409282,0.2688940091813553,0.0019421131782757315,0.636758781304533,0.0002955297947306148
onda2,271,0.19694849299918227,0.4194228019884393,1.0779651607646976,0.07469464149467257,0.5981078590153497,0.125,5.7870370370370345e-05,1.8925618073316284,0.009278480666516953,0.26923539493799087,0.0009659606696905042,0.6343239627925221,0.0005411324945828498
onda2,272,0.1418237525013246,0.784026169313243,1.0593064889974237,0.07381710049217446,0.5082402957300632,0.11041666666666666,0.00035156249999999993,2.1742966751918162,0.009083146126483747,0.47958359389736016,0.0015476966166632171,0.6048213546454647,0.0006425862721839828
onda2,273,0.21473953520283035,0.6595058202065567,1.041366395858252,0.07350678267346787,0.6152114435105404,0.13958333333333334,0.0004325810185185184,2.036061381074169,0.008521657004104125,0.4885500738991023,0.0028300941773640232,0.5654202969224661,0.0005612183344319356
onda2,274,0.2132863154264077,0.3581235719918126,0.8665770860618315,0.037058155528088735,0.6674490604070311,0.12291666666666666,2.7488425925925912e-05,1.5575447570332481,0.0048594392104049965,0.1918885149668585,0.00021798973734415638,0.6574312456153664,0.0005163685632902401
onda2,275,0.21941569866145652,0.3840128808368507,1.210292345700887,0.06332147454704354,0.4647103310883154,0.13541666666666666,0.0004325810185185183,2.2028772378516623,0.004995008675350726,0.2922885010886376,0.0006392604829387065,0.6314393295926126,0.00014652726740874576
onda2,276,0.14412221462662692,0.7818437278866296,1.1475406259132654,0.030754119550158776,0.6886249773194363,0.07916666666666666,1.7361111111111125e-05,1.9236786018755327,0.004775168116717265,0.3271330394968269,0.0010354265669230821,0.535993215586964,0.00044224834662239687
onda2,277,0.15309391505746156,0.5146573846176848,1.0196698956863428,0.06900242586812944,0.6233433666008004,0.10625000000000001,7.37847222222222e-05,1.7050298380221653,0.005309280735658117,0.2519161710289108,0.000827013868236832,0.6454169068324773,0.0007338211339559175
onda2,278,0.05671295177750337,0.4490847291955928,0.718556885840655,0.05460776319826218,0.5478139585065287,0.04583333333333334,0.00016782407407407412,1.4561167945439044,0.004630597914814887,0.08363707473539618,0.000589037000145166,0.7579774474878425,0.0002344398017278691
onda2,279,0.10025829104900229,0.7124956533468905,0.9344349607259853,0.07202526642653902,0.5931537668925463,0.075,0.00011574074074074076,1.8170716112531968,0.008974775557701981,0.2779385870875044,0.0011556179561883029,0.6433844187349331,0.0005412453064200742
onda2,280,0.22394137913787315,0.6152588789957472,0.9446195107283508,0.07256900117261017,0.4547443449800901,0.14166666666666666,0.0004282407407407407,2.30500852514919,0.011126377614687979,0.530625131795597,0.0032780311552603816,0.6299215342989988,0.00034052007828344675
onda2,281,0.13452841354420214,0.32825783206400805,1.2135888942162887,0.04204465478886092,0.567274772354915,0.07291666666666667,0.00018952546296296295,1.880328218243819,0.0035466841857392374,0.14487357071268683,0.00025351178445531,0.5992308362502088,0.00019599630482379903
onda2,282,0.2115817459000929,0.6781774949229264,0.9632479470613459,0.030049166324366185,0.6796600936018476,0.12916666666666665,0.0002488425925925925,1.7684995737425404,0.004079500105019948,0.349522805736619,0.000714255170084996,0.5831598087665995,0.0004156761032962038
onda2,283,0.18940241413376877,0.4241600138428321,1.249619648562717,0.0503097603387125,0.48984766782667977,0.13333333333333333,8.101851851851848e-05,2.066410912190963,0.002068908836623595,0.26415719959775374,0.00025011368831425476,0.6126732330680777,9.887685657997299e-05
onda2,284,0.08297021868628085,0.3869235409487877,1.0843165402123012,0.036221386346874614,0.57759214973261,0.0625,0.00034143518518518523,1.6954177323103155,0.006778200249916005,0.10070547405396603,0.00037656769629082184,0.6388780196000811,0.00033888790811159635
onda2,285,0.19549836425282274,0.5024076328865841,0.9301865233479958,0.05481285392143676,0.5169597203423293,0.11041666666666666,0.0004325810185185184,1.861764705882353,0.0015266842741643403,0.30411684072602707,0.0007216825065268763,0.6745000454123282,0.00027518897460841605
onda2,286,0.09389502099883998,0.4333385356350968,1.2346468063271332,0.03129665488128669,0.6366510946365183,0.05416666666666667,2.893518518518519e-05,1.7887894288150044,0.0015288488722891957,0.11226519430687107,9.614661972140916e-06,0.5831931621549911,0.00014585507734635837
onda2,287,0.1253828719827041,0.7648348847240187,1.188215115164418,0.020715255580930982,0.6114022227692628,0.06666666666666668,4.6296296296296314e-05,1.9416666666666667,0.0014733250225847374,0.23421852687409783,0.0006891713662285538,0.5506132580201686,0.000166480502749352
onda2,288,0.18031529998189552,0.4313278998848821,0.7093382245880993,0.04137137918104771,0.5018988181598749,0.08124999999999999,0.00025896990740740736,1.6227408354646204,0.002947755510398191,0.2112540069404869,0.0009572856920289125,0.7072372384758525,0.0001819147058694879
onda2,289,0.07690763662226702,0.5011207817710939,1.1953746741205613,0.07684160326384312,0.5501409560026124,0.06666666666666667,0.00031250000000000006,1.9578644501278772,0.006748040021202651,0.21368790117608047,0.0009501012938734417,0.6140005672897836,0.0006400996887833092
onda2,290,0.09695815163584168,0.3725636591136529,1.085485768826169,0.05736123984461746,0.625257589240271,0.06041666666666667,6.221064814814819e-05,1.702855924978687,0.005238721741213876,0.1331614884302384,0.00030928816163171773,0.6251623146937559,0.000738380950154792
onda2,291,0.07987495805716398,0.7742021893215195,1.1709683605767083,0.04779376208641896,0.4277736619883793,0.05416666666666667,5.208333333333334e-05,2.131841432225064,0.0011517872651859212,0.2560651414869082,0.0003715534300537295,0.6179260823127093,3.343422739983195e-05
onda2,292,0.10741840108589405,0.733383615600685,0.914416009151767,0.059180243793478624,0.5205477660531256,0.09791666666666668,8.535879629629627e-05,1.8762787723785168,0.0006001404323914954,0.28810490256684473,0.0013412700503639297,0.6467074310497383,0.0001767332546719836
onda2,293,0.17292662062240796,0.37442828355930396,1.0242767918093734,0.05934009766477273,0.6099527210553004,0.12291666666666667,0.00018952546296296287,1.7542412617220804,0.0034626888148540642,0.20486541056409285,0.00038618295376275784,0.6383764047370515,0.0005361598874232483
onda2,294,0.1886363191693882,0.41254395044843184,0.8172570600746132,0.025792492490756918,0.6240821525011835,0.09375000000000001,0.0003978587962962965,1.5753196930946292,0.005189815390183649,0.18641881289659917,0.0005165174729845042,0.6643838438969432,0.0008048342647584044
onda2,295,0.1352525622785157,0.6330607667503976,0.8503249716582724,0.02816590066905749,0.6848815407631328,0.09166666666666666,0.00017361111111111114,1.5680946291560103,0.002465041649435886,0.22331580865329861,0.0008607023546774794,0.6364303718593598,0.00025712272954299913
onda2,296,0.20007736079918892,0.5035403140900662,0.903541070845113,0.07787543079044486,0.5281734538397389,0.1,0.00043981481481481476,1.9622762148337598,0.0023130669048572476,0.36188394936699286,0.0009409347087274084,0.6647589874859061,0.000525099465417421
onda2,297,0.20116789996849202,0.5975711398838321,0.933164186310391,0.04416778586856226,0.4323194814432879,0.14583333333333331,0.00029513888888888884,2.069245524296675,0.006658718551853568,0.3882113968536336,0.0021052534519085658,0.6516806389318852,0.0005984387116089939
onda2,298,0.10294824646556314,0.7180380759968206,0.9704439330202194,0.04124835668384552,0.4855622393561812,0.08333333333333334,0.00042824074074074075,1.89192242114237,0.006674386753725421,0.23478616872516397,0.0012383916138762772,0.639869327757004,0.0004462371785945686
onda2,299,0.09158298773001267,0.7635147777667908,1.233664807792541,0.07698655618634259,0.47772816438420745,0.07083333333333333,0.00014467592592592592,2.1989556692242114,0.0057831089334309214,0.34298814244567566,0.0008030631598184334,0.6049957984248868,0.00018404789429074148
onda2,300,0.10621965567592728,0.4785060976564852,1.1335337936340713,0.07222946644634018,0.536580504758747,0.06874999999999999,5.063657407407406e-05,1.8593137254901961,0.001904385297739442,0.196891165839401,7.640835453574693e-05,0.6652353067274783,0.00028966050895507515
onda2,301,0.15911141095665282,0.5991798407878012,1.1357565023341036,0.06201736901922416,0.6858815928938577,0.12708333333333333,0.0002936921296296296,1.8549872122762148,0.0033381870237005873,0.3741251303931875,0.0011021753517292006,0.581344443149628,0.0003902905660616147
onda2,302,0.1798059627621024,0.43927679431212374,0.9364318518262551,0.07116203335681658,0.4705865125922947,0.12708333333333333,0.0006524884259259257,1.9854859335038364,0.0009149023132734342,0.2951670022743491,0.0004201073465808154,0.685319891888938,0.00034188417284375367
onda2,303,0.2229099989071858,0.5094522970630879,1.198019519554025,0.02810506818619104,0.5601877741938923,0.12083333333333332,0.00026041666666666655,1.9879582267689684,0.0021078260276026794,0.282117556775224,0.0013607835796364774,0.5629738828981595,8.599424943776743e-05
onda2,304,0.17495009622564145,0.7578759216081564,0.7589287532368096,0.06519817834266378,0.6736443420385665,0.09791666666666668,1.5914351851851844e-05,1.6807757885763,0.0019876709965896996,0.4041324081227855,0.0008810519312330416,0.6325547440083287,0.00011654283038875809
onda2,305,0.18593425058731883,0.32303005361939324,1.2036908907903296,0.03026682200277722,0.6686374062427451,0.11875,0.0002242476851851851,1.7904518329070758,0.0016375106079843775,0.15646636145075235,0.00021540320418246634,0.5716545348941082,0.00015147240906300972
onda2,306,0.1529862339737556,0.7834434969026599,0.917541150432157,0.07610448041217538,0.4805789668073416,0.125,0.00015046296296296303,2.1248934356351237,0.004631158293778233,0.4714687179264871,0.0004242838977386975,0.6343711182359573,0.0002441025299907211
onda2,307,0.2098095555997833,0.32459287486875665,1.0818098148059183,0.0630889095600183,0.4669750537066627,0.11666666666666667,0.00021990740740740738,1.9937553282182439,0.005648751225535623,0.22125729199435984,0.00023668375059048886,0.6699508392314925,0.0004885510313308405
onda2,308,0.19349325897096456,0.7448740688367552,1.0695496047129336,0.06624865614620531,0.5490791090228919,0.14166666666666666,3.472222222222225e-05,2.1304560954816707,0.007382755426818288,0.518085511148857,0.0027472429458933606,0.5832619708390809,0.0005017272044105196
onda2,309,0.10769953995502449,0.6808377718160091,0.8572708662674939,0.06428737778848889,0.4339384916204378,0.06666666666666667,3.472222222222221e-05,2.014919011082694,0.016667714443598946,0.2918132846636633,0.002597146489632244,0.6896034528443507,0.0006775305609162006
onda2,310,0.16996746283929243,0.745454385662062,1.2636527326568388,0.03835823427096602,0.6719255314301236,0.1,0.00015046296296296297,2.039002557544757,0.001486453273872902,0.3747202897103841,0.0007892747901805649,0.5232064891462778,0.0001804145434540905
onda2,311,0.1465378839362166,0.7091969647315286,1.0334507063984308,0.06644298014099026,0.49312032904809994,0.11041666666666666,0.00017795138888888882,2.196483375959079,0.005147480205495082,0.41450477477707415,0.0012096732860650274,0.6205907413201501,0.00014893505140229051
onda2,312,0.12870320756603565,0.3513841360848356,1.1668148799016025,0.037275952342362945,0.6594673837861802,0.08333333333333334,0.00010416666666666669,1.7924978687127024,0.0027837761493022793,0.13582910202829007,0.0004052119318557078,0.584730096653695,0.00024546053933688887
onda2,313,0.11816386555018463,0.3637791247408051,0.9772301011949645,0.02401733026893135,0.6477488326328056,0.07083333333333333,0.00016782407407407406,1.5231457800511508,0.0032514207976332156,0.10114635946066303,2.464027121529383e-05,0.6511953872638387,0.0001669666641004911
onda2,314,0.09848082590022637,0.7052779087518597,1.1501300658949858,0.048751936157818,0.4602564291025094,0.07291666666666666,0.00010850694444444445,2.0287510656436485,0.013212436076522347,0.25208506520030005,0.00041229779774465386,0.6202307380379302,0.00010689850177849707
onda2,315,0.12148916679571431,0.7313357432548916,0.8049007230577819,0.03742080765670207,0.5461829720366264,0.06041666666666666,5.0636574074074066e-05,1.6097399829497017,0.007495123143466467,0.22455042881847578,0.0009612155083376845,0.6752852377799126,0.0006783213761883611
onda2,316,0.06169317690019667,0.5532891341253687,1.0610336998356051,0.031034402557970617,0.6775878256963372,0.05,8.101851851851852e-05,1.6676470588235295,0.007445802678287417,0.11132431053675046,0.0002598417589758007,0.6161100152771304,0.0003767511146581359
onda2,317,0.18631178375693577,0.5519325393113075,0.7216510666941542,0.05499317687316266,0.41516448960618374,0.11249999999999999,5.208333333333331e-05,1.9809676044330777,0.00702804356789728,0.3249119697141998,0.0014304652713448942,0.7204572833896801,0.00020623844553470892
onda2,318,0.2094140642664442,0.5568887970467689,0.7797931667425394,0.044999387706809904,0.4272541293775143,0.1375,0.0003993055555555555,2.013320545609548,0.0043505701420640175,0.391754987946793,0.0006911591885796443,0.6842691908025005,0.00022747113223414817
onda2,319,0.06607814907905345,0.4447313675079682,0.8562983010096866,0.046355666727691015,0.505224073008679,0.03958333333333333,0.00012008101851851851,1.5420502983802216,0.006013157140860225,0.09185813381598439,0.00021026736602771406,0.7128174330027086,0.0002937345608053867
onda2,320,0.20583939126658232,0.6112589103818595,1.0439566334004484,0.07193987169564645,0.43195198717976685,0.1375,0.0005844907407407408,2.431202046035806,0.005363720317933074,0.5098509323297364,0.00045641227769988854,0.6294258770390204,9.389139078846559e-05
onda2,321,0.22732255618021405,0.33247235551866106,1.0795584697643597,0.05348424308565259,0.43681637557271247,0.12916666666666665,6.365740740740737e-05,2.0381074168797952,0.009117442348648322,0.23657678453426817,5.433149279163483e-05,0.6548123392081255,0.00022968296814116515
onda2,322,0.20342700948428055,0.6214934066631422,0.827338667158889,0.07910007605408881,0.6728360701183096,0.12916666666666665,0.00015624999999999995,1.7221014492753621,0.00235377016183248,0.4414368194183603,0.001481668313123373,0.6055227037606652,0.00034625997600600824
onda2,323,0.1152796619396749,0.6705396575211247,0.770261038914192,0.05135384294640194,0.45985382306666195,0.06875,0.0003052662037037038,1.8625745950554133,0.014969426717027787,0.2719865219696288,0.0029025438687670427,0.7086358148930969,0.0004983676206761375
onda2,324,0.07893079116783079,0.7108327208578076,1.044394449729143,0.02129452147946249,0.534846049478894,0.04791666666666668,1.5914351851851844e-05,1.737531969309463,0.007290138002518061,0.14565763702093765,0.00013592720432959834,0.607184036108537,0.0004368434172651711
onda2,325,0.21114202302509058,0.6480030642691164,1.1655294432269034,0.032129434214972774,0.47843536125850106,0.1,0.00024305555555555552,2.10920716112532,0.002545432940217117,0.3695602591759751,0.00020394064454102746,0.5892023619112299,3.2720902422033684e-05
onda2,326,0.07195782345162034,0.4777086375670946,0.74796355018111,0.0686413002345271,0.4796746239636522,0.05208333333333333,0.0001200810185185185,1.6500426257459506,0.012983544209039846,0.1424604030748645,0.002531180207827136,0.7606143409994972,0.0001419526479249562
onda2,327,0.2304219313050736,0.5479297110858702,0.8027731480804062,0.02729672073481467,0.5750936042938702,0.10625000000000001,0.00037471064814814816,1.7228047740835466,0.0059963977065677085,0.31220801854661323,0.0007581412913577565,0.6386961179619108,0.0003752806322626383
onda2,328,0.14016282564898946,0.5838003398968777,1.1639798980857416,0.04755148272206178,0.6402051364472903,0.10625000000000001,7.37847222222222e-05,1.929774083546462,0.00610099597556753,0.29102873726521106,0.0018670647343823222,0.5755550034237774,0.00044315897725478304
onda2,329,0.07086490124154755,0.727635441146536,1.2656720964526094,0.05212185791214103,0.509527841301092,0.05833333333333334,0.0001041666666666667,2.097740835464621,0.0024880698786056577,0.24289319888680022,0.0007082610730659212,0.59225882706849,1.7416610088344455e-05
onda2,330,0.13612177617942056,0.7493044633034964,1.1238189819091087,0.030170208481909593,0.6519427141315248,0.08750000000000001,1.7361111111111135e-05,1.875,0.0018450992929140968,0.2850939358556285,0.00046634585792564395,0.5641313017056566,0.00020107060544700416
onda2,331,0.15523284412077354,0.4099475269463217,0.8790654605773793,0.06839917901380188,0.631444623587044,0.08958333333333333,7.378472222222225e-05,1.6366581415174766,0.00423637532653696,0.20853024579598822,0.00022840040740579066,0.6834906021114979,0.0005516120622400346
onda2,332,0.07376473556767803,0.6164006369094088,1.1778099350344098,0.024668715518218587,0.41936142600502485,0.04791666666666667,0.00015480324074074075,2.0388959931798807,0.006910863345177462,0.14490931828176293,6.498378578009598e-05,0.5988110695282375,0.0003676326655385307
onda2,333,0.14961872376139743,0.46685125242237735,1.0491269711073912,0.07641570298274267,0.48448960165722843,0.11666666666666667,0.00017361111111111104,2.031351236146633,0.003151588702372482,0.2885191469602541,0.0014676921470389718,0.652692795870736,0.0005342725885950993
onda2,334,0.15242384936425848,0.45955020378354494,1.1379971515037544,0.05180651457194675,0.42359291232023716,0.09375,0.00010850694444444442,2.24187979539642,0.003161478989831598,0.26008789425985407,0.00047076570959724397,0.653471215790143,0.00040739287937429416
onda2,335,0.15088473424194743,0.638996400882412,0.9515212932874106,0.05956916969063435,0.6135570509286988,0.09583333333333333,0.00012152777777777776,1.752770673486786,0.0015802220414958485,0.3103363779365519,0.0006275082620717572,0.6329846308441931,0.0005271951373054341
onda2,336,0.2006322728826459,0.640850824445262,0.7418584785046293,0.06341636731922493,0.6639060841554374,0.11666666666666667,4.629629629629628e-05,1.7370630861040066,0.006955221254149016,0.3780426571869626,0.0021516216347655134,0.6437702101051961,0.0007122776950953618
onda2,337,0.16607580743305617,0.6866624423691401,0.8635877035832102,0.06709737364757998,0.46899974282109486,0.09791666666666668,0.0006061921296296297,2.0737851662404094,0.0020947186712880323,0.42194636558628396,0.0016871693814849546,0.6549659685018998,0.00018958254951867597
onda2,338,0.20829404200239868,0.4146140562094011,1.0945753769199582,0.05080018658656629,0.47376494604418345,0.15208333333333332,0.0004673032407407408,2.0654092071611254,0.007337331571372254,0.28759580502011906,0.0011046383733838451,0.626793321446115,0.00033199791771636373
onda2,339,0.1745291915947591,0.4619199383754801,0.9486115904065111,0.027166637503213322,0.634063413814621,0.10416666666666666,0.0004224537037037037,1.6307757885763001,0.001500511048656336,0.19059233612482662,6.595686462207422e-05,0.6214150178081773,0.0004279417356995031
onda2,340,0.131032088333962,0.36030881407038196,1.0292047555803514,0.049751794549256975,0.4423742169572643,0.10833333333333334,4.629629629629628e-05,1.9756393861892585,0.004214600190126094,0.17770785602062114,0.0006649961930697666,0.658924804167063,0.0001459868175357286
onda2,341,0.19596814341950886,0.6245707905740666,0.8464512491002222,0.03765956548227873,0.6642068055440371,0.09375,0.0002821180555555556,1.6382566069906224,4.1640199700226944e-05,0.3100947690546357,0.0008232262146561597,0.6196000637874925,0.00043465417376191434
onda2,342,0.09296321478155917,0.7337665153782498,0.9669924183524777,0.06400068038382437,0.6058430918272267,0.0625,1.7361111111111104e-05,1.7823103154305202,0.0028791087088553768,0.24129806734830445,0.0001002991567494847,0.6350649522378706,0.0005734371745550623
onda2,343,0.19519241598387696,0.736745679062764,0.8922563484774857,0.052922857900321876,0.5410816143751059,0.12291666666666666,0.0003631365740740741,1.9619565217391304,0.0006071732565173518,0.45567219435666695,0.0005333243489154758,0.6235767858029428,0.00036602694053437004
onda2,344,0.06400032738354378,0.3631211175304859,1.1153298011806319,0.043875994889218804,0.5064354075227098,0.05416666666666667,2.893518518518519e-05,1.8225063938618926,0.007079726982036623,0.1036429073855,0.00033478928412546317,0.6471185192595156,0.00037021661879053404
onda2,345,0.16232757196340789,0.4546709666401005,1.1489232742517603,0.0363567940978507,0.6326956861183481,0.11458333333333333,3.906249999999998e-05,1.8101236146632567,0.0010559282431482047,0.19407413607897353,0.0005798690087056002,0.5757558066042924,0.0004446975993077804
onda2,346,0.09554821216974028,0.35211779891241923,0.8235350627165525,0.021911475221127887,0.4628497907740003,0.060416666666666674,3.906249999999999e-05,1.4858056265984656,0.004433901870421125,0.07393463973447753,0.00023402667919643415,0.7075998729628464,0.0002206361610345055
onda2,347,0.1913868786001838,0.4221562853845039,1.236580060058122,0.044490003547980814,0.6709768199626394,0.125,0.00046296296296296276,1.901150895140665,0.0008514217182233481,0.24768108379379714,0.00038775946000514216,0.5468292089287281,0.00014622637927232877
onda2,348,0.08401969684306237,0.3258296866625876,0.862728973430206,0.05482991858976566,0.6483731969504136,0.058333333333333334,0.0001273148148148148,1.5264279624893435,0.003533436923949813,0.09193148237931041,0.00032813718426351785,0.694480738234454,0.000548437347620025
onda2,349,0.18243198127278207,0.5745173056995019,0.7299361326790442,0.031522674262685776,0.6770581091384711,0.08541666666666667,0.00014322916666666667,1.5627664109121908,0.00025166072643767777,0.26248205231857125,0.0007662917759009919,0.6659558020444533,0.0004704563966150817
onda2,350,0.10337443090471647,0.3355418289060366,1.2375102948048466,0.031666772172542094,0.6065610736754087,0.05416666666666667,6.365740740740742e-05,1.802003410059676,0.003516814821113587,0.09909260401867995,0.00010321256590125516,0.5929350418117443,0.0002692698026154654
onda2,351,0.16416442346234947,0.39644960553617287,0.8938983178531091,0.0422604307447049,0.43808325240903956,0.10833333333333334,0.0003124999999999999,1.7897911338448422,0.0010732825785342126,0.1915050869202085,0.00019660233238866663,0.6964454993612885,0.0004364044289099724
onda2,352,0.1737092656468667,0.34458699763081657,0.7595346199656058,0.0499392946881115,0.5189803182511102,0.11875,0.0002473958333333333,1.6067988064791134,0.0024932855971008245,0.17130051737153038,0.0006410983704108188,0.7207082414794885,0.00026611988861984334
onda2,353,0.2311429746114381,0.6841683185919978,0.7162958635273171,0.05980948606849891,0.5920181738146203,0.13541666666666666,3.906249999999998e-05,1.878772378516624,0.006605924675861424,0.4939979922247373,0.0012924747195929799,0.625337260604546,0.0004458179188880929
onda2,354,0.08779172651102221,0.692226766806655,0.9849637812780474,0.04353769946761499,0.5909264027713483,0.04791666666666666,0.00018952546296296295,1.7384484228473998,0.003060550362700395,0.16997619115637677,0.0015305566072984407,0.620884865935967,0.00013815494752287663
onda2,355,0.07017610638996492,0.4939981946758859,1.1596402201976714,0.07841006709427784,0.576560282016324,0.058333333333333334,1.1574074074074079e-05,1.8097399829497016,0.006196246772180826,0.16761106832444905,0.0003971564696599343,0.6518438895452721,0.0007147506711518101
onda2,356,0.16456512475512902,0.563337219961549,1.2057642203437506,0.03698532036691907,0.6027896944582412,0.11666666666666667,3.472222222222221e-05,1.9973572037510656,0.0015096793996395585,0.30092424522747696,0.0009757056455385114,0.5592552234611843,6.520029000887262e-05
onda2,357,0.1447845683242281,0.34542767373148825,1.0095783971219492,0.04644420716235946,0.4835090489966021,0.09375000000000001,8.535879629629632e-05,1.7385123614663258,0.007087444646489752,0.14854589552127112,0.00016537533937770567,0.6802539495425277,0.00041321782119367774
onda2,358,0.15414859198128023,0.3689574080299246,0.824181031764074,0.042493376089269536,0.508452573961838,0.11458333333333334,0.0004210069444444444,1.6494245524296673,0.0021006490584422103,0.16313877121695475,0.0002644537037064354,0.7021971175840833,0.0007754287245285308
onda2,359,0.1618484588511509,0.33402249925363575,1.105578178427541,0.024506016464788498,0.51680789202705,0.08125000000000002,0.00012008101851851855,1.7991901108269395,0.0032212932740957804,0.1459456837794323,0.000139251220435442,0.6110488133132141,0.0003914720403653048
onda2,360,0.22851991364041638,0.767108708603998,0.7106754995566039,0.05049655638158208,0.5506948766593287,0.15208333333333335,7.378472222222232e-05,1.9860826939471439,0.006242081259280091,0.5793546489469567,0.004277817847635399,0.6107929907555516,0.00025105214619219803
onda2,361,0.11486626151240122,0.4975727782838052,0.9873905302406836,0.049867985532739065,0.6165779528660957,0.08750000000000001,0.00016782407407407406,1.6409633418584826,0.0026144741722380557,0.16956979239849657,0.00010120750683914691,0.6542921653036695,0.0003054514345381784
onda2,362,0.11881663101940432,0.6516514041796154,1.1976711459192793,0.039290111202000405,0.6351322261137609,0.09375,0.00045572916666666673,1.9526427962489343,0.004330118656800846,0.2719024330786787,0.0015846265669034667,0.536432918493376,4.573103528191557e-05
onda2,363,0.19648874441873912,0.6956568951762394,0.852758399858703,0.057837023324666635,0.47715379769244676,0.11249999999999999,0.00046874999999999993,2.051705029838022,0.004028731981567848,0.42543312279904044,0.0005386597730038102,0.6596193128439256,0.0004285962315559156
onda2,364,0.22453624969843938,0.5050475252110957,0.8957883600466898,0.036032264071638925,0.46944455455696676,0.11458333333333333,0.00018952546296296287,1.895311167945439,0.003181578894453622,0.3211071214704986,0.0007320089264510098,0.6626479238681345,0.00039733405970482876
onda2,365,0.129146803148665,0.6093752558698511,1.2480869110708488,0.05444477407077909,0.6570665344052417,0.08125,7.378472222222225e-05,1.992625745950554,0.0020506442071744437,0.2898292984378578,0.0013451535250416577,0.5477450523787513,0.00025552633416025123
onda2,366,0.17038200675573587,0.535650993234786,0.7575484337750676,0.07731580543074752,0.6227236435953136,0.11250000000000002,0.000167824074074074,1.6189897698209719,0.0012178624708590804,0.2958644383231967,0.0007882234520976001,0.6929953568898815,0.00019062188838099578
onda2,367,0.09128145826104214,0.552349614778847,0.9593763428615112,0.0792961944023436,0.4373824392888225,0.07916666666666666,0.00014467592592592592,2.0186487638533674,0.010951323766221469,0.24792050565537957,0.0019436112098497023,0.7103095767715355,0.0004820092471131239
onda2,368,0.11644162511040268,0.3928454132753157,1.0753908226042277,0.0757423534168766,0.6038139290018391,0.09166666666666667,0.0003587962962962963,1.7196291560102301,0.004241279134558057,0.1885561427588524,0.000630668456823645,0.6535118122872575,0.0006381998053450246
onda2,369,0.07644035887353715,0.40873367484727835,0.7499375206309903,0.020560603884287928,0.6656391366362052,0.035416666666666666,8.535879629629631e-05,1.3235933503836317,0.0005452914297661198,0.06450242628230933,0.0002901823641355682,0.7347881696027537,0.00011802985219110862
onda2,370,0.10800100568760501,0.40087469844877976,0.8866745619059865,0.032988270254345635,0.535629310452839,0.060416666666666674,9.693287037037037e-05,1.5708866155157715,0.0017198228736124224,0.09677338305826874,0.0002750728718781407,0.6747608637511335,0.00022884845521132063
onda2,371,0.10129571761474207,0.6169865684793343,0.7291043549252273,0.022196190517399555,0.4486807194709917,0.04166666666666667,0.00021990740740740738,1.4914322250639387,0.0049841458631465245,0.14186218814804435,0.0011757909613879754,0.7226238425707036,0.0001727208301844804
onda2,372,0.22476790049926404,0.6491137303404231,0.9602354201032699,0.07550446239502362,0.49855770982376046,0.15833333333333333,0.000775462962962963,2.2483802216538784,0.005008824946636069,0.5523616618885827,0.0013115023132824798,0.616540356781005,0.0004468414271701774
onda2,373,0.22538485248131307,0.5686860677461982,1.1081704642398522,0.06814031403466869,0.4917550551339295,0.13333333333333333,0.00013888888888888897,2.1896419437340153,0.004239756678336355,0.448590085709926,0.0011999438229070257,0.6119705975925918,0.0005002137012541662
onda2,374,0.20665234641075753,0.7875957828824394,0.901249532518404,0.03390409368377485,0.6413524852062542,0.11458333333333333,1.5914351851851847e-05,1.9346334185848255,0.008538156613943507,0.48338028152870094,0.0021066730530130023,0.5640095905094911,0.0003934425297001715
onda2,375,0.0573486419792023,0.4988865127959759,0.9496844913294245,0.07884066746572815,0.6836959787822846,0.06458333333333333,0.00015480324074074078,1.5641091219096335,0.0020504025522634765,0.13438576400457913,0.00031021480033901436,0.6770572237964323,0.0005885069587136009
onda2,376,0.07513942283104603,0.4707270304865818,0.7393688143073055,0.03965293460641034,0.544724992355291,0.035416666666666666,2.7488425925925932e-05,1.4258098891730606,0.004301478461703564,0.08332858357516038,0.00043748333292323305,0.730222542700987,0.00036994847132449364
onda2,377,0.20484226863184668,0.3943819563910175,0.7967766710067206,0.0740484913341504,0.45176638363153576,0.15,0.0005208333333333333,1.9779411764705883,0.0015022339754934121,0.29859472391339237,0.00029981582539205845,0.7052498212211101,0.00024307332617989932
onda2,378,0.09772982167537053,0.567098993502317,1.0542194626810923,0.0201657359618586,0.6649807459778095,0.060416666666666674,0.00012008101851851854,1.6708226768968455,0.006934104612229264,0.15132499141888892,0.000433347878281703,0.600606768658605,0.0007104139613557664
onda2,379,0.11878169267155306,0.7780116927950056,0.8413142702480778,0.03688598633266925,0.6272937640011959,0.07083333333333333,0.0001215277777777778,1.6321184995737426,0.00822348679207527,0.2360735335830703,0.0023783172361645337,0.6475692492855326,0.0005205286316512273
onda2,380,0.08233166835571586,0.4342565519735004,0.8399419017147943,0.04731409223600476,0.5201801497420429,0.05416666666666667,0.0005150462962962963,1.6075873827791987,0.009373984171179366,0.11442607396249006,0.0009304781609060492,0.7068441160794494,0.0005885496439280287
onda2,381,0.20715367733701281,0.6431140799567578,0.922371801964328,0.03496325161371293,0.6699817164909484,0.1,0.0004976851851851851,1.7365728900255757,0.00689487732773033,0.35742614617986734,0.0017331403581889787,0.5945173650229898,0.0007276976383391427
onda2,382,0.1996296382328768,0.5406493596927915,1.1635051954467168,0.07269482741371994,0.653344637652465,0.13541666666666669,1.5914351851851847e-05,1.964535379369139,0.0047984222538614545,0.39445497116264516,0.0009636495216431912,0.5662641569662226,0.00014747845289671732
onda2,383,0.22806436161646546,0.6929562689143332,0.9713582854910471,0.04622256522412692,0.46532230344649567,0.12083333333333332,5.208333333333331e-05,2.151747655583973,0.017898167952949115,0.4804343777773282,0.003618596538640543,0.6296677170369163,0.0006173466348502589
onda2,384,0.18986932177622232,0.3648916589808153,0.8293659487257065,0.03810321311625016,0.44100024421607115,0.11875,0.0002126736111111111,1.7257459505541348,0.008223361573647094,0.17019843668200227,0.0001911053947776458,0.6935826234418772,0.0005278203658741794
onda2,385,0.09231553884121553,0.7855306766148054,0.9571601814370418,0.050880095241170334,0.425944632262139,0.10208333333333333,0.00010850694444444448,2.0507885763000853,0.010316525992014611,0.2819391968141518,0.003601277171094519,0.6648275557960425,0.0003726114406919225
onda2,386,0.1940983818989212,0.5257109434516651,1.1836162189337842,0.05716230641416163,0.5549070472934701,0.10625,7.37847222222222e-05,2.049083546462063,0.00854223991572239,0.32247581806529785,0.0012030397152355,0.6048497697784391,0.0001902762988912598
onda2,387,0.07155786615747071,0.6579052334180135,0.9528140492083801,0.038010806962406565,0.45312759080262277,0.04166666666666667,1.1574074074074079e-05,1.76231884057971,0.012073744357448684,0.14914480714223288,0.0011651115842637998,0.6704997029002004,0.0003521796359099348
onda2,388,0.20232587027200435,0.7264861649226737,1.113988434117577,0.0704381478951297,0.5437517215975094,0.1125,0.00032986111111111123,2.110443307757886,0.007938628495123414,0.5281434222387336,0.0037634860191216456,0.5861527129544177,0.0003816455938252164
onda2,389,0.07919295481507821,0.689341554154698,1.265184727972223,0.066572727833284,0.4479225650125028,0.06875,0.00012008101851851854,2.2772804774083544,0.010147050344409722,0.31781527172303037,0.00047190977954567184,0.6243300062635495,0.0001847492746611933
onda2,390,0.18078647057924976,0.5502331130775316,0.7544645571660257,0.05606298985550637,0.4202253144441725,0.125,0.00019675925925925918,1.991624040920716,0.0018564964410712093,0.34017696908490797,0.0009046102253819259,0.7003099837713332,0.00010368896451105865
onda2,391,0.21776583496902113,0.5437980175274699,1.0211131323602327,0.02760277573555539,0.4466983308082968,0.11875,0.0002936921296296296,2.019458653026428,0.007535790212770173,0.30717704500209125,0.0002655456830327701,0.6210302033183759,0.00013156556549821305
onda2,392,0.13502619092818252,0.6355223468764664,1.0152138385184677,0.025666154616532856,0.48254239062880555,0.1,8.101851851851848e-05,1.8458013640238704,0.005754959467385323,0.2525080257389567,0.0009059649924082303,0.617222001913962,0.00032298021854099585
onda2,393,0.14239893454323715,0.6566043558215452,0.7311948752358107,0.06369427310344528,0.5247692179017769,0.08958333333333335,0.00015480324074074073,1.7715899403239557,0.0023180609549378426,0.31937308170748857,0.000749530898777204,0.6899480831772429,0.00014866888062922378
onda2,394,0.08940059313641863,0.5239965222369183,1.2451716495650202,0.06508402097513466,0.559574054310787,0.07083333333333333,1.7361111111111104e-05,1.9892796248934357,0.004783203899571369,0.20311549966247988,0.0003874672339695074,0.5952343314520341,0.000279972498568848
onda2,395,0.16360752592996014,0.33158733603892937,0.8341634129220713,0.0501843143118669,0.5031183427888776,0.09375,6.221064814814815e-05,1.7206734867860187,0.010673712693993176,0.14697149303453716,0.00017768961315830722,0.7132911489329875,0.0003310770845122146
onda2,396,0.18799342150498966,0.7293577512724501,1.155197823559865,0.05575950702460414,0.6506081390222842,0.11666666666666665,0.00019675925925925926,1.9706734867860187,0.002764148198538345,0.41677947152017714,0.0006663938438004122,0.5531390839589765,0.00028520490651384083
onda2,397,0.10032126454278945,0.4655980372423739,1.06572314163685,0.05880001492515294,0.49052730084070995,0.07708333333333334,0.00013165509259259264,1.8812659846547315,0.007449851912174729,0.18630736053872882,0.0006297997682623541,0.6685083239995512,0.00046031398370487516
onda2,398,0.11966728863470266,0.6376660145607744,1.0507349955474334,0.045693971112522415,0.5153973766481384,0.07291666666666667,0.00032841435185185187,1.9151321398124468,0.004487065950835156,0.26475759305136637,0.0012982893640007794,0.6251341508382576,0.0001437035231035274
onda2,399,0.2180352264944392,0.6095740125018898,0.9315635475841368,0.021058627449667182,0.4398581179978826,0.11875,0.0004904513888888887,1.9453537936913896,0.002669341950057021,0.3350524835806502,0.0003598396923912635,0.6258649986606022,0.00013354699722106385
