configuracao,arquivo,metrica,centralizada,adaptativa,diferenca,n_pares,n_pares_censurados
C4,j6010_1.sm,concluiu,1.0,1.0,0.0,12,0
C4,j6013_1.sm,concluiu,1.0,1.0,0.0,12,0
C4,j6016_1.sm,concluiu,1.0,1.0,0.0,12,0
C4,j6019_1.sm,concluiu,1.0,1.0,0.0,12,0
C4,j6021_1.sm,concluiu,1.0,1.0,0.0,12,0
C4,j6024_1.sm,concluiu,1.0,1.0,0.0,12,0
C4,j6027_1.sm,concluiu,1.0,1.0,0.0,12,0
C4,j602_1.sm,concluiu,1.0,1.0,0.0,12,0
C4,j6032_1.sm,concluiu,1.0,1.0,0.0,12,0
C4,j6035_1.sm,concluiu,1.0,1.0,0.0,12,0
C4,j6038_1.sm,concluiu,1.0,1.0,0.0,12,0
C4,j6040_1.sm,concluiu,1.0,1.0,0.0,12,0
C4,j6043_1.sm,concluiu,1.0,1.0,0.0,12,0
C4,j6046_1.sm,concluiu,1.0,1.0,0.0,12,0
C4,j604_1.sm,concluiu,1.0,1.0,0.0,12,0
C4,j607_1.sm,concluiu,1.0,1.0,0.0,12,0
C4,j6010_1.sm,makespan,197.83333333333334,125.25,-72.58333333333333,12,0
C4,j6013_1.sm,makespan,288.4166666666667,201.83333333333334,-86.58333333333333,12,0
C4,j6016_1.sm,makespan,222.41666666666666,120.91666666666667,-101.5,12,0
C4,j6019_1.sm,makespan,194.83333333333334,120.75,-74.08333333333333,12,0
C4,j6021_1.sm,makespan,265.5,175.25,-90.25,12,0
C4,j6024_1.sm,makespan,175.08333333333334,95.66666666666667,-79.41666666666667,12,0
C4,j6027_1.sm,makespan,221.83333333333334,139.83333333333334,-82.0,12,0
C4,j602_1.sm,makespan,192.75,107.66666666666667,-85.08333333333333,12,0
C4,j6032_1.sm,makespan,191.5,109.5,-82.0,12,0
C4,j6035_1.sm,makespan,193.58333333333334,124.33333333333333,-69.25,12,0
C4,j6038_1.sm,makespan,182.91666666666666,122.33333333333333,-60.583333333333336,12,0
C4,j6040_1.sm,makespan,221.0,124.91666666666667,-96.08333333333333,12,0
C4,j6043_1.sm,makespan,212.16666666666666,149.91666666666666,-62.25,12,0
C4,j6046_1.sm,makespan,217.16666666666666,136.08333333333334,-81.08333333333333,12,0
C4,j604_1.sm,makespan,194.58333333333334,127.41666666666667,-67.16666666666667,12,0
C4,j607_1.sm,makespan,197.83333333333334,121.41666666666667,-76.41666666666667,12,0
C4,j6010_1.sm,makespan_cpm,85.0,85.0,0.0,12,0
C4,j6013_1.sm,makespan_cpm,69.0,69.0,0.0,12,0
C4,j6016_1.sm,makespan_cpm,64.0,64.0,0.0,12,0
C4,j6019_1.sm,makespan_cpm,62.0,62.0,0.0,12,0
C4,j6021_1.sm,makespan_cpm,76.0,76.0,0.0,12,0
C4,j6024_1.sm,makespan_cpm,65.0,65.0,0.0,12,0
C4,j6027_1.sm,makespan_cpm,96.0,96.0,0.0,12,0
C4,j602_1.sm,makespan_cpm,65.0,65.0,0.0,12,0
C4,j6032_1.sm,makespan_cpm,69.0,69.0,0.0,12,0
C4,j6035_1.sm,makespan_cpm,78.0,78.0,0.0,12,0
C4,j6038_1.sm,makespan_cpm,73.0,73.0,0.0,12,0
C4,j6040_1.sm,makespan_cpm,86.0,86.0,0.0,12,0
C4,j6043_1.sm,makespan_cpm,108.0,108.0,0.0,12,0
C4,j6046_1.sm,makespan_cpm,78.0,78.0,0.0,12,0
C4,j604_1.sm,makespan_cpm,84.0,84.0,0.0,12,0
C4,j607_1.sm,makespan_cpm,77.0,77.0,0.0,12,0
C4,j6010_1.sm,E_total,0.7346290044191762,0.8629457031542946,0.12831669873511853,12,0
C4,j6013_1.sm,E_total,0.7644524101262737,0.8483427831810282,0.08389037305475422,12,0
C4,j6016_1.sm,E_total,0.7290073331683792,0.8617839591816973,0.1327766260133182,12,0
C4,j6019_1.sm,E_total,0.760471284313104,0.871837928065577,0.11136664375247311,12,0
C4,j6021_1.sm,E_total,0.7829536006400173,0.8677960230469893,0.08484242240697193,12,0
C4,j6024_1.sm,E_total,0.7216775099917504,0.871338972390702,0.14966146239895142,12,0
C4,j6027_1.sm,E_total,0.7203704425863378,0.8655060291084918,0.145135586522154,12,0
C4,j602_1.sm,E_total,0.7492494094914207,0.8544929627770467,0.1052435532856258,12,0
C4,j6032_1.sm,E_total,0.7281313231733693,0.8744203041751503,0.14628898100178114,12,0
C4,j6035_1.sm,E_total,0.7256350912804015,0.8678684508733059,0.14223335959290453,12,0
C4,j6038_1.sm,E_total,0.7704572523720499,0.8663127365606086,0.09585548418855881,12,0
C4,j6040_1.sm,E_total,0.7141367391066326,0.8756552823469842,0.16151854324035164,12,0
C4,j6043_1.sm,E_total,0.6724393859216815,0.8743259036413155,0.20188651771963376,12,0
C4,j6046_1.sm,E_total,0.6772188806257545,0.847548116252468,0.1703292356267135,12,0
C4,j604_1.sm,E_total,0.7326220189621289,0.8621444558475546,0.12952243688542578,12,0
C4,j607_1.sm,E_total,0.7256626095932969,0.8615800805257049,0.135917470932408,12,0
C4,j6010_1.sm,S_UR_final,1.850371707708594e-17,3.700743415417188e-17,1.850371707708594e-17,12,0
C4,j6013_1.sm,S_UR_final,1.3692750637043598e-15,2.9605947323337506e-16,-1.0732155904709846e-15,12,0
C4,j6016_1.sm,S_UR_final,4.0893214740359935e-15,7.401486830834377e-17,-4.015306605727649e-15,12,0
C4,j6019_1.sm,S_UR_final,7.031412489292658e-16,3.700743415417188e-17,-6.661338147750939e-16,12,0
C4,j6021_1.sm,S_UR_final,7.401486830834377e-16,0.0,-7.401486830834377e-16,12,0
C4,j6024_1.sm,S_UR_final,6.476300976980079e-16,7.401486830834377e-17,-5.736152293896642e-16,12,0
C4,j6027_1.sm,S_UR_final,9.62193288008469e-16,7.401486830834377e-17,-8.881784197001252e-16,12,0
C4,j602_1.sm,S_UR_final,9.62193288008469e-16,0.0,-9.62193288008469e-16,12,0
C4,j6032_1.sm,S_UR_final,2.220446049250313e-16,0.0,-2.220446049250313e-16,12,0
C4,j6035_1.sm,S_UR_final,1.0362081563168128e-15,1.4802973661668753e-16,-8.881784197001252e-16,12,0
C4,j6038_1.sm,S_UR_final,4.440892098500626e-16,7.401486830834377e-17,-3.7007434154171886e-16,12,0
C4,j6040_1.sm,S_UR_final,1.4802973661668753e-16,0.0,-1.4802973661668753e-16,12,0
C4,j6043_1.sm,S_UR_final,5.921189464667501e-16,0.0,-5.921189464667501e-16,12,0
C4,j6046_1.sm,S_UR_final,1.2490009027033011e-15,9.25185853854297e-18,-1.239749044164758e-15,12,0
C4,j604_1.sm,S_UR_final,2.1279274638648835e-15,0.0,-2.1279274638648835e-15,12,0
C4,j607_1.sm,S_UR_final,4.810966440042345e-16,2.7755575615628914e-17,-4.533410683886056e-16,12,0
C4,j6010_1.sm,S_UR_maximo,21.974264474171278,6.024250919213439,-15.950013554957842,12,0
C4,j6013_1.sm,S_UR_maximo,25.46471289220833,9.697834312254324,-15.766878579954001,12,0
C4,j6016_1.sm,S_UR_maximo,34.53362883236546,8.23270844698232,-26.300920385383137,12,0
C4,j6019_1.sm,S_UR_maximo,22.590708245451264,5.86896965166478,-16.721738593786483,12,0
C4,j6021_1.sm,S_UR_maximo,21.795443212364546,7.552934953921418,-14.24250825844313,12,0
C4,j6024_1.sm,S_UR_maximo,19.337890475085313,6.144098717971164,-13.19379175711415,12,0
C4,j6027_1.sm,S_UR_maximo,25.12878378422487,6.703809796412949,-18.424973987811924,12,0
C4,j602_1.sm,S_UR_maximo,24.234615668382432,4.823646242480906,-19.410969425901527,12,0
C4,j6032_1.sm,S_UR_maximo,27.940981585322564,5.705594569297696,-22.23538701602487,12,0
C4,j6035_1.sm,S_UR_maximo,29.21746449587189,6.960766505638247,-22.256697990233647,12,0
C4,j6038_1.sm,S_UR_maximo,23.58194334475985,4.966202165885055,-18.615741178874796,12,0
C4,j6040_1.sm,S_UR_maximo,31.42484939908158,7.259636509213522,-24.165212889868062,12,0
C4,j6043_1.sm,S_UR_maximo,19.475736592527422,5.749816699825158,-13.725919892702267,12,0
C4,j6046_1.sm,S_UR_maximo,27.60064218449938,7.68673129717364,-19.913910887325738,12,0
C4,j604_1.sm,S_UR_maximo,29.720144547720697,7.298588240250236,-22.421556307470464,12,0
C4,j607_1.sm,S_UR_maximo,22.641901558116285,6.32831094649244,-16.313590611623844,12,0
C4,j6010_1.sm,S_PV_final,250.08333333333334,298.5833333333333,48.5,12,0
C4,j6013_1.sm,S_PV_final,256.8333333333333,312.3333333333333,55.5,12,0
C4,j6016_1.sm,S_PV_final,269.8333333333333,341.8333333333333,72.0,12,0
C4,j6019_1.sm,S_PV_final,258.5,317.3333333333333,58.833333333333336,12,0
C4,j6021_1.sm,S_PV_final,253.58333333333334,305.5,51.916666666666664,12,0
C4,j6024_1.sm,S_PV_final,222.66666666666666,260.1666666666667,37.5,12,0
C4,j6027_1.sm,S_PV_final,264.4166666666667,322.3333333333333,57.916666666666664,12,0
C4,j602_1.sm,S_PV_final,254.66666666666666,307.5,52.833333333333336,12,0
C4,j6032_1.sm,S_PV_final,250.41666666666666,314.0833333333333,63.666666666666664,12,0
C4,j6035_1.sm,S_PV_final,262.5,326.6666666666667,64.16666666666667,12,0
C4,j6038_1.sm,S_PV_final,258.6666666666667,319.6666666666667,61.0,12,0
C4,j6040_1.sm,S_PV_final,274.25,348.5833333333333,74.33333333333333,12,0
C4,j6043_1.sm,S_PV_final,257.0833333333333,310.5,53.416666666666664,12,0
C4,j6046_1.sm,S_PV_final,234.33333333333334,296.5,62.166666666666664,12,0
C4,j604_1.sm,S_PV_final,281.3333333333333,360.8333333333333,79.5,12,0
C4,j607_1.sm,S_PV_final,257.8333333333333,315.1666666666667,57.333333333333336,12,0
C4,j6010_1.sm,TW,521.4166666666666,454.0833333333333,-67.33333333333333,12,0
C4,j6013_1.sm,TW,561.75,498.0,-63.75,12,0
C4,j6016_1.sm,TW,636.5833333333334,557.6666666666666,-78.91666666666667,12,0
C4,j6019_1.sm,TW,566.6666666666666,500.0,-66.66666666666667,12,0
C4,j6021_1.sm,TW,533.0,465.0,-68.0,12,0
C4,j6024_1.sm,TW,457.5833333333333,399.25,-58.333333333333336,12,0
C4,j6027_1.sm,TW,526.8333333333334,463.0833333333333,-63.75,12,0
C4,j602_1.sm,TW,547.6666666666666,476.5833333333333,-71.08333333333333,12,0
C4,j6032_1.sm,TW,565.5833333333334,496.75,-68.83333333333333,12,0
C4,j6035_1.sm,TW,582.5,505.0833333333333,-77.41666666666667,12,0
C4,j6038_1.sm,TW,568.0,494.6666666666667,-73.33333333333333,12,0
C4,j6040_1.sm,TW,605.4166666666666,544.75,-60.666666666666664,12,0
C4,j6043_1.sm,TW,495.6666666666667,447.0833333333333,-48.583333333333336,12,0
C4,j6046_1.sm,TW,514.3333333333334,450.25,-64.08333333333333,12,0
C4,j604_1.sm,TW,632.6666666666666,578.25,-54.416666666666664,12,0
C4,j607_1.sm,TW,555.9166666666666,498.75,-57.166666666666664,12,0
C4,j6010_1.sm,TL,0.0,9.666666666666666,9.666666666666666,12,0
C4,j6013_1.sm,TL,0.0,6.25,6.25,12,0
C4,j6016_1.sm,TL,0.0,10.0,10.0,12,0
C4,j6019_1.sm,TL,0.0,8.416666666666666,8.416666666666666,12,0
C4,j6021_1.sm,TL,0.0,7.25,7.25,12,0
C4,j6024_1.sm,TL,0.0,8.083333333333334,8.083333333333334,12,0
C4,j6027_1.sm,TL,0.0,9.833333333333334,9.833333333333334,12,0
C4,j602_1.sm,TL,0.0,9.583333333333334,9.583333333333334,12,0
C4,j6032_1.sm,TL,0.0,7.5,7.5,12,0
C4,j6035_1.sm,TL,0.0,10.416666666666666,10.416666666666666,12,0
C4,j6038_1.sm,TL,0.0,11.5,11.5,12,0
C4,j6040_1.sm,TL,0.0,8.75,8.75,12,0
C4,j6043_1.sm,TL,0.0,8.0,8.0,12,0
C4,j6046_1.sm,TL,0.0,10.75,10.75,12,0
C4,j604_1.sm,TL,0.0,10.166666666666666,10.166666666666666,12,0
C4,j607_1.sm,TL,0.0,7.666666666666667,7.666666666666667,12,0
C4,j6010_1.sm,TU,140.66666666666666,19.083333333333332,-121.58333333333333,12,0
C4,j6013_1.sm,TU,96.83333333333333,8.083333333333334,-88.75,12,0
C4,j6016_1.sm,TU,153.08333333333334,18.666666666666668,-134.41666666666666,12,0
C4,j6019_1.sm,TU,125.08333333333333,13.833333333333334,-111.25,12,0
C4,j6021_1.sm,TU,85.41666666666667,9.333333333333334,-76.08333333333333,12,0
C4,j6024_1.sm,TU,136.0,11.416666666666666,-124.58333333333333,12,0
C4,j6027_1.sm,TU,153.58333333333334,18.416666666666668,-135.16666666666666,12,0
C4,j602_1.sm,TU,133.5,20.416666666666668,-113.08333333333333,12,0
C4,j6032_1.sm,TU,149.66666666666666,16.416666666666668,-133.25,12,0
C4,j6035_1.sm,TU,157.91666666666666,16.0,-141.91666666666666,12,0
C4,j6038_1.sm,TU,112.91666666666667,15.0,-97.91666666666667,12,0
C4,j6040_1.sm,TU,170.83333333333334,16.083333333333332,-154.75,12,0
C4,j6043_1.sm,TU,193.91666666666666,12.083333333333334,-181.83333333333334,12,0
C4,j6046_1.sm,TU,176.83333333333334,14.583333333333334,-162.25,12,0
C4,j604_1.sm,TU,155.08333333333334,20.083333333333332,-135.0,12,0
C4,j607_1.sm,TU,155.83333333333334,24.416666666666668,-131.41666666666666,12,0
C4,j6010_1.sm,TR,54.013416463246074,43.61590026165186,-10.397516201594195,12,0
C4,j6013_1.sm,TR,80.40377991190816,75.3568102975698,-5.046969614338357,12,0
C4,j6016_1.sm,TR,85.72257519482962,60.999876256004825,-24.722698938824777,12,0
C4,j6019_1.sm,TR,56.69295877295894,51.571737056819266,-5.1212217161396705,12,0
C4,j6021_1.sm,TR,66.68526416109508,55.04907574553308,-11.636188415562003,12,0
C4,j6024_1.sm,TR,44.547013765847765,39.79334687160416,-4.753666894243611,12,0
C4,j6027_1.sm,TR,55.82254040780449,44.1565956653186,-11.665944742485891,12,0
C4,j602_1.sm,TR,54.42401907302655,51.423323554400724,-3.0006955186258124,12,0
C4,j6032_1.sm,TR,64.37209129280747,47.67723272795333,-16.69485856485413,12,0
C4,j6035_1.sm,TR,68.01890896073682,51.1553717032238,-16.86353725751303,12,0
C4,j6038_1.sm,TR,61.802501924167025,50.0422019062595,-11.760300017907534,12,0
C4,j6040_1.sm,TR,75.23318009525413,52.71253826046111,-22.52064183479302,12,0
C4,j6043_1.sm,TR,51.65638390755364,44.34202729560485,-7.314356611948795,12,0
C4,j6046_1.sm,TR,70.45164695782701,55.93222739125647,-14.519419566570557,12,0
C4,j604_1.sm,TR,78.0411809735496,62.518987726074954,-15.522193247474648,12,0
C4,j607_1.sm,TR,56.43417402739133,48.47608693433066,-7.958087093060683,12,0
C4,j6010_1.sm,n_limpas,47.916666666666664,56.333333333333336,8.416666666666666,12,0
C4,j6013_1.sm,n_limpas,46.25,55.583333333333336,9.333333333333334,12,0
C4,j6016_1.sm,n_limpas,45.5,56.416666666666664,10.916666666666666,12,0
C4,j6019_1.sm,n_limpas,47.333333333333336,56.833333333333336,9.5,12,0
C4,j6021_1.sm,n_limpas,47.083333333333336,55.25,8.166666666666666,12,0
C4,j6024_1.sm,n_limpas,48.333333333333336,56.25,7.916666666666667,12,0
C4,j6027_1.sm,n_limpas,47.75,56.166666666666664,8.416666666666666,12,0
C4,j602_1.sm,n_limpas,48.333333333333336,56.75,8.416666666666666,12,0
C4,j6032_1.sm,n_limpas,46.416666666666664,56.0,9.583333333333334,12,0
C4,j6035_1.sm,n_limpas,46.083333333333336,56.0,9.916666666666666,12,0
C4,j6038_1.sm,n_limpas,47.166666666666664,56.666666666666664,9.5,12,0
C4,j6040_1.sm,n_limpas,45.083333333333336,56.083333333333336,11.0,12,0
C4,j6043_1.sm,n_limpas,47.75,56.083333333333336,8.333333333333334,12,0
C4,j6046_1.sm,n_limpas,45.916666666666664,55.75,9.833333333333334,12,0
C4,j604_1.sm,n_limpas,45.416666666666664,56.666666666666664,11.25,12,0
C4,j607_1.sm,n_limpas,47.5,56.583333333333336,9.083333333333334,12,0
C4,j6010_1.sm,n_com_erro,12.083333333333334,3.6666666666666665,-8.416666666666666,12,0
C4,j6013_1.sm,n_com_erro,13.75,4.416666666666667,-9.333333333333334,12,0
C4,j6016_1.sm,n_com_erro,14.5,3.5833333333333335,-10.916666666666666,12,0
C4,j6019_1.sm,n_com_erro,12.666666666666666,3.1666666666666665,-9.5,12,0
C4,j6021_1.sm,n_com_erro,12.916666666666666,4.75,-8.166666666666666,12,0
C4,j6024_1.sm,n_com_erro,11.666666666666666,3.75,-7.916666666666667,12,0
C4,j6027_1.sm,n_com_erro,12.25,3.8333333333333335,-8.416666666666666,12,0
C4,j602_1.sm,n_com_erro,11.666666666666666,3.25,-8.416666666666666,12,0
C4,j6032_1.sm,n_com_erro,13.583333333333334,4.0,-9.583333333333334,12,0
C4,j6035_1.sm,n_com_erro,13.916666666666666,4.0,-9.916666666666666,12,0
C4,j6038_1.sm,n_com_erro,12.833333333333334,3.3333333333333335,-9.5,12,0
C4,j6040_1.sm,n_com_erro,14.916666666666666,3.9166666666666665,-11.0,12,0
C4,j6043_1.sm,n_com_erro,12.25,3.9166666666666665,-8.333333333333334,12,0
C4,j6046_1.sm,n_com_erro,14.083333333333334,4.25,-9.833333333333334,12,0
C4,j604_1.sm,n_com_erro,14.583333333333334,3.3333333333333335,-11.25,12,0
C4,j607_1.sm,n_com_erro,12.5,3.4166666666666665,-9.083333333333334,12,0
C4,j6010_1.sm,n_reportadas,1.75,8.833333333333334,7.083333333333333,12,0
C4,j6013_1.sm,n_reportadas,2.1666666666666665,11.25,9.083333333333334,12,0
C4,j6016_1.sm,n_reportadas,2.6666666666666665,11.0,8.333333333333334,12,0
C4,j6019_1.sm,n_reportadas,1.6666666666666667,10.666666666666666,9.0,12,0
C4,j6021_1.sm,n_reportadas,2.5,10.0,7.5,12,0
C4,j6024_1.sm,n_reportadas,1.9166666666666667,9.166666666666666,7.25,12,0
C4,j6027_1.sm,n_reportadas,1.4166666666666667,9.416666666666666,8.0,12,0
C4,j602_1.sm,n_reportadas,1.75,11.25,9.5,12,0
C4,j6032_1.sm,n_reportadas,1.6666666666666667,9.833333333333334,8.166666666666666,12,0
C4,j6035_1.sm,n_reportadas,1.4166666666666667,10.416666666666666,9.0,12,0
C4,j6038_1.sm,n_reportadas,1.9166666666666667,10.5,8.583333333333334,12,0
C4,j6040_1.sm,n_reportadas,1.4166666666666667,9.75,8.333333333333334,12,0
C4,j6043_1.sm,n_reportadas,1.25,9.916666666666666,8.666666666666666,12,0
C4,j6046_1.sm,n_reportadas,2.3333333333333335,11.833333333333334,9.5,12,0
C4,j604_1.sm,n_reportadas,2.0833333333333335,11.666666666666666,9.583333333333334,12,0
C4,j607_1.sm,n_reportadas,1.9166666666666667,11.083333333333334,9.166666666666666,12,0
C4,j6010_1.sm,n_adiamentos,0.0,0.0,0.0,12,0
C4,j6013_1.sm,n_adiamentos,0.0,0.0,0.0,12,0
C4,j6016_1.sm,n_adiamentos,0.0,0.0,0.0,12,0
C4,j6019_1.sm,n_adiamentos,0.0,0.0,0.0,12,0
C4,j6021_1.sm,n_adiamentos,0.0,0.0,0.0,12,0
C4,j6024_1.sm,n_adiamentos,0.0,0.0,0.0,12,0
C4,j6027_1.sm,n_adiamentos,0.0,0.0,0.0,12,0
C4,j602_1.sm,n_adiamentos,0.0,0.0,0.0,12,0
C4,j6032_1.sm,n_adiamentos,0.0,0.0,0.0,12,0
C4,j6035_1.sm,n_adiamentos,0.0,0.0,0.0,12,0
C4,j6038_1.sm,n_adiamentos,0.0,0.0,0.0,12,0
C4,j6040_1.sm,n_adiamentos,0.0,0.0,0.0,12,0
C4,j6043_1.sm,n_adiamentos,0.0,0.0,0.0,12,0
C4,j6046_1.sm,n_adiamentos,0.0,0.0,0.0,12,0
C4,j604_1.sm,n_adiamentos,0.0,0.0,0.0,12,0
C4,j607_1.sm,n_adiamentos,0.0,0.0,0.0,12,0
C4,j6010_1.sm,taxa_omissao,0.20138888888888887,0.061111111111111116,-0.14027777777777778,12,0
C4,j6013_1.sm,taxa_omissao,0.22916666666666663,0.07361111111111111,-0.15555555555555556,12,0
C4,j6016_1.sm,taxa_omissao,0.24166666666666667,0.059722222222222225,-0.18194444444444444,12,0
C4,j6019_1.sm,taxa_omissao,0.2111111111111111,0.052777777777777785,-0.15833333333333333,12,0
C4,j6021_1.sm,taxa_omissao,0.2152777777777778,0.07916666666666668,-0.1361111111111111,12,0
C4,j6024_1.sm,taxa_omissao,0.19444444444444442,0.0625,-0.13194444444444445,12,0
C4,j6027_1.sm,taxa_omissao,0.20416666666666664,0.0638888888888889,-0.1402777777777778,12,0
C4,j602_1.sm,taxa_omissao,0.19444444444444445,0.05416666666666667,-0.14027777777777778,12,0
C4,j6032_1.sm,taxa_omissao,0.2263888888888889,0.06666666666666667,-0.15972222222222224,12,0
C4,j6035_1.sm,taxa_omissao,0.23194444444444443,0.06666666666666667,-0.16527777777777777,12,0
C4,j6038_1.sm,taxa_omissao,0.2138888888888889,0.05555555555555556,-0.15833333333333335,12,0
C4,j6040_1.sm,taxa_omissao,0.2486111111111111,0.06527777777777778,-0.18333333333333335,12,0
C4,j6043_1.sm,taxa_omissao,0.2041666666666667,0.0652777777777778,-0.13888888888888892,12,0
C4,j6046_1.sm,taxa_omissao,0.2347222222222222,0.07083333333333333,-0.1638888888888889,12,0
C4,j604_1.sm,taxa_omissao,0.24305555555555558,0.05555555555555556,-0.1875,12,0
C4,j607_1.sm,taxa_omissao,0.20833333333333334,0.05694444444444446,-0.1513888888888889,12,0
C4,j6010_1.sm,E_plano,323.0,323.0,0.0,12,0
C4,j6013_1.sm,E_plano,340.0,340.0,0.0,12,0
C4,j6016_1.sm,E_plano,365.0,365.0,0.0,12,0
C4,j6019_1.sm,E_plano,336.0,336.0,0.0,12,0
C4,j6021_1.sm,E_plano,332.0,332.0,0.0,12,0
C4,j6024_1.sm,E_plano,284.0,284.0,0.0,12,0
C4,j6027_1.sm,E_plano,346.0,346.0,0.0,12,0
C4,j602_1.sm,E_plano,324.0,324.0,0.0,12,0
C4,j6032_1.sm,E_plano,337.0,337.0,0.0,12,0
C4,j6035_1.sm,E_plano,353.0,353.0,0.0,12,0
C4,j6038_1.sm,E_plano,341.0,341.0,0.0,12,0
C4,j6040_1.sm,E_plano,375.0,375.0,0.0,12,0
C4,j6043_1.sm,E_plano,334.0,334.0,0.0,12,0
C4,j6046_1.sm,E_plano,320.0,320.0,0.0,12,0
C4,j604_1.sm,E_plano,382.0,382.0,0.0,12,0
C4,j607_1.sm,E_plano,336.0,336.0,0.0,12,0
C4,j6010_1.sm,retrabalho_sobre_plano,0.1672241995766132,0.13503374694009865,-0.03219045263651453,12,0
C4,j6013_1.sm,retrabalho_sobre_plano,0.23648170562325932,0.22163767734579357,-0.01484402827746576,12,0
C4,j6016_1.sm,retrabalho_sobre_plano,0.2348563703967934,0.16712294864658858,-0.06773342175020486,12,0
C4,j6019_1.sm,retrabalho_sobre_plano,0.1687290439671397,0.15348731266910495,-0.015241731298034737,12,0
C4,j6021_1.sm,retrabalho_sobre_plano,0.20085922940088877,0.16581046911305142,-0.03504876028783737,12,0
C4,j6024_1.sm,retrabalho_sobre_plano,0.15685568227411187,0.14011741856198648,-0.01673826371212539,12,0
C4,j6027_1.sm,retrabalho_sobre_plano,0.16133682198787425,0.1276202186858919,-0.03371660330198234,12,0
C4,j602_1.sm,retrabalho_sobre_plano,0.1679753675093412,0.15871396158765658,-0.009261405921684606,12,0
C4,j6032_1.sm,retrabalho_sobre_plano,0.19101510769379068,0.14147546803546981,-0.049539639658320846,12,0
C4,j6035_1.sm,retrabalho_sobre_plano,0.1926881273675264,0.14491606714794275,-0.047772060219583655,12,0
C4,j6038_1.sm,retrabalho_sobre_plano,0.18123900857526987,0.14675132523829762,-0.03448768333697224,12,0
C4,j6040_1.sm,retrabalho_sobre_plano,0.20062181358734432,0.14056676869456294,-0.060055044892781385,12,0
C4,j6043_1.sm,retrabalho_sobre_plano,0.15465983205854386,0.132760560765284,-0.02189927129325986,12,0
C4,j6046_1.sm,retrabalho_sobre_plano,0.22016139674320945,0.17478821059767644,-0.04537318614553299,12,0
C4,j604_1.sm,retrabalho_sobre_plano,0.20429628527107224,0.1636622715342276,-0.04063401373684464,12,0
C4,j607_1.sm,retrabalho_sobre_plano,0.16795885127199806,0.14427406825693648,-0.02368478301506155,12,0
C4,j6010_1.sm,divida_latente_sobre_plano,0.0680317785578058,0.018650931638431702,-0.04938084691937412,12,0
C4,j6013_1.sm,divida_latente_sobre_plano,0.07489621438884801,0.028523042094865666,-0.046373172293982357,12,0
C4,j6016_1.sm,divida_latente_sobre_plano,0.0946126817325081,0.02255536560817074,-0.07205731612433737,12,0
C4,j6019_1.sm,divida_latente_sobre_plano,0.0672342507305097,0.017467171582335652,-0.04976707914817405,12,0
C4,j6021_1.sm,divida_latente_sobre_plano,0.06564892533844742,0.02274980407807656,-0.04289912126037087,12,0
C4,j6024_1.sm,divida_latente_sobre_plano,0.0680911636446666,0.02163415041539142,-0.046457013229275174,12,0
C4,j6027_1.sm,divida_latente_sobre_plano,0.07262654272897362,0.01937517282200274,-0.05325136990697087,12,0
C4,j602_1.sm,divida_latente_sobre_plano,0.07479819650735318,0.014887797044694152,-0.05991039946265902,12,0
C4,j6032_1.sm,divida_latente_sobre_plano,0.08291092458552689,0.016930547683375957,-0.06598037690215093,12,0
C4,j6035_1.sm,divida_latente_sobre_plano,0.08276902123476455,0.019718885285094186,-0.06305013594967039,12,0
C4,j6038_1.sm,divida_latente_sobre_plano,0.0691552590755421,0.01456364271520544,-0.05459161636033666,12,0
C4,j6040_1.sm,divida_latente_sobre_plano,0.0837995983975509,0.01935903069123606,-0.06444056770631483,12,0
C4,j6043_1.sm,divida_latente_sobre_plano,0.0583105886003815,0.017215020059356757,-0.04109556854102474,12,0
C4,j6046_1.sm,divida_latente_sobre_plano,0.08625200682656058,0.024021035303667625,-0.06223097152289294,12,0
C4,j604_1.sm,divida_latente_sobre_plano,0.07780142551759346,0.019106251937827844,-0.05869517357976559,12,0
C4,j607_1.sm,divida_latente_sobre_plano,0.067386611780108,0.01883425876932274,-0.048552353010785254,12,0
C4,j6010_1.sm,retrabalho_sobre_esforco_realizado,0.07485485598981577,0.08243223211533278,0.007577376125517004,12,0
C4,j6013_1.sm,retrabalho_sobre_esforco_realizado,0.10846059742026298,0.12746901548653747,0.01900841806627447,12,0
C4,j6016_1.sm,retrabalho_sobre_esforco_realizado,0.09771561666323787,0.09400297118481549,-0.003712645478422396,12,0
C4,j6019_1.sm,retrabalho_sobre_esforco_realizado,0.07656005288082772,0.08941600269376222,0.012855949812934503,12,0
C4,j6021_1.sm,retrabalho_sobre_esforco_realizado,0.09763985199460185,0.10138753296383961,0.003747680969237787,12,0
C4,j6024_1.sm,retrabalho_sobre_esforco_realizado,0.0697345767898291,0.0861779051446781,0.016443328354849,12,0
C4,j6027_1.sm,retrabalho_sobre_esforco_realizado,0.07672954699838815,0.08183182175863694,0.005102274760248785,12,0
C4,j602_1.sm,retrabalho_sobre_esforco_realizado,0.07370971325614588,0.09188866042473977,0.0181789471685939,12,0
C4,j6032_1.sm,retrabalho_sobre_esforco_realizado,0.08258042249876155,0.0835482969167894,0.0009678744180278571,12,0
C4,j6035_1.sm,retrabalho_sobre_esforco_realizado,0.08344802552513664,0.08674894734852628,0.0033009218233896417,12,0
C4,j6038_1.sm,retrabalho_sobre_esforco_realizado,0.0816540437766006,0.08722880873645174,0.0055747649598511554,12,0
C4,j6040_1.sm,retrabalho_sobre_esforco_realizado,0.08755092365621685,0.08442412803956904,-0.0031267956166478026,12,0
C4,j6043_1.sm,retrabalho_sobre_esforco_realizado,0.06992040716139068,0.08647158102460278,0.016551173863212115,12,0
C4,j6046_1.sm,retrabalho_sobre_esforco_realizado,0.09150925575466595,0.10470948037759731,0.013200224622931378,12,0
C4,j604_1.sm,retrabalho_sobre_esforco_realizado,0.08993381598355558,0.09273191376617658,0.002798097782620994,12,0
C4,j607_1.sm,retrabalho_sobre_esforco_realizado,0.07350963521206129,0.08336410570850104,0.009854470496439742,12,0
C4,j6010_1.sm,p1_omissao,33.333333333333336,20.833333333333332,-12.5,12,0
C4,j6013_1.sm,p1_omissao,43.666666666666664,35.583333333333336,-8.083333333333334,12,0
C4,j6016_1.sm,p1_omissao,48.25,29.583333333333332,-18.666666666666668,12,0
C4,j6019_1.sm,p1_omissao,37.5,20.833333333333332,-16.666666666666668,12,0
C4,j6021_1.sm,p1_omissao,35.333333333333336,21.666666666666668,-13.666666666666666,12,0
C4,j6024_1.sm,p1_omissao,23.0,8.0,-15.0,12,0
C4,j6027_1.sm,p1_omissao,26.25,10.916666666666666,-15.333333333333334,12,0
C4,j602_1.sm,p1_omissao,38.083333333333336,20.333333333333332,-17.75,12,0
C4,j6032_1.sm,p1_omissao,34.25,12.583333333333334,-21.666666666666668,12,0
C4,j6035_1.sm,p1_omissao,37.75,18.666666666666668,-19.083333333333332,12,0
C4,j6038_1.sm,p1_omissao,34.75,16.833333333333332,-17.916666666666668,12,0
C4,j6040_1.sm,p1_omissao,39.416666666666664,20.583333333333332,-18.833333333333332,12,0
C4,j6043_1.sm,p1_omissao,26.666666666666668,10.0,-16.666666666666668,12,0
C4,j6046_1.sm,p1_omissao,41.25,19.333333333333332,-21.916666666666668,12,0
C4,j604_1.sm,p1_omissao,39.75,24.0,-15.75,12,0
C4,j607_1.sm,p1_omissao,39.75,17.916666666666668,-21.833333333333332,12,0
C4,j6010_1.sm,p1_fuga,0.0,0.0,0.0,12,0
C4,j6013_1.sm,p1_fuga,0.0,0.0,0.0,12,0
C4,j6016_1.sm,p1_fuga,0.0,0.0,0.0,12,0
C4,j6019_1.sm,p1_fuga,0.0,0.0,0.0,12,0
C4,j6021_1.sm,p1_fuga,0.0,0.0,0.0,12,0
C4,j6024_1.sm,p1_fuga,0.0,0.0,0.0,12,0
C4,j6027_1.sm,p1_fuga,0.0,0.0,0.0,12,0
C4,j602_1.sm,p1_fuga,0.0,0.0,0.0,12,0
C4,j6032_1.sm,p1_fuga,0.0,0.0,0.0,12,0
C4,j6035_1.sm,p1_fuga,0.0,0.0,0.0,12,0
C4,j6038_1.sm,p1_fuga,0.0,0.0,0.0,12,0
C4,j6040_1.sm,p1_fuga,0.0,0.0,0.0,12,0
C4,j6043_1.sm,p1_fuga,0.0,0.0,0.0,12,0
C4,j6046_1.sm,p1_fuga,0.0,0.0,0.0,12,0
C4,j604_1.sm,p1_fuga,0.0,0.0,0.0,12,0
C4,j607_1.sm,p1_fuga,0.0,0.0,0.0,12,0
C4,j6010_1.sm,p2_ajuda,0.0,9.666666666666666,9.666666666666666,12,0
C4,j6013_1.sm,p2_ajuda,0.0,6.25,6.25,12,0
C4,j6016_1.sm,p2_ajuda,0.0,10.0,10.0,12,0
C4,j6019_1.sm,p2_ajuda,0.0,8.416666666666666,8.416666666666666,12,0
C4,j6021_1.sm,p2_ajuda,0.0,7.25,7.25,12,0
C4,j6024_1.sm,p2_ajuda,0.0,8.083333333333334,8.083333333333334,12,0
C4,j6027_1.sm,p2_ajuda,0.0,9.833333333333334,9.833333333333334,12,0
C4,j602_1.sm,p2_ajuda,0.0,9.583333333333334,9.583333333333334,12,0
C4,j6032_1.sm,p2_ajuda,0.0,7.5,7.5,12,0
C4,j6035_1.sm,p2_ajuda,0.0,10.416666666666666,10.416666666666666,12,0
C4,j6038_1.sm,p2_ajuda,0.0,11.5,11.5,12,0
C4,j6040_1.sm,p2_ajuda,0.0,8.75,8.75,12,0
C4,j6043_1.sm,p2_ajuda,0.0,8.0,8.0,12,0
C4,j6046_1.sm,p2_ajuda,0.0,10.75,10.75,12,0
C4,j604_1.sm,p2_ajuda,0.0,10.166666666666666,10.166666666666666,12,0
C4,j607_1.sm,p2_ajuda,0.0,7.666666666666667,7.666666666666667,12,0
C4,j6010_1.sm,p2_bloqueio,140.66666666666666,19.083333333333332,-121.58333333333333,12,0
C4,j6013_1.sm,p2_bloqueio,96.83333333333333,8.083333333333334,-88.75,12,0
C4,j6016_1.sm,p2_bloqueio,153.08333333333334,18.666666666666668,-134.41666666666666,12,0
C4,j6019_1.sm,p2_bloqueio,125.08333333333333,13.833333333333334,-111.25,12,0
C4,j6021_1.sm,p2_bloqueio,85.41666666666667,9.333333333333334,-76.08333333333333,12,0
C4,j6024_1.sm,p2_bloqueio,136.0,11.416666666666666,-124.58333333333333,12,0
C4,j6027_1.sm,p2_bloqueio,153.58333333333334,18.416666666666668,-135.16666666666666,12,0
C4,j602_1.sm,p2_bloqueio,133.5,20.416666666666668,-113.08333333333333,12,0
C4,j6032_1.sm,p2_bloqueio,149.66666666666666,16.416666666666668,-133.25,12,0
C4,j6035_1.sm,p2_bloqueio,157.91666666666666,16.0,-141.91666666666666,12,0
C4,j6038_1.sm,p2_bloqueio,112.91666666666667,15.0,-97.91666666666667,12,0
C4,j6040_1.sm,p2_bloqueio,170.83333333333334,16.083333333333332,-154.75,12,0
C4,j6043_1.sm,p2_bloqueio,193.91666666666666,12.083333333333334,-181.83333333333334,12,0
C4,j6046_1.sm,p2_bloqueio,176.83333333333334,14.583333333333334,-162.25,12,0
C4,j604_1.sm,p2_bloqueio,155.08333333333334,20.083333333333332,-135.0,12,0
C4,j607_1.sm,p2_bloqueio,155.83333333333334,24.416666666666668,-131.41666666666666,12,0
C4,j6010_1.sm,p3_analitica,26.666666666666668,39.166666666666664,12.5,12,0
C4,j6013_1.sm,p3_analitica,16.333333333333332,24.416666666666668,8.083333333333334,12,0
C4,j6016_1.sm,p3_analitica,11.75,30.416666666666668,18.666666666666668,12,0
C4,j6019_1.sm,p3_analitica,22.5,39.166666666666664,16.666666666666668,12,0
C4,j6021_1.sm,p3_analitica,24.666666666666668,38.333333333333336,13.666666666666666,12,0
C4,j6024_1.sm,p3_analitica,37.0,52.0,15.0,12,0
C4,j6027_1.sm,p3_analitica,33.75,49.083333333333336,15.333333333333334,12,0
C4,j602_1.sm,p3_analitica,21.916666666666668,39.666666666666664,17.75,12,0
C4,j6032_1.sm,p3_analitica,25.75,47.416666666666664,21.666666666666668,12,0
C4,j6035_1.sm,p3_analitica,22.25,41.333333333333336,19.083333333333332,12,0
C4,j6038_1.sm,p3_analitica,25.25,43.166666666666664,17.916666666666668,12,0
C4,j6040_1.sm,p3_analitica,20.583333333333332,39.416666666666664,18.833333333333332,12,0
C4,j6043_1.sm,p3_analitica,33.333333333333336,50.0,16.666666666666668,12,0
C4,j6046_1.sm,p3_analitica,18.75,40.666666666666664,21.916666666666668,12,0
C4,j604_1.sm,p3_analitica,20.25,36.0,15.75,12,0
C4,j607_1.sm,p3_analitica,20.25,42.083333333333336,21.833333333333332,12,0
C4,j6010_1.sm,hiato_encontrado,140.66666666666666,28.75,-111.91666666666667,12,0
C4,j6013_1.sm,hiato_encontrado,96.83333333333333,14.333333333333334,-82.5,12,0
C4,j6016_1.sm,hiato_encontrado,153.08333333333334,28.666666666666668,-124.41666666666667,12,0
C4,j6019_1.sm,hiato_encontrado,125.08333333333333,22.25,-102.83333333333333,12,0
C4,j6021_1.sm,hiato_encontrado,85.41666666666667,16.583333333333332,-68.83333333333333,12,0
C4,j6024_1.sm,hiato_encontrado,136.0,19.5,-116.5,12,0
C4,j6027_1.sm,hiato_encontrado,153.58333333333334,28.25,-125.33333333333333,12,0
C4,j602_1.sm,hiato_encontrado,133.5,30.0,-103.5,12,0
C4,j6032_1.sm,hiato_encontrado,149.66666666666666,23.916666666666668,-125.75,12,0
C4,j6035_1.sm,hiato_encontrado,157.91666666666666,26.416666666666668,-131.5,12,0
C4,j6038_1.sm,hiato_encontrado,112.91666666666667,26.5,-86.41666666666667,12,0
C4,j6040_1.sm,hiato_encontrado,170.83333333333334,24.833333333333332,-146.0,12,0
C4,j6043_1.sm,hiato_encontrado,193.91666666666666,20.083333333333332,-173.83333333333334,12,0
C4,j6046_1.sm,hiato_encontrado,176.83333333333334,25.333333333333332,-151.5,12,0
C4,j604_1.sm,hiato_encontrado,155.08333333333334,30.25,-124.83333333333333,12,0
C4,j607_1.sm,hiato_encontrado,155.83333333333334,32.083333333333336,-123.75,12,0
C4,j6010_1.sm,hiato_sem_colega_capaz,46.5,19.083333333333332,-27.416666666666668,12,0
C4,j6013_1.sm,hiato_sem_colega_capaz,22.583333333333332,8.083333333333334,-14.5,12,0
C4,j6016_1.sm,hiato_sem_colega_capaz,54.833333333333336,18.666666666666668,-36.166666666666664,12,0
C4,j6019_1.sm,hiato_sem_colega_capaz,52.166666666666664,13.833333333333334,-38.333333333333336,12,0
C4,j6021_1.sm,hiato_sem_colega_capaz,23.75,9.333333333333334,-14.416666666666666,12,0
C4,j6024_1.sm,hiato_sem_colega_capaz,47.25,11.416666666666666,-35.833333333333336,12,0
C4,j6027_1.sm,hiato_sem_colega_capaz,47.666666666666664,18.416666666666668,-29.25,12,0
C4,j602_1.sm,hiato_sem_colega_capaz,50.75,20.416666666666668,-30.333333333333332,12,0
C4,j6032_1.sm,hiato_sem_colega_capaz,60.416666666666664,16.416666666666668,-44.0,12,0
C4,j6035_1.sm,hiato_sem_colega_capaz,57.416666666666664,16.0,-41.416666666666664,12,0
C4,j6038_1.sm,hiato_sem_colega_capaz,42.166666666666664,15.0,-27.166666666666668,12,0
C4,j6040_1.sm,hiato_sem_colega_capaz,62.166666666666664,16.083333333333332,-46.083333333333336,12,0
C4,j6043_1.sm,hiato_sem_colega_capaz,51.166666666666664,12.083333333333334,-39.083333333333336,12,0
C4,j6046_1.sm,hiato_sem_colega_capaz,50.75,14.583333333333334,-36.166666666666664,12,0
C4,j604_1.sm,hiato_sem_colega_capaz,61.833333333333336,20.083333333333332,-41.75,12,0
C4,j607_1.sm,hiato_sem_colega_capaz,63.416666666666664,24.416666666666668,-39.0,12,0
C4,j6010_1.sm,hiato_sem_colega_livre,8.5,8.583333333333334,0.08333333333333333,12,0
C4,j6013_1.sm,hiato_sem_colega_livre,0.0,1.3333333333333333,1.3333333333333333,12,0
C4,j6016_1.sm,hiato_sem_colega_livre,13.0,8.166666666666666,-4.833333333333333,12,0
C4,j6019_1.sm,hiato_sem_colega_livre,21.583333333333332,5.0,-16.583333333333332,12,0
C4,j6021_1.sm,hiato_sem_colega_livre,1.3333333333333333,1.75,0.4166666666666667,12,0
C4,j6024_1.sm,hiato_sem_colega_livre,11.083333333333334,2.5,-8.583333333333334,12,0
C4,j6027_1.sm,hiato_sem_colega_livre,4.583333333333333,8.333333333333334,3.75,12,0
C4,j602_1.sm,hiato_sem_colega_livre,14.75,10.583333333333334,-4.166666666666667,12,0
C4,j6032_1.sm,hiato_sem_colega_livre,21.75,8.333333333333334,-13.416666666666666,12,0
C4,j6035_1.sm,hiato_sem_colega_livre,14.25,4.916666666666667,-9.333333333333334,12,0
C4,j6038_1.sm,hiato_sem_colega_livre,13.916666666666666,3.0833333333333335,-10.833333333333334,12,0
C4,j6040_1.sm,hiato_sem_colega_livre,18.166666666666668,6.833333333333333,-11.333333333333334,12,0
C4,j6043_1.sm,hiato_sem_colega_livre,1.1666666666666667,3.6666666666666665,2.5,12,0
C4,j6046_1.sm,hiato_sem_colega_livre,0.0,3.3333333333333335,3.3333333333333335,12,0
C4,j604_1.sm,hiato_sem_colega_livre,19.0,9.166666666666666,-9.833333333333334,12,0
C4,j607_1.sm,hiato_sem_colega_livre,20.5,16.5,-4.0,12,0
C4,j6010_1.sm,hiato_colega_capaz_sem_confianca,94.16666666666667,0.0,-94.16666666666667,12,0
C4,j6013_1.sm,hiato_colega_capaz_sem_confianca,74.25,0.0,-74.25,12,0
C4,j6016_1.sm,hiato_colega_capaz_sem_confianca,98.25,0.0,-98.25,12,0
C4,j6019_1.sm,hiato_colega_capaz_sem_confianca,72.91666666666667,0.0,-72.91666666666667,12,0
C4,j6021_1.sm,hiato_colega_capaz_sem_confianca,61.666666666666664,0.0,-61.666666666666664,12,0
C4,j6024_1.sm,hiato_colega_capaz_sem_confianca,88.75,0.0,-88.75,12,0
C4,j6027_1.sm,hiato_colega_capaz_sem_confianca,105.91666666666667,0.0,-105.91666666666667,12,0
C4,j602_1.sm,hiato_colega_capaz_sem_confianca,82.75,0.0,-82.75,12,0
C4,j6032_1.sm,hiato_colega_capaz_sem_confianca,89.25,0.0,-89.25,12,0
C4,j6035_1.sm,hiato_colega_capaz_sem_confianca,100.5,0.0,-100.5,12,0
C4,j6038_1.sm,hiato_colega_capaz_sem_confianca,70.75,0.0,-70.75,12,0
C4,j6040_1.sm,hiato_colega_capaz_sem_confianca,108.66666666666667,0.0,-108.66666666666667,12,0
C4,j6043_1.sm,hiato_colega_capaz_sem_confianca,142.75,0.0,-142.75,12,0
C4,j6046_1.sm,hiato_colega_capaz_sem_confianca,126.08333333333333,0.0,-126.08333333333333,12,0
C4,j604_1.sm,hiato_colega_capaz_sem_confianca,93.25,0.0,-93.25,12,0
C4,j607_1.sm,hiato_colega_capaz_sem_confianca,92.41666666666667,0.0,-92.41666666666667,12,0
C4,j6010_1.sm,competencia_maxima_inicial,0.6784269160974062,0.6784269160974062,0.0,12,0
C4,j6013_1.sm,competencia_maxima_inicial,0.6784269160974062,0.6784269160974062,0.0,12,0
C4,j6016_1.sm,competencia_maxima_inicial,0.6784269160974062,0.6784269160974062,0.0,12,0
C4,j6019_1.sm,competencia_maxima_inicial,0.6784269160974062,0.6784269160974062,0.0,12,0
C4,j6021_1.sm,competencia_maxima_inicial,0.6784269160974062,0.6784269160974062,0.0,12,0
C4,j6024_1.sm,competencia_maxima_inicial,0.6784269160974062,0.6784269160974062,0.0,12,0
C4,j6027_1.sm,competencia_maxima_inicial,0.6784269160974062,0.6784269160974062,0.0,12,0
C4,j602_1.sm,competencia_maxima_inicial,0.6784269160974062,0.6784269160974062,0.0,12,0
C4,j6032_1.sm,competencia_maxima_inicial,0.6784269160974062,0.6784269160974062,0.0,12,0
C4,j6035_1.sm,competencia_maxima_inicial,0.6784269160974062,0.6784269160974062,0.0,12,0
C4,j6038_1.sm,competencia_maxima_inicial,0.6784269160974062,0.6784269160974062,0.0,12,0
C4,j6040_1.sm,competencia_maxima_inicial,0.6784269160974062,0.6784269160974062,0.0,12,0
C4,j6043_1.sm,competencia_maxima_inicial,0.6784269160974062,0.6784269160974062,0.0,12,0
C4,j6046_1.sm,competencia_maxima_inicial,0.6784269160974062,0.6784269160974062,0.0,12,0
C4,j604_1.sm,competencia_maxima_inicial,0.6784269160974062,0.6784269160974062,0.0,12,0
C4,j607_1.sm,competencia_maxima_inicial,0.6784269160974062,0.6784269160974062,0.0,12,0
C4,j6010_1.sm,competencia_minima_inicial,0.36053696648776334,0.36053696648776334,0.0,12,0
C4,j6013_1.sm,competencia_minima_inicial,0.36053696648776334,0.36053696648776334,0.0,12,0
C4,j6016_1.sm,competencia_minima_inicial,0.36053696648776334,0.36053696648776334,0.0,12,0
C4,j6019_1.sm,competencia_minima_inicial,0.36053696648776334,0.36053696648776334,0.0,12,0
C4,j6021_1.sm,competencia_minima_inicial,0.36053696648776334,0.36053696648776334,0.0,12,0
C4,j6024_1.sm,competencia_minima_inicial,0.36053696648776334,0.36053696648776334,0.0,12,0
C4,j6027_1.sm,competencia_minima_inicial,0.36053696648776334,0.36053696648776334,0.0,12,0
C4,j602_1.sm,competencia_minima_inicial,0.36053696648776334,0.36053696648776334,0.0,12,0
C4,j6032_1.sm,competencia_minima_inicial,0.36053696648776334,0.36053696648776334,0.0,12,0
C4,j6035_1.sm,competencia_minima_inicial,0.36053696648776334,0.36053696648776334,0.0,12,0
C4,j6038_1.sm,competencia_minima_inicial,0.36053696648776334,0.36053696648776334,0.0,12,0
C4,j6040_1.sm,competencia_minima_inicial,0.36053696648776334,0.36053696648776334,0.0,12,0
C4,j6043_1.sm,competencia_minima_inicial,0.36053696648776334,0.36053696648776334,0.0,12,0
C4,j6046_1.sm,competencia_minima_inicial,0.36053696648776334,0.36053696648776334,0.0,12,0
C4,j604_1.sm,competencia_minima_inicial,0.36053696648776334,0.36053696648776334,0.0,12,0
C4,j607_1.sm,competencia_minima_inicial,0.36053696648776334,0.36053696648776334,0.0,12,0
C4,j6010_1.sm,tarefas_acima_da_competencia_maxima_inicial,11.583333333333334,11.583333333333334,0.0,12,0
C4,j6013_1.sm,tarefas_acima_da_competencia_maxima_inicial,16.333333333333332,16.333333333333332,0.0,12,0
C4,j6016_1.sm,tarefas_acima_da_competencia_maxima_inicial,19.083333333333332,19.083333333333332,0.0,12,0
C4,j6019_1.sm,tarefas_acima_da_competencia_maxima_inicial,13.666666666666666,13.666666666666666,0.0,12,0
C4,j6021_1.sm,tarefas_acima_da_competencia_maxima_inicial,13.5,13.5,0.0,12,0
C4,j6024_1.sm,tarefas_acima_da_competencia_maxima_inicial,9.416666666666666,9.416666666666666,0.0,12,0
C4,j6027_1.sm,tarefas_acima_da_competencia_maxima_inicial,15.75,15.75,0.0,12,0
C4,j602_1.sm,tarefas_acima_da_competencia_maxima_inicial,12.25,12.25,0.0,12,0
C4,j6032_1.sm,tarefas_acima_da_competencia_maxima_inicial,10.416666666666666,10.416666666666666,0.0,12,0
C4,j6035_1.sm,tarefas_acima_da_competencia_maxima_inicial,17.666666666666668,17.666666666666668,0.0,12,0
C4,j6038_1.sm,tarefas_acima_da_competencia_maxima_inicial,11.833333333333334,11.833333333333334,0.0,12,0
C4,j6040_1.sm,tarefas_acima_da_competencia_maxima_inicial,16.083333333333332,16.083333333333332,0.0,12,0
C4,j6043_1.sm,tarefas_acima_da_competencia_maxima_inicial,16.416666666666668,16.416666666666668,0.0,12,0
C4,j6046_1.sm,tarefas_acima_da_competencia_maxima_inicial,22.166666666666668,22.166666666666668,0.0,12,0
C4,j604_1.sm,tarefas_acima_da_competencia_maxima_inicial,16.083333333333332,16.083333333333332,0.0,12,0
C4,j607_1.sm,tarefas_acima_da_competencia_maxima_inicial,10.416666666666666,10.416666666666666,0.0,12,0
C4,j6010_1.sm,n_tarefas,60.0,60.0,0.0,12,0
C4,j6013_1.sm,n_tarefas,60.0,60.0,0.0,12,0
C4,j6016_1.sm,n_tarefas,60.0,60.0,0.0,12,0
C4,j6019_1.sm,n_tarefas,60.0,60.0,0.0,12,0
C4,j6021_1.sm,n_tarefas,60.0,60.0,0.0,12,0
C4,j6024_1.sm,n_tarefas,60.0,60.0,0.0,12,0
C4,j6027_1.sm,n_tarefas,60.0,60.0,0.0,12,0
C4,j602_1.sm,n_tarefas,60.0,60.0,0.0,12,0
C4,j6032_1.sm,n_tarefas,60.0,60.0,0.0,12,0
C4,j6035_1.sm,n_tarefas,60.0,60.0,0.0,12,0
C4,j6038_1.sm,n_tarefas,60.0,60.0,0.0,12,0
C4,j6040_1.sm,n_tarefas,60.0,60.0,0.0,12,0
C4,j6043_1.sm,n_tarefas,60.0,60.0,0.0,12,0
C4,j6046_1.sm,n_tarefas,60.0,60.0,0.0,12,0
C4,j604_1.sm,n_tarefas,60.0,60.0,0.0,12,0
C4,j607_1.sm,n_tarefas,60.0,60.0,0.0,12,0
C4,j6010_1.sm,competencia_maxima_final,0.6784269160974062,0.9372135502868635,0.25878663418945713,12,0
C4,j6013_1.sm,competencia_maxima_final,0.6784269160974062,0.8345823479967766,0.15615543189937045,12,0
C4,j6016_1.sm,competencia_maxima_final,0.6784269160974062,0.9178296906659527,0.2394027745685464,12,0
C4,j6019_1.sm,competencia_maxima_final,0.6784269160974062,0.8515688643424473,0.17314194824504095,12,0
C4,j6021_1.sm,competencia_maxima_final,0.6784269160974062,0.8458624275329947,0.16743551143558846,12,0
C4,j6024_1.sm,competencia_maxima_final,0.6784269160974062,0.8425873120027765,0.16416039590537024,12,0
C4,j6027_1.sm,competencia_maxima_final,0.6784269160974062,0.9702340212862127,0.2918071051888064,12,0
C4,j602_1.sm,competencia_maxima_final,0.6784269160974062,0.957540282146261,0.27911336604885467,12,0
C4,j6032_1.sm,competencia_maxima_final,0.6784269160974062,0.8316822009354726,0.15325528483806652,12,0
C4,j6035_1.sm,competencia_maxima_final,0.6784269160974062,0.9008152510382743,0.22238833494086804,12,0
C4,j6038_1.sm,competencia_maxima_final,0.6784269160974062,0.9725521536022089,0.29412523750480246,12,0
C4,j6040_1.sm,competencia_maxima_final,0.6784269160974062,0.89336248655406,0.2149355704566538,12,0
C4,j6043_1.sm,competencia_maxima_final,0.6784269160974062,0.8699997917075005,0.19157287561009442,12,0
C4,j6046_1.sm,competencia_maxima_final,0.6784269160974062,0.9161024945498011,0.23767557845239481,12,0
C4,j604_1.sm,competencia_maxima_final,0.6784269160974062,0.939415405619708,0.26098848952230164,12,0
C4,j607_1.sm,competencia_maxima_final,0.6784269160974062,0.8993926033660209,0.22096568726861465,12,0
C4,j6010_1.sm,atraso_relativo,2.3274509803921566,1.4735294117647058,-0.8539215686274509,12,0
C4,j6013_1.sm,atraso_relativo,4.179951690821256,2.92512077294686,-1.2548309178743962,12,0
C4,j6016_1.sm,atraso_relativo,3.4752604166666665,1.8893229166666667,-1.5859375,12,0
C4,j6019_1.sm,atraso_relativo,3.14247311827957,1.9475806451612903,-1.1948924731182797,12,0
C4,j6021_1.sm,atraso_relativo,3.493421052631579,2.3059210526315788,-1.1875,12,0
C4,j6024_1.sm,atraso_relativo,2.6935897435897433,1.471794871794872,-1.2217948717948717,12,0
C4,j6027_1.sm,atraso_relativo,2.3107638888888884,1.4565972222222223,-0.8541666666666665,12,0
C4,j602_1.sm,atraso_relativo,2.965384615384616,1.6564102564102565,-1.308974358974359,12,0
C4,j6032_1.sm,atraso_relativo,2.7753623188405796,1.5869565217391306,-1.1884057971014494,12,0
C4,j6035_1.sm,atraso_relativo,2.4818376068376065,1.5940170940170943,-0.8878205128205128,12,0
C4,j6038_1.sm,atraso_relativo,2.505707762557077,1.6757990867579908,-0.8299086757990866,12,0
C4,j6040_1.sm,atraso_relativo,2.5697674418604657,1.4525193798449612,-1.1172480620155039,12,0
C4,j6043_1.sm,atraso_relativo,1.9645061728395063,1.3881172839506173,-0.576388888888889,12,0
C4,j6046_1.sm,atraso_relativo,2.784188034188034,1.74465811965812,-1.0395299145299146,12,0
C4,j604_1.sm,atraso_relativo,2.3164682539682544,1.516865079365079,-0.7996031746031744,12,0
C4,j607_1.sm,atraso_relativo,2.5692640692640696,1.5768398268398272,-0.9924242424242422,12,0
C4,j6010_1.sm,tarefas_pendentes,0.0,0.0,0.0,12,0
C4,j6013_1.sm,tarefas_pendentes,0.0,0.0,0.0,12,0
C4,j6016_1.sm,tarefas_pendentes,0.0,0.0,0.0,12,0
C4,j6019_1.sm,tarefas_pendentes,0.0,0.0,0.0,12,0
C4,j6021_1.sm,tarefas_pendentes,0.0,0.0,0.0,12,0
C4,j6024_1.sm,tarefas_pendentes,0.0,0.0,0.0,12,0
C4,j6027_1.sm,tarefas_pendentes,0.0,0.0,0.0,12,0
C4,j602_1.sm,tarefas_pendentes,0.0,0.0,0.0,12,0
C4,j6032_1.sm,tarefas_pendentes,0.0,0.0,0.0,12,0
C4,j6035_1.sm,tarefas_pendentes,0.0,0.0,0.0,12,0
C4,j6038_1.sm,tarefas_pendentes,0.0,0.0,0.0,12,0
C4,j6040_1.sm,tarefas_pendentes,0.0,0.0,0.0,12,0
C4,j6043_1.sm,tarefas_pendentes,0.0,0.0,0.0,12,0
C4,j6046_1.sm,tarefas_pendentes,0.0,0.0,0.0,12,0
C4,j604_1.sm,tarefas_pendentes,0.0,0.0,0.0,12,0
C4,j607_1.sm,tarefas_pendentes,0.0,0.0,0.0,12,0
C4,j6010_1.sm,dividas_pendentes,0.0,0.0,0.0,12,0
C4,j6013_1.sm,dividas_pendentes,0.0,0.0,0.0,12,0
C4,j6016_1.sm,dividas_pendentes,0.0,0.0,0.0,12,0
C4,j6019_1.sm,dividas_pendentes,0.0,0.0,0.0,12,0
C4,j6021_1.sm,dividas_pendentes,0.0,0.0,0.0,12,0
C4,j6024_1.sm,dividas_pendentes,0.0,0.0,0.0,12,0
C4,j6027_1.sm,dividas_pendentes,0.0,0.0,0.0,12,0
C4,j602_1.sm,dividas_pendentes,0.0,0.0,0.0,12,0
C4,j6032_1.sm,dividas_pendentes,0.0,0.0,0.0,12,0
C4,j6035_1.sm,dividas_pendentes,0.0,0.0,0.0,12,0
C4,j6038_1.sm,dividas_pendentes,0.0,0.0,0.0,12,0
C4,j6040_1.sm,dividas_pendentes,0.0,0.0,0.0,12,0
C4,j6043_1.sm,dividas_pendentes,0.0,0.0,0.0,12,0
C4,j6046_1.sm,dividas_pendentes,0.0,0.0,0.0,12,0
C4,j604_1.sm,dividas_pendentes,0.0,0.0,0.0,12,0
C4,j607_1.sm,dividas_pendentes,0.0,0.0,0.0,12,0
C4,j6010_1.sm,retrabalho_gerado,54.01341646324607,43.61590026165186,-10.397516201594197,12,0
C4,j6013_1.sm,retrabalho_gerado,80.40377991190816,75.3568102975698,-5.046969614338361,12,0
C4,j6016_1.sm,retrabalho_gerado,85.72257519482962,60.99987625600483,-24.722698938824767,12,0
C4,j6019_1.sm,retrabalho_gerado,56.69295877295894,51.571737056819266,-5.12122171613967,12,0
C4,j6021_1.sm,retrabalho_gerado,66.68526416109508,55.04907574553308,-11.636188415561994,12,0
C4,j6024_1.sm,retrabalho_gerado,44.547013765847765,39.79334687160416,-4.753666894243611,12,0
C4,j6027_1.sm,retrabalho_gerado,55.82254040780449,44.1565956653186,-11.665944742485886,12,0
C4,j602_1.sm,retrabalho_gerado,54.42401907302655,51.423323554400724,-3.000695518625813,12,0
C4,j6032_1.sm,retrabalho_gerado,64.37209129280747,47.67723272795333,-16.694858564854126,12,0
C4,j6035_1.sm,retrabalho_gerado,68.01890896073682,51.1553717032238,-16.863537257513034,12,0
C4,j6038_1.sm,retrabalho_gerado,61.802501924167025,50.0422019062595,-11.760300017907538,12,0
C4,j6040_1.sm,retrabalho_gerado,75.23318009525413,52.71253826046111,-22.52064183479302,12,0
C4,j6043_1.sm,retrabalho_gerado,51.65638390755364,44.34202729560485,-7.314356611948795,12,0
C4,j6046_1.sm,retrabalho_gerado,70.45164695782701,55.93222739125647,-14.519419566570557,12,0
C4,j604_1.sm,retrabalho_gerado,78.0411809735496,62.518987726074954,-15.522193247474647,12,0
C4,j607_1.sm,retrabalho_gerado,56.43417402739133,48.47608693433066,-7.958087093060681,12,0
C4,j6010_1.sm,retrabalho_pendente,0.0,0.0,0.0,12,0
C4,j6013_1.sm,retrabalho_pendente,0.0,0.0,0.0,12,0
C4,j6016_1.sm,retrabalho_pendente,0.0,0.0,0.0,12,0
C4,j6019_1.sm,retrabalho_pendente,0.0,0.0,0.0,12,0
C4,j6021_1.sm,retrabalho_pendente,0.0,0.0,0.0,12,0
C4,j6024_1.sm,retrabalho_pendente,0.0,0.0,0.0,12,0
C4,j6027_1.sm,retrabalho_pendente,0.0,0.0,0.0,12,0
C4,j602_1.sm,retrabalho_pendente,0.0,0.0,0.0,12,0
C4,j6032_1.sm,retrabalho_pendente,0.0,0.0,0.0,12,0
C4,j6035_1.sm,retrabalho_pendente,0.0,0.0,0.0,12,0
C4,j6038_1.sm,retrabalho_pendente,0.0,0.0,0.0,12,0
C4,j6040_1.sm,retrabalho_pendente,0.0,0.0,0.0,12,0
C4,j6043_1.sm,retrabalho_pendente,0.0,0.0,0.0,12,0
C4,j6046_1.sm,retrabalho_pendente,0.0,0.0,0.0,12,0
C4,j604_1.sm,retrabalho_pendente,0.0,0.0,0.0,12,0
C4,j607_1.sm,retrabalho_pendente,0.0,0.0,0.0,12,0
C4,j6010_1.sm,ocupacao_retrabalho,0.0,0.0,0.0,12,0
C4,j6013_1.sm,ocupacao_retrabalho,0.0,0.0,0.0,12,0
C4,j6016_1.sm,ocupacao_retrabalho,0.0,0.0,0.0,12,0
C4,j6019_1.sm,ocupacao_retrabalho,0.0,0.0,0.0,12,0
C4,j6021_1.sm,ocupacao_retrabalho,0.0,0.0,0.0,12,0
C4,j6024_1.sm,ocupacao_retrabalho,0.0,0.0,0.0,12,0
C4,j6027_1.sm,ocupacao_retrabalho,0.0,0.0,0.0,12,0
C4,j602_1.sm,ocupacao_retrabalho,0.0,0.0,0.0,12,0
C4,j6032_1.sm,ocupacao_retrabalho,0.0,0.0,0.0,12,0
C4,j6035_1.sm,ocupacao_retrabalho,0.0,0.0,0.0,12,0
C4,j6038_1.sm,ocupacao_retrabalho,0.0,0.0,0.0,12,0
C4,j6040_1.sm,ocupacao_retrabalho,0.0,0.0,0.0,12,0
C4,j6043_1.sm,ocupacao_retrabalho,0.0,0.0,0.0,12,0
C4,j6046_1.sm,ocupacao_retrabalho,0.0,0.0,0.0,12,0
C4,j604_1.sm,ocupacao_retrabalho,0.0,0.0,0.0,12,0
C4,j607_1.sm,ocupacao_retrabalho,0.0,0.0,0.0,12,0
C4,j6010_1.sm,extensoes_horizonte,0.0,0.0,0.0,12,0
C4,j6013_1.sm,extensoes_horizonte,0.0,0.0,0.0,12,0
C4,j6016_1.sm,extensoes_horizonte,0.0,0.0,0.0,12,0
C4,j6019_1.sm,extensoes_horizonte,0.0,0.0,0.0,12,0
C4,j6021_1.sm,extensoes_horizonte,0.0,0.0,0.0,12,0
C4,j6024_1.sm,extensoes_horizonte,0.0,0.0,0.0,12,0
C4,j6027_1.sm,extensoes_horizonte,0.0,0.0,0.0,12,0
C4,j602_1.sm,extensoes_horizonte,0.0,0.0,0.0,12,0
C4,j6032_1.sm,extensoes_horizonte,0.0,0.0,0.0,12,0
C4,j6035_1.sm,extensoes_horizonte,0.0,0.0,0.0,12,0
C4,j6038_1.sm,extensoes_horizonte,0.0,0.0,0.0,12,0
C4,j6040_1.sm,extensoes_horizonte,0.0,0.0,0.0,12,0
C4,j6043_1.sm,extensoes_horizonte,0.0,0.0,0.0,12,0
C4,j6046_1.sm,extensoes_horizonte,0.0,0.0,0.0,12,0
C4,j604_1.sm,extensoes_horizonte,0.0,0.0,0.0,12,0
C4,j607_1.sm,extensoes_horizonte,0.0,0.0,0.0,12,0
C4,j6010_1.sm,confianca_media_final,0.25,0.7999999999999999,0.5499999999999999,12,0
C4,j6013_1.sm,confianca_media_final,0.25,0.7999999999999999,0.5499999999999999,12,0
C4,j6016_1.sm,confianca_media_final,0.25,0.7999999999999999,0.5499999999999999,12,0
C4,j6019_1.sm,confianca_media_final,0.25,0.7999999999999999,0.5499999999999999,12,0
C4,j6021_1.sm,confianca_media_final,0.25,0.7999999999999999,0.5499999999999999,12,0
C4,j6024_1.sm,confianca_media_final,0.25,0.7999999999999999,0.5499999999999999,12,0
C4,j6027_1.sm,confianca_media_final,0.25,0.7999999999999999,0.5499999999999999,12,0
C4,j602_1.sm,confianca_media_final,0.25,0.7999999999999999,0.5499999999999999,12,0
C4,j6032_1.sm,confianca_media_final,0.25,0.7999999999999999,0.5499999999999999,12,0
C4,j6035_1.sm,confianca_media_final,0.25,0.7999999999999999,0.5499999999999999,12,0
C4,j6038_1.sm,confianca_media_final,0.25,0.7999999999999999,0.5499999999999999,12,0
C4,j6040_1.sm,confianca_media_final,0.25,0.7999999999999999,0.5499999999999999,12,0
C4,j6043_1.sm,confianca_media_final,0.25,0.7999999999999999,0.5499999999999999,12,0
C4,j6046_1.sm,confianca_media_final,0.25,0.7999999999999999,0.5499999999999999,12,0
C4,j604_1.sm,confianca_media_final,0.25,0.7999999999999999,0.5499999999999999,12,0
C4,j607_1.sm,confianca_media_final,0.25,0.7999999999999999,0.5499999999999999,12,0
C4_C1,j6010_1.sm,concluiu,1.0,1.0,0.0,12,0
C4_C1,j6013_1.sm,concluiu,1.0,1.0,0.0,12,0
C4_C1,j6016_1.sm,concluiu,1.0,1.0,0.0,12,0
C4_C1,j6019_1.sm,concluiu,1.0,1.0,0.0,12,0
C4_C1,j6021_1.sm,concluiu,1.0,1.0,0.0,12,0
C4_C1,j6024_1.sm,concluiu,1.0,1.0,0.0,12,0
C4_C1,j6027_1.sm,concluiu,1.0,1.0,0.0,12,0
C4_C1,j602_1.sm,concluiu,1.0,1.0,0.0,12,0
C4_C1,j6032_1.sm,concluiu,1.0,1.0,0.0,12,0
C4_C1,j6035_1.sm,concluiu,1.0,1.0,0.0,12,0
C4_C1,j6038_1.sm,concluiu,1.0,1.0,0.0,12,0
C4_C1,j6040_1.sm,concluiu,1.0,1.0,0.0,12,0
C4_C1,j6043_1.sm,concluiu,1.0,1.0,0.0,12,0
C4_C1,j6046_1.sm,concluiu,1.0,1.0,0.0,12,0
C4_C1,j604_1.sm,concluiu,1.0,1.0,0.0,12,0
C4_C1,j607_1.sm,concluiu,1.0,1.0,0.0,12,0
C4_C1,j6010_1.sm,makespan,201.5,138.83333333333334,-62.666666666666664,12,0
C4_C1,j6013_1.sm,makespan,297.75,232.33333333333334,-65.41666666666667,12,0
C4_C1,j6016_1.sm,makespan,205.5,134.16666666666666,-71.33333333333333,12,0
C4_C1,j6019_1.sm,makespan,227.08333333333334,125.83333333333333,-101.25,12,0
C4_C1,j6021_1.sm,makespan,315.5833333333333,198.83333333333334,-116.75,12,0
C4_C1,j6024_1.sm,makespan,185.83333333333334,103.58333333333333,-82.25,12,0
C4_C1,j6027_1.sm,makespan,239.91666666666666,145.0,-94.91666666666667,12,0
C4_C1,j602_1.sm,makespan,220.0,117.41666666666667,-102.58333333333333,12,0
C4_C1,j6032_1.sm,makespan,201.91666666666666,115.25,-86.66666666666667,12,0
C4_C1,j6035_1.sm,makespan,219.66666666666666,135.58333333333334,-84.08333333333333,12,0
C4_C1,j6038_1.sm,makespan,206.33333333333334,131.58333333333334,-74.75,12,0
C4_C1,j6040_1.sm,makespan,239.16666666666666,135.66666666666666,-103.5,12,0
C4_C1,j6043_1.sm,makespan,235.58333333333334,154.91666666666666,-80.66666666666667,12,0
C4_C1,j6046_1.sm,makespan,240.08333333333334,151.58333333333334,-88.5,12,0
C4_C1,j604_1.sm,makespan,217.25,135.66666666666666,-81.58333333333333,12,0
C4_C1,j607_1.sm,makespan,226.0,129.83333333333334,-96.16666666666667,12,0
C4_C1,j6010_1.sm,makespan_cpm,85.0,85.0,0.0,12,0
C4_C1,j6013_1.sm,makespan_cpm,69.0,69.0,0.0,12,0
C4_C1,j6016_1.sm,makespan_cpm,64.0,64.0,0.0,12,0
C4_C1,j6019_1.sm,makespan_cpm,62.0,62.0,0.0,12,0
C4_C1,j6021_1.sm,makespan_cpm,76.0,76.0,0.0,12,0
C4_C1,j6024_1.sm,makespan_cpm,65.0,65.0,0.0,12,0
C4_C1,j6027_1.sm,makespan_cpm,96.0,96.0,0.0,12,0
C4_C1,j602_1.sm,makespan_cpm,65.0,65.0,0.0,12,0
C4_C1,j6032_1.sm,makespan_cpm,69.0,69.0,0.0,12,0
C4_C1,j6035_1.sm,makespan_cpm,78.0,78.0,0.0,12,0
C4_C1,j6038_1.sm,makespan_cpm,73.0,73.0,0.0,12,0
C4_C1,j6040_1.sm,makespan_cpm,86.0,86.0,0.0,12,0
C4_C1,j6043_1.sm,makespan_cpm,108.0,108.0,0.0,12,0
C4_C1,j6046_1.sm,makespan_cpm,78.0,78.0,0.0,12,0
C4_C1,j604_1.sm,makespan_cpm,84.0,84.0,0.0,12,0
C4_C1,j607_1.sm,makespan_cpm,77.0,77.0,0.0,12,0
C4_C1,j6010_1.sm,E_total,0.75006132113251,0.8578204505368104,0.10775912940430062,12,0
C4_C1,j6013_1.sm,E_total,0.7747095493814546,0.863710376931055,0.08900082754960019,12,0
C4_C1,j6016_1.sm,E_total,0.7390693962564803,0.859720708043564,0.12065131178708367,12,0
C4_C1,j6019_1.sm,E_total,0.7716872894927688,0.8735927698538508,0.10190548036108216,12,0
C4_C1,j6021_1.sm,E_total,0.761837732838246,0.8698256703678875,0.10798793752964138,12,0
C4_C1,j6024_1.sm,E_total,0.721381585550021,0.8696960951542012,0.14831450960418033,12,0
C4_C1,j6027_1.sm,E_total,0.7096350522686065,0.8604082764103929,0.15077322414178632,12,0
C4_C1,j602_1.sm,E_total,0.7476486542529398,0.8633859866072039,0.11573733235426407,12,0
C4_C1,j6032_1.sm,E_total,0.7370253234085015,0.8770460163500555,0.1400206929415542,12,0
C4_C1,j6035_1.sm,E_total,0.730272410802637,0.8660310785198589,0.135758667717222,12,0
C4_C1,j6038_1.sm,E_total,0.7684590953307416,0.8634440285101688,0.09498493317942719,12,0
C4_C1,j6040_1.sm,E_total,0.721179008993714,0.8685998916817078,0.1474208826879937,12,0
C4_C1,j6043_1.sm,E_total,0.6791217380260498,0.86818891073198,0.1890671727059301,12,0
C4_C1,j6046_1.sm,E_total,0.6813119340440711,0.8465660025036481,0.16525406845957716,12,0
C4_C1,j604_1.sm,E_total,0.7328413999490327,0.8698378234367832,0.13699642348775048,12,0
C4_C1,j607_1.sm,E_total,0.7253652748211875,0.8710598891299277,0.14569461430874028,12,0
C4_C1,j6010_1.sm,S_UR_final,7.401486830834377e-16,0.0,-7.401486830834377e-16,12,0
C4_C1,j6013_1.sm,S_UR_final,1.239749044164758e-15,0.0,-1.239749044164758e-15,12,0
C4_C1,j6016_1.sm,S_UR_final,8.511709855459534e-16,0.0,-8.511709855459534e-16,12,0
C4_C1,j6019_1.sm,S_UR_final,1.0547118733938987e-15,0.0,-1.0547118733938987e-15,12,0
C4_C1,j6021_1.sm,S_UR_final,1.3507713466272737e-15,0.0,-1.3507713466272737e-15,12,0
C4_C1,j6024_1.sm,S_UR_final,5.921189464667501e-16,0.0,-5.921189464667501e-16,12,0
C4_C1,j6027_1.sm,S_UR_final,4.440892098500626e-16,0.0,-4.440892098500626e-16,12,0
C4_C1,j602_1.sm,S_UR_final,4.903485025427775e-16,7.401486830834377e-17,-4.163336342344337e-16,12,0
C4_C1,j6032_1.sm,S_UR_final,5.181040781584064e-16,0.0,-5.181040781584064e-16,12,0
C4_C1,j6035_1.sm,S_UR_final,8.881784197001252e-16,0.0,-8.881784197001252e-16,12,0
C4_C1,j6038_1.sm,S_UR_final,1.2952601953960159e-15,0.0,-1.2952601953960159e-15,12,0
C4_C1,j6040_1.sm,S_UR_final,2.0354088784794535e-15,0.0,-2.0354088784794535e-15,12,0
C4_C1,j6043_1.sm,S_UR_final,4.625929269271486e-16,0.0,-4.625929269271486e-16,12,0
C4_C1,j6046_1.sm,S_UR_final,1.3322676295501878e-15,1.850371707708594e-17,-1.313763912473102e-15,12,0
C4_C1,j604_1.sm,S_UR_final,8.881784197001252e-16,0.0,-8.881784197001252e-16,12,0
C4_C1,j607_1.sm,S_UR_final,1.5450603759366761e-15,0.0,-1.5450603759366761e-15,12,0
C4_C1,j6010_1.sm,S_UR_maximo,20.559149146894068,6.595290210695656,-13.963858936198413,12,0
C4_C1,j6013_1.sm,S_UR_maximo,23.237176590739708,7.814305466734314,-15.422871124005392,12,0
C4_C1,j6016_1.sm,S_UR_maximo,30.749767601645715,7.479936647255989,-23.26983095438972,12,0
C4_C1,j6019_1.sm,S_UR_maximo,22.915878550139453,6.033615027631417,-16.88226352250803,12,0
C4_C1,j6021_1.sm,S_UR_maximo,22.8399314217797,7.446833016242988,-15.393098405536712,12,0
C4_C1,j6024_1.sm,S_UR_maximo,24.068571369561823,6.653292932327232,-17.415278437234594,12,0
C4_C1,j6027_1.sm,S_UR_maximo,23.019014421406876,5.504318680589587,-17.514695740817288,12,0
C4_C1,j602_1.sm,S_UR_maximo,26.70442546959221,5.817748675733335,-20.88667679385887,12,0
C4_C1,j6032_1.sm,S_UR_maximo,24.191590212297033,5.850074795433248,-18.34151541686379,12,0
C4_C1,j6035_1.sm,S_UR_maximo,28.143743086647305,5.709992412792704,-22.433750673854604,12,0
C4_C1,j6038_1.sm,S_UR_maximo,27.557135348070233,6.771865536548606,-20.785269811521626,12,0
C4_C1,j6040_1.sm,S_UR_maximo,29.57036393711378,7.085124499078085,-22.485239438035695,12,0
C4_C1,j6043_1.sm,S_UR_maximo,21.064143025053617,5.8179512987450686,-15.246191726308552,12,0
C4_C1,j6046_1.sm,S_UR_maximo,29.345004403017214,7.762999545416531,-21.582004857600683,12,0
C4_C1,j604_1.sm,S_UR_maximo,32.30350218600899,7.643965172660326,-24.659537013348668,12,0
C4_C1,j607_1.sm,S_UR_maximo,28.214321953334764,5.960573285251886,-22.253748668082878,12,0
C4_C1,j6010_1.sm,S_PV_final,250.25,297.75,47.5,12,0
C4_C1,j6013_1.sm,S_PV_final,261.25,320.0833333333333,58.833333333333336,12,0
C4_C1,j6016_1.sm,S_PV_final,273.0,346.0,73.0,12,0
C4_C1,j6019_1.sm,S_PV_final,260.75,316.9166666666667,56.166666666666664,12,0
C4_C1,j6021_1.sm,S_PV_final,247.5,310.9166666666667,63.416666666666664,12,0
C4_C1,j6024_1.sm,S_PV_final,209.58333333333334,265.5833333333333,56.0,12,0
C4_C1,j6027_1.sm,S_PV_final,254.41666666666666,324.6666666666667,70.25,12,0
C4_C1,j602_1.sm,S_PV_final,249.5,302.25,52.75,12,0
C4_C1,j6032_1.sm,S_PV_final,256.75,313.9166666666667,57.166666666666664,12,0
C4_C1,j6035_1.sm,S_PV_final,260.0833333333333,330.8333333333333,70.75,12,0
C4_C1,j6038_1.sm,S_PV_final,262.5833333333333,318.1666666666667,55.583333333333336,12,0
C4_C1,j6040_1.sm,S_PV_final,272.1666666666667,351.4166666666667,79.25,12,0
C4_C1,j6043_1.sm,S_PV_final,250.08333333333334,308.0833333333333,58.0,12,0
C4_C1,j6046_1.sm,S_PV_final,227.5,291.6666666666667,64.16666666666667,12,0
C4_C1,j604_1.sm,S_PV_final,278.5833333333333,360.1666666666667,81.58333333333333,12,0
C4_C1,j607_1.sm,S_PV_final,253.08333333333334,312.6666666666667,59.583333333333336,12,0
C4_C1,j6010_1.sm,TW,523.75,463.8333333333333,-59.916666666666664,12,0
C4_C1,j6013_1.sm,TW,560.3333333333334,504.5833333333333,-55.75,12,0
C4_C1,j6016_1.sm,TW,648.25,570.0,-78.25,12,0
C4_C1,j6019_1.sm,TW,574.6666666666666,507.0,-67.66666666666667,12,0
C4_C1,j6021_1.sm,TW,537.0,471.8333333333333,-65.16666666666667,12,0
C4_C1,j6024_1.sm,TW,466.5,405.8333333333333,-60.666666666666664,12,0
C4_C1,j6027_1.sm,TW,533.0833333333334,471.75,-61.333333333333336,12,0
C4_C1,j602_1.sm,TW,551.8333333333334,484.0833333333333,-67.75,12,0
C4_C1,j6032_1.sm,TW,570.5,507.25,-63.25,12,0
C4_C1,j6035_1.sm,TW,591.8333333333334,517.3333333333334,-74.5,12,0
C4_C1,j6038_1.sm,TW,579.5,494.3333333333333,-85.16666666666667,12,0
C4_C1,j6040_1.sm,TW,617.6666666666666,548.75,-68.91666666666667,12,0
C4_C1,j6043_1.sm,TW,509.8333333333333,457.0,-52.833333333333336,12,0
C4_C1,j6046_1.sm,TW,518.5833333333334,457.4166666666667,-61.166666666666664,12,0
C4_C1,j604_1.sm,TW,654.6666666666666,587.9166666666666,-66.75,12,0
C4_C1,j607_1.sm,TW,574.0,508.8333333333333,-65.16666666666667,12,0
C4_C1,j6010_1.sm,TL,0.0,9.583333333333334,9.583333333333334,12,0
C4_C1,j6013_1.sm,TL,0.0,5.583333333333333,5.583333333333333,12,0
C4_C1,j6016_1.sm,TL,0.0,10.666666666666666,10.666666666666666,12,0
C4_C1,j6019_1.sm,TL,0.0,8.75,8.75,12,0
C4_C1,j6021_1.sm,TL,0.0,6.916666666666667,6.916666666666667,12,0
C4_C1,j6024_1.sm,TL,0.0,7.583333333333333,7.583333333333333,12,0
C4_C1,j6027_1.sm,TL,0.0,10.916666666666666,10.916666666666666,12,0
C4_C1,j602_1.sm,TL,0.0,10.166666666666666,10.166666666666666,12,0
C4_C1,j6032_1.sm,TL,0.0,7.166666666666667,7.166666666666667,12,0
C4_C1,j6035_1.sm,TL,0.0,10.25,10.25,12,0
C4_C1,j6038_1.sm,TL,0.0,11.083333333333334,11.083333333333334,12,0
C4_C1,j6040_1.sm,TL,0.0,9.5,9.5,12,0
C4_C1,j6043_1.sm,TL,0.0,9.416666666666666,9.416666666666666,12,0
C4_C1,j6046_1.sm,TL,0.0,10.666666666666666,10.666666666666666,12,0
C4_C1,j604_1.sm,TL,0.0,9.916666666666666,9.916666666666666,12,0
C4_C1,j607_1.sm,TL,0.0,8.0,8.0,12,0
C4_C1,j6010_1.sm,TU,125.41666666666667,17.166666666666668,-108.25,12,0
C4_C1,j6013_1.sm,TU,90.08333333333333,7.416666666666667,-82.66666666666667,12,0
C4_C1,j6016_1.sm,TU,149.0,16.166666666666668,-132.83333333333334,12,0
C4_C1,j6019_1.sm,TU,113.08333333333333,16.75,-96.33333333333333,12,0
C4_C1,j6021_1.sm,TU,102.5,8.833333333333334,-93.66666666666667,12,0
C4_C1,j6024_1.sm,TU,134.25,16.916666666666668,-117.33333333333333,12,0
C4_C1,j6027_1.sm,TU,156.41666666666666,20.0,-136.41666666666666,12,0
C4_C1,j602_1.sm,TU,128.91666666666666,19.083333333333332,-109.83333333333333,12,0
C4_C1,j6032_1.sm,TU,145.25,19.75,-125.5,12,0
C4_C1,j6035_1.sm,TU,149.75,18.333333333333332,-131.41666666666666,12,0
C4_C1,j6038_1.sm,TU,119.5,16.5,-103.0,12,0
C4_C1,j6040_1.sm,TU,164.66666666666666,19.75,-144.91666666666666,12,0
C4_C1,j6043_1.sm,TU,191.58333333333334,15.166666666666666,-176.41666666666666,12,0
C4_C1,j6046_1.sm,TU,167.16666666666666,14.333333333333334,-152.83333333333334,12,0
C4_C1,j604_1.sm,TU,156.83333333333334,23.25,-133.58333333333334,12,0
C4_C1,j607_1.sm,TU,157.5,22.75,-134.75,12,0
C4_C1,j6010_1.sm,TR,53.37204311060768,50.64413391415564,-2.7279091964520403,12,0
C4_C1,j6013_1.sm,TR,75.80173171698235,67.30915264011146,-8.492579076870888,12,0
C4_C1,j6016_1.sm,TR,81.90273381341811,66.53229550630047,-15.370438307117618,12,0
C4_C1,j6019_1.sm,TR,59.183230322944326,48.03294402687297,-11.150286296071359,12,0
C4_C1,j6021_1.sm,TR,70.25148005928985,55.386278736879824,-14.86520132241003,12,0
C4_C1,j6024_1.sm,TR,52.42840450806434,36.85503241409991,-15.573372093964432,12,0
C4_C1,j6027_1.sm,TR,66.16558964666984,45.91038668678696,-20.255202959882883,12,0
C4_C1,j602_1.sm,TR,59.58602404419994,47.625907346335005,-11.960116697864924,12,0
C4_C1,j6032_1.sm,TR,60.48086080608357,44.73912243441878,-15.741738371664786,12,0
C4_C1,j6035_1.sm,TR,71.85108375182956,51.84537140514521,-20.00571234668436,12,0
C4_C1,j6038_1.sm,TR,60.69004552869521,50.9745248334074,-9.715520695287802,12,0
C4_C1,j6040_1.sm,TR,78.55228844675999,53.972570461706106,-24.579717985053893,12,0
C4_C1,j6043_1.sm,TR,57.14409411706104,45.21531774735718,-11.928776369703849,12,0
C4_C1,j6046_1.sm,TR,79.15110436310823,58.09602266988827,-21.055081693219964,12,0
C4_C1,j604_1.sm,TR,84.89934273986476,55.21146083627837,-29.68788190358639,12,0
C4_C1,j607_1.sm,TR,62.81200104696117,45.52223767132784,-17.28976337563333,12,0
C4_C1,j6010_1.sm,n_limpas,47.833333333333336,56.333333333333336,8.5,12,0
C4_C1,j6013_1.sm,n_limpas,47.916666666666664,56.833333333333336,8.916666666666666,12,0
C4_C1,j6016_1.sm,n_limpas,46.0,57.083333333333336,11.083333333333334,12,0
C4_C1,j6019_1.sm,n_limpas,48.25,56.833333333333336,8.583333333333334,12,0
C4_C1,j6021_1.sm,n_limpas,45.833333333333336,56.583333333333336,10.75,12,0
C4_C1,j6024_1.sm,n_limpas,46.333333333333336,56.75,10.416666666666666,12,0
C4_C1,j6027_1.sm,n_limpas,45.5,56.25,10.75,12,0
C4_C1,j602_1.sm,n_limpas,47.0,56.0,9.0,12,0
C4_C1,j6032_1.sm,n_limpas,47.416666666666664,56.25,8.833333333333334,12,0
C4_C1,j6035_1.sm,n_limpas,45.5,56.583333333333336,11.083333333333334,12,0
C4_C1,j6038_1.sm,n_limpas,48.166666666666664,56.5,8.333333333333334,12,0
C4_C1,j6040_1.sm,n_limpas,45.333333333333336,56.5,11.166666666666666,12,0
C4_C1,j6043_1.sm,n_limpas,46.666666666666664,55.916666666666664,9.25,12,0
C4_C1,j6046_1.sm,n_limpas,44.333333333333336,55.5,11.166666666666666,12,0
C4_C1,j604_1.sm,n_limpas,45.0,56.583333333333336,11.583333333333334,12,0
C4_C1,j607_1.sm,n_limpas,46.833333333333336,56.333333333333336,9.5,12,0
C4_C1,j6010_1.sm,n_com_erro,12.166666666666666,3.6666666666666665,-8.5,12,0
C4_C1,j6013_1.sm,n_com_erro,12.083333333333334,3.1666666666666665,-8.916666666666666,12,0
C4_C1,j6016_1.sm,n_com_erro,14.0,2.9166666666666665,-11.083333333333334,12,0
C4_C1,j6019_1.sm,n_com_erro,11.75,3.1666666666666665,-8.583333333333334,12,0
C4_C1,j6021_1.sm,n_com_erro,14.166666666666666,3.4166666666666665,-10.75,12,0
C4_C1,j6024_1.sm,n_com_erro,13.666666666666666,3.25,-10.416666666666666,12,0
C4_C1,j6027_1.sm,n_com_erro,14.5,3.75,-10.75,12,0
C4_C1,j602_1.sm,n_com_erro,13.0,4.0,-9.0,12,0
C4_C1,j6032_1.sm,n_com_erro,12.583333333333334,3.75,-8.833333333333334,12,0
C4_C1,j6035_1.sm,n_com_erro,14.5,3.4166666666666665,-11.083333333333334,12,0
C4_C1,j6038_1.sm,n_com_erro,11.833333333333334,3.5,-8.333333333333334,12,0
C4_C1,j6040_1.sm,n_com_erro,14.666666666666666,3.5,-11.166666666666666,12,0
C4_C1,j6043_1.sm,n_com_erro,13.333333333333334,4.083333333333333,-9.25,12,0
C4_C1,j6046_1.sm,n_com_erro,15.666666666666666,4.5,-11.166666666666666,12,0
C4_C1,j604_1.sm,n_com_erro,15.0,3.4166666666666665,-11.583333333333334,12,0
C4_C1,j607_1.sm,n_com_erro,13.166666666666666,3.6666666666666665,-9.5,12,0
C4_C1,j6010_1.sm,n_reportadas,1.8333333333333333,9.916666666666666,8.083333333333334,12,0
C4_C1,j6013_1.sm,n_reportadas,2.5833333333333335,10.833333333333334,8.25,12,0
C4_C1,j6016_1.sm,n_reportadas,2.5833333333333335,11.666666666666666,9.083333333333334,12,0
C4_C1,j6019_1.sm,n_reportadas,2.1666666666666665,9.916666666666666,7.75,12,0
C4_C1,j6021_1.sm,n_reportadas,2.0,10.5,8.5,12,0
C4_C1,j6024_1.sm,n_reportadas,1.4166666666666667,8.5,7.083333333333333,12,0
C4_C1,j6027_1.sm,n_reportadas,1.5,10.333333333333334,8.833333333333334,12,0
C4_C1,j602_1.sm,n_reportadas,2.0833333333333335,9.583333333333334,7.5,12,0
C4_C1,j6032_1.sm,n_reportadas,1.5833333333333333,9.333333333333334,7.75,12,0
C4_C1,j6035_1.sm,n_reportadas,2.1666666666666665,10.916666666666666,8.75,12,0
C4_C1,j6038_1.sm,n_reportadas,1.9166666666666667,9.666666666666666,7.75,12,0
C4_C1,j6040_1.sm,n_reportadas,2.1666666666666665,10.166666666666666,8.0,12,0
C4_C1,j6043_1.sm,n_reportadas,1.25,9.75,8.5,12,0
C4_C1,j6046_1.sm,n_reportadas,1.8333333333333333,10.416666666666666,8.583333333333334,12,0
C4_C1,j604_1.sm,n_reportadas,2.5,10.25,7.75,12,0
C4_C1,j607_1.sm,n_reportadas,2.25,9.916666666666666,7.666666666666667,12,0
C4_C1,j6010_1.sm,n_adiamentos,0.0,0.0,0.0,12,0
C4_C1,j6013_1.sm,n_adiamentos,0.0,0.0,0.0,12,0
C4_C1,j6016_1.sm,n_adiamentos,0.0,0.0,0.0,12,0
C4_C1,j6019_1.sm,n_adiamentos,0.0,0.0,0.0,12,0
C4_C1,j6021_1.sm,n_adiamentos,0.0,0.0,0.0,12,0
C4_C1,j6024_1.sm,n_adiamentos,0.0,0.0,0.0,12,0
C4_C1,j6027_1.sm,n_adiamentos,0.0,0.0,0.0,12,0
C4_C1,j602_1.sm,n_adiamentos,0.0,0.0,0.0,12,0
C4_C1,j6032_1.sm,n_adiamentos,0.0,0.0,0.0,12,0
C4_C1,j6035_1.sm,n_adiamentos,0.0,0.0,0.0,12,0
C4_C1,j6038_1.sm,n_adiamentos,0.0,0.0,0.0,12,0
C4_C1,j6040_1.sm,n_adiamentos,0.0,0.0,0.0,12,0
C4_C1,j6043_1.sm,n_adiamentos,0.0,0.0,0.0,12,0
C4_C1,j6046_1.sm,n_adiamentos,0.0,0.0,0.0,12,0
C4_C1,j604_1.sm,n_adiamentos,0.0,0.0,0.0,12,0
C4_C1,j607_1.sm,n_adiamentos,0.0,0.0,0.0,12,0
C4_C1,j6010_1.sm,taxa_omissao,0.20277777777777775,0.061111111111111116,-0.14166666666666666,12,0
C4_C1,j6013_1.sm,taxa_omissao,0.20138888888888887,0.05277777777777778,-0.14861111111111108,12,0
C4_C1,j6016_1.sm,taxa_omissao,0.2333333333333333,0.04861111111111111,-0.1847222222222222,12,0
C4_C1,j6019_1.sm,taxa_omissao,0.19583333333333333,0.052777777777777785,-0.14305555555555557,12,0
C4_C1,j6021_1.sm,taxa_omissao,0.23611111111111108,0.05694444444444446,-0.17916666666666667,12,0
C4_C1,j6024_1.sm,taxa_omissao,0.22777777777777772,0.05416666666666666,-0.17361111111111113,12,0
C4_C1,j6027_1.sm,taxa_omissao,0.24166666666666667,0.0625,-0.17916666666666667,12,0
C4_C1,j602_1.sm,taxa_omissao,0.21666666666666665,0.06666666666666668,-0.14999999999999997,12,0
C4_C1,j6032_1.sm,taxa_omissao,0.20972222222222223,0.06250000000000001,-0.14722222222222223,12,0
C4_C1,j6035_1.sm,taxa_omissao,0.2416666666666667,0.05694444444444444,-0.18472222222222223,12,0
C4_C1,j6038_1.sm,taxa_omissao,0.19722222222222222,0.05833333333333334,-0.13888888888888892,12,0
C4_C1,j6040_1.sm,taxa_omissao,0.24444444444444444,0.05833333333333335,-0.1861111111111111,12,0
C4_C1,j6043_1.sm,taxa_omissao,0.22222222222222224,0.06805555555555556,-0.15416666666666667,12,0
C4_C1,j6046_1.sm,taxa_omissao,0.2611111111111111,0.075,-0.18611111111111112,12,0
C4_C1,j604_1.sm,taxa_omissao,0.25000000000000006,0.05694444444444444,-0.19305555555555554,12,0
C4_C1,j607_1.sm,taxa_omissao,0.21944444444444441,0.061111111111111116,-0.15833333333333335,12,0
C4_C1,j6010_1.sm,E_plano,323.0,323.0,0.0,12,0
C4_C1,j6013_1.sm,E_plano,340.0,340.0,0.0,12,0
C4_C1,j6016_1.sm,E_plano,365.0,365.0,0.0,12,0
C4_C1,j6019_1.sm,E_plano,336.0,336.0,0.0,12,0
C4_C1,j6021_1.sm,E_plano,332.0,332.0,0.0,12,0
C4_C1,j6024_1.sm,E_plano,284.0,284.0,0.0,12,0
C4_C1,j6027_1.sm,E_plano,346.0,346.0,0.0,12,0
C4_C1,j602_1.sm,E_plano,324.0,324.0,0.0,12,0
C4_C1,j6032_1.sm,E_plano,337.0,337.0,0.0,12,0
C4_C1,j6035_1.sm,E_plano,353.0,353.0,0.0,12,0
C4_C1,j6038_1.sm,E_plano,341.0,341.0,0.0,12,0
C4_C1,j6040_1.sm,E_plano,375.0,375.0,0.0,12,0
C4_C1,j6043_1.sm,E_plano,334.0,334.0,0.0,12,0
C4_C1,j6046_1.sm,E_plano,320.0,320.0,0.0,12,0
C4_C1,j604_1.sm,E_plano,382.0,382.0,0.0,12,0
C4_C1,j607_1.sm,E_plano,336.0,336.0,0.0,12,0
C4_C1,j6010_1.sm,retrabalho_sobre_plano,0.16523852356225285,0.1567929842543518,-0.00844553930790105,12,0
C4_C1,j6013_1.sm,retrabalho_sobre_plano,0.22294626975583043,0.19796809600032783,-0.024978173755502608,12,0
C4_C1,j6016_1.sm,retrabalho_sobre_plano,0.22439105154361125,0.18228026166109723,-0.04211078988251402,12,0
C4_C1,j6019_1.sm,retrabalho_sobre_plano,0.1761405664373343,0.14295519055616956,-0.03318537588116475,12,0
C4_C1,j6021_1.sm,retrabalho_sobre_plano,0.21160084355207787,0.1668261407737344,-0.044774702778343466,12,0
C4_C1,j6024_1.sm,retrabalho_sobre_plano,0.1846070581269871,0.129771240894718,-0.05483581723226913,12,0
C4_C1,j6027_1.sm,retrabalho_sobre_plano,0.1912300278805487,0.1326889788635461,-0.05854104901700256,12,0
C4_C1,j602_1.sm,retrabalho_sobre_plano,0.18390748161790102,0.14699354119239202,-0.036913940425509016,12,0
C4_C1,j6032_1.sm,retrabalho_sobre_plano,0.17946842969164264,0.13275703986474416,-0.046711389826898465,12,0
C4_C1,j6035_1.sm,retrabalho_sobre_plano,0.2035441466057495,0.14687074052449064,-0.056673406081258794,12,0
C4_C1,j6038_1.sm,retrabalho_sobre_plano,0.17797667310467802,0.14948541006864338,-0.02849126303603462,12,0
C4_C1,j6040_1.sm,retrabalho_sobre_plano,0.20947276919136001,0.1439268545645496,-0.06554591462681038,12,0
C4_C1,j6043_1.sm,retrabalho_sobre_plano,0.17109010214688933,0.13537520283639878,-0.03571489931049055,12,0
C4_C1,j6046_1.sm,retrabalho_sobre_plano,0.24734720113471323,0.18155007084340083,-0.06579713029131239,12,0
C4_C1,j604_1.sm,retrabalho_sobre_plano,0.22224958832425326,0.1445326199902575,-0.07771696833399579,12,0
C4_C1,j607_1.sm,retrabalho_sobre_plano,0.186940479306432,0.1354828502122852,-0.05145762909414681,12,0
C4_C1,j6010_1.sm,divida_latente_sobre_plano,0.06365061655385161,0.020418855141472615,-0.04323176141237899,12,0
C4_C1,j6013_1.sm,divida_latente_sobre_plano,0.06834463703158737,0.022983251372747985,-0.04536138565883938,12,0
C4_C1,j6016_1.sm,divida_latente_sobre_plano,0.0842459386346458,0.020492977115769834,-0.06375296151887595,12,0
C4_C1,j6019_1.sm,divida_latente_sobre_plano,0.06820201949446264,0.01795718758223636,-0.050244831912226284,12,0
C4_C1,j6021_1.sm,divida_latente_sobre_plano,0.06879497416198704,0.02243021992844273,-0.04636475423354431,12,0
C4_C1,j6024_1.sm,divida_latente_sobre_plano,0.08474849073789376,0.023427087789884615,-0.061321402948009134,12,0
C4_C1,j6027_1.sm,divida_latente_sobre_plano,0.06652894341447073,0.015908435493033484,-0.05062050792143725,12,0
C4_C1,j602_1.sm,divida_latente_sobre_plano,0.08242106626417346,0.017956014431275726,-0.06446505183289776,12,0
C4_C1,j6032_1.sm,divida_latente_sobre_plano,0.0717851341611188,0.017359272390009645,-0.05442586177110917,12,0
C4_C1,j6035_1.sm,divida_latente_sobre_plano,0.07972731752591304,0.016175615900262615,-0.06355170162565045,12,0
C4_C1,j6038_1.sm,divida_latente_sobre_plano,0.0808127136307045,0.019858843215685058,-0.060953870415019436,12,0
C4_C1,j6040_1.sm,divida_latente_sobre_plano,0.07885430383230342,0.018893665330874894,-0.05996063850142852,12,0
C4_C1,j6043_1.sm,divida_latente_sobre_plano,0.06306629648219646,0.017419015864506192,-0.04564728061769027,12,0
C4_C1,j6046_1.sm,divida_latente_sobre_plano,0.09170313875942881,0.02425937357942666,-0.06744376518000213,12,0
C4_C1,j604_1.sm,divida_latente_sobre_plano,0.0845641418481911,0.020010380033142216,-0.06455376181504886,12,0
C4_C1,j607_1.sm,divida_latente_sobre_plano,0.0839711962896868,0.017739801444202046,-0.06623139484548475,12,0
C4_C1,j6010_1.sm,retrabalho_sobre_esforco_realizado,0.07556543393800524,0.09298357238778922,0.01741813844978397,12,0
C4_C1,j6013_1.sm,retrabalho_sobre_esforco_realizado,0.10458029182343091,0.11411180627230726,0.009531514448876352,12,0
C4_C1,j6016_1.sm,retrabalho_sobre_esforco_realizado,0.09269246696644977,0.09984768847804289,0.007155221511593133,12,0
C4_C1,j6019_1.sm,retrabalho_sobre_esforco_realizado,0.0789793443843582,0.08249649255739613,0.003517148173037944,12,0
C4_C1,j6021_1.sm,retrabalho_sobre_esforco_realizado,0.09883623076363739,0.10121054206244108,0.0023743112988037097,12,0
C4_C1,j6024_1.sm,retrabalho_sobre_esforco_realizado,0.08056139145242504,0.07819094656963327,-0.0023704448827917904,12,0
C4_C1,j6027_1.sm,retrabalho_sobre_esforco_realizado,0.08732260591766981,0.08327086442227616,-0.00405174149539365,12,0
C4_C1,j602_1.sm,retrabalho_sobre_esforco_realizado,0.08071789568766109,0.08448598613166745,0.0037680904440063764,12,0
C4_C1,j6032_1.sm,retrabalho_sobre_esforco_realizado,0.07791403493168096,0.07677929035025327,-0.0011347445814277018,12,0
C4_C1,j6035_1.sm,retrabalho_sobre_esforco_realizado,0.08809193634685232,0.08611920532103014,-0.0019727310258221727,12,0
C4_C1,j6038_1.sm,retrabalho_sobre_esforco_realizado,0.07955770042663267,0.08834556658569502,0.008787866159062354,12,0
C4_C1,j6040_1.sm,retrabalho_sobre_esforco_realizado,0.09102815005864308,0.08506115010572085,-0.005966999952922217,12,0
C4_C1,j6043_1.sm,retrabalho_sobre_esforco_realizado,0.07520974624733649,0.08536602955930739,0.01015628331197087,12,0
C4_C1,j6046_1.sm,retrabalho_sobre_esforco_realizado,0.10228595825081342,0.10714022829241887,0.004854270041605456,12,0
C4_C1,j604_1.sm,retrabalho_sobre_esforco_realizado,0.09433749240346173,0.08132070872991194,-0.01301678367354978,12,0
C4_C1,j607_1.sm,retrabalho_sobre_esforco_realizado,0.07879929379808943,0.07709862395703923,-0.0017006698410502053,12,0
C4_C1,j6010_1.sm,p1_omissao,33.666666666666664,20.5,-13.166666666666666,12,0
C4_C1,j6013_1.sm,p1_omissao,44.916666666666664,38.333333333333336,-6.583333333333333,12,0
C4_C1,j6016_1.sm,p1_omissao,49.25,32.5,-16.75,12,0
C4_C1,j6019_1.sm,p1_omissao,40.5,25.083333333333332,-15.416666666666666,12,0
C4_C1,j6021_1.sm,p1_omissao,35.583333333333336,24.166666666666668,-11.416666666666666,12,0
C4_C1,j6024_1.sm,p1_omissao,26.583333333333332,10.083333333333334,-16.5,12,0
C4_C1,j6027_1.sm,p1_omissao,28.166666666666668,12.75,-15.416666666666666,12,0
C4_C1,j602_1.sm,p1_omissao,41.666666666666664,24.75,-16.916666666666668,12,0
C4_C1,j6032_1.sm,p1_omissao,36.166666666666664,17.916666666666668,-18.25,12,0
C4_C1,j6035_1.sm,p1_omissao,39.25,23.25,-16.0,12,0
C4_C1,j6038_1.sm,p1_omissao,35.666666666666664,21.0,-14.666666666666666,12,0
C4_C1,j6040_1.sm,p1_omissao,41.25,21.333333333333332,-19.916666666666668,12,0
C4_C1,j6043_1.sm,p1_omissao,29.583333333333332,11.666666666666666,-17.916666666666668,12,0
C4_C1,j6046_1.sm,p1_omissao,43.416666666666664,24.0,-19.416666666666668,12,0
C4_C1,j604_1.sm,p1_omissao,42.833333333333336,28.833333333333332,-14.0,12,0
C4_C1,j607_1.sm,p1_omissao,41.583333333333336,22.75,-18.833333333333332,12,0
C4_C1,j6010_1.sm,p1_fuga,0.0,0.0,0.0,12,0
C4_C1,j6013_1.sm,p1_fuga,0.0,0.0,0.0,12,0
C4_C1,j6016_1.sm,p1_fuga,0.0,0.0,0.0,12,0
C4_C1,j6019_1.sm,p1_fuga,0.0,0.0,0.0,12,0
C4_C1,j6021_1.sm,p1_fuga,0.0,0.0,0.0,12,0
C4_C1,j6024_1.sm,p1_fuga,0.0,0.0,0.0,12,0
C4_C1,j6027_1.sm,p1_fuga,0.0,0.0,0.0,12,0
C4_C1,j602_1.sm,p1_fuga,0.0,0.0,0.0,12,0
C4_C1,j6032_1.sm,p1_fuga,0.0,0.0,0.0,12,0
C4_C1,j6035_1.sm,p1_fuga,0.0,0.0,0.0,12,0
C4_C1,j6038_1.sm,p1_fuga,0.0,0.0,0.0,12,0
C4_C1,j6040_1.sm,p1_fuga,0.0,0.0,0.0,12,0
C4_C1,j6043_1.sm,p1_fuga,0.0,0.0,0.0,12,0
C4_C1,j6046_1.sm,p1_fuga,0.0,0.0,0.0,12,0
C4_C1,j604_1.sm,p1_fuga,0.0,0.0,0.0,12,0
C4_C1,j607_1.sm,p1_fuga,0.0,0.0,0.0,12,0
C4_C1,j6010_1.sm,p2_ajuda,0.0,9.583333333333334,9.583333333333334,12,0
C4_C1,j6013_1.sm,p2_ajuda,0.0,5.583333333333333,5.583333333333333,12,0
C4_C1,j6016_1.sm,p2_ajuda,0.0,10.666666666666666,10.666666666666666,12,0
C4_C1,j6019_1.sm,p2_ajuda,0.0,8.75,8.75,12,0
C4_C1,j6021_1.sm,p2_ajuda,0.0,6.916666666666667,6.916666666666667,12,0
C4_C1,j6024_1.sm,p2_ajuda,0.0,7.583333333333333,7.583333333333333,12,0
C4_C1,j6027_1.sm,p2_ajuda,0.0,10.916666666666666,10.916666666666666,12,0
C4_C1,j602_1.sm,p2_ajuda,0.0,10.166666666666666,10.166666666666666,12,0
C4_C1,j6032_1.sm,p2_ajuda,0.0,7.166666666666667,7.166666666666667,12,0
C4_C1,j6035_1.sm,p2_ajuda,0.0,10.25,10.25,12,0
C4_C1,j6038_1.sm,p2_ajuda,0.0,11.083333333333334,11.083333333333334,12,0
C4_C1,j6040_1.sm,p2_ajuda,0.0,9.5,9.5,12,0
C4_C1,j6043_1.sm,p2_ajuda,0.0,9.416666666666666,9.416666666666666,12,0
C4_C1,j6046_1.sm,p2_ajuda,0.0,10.666666666666666,10.666666666666666,12,0
C4_C1,j604_1.sm,p2_ajuda,0.0,9.916666666666666,9.916666666666666,12,0
C4_C1,j607_1.sm,p2_ajuda,0.0,8.0,8.0,12,0
C4_C1,j6010_1.sm,p2_bloqueio,125.41666666666667,17.166666666666668,-108.25,12,0
C4_C1,j6013_1.sm,p2_bloqueio,90.08333333333333,7.416666666666667,-82.66666666666667,12,0
C4_C1,j6016_1.sm,p2_bloqueio,149.0,16.166666666666668,-132.83333333333334,12,0
C4_C1,j6019_1.sm,p2_bloqueio,113.08333333333333,16.75,-96.33333333333333,12,0
C4_C1,j6021_1.sm,p2_bloqueio,102.5,8.833333333333334,-93.66666666666667,12,0
C4_C1,j6024_1.sm,p2_bloqueio,134.25,16.916666666666668,-117.33333333333333,12,0
C4_C1,j6027_1.sm,p2_bloqueio,156.41666666666666,20.0,-136.41666666666666,12,0
C4_C1,j602_1.sm,p2_bloqueio,128.91666666666666,19.083333333333332,-109.83333333333333,12,0
C4_C1,j6032_1.sm,p2_bloqueio,145.25,19.75,-125.5,12,0
C4_C1,j6035_1.sm,p2_bloqueio,149.75,18.333333333333332,-131.41666666666666,12,0
C4_C1,j6038_1.sm,p2_bloqueio,119.5,16.5,-103.0,12,0
C4_C1,j6040_1.sm,p2_bloqueio,164.66666666666666,19.75,-144.91666666666666,12,0
C4_C1,j6043_1.sm,p2_bloqueio,191.58333333333334,15.166666666666666,-176.41666666666666,12,0
C4_C1,j6046_1.sm,p2_bloqueio,167.16666666666666,14.333333333333334,-152.83333333333334,12,0
C4_C1,j604_1.sm,p2_bloqueio,156.83333333333334,23.25,-133.58333333333334,12,0
C4_C1,j607_1.sm,p2_bloqueio,157.5,22.75,-134.75,12,0
C4_C1,j6010_1.sm,p3_analitica,26.333333333333332,39.5,13.166666666666666,12,0
C4_C1,j6013_1.sm,p3_analitica,15.083333333333334,21.666666666666668,6.583333333333333,12,0
C4_C1,j6016_1.sm,p3_analitica,10.75,27.5,16.75,12,0
C4_C1,j6019_1.sm,p3_analitica,19.5,34.916666666666664,15.416666666666666,12,0
C4_C1,j6021_1.sm,p3_analitica,24.416666666666668,35.833333333333336,11.416666666666666,12,0
C4_C1,j6024_1.sm,p3_analitica,33.416666666666664,49.916666666666664,16.5,12,0
C4_C1,j6027_1.sm,p3_analitica,31.833333333333332,47.25,15.416666666666666,12,0
C4_C1,j602_1.sm,p3_analitica,18.333333333333332,35.25,16.916666666666668,12,0
C4_C1,j6032_1.sm,p3_analitica,23.833333333333332,42.083333333333336,18.25,12,0
C4_C1,j6035_1.sm,p3_analitica,20.75,36.75,16.0,12,0
C4_C1,j6038_1.sm,p3_analitica,24.333333333333332,39.0,14.666666666666666,12,0
C4_C1,j6040_1.sm,p3_analitica,18.75,38.666666666666664,19.916666666666668,12,0
C4_C1,j6043_1.sm,p3_analitica,30.416666666666668,48.333333333333336,17.916666666666668,12,0
C4_C1,j6046_1.sm,p3_analitica,16.583333333333332,36.0,19.416666666666668,12,0
C4_C1,j604_1.sm,p3_analitica,17.166666666666668,31.166666666666668,14.0,12,0
C4_C1,j607_1.sm,p3_analitica,18.416666666666668,37.25,18.833333333333332,12,0
C4_C1,j6010_1.sm,hiato_encontrado,125.41666666666667,26.75,-98.66666666666667,12,0
C4_C1,j6013_1.sm,hiato_encontrado,90.08333333333333,13.0,-77.08333333333333,12,0
C4_C1,j6016_1.sm,hiato_encontrado,149.0,26.833333333333332,-122.16666666666667,12,0
C4_C1,j6019_1.sm,hiato_encontrado,113.08333333333333,25.5,-87.58333333333333,12,0
C4_C1,j6021_1.sm,hiato_encontrado,102.5,15.75,-86.75,12,0
C4_C1,j6024_1.sm,hiato_encontrado,134.25,24.5,-109.75,12,0
C4_C1,j6027_1.sm,hiato_encontrado,156.41666666666666,30.916666666666668,-125.5,12,0
C4_C1,j602_1.sm,hiato_encontrado,128.91666666666666,29.25,-99.66666666666667,12,0
C4_C1,j6032_1.sm,hiato_encontrado,145.25,26.916666666666668,-118.33333333333333,12,0
C4_C1,j6035_1.sm,hiato_encontrado,149.75,28.583333333333332,-121.16666666666667,12,0
C4_C1,j6038_1.sm,hiato_encontrado,119.5,27.583333333333332,-91.91666666666667,12,0
C4_C1,j6040_1.sm,hiato_encontrado,164.66666666666666,29.25,-135.41666666666666,12,0
C4_C1,j6043_1.sm,hiato_encontrado,191.58333333333334,24.583333333333332,-167.0,12,0
C4_C1,j6046_1.sm,hiato_encontrado,167.16666666666666,25.0,-142.16666666666666,12,0
C4_C1,j604_1.sm,hiato_encontrado,156.83333333333334,33.166666666666664,-123.66666666666667,12,0
C4_C1,j607_1.sm,hiato_encontrado,157.5,30.75,-126.75,12,0
C4_C1,j6010_1.sm,hiato_sem_colega_capaz,41.416666666666664,17.166666666666668,-24.25,12,0
C4_C1,j6013_1.sm,hiato_sem_colega_capaz,22.5,7.416666666666667,-15.083333333333334,12,0
C4_C1,j6016_1.sm,hiato_sem_colega_capaz,54.0,16.166666666666668,-37.833333333333336,12,0
C4_C1,j6019_1.sm,hiato_sem_colega_capaz,49.916666666666664,16.75,-33.166666666666664,12,0
C4_C1,j6021_1.sm,hiato_sem_colega_capaz,28.833333333333332,8.833333333333334,-20.0,12,0
C4_C1,j6024_1.sm,hiato_sem_colega_capaz,48.166666666666664,16.916666666666668,-31.25,12,0
C4_C1,j6027_1.sm,hiato_sem_colega_capaz,52.083333333333336,20.0,-32.083333333333336,12,0
C4_C1,j602_1.sm,hiato_sem_colega_capaz,53.333333333333336,19.083333333333332,-34.25,12,0
C4_C1,j6032_1.sm,hiato_sem_colega_capaz,58.416666666666664,19.75,-38.666666666666664,12,0
C4_C1,j6035_1.sm,hiato_sem_colega_capaz,59.5,18.333333333333332,-41.166666666666664,12,0
C4_C1,j6038_1.sm,hiato_sem_colega_capaz,43.916666666666664,16.5,-27.416666666666668,12,0
C4_C1,j6040_1.sm,hiato_sem_colega_capaz,61.75,19.75,-42.0,12,0
C4_C1,j6043_1.sm,hiato_sem_colega_capaz,53.083333333333336,15.166666666666666,-37.916666666666664,12,0
C4_C1,j6046_1.sm,hiato_sem_colega_capaz,48.083333333333336,14.333333333333334,-33.75,12,0
C4_C1,j604_1.sm,hiato_sem_colega_capaz,60.083333333333336,23.25,-36.833333333333336,12,0
C4_C1,j607_1.sm,hiato_sem_colega_capaz,60.25,22.75,-37.5,12,0
C4_C1,j6010_1.sm,hiato_sem_colega_livre,7.416666666666667,7.166666666666667,-0.25,12,0
C4_C1,j6013_1.sm,hiato_sem_colega_livre,0.0,1.1666666666666667,1.1666666666666667,12,0
C4_C1,j6016_1.sm,hiato_sem_colega_livre,12.5,5.083333333333333,-7.416666666666667,12,0
C4_C1,j6019_1.sm,hiato_sem_colega_livre,23.416666666666668,7.666666666666667,-15.75,12,0
C4_C1,j6021_1.sm,hiato_sem_colega_livre,0.8333333333333334,1.4166666666666667,0.5833333333333334,12,0
C4_C1,j6024_1.sm,hiato_sem_colega_livre,13.166666666666666,8.833333333333334,-4.333333333333333,12,0
C4_C1,j6027_1.sm,hiato_sem_colega_livre,7.166666666666667,8.0,0.8333333333333334,12,0
C4_C1,j602_1.sm,hiato_sem_colega_livre,21.0,8.666666666666666,-12.333333333333334,12,0
C4_C1,j6032_1.sm,hiato_sem_colega_livre,19.583333333333332,12.0,-7.583333333333333,12,0
C4_C1,j6035_1.sm,hiato_sem_colega_livre,20.583333333333332,7.75,-12.833333333333334,12,0
C4_C1,j6038_1.sm,hiato_sem_colega_livre,12.916666666666666,4.75,-8.166666666666666,12,0
C4_C1,j6040_1.sm,hiato_sem_colega_livre,17.333333333333332,10.0,-7.333333333333333,12,0
C4_C1,j6043_1.sm,hiato_sem_colega_livre,1.75,5.083333333333333,3.3333333333333335,12,0
C4_C1,j6046_1.sm,hiato_sem_colega_livre,1.4166666666666667,3.1666666666666665,1.75,12,0
C4_C1,j604_1.sm,hiato_sem_colega_livre,15.583333333333334,12.75,-2.8333333333333335,12,0
C4_C1,j607_1.sm,hiato_sem_colega_livre,16.416666666666668,14.416666666666666,-2.0,12,0
C4_C1,j6010_1.sm,hiato_colega_capaz_sem_confianca,84.0,0.0,-84.0,12,0
C4_C1,j6013_1.sm,hiato_colega_capaz_sem_confianca,67.58333333333333,0.0,-67.58333333333333,12,0
C4_C1,j6016_1.sm,hiato_colega_capaz_sem_confianca,95.0,0.0,-95.0,12,0
C4_C1,j6019_1.sm,hiato_colega_capaz_sem_confianca,63.166666666666664,0.0,-63.166666666666664,12,0
C4_C1,j6021_1.sm,hiato_colega_capaz_sem_confianca,73.66666666666667,0.0,-73.66666666666667,12,0
C4_C1,j6024_1.sm,hiato_colega_capaz_sem_confianca,86.08333333333333,0.0,-86.08333333333333,12,0
C4_C1,j6027_1.sm,hiato_colega_capaz_sem_confianca,104.33333333333333,0.0,-104.33333333333333,12,0
C4_C1,j602_1.sm,hiato_colega_capaz_sem_confianca,75.58333333333333,0.0,-75.58333333333333,12,0
C4_C1,j6032_1.sm,hiato_colega_capaz_sem_confianca,86.83333333333333,0.0,-86.83333333333333,12,0
C4_C1,j6035_1.sm,hiato_colega_capaz_sem_confianca,90.25,0.0,-90.25,12,0
C4_C1,j6038_1.sm,hiato_colega_capaz_sem_confianca,75.58333333333333,0.0,-75.58333333333333,12,0
C4_C1,j6040_1.sm,hiato_colega_capaz_sem_confianca,102.91666666666667,0.0,-102.91666666666667,12,0
C4_C1,j6043_1.sm,hiato_colega_capaz_sem_confianca,138.5,0.0,-138.5,12,0
C4_C1,j6046_1.sm,hiato_colega_capaz_sem_confianca,119.08333333333333,0.0,-119.08333333333333,12,0
C4_C1,j604_1.sm,hiato_colega_capaz_sem_confianca,96.75,0.0,-96.75,12,0
C4_C1,j607_1.sm,hiato_colega_capaz_sem_confianca,97.25,0.0,-97.25,12,0
C4_C1,j6010_1.sm,competencia_maxima_inicial,0.6784269160974062,0.6784269160974062,0.0,12,0
C4_C1,j6013_1.sm,competencia_maxima_inicial,0.6784269160974062,0.6784269160974062,0.0,12,0
C4_C1,j6016_1.sm,competencia_maxima_inicial,0.6784269160974062,0.6784269160974062,0.0,12,0
C4_C1,j6019_1.sm,competencia_maxima_inicial,0.6784269160974062,0.6784269160974062,0.0,12,0
C4_C1,j6021_1.sm,competencia_maxima_inicial,0.6784269160974062,0.6784269160974062,0.0,12,0
C4_C1,j6024_1.sm,competencia_maxima_inicial,0.6784269160974062,0.6784269160974062,0.0,12,0
C4_C1,j6027_1.sm,competencia_maxima_inicial,0.6784269160974062,0.6784269160974062,0.0,12,0
C4_C1,j602_1.sm,competencia_maxima_inicial,0.6784269160974062,0.6784269160974062,0.0,12,0
C4_C1,j6032_1.sm,competencia_maxima_inicial,0.6784269160974062,0.6784269160974062,0.0,12,0
C4_C1,j6035_1.sm,competencia_maxima_inicial,0.6784269160974062,0.6784269160974062,0.0,12,0
C4_C1,j6038_1.sm,competencia_maxima_inicial,0.6784269160974062,0.6784269160974062,0.0,12,0
C4_C1,j6040_1.sm,competencia_maxima_inicial,0.6784269160974062,0.6784269160974062,0.0,12,0
C4_C1,j6043_1.sm,competencia_maxima_inicial,0.6784269160974062,0.6784269160974062,0.0,12,0
C4_C1,j6046_1.sm,competencia_maxima_inicial,0.6784269160974062,0.6784269160974062,0.0,12,0
C4_C1,j604_1.sm,competencia_maxima_inicial,0.6784269160974062,0.6784269160974062,0.0,12,0
C4_C1,j607_1.sm,competencia_maxima_inicial,0.6784269160974062,0.6784269160974062,0.0,12,0
C4_C1,j6010_1.sm,competencia_minima_inicial,0.36053696648776334,0.36053696648776334,0.0,12,0
C4_C1,j6013_1.sm,competencia_minima_inicial,0.36053696648776334,0.36053696648776334,0.0,12,0
C4_C1,j6016_1.sm,competencia_minima_inicial,0.36053696648776334,0.36053696648776334,0.0,12,0
C4_C1,j6019_1.sm,competencia_minima_inicial,0.36053696648776334,0.36053696648776334,0.0,12,0
C4_C1,j6021_1.sm,competencia_minima_inicial,0.36053696648776334,0.36053696648776334,0.0,12,0
C4_C1,j6024_1.sm,competencia_minima_inicial,0.36053696648776334,0.36053696648776334,0.0,12,0
C4_C1,j6027_1.sm,competencia_minima_inicial,0.36053696648776334,0.36053696648776334,0.0,12,0
C4_C1,j602_1.sm,competencia_minima_inicial,0.36053696648776334,0.36053696648776334,0.0,12,0
C4_C1,j6032_1.sm,competencia_minima_inicial,0.36053696648776334,0.36053696648776334,0.0,12,0
C4_C1,j6035_1.sm,competencia_minima_inicial,0.36053696648776334,0.36053696648776334,0.0,12,0
C4_C1,j6038_1.sm,competencia_minima_inicial,0.36053696648776334,0.36053696648776334,0.0,12,0
C4_C1,j6040_1.sm,competencia_minima_inicial,0.36053696648776334,0.36053696648776334,0.0,12,0
C4_C1,j6043_1.sm,competencia_minima_inicial,0.36053696648776334,0.36053696648776334,0.0,12,0
C4_C1,j6046_1.sm,competencia_minima_inicial,0.36053696648776334,0.36053696648776334,0.0,12,0
C4_C1,j604_1.sm,competencia_minima_inicial,0.36053696648776334,0.36053696648776334,0.0,12,0
C4_C1,j607_1.sm,competencia_minima_inicial,0.36053696648776334,0.36053696648776334,0.0,12,0
C4_C1,j6010_1.sm,tarefas_acima_da_competencia_maxima_inicial,11.583333333333334,11.583333333333334,0.0,12,0
C4_C1,j6013_1.sm,tarefas_acima_da_competencia_maxima_inicial,16.333333333333332,16.333333333333332,0.0,12,0
C4_C1,j6016_1.sm,tarefas_acima_da_competencia_maxima_inicial,19.083333333333332,19.083333333333332,0.0,12,0
C4_C1,j6019_1.sm,tarefas_acima_da_competencia_maxima_inicial,13.666666666666666,13.666666666666666,0.0,12,0
C4_C1,j6021_1.sm,tarefas_acima_da_competencia_maxima_inicial,13.5,13.5,0.0,12,0
C4_C1,j6024_1.sm,tarefas_acima_da_competencia_maxima_inicial,9.416666666666666,9.416666666666666,0.0,12,0
C4_C1,j6027_1.sm,tarefas_acima_da_competencia_maxima_inicial,15.75,15.75,0.0,12,0
C4_C1,j602_1.sm,tarefas_acima_da_competencia_maxima_inicial,12.25,12.25,0.0,12,0
C4_C1,j6032_1.sm,tarefas_acima_da_competencia_maxima_inicial,10.416666666666666,10.416666666666666,0.0,12,0
C4_C1,j6035_1.sm,tarefas_acima_da_competencia_maxima_inicial,17.666666666666668,17.666666666666668,0.0,12,0
C4_C1,j6038_1.sm,tarefas_acima_da_competencia_maxima_inicial,11.833333333333334,11.833333333333334,0.0,12,0
C4_C1,j6040_1.sm,tarefas_acima_da_competencia_maxima_inicial,16.083333333333332,16.083333333333332,0.0,12,0
C4_C1,j6043_1.sm,tarefas_acima_da_competencia_maxima_inicial,16.416666666666668,16.416666666666668,0.0,12,0
C4_C1,j6046_1.sm,tarefas_acima_da_competencia_maxima_inicial,22.166666666666668,22.166666666666668,0.0,12,0
C4_C1,j604_1.sm,tarefas_acima_da_competencia_maxima_inicial,16.083333333333332,16.083333333333332,0.0,12,0
C4_C1,j607_1.sm,tarefas_acima_da_competencia_maxima_inicial,10.416666666666666,10.416666666666666,0.0,12,0
C4_C1,j6010_1.sm,n_tarefas,60.0,60.0,0.0,12,0
C4_C1,j6013_1.sm,n_tarefas,60.0,60.0,0.0,12,0
C4_C1,j6016_1.sm,n_tarefas,60.0,60.0,0.0,12,0
C4_C1,j6019_1.sm,n_tarefas,60.0,60.0,0.0,12,0
C4_C1,j6021_1.sm,n_tarefas,60.0,60.0,0.0,12,0
C4_C1,j6024_1.sm,n_tarefas,60.0,60.0,0.0,12,0
C4_C1,j6027_1.sm,n_tarefas,60.0,60.0,0.0,12,0
C4_C1,j602_1.sm,n_tarefas,60.0,60.0,0.0,12,0
C4_C1,j6032_1.sm,n_tarefas,60.0,60.0,0.0,12,0
C4_C1,j6035_1.sm,n_tarefas,60.0,60.0,0.0,12,0
C4_C1,j6038_1.sm,n_tarefas,60.0,60.0,0.0,12,0
C4_C1,j6040_1.sm,n_tarefas,60.0,60.0,0.0,12,0
C4_C1,j6043_1.sm,n_tarefas,60.0,60.0,0.0,12,0
C4_C1,j6046_1.sm,n_tarefas,60.0,60.0,0.0,12,0
C4_C1,j604_1.sm,n_tarefas,60.0,60.0,0.0,12,0
C4_C1,j607_1.sm,n_tarefas,60.0,60.0,0.0,12,0
C4_C1,j6010_1.sm,competencia_maxima_final,0.6784269160974062,0.9460693056747299,0.2676423895773235,12,0
C4_C1,j6013_1.sm,competencia_maxima_final,0.6784269160974062,0.8246392712557324,0.1462123551583264,12,0
C4_C1,j6016_1.sm,competencia_maxima_final,0.6784269160974062,0.9314494682576345,0.2530225521602283,12,0
C4_C1,j6019_1.sm,competencia_maxima_final,0.6784269160974062,0.8737842626701194,0.19535734657271317,12,0
C4_C1,j6021_1.sm,competencia_maxima_final,0.6784269160974062,0.8393677278805232,0.1609408117831169,12,0
C4_C1,j6024_1.sm,competencia_maxima_final,0.6784269160974062,0.836604782557985,0.15817786646057863,12,0
C4_C1,j6027_1.sm,competencia_maxima_final,0.6784269160974062,0.9562720111958934,0.27784509509848704,12,0
C4_C1,j602_1.sm,competencia_maxima_final,0.6784269160974062,0.9416194772711478,0.26319256117374146,12,0
C4_C1,j6032_1.sm,competencia_maxima_final,0.6784269160974062,0.8188187095785487,0.14039179348114253,12,0
C4_C1,j6035_1.sm,competencia_maxima_final,0.6784269160974062,0.8996612982754706,0.22123438217806424,12,0
C4_C1,j6038_1.sm,competencia_maxima_final,0.6784269160974062,0.9467396157861293,0.268312699688723,12,0
C4_C1,j6040_1.sm,competencia_maxima_final,0.6784269160974062,0.8929088167937732,0.21448190069636694,12,0
C4_C1,j6043_1.sm,competencia_maxima_final,0.6784269160974062,0.8820768657395585,0.20364994964215213,12,0
C4_C1,j6046_1.sm,competencia_maxima_final,0.6784269160974062,0.9198993946057695,0.2414724785083633,12,0
C4_C1,j604_1.sm,competencia_maxima_final,0.6784269160974062,0.9107996493251774,0.23237273322777116,12,0
C4_C1,j607_1.sm,competencia_maxima_final,0.6784269160974062,0.8849146160321668,0.20648769993476065,12,0
C4_C1,j6010_1.sm,atraso_relativo,2.3705882352941177,1.6333333333333335,-0.7372549019607844,12,0
C4_C1,j6013_1.sm,atraso_relativo,4.315217391304348,3.3671497584541066,-0.9480676328502416,12,0
C4_C1,j6016_1.sm,atraso_relativo,3.2109375,2.0963541666666665,-1.1145833333333333,12,0
C4_C1,j6019_1.sm,atraso_relativo,3.66263440860215,2.0295698924731185,-1.6330645161290323,12,0
C4_C1,j6021_1.sm,atraso_relativo,4.152412280701754,2.6162280701754383,-1.5361842105263153,12,0
C4_C1,j6024_1.sm,atraso_relativo,2.8589743589743595,1.5935897435897435,-1.2653846153846153,12,0
C4_C1,j6027_1.sm,atraso_relativo,2.4991319444444446,1.5104166666666667,-0.9887152777777778,12,0
C4_C1,j602_1.sm,atraso_relativo,3.384615384615385,1.8064102564102564,-1.578205128205128,12,0
C4_C1,j6032_1.sm,atraso_relativo,2.926328502415459,1.6702898550724639,-1.256038647342995,12,0
C4_C1,j6035_1.sm,atraso_relativo,2.816239316239317,1.738247863247863,-1.077991452991453,12,0
C4_C1,j6038_1.sm,atraso_relativo,2.8264840182648405,1.802511415525114,-1.023972602739726,12,0
C4_C1,j6040_1.sm,atraso_relativo,2.7810077519379846,1.5775193798449614,-1.2034883720930234,12,0
C4_C1,j6043_1.sm,atraso_relativo,2.181327160493827,1.4344135802469138,-0.7469135802469137,12,0
C4_C1,j6046_1.sm,atraso_relativo,3.0779914529914527,1.9433760683760684,-1.1346153846153844,12,0
C4_C1,j604_1.sm,atraso_relativo,2.586309523809524,1.615079365079365,-0.9712301587301587,12,0
C4_C1,j607_1.sm,atraso_relativo,2.935064935064935,1.6861471861471864,-1.248917748917749,12,0
C4_C1,j6010_1.sm,tarefas_pendentes,0.0,0.0,0.0,12,0
C4_C1,j6013_1.sm,tarefas_pendentes,0.0,0.0,0.0,12,0
C4_C1,j6016_1.sm,tarefas_pendentes,0.0,0.0,0.0,12,0
C4_C1,j6019_1.sm,tarefas_pendentes,0.0,0.0,0.0,12,0
C4_C1,j6021_1.sm,tarefas_pendentes,0.0,0.0,0.0,12,0
C4_C1,j6024_1.sm,tarefas_pendentes,0.0,0.0,0.0,12,0
C4_C1,j6027_1.sm,tarefas_pendentes,0.0,0.0,0.0,12,0
C4_C1,j602_1.sm,tarefas_pendentes,0.0,0.0,0.0,12,0
C4_C1,j6032_1.sm,tarefas_pendentes,0.0,0.0,0.0,12,0
C4_C1,j6035_1.sm,tarefas_pendentes,0.0,0.0,0.0,12,0
C4_C1,j6038_1.sm,tarefas_pendentes,0.0,0.0,0.0,12,0
C4_C1,j6040_1.sm,tarefas_pendentes,0.0,0.0,0.0,12,0
C4_C1,j6043_1.sm,tarefas_pendentes,0.0,0.0,0.0,12,0
C4_C1,j6046_1.sm,tarefas_pendentes,0.0,0.0,0.0,12,0
C4_C1,j604_1.sm,tarefas_pendentes,0.0,0.0,0.0,12,0
C4_C1,j607_1.sm,tarefas_pendentes,0.0,0.0,0.0,12,0
C4_C1,j6010_1.sm,dividas_pendentes,0.0,0.0,0.0,12,0
C4_C1,j6013_1.sm,dividas_pendentes,0.0,0.0,0.0,12,0
C4_C1,j6016_1.sm,dividas_pendentes,0.0,0.0,0.0,12,0
C4_C1,j6019_1.sm,dividas_pendentes,0.0,0.0,0.0,12,0
C4_C1,j6021_1.sm,dividas_pendentes,0.0,0.0,0.0,12,0
C4_C1,j6024_1.sm,dividas_pendentes,0.0,0.0,0.0,12,0
C4_C1,j6027_1.sm,dividas_pendentes,0.0,0.0,0.0,12,0
C4_C1,j602_1.sm,dividas_pendentes,0.0,0.0,0.0,12,0
C4_C1,j6032_1.sm,dividas_pendentes,0.0,0.0,0.0,12,0
C4_C1,j6035_1.sm,dividas_pendentes,0.0,0.0,0.0,12,0
C4_C1,j6038_1.sm,dividas_pendentes,0.0,0.0,0.0,12,0
C4_C1,j6040_1.sm,dividas_pendentes,0.0,0.0,0.0,12,0
C4_C1,j6043_1.sm,dividas_pendentes,0.0,0.0,0.0,12,0
C4_C1,j6046_1.sm,dividas_pendentes,0.0,0.0,0.0,12,0
C4_C1,j604_1.sm,dividas_pendentes,0.0,0.0,0.0,12,0
C4_C1,j607_1.sm,dividas_pendentes,0.0,0.0,0.0,12,0
C4_C1,j6010_1.sm,retrabalho_gerado,53.37204311060768,50.64413391415564,-2.727909196452039,12,0
C4_C1,j6013_1.sm,retrabalho_gerado,75.80173171698235,67.30915264011146,-8.492579076870884,12,0
C4_C1,j6016_1.sm,retrabalho_gerado,81.90273381341811,66.5322955063005,-15.370438307117622,12,0
C4_C1,j6019_1.sm,retrabalho_gerado,59.183230322944326,48.03294402687297,-11.150286296071359,12,0
C4_C1,j6021_1.sm,retrabalho_gerado,70.25148005928985,55.386278736879824,-14.86520132241003,12,0
C4_C1,j6024_1.sm,retrabalho_gerado,52.42840450806434,36.85503241409991,-15.573372093964432,12,0
C4_C1,j6027_1.sm,retrabalho_gerado,66.16558964666984,45.91038668678696,-20.255202959882883,12,0
C4_C1,j602_1.sm,retrabalho_gerado,59.58602404419994,47.62590734633502,-11.960116697864919,12,0
C4_C1,j6032_1.sm,retrabalho_gerado,60.48086080608357,44.73912243441878,-15.741738371664786,12,0
C4_C1,j6035_1.sm,retrabalho_gerado,71.85108375182956,51.84537140514521,-20.005712346684362,12,0
C4_C1,j6038_1.sm,retrabalho_gerado,60.69004552869521,50.97452483340741,-9.715520695287802,12,0
C4_C1,j6040_1.sm,retrabalho_gerado,78.55228844675999,53.97257046170609,-24.579717985053893,12,0
C4_C1,j6043_1.sm,retrabalho_gerado,57.14409411706104,45.21531774735718,-11.928776369703847,12,0
C4_C1,j6046_1.sm,retrabalho_gerado,79.15110436310823,58.09602266988827,-21.055081693219957,12,0
C4_C1,j604_1.sm,retrabalho_gerado,84.89934273986476,55.21146083627837,-29.6878819035864,12,0
C4_C1,j607_1.sm,retrabalho_gerado,62.81200104696117,45.52223767132784,-17.28976337563333,12,0
C4_C1,j6010_1.sm,retrabalho_pendente,0.0,0.0,0.0,12,0
C4_C1,j6013_1.sm,retrabalho_pendente,0.0,0.0,0.0,12,0
C4_C1,j6016_1.sm,retrabalho_pendente,0.0,0.0,0.0,12,0
C4_C1,j6019_1.sm,retrabalho_pendente,0.0,0.0,0.0,12,0
C4_C1,j6021_1.sm,retrabalho_pendente,0.0,0.0,0.0,12,0
C4_C1,j6024_1.sm,retrabalho_pendente,0.0,0.0,0.0,12,0
C4_C1,j6027_1.sm,retrabalho_pendente,0.0,0.0,0.0,12,0
C4_C1,j602_1.sm,retrabalho_pendente,0.0,0.0,0.0,12,0
C4_C1,j6032_1.sm,retrabalho_pendente,0.0,0.0,0.0,12,0
C4_C1,j6035_1.sm,retrabalho_pendente,0.0,0.0,0.0,12,0
C4_C1,j6038_1.sm,retrabalho_pendente,0.0,0.0,0.0,12,0
C4_C1,j6040_1.sm,retrabalho_pendente,0.0,0.0,0.0,12,0
C4_C1,j6043_1.sm,retrabalho_pendente,0.0,0.0,0.0,12,0
C4_C1,j6046_1.sm,retrabalho_pendente,0.0,0.0,0.0,12,0
C4_C1,j604_1.sm,retrabalho_pendente,0.0,0.0,0.0,12,0
C4_C1,j607_1.sm,retrabalho_pendente,0.0,0.0,0.0,12,0
C4_C1,j6010_1.sm,ocupacao_retrabalho,58.583333333333336,55.583333333333336,-3.0,12,0
C4_C1,j6013_1.sm,ocupacao_retrabalho,80.41666666666667,71.83333333333333,-8.583333333333334,12,0
C4_C1,j6016_1.sm,ocupacao_retrabalho,88.83333333333333,72.25,-16.583333333333332,12,0
C4_C1,j6019_1.sm,ocupacao_retrabalho,64.58333333333333,52.666666666666664,-11.916666666666666,12,0
C4_C1,j6021_1.sm,ocupacao_retrabalho,76.41666666666667,60.25,-16.166666666666668,12,0
C4_C1,j6024_1.sm,ocupacao_retrabalho,57.833333333333336,40.833333333333336,-17.0,12,0
C4_C1,j6027_1.sm,ocupacao_retrabalho,71.25,49.833333333333336,-21.416666666666668,12,0
C4_C1,j602_1.sm,ocupacao_retrabalho,64.58333333333333,52.083333333333336,-12.5,12,0
C4_C1,j6032_1.sm,ocupacao_retrabalho,65.58333333333333,48.5,-17.083333333333332,12,0
C4_C1,j6035_1.sm,ocupacao_retrabalho,78.75,56.666666666666664,-22.083333333333332,12,0
C4_C1,j6038_1.sm,ocupacao_retrabalho,66.16666666666667,55.25,-10.916666666666666,12,0
C4_C1,j6040_1.sm,ocupacao_retrabalho,84.66666666666667,58.166666666666664,-26.5,12,0
C4_C1,j6043_1.sm,ocupacao_retrabalho,62.333333333333336,49.333333333333336,-13.0,12,0
C4_C1,j6046_1.sm,ocupacao_retrabalho,85.5,62.666666666666664,-22.833333333333332,12,0
C4_C1,j604_1.sm,ocupacao_retrabalho,90.83333333333333,59.5,-31.333333333333332,12,0
C4_C1,j607_1.sm,ocupacao_retrabalho,68.0,50.0,-18.0,12,0
C4_C1,j6010_1.sm,extensoes_horizonte,0.0,0.0,0.0,12,0
C4_C1,j6013_1.sm,extensoes_horizonte,0.0,0.0,0.0,12,0
C4_C1,j6016_1.sm,extensoes_horizonte,0.0,0.0,0.0,12,0
C4_C1,j6019_1.sm,extensoes_horizonte,0.0,0.0,0.0,12,0
C4_C1,j6021_1.sm,extensoes_horizonte,0.0,0.0,0.0,12,0
C4_C1,j6024_1.sm,extensoes_horizonte,0.0,0.0,0.0,12,0
C4_C1,j6027_1.sm,extensoes_horizonte,0.0,0.0,0.0,12,0
C4_C1,j602_1.sm,extensoes_horizonte,0.0,0.0,0.0,12,0
C4_C1,j6032_1.sm,extensoes_horizonte,0.0,0.0,0.0,12,0
C4_C1,j6035_1.sm,extensoes_horizonte,0.0,0.0,0.0,12,0
C4_C1,j6038_1.sm,extensoes_horizonte,0.0,0.0,0.0,12,0
C4_C1,j6040_1.sm,extensoes_horizonte,0.0,0.0,0.0,12,0
C4_C1,j6043_1.sm,extensoes_horizonte,0.0,0.0,0.0,12,0
C4_C1,j6046_1.sm,extensoes_horizonte,0.0,0.0,0.0,12,0
C4_C1,j604_1.sm,extensoes_horizonte,0.0,0.0,0.0,12,0
C4_C1,j607_1.sm,extensoes_horizonte,0.0,0.0,0.0,12,0
C4_C1,j6010_1.sm,confianca_media_final,0.25,0.7999999999999999,0.5499999999999999,12,0
C4_C1,j6013_1.sm,confianca_media_final,0.25,0.7999999999999999,0.5499999999999999,12,0
C4_C1,j6016_1.sm,confianca_media_final,0.25,0.7999999999999999,0.5499999999999999,12,0
C4_C1,j6019_1.sm,confianca_media_final,0.25,0.7999999999999999,0.5499999999999999,12,0
C4_C1,j6021_1.sm,confianca_media_final,0.25,0.7999999999999999,0.5499999999999999,12,0
C4_C1,j6024_1.sm,confianca_media_final,0.25,0.7999999999999999,0.5499999999999999,12,0
C4_C1,j6027_1.sm,confianca_media_final,0.25,0.7999999999999999,0.5499999999999999,12,0
C4_C1,j602_1.sm,confianca_media_final,0.25,0.7999999999999999,0.5499999999999999,12,0
C4_C1,j6032_1.sm,confianca_media_final,0.25,0.7999999999999999,0.5499999999999999,12,0
C4_C1,j6035_1.sm,confianca_media_final,0.25,0.7999999999999999,0.5499999999999999,12,0
C4_C1,j6038_1.sm,confianca_media_final,0.25,0.7999999999999999,0.5499999999999999,12,0
C4_C1,j6040_1.sm,confianca_media_final,0.25,0.7999999999999999,0.5499999999999999,12,0
C4_C1,j6043_1.sm,confianca_media_final,0.25,0.7999999999999999,0.5499999999999999,12,0
C4_C1,j6046_1.sm,confianca_media_final,0.25,0.7999999999999999,0.5499999999999999,12,0
C4_C1,j604_1.sm,confianca_media_final,0.25,0.7999999999999999,0.5499999999999999,12,0
C4_C1,j607_1.sm,confianca_media_final,0.25,0.7999999999999999,0.5499999999999999,12,0
C4_C1_C3_media_eventos,j6010_1.sm,concluiu,1.0,1.0,0.0,12,0
C4_C1_C3_media_eventos,j6013_1.sm,concluiu,1.0,1.0,0.0,12,0
C4_C1_C3_media_eventos,j6016_1.sm,concluiu,1.0,1.0,0.0,12,0
C4_C1_C3_media_eventos,j6019_1.sm,concluiu,1.0,1.0,0.0,12,0
C4_C1_C3_media_eventos,j6021_1.sm,concluiu,1.0,1.0,0.0,12,0
C4_C1_C3_media_eventos,j6024_1.sm,concluiu,1.0,1.0,0.0,12,0
C4_C1_C3_media_eventos,j6027_1.sm,concluiu,1.0,1.0,0.0,12,0
C4_C1_C3_media_eventos,j602_1.sm,concluiu,1.0,1.0,0.0,12,0
C4_C1_C3_media_eventos,j6032_1.sm,concluiu,1.0,1.0,0.0,12,0
C4_C1_C3_media_eventos,j6035_1.sm,concluiu,1.0,1.0,0.0,12,0
C4_C1_C3_media_eventos,j6038_1.sm,concluiu,1.0,1.0,0.0,12,0
C4_C1_C3_media_eventos,j6040_1.sm,concluiu,1.0,1.0,0.0,12,0
C4_C1_C3_media_eventos,j6043_1.sm,concluiu,1.0,1.0,0.0,12,0
C4_C1_C3_media_eventos,j6046_1.sm,concluiu,1.0,1.0,0.0,12,0
C4_C1_C3_media_eventos,j604_1.sm,concluiu,1.0,1.0,0.0,12,0
C4_C1_C3_media_eventos,j607_1.sm,concluiu,1.0,1.0,0.0,12,0
C4_C1_C3_media_eventos,j6010_1.sm,makespan,204.16666666666666,133.91666666666666,-70.25,12,0
C4_C1_C3_media_eventos,j6013_1.sm,makespan,296.6666666666667,231.91666666666666,-64.75,12,0
C4_C1_C3_media_eventos,j6016_1.sm,makespan,233.33333333333334,133.58333333333334,-99.75,12,0
C4_C1_C3_media_eventos,j6019_1.sm,makespan,247.91666666666666,125.25,-122.66666666666667,12,0
C4_C1_C3_media_eventos,j6021_1.sm,makespan,284.5833333333333,195.83333333333334,-88.75,12,0
C4_C1_C3_media_eventos,j6024_1.sm,makespan,189.66666666666666,103.91666666666667,-85.75,12,0
C4_C1_C3_media_eventos,j6027_1.sm,makespan,228.5,142.41666666666666,-86.08333333333333,12,0
C4_C1_C3_media_eventos,j602_1.sm,makespan,217.25,118.08333333333333,-99.16666666666667,12,0
C4_C1_C3_media_eventos,j6032_1.sm,makespan,194.83333333333334,113.83333333333333,-81.0,12,0
C4_C1_C3_media_eventos,j6035_1.sm,makespan,204.91666666666666,136.5,-68.41666666666667,12,0
C4_C1_C3_media_eventos,j6038_1.sm,makespan,222.5,127.0,-95.5,12,0
C4_C1_C3_media_eventos,j6040_1.sm,makespan,233.08333333333334,132.16666666666666,-100.91666666666667,12,0
C4_C1_C3_media_eventos,j6043_1.sm,makespan,243.16666666666666,155.83333333333334,-87.33333333333333,12,0
C4_C1_C3_media_eventos,j6046_1.sm,makespan,241.25,149.33333333333334,-91.91666666666667,12,0
C4_C1_C3_media_eventos,j604_1.sm,makespan,225.08333333333334,132.75,-92.33333333333333,12,0
C4_C1_C3_media_eventos,j607_1.sm,makespan,202.91666666666666,127.25,-75.66666666666667,12,0
C4_C1_C3_media_eventos,j6010_1.sm,makespan_cpm,85.0,85.0,0.0,12,0
C4_C1_C3_media_eventos,j6013_1.sm,makespan_cpm,69.0,69.0,0.0,12,0
C4_C1_C3_media_eventos,j6016_1.sm,makespan_cpm,64.0,64.0,0.0,12,0
C4_C1_C3_media_eventos,j6019_1.sm,makespan_cpm,62.0,62.0,0.0,12,0
C4_C1_C3_media_eventos,j6021_1.sm,makespan_cpm,76.0,76.0,0.0,12,0
C4_C1_C3_media_eventos,j6024_1.sm,makespan_cpm,65.0,65.0,0.0,12,0
C4_C1_C3_media_eventos,j6027_1.sm,makespan_cpm,96.0,96.0,0.0,12,0
C4_C1_C3_media_eventos,j602_1.sm,makespan_cpm,65.0,65.0,0.0,12,0
C4_C1_C3_media_eventos,j6032_1.sm,makespan_cpm,69.0,69.0,0.0,12,0
C4_C1_C3_media_eventos,j6035_1.sm,makespan_cpm,78.0,78.0,0.0,12,0
C4_C1_C3_media_eventos,j6038_1.sm,makespan_cpm,73.0,73.0,0.0,12,0
C4_C1_C3_media_eventos,j6040_1.sm,makespan_cpm,86.0,86.0,0.0,12,0
C4_C1_C3_media_eventos,j6043_1.sm,makespan_cpm,108.0,108.0,0.0,12,0
C4_C1_C3_media_eventos,j6046_1.sm,makespan_cpm,78.0,78.0,0.0,12,0
C4_C1_C3_media_eventos,j604_1.sm,makespan_cpm,84.0,84.0,0.0,12,0
C4_C1_C3_media_eventos,j607_1.sm,makespan_cpm,77.0,77.0,0.0,12,0
C4_C1_C3_media_eventos,j6010_1.sm,E_total,0.7447687691112826,0.8552733665321329,0.11050459742085032,12,0
C4_C1_C3_media_eventos,j6013_1.sm,E_total,0.7825870359621657,0.8489120168515786,0.06632498088941279,12,0
C4_C1_C3_media_eventos,j6016_1.sm,E_total,0.7538069090523533,0.8514297871487729,0.09762287809641974,12,0
C4_C1_C3_media_eventos,j6019_1.sm,E_total,0.7749445964623658,0.8661159235014733,0.09117132703910746,12,0
C4_C1_C3_media_eventos,j6021_1.sm,E_total,0.7716130209949856,0.8663481628881632,0.09473514189317757,12,0
C4_C1_C3_media_eventos,j6024_1.sm,E_total,0.7410324385112093,0.874061167198051,0.1330287286868418,12,0
C4_C1_C3_media_eventos,j6027_1.sm,E_total,0.7443527574559751,0.862066151309682,0.11771339385370683,12,0
C4_C1_C3_media_eventos,j602_1.sm,E_total,0.7654587554490772,0.8590578464873504,0.09359909103827309,12,0
C4_C1_C3_media_eventos,j6032_1.sm,E_total,0.7494547557987109,0.8726203086007956,0.12316555280208467,12,0
C4_C1_C3_media_eventos,j6035_1.sm,E_total,0.7613569610331622,0.8565644807274556,0.09520751969429327,12,0
C4_C1_C3_media_eventos,j6038_1.sm,E_total,0.7837032211773093,0.8650884276004418,0.08138520642313261,12,0
C4_C1_C3_media_eventos,j6040_1.sm,E_total,0.7478669786954412,0.8668741643028014,0.11900718560736034,12,0
C4_C1_C3_media_eventos,j6043_1.sm,E_total,0.6850109105584105,0.8594191640921869,0.17440825353377654,12,0
C4_C1_C3_media_eventos,j6046_1.sm,E_total,0.6969719297891567,0.840977594454405,0.14400566466524845,12,0
C4_C1_C3_media_eventos,j604_1.sm,E_total,0.7653231760784284,0.8717659812928602,0.10644280521443171,12,0
C4_C1_C3_media_eventos,j607_1.sm,E_total,0.7502810559481222,0.8654659698239532,0.115184913875831,12,0
C4_C1_C3_media_eventos,j6010_1.sm,S_UR_final,2.4054832200211723e-16,1.850371707708594e-17,-2.220446049250313e-16,12,0
C4_C1_C3_media_eventos,j6013_1.sm,S_UR_final,1.0547118733938987e-15,1.4802973661668753e-16,-9.066821367772111e-16,12,0
C4_C1_C3_media_eventos,j6016_1.sm,S_UR_final,4.810966440042345e-16,7.401486830834377e-17,-4.070817756958907e-16,12,0
C4_C1_C3_media_eventos,j6019_1.sm,S_UR_final,1.1102230246251565e-15,0.0,-1.1102230246251565e-15,12,0
C4_C1_C3_media_eventos,j6021_1.sm,S_UR_final,1.6283271027835629e-15,0.0,-1.6283271027835629e-15,12,0
C4_C1_C3_media_eventos,j6024_1.sm,S_UR_final,5.181040781584064e-16,0.0,-5.181040781584064e-16,12,0
C4_C1_C3_media_eventos,j6027_1.sm,S_UR_final,6.661338147750939e-16,0.0,-6.661338147750939e-16,12,0
C4_C1_C3_media_eventos,j602_1.sm,S_UR_final,8.141635513917814e-16,7.401486830834377e-17,-7.401486830834377e-16,12,0
C4_C1_C3_media_eventos,j6032_1.sm,S_UR_final,1.0362081563168128e-15,0.0,-1.0362081563168128e-15,12,0
C4_C1_C3_media_eventos,j6035_1.sm,S_UR_final,1.924386576016938e-15,0.0,-1.924386576016938e-15,12,0
C4_C1_C3_media_eventos,j6038_1.sm,S_UR_final,9.3443771239284e-16,0.0,-9.3443771239284e-16,12,0
C4_C1_C3_media_eventos,j6040_1.sm,S_UR_final,9.62193288008469e-16,0.0,-9.62193288008469e-16,12,0
C4_C1_C3_media_eventos,j6043_1.sm,S_UR_final,1.4802973661668753e-16,0.0,-1.4802973661668753e-16,12,0
C4_C1_C3_media_eventos,j6046_1.sm,S_UR_final,6.291263806209221e-16,1.1102230246251565e-16,-5.181040781584064e-16,12,0
C4_C1_C3_media_eventos,j604_1.sm,S_UR_final,1.841119849170051e-15,0.0,-1.841119849170051e-15,12,0
C4_C1_C3_media_eventos,j607_1.sm,S_UR_final,1.0177044392397268e-15,1.1102230246251565e-16,-9.066821367772111e-16,12,0
C4_C1_C3_media_eventos,j6010_1.sm,S_UR_maximo,22.43897752034843,6.24716530874426,-16.191812211604173,12,0
C4_C1_C3_media_eventos,j6013_1.sm,S_UR_maximo,23.29104064919147,9.323024799579839,-13.968015849611627,12,0
C4_C1_C3_media_eventos,j6016_1.sm,S_UR_maximo,36.25011779043063,9.44078845041628,-26.809329340014347,12,0
C4_C1_C3_media_eventos,j6019_1.sm,S_UR_maximo,25.53852718701813,6.300078864306872,-19.238448322711253,12,0
C4_C1_C3_media_eventos,j6021_1.sm,S_UR_maximo,27.194396744936586,7.735079334412785,-19.4593174105238,12,0
C4_C1_C3_media_eventos,j6024_1.sm,S_UR_maximo,23.124287563990862,6.192435048549764,-16.931852515441097,12,0
C4_C1_C3_media_eventos,j6027_1.sm,S_UR_maximo,23.37111229509165,5.372542137109043,-17.99857015798261,12,0
C4_C1_C3_media_eventos,j602_1.sm,S_UR_maximo,23.90002788523769,6.981509047472304,-16.91851883776539,12,0
C4_C1_C3_media_eventos,j6032_1.sm,S_UR_maximo,25.301641599849106,5.999056344978338,-19.302585254870774,12,0
C4_C1_C3_media_eventos,j6035_1.sm,S_UR_maximo,26.5214189908653,5.749429197574948,-20.771989793290356,12,0
C4_C1_C3_media_eventos,j6038_1.sm,S_UR_maximo,25.013868493150383,6.881686285862564,-18.132182207287816,12,0
C4_C1_C3_media_eventos,j6040_1.sm,S_UR_maximo,28.081970621188265,7.504472000295956,-20.57749862089231,12,0
C4_C1_C3_media_eventos,j6043_1.sm,S_UR_maximo,20.71797310536319,5.8329138540731975,-14.885059251289993,12,0
C4_C1_C3_media_eventos,j6046_1.sm,S_UR_maximo,29.25707928566537,8.213170761348747,-21.04390852431662,12,0
C4_C1_C3_media_eventos,j604_1.sm,S_UR_maximo,30.72043924454619,6.854046443623311,-23.86639280092288,12,0
C4_C1_C3_media_eventos,j607_1.sm,S_UR_maximo,25.14348636362121,5.886322171226109,-19.2571641923951,12,0
C4_C1_C3_media_eventos,j6010_1.sm,S_PV_final,246.5,296.8333333333333,50.333333333333336,12,0
C4_C1_C3_media_eventos,j6013_1.sm,S_PV_final,255.75,315.1666666666667,59.416666666666664,12,0
C4_C1_C3_media_eventos,j6016_1.sm,S_PV_final,268.5,334.5,66.0,12,0
C4_C1_C3_media_eventos,j6019_1.sm,S_PV_final,251.75,314.5833333333333,62.833333333333336,12,0
C4_C1_C3_media_eventos,j6021_1.sm,S_PV_final,247.0,310.0833333333333,63.083333333333336,12,0
C4_C1_C3_media_eventos,j6024_1.sm,S_PV_final,216.5,265.5,49.0,12,0
C4_C1_C3_media_eventos,j6027_1.sm,S_PV_final,259.75,324.5,64.75,12,0
C4_C1_C3_media_eventos,j602_1.sm,S_PV_final,250.25,300.6666666666667,50.416666666666664,12,0
C4_C1_C3_media_eventos,j6032_1.sm,S_PV_final,255.5,315.0833333333333,59.583333333333336,12,0
C4_C1_C3_media_eventos,j6035_1.sm,S_PV_final,266.25,333.8333333333333,67.58333333333333,12,0
C4_C1_C3_media_eventos,j6038_1.sm,S_PV_final,259.0,317.4166666666667,58.416666666666664,12,0
C4_C1_C3_media_eventos,j6040_1.sm,S_PV_final,283.0,348.6666666666667,65.66666666666667,12,0
C4_C1_C3_media_eventos,j6043_1.sm,S_PV_final,253.41666666666666,306.0,52.583333333333336,12,0
C4_C1_C3_media_eventos,j6046_1.sm,S_PV_final,227.08333333333334,296.25,69.16666666666667,12,0
C4_C1_C3_media_eventos,j604_1.sm,S_PV_final,286.5,361.4166666666667,74.91666666666667,12,0
C4_C1_C3_media_eventos,j607_1.sm,S_PV_final,256.9166666666667,313.0,56.083333333333336,12,0
C4_C1_C3_media_eventos,j6010_1.sm,TW,560.75,452.6666666666667,-108.08333333333333,12,0
C4_C1_C3_media_eventos,j6013_1.sm,TW,579.3333333333334,500.4166666666667,-78.91666666666667,12,0
C4_C1_C3_media_eventos,j6016_1.sm,TW,700.0,557.0833333333334,-142.91666666666666,12,0
C4_C1_C3_media_eventos,j6019_1.sm,TW,612.0,496.0,-116.0,12,0
C4_C1_C3_media_eventos,j6021_1.sm,TW,561.1666666666666,463.9166666666667,-97.25,12,0
C4_C1_C3_media_eventos,j6024_1.sm,TW,499.5833333333333,403.1666666666667,-96.41666666666667,12,0
C4_C1_C3_media_eventos,j6027_1.sm,TW,566.0,461.4166666666667,-104.58333333333333,12,0
C4_C1_C3_media_eventos,j602_1.sm,TW,595.5,474.5833333333333,-120.91666666666667,12,0
C4_C1_C3_media_eventos,j6032_1.sm,TW,617.0833333333334,499.5,-117.58333333333333,12,0
C4_C1_C3_media_eventos,j6035_1.sm,TW,646.4166666666666,514.0833333333334,-132.33333333333334,12,0
C4_C1_C3_media_eventos,j6038_1.sm,TW,620.3333333333334,487.1666666666667,-133.16666666666666,12,0
C4_C1_C3_media_eventos,j6040_1.sm,TW,672.5833333333334,546.6666666666666,-125.91666666666667,12,0
C4_C1_C3_media_eventos,j6043_1.sm,TW,546.5,448.1666666666667,-98.33333333333333,12,0
C4_C1_C3_media_eventos,j6046_1.sm,TW,568.25,449.6666666666667,-118.58333333333333,12,0
C4_C1_C3_media_eventos,j604_1.sm,TW,706.0,573.0833333333334,-132.91666666666666,12,0
C4_C1_C3_media_eventos,j607_1.sm,TW,615.25,497.5833333333333,-117.66666666666667,12,0
C4_C1_C3_media_eventos,j6010_1.sm,TL,0.0,10.0,10.0,12,0
C4_C1_C3_media_eventos,j6013_1.sm,TL,0.0,5.5,5.5,12,0
C4_C1_C3_media_eventos,j6016_1.sm,TL,0.0,10.416666666666666,10.416666666666666,12,0
C4_C1_C3_media_eventos,j6019_1.sm,TL,0.0,8.916666666666666,8.916666666666666,12,0
C4_C1_C3_media_eventos,j6021_1.sm,TL,0.0,6.666666666666667,6.666666666666667,12,0
C4_C1_C3_media_eventos,j6024_1.sm,TL,0.0,7.916666666666667,7.916666666666667,12,0
C4_C1_C3_media_eventos,j6027_1.sm,TL,0.0,10.916666666666666,10.916666666666666,12,0
C4_C1_C3_media_eventos,j602_1.sm,TL,0.0,10.25,10.25,12,0
C4_C1_C3_media_eventos,j6032_1.sm,TL,0.0,7.416666666666667,7.416666666666667,12,0
C4_C1_C3_media_eventos,j6035_1.sm,TL,0.0,10.166666666666666,10.166666666666666,12,0
C4_C1_C3_media_eventos,j6038_1.sm,TL,0.0,11.416666666666666,11.416666666666666,12,0
C4_C1_C3_media_eventos,j6040_1.sm,TL,0.0,8.833333333333334,8.833333333333334,12,0
C4_C1_C3_media_eventos,j6043_1.sm,TL,0.0,9.583333333333334,9.583333333333334,12,0
C4_C1_C3_media_eventos,j6046_1.sm,TL,0.0,11.083333333333334,11.083333333333334,12,0
C4_C1_C3_media_eventos,j604_1.sm,TL,0.0,9.916666666666666,9.916666666666666,12,0
C4_C1_C3_media_eventos,j607_1.sm,TL,0.0,8.0,8.0,12,0
C4_C1_C3_media_eventos,j6010_1.sm,TU,136.33333333333334,16.833333333333332,-119.5,12,0
C4_C1_C3_media_eventos,j6013_1.sm,TU,86.91666666666667,7.166666666666667,-79.75,12,0
C4_C1_C3_media_eventos,j6016_1.sm,TU,138.66666666666666,16.916666666666668,-121.75,12,0
C4_C1_C3_media_eventos,j6019_1.sm,TU,116.33333333333333,17.5,-98.83333333333333,12,0
C4_C1_C3_media_eventos,j6021_1.sm,TU,92.41666666666667,9.333333333333334,-83.08333333333333,12,0
C4_C1_C3_media_eventos,j6024_1.sm,TU,125.83333333333333,17.0,-108.83333333333333,12,0
C4_C1_C3_media_eventos,j6027_1.sm,TU,134.0,19.75,-114.25,12,0
C4_C1_C3_media_eventos,j602_1.sm,TU,128.16666666666666,20.25,-107.91666666666667,12,0
C4_C1_C3_media_eventos,j6032_1.sm,TU,144.58333333333334,20.583333333333332,-124.0,12,0
C4_C1_C3_media_eventos,j6035_1.sm,TU,137.66666666666666,18.583333333333332,-119.08333333333333,12,0
C4_C1_C3_media_eventos,j6038_1.sm,TU,108.16666666666667,17.166666666666668,-91.0,12,0
C4_C1_C3_media_eventos,j6040_1.sm,TU,152.66666666666666,19.333333333333332,-133.33333333333334,12,0
C4_C1_C3_media_eventos,j6043_1.sm,TU,199.5,14.75,-184.75,12,0
C4_C1_C3_media_eventos,j6046_1.sm,TU,166.91666666666666,14.916666666666666,-152.0,12,0
C4_C1_C3_media_eventos,j604_1.sm,TU,139.91666666666666,23.0,-116.91666666666667,12,0
C4_C1_C3_media_eventos,j607_1.sm,TU,147.91666666666666,21.583333333333332,-126.33333333333333,12,0
C4_C1_C3_media_eventos,j6010_1.sm,TR,59.77261479715651,49.82859814685016,-9.94401665030635,12,0
C4_C1_C3_media_eventos,j6013_1.sm,TR,77.95832964891058,77.35143236273595,-0.6068972861746289,12,0
C4_C1_C3_media_eventos,j6016_1.sm,TR,91.45481856877753,70.3271552494784,-21.12766331929912,12,0
C4_C1_C3_media_eventos,j6019_1.sm,TR,63.23788113472629,50.627185108781525,-12.610696025944774,12,0
C4_C1_C3_media_eventos,j6021_1.sm,TR,78.3842121243999,56.0218281493628,-22.3623839750371,12,0
C4_C1_C3_media_eventos,j6024_1.sm,TR,51.62677852841142,34.063389830519775,-17.56338869789165,12,0
C4_C1_C3_media_eventos,j6027_1.sm,TR,63.41721317357084,43.430825386448475,-19.986387787122368,12,0
C4_C1_C3_media_eventos,j602_1.sm,TR,58.199638153123004,47.54016024760168,-10.659477905521333,12,0
C4_C1_C3_media_eventos,j6032_1.sm,TR,64.71148563178654,45.51490048057648,-19.196585151210062,12,0
C4_C1_C3_media_eventos,j6035_1.sm,TR,69.31261619416753,57.84972976371537,-11.462886430452178,12,0
C4_C1_C3_media_eventos,j6038_1.sm,TR,67.8237297450424,47.7657004030194,-20.058029342023,12,0
C4_C1_C3_media_eventos,j6040_1.sm,TR,76.14462769169437,56.058385830990595,-20.08624186070377,12,0
C4_C1_C3_media_eventos,j6043_1.sm,TR,57.855437329484005,49.661265429454794,-8.194171900029213,12,0
C4_C1_C3_media_eventos,j6046_1.sm,TR,81.62170684098912,59.55031120766605,-22.07139563332308,12,0
C4_C1_C3_media_eventos,j604_1.sm,TR,79.24317803896946,51.56034696017078,-27.68283107879869,12,0
C4_C1_C3_media_eventos,j607_1.sm,TR,60.452739250021004,48.30283915428848,-12.149900095732518,12,0
C4_C1_C3_media_eventos,j6010_1.sm,n_limpas,47.666666666666664,55.666666666666664,8.0,12,0
C4_C1_C3_media_eventos,j6013_1.sm,n_limpas,46.916666666666664,56.083333333333336,9.166666666666666,12,0
C4_C1_C3_media_eventos,j6016_1.sm,n_limpas,45.5,55.333333333333336,9.833333333333334,12,0
C4_C1_C3_media_eventos,j6019_1.sm,n_limpas,46.75,56.5,9.75,12,0
C4_C1_C3_media_eventos,j6021_1.sm,n_limpas,46.666666666666664,56.416666666666664,9.75,12,0
C4_C1_C3_media_eventos,j6024_1.sm,n_limpas,48.25,56.916666666666664,8.666666666666666,12,0
C4_C1_C3_media_eventos,j6027_1.sm,n_limpas,46.0,56.333333333333336,10.333333333333334,12,0
C4_C1_C3_media_eventos,j602_1.sm,n_limpas,47.75,55.75,8.0,12,0
C4_C1_C3_media_eventos,j6032_1.sm,n_limpas,46.833333333333336,56.416666666666664,9.583333333333334,12,0
C4_C1_C3_media_eventos,j6035_1.sm,n_limpas,46.166666666666664,56.666666666666664,10.5,12,0
C4_C1_C3_media_eventos,j6038_1.sm,n_limpas,46.75,56.333333333333336,9.583333333333334,12,0
C4_C1_C3_media_eventos,j6040_1.sm,n_limpas,46.916666666666664,56.25,9.333333333333334,12,0
C4_C1_C3_media_eventos,j6043_1.sm,n_limpas,47.25,55.666666666666664,8.416666666666666,12,0
C4_C1_C3_media_eventos,j6046_1.sm,n_limpas,44.666666666666664,55.833333333333336,11.166666666666666,12,0
C4_C1_C3_media_eventos,j604_1.sm,n_limpas,46.416666666666664,57.0,10.583333333333334,12,0
C4_C1_C3_media_eventos,j607_1.sm,n_limpas,47.666666666666664,56.25,8.583333333333334,12,0
C4_C1_C3_media_eventos,j6010_1.sm,n_com_erro,12.333333333333334,4.333333333333333,-8.0,12,0
C4_C1_C3_media_eventos,j6013_1.sm,n_com_erro,13.083333333333334,3.9166666666666665,-9.166666666666666,12,0
C4_C1_C3_media_eventos,j6016_1.sm,n_com_erro,14.5,4.666666666666667,-9.833333333333334,12,0
C4_C1_C3_media_eventos,j6019_1.sm,n_com_erro,13.25,3.5,-9.75,12,0
C4_C1_C3_media_eventos,j6021_1.sm,n_com_erro,13.333333333333334,3.5833333333333335,-9.75,12,0
C4_C1_C3_media_eventos,j6024_1.sm,n_com_erro,11.75,3.0833333333333335,-8.666666666666666,12,0
C4_C1_C3_media_eventos,j6027_1.sm,n_com_erro,14.0,3.6666666666666665,-10.333333333333334,12,0
C4_C1_C3_media_eventos,j602_1.sm,n_com_erro,12.25,4.25,-8.0,12,0
C4_C1_C3_media_eventos,j6032_1.sm,n_com_erro,13.166666666666666,3.5833333333333335,-9.583333333333334,12,0
C4_C1_C3_media_eventos,j6035_1.sm,n_com_erro,13.833333333333334,3.3333333333333335,-10.5,12,0
C4_C1_C3_media_eventos,j6038_1.sm,n_com_erro,13.25,3.6666666666666665,-9.583333333333334,12,0
C4_C1_C3_media_eventos,j6040_1.sm,n_com_erro,13.083333333333334,3.75,-9.333333333333334,12,0
C4_C1_C3_media_eventos,j6043_1.sm,n_com_erro,12.75,4.333333333333333,-8.416666666666666,12,0
C4_C1_C3_media_eventos,j6046_1.sm,n_com_erro,15.333333333333334,4.166666666666667,-11.166666666666666,12,0
C4_C1_C3_media_eventos,j604_1.sm,n_com_erro,13.583333333333334,3.0,-10.583333333333334,12,0
C4_C1_C3_media_eventos,j607_1.sm,n_com_erro,12.333333333333334,3.75,-8.583333333333334,12,0
C4_C1_C3_media_eventos,j6010_1.sm,n_reportadas,2.1666666666666665,9.666666666666666,7.5,12,0
C4_C1_C3_media_eventos,j6013_1.sm,n_reportadas,2.4166666666666665,11.666666666666666,9.25,12,0
C4_C1_C3_media_eventos,j6016_1.sm,n_reportadas,2.0833333333333335,11.333333333333334,9.25,12,0
C4_C1_C3_media_eventos,j6019_1.sm,n_reportadas,1.5,10.0,8.5,12,0
C4_C1_C3_media_eventos,j6021_1.sm,n_reportadas,2.4166666666666665,10.833333333333334,8.416666666666666,12,0
C4_C1_C3_media_eventos,j6024_1.sm,n_reportadas,1.6666666666666667,8.416666666666666,6.75,12,0
C4_C1_C3_media_eventos,j6027_1.sm,n_reportadas,1.75,10.083333333333334,8.333333333333334,12,0
C4_C1_C3_media_eventos,j602_1.sm,n_reportadas,2.1666666666666665,8.5,6.333333333333333,12,0
C4_C1_C3_media_eventos,j6032_1.sm,n_reportadas,2.1666666666666665,9.416666666666666,7.25,12,0
C4_C1_C3_media_eventos,j6035_1.sm,n_reportadas,1.5833333333333333,11.833333333333334,10.25,12,0
C4_C1_C3_media_eventos,j6038_1.sm,n_reportadas,2.25,9.333333333333334,7.083333333333333,12,0
C4_C1_C3_media_eventos,j6040_1.sm,n_reportadas,2.3333333333333335,10.416666666666666,8.083333333333334,12,0
C4_C1_C3_media_eventos,j6043_1.sm,n_reportadas,1.6666666666666667,10.583333333333334,8.916666666666666,12,0
C4_C1_C3_media_eventos,j6046_1.sm,n_reportadas,2.3333333333333335,11.583333333333334,9.25,12,0
C4_C1_C3_media_eventos,j604_1.sm,n_reportadas,2.0833333333333335,9.75,7.666666666666667,12,0
C4_C1_C3_media_eventos,j607_1.sm,n_reportadas,1.75,10.416666666666666,8.666666666666666,12,0
C4_C1_C3_media_eventos,j6010_1.sm,n_adiamentos,0.0,0.0,0.0,12,0
C4_C1_C3_media_eventos,j6013_1.sm,n_adiamentos,0.0,0.0,0.0,12,0
C4_C1_C3_media_eventos,j6016_1.sm,n_adiamentos,0.0,0.0,0.0,12,0
C4_C1_C3_media_eventos,j6019_1.sm,n_adiamentos,0.0,0.0,0.0,12,0
C4_C1_C3_media_eventos,j6021_1.sm,n_adiamentos,0.0,0.0,0.0,12,0
C4_C1_C3_media_eventos,j6024_1.sm,n_adiamentos,0.0,0.0,0.0,12,0
C4_C1_C3_media_eventos,j6027_1.sm,n_adiamentos,0.0,0.0,0.0,12,0
C4_C1_C3_media_eventos,j602_1.sm,n_adiamentos,0.0,0.0,0.0,12,0
C4_C1_C3_media_eventos,j6032_1.sm,n_adiamentos,0.0,0.0,0.0,12,0
C4_C1_C3_media_eventos,j6035_1.sm,n_adiamentos,0.0,0.0,0.0,12,0
C4_C1_C3_media_eventos,j6038_1.sm,n_adiamentos,0.0,0.0,0.0,12,0
C4_C1_C3_media_eventos,j6040_1.sm,n_adiamentos,0.0,0.0,0.0,12,0
C4_C1_C3_media_eventos,j6043_1.sm,n_adiamentos,0.0,0.0,0.0,12,0
C4_C1_C3_media_eventos,j6046_1.sm,n_adiamentos,0.0,0.0,0.0,12,0
C4_C1_C3_media_eventos,j604_1.sm,n_adiamentos,0.0,0.0,0.0,12,0
C4_C1_C3_media_eventos,j607_1.sm,n_adiamentos,0.0,0.0,0.0,12,0
C4_C1_C3_media_eventos,j6010_1.sm,taxa_omissao,0.2055555555555556,0.07222222222222222,-0.13333333333333333,12,0
C4_C1_C3_media_eventos,j6013_1.sm,taxa_omissao,0.21805555555555553,0.06527777777777778,-0.1527777777777778,12,0
C4_C1_C3_media_eventos,j6016_1.sm,taxa_omissao,0.2416666666666667,0.07777777777777778,-0.1638888888888889,12,0
C4_C1_C3_media_eventos,j6019_1.sm,taxa_omissao,0.2208333333333333,0.05833333333333333,-0.1625,12,0
C4_C1_C3_media_eventos,j6021_1.sm,taxa_omissao,0.2222222222222222,0.05972222222222223,-0.1625,12,0
C4_C1_C3_media_eventos,j6024_1.sm,taxa_omissao,0.1958333333333333,0.051388888888888894,-0.14444444444444446,12,0
C4_C1_C3_media_eventos,j6027_1.sm,taxa_omissao,0.2333333333333333,0.061111111111111116,-0.17222222222222225,12,0
C4_C1_C3_media_eventos,j602_1.sm,taxa_omissao,0.2041666666666667,0.07083333333333333,-0.13333333333333333,12,0
C4_C1_C3_media_eventos,j6032_1.sm,taxa_omissao,0.21944444444444444,0.05972222222222223,-0.15972222222222224,12,0
C4_C1_C3_media_eventos,j6035_1.sm,taxa_omissao,0.23055555555555554,0.05555555555555556,-0.17500000000000002,12,0
C4_C1_C3_media_eventos,j6038_1.sm,taxa_omissao,0.22083333333333335,0.061111111111111116,-0.15972222222222224,12,0
C4_C1_C3_media_eventos,j6040_1.sm,taxa_omissao,0.21805555555555556,0.0625,-0.15555555555555553,12,0
C4_C1_C3_media_eventos,j6043_1.sm,taxa_omissao,0.2125,0.07222222222222223,-0.14027777777777775,12,0
C4_C1_C3_media_eventos,j6046_1.sm,taxa_omissao,0.25555555555555554,0.06944444444444445,-0.18611111111111112,12,0
C4_C1_C3_media_eventos,j604_1.sm,taxa_omissao,0.22638888888888886,0.049999999999999996,-0.17638888888888893,12,0
C4_C1_C3_media_eventos,j607_1.sm,taxa_omissao,0.20555555555555552,0.06250000000000001,-0.14305555555555557,12,0
C4_C1_C3_media_eventos,j6010_1.sm,E_plano,323.0,323.0,0.0,12,0
C4_C1_C3_media_eventos,j6013_1.sm,E_plano,340.0,340.0,0.0,12,0
C4_C1_C3_media_eventos,j6016_1.sm,E_plano,365.0,365.0,0.0,12,0
C4_C1_C3_media_eventos,j6019_1.sm,E_plano,336.0,336.0,0.0,12,0
C4_C1_C3_media_eventos,j6021_1.sm,E_plano,332.0,332.0,0.0,12,0
C4_C1_C3_media_eventos,j6024_1.sm,E_plano,284.0,284.0,0.0,12,0
C4_C1_C3_media_eventos,j6027_1.sm,E_plano,346.0,346.0,0.0,12,0
C4_C1_C3_media_eventos,j602_1.sm,E_plano,324.0,324.0,0.0,12,0
C4_C1_C3_media_eventos,j6032_1.sm,E_plano,337.0,337.0,0.0,12,0
C4_C1_C3_media_eventos,j6035_1.sm,E_plano,353.0,353.0,0.0,12,0
C4_C1_C3_media_eventos,j6038_1.sm,E_plano,341.0,341.0,0.0,12,0
C4_C1_C3_media_eventos,j6040_1.sm,E_plano,375.0,375.0,0.0,12,0
C4_C1_C3_media_eventos,j6043_1.sm,E_plano,334.0,334.0,0.0,12,0
C4_C1_C3_media_eventos,j6046_1.sm,E_plano,320.0,320.0,0.0,12,0
C4_C1_C3_media_eventos,j604_1.sm,E_plano,382.0,382.0,0.0,12,0
C4_C1_C3_media_eventos,j607_1.sm,E_plano,336.0,336.0,0.0,12,0
C4_C1_C3_media_eventos,j6010_1.sm,retrabalho_sobre_plano,0.18505453497571675,0.1542681057178024,-0.030786429257914406,12,0
C4_C1_C3_media_eventos,j6013_1.sm,retrabalho_sobre_plano,0.22928920484973703,0.22750421283157632,-0.001784992018160669,12,0
C4_C1_C3_media_eventos,j6016_1.sm,retrabalho_sobre_plano,0.250561146763774,0.19267713766980385,-0.0578840090939702,12,0
C4_C1_C3_media_eventos,j6019_1.sm,retrabalho_sobre_plano,0.18820797956763777,0.15067614615708783,-0.037531833410549935,12,0
C4_C1_C3_media_eventos,j6021_1.sm,retrabalho_sobre_plano,0.23609702447108402,0.1687404462330205,-0.06735657823806356,12,0
C4_C1_C3_media_eventos,j6024_1.sm,retrabalho_sobre_plano,0.18178443143806836,0.11994151348774569,-0.061842917950322714,12,0
C4_C1_C3_media_eventos,j6027_1.sm,retrabalho_sobre_plano,0.18328674327621633,0.12552261672383955,-0.05776412655237678,12,0
C4_C1_C3_media_eventos,j602_1.sm,retrabalho_sobre_plano,0.17962851281828088,0.1467288896530916,-0.03289962316518929,12,0
C4_C1_C3_media_eventos,j6032_1.sm,retrabalho_sobre_plano,0.19202221255723015,0.13505905187114683,-0.05696316068608328,12,0
C4_C1_C3_media_eventos,j6035_1.sm,retrabalho_sobre_plano,0.19635302038007804,0.16388025428814548,-0.03247276609193251,12,0
C4_C1_C3_media_eventos,j6038_1.sm,retrabalho_sobre_plano,0.19889656816727977,0.14007536775079005,-0.05882120041648973,12,0
C4_C1_C3_media_eventos,j6040_1.sm,retrabalho_sobre_plano,0.203052340511185,0.1494890288826416,-0.05356331162854338,12,0
C4_C1_C3_media_eventos,j6043_1.sm,retrabalho_sobre_plano,0.1732198722439641,0.1486864234414814,-0.024533448802482677,12,0
C4_C1_C3_media_eventos,j6046_1.sm,retrabalho_sobre_plano,0.255067833878091,0.18609472252395634,-0.06897311135413463,12,0
C4_C1_C3_media_eventos,j604_1.sm,retrabalho_sobre_plano,0.207442874447564,0.13497473026222714,-0.07246814418533687,12,0
C4_C1_C3_media_eventos,j607_1.sm,retrabalho_sobre_plano,0.17991886681553862,0.14375844986395378,-0.036160416951584874,12,0
C4_C1_C3_media_eventos,j6010_1.sm,divida_latente_sobre_plano,0.06947051863884963,0.01934106906731969,-0.05012944957152995,12,0
C4_C1_C3_media_eventos,j6013_1.sm,divida_latente_sobre_plano,0.06850306073291608,0.027420661175234826,-0.04108239955768126,12,0
C4_C1_C3_media_eventos,j6016_1.sm,divida_latente_sobre_plano,0.09931539120665928,0.025865173836756943,-0.07345021736990233,12,0
C4_C1_C3_media_eventos,j6019_1.sm,divida_latente_sobre_plano,0.0760075213899349,0.018750234715199023,-0.057257286674735876,12,0
C4_C1_C3_media_eventos,j6021_1.sm,divida_latente_sobre_plano,0.08191083356908613,0.023298431730158994,-0.058612401838927124,12,0
C4_C1_C3_media_eventos,j6024_1.sm,divida_latente_sobre_plano,0.0814235477605312,0.021804348762499166,-0.05961919899803204,12,0
C4_C1_C3_media_eventos,j6027_1.sm,divida_latente_sobre_plano,0.06754656732685449,0.015527578430950989,-0.052018988895903485,12,0
C4_C1_C3_media_eventos,j602_1.sm,divida_latente_sobre_plano,0.07376551816431386,0.021547867430470075,-0.052217650733843796,12,0
C4_C1_C3_media_eventos,j6032_1.sm,divida_latente_sobre_plano,0.07507905519243059,0.017801354139401593,-0.05727770105302901,12,0
C4_C1_C3_media_eventos,j6035_1.sm,divida_latente_sobre_plano,0.07513149855769208,0.0162873348373228,-0.05884416372036929,12,0
C4_C1_C3_media_eventos,j6038_1.sm,divida_latente_sobre_plano,0.07335445305909204,0.02018089819901045,-0.05317355486008157,12,0
C4_C1_C3_media_eventos,j6040_1.sm,divida_latente_sobre_plano,0.07488525498983538,0.020011925334122552,-0.05487332965571284,12,0
C4_C1_C3_media_eventos,j6043_1.sm,divida_latente_sobre_plano,0.06202985959689577,0.017463813934350893,-0.044566045662544886,12,0
C4_C1_C3_media_eventos,j6046_1.sm,divida_latente_sobre_plano,0.09142837276770427,0.02566615862921483,-0.06576221413848944,12,0
C4_C1_C3_media_eventos,j604_1.sm,divida_latente_sobre_plano,0.08041999802237222,0.017942529957129087,-0.06247746806524313,12,0
C4_C1_C3_media_eventos,j607_1.sm,divida_latente_sobre_plano,0.07483180465363455,0.01751881598579199,-0.05731298866784256,12,0
C4_C1_C3_media_eventos,j6010_1.sm,retrabalho_sobre_esforco_realizado,0.0787630565524651,0.09403095788697048,0.015267901334505389,12,0
C4_C1_C3_media_eventos,j6013_1.sm,retrabalho_sobre_esforco_realizado,0.10504689021138043,0.12978056514768258,0.02473367493630212,12,0
C4_C1_C3_media_eventos,j6016_1.sm,retrabalho_sobre_esforco_realizado,0.09857449312908224,0.10682621935535513,0.008251726226272882,12,0
C4_C1_C3_media_eventos,j6019_1.sm,retrabalho_sobre_esforco_realizado,0.07943828814368023,0.08789379020134654,0.00845550205766629,12,0
C4_C1_C3_media_eventos,j6021_1.sm,retrabalho_sobre_esforco_realizado,0.10701344771916398,0.10366697470788334,-0.0033464730112806387,12,0
C4_C1_C3_media_eventos,j6024_1.sm,retrabalho_sobre_esforco_realizado,0.07690092491759054,0.07249449971018723,-0.004406425207403299,12,0
C4_C1_C3_media_eventos,j6027_1.sm,retrabalho_sobre_esforco_realizado,0.08365778365020697,0.08079068966051754,-0.002867093989689446,12,0
C4_C1_C3_media_eventos,j602_1.sm,retrabalho_sobre_esforco_realizado,0.07414485256107818,0.08554129991250224,0.011396447351424054,12,0
C4_C1_C3_media_eventos,j6032_1.sm,retrabalho_sobre_esforco_realizado,0.07828971169807362,0.07863616299776476,0.0003464512996911127,12,0
C4_C1_C3_media_eventos,j6035_1.sm,retrabalho_sobre_esforco_realizado,0.08081124093370264,0.0955345524280355,0.01472331149433286,12,0
C4_C1_C3_media_eventos,j6038_1.sm,retrabalho_sobre_esforco_realizado,0.08477119407923868,0.08407334222924617,-0.0006978518499925224,12,0
C4_C1_C3_media_eventos,j6040_1.sm,retrabalho_sobre_esforco_realizado,0.08502262912716947,0.08841468232560405,0.0033920531984345513,12,0
C4_C1_C3_media_eventos,j6043_1.sm,retrabalho_sobre_esforco_realizado,0.07180344546250018,0.09408192648574337,0.0222784810232432,12,0
C4_C1_C3_media_eventos,j6046_1.sm,retrabalho_sobre_esforco_realizado,0.0997935808120235,0.11053071940386762,0.010737138591844131,12,0
C4_C1_C3_media_eventos,j604_1.sm,retrabalho_sobre_esforco_realizado,0.08540116980034139,0.07811850769523238,-0.007282662105109017,12,0
C4_C1_C3_media_eventos,j607_1.sm,retrabalho_sobre_esforco_realizado,0.07248191515394369,0.08309693576143813,0.010615020607494438,12,0
C4_C1_C3_media_eventos,j6010_1.sm,p1_omissao,35.0,18.083333333333332,-16.916666666666668,12,0
C4_C1_C3_media_eventos,j6013_1.sm,p1_omissao,44.333333333333336,38.5,-5.833333333333333,12,0
C4_C1_C3_media_eventos,j6016_1.sm,p1_omissao,49.583333333333336,32.666666666666664,-16.916666666666668,12,0
C4_C1_C3_media_eventos,j6019_1.sm,p1_omissao,40.083333333333336,24.333333333333332,-15.75,12,0
C4_C1_C3_media_eventos,j6021_1.sm,p1_omissao,35.25,23.833333333333332,-11.416666666666666,12,0
C4_C1_C3_media_eventos,j6024_1.sm,p1_omissao,27.5,8.916666666666666,-18.583333333333332,12,0
C4_C1_C3_media_eventos,j6027_1.sm,p1_omissao,29.166666666666668,13.333333333333334,-15.833333333333334,12,0
C4_C1_C3_media_eventos,j602_1.sm,p1_omissao,44.166666666666664,24.166666666666668,-20.0,12,0
C4_C1_C3_media_eventos,j6032_1.sm,p1_omissao,36.916666666666664,17.916666666666668,-19.0,12,0
C4_C1_C3_media_eventos,j6035_1.sm,p1_omissao,40.583333333333336,21.666666666666668,-18.916666666666668,12,0
C4_C1_C3_media_eventos,j6038_1.sm,p1_omissao,36.666666666666664,19.666666666666668,-17.0,12,0
C4_C1_C3_media_eventos,j6040_1.sm,p1_omissao,42.25,23.083333333333332,-19.166666666666668,12,0
C4_C1_C3_media_eventos,j6043_1.sm,p1_omissao,30.166666666666668,11.583333333333334,-18.583333333333332,12,0
C4_C1_C3_media_eventos,j6046_1.sm,p1_omissao,44.333333333333336,23.25,-21.083333333333332,12,0
C4_C1_C3_media_eventos,j604_1.sm,p1_omissao,44.416666666666664,27.333333333333332,-17.083333333333332,12,0
C4_C1_C3_media_eventos,j607_1.sm,p1_omissao,43.166666666666664,20.916666666666668,-22.25,12,0
C4_C1_C3_media_eventos,j6010_1.sm,p1_fuga,0.0,0.0,0.0,12,0
C4_C1_C3_media_eventos,j6013_1.sm,p1_fuga,0.0,0.0,0.0,12,0
C4_C1_C3_media_eventos,j6016_1.sm,p1_fuga,0.0,0.0,0.0,12,0
C4_C1_C3_media_eventos,j6019_1.sm,p1_fuga,0.0,0.0,0.0,12,0
C4_C1_C3_media_eventos,j6021_1.sm,p1_fuga,0.0,0.0,0.0,12,0
C4_C1_C3_media_eventos,j6024_1.sm,p1_fuga,0.0,0.0,0.0,12,0
C4_C1_C3_media_eventos,j6027_1.sm,p1_fuga,0.0,0.0,0.0,12,0
C4_C1_C3_media_eventos,j602_1.sm,p1_fuga,0.0,0.0,0.0,12,0
C4_C1_C3_media_eventos,j6032_1.sm,p1_fuga,0.0,0.0,0.0,12,0
C4_C1_C3_media_eventos,j6035_1.sm,p1_fuga,0.0,0.0,0.0,12,0
C4_C1_C3_media_eventos,j6038_1.sm,p1_fuga,0.0,0.0,0.0,12,0
C4_C1_C3_media_eventos,j6040_1.sm,p1_fuga,0.0,0.0,0.0,12,0
C4_C1_C3_media_eventos,j6043_1.sm,p1_fuga,0.0,0.0,0.0,12,0
C4_C1_C3_media_eventos,j6046_1.sm,p1_fuga,0.0,0.0,0.0,12,0
C4_C1_C3_media_eventos,j604_1.sm,p1_fuga,0.0,0.0,0.0,12,0
C4_C1_C3_media_eventos,j607_1.sm,p1_fuga,0.0,0.0,0.0,12,0
C4_C1_C3_media_eventos,j6010_1.sm,p2_ajuda,0.0,10.0,10.0,12,0
C4_C1_C3_media_eventos,j6013_1.sm,p2_ajuda,0.0,5.5,5.5,12,0
C4_C1_C3_media_eventos,j6016_1.sm,p2_ajuda,0.0,10.416666666666666,10.416666666666666,12,0
C4_C1_C3_media_eventos,j6019_1.sm,p2_ajuda,0.0,8.916666666666666,8.916666666666666,12,0
C4_C1_C3_media_eventos,j6021_1.sm,p2_ajuda,0.0,6.666666666666667,6.666666666666667,12,0
C4_C1_C3_media_eventos,j6024_1.sm,p2_ajuda,0.0,7.916666666666667,7.916666666666667,12,0
C4_C1_C3_media_eventos,j6027_1.sm,p2_ajuda,0.0,10.916666666666666,10.916666666666666,12,0
C4_C1_C3_media_eventos,j602_1.sm,p2_ajuda,0.0,10.25,10.25,12,0
C4_C1_C3_media_eventos,j6032_1.sm,p2_ajuda,0.0,7.416666666666667,7.416666666666667,12,0
C4_C1_C3_media_eventos,j6035_1.sm,p2_ajuda,0.0,10.166666666666666,10.166666666666666,12,0
C4_C1_C3_media_eventos,j6038_1.sm,p2_ajuda,0.0,11.416666666666666,11.416666666666666,12,0
C4_C1_C3_media_eventos,j6040_1.sm,p2_ajuda,0.0,8.833333333333334,8.833333333333334,12,0
C4_C1_C3_media_eventos,j6043_1.sm,p2_ajuda,0.0,9.583333333333334,9.583333333333334,12,0
C4_C1_C3_media_eventos,j6046_1.sm,p2_ajuda,0.0,11.083333333333334,11.083333333333334,12,0
C4_C1_C3_media_eventos,j604_1.sm,p2_ajuda,0.0,9.916666666666666,9.916666666666666,12,0
C4_C1_C3_media_eventos,j607_1.sm,p2_ajuda,0.0,8.0,8.0,12,0
C4_C1_C3_media_eventos,j6010_1.sm,p2_bloqueio,136.33333333333334,16.833333333333332,-119.5,12,0
C4_C1_C3_media_eventos,j6013_1.sm,p2_bloqueio,86.91666666666667,7.166666666666667,-79.75,12,0
C4_C1_C3_media_eventos,j6016_1.sm,p2_bloqueio,138.66666666666666,16.916666666666668,-121.75,12,0
C4_C1_C3_media_eventos,j6019_1.sm,p2_bloqueio,116.33333333333333,17.5,-98.83333333333333,12,0
C4_C1_C3_media_eventos,j6021_1.sm,p2_bloqueio,92.41666666666667,9.333333333333334,-83.08333333333333,12,0
C4_C1_C3_media_eventos,j6024_1.sm,p2_bloqueio,125.83333333333333,17.0,-108.83333333333333,12,0
C4_C1_C3_media_eventos,j6027_1.sm,p2_bloqueio,134.0,19.75,-114.25,12,0
C4_C1_C3_media_eventos,j602_1.sm,p2_bloqueio,128.16666666666666,20.25,-107.91666666666667,12,0
C4_C1_C3_media_eventos,j6032_1.sm,p2_bloqueio,144.58333333333334,20.583333333333332,-124.0,12,0
C4_C1_C3_media_eventos,j6035_1.sm,p2_bloqueio,137.66666666666666,18.583333333333332,-119.08333333333333,12,0
C4_C1_C3_media_eventos,j6038_1.sm,p2_bloqueio,108.16666666666667,17.166666666666668,-91.0,12,0
C4_C1_C3_media_eventos,j6040_1.sm,p2_bloqueio,152.66666666666666,19.333333333333332,-133.33333333333334,12,0
C4_C1_C3_media_eventos,j6043_1.sm,p2_bloqueio,199.5,14.75,-184.75,12,0
C4_C1_C3_media_eventos,j6046_1.sm,p2_bloqueio,166.91666666666666,14.916666666666666,-152.0,12,0
C4_C1_C3_media_eventos,j604_1.sm,p2_bloqueio,139.91666666666666,23.0,-116.91666666666667,12,0
C4_C1_C3_media_eventos,j607_1.sm,p2_bloqueio,147.91666666666666,21.583333333333332,-126.33333333333333,12,0
C4_C1_C3_media_eventos,j6010_1.sm,p3_analitica,25.0,41.916666666666664,16.916666666666668,12,0
C4_C1_C3_media_eventos,j6013_1.sm,p3_analitica,15.666666666666666,21.5,5.833333333333333,12,0
C4_C1_C3_media_eventos,j6016_1.sm,p3_analitica,10.416666666666666,27.333333333333332,16.916666666666668,12,0
C4_C1_C3_media_eventos,j6019_1.sm,p3_analitica,19.916666666666668,35.666666666666664,15.75,12,0
C4_C1_C3_media_eventos,j6021_1.sm,p3_analitica,24.75,36.166666666666664,11.416666666666666,12,0
C4_C1_C3_media_eventos,j6024_1.sm,p3_analitica,32.5,51.083333333333336,18.583333333333332,12,0
C4_C1_C3_media_eventos,j6027_1.sm,p3_analitica,30.833333333333332,46.666666666666664,15.833333333333334,12,0
C4_C1_C3_media_eventos,j602_1.sm,p3_analitica,15.833333333333334,35.833333333333336,20.0,12,0
C4_C1_C3_media_eventos,j6032_1.sm,p3_analitica,23.083333333333332,42.083333333333336,19.0,12,0
C4_C1_C3_media_eventos,j6035_1.sm,p3_analitica,19.416666666666668,38.333333333333336,18.916666666666668,12,0
C4_C1_C3_media_eventos,j6038_1.sm,p3_analitica,23.333333333333332,40.333333333333336,17.0,12,0
C4_C1_C3_media_eventos,j6040_1.sm,p3_analitica,17.75,36.916666666666664,19.166666666666668,12,0
C4_C1_C3_media_eventos,j6043_1.sm,p3_analitica,29.833333333333332,48.416666666666664,18.583333333333332,12,0
C4_C1_C3_media_eventos,j6046_1.sm,p3_analitica,15.666666666666666,36.75,21.083333333333332,12,0
C4_C1_C3_media_eventos,j604_1.sm,p3_analitica,15.583333333333334,32.666666666666664,17.083333333333332,12,0
C4_C1_C3_media_eventos,j607_1.sm,p3_analitica,16.833333333333332,39.083333333333336,22.25,12,0
C4_C1_C3_media_eventos,j6010_1.sm,hiato_encontrado,136.33333333333334,26.833333333333332,-109.5,12,0
C4_C1_C3_media_eventos,j6013_1.sm,hiato_encontrado,86.91666666666667,12.666666666666666,-74.25,12,0
C4_C1_C3_media_eventos,j6016_1.sm,hiato_encontrado,138.66666666666666,27.333333333333332,-111.33333333333333,12,0
C4_C1_C3_media_eventos,j6019_1.sm,hiato_encontrado,116.33333333333333,26.416666666666668,-89.91666666666667,12,0
C4_C1_C3_media_eventos,j6021_1.sm,hiato_encontrado,92.41666666666667,16.0,-76.41666666666667,12,0
C4_C1_C3_media_eventos,j6024_1.sm,hiato_encontrado,125.83333333333333,24.916666666666668,-100.91666666666667,12,0
C4_C1_C3_media_eventos,j6027_1.sm,hiato_encontrado,134.0,30.666666666666668,-103.33333333333333,12,0
C4_C1_C3_media_eventos,j602_1.sm,hiato_encontrado,128.16666666666666,30.5,-97.66666666666667,12,0
C4_C1_C3_media_eventos,j6032_1.sm,hiato_encontrado,144.58333333333334,28.0,-116.58333333333333,12,0
C4_C1_C3_media_eventos,j6035_1.sm,hiato_encontrado,137.66666666666666,28.75,-108.91666666666667,12,0
C4_C1_C3_media_eventos,j6038_1.sm,hiato_encontrado,108.16666666666667,28.583333333333332,-79.58333333333333,12,0
C4_C1_C3_media_eventos,j6040_1.sm,hiato_encontrado,152.66666666666666,28.166666666666668,-124.5,12,0
C4_C1_C3_media_eventos,j6043_1.sm,hiato_encontrado,199.5,24.333333333333332,-175.16666666666666,12,0
C4_C1_C3_media_eventos,j6046_1.sm,hiato_encontrado,166.91666666666666,26.0,-140.91666666666666,12,0
C4_C1_C3_media_eventos,j604_1.sm,hiato_encontrado,139.91666666666666,32.916666666666664,-107.0,12,0
C4_C1_C3_media_eventos,j607_1.sm,hiato_encontrado,147.91666666666666,29.583333333333332,-118.33333333333333,12,0
C4_C1_C3_media_eventos,j6010_1.sm,hiato_sem_colega_capaz,47.25,16.833333333333332,-30.416666666666668,12,0
C4_C1_C3_media_eventos,j6013_1.sm,hiato_sem_colega_capaz,22.0,7.166666666666667,-14.833333333333334,12,0
C4_C1_C3_media_eventos,j6016_1.sm,hiato_sem_colega_capaz,47.583333333333336,16.916666666666668,-30.666666666666668,12,0
C4_C1_C3_media_eventos,j6019_1.sm,hiato_sem_colega_capaz,46.916666666666664,17.5,-29.416666666666668,12,0
C4_C1_C3_media_eventos,j6021_1.sm,hiato_sem_colega_capaz,25.75,9.333333333333334,-16.416666666666668,12,0
C4_C1_C3_media_eventos,j6024_1.sm,hiato_sem_colega_capaz,49.166666666666664,17.0,-32.166666666666664,12,0
C4_C1_C3_media_eventos,j6027_1.sm,hiato_sem_colega_capaz,46.833333333333336,19.75,-27.083333333333332,12,0
C4_C1_C3_media_eventos,j602_1.sm,hiato_sem_colega_capaz,51.083333333333336,20.25,-30.833333333333332,12,0
C4_C1_C3_media_eventos,j6032_1.sm,hiato_sem_colega_capaz,60.666666666666664,20.583333333333332,-40.083333333333336,12,0
C4_C1_C3_media_eventos,j6035_1.sm,hiato_sem_colega_capaz,52.833333333333336,18.583333333333332,-34.25,12,0
C4_C1_C3_media_eventos,j6038_1.sm,hiato_sem_colega_capaz,38.0,17.166666666666668,-20.833333333333332,12,0
C4_C1_C3_media_eventos,j6040_1.sm,hiato_sem_colega_capaz,57.5,19.333333333333332,-38.166666666666664,12,0
C4_C1_C3_media_eventos,j6043_1.sm,hiato_sem_colega_capaz,58.166666666666664,14.75,-43.416666666666664,12,0
C4_C1_C3_media_eventos,j6046_1.sm,hiato_sem_colega_capaz,49.083333333333336,14.916666666666666,-34.166666666666664,12,0
C4_C1_C3_media_eventos,j604_1.sm,hiato_sem_colega_capaz,57.833333333333336,23.0,-34.833333333333336,12,0
C4_C1_C3_media_eventos,j607_1.sm,hiato_sem_colega_capaz,55.333333333333336,21.583333333333332,-33.75,12,0
C4_C1_C3_media_eventos,j6010_1.sm,hiato_sem_colega_livre,10.0,6.25,-3.75,12,0
C4_C1_C3_media_eventos,j6013_1.sm,hiato_sem_colega_livre,0.0,1.0,1.0,12,0
C4_C1_C3_media_eventos,j6016_1.sm,hiato_sem_colega_livre,8.583333333333334,6.166666666666667,-2.4166666666666665,12,0
C4_C1_C3_media_eventos,j6019_1.sm,hiato_sem_colega_livre,17.583333333333332,8.0,-9.583333333333334,12,0
C4_C1_C3_media_eventos,j6021_1.sm,hiato_sem_colega_livre,0.5833333333333334,2.0,1.4166666666666667,12,0
C4_C1_C3_media_eventos,j6024_1.sm,hiato_sem_colega_livre,18.416666666666668,8.583333333333334,-9.833333333333334,12,0
C4_C1_C3_media_eventos,j6027_1.sm,hiato_sem_colega_livre,9.083333333333334,8.166666666666666,-0.9166666666666666,12,0
C4_C1_C3_media_eventos,j602_1.sm,hiato_sem_colega_livre,18.0,9.666666666666666,-8.333333333333334,12,0
C4_C1_C3_media_eventos,j6032_1.sm,hiato_sem_colega_livre,23.416666666666668,12.416666666666666,-11.0,12,0
C4_C1_C3_media_eventos,j6035_1.sm,hiato_sem_colega_livre,18.0,8.25,-9.75,12,0
C4_C1_C3_media_eventos,j6038_1.sm,hiato_sem_colega_livre,10.0,4.916666666666667,-5.083333333333333,12,0
C4_C1_C3_media_eventos,j6040_1.sm,hiato_sem_colega_livre,17.666666666666668,10.083333333333334,-7.583333333333333,12,0
C4_C1_C3_media_eventos,j6043_1.sm,hiato_sem_colega_livre,3.0,4.333333333333333,1.3333333333333333,12,0
C4_C1_C3_media_eventos,j6046_1.sm,hiato_sem_colega_livre,2.0833333333333335,3.25,1.1666666666666667,12,0
C4_C1_C3_media_eventos,j604_1.sm,hiato_sem_colega_livre,21.75,12.5,-9.25,12,0
C4_C1_C3_media_eventos,j607_1.sm,hiato_sem_colega_livre,15.416666666666666,13.25,-2.1666666666666665,12,0
C4_C1_C3_media_eventos,j6010_1.sm,hiato_colega_capaz_sem_confianca,89.08333333333333,0.0,-89.08333333333333,12,0
C4_C1_C3_media_eventos,j6013_1.sm,hiato_colega_capaz_sem_confianca,64.91666666666667,0.0,-64.91666666666667,12,0
C4_C1_C3_media_eventos,j6016_1.sm,hiato_colega_capaz_sem_confianca,91.08333333333333,0.0,-91.08333333333333,12,0
C4_C1_C3_media_eventos,j6019_1.sm,hiato_colega_capaz_sem_confianca,69.41666666666667,0.0,-69.41666666666667,12,0
C4_C1_C3_media_eventos,j6021_1.sm,hiato_colega_capaz_sem_confianca,66.66666666666667,0.0,-66.66666666666667,12,0
C4_C1_C3_media_eventos,j6024_1.sm,hiato_colega_capaz_sem_confianca,76.66666666666667,0.0,-76.66666666666667,12,0
C4_C1_C3_media_eventos,j6027_1.sm,hiato_colega_capaz_sem_confianca,87.16666666666667,0.0,-87.16666666666667,12,0
C4_C1_C3_media_eventos,j602_1.sm,hiato_colega_capaz_sem_confianca,77.08333333333333,0.0,-77.08333333333333,12,0
C4_C1_C3_media_eventos,j6032_1.sm,hiato_colega_capaz_sem_confianca,83.91666666666667,0.0,-83.91666666666667,12,0
C4_C1_C3_media_eventos,j6035_1.sm,hiato_colega_capaz_sem_confianca,84.83333333333333,0.0,-84.83333333333333,12,0
C4_C1_C3_media_eventos,j6038_1.sm,hiato_colega_capaz_sem_confianca,70.16666666666667,0.0,-70.16666666666667,12,0
C4_C1_C3_media_eventos,j6040_1.sm,hiato_colega_capaz_sem_confianca,95.16666666666667,0.0,-95.16666666666667,12,0
C4_C1_C3_media_eventos,j6043_1.sm,hiato_colega_capaz_sem_confianca,141.33333333333334,0.0,-141.33333333333334,12,0
C4_C1_C3_media_eventos,j6046_1.sm,hiato_colega_capaz_sem_confianca,117.83333333333333,0.0,-117.83333333333333,12,0
C4_C1_C3_media_eventos,j604_1.sm,hiato_colega_capaz_sem_confianca,82.08333333333333,0.0,-82.08333333333333,12,0
C4_C1_C3_media_eventos,j607_1.sm,hiato_colega_capaz_sem_confianca,92.58333333333333,0.0,-92.58333333333333,12,0
C4_C1_C3_media_eventos,j6010_1.sm,competencia_maxima_inicial,0.6784269160974062,0.6784269160974062,0.0,12,0
C4_C1_C3_media_eventos,j6013_1.sm,competencia_maxima_inicial,0.6784269160974062,0.6784269160974062,0.0,12,0
C4_C1_C3_media_eventos,j6016_1.sm,competencia_maxima_inicial,0.6784269160974062,0.6784269160974062,0.0,12,0
C4_C1_C3_media_eventos,j6019_1.sm,competencia_maxima_inicial,0.6784269160974062,0.6784269160974062,0.0,12,0
C4_C1_C3_media_eventos,j6021_1.sm,competencia_maxima_inicial,0.6784269160974062,0.6784269160974062,0.0,12,0
C4_C1_C3_media_eventos,j6024_1.sm,competencia_maxima_inicial,0.6784269160974062,0.6784269160974062,0.0,12,0
C4_C1_C3_media_eventos,j6027_1.sm,competencia_maxima_inicial,0.6784269160974062,0.6784269160974062,0.0,12,0
C4_C1_C3_media_eventos,j602_1.sm,competencia_maxima_inicial,0.6784269160974062,0.6784269160974062,0.0,12,0
C4_C1_C3_media_eventos,j6032_1.sm,competencia_maxima_inicial,0.6784269160974062,0.6784269160974062,0.0,12,0
C4_C1_C3_media_eventos,j6035_1.sm,competencia_maxima_inicial,0.6784269160974062,0.6784269160974062,0.0,12,0
C4_C1_C3_media_eventos,j6038_1.sm,competencia_maxima_inicial,0.6784269160974062,0.6784269160974062,0.0,12,0
C4_C1_C3_media_eventos,j6040_1.sm,competencia_maxima_inicial,0.6784269160974062,0.6784269160974062,0.0,12,0
C4_C1_C3_media_eventos,j6043_1.sm,competencia_maxima_inicial,0.6784269160974062,0.6784269160974062,0.0,12,0
C4_C1_C3_media_eventos,j6046_1.sm,competencia_maxima_inicial,0.6784269160974062,0.6784269160974062,0.0,12,0
C4_C1_C3_media_eventos,j604_1.sm,competencia_maxima_inicial,0.6784269160974062,0.6784269160974062,0.0,12,0
C4_C1_C3_media_eventos,j607_1.sm,competencia_maxima_inicial,0.6784269160974062,0.6784269160974062,0.0,12,0
C4_C1_C3_media_eventos,j6010_1.sm,competencia_minima_inicial,0.36053696648776334,0.36053696648776334,0.0,12,0
C4_C1_C3_media_eventos,j6013_1.sm,competencia_minima_inicial,0.36053696648776334,0.36053696648776334,0.0,12,0
C4_C1_C3_media_eventos,j6016_1.sm,competencia_minima_inicial,0.36053696648776334,0.36053696648776334,0.0,12,0
C4_C1_C3_media_eventos,j6019_1.sm,competencia_minima_inicial,0.36053696648776334,0.36053696648776334,0.0,12,0
C4_C1_C3_media_eventos,j6021_1.sm,competencia_minima_inicial,0.36053696648776334,0.36053696648776334,0.0,12,0
C4_C1_C3_media_eventos,j6024_1.sm,competencia_minima_inicial,0.36053696648776334,0.36053696648776334,0.0,12,0
C4_C1_C3_media_eventos,j6027_1.sm,competencia_minima_inicial,0.36053696648776334,0.36053696648776334,0.0,12,0
C4_C1_C3_media_eventos,j602_1.sm,competencia_minima_inicial,0.36053696648776334,0.36053696648776334,0.0,12,0
C4_C1_C3_media_eventos,j6032_1.sm,competencia_minima_inicial,0.36053696648776334,0.36053696648776334,0.0,12,0
C4_C1_C3_media_eventos,j6035_1.sm,competencia_minima_inicial,0.36053696648776334,0.36053696648776334,0.0,12,0
C4_C1_C3_media_eventos,j6038_1.sm,competencia_minima_inicial,0.36053696648776334,0.36053696648776334,0.0,12,0
C4_C1_C3_media_eventos,j6040_1.sm,competencia_minima_inicial,0.36053696648776334,0.36053696648776334,0.0,12,0
C4_C1_C3_media_eventos,j6043_1.sm,competencia_minima_inicial,0.36053696648776334,0.36053696648776334,0.0,12,0
C4_C1_C3_media_eventos,j6046_1.sm,competencia_minima_inicial,0.36053696648776334,0.36053696648776334,0.0,12,0
C4_C1_C3_media_eventos,j604_1.sm,competencia_minima_inicial,0.36053696648776334,0.36053696648776334,0.0,12,0
C4_C1_C3_media_eventos,j607_1.sm,competencia_minima_inicial,0.36053696648776334,0.36053696648776334,0.0,12,0
C4_C1_C3_media_eventos,j6010_1.sm,tarefas_acima_da_competencia_maxima_inicial,11.583333333333334,11.583333333333334,0.0,12,0
C4_C1_C3_media_eventos,j6013_1.sm,tarefas_acima_da_competencia_maxima_inicial,16.333333333333332,16.333333333333332,0.0,12,0
C4_C1_C3_media_eventos,j6016_1.sm,tarefas_acima_da_competencia_maxima_inicial,19.083333333333332,19.083333333333332,0.0,12,0
C4_C1_C3_media_eventos,j6019_1.sm,tarefas_acima_da_competencia_maxima_inicial,13.666666666666666,13.666666666666666,0.0,12,0
C4_C1_C3_media_eventos,j6021_1.sm,tarefas_acima_da_competencia_maxima_inicial,13.5,13.5,0.0,12,0
C4_C1_C3_media_eventos,j6024_1.sm,tarefas_acima_da_competencia_maxima_inicial,9.416666666666666,9.416666666666666,0.0,12,0
C4_C1_C3_media_eventos,j6027_1.sm,tarefas_acima_da_competencia_maxima_inicial,15.75,15.75,0.0,12,0
C4_C1_C3_media_eventos,j602_1.sm,tarefas_acima_da_competencia_maxima_inicial,12.25,12.25,0.0,12,0
C4_C1_C3_media_eventos,j6032_1.sm,tarefas_acima_da_competencia_maxima_inicial,10.416666666666666,10.416666666666666,0.0,12,0
C4_C1_C3_media_eventos,j6035_1.sm,tarefas_acima_da_competencia_maxima_inicial,17.666666666666668,17.666666666666668,0.0,12,0
C4_C1_C3_media_eventos,j6038_1.sm,tarefas_acima_da_competencia_maxima_inicial,11.833333333333334,11.833333333333334,0.0,12,0
C4_C1_C3_media_eventos,j6040_1.sm,tarefas_acima_da_competencia_maxima_inicial,16.083333333333332,16.083333333333332,0.0,12,0
C4_C1_C3_media_eventos,j6043_1.sm,tarefas_acima_da_competencia_maxima_inicial,16.416666666666668,16.416666666666668,0.0,12,0
C4_C1_C3_media_eventos,j6046_1.sm,tarefas_acima_da_competencia_maxima_inicial,22.166666666666668,22.166666666666668,0.0,12,0
C4_C1_C3_media_eventos,j604_1.sm,tarefas_acima_da_competencia_maxima_inicial,16.083333333333332,16.083333333333332,0.0,12,0
C4_C1_C3_media_eventos,j607_1.sm,tarefas_acima_da_competencia_maxima_inicial,10.416666666666666,10.416666666666666,0.0,12,0
C4_C1_C3_media_eventos,j6010_1.sm,n_tarefas,60.0,60.0,0.0,12,0
C4_C1_C3_media_eventos,j6013_1.sm,n_tarefas,60.0,60.0,0.0,12,0
C4_C1_C3_media_eventos,j6016_1.sm,n_tarefas,60.0,60.0,0.0,12,0
C4_C1_C3_media_eventos,j6019_1.sm,n_tarefas,60.0,60.0,0.0,12,0
C4_C1_C3_media_eventos,j6021_1.sm,n_tarefas,60.0,60.0,0.0,12,0
C4_C1_C3_media_eventos,j6024_1.sm,n_tarefas,60.0,60.0,0.0,12,0
C4_C1_C3_media_eventos,j6027_1.sm,n_tarefas,60.0,60.0,0.0,12,0
C4_C1_C3_media_eventos,j602_1.sm,n_tarefas,60.0,60.0,0.0,12,0
C4_C1_C3_media_eventos,j6032_1.sm,n_tarefas,60.0,60.0,0.0,12,0
C4_C1_C3_media_eventos,j6035_1.sm,n_tarefas,60.0,60.0,0.0,12,0
C4_C1_C3_media_eventos,j6038_1.sm,n_tarefas,60.0,60.0,0.0,12,0
C4_C1_C3_media_eventos,j6040_1.sm,n_tarefas,60.0,60.0,0.0,12,0
C4_C1_C3_media_eventos,j6043_1.sm,n_tarefas,60.0,60.0,0.0,12,0
C4_C1_C3_media_eventos,j6046_1.sm,n_tarefas,60.0,60.0,0.0,12,0
C4_C1_C3_media_eventos,j604_1.sm,n_tarefas,60.0,60.0,0.0,12,0
C4_C1_C3_media_eventos,j607_1.sm,n_tarefas,60.0,60.0,0.0,12,0
C4_C1_C3_media_eventos,j6010_1.sm,competencia_maxima_final,0.6784269160974062,0.9520246993055919,0.27359778320818556,12,0
C4_C1_C3_media_eventos,j6013_1.sm,competencia_maxima_final,0.6784269160974062,0.8246392712557324,0.1462123551583264,12,0
C4_C1_C3_media_eventos,j6016_1.sm,competencia_maxima_final,0.6784269160974062,0.9234571321197066,0.24503021602230043,12,0
C4_C1_C3_media_eventos,j6019_1.sm,competencia_maxima_final,0.6784269160974062,0.8685489872351818,0.19012207113777546,12,0
C4_C1_C3_media_eventos,j6021_1.sm,competencia_maxima_final,0.6784269160974062,0.8312702771192847,0.15284336102187837,12,0
C4_C1_C3_media_eventos,j6024_1.sm,competencia_maxima_final,0.6784269160974062,0.8421683847108485,0.16374146861344233,12,0
C4_C1_C3_media_eventos,j6027_1.sm,competencia_maxima_final,0.6784269160974062,0.9624280220824417,0.2840011059850354,12,0
C4_C1_C3_media_eventos,j602_1.sm,competencia_maxima_final,0.6784269160974062,0.9475395867971034,0.269112670699697,12,0
C4_C1_C3_media_eventos,j6032_1.sm,competencia_maxima_final,0.6784269160974062,0.8227318402506502,0.1443049241532438,12,0
C4_C1_C3_media_eventos,j6035_1.sm,competencia_maxima_final,0.6784269160974062,0.9120250377896529,0.23359812169224656,12,0
C4_C1_C3_media_eventos,j6038_1.sm,competencia_maxima_final,0.6784269160974062,0.9519323646189212,0.2735054485215148,12,0
C4_C1_C3_media_eventos,j6040_1.sm,competencia_maxima_final,0.6784269160974062,0.8858976885729194,0.20747077247551315,12,0
C4_C1_C3_media_eventos,j6043_1.sm,competencia_maxima_final,0.6784269160974062,0.8762397466404478,0.19781283054304147,12,0
C4_C1_C3_media_eventos,j6046_1.sm,competencia_maxima_final,0.6784269160974062,0.9080975816583025,0.22967066556089608,12,0
C4_C1_C3_media_eventos,j604_1.sm,competencia_maxima_final,0.6784269160974062,0.917707932158211,0.23928101606080462,12,0
C4_C1_C3_media_eventos,j607_1.sm,competencia_maxima_final,0.6784269160974062,0.885849886827952,0.20742297073054586,12,0
C4_C1_C3_media_eventos,j6010_1.sm,atraso_relativo,2.4019607843137254,1.5754901960784318,-0.826470588235294,12,0
C4_C1_C3_media_eventos,j6013_1.sm,atraso_relativo,4.29951690821256,3.361111111111111,-0.9384057971014496,12,0
C4_C1_C3_media_eventos,j6016_1.sm,atraso_relativo,3.6458333333333335,2.0872395833333335,-1.55859375,12,0
C4_C1_C3_media_eventos,j6019_1.sm,atraso_relativo,3.9986559139784945,2.0201612903225805,-1.9784946236559142,12,0
C4_C1_C3_media_eventos,j6021_1.sm,atraso_relativo,3.7445175438596494,2.5767543859649127,-1.167763157894737,12,0
C4_C1_C3_media_eventos,j6024_1.sm,atraso_relativo,2.917948717948718,1.5987179487179486,-1.3192307692307692,12,0
C4_C1_C3_media_eventos,j6027_1.sm,atraso_relativo,2.3802083333333326,1.4835069444444444,-0.896701388888889,12,0
C4_C1_C3_media_eventos,j602_1.sm,atraso_relativo,3.3423076923076924,1.8166666666666667,-1.5256410256410255,12,0
C4_C1_C3_media_eventos,j6032_1.sm,atraso_relativo,2.823671497584541,1.6497584541062802,-1.173913043478261,12,0
C4_C1_C3_media_eventos,j6035_1.sm,atraso_relativo,2.627136752136752,1.7499999999999998,-0.8771367521367521,12,0
C4_C1_C3_media_eventos,j6038_1.sm,atraso_relativo,3.047945205479452,1.7397260273972603,-1.308219178082192,12,0
C4_C1_C3_media_eventos,j6040_1.sm,atraso_relativo,2.710271317829457,1.5368217054263569,-1.1734496124031006,12,0
C4_C1_C3_media_eventos,j6043_1.sm,atraso_relativo,2.2515432098765435,1.4429012345679013,-0.8086419753086419,12,0
C4_C1_C3_media_eventos,j6046_1.sm,atraso_relativo,3.0929487179487176,1.9145299145299146,-1.1784188034188035,12,0
C4_C1_C3_media_eventos,j604_1.sm,atraso_relativo,2.679563492063492,1.580357142857143,-1.0992063492063489,12,0
C4_C1_C3_media_eventos,j607_1.sm,atraso_relativo,2.6352813852813854,1.6525974025974026,-0.9826839826839827,12,0
C4_C1_C3_media_eventos,j6010_1.sm,tarefas_pendentes,0.0,0.0,0.0,12,0
C4_C1_C3_media_eventos,j6013_1.sm,tarefas_pendentes,0.0,0.0,0.0,12,0
C4_C1_C3_media_eventos,j6016_1.sm,tarefas_pendentes,0.0,0.0,0.0,12,0
C4_C1_C3_media_eventos,j6019_1.sm,tarefas_pendentes,0.0,0.0,0.0,12,0
C4_C1_C3_media_eventos,j6021_1.sm,tarefas_pendentes,0.0,0.0,0.0,12,0
C4_C1_C3_media_eventos,j6024_1.sm,tarefas_pendentes,0.0,0.0,0.0,12,0
C4_C1_C3_media_eventos,j6027_1.sm,tarefas_pendentes,0.0,0.0,0.0,12,0
C4_C1_C3_media_eventos,j602_1.sm,tarefas_pendentes,0.0,0.0,0.0,12,0
C4_C1_C3_media_eventos,j6032_1.sm,tarefas_pendentes,0.0,0.0,0.0,12,0
C4_C1_C3_media_eventos,j6035_1.sm,tarefas_pendentes,0.0,0.0,0.0,12,0
C4_C1_C3_media_eventos,j6038_1.sm,tarefas_pendentes,0.0,0.0,0.0,12,0
C4_C1_C3_media_eventos,j6040_1.sm,tarefas_pendentes,0.0,0.0,0.0,12,0
C4_C1_C3_media_eventos,j6043_1.sm,tarefas_pendentes,0.0,0.0,0.0,12,0
C4_C1_C3_media_eventos,j6046_1.sm,tarefas_pendentes,0.0,0.0,0.0,12,0
C4_C1_C3_media_eventos,j604_1.sm,tarefas_pendentes,0.0,0.0,0.0,12,0
C4_C1_C3_media_eventos,j607_1.sm,tarefas_pendentes,0.0,0.0,0.0,12,0
C4_C1_C3_media_eventos,j6010_1.sm,dividas_pendentes,0.0,0.0,0.0,12,0
C4_C1_C3_media_eventos,j6013_1.sm,dividas_pendentes,0.0,0.0,0.0,12,0
C4_C1_C3_media_eventos,j6016_1.sm,dividas_pendentes,0.0,0.0,0.0,12,0
C4_C1_C3_media_eventos,j6019_1.sm,dividas_pendentes,0.0,0.0,0.0,12,0
C4_C1_C3_media_eventos,j6021_1.sm,dividas_pendentes,0.0,0.0,0.0,12,0
C4_C1_C3_media_eventos,j6024_1.sm,dividas_pendentes,0.0,0.0,0.0,12,0
C4_C1_C3_media_eventos,j6027_1.sm,dividas_pendentes,0.0,0.0,0.0,12,0
C4_C1_C3_media_eventos,j602_1.sm,dividas_pendentes,0.0,0.0,0.0,12,0
C4_C1_C3_media_eventos,j6032_1.sm,dividas_pendentes,0.0,0.0,0.0,12,0
C4_C1_C3_media_eventos,j6035_1.sm,dividas_pendentes,0.0,0.0,0.0,12,0
C4_C1_C3_media_eventos,j6038_1.sm,dividas_pendentes,0.0,0.0,0.0,12,0
C4_C1_C3_media_eventos,j6040_1.sm,dividas_pendentes,0.0,0.0,0.0,12,0
C4_C1_C3_media_eventos,j6043_1.sm,dividas_pendentes,0.0,0.0,0.0,12,0
C4_C1_C3_media_eventos,j6046_1.sm,dividas_pendentes,0.0,0.0,0.0,12,0
C4_C1_C3_media_eventos,j604_1.sm,dividas_pendentes,0.0,0.0,0.0,12,0
C4_C1_C3_media_eventos,j607_1.sm,dividas_pendentes,0.0,0.0,0.0,12,0
C4_C1_C3_media_eventos,j6010_1.sm,retrabalho_gerado,59.772614797156514,49.82859814685016,-9.944016650306356,12,0
C4_C1_C3_media_eventos,j6013_1.sm,retrabalho_gerado,77.95832964891058,77.35143236273595,-0.6068972861746289,12,0
C4_C1_C3_media_eventos,j6016_1.sm,retrabalho_gerado,91.45481856877753,70.3271552494784,-21.127663319299124,12,0
C4_C1_C3_media_eventos,j6019_1.sm,retrabalho_gerado,63.2378811347263,50.627185108781525,-12.610696025944776,12,0
C4_C1_C3_media_eventos,j6021_1.sm,retrabalho_gerado,78.3842121243999,56.0218281493628,-22.3623839750371,12,0
C4_C1_C3_media_eventos,j6024_1.sm,retrabalho_gerado,51.62677852841142,34.063389830519775,-17.563388697891643,12,0
C4_C1_C3_media_eventos,j6027_1.sm,retrabalho_gerado,63.41721317357084,43.430825386448475,-19.986387787122364,12,0
C4_C1_C3_media_eventos,j602_1.sm,retrabalho_gerado,58.199638153123026,47.54016024760168,-10.659477905521337,12,0
C4_C1_C3_media_eventos,j6032_1.sm,retrabalho_gerado,64.71148563178654,45.51490048057648,-19.196585151210066,12,0
C4_C1_C3_media_eventos,j6035_1.sm,retrabalho_gerado,69.31261619416753,57.84972976371537,-11.462886430452178,12,0
C4_C1_C3_media_eventos,j6038_1.sm,retrabalho_gerado,67.8237297450424,47.7657004030194,-20.058029342023,12,0
C4_C1_C3_media_eventos,j6040_1.sm,retrabalho_gerado,76.14462769169437,56.058385830990595,-20.08624186070377,12,0
C4_C1_C3_media_eventos,j6043_1.sm,retrabalho_gerado,57.855437329484005,49.661265429454794,-8.194171900029213,12,0
C4_C1_C3_media_eventos,j6046_1.sm,retrabalho_gerado,81.62170684098912,59.55031120766605,-22.071395633323082,12,0
C4_C1_C3_media_eventos,j604_1.sm,retrabalho_gerado,79.24317803896945,51.56034696017077,-27.68283107879868,12,0
C4_C1_C3_media_eventos,j607_1.sm,retrabalho_gerado,60.452739250021004,48.30283915428848,-12.149900095732518,12,0
C4_C1_C3_media_eventos,j6010_1.sm,retrabalho_pendente,0.0,0.0,0.0,12,0
C4_C1_C3_media_eventos,j6013_1.sm,retrabalho_pendente,0.0,0.0,0.0,12,0
C4_C1_C3_media_eventos,j6016_1.sm,retrabalho_pendente,0.0,0.0,0.0,12,0
C4_C1_C3_media_eventos,j6019_1.sm,retrabalho_pendente,0.0,0.0,0.0,12,0
C4_C1_C3_media_eventos,j6021_1.sm,retrabalho_pendente,0.0,0.0,0.0,12,0
C4_C1_C3_media_eventos,j6024_1.sm,retrabalho_pendente,0.0,0.0,0.0,12,0
C4_C1_C3_media_eventos,j6027_1.sm,retrabalho_pendente,0.0,0.0,0.0,12,0
C4_C1_C3_media_eventos,j602_1.sm,retrabalho_pendente,0.0,0.0,0.0,12,0
C4_C1_C3_media_eventos,j6032_1.sm,retrabalho_pendente,0.0,0.0,0.0,12,0
C4_C1_C3_media_eventos,j6035_1.sm,retrabalho_pendente,0.0,0.0,0.0,12,0
C4_C1_C3_media_eventos,j6038_1.sm,retrabalho_pendente,0.0,0.0,0.0,12,0
C4_C1_C3_media_eventos,j6040_1.sm,retrabalho_pendente,0.0,0.0,0.0,12,0
C4_C1_C3_media_eventos,j6043_1.sm,retrabalho_pendente,0.0,0.0,0.0,12,0
C4_C1_C3_media_eventos,j6046_1.sm,retrabalho_pendente,0.0,0.0,0.0,12,0
C4_C1_C3_media_eventos,j604_1.sm,retrabalho_pendente,0.0,0.0,0.0,12,0
C4_C1_C3_media_eventos,j607_1.sm,retrabalho_pendente,0.0,0.0,0.0,12,0
C4_C1_C3_media_eventos,j6010_1.sm,ocupacao_retrabalho,64.75,54.583333333333336,-10.166666666666666,12,0
C4_C1_C3_media_eventos,j6013_1.sm,ocupacao_retrabalho,83.25,82.75,-0.5,12,0
C4_C1_C3_media_eventos,j6016_1.sm,ocupacao_retrabalho,98.5,76.66666666666667,-21.833333333333332,12,0
C4_C1_C3_media_eventos,j6019_1.sm,ocupacao_retrabalho,68.58333333333333,55.666666666666664,-12.916666666666666,12,0
C4_C1_C3_media_eventos,j6021_1.sm,ocupacao_retrabalho,84.25,60.833333333333336,-23.416666666666668,12,0
C4_C1_C3_media_eventos,j6024_1.sm,ocupacao_retrabalho,56.75,37.75,-19.0,12,0
C4_C1_C3_media_eventos,j6027_1.sm,ocupacao_retrabalho,69.41666666666667,47.166666666666664,-22.25,12,0
C4_C1_C3_media_eventos,j602_1.sm,ocupacao_retrabalho,63.583333333333336,52.0,-11.583333333333334,12,0
C4_C1_C3_media_eventos,j6032_1.sm,ocupacao_retrabalho,70.58333333333333,49.583333333333336,-21.0,12,0
C4_C1_C3_media_eventos,j6035_1.sm,ocupacao_retrabalho,75.41666666666667,63.0,-12.416666666666666,12,0
C4_C1_C3_media_eventos,j6038_1.sm,ocupacao_retrabalho,73.91666666666667,52.083333333333336,-21.833333333333332,12,0
C4_C1_C3_media_eventos,j6040_1.sm,ocupacao_retrabalho,82.16666666666667,60.833333333333336,-21.333333333333332,12,0
C4_C1_C3_media_eventos,j6043_1.sm,ocupacao_retrabalho,62.833333333333336,54.333333333333336,-8.5,12,0
C4_C1_C3_media_eventos,j6046_1.sm,ocupacao_retrabalho,88.0,64.41666666666667,-23.583333333333332,12,0
C4_C1_C3_media_eventos,j604_1.sm,ocupacao_retrabalho,85.25,55.5,-29.75,12,0
C4_C1_C3_media_eventos,j607_1.sm,ocupacao_retrabalho,65.5,52.916666666666664,-12.583333333333334,12,0
C4_C1_C3_media_eventos,j6010_1.sm,extensoes_horizonte,0.0,0.0,0.0,12,0
C4_C1_C3_media_eventos,j6013_1.sm,extensoes_horizonte,0.0,0.0,0.0,12,0
C4_C1_C3_media_eventos,j6016_1.sm,extensoes_horizonte,0.0,0.0,0.0,12,0
C4_C1_C3_media_eventos,j6019_1.sm,extensoes_horizonte,0.0,0.0,0.0,12,0
C4_C1_C3_media_eventos,j6021_1.sm,extensoes_horizonte,0.0,0.0,0.0,12,0
C4_C1_C3_media_eventos,j6024_1.sm,extensoes_horizonte,0.0,0.0,0.0,12,0
C4_C1_C3_media_eventos,j6027_1.sm,extensoes_horizonte,0.0,0.0,0.0,12,0
C4_C1_C3_media_eventos,j602_1.sm,extensoes_horizonte,0.0,0.0,0.0,12,0
C4_C1_C3_media_eventos,j6032_1.sm,extensoes_horizonte,0.0,0.0,0.0,12,0
C4_C1_C3_media_eventos,j6035_1.sm,extensoes_horizonte,0.0,0.0,0.0,12,0
C4_C1_C3_media_eventos,j6038_1.sm,extensoes_horizonte,0.0,0.0,0.0,12,0
C4_C1_C3_media_eventos,j6040_1.sm,extensoes_horizonte,0.0,0.0,0.0,12,0
C4_C1_C3_media_eventos,j6043_1.sm,extensoes_horizonte,0.0,0.0,0.0,12,0
C4_C1_C3_media_eventos,j6046_1.sm,extensoes_horizonte,0.0,0.0,0.0,12,0
C4_C1_C3_media_eventos,j604_1.sm,extensoes_horizonte,0.0,0.0,0.0,12,0
C4_C1_C3_media_eventos,j607_1.sm,extensoes_horizonte,0.0,0.0,0.0,12,0
C4_C1_C3_media_eventos,j6010_1.sm,confianca_media_final,0.14271342465859957,0.8307042928674638,0.6879908682088643,12,0
C4_C1_C3_media_eventos,j6013_1.sm,confianca_media_final,0.16158388643043245,0.8176328472222222,0.6560489607917898,12,0
C4_C1_C3_media_eventos,j6016_1.sm,confianca_media_final,0.13818304215183674,0.8320772007834202,0.6938941586315833,12,0
C4_C1_C3_media_eventos,j6019_1.sm,confianca_media_final,0.15383364420379805,0.8277259508702256,0.6738923066664276,12,0
C4_C1_C3_media_eventos,j6021_1.sm,confianca_media_final,0.1620779380012163,0.8213016145833335,0.659223676582117,12,0
C4_C1_C3_media_eventos,j6024_1.sm,confianca_media_final,0.15129628987503965,0.8248529042122397,0.6735566143371999,12,0
C4_C1_C3_media_eventos,j6027_1.sm,confianca_media_final,0.1426889698697665,0.8334119110742187,0.6907229412044522,12,0
C4_C1_C3_media_eventos,j602_1.sm,confianca_media_final,0.15194104596698535,0.8316517105056423,0.679710664538657,12,0
C4_C1_C3_media_eventos,j6032_1.sm,confianca_media_final,0.14705727916066122,0.8231001190298394,0.6760428398691781,12,0
C4_C1_C3_media_eventos,j6035_1.sm,confianca_media_final,0.142533370857958,0.8313468220246311,0.688813451166673,12,0
C4_C1_C3_media_eventos,j6038_1.sm,confianca_media_final,0.155409478879933,0.8346006791284776,0.6791912002485447,12,0
C4_C1_C3_media_eventos,j6040_1.sm,confianca_media_final,0.13824593101109586,0.8275781995225694,0.6893322685114737,12,0
C4_C1_C3_media_eventos,j6043_1.sm,confianca_media_final,0.10939166845758819,0.8296922807464194,0.7203006122888311,12,0
C4_C1_C3_media_eventos,j6046_1.sm,confianca_media_final,0.11352996425298728,0.8339648655902777,0.7204349013372905,12,0
C4_C1_C3_media_eventos,j604_1.sm,confianca_media_final,0.14460437829232053,0.8306282364171008,0.6860238581247802,12,0
C4_C1_C3_media_eventos,j607_1.sm,confianca_media_final,0.1390889370097885,0.8250241688389756,0.6859352318291871,12,0
C4_C1_C3_saldo_eventos,j6010_1.sm,concluiu,1.0,1.0,0.0,12,0
C4_C1_C3_saldo_eventos,j6013_1.sm,concluiu,1.0,1.0,0.0,12,0
C4_C1_C3_saldo_eventos,j6016_1.sm,concluiu,1.0,1.0,0.0,12,0
C4_C1_C3_saldo_eventos,j6019_1.sm,concluiu,1.0,1.0,0.0,12,0
C4_C1_C3_saldo_eventos,j6021_1.sm,concluiu,1.0,1.0,0.0,12,0
C4_C1_C3_saldo_eventos,j6024_1.sm,concluiu,1.0,1.0,0.0,12,0
C4_C1_C3_saldo_eventos,j6027_1.sm,concluiu,1.0,1.0,0.0,12,0
C4_C1_C3_saldo_eventos,j602_1.sm,concluiu,1.0,1.0,0.0,12,0
C4_C1_C3_saldo_eventos,j6032_1.sm,concluiu,1.0,1.0,0.0,12,0
C4_C1_C3_saldo_eventos,j6035_1.sm,concluiu,1.0,1.0,0.0,12,0
C4_C1_C3_saldo_eventos,j6038_1.sm,concluiu,1.0,1.0,0.0,12,0
C4_C1_C3_saldo_eventos,j6040_1.sm,concluiu,1.0,1.0,0.0,12,0
C4_C1_C3_saldo_eventos,j6043_1.sm,concluiu,1.0,1.0,0.0,12,0
C4_C1_C3_saldo_eventos,j6046_1.sm,concluiu,1.0,1.0,0.0,12,0
C4_C1_C3_saldo_eventos,j604_1.sm,concluiu,1.0,1.0,0.0,12,0
C4_C1_C3_saldo_eventos,j607_1.sm,concluiu,1.0,1.0,0.0,12,0
C4_C1_C3_saldo_eventos,j6010_1.sm,makespan,218.58333333333334,133.16666666666666,-85.41666666666667,12,0
C4_C1_C3_saldo_eventos,j6013_1.sm,makespan,286.6666666666667,231.16666666666666,-55.5,12,0
C4_C1_C3_saldo_eventos,j6016_1.sm,makespan,230.41666666666666,132.58333333333334,-97.83333333333333,12,0
C4_C1_C3_saldo_eventos,j6019_1.sm,makespan,204.33333333333334,123.75,-80.58333333333333,12,0
C4_C1_C3_saldo_eventos,j6021_1.sm,makespan,274.9166666666667,202.33333333333334,-72.58333333333333,12,0
C4_C1_C3_saldo_eventos,j6024_1.sm,makespan,176.25,102.75,-73.5,12,0
C4_C1_C3_saldo_eventos,j6027_1.sm,makespan,219.83333333333334,136.5,-83.33333333333333,12,0
C4_C1_C3_saldo_eventos,j602_1.sm,makespan,222.58333333333334,114.83333333333333,-107.75,12,0
C4_C1_C3_saldo_eventos,j6032_1.sm,makespan,198.75,115.5,-83.25,12,0
C4_C1_C3_saldo_eventos,j6035_1.sm,makespan,219.58333333333334,134.25,-85.33333333333333,12,0
C4_C1_C3_saldo_eventos,j6038_1.sm,makespan,217.75,125.41666666666667,-92.33333333333333,12,0
C4_C1_C3_saldo_eventos,j6040_1.sm,makespan,255.75,133.58333333333334,-122.16666666666667,12,0
C4_C1_C3_saldo_eventos,j6043_1.sm,makespan,250.25,153.75,-96.5,12,0
C4_C1_C3_saldo_eventos,j6046_1.sm,makespan,226.33333333333334,149.25,-77.08333333333333,12,0
C4_C1_C3_saldo_eventos,j604_1.sm,makespan,220.5,133.83333333333334,-86.66666666666667,12,0
C4_C1_C3_saldo_eventos,j607_1.sm,makespan,202.75,124.75,-78.0,12,0
C4_C1_C3_saldo_eventos,j6010_1.sm,makespan_cpm,85.0,85.0,0.0,12,0
C4_C1_C3_saldo_eventos,j6013_1.sm,makespan_cpm,69.0,69.0,0.0,12,0
C4_C1_C3_saldo_eventos,j6016_1.sm,makespan_cpm,64.0,64.0,0.0,12,0
C4_C1_C3_saldo_eventos,j6019_1.sm,makespan_cpm,62.0,62.0,0.0,12,0
C4_C1_C3_saldo_eventos,j6021_1.sm,makespan_cpm,76.0,76.0,0.0,12,0
C4_C1_C3_saldo_eventos,j6024_1.sm,makespan_cpm,65.0,65.0,0.0,12,0
C4_C1_C3_saldo_eventos,j6027_1.sm,makespan_cpm,96.0,96.0,0.0,12,0
C4_C1_C3_saldo_eventos,j602_1.sm,makespan_cpm,65.0,65.0,0.0,12,0
C4_C1_C3_saldo_eventos,j6032_1.sm,makespan_cpm,69.0,69.0,0.0,12,0
C4_C1_C3_saldo_eventos,j6035_1.sm,makespan_cpm,78.0,78.0,0.0,12,0
C4_C1_C3_saldo_eventos,j6038_1.sm,makespan_cpm,73.0,73.0,0.0,12,0
C4_C1_C3_saldo_eventos,j6040_1.sm,makespan_cpm,86.0,86.0,0.0,12,0
C4_C1_C3_saldo_eventos,j6043_1.sm,makespan_cpm,108.0,108.0,0.0,12,0
C4_C1_C3_saldo_eventos,j6046_1.sm,makespan_cpm,78.0,78.0,0.0,12,0
C4_C1_C3_saldo_eventos,j604_1.sm,makespan_cpm,84.0,84.0,0.0,12,0
C4_C1_C3_saldo_eventos,j607_1.sm,makespan_cpm,77.0,77.0,0.0,12,0
C4_C1_C3_saldo_eventos,j6010_1.sm,E_total,0.7528885963725811,0.8585730324433052,0.10568443607072409,12,0
C4_C1_C3_saldo_eventos,j6013_1.sm,E_total,0.7889212741821717,0.8554061556758512,0.06648488149367958,12,0
C4_C1_C3_saldo_eventos,j6016_1.sm,E_total,0.7516269270647636,0.8587679842778498,0.10714105721308631,12,0
C4_C1_C3_saldo_eventos,j6019_1.sm,E_total,0.7697778447257293,0.8723013401487559,0.10252349542302641,12,0
C4_C1_C3_saldo_eventos,j6021_1.sm,E_total,0.7759073360282622,0.8628508582122145,0.0869435221839525,12,0
C4_C1_C3_saldo_eventos,j6024_1.sm,E_total,0.7445973649064048,0.870769083038324,0.12617171813191944,12,0
C4_C1_C3_saldo_eventos,j6027_1.sm,E_total,0.7487140629649432,0.8518956009071822,0.10318153794223905,12,0
C4_C1_C3_saldo_eventos,j602_1.sm,E_total,0.7585312577776948,0.8686562160133922,0.11012495823569728,12,0
C4_C1_C3_saldo_eventos,j6032_1.sm,E_total,0.7605184802143133,0.8592714186199079,0.09875293840559461,12,0
C4_C1_C3_saldo_eventos,j6035_1.sm,E_total,0.7682479136424668,0.8557464942061442,0.08749858056367744,12,0
C4_C1_C3_saldo_eventos,j6038_1.sm,E_total,0.792537991180323,0.8542225587847113,0.06168456760438835,12,0
C4_C1_C3_saldo_eventos,j6040_1.sm,E_total,0.7484296350780024,0.8690382516195382,0.12060861654153582,12,0
C4_C1_C3_saldo_eventos,j6043_1.sm,E_total,0.7007841722545428,0.8630801028891132,0.16229593063457023,12,0
C4_C1_C3_saldo_eventos,j6046_1.sm,E_total,0.7097733747745303,0.837726522661305,0.1279531478867749,12,0
C4_C1_C3_saldo_eventos,j604_1.sm,E_total,0.7730115945671323,0.8669943293513196,0.09398273478418728,12,0
C4_C1_C3_saldo_eventos,j607_1.sm,E_total,0.750473391863689,0.8613492437355214,0.11087585187183226,12,0
C4_C1_C3_saldo_eventos,j6010_1.sm,S_UR_final,4.718447854656915e-16,7.401486830834377e-17,-3.978299171573478e-16,12,0
C4_C1_C3_saldo_eventos,j6013_1.sm,S_UR_final,9.992007221626409e-16,0.0,-9.992007221626409e-16,12,0
C4_C1_C3_saldo_eventos,j6016_1.sm,S_UR_final,1.5173048003210472e-15,0.0,-1.5173048003210472e-15,12,0
C4_C1_C3_saldo_eventos,j6019_1.sm,S_UR_final,7.956598343146956e-16,0.0,-7.956598343146956e-16,12,0
C4_C1_C3_saldo_eventos,j6021_1.sm,S_UR_final,1.6653345369377348e-15,0.0,-1.6653345369377348e-15,12,0
C4_C1_C3_saldo_eventos,j6024_1.sm,S_UR_final,9.62193288008469e-16,0.0,-9.62193288008469e-16,12,0
C4_C1_C3_saldo_eventos,j6027_1.sm,S_UR_final,3.7007434154171886e-16,0.0,-3.7007434154171886e-16,12,0
C4_C1_C3_saldo_eventos,j602_1.sm,S_UR_final,8.881784197001252e-16,3.700743415417188e-17,-8.511709855459534e-16,12,0
C4_C1_C3_saldo_eventos,j6032_1.sm,S_UR_final,5.921189464667501e-16,0.0,-5.921189464667501e-16,12,0
C4_C1_C3_saldo_eventos,j6035_1.sm,S_UR_final,2.220446049250313e-15,7.401486830834377e-17,-2.146431180941969e-15,12,0
C4_C1_C3_saldo_eventos,j6038_1.sm,S_UR_final,9.52941429469926e-16,7.401486830834377e-17,-8.789265611615823e-16,12,0
C4_C1_C3_saldo_eventos,j6040_1.sm,S_UR_final,1.2582527612418441e-15,0.0,-1.2582527612418441e-15,12,0
C4_C1_C3_saldo_eventos,j6043_1.sm,S_UR_final,4.440892098500626e-16,0.0,-4.440892098500626e-16,12,0
C4_C1_C3_saldo_eventos,j6046_1.sm,S_UR_final,4.440892098500626e-16,0.0,-4.440892098500626e-16,12,0
C4_C1_C3_saldo_eventos,j604_1.sm,S_UR_final,2.4332387956368015e-15,0.0,-2.4332387956368015e-15,12,0
C4_C1_C3_saldo_eventos,j607_1.sm,S_UR_final,1.2582527612418441e-15,0.0,-1.2582527612418441e-15,12,0
C4_C1_C3_saldo_eventos,j6010_1.sm,S_UR_maximo,20.22031606002422,6.748880551101737,-13.471435508922488,12,0
C4_C1_C3_saldo_eventos,j6013_1.sm,S_UR_maximo,24.35916974476474,9.25652723774145,-15.102642507023289,12,0
C4_C1_C3_saldo_eventos,j6016_1.sm,S_UR_maximo,35.16167246625019,8.776702264798766,-26.38497020145142,12,0
C4_C1_C3_saldo_eventos,j6019_1.sm,S_UR_maximo,25.132957505687866,7.130133924987541,-18.002823580700323,12,0
C4_C1_C3_saldo_eventos,j6021_1.sm,S_UR_maximo,28.43080226381485,6.894869686793936,-21.535932577020912,12,0
C4_C1_C3_saldo_eventos,j6024_1.sm,S_UR_maximo,26.12609677094221,3.7916666666666665,-22.33443010427554,12,0
C4_C1_C3_saldo_eventos,j6027_1.sm,S_UR_maximo,21.36331630604565,6.164983555150834,-15.198332750894815,12,0
C4_C1_C3_saldo_eventos,j602_1.sm,S_UR_maximo,24.727182673908498,5.87938311590911,-18.84779955799939,12,0
C4_C1_C3_saldo_eventos,j6032_1.sm,S_UR_maximo,22.331545935511926,5.969283049714439,-16.362262885797495,12,0
C4_C1_C3_saldo_eventos,j6035_1.sm,S_UR_maximo,30.66333505632588,5.404319954958152,-25.259015101367726,12,0
C4_C1_C3_saldo_eventos,j6038_1.sm,S_UR_maximo,24.40793894821998,8.235696121949738,-16.17224282627024,12,0
C4_C1_C3_saldo_eventos,j6040_1.sm,S_UR_maximo,26.215326437100014,7.741410408647653,-18.47391602845236,12,0
C4_C1_C3_saldo_eventos,j6043_1.sm,S_UR_maximo,19.997907777241867,5.410555948184158,-14.587351829057708,12,0
C4_C1_C3_saldo_eventos,j6046_1.sm,S_UR_maximo,32.20277228144709,7.252331712275448,-24.950440569171636,12,0
C4_C1_C3_saldo_eventos,j604_1.sm,S_UR_maximo,29.421782670420786,7.092953058282778,-22.328829612138012,12,0
C4_C1_C3_saldo_eventos,j607_1.sm,S_UR_maximo,25.79033242729407,6.882927286100091,-18.907405141193976,12,0
C4_C1_C3_saldo_eventos,j6010_1.sm,S_PV_final,252.08333333333334,295.5,43.416666666666664,12,0
C4_C1_C3_saldo_eventos,j6013_1.sm,S_PV_final,258.6666666666667,315.4166666666667,56.75,12,0
C4_C1_C3_saldo_eventos,j6016_1.sm,S_PV_final,270.5,338.5833333333333,68.08333333333333,12,0
C4_C1_C3_saldo_eventos,j6019_1.sm,S_PV_final,250.83333333333334,313.6666666666667,62.833333333333336,12,0
C4_C1_C3_saldo_eventos,j6021_1.sm,S_PV_final,245.58333333333334,309.25,63.666666666666664,12,0
C4_C1_C3_saldo_eventos,j6024_1.sm,S_PV_final,218.41666666666666,270.0833333333333,51.666666666666664,12,0
C4_C1_C3_saldo_eventos,j6027_1.sm,S_PV_final,260.1666666666667,319.1666666666667,59.0,12,0
C4_C1_C3_saldo_eventos,j602_1.sm,S_PV_final,247.16666666666666,306.6666666666667,59.5,12,0
C4_C1_C3_saldo_eventos,j6032_1.sm,S_PV_final,263.5,311.4166666666667,47.916666666666664,12,0
C4_C1_C3_saldo_eventos,j6035_1.sm,S_PV_final,262.25,333.6666666666667,71.41666666666667,12,0
C4_C1_C3_saldo_eventos,j6038_1.sm,S_PV_final,261.5833333333333,311.75,50.166666666666664,12,0
C4_C1_C3_saldo_eventos,j6040_1.sm,S_PV_final,282.6666666666667,351.5,68.83333333333333,12,0
C4_C1_C3_saldo_eventos,j6043_1.sm,S_PV_final,255.25,311.3333333333333,56.083333333333336,12,0
C4_C1_C3_saldo_eventos,j6046_1.sm,S_PV_final,233.16666666666666,294.75,61.583333333333336,12,0
C4_C1_C3_saldo_eventos,j604_1.sm,S_PV_final,292.5833333333333,358.75,66.16666666666667,12,0
C4_C1_C3_saldo_eventos,j607_1.sm,S_PV_final,253.58333333333334,310.0,56.416666666666664,12,0
C4_C1_C3_saldo_eventos,j6010_1.sm,TW,563.4166666666666,444.25,-119.16666666666667,12,0
C4_C1_C3_saldo_eventos,j6013_1.sm,TW,580.0,495.1666666666667,-84.83333333333333,12,0
C4_C1_C3_saldo_eventos,j6016_1.sm,TW,707.0833333333334,550.75,-156.33333333333334,12,0
C4_C1_C3_saldo_eventos,j6019_1.sm,TW,616.8333333333334,488.5833333333333,-128.25,12,0
C4_C1_C3_saldo_eventos,j6021_1.sm,TW,564.75,460.75,-104.0,12,0
C4_C1_C3_saldo_eventos,j6024_1.sm,TW,505.0,398.25,-106.75,12,0
C4_C1_C3_saldo_eventos,j6027_1.sm,TW,571.3333333333334,452.5,-118.83333333333333,12,0
C4_C1_C3_saldo_eventos,j602_1.sm,TW,600.0,468.5833333333333,-131.41666666666666,12,0
C4_C1_C3_saldo_eventos,j6032_1.sm,TW,624.25,494.1666666666667,-130.08333333333334,12,0
C4_C1_C3_saldo_eventos,j6035_1.sm,TW,652.6666666666666,503.0,-149.66666666666666,12,0
C4_C1_C3_saldo_eventos,j6038_1.sm,TW,622.0833333333334,479.75,-142.33333333333334,12,0
C4_C1_C3_saldo_eventos,j6040_1.sm,TW,683.4166666666666,536.8333333333334,-146.58333333333334,12,0
C4_C1_C3_saldo_eventos,j6043_1.sm,TW,557.1666666666666,447.75,-109.41666666666667,12,0
C4_C1_C3_saldo_eventos,j6046_1.sm,TW,578.5,438.1666666666667,-140.33333333333334,12,0
C4_C1_C3_saldo_eventos,j604_1.sm,TW,717.5833333333334,570.9166666666666,-146.66666666666666,12,0
C4_C1_C3_saldo_eventos,j607_1.sm,TW,620.8333333333334,491.4166666666667,-129.41666666666666,12,0
C4_C1_C3_saldo_eventos,j6010_1.sm,TL,0.0,9.916666666666666,9.916666666666666,12,0
C4_C1_C3_saldo_eventos,j6013_1.sm,TL,0.0,5.583333333333333,5.583333333333333,12,0
C4_C1_C3_saldo_eventos,j6016_1.sm,TL,0.0,9.916666666666666,9.916666666666666,12,0
C4_C1_C3_saldo_eventos,j6019_1.sm,TL,0.0,9.0,9.0,12,0
C4_C1_C3_saldo_eventos,j6021_1.sm,TL,0.0,6.5,6.5,12,0
C4_C1_C3_saldo_eventos,j6024_1.sm,TL,0.0,7.333333333333333,7.333333333333333,12,0
C4_C1_C3_saldo_eventos,j6027_1.sm,TL,0.0,10.666666666666666,10.666666666666666,12,0
C4_C1_C3_saldo_eventos,j602_1.sm,TL,0.0,10.0,10.0,12,0
C4_C1_C3_saldo_eventos,j6032_1.sm,TL,0.0,7.833333333333333,7.833333333333333,12,0
C4_C1_C3_saldo_eventos,j6035_1.sm,TL,0.0,10.583333333333334,10.583333333333334,12,0
C4_C1_C3_saldo_eventos,j6038_1.sm,TL,0.0,11.25,11.25,12,0
C4_C1_C3_saldo_eventos,j6040_1.sm,TL,0.0,9.333333333333334,9.333333333333334,12,0
C4_C1_C3_saldo_eventos,j6043_1.sm,TL,0.0,9.083333333333334,9.083333333333334,12,0
C4_C1_C3_saldo_eventos,j6046_1.sm,TL,0.0,10.833333333333334,10.833333333333334,12,0
C4_C1_C3_saldo_eventos,j604_1.sm,TL,0.0,10.25,10.25,12,0
C4_C1_C3_saldo_eventos,j607_1.sm,TL,0.0,7.833333333333333,7.833333333333333,12,0
C4_C1_C3_saldo_eventos,j6010_1.sm,TU,135.91666666666666,15.916666666666666,-120.0,12,0
C4_C1_C3_saldo_eventos,j6013_1.sm,TU,85.66666666666667,7.416666666666667,-78.25,12,0
C4_C1_C3_saldo_eventos,j6016_1.sm,TU,139.5,17.0,-122.5,12,0
C4_C1_C3_saldo_eventos,j6019_1.sm,TU,118.25,15.416666666666666,-102.83333333333333,12,0
C4_C1_C3_saldo_eventos,j6021_1.sm,TU,90.33333333333333,9.083333333333334,-81.25,12,0
C4_C1_C3_saldo_eventos,j6024_1.sm,TU,125.41666666666667,17.583333333333332,-107.83333333333333,12,0
C4_C1_C3_saldo_eventos,j6027_1.sm,TU,133.75,20.583333333333332,-113.16666666666667,12,0
C4_C1_C3_saldo_eventos,j602_1.sm,TU,129.0,19.083333333333332,-109.91666666666667,12,0
C4_C1_C3_saldo_eventos,j6032_1.sm,TU,139.16666666666666,20.583333333333332,-118.58333333333333,12,0
C4_C1_C3_saldo_eventos,j6035_1.sm,TU,126.41666666666667,17.75,-108.66666666666667,12,0
C4_C1_C3_saldo_eventos,j6038_1.sm,TU,105.08333333333333,18.583333333333332,-86.5,12,0
C4_C1_C3_saldo_eventos,j6040_1.sm,TU,156.83333333333334,19.75,-137.08333333333334,12,0
C4_C1_C3_saldo_eventos,j6043_1.sm,TU,192.0,14.0,-178.0,12,0
C4_C1_C3_saldo_eventos,j6046_1.sm,TU,162.41666666666666,14.75,-147.66666666666666,12,0
C4_C1_C3_saldo_eventos,j604_1.sm,TU,135.58333333333334,18.666666666666668,-116.91666666666667,12,0
C4_C1_C3_saldo_eventos,j607_1.sm,TU,146.25,24.25,-122.0,12,0
C4_C1_C3_saldo_eventos,j6010_1.sm,TR,54.82162786324351,47.769181112287015,-7.052446750956494,12,0
C4_C1_C3_saldo_eventos,j6013_1.sm,TR,73.21946363656589,71.50576270993916,-1.713700926626732,12,0
C4_C1_C3_saldo_eventos,j6016_1.sm,TR,95.91750344878385,63.99072489196137,-31.926778556822484,12,0
C4_C1_C3_saldo_eventos,j6019_1.sm,TR,68.27536249869988,47.380077553392574,-20.89528494530731,12,0
C4_C1_C3_saldo_eventos,j6021_1.sm,TR,78.4235526496516,58.059420414660984,-20.36413223499062,12,0
C4_C1_C3_saldo_eventos,j6024_1.sm,TR,52.083836285396075,34.92293621786144,-17.160900067534627,12,0
C4_C1_C3_saldo_eventos,j6027_1.sm,TR,61.752615869676646,47.87412502826246,-13.878490841414171,12,0
C4_C1_C3_saldo_eventos,j602_1.sm,TR,64.91616557232919,42.205412501451484,-22.7107530708777,12,0
C4_C1_C3_saldo_eventos,j6032_1.sm,TR,58.80342382699382,53.42318045090271,-5.380243376091118,12,0
C4_C1_C3_saldo_eventos,j6035_1.sm,TR,73.54802200412044,57.12804171140809,-16.41998029271235,12,0
C4_C1_C3_saldo_eventos,j6038_1.sm,TR,61.35326145695615,52.255328094112976,-9.097933362843172,12,0
C4_C1_C3_saldo_eventos,j6040_1.sm,TR,75.93198308062017,52.29703067978795,-23.63495240083222,12,0
C4_C1_C3_saldo_eventos,j6043_1.sm,TR,53.54702144687119,48.31989259829087,-5.227128848580334,12,0
C4_C1_C3_saldo_eventos,j6046_1.sm,TR,75.35617817833166,59.65518114896594,-15.70099702936571,12,0
C4_C1_C3_saldo_eventos,j604_1.sm,TR,79.40158815045898,58.98036320814155,-20.421224942317426,12,0
C4_C1_C3_saldo_eventos,j607_1.sm,TR,63.00319265679426,47.44948899780587,-15.553703658988383,12,0
C4_C1_C3_saldo_eventos,j6010_1.sm,n_limpas,47.916666666666664,55.666666666666664,7.75,12,0
C4_C1_C3_saldo_eventos,j6013_1.sm,n_limpas,47.083333333333336,56.0,8.916666666666666,12,0
C4_C1_C3_saldo_eventos,j6016_1.sm,n_limpas,45.5,56.083333333333336,10.583333333333334,12,0
C4_C1_C3_saldo_eventos,j6019_1.sm,n_limpas,46.833333333333336,56.666666666666664,9.833333333333334,12,0
C4_C1_C3_saldo_eventos,j6021_1.sm,n_limpas,46.083333333333336,56.333333333333336,10.25,12,0
C4_C1_C3_saldo_eventos,j6024_1.sm,n_limpas,48.5,57.0,8.5,12,0
C4_C1_C3_saldo_eventos,j6027_1.sm,n_limpas,46.25,55.583333333333336,9.333333333333334,12,0
C4_C1_C3_saldo_eventos,j602_1.sm,n_limpas,47.5,56.5,9.0,12,0
C4_C1_C3_saldo_eventos,j6032_1.sm,n_limpas,48.333333333333336,56.083333333333336,7.75,12,0
C4_C1_C3_saldo_eventos,j6035_1.sm,n_limpas,45.833333333333336,56.666666666666664,10.833333333333334,12,0
C4_C1_C3_saldo_eventos,j6038_1.sm,n_limpas,47.5,55.666666666666664,8.166666666666666,12,0
C4_C1_C3_saldo_eventos,j6040_1.sm,n_limpas,46.5,56.5,10.0,12,0
C4_C1_C3_saldo_eventos,j6043_1.sm,n_limpas,47.666666666666664,56.083333333333336,8.416666666666666,12,0
C4_C1_C3_saldo_eventos,j6046_1.sm,n_limpas,46.0,56.25,10.25,12,0
C4_C1_C3_saldo_eventos,j604_1.sm,n_limpas,47.0,56.666666666666664,9.666666666666666,12,0
C4_C1_C3_saldo_eventos,j607_1.sm,n_limpas,47.166666666666664,55.833333333333336,8.666666666666666,12,0
C4_C1_C3_saldo_eventos,j6010_1.sm,n_com_erro,12.083333333333334,4.333333333333333,-7.75,12,0
C4_C1_C3_saldo_eventos,j6013_1.sm,n_com_erro,12.916666666666666,4.0,-8.916666666666666,12,0
C4_C1_C3_saldo_eventos,j6016_1.sm,n_com_erro,14.5,3.9166666666666665,-10.583333333333334,12,0
C4_C1_C3_saldo_eventos,j6019_1.sm,n_com_erro,13.166666666666666,3.3333333333333335,-9.833333333333334,12,0
C4_C1_C3_saldo_eventos,j6021_1.sm,n_com_erro,13.916666666666666,3.6666666666666665,-10.25,12,0
C4_C1_C3_saldo_eventos,j6024_1.sm,n_com_erro,11.5,3.0,-8.5,12,0
C4_C1_C3_saldo_eventos,j6027_1.sm,n_com_erro,13.75,4.416666666666667,-9.333333333333334,12,0
C4_C1_C3_saldo_eventos,j602_1.sm,n_com_erro,12.5,3.5,-9.0,12,0
C4_C1_C3_saldo_eventos,j6032_1.sm,n_com_erro,11.666666666666666,3.9166666666666665,-7.75,12,0
C4_C1_C3_saldo_eventos,j6035_1.sm,n_com_erro,14.166666666666666,3.3333333333333335,-10.833333333333334,12,0
C4_C1_C3_saldo_eventos,j6038_1.sm,n_com_erro,12.5,4.333333333333333,-8.166666666666666,12,0
C4_C1_C3_saldo_eventos,j6040_1.sm,n_com_erro,13.5,3.5,-10.0,12,0
C4_C1_C3_saldo_eventos,j6043_1.sm,n_com_erro,12.333333333333334,3.9166666666666665,-8.416666666666666,12,0
C4_C1_C3_saldo_eventos,j6046_1.sm,n_com_erro,14.0,3.75,-10.25,12,0
C4_C1_C3_saldo_eventos,j604_1.sm,n_com_erro,13.0,3.3333333333333335,-9.666666666666666,12,0
C4_C1_C3_saldo_eventos,j607_1.sm,n_com_erro,12.833333333333334,4.166666666666667,-8.666666666666666,12,0
C4_C1_C3_saldo_eventos,j6010_1.sm,n_reportadas,2.4166666666666665,9.333333333333334,6.916666666666667,12,0
C4_C1_C3_saldo_eventos,j6013_1.sm,n_reportadas,2.25,10.916666666666666,8.666666666666666,12,0
C4_C1_C3_saldo_eventos,j6016_1.sm,n_reportadas,3.25,10.916666666666666,7.666666666666667,12,0
C4_C1_C3_saldo_eventos,j6019_1.sm,n_reportadas,1.8333333333333333,9.5,7.666666666666667,12,0
C4_C1_C3_saldo_eventos,j6021_1.sm,n_reportadas,2.4166666666666665,10.916666666666666,8.5,12,0
C4_C1_C3_saldo_eventos,j6024_1.sm,n_reportadas,1.8333333333333333,9.0,7.166666666666667,12,0
C4_C1_C3_saldo_eventos,j6027_1.sm,n_reportadas,2.0,10.166666666666666,8.166666666666666,12,0
C4_C1_C3_saldo_eventos,j602_1.sm,n_reportadas,2.0833333333333335,9.25,7.166666666666667,12,0
C4_C1_C3_saldo_eventos,j6032_1.sm,n_reportadas,2.0,10.333333333333334,8.333333333333334,12,0
C4_C1_C3_saldo_eventos,j6035_1.sm,n_reportadas,1.75,12.0,10.25,12,0
C4_C1_C3_saldo_eventos,j6038_1.sm,n_reportadas,1.9166666666666667,10.0,8.083333333333334,12,0
C4_C1_C3_saldo_eventos,j6040_1.sm,n_reportadas,2.8333333333333335,10.333333333333334,7.5,12,0
C4_C1_C3_saldo_eventos,j6043_1.sm,n_reportadas,1.1666666666666667,10.583333333333334,9.416666666666666,12,0
C4_C1_C3_saldo_eventos,j6046_1.sm,n_reportadas,1.9166666666666667,11.916666666666666,10.0,12,0
C4_C1_C3_saldo_eventos,j604_1.sm,n_reportadas,2.1666666666666665,10.75,8.583333333333334,12,0
C4_C1_C3_saldo_eventos,j607_1.sm,n_reportadas,1.6666666666666667,10.25,8.583333333333334,12,0
C4_C1_C3_saldo_eventos,j6010_1.sm,n_adiamentos,0.0,0.0,0.0,12,0
C4_C1_C3_saldo_eventos,j6013_1.sm,n_adiamentos,0.0,0.0,0.0,12,0
C4_C1_C3_saldo_eventos,j6016_1.sm,n_adiamentos,0.0,0.0,0.0,12,0
C4_C1_C3_saldo_eventos,j6019_1.sm,n_adiamentos,0.0,0.0,0.0,12,0
C4_C1_C3_saldo_eventos,j6021_1.sm,n_adiamentos,0.0,0.0,0.0,12,0
C4_C1_C3_saldo_eventos,j6024_1.sm,n_adiamentos,0.0,0.0,0.0,12,0
C4_C1_C3_saldo_eventos,j6027_1.sm,n_adiamentos,0.0,0.0,0.0,12,0
C4_C1_C3_saldo_eventos,j602_1.sm,n_adiamentos,0.0,0.0,0.0,12,0
C4_C1_C3_saldo_eventos,j6032_1.sm,n_adiamentos,0.0,0.0,0.0,12,0
C4_C1_C3_saldo_eventos,j6035_1.sm,n_adiamentos,0.0,0.0,0.0,12,0
C4_C1_C3_saldo_eventos,j6038_1.sm,n_adiamentos,0.0,0.0,0.0,12,0
C4_C1_C3_saldo_eventos,j6040_1.sm,n_adiamentos,0.0,0.0,0.0,12,0
C4_C1_C3_saldo_eventos,j6043_1.sm,n_adiamentos,0.0,0.0,0.0,12,0
C4_C1_C3_saldo_eventos,j6046_1.sm,n_adiamentos,0.0,0.0,0.0,12,0
C4_C1_C3_saldo_eventos,j604_1.sm,n_adiamentos,0.0,0.0,0.0,12,0
C4_C1_C3_saldo_eventos,j607_1.sm,n_adiamentos,0.0,0.0,0.0,12,0
C4_C1_C3_saldo_eventos,j6010_1.sm,taxa_omissao,0.20138888888888887,0.07222222222222223,-0.12916666666666668,12,0
C4_C1_C3_saldo_eventos,j6013_1.sm,taxa_omissao,0.21527777777777776,0.06666666666666667,-0.1486111111111111,12,0
C4_C1_C3_saldo_eventos,j6016_1.sm,taxa_omissao,0.24166666666666667,0.06527777777777778,-0.1763888888888889,12,0
C4_C1_C3_saldo_eventos,j6019_1.sm,taxa_omissao,0.21944444444444441,0.05555555555555555,-0.1638888888888889,12,0
C4_C1_C3_saldo_eventos,j6021_1.sm,taxa_omissao,0.23194444444444443,0.06111111111111112,-0.1708333333333333,12,0
C4_C1_C3_saldo_eventos,j6024_1.sm,taxa_omissao,0.19166666666666668,0.049999999999999996,-0.1416666666666667,12,0
C4_C1_C3_saldo_eventos,j6027_1.sm,taxa_omissao,0.22916666666666666,0.07361111111111111,-0.15555555555555559,12,0
C4_C1_C3_saldo_eventos,j602_1.sm,taxa_omissao,0.20833333333333337,0.05833333333333334,-0.15000000000000002,12,0
C4_C1_C3_saldo_eventos,j6032_1.sm,taxa_omissao,0.19444444444444445,0.06527777777777778,-0.12916666666666665,12,0
C4_C1_C3_saldo_eventos,j6035_1.sm,taxa_omissao,0.23611111111111108,0.05555555555555556,-0.18055555555555555,12,0
C4_C1_C3_saldo_eventos,j6038_1.sm,taxa_omissao,0.20833333333333334,0.07222222222222223,-0.1361111111111111,12,0
C4_C1_C3_saldo_eventos,j6040_1.sm,taxa_omissao,0.22499999999999998,0.05833333333333334,-0.16666666666666666,12,0
C4_C1_C3_saldo_eventos,j6043_1.sm,taxa_omissao,0.20555555555555557,0.06527777777777778,-0.1402777777777778,12,0
C4_C1_C3_saldo_eventos,j6046_1.sm,taxa_omissao,0.23333333333333336,0.06250000000000001,-0.17083333333333336,12,0
C4_C1_C3_saldo_eventos,j604_1.sm,taxa_omissao,0.21666666666666667,0.05555555555555556,-0.16111111111111112,12,0
C4_C1_C3_saldo_eventos,j607_1.sm,taxa_omissao,0.21388888888888888,0.06944444444444445,-0.14444444444444443,12,0
C4_C1_C3_saldo_eventos,j6010_1.sm,E_plano,323.0,323.0,0.0,12,0
C4_C1_C3_saldo_eventos,j6013_1.sm,E_plano,340.0,340.0,0.0,12,0
C4_C1_C3_saldo_eventos,j6016_1.sm,E_plano,365.0,365.0,0.0,12,0
C4_C1_C3_saldo_eventos,j6019_1.sm,E_plano,336.0,336.0,0.0,12,0
C4_C1_C3_saldo_eventos,j6021_1.sm,E_plano,332.0,332.0,0.0,12,0
C4_C1_C3_saldo_eventos,j6024_1.sm,E_plano,284.0,284.0,0.0,12,0
C4_C1_C3_saldo_eventos,j6027_1.sm,E_plano,346.0,346.0,0.0,12,0
C4_C1_C3_saldo_eventos,j602_1.sm,E_plano,324.0,324.0,0.0,12,0
C4_C1_C3_saldo_eventos,j6032_1.sm,E_plano,337.0,337.0,0.0,12,0
C4_C1_C3_saldo_eventos,j6035_1.sm,E_plano,353.0,353.0,0.0,12,0
C4_C1_C3_saldo_eventos,j6038_1.sm,E_plano,341.0,341.0,0.0,12,0
C4_C1_C3_saldo_eventos,j6040_1.sm,E_plano,375.0,375.0,0.0,12,0
C4_C1_C3_saldo_eventos,j6043_1.sm,E_plano,334.0,334.0,0.0,12,0
C4_C1_C3_saldo_eventos,j6046_1.sm,E_plano,320.0,320.0,0.0,12,0
C4_C1_C3_saldo_eventos,j604_1.sm,E_plano,382.0,382.0,0.0,12,0
C4_C1_C3_saldo_eventos,j607_1.sm,E_plano,336.0,336.0,0.0,12,0
C4_C1_C3_saldo_eventos,j6010_1.sm,retrabalho_sobre_plano,0.1697264020533855,0.14789220158602792,-0.021834200467357567,12,0
C4_C1_C3_saldo_eventos,j6013_1.sm,retrabalho_sobre_plano,0.21535136363695848,0.21031106679393866,-0.005040296843019795,12,0
C4_C1_C3_saldo_eventos,j6016_1.sm,retrabalho_sobre_plano,0.2627876806815996,0.1753170544985243,-0.08747062618307531,12,0
C4_C1_C3_saldo_eventos,j6019_1.sm,retrabalho_sobre_plano,0.20320048362708298,0.14101213557557313,-0.06218834805150985,12,0
C4_C1_C3_saldo_eventos,j6021_1.sm,retrabalho_sobre_plano,0.2362155200290711,0.17487777233331622,-0.061337747695754875,12,0
C4_C1_C3_saldo_eventos,j6024_1.sm,retrabalho_sobre_plano,0.18339378973731005,0.12296808527416002,-0.0604257044631501,12,0
C4_C1_C3_saldo_eventos,j6027_1.sm,retrabalho_sobre_plano,0.17847576840947008,0.13836452320307072,-0.04011124520639934,12,0
C4_C1_C3_saldo_eventos,j602_1.sm,retrabalho_sobre_plano,0.20035853571706538,0.1302636188316404,-0.07009491688542499,12,0
C4_C1_C3_saldo_eventos,j6032_1.sm,retrabalho_sobre_plano,0.1744908718901894,0.15852575801454807,-0.0159651138756413,12,0
C4_C1_C3_saldo_eventos,j6035_1.sm,retrabalho_sobre_plano,0.20835133712215423,0.16183581221362067,-0.046515524908533556,12,0
C4_C1_C3_saldo_eventos,j6038_1.sm,retrabalho_sobre_plano,0.17992158785031132,0.1532414313610351,-0.02668015648927616,12,0
C4_C1_C3_saldo_eventos,j6040_1.sm,retrabalho_sobre_plano,0.2024852882149871,0.1394587484794345,-0.06302653973555257,12,0
C4_C1_C3_saldo_eventos,j6043_1.sm,retrabalho_sobre_plano,0.16032042349362635,0.14467033712063135,-0.01565008637299502,12,0
C4_C1_C3_saldo_eventos,j6046_1.sm,retrabalho_sobre_plano,0.23548805680728643,0.18642244109051856,-0.04906561571676785,12,0
C4_C1_C3_saldo_eventos,j604_1.sm,retrabalho_sobre_plano,0.20785756060329574,0.1543988565658156,-0.053458704037480174,12,0
C4_C1_C3_saldo_eventos,j607_1.sm,retrabalho_sobre_plano,0.18750950195474483,0.14121871725537463,-0.04629078469937018,12,0
C4_C1_C3_saldo_eventos,j6010_1.sm,divida_latente_sobre_plano,0.06260159770905331,0.020894367031274726,-0.041707230677778595,12,0
C4_C1_C3_saldo_eventos,j6013_1.sm,divida_latente_sobre_plano,0.07164461689636688,0.027225080111004264,-0.04441953678536261,12,0
C4_C1_C3_saldo_eventos,j6016_1.sm,divida_latente_sobre_plano,0.09633334922260323,0.02404575962958566,-0.07228758959301758,12,0
C4_C1_C3_saldo_eventos,j6019_1.sm,divida_latente_sobre_plano,0.07480046876692817,0.02122063668151054,-0.05357983208541764,12,0
C4_C1_C3_saldo_eventos,j6021_1.sm,divida_latente_sobre_plano,0.08563494657775556,0.020767679779499806,-0.06486726679825576,12,0
C4_C1_C3_saldo_eventos,j6024_1.sm,divida_latente_sobre_plano,0.09199329848923314,0.013350938967136149,-0.07864235952209697,12,0
C4_C1_C3_saldo_eventos,j6027_1.sm,divida_latente_sobre_plano,0.061743688745796686,0.017817871546678708,-0.04392581719911797,12,0
C4_C1_C3_saldo_eventos,j602_1.sm,divida_latente_sobre_plano,0.07631846504292746,0.01814624418490466,-0.05817222085802279,12,0
C4_C1_C3_saldo_eventos,j6032_1.sm,divida_latente_sobre_plano,0.0662657149421719,0.017713006082238688,-0.048552708859933215,12,0
C4_C1_C3_saldo_eventos,j6035_1.sm,divida_latente_sobre_plano,0.0868649718309515,0.015309688257671818,-0.07155528357327967,12,0
C4_C1_C3_saldo_eventos,j6038_1.sm,divida_latente_sobre_plano,0.0715775335724926,0.024151601530644395,-0.0474259320418482,12,0
C4_C1_C3_saldo_eventos,j6040_1.sm,divida_latente_sobre_plano,0.06990753716560004,0.020643761089727077,-0.04926377607587296,12,0
C4_C1_C3_saldo_eventos,j6043_1.sm,divida_latente_sobre_plano,0.05987397538096368,0.016199269305940598,-0.04367470607502308,12,0
C4_C1_C3_saldo_eventos,j6046_1.sm,divida_latente_sobre_plano,0.10063366337952213,0.022663536600860776,-0.07797012677866137,12,0
C4_C1_C3_saldo_eventos,j604_1.sm,divida_latente_sobre_plano,0.07702037348277696,0.018567939943148634,-0.05845243353962831,12,0
C4_C1_C3_saldo_eventos,j607_1.sm,divida_latente_sobre_plano,0.07675694174789902,0.02048490263720265,-0.05627203911069636,12,0
C4_C1_C3_saldo_eventos,j6010_1.sm,retrabalho_sobre_esforco_realizado,0.07204699475614855,0.09145783693263299,0.019410842176484443,12,0
C4_C1_C3_saldo_eventos,j6013_1.sm,retrabalho_sobre_esforco_realizado,0.09940977532456385,0.12219888340576866,0.022789108081204823,12,0
C4_C1_C3_saldo_eventos,j6016_1.sm,retrabalho_sobre_esforco_realizado,0.10189252287371242,0.09923473819559599,-0.0026577846781164296,12,0
C4_C1_C3_saldo_eventos,j6019_1.sm,retrabalho_sobre_esforco_realizado,0.08466581017598607,0.0841348688196001,-0.0005309413563859699,12,0
C4_C1_C3_saldo_eventos,j6021_1.sm,retrabalho_sobre_esforco_realizado,0.10641824567564145,0.10795894700955265,0.0015407013339111704,12,0
C4_C1_C3_saldo_eventos,j6024_1.sm,retrabalho_sobre_esforco_realizado,0.07691935303883422,0.07520719548087197,-0.0017121575579622423,12,0
C4_C1_C3_saldo_eventos,j6027_1.sm,retrabalho_sobre_esforco_realizado,0.08087415100246174,0.08949813441989539,0.008623983417433654,12,0
C4_C1_C3_saldo_eventos,j602_1.sm,retrabalho_sobre_esforco_realizado,0.08193568350769122,0.07741635797518094,-0.004519325532510265,12,0
C4_C1_C3_saldo_eventos,j6032_1.sm,retrabalho_sobre_esforco_realizado,0.0721331977226055,0.09173113242319109,0.019597934700585594,12,0
C4_C1_C3_saldo_eventos,j6035_1.sm,retrabalho_sobre_esforco_realizado,0.08649251334083137,0.09612214262912584,0.009629629288294488,12,0
C4_C1_C3_saldo_eventos,j6038_1.sm,retrabalho_sobre_esforco_realizado,0.07849366942594942,0.09264550444563437,0.014151835019684951,12,0
C4_C1_C3_saldo_eventos,j6040_1.sm,retrabalho_sobre_esforco_realizado,0.08296480691060963,0.0839540981559775,0.000989291245367878,12,0
C4_C1_C3_saldo_eventos,j6043_1.sm,retrabalho_sobre_esforco_realizado,0.06703916731383076,0.09245871372611503,0.02541954641228426,12,0
C4_C1_C3_saldo_eventos,j6046_1.sm,retrabalho_sobre_esforco_realizado,0.09215925874151647,0.11330778407002184,0.02114852532850539,12,0
C4_C1_C3_saldo_eventos,j604_1.sm,retrabalho_sobre_esforco_realizado,0.08419135559823308,0.08887489436016659,0.004683538761933531,12,0
C4_C1_C3_saldo_eventos,j607_1.sm,retrabalho_sobre_esforco_realizado,0.07573636349629577,0.08275088390455676,0.007014520408260998,12,0
C4_C1_C3_saldo_eventos,j6010_1.sm,p1_omissao,34.666666666666664,17.166666666666668,-17.5,12,0
C4_C1_C3_saldo_eventos,j6013_1.sm,p1_omissao,44.666666666666664,37.666666666666664,-7.0,12,0
C4_C1_C3_saldo_eventos,j6016_1.sm,p1_omissao,50.166666666666664,32.5,-17.666666666666668,12,0
C4_C1_C3_saldo_eventos,j6019_1.sm,p1_omissao,40.25,23.416666666666668,-16.833333333333332,12,0
C4_C1_C3_saldo_eventos,j6021_1.sm,p1_omissao,36.083333333333336,23.166666666666668,-12.916666666666666,12,0
C4_C1_C3_saldo_eventos,j6024_1.sm,p1_omissao,27.666666666666668,9.416666666666666,-18.25,12,0
C4_C1_C3_saldo_eventos,j6027_1.sm,p1_omissao,28.166666666666668,10.583333333333334,-17.583333333333332,12,0
C4_C1_C3_saldo_eventos,j602_1.sm,p1_omissao,43.583333333333336,22.666666666666668,-20.916666666666668,12,0
C4_C1_C3_saldo_eventos,j6032_1.sm,p1_omissao,37.25,16.833333333333332,-20.416666666666668,12,0
C4_C1_C3_saldo_eventos,j6035_1.sm,p1_omissao,42.0,20.833333333333332,-21.166666666666668,12,0
C4_C1_C3_saldo_eventos,j6038_1.sm,p1_omissao,37.416666666666664,18.166666666666668,-19.25,12,0
C4_C1_C3_saldo_eventos,j6040_1.sm,p1_omissao,40.833333333333336,22.333333333333332,-18.5,12,0
C4_C1_C3_saldo_eventos,j6043_1.sm,p1_omissao,31.416666666666668,11.75,-19.666666666666668,12,0
C4_C1_C3_saldo_eventos,j6046_1.sm,p1_omissao,43.916666666666664,20.583333333333332,-23.333333333333332,12,0
C4_C1_C3_saldo_eventos,j604_1.sm,p1_omissao,44.666666666666664,28.083333333333332,-16.583333333333332,12,0
C4_C1_C3_saldo_eventos,j607_1.sm,p1_omissao,44.083333333333336,22.333333333333332,-21.75,12,0
C4_C1_C3_saldo_eventos,j6010_1.sm,p1_fuga,0.0,0.0,0.0,12,0
C4_C1_C3_saldo_eventos,j6013_1.sm,p1_fuga,0.0,0.0,0.0,12,0
C4_C1_C3_saldo_eventos,j6016_1.sm,p1_fuga,0.0,0.0,0.0,12,0
C4_C1_C3_saldo_eventos,j6019_1.sm,p1_fuga,0.0,0.0,0.0,12,0
C4_C1_C3_saldo_eventos,j6021_1.sm,p1_fuga,0.0,0.0,0.0,12,0
C4_C1_C3_saldo_eventos,j6024_1.sm,p1_fuga,0.0,0.0,0.0,12,0
C4_C1_C3_saldo_eventos,j6027_1.sm,p1_fuga,0.0,0.0,0.0,12,0
C4_C1_C3_saldo_eventos,j602_1.sm,p1_fuga,0.0,0.0,0.0,12,0
C4_C1_C3_saldo_eventos,j6032_1.sm,p1_fuga,0.0,0.0,0.0,12,0
C4_C1_C3_saldo_eventos,j6035_1.sm,p1_fuga,0.0,0.0,0.0,12,0
C4_C1_C3_saldo_eventos,j6038_1.sm,p1_fuga,0.0,0.0,0.0,12,0
C4_C1_C3_saldo_eventos,j6040_1.sm,p1_fuga,0.0,0.0,0.0,12,0
C4_C1_C3_saldo_eventos,j6043_1.sm,p1_fuga,0.0,0.0,0.0,12,0
C4_C1_C3_saldo_eventos,j6046_1.sm,p1_fuga,0.0,0.0,0.0,12,0
C4_C1_C3_saldo_eventos,j604_1.sm,p1_fuga,0.0,0.0,0.0,12,0
C4_C1_C3_saldo_eventos,j607_1.sm,p1_fuga,0.0,0.0,0.0,12,0
C4_C1_C3_saldo_eventos,j6010_1.sm,p2_ajuda,0.0,9.916666666666666,9.916666666666666,12,0
C4_C1_C3_saldo_eventos,j6013_1.sm,p2_ajuda,0.0,5.583333333333333,5.583333333333333,12,0
C4_C1_C3_saldo_eventos,j6016_1.sm,p2_ajuda,0.0,9.916666666666666,9.916666666666666,12,0
C4_C1_C3_saldo_eventos,j6019_1.sm,p2_ajuda,0.0,9.0,9.0,12,0
C4_C1_C3_saldo_eventos,j6021_1.sm,p2_ajuda,0.0,6.5,6.5,12,0
C4_C1_C3_saldo_eventos,j6024_1.sm,p2_ajuda,0.0,7.333333333333333,7.333333333333333,12,0
C4_C1_C3_saldo_eventos,j6027_1.sm,p2_ajuda,0.0,10.666666666666666,10.666666666666666,12,0
C4_C1_C3_saldo_eventos,j602_1.sm,p2_ajuda,0.0,10.0,10.0,12,0
C4_C1_C3_saldo_eventos,j6032_1.sm,p2_ajuda,0.0,7.833333333333333,7.833333333333333,12,0
C4_C1_C3_saldo_eventos,j6035_1.sm,p2_ajuda,0.0,10.583333333333334,10.583333333333334,12,0
C4_C1_C3_saldo_eventos,j6038_1.sm,p2_ajuda,0.0,11.25,11.25,12,0
C4_C1_C3_saldo_eventos,j6040_1.sm,p2_ajuda,0.0,9.333333333333334,9.333333333333334,12,0
C4_C1_C3_saldo_eventos,j6043_1.sm,p2_ajuda,0.0,9.083333333333334,9.083333333333334,12,0
C4_C1_C3_saldo_eventos,j6046_1.sm,p2_ajuda,0.0,10.833333333333334,10.833333333333334,12,0
C4_C1_C3_saldo_eventos,j604_1.sm,p2_ajuda,0.0,10.25,10.25,12,0
C4_C1_C3_saldo_eventos,j607_1.sm,p2_ajuda,0.0,7.833333333333333,7.833333333333333,12,0
C4_C1_C3_saldo_eventos,j6010_1.sm,p2_bloqueio,135.91666666666666,15.916666666666666,-120.0,12,0
C4_C1_C3_saldo_eventos,j6013_1.sm,p2_bloqueio,85.66666666666667,7.416666666666667,-78.25,12,0
C4_C1_C3_saldo_eventos,j6016_1.sm,p2_bloqueio,139.5,17.0,-122.5,12,0
C4_C1_C3_saldo_eventos,j6019_1.sm,p2_bloqueio,118.25,15.416666666666666,-102.83333333333333,12,0
C4_C1_C3_saldo_eventos,j6021_1.sm,p2_bloqueio,90.33333333333333,9.083333333333334,-81.25,12,0
C4_C1_C3_saldo_eventos,j6024_1.sm,p2_bloqueio,125.41666666666667,17.583333333333332,-107.83333333333333,12,0
C4_C1_C3_saldo_eventos,j6027_1.sm,p2_bloqueio,133.75,20.583333333333332,-113.16666666666667,12,0
C4_C1_C3_saldo_eventos,j602_1.sm,p2_bloqueio,129.0,19.083333333333332,-109.91666666666667,12,0
C4_C1_C3_saldo_eventos,j6032_1.sm,p2_bloqueio,139.16666666666666,20.583333333333332,-118.58333333333333,12,0
C4_C1_C3_saldo_eventos,j6035_1.sm,p2_bloqueio,126.41666666666667,17.75,-108.66666666666667,12,0
C4_C1_C3_saldo_eventos,j6038_1.sm,p2_bloqueio,105.08333333333333,18.583333333333332,-86.5,12,0
C4_C1_C3_saldo_eventos,j6040_1.sm,p2_bloqueio,156.83333333333334,19.75,-137.08333333333334,12,0
C4_C1_C3_saldo_eventos,j6043_1.sm,p2_bloqueio,192.0,14.0,-178.0,12,0
C4_C1_C3_saldo_eventos,j6046_1.sm,p2_bloqueio,162.41666666666666,14.75,-147.66666666666666,12,0
C4_C1_C3_saldo_eventos,j604_1.sm,p2_bloqueio,135.58333333333334,18.666666666666668,-116.91666666666667,12,0
C4_C1_C3_saldo_eventos,j607_1.sm,p2_bloqueio,146.25,24.25,-122.0,12,0
C4_C1_C3_saldo_eventos,j6010_1.sm,p3_analitica,25.333333333333332,42.833333333333336,17.5,12,0
C4_C1_C3_saldo_eventos,j6013_1.sm,p3_analitica,15.333333333333334,22.333333333333332,7.0,12,0
C4_C1_C3_saldo_eventos,j6016_1.sm,p3_analitica,9.833333333333334,27.5,17.666666666666668,12,0
C4_C1_C3_saldo_eventos,j6019_1.sm,p3_analitica,19.75,36.583333333333336,16.833333333333332,12,0
C4_C1_C3_saldo_eventos,j6021_1.sm,p3_analitica,23.916666666666668,36.833333333333336,12.916666666666666,12,0
C4_C1_C3_saldo_eventos,j6024_1.sm,p3_analitica,32.333333333333336,50.583333333333336,18.25,12,0
C4_C1_C3_saldo_eventos,j6027_1.sm,p3_analitica,31.833333333333332,49.416666666666664,17.583333333333332,12,0
C4_C1_C3_saldo_eventos,j602_1.sm,p3_analitica,16.416666666666668,37.333333333333336,20.916666666666668,12,0
C4_C1_C3_saldo_eventos,j6032_1.sm,p3_analitica,22.75,43.166666666666664,20.416666666666668,12,0
C4_C1_C3_saldo_eventos,j6035_1.sm,p3_analitica,18.0,39.166666666666664,21.166666666666668,12,0
C4_C1_C3_saldo_eventos,j6038_1.sm,p3_analitica,22.583333333333332,41.833333333333336,19.25,12,0
C4_C1_C3_saldo_eventos,j6040_1.sm,p3_analitica,19.166666666666668,37.666666666666664,18.5,12,0
C4_C1_C3_saldo_eventos,j6043_1.sm,p3_analitica,28.583333333333332,48.25,19.666666666666668,12,0
C4_C1_C3_saldo_eventos,j6046_1.sm,p3_analitica,16.083333333333332,39.416666666666664,23.333333333333332,12,0
C4_C1_C3_saldo_eventos,j604_1.sm,p3_analitica,15.333333333333334,31.916666666666668,16.583333333333332,12,0
C4_C1_C3_saldo_eventos,j607_1.sm,p3_analitica,15.916666666666666,37.666666666666664,21.75,12,0
C4_C1_C3_saldo_eventos,j6010_1.sm,hiato_encontrado,135.91666666666666,25.833333333333332,-110.08333333333333,12,0
C4_C1_C3_saldo_eventos,j6013_1.sm,hiato_encontrado,85.66666666666667,13.0,-72.66666666666667,12,0
C4_C1_C3_saldo_eventos,j6016_1.sm,hiato_encontrado,139.5,26.916666666666668,-112.58333333333333,12,0
C4_C1_C3_saldo_eventos,j6019_1.sm,hiato_encontrado,118.25,24.416666666666668,-93.83333333333333,12,0
C4_C1_C3_saldo_eventos,j6021_1.sm,hiato_encontrado,90.33333333333333,15.583333333333334,-74.75,12,0
C4_C1_C3_saldo_eventos,j6024_1.sm,hiato_encontrado,125.41666666666667,24.916666666666668,-100.5,12,0
C4_C1_C3_saldo_eventos,j6027_1.sm,hiato_encontrado,133.75,31.25,-102.5,12,0
C4_C1_C3_saldo_eventos,j602_1.sm,hiato_encontrado,129.0,29.083333333333332,-99.91666666666667,12,0
C4_C1_C3_saldo_eventos,j6032_1.sm,hiato_encontrado,139.16666666666666,28.416666666666668,-110.75,12,0
C4_C1_C3_saldo_eventos,j6035_1.sm,hiato_encontrado,126.41666666666667,28.333333333333332,-98.08333333333333,12,0
C4_C1_C3_saldo_eventos,j6038_1.sm,hiato_encontrado,105.08333333333333,29.833333333333332,-75.25,12,0
C4_C1_C3_saldo_eventos,j6040_1.sm,hiato_encontrado,156.83333333333334,29.083333333333332,-127.75,12,0
C4_C1_C3_saldo_eventos,j6043_1.sm,hiato_encontrado,192.0,23.083333333333332,-168.91666666666666,12,0
C4_C1_C3_saldo_eventos,j6046_1.sm,hiato_encontrado,162.41666666666666,25.583333333333332,-136.83333333333334,12,0
C4_C1_C3_saldo_eventos,j604_1.sm,hiato_encontrado,135.58333333333334,28.916666666666668,-106.66666666666667,12,0
C4_C1_C3_saldo_eventos,j607_1.sm,hiato_encontrado,146.25,32.083333333333336,-114.16666666666667,12,0
C4_C1_C3_saldo_eventos,j6010_1.sm,hiato_sem_colega_capaz,47.083333333333336,15.916666666666666,-31.166666666666668,12,0
C4_C1_C3_saldo_eventos,j6013_1.sm,hiato_sem_colega_capaz,21.583333333333332,7.416666666666667,-14.166666666666666,12,0
C4_C1_C3_saldo_eventos,j6016_1.sm,hiato_sem_colega_capaz,49.583333333333336,17.0,-32.583333333333336,12,0
C4_C1_C3_saldo_eventos,j6019_1.sm,hiato_sem_colega_capaz,49.833333333333336,15.416666666666666,-34.416666666666664,12,0
C4_C1_C3_saldo_eventos,j6021_1.sm,hiato_sem_colega_capaz,25.0,9.083333333333334,-15.916666666666666,12,0
C4_C1_C3_saldo_eventos,j6024_1.sm,hiato_sem_colega_capaz,49.166666666666664,17.583333333333332,-31.583333333333332,12,0
C4_C1_C3_saldo_eventos,j6027_1.sm,hiato_sem_colega_capaz,48.0,20.583333333333332,-27.416666666666668,12,0
C4_C1_C3_saldo_eventos,j602_1.sm,hiato_sem_colega_capaz,53.75,19.083333333333332,-34.666666666666664,12,0
C4_C1_C3_saldo_eventos,j6032_1.sm,hiato_sem_colega_capaz,57.083333333333336,20.583333333333332,-36.5,12,0
C4_C1_C3_saldo_eventos,j6035_1.sm,hiato_sem_colega_capaz,43.833333333333336,17.75,-26.083333333333332,12,0
C4_C1_C3_saldo_eventos,j6038_1.sm,hiato_sem_colega_capaz,37.75,18.583333333333332,-19.166666666666668,12,0
C4_C1_C3_saldo_eventos,j6040_1.sm,hiato_sem_colega_capaz,59.666666666666664,19.75,-39.916666666666664,12,0
C4_C1_C3_saldo_eventos,j6043_1.sm,hiato_sem_colega_capaz,56.5,14.0,-42.5,12,0
C4_C1_C3_saldo_eventos,j6046_1.sm,hiato_sem_colega_capaz,46.333333333333336,14.75,-31.583333333333332,12,0
C4_C1_C3_saldo_eventos,j604_1.sm,hiato_sem_colega_capaz,53.5,18.666666666666668,-34.833333333333336,12,0
C4_C1_C3_saldo_eventos,j607_1.sm,hiato_sem_colega_capaz,56.5,24.25,-32.25,12,0
C4_C1_C3_saldo_eventos,j6010_1.sm,hiato_sem_colega_livre,9.083333333333334,5.416666666666667,-3.6666666666666665,12,0
C4_C1_C3_saldo_eventos,j6013_1.sm,hiato_sem_colega_livre,0.0,1.0,1.0,12,0
C4_C1_C3_saldo_eventos,j6016_1.sm,hiato_sem_colega_livre,10.666666666666666,6.583333333333333,-4.083333333333333,12,0
C4_C1_C3_saldo_eventos,j6019_1.sm,hiato_sem_colega_livre,20.25,5.916666666666667,-14.333333333333334,12,0
C4_C1_C3_saldo_eventos,j6021_1.sm,hiato_sem_colega_livre,0.6666666666666666,1.9166666666666667,1.25,12,0
C4_C1_C3_saldo_eventos,j6024_1.sm,hiato_sem_colega_livre,18.583333333333332,9.333333333333334,-9.25,12,0
C4_C1_C3_saldo_eventos,j6027_1.sm,hiato_sem_colega_livre,9.583333333333334,9.416666666666666,-0.16666666666666666,12,0
C4_C1_C3_saldo_eventos,j602_1.sm,hiato_sem_colega_livre,21.166666666666668,8.416666666666666,-12.75,12,0
C4_C1_C3_saldo_eventos,j6032_1.sm,hiato_sem_colega_livre,20.083333333333332,12.416666666666666,-7.666666666666667,12,0
C4_C1_C3_saldo_eventos,j6035_1.sm,hiato_sem_colega_livre,10.666666666666666,6.583333333333333,-4.083333333333333,12,0
C4_C1_C3_saldo_eventos,j6038_1.sm,hiato_sem_colega_livre,11.416666666666666,6.5,-4.916666666666667,12,0
C4_C1_C3_saldo_eventos,j6040_1.sm,hiato_sem_colega_livre,17.416666666666668,10.083333333333334,-7.333333333333333,12,0
C4_C1_C3_saldo_eventos,j6043_1.sm,hiato_sem_colega_livre,3.6666666666666665,4.5,0.8333333333333334,12,0
C4_C1_C3_saldo_eventos,j6046_1.sm,hiato_sem_colega_livre,2.0833333333333335,3.25,1.1666666666666667,12,0
C4_C1_C3_saldo_eventos,j604_1.sm,hiato_sem_colega_livre,18.0,7.916666666666667,-10.083333333333334,12,0
C4_C1_C3_saldo_eventos,j607_1.sm,hiato_sem_colega_livre,18.5,16.166666666666668,-2.3333333333333335,12,0
C4_C1_C3_saldo_eventos,j6010_1.sm,hiato_colega_capaz_sem_confianca,88.83333333333333,0.0,-88.83333333333333,12,0
C4_C1_C3_saldo_eventos,j6013_1.sm,hiato_colega_capaz_sem_confianca,64.08333333333333,0.0,-64.08333333333333,12,0
C4_C1_C3_saldo_eventos,j6016_1.sm,hiato_colega_capaz_sem_confianca,89.91666666666667,0.0,-89.91666666666667,12,0
C4_C1_C3_saldo_eventos,j6019_1.sm,hiato_colega_capaz_sem_confianca,68.41666666666667,0.0,-68.41666666666667,12,0
C4_C1_C3_saldo_eventos,j6021_1.sm,hiato_colega_capaz_sem_confianca,65.33333333333333,0.0,-65.33333333333333,12,0
C4_C1_C3_saldo_eventos,j6024_1.sm,hiato_colega_capaz_sem_confianca,76.25,0.0,-76.25,12,0
C4_C1_C3_saldo_eventos,j6027_1.sm,hiato_colega_capaz_sem_confianca,85.75,0.0,-85.75,12,0
C4_C1_C3_saldo_eventos,j602_1.sm,hiato_colega_capaz_sem_confianca,75.25,0.0,-75.25,12,0
C4_C1_C3_saldo_eventos,j6032_1.sm,hiato_colega_capaz_sem_confianca,82.08333333333333,0.0,-82.08333333333333,12,0
C4_C1_C3_saldo_eventos,j6035_1.sm,hiato_colega_capaz_sem_confianca,82.58333333333333,0.0,-82.58333333333333,12,0
C4_C1_C3_saldo_eventos,j6038_1.sm,hiato_colega_capaz_sem_confianca,67.33333333333333,0.0,-67.33333333333333,12,0
C4_C1_C3_saldo_eventos,j6040_1.sm,hiato_colega_capaz_sem_confianca,97.16666666666667,0.0,-97.16666666666667,12,0
C4_C1_C3_saldo_eventos,j6043_1.sm,hiato_colega_capaz_sem_confianca,135.5,0.0,-135.5,12,0
C4_C1_C3_saldo_eventos,j6046_1.sm,hiato_colega_capaz_sem_confianca,116.08333333333333,0.0,-116.08333333333333,12,0
C4_C1_C3_saldo_eventos,j604_1.sm,hiato_colega_capaz_sem_confianca,82.08333333333333,0.0,-82.08333333333333,12,0
C4_C1_C3_saldo_eventos,j607_1.sm,hiato_colega_capaz_sem_confianca,89.75,0.0,-89.75,12,0
C4_C1_C3_saldo_eventos,j6010_1.sm,competencia_maxima_inicial,0.6784269160974062,0.6784269160974062,0.0,12,0
C4_C1_C3_saldo_eventos,j6013_1.sm,competencia_maxima_inicial,0.6784269160974062,0.6784269160974062,0.0,12,0
C4_C1_C3_saldo_eventos,j6016_1.sm,competencia_maxima_inicial,0.6784269160974062,0.6784269160974062,0.0,12,0
C4_C1_C3_saldo_eventos,j6019_1.sm,competencia_maxima_inicial,0.6784269160974062,0.6784269160974062,0.0,12,0
C4_C1_C3_saldo_eventos,j6021_1.sm,competencia_maxima_inicial,0.6784269160974062,0.6784269160974062,0.0,12,0
C4_C1_C3_saldo_eventos,j6024_1.sm,competencia_maxima_inicial,0.6784269160974062,0.6784269160974062,0.0,12,0
C4_C1_C3_saldo_eventos,j6027_1.sm,competencia_maxima_inicial,0.6784269160974062,0.6784269160974062,0.0,12,0
C4_C1_C3_saldo_eventos,j602_1.sm,competencia_maxima_inicial,0.6784269160974062,0.6784269160974062,0.0,12,0
C4_C1_C3_saldo_eventos,j6032_1.sm,competencia_maxima_inicial,0.6784269160974062,0.6784269160974062,0.0,12,0
C4_C1_C3_saldo_eventos,j6035_1.sm,competencia_maxima_inicial,0.6784269160974062,0.6784269160974062,0.0,12,0
C4_C1_C3_saldo_eventos,j6038_1.sm,competencia_maxima_inicial,0.6784269160974062,0.6784269160974062,0.0,12,0
C4_C1_C3_saldo_eventos,j6040_1.sm,competencia_maxima_inicial,0.6784269160974062,0.6784269160974062,0.0,12,0
C4_C1_C3_saldo_eventos,j6043_1.sm,competencia_maxima_inicial,0.6784269160974062,0.6784269160974062,0.0,12,0
C4_C1_C3_saldo_eventos,j6046_1.sm,competencia_maxima_inicial,0.6784269160974062,0.6784269160974062,0.0,12,0
C4_C1_C3_saldo_eventos,j604_1.sm,competencia_maxima_inicial,0.6784269160974062,0.6784269160974062,0.0,12,0
C4_C1_C3_saldo_eventos,j607_1.sm,competencia_maxima_inicial,0.6784269160974062,0.6784269160974062,0.0,12,0
C4_C1_C3_saldo_eventos,j6010_1.sm,competencia_minima_inicial,0.36053696648776334,0.36053696648776334,0.0,12,0
C4_C1_C3_saldo_eventos,j6013_1.sm,competencia_minima_inicial,0.36053696648776334,0.36053696648776334,0.0,12,0
C4_C1_C3_saldo_eventos,j6016_1.sm,competencia_minima_inicial,0.36053696648776334,0.36053696648776334,0.0,12,0
C4_C1_C3_saldo_eventos,j6019_1.sm,competencia_minima_inicial,0.36053696648776334,0.36053696648776334,0.0,12,0
C4_C1_C3_saldo_eventos,j6021_1.sm,competencia_minima_inicial,0.36053696648776334,0.36053696648776334,0.0,12,0
C4_C1_C3_saldo_eventos,j6024_1.sm,competencia_minima_inicial,0.36053696648776334,0.36053696648776334,0.0,12,0
C4_C1_C3_saldo_eventos,j6027_1.sm,competencia_minima_inicial,0.36053696648776334,0.36053696648776334,0.0,12,0
C4_C1_C3_saldo_eventos,j602_1.sm,competencia_minima_inicial,0.36053696648776334,0.36053696648776334,0.0,12,0
C4_C1_C3_saldo_eventos,j6032_1.sm,competencia_minima_inicial,0.36053696648776334,0.36053696648776334,0.0,12,0
C4_C1_C3_saldo_eventos,j6035_1.sm,competencia_minima_inicial,0.36053696648776334,0.36053696648776334,0.0,12,0
C4_C1_C3_saldo_eventos,j6038_1.sm,competencia_minima_inicial,0.36053696648776334,0.36053696648776334,0.0,12,0
C4_C1_C3_saldo_eventos,j6040_1.sm,competencia_minima_inicial,0.36053696648776334,0.36053696648776334,0.0,12,0
C4_C1_C3_saldo_eventos,j6043_1.sm,competencia_minima_inicial,0.36053696648776334,0.36053696648776334,0.0,12,0
C4_C1_C3_saldo_eventos,j6046_1.sm,competencia_minima_inicial,0.36053696648776334,0.36053696648776334,0.0,12,0
C4_C1_C3_saldo_eventos,j604_1.sm,competencia_minima_inicial,0.36053696648776334,0.36053696648776334,0.0,12,0
C4_C1_C3_saldo_eventos,j607_1.sm,competencia_minima_inicial,0.36053696648776334,0.36053696648776334,0.0,12,0
C4_C1_C3_saldo_eventos,j6010_1.sm,tarefas_acima_da_competencia_maxima_inicial,11.583333333333334,11.583333333333334,0.0,12,0
C4_C1_C3_saldo_eventos,j6013_1.sm,tarefas_acima_da_competencia_maxima_inicial,16.333333333333332,16.333333333333332,0.0,12,0
C4_C1_C3_saldo_eventos,j6016_1.sm,tarefas_acima_da_competencia_maxima_inicial,19.083333333333332,19.083333333333332,0.0,12,0
C4_C1_C3_saldo_eventos,j6019_1.sm,tarefas_acima_da_competencia_maxima_inicial,13.666666666666666,13.666666666666666,0.0,12,0
C4_C1_C3_saldo_eventos,j6021_1.sm,tarefas_acima_da_competencia_maxima_inicial,13.5,13.5,0.0,12,0
C4_C1_C3_saldo_eventos,j6024_1.sm,tarefas_acima_da_competencia_maxima_inicial,9.416666666666666,9.416666666666666,0.0,12,0
C4_C1_C3_saldo_eventos,j6027_1.sm,tarefas_acima_da_competencia_maxima_inicial,15.75,15.75,0.0,12,0
C4_C1_C3_saldo_eventos,j602_1.sm,tarefas_acima_da_competencia_maxima_inicial,12.25,12.25,0.0,12,0
C4_C1_C3_saldo_eventos,j6032_1.sm,tarefas_acima_da_competencia_maxima_inicial,10.416666666666666,10.416666666666666,0.0,12,0
C4_C1_C3_saldo_eventos,j6035_1.sm,tarefas_acima_da_competencia_maxima_inicial,17.666666666666668,17.666666666666668,0.0,12,0
C4_C1_C3_saldo_eventos,j6038_1.sm,tarefas_acima_da_competencia_maxima_inicial,11.833333333333334,11.833333333333334,0.0,12,0
C4_C1_C3_saldo_eventos,j6040_1.sm,tarefas_acima_da_competencia_maxima_inicial,16.083333333333332,16.083333333333332,0.0,12,0
C4_C1_C3_saldo_eventos,j6043_1.sm,tarefas_acima_da_competencia_maxima_inicial,16.416666666666668,16.416666666666668,0.0,12,0
C4_C1_C3_saldo_eventos,j6046_1.sm,tarefas_acima_da_competencia_maxima_inicial,22.166666666666668,22.166666666666668,0.0,12,0
C4_C1_C3_saldo_eventos,j604_1.sm,tarefas_acima_da_competencia_maxima_inicial,16.083333333333332,16.083333333333332,0.0,12,0
C4_C1_C3_saldo_eventos,j607_1.sm,tarefas_acima_da_competencia_maxima_inicial,10.416666666666666,10.416666666666666,0.0,12,0
C4_C1_C3_saldo_eventos,j6010_1.sm,n_tarefas,60.0,60.0,0.0,12,0
C4_C1_C3_saldo_eventos,j6013_1.sm,n_tarefas,60.0,60.0,0.0,12,0
C4_C1_C3_saldo_eventos,j6016_1.sm,n_tarefas,60.0,60.0,0.0,12,0
C4_C1_C3_saldo_eventos,j6019_1.sm,n_tarefas,60.0,60.0,0.0,12,0
C4_C1_C3_saldo_eventos,j6021_1.sm,n_tarefas,60.0,60.0,0.0,12,0
C4_C1_C3_saldo_eventos,j6024_1.sm,n_tarefas,60.0,60.0,0.0,12,0
C4_C1_C3_saldo_eventos,j6027_1.sm,n_tarefas,60.0,60.0,0.0,12,0
C4_C1_C3_saldo_eventos,j602_1.sm,n_tarefas,60.0,60.0,0.0,12,0
C4_C1_C3_saldo_eventos,j6032_1.sm,n_tarefas,60.0,60.0,0.0,12,0
C4_C1_C3_saldo_eventos,j6035_1.sm,n_tarefas,60.0,60.0,0.0,12,0
C4_C1_C3_saldo_eventos,j6038_1.sm,n_tarefas,60.0,60.0,0.0,12,0
C4_C1_C3_saldo_eventos,j6040_1.sm,n_tarefas,60.0,60.0,0.0,12,0
C4_C1_C3_saldo_eventos,j6043_1.sm,n_tarefas,60.0,60.0,0.0,12,0
C4_C1_C3_saldo_eventos,j6046_1.sm,n_tarefas,60.0,60.0,0.0,12,0
C4_C1_C3_saldo_eventos,j604_1.sm,n_tarefas,60.0,60.0,0.0,12,0
C4_C1_C3_saldo_eventos,j607_1.sm,n_tarefas,60.0,60.0,0.0,12,0
C4_C1_C3_saldo_eventos,j6010_1.sm,competencia_maxima_final,0.6784269160974062,0.9375837857524737,0.25915686965506735,12,0
C4_C1_C3_saldo_eventos,j6013_1.sm,competencia_maxima_final,0.6784269160974062,0.8246392712557324,0.1462123551583264,12,0
C4_C1_C3_saldo_eventos,j6016_1.sm,competencia_maxima_final,0.6784269160974062,0.933935486976072,0.2555085708786658,12,0
C4_C1_C3_saldo_eventos,j6019_1.sm,competencia_maxima_final,0.6784269160974062,0.8685462813414707,0.1901193652440644,12,0
C4_C1_C3_saldo_eventos,j6021_1.sm,competencia_maxima_final,0.6784269160974062,0.8415470834039501,0.16312016730654383,12,0
C4_C1_C3_saldo_eventos,j6024_1.sm,competencia_maxima_final,0.6784269160974062,0.8380662258068275,0.15963930970942128,12,0
C4_C1_C3_saldo_eventos,j6027_1.sm,competencia_maxima_final,0.6784269160974062,0.9664372262017707,0.28801031010436445,12,0
C4_C1_C3_saldo_eventos,j602_1.sm,competencia_maxima_final,0.6784269160974062,0.9473077993838296,0.2688808832864233,12,0
C4_C1_C3_saldo_eventos,j6032_1.sm,competencia_maxima_final,0.6784269160974062,0.8385021504612095,0.1600752343638032,12,0
C4_C1_C3_saldo_eventos,j6035_1.sm,competencia_maxima_final,0.6784269160974062,0.919550860086619,0.24112394398921277,12,0
C4_C1_C3_saldo_eventos,j6038_1.sm,competencia_maxima_final,0.6784269160974062,0.9548385087473162,0.2764115926499097,12,0
C4_C1_C3_saldo_eventos,j6040_1.sm,competencia_maxima_final,0.6784269160974062,0.9028606760862118,0.22443375998880555,12,0
C4_C1_C3_saldo_eventos,j6043_1.sm,competencia_maxima_final,0.6784269160974062,0.8790316089224759,0.20060469282506968,12,0
C4_C1_C3_saldo_eventos,j6046_1.sm,competencia_maxima_final,0.6784269160974062,0.907623034718099,0.2291961186206927,12,0
C4_C1_C3_saldo_eventos,j604_1.sm,competencia_maxima_final,0.6784269160974062,0.923651185053383,0.2452242689559766,12,0
C4_C1_C3_saldo_eventos,j607_1.sm,competencia_maxima_final,0.6784269160974062,0.8849146160321668,0.20648769993476065,12,0
C4_C1_C3_saldo_eventos,j6010_1.sm,atraso_relativo,2.5715686274509806,1.566666666666667,-1.0049019607843135,12,0
C4_C1_C3_saldo_eventos,j6013_1.sm,atraso_relativo,4.154589371980676,3.35024154589372,-0.8043478260869565,12,0
C4_C1_C3_saldo_eventos,j6016_1.sm,atraso_relativo,3.6002604166666665,2.0716145833333335,-1.5286458333333333,12,0
C4_C1_C3_saldo_eventos,j6019_1.sm,atraso_relativo,3.2956989247311825,1.995967741935484,-1.299731182795699,12,0
C4_C1_C3_saldo_eventos,j6021_1.sm,atraso_relativo,3.617324561403509,2.6622807017543857,-0.955043859649123,12,0
C4_C1_C3_saldo_eventos,j6024_1.sm,atraso_relativo,2.7115384615384617,1.5807692307692307,-1.130769230769231,12,0
C4_C1_C3_saldo_eventos,j6027_1.sm,atraso_relativo,2.289930555555555,1.421875,-0.8680555555555555,12,0
C4_C1_C3_saldo_eventos,j602_1.sm,atraso_relativo,3.424358974358974,1.7666666666666666,-1.6576923076923074,12,0
C4_C1_C3_saldo_eventos,j6032_1.sm,atraso_relativo,2.880434782608696,1.6739130434782608,-1.2065217391304348,12,0
C4_C1_C3_saldo_eventos,j6035_1.sm,atraso_relativo,2.8151709401709404,1.721153846153846,-1.094017094017094,12,0
C4_C1_C3_saldo_eventos,j6038_1.sm,atraso_relativo,2.9828767123287676,1.718036529680365,-1.264840182648402,12,0
C4_C1_C3_saldo_eventos,j6040_1.sm,atraso_relativo,2.9738372093023258,1.553294573643411,-1.4205426356589148,12,0
C4_C1_C3_saldo_eventos,j6043_1.sm,atraso_relativo,2.3171296296296298,1.4236111111111114,-0.8935185185185183,12,0
C4_C1_C3_saldo_eventos,j6046_1.sm,atraso_relativo,2.9017094017094016,1.9134615384615385,-0.9882478632478632,12,0
C4_C1_C3_saldo_eventos,j604_1.sm,atraso_relativo,2.6249999999999996,1.5932539682539681,-1.0317460317460319,12,0
C4_C1_C3_saldo_eventos,j607_1.sm,atraso_relativo,2.633116883116883,1.62012987012987,-1.0129870129870129,12,0
C4_C1_C3_saldo_eventos,j6010_1.sm,tarefas_pendentes,0.0,0.0,0.0,12,0
C4_C1_C3_saldo_eventos,j6013_1.sm,tarefas_pendentes,0.0,0.0,0.0,12,0
C4_C1_C3_saldo_eventos,j6016_1.sm,tarefas_pendentes,0.0,0.0,0.0,12,0
C4_C1_C3_saldo_eventos,j6019_1.sm,tarefas_pendentes,0.0,0.0,0.0,12,0
C4_C1_C3_saldo_eventos,j6021_1.sm,tarefas_pendentes,0.0,0.0,0.0,12,0
C4_C1_C3_saldo_eventos,j6024_1.sm,tarefas_pendentes,0.0,0.0,0.0,12,0
C4_C1_C3_saldo_eventos,j6027_1.sm,tarefas_pendentes,0.0,0.0,0.0,12,0
C4_C1_C3_saldo_eventos,j602_1.sm,tarefas_pendentes,0.0,0.0,0.0,12,0
C4_C1_C3_saldo_eventos,j6032_1.sm,tarefas_pendentes,0.0,0.0,0.0,12,0
C4_C1_C3_saldo_eventos,j6035_1.sm,tarefas_pendentes,0.0,0.0,0.0,12,0
C4_C1_C3_saldo_eventos,j6038_1.sm,tarefas_pendentes,0.0,0.0,0.0,12,0
C4_C1_C3_saldo_eventos,j6040_1.sm,tarefas_pendentes,0.0,0.0,0.0,12,0
C4_C1_C3_saldo_eventos,j6043_1.sm,tarefas_pendentes,0.0,0.0,0.0,12,0
C4_C1_C3_saldo_eventos,j6046_1.sm,tarefas_pendentes,0.0,0.0,0.0,12,0
C4_C1_C3_saldo_eventos,j604_1.sm,tarefas_pendentes,0.0,0.0,0.0,12,0
C4_C1_C3_saldo_eventos,j607_1.sm,tarefas_pendentes,0.0,0.0,0.0,12,0
C4_C1_C3_saldo_eventos,j6010_1.sm,dividas_pendentes,0.0,0.0,0.0,12,0
C4_C1_C3_saldo_eventos,j6013_1.sm,dividas_pendentes,0.0,0.0,0.0,12,0
C4_C1_C3_saldo_eventos,j6016_1.sm,dividas_pendentes,0.0,0.0,0.0,12,0
C4_C1_C3_saldo_eventos,j6019_1.sm,dividas_pendentes,0.0,0.0,0.0,12,0
C4_C1_C3_saldo_eventos,j6021_1.sm,dividas_pendentes,0.0,0.0,0.0,12,0
C4_C1_C3_saldo_eventos,j6024_1.sm,dividas_pendentes,0.0,0.0,0.0,12,0
C4_C1_C3_saldo_eventos,j6027_1.sm,dividas_pendentes,0.0,0.0,0.0,12,0
C4_C1_C3_saldo_eventos,j602_1.sm,dividas_pendentes,0.0,0.0,0.0,12,0
C4_C1_C3_saldo_eventos,j6032_1.sm,dividas_pendentes,0.0,0.0,0.0,12,0
C4_C1_C3_saldo_eventos,j6035_1.sm,dividas_pendentes,0.0,0.0,0.0,12,0
C4_C1_C3_saldo_eventos,j6038_1.sm,dividas_pendentes,0.0,0.0,0.0,12,0
C4_C1_C3_saldo_eventos,j6040_1.sm,dividas_pendentes,0.0,0.0,0.0,12,0
C4_C1_C3_saldo_eventos,j6043_1.sm,dividas_pendentes,0.0,0.0,0.0,12,0
C4_C1_C3_saldo_eventos,j6046_1.sm,dividas_pendentes,0.0,0.0,0.0,12,0
C4_C1_C3_saldo_eventos,j604_1.sm,dividas_pendentes,0.0,0.0,0.0,12,0
C4_C1_C3_saldo_eventos,j607_1.sm,dividas_pendentes,0.0,0.0,0.0,12,0
C4_C1_C3_saldo_eventos,j6010_1.sm,retrabalho_gerado,54.82162786324351,47.769181112287015,-7.052446750956491,12,0
C4_C1_C3_saldo_eventos,j6013_1.sm,retrabalho_gerado,73.21946363656589,71.50576270993916,-1.713700926626732,12,0
C4_C1_C3_saldo_eventos,j6016_1.sm,retrabalho_gerado,95.91750344878385,63.99072489196137,-31.926778556822484,12,0
C4_C1_C3_saldo_eventos,j6019_1.sm,retrabalho_gerado,68.27536249869986,47.380077553392574,-20.89528494530731,12,0
C4_C1_C3_saldo_eventos,j6021_1.sm,retrabalho_gerado,78.4235526496516,58.059420414660984,-20.364132234990617,12,0
C4_C1_C3_saldo_eventos,j6024_1.sm,retrabalho_gerado,52.08383628539607,34.92293621786144,-17.160900067534627,12,0
C4_C1_C3_saldo_eventos,j6027_1.sm,retrabalho_gerado,61.752615869676646,47.87412502826246,-13.878490841414171,12,0
C4_C1_C3_saldo_eventos,j602_1.sm,retrabalho_gerado,64.91616557232919,42.205412501451484,-22.7107530708777,12,0
C4_C1_C3_saldo_eventos,j6032_1.sm,retrabalho_gerado,58.80342382699382,53.42318045090271,-5.380243376091118,12,0
C4_C1_C3_saldo_eventos,j6035_1.sm,retrabalho_gerado,73.54802200412044,57.12804171140809,-16.41998029271235,12,0
C4_C1_C3_saldo_eventos,j6038_1.sm,retrabalho_gerado,61.35326145695615,52.255328094112976,-9.097933362843172,12,0
C4_C1_C3_saldo_eventos,j6040_1.sm,retrabalho_gerado,75.93198308062016,52.29703067978795,-23.634952400832216,12,0
C4_C1_C3_saldo_eventos,j6043_1.sm,retrabalho_gerado,53.54702144687119,48.31989259829087,-5.227128848580331,12,0
C4_C1_C3_saldo_eventos,j6046_1.sm,retrabalho_gerado,75.35617817833166,59.65518114896594,-15.700997029365716,12,0
C4_C1_C3_saldo_eventos,j604_1.sm,retrabalho_gerado,79.40158815045898,58.98036320814156,-20.421224942317423,12,0
C4_C1_C3_saldo_eventos,j607_1.sm,retrabalho_gerado,63.00319265679426,47.44948899780588,-15.553703658988383,12,0
C4_C1_C3_saldo_eventos,j6010_1.sm,retrabalho_pendente,0.0,0.0,0.0,12,0
C4_C1_C3_saldo_eventos,j6013_1.sm,retrabalho_pendente,0.0,0.0,0.0,12,0
C4_C1_C3_saldo_eventos,j6016_1.sm,retrabalho_pendente,0.0,0.0,0.0,12,0
C4_C1_C3_saldo_eventos,j6019_1.sm,retrabalho_pendente,0.0,0.0,0.0,12,0
C4_C1_C3_saldo_eventos,j6021_1.sm,retrabalho_pendente,0.0,0.0,0.0,12,0
C4_C1_C3_saldo_eventos,j6024_1.sm,retrabalho_pendente,0.0,0.0,0.0,12,0
C4_C1_C3_saldo_eventos,j6027_1.sm,retrabalho_pendente,0.0,0.0,0.0,12,0
C4_C1_C3_saldo_eventos,j602_1.sm,retrabalho_pendente,0.0,0.0,0.0,12,0
C4_C1_C3_saldo_eventos,j6032_1.sm,retrabalho_pendente,0.0,0.0,0.0,12,0
C4_C1_C3_saldo_eventos,j6035_1.sm,retrabalho_pendente,0.0,0.0,0.0,12,0
C4_C1_C3_saldo_eventos,j6038_1.sm,retrabalho_pendente,0.0,0.0,0.0,12,0
C4_C1_C3_saldo_eventos,j6040_1.sm,retrabalho_pendente,0.0,0.0,0.0,12,0
C4_C1_C3_saldo_eventos,j6043_1.sm,retrabalho_pendente,0.0,0.0,0.0,12,0
C4_C1_C3_saldo_eventos,j6046_1.sm,retrabalho_pendente,0.0,0.0,0.0,12,0
C4_C1_C3_saldo_eventos,j604_1.sm,retrabalho_pendente,0.0,0.0,0.0,12,0
C4_C1_C3_saldo_eventos,j607_1.sm,retrabalho_pendente,0.0,0.0,0.0,12,0
C4_C1_C3_saldo_eventos,j6010_1.sm,ocupacao_retrabalho,60.0,51.833333333333336,-8.166666666666666,12,0
C4_C1_C3_saldo_eventos,j6013_1.sm,ocupacao_retrabalho,78.16666666666667,77.08333333333333,-1.0833333333333333,12,0
C4_C1_C3_saldo_eventos,j6016_1.sm,ocupacao_retrabalho,103.41666666666667,70.0,-33.416666666666664,12,0
C4_C1_C3_saldo_eventos,j6019_1.sm,ocupacao_retrabalho,73.75,51.833333333333336,-21.916666666666668,12,0
C4_C1_C3_saldo_eventos,j6021_1.sm,ocupacao_retrabalho,84.83333333333333,63.166666666666664,-21.666666666666668,12,0
C4_C1_C3_saldo_eventos,j6024_1.sm,ocupacao_retrabalho,57.166666666666664,38.75,-18.416666666666668,12,0
C4_C1_C3_saldo_eventos,j6027_1.sm,ocupacao_retrabalho,67.33333333333333,51.75,-15.583333333333334,12,0
C4_C1_C3_saldo_eventos,j602_1.sm,ocupacao_retrabalho,70.5,46.5,-24.0,12,0
C4_C1_C3_saldo_eventos,j6032_1.sm,ocupacao_retrabalho,63.833333333333336,57.75,-6.083333333333333,12,0
C4_C1_C3_saldo_eventos,j6035_1.sm,ocupacao_retrabalho,79.75,62.5,-17.25,12,0
C4_C1_C3_saldo_eventos,j6038_1.sm,ocupacao_retrabalho,67.16666666666667,57.25,-9.916666666666666,12,0
C4_C1_C3_saldo_eventos,j6040_1.sm,ocupacao_retrabalho,82.41666666666667,57.0,-25.416666666666668,12,0
C4_C1_C3_saldo_eventos,j6043_1.sm,ocupacao_retrabalho,58.333333333333336,53.0,-5.333333333333333,12,0
C4_C1_C3_saldo_eventos,j6046_1.sm,ocupacao_retrabalho,81.16666666666667,64.16666666666667,-17.0,12,0
C4_C1_C3_saldo_eventos,j604_1.sm,ocupacao_retrabalho,85.41666666666667,63.666666666666664,-21.75,12,0
C4_C1_C3_saldo_eventos,j607_1.sm,ocupacao_retrabalho,68.66666666666667,51.833333333333336,-16.833333333333332,12,0
C4_C1_C3_saldo_eventos,j6010_1.sm,extensoes_horizonte,0.0,0.0,0.0,12,0
C4_C1_C3_saldo_eventos,j6013_1.sm,extensoes_horizonte,0.0,0.0,0.0,12,0
C4_C1_C3_saldo_eventos,j6016_1.sm,extensoes_horizonte,0.0,0.0,0.0,12,0
C4_C1_C3_saldo_eventos,j6019_1.sm,extensoes_horizonte,0.0,0.0,0.0,12,0
C4_C1_C3_saldo_eventos,j6021_1.sm,extensoes_horizonte,0.0,0.0,0.0,12,0
C4_C1_C3_saldo_eventos,j6024_1.sm,extensoes_horizonte,0.0,0.0,0.0,12,0
C4_C1_C3_saldo_eventos,j6027_1.sm,extensoes_horizonte,0.0,0.0,0.0,12,0
C4_C1_C3_saldo_eventos,j602_1.sm,extensoes_horizonte,0.0,0.0,0.0,12,0
C4_C1_C3_saldo_eventos,j6032_1.sm,extensoes_horizonte,0.0,0.0,0.0,12,0
C4_C1_C3_saldo_eventos,j6035_1.sm,extensoes_horizonte,0.0,0.0,0.0,12,0
C4_C1_C3_saldo_eventos,j6038_1.sm,extensoes_horizonte,0.0,0.0,0.0,12,0
C4_C1_C3_saldo_eventos,j6040_1.sm,extensoes_horizonte,0.0,0.0,0.0,12,0
C4_C1_C3_saldo_eventos,j6043_1.sm,extensoes_horizonte,0.0,0.0,0.0,12,0
C4_C1_C3_saldo_eventos,j6046_1.sm,extensoes_horizonte,0.0,0.0,0.0,12,0
C4_C1_C3_saldo_eventos,j604_1.sm,extensoes_horizonte,0.0,0.0,0.0,12,0
C4_C1_C3_saldo_eventos,j607_1.sm,extensoes_horizonte,0.0,0.0,0.0,12,0
C4_C1_C3_saldo_eventos,j6010_1.sm,confianca_media_final,0.12874999999999998,0.8661111111111114,0.7373611111111112,12,0
C4_C1_C3_saldo_eventos,j6013_1.sm,confianca_media_final,0.14694444444444443,0.8372222222222222,0.6902777777777779,12,0
C4_C1_C3_saldo_eventos,j6016_1.sm,confianca_media_final,0.1169444444444444,0.8661111111111112,0.7491666666666669,12,0
C4_C1_C3_saldo_eventos,j6019_1.sm,confianca_media_final,0.14055555555555552,0.8600000000000002,0.7194444444444447,12,0
C4_C1_C3_saldo_eventos,j6021_1.sm,confianca_media_final,0.14944444444444438,0.8433333333333334,0.693888888888889,12,0
C4_C1_C3_saldo_eventos,j6024_1.sm,confianca_media_final,0.13624999999999995,0.8488888888888889,0.7126388888888892,12,0
C4_C1_C3_saldo_eventos,j6027_1.sm,confianca_media_final,0.12249999999999996,0.8711111111111113,0.7486111111111112,12,0
C4_C1_C3_saldo_eventos,j602_1.sm,confianca_media_final,0.13888888888888884,0.8666666666666668,0.727777777777778,12,0
C4_C1_C3_saldo_eventos,j6032_1.sm,confianca_media_final,0.12930555555555553,0.8522222222222223,0.7229166666666669,12,0
C4_C1_C3_saldo_eventos,j6035_1.sm,confianca_media_final,0.12763888888888883,0.8705555555555557,0.7429166666666669,12,0
C4_C1_C3_saldo_eventos,j6038_1.sm,confianca_media_final,0.14611111111111105,0.8750000000000001,0.7288888888888891,12,0
C4_C1_C3_saldo_eventos,j6040_1.sm,confianca_media_final,0.12111111111111106,0.8622222222222223,0.7411111111111114,12,0
C4_C1_C3_saldo_eventos,j6043_1.sm,confianca_media_final,0.08888888888888886,0.8605555555555555,0.7716666666666668,12,0
C4_C1_C3_saldo_eventos,j6046_1.sm,confianca_media_final,0.08444444444444442,0.8722222222222222,0.7877777777777779,12,0
C4_C1_C3_saldo_eventos,j604_1.sm,confianca_media_final,0.1268055555555555,0.8683333333333336,0.7415277777777778,12,0
C4_C1_C3_saldo_eventos,j607_1.sm,confianca_media_final,0.12388888888888887,0.8522222222222222,0.7283333333333335,12,0
C4_C1_Di_yaml_arredondado,j6010_1.sm,concluiu,1.0,1.0,0.0,12,0
C4_C1_Di_yaml_arredondado,j6013_1.sm,concluiu,1.0,1.0,0.0,12,0
C4_C1_Di_yaml_arredondado,j6016_1.sm,concluiu,1.0,1.0,0.0,12,0
C4_C1_Di_yaml_arredondado,j6019_1.sm,concluiu,1.0,1.0,0.0,12,0
C4_C1_Di_yaml_arredondado,j6021_1.sm,concluiu,1.0,1.0,0.0,12,0
C4_C1_Di_yaml_arredondado,j6024_1.sm,concluiu,1.0,1.0,0.0,12,0
C4_C1_Di_yaml_arredondado,j6027_1.sm,concluiu,1.0,1.0,0.0,12,0
C4_C1_Di_yaml_arredondado,j602_1.sm,concluiu,1.0,1.0,0.0,12,0
C4_C1_Di_yaml_arredondado,j6032_1.sm,concluiu,1.0,1.0,0.0,12,0
C4_C1_Di_yaml_arredondado,j6035_1.sm,concluiu,1.0,1.0,0.0,12,0
C4_C1_Di_yaml_arredondado,j6038_1.sm,concluiu,1.0,1.0,0.0,12,0
C4_C1_Di_yaml_arredondado,j6040_1.sm,concluiu,1.0,1.0,0.0,12,0
C4_C1_Di_yaml_arredondado,j6043_1.sm,concluiu,1.0,1.0,0.0,12,0
C4_C1_Di_yaml_arredondado,j6046_1.sm,concluiu,1.0,1.0,0.0,12,0
C4_C1_Di_yaml_arredondado,j604_1.sm,concluiu,1.0,1.0,0.0,12,0
C4_C1_Di_yaml_arredondado,j607_1.sm,concluiu,1.0,1.0,0.0,12,0
C4_C1_Di_yaml_arredondado,j6010_1.sm,makespan,201.5,138.83333333333334,-62.666666666666664,12,0
C4_C1_Di_yaml_arredondado,j6013_1.sm,makespan,297.75,232.33333333333334,-65.41666666666667,12,0
C4_C1_Di_yaml_arredondado,j6016_1.sm,makespan,205.5,134.16666666666666,-71.33333333333333,12,0
C4_C1_Di_yaml_arredondado,j6019_1.sm,makespan,227.08333333333334,125.83333333333333,-101.25,12,0
C4_C1_Di_yaml_arredondado,j6021_1.sm,makespan,315.5833333333333,198.83333333333334,-116.75,12,0
C4_C1_Di_yaml_arredondado,j6024_1.sm,makespan,185.83333333333334,103.58333333333333,-82.25,12,0
C4_C1_Di_yaml_arredondado,j6027_1.sm,makespan,239.91666666666666,145.0,-94.91666666666667,12,0
C4_C1_Di_yaml_arredondado,j602_1.sm,makespan,219.91666666666666,117.41666666666667,-102.5,12,0
C4_C1_Di_yaml_arredondado,j6032_1.sm,makespan,201.91666666666666,115.25,-86.66666666666667,12,0
C4_C1_Di_yaml_arredondado,j6035_1.sm,makespan,219.66666666666666,135.58333333333334,-84.08333333333333,12,0
C4_C1_Di_yaml_arredondado,j6038_1.sm,makespan,206.33333333333334,131.58333333333334,-74.75,12,0
C4_C1_Di_yaml_arredondado,j6040_1.sm,makespan,239.16666666666666,135.66666666666666,-103.5,12,0
C4_C1_Di_yaml_arredondado,j6043_1.sm,makespan,235.58333333333334,154.91666666666666,-80.66666666666667,12,0
C4_C1_Di_yaml_arredondado,j6046_1.sm,makespan,240.08333333333334,151.58333333333334,-88.5,12,0
C4_C1_Di_yaml_arredondado,j604_1.sm,makespan,217.25,135.66666666666666,-81.58333333333333,12,0
C4_C1_Di_yaml_arredondado,j607_1.sm,makespan,226.0,130.33333333333334,-95.66666666666667,12,0
C4_C1_Di_yaml_arredondado,j6010_1.sm,makespan_cpm,85.0,85.0,0.0,12,0
C4_C1_Di_yaml_arredondado,j6013_1.sm,makespan_cpm,69.0,69.0,0.0,12,0
C4_C1_Di_yaml_arredondado,j6016_1.sm,makespan_cpm,64.0,64.0,0.0,12,0
C4_C1_Di_yaml_arredondado,j6019_1.sm,makespan_cpm,62.0,62.0,0.0,12,0
C4_C1_Di_yaml_arredondado,j6021_1.sm,makespan_cpm,76.0,76.0,0.0,12,0
C4_C1_Di_yaml_arredondado,j6024_1.sm,makespan_cpm,65.0,65.0,0.0,12,0
C4_C1_Di_yaml_arredondado,j6027_1.sm,makespan_cpm,96.0,96.0,0.0,12,0
C4_C1_Di_yaml_arredondado,j602_1.sm,makespan_cpm,65.0,65.0,0.0,12,0
C4_C1_Di_yaml_arredondado,j6032_1.sm,makespan_cpm,69.0,69.0,0.0,12,0
C4_C1_Di_yaml_arredondado,j6035_1.sm,makespan_cpm,78.0,78.0,0.0,12,0
C4_C1_Di_yaml_arredondado,j6038_1.sm,makespan_cpm,73.0,73.0,0.0,12,0
C4_C1_Di_yaml_arredondado,j6040_1.sm,makespan_cpm,86.0,86.0,0.0,12,0
C4_C1_Di_yaml_arredondado,j6043_1.sm,makespan_cpm,108.0,108.0,0.0,12,0
C4_C1_Di_yaml_arredondado,j6046_1.sm,makespan_cpm,78.0,78.0,0.0,12,0
C4_C1_Di_yaml_arredondado,j604_1.sm,makespan_cpm,84.0,84.0,0.0,12,0
C4_C1_Di_yaml_arredondado,j607_1.sm,makespan_cpm,77.0,77.0,0.0,12,0
C4_C1_Di_yaml_arredondado,j6010_1.sm,E_total,0.7500610001080982,0.8578200732510458,0.1077590731429477,12,0
C4_C1_Di_yaml_arredondado,j6013_1.sm,E_total,0.7747091260272585,0.8637101057890137,0.08900097976175537,12,0
C4_C1_Di_yaml_arredondado,j6016_1.sm,E_total,0.7390688998939215,0.8597201880147908,0.12065128812086946,12,0
C4_C1_Di_yaml_arredondado,j6019_1.sm,E_total,0.7716868649568075,0.873591978564559,0.10190511360775155,12,0
C4_C1_Di_yaml_arredondado,j6021_1.sm,E_total,0.7618369527734724,0.8698244442925721,0.10798749151909957,12,0
C4_C1_Di_yaml_arredondado,j6024_1.sm,E_total,0.7213795897235699,0.86969529349016,0.1483157037665903,12,0
C4_C1_Di_yaml_arredondado,j6027_1.sm,E_total,0.7096347828609763,0.8604079009933159,0.15077311813233965,12,0
C4_C1_Di_yaml_arredondado,j602_1.sm,E_total,0.7497520810208549,0.8633855755489201,0.11363349452806511,12,0
C4_C1_Di_yaml_arredondado,j6032_1.sm,E_total,0.7370248915864909,0.8770458315708466,0.1400209399843555,12,0
C4_C1_Di_yaml_arredondado,j6035_1.sm,E_total,0.7302715663028825,0.866030359664947,0.1357587933620645,12,0
C4_C1_Di_yaml_arredondado,j6038_1.sm,E_total,0.7684589022241536,0.8634438211395327,0.09498491891537914,12,0
C4_C1_Di_yaml_arredondado,j6040_1.sm,E_total,0.7211785906976914,0.8685995342387479,0.14742094354105664,12,0
C4_C1_Di_yaml_arredondado,j6043_1.sm,E_total,0.6791214182926387,0.8681886548326617,0.1890672365400228,12,0
C4_C1_Di_yaml_arredondado,j6046_1.sm,E_total,0.6813114182278192,0.84656541953147,0.16525400130365098,12,0
C4_C1_Di_yaml_arredondado,j604_1.sm,E_total,0.7328410946222164,0.8698378288611773,0.1369967342389608,12,0
C4_C1_Di_yaml_arredondado,j607_1.sm,E_total,0.7253645913624845,0.8721535644189333,0.1467889730564488,12,0
C4_C1_Di_yaml_arredondado,j6010_1.sm,S_UR_final,7.771561172376096e-16,0.0,-7.771561172376096e-16,12,0
C4_C1_Di_yaml_arredondado,j6013_1.sm,S_UR_final,1.4802973661668753e-16,0.0,-1.4802973661668753e-16,12,0
C4_C1_Di_yaml_arredondado,j6016_1.sm,S_UR_final,7.771561172376096e-16,1.8503717077085943e-16,-5.921189464667501e-16,12,0
C4_C1_Di_yaml_arredondado,j6019_1.sm,S_UR_final,8.141635513917814e-16,7.401486830834377e-17,-7.401486830834377e-16,12,0
C4_C1_Di_yaml_arredondado,j6021_1.sm,S_UR_final,7.401486830834377e-16,0.0,-7.401486830834377e-16,12,0
C4_C1_Di_yaml_arredondado,j6024_1.sm,S_UR_final,3.1456319031046104e-16,0.0,-3.1456319031046104e-16,12,0
C4_C1_Di_yaml_arredondado,j6027_1.sm,S_UR_final,4.440892098500626e-16,0.0,-4.440892098500626e-16,12,0
C4_C1_Di_yaml_arredondado,j602_1.sm,S_UR_final,1.2582527612418441e-15,2.220446049250313e-16,-1.0362081563168128e-15,12,0
C4_C1_Di_yaml_arredondado,j6032_1.sm,S_UR_final,1.8503717077085943e-16,0.0,-1.8503717077085943e-16,12,0
C4_C1_Di_yaml_arredondado,j6035_1.sm,S_UR_final,6.661338147750939e-16,7.401486830834377e-17,-5.921189464667501e-16,12,0
C4_C1_Di_yaml_arredondado,j6038_1.sm,S_UR_final,1.0362081563168128e-15,0.0,-1.0362081563168128e-15,12,0
C4_C1_Di_yaml_arredondado,j6040_1.sm,S_UR_final,4.810966440042345e-16,0.0,-4.810966440042345e-16,12,0
C4_C1_Di_yaml_arredondado,j6043_1.sm,S_UR_final,8.881784197001252e-16,0.0,-8.881784197001252e-16,12,0
C4_C1_Di_yaml_arredondado,j6046_1.sm,S_UR_final,9.992007221626409e-16,8.326672684688674e-17,-9.159339953157541e-16,12,0
C4_C1_Di_yaml_arredondado,j604_1.sm,S_UR_final,7.216449660063518e-16,0.0,-7.216449660063518e-16,12,0
C4_C1_Di_yaml_arredondado,j607_1.sm,S_UR_final,8.604228440844963e-16,0.0,-8.604228440844963e-16,12,0
C4_C1_Di_yaml_arredondado,j6010_1.sm,S_UR_maximo,20.559227427485027,6.595330204038651,-13.963897223446379,12,0
C4_C1_Di_yaml_arredondado,j6013_1.sm,S_UR_maximo,23.237372741921714,7.814277456666946,-15.423095285254766,12,0
C4_C1_Di_yaml_arredondado,j6016_1.sm,S_UR_maximo,30.750011259599827,7.479953724435311,-23.270057535164515,12,0
C4_C1_Di_yaml_arredondado,j6019_1.sm,S_UR_maximo,22.916010257459195,6.033648452866349,-16.882361804592847,12,0
C4_C1_Di_yaml_arredondado,j6021_1.sm,S_UR_maximo,22.840315092632917,7.4471571695400405,-15.393157923092879,12,0
C4_C1_Di_yaml_arredondado,j6024_1.sm,S_UR_maximo,24.07020410008069,6.653311736008919,-17.416892364071774,12,0
C4_C1_Di_yaml_arredondado,j6027_1.sm,S_UR_maximo,23.019166782623614,5.504318494706593,-17.514848287917015,12,0
C4_C1_Di_yaml_arredondado,j602_1.sm,S_UR_maximo,25.955994440650542,5.81775924670725,-20.13823519394329,12,0
C4_C1_Di_yaml_arredondado,j6032_1.sm,S_UR_maximo,24.191788987470265,5.850091388826395,-18.34169759864387,12,0
C4_C1_Di_yaml_arredondado,j6035_1.sm,S_UR_maximo,28.144322946622392,5.7100274186899425,-22.43429552793245,12,0
C4_C1_Di_yaml_arredondado,j6038_1.sm,S_UR_maximo,27.557098316427084,6.771888106551844,-20.78521020987524,12,0
C4_C1_Di_yaml_arredondado,j6040_1.sm,S_UR_maximo,29.570566450841188,7.085143668709563,-22.485422782131625,12,0
C4_C1_Di_yaml_arredondado,j6043_1.sm,S_UR_maximo,21.064268970828817,5.8179652234927035,-15.246303747336114,12,0
C4_C1_Di_yaml_arredondado,j6046_1.sm,S_UR_maximo,29.345234199731248,7.76304976528898,-21.58218443444227,12,0
C4_C1_Di_yaml_arredondado,j604_1.sm,S_UR_maximo,32.303554391406394,7.643952580555186,-24.65960181085121,12,0
C4_C1_Di_yaml_arredondado,j607_1.sm,S_UR_maximo,28.214833721723853,5.960584482037977,-22.254249239685876,12,0
C4_C1_Di_yaml_arredondado,j6010_1.sm,S_PV_final,250.25,297.75,47.5,12,0
C4_C1_Di_yaml_arredondado,j6013_1.sm,S_PV_final,261.25,320.0833333333333,58.833333333333336,12,0
C4_C1_Di_yaml_arredondado,j6016_1.sm,S_PV_final,273.0,346.0,73.0,12,0
C4_C1_Di_yaml_arredondado,j6019_1.sm,S_PV_final,260.75,316.9166666666667,56.166666666666664,12,0
C4_C1_Di_yaml_arredondado,j6021_1.sm,S_PV_final,247.5,310.9166666666667,63.416666666666664,12,0
C4_C1_Di_yaml_arredondado,j6024_1.sm,S_PV_final,209.58333333333334,265.5833333333333,56.0,12,0
C4_C1_Di_yaml_arredondado,j6027_1.sm,S_PV_final,254.41666666666666,324.6666666666667,70.25,12,0
C4_C1_Di_yaml_arredondado,j602_1.sm,S_PV_final,250.41666666666666,302.25,51.833333333333336,12,0
C4_C1_Di_yaml_arredondado,j6032_1.sm,S_PV_final,256.75,313.9166666666667,57.166666666666664,12,0
C4_C1_Di_yaml_arredondado,j6035_1.sm,S_PV_final,260.0833333333333,330.8333333333333,70.75,12,0
C4_C1_Di_yaml_arredondado,j6038_1.sm,S_PV_final,262.5833333333333,318.1666666666667,55.583333333333336,12,0
C4_C1_Di_yaml_arredondado,j6040_1.sm,S_PV_final,272.1666666666667,351.4166666666667,79.25,12,0
C4_C1_Di_yaml_arredondado,j6043_1.sm,S_PV_final,250.08333333333334,308.0833333333333,58.0,12,0
C4_C1_Di_yaml_arredondado,j6046_1.sm,S_PV_final,227.5,291.6666666666667,64.16666666666667,12,0
C4_C1_Di_yaml_arredondado,j604_1.sm,S_PV_final,278.5833333333333,360.1666666666667,81.58333333333333,12,0
C4_C1_Di_yaml_arredondado,j607_1.sm,S_PV_final,253.08333333333334,312.6666666666667,59.583333333333336,12,0
C4_C1_Di_yaml_arredondado,j6010_1.sm,TW,523.75,463.8333333333333,-59.916666666666664,12,0
C4_C1_Di_yaml_arredondado,j6013_1.sm,TW,560.3333333333334,504.5833333333333,-55.75,12,0
C4_C1_Di_yaml_arredondado,j6016_1.sm,TW,648.25,570.0,-78.25,12,0
C4_C1_Di_yaml_arredondado,j6019_1.sm,TW,574.6666666666666,507.0,-67.66666666666667,12,0
C4_C1_Di_yaml_arredondado,j6021_1.sm,TW,537.0,471.8333333333333,-65.16666666666667,12,0
C4_C1_Di_yaml_arredondado,j6024_1.sm,TW,466.5,405.8333333333333,-60.666666666666664,12,0
C4_C1_Di_yaml_arredondado,j6027_1.sm,TW,533.0833333333334,471.75,-61.333333333333336,12,0
C4_C1_Di_yaml_arredondado,j602_1.sm,TW,552.5,484.0833333333333,-68.41666666666667,12,0
C4_C1_Di_yaml_arredondado,j6032_1.sm,TW,570.5,507.25,-63.25,12,0
C4_C1_Di_yaml_arredondado,j6035_1.sm,TW,591.8333333333334,517.3333333333334,-74.5,12,0
C4_C1_Di_yaml_arredondado,j6038_1.sm,TW,579.5,494.3333333333333,-85.16666666666667,12,0
C4_C1_Di_yaml_arredondado,j6040_1.sm,TW,617.6666666666666,548.75,-68.91666666666667,12,0
C4_C1_Di_yaml_arredondado,j6043_1.sm,TW,509.8333333333333,457.0,-52.833333333333336,12,0
C4_C1_Di_yaml_arredondado,j6046_1.sm,TW,518.5833333333334,457.4166666666667,-61.166666666666664,12,0
C4_C1_Di_yaml_arredondado,j604_1.sm,TW,654.6666666666666,587.9166666666666,-66.75,12,0
C4_C1_Di_yaml_arredondado,j607_1.sm,TW,574.0,508.3333333333333,-65.66666666666667,12,0
C4_C1_Di_yaml_arredondado,j6010_1.sm,TL,0.0,9.583333333333334,9.583333333333334,12,0
C4_C1_Di_yaml_arredondado,j6013_1.sm,TL,0.0,5.583333333333333,5.583333333333333,12,0
C4_C1_Di_yaml_arredondado,j6016_1.sm,TL,0.0,10.666666666666666,10.666666666666666,12,0
C4_C1_Di_yaml_arredondado,j6019_1.sm,TL,0.0,8.75,8.75,12,0
C4_C1_Di_yaml_arredondado,j6021_1.sm,TL,0.0,6.916666666666667,6.916666666666667,12,0
C4_C1_Di_yaml_arredondado,j6024_1.sm,TL,0.0,7.583333333333333,7.583333333333333,12,0
C4_C1_Di_yaml_arredondado,j6027_1.sm,TL,0.0,10.916666666666666,10.916666666666666,12,0
C4_C1_Di_yaml_arredondado,j602_1.sm,TL,0.0,10.166666666666666,10.166666666666666,12,0
C4_C1_Di_yaml_arredondado,j6032_1.sm,TL,0.0,7.166666666666667,7.166666666666667,12,0
C4_C1_Di_yaml_arredondado,j6035_1.sm,TL,0.0,10.25,10.25,12,0
C4_C1_Di_yaml_arredondado,j6038_1.sm,TL,0.0,11.083333333333334,11.083333333333334,12,0
C4_C1_Di_yaml_arredondado,j6040_1.sm,TL,0.0,9.5,9.5,12,0
C4_C1_Di_yaml_arredondado,j6043_1.sm,TL,0.0,9.416666666666666,9.416666666666666,12,0
C4_C1_Di_yaml_arredondado,j6046_1.sm,TL,0.0,10.666666666666666,10.666666666666666,12,0
C4_C1_Di_yaml_arredondado,j604_1.sm,TL,0.0,9.916666666666666,9.916666666666666,12,0
C4_C1_Di_yaml_arredondado,j607_1.sm,TL,0.0,7.833333333333333,7.833333333333333,12,0
C4_C1_Di_yaml_arredondado,j6010_1.sm,TU,125.41666666666667,17.166666666666668,-108.25,12,0
C4_C1_Di_yaml_arredondado,j6013_1.sm,TU,90.08333333333333,7.416666666666667,-82.66666666666667,12,0
C4_C1_Di_yaml_arredondado,j6016_1.sm,TU,149.0,16.166666666666668,-132.83333333333334,12,0
C4_C1_Di_yaml_arredondado,j6019_1.sm,TU,113.08333333333333,16.75,-96.33333333333333,12,0
C4_C1_Di_yaml_arredondado,j6021_1.sm,TU,102.5,8.833333333333334,-93.66666666666667,12,0
C4_C1_Di_yaml_arredondado,j6024_1.sm,TU,134.25,16.916666666666668,-117.33333333333333,12,0
C4_C1_Di_yaml_arredondado,j6027_1.sm,TU,156.41666666666666,20.0,-136.41666666666666,12,0
C4_C1_Di_yaml_arredondado,j602_1.sm,TU,128.91666666666666,19.083333333333332,-109.83333333333333,12,0
C4_C1_Di_yaml_arredondado,j6032_1.sm,TU,145.25,19.75,-125.5,12,0
C4_C1_Di_yaml_arredondado,j6035_1.sm,TU,149.75,18.333333333333332,-131.41666666666666,12,0
C4_C1_Di_yaml_arredondado,j6038_1.sm,TU,119.5,16.5,-103.0,12,0
C4_C1_Di_yaml_arredondado,j6040_1.sm,TU,164.66666666666666,19.75,-144.91666666666666,12,0
C4_C1_Di_yaml_arredondado,j6043_1.sm,TU,191.58333333333334,15.166666666666666,-176.41666666666666,12,0
C4_C1_Di_yaml_arredondado,j6046_1.sm,TU,167.16666666666666,14.333333333333334,-152.83333333333334,12,0
C4_C1_Di_yaml_arredondado,j604_1.sm,TU,156.83333333333334,23.25,-133.58333333333334,12,0
C4_C1_Di_yaml_arredondado,j607_1.sm,TU,157.5,22.583333333333332,-134.91666666666666,12,0
C4_C1_Di_yaml_arredondado,j6010_1.sm,TR,53.3723486285198,50.644380503216006,-2.727968125303796,12,0
C4_C1_Di_yaml_arredondado,j6013_1.sm,TR,75.80213306129193,67.30933657866485,-8.492796482627075,12,0
C4_C1_Di_yaml_arredondado,j6016_1.sm,TR,81.90332335141007,66.53269676667458,-15.37062658473549,12,0
C4_C1_Di_yaml_arredondado,j6019_1.sm,TR,59.18364597081494,48.0334653161762,-11.150180654638746,12,0
C4_C1_Di_yaml_arredondado,j6021_1.sm,TR,70.2521983430819,55.3870519912023,-14.865146351879602,12,0
C4_C1_Di_yaml_arredondado,j6024_1.sm,TR,52.43044266441058,36.85549206680768,-15.5749505976029,12,0
C4_C1_Di_yaml_arredondado,j6027_1.sm,TR,66.16587106825973,45.91062552445498,-20.255245543804747,12,0
C4_C1_Di_yaml_arredondado,j602_1.sm,TR,57.73476194760306,47.626179394399095,-10.108582553203965,12,0
C4_C1_Di_yaml_arredondado,j6032_1.sm,TR,60.4813256472981,44.73924410546014,-15.742081541837969,12,0
C4_C1_Di_yaml_arredondado,j6035_1.sm,TR,71.85203090094707,51.84589792086513,-20.006132980081947,12,0
C4_C1_Di_yaml_arredondado,j6038_1.sm,TR,60.690197796872475,50.97466408652675,-9.715533710345733,12,0
C4_C1_Di_yaml_arredondado,j6040_1.sm,TR,78.55278882465439,53.97283241671439,-24.579956407939992,12,0
C4_C1_Di_yaml_arredondado,j6043_1.sm,TR,57.14445271417253,45.2154753631946,-11.928977350977918,12,0
C4_C1_Di_yaml_arredondado,j6046_1.sm,TR,79.1517072711177,58.09639698060513,-21.05531029051257,12,0
C4_C1_Di_yaml_arredondado,j604_1.sm,TR,84.8996745789148,55.21145372121228,-29.688220857702515,12,0
C4_C1_Di_yaml_arredondado,j607_1.sm,TR,62.812760216162616,45.003662603896395,-17.809097612266218,12,0
C4_C1_Di_yaml_arredondado,j6010_1.sm,n_limpas,47.833333333333336,56.333333333333336,8.5,12,0
C4_C1_Di_yaml_arredondado,j6013_1.sm,n_limpas,47.916666666666664,56.833333333333336,8.916666666666666,12,0
C4_C1_Di_yaml_arredondado,j6016_1.sm,n_limpas,46.0,57.083333333333336,11.083333333333334,12,0
C4_C1_Di_yaml_arredondado,j6019_1.sm,n_limpas,48.25,56.833333333333336,8.583333333333334,12,0
C4_C1_Di_yaml_arredondado,j6021_1.sm,n_limpas,45.833333333333336,56.583333333333336,10.75,12,0
C4_C1_Di_yaml_arredondado,j6024_1.sm,n_limpas,46.333333333333336,56.75,10.416666666666666,12,0
C4_C1_Di_yaml_arredondado,j6027_1.sm,n_limpas,45.5,56.25,10.75,12,0
C4_C1_Di_yaml_arredondado,j602_1.sm,n_limpas,47.083333333333336,56.0,8.916666666666666,12,0
C4_C1_Di_yaml_arredondado,j6032_1.sm,n_limpas,47.416666666666664,56.25,8.833333333333334,12,0
C4_C1_Di_yaml_arredondado,j6035_1.sm,n_limpas,45.5,56.583333333333336,11.083333333333334,12,0
C4_C1_Di_yaml_arredondado,j6038_1.sm,n_limpas,48.166666666666664,56.5,8.333333333333334,12,0
C4_C1_Di_yaml_arredondado,j6040_1.sm,n_limpas,45.333333333333336,56.5,11.166666666666666,12,0
C4_C1_Di_yaml_arredondado,j6043_1.sm,n_limpas,46.666666666666664,55.916666666666664,9.25,12,0
C4_C1_Di_yaml_arredondado,j6046_1.sm,n_limpas,44.333333333333336,55.5,11.166666666666666,12,0
C4_C1_Di_yaml_arredondado,j604_1.sm,n_limpas,45.0,56.583333333333336,11.583333333333334,12,0
C4_C1_Di_yaml_arredondado,j607_1.sm,n_limpas,46.833333333333336,56.333333333333336,9.5,12,0
C4_C1_Di_yaml_arredondado,j6010_1.sm,n_com_erro,12.166666666666666,3.6666666666666665,-8.5,12,0
C4_C1_Di_yaml_arredondado,j6013_1.sm,n_com_erro,12.083333333333334,3.1666666666666665,-8.916666666666666,12,0
C4_C1_Di_yaml_arredondado,j6016_1.sm,n_com_erro,14.0,2.9166666666666665,-11.083333333333334,12,0
C4_C1_Di_yaml_arredondado,j6019_1.sm,n_com_erro,11.75,3.1666666666666665,-8.583333333333334,12,0
C4_C1_Di_yaml_arredondado,j6021_1.sm,n_com_erro,14.166666666666666,3.4166666666666665,-10.75,12,0
C4_C1_Di_yaml_arredondado,j6024_1.sm,n_com_erro,13.666666666666666,3.25,-10.416666666666666,12,0
C4_C1_Di_yaml_arredondado,j6027_1.sm,n_com_erro,14.5,3.75,-10.75,12,0
C4_C1_Di_yaml_arredondado,j602_1.sm,n_com_erro,12.916666666666666,4.0,-8.916666666666666,12,0
C4_C1_Di_yaml_arredondado,j6032_1.sm,n_com_erro,12.583333333333334,3.75,-8.833333333333334,12,0
C4_C1_Di_yaml_arredondado,j6035_1.sm,n_com_erro,14.5,3.4166666666666665,-11.083333333333334,12,0
C4_C1_Di_yaml_arredondado,j6038_1.sm,n_com_erro,11.833333333333334,3.5,-8.333333333333334,12,0
C4_C1_Di_yaml_arredondado,j6040_1.sm,n_com_erro,14.666666666666666,3.5,-11.166666666666666,12,0
C4_C1_Di_yaml_arredondado,j6043_1.sm,n_com_erro,13.333333333333334,4.083333333333333,-9.25,12,0
C4_C1_Di_yaml_arredondado,j6046_1.sm,n_com_erro,15.666666666666666,4.5,-11.166666666666666,12,0
C4_C1_Di_yaml_arredondado,j604_1.sm,n_com_erro,15.0,3.4166666666666665,-11.583333333333334,12,0
C4_C1_Di_yaml_arredondado,j607_1.sm,n_com_erro,13.166666666666666,3.6666666666666665,-9.5,12,0
C4_C1_Di_yaml_arredondado,j6010_1.sm,n_reportadas,1.8333333333333333,9.916666666666666,8.083333333333334,12,0
C4_C1_Di_yaml_arredondado,j6013_1.sm,n_reportadas,2.5833333333333335,10.833333333333334,8.25,12,0
C4_C1_Di_yaml_arredondado,j6016_1.sm,n_reportadas,2.5833333333333335,11.666666666666666,9.083333333333334,12,0
C4_C1_Di_yaml_arredondado,j6019_1.sm,n_reportadas,2.1666666666666665,9.916666666666666,7.75,12,0
C4_C1_Di_yaml_arredondado,j6021_1.sm,n_reportadas,2.0,10.5,8.5,12,0
C4_C1_Di_yaml_arredondado,j6024_1.sm,n_reportadas,1.4166666666666667,8.5,7.083333333333333,12,0
C4_C1_Di_yaml_arredondado,j6027_1.sm,n_reportadas,1.5,10.333333333333334,8.833333333333334,12,0
C4_C1_Di_yaml_arredondado,j602_1.sm,n_reportadas,1.9166666666666667,9.583333333333334,7.666666666666667,12,0
C4_C1_Di_yaml_arredondado,j6032_1.sm,n_reportadas,1.5833333333333333,9.333333333333334,7.75,12,0
C4_C1_Di_yaml_arredondado,j6035_1.sm,n_reportadas,2.1666666666666665,10.916666666666666,8.75,12,0
C4_C1_Di_yaml_arredondado,j6038_1.sm,n_reportadas,1.9166666666666667,9.666666666666666,7.75,12,0
C4_C1_Di_yaml_arredondado,j6040_1.sm,n_reportadas,2.1666666666666665,10.166666666666666,8.0,12,0
C4_C1_Di_yaml_arredondado,j6043_1.sm,n_reportadas,1.25,9.75,8.5,12,0
C4_C1_Di_yaml_arredondado,j6046_1.sm,n_reportadas,1.8333333333333333,10.416666666666666,8.583333333333334,12,0
C4_C1_Di_yaml_arredondado,j604_1.sm,n_reportadas,2.5,10.25,7.75,12,0
C4_C1_Di_yaml_arredondado,j607_1.sm,n_reportadas,2.25,9.75,7.5,12,0
C4_C1_Di_yaml_arredondado,j6010_1.sm,n_adiamentos,0.0,0.0,0.0,12,0
C4_C1_Di_yaml_arredondado,j6013_1.sm,n_adiamentos,0.0,0.0,0.0,12,0
C4_C1_Di_yaml_arredondado,j6016_1.sm,n_adiamentos,0.0,0.0,0.0,12,0
C4_C1_Di_yaml_arredondado,j6019_1.sm,n_adiamentos,0.0,0.0,0.0,12,0
C4_C1_Di_yaml_arredondado,j6021_1.sm,n_adiamentos,0.0,0.0,0.0,12,0
C4_C1_Di_yaml_arredondado,j6024_1.sm,n_adiamentos,0.0,0.0,0.0,12,0
C4_C1_Di_yaml_arredondado,j6027_1.sm,n_adiamentos,0.0,0.0,0.0,12,0
C4_C1_Di_yaml_arredondado,j602_1.sm,n_adiamentos,0.0,0.0,0.0,12,0
C4_C1_Di_yaml_arredondado,j6032_1.sm,n_adiamentos,0.0,0.0,0.0,12,0
C4_C1_Di_yaml_arredondado,j6035_1.sm,n_adiamentos,0.0,0.0,0.0,12,0
C4_C1_Di_yaml_arredondado,j6038_1.sm,n_adiamentos,0.0,0.0,0.0,12,0
C4_C1_Di_yaml_arredondado,j6040_1.sm,n_adiamentos,0.0,0.0,0.0,12,0
C4_C1_Di_yaml_arredondado,j6043_1.sm,n_adiamentos,0.0,0.0,0.0,12,0
C4_C1_Di_yaml_arredondado,j6046_1.sm,n_adiamentos,0.0,0.0,0.0,12,0
C4_C1_Di_yaml_arredondado,j604_1.sm,n_adiamentos,0.0,0.0,0.0,12,0
C4_C1_Di_yaml_arredondado,j607_1.sm,n_adiamentos,0.0,0.0,0.0,12,0
C4_C1_Di_yaml_arredondado,j6010_1.sm,taxa_omissao,0.20277777777777775,0.061111111111111116,-0.14166666666666666,12,0
C4_C1_Di_yaml_arredondado,j6013_1.sm,taxa_omissao,0.20138888888888887,0.05277777777777778,-0.14861111111111108,12,0
C4_C1_Di_yaml_arredondado,j6016_1.sm,taxa_omissao,0.2333333333333333,0.04861111111111111,-0.1847222222222222,12,0
C4_C1_Di_yaml_arredondado,j6019_1.sm,taxa_omissao,0.19583333333333333,0.052777777777777785,-0.14305555555555557,12,0
C4_C1_Di_yaml_arredondado,j6021_1.sm,taxa_omissao,0.23611111111111108,0.05694444444444446,-0.17916666666666667,12,0
C4_C1_Di_yaml_arredondado,j6024_1.sm,taxa_omissao,0.22777777777777772,0.05416666666666666,-0.17361111111111113,12,0
C4_C1_Di_yaml_arredondado,j6027_1.sm,taxa_omissao,0.24166666666666667,0.0625,-0.17916666666666667,12,0
C4_C1_Di_yaml_arredondado,j602_1.sm,taxa_omissao,0.21527777777777776,0.06666666666666668,-0.14861111111111108,12,0
C4_C1_Di_yaml_arredondado,j6032_1.sm,taxa_omissao,0.20972222222222223,0.06250000000000001,-0.14722222222222223,12,0
C4_C1_Di_yaml_arredondado,j6035_1.sm,taxa_omissao,0.2416666666666667,0.05694444444444444,-0.18472222222222223,12,0
C4_C1_Di_yaml_arredondado,j6038_1.sm,taxa_omissao,0.19722222222222222,0.05833333333333334,-0.13888888888888892,12,0
C4_C1_Di_yaml_arredondado,j6040_1.sm,taxa_omissao,0.24444444444444444,0.05833333333333335,-0.1861111111111111,12,0
C4_C1_Di_yaml_arredondado,j6043_1.sm,taxa_omissao,0.22222222222222224,0.06805555555555556,-0.15416666666666667,12,0
C4_C1_Di_yaml_arredondado,j6046_1.sm,taxa_omissao,0.2611111111111111,0.075,-0.18611111111111112,12,0
C4_C1_Di_yaml_arredondado,j604_1.sm,taxa_omissao,0.25000000000000006,0.05694444444444444,-0.19305555555555554,12,0
C4_C1_Di_yaml_arredondado,j607_1.sm,taxa_omissao,0.21944444444444441,0.061111111111111116,-0.15833333333333335,12,0
C4_C1_Di_yaml_arredondado,j6010_1.sm,E_plano,323.0,323.0,0.0,12,0
C4_C1_Di_yaml_arredondado,j6013_1.sm,E_plano,340.0,340.0,0.0,12,0
C4_C1_Di_yaml_arredondado,j6016_1.sm,E_plano,365.0,365.0,0.0,12,0
C4_C1_Di_yaml_arredondado,j6019_1.sm,E_plano,336.0,336.0,0.0,12,0
C4_C1_Di_yaml_arredondado,j6021_1.sm,E_plano,332.0,332.0,0.0,12,0
C4_C1_Di_yaml_arredondado,j6024_1.sm,E_plano,284.0,284.0,0.0,12,0
C4_C1_Di_yaml_arredondado,j6027_1.sm,E_plano,346.0,346.0,0.0,12,0
C4_C1_Di_yaml_arredondado,j602_1.sm,E_plano,324.0,324.0,0.0,12,0
C4_C1_Di_yaml_arredondado,j6032_1.sm,E_plano,337.0,337.0,0.0,12,0
C4_C1_Di_yaml_arredondado,j6035_1.sm,E_plano,353.0,353.0,0.0,12,0
C4_C1_Di_yaml_arredondado,j6038_1.sm,E_plano,341.0,341.0,0.0,12,0
C4_C1_Di_yaml_arredondado,j6040_1.sm,E_plano,375.0,375.0,0.0,12,0
C4_C1_Di_yaml_arredondado,j6043_1.sm,E_plano,334.0,334.0,0.0,12,0
C4_C1_Di_yaml_arredondado,j6046_1.sm,E_plano,320.0,320.0,0.0,12,0
C4_C1_Di_yaml_arredondado,j604_1.sm,E_plano,382.0,382.0,0.0,12,0
C4_C1_Di_yaml_arredondado,j607_1.sm,E_plano,336.0,336.0,0.0,12,0
C4_C1_Di_yaml_arredondado,j6010_1.sm,retrabalho_sobre_plano,0.1652394694381418,0.15679374768797527,-0.008445721750166554,12,0
C4_C1_Di_yaml_arredondado,j6013_1.sm,retrabalho_sobre_plano,0.2229474501802704,0.19796863699607314,-0.02497881318419728,12,0
C4_C1_Di_yaml_arredondado,j6016_1.sm,retrabalho_sobre_plano,0.22439266671619193,0.18228136100458783,-0.04211130571160409,12,0
C4_C1_Di_yaml_arredondado,j6019_1.sm,retrabalho_sobre_plano,0.1761418034845683,0.14295674201242914,-0.03318506147213913,12,0
C4_C1_Di_yaml_arredondado,j6021_1.sm,retrabalho_sobre_plano,0.21160300705747562,0.16682846985301894,-0.04477453720445663,12,0
C4_C1_Di_yaml_arredondado,j6024_1.sm,retrabalho_sobre_plano,0.18461423473384006,0.1297728593901679,-0.05484137534367217,12,0
C4_C1_Di_yaml_arredondado,j6027_1.sm,retrabalho_sobre_plano,0.19123084123774484,0.13268966914582364,-0.058541172091921244,12,0
C4_C1_Di_yaml_arredondado,j602_1.sm,retrabalho_sobre_plano,0.1781937097148243,0.1469943808469108,-0.03119932886791346,12,0
C4_C1_Di_yaml_arredondado,j6032_1.sm,retrabalho_sobre_plano,0.17946980904242762,0.1327574009064099,-0.0467124081360177,12,0
C4_C1_Di_yaml_arredondado,j6035_1.sm,retrabalho_sobre_plano,0.20354682974772542,0.14687223207043942,-0.056674597677285964,12,0
C4_C1_Di_yaml_arredondado,j6038_1.sm,retrabalho_sobre_plano,0.17797711963892227,0.14948581843556233,-0.028491301203359923,12,0
C4_C1_Di_yaml_arredondado,j6040_1.sm,retrabalho_sobre_plano,0.20947410353241172,0.14392755311123837,-0.06554655042117331,12,0
C4_C1_Di_yaml_arredondado,j6043_1.sm,retrabalho_sobre_plano,0.1710911757909357,0.13537567474010362,-0.03571550105083209,12,0
C4_C1_Di_yaml_arredondado,j6046_1.sm,retrabalho_sobre_plano,0.24734908522224286,0.18155124056439106,-0.06579784465785178,12,0
C4_C1_Di_yaml_arredondado,j604_1.sm,retrabalho_sobre_plano,0.22225045701286594,0.14453260136443005,-0.07771785564843589,12,0
C4_C1_Di_yaml_arredondado,j607_1.sm,retrabalho_sobre_plano,0.18694273873857917,0.13393947203540593,-0.05300326670317327,12,0
C4_C1_Di_yaml_arredondado,j6010_1.sm,divida_latente_sobre_plano,0.06365085890862236,0.02041897895987198,-0.043231879948750385,12,0
C4_C1_Di_yaml_arredondado,j6013_1.sm,divida_latente_sobre_plano,0.06834521394682856,0.022983168990196895,-0.045362044956631674,12,0
C4_C1_Di_yaml_arredondado,j6016_1.sm,divida_latente_sobre_plano,0.08424660619068446,0.0204930239025625,-0.06375358228812196,12,0
C4_C1_Di_yaml_arredondado,j6019_1.sm,divida_latente_sobre_plano,0.06820241148053331,0.017957287062102232,-0.05024512441843109,12,0
C4_C1_Di_yaml_arredondado,j6021_1.sm,divida_latente_sobre_plano,0.0687961297970871,0.022431196293795308,-0.046364933503291794,12,0
C4_C1_Di_yaml_arredondado,j6024_1.sm,divida_latente_sobre_plano,0.08475423978901653,0.023427154000031408,-0.06132708578898513,12,0
C4_C1_Di_yaml_arredondado,j6027_1.sm,divida_latente_sobre_plano,0.06652938376480813,0.0159084349557994,-0.05062094880900873,12,0
C4_C1_Di_yaml_arredondado,j602_1.sm,divida_latente_sobre_plano,0.08011109395262513,0.017956047057738424,-0.06215504689488672,12,0
C4_C1_Di_yaml_arredondado,j6032_1.sm,divida_latente_sobre_plano,0.0717857239984281,0.017359321628564975,-0.05442640236986312,12,0
C4_C1_Di_yaml_arredondado,j6035_1.sm,divida_latente_sobre_plano,0.07972896018873198,0.016175715067110318,-0.06355324512162167,12,0
C4_C1_Di_yaml_arredondado,j6038_1.sm,divida_latente_sobre_plano,0.08081260503351051,0.019858909403377836,-0.06095369563013267,12,0
C4_C1_Di_yaml_arredondado,j6040_1.sm,divida_latente_sobre_plano,0.07885484386890984,0.018893716449892167,-0.05996112741901768,12,0
C4_C1_Di_yaml_arredondado,j6043_1.sm,divida_latente_sobre_plano,0.06306667356535574,0.017419057555367375,-0.04564761600998835,12,0
C4_C1_Di_yaml_arredondado,j6046_1.sm,divida_latente_sobre_plano,0.09170385687416015,0.02425953051652806,-0.06744432635763208,12,0
C4_C1_Di_yaml_arredondado,j604_1.sm,divida_latente_sobre_plano,0.08456427851153508,0.020010347069516193,-0.06455393144201887,12,0
C4_C1_Di_yaml_arredondado,j607_1.sm,divida_latente_sobre_plano,0.08397271940989243,0.017739834767970176,-0.06623288464192224,12,0
C4_C1_Di_yaml_arredondado,j6010_1.sm,retrabalho_sobre_esforco_realizado,0.07556583168189586,0.09298397372027335,0.017418142038377465,12,0
C4_C1_Di_yaml_arredondado,j6013_1.sm,retrabalho_sobre_esforco_realizado,0.10458077777088993,0.11411208275017264,0.009531304979282682,12,0
C4_C1_Di_yaml_arredondado,j6016_1.sm,retrabalho_sobre_esforco_realizado,0.09269307572459227,0.09984823297870904,0.007155157254116748,12,0
C4_C1_Di_yaml_arredondado,j6019_1.sm,retrabalho_sobre_esforco_realizado,0.07897985092173444,0.08249732472015826,0.0035174737984237994,12,0
C4_C1_Di_yaml_arredondado,j6021_1.sm,retrabalho_sobre_esforco_realizado,0.0988371431069004,0.10121180768029976,0.0023746645733994025,12,0
C4_C1_Di_yaml_arredondado,j6024_1.sm,retrabalho_sobre_esforco_realizado,0.08056409063854611,0.07819180903278615,-0.002372281605759968,12,0
C4_C1_Di_yaml_arredondado,j6027_1.sm,retrabalho_sobre_esforco_realizado,0.08732294612216907,0.08327126546955961,-0.004051680652609437,12,0
C4_C1_Di_yaml_arredondado,j602_1.sm,retrabalho_sobre_esforco_realizado,0.07839685389716586,0.08448642297483071,0.006089569077664839,12,0
C4_C1_Di_yaml_arredondado,j6032_1.sm,retrabalho_sobre_esforco_realizado,0.07791458096278067,0.07677948455832401,-0.0011350964044566693,12,0
C4_C1_Di_yaml_arredondado,j6035_1.sm,retrabalho_sobre_esforco_realizado,0.08809299997836044,0.08611996560630203,-0.0019730343720584034,12,0
C4_C1_Di_yaml_arredondado,j6038_1.sm,retrabalho_sobre_esforco_realizado,0.07955791026006206,0.08834578524449782,0.008787874984435768,12,0
C4_C1_Di_yaml_arredondado,j6040_1.sm,retrabalho_sobre_esforco_realizado,0.09102867363703833,0.08506152569064689,-0.005967147946391436,12,0
C4_C1_Di_yaml_arredondado,j6043_1.sm,retrabalho_sobre_esforco_realizado,0.07521017512246121,0.08536629929713437,0.01015612417467316,12,0
C4_C1_Di_yaml_arredondado,j6046_1.sm,retrabalho_sobre_esforco_realizado,0.102286643670062,0.10714084346769104,0.00485419979762905,12,0
C4_C1_Di_yaml_arredondado,j604_1.sm,retrabalho_sobre_esforco_realizado,0.0943378516938722,0.08132070155539911,-0.013017150138473077,12,0
C4_C1_Di_yaml_arredondado,j607_1.sm,retrabalho_sobre_esforco_realizado,0.07880018332429366,0.07646312846256749,-0.0023370548617261664,12,0
C4_C1_Di_yaml_arredondado,j6010_1.sm,p1_omissao,33.666666666666664,20.5,-13.166666666666666,12,0
C4_C1_Di_yaml_arredondado,j6013_1.sm,p1_omissao,44.916666666666664,38.333333333333336,-6.583333333333333,12,0
C4_C1_Di_yaml_arredondado,j6016_1.sm,p1_omissao,49.25,32.5,-16.75,12,0
C4_C1_Di_yaml_arredondado,j6019_1.sm,p1_omissao,40.5,25.083333333333332,-15.416666666666666,12,0
C4_C1_Di_yaml_arredondado,j6021_1.sm,p1_omissao,35.583333333333336,24.166666666666668,-11.416666666666666,12,0
C4_C1_Di_yaml_arredondado,j6024_1.sm,p1_omissao,26.583333333333332,10.083333333333334,-16.5,12,0
C4_C1_Di_yaml_arredondado,j6027_1.sm,p1_omissao,28.166666666666668,12.75,-15.416666666666666,12,0
C4_C1_Di_yaml_arredondado,j602_1.sm,p1_omissao,41.583333333333336,24.75,-16.833333333333332,12,0
C4_C1_Di_yaml_arredondado,j6032_1.sm,p1_omissao,36.166666666666664,17.916666666666668,-18.25,12,0
C4_C1_Di_yaml_arredondado,j6035_1.sm,p1_omissao,39.25,23.25,-16.0,12,0
C4_C1_Di_yaml_arredondado,j6038_1.sm,p1_omissao,35.666666666666664,21.0,-14.666666666666666,12,0
C4_C1_Di_yaml_arredondado,j6040_1.sm,p1_omissao,41.25,21.333333333333332,-19.916666666666668,12,0
C4_C1_Di_yaml_arredondado,j6043_1.sm,p1_omissao,29.583333333333332,11.666666666666666,-17.916666666666668,12,0
C4_C1_Di_yaml_arredondado,j6046_1.sm,p1_omissao,43.416666666666664,24.0,-19.416666666666668,12,0
C4_C1_Di_yaml_arredondado,j604_1.sm,p1_omissao,42.833333333333336,28.833333333333332,-14.0,12,0
C4_C1_Di_yaml_arredondado,j607_1.sm,p1_omissao,41.583333333333336,22.666666666666668,-18.916666666666668,12,0
C4_C1_Di_yaml_arredondado,j6010_1.sm,p1_fuga,0.0,0.0,0.0,12,0
C4_C1_Di_yaml_arredondado,j6013_1.sm,p1_fuga,0.0,0.0,0.0,12,0
C4_C1_Di_yaml_arredondado,j6016_1.sm,p1_fuga,0.0,0.0,0.0,12,0
C4_C1_Di_yaml_arredondado,j6019_1.sm,p1_fuga,0.0,0.0,0.0,12,0
C4_C1_Di_yaml_arredondado,j6021_1.sm,p1_fuga,0.0,0.0,0.0,12,0
C4_C1_Di_yaml_arredondado,j6024_1.sm,p1_fuga,0.0,0.0,0.0,12,0
C4_C1_Di_yaml_arredondado,j6027_1.sm,p1_fuga,0.0,0.0,0.0,12,0
C4_C1_Di_yaml_arredondado,j602_1.sm,p1_fuga,0.0,0.0,0.0,12,0
C4_C1_Di_yaml_arredondado,j6032_1.sm,p1_fuga,0.0,0.0,0.0,12,0
C4_C1_Di_yaml_arredondado,j6035_1.sm,p1_fuga,0.0,0.0,0.0,12,0
C4_C1_Di_yaml_arredondado,j6038_1.sm,p1_fuga,0.0,0.0,0.0,12,0
C4_C1_Di_yaml_arredondado,j6040_1.sm,p1_fuga,0.0,0.0,0.0,12,0
C4_C1_Di_yaml_arredondado,j6043_1.sm,p1_fuga,0.0,0.0,0.0,12,0
C4_C1_Di_yaml_arredondado,j6046_1.sm,p1_fuga,0.0,0.0,0.0,12,0
C4_C1_Di_yaml_arredondado,j604_1.sm,p1_fuga,0.0,0.0,0.0,12,0
C4_C1_Di_yaml_arredondado,j607_1.sm,p1_fuga,0.0,0.0,0.0,12,0
C4_C1_Di_yaml_arredondado,j6010_1.sm,p2_ajuda,0.0,9.583333333333334,9.583333333333334,12,0
C4_C1_Di_yaml_arredondado,j6013_1.sm,p2_ajuda,0.0,5.583333333333333,5.583333333333333,12,0
C4_C1_Di_yaml_arredondado,j6016_1.sm,p2_ajuda,0.0,10.666666666666666,10.666666666666666,12,0
C4_C1_Di_yaml_arredondado,j6019_1.sm,p2_ajuda,0.0,8.75,8.75,12,0
C4_C1_Di_yaml_arredondado,j6021_1.sm,p2_ajuda,0.0,6.916666666666667,6.916666666666667,12,0
C4_C1_Di_yaml_arredondado,j6024_1.sm,p2_ajuda,0.0,7.583333333333333,7.583333333333333,12,0
C4_C1_Di_yaml_arredondado,j6027_1.sm,p2_ajuda,0.0,10.916666666666666,10.916666666666666,12,0
C4_C1_Di_yaml_arredondado,j602_1.sm,p2_ajuda,0.0,10.166666666666666,10.166666666666666,12,0
C4_C1_Di_yaml_arredondado,j6032_1.sm,p2_ajuda,0.0,7.166666666666667,7.166666666666667,12,0
C4_C1_Di_yaml_arredondado,j6035_1.sm,p2_ajuda,0.0,10.25,10.25,12,0
C4_C1_Di_yaml_arredondado,j6038_1.sm,p2_ajuda,0.0,11.083333333333334,11.083333333333334,12,0
C4_C1_Di_yaml_arredondado,j6040_1.sm,p2_ajuda,0.0,9.5,9.5,12,0
C4_C1_Di_yaml_arredondado,j6043_1.sm,p2_ajuda,0.0,9.416666666666666,9.416666666666666,12,0
C4_C1_Di_yaml_arredondado,j6046_1.sm,p2_ajuda,0.0,10.666666666666666,10.666666666666666,12,0
C4_C1_Di_yaml_arredondado,j604_1.sm,p2_ajuda,0.0,9.916666666666666,9.916666666666666,12,0
C4_C1_Di_yaml_arredondado,j607_1.sm,p2_ajuda,0.0,7.833333333333333,7.833333333333333,12,0
C4_C1_Di_yaml_arredondado,j6010_1.sm,p2_bloqueio,125.41666666666667,17.166666666666668,-108.25,12,0
C4_C1_Di_yaml_arredondado,j6013_1.sm,p2_bloqueio,90.08333333333333,7.416666666666667,-82.66666666666667,12,0
C4_C1_Di_yaml_arredondado,j6016_1.sm,p2_bloqueio,149.0,16.166666666666668,-132.83333333333334,12,0
C4_C1_Di_yaml_arredondado,j6019_1.sm,p2_bloqueio,113.08333333333333,16.75,-96.33333333333333,12,0
C4_C1_Di_yaml_arredondado,j6021_1.sm,p2_bloqueio,102.5,8.833333333333334,-93.66666666666667,12,0
C4_C1_Di_yaml_arredondado,j6024_1.sm,p2_bloqueio,134.25,16.916666666666668,-117.33333333333333,12,0
C4_C1_Di_yaml_arredondado,j6027_1.sm,p2_bloqueio,156.41666666666666,20.0,-136.41666666666666,12,0
C4_C1_Di_yaml_arredondado,j602_1.sm,p2_bloqueio,128.91666666666666,19.083333333333332,-109.83333333333333,12,0
C4_C1_Di_yaml_arredondado,j6032_1.sm,p2_bloqueio,145.25,19.75,-125.5,12,0
C4_C1_Di_yaml_arredondado,j6035_1.sm,p2_bloqueio,149.75,18.333333333333332,-131.41666666666666,12,0
C4_C1_Di_yaml_arredondado,j6038_1.sm,p2_bloqueio,119.5,16.5,-103.0,12,0
C4_C1_Di_yaml_arredondado,j6040_1.sm,p2_bloqueio,164.66666666666666,19.75,-144.91666666666666,12,0
C4_C1_Di_yaml_arredondado,j6043_1.sm,p2_bloqueio,191.58333333333334,15.166666666666666,-176.41666666666666,12,0
C4_C1_Di_yaml_arredondado,j6046_1.sm,p2_bloqueio,167.16666666666666,14.333333333333334,-152.83333333333334,12,0
C4_C1_Di_yaml_arredondado,j604_1.sm,p2_bloqueio,156.83333333333334,23.25,-133.58333333333334,12,0
C4_C1_Di_yaml_arredondado,j607_1.sm,p2_bloqueio,157.5,22.583333333333332,-134.91666666666666,12,0
C4_C1_Di_yaml_arredondado,j6010_1.sm,p3_analitica,26.333333333333332,39.5,13.166666666666666,12,0
C4_C1_Di_yaml_arredondado,j6013_1.sm,p3_analitica,15.083333333333334,21.666666666666668,6.583333333333333,12,0
C4_C1_Di_yaml_arredondado,j6016_1.sm,p3_analitica,10.75,27.5,16.75,12,0
C4_C1_Di_yaml_arredondado,j6019_1.sm,p3_analitica,19.5,34.916666666666664,15.416666666666666,12,0
C4_C1_Di_yaml_arredondado,j6021_1.sm,p3_analitica,24.416666666666668,35.833333333333336,11.416666666666666,12,0
C4_C1_Di_yaml_arredondado,j6024_1.sm,p3_analitica,33.416666666666664,49.916666666666664,16.5,12,0
C4_C1_Di_yaml_arredondado,j6027_1.sm,p3_analitica,31.833333333333332,47.25,15.416666666666666,12,0
C4_C1_Di_yaml_arredondado,j602_1.sm,p3_analitica,18.416666666666668,35.25,16.833333333333332,12,0
C4_C1_Di_yaml_arredondado,j6032_1.sm,p3_analitica,23.833333333333332,42.083333333333336,18.25,12,0
C4_C1_Di_yaml_arredondado,j6035_1.sm,p3_analitica,20.75,36.75,16.0,12,0
C4_C1_Di_yaml_arredondado,j6038_1.sm,p3_analitica,24.333333333333332,39.0,14.666666666666666,12,0
C4_C1_Di_yaml_arredondado,j6040_1.sm,p3_analitica,18.75,38.666666666666664,19.916666666666668,12,0
C4_C1_Di_yaml_arredondado,j6043_1.sm,p3_analitica,30.416666666666668,48.333333333333336,17.916666666666668,12,0
C4_C1_Di_yaml_arredondado,j6046_1.sm,p3_analitica,16.583333333333332,36.0,19.416666666666668,12,0
C4_C1_Di_yaml_arredondado,j604_1.sm,p3_analitica,17.166666666666668,31.166666666666668,14.0,12,0
C4_C1_Di_yaml_arredondado,j607_1.sm,p3_analitica,18.416666666666668,37.333333333333336,18.916666666666668,12,0
C4_C1_Di_yaml_arredondado,j6010_1.sm,hiato_encontrado,125.41666666666667,26.75,-98.66666666666667,12,0
C4_C1_Di_yaml_arredondado,j6013_1.sm,hiato_encontrado,90.08333333333333,13.0,-77.08333333333333,12,0
C4_C1_Di_yaml_arredondado,j6016_1.sm,hiato_encontrado,149.0,26.833333333333332,-122.16666666666667,12,0
C4_C1_Di_yaml_arredondado,j6019_1.sm,hiato_encontrado,113.08333333333333,25.5,-87.58333333333333,12,0
C4_C1_Di_yaml_arredondado,j6021_1.sm,hiato_encontrado,102.5,15.75,-86.75,12,0
C4_C1_Di_yaml_arredondado,j6024_1.sm,hiato_encontrado,134.25,24.5,-109.75,12,0
C4_C1_Di_yaml_arredondado,j6027_1.sm,hiato_encontrado,156.41666666666666,30.916666666666668,-125.5,12,0
C4_C1_Di_yaml_arredondado,j602_1.sm,hiato_encontrado,128.91666666666666,29.25,-99.66666666666667,12,0
C4_C1_Di_yaml_arredondado,j6032_1.sm,hiato_encontrado,145.25,26.916666666666668,-118.33333333333333,12,0
C4_C1_Di_yaml_arredondado,j6035_1.sm,hiato_encontrado,149.75,28.583333333333332,-121.16666666666667,12,0
C4_C1_Di_yaml_arredondado,j6038_1.sm,hiato_encontrado,119.5,27.583333333333332,-91.91666666666667,12,0
C4_C1_Di_yaml_arredondado,j6040_1.sm,hiato_encontrado,164.66666666666666,29.25,-135.41666666666666,12,0
C4_C1_Di_yaml_arredondado,j6043_1.sm,hiato_encontrado,191.58333333333334,24.583333333333332,-167.0,12,0
C4_C1_Di_yaml_arredondado,j6046_1.sm,hiato_encontrado,167.16666666666666,25.0,-142.16666666666666,12,0
C4_C1_Di_yaml_arredondado,j604_1.sm,hiato_encontrado,156.83333333333334,33.166666666666664,-123.66666666666667,12,0
C4_C1_Di_yaml_arredondado,j607_1.sm,hiato_encontrado,157.5,30.416666666666668,-127.08333333333333,12,0
C4_C1_Di_yaml_arredondado,j6010_1.sm,hiato_sem_colega_capaz,41.416666666666664,17.166666666666668,-24.25,12,0
C4_C1_Di_yaml_arredondado,j6013_1.sm,hiato_sem_colega_capaz,22.5,7.416666666666667,-15.083333333333334,12,0
C4_C1_Di_yaml_arredondado,j6016_1.sm,hiato_sem_colega_capaz,54.0,16.166666666666668,-37.833333333333336,12,0
C4_C1_Di_yaml_arredondado,j6019_1.sm,hiato_sem_colega_capaz,49.916666666666664,16.75,-33.166666666666664,12,0
C4_C1_Di_yaml_arredondado,j6021_1.sm,hiato_sem_colega_capaz,28.833333333333332,8.833333333333334,-20.0,12,0
C4_C1_Di_yaml_arredondado,j6024_1.sm,hiato_sem_colega_capaz,48.166666666666664,16.916666666666668,-31.25,12,0
C4_C1_Di_yaml_arredondado,j6027_1.sm,hiato_sem_colega_capaz,52.083333333333336,20.0,-32.083333333333336,12,0
C4_C1_Di_yaml_arredondado,j602_1.sm,hiato_sem_colega_capaz,53.333333333333336,19.083333333333332,-34.25,12,0
C4_C1_Di_yaml_arredondado,j6032_1.sm,hiato_sem_colega_capaz,58.416666666666664,19.75,-38.666666666666664,12,0
C4_C1_Di_yaml_arredondado,j6035_1.sm,hiato_sem_colega_capaz,59.5,18.333333333333332,-41.166666666666664,12,0
C4_C1_Di_yaml_arredondado,j6038_1.sm,hiato_sem_colega_capaz,43.916666666666664,16.5,-27.416666666666668,12,0
C4_C1_Di_yaml_arredondado,j6040_1.sm,hiato_sem_colega_capaz,61.75,19.75,-42.0,12,0
C4_C1_Di_yaml_arredondado,j6043_1.sm,hiato_sem_colega_capaz,53.083333333333336,15.166666666666666,-37.916666666666664,12,0
C4_C1_Di_yaml_arredondado,j6046_1.sm,hiato_sem_colega_capaz,48.083333333333336,14.333333333333334,-33.75,12,0
C4_C1_Di_yaml_arredondado,j604_1.sm,hiato_sem_colega_capaz,60.083333333333336,23.25,-36.833333333333336,12,0
C4_C1_Di_yaml_arredondado,j607_1.sm,hiato_sem_colega_capaz,60.25,22.583333333333332,-37.666666666666664,12,0
C4_C1_Di_yaml_arredondado,j6010_1.sm,hiato_sem_colega_livre,7.416666666666667,7.166666666666667,-0.25,12,0
C4_C1_Di_yaml_arredondado,j6013_1.sm,hiato_sem_colega_livre,0.0,1.1666666666666667,1.1666666666666667,12,0
C4_C1_Di_yaml_arredondado,j6016_1.sm,hiato_sem_colega_livre,12.5,5.083333333333333,-7.416666666666667,12,0
C4_C1_Di_yaml_arredondado,j6019_1.sm,hiato_sem_colega_livre,23.416666666666668,7.666666666666667,-15.75,12,0
C4_C1_Di_yaml_arredondado,j6021_1.sm,hiato_sem_colega_livre,0.8333333333333334,1.4166666666666667,0.5833333333333334,12,0
C4_C1_Di_yaml_arredondado,j6024_1.sm,hiato_sem_colega_livre,13.166666666666666,8.833333333333334,-4.333333333333333,12,0
C4_C1_Di_yaml_arredondado,j6027_1.sm,hiato_sem_colega_livre,7.166666666666667,8.0,0.8333333333333334,12,0
C4_C1_Di_yaml_arredondado,j602_1.sm,hiato_sem_colega_livre,21.0,8.666666666666666,-12.333333333333334,12,0
C4_C1_Di_yaml_arredondado,j6032_1.sm,hiato_sem_colega_livre,19.583333333333332,12.0,-7.583333333333333,12,0
C4_C1_Di_yaml_arredondado,j6035_1.sm,hiato_sem_colega_livre,20.583333333333332,7.75,-12.833333333333334,12,0
C4_C1_Di_yaml_arredondado,j6038_1.sm,hiato_sem_colega_livre,12.916666666666666,4.75,-8.166666666666666,12,0
C4_C1_Di_yaml_arredondado,j6040_1.sm,hiato_sem_colega_livre,17.333333333333332,10.0,-7.333333333333333,12,0
C4_C1_Di_yaml_arredondado,j6043_1.sm,hiato_sem_colega_livre,1.75,5.083333333333333,3.3333333333333335,12,0
C4_C1_Di_yaml_arredondado,j6046_1.sm,hiato_sem_colega_livre,1.4166666666666667,3.1666666666666665,1.75,12,0
C4_C1_Di_yaml_arredondado,j604_1.sm,hiato_sem_colega_livre,15.583333333333334,12.75,-2.8333333333333335,12,0
C4_C1_Di_yaml_arredondado,j607_1.sm,hiato_sem_colega_livre,16.416666666666668,14.416666666666666,-2.0,12,0
C4_C1_Di_yaml_arredondado,j6010_1.sm,hiato_colega_capaz_sem_confianca,84.0,0.0,-84.0,12,0
C4_C1_Di_yaml_arredondado,j6013_1.sm,hiato_colega_capaz_sem_confianca,67.58333333333333,0.0,-67.58333333333333,12,0
C4_C1_Di_yaml_arredondado,j6016_1.sm,hiato_colega_capaz_sem_confianca,95.0,0.0,-95.0,12,0
C4_C1_Di_yaml_arredondado,j6019_1.sm,hiato_colega_capaz_sem_confianca,63.166666666666664,0.0,-63.166666666666664,12,0
C4_C1_Di_yaml_arredondado,j6021_1.sm,hiato_colega_capaz_sem_confianca,73.66666666666667,0.0,-73.66666666666667,12,0
C4_C1_Di_yaml_arredondado,j6024_1.sm,hiato_colega_capaz_sem_confianca,86.08333333333333,0.0,-86.08333333333333,12,0
C4_C1_Di_yaml_arredondado,j6027_1.sm,hiato_colega_capaz_sem_confianca,104.33333333333333,0.0,-104.33333333333333,12,0
C4_C1_Di_yaml_arredondado,j602_1.sm,hiato_colega_capaz_sem_confianca,75.58333333333333,0.0,-75.58333333333333,12,0
C4_C1_Di_yaml_arredondado,j6032_1.sm,hiato_colega_capaz_sem_confianca,86.83333333333333,0.0,-86.83333333333333,12,0
C4_C1_Di_yaml_arredondado,j6035_1.sm,hiato_colega_capaz_sem_confianca,90.25,0.0,-90.25,12,0
C4_C1_Di_yaml_arredondado,j6038_1.sm,hiato_colega_capaz_sem_confianca,75.58333333333333,0.0,-75.58333333333333,12,0
C4_C1_Di_yaml_arredondado,j6040_1.sm,hiato_colega_capaz_sem_confianca,102.91666666666667,0.0,-102.91666666666667,12,0
C4_C1_Di_yaml_arredondado,j6043_1.sm,hiato_colega_capaz_sem_confianca,138.5,0.0,-138.5,12,0
C4_C1_Di_yaml_arredondado,j6046_1.sm,hiato_colega_capaz_sem_confianca,119.08333333333333,0.0,-119.08333333333333,12,0
C4_C1_Di_yaml_arredondado,j604_1.sm,hiato_colega_capaz_sem_confianca,96.75,0.0,-96.75,12,0
C4_C1_Di_yaml_arredondado,j607_1.sm,hiato_colega_capaz_sem_confianca,97.25,0.0,-97.25,12,0
C4_C1_Di_yaml_arredondado,j6010_1.sm,competencia_maxima_inicial,0.6784269160974062,0.6784269160974062,0.0,12,0
C4_C1_Di_yaml_arredondado,j6013_1.sm,competencia_maxima_inicial,0.6784269160974062,0.6784269160974062,0.0,12,0
C4_C1_Di_yaml_arredondado,j6016_1.sm,competencia_maxima_inicial,0.6784269160974062,0.6784269160974062,0.0,12,0
C4_C1_Di_yaml_arredondado,j6019_1.sm,competencia_maxima_inicial,0.6784269160974062,0.6784269160974062,0.0,12,0
C4_C1_Di_yaml_arredondado,j6021_1.sm,competencia_maxima_inicial,0.6784269160974062,0.6784269160974062,0.0,12,0
C4_C1_Di_yaml_arredondado,j6024_1.sm,competencia_maxima_inicial,0.6784269160974062,0.6784269160974062,0.0,12,0
C4_C1_Di_yaml_arredondado,j6027_1.sm,competencia_maxima_inicial,0.6784269160974062,0.6784269160974062,0.0,12,0
C4_C1_Di_yaml_arredondado,j602_1.sm,competencia_maxima_inicial,0.6784269160974062,0.6784269160974062,0.0,12,0
C4_C1_Di_yaml_arredondado,j6032_1.sm,competencia_maxima_inicial,0.6784269160974062,0.6784269160974062,0.0,12,0
C4_C1_Di_yaml_arredondado,j6035_1.sm,competencia_maxima_inicial,0.6784269160974062,0.6784269160974062,0.0,12,0
C4_C1_Di_yaml_arredondado,j6038_1.sm,competencia_maxima_inicial,0.6784269160974062,0.6784269160974062,0.0,12,0
C4_C1_Di_yaml_arredondado,j6040_1.sm,competencia_maxima_inicial,0.6784269160974062,0.6784269160974062,0.0,12,0
C4_C1_Di_yaml_arredondado,j6043_1.sm,competencia_maxima_inicial,0.6784269160974062,0.6784269160974062,0.0,12,0
C4_C1_Di_yaml_arredondado,j6046_1.sm,competencia_maxima_inicial,0.6784269160974062,0.6784269160974062,0.0,12,0
C4_C1_Di_yaml_arredondado,j604_1.sm,competencia_maxima_inicial,0.6784269160974062,0.6784269160974062,0.0,12,0
C4_C1_Di_yaml_arredondado,j607_1.sm,competencia_maxima_inicial,0.6784269160974062,0.6784269160974062,0.0,12,0
C4_C1_Di_yaml_arredondado,j6010_1.sm,competencia_minima_inicial,0.36053696648776334,0.36053696648776334,0.0,12,0
C4_C1_Di_yaml_arredondado,j6013_1.sm,competencia_minima_inicial,0.36053696648776334,0.36053696648776334,0.0,12,0
C4_C1_Di_yaml_arredondado,j6016_1.sm,competencia_minima_inicial,0.36053696648776334,0.36053696648776334,0.0,12,0
C4_C1_Di_yaml_arredondado,j6019_1.sm,competencia_minima_inicial,0.36053696648776334,0.36053696648776334,0.0,12,0
C4_C1_Di_yaml_arredondado,j6021_1.sm,competencia_minima_inicial,0.36053696648776334,0.36053696648776334,0.0,12,0
C4_C1_Di_yaml_arredondado,j6024_1.sm,competencia_minima_inicial,0.36053696648776334,0.36053696648776334,0.0,12,0
C4_C1_Di_yaml_arredondado,j6027_1.sm,competencia_minima_inicial,0.36053696648776334,0.36053696648776334,0.0,12,0
C4_C1_Di_yaml_arredondado,j602_1.sm,competencia_minima_inicial,0.36053696648776334,0.36053696648776334,0.0,12,0
C4_C1_Di_yaml_arredondado,j6032_1.sm,competencia_minima_inicial,0.36053696648776334,0.36053696648776334,0.0,12,0
C4_C1_Di_yaml_arredondado,j6035_1.sm,competencia_minima_inicial,0.36053696648776334,0.36053696648776334,0.0,12,0
C4_C1_Di_yaml_arredondado,j6038_1.sm,competencia_minima_inicial,0.36053696648776334,0.36053696648776334,0.0,12,0
C4_C1_Di_yaml_arredondado,j6040_1.sm,competencia_minima_inicial,0.36053696648776334,0.36053696648776334,0.0,12,0
C4_C1_Di_yaml_arredondado,j6043_1.sm,competencia_minima_inicial,0.36053696648776334,0.36053696648776334,0.0,12,0
C4_C1_Di_yaml_arredondado,j6046_1.sm,competencia_minima_inicial,0.36053696648776334,0.36053696648776334,0.0,12,0
C4_C1_Di_yaml_arredondado,j604_1.sm,competencia_minima_inicial,0.36053696648776334,0.36053696648776334,0.0,12,0
C4_C1_Di_yaml_arredondado,j607_1.sm,competencia_minima_inicial,0.36053696648776334,0.36053696648776334,0.0,12,0
C4_C1_Di_yaml_arredondado,j6010_1.sm,tarefas_acima_da_competencia_maxima_inicial,11.583333333333334,11.583333333333334,0.0,12,0
C4_C1_Di_yaml_arredondado,j6013_1.sm,tarefas_acima_da_competencia_maxima_inicial,16.333333333333332,16.333333333333332,0.0,12,0
C4_C1_Di_yaml_arredondado,j6016_1.sm,tarefas_acima_da_competencia_maxima_inicial,19.083333333333332,19.083333333333332,0.0,12,0
C4_C1_Di_yaml_arredondado,j6019_1.sm,tarefas_acima_da_competencia_maxima_inicial,13.666666666666666,13.666666666666666,0.0,12,0
C4_C1_Di_yaml_arredondado,j6021_1.sm,tarefas_acima_da_competencia_maxima_inicial,13.5,13.5,0.0,12,0
C4_C1_Di_yaml_arredondado,j6024_1.sm,tarefas_acima_da_competencia_maxima_inicial,9.416666666666666,9.416666666666666,0.0,12,0
C4_C1_Di_yaml_arredondado,j6027_1.sm,tarefas_acima_da_competencia_maxima_inicial,15.75,15.75,0.0,12,0
C4_C1_Di_yaml_arredondado,j602_1.sm,tarefas_acima_da_competencia_maxima_inicial,12.25,12.25,0.0,12,0
C4_C1_Di_yaml_arredondado,j6032_1.sm,tarefas_acima_da_competencia_maxima_inicial,10.416666666666666,10.416666666666666,0.0,12,0
C4_C1_Di_yaml_arredondado,j6035_1.sm,tarefas_acima_da_competencia_maxima_inicial,17.666666666666668,17.666666666666668,0.0,12,0
C4_C1_Di_yaml_arredondado,j6038_1.sm,tarefas_acima_da_competencia_maxima_inicial,11.833333333333334,11.833333333333334,0.0,12,0
C4_C1_Di_yaml_arredondado,j6040_1.sm,tarefas_acima_da_competencia_maxima_inicial,16.083333333333332,16.083333333333332,0.0,12,0
C4_C1_Di_yaml_arredondado,j6043_1.sm,tarefas_acima_da_competencia_maxima_inicial,16.416666666666668,16.416666666666668,0.0,12,0
C4_C1_Di_yaml_arredondado,j6046_1.sm,tarefas_acima_da_competencia_maxima_inicial,22.166666666666668,22.166666666666668,0.0,12,0
C4_C1_Di_yaml_arredondado,j604_1.sm,tarefas_acima_da_competencia_maxima_inicial,16.083333333333332,16.083333333333332,0.0,12,0
C4_C1_Di_yaml_arredondado,j607_1.sm,tarefas_acima_da_competencia_maxima_inicial,10.416666666666666,10.416666666666666,0.0,12,0
C4_C1_Di_yaml_arredondado,j6010_1.sm,n_tarefas,60.0,60.0,0.0,12,0
C4_C1_Di_yaml_arredondado,j6013_1.sm,n_tarefas,60.0,60.0,0.0,12,0
C4_C1_Di_yaml_arredondado,j6016_1.sm,n_tarefas,60.0,60.0,0.0,12,0
C4_C1_Di_yaml_arredondado,j6019_1.sm,n_tarefas,60.0,60.0,0.0,12,0
C4_C1_Di_yaml_arredondado,j6021_1.sm,n_tarefas,60.0,60.0,0.0,12,0
C4_C1_Di_yaml_arredondado,j6024_1.sm,n_tarefas,60.0,60.0,0.0,12,0
C4_C1_Di_yaml_arredondado,j6027_1.sm,n_tarefas,60.0,60.0,0.0,12,0
C4_C1_Di_yaml_arredondado,j602_1.sm,n_tarefas,60.0,60.0,0.0,12,0
C4_C1_Di_yaml_arredondado,j6032_1.sm,n_tarefas,60.0,60.0,0.0,12,0
C4_C1_Di_yaml_arredondado,j6035_1.sm,n_tarefas,60.0,60.0,0.0,12,0
C4_C1_Di_yaml_arredondado,j6038_1.sm,n_tarefas,60.0,60.0,0.0,12,0
C4_C1_Di_yaml_arredondado,j6040_1.sm,n_tarefas,60.0,60.0,0.0,12,0
C4_C1_Di_yaml_arredondado,j6043_1.sm,n_tarefas,60.0,60.0,0.0,12,0
C4_C1_Di_yaml_arredondado,j6046_1.sm,n_tarefas,60.0,60.0,0.0,12,0
C4_C1_Di_yaml_arredondado,j604_1.sm,n_tarefas,60.0,60.0,0.0,12,0
C4_C1_Di_yaml_arredondado,j607_1.sm,n_tarefas,60.0,60.0,0.0,12,0
C4_C1_Di_yaml_arredondado,j6010_1.sm,competencia_maxima_final,0.6784269160974062,0.9460693056747299,0.2676423895773235,12,0
C4_C1_Di_yaml_arredondado,j6013_1.sm,competencia_maxima_final,0.6784269160974062,0.8246392712557324,0.1462123551583264,12,0
C4_C1_Di_yaml_arredondado,j6016_1.sm,competencia_maxima_final,0.6784269160974062,0.9314494682576345,0.2530225521602283,12,0
C4_C1_Di_yaml_arredondado,j6019_1.sm,competencia_maxima_final,0.6784269160974062,0.8737842626701194,0.19535734657271317,12,0
C4_C1_Di_yaml_arredondado,j6021_1.sm,competencia_maxima_final,0.6784269160974062,0.8393677278805232,0.1609408117831169,12,0
C4_C1_Di_yaml_arredondado,j6024_1.sm,competencia_maxima_final,0.6784269160974062,0.836604782557985,0.15817786646057863,12,0
C4_C1_Di_yaml_arredondado,j6027_1.sm,competencia_maxima_final,0.6784269160974062,0.9562720111958934,0.27784509509848704,12,0
C4_C1_Di_yaml_arredondado,j602_1.sm,competencia_maxima_final,0.6784269160974062,0.9416194772711478,0.26319256117374146,12,0
C4_C1_Di_yaml_arredondado,j6032_1.sm,competencia_maxima_final,0.6784269160974062,0.8188187095785487,0.14039179348114253,12,0
C4_C1_Di_yaml_arredondado,j6035_1.sm,competencia_maxima_final,0.6784269160974062,0.8996612982754706,0.22123438217806424,12,0
C4_C1_Di_yaml_arredondado,j6038_1.sm,competencia_maxima_final,0.6784269160974062,0.9467396157861293,0.268312699688723,12,0
C4_C1_Di_yaml_arredondado,j6040_1.sm,competencia_maxima_final,0.6784269160974062,0.8929088167937732,0.21448190069636694,12,0
C4_C1_Di_yaml_arredondado,j6043_1.sm,competencia_maxima_final,0.6784269160974062,0.8820768657395585,0.20364994964215213,12,0
C4_C1_Di_yaml_arredondado,j6046_1.sm,competencia_maxima_final,0.6784269160974062,0.9198993946057695,0.2414724785083633,12,0
C4_C1_Di_yaml_arredondado,j604_1.sm,competencia_maxima_final,0.6784269160974062,0.9107996493251774,0.23237273322777116,12,0
C4_C1_Di_yaml_arredondado,j607_1.sm,competencia_maxima_final,0.6784269160974062,0.8849146160321668,0.20648769993476065,12,0
C4_C1_Di_yaml_arredondado,j6010_1.sm,atraso_relativo,2.3705882352941177,1.6333333333333335,-0.7372549019607844,12,0
C4_C1_Di_yaml_arredondado,j6013_1.sm,atraso_relativo,4.315217391304348,3.3671497584541066,-0.9480676328502416,12,0
C4_C1_Di_yaml_arredondado,j6016_1.sm,atraso_relativo,3.2109375,2.0963541666666665,-1.1145833333333333,12,0
C4_C1_Di_yaml_arredondado,j6019_1.sm,atraso_relativo,3.66263440860215,2.0295698924731185,-1.6330645161290323,12,0
C4_C1_Di_yaml_arredondado,j6021_1.sm,atraso_relativo,4.152412280701754,2.6162280701754383,-1.5361842105263153,12,0
C4_C1_Di_yaml_arredondado,j6024_1.sm,atraso_relativo,2.8589743589743595,1.5935897435897435,-1.2653846153846153,12,0
C4_C1_Di_yaml_arredondado,j6027_1.sm,atraso_relativo,2.4991319444444446,1.5104166666666667,-0.9887152777777778,12,0
C4_C1_Di_yaml_arredondado,j602_1.sm,atraso_relativo,3.3833333333333333,1.8064102564102564,-1.5769230769230766,12,0
C4_C1_Di_yaml_arredondado,j6032_1.sm,atraso_relativo,2.926328502415459,1.6702898550724639,-1.256038647342995,12,0
C4_C1_Di_yaml_arredondado,j6035_1.sm,atraso_relativo,2.816239316239317,1.738247863247863,-1.077991452991453,12,0
C4_C1_Di_yaml_arredondado,j6038_1.sm,atraso_relativo,2.8264840182648405,1.802511415525114,-1.023972602739726,12,0
C4_C1_Di_yaml_arredondado,j6040_1.sm,atraso_relativo,2.7810077519379846,1.5775193798449614,-1.2034883720930234,12,0
C4_C1_Di_yaml_arredondado,j6043_1.sm,atraso_relativo,2.181327160493827,1.4344135802469138,-0.7469135802469137,12,0
C4_C1_Di_yaml_arredondado,j6046_1.sm,atraso_relativo,3.0779914529914527,1.9433760683760684,-1.1346153846153844,12,0
C4_C1_Di_yaml_arredondado,j604_1.sm,atraso_relativo,2.586309523809524,1.615079365079365,-0.9712301587301587,12,0
C4_C1_Di_yaml_arredondado,j607_1.sm,atraso_relativo,2.935064935064935,1.692640692640693,-1.2424242424242424,12,0
C4_C1_Di_yaml_arredondado,j6010_1.sm,tarefas_pendentes,0.0,0.0,0.0,12,0
C4_C1_Di_yaml_arredondado,j6013_1.sm,tarefas_pendentes,0.0,0.0,0.0,12,0
C4_C1_Di_yaml_arredondado,j6016_1.sm,tarefas_pendentes,0.0,0.0,0.0,12,0
C4_C1_Di_yaml_arredondado,j6019_1.sm,tarefas_pendentes,0.0,0.0,0.0,12,0
C4_C1_Di_yaml_arredondado,j6021_1.sm,tarefas_pendentes,0.0,0.0,0.0,12,0
C4_C1_Di_yaml_arredondado,j6024_1.sm,tarefas_pendentes,0.0,0.0,0.0,12,0
C4_C1_Di_yaml_arredondado,j6027_1.sm,tarefas_pendentes,0.0,0.0,0.0,12,0
C4_C1_Di_yaml_arredondado,j602_1.sm,tarefas_pendentes,0.0,0.0,0.0,12,0
C4_C1_Di_yaml_arredondado,j6032_1.sm,tarefas_pendentes,0.0,0.0,0.0,12,0
C4_C1_Di_yaml_arredondado,j6035_1.sm,tarefas_pendentes,0.0,0.0,0.0,12,0
C4_C1_Di_yaml_arredondado,j6038_1.sm,tarefas_pendentes,0.0,0.0,0.0,12,0
C4_C1_Di_yaml_arredondado,j6040_1.sm,tarefas_pendentes,0.0,0.0,0.0,12,0
C4_C1_Di_yaml_arredondado,j6043_1.sm,tarefas_pendentes,0.0,0.0,0.0,12,0
C4_C1_Di_yaml_arredondado,j6046_1.sm,tarefas_pendentes,0.0,0.0,0.0,12,0
C4_C1_Di_yaml_arredondado,j604_1.sm,tarefas_pendentes,0.0,0.0,0.0,12,0
C4_C1_Di_yaml_arredondado,j607_1.sm,tarefas_pendentes,0.0,0.0,0.0,12,0
C4_C1_Di_yaml_arredondado,j6010_1.sm,dividas_pendentes,0.0,0.0,0.0,12,0
C4_C1_Di_yaml_arredondado,j6013_1.sm,dividas_pendentes,0.0,0.0,0.0,12,0
C4_C1_Di_yaml_arredondado,j6016_1.sm,dividas_pendentes,0.0,0.0,0.0,12,0
C4_C1_Di_yaml_arredondado,j6019_1.sm,dividas_pendentes,0.0,0.0,0.0,12,0
C4_C1_Di_yaml_arredondado,j6021_1.sm,dividas_pendentes,0.0,0.0,0.0,12,0
C4_C1_Di_yaml_arredondado,j6024_1.sm,dividas_pendentes,0.0,0.0,0.0,12,0
C4_C1_Di_yaml_arredondado,j6027_1.sm,dividas_pendentes,0.0,0.0,0.0,12,0
C4_C1_Di_yaml_arredondado,j602_1.sm,dividas_pendentes,0.0,0.0,0.0,12,0
C4_C1_Di_yaml_arredondado,j6032_1.sm,dividas_pendentes,0.0,0.0,0.0,12,0
C4_C1_Di_yaml_arredondado,j6035_1.sm,dividas_pendentes,0.0,0.0,0.0,12,0
C4_C1_Di_yaml_arredondado,j6038_1.sm,dividas_pendentes,0.0,0.0,0.0,12,0
C4_C1_Di_yaml_arredondado,j6040_1.sm,dividas_pendentes,0.0,0.0,0.0,12,0
C4_C1_Di_yaml_arredondado,j6043_1.sm,dividas_pendentes,0.0,0.0,0.0,12,0
C4_C1_Di_yaml_arredondado,j6046_1.sm,dividas_pendentes,0.0,0.0,0.0,12,0
C4_C1_Di_yaml_arredondado,j604_1.sm,dividas_pendentes,0.0,0.0,0.0,12,0
C4_C1_Di_yaml_arredondado,j607_1.sm,dividas_pendentes,0.0,0.0,0.0,12,0
C4_C1_Di_yaml_arredondado,j6010_1.sm,retrabalho_gerado,53.3723486285198,50.644380503216006,-2.7279681253037933,12,0
C4_C1_Di_yaml_arredondado,j6013_1.sm,retrabalho_gerado,75.80213306129193,67.30933657866485,-8.492796482627076,12,0
C4_C1_Di_yaml_arredondado,j6016_1.sm,retrabalho_gerado,81.90332335141007,66.53269676667458,-15.370626584735495,12,0
C4_C1_Di_yaml_arredondado,j6019_1.sm,retrabalho_gerado,59.18364597081494,48.0334653161762,-11.15018065463874,12,0
C4_C1_Di_yaml_arredondado,j6021_1.sm,retrabalho_gerado,70.2521983430819,55.3870519912023,-14.865146351879597,12,0
C4_C1_Di_yaml_arredondado,j6024_1.sm,retrabalho_gerado,52.43044266441058,36.85549206680768,-15.5749505976029,12,0
C4_C1_Di_yaml_arredondado,j6027_1.sm,retrabalho_gerado,66.16587106825973,45.91062552445498,-20.25524554380475,12,0
C4_C1_Di_yaml_arredondado,j602_1.sm,retrabalho_gerado,57.73476194760306,47.626179394399095,-10.108582553203966,12,0
C4_C1_Di_yaml_arredondado,j6032_1.sm,retrabalho_gerado,60.4813256472981,44.73924410546014,-15.742081541837969,12,0
C4_C1_Di_yaml_arredondado,j6035_1.sm,retrabalho_gerado,71.85203090094707,51.84589792086513,-20.00613298008195,12,0
C4_C1_Di_yaml_arredondado,j6038_1.sm,retrabalho_gerado,60.690197796872496,50.97466408652675,-9.715533710345737,12,0
C4_C1_Di_yaml_arredondado,j6040_1.sm,retrabalho_gerado,78.55278882465439,53.97283241671439,-24.579956407940003,12,0
C4_C1_Di_yaml_arredondado,j6043_1.sm,retrabalho_gerado,57.14445271417253,45.2154753631946,-11.928977350977922,12,0
C4_C1_Di_yaml_arredondado,j6046_1.sm,retrabalho_gerado,79.1517072711177,58.096396980605135,-21.05531029051257,12,0
C4_C1_Di_yaml_arredondado,j604_1.sm,retrabalho_gerado,84.89967457891478,55.21145372121227,-29.688220857702515,12,0
C4_C1_Di_yaml_arredondado,j607_1.sm,retrabalho_gerado,62.812760216162616,45.003662603896395,-17.809097612266218,12,0
C4_C1_Di_yaml_arredondado,j6010_1.sm,retrabalho_pendente,0.0,0.0,0.0,12,0
C4_C1_Di_yaml_arredondado,j6013_1.sm,retrabalho_pendente,0.0,0.0,0.0,12,0
C4_C1_Di_yaml_arredondado,j6016_1.sm,retrabalho_pendente,0.0,0.0,0.0,12,0
C4_C1_Di_yaml_arredondado,j6019_1.sm,retrabalho_pendente,0.0,0.0,0.0,12,0
C4_C1_Di_yaml_arredondado,j6021_1.sm,retrabalho_pendente,0.0,0.0,0.0,12,0
C4_C1_Di_yaml_arredondado,j6024_1.sm,retrabalho_pendente,0.0,0.0,0.0,12,0
C4_C1_Di_yaml_arredondado,j6027_1.sm,retrabalho_pendente,0.0,0.0,0.0,12,0
C4_C1_Di_yaml_arredondado,j602_1.sm,retrabalho_pendente,0.0,0.0,0.0,12,0
C4_C1_Di_yaml_arredondado,j6032_1.sm,retrabalho_pendente,0.0,0.0,0.0,12,0
C4_C1_Di_yaml_arredondado,j6035_1.sm,retrabalho_pendente,0.0,0.0,0.0,12,0
C4_C1_Di_yaml_arredondado,j6038_1.sm,retrabalho_pendente,0.0,0.0,0.0,12,0
C4_C1_Di_yaml_arredondado,j6040_1.sm,retrabalho_pendente,0.0,0.0,0.0,12,0
C4_C1_Di_yaml_arredondado,j6043_1.sm,retrabalho_pendente,0.0,0.0,0.0,12,0
C4_C1_Di_yaml_arredondado,j6046_1.sm,retrabalho_pendente,0.0,0.0,0.0,12,0
C4_C1_Di_yaml_arredondado,j604_1.sm,retrabalho_pendente,0.0,0.0,0.0,12,0
C4_C1_Di_yaml_arredondado,j607_1.sm,retrabalho_pendente,0.0,0.0,0.0,12,0
C4_C1_Di_yaml_arredondado,j6010_1.sm,ocupacao_retrabalho,58.583333333333336,55.583333333333336,-3.0,12,0
C4_C1_Di_yaml_arredondado,j6013_1.sm,ocupacao_retrabalho,80.41666666666667,71.83333333333333,-8.583333333333334,12,0
C4_C1_Di_yaml_arredondado,j6016_1.sm,ocupacao_retrabalho,88.83333333333333,72.25,-16.583333333333332,12,0
C4_C1_Di_yaml_arredondado,j6019_1.sm,ocupacao_retrabalho,64.58333333333333,52.666666666666664,-11.916666666666666,12,0
C4_C1_Di_yaml_arredondado,j6021_1.sm,ocupacao_retrabalho,76.41666666666667,60.333333333333336,-16.083333333333332,12,0
C4_C1_Di_yaml_arredondado,j6024_1.sm,ocupacao_retrabalho,57.833333333333336,40.833333333333336,-17.0,12,0
C4_C1_Di_yaml_arredondado,j6027_1.sm,ocupacao_retrabalho,71.25,49.833333333333336,-21.416666666666668,12,0
C4_C1_Di_yaml_arredondado,j602_1.sm,ocupacao_retrabalho,62.583333333333336,52.083333333333336,-10.5,12,0
C4_C1_Di_yaml_arredondado,j6032_1.sm,ocupacao_retrabalho,65.58333333333333,48.5,-17.083333333333332,12,0
C4_C1_Di_yaml_arredondado,j6035_1.sm,ocupacao_retrabalho,78.75,56.666666666666664,-22.083333333333332,12,0
C4_C1_Di_yaml_arredondado,j6038_1.sm,ocupacao_retrabalho,66.16666666666667,55.25,-10.916666666666666,12,0
C4_C1_Di_yaml_arredondado,j6040_1.sm,ocupacao_retrabalho,84.66666666666667,58.166666666666664,-26.5,12,0
C4_C1_Di_yaml_arredondado,j6043_1.sm,ocupacao_retrabalho,62.333333333333336,49.333333333333336,-13.0,12,0
C4_C1_Di_yaml_arredondado,j6046_1.sm,ocupacao_retrabalho,85.5,62.666666666666664,-22.833333333333332,12,0
C4_C1_Di_yaml_arredondado,j604_1.sm,ocupacao_retrabalho,90.83333333333333,59.5,-31.333333333333332,12,0
C4_C1_Di_yaml_arredondado,j607_1.sm,ocupacao_retrabalho,68.0,49.5,-18.5,12,0
C4_C1_Di_yaml_arredondado,j6010_1.sm,extensoes_horizonte,0.0,0.0,0.0,12,0
C4_C1_Di_yaml_arredondado,j6013_1.sm,extensoes_horizonte,0.0,0.0,0.0,12,0
C4_C1_Di_yaml_arredondado,j6016_1.sm,extensoes_horizonte,0.0,0.0,0.0,12,0
C4_C1_Di_yaml_arredondado,j6019_1.sm,extensoes_horizonte,0.0,0.0,0.0,12,0
C4_C1_Di_yaml_arredondado,j6021_1.sm,extensoes_horizonte,0.0,0.0,0.0,12,0
C4_C1_Di_yaml_arredondado,j6024_1.sm,extensoes_horizonte,0.0,0.0,0.0,12,0
C4_C1_Di_yaml_arredondado,j6027_1.sm,extensoes_horizonte,0.0,0.0,0.0,12,0
C4_C1_Di_yaml_arredondado,j602_1.sm,extensoes_horizonte,0.0,0.0,0.0,12,0
C4_C1_Di_yaml_arredondado,j6032_1.sm,extensoes_horizonte,0.0,0.0,0.0,12,0
C4_C1_Di_yaml_arredondado,j6035_1.sm,extensoes_horizonte,0.0,0.0,0.0,12,0
C4_C1_Di_yaml_arredondado,j6038_1.sm,extensoes_horizonte,0.0,0.0,0.0,12,0
C4_C1_Di_yaml_arredondado,j6040_1.sm,extensoes_horizonte,0.0,0.0,0.0,12,0
C4_C1_Di_yaml_arredondado,j6043_1.sm,extensoes_horizonte,0.0,0.0,0.0,12,0
C4_C1_Di_yaml_arredondado,j6046_1.sm,extensoes_horizonte,0.0,0.0,0.0,12,0
C4_C1_Di_yaml_arredondado,j604_1.sm,extensoes_horizonte,0.0,0.0,0.0,12,0
C4_C1_Di_yaml_arredondado,j607_1.sm,extensoes_horizonte,0.0,0.0,0.0,12,0
C4_C1_Di_yaml_arredondado,j6010_1.sm,confianca_media_final,0.25,0.7999999999999999,0.5499999999999999,12,0
C4_C1_Di_yaml_arredondado,j6013_1.sm,confianca_media_final,0.25,0.7999999999999999,0.5499999999999999,12,0
C4_C1_Di_yaml_arredondado,j6016_1.sm,confianca_media_final,0.25,0.7999999999999999,0.5499999999999999,12,0
C4_C1_Di_yaml_arredondado,j6019_1.sm,confianca_media_final,0.25,0.7999999999999999,0.5499999999999999,12,0
C4_C1_Di_yaml_arredondado,j6021_1.sm,confianca_media_final,0.25,0.7999999999999999,0.5499999999999999,12,0
C4_C1_Di_yaml_arredondado,j6024_1.sm,confianca_media_final,0.25,0.7999999999999999,0.5499999999999999,12,0
C4_C1_Di_yaml_arredondado,j6027_1.sm,confianca_media_final,0.25,0.7999999999999999,0.5499999999999999,12,0
C4_C1_Di_yaml_arredondado,j602_1.sm,confianca_media_final,0.25,0.7999999999999999,0.5499999999999999,12,0
C4_C1_Di_yaml_arredondado,j6032_1.sm,confianca_media_final,0.25,0.7999999999999999,0.5499999999999999,12,0
C4_C1_Di_yaml_arredondado,j6035_1.sm,confianca_media_final,0.25,0.7999999999999999,0.5499999999999999,12,0
C4_C1_Di_yaml_arredondado,j6038_1.sm,confianca_media_final,0.25,0.7999999999999999,0.5499999999999999,12,0
C4_C1_Di_yaml_arredondado,j6040_1.sm,confianca_media_final,0.25,0.7999999999999999,0.5499999999999999,12,0
C4_C1_Di_yaml_arredondado,j6043_1.sm,confianca_media_final,0.25,0.7999999999999999,0.5499999999999999,12,0
C4_C1_Di_yaml_arredondado,j6046_1.sm,confianca_media_final,0.25,0.7999999999999999,0.5499999999999999,12,0
C4_C1_Di_yaml_arredondado,j604_1.sm,confianca_media_final,0.25,0.7999999999999999,0.5499999999999999,12,0
C4_C1_Di_yaml_arredondado,j607_1.sm,confianca_media_final,0.25,0.7999999999999999,0.5499999999999999,12,0
controle_motor,j6010_1.sm,concluiu,1.0,1.0,0.0,12,0
controle_motor,j6013_1.sm,concluiu,1.0,1.0,0.0,12,0
controle_motor,j6016_1.sm,concluiu,1.0,1.0,0.0,12,0
controle_motor,j6019_1.sm,concluiu,1.0,1.0,0.0,12,0
controle_motor,j6021_1.sm,concluiu,1.0,1.0,0.0,12,0
controle_motor,j6024_1.sm,concluiu,1.0,1.0,0.0,12,0
controle_motor,j6027_1.sm,concluiu,1.0,1.0,0.0,12,0
controle_motor,j602_1.sm,concluiu,1.0,1.0,0.0,12,0
controle_motor,j6032_1.sm,concluiu,1.0,1.0,0.0,12,0
controle_motor,j6035_1.sm,concluiu,1.0,1.0,0.0,12,0
controle_motor,j6038_1.sm,concluiu,1.0,1.0,0.0,12,0
controle_motor,j6040_1.sm,concluiu,1.0,1.0,0.0,12,0
controle_motor,j6043_1.sm,concluiu,1.0,1.0,0.0,12,0
controle_motor,j6046_1.sm,concluiu,1.0,1.0,0.0,12,0
controle_motor,j604_1.sm,concluiu,1.0,1.0,0.0,12,0
controle_motor,j607_1.sm,concluiu,1.0,1.0,0.0,12,0
controle_motor,j6010_1.sm,makespan,225.91666666666666,150.41666666666666,-75.5,12,0
controle_motor,j6013_1.sm,makespan,317.1666666666667,243.75,-73.41666666666667,12,0
controle_motor,j6016_1.sm,makespan,229.91666666666666,142.91666666666666,-87.0,12,0
controle_motor,j6019_1.sm,makespan,228.08333333333334,137.91666666666666,-90.16666666666667,12,0
controle_motor,j6021_1.sm,makespan,303.1666666666667,210.08333333333334,-93.08333333333333,12,0
controle_motor,j6024_1.sm,makespan,181.75,107.16666666666667,-74.58333333333333,12,0
controle_motor,j6027_1.sm,makespan,237.83333333333334,156.16666666666666,-81.66666666666667,12,0
controle_motor,j602_1.sm,makespan,217.83333333333334,128.66666666666666,-89.16666666666667,12,0
controle_motor,j6032_1.sm,makespan,203.16666666666666,124.33333333333333,-78.83333333333333,12,0
controle_motor,j6035_1.sm,makespan,244.83333333333334,145.5,-99.33333333333333,12,0
controle_motor,j6038_1.sm,makespan,218.08333333333334,145.41666666666666,-72.66666666666667,12,0
controle_motor,j6040_1.sm,makespan,225.33333333333334,146.33333333333334,-79.0,12,0
controle_motor,j6043_1.sm,makespan,261.9166666666667,167.66666666666666,-94.25,12,0
controle_motor,j6046_1.sm,makespan,247.33333333333334,163.58333333333334,-83.75,12,0
controle_motor,j604_1.sm,makespan,236.25,152.25,-84.0,12,0
controle_motor,j607_1.sm,makespan,224.33333333333334,136.58333333333334,-87.75,12,0
controle_motor,j6010_1.sm,makespan_cpm,85.0,85.0,0.0,12,0
controle_motor,j6013_1.sm,makespan_cpm,69.0,69.0,0.0,12,0
controle_motor,j6016_1.sm,makespan_cpm,64.0,64.0,0.0,12,0
controle_motor,j6019_1.sm,makespan_cpm,62.0,62.0,0.0,12,0
controle_motor,j6021_1.sm,makespan_cpm,76.0,76.0,0.0,12,0
controle_motor,j6024_1.sm,makespan_cpm,65.0,65.0,0.0,12,0
controle_motor,j6027_1.sm,makespan_cpm,96.0,96.0,0.0,12,0
controle_motor,j602_1.sm,makespan_cpm,65.0,65.0,0.0,12,0
controle_motor,j6032_1.sm,makespan_cpm,69.0,69.0,0.0,12,0
controle_motor,j6035_1.sm,makespan_cpm,78.0,78.0,0.0,12,0
controle_motor,j6038_1.sm,makespan_cpm,73.0,73.0,0.0,12,0
controle_motor,j6040_1.sm,makespan_cpm,86.0,86.0,0.0,12,0
controle_motor,j6043_1.sm,makespan_cpm,108.0,108.0,0.0,12,0
controle_motor,j6046_1.sm,makespan_cpm,78.0,78.0,0.0,12,0
controle_motor,j604_1.sm,makespan_cpm,84.0,84.0,0.0,12,0
controle_motor,j607_1.sm,makespan_cpm,77.0,77.0,0.0,12,0
controle_motor,j6010_1.sm,E_total,0.7752180352465051,0.8706556363298779,0.0954376010833728,12,0
controle_motor,j6013_1.sm,E_total,0.8106450445979861,0.8710333361596242,0.06038829156163827,12,0
controle_motor,j6016_1.sm,E_total,0.7980405425732466,0.8733368350547698,0.075296292481523,12,0
controle_motor,j6019_1.sm,E_total,0.8042236669918142,0.8840660672695454,0.07984240027773125,12,0
controle_motor,j6021_1.sm,E_total,0.8125221114512825,0.8860449957869759,0.07352288433569334,12,0
controle_motor,j6024_1.sm,E_total,0.7718080207967549,0.8865209698770687,0.11471294908031378,12,0
controle_motor,j6027_1.sm,E_total,0.7836474265724326,0.8755141809059185,0.09186675433348589,12,0
controle_motor,j602_1.sm,E_total,0.7963649628710093,0.8644720256423538,0.06810706277134455,12,0
controle_motor,j6032_1.sm,E_total,0.7763731250782593,0.8870141706428254,0.11064104556456601,12,0
controle_motor,j6035_1.sm,E_total,0.8009819037048778,0.8774097863920778,0.07642788268720004,12,0
controle_motor,j6038_1.sm,E_total,0.79949221143458,0.8739958920869837,0.07450368065240386,12,0
controle_motor,j6040_1.sm,E_total,0.7989837603744201,0.8854886910913945,0.08650493071697439,12,0
controle_motor,j6043_1.sm,E_total,0.7005060257597386,0.8768264753195227,0.1763204495597841,12,0
controle_motor,j6046_1.sm,E_total,0.7441738262497637,0.8718503736643973,0.12767654741463352,12,0
controle_motor,j604_1.sm,E_total,0.7864215360322899,0.8892893282681776,0.10286779223588756,12,0
controle_motor,j607_1.sm,E_total,0.783011833982994,0.8728009238480032,0.089789089865009,12,0
controle_motor,j6010_1.sm,S_UR_final,4.440892098500626e-16,0.0,-4.440892098500626e-16,12,0
controle_motor,j6013_1.sm,S_UR_final,9.62193288008469e-16,1.6653345369377348e-16,-7.956598343146956e-16,12,0
controle_motor,j6016_1.sm,S_UR_final,1.0362081563168128e-15,0.0,-1.0362081563168128e-15,12,0
controle_motor,j6019_1.sm,S_UR_final,1.4247862149356176e-15,0.0,-1.4247862149356176e-15,12,0
controle_motor,j6021_1.sm,S_UR_final,2.4054832200211723e-16,1.4802973661668753e-16,-9.251858538542972e-17,12,0
controle_motor,j6024_1.sm,S_UR_final,5.181040781584064e-16,0.0,-5.181040781584064e-16,12,0
controle_motor,j6027_1.sm,S_UR_final,1.0732155904709846e-15,0.0,-1.0732155904709846e-15,12,0
controle_motor,j602_1.sm,S_UR_final,2.1094237467877974e-15,2.220446049250313e-16,-1.887379141862766e-15,12,0
controle_motor,j6032_1.sm,S_UR_final,2.3129646346357427e-15,0.0,-2.3129646346357427e-15,12,0
controle_motor,j6035_1.sm,S_UR_final,2.220446049250313e-16,7.401486830834377e-17,-1.4802973661668753e-16,12,0
controle_motor,j6038_1.sm,S_UR_final,7.031412489292658e-16,7.401486830834377e-17,-6.291263806209221e-16,12,0
controle_motor,j6040_1.sm,S_UR_final,1.5913196686293911e-15,7.401486830834377e-17,-1.5173048003210472e-15,12,0
controle_motor,j6043_1.sm,S_UR_final,2.9605947323337506e-16,0.0,-2.9605947323337506e-16,12,0
controle_motor,j6046_1.sm,S_UR_final,2.590520390792032e-16,2.7755575615628914e-17,-2.312964634635743e-16,12,0
controle_motor,j604_1.sm,S_UR_final,2.4424906541753444e-15,0.0,-2.4424906541753444e-15,12,0
controle_motor,j607_1.sm,S_UR_final,5.643633708511212e-16,0.0,-5.643633708511212e-16,12,0
controle_motor,j6010_1.sm,S_UR_maximo,22.851360561976364,6.97589149474254,-15.875469067233828,12,0
controle_motor,j6013_1.sm,S_UR_maximo,23.598131601605868,9.452625887201563,-14.1455057144043,12,0
controle_motor,j6016_1.sm,S_UR_maximo,31.733198153907136,6.9931468582051854,-24.74005129570195,12,0
controle_motor,j6019_1.sm,S_UR_maximo,23.755116189368252,4.399128666834628,-19.355987522533624,12,0
controle_motor,j6021_1.sm,S_UR_maximo,22.537849828691222,6.831429389157214,-15.706420439534009,12,0
controle_motor,j6024_1.sm,S_UR_maximo,22.611756363468942,5.540184947613517,-17.071571415855423,12,0
controle_motor,j6027_1.sm,S_UR_maximo,22.78069279882229,5.9718694438965345,-16.80882335492576,12,0
controle_motor,j602_1.sm,S_UR_maximo,31.146889904935563,7.350176627679656,-23.796713277255904,12,0
controle_motor,j6032_1.sm,S_UR_maximo,25.597167521094168,5.898054016900221,-19.69911350419395,12,0
controle_motor,j6035_1.sm,S_UR_maximo,28.12097136057118,6.1911452720286135,-21.929826088542566,12,0
controle_motor,j6038_1.sm,S_UR_maximo,22.935726666292297,5.454363577983174,-17.48136308830912,12,0
controle_motor,j6040_1.sm,S_UR_maximo,23.40791407404952,7.622272474325786,-15.785641599723737,12,0
controle_motor,j6043_1.sm,S_UR_maximo,21.404777581027073,6.0948321540497306,-15.309945426977345,12,0
controle_motor,j6046_1.sm,S_UR_maximo,25.882474679655427,5.918136483777695,-19.96433819587773,12,0
controle_motor,j604_1.sm,S_UR_maximo,29.36919248513603,5.883761567676948,-23.485430917459084,12,0
controle_motor,j607_1.sm,S_UR_maximo,24.062984272335495,6.480680915194985,-17.582303357140514,12,0
controle_motor,j6010_1.sm,S_PV_final,246.75,299.5833333333333,52.833333333333336,12,0
controle_motor,j6013_1.sm,S_PV_final,255.33333333333334,318.0,62.666666666666664,12,0
controle_motor,j6016_1.sm,S_PV_final,277.5833333333333,343.9166666666667,66.33333333333333,12,0
controle_motor,j6019_1.sm,S_PV_final,250.08333333333334,319.3333333333333,69.25,12,0
controle_motor,j6021_1.sm,S_PV_final,249.5,312.25,62.75,12,0
controle_motor,j6024_1.sm,S_PV_final,216.25,263.8333333333333,47.583333333333336,12,0
controle_motor,j6027_1.sm,S_PV_final,265.5833333333333,321.9166666666667,56.333333333333336,12,0
controle_motor,j602_1.sm,S_PV_final,245.16666666666666,297.6666666666667,52.5,12,0
controle_motor,j6032_1.sm,S_PV_final,259.5,314.0833333333333,54.583333333333336,12,0
controle_motor,j6035_1.sm,S_PV_final,264.0,333.5,69.5,12,0
controle_motor,j6038_1.sm,S_PV_final,265.9166666666667,318.9166666666667,53.0,12,0
controle_motor,j6040_1.sm,S_PV_final,298.75,344.9166666666667,46.166666666666664,12,0
controle_motor,j6043_1.sm,S_PV_final,248.91666666666666,311.8333333333333,62.916666666666664,12,0
controle_motor,j6046_1.sm,S_PV_final,232.5,305.1666666666667,72.66666666666667,12,0
controle_motor,j604_1.sm,S_PV_final,282.75,363.6666666666667,80.91666666666667,12,0
controle_motor,j607_1.sm,S_PV_final,256.5833333333333,313.5833333333333,57.0,12,0
controle_motor,j6010_1.sm,TW,619.9166666666666,512.0,-107.91666666666667,12,0
controle_motor,j6013_1.sm,TW,696.25,593.6666666666666,-102.58333333333333,12,0
controle_motor,j6016_1.sm,TW,839.5833333333334,651.4166666666666,-188.16666666666666,12,0
controle_motor,j6019_1.sm,TW,714.3333333333334,555.0,-159.33333333333334,12,0
controle_motor,j6021_1.sm,TW,669.5,532.9166666666666,-136.58333333333334,12,0
controle_motor,j6024_1.sm,TW,554.8333333333334,423.9166666666667,-130.91666666666666,12,0
controle_motor,j6027_1.sm,TW,624.3333333333334,500.5833333333333,-123.75,12,0
controle_motor,j602_1.sm,TW,688.6666666666666,536.25,-152.41666666666666,12,0
controle_motor,j6032_1.sm,TW,708.4166666666666,540.5833333333334,-167.83333333333334,12,0
controle_motor,j6035_1.sm,TW,748.9166666666666,575.0833333333334,-173.83333333333334,12,0
controle_motor,j6038_1.sm,TW,703.0,545.5833333333334,-157.41666666666666,12,0
controle_motor,j6040_1.sm,TW,773.5833333333334,604.4166666666666,-169.16666666666666,12,0
controle_motor,j6043_1.sm,TW,607.5833333333334,480.0,-127.58333333333333,12,0
controle_motor,j6046_1.sm,TW,664.0833333333334,508.0833333333333,-156.0,12,0
controle_motor,j604_1.sm,TW,830.4166666666666,662.4166666666666,-168.0,12,0
controle_motor,j607_1.sm,TW,705.3333333333334,548.8333333333334,-156.5,12,0
controle_motor,j6010_1.sm,TL,0.0,9.416666666666666,9.416666666666666,12,0
controle_motor,j6013_1.sm,TL,0.0,6.333333333333333,6.333333333333333,12,0
controle_motor,j6016_1.sm,TL,0.0,9.833333333333334,9.833333333333334,12,0
controle_motor,j6019_1.sm,TL,0.0,8.416666666666666,8.416666666666666,12,0
controle_motor,j6021_1.sm,TL,0.0,6.583333333333333,6.583333333333333,12,0
controle_motor,j6024_1.sm,TL,0.0,8.333333333333334,8.333333333333334,12,0
controle_motor,j6027_1.sm,TL,0.0,9.583333333333334,9.583333333333334,12,0
controle_motor,j602_1.sm,TL,0.0,9.333333333333334,9.333333333333334,12,0
controle_motor,j6032_1.sm,TL,0.0,7.5,7.5,12,0
controle_motor,j6035_1.sm,TL,0.0,9.833333333333334,9.833333333333334,12,0
controle_motor,j6038_1.sm,TL,0.0,10.333333333333334,10.333333333333334,12,0
controle_motor,j6040_1.sm,TL,0.0,8.083333333333334,8.083333333333334,12,0
controle_motor,j6043_1.sm,TL,0.0,7.666666666666667,7.666666666666667,12,0
controle_motor,j6046_1.sm,TL,0.0,10.666666666666666,10.666666666666666,12,0
controle_motor,j604_1.sm,TL,0.0,9.75,9.75,12,0
controle_motor,j607_1.sm,TL,0.0,7.416666666666667,7.416666666666667,12,0
controle_motor,j6010_1.sm,TU,120.41666666666667,16.833333333333332,-103.58333333333333,12,0
controle_motor,j6013_1.sm,TU,86.25,8.583333333333334,-77.66666666666667,12,0
controle_motor,j6016_1.sm,TU,128.0,21.25,-106.75,12,0
controle_motor,j6019_1.sm,TU,110.41666666666667,14.583333333333334,-95.83333333333333,12,0
controle_motor,j6021_1.sm,TU,83.83333333333333,7.916666666666667,-75.91666666666667,12,0
controle_motor,j6024_1.sm,TU,114.66666666666667,11.666666666666666,-103.0,12,0
controle_motor,j6027_1.sm,TU,118.08333333333333,17.833333333333332,-100.25,12,0
controle_motor,j602_1.sm,TU,112.83333333333333,21.666666666666668,-91.16666666666667,12,0
controle_motor,j6032_1.sm,TU,143.16666666666666,14.5,-128.66666666666666,12,0
controle_motor,j6035_1.sm,TU,118.0,16.25,-101.75,12,0
controle_motor,j6038_1.sm,TU,116.83333333333333,15.833333333333334,-101.0,12,0
controle_motor,j6040_1.sm,TU,136.75,14.916666666666666,-121.83333333333333,12,0
controle_motor,j6043_1.sm,TU,197.58333333333334,11.5,-186.08333333333334,12,0
controle_motor,j6046_1.sm,TU,149.41666666666666,13.75,-135.66666666666666,12,0
controle_motor,j604_1.sm,TU,148.16666666666666,20.5,-127.66666666666667,12,0
controle_motor,j607_1.sm,TU,135.83333333333334,23.5,-112.33333333333333,12,0
controle_motor,j6010_1.sm,TR,62.930689279459436,49.91895356421755,-13.011735715241871,12,0
controle_motor,j6013_1.sm,TR,80.4438120411024,73.28138766364138,-7.162424377461027,12,0
controle_motor,j6016_1.sm,TR,86.51063488760757,63.56623420207918,-22.944400685528382,12,0
controle_motor,j6019_1.sm,TR,65.78711512987957,50.01995780307437,-15.767157326805203,12,0
controle_motor,j6021_1.sm,TR,77.01372505511512,54.654123263899294,-22.359601791215827,12,0
controle_motor,j6024_1.sm,TR,54.15070351644911,34.303383659149574,-19.847319857299542,12,0
controle_motor,j6027_1.sm,TR,57.86436401168738,44.12064254605979,-13.743721465627594,12,0
controle_motor,j602_1.sm,TR,65.80306517725687,53.42223083674096,-12.380834340515912,12,0
controle_motor,j6032_1.sm,TR,62.81845092519157,47.13413307621881,-15.684317848972753,12,0
controle_motor,j6035_1.sm,TR,70.80536667090725,54.80662533555363,-15.9987413353536,12,0
controle_motor,j6038_1.sm,TR,65.0312077548054,52.82002953041572,-12.211178224389682,12,0
controle_motor,j6040_1.sm,TR,61.26920989339725,55.48778334679889,-5.781426546598351,12,0
controle_motor,j6043_1.sm,TR,66.85493289905665,48.37151713874527,-18.48341576031138,12,0
controle_motor,j6046_1.sm,TR,81.05081480433864,50.61359590959993,-30.43721889473871,12,0
controle_motor,j604_1.sm,TR,81.69554154822497,52.60087911104145,-29.094662437183516,12,0
controle_motor,j607_1.sm,TR,61.81548096564688,49.75863324374066,-12.056847721906218,12,0
controle_motor,j6010_1.sm,n_limpas,48.333333333333336,56.666666666666664,8.333333333333334,12,0
controle_motor,j6013_1.sm,n_limpas,46.25,56.333333333333336,10.083333333333334,12,0
controle_motor,j6016_1.sm,n_limpas,46.0,56.833333333333336,10.833333333333334,12,0
controle_motor,j6019_1.sm,n_limpas,46.416666666666664,57.333333333333336,10.916666666666666,12,0
controle_motor,j6021_1.sm,n_limpas,46.916666666666664,56.166666666666664,9.25,12,0
controle_motor,j6024_1.sm,n_limpas,48.0,56.75,8.75,12,0
controle_motor,j6027_1.sm,n_limpas,47.333333333333336,56.0,8.666666666666666,12,0
controle_motor,j602_1.sm,n_limpas,46.833333333333336,55.333333333333336,8.5,12,0
controle_motor,j6032_1.sm,n_limpas,48.0,56.25,8.25,12,0
controle_motor,j6035_1.sm,n_limpas,46.083333333333336,57.0,10.916666666666666,12,0
controle_motor,j6038_1.sm,n_limpas,48.333333333333336,56.666666666666664,8.333333333333334,12,0
controle_motor,j6040_1.sm,n_limpas,48.666666666666664,56.166666666666664,7.5,12,0
controle_motor,j6043_1.sm,n_limpas,46.75,56.583333333333336,9.833333333333334,12,0
controle_motor,j6046_1.sm,n_limpas,45.833333333333336,56.75,10.916666666666666,12,0
controle_motor,j604_1.sm,n_limpas,45.416666666666664,57.166666666666664,11.75,12,0
controle_motor,j607_1.sm,n_limpas,46.5,56.333333333333336,9.833333333333334,12,0
controle_motor,j6010_1.sm,n_com_erro,11.666666666666666,3.3333333333333335,-8.333333333333334,12,0
controle_motor,j6013_1.sm,n_com_erro,13.75,3.6666666666666665,-10.083333333333334,12,0
controle_motor,j6016_1.sm,n_com_erro,14.0,3.1666666666666665,-10.833333333333334,12,0
controle_motor,j6019_1.sm,n_com_erro,13.583333333333334,2.6666666666666665,-10.916666666666666,12,0
controle_motor,j6021_1.sm,n_com_erro,13.083333333333334,3.8333333333333335,-9.25,12,0
controle_motor,j6024_1.sm,n_com_erro,12.0,3.25,-8.75,12,0
controle_motor,j6027_1.sm,n_com_erro,12.666666666666666,4.0,-8.666666666666666,12,0
controle_motor,j602_1.sm,n_com_erro,13.166666666666666,4.666666666666667,-8.5,12,0
controle_motor,j6032_1.sm,n_com_erro,12.0,3.75,-8.25,12,0
controle_motor,j6035_1.sm,n_com_erro,13.916666666666666,3.0,-10.916666666666666,12,0
controle_motor,j6038_1.sm,n_com_erro,11.666666666666666,3.3333333333333335,-8.333333333333334,12,0
controle_motor,j6040_1.sm,n_com_erro,11.333333333333334,3.8333333333333335,-7.5,12,0
controle_motor,j6043_1.sm,n_com_erro,13.25,3.4166666666666665,-9.833333333333334,12,0
controle_motor,j6046_1.sm,n_com_erro,14.166666666666666,3.25,-10.916666666666666,12,0
controle_motor,j604_1.sm,n_com_erro,14.583333333333334,2.8333333333333335,-11.75,12,0
controle_motor,j607_1.sm,n_com_erro,13.5,3.6666666666666665,-9.833333333333334,12,0
controle_motor,j6010_1.sm,n_reportadas,2.5,9.666666666666666,7.166666666666667,12,0
controle_motor,j6013_1.sm,n_reportadas,2.75,10.75,8.0,12,0
controle_motor,j6016_1.sm,n_reportadas,2.8333333333333335,11.25,8.416666666666666,12,0
controle_motor,j6019_1.sm,n_reportadas,1.5,10.416666666666666,8.916666666666666,12,0
controle_motor,j6021_1.sm,n_reportadas,2.3333333333333335,9.833333333333334,7.5,12,0
controle_motor,j6024_1.sm,n_reportadas,1.9166666666666667,8.0,6.083333333333333,12,0
controle_motor,j6027_1.sm,n_reportadas,1.6666666666666667,9.166666666666666,7.5,12,0
controle_motor,j602_1.sm,n_reportadas,1.9166666666666667,10.666666666666666,8.75,12,0
controle_motor,j6032_1.sm,n_reportadas,1.9166666666666667,9.416666666666666,7.5,12,0
controle_motor,j6035_1.sm,n_reportadas,1.4166666666666667,11.5,10.083333333333334,12,0
controle_motor,j6038_1.sm,n_reportadas,2.25,10.916666666666666,8.666666666666666,12,0
controle_motor,j6040_1.sm,n_reportadas,2.1666666666666665,9.5,7.333333333333333,12,0
controle_motor,j6043_1.sm,n_reportadas,2.5,10.916666666666666,8.416666666666666,12,0
controle_motor,j6046_1.sm,n_reportadas,3.0,11.166666666666666,8.166666666666666,12,0
controle_motor,j604_1.sm,n_reportadas,1.5833333333333333,9.5,7.916666666666667,12,0
controle_motor,j607_1.sm,n_reportadas,2.0,10.583333333333334,8.583333333333334,12,0
controle_motor,j6010_1.sm,n_adiamentos,0.0,0.0,0.0,12,0
controle_motor,j6013_1.sm,n_adiamentos,0.0,0.0,0.0,12,0
controle_motor,j6016_1.sm,n_adiamentos,0.0,0.0,0.0,12,0
controle_motor,j6019_1.sm,n_adiamentos,0.0,0.0,0.0,12,0
controle_motor,j6021_1.sm,n_adiamentos,0.0,0.0,0.0,12,0
controle_motor,j6024_1.sm,n_adiamentos,0.0,0.0,0.0,12,0
controle_motor,j6027_1.sm,n_adiamentos,0.0,0.0,0.0,12,0
controle_motor,j602_1.sm,n_adiamentos,0.0,0.0,0.0,12,0
controle_motor,j6032_1.sm,n_adiamentos,0.0,0.0,0.0,12,0
controle_motor,j6035_1.sm,n_adiamentos,0.0,0.0,0.0,12,0
controle_motor,j6038_1.sm,n_adiamentos,0.0,0.0,0.0,12,0
controle_motor,j6040_1.sm,n_adiamentos,0.0,0.0,0.0,12,0
controle_motor,j6043_1.sm,n_adiamentos,0.0,0.0,0.0,12,0
controle_motor,j6046_1.sm,n_adiamentos,0.0,0.0,0.0,12,0
controle_motor,j604_1.sm,n_adiamentos,0.0,0.0,0.0,12,0
controle_motor,j607_1.sm,n_adiamentos,0.0,0.0,0.0,12,0
controle_motor,j6010_1.sm,taxa_omissao,0.1944444444444445,0.05555555555555556,-0.13888888888888892,12,0
controle_motor,j6013_1.sm,taxa_omissao,0.22916666666666663,0.06111111111111112,-0.16805555555555554,12,0
controle_motor,j6016_1.sm,taxa_omissao,0.2333333333333333,0.05277777777777778,-0.18055555555555555,12,0
controle_motor,j6019_1.sm,taxa_omissao,0.2263888888888889,0.044444444444444446,-0.18194444444444446,12,0
controle_motor,j6021_1.sm,taxa_omissao,0.21805555555555556,0.0638888888888889,-0.15416666666666667,12,0
controle_motor,j6024_1.sm,taxa_omissao,0.19999999999999998,0.05416666666666667,-0.14583333333333334,12,0
controle_motor,j6027_1.sm,taxa_omissao,0.2111111111111111,0.06666666666666667,-0.14444444444444446,12,0
controle_motor,j602_1.sm,taxa_omissao,0.21944444444444444,0.07777777777777779,-0.1416666666666667,12,0
controle_motor,j6032_1.sm,taxa_omissao,0.19999999999999998,0.0625,-0.13749999999999998,12,0
controle_motor,j6035_1.sm,taxa_omissao,0.23194444444444448,0.049999999999999996,-0.18194444444444446,12,0
controle_motor,j6038_1.sm,taxa_omissao,0.19444444444444445,0.05555555555555555,-0.13888888888888887,12,0
controle_motor,j6040_1.sm,taxa_omissao,0.18888888888888888,0.06388888888888888,-0.125,12,0
controle_motor,j6043_1.sm,taxa_omissao,0.22083333333333333,0.05694444444444446,-0.1638888888888889,12,0
controle_motor,j6046_1.sm,taxa_omissao,0.23611111111111108,0.05416666666666667,-0.18194444444444446,12,0
controle_motor,j604_1.sm,taxa_omissao,0.24305555555555555,0.04722222222222223,-0.19583333333333333,12,0
controle_motor,j607_1.sm,taxa_omissao,0.225,0.061111111111111116,-0.1638888888888889,12,0
controle_motor,j6010_1.sm,E_plano,323.0,323.0,0.0,12,0
controle_motor,j6013_1.sm,E_plano,340.0,340.0,0.0,12,0
controle_motor,j6016_1.sm,E_plano,365.0,365.0,0.0,12,0
controle_motor,j6019_1.sm,E_plano,336.0,336.0,0.0,12,0
controle_motor,j6021_1.sm,E_plano,332.0,332.0,0.0,12,0
controle_motor,j6024_1.sm,E_plano,284.0,284.0,0.0,12,0
controle_motor,j6027_1.sm,E_plano,346.0,346.0,0.0,12,0
controle_motor,j602_1.sm,E_plano,324.0,324.0,0.0,12,0
controle_motor,j6032_1.sm,E_plano,337.0,337.0,0.0,12,0
controle_motor,j6035_1.sm,E_plano,353.0,353.0,0.0,12,0
controle_motor,j6038_1.sm,E_plano,341.0,341.0,0.0,12,0
controle_motor,j6040_1.sm,E_plano,375.0,375.0,0.0,12,0
controle_motor,j6043_1.sm,E_plano,334.0,334.0,0.0,12,0
controle_motor,j6046_1.sm,E_plano,320.0,320.0,0.0,12,0
controle_motor,j604_1.sm,E_plano,382.0,382.0,0.0,12,0
controle_motor,j607_1.sm,E_plano,336.0,336.0,0.0,12,0
controle_motor,j6010_1.sm,retrabalho_sobre_plano,0.19483185535436354,0.15454784385206674,-0.0402840115022968,12,0
controle_motor,j6013_1.sm,retrabalho_sobre_plano,0.23659944717971296,0.215533493128357,-0.021065954051355956,12,0
controle_motor,j6016_1.sm,retrabalho_sobre_plano,0.23701543804823988,0.17415406630706623,-0.06286137174117365,12,0
controle_motor,j6019_1.sm,retrabalho_sobre_plano,0.19579498550559396,0.14886892203295946,-0.04692606347263453,12,0
controle_motor,j6021_1.sm,retrabalho_sobre_plano,0.23196905137082866,0.16462085320451592,-0.06734819816631273,12,0
controle_motor,j6024_1.sm,retrabalho_sobre_plano,0.19067149125510252,0.12078656218010413,-0.0698849290749984,12,0
controle_motor,j6027_1.sm,retrabalho_sobre_plano,0.16723804627655312,0.12751630793658897,-0.03972173833996415,12,0
controle_motor,j602_1.sm,retrabalho_sobre_plano,0.20309588017671873,0.16488342850845975,-0.03821245166825899,12,0
controle_motor,j6032_1.sm,retrabalho_sobre_plano,0.18640489888780878,0.13986389636860183,-0.04654100251920698,12,0
controle_motor,j6035_1.sm,retrabalho_sobre_plano,0.20058177527169188,0.15525956185709247,-0.04532221341459943,12,0
controle_motor,j6038_1.sm,retrabalho_sobre_plano,0.1907073541196639,0.15489744730327187,-0.03580990681639202,12,0
controle_motor,j6040_1.sm,retrabalho_sobre_plano,0.163384559715726,0.1479674222581304,-0.015417137457595606,12,0
controle_motor,j6043_1.sm,retrabalho_sobre_plano,0.20016446975765464,0.1448249016130098,-0.055339568144644864,12,0
controle_motor,j6046_1.sm,retrabalho_sobre_plano,0.25328379626355824,0.15816748721749982,-0.09511630904605846,12,0
controle_motor,j604_1.sm,retrabalho_sobre_plano,0.213862674210013,0.13769863641633887,-0.07616403779367413,12,0
controle_motor,j607_1.sm,retrabalho_sobre_plano,0.18397464573109187,0.14809117036827577,-0.035883475362816115,12,0
controle_motor,j6010_1.sm,divida_latente_sobre_plano,0.07074724632190828,0.02159718729022458,-0.04915005903168368,12,0
controle_motor,j6013_1.sm,divida_latente_sobre_plano,0.06940626941648785,0.02780184084471048,-0.041604428571777353,12,0
controle_motor,j6016_1.sm,divida_latente_sobre_plano,0.08694026891481406,0.019159306460836127,-0.06778096245397792,12,0
controle_motor,j6019_1.sm,divida_latente_sobre_plano,0.070699750563596,0.013092644841769726,-0.05760710572182626,12,0
controle_motor,j6021_1.sm,divida_latente_sobre_plano,0.06788508984545549,0.020576594545654258,-0.04730849529980124,12,0
controle_motor,j6024_1.sm,divida_latente_sobre_plano,0.07961886043474979,0.019507693477512383,-0.060111166957237415,12,0
controle_motor,j6027_1.sm,divida_latente_sobre_plano,0.06584015259775229,0.017259738277157616,-0.04858041432059468,12,0
controle_motor,j602_1.sm,divida_latente_sobre_plano,0.09613237624980109,0.022685730332344615,-0.07344664591745649,12,0
controle_motor,j6032_1.sm,divida_latente_sobre_plano,0.07595598670947824,0.017501643967062972,-0.05845434274241528,12,0
controle_motor,j6035_1.sm,divida_latente_sobre_plano,0.07966280838688719,0.01753865516155415,-0.06212415322533304,12,0
controle_motor,j6038_1.sm,divida_latente_sobre_plano,0.06726019550232344,0.015995201108455055,-0.05126499439386839,12,0
controle_motor,j6040_1.sm,divida_latente_sobre_plano,0.06242110419746539,0.02032605993153543,-0.04209504426592997,12,0
controle_motor,j6043_1.sm,divida_latente_sobre_plano,0.06408616042223676,0.01824800046122674,-0.04583815996101001,12,0
controle_motor,j6046_1.sm,divida_latente_sobre_plano,0.08088273337392322,0.018494176511805297,-0.06238855686211792,12,0
controle_motor,j604_1.sm,divida_latente_sobre_plano,0.07688270284067023,0.01540251719287159,-0.06148018564779864,12,0
controle_motor,j607_1.sm,divida_latente_sobre_plano,0.07161602462004611,0.019287740819032693,-0.052328283801013425,12,0
controle_motor,j6010_1.sm,retrabalho_sobre_esforco_realizado,0.07809132355993186,0.08458339411815323,0.006492070558221385,12,0
controle_motor,j6013_1.sm,retrabalho_sobre_esforco_realizado,0.09266733466710309,0.1071745634603282,0.014507228793225102,12,0
controle_motor,j6016_1.sm,retrabalho_sobre_esforco_realizado,0.081808104439534,0.08497938136020149,0.0031712769206674687,12,0
controle_motor,j6019_1.sm,retrabalho_sobre_esforco_realizado,0.07368452599238849,0.0793020058226175,0.005617479830229013,12,0
controle_motor,j6021_1.sm,retrabalho_sobre_esforco_realizado,0.09208045215217768,0.0897834107120299,-0.0022970414401477773,12,0
controle_motor,j6024_1.sm,retrabalho_sobre_esforco_realizado,0.07406998433753634,0.0717157014958586,-0.0023542828416777376,12,0
controle_motor,j6027_1.sm,retrabalho_sobre_esforco_realizado,0.07202636268642937,0.07655746322294972,0.00453110053652036,12,0
controle_motor,j602_1.sm,retrabalho_sobre_esforco_realizado,0.07634246507953484,0.08586542074423646,0.009522955664701606,12,0
controle_motor,j6032_1.sm,retrabalho_sobre_esforco_realizado,0.06897891396256846,0.0767781010293717,0.007799187066803236,12,0
controle_motor,j6035_1.sm,retrabalho_sobre_esforco_realizado,0.07478791184251464,0.08295062481711749,0.008162712974602847,12,0
controle_motor,j6038_1.sm,retrabalho_sobre_esforco_realizado,0.07291751062217174,0.08411981462990302,0.01120230400773127,12,0
controle_motor,j6040_1.sm,retrabalho_sobre_esforco_realizado,0.06313164663535838,0.0809992248711166,0.017867578235758227,12,0
controle_motor,j6043_1.sm,retrabalho_sobre_esforco_realizado,0.07629380293245375,0.08818701658185894,0.01189321364940519,12,0
controle_motor,j6046_1.sm,retrabalho_sobre_esforco_realizado,0.09009261518090093,0.0862633000674825,-0.003829315113418411,12,0
controle_motor,j604_1.sm,retrabalho_sobre_esforco_realizado,0.07626720696650707,0.07021407983048202,-0.006053127136025048,12,0
controle_motor,j607_1.sm,retrabalho_sobre_esforco_realizado,0.06883061904732694,0.07864021956519225,0.009809600517865329,12,0
controle_motor,j6010_1.sm,p1_omissao,32.25,20.25,-12.0,12,0
controle_motor,j6013_1.sm,p1_omissao,41.916666666666664,34.25,-7.666666666666667,12,0
controle_motor,j6016_1.sm,p1_omissao,50.666666666666664,30.333333333333332,-20.333333333333332,12,0
controle_motor,j6019_1.sm,p1_omissao,41.333333333333336,20.916666666666668,-20.416666666666668,12,0
controle_motor,j6021_1.sm,p1_omissao,36.5,23.75,-12.75,12,0
controle_motor,j6024_1.sm,p1_omissao,25.083333333333332,9.666666666666666,-15.416666666666666,12,0
controle_motor,j6027_1.sm,p1_omissao,28.0,11.75,-16.25,12,0
controle_motor,j602_1.sm,p1_omissao,41.416666666666664,21.166666666666668,-20.25,12,0
controle_motor,j6032_1.sm,p1_omissao,36.75,12.666666666666666,-24.083333333333332,12,0
controle_motor,j6035_1.sm,p1_omissao,42.666666666666664,19.833333333333332,-22.833333333333332,12,0
controle_motor,j6038_1.sm,p1_omissao,36.25,19.0,-17.25,12,0
controle_motor,j6040_1.sm,p1_omissao,40.833333333333336,21.833333333333332,-19.0,12,0
controle_motor,j6043_1.sm,p1_omissao,30.833333333333332,9.666666666666666,-21.166666666666668,12,0
controle_motor,j6046_1.sm,p1_omissao,43.916666666666664,20.166666666666668,-23.75,12,0
controle_motor,j604_1.sm,p1_omissao,46.833333333333336,25.75,-21.083333333333332,12,0
controle_motor,j607_1.sm,p1_omissao,43.0,19.916666666666668,-23.083333333333332,12,0
controle_motor,j6010_1.sm,p1_fuga,0.0,0.0,0.0,12,0
controle_motor,j6013_1.sm,p1_fuga,0.0,0.0,0.0,12,0
controle_motor,j6016_1.sm,p1_fuga,0.0,0.0,0.0,12,0
controle_motor,j6019_1.sm,p1_fuga,0.0,0.0,0.0,12,0
controle_motor,j6021_1.sm,p1_fuga,0.0,0.0,0.0,12,0
controle_motor,j6024_1.sm,p1_fuga,0.0,0.0,0.0,12,0
controle_motor,j6027_1.sm,p1_fuga,0.0,0.0,0.0,12,0
controle_motor,j602_1.sm,p1_fuga,0.0,0.0,0.0,12,0
controle_motor,j6032_1.sm,p1_fuga,0.0,0.0,0.0,12,0
controle_motor,j6035_1.sm,p1_fuga,0.0,0.0,0.0,12,0
controle_motor,j6038_1.sm,p1_fuga,0.0,0.0,0.0,12,0
controle_motor,j6040_1.sm,p1_fuga,0.0,0.0,0.0,12,0
controle_motor,j6043_1.sm,p1_fuga,0.0,0.0,0.0,12,0
controle_motor,j6046_1.sm,p1_fuga,0.0,0.0,0.0,12,0
controle_motor,j604_1.sm,p1_fuga,0.0,0.0,0.0,12,0
controle_motor,j607_1.sm,p1_fuga,0.0,0.0,0.0,12,0
controle_motor,j6010_1.sm,p2_ajuda,0.0,9.416666666666666,9.416666666666666,12,0
controle_motor,j6013_1.sm,p2_ajuda,0.0,6.333333333333333,6.333333333333333,12,0
controle_motor,j6016_1.sm,p2_ajuda,0.0,9.833333333333334,9.833333333333334,12,0
controle_motor,j6019_1.sm,p2_ajuda,0.0,8.416666666666666,8.416666666666666,12,0
controle_motor,j6021_1.sm,p2_ajuda,0.0,6.583333333333333,6.583333333333333,12,0
controle_motor,j6024_1.sm,p2_ajuda,0.0,8.333333333333334,8.333333333333334,12,0
controle_motor,j6027_1.sm,p2_ajuda,0.0,9.583333333333334,9.583333333333334,12,0
controle_motor,j602_1.sm,p2_ajuda,0.0,9.333333333333334,9.333333333333334,12,0
controle_motor,j6032_1.sm,p2_ajuda,0.0,7.5,7.5,12,0
controle_motor,j6035_1.sm,p2_ajuda,0.0,9.833333333333334,9.833333333333334,12,0
controle_motor,j6038_1.sm,p2_ajuda,0.0,10.333333333333334,10.333333333333334,12,0
controle_motor,j6040_1.sm,p2_ajuda,0.0,8.083333333333334,8.083333333333334,12,0
controle_motor,j6043_1.sm,p2_ajuda,0.0,7.666666666666667,7.666666666666667,12,0
controle_motor,j6046_1.sm,p2_ajuda,0.0,10.666666666666666,10.666666666666666,12,0
controle_motor,j604_1.sm,p2_ajuda,0.0,9.75,9.75,12,0
controle_motor,j607_1.sm,p2_ajuda,0.0,7.416666666666667,7.416666666666667,12,0
controle_motor,j6010_1.sm,p2_bloqueio,120.41666666666667,16.833333333333332,-103.58333333333333,12,0
controle_motor,j6013_1.sm,p2_bloqueio,86.25,8.583333333333334,-77.66666666666667,12,0
controle_motor,j6016_1.sm,p2_bloqueio,128.0,21.25,-106.75,12,0
controle_motor,j6019_1.sm,p2_bloqueio,110.41666666666667,14.583333333333334,-95.83333333333333,12,0
controle_motor,j6021_1.sm,p2_bloqueio,83.83333333333333,7.916666666666667,-75.91666666666667,12,0
controle_motor,j6024_1.sm,p2_bloqueio,114.66666666666667,11.666666666666666,-103.0,12,0
controle_motor,j6027_1.sm,p2_bloqueio,118.08333333333333,17.833333333333332,-100.25,12,0
controle_motor,j602_1.sm,p2_bloqueio,112.83333333333333,21.666666666666668,-91.16666666666667,12,0
controle_motor,j6032_1.sm,p2_bloqueio,143.16666666666666,14.5,-128.66666666666666,12,0
controle_motor,j6035_1.sm,p2_bloqueio,118.0,16.25,-101.75,12,0
controle_motor,j6038_1.sm,p2_bloqueio,116.83333333333333,15.833333333333334,-101.0,12,0
controle_motor,j6040_1.sm,p2_bloqueio,136.75,14.916666666666666,-121.83333333333333,12,0
controle_motor,j6043_1.sm,p2_bloqueio,197.58333333333334,11.5,-186.08333333333334,12,0
controle_motor,j6046_1.sm,p2_bloqueio,149.41666666666666,13.75,-135.66666666666666,12,0
controle_motor,j604_1.sm,p2_bloqueio,148.16666666666666,20.5,-127.66666666666667,12,0
controle_motor,j607_1.sm,p2_bloqueio,135.83333333333334,23.5,-112.33333333333333,12,0
controle_motor,j6010_1.sm,p3_analitica,27.75,39.75,12.0,12,0
controle_motor,j6013_1.sm,p3_analitica,18.083333333333332,25.75,7.666666666666667,12,0
controle_motor,j6016_1.sm,p3_analitica,9.333333333333334,29.666666666666668,20.333333333333332,12,0
controle_motor,j6019_1.sm,p3_analitica,18.666666666666668,39.083333333333336,20.416666666666668,12,0
controle_motor,j6021_1.sm,p3_analitica,23.5,36.25,12.75,12,0
controle_motor,j6024_1.sm,p3_analitica,34.916666666666664,50.333333333333336,15.416666666666666,12,0
controle_motor,j6027_1.sm,p3_analitica,32.0,48.25,16.25,12,0
controle_motor,j602_1.sm,p3_analitica,18.583333333333332,38.833333333333336,20.25,12,0
controle_motor,j6032_1.sm,p3_analitica,23.25,47.333333333333336,24.083333333333332,12,0
controle_motor,j6035_1.sm,p3_analitica,17.333333333333332,40.166666666666664,22.833333333333332,12,0
controle_motor,j6038_1.sm,p3_analitica,23.75,41.0,17.25,12,0
controle_motor,j6040_1.sm,p3_analitica,19.166666666666668,38.166666666666664,19.0,12,0
controle_motor,j6043_1.sm,p3_analitica,29.166666666666668,50.333333333333336,21.166666666666668,12,0
controle_motor,j6046_1.sm,p3_analitica,16.083333333333332,39.833333333333336,23.75,12,0
controle_motor,j604_1.sm,p3_analitica,13.166666666666666,34.25,21.083333333333332,12,0
controle_motor,j607_1.sm,p3_analitica,17.0,40.083333333333336,23.083333333333332,12,0
controle_motor,j6010_1.sm,hiato_encontrado,120.41666666666667,26.25,-94.16666666666667,12,0
controle_motor,j6013_1.sm,hiato_encontrado,86.25,14.916666666666666,-71.33333333333333,12,0
controle_motor,j6016_1.sm,hiato_encontrado,128.0,31.083333333333332,-96.91666666666667,12,0
controle_motor,j6019_1.sm,hiato_encontrado,110.41666666666667,23.0,-87.41666666666667,12,0
controle_motor,j6021_1.sm,hiato_encontrado,83.83333333333333,14.5,-69.33333333333333,12,0
controle_motor,j6024_1.sm,hiato_encontrado,114.66666666666667,20.0,-94.66666666666667,12,0
controle_motor,j6027_1.sm,hiato_encontrado,118.08333333333333,27.416666666666668,-90.66666666666667,12,0
controle_motor,j602_1.sm,hiato_encontrado,112.83333333333333,31.0,-81.83333333333333,12,0
controle_motor,j6032_1.sm,hiato_encontrado,143.16666666666666,22.0,-121.16666666666667,12,0
controle_motor,j6035_1.sm,hiato_encontrado,118.0,26.083333333333332,-91.91666666666667,12,0
controle_motor,j6038_1.sm,hiato_encontrado,116.83333333333333,26.166666666666668,-90.66666666666667,12,0
controle_motor,j6040_1.sm,hiato_encontrado,136.75,23.0,-113.75,12,0
controle_motor,j6043_1.sm,hiato_encontrado,197.58333333333334,19.166666666666668,-178.41666666666666,12,0
controle_motor,j6046_1.sm,hiato_encontrado,149.41666666666666,24.416666666666668,-125.0,12,0
controle_motor,j604_1.sm,hiato_encontrado,148.16666666666666,30.25,-117.91666666666667,12,0
controle_motor,j607_1.sm,hiato_encontrado,135.83333333333334,30.916666666666668,-104.91666666666667,12,0
controle_motor,j6010_1.sm,hiato_sem_colega_capaz,40.416666666666664,16.833333333333332,-23.583333333333332,12,0
controle_motor,j6013_1.sm,hiato_sem_colega_capaz,21.833333333333332,8.583333333333334,-13.25,12,0
controle_motor,j6016_1.sm,hiato_sem_colega_capaz,47.666666666666664,21.25,-26.416666666666668,12,0
controle_motor,j6019_1.sm,hiato_sem_colega_capaz,47.75,14.583333333333334,-33.166666666666664,12,0
controle_motor,j6021_1.sm,hiato_sem_colega_capaz,21.916666666666668,7.916666666666667,-14.0,12,0
controle_motor,j6024_1.sm,hiato_sem_colega_capaz,41.333333333333336,11.666666666666666,-29.666666666666668,12,0
controle_motor,j6027_1.sm,hiato_sem_colega_capaz,37.166666666666664,17.833333333333332,-19.333333333333332,12,0
controle_motor,j602_1.sm,hiato_sem_colega_capaz,45.5,21.666666666666668,-23.833333333333332,12,0
controle_motor,j6032_1.sm,hiato_sem_colega_capaz,56.583333333333336,14.5,-42.083333333333336,12,0
controle_motor,j6035_1.sm,hiato_sem_colega_capaz,44.0,16.25,-27.75,12,0
controle_motor,j6038_1.sm,hiato_sem_colega_capaz,45.166666666666664,15.833333333333334,-29.333333333333332,12,0
controle_motor,j6040_1.sm,hiato_sem_colega_capaz,53.083333333333336,14.916666666666666,-38.166666666666664,12,0
controle_motor,j6043_1.sm,hiato_sem_colega_capaz,53.416666666666664,11.5,-41.916666666666664,12,0
controle_motor,j6046_1.sm,hiato_sem_colega_capaz,44.5,13.75,-30.75,12,0
controle_motor,j604_1.sm,hiato_sem_colega_capaz,62.25,20.5,-41.75,12,0
controle_motor,j607_1.sm,hiato_sem_colega_capaz,54.916666666666664,23.5,-31.416666666666668,12,0
controle_motor,j6010_1.sm,hiato_sem_colega_livre,7.5,6.666666666666667,-0.8333333333333334,12,0
controle_motor,j6013_1.sm,hiato_sem_colega_livre,0.0,1.5,1.5,12,0
controle_motor,j6016_1.sm,hiato_sem_colega_livre,11.416666666666666,10.916666666666666,-0.5,12,0
controle_motor,j6019_1.sm,hiato_sem_colega_livre,20.916666666666668,5.833333333333333,-15.083333333333334,12,0
controle_motor,j6021_1.sm,hiato_sem_colega_livre,0.4166666666666667,0.9166666666666666,0.5,12,0
controle_motor,j6024_1.sm,hiato_sem_colega_livre,10.916666666666666,2.75,-8.166666666666666,12,0
controle_motor,j6027_1.sm,hiato_sem_colega_livre,4.166666666666667,7.416666666666667,3.25,12,0
controle_motor,j602_1.sm,hiato_sem_colega_livre,17.833333333333332,12.083333333333334,-5.75,12,0
controle_motor,j6032_1.sm,hiato_sem_colega_livre,16.916666666666668,6.5,-10.416666666666666,12,0
controle_motor,j6035_1.sm,hiato_sem_colega_livre,16.5,5.833333333333333,-10.666666666666666,12,0
controle_motor,j6038_1.sm,hiato_sem_colega_livre,15.416666666666666,5.083333333333333,-10.333333333333334,12,0
controle_motor,j6040_1.sm,hiato_sem_colega_livre,17.166666666666668,6.166666666666667,-11.0,12,0
controle_motor,j6043_1.sm,hiato_sem_colega_livre,1.1666666666666667,3.4166666666666665,2.25,12,0
controle_motor,j6046_1.sm,hiato_sem_colega_livre,1.0833333333333333,2.5833333333333335,1.5,12,0
controle_motor,j604_1.sm,hiato_sem_colega_livre,22.166666666666668,10.083333333333334,-12.083333333333334,12,0
controle_motor,j607_1.sm,hiato_sem_colega_livre,18.583333333333332,15.75,-2.8333333333333335,12,0
controle_motor,j6010_1.sm,hiato_colega_capaz_sem_confianca,80.0,0.0,-80.0,12,0
controle_motor,j6013_1.sm,hiato_colega_capaz_sem_confianca,64.41666666666667,0.0,-64.41666666666667,12,0
controle_motor,j6016_1.sm,hiato_colega_capaz_sem_confianca,80.33333333333333,0.0,-80.33333333333333,12,0
controle_motor,j6019_1.sm,hiato_colega_capaz_sem_confianca,62.666666666666664,0.0,-62.666666666666664,12,0
controle_motor,j6021_1.sm,hiato_colega_capaz_sem_confianca,61.916666666666664,0.0,-61.916666666666664,12,0
controle_motor,j6024_1.sm,hiato_colega_capaz_sem_confianca,73.33333333333333,0.0,-73.33333333333333,12,0
controle_motor,j6027_1.sm,hiato_colega_capaz_sem_confianca,80.91666666666667,0.0,-80.91666666666667,12,0
controle_motor,j602_1.sm,hiato_colega_capaz_sem_confianca,67.33333333333333,0.0,-67.33333333333333,12,0
controle_motor,j6032_1.sm,hiato_colega_capaz_sem_confianca,86.58333333333333,0.0,-86.58333333333333,12,0
controle_motor,j6035_1.sm,hiato_colega_capaz_sem_confianca,74.0,0.0,-74.0,12,0
controle_motor,j6038_1.sm,hiato_colega_capaz_sem_confianca,71.66666666666667,0.0,-71.66666666666667,12,0
controle_motor,j6040_1.sm,hiato_colega_capaz_sem_confianca,83.66666666666667,0.0,-83.66666666666667,12,0
controle_motor,j6043_1.sm,hiato_colega_capaz_sem_confianca,144.16666666666666,0.0,-144.16666666666666,12,0
controle_motor,j6046_1.sm,hiato_colega_capaz_sem_confianca,104.91666666666667,0.0,-104.91666666666667,12,0
controle_motor,j604_1.sm,hiato_colega_capaz_sem_confianca,85.91666666666667,0.0,-85.91666666666667,12,0
controle_motor,j607_1.sm,hiato_colega_capaz_sem_confianca,80.91666666666667,0.0,-80.91666666666667,12,0
controle_motor,j6010_1.sm,competencia_maxima_inicial,0.6784269160974062,0.6784269160974062,0.0,12,0
controle_motor,j6013_1.sm,competencia_maxima_inicial,0.6784269160974062,0.6784269160974062,0.0,12,0
controle_motor,j6016_1.sm,competencia_maxima_inicial,0.6784269160974062,0.6784269160974062,0.0,12,0
controle_motor,j6019_1.sm,competencia_maxima_inicial,0.6784269160974062,0.6784269160974062,0.0,12,0
controle_motor,j6021_1.sm,competencia_maxima_inicial,0.6784269160974062,0.6784269160974062,0.0,12,0
controle_motor,j6024_1.sm,competencia_maxima_inicial,0.6784269160974062,0.6784269160974062,0.0,12,0
controle_motor,j6027_1.sm,competencia_maxima_inicial,0.6784269160974062,0.6784269160974062,0.0,12,0
controle_motor,j602_1.sm,competencia_maxima_inicial,0.6784269160974062,0.6784269160974062,0.0,12,0
controle_motor,j6032_1.sm,competencia_maxima_inicial,0.6784269160974062,0.6784269160974062,0.0,12,0
controle_motor,j6035_1.sm,competencia_maxima_inicial,0.6784269160974062,0.6784269160974062,0.0,12,0
controle_motor,j6038_1.sm,competencia_maxima_inicial,0.6784269160974062,0.6784269160974062,0.0,12,0
controle_motor,j6040_1.sm,competencia_maxima_inicial,0.6784269160974062,0.6784269160974062,0.0,12,0
controle_motor,j6043_1.sm,competencia_maxima_inicial,0.6784269160974062,0.6784269160974062,0.0,12,0
controle_motor,j6046_1.sm,competencia_maxima_inicial,0.6784269160974062,0.6784269160974062,0.0,12,0
controle_motor,j604_1.sm,competencia_maxima_inicial,0.6784269160974062,0.6784269160974062,0.0,12,0
controle_motor,j607_1.sm,competencia_maxima_inicial,0.6784269160974062,0.6784269160974062,0.0,12,0
controle_motor,j6010_1.sm,competencia_minima_inicial,0.36053696648776334,0.36053696648776334,0.0,12,0
controle_motor,j6013_1.sm,competencia_minima_inicial,0.36053696648776334,0.36053696648776334,0.0,12,0
controle_motor,j6016_1.sm,competencia_minima_inicial,0.36053696648776334,0.36053696648776334,0.0,12,0
controle_motor,j6019_1.sm,competencia_minima_inicial,0.36053696648776334,0.36053696648776334,0.0,12,0
controle_motor,j6021_1.sm,competencia_minima_inicial,0.36053696648776334,0.36053696648776334,0.0,12,0
controle_motor,j6024_1.sm,competencia_minima_inicial,0.36053696648776334,0.36053696648776334,0.0,12,0
controle_motor,j6027_1.sm,competencia_minima_inicial,0.36053696648776334,0.36053696648776334,0.0,12,0
controle_motor,j602_1.sm,competencia_minima_inicial,0.36053696648776334,0.36053696648776334,0.0,12,0
controle_motor,j6032_1.sm,competencia_minima_inicial,0.36053696648776334,0.36053696648776334,0.0,12,0
controle_motor,j6035_1.sm,competencia_minima_inicial,0.36053696648776334,0.36053696648776334,0.0,12,0
controle_motor,j6038_1.sm,competencia_minima_inicial,0.36053696648776334,0.36053696648776334,0.0,12,0
controle_motor,j6040_1.sm,competencia_minima_inicial,0.36053696648776334,0.36053696648776334,0.0,12,0
controle_motor,j6043_1.sm,competencia_minima_inicial,0.36053696648776334,0.36053696648776334,0.0,12,0
controle_motor,j6046_1.sm,competencia_minima_inicial,0.36053696648776334,0.36053696648776334,0.0,12,0
controle_motor,j604_1.sm,competencia_minima_inicial,0.36053696648776334,0.36053696648776334,0.0,12,0
controle_motor,j607_1.sm,competencia_minima_inicial,0.36053696648776334,0.36053696648776334,0.0,12,0
controle_motor,j6010_1.sm,tarefas_acima_da_competencia_maxima_inicial,11.583333333333334,11.583333333333334,0.0,12,0
controle_motor,j6013_1.sm,tarefas_acima_da_competencia_maxima_inicial,16.333333333333332,16.333333333333332,0.0,12,0
controle_motor,j6016_1.sm,tarefas_acima_da_competencia_maxima_inicial,19.083333333333332,19.083333333333332,0.0,12,0
controle_motor,j6019_1.sm,tarefas_acima_da_competencia_maxima_inicial,13.666666666666666,13.666666666666666,0.0,12,0
controle_motor,j6021_1.sm,tarefas_acima_da_competencia_maxima_inicial,13.5,13.5,0.0,12,0
controle_motor,j6024_1.sm,tarefas_acima_da_competencia_maxima_inicial,9.416666666666666,9.416666666666666,0.0,12,0
controle_motor,j6027_1.sm,tarefas_acima_da_competencia_maxima_inicial,15.75,15.75,0.0,12,0
controle_motor,j602_1.sm,tarefas_acima_da_competencia_maxima_inicial,12.25,12.25,0.0,12,0
controle_motor,j6032_1.sm,tarefas_acima_da_competencia_maxima_inicial,10.416666666666666,10.416666666666666,0.0,12,0
controle_motor,j6035_1.sm,tarefas_acima_da_competencia_maxima_inicial,17.666666666666668,17.666666666666668,0.0,12,0
controle_motor,j6038_1.sm,tarefas_acima_da_competencia_maxima_inicial,11.833333333333334,11.833333333333334,0.0,12,0
controle_motor,j6040_1.sm,tarefas_acima_da_competencia_maxima_inicial,16.083333333333332,16.083333333333332,0.0,12,0
controle_motor,j6043_1.sm,tarefas_acima_da_competencia_maxima_inicial,16.416666666666668,16.416666666666668,0.0,12,0
controle_motor,j6046_1.sm,tarefas_acima_da_competencia_maxima_inicial,22.166666666666668,22.166666666666668,0.0,12,0
controle_motor,j604_1.sm,tarefas_acima_da_competencia_maxima_inicial,16.083333333333332,16.083333333333332,0.0,12,0
controle_motor,j607_1.sm,tarefas_acima_da_competencia_maxima_inicial,10.416666666666666,10.416666666666666,0.0,12,0
controle_motor,j6010_1.sm,n_tarefas,60.0,60.0,0.0,12,0
controle_motor,j6013_1.sm,n_tarefas,60.0,60.0,0.0,12,0
controle_motor,j6016_1.sm,n_tarefas,60.0,60.0,0.0,12,0
controle_motor,j6019_1.sm,n_tarefas,60.0,60.0,0.0,12,0
controle_motor,j6021_1.sm,n_tarefas,60.0,60.0,0.0,12,0
controle_motor,j6024_1.sm,n_tarefas,60.0,60.0,0.0,12,0
controle_motor,j6027_1.sm,n_tarefas,60.0,60.0,0.0,12,0
controle_motor,j602_1.sm,n_tarefas,60.0,60.0,0.0,12,0
controle_motor,j6032_1.sm,n_tarefas,60.0,60.0,0.0,12,0
controle_motor,j6035_1.sm,n_tarefas,60.0,60.0,0.0,12,0
controle_motor,j6038_1.sm,n_tarefas,60.0,60.0,0.0,12,0
controle_motor,j6040_1.sm,n_tarefas,60.0,60.0,0.0,12,0
controle_motor,j6043_1.sm,n_tarefas,60.0,60.0,0.0,12,0
controle_motor,j6046_1.sm,n_tarefas,60.0,60.0,0.0,12,0
controle_motor,j604_1.sm,n_tarefas,60.0,60.0,0.0,12,0
controle_motor,j607_1.sm,n_tarefas,60.0,60.0,0.0,12,0
controle_motor,j6010_1.sm,competencia_maxima_final,0.6784269160974062,0.9326040594017629,0.25417714330435665,12,0
controle_motor,j6013_1.sm,competencia_maxima_final,0.6784269160974062,0.8355047970805362,0.15707788098313005,12,0
controle_motor,j6016_1.sm,competencia_maxima_final,0.6784269160974062,0.9157391721750056,0.2373122560775991,12,0
controle_motor,j6019_1.sm,competencia_maxima_final,0.6784269160974062,0.8754434348218153,0.19701651872440906,12,0
controle_motor,j6021_1.sm,competencia_maxima_final,0.6784269160974062,0.8395254738652208,0.1610985577678145,12,0
controle_motor,j6024_1.sm,competencia_maxima_final,0.6784269160974062,0.849003408926562,0.17057649282915563,12,0
controle_motor,j6027_1.sm,competencia_maxima_final,0.6784269160974062,0.9542468473543232,0.2758199312569169,12,0
controle_motor,j602_1.sm,competencia_maxima_final,0.6784269160974062,0.9423307485519029,0.2639038324544966,12,0
controle_motor,j6032_1.sm,competencia_maxima_final,0.6784269160974062,0.821465592517745,0.1430386764203387,12,0
controle_motor,j6035_1.sm,competencia_maxima_final,0.6784269160974062,0.909083183739326,0.23065626764191963,12,0
controle_motor,j6038_1.sm,competencia_maxima_final,0.6784269160974062,0.9651927384667678,0.28676582236936127,12,0
controle_motor,j6040_1.sm,competencia_maxima_final,0.6784269160974062,0.8814059519577864,0.2029790358603801,12,0
controle_motor,j6043_1.sm,competencia_maxima_final,0.6784269160974062,0.8710335097902617,0.19260659369285557,12,0
controle_motor,j6046_1.sm,competencia_maxima_final,0.6784269160974062,0.92457527668242,0.24614836058501374,12,0
controle_motor,j604_1.sm,competencia_maxima_final,0.6784269160974062,0.9142647517715333,0.23583783567412694,12,0
controle_motor,j607_1.sm,competencia_maxima_final,0.6784269160974062,0.8890196584083235,0.21059274231091726,12,0
controle_motor,j6010_1.sm,atraso_relativo,2.657843137254902,1.769607843137255,-0.8882352941176471,12,0
controle_motor,j6013_1.sm,atraso_relativo,4.596618357487923,3.532608695652174,-1.0640096618357489,12,0
controle_motor,j6016_1.sm,atraso_relativo,3.5924479166666665,2.2330729166666665,-1.359375,12,0
controle_motor,j6019_1.sm,atraso_relativo,3.678763440860216,2.2244623655913975,-1.454301075268817,12,0
controle_motor,j6021_1.sm,atraso_relativo,3.9890350877192984,2.7642543859649122,-1.224780701754386,12,0
controle_motor,j6024_1.sm,atraso_relativo,2.796153846153846,1.648717948717949,-1.1474358974358974,12,0
controle_motor,j6027_1.sm,atraso_relativo,2.477430555555556,1.626736111111111,-0.8506944444444443,12,0
controle_motor,j602_1.sm,atraso_relativo,3.3512820512820514,1.9794871794871796,-1.3717948717948716,12,0
controle_motor,j6032_1.sm,atraso_relativo,2.9444444444444446,1.8019323671497585,-1.142512077294686,12,0
controle_motor,j6035_1.sm,atraso_relativo,3.138888888888889,1.865384615384615,-1.2735042735042734,12,0
controle_motor,j6038_1.sm,atraso_relativo,2.987442922374429,1.9920091324200915,-0.9954337899543378,12,0
controle_motor,j6040_1.sm,atraso_relativo,2.6201550387596897,1.701550387596899,-0.9186046511627906,12,0
controle_motor,j6043_1.sm,atraso_relativo,2.425154320987654,1.5524691358024691,-0.8726851851851851,12,0
controle_motor,j6046_1.sm,atraso_relativo,3.1709401709401708,2.097222222222222,-1.0737179487179487,12,0
controle_motor,j604_1.sm,atraso_relativo,2.8125,1.8124999999999998,-1.0000000000000002,12,0
controle_motor,j607_1.sm,atraso_relativo,2.9134199134199137,1.7738095238095237,-1.1396103896103897,12,0
controle_motor,j6010_1.sm,tarefas_pendentes,0.0,0.0,0.0,12,0
controle_motor,j6013_1.sm,tarefas_pendentes,0.0,0.0,0.0,12,0
controle_motor,j6016_1.sm,tarefas_pendentes,0.0,0.0,0.0,12,0
controle_motor,j6019_1.sm,tarefas_pendentes,0.0,0.0,0.0,12,0
controle_motor,j6021_1.sm,tarefas_pendentes,0.0,0.0,0.0,12,0
controle_motor,j6024_1.sm,tarefas_pendentes,0.0,0.0,0.0,12,0
controle_motor,j6027_1.sm,tarefas_pendentes,0.0,0.0,0.0,12,0
controle_motor,j602_1.sm,tarefas_pendentes,0.0,0.0,0.0,12,0
controle_motor,j6032_1.sm,tarefas_pendentes,0.0,0.0,0.0,12,0
controle_motor,j6035_1.sm,tarefas_pendentes,0.0,0.0,0.0,12,0
controle_motor,j6038_1.sm,tarefas_pendentes,0.0,0.0,0.0,12,0
controle_motor,j6040_1.sm,tarefas_pendentes,0.0,0.0,0.0,12,0
controle_motor,j6043_1.sm,tarefas_pendentes,0.0,0.0,0.0,12,0
controle_motor,j6046_1.sm,tarefas_pendentes,0.0,0.0,0.0,12,0
controle_motor,j604_1.sm,tarefas_pendentes,0.0,0.0,0.0,12,0
controle_motor,j607_1.sm,tarefas_pendentes,0.0,0.0,0.0,12,0
controle_motor,j6010_1.sm,dividas_pendentes,0.0,0.0,0.0,12,0
controle_motor,j6013_1.sm,dividas_pendentes,0.0,0.0,0.0,12,0
controle_motor,j6016_1.sm,dividas_pendentes,0.0,0.0,0.0,12,0
controle_motor,j6019_1.sm,dividas_pendentes,0.0,0.0,0.0,12,0
controle_motor,j6021_1.sm,dividas_pendentes,0.0,0.0,0.0,12,0
controle_motor,j6024_1.sm,dividas_pendentes,0.0,0.0,0.0,12,0
controle_motor,j6027_1.sm,dividas_pendentes,0.0,0.0,0.0,12,0
controle_motor,j602_1.sm,dividas_pendentes,0.0,0.0,0.0,12,0
controle_motor,j6032_1.sm,dividas_pendentes,0.0,0.0,0.0,12,0
controle_motor,j6035_1.sm,dividas_pendentes,0.0,0.0,0.0,12,0
controle_motor,j6038_1.sm,dividas_pendentes,0.0,0.0,0.0,12,0
controle_motor,j6040_1.sm,dividas_pendentes,0.0,0.0,0.0,12,0
controle_motor,j6043_1.sm,dividas_pendentes,0.0,0.0,0.0,12,0
controle_motor,j6046_1.sm,dividas_pendentes,0.0,0.0,0.0,12,0
controle_motor,j604_1.sm,dividas_pendentes,0.0,0.0,0.0,12,0
controle_motor,j607_1.sm,dividas_pendentes,0.0,0.0,0.0,12,0
controle_motor,j6010_1.sm,retrabalho_gerado,62.930689279459436,49.91895356421757,-13.011735715241867,12,0
controle_motor,j6013_1.sm,retrabalho_gerado,80.4438120411024,73.28138766364138,-7.162424377461022,12,0
controle_motor,j6016_1.sm,retrabalho_gerado,86.51063488760757,63.56623420207918,-22.944400685528382,12,0
controle_motor,j6019_1.sm,retrabalho_gerado,65.78711512987957,50.01995780307437,-15.767157326805199,12,0
controle_motor,j6021_1.sm,retrabalho_gerado,77.01372505511512,54.654123263899294,-22.359601791215827,12,0
controle_motor,j6024_1.sm,retrabalho_gerado,54.15070351644911,34.303383659149574,-19.847319857299542,12,0
controle_motor,j6027_1.sm,retrabalho_gerado,57.86436401168738,44.12064254605979,-13.743721465627592,12,0
controle_motor,j602_1.sm,retrabalho_gerado,65.80306517725687,53.42223083674096,-12.38083434051591,12,0
controle_motor,j6032_1.sm,retrabalho_gerado,62.81845092519156,47.13413307621881,-15.684317848972748,12,0
controle_motor,j6035_1.sm,retrabalho_gerado,70.80536667090725,54.80662533555363,-15.998741335353605,12,0
controle_motor,j6038_1.sm,retrabalho_gerado,65.0312077548054,52.82002953041572,-12.211178224389682,12,0
controle_motor,j6040_1.sm,retrabalho_gerado,61.26920989339724,55.4877833467989,-5.781426546598347,12,0
controle_motor,j6043_1.sm,retrabalho_gerado,66.85493289905665,48.37151713874527,-18.48341576031138,12,0
controle_motor,j6046_1.sm,retrabalho_gerado,81.05081480433864,50.61359590959993,-30.43721889473871,12,0
controle_motor,j604_1.sm,retrabalho_gerado,81.69554154822497,52.60087911104145,-29.09466243718352,12,0
controle_motor,j607_1.sm,retrabalho_gerado,61.81548096564688,49.75863324374066,-12.056847721906214,12,0
controle_motor,j6010_1.sm,retrabalho_pendente,0.0,0.0,0.0,12,0
controle_motor,j6013_1.sm,retrabalho_pendente,0.0,0.0,0.0,12,0
controle_motor,j6016_1.sm,retrabalho_pendente,0.0,0.0,0.0,12,0
controle_motor,j6019_1.sm,retrabalho_pendente,0.0,0.0,0.0,12,0
controle_motor,j6021_1.sm,retrabalho_pendente,0.0,0.0,0.0,12,0
controle_motor,j6024_1.sm,retrabalho_pendente,0.0,0.0,0.0,12,0
controle_motor,j6027_1.sm,retrabalho_pendente,0.0,0.0,0.0,12,0
controle_motor,j602_1.sm,retrabalho_pendente,0.0,0.0,0.0,12,0
controle_motor,j6032_1.sm,retrabalho_pendente,0.0,0.0,0.0,12,0
controle_motor,j6035_1.sm,retrabalho_pendente,0.0,0.0,0.0,12,0
controle_motor,j6038_1.sm,retrabalho_pendente,0.0,0.0,0.0,12,0
controle_motor,j6040_1.sm,retrabalho_pendente,0.0,0.0,0.0,12,0
controle_motor,j6043_1.sm,retrabalho_pendente,0.0,0.0,0.0,12,0
controle_motor,j6046_1.sm,retrabalho_pendente,0.0,0.0,0.0,12,0
controle_motor,j604_1.sm,retrabalho_pendente,0.0,0.0,0.0,12,0
controle_motor,j607_1.sm,retrabalho_pendente,0.0,0.0,0.0,12,0
controle_motor,j6010_1.sm,ocupacao_retrabalho,0.0,0.0,0.0,12,0
controle_motor,j6013_1.sm,ocupacao_retrabalho,0.0,0.0,0.0,12,0
controle_motor,j6016_1.sm,ocupacao_retrabalho,0.0,0.0,0.0,12,0
controle_motor,j6019_1.sm,ocupacao_retrabalho,0.0,0.0,0.0,12,0
controle_motor,j6021_1.sm,ocupacao_retrabalho,0.0,0.0,0.0,12,0
controle_motor,j6024_1.sm,ocupacao_retrabalho,0.0,0.0,0.0,12,0
controle_motor,j6027_1.sm,ocupacao_retrabalho,0.0,0.0,0.0,12,0
controle_motor,j602_1.sm,ocupacao_retrabalho,0.0,0.0,0.0,12,0
controle_motor,j6032_1.sm,ocupacao_retrabalho,0.0,0.0,0.0,12,0
controle_motor,j6035_1.sm,ocupacao_retrabalho,0.0,0.0,0.0,12,0
controle_motor,j6038_1.sm,ocupacao_retrabalho,0.0,0.0,0.0,12,0
controle_motor,j6040_1.sm,ocupacao_retrabalho,0.0,0.0,0.0,12,0
controle_motor,j6043_1.sm,ocupacao_retrabalho,0.0,0.0,0.0,12,0
controle_motor,j6046_1.sm,ocupacao_retrabalho,0.0,0.0,0.0,12,0
controle_motor,j604_1.sm,ocupacao_retrabalho,0.0,0.0,0.0,12,0
controle_motor,j607_1.sm,ocupacao_retrabalho,0.0,0.0,0.0,12,0
controle_motor,j6010_1.sm,extensoes_horizonte,0.0,0.0,0.0,12,0
controle_motor,j6013_1.sm,extensoes_horizonte,0.0,0.0,0.0,12,0
controle_motor,j6016_1.sm,extensoes_horizonte,0.0,0.0,0.0,12,0
controle_motor,j6019_1.sm,extensoes_horizonte,0.0,0.0,0.0,12,0
controle_motor,j6021_1.sm,extensoes_horizonte,0.0,0.0,0.0,12,0
controle_motor,j6024_1.sm,extensoes_horizonte,0.0,0.0,0.0,12,0
controle_motor,j6027_1.sm,extensoes_horizonte,0.0,0.0,0.0,12,0
controle_motor,j602_1.sm,extensoes_horizonte,0.0,0.0,0.0,12,0
controle_motor,j6032_1.sm,extensoes_horizonte,0.0,0.0,0.0,12,0
controle_motor,j6035_1.sm,extensoes_horizonte,0.0,0.0,0.0,12,0
controle_motor,j6038_1.sm,extensoes_horizonte,0.0,0.0,0.0,12,0
controle_motor,j6040_1.sm,extensoes_horizonte,0.0,0.0,0.0,12,0
controle_motor,j6043_1.sm,extensoes_horizonte,0.0,0.0,0.0,12,0
controle_motor,j6046_1.sm,extensoes_horizonte,0.0,0.0,0.0,12,0
controle_motor,j604_1.sm,extensoes_horizonte,0.0,0.0,0.0,12,0
controle_motor,j607_1.sm,extensoes_horizonte,0.0,0.0,0.0,12,0
controle_motor,j6010_1.sm,confianca_media_final,0.25,0.7999999999999999,0.5499999999999999,12,0
controle_motor,j6013_1.sm,confianca_media_final,0.25,0.7999999999999999,0.5499999999999999,12,0
controle_motor,j6016_1.sm,confianca_media_final,0.25,0.7999999999999999,0.5499999999999999,12,0
controle_motor,j6019_1.sm,confianca_media_final,0.25,0.7999999999999999,0.5499999999999999,12,0
controle_motor,j6021_1.sm,confianca_media_final,0.25,0.7999999999999999,0.5499999999999999,12,0
controle_motor,j6024_1.sm,confianca_media_final,0.25,0.7999999999999999,0.5499999999999999,12,0
controle_motor,j6027_1.sm,confianca_media_final,0.25,0.7999999999999999,0.5499999999999999,12,0
controle_motor,j602_1.sm,confianca_media_final,0.25,0.7999999999999999,0.5499999999999999,12,0
controle_motor,j6032_1.sm,confianca_media_final,0.25,0.7999999999999999,0.5499999999999999,12,0
controle_motor,j6035_1.sm,confianca_media_final,0.25,0.7999999999999999,0.5499999999999999,12,0
controle_motor,j6038_1.sm,confianca_media_final,0.25,0.7999999999999999,0.5499999999999999,12,0
controle_motor,j6040_1.sm,confianca_media_final,0.25,0.7999999999999999,0.5499999999999999,12,0
controle_motor,j6043_1.sm,confianca_media_final,0.25,0.7999999999999999,0.5499999999999999,12,0
controle_motor,j6046_1.sm,confianca_media_final,0.25,0.7999999999999999,0.5499999999999999,12,0
controle_motor,j604_1.sm,confianca_media_final,0.25,0.7999999999999999,0.5499999999999999,12,0
controle_motor,j607_1.sm,confianca_media_final,0.25,0.7999999999999999,0.5499999999999999,12,0
controle_motor_auto,j6010_1.sm,concluiu,1.0,1.0,0.0,12,0
controle_motor_auto,j6013_1.sm,concluiu,1.0,1.0,0.0,12,0
controle_motor_auto,j6016_1.sm,concluiu,1.0,1.0,0.0,12,0
controle_motor_auto,j6019_1.sm,concluiu,1.0,1.0,0.0,12,0
controle_motor_auto,j6021_1.sm,concluiu,1.0,1.0,0.0,12,0
controle_motor_auto,j6024_1.sm,concluiu,1.0,1.0,0.0,12,0
controle_motor_auto,j6027_1.sm,concluiu,1.0,1.0,0.0,12,0
controle_motor_auto,j602_1.sm,concluiu,1.0,1.0,0.0,12,0
controle_motor_auto,j6032_1.sm,concluiu,1.0,1.0,0.0,12,0
controle_motor_auto,j6035_1.sm,concluiu,1.0,1.0,0.0,12,0
controle_motor_auto,j6038_1.sm,concluiu,1.0,1.0,0.0,12,0
controle_motor_auto,j6040_1.sm,concluiu,1.0,1.0,0.0,12,0
controle_motor_auto,j6043_1.sm,concluiu,1.0,1.0,0.0,12,0
controle_motor_auto,j6046_1.sm,concluiu,1.0,1.0,0.0,12,0
controle_motor_auto,j604_1.sm,concluiu,1.0,1.0,0.0,12,0
controle_motor_auto,j607_1.sm,concluiu,1.0,1.0,0.0,12,0
controle_motor_auto,j6010_1.sm,makespan,225.91666666666666,150.41666666666666,-75.5,12,0
controle_motor_auto,j6013_1.sm,makespan,317.1666666666667,243.75,-73.41666666666667,12,0
controle_motor_auto,j6016_1.sm,makespan,229.91666666666666,142.91666666666666,-87.0,12,0
controle_motor_auto,j6019_1.sm,makespan,228.08333333333334,137.91666666666666,-90.16666666666667,12,0
controle_motor_auto,j6021_1.sm,makespan,303.1666666666667,210.08333333333334,-93.08333333333333,12,0
controle_motor_auto,j6024_1.sm,makespan,181.75,107.16666666666667,-74.58333333333333,12,0
controle_motor_auto,j6027_1.sm,makespan,237.83333333333334,156.16666666666666,-81.66666666666667,12,0
controle_motor_auto,j602_1.sm,makespan,217.83333333333334,128.66666666666666,-89.16666666666667,12,0
controle_motor_auto,j6032_1.sm,makespan,203.16666666666666,124.33333333333333,-78.83333333333333,12,0
controle_motor_auto,j6035_1.sm,makespan,244.83333333333334,145.5,-99.33333333333333,12,0
controle_motor_auto,j6038_1.sm,makespan,218.08333333333334,145.41666666666666,-72.66666666666667,12,0
controle_motor_auto,j6040_1.sm,makespan,225.33333333333334,146.33333333333334,-79.0,12,0
controle_motor_auto,j6043_1.sm,makespan,261.9166666666667,167.66666666666666,-94.25,12,0
controle_motor_auto,j6046_1.sm,makespan,247.33333333333334,163.58333333333334,-83.75,12,0
controle_motor_auto,j604_1.sm,makespan,236.25,152.25,-84.0,12,0
controle_motor_auto,j607_1.sm,makespan,224.33333333333334,136.58333333333334,-87.75,12,0
controle_motor_auto,j6010_1.sm,makespan_cpm,85.0,85.0,0.0,12,0
controle_motor_auto,j6013_1.sm,makespan_cpm,69.0,69.0,0.0,12,0
controle_motor_auto,j6016_1.sm,makespan_cpm,64.0,64.0,0.0,12,0
controle_motor_auto,j6019_1.sm,makespan_cpm,62.0,62.0,0.0,12,0
controle_motor_auto,j6021_1.sm,makespan_cpm,76.0,76.0,0.0,12,0
controle_motor_auto,j6024_1.sm,makespan_cpm,65.0,65.0,0.0,12,0
controle_motor_auto,j6027_1.sm,makespan_cpm,96.0,96.0,0.0,12,0
controle_motor_auto,j602_1.sm,makespan_cpm,65.0,65.0,0.0,12,0
controle_motor_auto,j6032_1.sm,makespan_cpm,69.0,69.0,0.0,12,0
controle_motor_auto,j6035_1.sm,makespan_cpm,78.0,78.0,0.0,12,0
controle_motor_auto,j6038_1.sm,makespan_cpm,73.0,73.0,0.0,12,0
controle_motor_auto,j6040_1.sm,makespan_cpm,86.0,86.0,0.0,12,0
controle_motor_auto,j6043_1.sm,makespan_cpm,108.0,108.0,0.0,12,0
controle_motor_auto,j6046_1.sm,makespan_cpm,78.0,78.0,0.0,12,0
controle_motor_auto,j604_1.sm,makespan_cpm,84.0,84.0,0.0,12,0
controle_motor_auto,j607_1.sm,makespan_cpm,77.0,77.0,0.0,12,0
controle_motor_auto,j6010_1.sm,E_total,0.7752180352465051,0.8706556363298779,0.0954376010833728,12,0
controle_motor_auto,j6013_1.sm,E_total,0.8106450445979861,0.8710333361596242,0.06038829156163827,12,0
controle_motor_auto,j6016_1.sm,E_total,0.7980405425732466,0.8733368350547698,0.075296292481523,12,0
controle_motor_auto,j6019_1.sm,E_total,0.8042236669918142,0.8840660672695454,0.07984240027773125,12,0
controle_motor_auto,j6021_1.sm,E_total,0.8125221114512825,0.8860449957869759,0.07352288433569334,12,0
controle_motor_auto,j6024_1.sm,E_total,0.7718080207967549,0.8865209698770687,0.11471294908031378,12,0
controle_motor_auto,j6027_1.sm,E_total,0.7836474265724326,0.8755141809059185,0.09186675433348589,12,0
controle_motor_auto,j602_1.sm,E_total,0.7963649628710093,0.8644720256423538,0.06810706277134455,12,0
controle_motor_auto,j6032_1.sm,E_total,0.7763731250782593,0.8870141706428254,0.11064104556456601,12,0
controle_motor_auto,j6035_1.sm,E_total,0.8009819037048778,0.8774097863920778,0.07642788268720004,12,0
controle_motor_auto,j6038_1.sm,E_total,0.79949221143458,0.8739958920869837,0.07450368065240386,12,0
controle_motor_auto,j6040_1.sm,E_total,0.7989837603744201,0.8854886910913945,0.08650493071697439,12,0
controle_motor_auto,j6043_1.sm,E_total,0.7005060257597386,0.8768264753195227,0.1763204495597841,12,0
controle_motor_auto,j6046_1.sm,E_total,0.7441738262497637,0.8718503736643973,0.12767654741463352,12,0
controle_motor_auto,j604_1.sm,E_total,0.7864215360322899,0.8892893282681776,0.10286779223588756,12,0
controle_motor_auto,j607_1.sm,E_total,0.783011833982994,0.8728009238480032,0.089789089865009,12,0
controle_motor_auto,j6010_1.sm,S_UR_final,4.440892098500626e-16,0.0,-4.440892098500626e-16,12,0
controle_motor_auto,j6013_1.sm,S_UR_final,9.62193288008469e-16,1.6653345369377348e-16,-7.956598343146956e-16,12,0
controle_motor_auto,j6016_1.sm,S_UR_final,1.0362081563168128e-15,0.0,-1.0362081563168128e-15,12,0
controle_motor_auto,j6019_1.sm,S_UR_final,1.4247862149356176e-15,0.0,-1.4247862149356176e-15,12,0
controle_motor_auto,j6021_1.sm,S_UR_final,2.4054832200211723e-16,1.4802973661668753e-16,-9.251858538542972e-17,12,0
controle_motor_auto,j6024_1.sm,S_UR_final,5.181040781584064e-16,0.0,-5.181040781584064e-16,12,0
controle_motor_auto,j6027_1.sm,S_UR_final,1.0732155904709846e-15,0.0,-1.0732155904709846e-15,12,0
controle_motor_auto,j602_1.sm,S_UR_final,2.1094237467877974e-15,2.220446049250313e-16,-1.887379141862766e-15,12,0
controle_motor_auto,j6032_1.sm,S_UR_final,2.3129646346357427e-15,0.0,-2.3129646346357427e-15,12,0
controle_motor_auto,j6035_1.sm,S_UR_final,2.220446049250313e-16,7.401486830834377e-17,-1.4802973661668753e-16,12,0
controle_motor_auto,j6038_1.sm,S_UR_final,7.031412489292658e-16,7.401486830834377e-17,-6.291263806209221e-16,12,0
controle_motor_auto,j6040_1.sm,S_UR_final,1.5913196686293911e-15,7.401486830834377e-17,-1.5173048003210472e-15,12,0
controle_motor_auto,j6043_1.sm,S_UR_final,2.9605947323337506e-16,0.0,-2.9605947323337506e-16,12,0
controle_motor_auto,j6046_1.sm,S_UR_final,2.590520390792032e-16,2.7755575615628914e-17,-2.312964634635743e-16,12,0
controle_motor_auto,j604_1.sm,S_UR_final,2.4424906541753444e-15,0.0,-2.4424906541753444e-15,12,0
controle_motor_auto,j607_1.sm,S_UR_final,5.643633708511212e-16,0.0,-5.643633708511212e-16,12,0
controle_motor_auto,j6010_1.sm,S_UR_maximo,22.851360561976364,6.97589149474254,-15.875469067233828,12,0
controle_motor_auto,j6013_1.sm,S_UR_maximo,23.598131601605868,9.452625887201563,-14.1455057144043,12,0
controle_motor_auto,j6016_1.sm,S_UR_maximo,31.733198153907136,6.9931468582051854,-24.74005129570195,12,0
controle_motor_auto,j6019_1.sm,S_UR_maximo,23.755116189368252,4.399128666834628,-19.355987522533624,12,0
controle_motor_auto,j6021_1.sm,S_UR_maximo,22.537849828691222,6.831429389157214,-15.706420439534009,12,0
controle_motor_auto,j6024_1.sm,S_UR_maximo,22.611756363468942,5.540184947613517,-17.071571415855423,12,0
controle_motor_auto,j6027_1.sm,S_UR_maximo,22.78069279882229,5.9718694438965345,-16.80882335492576,12,0
controle_motor_auto,j602_1.sm,S_UR_maximo,31.146889904935563,7.350176627679656,-23.796713277255904,12,0
controle_motor_auto,j6032_1.sm,S_UR_maximo,25.597167521094168,5.898054016900221,-19.69911350419395,12,0
controle_motor_auto,j6035_1.sm,S_UR_maximo,28.12097136057118,6.1911452720286135,-21.929826088542566,12,0
controle_motor_auto,j6038_1.sm,S_UR_maximo,22.935726666292297,5.454363577983174,-17.48136308830912,12,0
controle_motor_auto,j6040_1.sm,S_UR_maximo,23.40791407404952,7.622272474325786,-15.785641599723737,12,0
controle_motor_auto,j6043_1.sm,S_UR_maximo,21.404777581027073,6.0948321540497306,-15.309945426977345,12,0
controle_motor_auto,j6046_1.sm,S_UR_maximo,25.882474679655427,5.918136483777695,-19.96433819587773,12,0
controle_motor_auto,j604_1.sm,S_UR_maximo,29.36919248513603,5.883761567676948,-23.485430917459084,12,0
controle_motor_auto,j607_1.sm,S_UR_maximo,24.062984272335495,6.480680915194985,-17.582303357140514,12,0
controle_motor_auto,j6010_1.sm,S_PV_final,246.75,299.5833333333333,52.833333333333336,12,0
controle_motor_auto,j6013_1.sm,S_PV_final,255.33333333333334,318.0,62.666666666666664,12,0
controle_motor_auto,j6016_1.sm,S_PV_final,277.5833333333333,343.9166666666667,66.33333333333333,12,0
controle_motor_auto,j6019_1.sm,S_PV_final,250.08333333333334,319.3333333333333,69.25,12,0
controle_motor_auto,j6021_1.sm,S_PV_final,249.5,312.25,62.75,12,0
controle_motor_auto,j6024_1.sm,S_PV_final,216.25,263.8333333333333,47.583333333333336,12,0
controle_motor_auto,j6027_1.sm,S_PV_final,265.5833333333333,321.9166666666667,56.333333333333336,12,0
controle_motor_auto,j602_1.sm,S_PV_final,245.16666666666666,297.6666666666667,52.5,12,0
controle_motor_auto,j6032_1.sm,S_PV_final,259.5,314.0833333333333,54.583333333333336,12,0
controle_motor_auto,j6035_1.sm,S_PV_final,264.0,333.5,69.5,12,0
controle_motor_auto,j6038_1.sm,S_PV_final,265.9166666666667,318.9166666666667,53.0,12,0
controle_motor_auto,j6040_1.sm,S_PV_final,298.75,344.9166666666667,46.166666666666664,12,0
controle_motor_auto,j6043_1.sm,S_PV_final,248.91666666666666,311.8333333333333,62.916666666666664,12,0
controle_motor_auto,j6046_1.sm,S_PV_final,232.5,305.1666666666667,72.66666666666667,12,0
controle_motor_auto,j604_1.sm,S_PV_final,282.75,363.6666666666667,80.91666666666667,12,0
controle_motor_auto,j607_1.sm,S_PV_final,256.5833333333333,313.5833333333333,57.0,12,0
controle_motor_auto,j6010_1.sm,TW,619.9166666666666,512.0,-107.91666666666667,12,0
controle_motor_auto,j6013_1.sm,TW,696.25,593.6666666666666,-102.58333333333333,12,0
controle_motor_auto,j6016_1.sm,TW,839.5833333333334,651.4166666666666,-188.16666666666666,12,0
controle_motor_auto,j6019_1.sm,TW,714.3333333333334,555.0,-159.33333333333334,12,0
controle_motor_auto,j6021_1.sm,TW,669.5,532.9166666666666,-136.58333333333334,12,0
controle_motor_auto,j6024_1.sm,TW,554.8333333333334,423.9166666666667,-130.91666666666666,12,0
controle_motor_auto,j6027_1.sm,TW,624.3333333333334,500.5833333333333,-123.75,12,0
controle_motor_auto,j602_1.sm,TW,688.6666666666666,536.25,-152.41666666666666,12,0
controle_motor_auto,j6032_1.sm,TW,708.4166666666666,540.5833333333334,-167.83333333333334,12,0
controle_motor_auto,j6035_1.sm,TW,748.9166666666666,575.0833333333334,-173.83333333333334,12,0
controle_motor_auto,j6038_1.sm,TW,703.0,545.5833333333334,-157.41666666666666,12,0
controle_motor_auto,j6040_1.sm,TW,773.5833333333334,604.4166666666666,-169.16666666666666,12,0
controle_motor_auto,j6043_1.sm,TW,607.5833333333334,480.0,-127.58333333333333,12,0
controle_motor_auto,j6046_1.sm,TW,664.0833333333334,508.0833333333333,-156.0,12,0
controle_motor_auto,j604_1.sm,TW,830.4166666666666,662.4166666666666,-168.0,12,0
controle_motor_auto,j607_1.sm,TW,705.3333333333334,548.8333333333334,-156.5,12,0
controle_motor_auto,j6010_1.sm,TL,0.0,9.416666666666666,9.416666666666666,12,0
controle_motor_auto,j6013_1.sm,TL,0.0,6.333333333333333,6.333333333333333,12,0
controle_motor_auto,j6016_1.sm,TL,0.0,9.833333333333334,9.833333333333334,12,0
controle_motor_auto,j6019_1.sm,TL,0.0,8.416666666666666,8.416666666666666,12,0
controle_motor_auto,j6021_1.sm,TL,0.0,6.583333333333333,6.583333333333333,12,0
controle_motor_auto,j6024_1.sm,TL,0.0,8.333333333333334,8.333333333333334,12,0
controle_motor_auto,j6027_1.sm,TL,0.0,9.583333333333334,9.583333333333334,12,0
controle_motor_auto,j602_1.sm,TL,0.0,9.333333333333334,9.333333333333334,12,0
controle_motor_auto,j6032_1.sm,TL,0.0,7.5,7.5,12,0
controle_motor_auto,j6035_1.sm,TL,0.0,9.833333333333334,9.833333333333334,12,0
controle_motor_auto,j6038_1.sm,TL,0.0,10.333333333333334,10.333333333333334,12,0
controle_motor_auto,j6040_1.sm,TL,0.0,8.083333333333334,8.083333333333334,12,0
controle_motor_auto,j6043_1.sm,TL,0.0,7.666666666666667,7.666666666666667,12,0
controle_motor_auto,j6046_1.sm,TL,0.0,10.666666666666666,10.666666666666666,12,0
controle_motor_auto,j604_1.sm,TL,0.0,9.75,9.75,12,0
controle_motor_auto,j607_1.sm,TL,0.0,7.416666666666667,7.416666666666667,12,0
controle_motor_auto,j6010_1.sm,TU,120.41666666666667,16.833333333333332,-103.58333333333333,12,0
controle_motor_auto,j6013_1.sm,TU,86.25,8.583333333333334,-77.66666666666667,12,0
controle_motor_auto,j6016_1.sm,TU,128.0,21.25,-106.75,12,0
controle_motor_auto,j6019_1.sm,TU,110.41666666666667,14.583333333333334,-95.83333333333333,12,0
controle_motor_auto,j6021_1.sm,TU,83.83333333333333,7.916666666666667,-75.91666666666667,12,0
controle_motor_auto,j6024_1.sm,TU,114.66666666666667,11.666666666666666,-103.0,12,0
controle_motor_auto,j6027_1.sm,TU,118.08333333333333,17.833333333333332,-100.25,12,0
controle_motor_auto,j602_1.sm,TU,112.83333333333333,21.666666666666668,-91.16666666666667,12,0
controle_motor_auto,j6032_1.sm,TU,143.16666666666666,14.5,-128.66666666666666,12,0
controle_motor_auto,j6035_1.sm,TU,118.0,16.25,-101.75,12,0
controle_motor_auto,j6038_1.sm,TU,116.83333333333333,15.833333333333334,-101.0,12,0
controle_motor_auto,j6040_1.sm,TU,136.75,14.916666666666666,-121.83333333333333,12,0
controle_motor_auto,j6043_1.sm,TU,197.58333333333334,11.5,-186.08333333333334,12,0
controle_motor_auto,j6046_1.sm,TU,149.41666666666666,13.75,-135.66666666666666,12,0
controle_motor_auto,j604_1.sm,TU,148.16666666666666,20.5,-127.66666666666667,12,0
controle_motor_auto,j607_1.sm,TU,135.83333333333334,23.5,-112.33333333333333,12,0
controle_motor_auto,j6010_1.sm,TR,62.930689279459436,49.91895356421755,-13.011735715241871,12,0
controle_motor_auto,j6013_1.sm,TR,80.4438120411024,73.28138766364138,-7.162424377461027,12,0
controle_motor_auto,j6016_1.sm,TR,86.51063488760757,63.56623420207918,-22.944400685528382,12,0
controle_motor_auto,j6019_1.sm,TR,65.78711512987957,50.01995780307437,-15.767157326805203,12,0
controle_motor_auto,j6021_1.sm,TR,77.01372505511512,54.654123263899294,-22.359601791215827,12,0
controle_motor_auto,j6024_1.sm,TR,54.15070351644911,34.303383659149574,-19.847319857299542,12,0
controle_motor_auto,j6027_1.sm,TR,57.86436401168738,44.12064254605979,-13.743721465627594,12,0
controle_motor_auto,j602_1.sm,TR,65.80306517725687,53.42223083674096,-12.380834340515912,12,0
controle_motor_auto,j6032_1.sm,TR,62.81845092519157,47.13413307621881,-15.684317848972753,12,0
controle_motor_auto,j6035_1.sm,TR,70.80536667090725,54.80662533555363,-15.9987413353536,12,0
controle_motor_auto,j6038_1.sm,TR,65.0312077548054,52.82002953041572,-12.211178224389682,12,0
controle_motor_auto,j6040_1.sm,TR,61.26920989339725,55.48778334679889,-5.781426546598351,12,0
controle_motor_auto,j6043_1.sm,TR,66.85493289905665,48.37151713874527,-18.48341576031138,12,0
controle_motor_auto,j6046_1.sm,TR,81.05081480433864,50.61359590959993,-30.43721889473871,12,0
controle_motor_auto,j604_1.sm,TR,81.69554154822497,52.60087911104145,-29.094662437183516,12,0
controle_motor_auto,j607_1.sm,TR,61.81548096564688,49.75863324374066,-12.056847721906218,12,0
controle_motor_auto,j6010_1.sm,n_limpas,48.333333333333336,56.666666666666664,8.333333333333334,12,0
controle_motor_auto,j6013_1.sm,n_limpas,46.25,56.333333333333336,10.083333333333334,12,0
controle_motor_auto,j6016_1.sm,n_limpas,46.0,56.833333333333336,10.833333333333334,12,0
controle_motor_auto,j6019_1.sm,n_limpas,46.416666666666664,57.333333333333336,10.916666666666666,12,0
controle_motor_auto,j6021_1.sm,n_limpas,46.916666666666664,56.166666666666664,9.25,12,0
controle_motor_auto,j6024_1.sm,n_limpas,48.0,56.75,8.75,12,0
controle_motor_auto,j6027_1.sm,n_limpas,47.333333333333336,56.0,8.666666666666666,12,0
controle_motor_auto,j602_1.sm,n_limpas,46.833333333333336,55.333333333333336,8.5,12,0
controle_motor_auto,j6032_1.sm,n_limpas,48.0,56.25,8.25,12,0
controle_motor_auto,j6035_1.sm,n_limpas,46.083333333333336,57.0,10.916666666666666,12,0
controle_motor_auto,j6038_1.sm,n_limpas,48.333333333333336,56.666666666666664,8.333333333333334,12,0
controle_motor_auto,j6040_1.sm,n_limpas,48.666666666666664,56.166666666666664,7.5,12,0
controle_motor_auto,j6043_1.sm,n_limpas,46.75,56.583333333333336,9.833333333333334,12,0
controle_motor_auto,j6046_1.sm,n_limpas,45.833333333333336,56.75,10.916666666666666,12,0
controle_motor_auto,j604_1.sm,n_limpas,45.416666666666664,57.166666666666664,11.75,12,0
controle_motor_auto,j607_1.sm,n_limpas,46.5,56.333333333333336,9.833333333333334,12,0
controle_motor_auto,j6010_1.sm,n_com_erro,11.666666666666666,3.3333333333333335,-8.333333333333334,12,0
controle_motor_auto,j6013_1.sm,n_com_erro,13.75,3.6666666666666665,-10.083333333333334,12,0
controle_motor_auto,j6016_1.sm,n_com_erro,14.0,3.1666666666666665,-10.833333333333334,12,0
controle_motor_auto,j6019_1.sm,n_com_erro,13.583333333333334,2.6666666666666665,-10.916666666666666,12,0
controle_motor_auto,j6021_1.sm,n_com_erro,13.083333333333334,3.8333333333333335,-9.25,12,0
controle_motor_auto,j6024_1.sm,n_com_erro,12.0,3.25,-8.75,12,0
controle_motor_auto,j6027_1.sm,n_com_erro,12.666666666666666,4.0,-8.666666666666666,12,0
controle_motor_auto,j602_1.sm,n_com_erro,13.166666666666666,4.666666666666667,-8.5,12,0
controle_motor_auto,j6032_1.sm,n_com_erro,12.0,3.75,-8.25,12,0
controle_motor_auto,j6035_1.sm,n_com_erro,13.916666666666666,3.0,-10.916666666666666,12,0
controle_motor_auto,j6038_1.sm,n_com_erro,11.666666666666666,3.3333333333333335,-8.333333333333334,12,0
controle_motor_auto,j6040_1.sm,n_com_erro,11.333333333333334,3.8333333333333335,-7.5,12,0
controle_motor_auto,j6043_1.sm,n_com_erro,13.25,3.4166666666666665,-9.833333333333334,12,0
controle_motor_auto,j6046_1.sm,n_com_erro,14.166666666666666,3.25,-10.916666666666666,12,0
controle_motor_auto,j604_1.sm,n_com_erro,14.583333333333334,2.8333333333333335,-11.75,12,0
controle_motor_auto,j607_1.sm,n_com_erro,13.5,3.6666666666666665,-9.833333333333334,12,0
controle_motor_auto,j6010_1.sm,n_reportadas,2.5,9.666666666666666,7.166666666666667,12,0
controle_motor_auto,j6013_1.sm,n_reportadas,2.75,10.75,8.0,12,0
controle_motor_auto,j6016_1.sm,n_reportadas,2.8333333333333335,11.25,8.416666666666666,12,0
controle_motor_auto,j6019_1.sm,n_reportadas,1.5,10.416666666666666,8.916666666666666,12,0
controle_motor_auto,j6021_1.sm,n_reportadas,2.3333333333333335,9.833333333333334,7.5,12,0
controle_motor_auto,j6024_1.sm,n_reportadas,1.9166666666666667,8.0,6.083333333333333,12,0
controle_motor_auto,j6027_1.sm,n_reportadas,1.6666666666666667,9.166666666666666,7.5,12,0
controle_motor_auto,j602_1.sm,n_reportadas,1.9166666666666667,10.666666666666666,8.75,12,0
controle_motor_auto,j6032_1.sm,n_reportadas,1.9166666666666667,9.416666666666666,7.5,12,0
controle_motor_auto,j6035_1.sm,n_reportadas,1.4166666666666667,11.5,10.083333333333334,12,0
controle_motor_auto,j6038_1.sm,n_reportadas,2.25,10.916666666666666,8.666666666666666,12,0
controle_motor_auto,j6040_1.sm,n_reportadas,2.1666666666666665,9.5,7.333333333333333,12,0
controle_motor_auto,j6043_1.sm,n_reportadas,2.5,10.916666666666666,8.416666666666666,12,0
controle_motor_auto,j6046_1.sm,n_reportadas,3.0,11.166666666666666,8.166666666666666,12,0
controle_motor_auto,j604_1.sm,n_reportadas,1.5833333333333333,9.5,7.916666666666667,12,0
controle_motor_auto,j607_1.sm,n_reportadas,2.0,10.583333333333334,8.583333333333334,12,0
controle_motor_auto,j6010_1.sm,n_adiamentos,0.0,0.0,0.0,12,0
controle_motor_auto,j6013_1.sm,n_adiamentos,0.0,0.0,0.0,12,0
controle_motor_auto,j6016_1.sm,n_adiamentos,0.0,0.0,0.0,12,0
controle_motor_auto,j6019_1.sm,n_adiamentos,0.0,0.0,0.0,12,0
controle_motor_auto,j6021_1.sm,n_adiamentos,0.0,0.0,0.0,12,0
controle_motor_auto,j6024_1.sm,n_adiamentos,0.0,0.0,0.0,12,0
controle_motor_auto,j6027_1.sm,n_adiamentos,0.0,0.0,0.0,12,0
controle_motor_auto,j602_1.sm,n_adiamentos,0.0,0.0,0.0,12,0
controle_motor_auto,j6032_1.sm,n_adiamentos,0.0,0.0,0.0,12,0
controle_motor_auto,j6035_1.sm,n_adiamentos,0.0,0.0,0.0,12,0
controle_motor_auto,j6038_1.sm,n_adiamentos,0.0,0.0,0.0,12,0
controle_motor_auto,j6040_1.sm,n_adiamentos,0.0,0.0,0.0,12,0
controle_motor_auto,j6043_1.sm,n_adiamentos,0.0,0.0,0.0,12,0
controle_motor_auto,j6046_1.sm,n_adiamentos,0.0,0.0,0.0,12,0
controle_motor_auto,j604_1.sm,n_adiamentos,0.0,0.0,0.0,12,0
controle_motor_auto,j607_1.sm,n_adiamentos,0.0,0.0,0.0,12,0
controle_motor_auto,j6010_1.sm,taxa_omissao,0.1944444444444445,0.05555555555555556,-0.13888888888888892,12,0
controle_motor_auto,j6013_1.sm,taxa_omissao,0.22916666666666663,0.06111111111111112,-0.16805555555555554,12,0
controle_motor_auto,j6016_1.sm,taxa_omissao,0.2333333333333333,0.05277777777777778,-0.18055555555555555,12,0
controle_motor_auto,j6019_1.sm,taxa_omissao,0.2263888888888889,0.044444444444444446,-0.18194444444444446,12,0
controle_motor_auto,j6021_1.sm,taxa_omissao,0.21805555555555556,0.0638888888888889,-0.15416666666666667,12,0
controle_motor_auto,j6024_1.sm,taxa_omissao,0.19999999999999998,0.05416666666666667,-0.14583333333333334,12,0
controle_motor_auto,j6027_1.sm,taxa_omissao,0.2111111111111111,0.06666666666666667,-0.14444444444444446,12,0
controle_motor_auto,j602_1.sm,taxa_omissao,0.21944444444444444,0.07777777777777779,-0.1416666666666667,12,0
controle_motor_auto,j6032_1.sm,taxa_omissao,0.19999999999999998,0.0625,-0.13749999999999998,12,0
controle_motor_auto,j6035_1.sm,taxa_omissao,0.23194444444444448,0.049999999999999996,-0.18194444444444446,12,0
controle_motor_auto,j6038_1.sm,taxa_omissao,0.19444444444444445,0.05555555555555555,-0.13888888888888887,12,0
controle_motor_auto,j6040_1.sm,taxa_omissao,0.18888888888888888,0.06388888888888888,-0.125,12,0
controle_motor_auto,j6043_1.sm,taxa_omissao,0.22083333333333333,0.05694444444444446,-0.1638888888888889,12,0
controle_motor_auto,j6046_1.sm,taxa_omissao,0.23611111111111108,0.05416666666666667,-0.18194444444444446,12,0
controle_motor_auto,j604_1.sm,taxa_omissao,0.24305555555555555,0.04722222222222223,-0.19583333333333333,12,0
controle_motor_auto,j607_1.sm,taxa_omissao,0.225,0.061111111111111116,-0.1638888888888889,12,0
controle_motor_auto,j6010_1.sm,E_plano,323.0,323.0,0.0,12,0
controle_motor_auto,j6013_1.sm,E_plano,340.0,340.0,0.0,12,0
controle_motor_auto,j6016_1.sm,E_plano,365.0,365.0,0.0,12,0
controle_motor_auto,j6019_1.sm,E_plano,336.0,336.0,0.0,12,0
controle_motor_auto,j6021_1.sm,E_plano,332.0,332.0,0.0,12,0
controle_motor_auto,j6024_1.sm,E_plano,284.0,284.0,0.0,12,0
controle_motor_auto,j6027_1.sm,E_plano,346.0,346.0,0.0,12,0
controle_motor_auto,j602_1.sm,E_plano,324.0,324.0,0.0,12,0
controle_motor_auto,j6032_1.sm,E_plano,337.0,337.0,0.0,12,0
controle_motor_auto,j6035_1.sm,E_plano,353.0,353.0,0.0,12,0
controle_motor_auto,j6038_1.sm,E_plano,341.0,341.0,0.0,12,0
controle_motor_auto,j6040_1.sm,E_plano,375.0,375.0,0.0,12,0
controle_motor_auto,j6043_1.sm,E_plano,334.0,334.0,0.0,12,0
controle_motor_auto,j6046_1.sm,E_plano,320.0,320.0,0.0,12,0
controle_motor_auto,j604_1.sm,E_plano,382.0,382.0,0.0,12,0
controle_motor_auto,j607_1.sm,E_plano,336.0,336.0,0.0,12,0
controle_motor_auto,j6010_1.sm,retrabalho_sobre_plano,0.19483185535436354,0.15454784385206674,-0.0402840115022968,12,0
controle_motor_auto,j6013_1.sm,retrabalho_sobre_plano,0.23659944717971296,0.215533493128357,-0.021065954051355956,12,0
controle_motor_auto,j6016_1.sm,retrabalho_sobre_plano,0.23701543804823988,0.17415406630706623,-0.06286137174117365,12,0
controle_motor_auto,j6019_1.sm,retrabalho_sobre_plano,0.19579498550559396,0.14886892203295946,-0.04692606347263453,12,0
controle_motor_auto,j6021_1.sm,retrabalho_sobre_plano,0.23196905137082866,0.16462085320451592,-0.06734819816631273,12,0
controle_motor_auto,j6024_1.sm,retrabalho_sobre_plano,0.19067149125510252,0.12078656218010413,-0.0698849290749984,12,0
controle_motor_auto,j6027_1.sm,retrabalho_sobre_plano,0.16723804627655312,0.12751630793658897,-0.03972173833996415,12,0
controle_motor_auto,j602_1.sm,retrabalho_sobre_plano,0.20309588017671873,0.16488342850845975,-0.03821245166825899,12,0
controle_motor_auto,j6032_1.sm,retrabalho_sobre_plano,0.18640489888780878,0.13986389636860183,-0.04654100251920698,12,0
controle_motor_auto,j6035_1.sm,retrabalho_sobre_plano,0.20058177527169188,0.15525956185709247,-0.04532221341459943,12,0
controle_motor_auto,j6038_1.sm,retrabalho_sobre_plano,0.1907073541196639,0.15489744730327187,-0.03580990681639202,12,0
controle_motor_auto,j6040_1.sm,retrabalho_sobre_plano,0.163384559715726,0.1479674222581304,-0.015417137457595606,12,0
controle_motor_auto,j6043_1.sm,retrabalho_sobre_plano,0.20016446975765464,0.1448249016130098,-0.055339568144644864,12,0
controle_motor_auto,j6046_1.sm,retrabalho_sobre_plano,0.25328379626355824,0.15816748721749982,-0.09511630904605846,12,0
controle_motor_auto,j604_1.sm,retrabalho_sobre_plano,0.213862674210013,0.13769863641633887,-0.07616403779367413,12,0
controle_motor_auto,j607_1.sm,retrabalho_sobre_plano,0.18397464573109187,0.14809117036827577,-0.035883475362816115,12,0
controle_motor_auto,j6010_1.sm,divida_latente_sobre_plano,0.07074724632190828,0.02159718729022458,-0.04915005903168368,12,0
controle_motor_auto,j6013_1.sm,divida_latente_sobre_plano,0.06940626941648785,0.02780184084471048,-0.041604428571777353,12,0
controle_motor_auto,j6016_1.sm,divida_latente_sobre_plano,0.08694026891481406,0.019159306460836127,-0.06778096245397792,12,0
controle_motor_auto,j6019_1.sm,divida_latente_sobre_plano,0.070699750563596,0.013092644841769726,-0.05760710572182626,12,0
controle_motor_auto,j6021_1.sm,divida_latente_sobre_plano,0.06788508984545549,0.020576594545654258,-0.04730849529980124,12,0
controle_motor_auto,j6024_1.sm,divida_latente_sobre_plano,0.07961886043474979,0.019507693477512383,-0.060111166957237415,12,0
controle_motor_auto,j6027_1.sm,divida_latente_sobre_plano,0.06584015259775229,0.017259738277157616,-0.04858041432059468,12,0
controle_motor_auto,j602_1.sm,divida_latente_sobre_plano,0.09613237624980109,0.022685730332344615,-0.07344664591745649,12,0
controle_motor_auto,j6032_1.sm,divida_latente_sobre_plano,0.07595598670947824,0.017501643967062972,-0.05845434274241528,12,0
controle_motor_auto,j6035_1.sm,divida_latente_sobre_plano,0.07966280838688719,0.01753865516155415,-0.06212415322533304,12,0
controle_motor_auto,j6038_1.sm,divida_latente_sobre_plano,0.06726019550232344,0.015995201108455055,-0.05126499439386839,12,0
controle_motor_auto,j6040_1.sm,divida_latente_sobre_plano,0.06242110419746539,0.02032605993153543,-0.04209504426592997,12,0
controle_motor_auto,j6043_1.sm,divida_latente_sobre_plano,0.06408616042223676,0.01824800046122674,-0.04583815996101001,12,0
controle_motor_auto,j6046_1.sm,divida_latente_sobre_plano,0.08088273337392322,0.018494176511805297,-0.06238855686211792,12,0
controle_motor_auto,j604_1.sm,divida_latente_sobre_plano,0.07688270284067023,0.01540251719287159,-0.06148018564779864,12,0
controle_motor_auto,j607_1.sm,divida_latente_sobre_plano,0.07161602462004611,0.019287740819032693,-0.052328283801013425,12,0
controle_motor_auto,j6010_1.sm,retrabalho_sobre_esforco_realizado,0.07809132355993186,0.08458339411815323,0.006492070558221385,12,0
controle_motor_auto,j6013_1.sm,retrabalho_sobre_esforco_realizado,0.09266733466710309,0.1071745634603282,0.014507228793225102,12,0
controle_motor_auto,j6016_1.sm,retrabalho_sobre_esforco_realizado,0.081808104439534,0.08497938136020149,0.0031712769206674687,12,0
controle_motor_auto,j6019_1.sm,retrabalho_sobre_esforco_realizado,0.07368452599238849,0.0793020058226175,0.005617479830229013,12,0
controle_motor_auto,j6021_1.sm,retrabalho_sobre_esforco_realizado,0.09208045215217768,0.0897834107120299,-0.0022970414401477773,12,0
controle_motor_auto,j6024_1.sm,retrabalho_sobre_esforco_realizado,0.07406998433753634,0.0717157014958586,-0.0023542828416777376,12,0
controle_motor_auto,j6027_1.sm,retrabalho_sobre_esforco_realizado,0.07202636268642937,0.07655746322294972,0.00453110053652036,12,0
controle_motor_auto,j602_1.sm,retrabalho_sobre_esforco_realizado,0.07634246507953484,0.08586542074423646,0.009522955664701606,12,0
controle_motor_auto,j6032_1.sm,retrabalho_sobre_esforco_realizado,0.06897891396256846,0.0767781010293717,0.007799187066803236,12,0
controle_motor_auto,j6035_1.sm,retrabalho_sobre_esforco_realizado,0.07478791184251464,0.08295062481711749,0.008162712974602847,12,0
controle_motor_auto,j6038_1.sm,retrabalho_sobre_esforco_realizado,0.07291751062217174,0.08411981462990302,0.01120230400773127,12,0
controle_motor_auto,j6040_1.sm,retrabalho_sobre_esforco_realizado,0.06313164663535838,0.0809992248711166,0.017867578235758227,12,0
controle_motor_auto,j6043_1.sm,retrabalho_sobre_esforco_realizado,0.07629380293245375,0.08818701658185894,0.01189321364940519,12,0
controle_motor_auto,j6046_1.sm,retrabalho_sobre_esforco_realizado,0.09009261518090093,0.0862633000674825,-0.003829315113418411,12,0
controle_motor_auto,j604_1.sm,retrabalho_sobre_esforco_realizado,0.07626720696650707,0.07021407983048202,-0.006053127136025048,12,0
controle_motor_auto,j607_1.sm,retrabalho_sobre_esforco_realizado,0.06883061904732694,0.07864021956519225,0.009809600517865329,12,0
controle_motor_auto,j6010_1.sm,p1_omissao,32.25,20.25,-12.0,12,0
controle_motor_auto,j6013_1.sm,p1_omissao,41.916666666666664,34.25,-7.666666666666667,12,0
controle_motor_auto,j6016_1.sm,p1_omissao,50.666666666666664,30.333333333333332,-20.333333333333332,12,0
controle_motor_auto,j6019_1.sm,p1_omissao,41.333333333333336,20.916666666666668,-20.416666666666668,12,0
controle_motor_auto,j6021_1.sm,p1_omissao,36.5,23.75,-12.75,12,0
controle_motor_auto,j6024_1.sm,p1_omissao,25.083333333333332,9.666666666666666,-15.416666666666666,12,0
controle_motor_auto,j6027_1.sm,p1_omissao,28.0,11.75,-16.25,12,0
controle_motor_auto,j602_1.sm,p1_omissao,41.416666666666664,21.166666666666668,-20.25,12,0
controle_motor_auto,j6032_1.sm,p1_omissao,36.75,12.666666666666666,-24.083333333333332,12,0
controle_motor_auto,j6035_1.sm,p1_omissao,42.666666666666664,19.833333333333332,-22.833333333333332,12,0
controle_motor_auto,j6038_1.sm,p1_omissao,36.25,19.0,-17.25,12,0
controle_motor_auto,j6040_1.sm,p1_omissao,40.833333333333336,21.833333333333332,-19.0,12,0
controle_motor_auto,j6043_1.sm,p1_omissao,30.833333333333332,9.666666666666666,-21.166666666666668,12,0
controle_motor_auto,j6046_1.sm,p1_omissao,43.916666666666664,20.166666666666668,-23.75,12,0
controle_motor_auto,j604_1.sm,p1_omissao,46.833333333333336,25.75,-21.083333333333332,12,0
controle_motor_auto,j607_1.sm,p1_omissao,43.0,19.916666666666668,-23.083333333333332,12,0
controle_motor_auto,j6010_1.sm,p1_fuga,0.0,0.0,0.0,12,0
controle_motor_auto,j6013_1.sm,p1_fuga,0.0,0.0,0.0,12,0
controle_motor_auto,j6016_1.sm,p1_fuga,0.0,0.0,0.0,12,0
controle_motor_auto,j6019_1.sm,p1_fuga,0.0,0.0,0.0,12,0
controle_motor_auto,j6021_1.sm,p1_fuga,0.0,0.0,0.0,12,0
controle_motor_auto,j6024_1.sm,p1_fuga,0.0,0.0,0.0,12,0
controle_motor_auto,j6027_1.sm,p1_fuga,0.0,0.0,0.0,12,0
controle_motor_auto,j602_1.sm,p1_fuga,0.0,0.0,0.0,12,0
controle_motor_auto,j6032_1.sm,p1_fuga,0.0,0.0,0.0,12,0
controle_motor_auto,j6035_1.sm,p1_fuga,0.0,0.0,0.0,12,0
controle_motor_auto,j6038_1.sm,p1_fuga,0.0,0.0,0.0,12,0
controle_motor_auto,j6040_1.sm,p1_fuga,0.0,0.0,0.0,12,0
controle_motor_auto,j6043_1.sm,p1_fuga,0.0,0.0,0.0,12,0
controle_motor_auto,j6046_1.sm,p1_fuga,0.0,0.0,0.0,12,0
controle_motor_auto,j604_1.sm,p1_fuga,0.0,0.0,0.0,12,0
controle_motor_auto,j607_1.sm,p1_fuga,0.0,0.0,0.0,12,0
controle_motor_auto,j6010_1.sm,p2_ajuda,0.0,9.416666666666666,9.416666666666666,12,0
controle_motor_auto,j6013_1.sm,p2_ajuda,0.0,6.333333333333333,6.333333333333333,12,0
controle_motor_auto,j6016_1.sm,p2_ajuda,0.0,9.833333333333334,9.833333333333334,12,0
controle_motor_auto,j6019_1.sm,p2_ajuda,0.0,8.416666666666666,8.416666666666666,12,0
controle_motor_auto,j6021_1.sm,p2_ajuda,0.0,6.583333333333333,6.583333333333333,12,0
controle_motor_auto,j6024_1.sm,p2_ajuda,0.0,8.333333333333334,8.333333333333334,12,0
controle_motor_auto,j6027_1.sm,p2_ajuda,0.0,9.583333333333334,9.583333333333334,12,0
controle_motor_auto,j602_1.sm,p2_ajuda,0.0,9.333333333333334,9.333333333333334,12,0
controle_motor_auto,j6032_1.sm,p2_ajuda,0.0,7.5,7.5,12,0
controle_motor_auto,j6035_1.sm,p2_ajuda,0.0,9.833333333333334,9.833333333333334,12,0
controle_motor_auto,j6038_1.sm,p2_ajuda,0.0,10.333333333333334,10.333333333333334,12,0
controle_motor_auto,j6040_1.sm,p2_ajuda,0.0,8.083333333333334,8.083333333333334,12,0
controle_motor_auto,j6043_1.sm,p2_ajuda,0.0,7.666666666666667,7.666666666666667,12,0
controle_motor_auto,j6046_1.sm,p2_ajuda,0.0,10.666666666666666,10.666666666666666,12,0
controle_motor_auto,j604_1.sm,p2_ajuda,0.0,9.75,9.75,12,0
controle_motor_auto,j607_1.sm,p2_ajuda,0.0,7.416666666666667,7.416666666666667,12,0
controle_motor_auto,j6010_1.sm,p2_bloqueio,120.41666666666667,16.833333333333332,-103.58333333333333,12,0
controle_motor_auto,j6013_1.sm,p2_bloqueio,86.25,8.583333333333334,-77.66666666666667,12,0
controle_motor_auto,j6016_1.sm,p2_bloqueio,128.0,21.25,-106.75,12,0
controle_motor_auto,j6019_1.sm,p2_bloqueio,110.41666666666667,14.583333333333334,-95.83333333333333,12,0
controle_motor_auto,j6021_1.sm,p2_bloqueio,83.83333333333333,7.916666666666667,-75.91666666666667,12,0
controle_motor_auto,j6024_1.sm,p2_bloqueio,114.66666666666667,11.666666666666666,-103.0,12,0
controle_motor_auto,j6027_1.sm,p2_bloqueio,118.08333333333333,17.833333333333332,-100.25,12,0
controle_motor_auto,j602_1.sm,p2_bloqueio,112.83333333333333,21.666666666666668,-91.16666666666667,12,0
controle_motor_auto,j6032_1.sm,p2_bloqueio,143.16666666666666,14.5,-128.66666666666666,12,0
controle_motor_auto,j6035_1.sm,p2_bloqueio,118.0,16.25,-101.75,12,0
controle_motor_auto,j6038_1.sm,p2_bloqueio,116.83333333333333,15.833333333333334,-101.0,12,0
controle_motor_auto,j6040_1.sm,p2_bloqueio,136.75,14.916666666666666,-121.83333333333333,12,0
controle_motor_auto,j6043_1.sm,p2_bloqueio,197.58333333333334,11.5,-186.08333333333334,12,0
controle_motor_auto,j6046_1.sm,p2_bloqueio,149.41666666666666,13.75,-135.66666666666666,12,0
controle_motor_auto,j604_1.sm,p2_bloqueio,148.16666666666666,20.5,-127.66666666666667,12,0
controle_motor_auto,j607_1.sm,p2_bloqueio,135.83333333333334,23.5,-112.33333333333333,12,0
controle_motor_auto,j6010_1.sm,p3_analitica,27.75,39.75,12.0,12,0
controle_motor_auto,j6013_1.sm,p3_analitica,18.083333333333332,25.75,7.666666666666667,12,0
controle_motor_auto,j6016_1.sm,p3_analitica,9.333333333333334,29.666666666666668,20.333333333333332,12,0
controle_motor_auto,j6019_1.sm,p3_analitica,18.666666666666668,39.083333333333336,20.416666666666668,12,0
controle_motor_auto,j6021_1.sm,p3_analitica,23.5,36.25,12.75,12,0
controle_motor_auto,j6024_1.sm,p3_analitica,34.916666666666664,50.333333333333336,15.416666666666666,12,0
controle_motor_auto,j6027_1.sm,p3_analitica,32.0,48.25,16.25,12,0
controle_motor_auto,j602_1.sm,p3_analitica,18.583333333333332,38.833333333333336,20.25,12,0
controle_motor_auto,j6032_1.sm,p3_analitica,23.25,47.333333333333336,24.083333333333332,12,0
controle_motor_auto,j6035_1.sm,p3_analitica,17.333333333333332,40.166666666666664,22.833333333333332,12,0
controle_motor_auto,j6038_1.sm,p3_analitica,23.75,41.0,17.25,12,0
controle_motor_auto,j6040_1.sm,p3_analitica,19.166666666666668,38.166666666666664,19.0,12,0
controle_motor_auto,j6043_1.sm,p3_analitica,29.166666666666668,50.333333333333336,21.166666666666668,12,0
controle_motor_auto,j6046_1.sm,p3_analitica,16.083333333333332,39.833333333333336,23.75,12,0
controle_motor_auto,j604_1.sm,p3_analitica,13.166666666666666,34.25,21.083333333333332,12,0
controle_motor_auto,j607_1.sm,p3_analitica,17.0,40.083333333333336,23.083333333333332,12,0
controle_motor_auto,j6010_1.sm,hiato_encontrado,120.41666666666667,26.25,-94.16666666666667,12,0
controle_motor_auto,j6013_1.sm,hiato_encontrado,86.25,14.916666666666666,-71.33333333333333,12,0
controle_motor_auto,j6016_1.sm,hiato_encontrado,128.0,31.083333333333332,-96.91666666666667,12,0
controle_motor_auto,j6019_1.sm,hiato_encontrado,110.41666666666667,23.0,-87.41666666666667,12,0
controle_motor_auto,j6021_1.sm,hiato_encontrado,83.83333333333333,14.5,-69.33333333333333,12,0
controle_motor_auto,j6024_1.sm,hiato_encontrado,114.66666666666667,20.0,-94.66666666666667,12,0
controle_motor_auto,j6027_1.sm,hiato_encontrado,118.08333333333333,27.416666666666668,-90.66666666666667,12,0
controle_motor_auto,j602_1.sm,hiato_encontrado,112.83333333333333,31.0,-81.83333333333333,12,0
controle_motor_auto,j6032_1.sm,hiato_encontrado,143.16666666666666,22.0,-121.16666666666667,12,0
controle_motor_auto,j6035_1.sm,hiato_encontrado,118.0,26.083333333333332,-91.91666666666667,12,0
controle_motor_auto,j6038_1.sm,hiato_encontrado,116.83333333333333,26.166666666666668,-90.66666666666667,12,0
controle_motor_auto,j6040_1.sm,hiato_encontrado,136.75,23.0,-113.75,12,0
controle_motor_auto,j6043_1.sm,hiato_encontrado,197.58333333333334,19.166666666666668,-178.41666666666666,12,0
controle_motor_auto,j6046_1.sm,hiato_encontrado,149.41666666666666,24.416666666666668,-125.0,12,0
controle_motor_auto,j604_1.sm,hiato_encontrado,148.16666666666666,30.25,-117.91666666666667,12,0
controle_motor_auto,j607_1.sm,hiato_encontrado,135.83333333333334,30.916666666666668,-104.91666666666667,12,0
controle_motor_auto,j6010_1.sm,hiato_sem_colega_capaz,40.416666666666664,16.833333333333332,-23.583333333333332,12,0
controle_motor_auto,j6013_1.sm,hiato_sem_colega_capaz,21.833333333333332,8.583333333333334,-13.25,12,0
controle_motor_auto,j6016_1.sm,hiato_sem_colega_capaz,47.666666666666664,21.25,-26.416666666666668,12,0
controle_motor_auto,j6019_1.sm,hiato_sem_colega_capaz,47.75,14.583333333333334,-33.166666666666664,12,0
controle_motor_auto,j6021_1.sm,hiato_sem_colega_capaz,21.916666666666668,7.916666666666667,-14.0,12,0
controle_motor_auto,j6024_1.sm,hiato_sem_colega_capaz,41.333333333333336,11.666666666666666,-29.666666666666668,12,0
controle_motor_auto,j6027_1.sm,hiato_sem_colega_capaz,37.166666666666664,17.833333333333332,-19.333333333333332,12,0
controle_motor_auto,j602_1.sm,hiato_sem_colega_capaz,45.5,21.666666666666668,-23.833333333333332,12,0
controle_motor_auto,j6032_1.sm,hiato_sem_colega_capaz,56.583333333333336,14.5,-42.083333333333336,12,0
controle_motor_auto,j6035_1.sm,hiato_sem_colega_capaz,44.0,16.25,-27.75,12,0
controle_motor_auto,j6038_1.sm,hiato_sem_colega_capaz,45.166666666666664,15.833333333333334,-29.333333333333332,12,0
controle_motor_auto,j6040_1.sm,hiato_sem_colega_capaz,53.083333333333336,14.916666666666666,-38.166666666666664,12,0
controle_motor_auto,j6043_1.sm,hiato_sem_colega_capaz,53.416666666666664,11.5,-41.916666666666664,12,0
controle_motor_auto,j6046_1.sm,hiato_sem_colega_capaz,44.5,13.75,-30.75,12,0
controle_motor_auto,j604_1.sm,hiato_sem_colega_capaz,62.25,20.5,-41.75,12,0
controle_motor_auto,j607_1.sm,hiato_sem_colega_capaz,54.916666666666664,23.5,-31.416666666666668,12,0
controle_motor_auto,j6010_1.sm,hiato_sem_colega_livre,7.5,6.666666666666667,-0.8333333333333334,12,0
controle_motor_auto,j6013_1.sm,hiato_sem_colega_livre,0.0,1.5,1.5,12,0
controle_motor_auto,j6016_1.sm,hiato_sem_colega_livre,11.416666666666666,10.916666666666666,-0.5,12,0
controle_motor_auto,j6019_1.sm,hiato_sem_colega_livre,20.916666666666668,5.833333333333333,-15.083333333333334,12,0
controle_motor_auto,j6021_1.sm,hiato_sem_colega_livre,0.4166666666666667,0.9166666666666666,0.5,12,0
controle_motor_auto,j6024_1.sm,hiato_sem_colega_livre,10.916666666666666,2.75,-8.166666666666666,12,0
controle_motor_auto,j6027_1.sm,hiato_sem_colega_livre,4.166666666666667,7.416666666666667,3.25,12,0
controle_motor_auto,j602_1.sm,hiato_sem_colega_livre,17.833333333333332,12.083333333333334,-5.75,12,0
controle_motor_auto,j6032_1.sm,hiato_sem_colega_livre,16.916666666666668,6.5,-10.416666666666666,12,0
controle_motor_auto,j6035_1.sm,hiato_sem_colega_livre,16.5,5.833333333333333,-10.666666666666666,12,0
controle_motor_auto,j6038_1.sm,hiato_sem_colega_livre,15.416666666666666,5.083333333333333,-10.333333333333334,12,0
controle_motor_auto,j6040_1.sm,hiato_sem_colega_livre,17.166666666666668,6.166666666666667,-11.0,12,0
controle_motor_auto,j6043_1.sm,hiato_sem_colega_livre,1.1666666666666667,3.4166666666666665,2.25,12,0
controle_motor_auto,j6046_1.sm,hiato_sem_colega_livre,1.0833333333333333,2.5833333333333335,1.5,12,0
controle_motor_auto,j604_1.sm,hiato_sem_colega_livre,22.166666666666668,10.083333333333334,-12.083333333333334,12,0
controle_motor_auto,j607_1.sm,hiato_sem_colega_livre,18.583333333333332,15.75,-2.8333333333333335,12,0
controle_motor_auto,j6010_1.sm,hiato_colega_capaz_sem_confianca,80.0,0.0,-80.0,12,0
controle_motor_auto,j6013_1.sm,hiato_colega_capaz_sem_confianca,64.41666666666667,0.0,-64.41666666666667,12,0
controle_motor_auto,j6016_1.sm,hiato_colega_capaz_sem_confianca,80.33333333333333,0.0,-80.33333333333333,12,0
controle_motor_auto,j6019_1.sm,hiato_colega_capaz_sem_confianca,62.666666666666664,0.0,-62.666666666666664,12,0
controle_motor_auto,j6021_1.sm,hiato_colega_capaz_sem_confianca,61.916666666666664,0.0,-61.916666666666664,12,0
controle_motor_auto,j6024_1.sm,hiato_colega_capaz_sem_confianca,73.33333333333333,0.0,-73.33333333333333,12,0
controle_motor_auto,j6027_1.sm,hiato_colega_capaz_sem_confianca,80.91666666666667,0.0,-80.91666666666667,12,0
controle_motor_auto,j602_1.sm,hiato_colega_capaz_sem_confianca,67.33333333333333,0.0,-67.33333333333333,12,0
controle_motor_auto,j6032_1.sm,hiato_colega_capaz_sem_confianca,86.58333333333333,0.0,-86.58333333333333,12,0
controle_motor_auto,j6035_1.sm,hiato_colega_capaz_sem_confianca,74.0,0.0,-74.0,12,0
controle_motor_auto,j6038_1.sm,hiato_colega_capaz_sem_confianca,71.66666666666667,0.0,-71.66666666666667,12,0
controle_motor_auto,j6040_1.sm,hiato_colega_capaz_sem_confianca,83.66666666666667,0.0,-83.66666666666667,12,0
controle_motor_auto,j6043_1.sm,hiato_colega_capaz_sem_confianca,144.16666666666666,0.0,-144.16666666666666,12,0
controle_motor_auto,j6046_1.sm,hiato_colega_capaz_sem_confianca,104.91666666666667,0.0,-104.91666666666667,12,0
controle_motor_auto,j604_1.sm,hiato_colega_capaz_sem_confianca,85.91666666666667,0.0,-85.91666666666667,12,0
controle_motor_auto,j607_1.sm,hiato_colega_capaz_sem_confianca,80.91666666666667,0.0,-80.91666666666667,12,0
controle_motor_auto,j6010_1.sm,competencia_maxima_inicial,0.6784269160974062,0.6784269160974062,0.0,12,0
controle_motor_auto,j6013_1.sm,competencia_maxima_inicial,0.6784269160974062,0.6784269160974062,0.0,12,0
controle_motor_auto,j6016_1.sm,competencia_maxima_inicial,0.6784269160974062,0.6784269160974062,0.0,12,0
controle_motor_auto,j6019_1.sm,competencia_maxima_inicial,0.6784269160974062,0.6784269160974062,0.0,12,0
controle_motor_auto,j6021_1.sm,competencia_maxima_inicial,0.6784269160974062,0.6784269160974062,0.0,12,0
controle_motor_auto,j6024_1.sm,competencia_maxima_inicial,0.6784269160974062,0.6784269160974062,0.0,12,0
controle_motor_auto,j6027_1.sm,competencia_maxima_inicial,0.6784269160974062,0.6784269160974062,0.0,12,0
controle_motor_auto,j602_1.sm,competencia_maxima_inicial,0.6784269160974062,0.6784269160974062,0.0,12,0
controle_motor_auto,j6032_1.sm,competencia_maxima_inicial,0.6784269160974062,0.6784269160974062,0.0,12,0
controle_motor_auto,j6035_1.sm,competencia_maxima_inicial,0.6784269160974062,0.6784269160974062,0.0,12,0
controle_motor_auto,j6038_1.sm,competencia_maxima_inicial,0.6784269160974062,0.6784269160974062,0.0,12,0
controle_motor_auto,j6040_1.sm,competencia_maxima_inicial,0.6784269160974062,0.6784269160974062,0.0,12,0
controle_motor_auto,j6043_1.sm,competencia_maxima_inicial,0.6784269160974062,0.6784269160974062,0.0,12,0
controle_motor_auto,j6046_1.sm,competencia_maxima_inicial,0.6784269160974062,0.6784269160974062,0.0,12,0
controle_motor_auto,j604_1.sm,competencia_maxima_inicial,0.6784269160974062,0.6784269160974062,0.0,12,0
controle_motor_auto,j607_1.sm,competencia_maxima_inicial,0.6784269160974062,0.6784269160974062,0.0,12,0
controle_motor_auto,j6010_1.sm,competencia_minima_inicial,0.36053696648776334,0.36053696648776334,0.0,12,0
controle_motor_auto,j6013_1.sm,competencia_minima_inicial,0.36053696648776334,0.36053696648776334,0.0,12,0
controle_motor_auto,j6016_1.sm,competencia_minima_inicial,0.36053696648776334,0.36053696648776334,0.0,12,0
controle_motor_auto,j6019_1.sm,competencia_minima_inicial,0.36053696648776334,0.36053696648776334,0.0,12,0
controle_motor_auto,j6021_1.sm,competencia_minima_inicial,0.36053696648776334,0.36053696648776334,0.0,12,0
controle_motor_auto,j6024_1.sm,competencia_minima_inicial,0.36053696648776334,0.36053696648776334,0.0,12,0
controle_motor_auto,j6027_1.sm,competencia_minima_inicial,0.36053696648776334,0.36053696648776334,0.0,12,0
controle_motor_auto,j602_1.sm,competencia_minima_inicial,0.36053696648776334,0.36053696648776334,0.0,12,0
controle_motor_auto,j6032_1.sm,competencia_minima_inicial,0.36053696648776334,0.36053696648776334,0.0,12,0
controle_motor_auto,j6035_1.sm,competencia_minima_inicial,0.36053696648776334,0.36053696648776334,0.0,12,0
controle_motor_auto,j6038_1.sm,competencia_minima_inicial,0.36053696648776334,0.36053696648776334,0.0,12,0
controle_motor_auto,j6040_1.sm,competencia_minima_inicial,0.36053696648776334,0.36053696648776334,0.0,12,0
controle_motor_auto,j6043_1.sm,competencia_minima_inicial,0.36053696648776334,0.36053696648776334,0.0,12,0
controle_motor_auto,j6046_1.sm,competencia_minima_inicial,0.36053696648776334,0.36053696648776334,0.0,12,0
controle_motor_auto,j604_1.sm,competencia_minima_inicial,0.36053696648776334,0.36053696648776334,0.0,12,0
controle_motor_auto,j607_1.sm,competencia_minima_inicial,0.36053696648776334,0.36053696648776334,0.0,12,0
controle_motor_auto,j6010_1.sm,tarefas_acima_da_competencia_maxima_inicial,11.583333333333334,11.583333333333334,0.0,12,0
controle_motor_auto,j6013_1.sm,tarefas_acima_da_competencia_maxima_inicial,16.333333333333332,16.333333333333332,0.0,12,0
controle_motor_auto,j6016_1.sm,tarefas_acima_da_competencia_maxima_inicial,19.083333333333332,19.083333333333332,0.0,12,0
controle_motor_auto,j6019_1.sm,tarefas_acima_da_competencia_maxima_inicial,13.666666666666666,13.666666666666666,0.0,12,0
controle_motor_auto,j6021_1.sm,tarefas_acima_da_competencia_maxima_inicial,13.5,13.5,0.0,12,0
controle_motor_auto,j6024_1.sm,tarefas_acima_da_competencia_maxima_inicial,9.416666666666666,9.416666666666666,0.0,12,0
controle_motor_auto,j6027_1.sm,tarefas_acima_da_competencia_maxima_inicial,15.75,15.75,0.0,12,0
controle_motor_auto,j602_1.sm,tarefas_acima_da_competencia_maxima_inicial,12.25,12.25,0.0,12,0
controle_motor_auto,j6032_1.sm,tarefas_acima_da_competencia_maxima_inicial,10.416666666666666,10.416666666666666,0.0,12,0
controle_motor_auto,j6035_1.sm,tarefas_acima_da_competencia_maxima_inicial,17.666666666666668,17.666666666666668,0.0,12,0
controle_motor_auto,j6038_1.sm,tarefas_acima_da_competencia_maxima_inicial,11.833333333333334,11.833333333333334,0.0,12,0
controle_motor_auto,j6040_1.sm,tarefas_acima_da_competencia_maxima_inicial,16.083333333333332,16.083333333333332,0.0,12,0
controle_motor_auto,j6043_1.sm,tarefas_acima_da_competencia_maxima_inicial,16.416666666666668,16.416666666666668,0.0,12,0
controle_motor_auto,j6046_1.sm,tarefas_acima_da_competencia_maxima_inicial,22.166666666666668,22.166666666666668,0.0,12,0
controle_motor_auto,j604_1.sm,tarefas_acima_da_competencia_maxima_inicial,16.083333333333332,16.083333333333332,0.0,12,0
controle_motor_auto,j607_1.sm,tarefas_acima_da_competencia_maxima_inicial,10.416666666666666,10.416666666666666,0.0,12,0
controle_motor_auto,j6010_1.sm,n_tarefas,60.0,60.0,0.0,12,0
controle_motor_auto,j6013_1.sm,n_tarefas,60.0,60.0,0.0,12,0
controle_motor_auto,j6016_1.sm,n_tarefas,60.0,60.0,0.0,12,0
controle_motor_auto,j6019_1.sm,n_tarefas,60.0,60.0,0.0,12,0
controle_motor_auto,j6021_1.sm,n_tarefas,60.0,60.0,0.0,12,0
controle_motor_auto,j6024_1.sm,n_tarefas,60.0,60.0,0.0,12,0
controle_motor_auto,j6027_1.sm,n_tarefas,60.0,60.0,0.0,12,0
controle_motor_auto,j602_1.sm,n_tarefas,60.0,60.0,0.0,12,0
controle_motor_auto,j6032_1.sm,n_tarefas,60.0,60.0,0.0,12,0
controle_motor_auto,j6035_1.sm,n_tarefas,60.0,60.0,0.0,12,0
controle_motor_auto,j6038_1.sm,n_tarefas,60.0,60.0,0.0,12,0
controle_motor_auto,j6040_1.sm,n_tarefas,60.0,60.0,0.0,12,0
controle_motor_auto,j6043_1.sm,n_tarefas,60.0,60.0,0.0,12,0
controle_motor_auto,j6046_1.sm,n_tarefas,60.0,60.0,0.0,12,0
controle_motor_auto,j604_1.sm,n_tarefas,60.0,60.0,0.0,12,0
controle_motor_auto,j607_1.sm,n_tarefas,60.0,60.0,0.0,12,0
controle_motor_auto,j6010_1.sm,competencia_maxima_final,0.6784269160974062,0.9326040594017629,0.25417714330435665,12,0
controle_motor_auto,j6013_1.sm,competencia_maxima_final,0.6784269160974062,0.8355047970805362,0.15707788098313005,12,0
controle_motor_auto,j6016_1.sm,competencia_maxima_final,0.6784269160974062,0.9157391721750056,0.2373122560775991,12,0
controle_motor_auto,j6019_1.sm,competencia_maxima_final,0.6784269160974062,0.8754434348218153,0.19701651872440906,12,0
controle_motor_auto,j6021_1.sm,competencia_maxima_final,0.6784269160974062,0.8395254738652208,0.1610985577678145,12,0
controle_motor_auto,j6024_1.sm,competencia_maxima_final,0.6784269160974062,0.849003408926562,0.17057649282915563,12,0
controle_motor_auto,j6027_1.sm,competencia_maxima_final,0.6784269160974062,0.9542468473543232,0.2758199312569169,12,0
controle_motor_auto,j602_1.sm,competencia_maxima_final,0.6784269160974062,0.9423307485519029,0.2639038324544966,12,0
controle_motor_auto,j6032_1.sm,competencia_maxima_final,0.6784269160974062,0.821465592517745,0.1430386764203387,12,0
controle_motor_auto,j6035_1.sm,competencia_maxima_final,0.6784269160974062,0.909083183739326,0.23065626764191963,12,0
controle_motor_auto,j6038_1.sm,competencia_maxima_final,0.6784269160974062,0.9651927384667678,0.28676582236936127,12,0
controle_motor_auto,j6040_1.sm,competencia_maxima_final,0.6784269160974062,0.8814059519577864,0.2029790358603801,12,0
controle_motor_auto,j6043_1.sm,competencia_maxima_final,0.6784269160974062,0.8710335097902617,0.19260659369285557,12,0
controle_motor_auto,j6046_1.sm,competencia_maxima_final,0.6784269160974062,0.92457527668242,0.24614836058501374,12,0
controle_motor_auto,j604_1.sm,competencia_maxima_final,0.6784269160974062,0.9142647517715333,0.23583783567412694,12,0
controle_motor_auto,j607_1.sm,competencia_maxima_final,0.6784269160974062,0.8890196584083235,0.21059274231091726,12,0
controle_motor_auto,j6010_1.sm,atraso_relativo,2.657843137254902,1.769607843137255,-0.8882352941176471,12,0
controle_motor_auto,j6013_1.sm,atraso_relativo,4.596618357487923,3.532608695652174,-1.0640096618357489,12,0
controle_motor_auto,j6016_1.sm,atraso_relativo,3.5924479166666665,2.2330729166666665,-1.359375,12,0
controle_motor_auto,j6019_1.sm,atraso_relativo,3.678763440860216,2.2244623655913975,-1.454301075268817,12,0
controle_motor_auto,j6021_1.sm,atraso_relativo,3.9890350877192984,2.7642543859649122,-1.224780701754386,12,0
controle_motor_auto,j6024_1.sm,atraso_relativo,2.796153846153846,1.648717948717949,-1.1474358974358974,12,0
controle_motor_auto,j6027_1.sm,atraso_relativo,2.477430555555556,1.626736111111111,-0.8506944444444443,12,0
controle_motor_auto,j602_1.sm,atraso_relativo,3.3512820512820514,1.9794871794871796,-1.3717948717948716,12,0
controle_motor_auto,j6032_1.sm,atraso_relativo,2.9444444444444446,1.8019323671497585,-1.142512077294686,12,0
controle_motor_auto,j6035_1.sm,atraso_relativo,3.138888888888889,1.865384615384615,-1.2735042735042734,12,0
controle_motor_auto,j6038_1.sm,atraso_relativo,2.987442922374429,1.9920091324200915,-0.9954337899543378,12,0
controle_motor_auto,j6040_1.sm,atraso_relativo,2.6201550387596897,1.701550387596899,-0.9186046511627906,12,0
controle_motor_auto,j6043_1.sm,atraso_relativo,2.425154320987654,1.5524691358024691,-0.8726851851851851,12,0
controle_motor_auto,j6046_1.sm,atraso_relativo,3.1709401709401708,2.097222222222222,-1.0737179487179487,12,0
controle_motor_auto,j604_1.sm,atraso_relativo,2.8125,1.8124999999999998,-1.0000000000000002,12,0
controle_motor_auto,j607_1.sm,atraso_relativo,2.9134199134199137,1.7738095238095237,-1.1396103896103897,12,0
controle_motor_auto,j6010_1.sm,tarefas_pendentes,0.0,0.0,0.0,12,0
controle_motor_auto,j6013_1.sm,tarefas_pendentes,0.0,0.0,0.0,12,0
controle_motor_auto,j6016_1.sm,tarefas_pendentes,0.0,0.0,0.0,12,0
controle_motor_auto,j6019_1.sm,tarefas_pendentes,0.0,0.0,0.0,12,0
controle_motor_auto,j6021_1.sm,tarefas_pendentes,0.0,0.0,0.0,12,0
controle_motor_auto,j6024_1.sm,tarefas_pendentes,0.0,0.0,0.0,12,0
controle_motor_auto,j6027_1.sm,tarefas_pendentes,0.0,0.0,0.0,12,0
controle_motor_auto,j602_1.sm,tarefas_pendentes,0.0,0.0,0.0,12,0
controle_motor_auto,j6032_1.sm,tarefas_pendentes,0.0,0.0,0.0,12,0
controle_motor_auto,j6035_1.sm,tarefas_pendentes,0.0,0.0,0.0,12,0
controle_motor_auto,j6038_1.sm,tarefas_pendentes,0.0,0.0,0.0,12,0
controle_motor_auto,j6040_1.sm,tarefas_pendentes,0.0,0.0,0.0,12,0
controle_motor_auto,j6043_1.sm,tarefas_pendentes,0.0,0.0,0.0,12,0
controle_motor_auto,j6046_1.sm,tarefas_pendentes,0.0,0.0,0.0,12,0
controle_motor_auto,j604_1.sm,tarefas_pendentes,0.0,0.0,0.0,12,0
controle_motor_auto,j607_1.sm,tarefas_pendentes,0.0,0.0,0.0,12,0
controle_motor_auto,j6010_1.sm,dividas_pendentes,0.0,0.0,0.0,12,0
controle_motor_auto,j6013_1.sm,dividas_pendentes,0.0,0.0,0.0,12,0
controle_motor_auto,j6016_1.sm,dividas_pendentes,0.0,0.0,0.0,12,0
controle_motor_auto,j6019_1.sm,dividas_pendentes,0.0,0.0,0.0,12,0
controle_motor_auto,j6021_1.sm,dividas_pendentes,0.0,0.0,0.0,12,0
controle_motor_auto,j6024_1.sm,dividas_pendentes,0.0,0.0,0.0,12,0
controle_motor_auto,j6027_1.sm,dividas_pendentes,0.0,0.0,0.0,12,0
controle_motor_auto,j602_1.sm,dividas_pendentes,0.0,0.0,0.0,12,0
controle_motor_auto,j6032_1.sm,dividas_pendentes,0.0,0.0,0.0,12,0
controle_motor_auto,j6035_1.sm,dividas_pendentes,0.0,0.0,0.0,12,0
controle_motor_auto,j6038_1.sm,dividas_pendentes,0.0,0.0,0.0,12,0
controle_motor_auto,j6040_1.sm,dividas_pendentes,0.0,0.0,0.0,12,0
controle_motor_auto,j6043_1.sm,dividas_pendentes,0.0,0.0,0.0,12,0
controle_motor_auto,j6046_1.sm,dividas_pendentes,0.0,0.0,0.0,12,0
controle_motor_auto,j604_1.sm,dividas_pendentes,0.0,0.0,0.0,12,0
controle_motor_auto,j607_1.sm,dividas_pendentes,0.0,0.0,0.0,12,0
controle_motor_auto,j6010_1.sm,retrabalho_gerado,62.930689279459436,49.91895356421757,-13.011735715241867,12,0
controle_motor_auto,j6013_1.sm,retrabalho_gerado,80.4438120411024,73.28138766364138,-7.162424377461022,12,0
controle_motor_auto,j6016_1.sm,retrabalho_gerado,86.51063488760757,63.56623420207918,-22.944400685528382,12,0
controle_motor_auto,j6019_1.sm,retrabalho_gerado,65.78711512987957,50.01995780307437,-15.767157326805199,12,0
controle_motor_auto,j6021_1.sm,retrabalho_gerado,77.01372505511512,54.654123263899294,-22.359601791215827,12,0
controle_motor_auto,j6024_1.sm,retrabalho_gerado,54.15070351644911,34.303383659149574,-19.847319857299542,12,0
controle_motor_auto,j6027_1.sm,retrabalho_gerado,57.86436401168738,44.12064254605979,-13.743721465627592,12,0
controle_motor_auto,j602_1.sm,retrabalho_gerado,65.80306517725687,53.42223083674096,-12.38083434051591,12,0
controle_motor_auto,j6032_1.sm,retrabalho_gerado,62.81845092519156,47.13413307621881,-15.684317848972748,12,0
controle_motor_auto,j6035_1.sm,retrabalho_gerado,70.80536667090725,54.80662533555363,-15.998741335353605,12,0
controle_motor_auto,j6038_1.sm,retrabalho_gerado,65.0312077548054,52.82002953041572,-12.211178224389682,12,0
controle_motor_auto,j6040_1.sm,retrabalho_gerado,61.26920989339724,55.4877833467989,-5.781426546598347,12,0
controle_motor_auto,j6043_1.sm,retrabalho_gerado,66.85493289905665,48.37151713874527,-18.48341576031138,12,0
controle_motor_auto,j6046_1.sm,retrabalho_gerado,81.05081480433864,50.61359590959993,-30.43721889473871,12,0
controle_motor_auto,j604_1.sm,retrabalho_gerado,81.69554154822497,52.60087911104145,-29.09466243718352,12,0
controle_motor_auto,j607_1.sm,retrabalho_gerado,61.81548096564688,49.75863324374066,-12.056847721906214,12,0
controle_motor_auto,j6010_1.sm,retrabalho_pendente,0.0,0.0,0.0,12,0
controle_motor_auto,j6013_1.sm,retrabalho_pendente,0.0,0.0,0.0,12,0
controle_motor_auto,j6016_1.sm,retrabalho_pendente,0.0,0.0,0.0,12,0
controle_motor_auto,j6019_1.sm,retrabalho_pendente,0.0,0.0,0.0,12,0
controle_motor_auto,j6021_1.sm,retrabalho_pendente,0.0,0.0,0.0,12,0
controle_motor_auto,j6024_1.sm,retrabalho_pendente,0.0,0.0,0.0,12,0
controle_motor_auto,j6027_1.sm,retrabalho_pendente,0.0,0.0,0.0,12,0
controle_motor_auto,j602_1.sm,retrabalho_pendente,0.0,0.0,0.0,12,0
controle_motor_auto,j6032_1.sm,retrabalho_pendente,0.0,0.0,0.0,12,0
controle_motor_auto,j6035_1.sm,retrabalho_pendente,0.0,0.0,0.0,12,0
controle_motor_auto,j6038_1.sm,retrabalho_pendente,0.0,0.0,0.0,12,0
controle_motor_auto,j6040_1.sm,retrabalho_pendente,0.0,0.0,0.0,12,0
controle_motor_auto,j6043_1.sm,retrabalho_pendente,0.0,0.0,0.0,12,0
controle_motor_auto,j6046_1.sm,retrabalho_pendente,0.0,0.0,0.0,12,0
controle_motor_auto,j604_1.sm,retrabalho_pendente,0.0,0.0,0.0,12,0
controle_motor_auto,j607_1.sm,retrabalho_pendente,0.0,0.0,0.0,12,0
controle_motor_auto,j6010_1.sm,ocupacao_retrabalho,0.0,0.0,0.0,12,0
controle_motor_auto,j6013_1.sm,ocupacao_retrabalho,0.0,0.0,0.0,12,0
controle_motor_auto,j6016_1.sm,ocupacao_retrabalho,0.0,0.0,0.0,12,0
controle_motor_auto,j6019_1.sm,ocupacao_retrabalho,0.0,0.0,0.0,12,0
controle_motor_auto,j6021_1.sm,ocupacao_retrabalho,0.0,0.0,0.0,12,0
controle_motor_auto,j6024_1.sm,ocupacao_retrabalho,0.0,0.0,0.0,12,0
controle_motor_auto,j6027_1.sm,ocupacao_retrabalho,0.0,0.0,0.0,12,0
controle_motor_auto,j602_1.sm,ocupacao_retrabalho,0.0,0.0,0.0,12,0
controle_motor_auto,j6032_1.sm,ocupacao_retrabalho,0.0,0.0,0.0,12,0
controle_motor_auto,j6035_1.sm,ocupacao_retrabalho,0.0,0.0,0.0,12,0
controle_motor_auto,j6038_1.sm,ocupacao_retrabalho,0.0,0.0,0.0,12,0
controle_motor_auto,j6040_1.sm,ocupacao_retrabalho,0.0,0.0,0.0,12,0
controle_motor_auto,j6043_1.sm,ocupacao_retrabalho,0.0,0.0,0.0,12,0
controle_motor_auto,j6046_1.sm,ocupacao_retrabalho,0.0,0.0,0.0,12,0
controle_motor_auto,j604_1.sm,ocupacao_retrabalho,0.0,0.0,0.0,12,0
controle_motor_auto,j607_1.sm,ocupacao_retrabalho,0.0,0.0,0.0,12,0
controle_motor_auto,j6010_1.sm,extensoes_horizonte,0.0,0.0,0.0,12,0
controle_motor_auto,j6013_1.sm,extensoes_horizonte,0.0,0.0,0.0,12,0
controle_motor_auto,j6016_1.sm,extensoes_horizonte,0.0,0.0,0.0,12,0
controle_motor_auto,j6019_1.sm,extensoes_horizonte,0.0,0.0,0.0,12,0
controle_motor_auto,j6021_1.sm,extensoes_horizonte,0.0,0.0,0.0,12,0
controle_motor_auto,j6024_1.sm,extensoes_horizonte,0.0,0.0,0.0,12,0
controle_motor_auto,j6027_1.sm,extensoes_horizonte,0.0,0.0,0.0,12,0
controle_motor_auto,j602_1.sm,extensoes_horizonte,0.0,0.0,0.0,12,0
controle_motor_auto,j6032_1.sm,extensoes_horizonte,0.0,0.0,0.0,12,0
controle_motor_auto,j6035_1.sm,extensoes_horizonte,0.0,0.0,0.0,12,0
controle_motor_auto,j6038_1.sm,extensoes_horizonte,0.0,0.0,0.0,12,0
controle_motor_auto,j6040_1.sm,extensoes_horizonte,0.0,0.0,0.0,12,0
controle_motor_auto,j6043_1.sm,extensoes_horizonte,0.0,0.0,0.0,12,0
controle_motor_auto,j6046_1.sm,extensoes_horizonte,0.0,0.0,0.0,12,0
controle_motor_auto,j604_1.sm,extensoes_horizonte,0.0,0.0,0.0,12,0
controle_motor_auto,j607_1.sm,extensoes_horizonte,0.0,0.0,0.0,12,0
controle_motor_auto,j6010_1.sm,confianca_media_final,0.25,0.7999999999999999,0.5499999999999999,12,0
controle_motor_auto,j6013_1.sm,confianca_media_final,0.25,0.7999999999999999,0.5499999999999999,12,0
controle_motor_auto,j6016_1.sm,confianca_media_final,0.25,0.7999999999999999,0.5499999999999999,12,0
controle_motor_auto,j6019_1.sm,confianca_media_final,0.25,0.7999999999999999,0.5499999999999999,12,0
controle_motor_auto,j6021_1.sm,confianca_media_final,0.25,0.7999999999999999,0.5499999999999999,12,0
controle_motor_auto,j6024_1.sm,confianca_media_final,0.25,0.7999999999999999,0.5499999999999999,12,0
controle_motor_auto,j6027_1.sm,confianca_media_final,0.25,0.7999999999999999,0.5499999999999999,12,0
controle_motor_auto,j602_1.sm,confianca_media_final,0.25,0.7999999999999999,0.5499999999999999,12,0
controle_motor_auto,j6032_1.sm,confianca_media_final,0.25,0.7999999999999999,0.5499999999999999,12,0
controle_motor_auto,j6035_1.sm,confianca_media_final,0.25,0.7999999999999999,0.5499999999999999,12,0
controle_motor_auto,j6038_1.sm,confianca_media_final,0.25,0.7999999999999999,0.5499999999999999,12,0
controle_motor_auto,j6040_1.sm,confianca_media_final,0.25,0.7999999999999999,0.5499999999999999,12,0
controle_motor_auto,j6043_1.sm,confianca_media_final,0.25,0.7999999999999999,0.5499999999999999,12,0
controle_motor_auto,j6046_1.sm,confianca_media_final,0.25,0.7999999999999999,0.5499999999999999,12,0
controle_motor_auto,j604_1.sm,confianca_media_final,0.25,0.7999999999999999,0.5499999999999999,12,0
controle_motor_auto,j607_1.sm,confianca_media_final,0.25,0.7999999999999999,0.5499999999999999,12,0
legado,j6010_1.sm,concluiu,1.0,1.0,0.0,12,0
legado,j6013_1.sm,concluiu,1.0,1.0,0.0,12,0
legado,j6016_1.sm,concluiu,1.0,1.0,0.0,12,0
legado,j6019_1.sm,concluiu,1.0,1.0,0.0,12,0
legado,j6021_1.sm,concluiu,1.0,1.0,0.0,12,0
legado,j6024_1.sm,concluiu,1.0,1.0,0.0,12,0
legado,j6027_1.sm,concluiu,1.0,1.0,0.0,12,0
legado,j602_1.sm,concluiu,1.0,1.0,0.0,12,0
legado,j6032_1.sm,concluiu,1.0,1.0,0.0,12,0
legado,j6035_1.sm,concluiu,1.0,1.0,0.0,12,0
legado,j6038_1.sm,concluiu,1.0,1.0,0.0,12,0
legado,j6040_1.sm,concluiu,1.0,1.0,0.0,12,0
legado,j6043_1.sm,concluiu,1.0,1.0,0.0,12,0
legado,j6046_1.sm,concluiu,1.0,1.0,0.0,12,0
legado,j604_1.sm,concluiu,1.0,1.0,0.0,12,0
legado,j607_1.sm,concluiu,1.0,1.0,0.0,12,0
legado,j6010_1.sm,makespan,225.91666666666666,146.91666666666666,-79.0,12,0
legado,j6013_1.sm,makespan,317.1666666666667,243.33333333333334,-73.83333333333333,12,0
legado,j6016_1.sm,makespan,229.91666666666666,141.66666666666666,-88.25,12,0
legado,j6019_1.sm,makespan,228.08333333333334,133.33333333333334,-94.75,12,0
legado,j6021_1.sm,makespan,303.1666666666667,207.75,-95.41666666666667,12,0
legado,j6024_1.sm,makespan,181.75,106.0,-75.75,12,0
legado,j6027_1.sm,makespan,237.83333333333334,156.08333333333334,-81.75,12,0
legado,j602_1.sm,makespan,217.83333333333334,124.91666666666667,-92.91666666666667,12,0
legado,j6032_1.sm,makespan,203.16666666666666,122.41666666666667,-80.75,12,0
legado,j6035_1.sm,makespan,244.83333333333334,139.83333333333334,-105.0,12,0
legado,j6038_1.sm,makespan,218.08333333333334,141.16666666666666,-76.91666666666667,12,0
legado,j6040_1.sm,makespan,225.33333333333334,146.0,-79.33333333333333,12,0
legado,j6043_1.sm,makespan,261.9166666666667,165.25,-96.66666666666667,12,0
legado,j6046_1.sm,makespan,247.33333333333334,166.41666666666666,-80.91666666666667,12,0
legado,j604_1.sm,makespan,236.25,153.0,-83.25,12,0
legado,j607_1.sm,makespan,224.33333333333334,136.41666666666666,-87.91666666666667,12,0
legado,j6010_1.sm,makespan_cpm,85.0,85.0,0.0,12,0
legado,j6013_1.sm,makespan_cpm,69.0,69.0,0.0,12,0
legado,j6016_1.sm,makespan_cpm,64.0,64.0,0.0,12,0
legado,j6019_1.sm,makespan_cpm,62.0,62.0,0.0,12,0
legado,j6021_1.sm,makespan_cpm,76.0,76.0,0.0,12,0
legado,j6024_1.sm,makespan_cpm,65.0,65.0,0.0,12,0
legado,j6027_1.sm,makespan_cpm,96.0,96.0,0.0,12,0
legado,j602_1.sm,makespan_cpm,65.0,65.0,0.0,12,0
legado,j6032_1.sm,makespan_cpm,69.0,69.0,0.0,12,0
legado,j6035_1.sm,makespan_cpm,78.0,78.0,0.0,12,0
legado,j6038_1.sm,makespan_cpm,73.0,73.0,0.0,12,0
legado,j6040_1.sm,makespan_cpm,86.0,86.0,0.0,12,0
legado,j6043_1.sm,makespan_cpm,108.0,108.0,0.0,12,0
legado,j6046_1.sm,makespan_cpm,78.0,78.0,0.0,12,0
legado,j604_1.sm,makespan_cpm,84.0,84.0,0.0,12,0
legado,j607_1.sm,makespan_cpm,77.0,77.0,0.0,12,0
legado,j6010_1.sm,E_total,0.7752180352465051,0.8762128156976549,0.10099478045114992,12,0
legado,j6013_1.sm,E_total,0.8106450445979861,0.8851096599821237,0.07446461538413778,12,0
legado,j6016_1.sm,E_total,0.7980405425732466,0.886999703200085,0.08895916062683816,12,0
legado,j6019_1.sm,E_total,0.8042236669918142,0.8972475269371238,0.09302385994530966,12,0
legado,j6021_1.sm,E_total,0.8125221114512825,0.8805704434249529,0.06804833197367029,12,0
legado,j6024_1.sm,E_total,0.7718080207967549,0.899503955646146,0.12769593484939112,12,0
legado,j6027_1.sm,E_total,0.7836474265724326,0.8830553788287151,0.09940795225628259,12,0
legado,j602_1.sm,E_total,0.7963649628710093,0.8832602960010837,0.08689533313007429,12,0
legado,j6032_1.sm,E_total,0.7763731250782593,0.8983398680516013,0.12196674297334209,12,0
legado,j6035_1.sm,E_total,0.8009819037048778,0.8965526445822309,0.09557074087735316,12,0
legado,j6038_1.sm,E_total,0.79949221143458,0.8866199633695868,0.08712775193500684,12,0
legado,j6040_1.sm,E_total,0.7989837603744201,0.8919290271214094,0.09294526674698926,12,0
legado,j6043_1.sm,E_total,0.7005060257597386,0.8866391553207809,0.1861331295610422,12,0
legado,j6046_1.sm,E_total,0.7441738262497637,0.8707037479261938,0.12652992167643007,12,0
legado,j604_1.sm,E_total,0.7864215360322899,0.8920558655332665,0.10563432950097658,12,0
legado,j607_1.sm,E_total,0.783011833982994,0.9017108989878827,0.11869906500488843,12,0
legado,j6010_1.sm,S_UR_final,4.440892098500626e-16,0.0,-4.440892098500626e-16,12,0
legado,j6013_1.sm,S_UR_final,9.62193288008469e-16,7.401486830834377e-17,-8.881784197001252e-16,12,0
legado,j6016_1.sm,S_UR_final,1.0362081563168128e-15,7.401486830834377e-17,-9.62193288008469e-16,12,0
legado,j6019_1.sm,S_UR_final,1.4247862149356176e-15,2.7755575615628914e-17,-1.3970306393199887e-15,12,0
legado,j6021_1.sm,S_UR_final,2.4054832200211723e-16,0.0,-2.4054832200211723e-16,12,0
legado,j6024_1.sm,S_UR_final,5.181040781584064e-16,0.0,-5.181040781584064e-16,12,0
legado,j6027_1.sm,S_UR_final,1.0732155904709846e-15,0.0,-1.0732155904709846e-15,12,0
legado,j602_1.sm,S_UR_final,2.1094237467877974e-15,0.0,-2.1094237467877974e-15,12,0
legado,j6032_1.sm,S_UR_final,2.3129646346357427e-15,0.0,-2.3129646346357427e-15,12,0
legado,j6035_1.sm,S_UR_final,2.220446049250313e-16,0.0,-2.220446049250313e-16,12,0
legado,j6038_1.sm,S_UR_final,7.031412489292658e-16,0.0,-7.031412489292658e-16,12,0
legado,j6040_1.sm,S_UR_final,1.5913196686293911e-15,3.700743415417188e-17,-1.5543122344752192e-15,12,0
legado,j6043_1.sm,S_UR_final,2.9605947323337506e-16,0.0,-2.9605947323337506e-16,12,0
legado,j6046_1.sm,S_UR_final,2.590520390792032e-16,0.0,-2.590520390792032e-16,12,0
legado,j604_1.sm,S_UR_final,2.4424906541753444e-15,7.401486830834377e-17,-2.3684757858670005e-15,12,0
legado,j607_1.sm,S_UR_final,5.643633708511212e-16,0.0,-5.643633708511212e-16,12,0
legado,j6010_1.sm,S_UR_maximo,22.851360561976364,6.3584462877475305,-16.492914274228834,12,0
legado,j6013_1.sm,S_UR_maximo,23.598131601605868,8.656761825837828,-14.941369775768036,12,0
legado,j6016_1.sm,S_UR_maximo,31.733198153907136,9.882238692001202,-21.85095946190593,12,0
legado,j6019_1.sm,S_UR_maximo,23.755116189368252,5.662837915088557,-18.092278274279696,12,0
legado,j6021_1.sm,S_UR_maximo,22.537849828691222,6.2844000257023,-16.25344980298893,12,0
legado,j6024_1.sm,S_UR_maximo,22.611756363468942,6.685087587675834,-15.926668775793106,12,0
legado,j6027_1.sm,S_UR_maximo,22.78069279882229,6.0205370753413066,-16.760155723480985,12,0
legado,j602_1.sm,S_UR_maximo,31.146889904935563,6.5954114811604185,-24.55147842377514,12,0
legado,j6032_1.sm,S_UR_maximo,25.597167521094168,7.020544818803779,-18.576622702290393,12,0
legado,j6035_1.sm,S_UR_maximo,28.12097136057118,5.836980021651222,-22.283991338919957,12,0
legado,j6038_1.sm,S_UR_maximo,22.935726666292297,6.09733982553865,-16.838386840753643,12,0
legado,j6040_1.sm,S_UR_maximo,23.40791407404952,6.510972573190609,-16.896941500858915,12,0
legado,j6043_1.sm,S_UR_maximo,21.404777581027073,6.208231679805884,-15.19654590122119,12,0
legado,j6046_1.sm,S_UR_maximo,25.882474679655427,7.122210279505848,-18.76026440014958,12,0
legado,j604_1.sm,S_UR_maximo,29.36919248513603,7.8296634307810775,-21.539529054354947,12,0
legado,j607_1.sm,S_UR_maximo,24.062984272335495,6.4040562165265085,-17.658928055808985,12,0
legado,j6010_1.sm,S_PV_final,246.75,298.25,51.5,12,0
legado,j6013_1.sm,S_PV_final,255.33333333333334,318.1666666666667,62.833333333333336,12,0
legado,j6016_1.sm,S_PV_final,277.5833333333333,333.0833333333333,55.5,12,0
legado,j6019_1.sm,S_PV_final,250.08333333333334,317.1666666666667,67.08333333333333,12,0
legado,j6021_1.sm,S_PV_final,249.5,311.0833333333333,61.583333333333336,12,0
legado,j6024_1.sm,S_PV_final,216.25,261.9166666666667,45.666666666666664,12,0
legado,j6027_1.sm,S_PV_final,265.5833333333333,324.8333333333333,59.25,12,0
legado,j602_1.sm,S_PV_final,245.16666666666666,304.1666666666667,59.0,12,0
legado,j6032_1.sm,S_PV_final,259.5,306.0833333333333,46.583333333333336,12,0
legado,j6035_1.sm,S_PV_final,264.0,329.4166666666667,65.41666666666667,12,0
legado,j6038_1.sm,S_PV_final,265.9166666666667,318.75,52.833333333333336,12,0
legado,j6040_1.sm,S_PV_final,298.75,347.5,48.75,12,0
legado,j6043_1.sm,S_PV_final,248.91666666666666,308.5,59.583333333333336,12,0
legado,j6046_1.sm,S_PV_final,232.5,299.25,66.75,12,0
legado,j604_1.sm,S_PV_final,282.75,354.5833333333333,71.83333333333333,12,0
legado,j607_1.sm,S_PV_final,256.5833333333333,314.0,57.416666666666664,12,0
legado,j6010_1.sm,TW,619.9166666666666,502.5833333333333,-117.33333333333333,12,0
legado,j6013_1.sm,TW,696.25,592.75,-103.5,12,0
legado,j6016_1.sm,TW,839.5833333333334,653.0833333333334,-186.5,12,0
legado,j6019_1.sm,TW,714.3333333333334,558.5833333333334,-155.75,12,0
legado,j6021_1.sm,TW,669.5,518.3333333333334,-151.16666666666666,12,0
legado,j6024_1.sm,TW,554.8333333333334,426.4166666666667,-128.41666666666666,12,0
legado,j6027_1.sm,TW,624.3333333333334,498.8333333333333,-125.5,12,0
legado,j602_1.sm,TW,688.6666666666666,538.9166666666666,-149.75,12,0
legado,j6032_1.sm,TW,708.4166666666666,544.0,-164.41666666666666,12,0
legado,j6035_1.sm,TW,748.9166666666666,565.75,-183.16666666666666,12,0
legado,j6038_1.sm,TW,703.0,541.5833333333334,-161.41666666666666,12,0
legado,j6040_1.sm,TW,773.5833333333334,604.0,-169.58333333333334,12,0
legado,j6043_1.sm,TW,607.5833333333334,476.0,-131.58333333333334,12,0
legado,j6046_1.sm,TW,664.0833333333334,505.8333333333333,-158.25,12,0
legado,j604_1.sm,TW,830.4166666666666,672.6666666666666,-157.75,12,0
legado,j607_1.sm,TW,705.3333333333334,555.75,-149.58333333333334,12,0
legado,j6010_1.sm,TL,0.0,12.583333333333334,12.583333333333334,12,0
legado,j6013_1.sm,TL,0.0,8.166666666666666,8.166666666666666,12,0
legado,j6016_1.sm,TL,0.0,12.166666666666666,12.166666666666666,12,0
legado,j6019_1.sm,TL,0.0,9.333333333333334,9.333333333333334,12,0
legado,j6021_1.sm,TL,0.0,9.0,9.0,12,0
legado,j6024_1.sm,TL,0.0,8.083333333333334,8.083333333333334,12,0
legado,j6027_1.sm,TL,0.0,12.083333333333334,12.083333333333334,12,0
legado,j602_1.sm,TL,0.0,11.583333333333334,11.583333333333334,12,0
legado,j6032_1.sm,TL,0.0,7.833333333333333,7.833333333333333,12,0
legado,j6035_1.sm,TL,0.0,11.083333333333334,11.083333333333334,12,0
legado,j6038_1.sm,TL,0.0,12.25,12.25,12,0
legado,j6040_1.sm,TL,0.0,10.25,10.25,12,0
legado,j6043_1.sm,TL,0.0,9.75,9.75,12,0
legado,j6046_1.sm,TL,0.0,12.166666666666666,12.166666666666666,12,0
legado,j604_1.sm,TL,0.0,10.833333333333334,10.833333333333334,12,0
legado,j607_1.sm,TL,0.0,10.666666666666666,10.666666666666666,12,0
legado,j6010_1.sm,TU,120.41666666666667,6.083333333333333,-114.33333333333333,12,0
legado,j6013_1.sm,TU,86.25,2.1666666666666665,-84.08333333333333,12,0
legado,j6016_1.sm,TU,128.0,5.75,-122.25,12,0
legado,j6019_1.sm,TU,110.41666666666667,8.416666666666666,-102.0,12,0
legado,j6021_1.sm,TU,83.83333333333333,2.9166666666666665,-80.91666666666667,12,0
legado,j6024_1.sm,TU,114.66666666666667,4.833333333333333,-109.83333333333333,12,0
legado,j6027_1.sm,TU,118.08333333333333,7.916666666666667,-110.16666666666667,12,0
legado,j602_1.sm,TU,112.83333333333333,9.833333333333334,-103.0,12,0
legado,j6032_1.sm,TU,143.16666666666666,9.666666666666666,-133.5,12,0
legado,j6035_1.sm,TU,118.0,6.5,-111.5,12,0
legado,j6038_1.sm,TU,116.83333333333333,5.166666666666667,-111.66666666666667,12,0
legado,j6040_1.sm,TU,136.75,4.583333333333333,-132.16666666666666,12,0
legado,j6043_1.sm,TU,197.58333333333334,3.5,-194.08333333333334,12,0
legado,j6046_1.sm,TU,149.41666666666666,4.083333333333333,-145.33333333333334,12,0
legado,j604_1.sm,TU,148.16666666666666,9.25,-138.91666666666666,12,0
legado,j607_1.sm,TU,135.83333333333334,4.416666666666667,-131.41666666666666,12,0
legado,j6010_1.sm,TR,62.930689279459436,52.84867838232885,-10.082010897130575,12,0
legado,j6013_1.sm,TR,80.4438120411024,67.06406044226281,-13.379751598839606,12,0
legado,j6016_1.sm,TR,86.51063488760757,65.3958877549905,-21.114747132617058,12,0
legado,j6019_1.sm,TR,65.78711512987957,46.387566449465844,-19.39954868041373,12,0
legado,j6021_1.sm,TR,77.01372505511512,59.27303607520102,-17.740688979914097,12,0
legado,j6024_1.sm,TR,54.15070351644911,34.963762412174994,-19.18694110427412,12,0
legado,j6027_1.sm,TR,57.86436401168738,46.63503145244244,-11.229332559244945,12,0
legado,j602_1.sm,TR,65.80306517725687,50.03108132425236,-15.771983853004514,12,0
legado,j6032_1.sm,TR,62.81845092519157,44.3335269964698,-18.484923928721766,12,0
legado,j6035_1.sm,TR,70.80536667090725,48.17128753243068,-22.634079138476555,12,0
legado,j6038_1.sm,TR,65.0312077548054,51.99651012330784,-13.034697631497545,12,0
legado,j6040_1.sm,TR,61.26920989339725,58.48286162796509,-2.7863482654321565,12,0
legado,j6043_1.sm,TR,66.85493289905665,47.788264010995796,-19.066668888060864,12,0
legado,j6046_1.sm,TR,81.05081480433864,59.21092696741018,-21.839887836928458,12,0
legado,j604_1.sm,TR,81.69554154822497,61.74762571013415,-19.94791583809082,12,0
legado,j607_1.sm,TR,61.81548096564688,45.81239374421414,-16.003087221432736,12,0
legado,j6010_1.sm,n_limpas,48.333333333333336,56.25,7.916666666666667,12,0
legado,j6013_1.sm,n_limpas,46.25,56.416666666666664,10.166666666666666,12,0
legado,j6016_1.sm,n_limpas,46.0,54.833333333333336,8.833333333333334,12,0
legado,j6019_1.sm,n_limpas,46.416666666666664,56.75,10.333333333333334,12,0
legado,j6021_1.sm,n_limpas,46.916666666666664,56.5,9.583333333333334,12,0
legado,j6024_1.sm,n_limpas,48.0,56.25,8.25,12,0
legado,j6027_1.sm,n_limpas,47.333333333333336,56.166666666666664,8.833333333333334,12,0
legado,j602_1.sm,n_limpas,46.833333333333336,56.583333333333336,9.75,12,0
legado,j6032_1.sm,n_limpas,48.0,55.416666666666664,7.416666666666667,12,0
legado,j6035_1.sm,n_limpas,46.083333333333336,56.166666666666664,10.083333333333334,12,0
legado,j6038_1.sm,n_limpas,48.333333333333336,56.5,8.166666666666666,12,0
legado,j6040_1.sm,n_limpas,48.666666666666664,55.666666666666664,7.0,12,0
legado,j6043_1.sm,n_limpas,46.75,56.0,9.25,12,0
legado,j6046_1.sm,n_limpas,45.833333333333336,56.583333333333336,10.75,12,0
legado,j604_1.sm,n_limpas,45.416666666666664,56.0,10.583333333333334,12,0
legado,j607_1.sm,n_limpas,46.5,56.75,10.25,12,0
legado,j6010_1.sm,n_com_erro,11.666666666666666,3.75,-7.916666666666667,12,0
legado,j6013_1.sm,n_com_erro,13.75,3.5833333333333335,-10.166666666666666,12,0
legado,j6016_1.sm,n_com_erro,14.0,5.166666666666667,-8.833333333333334,12,0
legado,j6019_1.sm,n_com_erro,13.583333333333334,3.25,-10.333333333333334,12,0
legado,j6021_1.sm,n_com_erro,13.083333333333334,3.5,-9.583333333333334,12,0
legado,j6024_1.sm,n_com_erro,12.0,3.75,-8.25,12,0
legado,j6027_1.sm,n_com_erro,12.666666666666666,3.8333333333333335,-8.833333333333334,12,0
legado,j602_1.sm,n_com_erro,13.166666666666666,3.4166666666666665,-9.75,12,0
legado,j6032_1.sm,n_com_erro,12.0,4.583333333333333,-7.416666666666667,12,0
legado,j6035_1.sm,n_com_erro,13.916666666666666,3.8333333333333335,-10.083333333333334,12,0
legado,j6038_1.sm,n_com_erro,11.666666666666666,3.5,-8.166666666666666,12,0
legado,j6040_1.sm,n_com_erro,11.333333333333334,4.333333333333333,-7.0,12,0
legado,j6043_1.sm,n_com_erro,13.25,4.0,-9.25,12,0
legado,j6046_1.sm,n_com_erro,14.166666666666666,3.4166666666666665,-10.75,12,0
legado,j604_1.sm,n_com_erro,14.583333333333334,4.0,-10.583333333333334,12,0
legado,j607_1.sm,n_com_erro,13.5,3.25,-10.25,12,0
legado,j6010_1.sm,n_reportadas,2.5,10.25,7.75,12,0
legado,j6013_1.sm,n_reportadas,2.75,10.083333333333334,7.333333333333333,12,0
legado,j6016_1.sm,n_reportadas,2.8333333333333335,10.583333333333334,7.75,12,0
legado,j6019_1.sm,n_reportadas,1.5,9.416666666666666,7.916666666666667,12,0
legado,j6021_1.sm,n_reportadas,2.3333333333333335,10.916666666666666,8.583333333333334,12,0
legado,j6024_1.sm,n_reportadas,1.9166666666666667,8.083333333333334,6.166666666666667,12,0
legado,j6027_1.sm,n_reportadas,1.6666666666666667,9.75,8.083333333333334,12,0
legado,j602_1.sm,n_reportadas,1.9166666666666667,10.166666666666666,8.25,12,0
legado,j6032_1.sm,n_reportadas,1.9166666666666667,8.0,6.083333333333333,12,0
legado,j6035_1.sm,n_reportadas,1.4166666666666667,9.666666666666666,8.25,12,0
legado,j6038_1.sm,n_reportadas,2.25,10.083333333333334,7.833333333333333,12,0
legado,j6040_1.sm,n_reportadas,2.1666666666666665,10.833333333333334,8.666666666666666,12,0
legado,j6043_1.sm,n_reportadas,2.5,10.25,7.75,12,0
legado,j6046_1.sm,n_reportadas,3.0,11.666666666666666,8.666666666666666,12,0
legado,j604_1.sm,n_reportadas,1.5833333333333333,10.583333333333334,9.0,12,0
legado,j607_1.sm,n_reportadas,2.0,9.5,7.5,12,0
legado,j6010_1.sm,n_adiamentos,0.0,0.0,0.0,12,0
legado,j6013_1.sm,n_adiamentos,0.0,0.0,0.0,12,0
legado,j6016_1.sm,n_adiamentos,0.0,0.0,0.0,12,0
legado,j6019_1.sm,n_adiamentos,0.0,0.0,0.0,12,0
legado,j6021_1.sm,n_adiamentos,0.0,0.0,0.0,12,0
legado,j6024_1.sm,n_adiamentos,0.0,0.0,0.0,12,0
legado,j6027_1.sm,n_adiamentos,0.0,0.0,0.0,12,0
legado,j602_1.sm,n_adiamentos,0.0,0.0,0.0,12,0
legado,j6032_1.sm,n_adiamentos,0.0,0.0,0.0,12,0
legado,j6035_1.sm,n_adiamentos,0.0,0.0,0.0,12,0
legado,j6038_1.sm,n_adiamentos,0.0,0.0,0.0,12,0
legado,j6040_1.sm,n_adiamentos,0.0,0.0,0.0,12,0
legado,j6043_1.sm,n_adiamentos,0.0,0.0,0.0,12,0
legado,j6046_1.sm,n_adiamentos,0.0,0.0,0.0,12,0
legado,j604_1.sm,n_adiamentos,0.0,0.0,0.0,12,0
legado,j607_1.sm,n_adiamentos,0.0,0.0,0.0,12,0
legado,j6010_1.sm,taxa_omissao,0.1944444444444445,0.06250000000000001,-0.13194444444444445,12,0
legado,j6013_1.sm,taxa_omissao,0.22916666666666663,0.059722222222222225,-0.16944444444444443,12,0
legado,j6016_1.sm,taxa_omissao,0.2333333333333333,0.08611111111111112,-0.14722222222222223,12,0
legado,j6019_1.sm,taxa_omissao,0.2263888888888889,0.05416666666666667,-0.17222222222222225,12,0
legado,j6021_1.sm,taxa_omissao,0.21805555555555556,0.05833333333333333,-0.15972222222222224,12,0
legado,j6024_1.sm,taxa_omissao,0.19999999999999998,0.0625,-0.13750000000000004,12,0
legado,j6027_1.sm,taxa_omissao,0.2111111111111111,0.0638888888888889,-0.1472222222222222,12,0
legado,j602_1.sm,taxa_omissao,0.21944444444444444,0.05694444444444446,-0.1625,12,0
legado,j6032_1.sm,taxa_omissao,0.19999999999999998,0.0763888888888889,-0.1236111111111111,12,0
legado,j6035_1.sm,taxa_omissao,0.23194444444444448,0.0638888888888889,-0.16805555555555554,12,0
legado,j6038_1.sm,taxa_omissao,0.19444444444444445,0.05833333333333333,-0.1361111111111111,12,0
legado,j6040_1.sm,taxa_omissao,0.18888888888888888,0.07222222222222223,-0.11666666666666668,12,0
legado,j6043_1.sm,taxa_omissao,0.22083333333333333,0.06666666666666667,-0.15416666666666667,12,0
legado,j6046_1.sm,taxa_omissao,0.23611111111111108,0.05694444444444446,-0.17916666666666667,12,0
legado,j604_1.sm,taxa_omissao,0.24305555555555555,0.06666666666666667,-0.1763888888888889,12,0
legado,j607_1.sm,taxa_omissao,0.225,0.05416666666666667,-0.17083333333333336,12,0
legado,j6010_1.sm,E_plano,323.0,323.0,0.0,12,0
legado,j6013_1.sm,E_plano,340.0,340.0,0.0,12,0
legado,j6016_1.sm,E_plano,365.0,365.0,0.0,12,0
legado,j6019_1.sm,E_plano,336.0,336.0,0.0,12,0
legado,j6021_1.sm,E_plano,332.0,332.0,0.0,12,0
legado,j6024_1.sm,E_plano,284.0,284.0,0.0,12,0
legado,j6027_1.sm,E_plano,346.0,346.0,0.0,12,0
legado,j602_1.sm,E_plano,324.0,324.0,0.0,12,0
legado,j6032_1.sm,E_plano,337.0,337.0,0.0,12,0
legado,j6035_1.sm,E_plano,353.0,353.0,0.0,12,0
legado,j6038_1.sm,E_plano,341.0,341.0,0.0,12,0
legado,j6040_1.sm,E_plano,375.0,375.0,0.0,12,0
legado,j6043_1.sm,E_plano,334.0,334.0,0.0,12,0
legado,j6046_1.sm,E_plano,320.0,320.0,0.0,12,0
legado,j604_1.sm,E_plano,382.0,382.0,0.0,12,0
legado,j607_1.sm,E_plano,336.0,336.0,0.0,12,0
legado,j6010_1.sm,retrabalho_sobre_plano,0.19483185535436354,0.16361819932609553,-0.031213656028268023,12,0
legado,j6013_1.sm,retrabalho_sobre_plano,0.23659944717971296,0.19724723659489063,-0.039352210584822356,12,0
legado,j6016_1.sm,retrabalho_sobre_plano,0.23701543804823988,0.17916681576709725,-0.057848622281142646,12,0
legado,j6019_1.sm,retrabalho_sobre_plano,0.19579498550559396,0.1380582334805531,-0.05773675202504086,12,0
legado,j6021_1.sm,retrabalho_sobre_plano,0.23196905137082866,0.17853324119036448,-0.05343581018046414,12,0
legado,j6024_1.sm,retrabalho_sobre_plano,0.19067149125510252,0.12311183947948943,-0.06755965177561311,12,0
legado,j6027_1.sm,retrabalho_sobre_plano,0.16723804627655312,0.13478332789723246,-0.03245471837932066,12,0
legado,j602_1.sm,retrabalho_sobre_plano,0.20309588017671873,0.15441691766744553,-0.04867896250927319,12,0
legado,j6032_1.sm,retrabalho_sobre_plano,0.18640489888780878,0.131553492571127,-0.054851406316681804,12,0
legado,j6035_1.sm,retrabalho_sobre_plano,0.20058177527169188,0.1364625709134014,-0.06411920435829054,12,0
legado,j6038_1.sm,retrabalho_sobre_plano,0.1907073541196639,0.1524824343792019,-0.038224919740462,12,0
legado,j6040_1.sm,retrabalho_sobre_plano,0.163384559715726,0.15595429767457358,-0.007430262041152417,12,0
legado,j6043_1.sm,retrabalho_sobre_plano,0.20016446975765464,0.14307863476346044,-0.0570858349941942,12,0
legado,j6046_1.sm,retrabalho_sobre_plano,0.25328379626355824,0.18503414677315685,-0.06824964949040145,12,0
legado,j604_1.sm,retrabalho_sobre_plano,0.213862674210013,0.16164299924118883,-0.05221967496882415,12,0
legado,j607_1.sm,retrabalho_sobre_plano,0.18397464573109187,0.13634640995301825,-0.04762823577807362,12,0
legado,j6010_1.sm,divida_latente_sobre_plano,0.07074724632190828,0.019685592222128578,-0.05106165409977969,12,0
legado,j6013_1.sm,divida_latente_sobre_plano,0.06940626941648785,0.025461064193640675,-0.043945205222847165,12,0
legado,j6016_1.sm,divida_latente_sobre_plano,0.08694026891481406,0.027074626553427943,-0.05986564236138612,12,0
legado,j6019_1.sm,divida_latente_sobre_plano,0.070699750563596,0.016853684271096892,-0.0538460662924991,12,0
legado,j6021_1.sm,divida_latente_sobre_plano,0.06788508984545549,0.018928915740067165,-0.04895617410538833,12,0
legado,j6024_1.sm,divida_latente_sobre_plano,0.07961886043474979,0.023539040801675473,-0.056079819633074325,12,0
legado,j6027_1.sm,divida_latente_sobre_plano,0.06584015259775229,0.01740039617150667,-0.04843975642624562,12,0
legado,j602_1.sm,divida_latente_sobre_plano,0.09613237624980109,0.020356208275186475,-0.07577616797461463,12,0
legado,j6032_1.sm,divida_latente_sobre_plano,0.07595598670947824,0.020832477207132872,-0.055123509502345354,12,0
legado,j6035_1.sm,divida_latente_sobre_plano,0.07966280838688719,0.01653535416898363,-0.06312745421790357,12,0
legado,j6038_1.sm,divida_latente_sobre_plano,0.06726019550232344,0.017880761951726245,-0.04937943355059721,12,0
legado,j6040_1.sm,divida_latente_sobre_plano,0.06242110419746539,0.01736259352850829,-0.04505851066895711,12,0
legado,j6043_1.sm,divida_latente_sobre_plano,0.06408616042223676,0.018587519999418815,-0.04549864042281793,12,0
legado,j6046_1.sm,divida_latente_sobre_plano,0.08088273337392322,0.02225690712345577,-0.058625826250467444,12,0
legado,j604_1.sm,divida_latente_sobre_plano,0.07688270284067023,0.020496501127699157,-0.056386201712971075,12,0
legado,j607_1.sm,divida_latente_sobre_plano,0.07161602462004611,0.01905969112061461,-0.052556333499431514,12,0
legado,j6010_1.sm,retrabalho_sobre_esforco_realizado,0.07809132355993186,0.09122398944914241,0.013132665889210566,12,0
legado,j6013_1.sm,retrabalho_sobre_esforco_realizado,0.09266733466710309,0.09950323522913329,0.006835900562030203,12,0
legado,j6016_1.sm,retrabalho_sobre_esforco_realizado,0.081808104439534,0.08862954777973292,0.006821443340198904,12,0
legado,j6019_1.sm,retrabalho_sobre_esforco_realizado,0.07368452599238849,0.07407877266093645,0.0003942466685479719,12,0
legado,j6021_1.sm,retrabalho_sobre_esforco_realizado,0.09208045215217768,0.09900684204114953,0.006926389888971857,12,0
legado,j6024_1.sm,retrabalho_sobre_esforco_realizado,0.07406998433753634,0.07337768410233002,-0.0006923002352063334,12,0
legado,j6027_1.sm,retrabalho_sobre_esforco_realizado,0.07202636268642937,0.08157202228030029,0.009545659593870912,12,0
legado,j602_1.sm,retrabalho_sobre_esforco_realizado,0.07634246507953484,0.08166912484149084,0.005326659761955986,12,0
legado,j6032_1.sm,retrabalho_sobre_esforco_realizado,0.06897891396256846,0.07283827671586544,0.003859362753296978,12,0
legado,j6035_1.sm,retrabalho_sobre_esforco_realizado,0.07478791184251464,0.07583025470240426,0.0010423428598896115,12,0
legado,j6038_1.sm,retrabalho_sobre_esforco_realizado,0.07291751062217174,0.08485293848425873,0.011935427862086992,12,0
legado,j6040_1.sm,retrabalho_sobre_esforco_realizado,0.06313164663535838,0.08618467223941158,0.0230530256040532,12,0
legado,j6043_1.sm,retrabalho_sobre_esforco_realizado,0.07629380293245375,0.08869987581244816,0.012406072879994434,12,0
legado,j6046_1.sm,retrabalho_sobre_esforco_realizado,0.09009261518090093,0.10129797994256823,0.011205364761667308,12,0
legado,j604_1.sm,retrabalho_sobre_esforco_realizado,0.07626720696650707,0.0812619462027914,0.004994739236284335,12,0
legado,j607_1.sm,retrabalho_sobre_esforco_realizado,0.06883061904732694,0.07379711570493457,0.004966496657607635,12,0
legado,j6010_1.sm,p1_omissao,32.25,15.25,-17.0,12,0
legado,j6013_1.sm,p1_omissao,41.916666666666664,33.666666666666664,-8.25,12,0
legado,j6016_1.sm,p1_omissao,50.666666666666664,29.75,-20.916666666666668,12,0
legado,j6019_1.sm,p1_omissao,41.333333333333336,21.083333333333332,-20.25,12,0
legado,j6021_1.sm,p1_omissao,36.5,19.833333333333332,-16.666666666666668,12,0
legado,j6024_1.sm,p1_omissao,25.083333333333332,9.166666666666666,-15.916666666666666,12,0
legado,j6027_1.sm,p1_omissao,28.0,12.083333333333334,-15.916666666666666,12,0
legado,j602_1.sm,p1_omissao,41.416666666666664,20.333333333333332,-21.083333333333332,12,0
legado,j6032_1.sm,p1_omissao,36.75,13.583333333333334,-23.166666666666668,12,0
legado,j6035_1.sm,p1_omissao,42.666666666666664,18.916666666666668,-23.75,12,0
legado,j6038_1.sm,p1_omissao,36.25,17.666666666666668,-18.583333333333332,12,0
legado,j6040_1.sm,p1_omissao,40.833333333333336,19.75,-21.083333333333332,12,0
legado,j6043_1.sm,p1_omissao,30.833333333333332,9.25,-21.583333333333332,12,0
legado,j6046_1.sm,p1_omissao,43.916666666666664,20.333333333333332,-23.583333333333332,12,0
legado,j604_1.sm,p1_omissao,46.833333333333336,26.583333333333332,-20.25,12,0
legado,j607_1.sm,p1_omissao,43.0,19.416666666666668,-23.583333333333332,12,0
legado,j6010_1.sm,p1_fuga,0.0,0.0,0.0,12,0
legado,j6013_1.sm,p1_fuga,0.0,0.0,0.0,12,0
legado,j6016_1.sm,p1_fuga,0.0,0.0,0.0,12,0
legado,j6019_1.sm,p1_fuga,0.0,0.0,0.0,12,0
legado,j6021_1.sm,p1_fuga,0.0,0.0,0.0,12,0
legado,j6024_1.sm,p1_fuga,0.0,0.0,0.0,12,0
legado,j6027_1.sm,p1_fuga,0.0,0.0,0.0,12,0
legado,j602_1.sm,p1_fuga,0.0,0.0,0.0,12,0
legado,j6032_1.sm,p1_fuga,0.0,0.0,0.0,12,0
legado,j6035_1.sm,p1_fuga,0.0,0.0,0.0,12,0
legado,j6038_1.sm,p1_fuga,0.0,0.0,0.0,12,0
legado,j6040_1.sm,p1_fuga,0.0,0.0,0.0,12,0
legado,j6043_1.sm,p1_fuga,0.0,0.0,0.0,12,0
legado,j6046_1.sm,p1_fuga,0.0,0.0,0.0,12,0
legado,j604_1.sm,p1_fuga,0.0,0.0,0.0,12,0
legado,j607_1.sm,p1_fuga,0.0,0.0,0.0,12,0
legado,j6010_1.sm,p2_ajuda,0.0,12.583333333333334,12.583333333333334,12,0
legado,j6013_1.sm,p2_ajuda,0.0,8.166666666666666,8.166666666666666,12,0
legado,j6016_1.sm,p2_ajuda,0.0,12.166666666666666,12.166666666666666,12,0
legado,j6019_1.sm,p2_ajuda,0.0,9.333333333333334,9.333333333333334,12,0
legado,j6021_1.sm,p2_ajuda,0.0,9.0,9.0,12,0
legado,j6024_1.sm,p2_ajuda,0.0,8.083333333333334,8.083333333333334,12,0
legado,j6027_1.sm,p2_ajuda,0.0,12.083333333333334,12.083333333333334,12,0
legado,j602_1.sm,p2_ajuda,0.0,11.583333333333334,11.583333333333334,12,0
legado,j6032_1.sm,p2_ajuda,0.0,7.833333333333333,7.833333333333333,12,0
legado,j6035_1.sm,p2_ajuda,0.0,11.083333333333334,11.083333333333334,12,0
legado,j6038_1.sm,p2_ajuda,0.0,12.25,12.25,12,0
legado,j6040_1.sm,p2_ajuda,0.0,10.25,10.25,12,0
legado,j6043_1.sm,p2_ajuda,0.0,9.75,9.75,12,0
legado,j6046_1.sm,p2_ajuda,0.0,12.166666666666666,12.166666666666666,12,0
legado,j604_1.sm,p2_ajuda,0.0,10.833333333333334,10.833333333333334,12,0
legado,j607_1.sm,p2_ajuda,0.0,10.666666666666666,10.666666666666666,12,0
legado,j6010_1.sm,p2_bloqueio,120.41666666666667,6.083333333333333,-114.33333333333333,12,0
legado,j6013_1.sm,p2_bloqueio,86.25,2.1666666666666665,-84.08333333333333,12,0
legado,j6016_1.sm,p2_bloqueio,128.0,5.75,-122.25,12,0
legado,j6019_1.sm,p2_bloqueio,110.41666666666667,8.416666666666666,-102.0,12,0
legado,j6021_1.sm,p2_bloqueio,83.83333333333333,2.9166666666666665,-80.91666666666667,12,0
legado,j6024_1.sm,p2_bloqueio,114.66666666666667,4.833333333333333,-109.83333333333333,12,0
legado,j6027_1.sm,p2_bloqueio,118.08333333333333,7.916666666666667,-110.16666666666667,12,0
legado,j602_1.sm,p2_bloqueio,112.83333333333333,9.833333333333334,-103.0,12,0
legado,j6032_1.sm,p2_bloqueio,143.16666666666666,9.666666666666666,-133.5,12,0
legado,j6035_1.sm,p2_bloqueio,118.0,6.5,-111.5,12,0
legado,j6038_1.sm,p2_bloqueio,116.83333333333333,5.166666666666667,-111.66666666666667,12,0
legado,j6040_1.sm,p2_bloqueio,136.75,4.583333333333333,-132.16666666666666,12,0
legado,j6043_1.sm,p2_bloqueio,197.58333333333334,3.5,-194.08333333333334,12,0
legado,j6046_1.sm,p2_bloqueio,149.41666666666666,4.083333333333333,-145.33333333333334,12,0
legado,j604_1.sm,p2_bloqueio,148.16666666666666,9.25,-138.91666666666666,12,0
legado,j607_1.sm,p2_bloqueio,135.83333333333334,4.416666666666667,-131.41666666666666,12,0
legado,j6010_1.sm,p3_analitica,27.75,44.75,17.0,12,0
legado,j6013_1.sm,p3_analitica,18.083333333333332,26.333333333333332,8.25,12,0
legado,j6016_1.sm,p3_analitica,9.333333333333334,30.25,20.916666666666668,12,0
legado,j6019_1.sm,p3_analitica,18.666666666666668,38.916666666666664,20.25,12,0
legado,j6021_1.sm,p3_analitica,23.5,40.166666666666664,16.666666666666668,12,0
legado,j6024_1.sm,p3_analitica,34.916666666666664,50.833333333333336,15.916666666666666,12,0
legado,j6027_1.sm,p3_analitica,32.0,47.916666666666664,15.916666666666666,12,0
legado,j602_1.sm,p3_analitica,18.583333333333332,39.666666666666664,21.083333333333332,12,0
legado,j6032_1.sm,p3_analitica,23.25,46.416666666666664,23.166666666666668,12,0
legado,j6035_1.sm,p3_analitica,17.333333333333332,41.083333333333336,23.75,12,0
legado,j6038_1.sm,p3_analitica,23.75,42.333333333333336,18.583333333333332,12,0
legado,j6040_1.sm,p3_analitica,19.166666666666668,40.25,21.083333333333332,12,0
legado,j6043_1.sm,p3_analitica,29.166666666666668,50.75,21.583333333333332,12,0
legado,j6046_1.sm,p3_analitica,16.083333333333332,39.666666666666664,23.583333333333332,12,0
legado,j604_1.sm,p3_analitica,13.166666666666666,33.416666666666664,20.25,12,0
legado,j607_1.sm,p3_analitica,17.0,40.583333333333336,23.583333333333332,12,0
legado,j6010_1.sm,hiato_encontrado,120.41666666666667,18.666666666666668,-101.75,12,0
legado,j6013_1.sm,hiato_encontrado,86.25,10.333333333333334,-75.91666666666667,12,0
legado,j6016_1.sm,hiato_encontrado,128.0,17.916666666666668,-110.08333333333333,12,0
legado,j6019_1.sm,hiato_encontrado,110.41666666666667,17.75,-92.66666666666667,12,0
legado,j6021_1.sm,hiato_encontrado,83.83333333333333,11.916666666666666,-71.91666666666667,12,0
legado,j6024_1.sm,hiato_encontrado,114.66666666666667,12.916666666666666,-101.75,12,0
legado,j6027_1.sm,hiato_encontrado,118.08333333333333,20.0,-98.08333333333333,12,0
legado,j602_1.sm,hiato_encontrado,112.83333333333333,21.416666666666668,-91.41666666666667,12,0
legado,j6032_1.sm,hiato_encontrado,143.16666666666666,17.5,-125.66666666666667,12,0
legado,j6035_1.sm,hiato_encontrado,118.0,17.583333333333332,-100.41666666666667,12,0
legado,j6038_1.sm,hiato_encontrado,116.83333333333333,17.416666666666668,-99.41666666666667,12,0
legado,j6040_1.sm,hiato_encontrado,136.75,14.833333333333334,-121.91666666666667,12,0
legado,j6043_1.sm,hiato_encontrado,197.58333333333334,13.25,-184.33333333333334,12,0
legado,j6046_1.sm,hiato_encontrado,149.41666666666666,16.25,-133.16666666666666,12,0
legado,j604_1.sm,hiato_encontrado,148.16666666666666,20.083333333333332,-128.08333333333334,12,0
legado,j607_1.sm,hiato_encontrado,135.83333333333334,15.083333333333334,-120.75,12,0
legado,j6010_1.sm,hiato_sem_colega_capaz,40.416666666666664,6.083333333333333,-34.333333333333336,12,0
legado,j6013_1.sm,hiato_sem_colega_capaz,21.833333333333332,2.1666666666666665,-19.666666666666668,12,0
legado,j6016_1.sm,hiato_sem_colega_capaz,47.666666666666664,5.75,-41.916666666666664,12,0
legado,j6019_1.sm,hiato_sem_colega_capaz,47.75,8.416666666666666,-39.333333333333336,12,0
legado,j6021_1.sm,hiato_sem_colega_capaz,21.916666666666668,2.9166666666666665,-19.0,12,0
legado,j6024_1.sm,hiato_sem_colega_capaz,41.333333333333336,4.833333333333333,-36.5,12,0
legado,j6027_1.sm,hiato_sem_colega_capaz,37.166666666666664,7.916666666666667,-29.25,12,0
legado,j602_1.sm,hiato_sem_colega_capaz,45.5,9.833333333333334,-35.666666666666664,12,0
legado,j6032_1.sm,hiato_sem_colega_capaz,56.583333333333336,9.666666666666666,-46.916666666666664,12,0
legado,j6035_1.sm,hiato_sem_colega_capaz,44.0,6.5,-37.5,12,0
legado,j6038_1.sm,hiato_sem_colega_capaz,45.166666666666664,5.166666666666667,-40.0,12,0
legado,j6040_1.sm,hiato_sem_colega_capaz,53.083333333333336,4.583333333333333,-48.5,12,0
legado,j6043_1.sm,hiato_sem_colega_capaz,53.416666666666664,3.5,-49.916666666666664,12,0
legado,j6046_1.sm,hiato_sem_colega_capaz,44.5,4.083333333333333,-40.416666666666664,12,0
legado,j604_1.sm,hiato_sem_colega_capaz,62.25,9.25,-53.0,12,0
legado,j607_1.sm,hiato_sem_colega_capaz,54.916666666666664,4.416666666666667,-50.5,12,0
legado,j6010_1.sm,hiato_sem_colega_livre,7.5,1.0833333333333333,-6.416666666666667,12,0
legado,j6013_1.sm,hiato_sem_colega_livre,0.0,0.0,0.0,12,0
legado,j6016_1.sm,hiato_sem_colega_livre,11.416666666666666,0.5833333333333334,-10.833333333333334,12,0
legado,j6019_1.sm,hiato_sem_colega_livre,20.916666666666668,4.583333333333333,-16.333333333333332,12,0
legado,j6021_1.sm,hiato_sem_colega_livre,0.4166666666666667,0.0,-0.4166666666666667,12,0
legado,j6024_1.sm,hiato_sem_colega_livre,10.916666666666666,1.9166666666666667,-9.0,12,0
legado,j6027_1.sm,hiato_sem_colega_livre,4.166666666666667,1.8333333333333333,-2.3333333333333335,12,0
legado,j602_1.sm,hiato_sem_colega_livre,17.833333333333332,6.083333333333333,-11.75,12,0
legado,j6032_1.sm,hiato_sem_colega_livre,16.916666666666668,4.583333333333333,-12.333333333333334,12,0
legado,j6035_1.sm,hiato_sem_colega_livre,16.5,3.0833333333333335,-13.416666666666666,12,0
legado,j6038_1.sm,hiato_sem_colega_livre,15.416666666666666,0.25,-15.166666666666666,12,0
legado,j6040_1.sm,hiato_sem_colega_livre,17.166666666666668,0.6666666666666666,-16.5,12,0
legado,j6043_1.sm,hiato_sem_colega_livre,1.1666666666666667,0.0,-1.1666666666666667,12,0
legado,j6046_1.sm,hiato_sem_colega_livre,1.0833333333333333,0.0,-1.0833333333333333,12,0
legado,j604_1.sm,hiato_sem_colega_livre,22.166666666666668,6.0,-16.166666666666668,12,0
legado,j607_1.sm,hiato_sem_colega_livre,18.583333333333332,0.5,-18.083333333333332,12,0
legado,j6010_1.sm,hiato_colega_capaz_sem_confianca,80.0,0.0,-80.0,12,0
legado,j6013_1.sm,hiato_colega_capaz_sem_confianca,64.41666666666667,0.0,-64.41666666666667,12,0
legado,j6016_1.sm,hiato_colega_capaz_sem_confianca,80.33333333333333,0.0,-80.33333333333333,12,0
legado,j6019_1.sm,hiato_colega_capaz_sem_confianca,62.666666666666664,0.0,-62.666666666666664,12,0
legado,j6021_1.sm,hiato_colega_capaz_sem_confianca,61.916666666666664,0.0,-61.916666666666664,12,0
legado,j6024_1.sm,hiato_colega_capaz_sem_confianca,73.33333333333333,0.0,-73.33333333333333,12,0
legado,j6027_1.sm,hiato_colega_capaz_sem_confianca,80.91666666666667,0.0,-80.91666666666667,12,0
legado,j602_1.sm,hiato_colega_capaz_sem_confianca,67.33333333333333,0.0,-67.33333333333333,12,0
legado,j6032_1.sm,hiato_colega_capaz_sem_confianca,86.58333333333333,0.0,-86.58333333333333,12,0
legado,j6035_1.sm,hiato_colega_capaz_sem_confianca,74.0,0.0,-74.0,12,0
legado,j6038_1.sm,hiato_colega_capaz_sem_confianca,71.66666666666667,0.0,-71.66666666666667,12,0
legado,j6040_1.sm,hiato_colega_capaz_sem_confianca,83.66666666666667,0.0,-83.66666666666667,12,0
legado,j6043_1.sm,hiato_colega_capaz_sem_confianca,144.16666666666666,0.0,-144.16666666666666,12,0
legado,j6046_1.sm,hiato_colega_capaz_sem_confianca,104.91666666666667,0.0,-104.91666666666667,12,0
legado,j604_1.sm,hiato_colega_capaz_sem_confianca,85.91666666666667,0.0,-85.91666666666667,12,0
legado,j607_1.sm,hiato_colega_capaz_sem_confianca,80.91666666666667,0.0,-80.91666666666667,12,0
legado,j6010_1.sm,competencia_maxima_inicial,0.6784269160974062,0.6784269160974062,0.0,12,0
legado,j6013_1.sm,competencia_maxima_inicial,0.6784269160974062,0.6784269160974062,0.0,12,0
legado,j6016_1.sm,competencia_maxima_inicial,0.6784269160974062,0.6784269160974062,0.0,12,0
legado,j6019_1.sm,competencia_maxima_inicial,0.6784269160974062,0.6784269160974062,0.0,12,0
legado,j6021_1.sm,competencia_maxima_inicial,0.6784269160974062,0.6784269160974062,0.0,12,0
legado,j6024_1.sm,competencia_maxima_inicial,0.6784269160974062,0.6784269160974062,0.0,12,0
legado,j6027_1.sm,competencia_maxima_inicial,0.6784269160974062,0.6784269160974062,0.0,12,0
legado,j602_1.sm,competencia_maxima_inicial,0.6784269160974062,0.6784269160974062,0.0,12,0
legado,j6032_1.sm,competencia_maxima_inicial,0.6784269160974062,0.6784269160974062,0.0,12,0
legado,j6035_1.sm,competencia_maxima_inicial,0.6784269160974062,0.6784269160974062,0.0,12,0
legado,j6038_1.sm,competencia_maxima_inicial,0.6784269160974062,0.6784269160974062,0.0,12,0
legado,j6040_1.sm,competencia_maxima_inicial,0.6784269160974062,0.6784269160974062,0.0,12,0
legado,j6043_1.sm,competencia_maxima_inicial,0.6784269160974062,0.6784269160974062,0.0,12,0
legado,j6046_1.sm,competencia_maxima_inicial,0.6784269160974062,0.6784269160974062,0.0,12,0
legado,j604_1.sm,competencia_maxima_inicial,0.6784269160974062,0.6784269160974062,0.0,12,0
legado,j607_1.sm,competencia_maxima_inicial,0.6784269160974062,0.6784269160974062,0.0,12,0
legado,j6010_1.sm,competencia_minima_inicial,0.36053696648776334,0.36053696648776334,0.0,12,0
legado,j6013_1.sm,competencia_minima_inicial,0.36053696648776334,0.36053696648776334,0.0,12,0
legado,j6016_1.sm,competencia_minima_inicial,0.36053696648776334,0.36053696648776334,0.0,12,0
legado,j6019_1.sm,competencia_minima_inicial,0.36053696648776334,0.36053696648776334,0.0,12,0
legado,j6021_1.sm,competencia_minima_inicial,0.36053696648776334,0.36053696648776334,0.0,12,0
legado,j6024_1.sm,competencia_minima_inicial,0.36053696648776334,0.36053696648776334,0.0,12,0
legado,j6027_1.sm,competencia_minima_inicial,0.36053696648776334,0.36053696648776334,0.0,12,0
legado,j602_1.sm,competencia_minima_inicial,0.36053696648776334,0.36053696648776334,0.0,12,0
legado,j6032_1.sm,competencia_minima_inicial,0.36053696648776334,0.36053696648776334,0.0,12,0
legado,j6035_1.sm,competencia_minima_inicial,0.36053696648776334,0.36053696648776334,0.0,12,0
legado,j6038_1.sm,competencia_minima_inicial,0.36053696648776334,0.36053696648776334,0.0,12,0
legado,j6040_1.sm,competencia_minima_inicial,0.36053696648776334,0.36053696648776334,0.0,12,0
legado,j6043_1.sm,competencia_minima_inicial,0.36053696648776334,0.36053696648776334,0.0,12,0
legado,j6046_1.sm,competencia_minima_inicial,0.36053696648776334,0.36053696648776334,0.0,12,0
legado,j604_1.sm,competencia_minima_inicial,0.36053696648776334,0.36053696648776334,0.0,12,0
legado,j607_1.sm,competencia_minima_inicial,0.36053696648776334,0.36053696648776334,0.0,12,0
legado,j6010_1.sm,tarefas_acima_da_competencia_maxima_inicial,11.583333333333334,11.583333333333334,0.0,12,0
legado,j6013_1.sm,tarefas_acima_da_competencia_maxima_inicial,16.333333333333332,16.333333333333332,0.0,12,0
legado,j6016_1.sm,tarefas_acima_da_competencia_maxima_inicial,19.083333333333332,19.083333333333332,0.0,12,0
legado,j6019_1.sm,tarefas_acima_da_competencia_maxima_inicial,13.666666666666666,13.666666666666666,0.0,12,0
legado,j6021_1.sm,tarefas_acima_da_competencia_maxima_inicial,13.5,13.5,0.0,12,0
legado,j6024_1.sm,tarefas_acima_da_competencia_maxima_inicial,9.416666666666666,9.416666666666666,0.0,12,0
legado,j6027_1.sm,tarefas_acima_da_competencia_maxima_inicial,15.75,15.75,0.0,12,0
legado,j602_1.sm,tarefas_acima_da_competencia_maxima_inicial,12.25,12.25,0.0,12,0
legado,j6032_1.sm,tarefas_acima_da_competencia_maxima_inicial,10.416666666666666,10.416666666666666,0.0,12,0
legado,j6035_1.sm,tarefas_acima_da_competencia_maxima_inicial,17.666666666666668,17.666666666666668,0.0,12,0
legado,j6038_1.sm,tarefas_acima_da_competencia_maxima_inicial,11.833333333333334,11.833333333333334,0.0,12,0
legado,j6040_1.sm,tarefas_acima_da_competencia_maxima_inicial,16.083333333333332,16.083333333333332,0.0,12,0
legado,j6043_1.sm,tarefas_acima_da_competencia_maxima_inicial,16.416666666666668,16.416666666666668,0.0,12,0
legado,j6046_1.sm,tarefas_acima_da_competencia_maxima_inicial,22.166666666666668,22.166666666666668,0.0,12,0
legado,j604_1.sm,tarefas_acima_da_competencia_maxima_inicial,16.083333333333332,16.083333333333332,0.0,12,0
legado,j607_1.sm,tarefas_acima_da_competencia_maxima_inicial,10.416666666666666,10.416666666666666,0.0,12,0
legado,j6010_1.sm,n_tarefas,60.0,60.0,0.0,12,0
legado,j6013_1.sm,n_tarefas,60.0,60.0,0.0,12,0
legado,j6016_1.sm,n_tarefas,60.0,60.0,0.0,12,0
legado,j6019_1.sm,n_tarefas,60.0,60.0,0.0,12,0
legado,j6021_1.sm,n_tarefas,60.0,60.0,0.0,12,0
legado,j6024_1.sm,n_tarefas,60.0,60.0,0.0,12,0
legado,j6027_1.sm,n_tarefas,60.0,60.0,0.0,12,0
legado,j602_1.sm,n_tarefas,60.0,60.0,0.0,12,0
legado,j6032_1.sm,n_tarefas,60.0,60.0,0.0,12,0
legado,j6035_1.sm,n_tarefas,60.0,60.0,0.0,12,0
legado,j6038_1.sm,n_tarefas,60.0,60.0,0.0,12,0
legado,j6040_1.sm,n_tarefas,60.0,60.0,0.0,12,0
legado,j6043_1.sm,n_tarefas,60.0,60.0,0.0,12,0
legado,j6046_1.sm,n_tarefas,60.0,60.0,0.0,12,0
legado,j604_1.sm,n_tarefas,60.0,60.0,0.0,12,0
legado,j607_1.sm,n_tarefas,60.0,60.0,0.0,12,0
legado,j6010_1.sm,competencia_maxima_final,0.6784269160974062,0.9667509650904634,0.28832404899305714,12,0
legado,j6013_1.sm,competencia_maxima_final,0.6784269160974062,0.8399317937453361,0.16150487764792967,12,0
legado,j6016_1.sm,competencia_maxima_final,0.6784269160974062,0.9436680678491901,0.26524115175178375,12,0
legado,j6019_1.sm,competencia_maxima_final,0.6784269160974062,0.8638032798400593,0.18537636374265298,12,0
legado,j6021_1.sm,competencia_maxima_final,0.6784269160974062,0.8462919552898275,0.16786503919242124,12,0
legado,j6024_1.sm,competencia_maxima_final,0.6784269160974062,0.8367075575760112,0.15828064147860488,12,0
legado,j6027_1.sm,competencia_maxima_final,0.6784269160974062,0.9543241944411683,0.2758972783437622,12,0
legado,j602_1.sm,competencia_maxima_final,0.6784269160974062,0.9577709323542279,0.2793440162568216,12,0
legado,j6032_1.sm,competencia_maxima_final,0.6784269160974062,0.8251587495493083,0.14673183345190224,12,0
legado,j6035_1.sm,competencia_maxima_final,0.6784269160974062,0.8969990909071764,0.21857217480977023,12,0
legado,j6038_1.sm,competencia_maxima_final,0.6784269160974062,0.9708119171781737,0.2923850010807673,12,0
legado,j6040_1.sm,competencia_maxima_final,0.6784269160974062,0.904038186905589,0.22561127080818275,12,0
legado,j6043_1.sm,competencia_maxima_final,0.6784269160974062,0.8717938731977123,0.19336695710030596,12,0
legado,j6046_1.sm,competencia_maxima_final,0.6784269160974062,0.9364459038412223,0.25801898774381593,12,0
legado,j604_1.sm,competencia_maxima_final,0.6784269160974062,0.9340592445679649,0.25563232847055856,12,0
legado,j607_1.sm,competencia_maxima_final,0.6784269160974062,0.9157268567365131,0.23729994063910695,12,0
legado,j6010_1.sm,atraso_relativo,2.657843137254902,1.72843137254902,-0.9294117647058823,12,0
legado,j6013_1.sm,atraso_relativo,4.596618357487923,3.526570048309179,-1.0700483091787438,12,0
legado,j6016_1.sm,atraso_relativo,3.5924479166666665,2.2135416666666665,-1.37890625,12,0
legado,j6019_1.sm,atraso_relativo,3.678763440860216,2.150537634408602,-1.5282258064516128,12,0
legado,j6021_1.sm,atraso_relativo,3.9890350877192984,2.7335526315789473,-1.2554824561403508,12,0
legado,j6024_1.sm,atraso_relativo,2.796153846153846,1.630769230769231,-1.1653846153846155,12,0
legado,j6027_1.sm,atraso_relativo,2.477430555555556,1.6258680555555556,-0.8515625000000001,12,0
legado,j602_1.sm,atraso_relativo,3.3512820512820514,1.9217948717948719,-1.4294871794871795,12,0
legado,j6032_1.sm,atraso_relativo,2.9444444444444446,1.7741545893719806,-1.1702898550724636,12,0
legado,j6035_1.sm,atraso_relativo,3.138888888888889,1.7927350427350428,-1.346153846153846,12,0
legado,j6038_1.sm,atraso_relativo,2.987442922374429,1.9337899543378996,-1.0536529680365296,12,0
legado,j6040_1.sm,atraso_relativo,2.6201550387596897,1.6976744186046508,-0.9224806201550386,12,0
legado,j6043_1.sm,atraso_relativo,2.425154320987654,1.5300925925925923,-0.8950617283950617,12,0
legado,j6046_1.sm,atraso_relativo,3.1709401709401708,2.1335470085470085,-1.0373931623931623,12,0
legado,j604_1.sm,atraso_relativo,2.8125,1.8214285714285714,-0.9910714285714284,12,0
legado,j607_1.sm,atraso_relativo,2.9134199134199137,1.7716450216450215,-1.1417748917748916,12,0
legado,j6010_1.sm,tarefas_pendentes,0.0,0.0,0.0,12,0
legado,j6013_1.sm,tarefas_pendentes,0.0,0.0,0.0,12,0
legado,j6016_1.sm,tarefas_pendentes,0.0,0.0,0.0,12,0
legado,j6019_1.sm,tarefas_pendentes,0.0,0.0,0.0,12,0
legado,j6021_1.sm,tarefas_pendentes,0.0,0.0,0.0,12,0
legado,j6024_1.sm,tarefas_pendentes,0.0,0.0,0.0,12,0
legado,j6027_1.sm,tarefas_pendentes,0.0,0.0,0.0,12,0
legado,j602_1.sm,tarefas_pendentes,0.0,0.0,0.0,12,0
legado,j6032_1.sm,tarefas_pendentes,0.0,0.0,0.0,12,0
legado,j6035_1.sm,tarefas_pendentes,0.0,0.0,0.0,12,0
legado,j6038_1.sm,tarefas_pendentes,0.0,0.0,0.0,12,0
legado,j6040_1.sm,tarefas_pendentes,0.0,0.0,0.0,12,0
legado,j6043_1.sm,tarefas_pendentes,0.0,0.0,0.0,12,0
legado,j6046_1.sm,tarefas_pendentes,0.0,0.0,0.0,12,0
legado,j604_1.sm,tarefas_pendentes,0.0,0.0,0.0,12,0
legado,j607_1.sm,tarefas_pendentes,0.0,0.0,0.0,12,0
legado,j6010_1.sm,dividas_pendentes,0.0,0.0,0.0,12,0
legado,j6013_1.sm,dividas_pendentes,0.0,0.0,0.0,12,0
legado,j6016_1.sm,dividas_pendentes,0.0,0.0,0.0,12,0
legado,j6019_1.sm,dividas_pendentes,0.0,0.0,0.0,12,0
legado,j6021_1.sm,dividas_pendentes,0.0,0.0,0.0,12,0
legado,j6024_1.sm,dividas_pendentes,0.0,0.0,0.0,12,0
legado,j6027_1.sm,dividas_pendentes,0.0,0.0,0.0,12,0
legado,j602_1.sm,dividas_pendentes,0.0,0.0,0.0,12,0
legado,j6032_1.sm,dividas_pendentes,0.0,0.0,0.0,12,0
legado,j6035_1.sm,dividas_pendentes,0.0,0.0,0.0,12,0
legado,j6038_1.sm,dividas_pendentes,0.0,0.0,0.0,12,0
legado,j6040_1.sm,dividas_pendentes,0.0,0.0,0.0,12,0
legado,j6043_1.sm,dividas_pendentes,0.0,0.0,0.0,12,0
legado,j6046_1.sm,dividas_pendentes,0.0,0.0,0.0,12,0
legado,j604_1.sm,dividas_pendentes,0.0,0.0,0.0,12,0
legado,j607_1.sm,dividas_pendentes,0.0,0.0,0.0,12,0
